scenario,signal,classification,compared_ticks,unknown_ticks,mismatch_ticks,mismatch_bits,first_tick,first_macro_tick,first_local_tick,expected,actual,last_tick
normal_both_sar9_a5,o_en_tia_low,MATCH,5004,0,0,0,,,,,,
normal_both_sar9_a5,o_leddac,MATCH,5004,0,0,0,,,,,,
normal_both_sar9_a5,o_leden1_low,V18-F02,5004,0,1,1,298,298,298,0,1,298
normal_both_sar9_a5,o_leden2_low,V18-F02,5004,0,1,1,458,458,458,0,1,458
normal_both_sar9_a5,o_en_test,MATCH,5004,0,0,0,,,,,,
normal_both_sar9_a5,o_clk_buf_low,MATCH,5004,0,0,0,,,,,,
normal_both_sar9_a5,o_clk_2m,MATCH,5004,0,0,0,,,,,,
normal_both_sar9_a5,o_clk_iref_idac_low,MATCH,5004,0,0,0,,,,,,
normal_both_sar9_a5,o_clk_9q1_low,MATCH,5004,0,0,0,,,,,,
normal_both_sar9_a5,o_clk_15q1_low,MATCH,5004,0,0,0,,,,,,
normal_both_sar9_a5,o_clk_aferst_low,MATCH,5004,0,0,0,,,,,,
normal_both_sar9_a5,o_clk_iref_idac_sar9_low,MATCH,5004,0,0,0,,,,,,
normal_both_sar9_a5,o_clk_iref_idac_sar15_low,MATCH,5004,0,0,0,,,,,,
normal_both_sar9_a5,o_clk_q2_low,MATCH,5004,0,0,0,,,,,,
normal_both_sar9_a5,o_clk_q3_low,MATCH,5004,0,0,0,,,,,,
normal_both_sar9_a5,o_clk_tiaen_low,MATCH,5004,0,0,0,,,,,,
normal_both_sar9_a5,o_en_15sar_low,MATCH,5004,0,0,0,,,,,,
normal_both_sar9_a5,o_en_sar9_amb_low,V18-F01,5004,0,54,54,256,256,256,1,0,309
normal_both_sar9_a5,o_en_sar9_dc_low,V18-F01,5004,0,54,54,256,256,256,1,0,309
normal_both_sar9_a5,o_en_sar9_iref,V18-F01,5004,0,72,72,236,236,236,1,0,307
normal_both_sar9_a5,o_en_sar15_amb_low,MATCH,5004,0,0,0,,,,,,
normal_both_sar9_a5,o_en_sar15_dc_low,MATCH,5004,0,0,0,,,,,,
normal_both_sar9_a5,o_en_sar15_iref,MATCH,5004,0,0,0,,,,,,
normal_both_sar9_a5,o_idac_sar9ambn_low,MATCH,5004,0,0,0,,,,,,
normal_both_sar9_a5,o_idac_sar9dcn_low,MATCH,5004,0,0,0,,,,,,
normal_both_sar9_a5,o_idac_sar15ambn_low,MATCH,5004,0,0,0,,,,,,
normal_both_sar9_a5,o_idac_sar15dcn_low,MATCH,5004,0,0,0,,,,,,
normal_both_sar9_a5,o_s_in,MATCH,5004,0,0,0,,,,,,
normal_both_sar9_5a,o_en_tia_low,MATCH,5004,0,0,0,,,,,,
normal_both_sar9_5a,o_leddac,MATCH,5004,0,0,0,,,,,,
normal_both_sar9_5a,o_leden1_low,V18-F02,5004,0,1,1,298,298,298,0,1,298
normal_both_sar9_5a,o_leden2_low,V18-F02,5004,0,1,1,458,458,458,0,1,458
normal_both_sar9_5a,o_en_test,MATCH,5004,0,0,0,,,,,,
normal_both_sar9_5a,o_clk_buf_low,MATCH,5004,0,0,0,,,,,,
normal_both_sar9_5a,o_clk_2m,MATCH,5004,0,0,0,,,,,,
normal_both_sar9_5a,o_clk_iref_idac_low,MATCH,5004,0,0,0,,,,,,
normal_both_sar9_5a,o_clk_9q1_low,MATCH,5004,0,0,0,,,,,,
normal_both_sar9_5a,o_clk_15q1_low,MATCH,5004,0,0,0,,,,,,
normal_both_sar9_5a,o_clk_aferst_low,MATCH,5004,0,0,0,,,,,,
normal_both_sar9_5a,o_clk_iref_idac_sar9_low,MATCH,5004,0,0,0,,,,,,
normal_both_sar9_5a,o_clk_iref_idac_sar15_low,MATCH,5004,0,0,0,,,,,,
normal_both_sar9_5a,o_clk_q2_low,MATCH,5004,0,0,0,,,,,,
normal_both_sar9_5a,o_clk_q3_low,MATCH,5004,0,0,0,,,,,,
normal_both_sar9_5a,o_clk_tiaen_low,MATCH,5004,0,0,0,,,,,,
normal_both_sar9_5a,o_en_15sar_low,MATCH,5004,0,0,0,,,,,,
normal_both_sar9_5a,o_en_sar9_amb_low,V18-F01,5004,0,54,54,256,256,256,1,0,309
normal_both_sar9_5a,o_en_sar9_dc_low,V18-F01,5004,0,54,54,256,256,256,1,0,309
normal_both_sar9_5a,o_en_sar9_iref,V18-F01,5004,0,72,72,236,236,236,1,0,307
normal_both_sar9_5a,o_en_sar15_amb_low,MATCH,5004,0,0,0,,,,,,
normal_both_sar9_5a,o_en_sar15_dc_low,MATCH,5004,0,0,0,,,,,,
normal_both_sar9_5a,o_en_sar15_iref,MATCH,5004,0,0,0,,,,,,
normal_both_sar9_5a,o_idac_sar9ambn_low,MATCH,5004,0,0,0,,,,,,
normal_both_sar9_5a,o_idac_sar9dcn_low,MATCH,5004,0,0,0,,,,,,
normal_both_sar9_5a,o_idac_sar15ambn_low,MATCH,5004,0,0,0,,,,,,
normal_both_sar9_5a,o_idac_sar15dcn_low,MATCH,5004,0,0,0,,,,,,
normal_both_sar9_5a,o_s_in,MATCH,5004,0,0,0,,,,,,
normal_both_sar9_00,o_en_tia_low,MATCH,5004,0,0,0,,,,,,
normal_both_sar9_00,o_leddac,MATCH,5004,0,0,0,,,,,,
normal_both_sar9_00,o_leden1_low,V18-F02,5004,0,1,1,298,298,298,0,1,298
normal_both_sar9_00,o_leden2_low,V18-F02,5004,0,1,1,458,458,458,0,1,458
normal_both_sar9_00,o_en_test,MATCH,5004,0,0,0,,,,,,
normal_both_sar9_00,o_clk_buf_low,MATCH,5004,0,0,0,,,,,,
normal_both_sar9_00,o_clk_2m,MATCH,5004,0,0,0,,,,,,
normal_both_sar9_00,o_clk_iref_idac_low,MATCH,5004,0,0,0,,,,,,
normal_both_sar9_00,o_clk_9q1_low,MATCH,5004,0,0,0,,,,,,
normal_both_sar9_00,o_clk_15q1_low,MATCH,5004,0,0,0,,,,,,
normal_both_sar9_00,o_clk_aferst_low,MATCH,5004,0,0,0,,,,,,
normal_both_sar9_00,o_clk_iref_idac_sar9_low,MATCH,5004,0,0,0,,,,,,
normal_both_sar9_00,o_clk_iref_idac_sar15_low,MATCH,5004,0,0,0,,,,,,
normal_both_sar9_00,o_clk_q2_low,MATCH,5004,0,0,0,,,,,,
normal_both_sar9_00,o_clk_q3_low,MATCH,5004,0,0,0,,,,,,
normal_both_sar9_00,o_clk_tiaen_low,MATCH,5004,0,0,0,,,,,,
normal_both_sar9_00,o_en_15sar_low,MATCH,5004,0,0,0,,,,,,
normal_both_sar9_00,o_en_sar9_amb_low,V18-F01,5004,0,54,54,256,256,256,1,0,309
normal_both_sar9_00,o_en_sar9_dc_low,V18-F01,5004,0,54,54,256,256,256,1,0,309
normal_both_sar9_00,o_en_sar9_iref,V18-F01,5004,0,72,72,236,236,236,1,0,307
normal_both_sar9_00,o_en_sar15_amb_low,MATCH,5004,0,0,0,,,,,,
normal_both_sar9_00,o_en_sar15_dc_low,MATCH,5004,0,0,0,,,,,,
normal_both_sar9_00,o_en_sar15_iref,MATCH,5004,0,0,0,,,,,,
normal_both_sar9_00,o_idac_sar9ambn_low,MATCH,5004,0,0,0,,,,,,
normal_both_sar9_00,o_idac_sar9dcn_low,MATCH,5004,0,0,0,,,,,,
normal_both_sar9_00,o_idac_sar15ambn_low,MATCH,5004,0,0,0,,,,,,
normal_both_sar9_00,o_idac_sar15dcn_low,MATCH,5004,0,0,0,,,,,,
normal_both_sar9_00,o_s_in,MATCH,5004,0,0,0,,,,,,
normal_both_sar9_ff,o_en_tia_low,MATCH,5004,0,0,0,,,,,,
normal_both_sar9_ff,o_leddac,MATCH,5004,0,0,0,,,,,,
normal_both_sar9_ff,o_leden1_low,V18-F02,5004,0,1,1,298,298,298,0,1,298
normal_both_sar9_ff,o_leden2_low,V18-F02,5004,0,1,1,458,458,458,0,1,458
normal_both_sar9_ff,o_en_test,MATCH,5004,0,0,0,,,,,,
normal_both_sar9_ff,o_clk_buf_low,MATCH,5004,0,0,0,,,,,,
normal_both_sar9_ff,o_clk_2m,MATCH,5004,0,0,0,,,,,,
normal_both_sar9_ff,o_clk_iref_idac_low,MATCH,5004,0,0,0,,,,,,
normal_both_sar9_ff,o_clk_9q1_low,MATCH,5004,0,0,0,,,,,,
normal_both_sar9_ff,o_clk_15q1_low,MATCH,5004,0,0,0,,,,,,
normal_both_sar9_ff,o_clk_aferst_low,MATCH,5004,0,0,0,,,,,,
normal_both_sar9_ff,o_clk_iref_idac_sar9_low,MATCH,5004,0,0,0,,,,,,
normal_both_sar9_ff,o_clk_iref_idac_sar15_low,MATCH,5004,0,0,0,,,,,,
normal_both_sar9_ff,o_clk_q2_low,MATCH,5004,0,0,0,,,,,,
normal_both_sar9_ff,o_clk_q3_low,MATCH,5004,0,0,0,,,,,,
normal_both_sar9_ff,o_clk_tiaen_low,MATCH,5004,0,0,0,,,,,,
normal_both_sar9_ff,o_en_15sar_low,MATCH,5004,0,0,0,,,,,,
normal_both_sar9_ff,o_en_sar9_amb_low,V18-F01,5004,0,54,54,256,256,256,1,0,309
normal_both_sar9_ff,o_en_sar9_dc_low,V18-F01,5004,0,54,54,256,256,256,1,0,309
normal_both_sar9_ff,o_en_sar9_iref,V18-F01,5004,0,72,72,236,236,236,1,0,307
normal_both_sar9_ff,o_en_sar15_amb_low,MATCH,5004,0,0,0,,,,,,
normal_both_sar9_ff,o_en_sar15_dc_low,MATCH,5004,0,0,0,,,,,,
normal_both_sar9_ff,o_en_sar15_iref,MATCH,5004,0,0,0,,,,,,
normal_both_sar9_ff,o_idac_sar9ambn_low,MATCH,5004,0,0,0,,,,,,
normal_both_sar9_ff,o_idac_sar9dcn_low,MATCH,5004,0,0,0,,,,,,
normal_both_sar9_ff,o_idac_sar15ambn_low,MATCH,5004,0,0,0,,,,,,
normal_both_sar9_ff,o_idac_sar15dcn_low,MATCH,5004,0,0,0,,,,,,
normal_both_sar9_ff,o_s_in,MATCH,5004,0,0,0,,,,,,
normal_red_sar9_a5,o_en_tia_low,MATCH,5004,0,0,0,,,,,,
normal_red_sar9_a5,o_leddac,MATCH,5004,0,0,0,,,,,,
normal_red_sar9_a5,o_leden1_low,V18-F02,5004,0,1,1,298,298,298,0,1,298
normal_red_sar9_a5,o_leden2_low,MATCH,5004,0,0,0,,,,,,
normal_red_sar9_a5,o_en_test,MATCH,5004,0,0,0,,,,,,
normal_red_sar9_a5,o_clk_buf_low,MATCH,5004,0,0,0,,,,,,
normal_red_sar9_a5,o_clk_2m,MATCH,5004,0,0,0,,,,,,
normal_red_sar9_a5,o_clk_iref_idac_low,MATCH,5004,0,0,0,,,,,,
normal_red_sar9_a5,o_clk_9q1_low,MATCH,5004,0,0,0,,,,,,
normal_red_sar9_a5,o_clk_15q1_low,MATCH,5004,0,0,0,,,,,,
normal_red_sar9_a5,o_clk_aferst_low,MATCH,5004,0,0,0,,,,,,
normal_red_sar9_a5,o_clk_iref_idac_sar9_low,MATCH,5004,0,0,0,,,,,,
normal_red_sar9_a5,o_clk_iref_idac_sar15_low,MATCH,5004,0,0,0,,,,,,
normal_red_sar9_a5,o_clk_q2_low,MATCH,5004,0,0,0,,,,,,
normal_red_sar9_a5,o_clk_q3_low,MATCH,5004,0,0,0,,,,,,
normal_red_sar9_a5,o_clk_tiaen_low,MATCH,5004,0,0,0,,,,,,
normal_red_sar9_a5,o_en_15sar_low,MATCH,5004,0,0,0,,,,,,
normal_red_sar9_a5,o_en_sar9_amb_low,MATCH,5004,0,0,0,,,,,,
normal_red_sar9_a5,o_en_sar9_dc_low,MATCH,5004,0,0,0,,,,,,
normal_red_sar9_a5,o_en_sar9_iref,MATCH,5004,0,0,0,,,,,,
normal_red_sar9_a5,o_en_sar15_amb_low,MATCH,5004,0,0,0,,,,,,
normal_red_sar9_a5,o_en_sar15_dc_low,MATCH,5004,0,0,0,,,,,,
normal_red_sar9_a5,o_en_sar15_iref,MATCH,5004,0,0,0,,,,,,
normal_red_sar9_a5,o_idac_sar9ambn_low,MATCH,5004,0,0,0,,,,,,
normal_red_sar9_a5,o_idac_sar9dcn_low,MATCH,5004,0,0,0,,,,,,
normal_red_sar9_a5,o_idac_sar15ambn_low,MATCH,5004,0,0,0,,,,,,
normal_red_sar9_a5,o_idac_sar15dcn_low,MATCH,5004,0,0,0,,,,,,
normal_red_sar9_a5,o_s_in,MATCH,5004,0,0,0,,,,,,
normal_red_sar9_5a,o_en_tia_low,MATCH,5004,0,0,0,,,,,,
normal_red_sar9_5a,o_leddac,MATCH,5004,0,0,0,,,,,,
normal_red_sar9_5a,o_leden1_low,V18-F02,5004,0,1,1,298,298,298,0,1,298
normal_red_sar9_5a,o_leden2_low,MATCH,5004,0,0,0,,,,,,
normal_red_sar9_5a,o_en_test,MATCH,5004,0,0,0,,,,,,
normal_red_sar9_5a,o_clk_buf_low,MATCH,5004,0,0,0,,,,,,
normal_red_sar9_5a,o_clk_2m,MATCH,5004,0,0,0,,,,,,
normal_red_sar9_5a,o_clk_iref_idac_low,MATCH,5004,0,0,0,,,,,,
normal_red_sar9_5a,o_clk_9q1_low,MATCH,5004,0,0,0,,,,,,
normal_red_sar9_5a,o_clk_15q1_low,MATCH,5004,0,0,0,,,,,,
normal_red_sar9_5a,o_clk_aferst_low,MATCH,5004,0,0,0,,,,,,
normal_red_sar9_5a,o_clk_iref_idac_sar9_low,MATCH,5004,0,0,0,,,,,,
normal_red_sar9_5a,o_clk_iref_idac_sar15_low,MATCH,5004,0,0,0,,,,,,
normal_red_sar9_5a,o_clk_q2_low,MATCH,5004,0,0,0,,,,,,
normal_red_sar9_5a,o_clk_q3_low,MATCH,5004,0,0,0,,,,,,
normal_red_sar9_5a,o_clk_tiaen_low,MATCH,5004,0,0,0,,,,,,
normal_red_sar9_5a,o_en_15sar_low,MATCH,5004,0,0,0,,,,,,
normal_red_sar9_5a,o_en_sar9_amb_low,MATCH,5004,0,0,0,,,,,,
normal_red_sar9_5a,o_en_sar9_dc_low,MATCH,5004,0,0,0,,,,,,
normal_red_sar9_5a,o_en_sar9_iref,MATCH,5004,0,0,0,,,,,,
normal_red_sar9_5a,o_en_sar15_amb_low,MATCH,5004,0,0,0,,,,,,
normal_red_sar9_5a,o_en_sar15_dc_low,MATCH,5004,0,0,0,,,,,,
normal_red_sar9_5a,o_en_sar15_iref,MATCH,5004,0,0,0,,,,,,
normal_red_sar9_5a,o_idac_sar9ambn_low,MATCH,5004,0,0,0,,,,,,
normal_red_sar9_5a,o_idac_sar9dcn_low,MATCH,5004,0,0,0,,,,,,
normal_red_sar9_5a,o_idac_sar15ambn_low,MATCH,5004,0,0,0,,,,,,
normal_red_sar9_5a,o_idac_sar15dcn_low,MATCH,5004,0,0,0,,,,,,
normal_red_sar9_5a,o_s_in,MATCH,5004,0,0,0,,,,,,
normal_red_sar9_00,o_en_tia_low,MATCH,5004,0,0,0,,,,,,
normal_red_sar9_00,o_leddac,MATCH,5004,0,0,0,,,,,,
normal_red_sar9_00,o_leden1_low,V18-F02,5004,0,1,1,298,298,298,0,1,298
normal_red_sar9_00,o_leden2_low,MATCH,5004,0,0,0,,,,,,
normal_red_sar9_00,o_en_test,MATCH,5004,0,0,0,,,,,,
normal_red_sar9_00,o_clk_buf_low,MATCH,5004,0,0,0,,,,,,
normal_red_sar9_00,o_clk_2m,MATCH,5004,0,0,0,,,,,,
normal_red_sar9_00,o_clk_iref_idac_low,MATCH,5004,0,0,0,,,,,,
normal_red_sar9_00,o_clk_9q1_low,MATCH,5004,0,0,0,,,,,,
normal_red_sar9_00,o_clk_15q1_low,MATCH,5004,0,0,0,,,,,,
normal_red_sar9_00,o_clk_aferst_low,MATCH,5004,0,0,0,,,,,,
normal_red_sar9_00,o_clk_iref_idac_sar9_low,MATCH,5004,0,0,0,,,,,,
normal_red_sar9_00,o_clk_iref_idac_sar15_low,MATCH,5004,0,0,0,,,,,,
normal_red_sar9_00,o_clk_q2_low,MATCH,5004,0,0,0,,,,,,
normal_red_sar9_00,o_clk_q3_low,MATCH,5004,0,0,0,,,,,,
normal_red_sar9_00,o_clk_tiaen_low,MATCH,5004,0,0,0,,,,,,
normal_red_sar9_00,o_en_15sar_low,MATCH,5004,0,0,0,,,,,,
normal_red_sar9_00,o_en_sar9_amb_low,MATCH,5004,0,0,0,,,,,,
normal_red_sar9_00,o_en_sar9_dc_low,MATCH,5004,0,0,0,,,,,,
normal_red_sar9_00,o_en_sar9_iref,MATCH,5004,0,0,0,,,,,,
normal_red_sar9_00,o_en_sar15_amb_low,MATCH,5004,0,0,0,,,,,,
normal_red_sar9_00,o_en_sar15_dc_low,MATCH,5004,0,0,0,,,,,,
normal_red_sar9_00,o_en_sar15_iref,MATCH,5004,0,0,0,,,,,,
normal_red_sar9_00,o_idac_sar9ambn_low,MATCH,5004,0,0,0,,,,,,
normal_red_sar9_00,o_idac_sar9dcn_low,MATCH,5004,0,0,0,,,,,,
normal_red_sar9_00,o_idac_sar15ambn_low,MATCH,5004,0,0,0,,,,,,
normal_red_sar9_00,o_idac_sar15dcn_low,MATCH,5004,0,0,0,,,,,,
normal_red_sar9_00,o_s_in,MATCH,5004,0,0,0,,,,,,
normal_red_sar9_ff,o_en_tia_low,MATCH,5004,0,0,0,,,,,,
normal_red_sar9_ff,o_leddac,MATCH,5004,0,0,0,,,,,,
normal_red_sar9_ff,o_leden1_low,V18-F02,5004,0,1,1,298,298,298,0,1,298
normal_red_sar9_ff,o_leden2_low,MATCH,5004,0,0,0,,,,,,
normal_red_sar9_ff,o_en_test,MATCH,5004,0,0,0,,,,,,
normal_red_sar9_ff,o_clk_buf_low,MATCH,5004,0,0,0,,,,,,
normal_red_sar9_ff,o_clk_2m,MATCH,5004,0,0,0,,,,,,
normal_red_sar9_ff,o_clk_iref_idac_low,MATCH,5004,0,0,0,,,,,,
normal_red_sar9_ff,o_clk_9q1_low,MATCH,5004,0,0,0,,,,,,
normal_red_sar9_ff,o_clk_15q1_low,MATCH,5004,0,0,0,,,,,,
normal_red_sar9_ff,o_clk_aferst_low,MATCH,5004,0,0,0,,,,,,
normal_red_sar9_ff,o_clk_iref_idac_sar9_low,MATCH,5004,0,0,0,,,,,,
normal_red_sar9_ff,o_clk_iref_idac_sar15_low,MATCH,5004,0,0,0,,,,,,
normal_red_sar9_ff,o_clk_q2_low,MATCH,5004,0,0,0,,,,,,
normal_red_sar9_ff,o_clk_q3_low,MATCH,5004,0,0,0,,,,,,
normal_red_sar9_ff,o_clk_tiaen_low,MATCH,5004,0,0,0,,,,,,
normal_red_sar9_ff,o_en_15sar_low,MATCH,5004,0,0,0,,,,,,
normal_red_sar9_ff,o_en_sar9_amb_low,MATCH,5004,0,0,0,,,,,,
normal_red_sar9_ff,o_en_sar9_dc_low,MATCH,5004,0,0,0,,,,,,
normal_red_sar9_ff,o_en_sar9_iref,MATCH,5004,0,0,0,,,,,,
normal_red_sar9_ff,o_en_sar15_amb_low,MATCH,5004,0,0,0,,,,,,
normal_red_sar9_ff,o_en_sar15_dc_low,MATCH,5004,0,0,0,,,,,,
normal_red_sar9_ff,o_en_sar15_iref,MATCH,5004,0,0,0,,,,,,
normal_red_sar9_ff,o_idac_sar9ambn_low,MATCH,5004,0,0,0,,,,,,
normal_red_sar9_ff,o_idac_sar9dcn_low,MATCH,5004,0,0,0,,,,,,
normal_red_sar9_ff,o_idac_sar15ambn_low,MATCH,5004,0,0,0,,,,,,
normal_red_sar9_ff,o_idac_sar15dcn_low,MATCH,5004,0,0,0,,,,,,
normal_red_sar9_ff,o_s_in,MATCH,5004,0,0,0,,,,,,
normal_ir_sar9_a5,o_en_tia_low,MATCH,5004,0,0,0,,,,,,
normal_ir_sar9_a5,o_leddac,MATCH,5004,0,0,0,,,,,,
normal_ir_sar9_a5,o_leden1_low,MATCH,5004,0,0,0,,,,,,
normal_ir_sar9_a5,o_leden2_low,V18-F02,5004,0,1,1,458,458,458,0,1,458
normal_ir_sar9_a5,o_en_test,MATCH,5004,0,0,0,,,,,,
normal_ir_sar9_a5,o_clk_buf_low,MATCH,5004,0,0,0,,,,,,
normal_ir_sar9_a5,o_clk_2m,MATCH,5004,0,0,0,,,,,,
normal_ir_sar9_a5,o_clk_iref_idac_low,MATCH,5004,0,0,0,,,,,,
normal_ir_sar9_a5,o_clk_9q1_low,MATCH,5004,0,0,0,,,,,,
normal_ir_sar9_a5,o_clk_15q1_low,MATCH,5004,0,0,0,,,,,,
normal_ir_sar9_a5,o_clk_aferst_low,MATCH,5004,0,0,0,,,,,,
normal_ir_sar9_a5,o_clk_iref_idac_sar9_low,MATCH,5004,0,0,0,,,,,,
normal_ir_sar9_a5,o_clk_iref_idac_sar15_low,MATCH,5004,0,0,0,,,,,,
normal_ir_sar9_a5,o_clk_q2_low,MATCH,5004,0,0,0,,,,,,
normal_ir_sar9_a5,o_clk_q3_low,MATCH,5004,0,0,0,,,,,,
normal_ir_sar9_a5,o_clk_tiaen_low,MATCH,5004,0,0,0,,,,,,
normal_ir_sar9_a5,o_en_15sar_low,MATCH,5004,0,0,0,,,,,,
normal_ir_sar9_a5,o_en_sar9_amb_low,MATCH,5004,0,0,0,,,,,,
normal_ir_sar9_a5,o_en_sar9_dc_low,MATCH,5004,0,0,0,,,,,,
normal_ir_sar9_a5,o_en_sar9_iref,MATCH,5004,0,0,0,,,,,,
normal_ir_sar9_a5,o_en_sar15_amb_low,MATCH,5004,0,0,0,,,,,,
normal_ir_sar9_a5,o_en_sar15_dc_low,MATCH,5004,0,0,0,,,,,,
normal_ir_sar9_a5,o_en_sar15_iref,MATCH,5004,0,0,0,,,,,,
normal_ir_sar9_a5,o_idac_sar9ambn_low,MATCH,5004,0,0,0,,,,,,
normal_ir_sar9_a5,o_idac_sar9dcn_low,MATCH,5004,0,0,0,,,,,,
normal_ir_sar9_a5,o_idac_sar15ambn_low,MATCH,5004,0,0,0,,,,,,
normal_ir_sar9_a5,o_idac_sar15dcn_low,MATCH,5004,0,0,0,,,,,,
normal_ir_sar9_a5,o_s_in,MATCH,5004,0,0,0,,,,,,
normal_ir_sar9_5a,o_en_tia_low,MATCH,5004,0,0,0,,,,,,
normal_ir_sar9_5a,o_leddac,MATCH,5004,0,0,0,,,,,,
normal_ir_sar9_5a,o_leden1_low,MATCH,5004,0,0,0,,,,,,
normal_ir_sar9_5a,o_leden2_low,V18-F02,5004,0,1,1,458,458,458,0,1,458
normal_ir_sar9_5a,o_en_test,MATCH,5004,0,0,0,,,,,,
normal_ir_sar9_5a,o_clk_buf_low,MATCH,5004,0,0,0,,,,,,
normal_ir_sar9_5a,o_clk_2m,MATCH,5004,0,0,0,,,,,,
normal_ir_sar9_5a,o_clk_iref_idac_low,MATCH,5004,0,0,0,,,,,,
normal_ir_sar9_5a,o_clk_9q1_low,MATCH,5004,0,0,0,,,,,,
normal_ir_sar9_5a,o_clk_15q1_low,MATCH,5004,0,0,0,,,,,,
normal_ir_sar9_5a,o_clk_aferst_low,MATCH,5004,0,0,0,,,,,,
normal_ir_sar9_5a,o_clk_iref_idac_sar9_low,MATCH,5004,0,0,0,,,,,,
normal_ir_sar9_5a,o_clk_iref_idac_sar15_low,MATCH,5004,0,0,0,,,,,,
normal_ir_sar9_5a,o_clk_q2_low,MATCH,5004,0,0,0,,,,,,
normal_ir_sar9_5a,o_clk_q3_low,MATCH,5004,0,0,0,,,,,,
normal_ir_sar9_5a,o_clk_tiaen_low,MATCH,5004,0,0,0,,,,,,
normal_ir_sar9_5a,o_en_15sar_low,MATCH,5004,0,0,0,,,,,,
normal_ir_sar9_5a,o_en_sar9_amb_low,MATCH,5004,0,0,0,,,,,,
normal_ir_sar9_5a,o_en_sar9_dc_low,MATCH,5004,0,0,0,,,,,,
normal_ir_sar9_5a,o_en_sar9_iref,MATCH,5004,0,0,0,,,,,,
normal_ir_sar9_5a,o_en_sar15_amb_low,MATCH,5004,0,0,0,,,,,,
normal_ir_sar9_5a,o_en_sar15_dc_low,MATCH,5004,0,0,0,,,,,,
normal_ir_sar9_5a,o_en_sar15_iref,MATCH,5004,0,0,0,,,,,,
normal_ir_sar9_5a,o_idac_sar9ambn_low,MATCH,5004,0,0,0,,,,,,
normal_ir_sar9_5a,o_idac_sar9dcn_low,MATCH,5004,0,0,0,,,,,,
normal_ir_sar9_5a,o_idac_sar15ambn_low,MATCH,5004,0,0,0,,,,,,
normal_ir_sar9_5a,o_idac_sar15dcn_low,MATCH,5004,0,0,0,,,,,,
normal_ir_sar9_5a,o_s_in,MATCH,5004,0,0,0,,,,,,
normal_ir_sar9_00,o_en_tia_low,MATCH,5004,0,0,0,,,,,,
normal_ir_sar9_00,o_leddac,MATCH,5004,0,0,0,,,,,,
normal_ir_sar9_00,o_leden1_low,MATCH,5004,0,0,0,,,,,,
normal_ir_sar9_00,o_leden2_low,V18-F02,5004,0,1,1,458,458,458,0,1,458
normal_ir_sar9_00,o_en_test,MATCH,5004,0,0,0,,,,,,
normal_ir_sar9_00,o_clk_buf_low,MATCH,5004,0,0,0,,,,,,
normal_ir_sar9_00,o_clk_2m,MATCH,5004,0,0,0,,,,,,
normal_ir_sar9_00,o_clk_iref_idac_low,MATCH,5004,0,0,0,,,,,,
normal_ir_sar9_00,o_clk_9q1_low,MATCH,5004,0,0,0,,,,,,
normal_ir_sar9_00,o_clk_15q1_low,MATCH,5004,0,0,0,,,,,,
normal_ir_sar9_00,o_clk_aferst_low,MATCH,5004,0,0,0,,,,,,
normal_ir_sar9_00,o_clk_iref_idac_sar9_low,MATCH,5004,0,0,0,,,,,,
normal_ir_sar9_00,o_clk_iref_idac_sar15_low,MATCH,5004,0,0,0,,,,,,
normal_ir_sar9_00,o_clk_q2_low,MATCH,5004,0,0,0,,,,,,
normal_ir_sar9_00,o_clk_q3_low,MATCH,5004,0,0,0,,,,,,
normal_ir_sar9_00,o_clk_tiaen_low,MATCH,5004,0,0,0,,,,,,
normal_ir_sar9_00,o_en_15sar_low,MATCH,5004,0,0,0,,,,,,
normal_ir_sar9_00,o_en_sar9_amb_low,MATCH,5004,0,0,0,,,,,,
normal_ir_sar9_00,o_en_sar9_dc_low,MATCH,5004,0,0,0,,,,,,
normal_ir_sar9_00,o_en_sar9_iref,MATCH,5004,0,0,0,,,,,,
normal_ir_sar9_00,o_en_sar15_amb_low,MATCH,5004,0,0,0,,,,,,
normal_ir_sar9_00,o_en_sar15_dc_low,MATCH,5004,0,0,0,,,,,,
normal_ir_sar9_00,o_en_sar15_iref,MATCH,5004,0,0,0,,,,,,
normal_ir_sar9_00,o_idac_sar9ambn_low,MATCH,5004,0,0,0,,,,,,
normal_ir_sar9_00,o_idac_sar9dcn_low,MATCH,5004,0,0,0,,,,,,
normal_ir_sar9_00,o_idac_sar15ambn_low,MATCH,5004,0,0,0,,,,,,
normal_ir_sar9_00,o_idac_sar15dcn_low,MATCH,5004,0,0,0,,,,,,
normal_ir_sar9_00,o_s_in,MATCH,5004,0,0,0,,,,,,
normal_ir_sar9_ff,o_en_tia_low,MATCH,5004,0,0,0,,,,,,
normal_ir_sar9_ff,o_leddac,MATCH,5004,0,0,0,,,,,,
normal_ir_sar9_ff,o_leden1_low,MATCH,5004,0,0,0,,,,,,
normal_ir_sar9_ff,o_leden2_low,V18-F02,5004,0,1,1,458,458,458,0,1,458
normal_ir_sar9_ff,o_en_test,MATCH,5004,0,0,0,,,,,,
normal_ir_sar9_ff,o_clk_buf_low,MATCH,5004,0,0,0,,,,,,
normal_ir_sar9_ff,o_clk_2m,MATCH,5004,0,0,0,,,,,,
normal_ir_sar9_ff,o_clk_iref_idac_low,MATCH,5004,0,0,0,,,,,,
normal_ir_sar9_ff,o_clk_9q1_low,MATCH,5004,0,0,0,,,,,,
normal_ir_sar9_ff,o_clk_15q1_low,MATCH,5004,0,0,0,,,,,,
normal_ir_sar9_ff,o_clk_aferst_low,MATCH,5004,0,0,0,,,,,,
normal_ir_sar9_ff,o_clk_iref_idac_sar9_low,MATCH,5004,0,0,0,,,,,,
normal_ir_sar9_ff,o_clk_iref_idac_sar15_low,MATCH,5004,0,0,0,,,,,,
normal_ir_sar9_ff,o_clk_q2_low,MATCH,5004,0,0,0,,,,,,
normal_ir_sar9_ff,o_clk_q3_low,MATCH,5004,0,0,0,,,,,,
normal_ir_sar9_ff,o_clk_tiaen_low,MATCH,5004,0,0,0,,,,,,
normal_ir_sar9_ff,o_en_15sar_low,MATCH,5004,0,0,0,,,,,,
normal_ir_sar9_ff,o_en_sar9_amb_low,MATCH,5004,0,0,0,,,,,,
normal_ir_sar9_ff,o_en_sar9_dc_low,MATCH,5004,0,0,0,,,,,,
normal_ir_sar9_ff,o_en_sar9_iref,MATCH,5004,0,0,0,,,,,,
normal_ir_sar9_ff,o_en_sar15_amb_low,MATCH,5004,0,0,0,,,,,,
normal_ir_sar9_ff,o_en_sar15_dc_low,MATCH,5004,0,0,0,,,,,,
normal_ir_sar9_ff,o_en_sar15_iref,MATCH,5004,0,0,0,,,,,,
normal_ir_sar9_ff,o_idac_sar9ambn_low,MATCH,5004,0,0,0,,,,,,
normal_ir_sar9_ff,o_idac_sar9dcn_low,MATCH,5004,0,0,0,,,,,,
normal_ir_sar9_ff,o_idac_sar15ambn_low,MATCH,5004,0,0,0,,,,,,
normal_ir_sar9_ff,o_idac_sar15dcn_low,MATCH,5004,0,0,0,,,,,,
normal_ir_sar9_ff,o_s_in,MATCH,5004,0,0,0,,,,,,
normal_both_sar15_a5,o_en_tia_low,MATCH,5004,0,0,0,,,,,,
normal_both_sar15_a5,o_leddac,MATCH,5004,0,0,0,,,,,,
normal_both_sar15_a5,o_leden1_low,V18-F02,5004,0,1,1,295,295,295,0,1,295
normal_both_sar15_a5,o_leden2_low,V18-F02,5004,0,1,1,455,455,455,0,1,455
normal_both_sar15_a5,o_en_test,MATCH,5004,0,0,0,,,,,,
normal_both_sar15_a5,o_clk_buf_low,MATCH,5004,0,0,0,,,,,,
normal_both_sar15_a5,o_clk_2m,MATCH,5004,0,0,0,,,,,,
normal_both_sar15_a5,o_clk_iref_idac_low,MATCH,5004,0,0,0,,,,,,
normal_both_sar15_a5,o_clk_9q1_low,MATCH,5004,0,0,0,,,,,,
normal_both_sar15_a5,o_clk_15q1_low,MATCH,5004,0,0,0,,,,,,
normal_both_sar15_a5,o_clk_aferst_low,MATCH,5004,0,0,0,,,,,,
normal_both_sar15_a5,o_clk_iref_idac_sar9_low,MATCH,5004,0,0,0,,,,,,
normal_both_sar15_a5,o_clk_iref_idac_sar15_low,MATCH,5004,0,0,0,,,,,,
normal_both_sar15_a5,o_clk_q2_low,MATCH,5004,0,0,0,,,,,,
normal_both_sar15_a5,o_clk_q3_low,MATCH,5004,0,0,0,,,,,,
normal_both_sar15_a5,o_clk_tiaen_low,MATCH,5004,0,0,0,,,,,,
normal_both_sar15_a5,o_en_15sar_low,V18-F03,5004,0,4958,4958,0,0,0,1,0,4999
normal_both_sar15_a5,o_en_sar9_amb_low,MATCH,5004,0,0,0,,,,,,
normal_both_sar15_a5,o_en_sar9_dc_low,MATCH,5004,0,0,0,,,,,,
normal_both_sar15_a5,o_en_sar9_iref,MATCH,5004,0,0,0,,,,,,
normal_both_sar15_a5,o_en_sar15_amb_low,MATCH,5004,0,0,0,,,,,,
normal_both_sar15_a5,o_en_sar15_dc_low,MATCH,5004,0,0,0,,,,,,
normal_both_sar15_a5,o_en_sar15_iref,MATCH,5004,0,0,0,,,,,,
normal_both_sar15_a5,o_idac_sar9ambn_low,MATCH,5004,0,0,0,,,,,,
normal_both_sar15_a5,o_idac_sar9dcn_low,MATCH,5004,0,0,0,,,,,,
normal_both_sar15_a5,o_idac_sar15ambn_low,MATCH,5004,0,0,0,,,,,,
normal_both_sar15_a5,o_idac_sar15dcn_low,MATCH,5004,0,0,0,,,,,,
normal_both_sar15_a5,o_s_in,MATCH,5004,0,0,0,,,,,,
normal_both_sar15_5a,o_en_tia_low,MATCH,5004,0,0,0,,,,,,
normal_both_sar15_5a,o_leddac,MATCH,5004,0,0,0,,,,,,
normal_both_sar15_5a,o_leden1_low,V18-F02,5004,0,1,1,295,295,295,0,1,295
normal_both_sar15_5a,o_leden2_low,V18-F02,5004,0,1,1,455,455,455,0,1,455
normal_both_sar15_5a,o_en_test,MATCH,5004,0,0,0,,,,,,
normal_both_sar15_5a,o_clk_buf_low,MATCH,5004,0,0,0,,,,,,
normal_both_sar15_5a,o_clk_2m,MATCH,5004,0,0,0,,,,,,
normal_both_sar15_5a,o_clk_iref_idac_low,MATCH,5004,0,0,0,,,,,,
normal_both_sar15_5a,o_clk_9q1_low,MATCH,5004,0,0,0,,,,,,
normal_both_sar15_5a,o_clk_15q1_low,MATCH,5004,0,0,0,,,,,,
normal_both_sar15_5a,o_clk_aferst_low,MATCH,5004,0,0,0,,,,,,
normal_both_sar15_5a,o_clk_iref_idac_sar9_low,MATCH,5004,0,0,0,,,,,,
normal_both_sar15_5a,o_clk_iref_idac_sar15_low,MATCH,5004,0,0,0,,,,,,
normal_both_sar15_5a,o_clk_q2_low,MATCH,5004,0,0,0,,,,,,
normal_both_sar15_5a,o_clk_q3_low,MATCH,5004,0,0,0,,,,,,
normal_both_sar15_5a,o_clk_tiaen_low,MATCH,5004,0,0,0,,,,,,
normal_both_sar15_5a,o_en_15sar_low,V18-F03,5004,0,4958,4958,0,0,0,1,0,4999
normal_both_sar15_5a,o_en_sar9_amb_low,MATCH,5004,0,0,0,,,,,,
normal_both_sar15_5a,o_en_sar9_dc_low,MATCH,5004,0,0,0,,,,,,
normal_both_sar15_5a,o_en_sar9_iref,MATCH,5004,0,0,0,,,,,,
normal_both_sar15_5a,o_en_sar15_amb_low,MATCH,5004,0,0,0,,,,,,
normal_both_sar15_5a,o_en_sar15_dc_low,MATCH,5004,0,0,0,,,,,,
normal_both_sar15_5a,o_en_sar15_iref,MATCH,5004,0,0,0,,,,,,
normal_both_sar15_5a,o_idac_sar9ambn_low,MATCH,5004,0,0,0,,,,,,
normal_both_sar15_5a,o_idac_sar9dcn_low,MATCH,5004,0,0,0,,,,,,
normal_both_sar15_5a,o_idac_sar15ambn_low,MATCH,5004,0,0,0,,,,,,
normal_both_sar15_5a,o_idac_sar15dcn_low,MATCH,5004,0,0,0,,,,,,
normal_both_sar15_5a,o_s_in,MATCH,5004,0,0,0,,,,,,
normal_both_sar15_00,o_en_tia_low,MATCH,5004,0,0,0,,,,,,
normal_both_sar15_00,o_leddac,MATCH,5004,0,0,0,,,,,,
normal_both_sar15_00,o_leden1_low,V18-F02,5004,0,1,1,295,295,295,0,1,295
normal_both_sar15_00,o_leden2_low,V18-F02,5004,0,1,1,455,455,455,0,1,455
normal_both_sar15_00,o_en_test,MATCH,5004,0,0,0,,,,,,
normal_both_sar15_00,o_clk_buf_low,MATCH,5004,0,0,0,,,,,,
normal_both_sar15_00,o_clk_2m,MATCH,5004,0,0,0,,,,,,
normal_both_sar15_00,o_clk_iref_idac_low,MATCH,5004,0,0,0,,,,,,
normal_both_sar15_00,o_clk_9q1_low,MATCH,5004,0,0,0,,,,,,
normal_both_sar15_00,o_clk_15q1_low,MATCH,5004,0,0,0,,,,,,
normal_both_sar15_00,o_clk_aferst_low,MATCH,5004,0,0,0,,,,,,
normal_both_sar15_00,o_clk_iref_idac_sar9_low,MATCH,5004,0,0,0,,,,,,
normal_both_sar15_00,o_clk_iref_idac_sar15_low,MATCH,5004,0,0,0,,,,,,
normal_both_sar15_00,o_clk_q2_low,MATCH,5004,0,0,0,,,,,,
normal_both_sar15_00,o_clk_q3_low,MATCH,5004,0,0,0,,,,,,
normal_both_sar15_00,o_clk_tiaen_low,MATCH,5004,0,0,0,,,,,,
normal_both_sar15_00,o_en_15sar_low,V18-F03,5004,0,4958,4958,0,0,0,1,0,4999
normal_both_sar15_00,o_en_sar9_amb_low,MATCH,5004,0,0,0,,,,,,
normal_both_sar15_00,o_en_sar9_dc_low,MATCH,5004,0,0,0,,,,,,
normal_both_sar15_00,o_en_sar9_iref,MATCH,5004,0,0,0,,,,,,
normal_both_sar15_00,o_en_sar15_amb_low,MATCH,5004,0,0,0,,,,,,
normal_both_sar15_00,o_en_sar15_dc_low,MATCH,5004,0,0,0,,,,,,
normal_both_sar15_00,o_en_sar15_iref,MATCH,5004,0,0,0,,,,,,
normal_both_sar15_00,o_idac_sar9ambn_low,MATCH,5004,0,0,0,,,,,,
normal_both_sar15_00,o_idac_sar9dcn_low,MATCH,5004,0,0,0,,,,,,
normal_both_sar15_00,o_idac_sar15ambn_low,MATCH,5004,0,0,0,,,,,,
normal_both_sar15_00,o_idac_sar15dcn_low,MATCH,5004,0,0,0,,,,,,
normal_both_sar15_00,o_s_in,MATCH,5004,0,0,0,,,,,,
normal_both_sar15_ff,o_en_tia_low,MATCH,5004,0,0,0,,,,,,
normal_both_sar15_ff,o_leddac,MATCH,5004,0,0,0,,,,,,
normal_both_sar15_ff,o_leden1_low,V18-F02,5004,0,1,1,295,295,295,0,1,295
normal_both_sar15_ff,o_leden2_low,V18-F02,5004,0,1,1,455,455,455,0,1,455
normal_both_sar15_ff,o_en_test,MATCH,5004,0,0,0,,,,,,
normal_both_sar15_ff,o_clk_buf_low,MATCH,5004,0,0,0,,,,,,
normal_both_sar15_ff,o_clk_2m,MATCH,5004,0,0,0,,,,,,
normal_both_sar15_ff,o_clk_iref_idac_low,MATCH,5004,0,0,0,,,,,,
normal_both_sar15_ff,o_clk_9q1_low,MATCH,5004,0,0,0,,,,,,
normal_both_sar15_ff,o_clk_15q1_low,MATCH,5004,0,0,0,,,,,,
normal_both_sar15_ff,o_clk_aferst_low,MATCH,5004,0,0,0,,,,,,
normal_both_sar15_ff,o_clk_iref_idac_sar9_low,MATCH,5004,0,0,0,,,,,,
normal_both_sar15_ff,o_clk_iref_idac_sar15_low,MATCH,5004,0,0,0,,,,,,
normal_both_sar15_ff,o_clk_q2_low,MATCH,5004,0,0,0,,,,,,
normal_both_sar15_ff,o_clk_q3_low,MATCH,5004,0,0,0,,,,,,
normal_both_sar15_ff,o_clk_tiaen_low,MATCH,5004,0,0,0,,,,,,
normal_both_sar15_ff,o_en_15sar_low,V18-F03,5004,0,4958,4958,0,0,0,1,0,4999
normal_both_sar15_ff,o_en_sar9_amb_low,MATCH,5004,0,0,0,,,,,,
normal_both_sar15_ff,o_en_sar9_dc_low,MATCH,5004,0,0,0,,,,,,
normal_both_sar15_ff,o_en_sar9_iref,MATCH,5004,0,0,0,,,,,,
normal_both_sar15_ff,o_en_sar15_amb_low,MATCH,5004,0,0,0,,,,,,
normal_both_sar15_ff,o_en_sar15_dc_low,MATCH,5004,0,0,0,,,,,,
normal_both_sar15_ff,o_en_sar15_iref,MATCH,5004,0,0,0,,,,,,
normal_both_sar15_ff,o_idac_sar9ambn_low,MATCH,5004,0,0,0,,,,,,
normal_both_sar15_ff,o_idac_sar9dcn_low,MATCH,5004,0,0,0,,,,,,
normal_both_sar15_ff,o_idac_sar15ambn_low,MATCH,5004,0,0,0,,,,,,
normal_both_sar15_ff,o_idac_sar15dcn_low,MATCH,5004,0,0,0,,,,,,
normal_both_sar15_ff,o_s_in,MATCH,5004,0,0,0,,,,,,
normal_red_sar15_a5,o_en_tia_low,MATCH,5004,0,0,0,,,,,,
normal_red_sar15_a5,o_leddac,MATCH,5004,0,0,0,,,,,,
normal_red_sar15_a5,o_leden1_low,V18-F02,5004,0,1,1,295,295,295,0,1,295
normal_red_sar15_a5,o_leden2_low,MATCH,5004,0,0,0,,,,,,
normal_red_sar15_a5,o_en_test,MATCH,5004,0,0,0,,,,,,
normal_red_sar15_a5,o_clk_buf_low,MATCH,5004,0,0,0,,,,,,
normal_red_sar15_a5,o_clk_2m,MATCH,5004,0,0,0,,,,,,
normal_red_sar15_a5,o_clk_iref_idac_low,MATCH,5004,0,0,0,,,,,,
normal_red_sar15_a5,o_clk_9q1_low,MATCH,5004,0,0,0,,,,,,
normal_red_sar15_a5,o_clk_15q1_low,MATCH,5004,0,0,0,,,,,,
normal_red_sar15_a5,o_clk_aferst_low,MATCH,5004,0,0,0,,,,,,
normal_red_sar15_a5,o_clk_iref_idac_sar9_low,MATCH,5004,0,0,0,,,,,,
normal_red_sar15_a5,o_clk_iref_idac_sar15_low,MATCH,5004,0,0,0,,,,,,
normal_red_sar15_a5,o_clk_q2_low,MATCH,5004,0,0,0,,,,,,
normal_red_sar15_a5,o_clk_q3_low,MATCH,5004,0,0,0,,,,,,
normal_red_sar15_a5,o_clk_tiaen_low,MATCH,5004,0,0,0,,,,,,
normal_red_sar15_a5,o_en_15sar_low,V18-F03,5004,0,4979,4979,0,0,0,1,0,4999
normal_red_sar15_a5,o_en_sar9_amb_low,MATCH,5004,0,0,0,,,,,,
normal_red_sar15_a5,o_en_sar9_dc_low,MATCH,5004,0,0,0,,,,,,
normal_red_sar15_a5,o_en_sar9_iref,MATCH,5004,0,0,0,,,,,,
normal_red_sar15_a5,o_en_sar15_amb_low,MATCH,5004,0,0,0,,,,,,
normal_red_sar15_a5,o_en_sar15_dc_low,MATCH,5004,0,0,0,,,,,,
normal_red_sar15_a5,o_en_sar15_iref,MATCH,5004,0,0,0,,,,,,
normal_red_sar15_a5,o_idac_sar9ambn_low,MATCH,5004,0,0,0,,,,,,
normal_red_sar15_a5,o_idac_sar9dcn_low,MATCH,5004,0,0,0,,,,,,
normal_red_sar15_a5,o_idac_sar15ambn_low,MATCH,5004,0,0,0,,,,,,
normal_red_sar15_a5,o_idac_sar15dcn_low,MATCH,5004,0,0,0,,,,,,
normal_red_sar15_a5,o_s_in,MATCH,5004,0,0,0,,,,,,
normal_red_sar15_5a,o_en_tia_low,MATCH,5004,0,0,0,,,,,,
normal_red_sar15_5a,o_leddac,MATCH,5004,0,0,0,,,,,,
normal_red_sar15_5a,o_leden1_low,V18-F02,5004,0,1,1,295,295,295,0,1,295
normal_red_sar15_5a,o_leden2_low,MATCH,5004,0,0,0,,,,,,
normal_red_sar15_5a,o_en_test,MATCH,5004,0,0,0,,,,,,
normal_red_sar15_5a,o_clk_buf_low,MATCH,5004,0,0,0,,,,,,
normal_red_sar15_5a,o_clk_2m,MATCH,5004,0,0,0,,,,,,
normal_red_sar15_5a,o_clk_iref_idac_low,MATCH,5004,0,0,0,,,,,,
normal_red_sar15_5a,o_clk_9q1_low,MATCH,5004,0,0,0,,,,,,
normal_red_sar15_5a,o_clk_15q1_low,MATCH,5004,0,0,0,,,,,,
normal_red_sar15_5a,o_clk_aferst_low,MATCH,5004,0,0,0,,,,,,
normal_red_sar15_5a,o_clk_iref_idac_sar9_low,MATCH,5004,0,0,0,,,,,,
normal_red_sar15_5a,o_clk_iref_idac_sar15_low,MATCH,5004,0,0,0,,,,,,
normal_red_sar15_5a,o_clk_q2_low,MATCH,5004,0,0,0,,,,,,
normal_red_sar15_5a,o_clk_q3_low,MATCH,5004,0,0,0,,,,,,
normal_red_sar15_5a,o_clk_tiaen_low,MATCH,5004,0,0,0,,,,,,
normal_red_sar15_5a,o_en_15sar_low,V18-F03,5004,0,4979,4979,0,0,0,1,0,4999
normal_red_sar15_5a,o_en_sar9_amb_low,MATCH,5004,0,0,0,,,,,,
normal_red_sar15_5a,o_en_sar9_dc_low,MATCH,5004,0,0,0,,,,,,
normal_red_sar15_5a,o_en_sar9_iref,MATCH,5004,0,0,0,,,,,,
normal_red_sar15_5a,o_en_sar15_amb_low,MATCH,5004,0,0,0,,,,,,
normal_red_sar15_5a,o_en_sar15_dc_low,MATCH,5004,0,0,0,,,,,,
normal_red_sar15_5a,o_en_sar15_iref,MATCH,5004,0,0,0,,,,,,
normal_red_sar15_5a,o_idac_sar9ambn_low,MATCH,5004,0,0,0,,,,,,
normal_red_sar15_5a,o_idac_sar9dcn_low,MATCH,5004,0,0,0,,,,,,
normal_red_sar15_5a,o_idac_sar15ambn_low,MATCH,5004,0,0,0,,,,,,
normal_red_sar15_5a,o_idac_sar15dcn_low,MATCH,5004,0,0,0,,,,,,
normal_red_sar15_5a,o_s_in,MATCH,5004,0,0,0,,,,,,
normal_red_sar15_00,o_en_tia_low,MATCH,5004,0,0,0,,,,,,
normal_red_sar15_00,o_leddac,MATCH,5004,0,0,0,,,,,,
normal_red_sar15_00,o_leden1_low,V18-F02,5004,0,1,1,295,295,295,0,1,295
normal_red_sar15_00,o_leden2_low,MATCH,5004,0,0,0,,,,,,
normal_red_sar15_00,o_en_test,MATCH,5004,0,0,0,,,,,,
normal_red_sar15_00,o_clk_buf_low,MATCH,5004,0,0,0,,,,,,
normal_red_sar15_00,o_clk_2m,MATCH,5004,0,0,0,,,,,,
normal_red_sar15_00,o_clk_iref_idac_low,MATCH,5004,0,0,0,,,,,,
normal_red_sar15_00,o_clk_9q1_low,MATCH,5004,0,0,0,,,,,,
normal_red_sar15_00,o_clk_15q1_low,MATCH,5004,0,0,0,,,,,,
normal_red_sar15_00,o_clk_aferst_low,MATCH,5004,0,0,0,,,,,,
normal_red_sar15_00,o_clk_iref_idac_sar9_low,MATCH,5004,0,0,0,,,,,,
normal_red_sar15_00,o_clk_iref_idac_sar15_low,MATCH,5004,0,0,0,,,,,,
normal_red_sar15_00,o_clk_q2_low,MATCH,5004,0,0,0,,,,,,
normal_red_sar15_00,o_clk_q3_low,MATCH,5004,0,0,0,,,,,,
normal_red_sar15_00,o_clk_tiaen_low,MATCH,5004,0,0,0,,,,,,
normal_red_sar15_00,o_en_15sar_low,V18-F03,5004,0,4979,4979,0,0,0,1,0,4999
normal_red_sar15_00,o_en_sar9_amb_low,MATCH,5004,0,0,0,,,,,,
normal_red_sar15_00,o_en_sar9_dc_low,MATCH,5004,0,0,0,,,,,,
normal_red_sar15_00,o_en_sar9_iref,MATCH,5004,0,0,0,,,,,,
normal_red_sar15_00,o_en_sar15_amb_low,MATCH,5004,0,0,0,,,,,,
normal_red_sar15_00,o_en_sar15_dc_low,MATCH,5004,0,0,0,,,,,,
normal_red_sar15_00,o_en_sar15_iref,MATCH,5004,0,0,0,,,,,,
normal_red_sar15_00,o_idac_sar9ambn_low,MATCH,5004,0,0,0,,,,,,
normal_red_sar15_00,o_idac_sar9dcn_low,MATCH,5004,0,0,0,,,,,,
normal_red_sar15_00,o_idac_sar15ambn_low,MATCH,5004,0,0,0,,,,,,
normal_red_sar15_00,o_idac_sar15dcn_low,MATCH,5004,0,0,0,,,,,,
normal_red_sar15_00,o_s_in,MATCH,5004,0,0,0,,,,,,
normal_red_sar15_ff,o_en_tia_low,MATCH,5004,0,0,0,,,,,,
normal_red_sar15_ff,o_leddac,MATCH,5004,0,0,0,,,,,,
normal_red_sar15_ff,o_leden1_low,V18-F02,5004,0,1,1,295,295,295,0,1,295
normal_red_sar15_ff,o_leden2_low,MATCH,5004,0,0,0,,,,,,
normal_red_sar15_ff,o_en_test,MATCH,5004,0,0,0,,,,,,
normal_red_sar15_ff,o_clk_buf_low,MATCH,5004,0,0,0,,,,,,
normal_red_sar15_ff,o_clk_2m,MATCH,5004,0,0,0,,,,,,
normal_red_sar15_ff,o_clk_iref_idac_low,MATCH,5004,0,0,0,,,,,,
normal_red_sar15_ff,o_clk_9q1_low,MATCH,5004,0,0,0,,,,,,
normal_red_sar15_ff,o_clk_15q1_low,MATCH,5004,0,0,0,,,,,,
normal_red_sar15_ff,o_clk_aferst_low,MATCH,5004,0,0,0,,,,,,
normal_red_sar15_ff,o_clk_iref_idac_sar9_low,MATCH,5004,0,0,0,,,,,,
normal_red_sar15_ff,o_clk_iref_idac_sar15_low,MATCH,5004,0,0,0,,,,,,
normal_red_sar15_ff,o_clk_q2_low,MATCH,5004,0,0,0,,,,,,
normal_red_sar15_ff,o_clk_q3_low,MATCH,5004,0,0,0,,,,,,
normal_red_sar15_ff,o_clk_tiaen_low,MATCH,5004,0,0,0,,,,,,
normal_red_sar15_ff,o_en_15sar_low,V18-F03,5004,0,4979,4979,0,0,0,1,0,4999
normal_red_sar15_ff,o_en_sar9_amb_low,MATCH,5004,0,0,0,,,,,,
normal_red_sar15_ff,o_en_sar9_dc_low,MATCH,5004,0,0,0,,,,,,
normal_red_sar15_ff,o_en_sar9_iref,MATCH,5004,0,0,0,,,,,,
normal_red_sar15_ff,o_en_sar15_amb_low,MATCH,5004,0,0,0,,,,,,
normal_red_sar15_ff,o_en_sar15_dc_low,MATCH,5004,0,0,0,,,,,,
normal_red_sar15_ff,o_en_sar15_iref,MATCH,5004,0,0,0,,,,,,
normal_red_sar15_ff,o_idac_sar9ambn_low,MATCH,5004,0,0,0,,,,,,
normal_red_sar15_ff,o_idac_sar9dcn_low,MATCH,5004,0,0,0,,,,,,
normal_red_sar15_ff,o_idac_sar15ambn_low,MATCH,5004,0,0,0,,,,,,
normal_red_sar15_ff,o_idac_sar15dcn_low,MATCH,5004,0,0,0,,,,,,
normal_red_sar15_ff,o_s_in,MATCH,5004,0,0,0,,,,,,
normal_ir_sar15_a5,o_en_tia_low,MATCH,5004,0,0,0,,,,,,
normal_ir_sar15_a5,o_leddac,MATCH,5004,0,0,0,,,,,,
normal_ir_sar15_a5,o_leden1_low,MATCH,5004,0,0,0,,,,,,
normal_ir_sar15_a5,o_leden2_low,V18-F02,5004,0,1,1,455,455,455,0,1,455
normal_ir_sar15_a5,o_en_test,MATCH,5004,0,0,0,,,,,,
normal_ir_sar15_a5,o_clk_buf_low,MATCH,5004,0,0,0,,,,,,
normal_ir_sar15_a5,o_clk_2m,MATCH,5004,0,0,0,,,,,,
normal_ir_sar15_a5,o_clk_iref_idac_low,MATCH,5004,0,0,0,,,,,,
normal_ir_sar15_a5,o_clk_9q1_low,MATCH,5004,0,0,0,,,,,,
normal_ir_sar15_a5,o_clk_15q1_low,MATCH,5004,0,0,0,,,,,,
normal_ir_sar15_a5,o_clk_aferst_low,MATCH,5004,0,0,0,,,,,,
normal_ir_sar15_a5,o_clk_iref_idac_sar9_low,MATCH,5004,0,0,0,,,,,,
normal_ir_sar15_a5,o_clk_iref_idac_sar15_low,MATCH,5004,0,0,0,,,,,,
normal_ir_sar15_a5,o_clk_q2_low,MATCH,5004,0,0,0,,,,,,
normal_ir_sar15_a5,o_clk_q3_low,MATCH,5004,0,0,0,,,,,,
normal_ir_sar15_a5,o_clk_tiaen_low,MATCH,5004,0,0,0,,,,,,
normal_ir_sar15_a5,o_en_15sar_low,V18-F03,5004,0,4979,4979,0,0,0,1,0,4999
normal_ir_sar15_a5,o_en_sar9_amb_low,MATCH,5004,0,0,0,,,,,,
normal_ir_sar15_a5,o_en_sar9_dc_low,MATCH,5004,0,0,0,,,,,,
normal_ir_sar15_a5,o_en_sar9_iref,MATCH,5004,0,0,0,,,,,,
normal_ir_sar15_a5,o_en_sar15_amb_low,MATCH,5004,0,0,0,,,,,,
normal_ir_sar15_a5,o_en_sar15_dc_low,MATCH,5004,0,0,0,,,,,,
normal_ir_sar15_a5,o_en_sar15_iref,MATCH,5004,0,0,0,,,,,,
normal_ir_sar15_a5,o_idac_sar9ambn_low,MATCH,5004,0,0,0,,,,,,
normal_ir_sar15_a5,o_idac_sar9dcn_low,MATCH,5004,0,0,0,,,,,,
normal_ir_sar15_a5,o_idac_sar15ambn_low,MATCH,5004,0,0,0,,,,,,
normal_ir_sar15_a5,o_idac_sar15dcn_low,MATCH,5004,0,0,0,,,,,,
normal_ir_sar15_a5,o_s_in,MATCH,5004,0,0,0,,,,,,
normal_ir_sar15_5a,o_en_tia_low,MATCH,5004,0,0,0,,,,,,
normal_ir_sar15_5a,o_leddac,MATCH,5004,0,0,0,,,,,,
normal_ir_sar15_5a,o_leden1_low,MATCH,5004,0,0,0,,,,,,
normal_ir_sar15_5a,o_leden2_low,V18-F02,5004,0,1,1,455,455,455,0,1,455
normal_ir_sar15_5a,o_en_test,MATCH,5004,0,0,0,,,,,,
normal_ir_sar15_5a,o_clk_buf_low,MATCH,5004,0,0,0,,,,,,
normal_ir_sar15_5a,o_clk_2m,MATCH,5004,0,0,0,,,,,,
normal_ir_sar15_5a,o_clk_iref_idac_low,MATCH,5004,0,0,0,,,,,,
normal_ir_sar15_5a,o_clk_9q1_low,MATCH,5004,0,0,0,,,,,,
normal_ir_sar15_5a,o_clk_15q1_low,MATCH,5004,0,0,0,,,,,,
normal_ir_sar15_5a,o_clk_aferst_low,MATCH,5004,0,0,0,,,,,,
normal_ir_sar15_5a,o_clk_iref_idac_sar9_low,MATCH,5004,0,0,0,,,,,,
normal_ir_sar15_5a,o_clk_iref_idac_sar15_low,MATCH,5004,0,0,0,,,,,,
normal_ir_sar15_5a,o_clk_q2_low,MATCH,5004,0,0,0,,,,,,
normal_ir_sar15_5a,o_clk_q3_low,MATCH,5004,0,0,0,,,,,,
normal_ir_sar15_5a,o_clk_tiaen_low,MATCH,5004,0,0,0,,,,,,
normal_ir_sar15_5a,o_en_15sar_low,V18-F03,5004,0,4979,4979,0,0,0,1,0,4999
normal_ir_sar15_5a,o_en_sar9_amb_low,MATCH,5004,0,0,0,,,,,,
normal_ir_sar15_5a,o_en_sar9_dc_low,MATCH,5004,0,0,0,,,,,,
normal_ir_sar15_5a,o_en_sar9_iref,MATCH,5004,0,0,0,,,,,,
normal_ir_sar15_5a,o_en_sar15_amb_low,MATCH,5004,0,0,0,,,,,,
normal_ir_sar15_5a,o_en_sar15_dc_low,MATCH,5004,0,0,0,,,,,,
normal_ir_sar15_5a,o_en_sar15_iref,MATCH,5004,0,0,0,,,,,,
normal_ir_sar15_5a,o_idac_sar9ambn_low,MATCH,5004,0,0,0,,,,,,
normal_ir_sar15_5a,o_idac_sar9dcn_low,MATCH,5004,0,0,0,,,,,,
normal_ir_sar15_5a,o_idac_sar15ambn_low,MATCH,5004,0,0,0,,,,,,
normal_ir_sar15_5a,o_idac_sar15dcn_low,MATCH,5004,0,0,0,,,,,,
normal_ir_sar15_5a,o_s_in,MATCH,5004,0,0,0,,,,,,
normal_ir_sar15_00,o_en_tia_low,MATCH,5004,0,0,0,,,,,,
normal_ir_sar15_00,o_leddac,MATCH,5004,0,0,0,,,,,,
normal_ir_sar15_00,o_leden1_low,MATCH,5004,0,0,0,,,,,,
normal_ir_sar15_00,o_leden2_low,V18-F02,5004,0,1,1,455,455,455,0,1,455
normal_ir_sar15_00,o_en_test,MATCH,5004,0,0,0,,,,,,
normal_ir_sar15_00,o_clk_buf_low,MATCH,5004,0,0,0,,,,,,
normal_ir_sar15_00,o_clk_2m,MATCH,5004,0,0,0,,,,,,
normal_ir_sar15_00,o_clk_iref_idac_low,MATCH,5004,0,0,0,,,,,,
normal_ir_sar15_00,o_clk_9q1_low,MATCH,5004,0,0,0,,,,,,
normal_ir_sar15_00,o_clk_15q1_low,MATCH,5004,0,0,0,,,,,,
normal_ir_sar15_00,o_clk_aferst_low,MATCH,5004,0,0,0,,,,,,
normal_ir_sar15_00,o_clk_iref_idac_sar9_low,MATCH,5004,0,0,0,,,,,,
normal_ir_sar15_00,o_clk_iref_idac_sar15_low,MATCH,5004,0,0,0,,,,,,
normal_ir_sar15_00,o_clk_q2_low,MATCH,5004,0,0,0,,,,,,
normal_ir_sar15_00,o_clk_q3_low,MATCH,5004,0,0,0,,,,,,
normal_ir_sar15_00,o_clk_tiaen_low,MATCH,5004,0,0,0,,,,,,
normal_ir_sar15_00,o_en_15sar_low,V18-F03,5004,0,4979,4979,0,0,0,1,0,4999
normal_ir_sar15_00,o_en_sar9_amb_low,MATCH,5004,0,0,0,,,,,,
normal_ir_sar15_00,o_en_sar9_dc_low,MATCH,5004,0,0,0,,,,,,
normal_ir_sar15_00,o_en_sar9_iref,MATCH,5004,0,0,0,,,,,,
normal_ir_sar15_00,o_en_sar15_amb_low,MATCH,5004,0,0,0,,,,,,
normal_ir_sar15_00,o_en_sar15_dc_low,MATCH,5004,0,0,0,,,,,,
normal_ir_sar15_00,o_en_sar15_iref,MATCH,5004,0,0,0,,,,,,
normal_ir_sar15_00,o_idac_sar9ambn_low,MATCH,5004,0,0,0,,,,,,
normal_ir_sar15_00,o_idac_sar9dcn_low,MATCH,5004,0,0,0,,,,,,
normal_ir_sar15_00,o_idac_sar15ambn_low,MATCH,5004,0,0,0,,,,,,
normal_ir_sar15_00,o_idac_sar15dcn_low,MATCH,5004,0,0,0,,,,,,
normal_ir_sar15_00,o_s_in,MATCH,5004,0,0,0,,,,,,
normal_ir_sar15_ff,o_en_tia_low,MATCH,5004,0,0,0,,,,,,
normal_ir_sar15_ff,o_leddac,MATCH,5004,0,0,0,,,,,,
normal_ir_sar15_ff,o_leden1_low,MATCH,5004,0,0,0,,,,,,
normal_ir_sar15_ff,o_leden2_low,V18-F02,5004,0,1,1,455,455,455,0,1,455
normal_ir_sar15_ff,o_en_test,MATCH,5004,0,0,0,,,,,,
normal_ir_sar15_ff,o_clk_buf_low,MATCH,5004,0,0,0,,,,,,
normal_ir_sar15_ff,o_clk_2m,MATCH,5004,0,0,0,,,,,,
normal_ir_sar15_ff,o_clk_iref_idac_low,MATCH,5004,0,0,0,,,,,,
normal_ir_sar15_ff,o_clk_9q1_low,MATCH,5004,0,0,0,,,,,,
normal_ir_sar15_ff,o_clk_15q1_low,MATCH,5004,0,0,0,,,,,,
normal_ir_sar15_ff,o_clk_aferst_low,MATCH,5004,0,0,0,,,,,,
normal_ir_sar15_ff,o_clk_iref_idac_sar9_low,MATCH,5004,0,0,0,,,,,,
normal_ir_sar15_ff,o_clk_iref_idac_sar15_low,MATCH,5004,0,0,0,,,,,,
normal_ir_sar15_ff,o_clk_q2_low,MATCH,5004,0,0,0,,,,,,
normal_ir_sar15_ff,o_clk_q3_low,MATCH,5004,0,0,0,,,,,,
normal_ir_sar15_ff,o_clk_tiaen_low,MATCH,5004,0,0,0,,,,,,
normal_ir_sar15_ff,o_en_15sar_low,V18-F03,5004,0,4979,4979,0,0,0,1,0,4999
normal_ir_sar15_ff,o_en_sar9_amb_low,MATCH,5004,0,0,0,,,,,,
normal_ir_sar15_ff,o_en_sar9_dc_low,MATCH,5004,0,0,0,,,,,,
normal_ir_sar15_ff,o_en_sar9_iref,MATCH,5004,0,0,0,,,,,,
normal_ir_sar15_ff,o_en_sar15_amb_low,MATCH,5004,0,0,0,,,,,,
normal_ir_sar15_ff,o_en_sar15_dc_low,MATCH,5004,0,0,0,,,,,,
normal_ir_sar15_ff,o_en_sar15_iref,MATCH,5004,0,0,0,,,,,,
normal_ir_sar15_ff,o_idac_sar9ambn_low,MATCH,5004,0,0,0,,,,,,
normal_ir_sar15_ff,o_idac_sar9dcn_low,MATCH,5004,0,0,0,,,,,,
normal_ir_sar15_ff,o_idac_sar15ambn_low,MATCH,5004,0,0,0,,,,,,
normal_ir_sar15_ff,o_idac_sar15dcn_low,MATCH,5004,0,0,0,,,,,,
normal_ir_sar15_ff,o_s_in,MATCH,5004,0,0,0,,,,,,
cal_amb_a5,o_en_tia_low,MATCH,5004,0,0,0,,,,,,
cal_amb_a5,o_leddac,MATCH,5004,0,0,0,,,,,,
cal_amb_a5,o_leden1_low,MATCH,5004,0,0,0,,,,,,
cal_amb_a5,o_leden2_low,MATCH,5004,0,0,0,,,,,,
cal_amb_a5,o_en_test,MATCH,5004,0,0,0,,,,,,
cal_amb_a5,o_clk_buf_low,MATCH,5004,0,0,0,,,,,,
cal_amb_a5,o_clk_2m,MATCH,5004,0,0,0,,,,,,
cal_amb_a5,o_clk_iref_idac_low,MATCH,5004,0,0,0,,,,,,
cal_amb_a5,o_clk_9q1_low,MATCH,5004,0,0,0,,,,,,
cal_amb_a5,o_clk_15q1_low,MATCH,5004,0,0,0,,,,,,
cal_amb_a5,o_clk_aferst_low,MATCH,5004,0,0,0,,,,,,
cal_amb_a5,o_clk_iref_idac_sar9_low,MATCH,5004,0,0,0,,,,,,
cal_amb_a5,o_clk_iref_idac_sar15_low,MATCH,5004,0,0,0,,,,,,
cal_amb_a5,o_clk_q2_low,MATCH,5004,0,0,0,,,,,,
cal_amb_a5,o_clk_q3_low,MATCH,5004,0,0,0,,,,,,
cal_amb_a5,o_clk_tiaen_low,MATCH,5004,0,0,0,,,,,,
cal_amb_a5,o_en_15sar_low,MATCH,5004,0,0,0,,,,,,
cal_amb_a5,o_en_sar9_amb_low,MATCH,5004,0,0,0,,,,,,
cal_amb_a5,o_en_sar9_dc_low,MATCH,5004,0,0,0,,,,,,
cal_amb_a5,o_en_sar9_iref,MATCH,5004,0,0,0,,,,,,
cal_amb_a5,o_en_sar15_amb_low,MATCH,5004,0,0,0,,,,,,
cal_amb_a5,o_en_sar15_dc_low,MATCH,5004,0,0,0,,,,,,
cal_amb_a5,o_en_sar15_iref,MATCH,5004,0,0,0,,,,,,
cal_amb_a5,o_idac_sar9ambn_low,MATCH,5004,0,0,0,,,,,,
cal_amb_a5,o_idac_sar9dcn_low,MATCH,5004,0,0,0,,,,,,
cal_amb_a5,o_idac_sar15ambn_low,MATCH,5004,0,0,0,,,,,,
cal_amb_a5,o_idac_sar15dcn_low,MATCH,5004,0,0,0,,,,,,
cal_amb_a5,o_s_in,MATCH,5004,0,0,0,,,,,,
cal_amb_5a,o_en_tia_low,MATCH,5004,0,0,0,,,,,,
cal_amb_5a,o_leddac,MATCH,5004,0,0,0,,,,,,
cal_amb_5a,o_leden1_low,MATCH,5004,0,0,0,,,,,,
cal_amb_5a,o_leden2_low,MATCH,5004,0,0,0,,,,,,
cal_amb_5a,o_en_test,MATCH,5004,0,0,0,,,,,,
cal_amb_5a,o_clk_buf_low,MATCH,5004,0,0,0,,,,,,
cal_amb_5a,o_clk_2m,MATCH,5004,0,0,0,,,,,,
cal_amb_5a,o_clk_iref_idac_low,MATCH,5004,0,0,0,,,,,,
cal_amb_5a,o_clk_9q1_low,MATCH,5004,0,0,0,,,,,,
cal_amb_5a,o_clk_15q1_low,MATCH,5004,0,0,0,,,,,,
cal_amb_5a,o_clk_aferst_low,MATCH,5004,0,0,0,,,,,,
cal_amb_5a,o_clk_iref_idac_sar9_low,MATCH,5004,0,0,0,,,,,,
cal_amb_5a,o_clk_iref_idac_sar15_low,MATCH,5004,0,0,0,,,,,,
cal_amb_5a,o_clk_q2_low,MATCH,5004,0,0,0,,,,,,
cal_amb_5a,o_clk_q3_low,MATCH,5004,0,0,0,,,,,,
cal_amb_5a,o_clk_tiaen_low,MATCH,5004,0,0,0,,,,,,
cal_amb_5a,o_en_15sar_low,MATCH,5004,0,0,0,,,,,,
cal_amb_5a,o_en_sar9_amb_low,MATCH,5004,0,0,0,,,,,,
cal_amb_5a,o_en_sar9_dc_low,MATCH,5004,0,0,0,,,,,,
cal_amb_5a,o_en_sar9_iref,MATCH,5004,0,0,0,,,,,,
cal_amb_5a,o_en_sar15_amb_low,MATCH,5004,0,0,0,,,,,,
cal_amb_5a,o_en_sar15_dc_low,MATCH,5004,0,0,0,,,,,,
cal_amb_5a,o_en_sar15_iref,MATCH,5004,0,0,0,,,,,,
cal_amb_5a,o_idac_sar9ambn_low,MATCH,5004,0,0,0,,,,,,
cal_amb_5a,o_idac_sar9dcn_low,MATCH,5004,0,0,0,,,,,,
cal_amb_5a,o_idac_sar15ambn_low,MATCH,5004,0,0,0,,,,,,
cal_amb_5a,o_idac_sar15dcn_low,MATCH,5004,0,0,0,,,,,,
cal_amb_5a,o_s_in,MATCH,5004,0,0,0,,,,,,
cal_amb_00,o_en_tia_low,MATCH,5004,0,0,0,,,,,,
cal_amb_00,o_leddac,MATCH,5004,0,0,0,,,,,,
cal_amb_00,o_leden1_low,MATCH,5004,0,0,0,,,,,,
cal_amb_00,o_leden2_low,MATCH,5004,0,0,0,,,,,,
cal_amb_00,o_en_test,MATCH,5004,0,0,0,,,,,,
cal_amb_00,o_clk_buf_low,MATCH,5004,0,0,0,,,,,,
cal_amb_00,o_clk_2m,MATCH,5004,0,0,0,,,,,,
cal_amb_00,o_clk_iref_idac_low,MATCH,5004,0,0,0,,,,,,
cal_amb_00,o_clk_9q1_low,MATCH,5004,0,0,0,,,,,,
cal_amb_00,o_clk_15q1_low,MATCH,5004,0,0,0,,,,,,
cal_amb_00,o_clk_aferst_low,MATCH,5004,0,0,0,,,,,,
cal_amb_00,o_clk_iref_idac_sar9_low,MATCH,5004,0,0,0,,,,,,
cal_amb_00,o_clk_iref_idac_sar15_low,MATCH,5004,0,0,0,,,,,,
cal_amb_00,o_clk_q2_low,MATCH,5004,0,0,0,,,,,,
cal_amb_00,o_clk_q3_low,MATCH,5004,0,0,0,,,,,,
cal_amb_00,o_clk_tiaen_low,MATCH,5004,0,0,0,,,,,,
cal_amb_00,o_en_15sar_low,MATCH,5004,0,0,0,,,,,,
cal_amb_00,o_en_sar9_amb_low,MATCH,5004,0,0,0,,,,,,
cal_amb_00,o_en_sar9_dc_low,MATCH,5004,0,0,0,,,,,,
cal_amb_00,o_en_sar9_iref,MATCH,5004,0,0,0,,,,,,
cal_amb_00,o_en_sar15_amb_low,MATCH,5004,0,0,0,,,,,,
cal_amb_00,o_en_sar15_dc_low,MATCH,5004,0,0,0,,,,,,
cal_amb_00,o_en_sar15_iref,MATCH,5004,0,0,0,,,,,,
cal_amb_00,o_idac_sar9ambn_low,MATCH,5004,0,0,0,,,,,,
cal_amb_00,o_idac_sar9dcn_low,MATCH,5004,0,0,0,,,,,,
cal_amb_00,o_idac_sar15ambn_low,MATCH,5004,0,0,0,,,,,,
cal_amb_00,o_idac_sar15dcn_low,MATCH,5004,0,0,0,,,,,,
cal_amb_00,o_s_in,MATCH,5004,0,0,0,,,,,,
cal_amb_ff,o_en_tia_low,MATCH,5004,0,0,0,,,,,,
cal_amb_ff,o_leddac,MATCH,5004,0,0,0,,,,,,
cal_amb_ff,o_leden1_low,MATCH,5004,0,0,0,,,,,,
cal_amb_ff,o_leden2_low,MATCH,5004,0,0,0,,,,,,
cal_amb_ff,o_en_test,MATCH,5004,0,0,0,,,,,,
cal_amb_ff,o_clk_buf_low,MATCH,5004,0,0,0,,,,,,
cal_amb_ff,o_clk_2m,MATCH,5004,0,0,0,,,,,,
cal_amb_ff,o_clk_iref_idac_low,MATCH,5004,0,0,0,,,,,,
cal_amb_ff,o_clk_9q1_low,MATCH,5004,0,0,0,,,,,,
cal_amb_ff,o_clk_15q1_low,MATCH,5004,0,0,0,,,,,,
cal_amb_ff,o_clk_aferst_low,MATCH,5004,0,0,0,,,,,,
cal_amb_ff,o_clk_iref_idac_sar9_low,MATCH,5004,0,0,0,,,,,,
cal_amb_ff,o_clk_iref_idac_sar15_low,MATCH,5004,0,0,0,,,,,,
cal_amb_ff,o_clk_q2_low,MATCH,5004,0,0,0,,,,,,
cal_amb_ff,o_clk_q3_low,MATCH,5004,0,0,0,,,,,,
cal_amb_ff,o_clk_tiaen_low,MATCH,5004,0,0,0,,,,,,
cal_amb_ff,o_en_15sar_low,MATCH,5004,0,0,0,,,,,,
cal_amb_ff,o_en_sar9_amb_low,MATCH,5004,0,0,0,,,,,,
cal_amb_ff,o_en_sar9_dc_low,MATCH,5004,0,0,0,,,,,,
cal_amb_ff,o_en_sar9_iref,MATCH,5004,0,0,0,,,,,,
cal_amb_ff,o_en_sar15_amb_low,MATCH,5004,0,0,0,,,,,,
cal_amb_ff,o_en_sar15_dc_low,MATCH,5004,0,0,0,,,,,,
cal_amb_ff,o_en_sar15_iref,MATCH,5004,0,0,0,,,,,,
cal_amb_ff,o_idac_sar9ambn_low,MATCH,5004,0,0,0,,,,,,
cal_amb_ff,o_idac_sar9dcn_low,MATCH,5004,0,0,0,,,,,,
cal_amb_ff,o_idac_sar15ambn_low,MATCH,5004,0,0,0,,,,,,
cal_amb_ff,o_idac_sar15dcn_low,MATCH,5004,0,0,0,,,,,,
cal_amb_ff,o_s_in,MATCH,5004,0,0,0,,,,,,
cal_dcs_red_a5,o_en_tia_low,V18-F04,5004,0,160,160,249,249,249,1,0,4643
cal_dcs_red_a5,o_leddac,V18-F05,5004,0,8,32,264,264,264,165,0,4639
cal_dcs_red_a5,o_leden1_low,MATCH,5004,0,0,0,,,,,,
cal_dcs_red_a5,o_leden2_low,MATCH,5004,0,0,0,,,,,,
cal_dcs_red_a5,o_en_test,MATCH,5004,0,0,0,,,,,,
cal_dcs_red_a5,o_clk_buf_low,MATCH,5004,0,0,0,,,,,,
cal_dcs_red_a5,o_clk_2m,MATCH,5004,0,0,0,,,,,,
cal_dcs_red_a5,o_clk_iref_idac_low,MATCH,5004,0,0,0,,,,,,
cal_dcs_red_a5,o_clk_9q1_low,MATCH,5004,0,0,0,,,,,,
cal_dcs_red_a5,o_clk_15q1_low,MATCH,5004,0,0,0,,,,,,
cal_dcs_red_a5,o_clk_aferst_low,MATCH,5004,0,0,0,,,,,,
cal_dcs_red_a5,o_clk_iref_idac_sar9_low,MATCH,5004,0,0,0,,,,,,
cal_dcs_red_a5,o_clk_iref_idac_sar15_low,MATCH,5004,0,0,0,,,,,,
cal_dcs_red_a5,o_clk_q2_low,MATCH,5004,0,0,0,,,,,,
cal_dcs_red_a5,o_clk_q3_low,MATCH,5004,0,0,0,,,,,,
cal_dcs_red_a5,o_clk_tiaen_low,MATCH,5004,0,0,0,,,,,,
cal_dcs_red_a5,o_en_15sar_low,MATCH,5004,0,0,0,,,,,,
cal_dcs_red_a5,o_en_sar9_amb_low,MATCH,5004,0,0,0,,,,,,
cal_dcs_red_a5,o_en_sar9_dc_low,MATCH,5004,0,0,0,,,,,,
cal_dcs_red_a5,o_en_sar9_iref,MATCH,5004,0,0,0,,,,,,
cal_dcs_red_a5,o_en_sar15_amb_low,MATCH,5004,0,0,0,,,,,,
cal_dcs_red_a5,o_en_sar15_dc_low,MATCH,5004,0,0,0,,,,,,
cal_dcs_red_a5,o_en_sar15_iref,MATCH,5004,0,0,0,,,,,,
cal_dcs_red_a5,o_idac_sar9ambn_low,MATCH,5004,0,0,0,,,,,,
cal_dcs_red_a5,o_idac_sar9dcn_low,MATCH,5004,0,0,0,,,,,,
cal_dcs_red_a5,o_idac_sar15ambn_low,MATCH,5004,0,0,0,,,,,,
cal_dcs_red_a5,o_idac_sar15dcn_low,MATCH,5004,0,0,0,,,,,,
cal_dcs_red_a5,o_s_in,MATCH,5004,0,0,0,,,,,,
cal_dcs_red_5a,o_en_tia_low,V18-F04,5004,0,160,160,249,249,249,1,0,4643
cal_dcs_red_5a,o_leddac,V18-F05,5004,0,8,32,264,264,264,165,0,4639
cal_dcs_red_5a,o_leden1_low,MATCH,5004,0,0,0,,,,,,
cal_dcs_red_5a,o_leden2_low,MATCH,5004,0,0,0,,,,,,
cal_dcs_red_5a,o_en_test,MATCH,5004,0,0,0,,,,,,
cal_dcs_red_5a,o_clk_buf_low,MATCH,5004,0,0,0,,,,,,
cal_dcs_red_5a,o_clk_2m,MATCH,5004,0,0,0,,,,,,
cal_dcs_red_5a,o_clk_iref_idac_low,MATCH,5004,0,0,0,,,,,,
cal_dcs_red_5a,o_clk_9q1_low,MATCH,5004,0,0,0,,,,,,
cal_dcs_red_5a,o_clk_15q1_low,MATCH,5004,0,0,0,,,,,,
cal_dcs_red_5a,o_clk_aferst_low,MATCH,5004,0,0,0,,,,,,
cal_dcs_red_5a,o_clk_iref_idac_sar9_low,MATCH,5004,0,0,0,,,,,,
cal_dcs_red_5a,o_clk_iref_idac_sar15_low,MATCH,5004,0,0,0,,,,,,
cal_dcs_red_5a,o_clk_q2_low,MATCH,5004,0,0,0,,,,,,
cal_dcs_red_5a,o_clk_q3_low,MATCH,5004,0,0,0,,,,,,
cal_dcs_red_5a,o_clk_tiaen_low,MATCH,5004,0,0,0,,,,,,
cal_dcs_red_5a,o_en_15sar_low,MATCH,5004,0,0,0,,,,,,
cal_dcs_red_5a,o_en_sar9_amb_low,MATCH,5004,0,0,0,,,,,,
cal_dcs_red_5a,o_en_sar9_dc_low,MATCH,5004,0,0,0,,,,,,
cal_dcs_red_5a,o_en_sar9_iref,MATCH,5004,0,0,0,,,,,,
cal_dcs_red_5a,o_en_sar15_amb_low,MATCH,5004,0,0,0,,,,,,
cal_dcs_red_5a,o_en_sar15_dc_low,MATCH,5004,0,0,0,,,,,,
cal_dcs_red_5a,o_en_sar15_iref,MATCH,5004,0,0,0,,,,,,
cal_dcs_red_5a,o_idac_sar9ambn_low,MATCH,5004,0,0,0,,,,,,
cal_dcs_red_5a,o_idac_sar9dcn_low,MATCH,5004,0,0,0,,,,,,
cal_dcs_red_5a,o_idac_sar15ambn_low,MATCH,5004,0,0,0,,,,,,
cal_dcs_red_5a,o_idac_sar15dcn_low,MATCH,5004,0,0,0,,,,,,
cal_dcs_red_5a,o_s_in,MATCH,5004,0,0,0,,,,,,
cal_dcs_red_00,o_en_tia_low,V18-F04,5004,0,160,160,249,249,249,1,0,4643
cal_dcs_red_00,o_leddac,V18-F05,5004,0,8,32,264,264,264,165,0,4639
cal_dcs_red_00,o_leden1_low,MATCH,5004,0,0,0,,,,,,
cal_dcs_red_00,o_leden2_low,MATCH,5004,0,0,0,,,,,,
cal_dcs_red_00,o_en_test,MATCH,5004,0,0,0,,,,,,
cal_dcs_red_00,o_clk_buf_low,MATCH,5004,0,0,0,,,,,,
cal_dcs_red_00,o_clk_2m,MATCH,5004,0,0,0,,,,,,
cal_dcs_red_00,o_clk_iref_idac_low,MATCH,5004,0,0,0,,,,,,
cal_dcs_red_00,o_clk_9q1_low,MATCH,5004,0,0,0,,,,,,
cal_dcs_red_00,o_clk_15q1_low,MATCH,5004,0,0,0,,,,,,
cal_dcs_red_00,o_clk_aferst_low,MATCH,5004,0,0,0,,,,,,
cal_dcs_red_00,o_clk_iref_idac_sar9_low,MATCH,5004,0,0,0,,,,,,
cal_dcs_red_00,o_clk_iref_idac_sar15_low,MATCH,5004,0,0,0,,,,,,
cal_dcs_red_00,o_clk_q2_low,MATCH,5004,0,0,0,,,,,,
cal_dcs_red_00,o_clk_q3_low,MATCH,5004,0,0,0,,,,,,
cal_dcs_red_00,o_clk_tiaen_low,MATCH,5004,0,0,0,,,,,,
cal_dcs_red_00,o_en_15sar_low,MATCH,5004,0,0,0,,,,,,
cal_dcs_red_00,o_en_sar9_amb_low,MATCH,5004,0,0,0,,,,,,
cal_dcs_red_00,o_en_sar9_dc_low,MATCH,5004,0,0,0,,,,,,
cal_dcs_red_00,o_en_sar9_iref,MATCH,5004,0,0,0,,,,,,
cal_dcs_red_00,o_en_sar15_amb_low,MATCH,5004,0,0,0,,,,,,
cal_dcs_red_00,o_en_sar15_dc_low,MATCH,5004,0,0,0,,,,,,
cal_dcs_red_00,o_en_sar15_iref,MATCH,5004,0,0,0,,,,,,
cal_dcs_red_00,o_idac_sar9ambn_low,MATCH,5004,0,0,0,,,,,,
cal_dcs_red_00,o_idac_sar9dcn_low,MATCH,5004,0,0,0,,,,,,
cal_dcs_red_00,o_idac_sar15ambn_low,MATCH,5004,0,0,0,,,,,,
cal_dcs_red_00,o_idac_sar15dcn_low,MATCH,5004,0,0,0,,,,,,
cal_dcs_red_00,o_s_in,MATCH,5004,0,0,0,,,,,,
cal_dcs_red_ff,o_en_tia_low,V18-F04,5004,0,160,160,249,249,249,1,0,4643
cal_dcs_red_ff,o_leddac,V18-F05,5004,0,8,32,264,264,264,165,0,4639
cal_dcs_red_ff,o_leden1_low,MATCH,5004,0,0,0,,,,,,
cal_dcs_red_ff,o_leden2_low,MATCH,5004,0,0,0,,,,,,
cal_dcs_red_ff,o_en_test,MATCH,5004,0,0,0,,,,,,
cal_dcs_red_ff,o_clk_buf_low,MATCH,5004,0,0,0,,,,,,
cal_dcs_red_ff,o_clk_2m,MATCH,5004,0,0,0,,,,,,
cal_dcs_red_ff,o_clk_iref_idac_low,MATCH,5004,0,0,0,,,,,,
cal_dcs_red_ff,o_clk_9q1_low,MATCH,5004,0,0,0,,,,,,
cal_dcs_red_ff,o_clk_15q1_low,MATCH,5004,0,0,0,,,,,,
cal_dcs_red_ff,o_clk_aferst_low,MATCH,5004,0,0,0,,,,,,
cal_dcs_red_ff,o_clk_iref_idac_sar9_low,MATCH,5004,0,0,0,,,,,,
cal_dcs_red_ff,o_clk_iref_idac_sar15_low,MATCH,5004,0,0,0,,,,,,
cal_dcs_red_ff,o_clk_q2_low,MATCH,5004,0,0,0,,,,,,
cal_dcs_red_ff,o_clk_q3_low,MATCH,5004,0,0,0,,,,,,
cal_dcs_red_ff,o_clk_tiaen_low,MATCH,5004,0,0,0,,,,,,
cal_dcs_red_ff,o_en_15sar_low,MATCH,5004,0,0,0,,,,,,
cal_dcs_red_ff,o_en_sar9_amb_low,MATCH,5004,0,0,0,,,,,,
cal_dcs_red_ff,o_en_sar9_dc_low,MATCH,5004,0,0,0,,,,,,
cal_dcs_red_ff,o_en_sar9_iref,MATCH,5004,0,0,0,,,,,,
cal_dcs_red_ff,o_en_sar15_amb_low,MATCH,5004,0,0,0,,,,,,
cal_dcs_red_ff,o_en_sar15_dc_low,MATCH,5004,0,0,0,,,,,,
cal_dcs_red_ff,o_en_sar15_iref,MATCH,5004,0,0,0,,,,,,
cal_dcs_red_ff,o_idac_sar9ambn_low,MATCH,5004,0,0,0,,,,,,
cal_dcs_red_ff,o_idac_sar9dcn_low,MATCH,5004,0,0,0,,,,,,
cal_dcs_red_ff,o_idac_sar15ambn_low,MATCH,5004,0,0,0,,,,,,
cal_dcs_red_ff,o_idac_sar15dcn_low,MATCH,5004,0,0,0,,,,,,
cal_dcs_red_ff,o_s_in,MATCH,5004,0,0,0,,,,,,
cal_dcs_ir_a5,o_en_tia_low,V18-F04,5004,0,160,160,249,249,249,1,0,4643
cal_dcs_ir_a5,o_leddac,V18-F05,5004,0,8,32,264,264,264,90,0,4639
cal_dcs_ir_a5,o_leden1_low,MATCH,5004,0,0,0,,,,,,
cal_dcs_ir_a5,o_leden2_low,MATCH,5004,0,0,0,,,,,,
cal_dcs_ir_a5,o_en_test,MATCH,5004,0,0,0,,,,,,
cal_dcs_ir_a5,o_clk_buf_low,MATCH,5004,0,0,0,,,,,,
cal_dcs_ir_a5,o_clk_2m,MATCH,5004,0,0,0,,,,,,
cal_dcs_ir_a5,o_clk_iref_idac_low,MATCH,5004,0,0,0,,,,,,
cal_dcs_ir_a5,o_clk_9q1_low,MATCH,5004,0,0,0,,,,,,
cal_dcs_ir_a5,o_clk_15q1_low,MATCH,5004,0,0,0,,,,,,
cal_dcs_ir_a5,o_clk_aferst_low,MATCH,5004,0,0,0,,,,,,
cal_dcs_ir_a5,o_clk_iref_idac_sar9_low,MATCH,5004,0,0,0,,,,,,
cal_dcs_ir_a5,o_clk_iref_idac_sar15_low,MATCH,5004,0,0,0,,,,,,
cal_dcs_ir_a5,o_clk_q2_low,MATCH,5004,0,0,0,,,,,,
cal_dcs_ir_a5,o_clk_q3_low,MATCH,5004,0,0,0,,,,,,
cal_dcs_ir_a5,o_clk_tiaen_low,MATCH,5004,0,0,0,,,,,,
cal_dcs_ir_a5,o_en_15sar_low,MATCH,5004,0,0,0,,,,,,
cal_dcs_ir_a5,o_en_sar9_amb_low,MATCH,5004,0,0,0,,,,,,
cal_dcs_ir_a5,o_en_sar9_dc_low,MATCH,5004,0,0,0,,,,,,
cal_dcs_ir_a5,o_en_sar9_iref,MATCH,5004,0,0,0,,,,,,
cal_dcs_ir_a5,o_en_sar15_amb_low,MATCH,5004,0,0,0,,,,,,
cal_dcs_ir_a5,o_en_sar15_dc_low,MATCH,5004,0,0,0,,,,,,
cal_dcs_ir_a5,o_en_sar15_iref,MATCH,5004,0,0,0,,,,,,
cal_dcs_ir_a5,o_idac_sar9ambn_low,MATCH,5004,0,0,0,,,,,,
cal_dcs_ir_a5,o_idac_sar9dcn_low,MATCH,5004,0,0,0,,,,,,
cal_dcs_ir_a5,o_idac_sar15ambn_low,MATCH,5004,0,0,0,,,,,,
cal_dcs_ir_a5,o_idac_sar15dcn_low,MATCH,5004,0,0,0,,,,,,
cal_dcs_ir_a5,o_s_in,MATCH,5004,0,0,0,,,,,,
cal_dcs_ir_5a,o_en_tia_low,V18-F04,5004,0,160,160,249,249,249,1,0,4643
cal_dcs_ir_5a,o_leddac,V18-F05,5004,0,8,32,264,264,264,90,0,4639
cal_dcs_ir_5a,o_leden1_low,MATCH,5004,0,0,0,,,,,,
cal_dcs_ir_5a,o_leden2_low,MATCH,5004,0,0,0,,,,,,
cal_dcs_ir_5a,o_en_test,MATCH,5004,0,0,0,,,,,,
cal_dcs_ir_5a,o_clk_buf_low,MATCH,5004,0,0,0,,,,,,
cal_dcs_ir_5a,o_clk_2m,MATCH,5004,0,0,0,,,,,,
cal_dcs_ir_5a,o_clk_iref_idac_low,MATCH,5004,0,0,0,,,,,,
cal_dcs_ir_5a,o_clk_9q1_low,MATCH,5004,0,0,0,,,,,,
cal_dcs_ir_5a,o_clk_15q1_low,MATCH,5004,0,0,0,,,,,,
cal_dcs_ir_5a,o_clk_aferst_low,MATCH,5004,0,0,0,,,,,,
cal_dcs_ir_5a,o_clk_iref_idac_sar9_low,MATCH,5004,0,0,0,,,,,,
cal_dcs_ir_5a,o_clk_iref_idac_sar15_low,MATCH,5004,0,0,0,,,,,,
cal_dcs_ir_5a,o_clk_q2_low,MATCH,5004,0,0,0,,,,,,
cal_dcs_ir_5a,o_clk_q3_low,MATCH,5004,0,0,0,,,,,,
cal_dcs_ir_5a,o_clk_tiaen_low,MATCH,5004,0,0,0,,,,,,
cal_dcs_ir_5a,o_en_15sar_low,MATCH,5004,0,0,0,,,,,,
cal_dcs_ir_5a,o_en_sar9_amb_low,MATCH,5004,0,0,0,,,,,,
cal_dcs_ir_5a,o_en_sar9_dc_low,MATCH,5004,0,0,0,,,,,,
cal_dcs_ir_5a,o_en_sar9_iref,MATCH,5004,0,0,0,,,,,,
cal_dcs_ir_5a,o_en_sar15_amb_low,MATCH,5004,0,0,0,,,,,,
cal_dcs_ir_5a,o_en_sar15_dc_low,MATCH,5004,0,0,0,,,,,,
cal_dcs_ir_5a,o_en_sar15_iref,MATCH,5004,0,0,0,,,,,,
cal_dcs_ir_5a,o_idac_sar9ambn_low,MATCH,5004,0,0,0,,,,,,
cal_dcs_ir_5a,o_idac_sar9dcn_low,MATCH,5004,0,0,0,,,,,,
cal_dcs_ir_5a,o_idac_sar15ambn_low,MATCH,5004,0,0,0,,,,,,
cal_dcs_ir_5a,o_idac_sar15dcn_low,MATCH,5004,0,0,0,,,,,,
cal_dcs_ir_5a,o_s_in,MATCH,5004,0,0,0,,,,,,
cal_dcs_ir_00,o_en_tia_low,V18-F04,5004,0,160,160,249,249,249,1,0,4643
cal_dcs_ir_00,o_leddac,V18-F05,5004,0,8,32,264,264,264,90,0,4639
cal_dcs_ir_00,o_leden1_low,MATCH,5004,0,0,0,,,,,,
cal_dcs_ir_00,o_leden2_low,MATCH,5004,0,0,0,,,,,,
cal_dcs_ir_00,o_en_test,MATCH,5004,0,0,0,,,,,,
cal_dcs_ir_00,o_clk_buf_low,MATCH,5004,0,0,0,,,,,,
cal_dcs_ir_00,o_clk_2m,MATCH,5004,0,0,0,,,,,,
cal_dcs_ir_00,o_clk_iref_idac_low,MATCH,5004,0,0,0,,,,,,
cal_dcs_ir_00,o_clk_9q1_low,MATCH,5004,0,0,0,,,,,,
cal_dcs_ir_00,o_clk_15q1_low,MATCH,5004,0,0,0,,,,,,
cal_dcs_ir_00,o_clk_aferst_low,MATCH,5004,0,0,0,,,,,,
cal_dcs_ir_00,o_clk_iref_idac_sar9_low,MATCH,5004,0,0,0,,,,,,
cal_dcs_ir_00,o_clk_iref_idac_sar15_low,MATCH,5004,0,0,0,,,,,,
cal_dcs_ir_00,o_clk_q2_low,MATCH,5004,0,0,0,,,,,,
cal_dcs_ir_00,o_clk_q3_low,MATCH,5004,0,0,0,,,,,,
cal_dcs_ir_00,o_clk_tiaen_low,MATCH,5004,0,0,0,,,,,,
cal_dcs_ir_00,o_en_15sar_low,MATCH,5004,0,0,0,,,,,,
cal_dcs_ir_00,o_en_sar9_amb_low,MATCH,5004,0,0,0,,,,,,
cal_dcs_ir_00,o_en_sar9_dc_low,MATCH,5004,0,0,0,,,,,,
cal_dcs_ir_00,o_en_sar9_iref,MATCH,5004,0,0,0,,,,,,
cal_dcs_ir_00,o_en_sar15_amb_low,MATCH,5004,0,0,0,,,,,,
cal_dcs_ir_00,o_en_sar15_dc_low,MATCH,5004,0,0,0,,,,,,
cal_dcs_ir_00,o_en_sar15_iref,MATCH,5004,0,0,0,,,,,,
cal_dcs_ir_00,o_idac_sar9ambn_low,MATCH,5004,0,0,0,,,,,,
cal_dcs_ir_00,o_idac_sar9dcn_low,MATCH,5004,0,0,0,,,,,,
cal_dcs_ir_00,o_idac_sar15ambn_low,MATCH,5004,0,0,0,,,,,,
cal_dcs_ir_00,o_idac_sar15dcn_low,MATCH,5004,0,0,0,,,,,,
cal_dcs_ir_00,o_s_in,MATCH,5004,0,0,0,,,,,,
cal_dcs_ir_ff,o_en_tia_low,V18-F04,5004,0,160,160,249,249,249,1,0,4643
cal_dcs_ir_ff,o_leddac,V18-F05,5004,0,8,32,264,264,264,90,0,4639
cal_dcs_ir_ff,o_leden1_low,MATCH,5004,0,0,0,,,,,,
cal_dcs_ir_ff,o_leden2_low,MATCH,5004,0,0,0,,,,,,
cal_dcs_ir_ff,o_en_test,MATCH,5004,0,0,0,,,,,,
cal_dcs_ir_ff,o_clk_buf_low,MATCH,5004,0,0,0,,,,,,
cal_dcs_ir_ff,o_clk_2m,MATCH,5004,0,0,0,,,,,,
cal_dcs_ir_ff,o_clk_iref_idac_low,MATCH,5004,0,0,0,,,,,,
cal_dcs_ir_ff,o_clk_9q1_low,MATCH,5004,0,0,0,,,,,,
cal_dcs_ir_ff,o_clk_15q1_low,MATCH,5004,0,0,0,,,,,,
cal_dcs_ir_ff,o_clk_aferst_low,MATCH,5004,0,0,0,,,,,,
cal_dcs_ir_ff,o_clk_iref_idac_sar9_low,MATCH,5004,0,0,0,,,,,,
cal_dcs_ir_ff,o_clk_iref_idac_sar15_low,MATCH,5004,0,0,0,,,,,,
cal_dcs_ir_ff,o_clk_q2_low,MATCH,5004,0,0,0,,,,,,
cal_dcs_ir_ff,o_clk_q3_low,MATCH,5004,0,0,0,,,,,,
cal_dcs_ir_ff,o_clk_tiaen_low,MATCH,5004,0,0,0,,,,,,
cal_dcs_ir_ff,o_en_15sar_low,MATCH,5004,0,0,0,,,,,,
cal_dcs_ir_ff,o_en_sar9_amb_low,MATCH,5004,0,0,0,,,,,,
cal_dcs_ir_ff,o_en_sar9_dc_low,MATCH,5004,0,0,0,,,,,,
cal_dcs_ir_ff,o_en_sar9_iref,MATCH,5004,0,0,0,,,,,,
cal_dcs_ir_ff,o_en_sar15_amb_low,MATCH,5004,0,0,0,,,,,,
cal_dcs_ir_ff,o_en_sar15_dc_low,MATCH,5004,0,0,0,,,,,,
cal_dcs_ir_ff,o_en_sar15_iref,MATCH,5004,0,0,0,,,,,,
cal_dcs_ir_ff,o_idac_sar9ambn_low,MATCH,5004,0,0,0,,,,,,
cal_dcs_ir_ff,o_idac_sar9dcn_low,MATCH,5004,0,0,0,,,,,,
cal_dcs_ir_ff,o_idac_sar15ambn_low,MATCH,5004,0,0,0,,,,,,
cal_dcs_ir_ff,o_idac_sar15dcn_low,MATCH,5004,0,0,0,,,,,,
cal_dcs_ir_ff,o_s_in,MATCH,5004,0,0,0,,,,,,
precision_switch_0_1,o_en_tia_low,MATCH,10004,0,0,0,,,,,,
precision_switch_0_1,o_leddac,MATCH,10004,0,0,0,,,,,,
precision_switch_0_1,o_leden1_low,V18-F02,10004,0,2,2,298,298,298,0,1,5295
precision_switch_0_1,o_leden2_low,V18-F02,10004,0,2,2,458,458,458,0,1,5455
precision_switch_0_1,o_en_test,MATCH,10004,0,0,0,,,,,,
precision_switch_0_1,o_clk_buf_low,MATCH,10004,0,0,0,,,,,,
precision_switch_0_1,o_clk_2m,MATCH,10004,0,0,0,,,,,,
precision_switch_0_1,o_clk_iref_idac_low,MATCH,10004,0,0,0,,,,,,
precision_switch_0_1,o_clk_9q1_low,MATCH,10004,0,0,0,,,,,,
precision_switch_0_1,o_clk_15q1_low,MATCH,10004,0,0,0,,,,,,
precision_switch_0_1,o_clk_aferst_low,MATCH,10004,0,0,0,,,,,,
precision_switch_0_1,o_clk_iref_idac_sar9_low,MATCH,10004,0,0,0,,,,,,
precision_switch_0_1,o_clk_iref_idac_sar15_low,MATCH,10004,0,0,0,,,,,,
precision_switch_0_1,o_clk_q2_low,MATCH,10004,0,0,0,,,,,,
precision_switch_0_1,o_clk_q3_low,MATCH,10004,0,0,0,,,,,,
precision_switch_0_1,o_clk_tiaen_low,MATCH,10004,0,0,0,,,,,,
precision_switch_0_1,o_en_15sar_low,V18-F03,10004,0,5198,5198,4760,4760,385,1,0,9999
precision_switch_0_1,o_en_sar9_amb_low,V18-F01,10004,0,54,54,256,256,256,1,0,309
precision_switch_0_1,o_en_sar9_dc_low,V18-F01,10004,0,54,54,256,256,256,1,0,309
precision_switch_0_1,o_en_sar9_iref,V18-F01,10004,0,72,72,236,236,236,1,0,307
precision_switch_0_1,o_en_sar15_amb_low,MATCH,10004,0,0,0,,,,,,
precision_switch_0_1,o_en_sar15_dc_low,MATCH,10004,0,0,0,,,,,,
precision_switch_0_1,o_en_sar15_iref,MATCH,10004,0,0,0,,,,,,
precision_switch_0_1,o_idac_sar9ambn_low,MATCH,10004,0,0,0,,,,,,
precision_switch_0_1,o_idac_sar9dcn_low,MATCH,10004,0,0,0,,,,,,
precision_switch_0_1,o_idac_sar15ambn_low,MATCH,10004,0,0,0,,,,,,
precision_switch_0_1,o_idac_sar15dcn_low,MATCH,10004,0,0,0,,,,,,
precision_switch_0_1,o_s_in,MATCH,10004,0,0,0,,,,,,
precision_switch_1_0,o_en_tia_low,MATCH,10004,0,0,0,,,,,,
precision_switch_1_0,o_leddac,MATCH,10004,0,0,0,,,,,,
precision_switch_1_0,o_leden1_low,V18-F02,10004,0,2,2,295,295,295,0,1,5298
precision_switch_1_0,o_leden2_low,V18-F02,10004,0,2,2,455,455,455,0,1,5458
precision_switch_1_0,o_en_test,MATCH,10004,0,0,0,,,,,,
precision_switch_1_0,o_clk_buf_low,MATCH,10004,0,0,0,,,,,,
precision_switch_1_0,o_clk_2m,MATCH,10004,0,0,0,,,,,,
precision_switch_1_0,o_clk_iref_idac_low,MATCH,10004,0,0,0,,,,,,
precision_switch_1_0,o_clk_9q1_low,MATCH,10004,0,0,0,,,,,,
precision_switch_1_0,o_clk_15q1_low,MATCH,10004,0,0,0,,,,,,
precision_switch_1_0,o_clk_aferst_low,MATCH,10004,0,0,0,,,,,,
precision_switch_1_0,o_clk_iref_idac_sar9_low,MATCH,10004,0,0,0,,,,,,
precision_switch_1_0,o_clk_iref_idac_sar15_low,MATCH,10004,0,0,0,,,,,,
precision_switch_1_0,o_clk_q2_low,MATCH,10004,0,0,0,,,,,,
precision_switch_1_0,o_clk_q3_low,MATCH,10004,0,0,0,,,,,,
precision_switch_1_0,o_clk_tiaen_low,MATCH,10004,0,0,0,,,,,,
precision_switch_1_0,o_en_15sar_low,V18-F03,10004,0,4718,4718,0,0,0,1,0,4759
precision_switch_1_0,o_en_sar9_amb_low,V18-F01,10004,0,54,54,5256,256,256,1,0,5309
precision_switch_1_0,o_en_sar9_dc_low,V18-F01,10004,0,54,54,5256,256,256,1,0,5309
precision_switch_1_0,o_en_sar9_iref,V18-F01,10004,0,72,72,5236,236,236,1,0,5307
precision_switch_1_0,o_en_sar15_amb_low,MATCH,10004,0,0,0,,,,,,
precision_switch_1_0,o_en_sar15_dc_low,MATCH,10004,0,0,0,,,,,,
precision_switch_1_0,o_en_sar15_iref,MATCH,10004,0,0,0,,,,,,
precision_switch_1_0,o_idac_sar9ambn_low,MATCH,10004,0,0,0,,,,,,
precision_switch_1_0,o_idac_sar9dcn_low,MATCH,10004,0,0,0,,,,,,
precision_switch_1_0,o_idac_sar15ambn_low,MATCH,10004,0,0,0,,,,,,
precision_switch_1_0,o_idac_sar15dcn_low,MATCH,10004,0,0,0,,,,,,
precision_switch_1_0,o_s_in,MATCH,10004,0,0,0,,,,,,
owner_miss_red,o_en_tia_low,MATCH,5004,0,0,0,,,,,,
owner_miss_red,o_leddac,MATCH,5004,0,0,0,,,,,,
owner_miss_red,o_leden1_low,MATCH,5004,0,0,0,,,,,,
owner_miss_red,o_leden2_low,V18-F02,5004,0,1,1,458,458,458,0,1,458
owner_miss_red,o_en_test,MATCH,5004,0,0,0,,,,,,
owner_miss_red,o_clk_buf_low,MATCH,5004,0,0,0,,,,,,
owner_miss_red,o_clk_2m,MATCH,5004,0,0,0,,,,,,
owner_miss_red,o_clk_iref_idac_low,MATCH,5004,0,0,0,,,,,,
owner_miss_red,o_clk_9q1_low,MATCH,5004,0,0,0,,,,,,
owner_miss_red,o_clk_15q1_low,MATCH,5004,0,0,0,,,,,,
owner_miss_red,o_clk_aferst_low,MATCH,5004,0,0,0,,,,,,
owner_miss_red,o_clk_iref_idac_sar9_low,MATCH,5004,0,0,0,,,,,,
owner_miss_red,o_clk_iref_idac_sar15_low,MATCH,5004,0,0,0,,,,,,
owner_miss_red,o_clk_q2_low,MATCH,5004,0,0,0,,,,,,
owner_miss_red,o_clk_q3_low,MATCH,5004,0,0,0,,,,,,
owner_miss_red,o_clk_tiaen_low,MATCH,5004,0,0,0,,,,,,
owner_miss_red,o_en_15sar_low,MATCH,5004,0,0,0,,,,,,
owner_miss_red,o_en_sar9_amb_low,V18-F01,5004,0,54,54,256,256,256,1,0,309
owner_miss_red,o_en_sar9_dc_low,V18-F01,5004,0,54,54,256,256,256,1,0,309
owner_miss_red,o_en_sar9_iref,V18-F01,5004,0,72,72,236,236,236,1,0,307
owner_miss_red,o_en_sar15_amb_low,MATCH,5004,0,0,0,,,,,,
owner_miss_red,o_en_sar15_dc_low,MATCH,5004,0,0,0,,,,,,
owner_miss_red,o_en_sar15_iref,MATCH,5004,0,0,0,,,,,,
owner_miss_red,o_idac_sar9ambn_low,MATCH,5004,0,0,0,,,,,,
owner_miss_red,o_idac_sar9dcn_low,MATCH,5004,0,0,0,,,,,,
owner_miss_red,o_idac_sar15ambn_low,MATCH,5004,0,0,0,,,,,,
owner_miss_red,o_idac_sar15dcn_low,MATCH,5004,0,0,0,,,,,,
owner_miss_red,o_s_in,MATCH,5004,0,0,0,,,,,,
owner_miss_ir,o_en_tia_low,MATCH,5004,0,0,0,,,,,,
owner_miss_ir,o_leddac,MATCH,5004,0,0,0,,,,,,
owner_miss_ir,o_leden1_low,V18-F02,5004,0,1,1,298,298,298,0,1,298
owner_miss_ir,o_leden2_low,MATCH,5004,0,0,0,,,,,,
owner_miss_ir,o_en_test,MATCH,5004,0,0,0,,,,,,
owner_miss_ir,o_clk_buf_low,MATCH,5004,0,0,0,,,,,,
owner_miss_ir,o_clk_2m,MATCH,5004,0,0,0,,,,,,
owner_miss_ir,o_clk_iref_idac_low,MATCH,5004,0,0,0,,,,,,
owner_miss_ir,o_clk_9q1_low,MATCH,5004,0,0,0,,,,,,
owner_miss_ir,o_clk_15q1_low,MATCH,5004,0,0,0,,,,,,
owner_miss_ir,o_clk_aferst_low,MATCH,5004,0,0,0,,,,,,
owner_miss_ir,o_clk_iref_idac_sar9_low,MATCH,5004,0,0,0,,,,,,
owner_miss_ir,o_clk_iref_idac_sar15_low,MATCH,5004,0,0,0,,,,,,
owner_miss_ir,o_clk_q2_low,MATCH,5004,0,0,0,,,,,,
owner_miss_ir,o_clk_q3_low,MATCH,5004,0,0,0,,,,,,
owner_miss_ir,o_clk_tiaen_low,MATCH,5004,0,0,0,,,,,,
owner_miss_ir,o_en_15sar_low,MATCH,5004,0,0,0,,,,,,
owner_miss_ir,o_en_sar9_amb_low,V18-F01,5004,0,54,54,256,256,256,1,0,309
owner_miss_ir,o_en_sar9_dc_low,V18-F01,5004,0,54,54,256,256,256,1,0,309
owner_miss_ir,o_en_sar9_iref,V18-F01,5004,0,72,72,236,236,236,1,0,307
owner_miss_ir,o_en_sar15_amb_low,MATCH,5004,0,0,0,,,,,,
owner_miss_ir,o_en_sar15_dc_low,MATCH,5004,0,0,0,,,,,,
owner_miss_ir,o_en_sar15_iref,MATCH,5004,0,0,0,,,,,,
owner_miss_ir,o_idac_sar9ambn_low,MATCH,5004,0,0,0,,,,,,
owner_miss_ir,o_idac_sar9dcn_low,MATCH,5004,0,0,0,,,,,,
owner_miss_ir,o_idac_sar15ambn_low,MATCH,5004,0,0,0,,,,,,
owner_miss_ir,o_idac_sar15dcn_low,MATCH,5004,0,0,0,,,,,,
owner_miss_ir,o_s_in,MATCH,5004,0,0,0,,,,,,
owner_miss_cal,o_en_tia_low,MATCH,5004,0,0,0,,,,,,
owner_miss_cal,o_leddac,MATCH,5004,0,0,0,,,,,,
owner_miss_cal,o_leden1_low,MATCH,5004,0,0,0,,,,,,
owner_miss_cal,o_leden2_low,MATCH,5004,0,0,0,,,,,,
owner_miss_cal,o_en_test,MATCH,5004,0,0,0,,,,,,
owner_miss_cal,o_clk_buf_low,MATCH,5004,0,0,0,,,,,,
owner_miss_cal,o_clk_2m,MATCH,5004,0,0,0,,,,,,
owner_miss_cal,o_clk_iref_idac_low,MATCH,5004,0,0,0,,,,,,
owner_miss_cal,o_clk_9q1_low,MATCH,5004,0,0,0,,,,,,
owner_miss_cal,o_clk_15q1_low,MATCH,5004,0,0,0,,,,,,
owner_miss_cal,o_clk_aferst_low,MATCH,5004,0,0,0,,,,,,
owner_miss_cal,o_clk_iref_idac_sar9_low,MATCH,5004,0,0,0,,,,,,
owner_miss_cal,o_clk_iref_idac_sar15_low,MATCH,5004,0,0,0,,,,,,
owner_miss_cal,o_clk_q2_low,MATCH,5004,0,0,0,,,,,,
owner_miss_cal,o_clk_q3_low,MATCH,5004,0,0,0,,,,,,
owner_miss_cal,o_clk_tiaen_low,MATCH,5004,0,0,0,,,,,,
owner_miss_cal,o_en_15sar_low,MATCH,5004,0,0,0,,,,,,
owner_miss_cal,o_en_sar9_amb_low,MATCH,5004,0,0,0,,,,,,
owner_miss_cal,o_en_sar9_dc_low,MATCH,5004,0,0,0,,,,,,
owner_miss_cal,o_en_sar9_iref,MATCH,5004,0,0,0,,,,,,
owner_miss_cal,o_en_sar15_amb_low,MATCH,5004,0,0,0,,,,,,
owner_miss_cal,o_en_sar15_dc_low,MATCH,5004,0,0,0,,,,,,
owner_miss_cal,o_en_sar15_iref,MATCH,5004,0,0,0,,,,,,
owner_miss_cal,o_idac_sar9ambn_low,MATCH,5004,0,0,0,,,,,,
owner_miss_cal,o_idac_sar9dcn_low,MATCH,5004,0,0,0,,,,,,
owner_miss_cal,o_idac_sar15ambn_low,MATCH,5004,0,0,0,,,,,,
owner_miss_cal,o_idac_sar15dcn_low,MATCH,5004,0,0,0,,,,,,
owner_miss_cal,o_s_in,MATCH,5004,0,0,0,,,,,,
owner_at_deadline_normal9,o_en_tia_low,V18-F07,5004,0,2,2,283,283,283,1,0,443
owner_at_deadline_normal9,o_leddac,MATCH,5004,0,0,0,,,,,,
owner_at_deadline_normal9,o_leden1_low,V18-F02,5004,0,1,1,298,298,298,0,1,298
owner_at_deadline_normal9,o_leden2_low,V18-F02,5004,0,1,1,458,458,458,0,1,458
owner_at_deadline_normal9,o_en_test,MATCH,5004,0,0,0,,,,,,
owner_at_deadline_normal9,o_clk_buf_low,MATCH,5004,0,0,0,,,,,,
owner_at_deadline_normal9,o_clk_2m,MATCH,5004,0,0,0,,,,,,
owner_at_deadline_normal9,o_clk_iref_idac_low,MATCH,5004,0,0,0,,,,,,
owner_at_deadline_normal9,o_clk_9q1_low,MATCH,5004,0,0,0,,,,,,
owner_at_deadline_normal9,o_clk_15q1_low,MATCH,5004,0,0,0,,,,,,
owner_at_deadline_normal9,o_clk_aferst_low,V18-F07,5004,0,2,2,283,283,283,1,0,443
owner_at_deadline_normal9,o_clk_iref_idac_sar9_low,MATCH,5004,0,0,0,,,,,,
owner_at_deadline_normal9,o_clk_iref_idac_sar15_low,MATCH,5004,0,0,0,,,,,,
owner_at_deadline_normal9,o_clk_q2_low,MATCH,5004,0,0,0,,,,,,
owner_at_deadline_normal9,o_clk_q3_low,MATCH,5004,0,0,0,,,,,,
owner_at_deadline_normal9,o_clk_tiaen_low,V18-F07,5004,0,2,2,283,283,283,1,0,443
owner_at_deadline_normal9,o_en_15sar_low,MATCH,5004,0,0,0,,,,,,
owner_at_deadline_normal9,o_en_sar9_amb_low,V18-F01,5004,0,54,54,256,256,256,1,0,309
owner_at_deadline_normal9,o_en_sar9_dc_low,V18-F01,5004,0,54,54,256,256,256,1,0,309
owner_at_deadline_normal9,o_en_sar9_iref,V18-F01,5004,0,72,72,236,236,236,1,0,307
owner_at_deadline_normal9,o_en_sar15_amb_low,MATCH,5004,0,0,0,,,,,,
owner_at_deadline_normal9,o_en_sar15_dc_low,MATCH,5004,0,0,0,,,,,,
owner_at_deadline_normal9,o_en_sar15_iref,MATCH,5004,0,0,0,,,,,,
owner_at_deadline_normal9,o_idac_sar9ambn_low,MATCH,5004,0,0,0,,,,,,
owner_at_deadline_normal9,o_idac_sar9dcn_low,MATCH,5004,0,0,0,,,,,,
owner_at_deadline_normal9,o_idac_sar15ambn_low,MATCH,5004,0,0,0,,,,,,
owner_at_deadline_normal9,o_idac_sar15dcn_low,MATCH,5004,0,0,0,,,,,,
owner_at_deadline_normal9,o_s_in,MATCH,5004,0,0,0,,,,,,
owner_at_deadline_normal15,o_en_tia_low,KNOWN-SAR15-DEADLINE,5004,0,36,36,266,266,266,1,0,443
owner_at_deadline_normal15,o_leddac,MATCH,5004,0,0,0,,,,,,
owner_at_deadline_normal15,o_leden1_low,V18-F02,5004,0,1,1,295,295,295,0,1,295
owner_at_deadline_normal15,o_leden2_low,V18-F02,5004,0,1,1,455,455,455,0,1,455
owner_at_deadline_normal15,o_en_test,MATCH,5004,0,0,0,,,,,,
owner_at_deadline_normal15,o_clk_buf_low,MATCH,5004,0,0,0,,,,,,
owner_at_deadline_normal15,o_clk_2m,MATCH,5004,0,0,0,,,,,,
owner_at_deadline_normal15,o_clk_iref_idac_low,MATCH,5004,0,0,0,,,,,,
owner_at_deadline_normal15,o_clk_9q1_low,MATCH,5004,0,0,0,,,,,,
owner_at_deadline_normal15,o_clk_15q1_low,MATCH,5004,0,0,0,,,,,,
owner_at_deadline_normal15,o_clk_aferst_low,KNOWN-SAR15-DEADLINE,5004,0,36,36,266,266,266,1,0,443
owner_at_deadline_normal15,o_clk_iref_idac_sar9_low,MATCH,5004,0,0,0,,,,,,
owner_at_deadline_normal15,o_clk_iref_idac_sar15_low,MATCH,5004,0,0,0,,,,,,
owner_at_deadline_normal15,o_clk_q2_low,MATCH,5004,0,0,0,,,,,,
owner_at_deadline_normal15,o_clk_q3_low,MATCH,5004,0,0,0,,,,,,
owner_at_deadline_normal15,o_clk_tiaen_low,KNOWN-SAR15-DEADLINE,5004,0,36,36,266,266,266,1,0,443
owner_at_deadline_normal15,o_en_15sar_low,V18-F03,5004,0,4958,4958,0,0,0,1,0,4999
owner_at_deadline_normal15,o_en_sar9_amb_low,MATCH,5004,0,0,0,,,,,,
owner_at_deadline_normal15,o_en_sar9_dc_low,MATCH,5004,0,0,0,,,,,,
owner_at_deadline_normal15,o_en_sar9_iref,MATCH,5004,0,0,0,,,,,,
owner_at_deadline_normal15,o_en_sar15_amb_low,MATCH,5004,0,0,0,,,,,,
owner_at_deadline_normal15,o_en_sar15_dc_low,MATCH,5004,0,0,0,,,,,,
owner_at_deadline_normal15,o_en_sar15_iref,MATCH,5004,0,0,0,,,,,,
owner_at_deadline_normal15,o_idac_sar9ambn_low,MATCH,5004,0,0,0,,,,,,
owner_at_deadline_normal15,o_idac_sar9dcn_low,MATCH,5004,0,0,0,,,,,,
owner_at_deadline_normal15,o_idac_sar15ambn_low,MATCH,5004,0,0,0,,,,,,
owner_at_deadline_normal15,o_idac_sar15dcn_low,MATCH,5004,0,0,0,,,,,,
owner_at_deadline_normal15,o_s_in,MATCH,5004,0,0,0,,,,,,
owner_at_deadline_cal,o_en_tia_low,MATCH,5004,0,0,0,,,,,,
owner_at_deadline_cal,o_leddac,MATCH,5004,0,0,0,,,,,,
owner_at_deadline_cal,o_leden1_low,MATCH,5004,0,0,0,,,,,,
owner_at_deadline_cal,o_leden2_low,MATCH,5004,0,0,0,,,,,,
owner_at_deadline_cal,o_en_test,MATCH,5004,0,0,0,,,,,,
owner_at_deadline_cal,o_clk_buf_low,MATCH,5004,0,0,0,,,,,,
owner_at_deadline_cal,o_clk_2m,MATCH,5004,0,0,0,,,,,,
owner_at_deadline_cal,o_clk_iref_idac_low,MATCH,5004,0,0,0,,,,,,
owner_at_deadline_cal,o_clk_9q1_low,MATCH,5004,0,0,0,,,,,,
owner_at_deadline_cal,o_clk_15q1_low,MATCH,5004,0,0,0,,,,,,
owner_at_deadline_cal,o_clk_aferst_low,MATCH,5004,0,0,0,,,,,,
owner_at_deadline_cal,o_clk_iref_idac_sar9_low,MATCH,5004,0,0,0,,,,,,
owner_at_deadline_cal,o_clk_iref_idac_sar15_low,MATCH,5004,0,0,0,,,,,,
owner_at_deadline_cal,o_clk_q2_low,MATCH,5004,0,0,0,,,,,,
owner_at_deadline_cal,o_clk_q3_low,MATCH,5004,0,0,0,,,,,,
owner_at_deadline_cal,o_clk_tiaen_low,MATCH,5004,0,0,0,,,,,,
owner_at_deadline_cal,o_en_15sar_low,MATCH,5004,0,0,0,,,,,,
owner_at_deadline_cal,o_en_sar9_amb_low,MATCH,5004,0,0,0,,,,,,
owner_at_deadline_cal,o_en_sar9_dc_low,MATCH,5004,0,0,0,,,,,,
owner_at_deadline_cal,o_en_sar9_iref,MATCH,5004,0,0,0,,,,,,
owner_at_deadline_cal,o_en_sar15_amb_low,MATCH,5004,0,0,0,,,,,,
owner_at_deadline_cal,o_en_sar15_dc_low,MATCH,5004,0,0,0,,,,,,
owner_at_deadline_cal,o_en_sar15_iref,MATCH,5004,0,0,0,,,,,,
owner_at_deadline_cal,o_idac_sar9ambn_low,MATCH,5004,0,0,0,,,,,,
owner_at_deadline_cal,o_idac_sar9dcn_low,MATCH,5004,0,0,0,,,,,,
owner_at_deadline_cal,o_idac_sar15ambn_low,MATCH,5004,0,0,0,,,,,,
owner_at_deadline_cal,o_idac_sar15dcn_low,MATCH,5004,0,0,0,,,,,,
owner_at_deadline_cal,o_s_in,MATCH,5004,0,0,0,,,,,,
char_photodiode_red_sar9,o_en_tia_low,MATCH,5004,0,0,0,,,,,,
char_photodiode_red_sar9,o_leddac,MATCH,5004,0,0,0,,,,,,
char_photodiode_red_sar9,o_leden1_low,V18-F02,5004,0,1,1,298,298,298,0,1,298
char_photodiode_red_sar9,o_leden2_low,MATCH,5004,0,0,0,,,,,,
char_photodiode_red_sar9,o_en_test,MATCH,5004,0,0,0,,,,,,
char_photodiode_red_sar9,o_clk_buf_low,MATCH,5004,0,0,0,,,,,,
char_photodiode_red_sar9,o_clk_2m,MATCH,5004,0,0,0,,,,,,
char_photodiode_red_sar9,o_clk_iref_idac_low,MATCH,5004,0,0,0,,,,,,
char_photodiode_red_sar9,o_clk_9q1_low,MATCH,5004,0,0,0,,,,,,
char_photodiode_red_sar9,o_clk_15q1_low,MATCH,5004,0,0,0,,,,,,
char_photodiode_red_sar9,o_clk_aferst_low,MATCH,5004,0,0,0,,,,,,
char_photodiode_red_sar9,o_clk_iref_idac_sar9_low,MATCH,5004,0,0,0,,,,,,
char_photodiode_red_sar9,o_clk_iref_idac_sar15_low,MATCH,5004,0,0,0,,,,,,
char_photodiode_red_sar9,o_clk_q2_low,MATCH,5004,0,0,0,,,,,,
char_photodiode_red_sar9,o_clk_q3_low,MATCH,5004,0,0,0,,,,,,
char_photodiode_red_sar9,o_clk_tiaen_low,MATCH,5004,0,0,0,,,,,,
char_photodiode_red_sar9,o_en_15sar_low,MATCH,5004,0,0,0,,,,,,
char_photodiode_red_sar9,o_en_sar9_amb_low,MATCH,5004,0,0,0,,,,,,
char_photodiode_red_sar9,o_en_sar9_dc_low,MATCH,5004,0,0,0,,,,,,
char_photodiode_red_sar9,o_en_sar9_iref,MATCH,5004,0,0,0,,,,,,
char_photodiode_red_sar9,o_en_sar15_amb_low,MATCH,5004,0,0,0,,,,,,
char_photodiode_red_sar9,o_en_sar15_dc_low,MATCH,5004,0,0,0,,,,,,
char_photodiode_red_sar9,o_en_sar15_iref,MATCH,5004,0,0,0,,,,,,
char_photodiode_red_sar9,o_idac_sar9ambn_low,MATCH,5004,0,0,0,,,,,,
char_photodiode_red_sar9,o_idac_sar9dcn_low,MATCH,5004,0,0,0,,,,,,
char_photodiode_red_sar9,o_idac_sar15ambn_low,MATCH,5004,0,0,0,,,,,,
char_photodiode_red_sar9,o_idac_sar15dcn_low,MATCH,5004,0,0,0,,,,,,
char_photodiode_red_sar9,o_s_in,MATCH,5004,0,0,0,,,,,,
char_current_both_sar9,o_en_tia_low,MATCH,5004,0,0,0,,,,,,
char_current_both_sar9,o_leddac,MATCH,5004,0,0,0,,,,,,
char_current_both_sar9,o_leden1_low,MATCH,5004,0,0,0,,,,,,
char_current_both_sar9,o_leden2_low,MATCH,5004,0,0,0,,,,,,
char_current_both_sar9,o_en_test,MATCH,5004,0,0,0,,,,,,
char_current_both_sar9,o_clk_buf_low,MATCH,5004,0,0,0,,,,,,
char_current_both_sar9,o_clk_2m,MATCH,5004,0,0,0,,,,,,
char_current_both_sar9,o_clk_iref_idac_low,MATCH,5004,0,0,0,,,,,,
char_current_both_sar9,o_clk_9q1_low,MATCH,5004,0,0,0,,,,,,
char_current_both_sar9,o_clk_15q1_low,MATCH,5004,0,0,0,,,,,,
char_current_both_sar9,o_clk_aferst_low,MATCH,5004,0,0,0,,,,,,
char_current_both_sar9,o_clk_iref_idac_sar9_low,MATCH,5004,0,0,0,,,,,,
char_current_both_sar9,o_clk_iref_idac_sar15_low,MATCH,5004,0,0,0,,,,,,
char_current_both_sar9,o_clk_q2_low,MATCH,5004,0,0,0,,,,,,
char_current_both_sar9,o_clk_q3_low,MATCH,5004,0,0,0,,,,,,
char_current_both_sar9,o_clk_tiaen_low,MATCH,5004,0,0,0,,,,,,
char_current_both_sar9,o_en_15sar_low,MATCH,5004,0,0,0,,,,,,
char_current_both_sar9,o_en_sar9_amb_low,V18-F01,5004,0,54,54,256,256,256,1,0,309
char_current_both_sar9,o_en_sar9_dc_low,V18-F01,5004,0,54,54,256,256,256,1,0,309
char_current_both_sar9,o_en_sar9_iref,V18-F01,5004,0,72,72,236,236,236,1,0,307
char_current_both_sar9,o_en_sar15_amb_low,MATCH,5004,0,0,0,,,,,,
char_current_both_sar9,o_en_sar15_dc_low,MATCH,5004,0,0,0,,,,,,
char_current_both_sar9,o_en_sar15_iref,MATCH,5004,0,0,0,,,,,,
char_current_both_sar9,o_idac_sar9ambn_low,MATCH,5004,0,0,0,,,,,,
char_current_both_sar9,o_idac_sar9dcn_low,MATCH,5004,0,0,0,,,,,,
char_current_both_sar9,o_idac_sar15ambn_low,MATCH,5004,0,0,0,,,,,,
char_current_both_sar9,o_idac_sar15dcn_low,MATCH,5004,0,0,0,,,,,,
char_current_both_sar9,o_s_in,MATCH,5004,0,0,0,,,,,,
char_current_red_sar9,o_en_tia_low,MATCH,5004,0,0,0,,,,,,
char_current_red_sar9,o_leddac,MATCH,5004,0,0,0,,,,,,
char_current_red_sar9,o_leden1_low,MATCH,5004,0,0,0,,,,,,
char_current_red_sar9,o_leden2_low,MATCH,5004,0,0,0,,,,,,
char_current_red_sar9,o_en_test,MATCH,5004,0,0,0,,,,,,
char_current_red_sar9,o_clk_buf_low,MATCH,5004,0,0,0,,,,,,
char_current_red_sar9,o_clk_2m,MATCH,5004,0,0,0,,,,,,
char_current_red_sar9,o_clk_iref_idac_low,MATCH,5004,0,0,0,,,,,,
char_current_red_sar9,o_clk_9q1_low,MATCH,5004,0,0,0,,,,,,
char_current_red_sar9,o_clk_15q1_low,MATCH,5004,0,0,0,,,,,,
char_current_red_sar9,o_clk_aferst_low,MATCH,5004,0,0,0,,,,,,
char_current_red_sar9,o_clk_iref_idac_sar9_low,MATCH,5004,0,0,0,,,,,,
char_current_red_sar9,o_clk_iref_idac_sar15_low,MATCH,5004,0,0,0,,,,,,
char_current_red_sar9,o_clk_q2_low,MATCH,5004,0,0,0,,,,,,
char_current_red_sar9,o_clk_q3_low,MATCH,5004,0,0,0,,,,,,
char_current_red_sar9,o_clk_tiaen_low,MATCH,5004,0,0,0,,,,,,
char_current_red_sar9,o_en_15sar_low,MATCH,5004,0,0,0,,,,,,
char_current_red_sar9,o_en_sar9_amb_low,MATCH,5004,0,0,0,,,,,,
char_current_red_sar9,o_en_sar9_dc_low,MATCH,5004,0,0,0,,,,,,
char_current_red_sar9,o_en_sar9_iref,MATCH,5004,0,0,0,,,,,,
char_current_red_sar9,o_en_sar15_amb_low,MATCH,5004,0,0,0,,,,,,
char_current_red_sar9,o_en_sar15_dc_low,MATCH,5004,0,0,0,,,,,,
char_current_red_sar9,o_en_sar15_iref,MATCH,5004,0,0,0,,,,,,
char_current_red_sar9,o_idac_sar9ambn_low,MATCH,5004,0,0,0,,,,,,
char_current_red_sar9,o_idac_sar9dcn_low,MATCH,5004,0,0,0,,,,,,
char_current_red_sar9,o_idac_sar15ambn_low,MATCH,5004,0,0,0,,,,,,
char_current_red_sar9,o_idac_sar15dcn_low,MATCH,5004,0,0,0,,,,,,
char_current_red_sar9,o_s_in,MATCH,5004,0,0,0,,,,,,
char_current_ir_sar9,o_en_tia_low,MATCH,5004,0,0,0,,,,,,
char_current_ir_sar9,o_leddac,MATCH,5004,0,0,0,,,,,,
char_current_ir_sar9,o_leden1_low,MATCH,5004,0,0,0,,,,,,
char_current_ir_sar9,o_leden2_low,MATCH,5004,0,0,0,,,,,,
char_current_ir_sar9,o_en_test,MATCH,5004,0,0,0,,,,,,
char_current_ir_sar9,o_clk_buf_low,MATCH,5004,0,0,0,,,,,,
char_current_ir_sar9,o_clk_2m,MATCH,5004,0,0,0,,,,,,
char_current_ir_sar9,o_clk_iref_idac_low,MATCH,5004,0,0,0,,,,,,
char_current_ir_sar9,o_clk_9q1_low,MATCH,5004,0,0,0,,,,,,
char_current_ir_sar9,o_clk_15q1_low,MATCH,5004,0,0,0,,,,,,
char_current_ir_sar9,o_clk_aferst_low,MATCH,5004,0,0,0,,,,,,
char_current_ir_sar9,o_clk_iref_idac_sar9_low,MATCH,5004,0,0,0,,,,,,
char_current_ir_sar9,o_clk_iref_idac_sar15_low,MATCH,5004,0,0,0,,,,,,
char_current_ir_sar9,o_clk_q2_low,MATCH,5004,0,0,0,,,,,,
char_current_ir_sar9,o_clk_q3_low,MATCH,5004,0,0,0,,,,,,
char_current_ir_sar9,o_clk_tiaen_low,MATCH,5004,0,0,0,,,,,,
char_current_ir_sar9,o_en_15sar_low,MATCH,5004,0,0,0,,,,,,
char_current_ir_sar9,o_en_sar9_amb_low,MATCH,5004,0,0,0,,,,,,
char_current_ir_sar9,o_en_sar9_dc_low,MATCH,5004,0,0,0,,,,,,
char_current_ir_sar9,o_en_sar9_iref,MATCH,5004,0,0,0,,,,,,
char_current_ir_sar9,o_en_sar15_amb_low,MATCH,5004,0,0,0,,,,,,
char_current_ir_sar9,o_en_sar15_dc_low,MATCH,5004,0,0,0,,,,,,
char_current_ir_sar9,o_en_sar15_iref,MATCH,5004,0,0,0,,,,,,
char_current_ir_sar9,o_idac_sar9ambn_low,MATCH,5004,0,0,0,,,,,,
char_current_ir_sar9,o_idac_sar9dcn_low,MATCH,5004,0,0,0,,,,,,
char_current_ir_sar9,o_idac_sar15ambn_low,MATCH,5004,0,0,0,,,,,,
char_current_ir_sar9,o_idac_sar15dcn_low,MATCH,5004,0,0,0,,,,,,
char_current_ir_sar9,o_s_in,MATCH,5004,0,0,0,,,,,,
char_photodiode_red_sar15,o_en_tia_low,MATCH,5004,0,0,0,,,,,,
char_photodiode_red_sar15,o_leddac,MATCH,5004,0,0,0,,,,,,
char_photodiode_red_sar15,o_leden1_low,V18-F02,5004,0,1,1,295,295,295,0,1,295
char_photodiode_red_sar15,o_leden2_low,MATCH,5004,0,0,0,,,,,,
char_photodiode_red_sar15,o_en_test,MATCH,5004,0,0,0,,,,,,
char_photodiode_red_sar15,o_clk_buf_low,MATCH,5004,0,0,0,,,,,,
char_photodiode_red_sar15,o_clk_2m,MATCH,5004,0,0,0,,,,,,
char_photodiode_red_sar15,o_clk_iref_idac_low,MATCH,5004,0,0,0,,,,,,
char_photodiode_red_sar15,o_clk_9q1_low,MATCH,5004,0,0,0,,,,,,
char_photodiode_red_sar15,o_clk_15q1_low,MATCH,5004,0,0,0,,,,,,
char_photodiode_red_sar15,o_clk_aferst_low,MATCH,5004,0,0,0,,,,,,
char_photodiode_red_sar15,o_clk_iref_idac_sar9_low,MATCH,5004,0,0,0,,,,,,
char_photodiode_red_sar15,o_clk_iref_idac_sar15_low,MATCH,5004,0,0,0,,,,,,
char_photodiode_red_sar15,o_clk_q2_low,MATCH,5004,0,0,0,,,,,,
char_photodiode_red_sar15,o_clk_q3_low,MATCH,5004,0,0,0,,,,,,
char_photodiode_red_sar15,o_clk_tiaen_low,MATCH,5004,0,0,0,,,,,,
char_photodiode_red_sar15,o_en_15sar_low,V18-F03,5004,0,4979,4979,0,0,0,1,0,4999
char_photodiode_red_sar15,o_en_sar9_amb_low,MATCH,5004,0,0,0,,,,,,
char_photodiode_red_sar15,o_en_sar9_dc_low,MATCH,5004,0,0,0,,,,,,
char_photodiode_red_sar15,o_en_sar9_iref,MATCH,5004,0,0,0,,,,,,
char_photodiode_red_sar15,o_en_sar15_amb_low,MATCH,5004,0,0,0,,,,,,
char_photodiode_red_sar15,o_en_sar15_dc_low,MATCH,5004,0,0,0,,,,,,
char_photodiode_red_sar15,o_en_sar15_iref,MATCH,5004,0,0,0,,,,,,
char_photodiode_red_sar15,o_idac_sar9ambn_low,MATCH,5004,0,0,0,,,,,,
char_photodiode_red_sar15,o_idac_sar9dcn_low,MATCH,5004,0,0,0,,,,,,
char_photodiode_red_sar15,o_idac_sar15ambn_low,MATCH,5004,0,0,0,,,,,,
char_photodiode_red_sar15,o_idac_sar15dcn_low,MATCH,5004,0,0,0,,,,,,
char_photodiode_red_sar15,o_s_in,MATCH,5004,0,0,0,,,,,,
char_current_both_sar15,o_en_tia_low,MATCH,5004,0,0,0,,,,,,
char_current_both_sar15,o_leddac,MATCH,5004,0,0,0,,,,,,
char_current_both_sar15,o_leden1_low,MATCH,5004,0,0,0,,,,,,
char_current_both_sar15,o_leden2_low,MATCH,5004,0,0,0,,,,,,
char_current_both_sar15,o_en_test,MATCH,5004,0,0,0,,,,,,
char_current_both_sar15,o_clk_buf_low,MATCH,5004,0,0,0,,,,,,
char_current_both_sar15,o_clk_2m,MATCH,5004,0,0,0,,,,,,
char_current_both_sar15,o_clk_iref_idac_low,MATCH,5004,0,0,0,,,,,,
char_current_both_sar15,o_clk_9q1_low,MATCH,5004,0,0,0,,,,,,
char_current_both_sar15,o_clk_15q1_low,MATCH,5004,0,0,0,,,,,,
char_current_both_sar15,o_clk_aferst_low,MATCH,5004,0,0,0,,,,,,
char_current_both_sar15,o_clk_iref_idac_sar9_low,MATCH,5004,0,0,0,,,,,,
char_current_both_sar15,o_clk_iref_idac_sar15_low,MATCH,5004,0,0,0,,,,,,
char_current_both_sar15,o_clk_q2_low,MATCH,5004,0,0,0,,,,,,
char_current_both_sar15,o_clk_q3_low,MATCH,5004,0,0,0,,,,,,
char_current_both_sar15,o_clk_tiaen_low,MATCH,5004,0,0,0,,,,,,
char_current_both_sar15,o_en_15sar_low,V18-F03,5004,0,4958,4958,0,0,0,1,0,4999
char_current_both_sar15,o_en_sar9_amb_low,MATCH,5004,0,0,0,,,,,,
char_current_both_sar15,o_en_sar9_dc_low,MATCH,5004,0,0,0,,,,,,
char_current_both_sar15,o_en_sar9_iref,MATCH,5004,0,0,0,,,,,,
char_current_both_sar15,o_en_sar15_amb_low,MATCH,5004,0,0,0,,,,,,
char_current_both_sar15,o_en_sar15_dc_low,MATCH,5004,0,0,0,,,,,,
char_current_both_sar15,o_en_sar15_iref,MATCH,5004,0,0,0,,,,,,
char_current_both_sar15,o_idac_sar9ambn_low,MATCH,5004,0,0,0,,,,,,
char_current_both_sar15,o_idac_sar9dcn_low,MATCH,5004,0,0,0,,,,,,
char_current_both_sar15,o_idac_sar15ambn_low,MATCH,5004,0,0,0,,,,,,
char_current_both_sar15,o_idac_sar15dcn_low,MATCH,5004,0,0,0,,,,,,
char_current_both_sar15,o_s_in,MATCH,5004,0,0,0,,,,,,
char_current_red_sar15,o_en_tia_low,MATCH,5004,0,0,0,,,,,,
char_current_red_sar15,o_leddac,MATCH,5004,0,0,0,,,,,,
char_current_red_sar15,o_leden1_low,MATCH,5004,0,0,0,,,,,,
char_current_red_sar15,o_leden2_low,MATCH,5004,0,0,0,,,,,,
char_current_red_sar15,o_en_test,MATCH,5004,0,0,0,,,,,,
char_current_red_sar15,o_clk_buf_low,MATCH,5004,0,0,0,,,,,,
char_current_red_sar15,o_clk_2m,MATCH,5004,0,0,0,,,,,,
char_current_red_sar15,o_clk_iref_idac_low,MATCH,5004,0,0,0,,,,,,
char_current_red_sar15,o_clk_9q1_low,MATCH,5004,0,0,0,,,,,,
char_current_red_sar15,o_clk_15q1_low,MATCH,5004,0,0,0,,,,,,
char_current_red_sar15,o_clk_aferst_low,MATCH,5004,0,0,0,,,,,,
char_current_red_sar15,o_clk_iref_idac_sar9_low,MATCH,5004,0,0,0,,,,,,
char_current_red_sar15,o_clk_iref_idac_sar15_low,MATCH,5004,0,0,0,,,,,,
char_current_red_sar15,o_clk_q2_low,MATCH,5004,0,0,0,,,,,,
char_current_red_sar15,o_clk_q3_low,MATCH,5004,0,0,0,,,,,,
char_current_red_sar15,o_clk_tiaen_low,MATCH,5004,0,0,0,,,,,,
char_current_red_sar15,o_en_15sar_low,V18-F03,5004,0,4979,4979,0,0,0,1,0,4999
char_current_red_sar15,o_en_sar9_amb_low,MATCH,5004,0,0,0,,,,,,
char_current_red_sar15,o_en_sar9_dc_low,MATCH,5004,0,0,0,,,,,,
char_current_red_sar15,o_en_sar9_iref,MATCH,5004,0,0,0,,,,,,
char_current_red_sar15,o_en_sar15_amb_low,MATCH,5004,0,0,0,,,,,,
char_current_red_sar15,o_en_sar15_dc_low,MATCH,5004,0,0,0,,,,,,
char_current_red_sar15,o_en_sar15_iref,MATCH,5004,0,0,0,,,,,,
char_current_red_sar15,o_idac_sar9ambn_low,MATCH,5004,0,0,0,,,,,,
char_current_red_sar15,o_idac_sar9dcn_low,MATCH,5004,0,0,0,,,,,,
char_current_red_sar15,o_idac_sar15ambn_low,MATCH,5004,0,0,0,,,,,,
char_current_red_sar15,o_idac_sar15dcn_low,MATCH,5004,0,0,0,,,,,,
char_current_red_sar15,o_s_in,MATCH,5004,0,0,0,,,,,,
char_current_ir_sar15,o_en_tia_low,MATCH,5004,0,0,0,,,,,,
char_current_ir_sar15,o_leddac,MATCH,5004,0,0,0,,,,,,
char_current_ir_sar15,o_leden1_low,MATCH,5004,0,0,0,,,,,,
char_current_ir_sar15,o_leden2_low,MATCH,5004,0,0,0,,,,,,
char_current_ir_sar15,o_en_test,MATCH,5004,0,0,0,,,,,,
char_current_ir_sar15,o_clk_buf_low,MATCH,5004,0,0,0,,,,,,
char_current_ir_sar15,o_clk_2m,MATCH,5004,0,0,0,,,,,,
char_current_ir_sar15,o_clk_iref_idac_low,MATCH,5004,0,0,0,,,,,,
char_current_ir_sar15,o_clk_9q1_low,MATCH,5004,0,0,0,,,,,,
char_current_ir_sar15,o_clk_15q1_low,MATCH,5004,0,0,0,,,,,,
char_current_ir_sar15,o_clk_aferst_low,MATCH,5004,0,0,0,,,,,,
char_current_ir_sar15,o_clk_iref_idac_sar9_low,MATCH,5004,0,0,0,,,,,,
char_current_ir_sar15,o_clk_iref_idac_sar15_low,MATCH,5004,0,0,0,,,,,,
char_current_ir_sar15,o_clk_q2_low,MATCH,5004,0,0,0,,,,,,
char_current_ir_sar15,o_clk_q3_low,MATCH,5004,0,0,0,,,,,,
char_current_ir_sar15,o_clk_tiaen_low,MATCH,5004,0,0,0,,,,,,
char_current_ir_sar15,o_en_15sar_low,V18-F03,5004,0,4979,4979,0,0,0,1,0,4999
char_current_ir_sar15,o_en_sar9_amb_low,MATCH,5004,0,0,0,,,,,,
char_current_ir_sar15,o_en_sar9_dc_low,MATCH,5004,0,0,0,,,,,,
char_current_ir_sar15,o_en_sar9_iref,MATCH,5004,0,0,0,,,,,,
char_current_ir_sar15,o_en_sar15_amb_low,MATCH,5004,0,0,0,,,,,,
char_current_ir_sar15,o_en_sar15_dc_low,MATCH,5004,0,0,0,,,,,,
char_current_ir_sar15,o_en_sar15_iref,MATCH,5004,0,0,0,,,,,,
char_current_ir_sar15,o_idac_sar9ambn_low,MATCH,5004,0,0,0,,,,,,
char_current_ir_sar15,o_idac_sar9dcn_low,MATCH,5004,0,0,0,,,,,,
char_current_ir_sar15,o_idac_sar15ambn_low,MATCH,5004,0,0,0,,,,,,
char_current_ir_sar15,o_idac_sar15dcn_low,MATCH,5004,0,0,0,,,,,,
char_current_ir_sar15,o_s_in,MATCH,5004,0,0,0,,,,,,
static_bias,o_en_tia_low,MATCH,5004,0,0,0,,,,,,
static_bias,o_leddac,MATCH,5004,0,0,0,,,,,,
static_bias,o_leden1_low,MATCH,5004,0,0,0,,,,,,
static_bias,o_leden2_low,MATCH,5004,0,0,0,,,,,,
static_bias,o_en_test,MATCH,5004,0,0,0,,,,,,
static_bias,o_clk_buf_low,MATCH,5004,0,0,0,,,,,,
static_bias,o_clk_2m,MATCH,5004,0,0,0,,,,,,
static_bias,o_clk_iref_idac_low,MATCH,5004,0,0,0,,,,,,
static_bias,o_clk_9q1_low,MATCH,5004,0,0,0,,,,,,
static_bias,o_clk_15q1_low,MATCH,5004,0,0,0,,,,,,
static_bias,o_clk_aferst_low,MATCH,5004,0,0,0,,,,,,
static_bias,o_clk_iref_idac_sar9_low,MATCH,5004,0,0,0,,,,,,
static_bias,o_clk_iref_idac_sar15_low,MATCH,5004,0,0,0,,,,,,
static_bias,o_clk_q2_low,MATCH,5004,0,0,0,,,,,,
static_bias,o_clk_q3_low,MATCH,5004,0,0,0,,,,,,
static_bias,o_clk_tiaen_low,MATCH,5004,0,0,0,,,,,,
static_bias,o_en_15sar_low,MATCH,5004,0,0,0,,,,,,
static_bias,o_en_sar9_amb_low,MATCH,5004,0,0,0,,,,,,
static_bias,o_en_sar9_dc_low,MATCH,5004,0,0,0,,,,,,
static_bias,o_en_sar9_iref,MATCH,5004,0,0,0,,,,,,
static_bias,o_en_sar15_amb_low,MATCH,5004,0,0,0,,,,,,
static_bias,o_en_sar15_dc_low,MATCH,5004,0,0,0,,,,,,
static_bias,o_en_sar15_iref,MATCH,5004,0,0,0,,,,,,
static_bias,o_idac_sar9ambn_low,MATCH,5004,0,0,0,,,,,,
static_bias,o_idac_sar9dcn_low,MATCH,5004,0,0,0,,,,,,
static_bias,o_idac_sar15ambn_low,MATCH,5004,0,0,0,,,,,,
static_bias,o_idac_sar15dcn_low,MATCH,5004,0,0,0,,,,,,
static_bias,o_s_in,MATCH,5004,0,0,0,,,,,,
cal_amb_candidate_sequence,o_en_tia_low,MATCH,5004,0,0,0,,,,,,
cal_amb_candidate_sequence,o_leddac,MATCH,5004,0,0,0,,,,,,
cal_amb_candidate_sequence,o_leden1_low,MATCH,5004,0,0,0,,,,,,
cal_amb_candidate_sequence,o_leden2_low,MATCH,5004,0,0,0,,,,,,
cal_amb_candidate_sequence,o_en_test,MATCH,5004,0,0,0,,,,,,
cal_amb_candidate_sequence,o_clk_buf_low,MATCH,5004,0,0,0,,,,,,
cal_amb_candidate_sequence,o_clk_2m,MATCH,5004,0,0,0,,,,,,
cal_amb_candidate_sequence,o_clk_iref_idac_low,MATCH,5004,0,0,0,,,,,,
cal_amb_candidate_sequence,o_clk_9q1_low,MATCH,5004,0,0,0,,,,,,
cal_amb_candidate_sequence,o_clk_15q1_low,MATCH,5004,0,0,0,,,,,,
cal_amb_candidate_sequence,o_clk_aferst_low,MATCH,5004,0,0,0,,,,,,
cal_amb_candidate_sequence,o_clk_iref_idac_sar9_low,MATCH,5004,0,0,0,,,,,,
cal_amb_candidate_sequence,o_clk_iref_idac_sar15_low,MATCH,5004,0,0,0,,,,,,
cal_amb_candidate_sequence,o_clk_q2_low,MATCH,5004,0,0,0,,,,,,
cal_amb_candidate_sequence,o_clk_q3_low,MATCH,5004,0,0,0,,,,,,
cal_amb_candidate_sequence,o_clk_tiaen_low,MATCH,5004,0,0,0,,,,,,
cal_amb_candidate_sequence,o_en_15sar_low,MATCH,5004,0,0,0,,,,,,
cal_amb_candidate_sequence,o_en_sar9_amb_low,MATCH,5004,0,0,0,,,,,,
cal_amb_candidate_sequence,o_en_sar9_dc_low,MATCH,5004,0,0,0,,,,,,
cal_amb_candidate_sequence,o_en_sar9_iref,MATCH,5004,0,0,0,,,,,,
cal_amb_candidate_sequence,o_en_sar15_amb_low,MATCH,5004,0,0,0,,,,,,
cal_amb_candidate_sequence,o_en_sar15_dc_low,MATCH,5004,0,0,0,,,,,,
cal_amb_candidate_sequence,o_en_sar15_iref,MATCH,5004,0,0,0,,,,,,
cal_amb_candidate_sequence,o_idac_sar9ambn_low,MATCH,5004,0,0,0,,,,,,
cal_amb_candidate_sequence,o_idac_sar9dcn_low,MATCH,5004,0,0,0,,,,,,
cal_amb_candidate_sequence,o_idac_sar15ambn_low,MATCH,5004,0,0,0,,,,,,
cal_amb_candidate_sequence,o_idac_sar15dcn_low,MATCH,5004,0,0,0,,,,,,
cal_amb_candidate_sequence,o_s_in,MATCH,5004,0,0,0,,,,,,
stop_red_sar9_before_preheat,o_en_tia_low,V18-F06,5004,0,20,20,283,283,283,0,1,302
stop_red_sar9_before_preheat,o_leddac,V18-F06,5004,0,3,12,298,298,298,0,165,300
stop_red_sar9_before_preheat,o_leden1_low,V18-F06,5004,0,3,3,298,298,298,0,1,300
stop_red_sar9_before_preheat,o_leden2_low,MATCH,5004,0,0,0,,,,,,
stop_red_sar9_before_preheat,o_en_test,MATCH,5004,0,0,0,,,,,,
stop_red_sar9_before_preheat,o_clk_buf_low,MATCH,5004,0,0,0,,,,,,
stop_red_sar9_before_preheat,o_clk_2m,MATCH,5004,0,0,0,,,,,,
stop_red_sar9_before_preheat,o_clk_iref_idac_low,V18-F06,5004,0,40,40,263,263,263,0,1,302
stop_red_sar9_before_preheat,o_clk_9q1_low,V18-F06,5004,0,9,9,293,293,293,0,1,301
stop_red_sar9_before_preheat,o_clk_15q1_low,MATCH,5004,0,0,0,,,,,,
stop_red_sar9_before_preheat,o_clk_aferst_low,V18-F06,5004,0,12,12,283,283,283,0,1,294
stop_red_sar9_before_preheat,o_clk_iref_idac_sar9_low,V18-F06,5004,0,274,274,44,44,44,0,1,317
stop_red_sar9_before_preheat,o_clk_iref_idac_sar15_low,MATCH,5004,0,0,0,,,,,,
stop_red_sar9_before_preheat,o_clk_q2_low,V18-F06,5004,0,2,2,296,296,296,0,1,297
stop_red_sar9_before_preheat,o_clk_q3_low,V18-F06,5004,0,2,2,299,299,299,0,1,300
stop_red_sar9_before_preheat,o_clk_tiaen_low,V18-F06,5004,0,20,20,283,283,283,0,1,302
stop_red_sar9_before_preheat,o_en_15sar_low,MATCH,5004,0,0,0,,,,,,
stop_red_sar9_before_preheat,o_en_sar9_amb_low,V18-F06,5004,0,54,54,256,256,256,0,1,309
stop_red_sar9_before_preheat,o_en_sar9_dc_low,V18-F06,5004,0,54,54,256,256,256,0,1,309
stop_red_sar9_before_preheat,o_en_sar9_iref,V18-F06,5004,0,72,72,236,236,236,0,1,307
stop_red_sar9_before_preheat,o_en_sar15_amb_low,MATCH,5004,0,0,0,,,,,,
stop_red_sar9_before_preheat,o_en_sar15_dc_low,MATCH,5004,0,0,0,,,,,,
stop_red_sar9_before_preheat,o_en_sar15_iref,MATCH,5004,0,0,0,,,,,,
stop_red_sar9_before_preheat,o_idac_sar9ambn_low,V18-F06,5004,0,52,208,258,258,258,0,165,309
stop_red_sar9_before_preheat,o_idac_sar9dcn_low,V18-F06,5004,0,44,176,266,266,266,0,90,309
stop_red_sar9_before_preheat,o_idac_sar15ambn_low,MATCH,5004,0,0,0,,,,,,
stop_red_sar9_before_preheat,o_idac_sar15dcn_low,MATCH,5004,0,0,0,,,,,,
stop_red_sar9_before_preheat,o_s_in,MATCH,5004,0,0,0,,,,,,
stop_red_sar9_after_preheat,o_en_tia_low,MATCH,5004,0,0,0,,,,,,
stop_red_sar9_after_preheat,o_leddac,MATCH,5004,0,0,0,,,,,,
stop_red_sar9_after_preheat,o_leden1_low,V18-F02,5004,0,1,1,298,298,298,0,1,298
stop_red_sar9_after_preheat,o_leden2_low,MATCH,5004,0,0,0,,,,,,
stop_red_sar9_after_preheat,o_en_test,MATCH,5004,0,0,0,,,,,,
stop_red_sar9_after_preheat,o_clk_buf_low,MATCH,5004,0,0,0,,,,,,
stop_red_sar9_after_preheat,o_clk_2m,MATCH,5004,0,0,0,,,,,,
stop_red_sar9_after_preheat,o_clk_iref_idac_low,MATCH,5004,0,0,0,,,,,,
stop_red_sar9_after_preheat,o_clk_9q1_low,MATCH,5004,0,0,0,,,,,,
stop_red_sar9_after_preheat,o_clk_15q1_low,MATCH,5004,0,0,0,,,,,,
stop_red_sar9_after_preheat,o_clk_aferst_low,MATCH,5004,0,0,0,,,,,,
stop_red_sar9_after_preheat,o_clk_iref_idac_sar9_low,MATCH,5004,0,0,0,,,,,,
stop_red_sar9_after_preheat,o_clk_iref_idac_sar15_low,MATCH,5004,0,0,0,,,,,,
stop_red_sar9_after_preheat,o_clk_q2_low,MATCH,5004,0,0,0,,,,,,
stop_red_sar9_after_preheat,o_clk_q3_low,MATCH,5004,0,0,0,,,,,,
stop_red_sar9_after_preheat,o_clk_tiaen_low,MATCH,5004,0,0,0,,,,,,
stop_red_sar9_after_preheat,o_en_15sar_low,MATCH,5004,0,0,0,,,,,,
stop_red_sar9_after_preheat,o_en_sar9_amb_low,MATCH,5004,0,0,0,,,,,,
stop_red_sar9_after_preheat,o_en_sar9_dc_low,MATCH,5004,0,0,0,,,,,,
stop_red_sar9_after_preheat,o_en_sar9_iref,MATCH,5004,0,0,0,,,,,,
stop_red_sar9_after_preheat,o_en_sar15_amb_low,MATCH,5004,0,0,0,,,,,,
stop_red_sar9_after_preheat,o_en_sar15_dc_low,MATCH,5004,0,0,0,,,,,,
stop_red_sar9_after_preheat,o_en_sar15_iref,MATCH,5004,0,0,0,,,,,,
stop_red_sar9_after_preheat,o_idac_sar9ambn_low,MATCH,5004,0,0,0,,,,,,
stop_red_sar9_after_preheat,o_idac_sar9dcn_low,MATCH,5004,0,0,0,,,,,,
stop_red_sar9_after_preheat,o_idac_sar15ambn_low,MATCH,5004,0,0,0,,,,,,
stop_red_sar9_after_preheat,o_idac_sar15dcn_low,MATCH,5004,0,0,0,,,,,,
stop_red_sar9_after_preheat,o_s_in,MATCH,5004,0,0,0,,,,,,
stop_red_sar9_before_q1,o_en_tia_low,MATCH,5004,0,0,0,,,,,,
stop_red_sar9_before_q1,o_leddac,MATCH,5004,0,0,0,,,,,,
stop_red_sar9_before_q1,o_leden1_low,V18-F02,5004,0,1,1,298,298,298,0,1,298
stop_red_sar9_before_q1,o_leden2_low,MATCH,5004,0,0,0,,,,,,
stop_red_sar9_before_q1,o_en_test,MATCH,5004,0,0,0,,,,,,
stop_red_sar9_before_q1,o_clk_buf_low,MATCH,5004,0,0,0,,,,,,
stop_red_sar9_before_q1,o_clk_2m,MATCH,5004,0,0,0,,,,,,
stop_red_sar9_before_q1,o_clk_iref_idac_low,MATCH,5004,0,0,0,,,,,,
stop_red_sar9_before_q1,o_clk_9q1_low,MATCH,5004,0,0,0,,,,,,
stop_red_sar9_before_q1,o_clk_15q1_low,MATCH,5004,0,0,0,,,,,,
stop_red_sar9_before_q1,o_clk_aferst_low,MATCH,5004,0,0,0,,,,,,
stop_red_sar9_before_q1,o_clk_iref_idac_sar9_low,MATCH,5004,0,0,0,,,,,,
stop_red_sar9_before_q1,o_clk_iref_idac_sar15_low,MATCH,5004,0,0,0,,,,,,
stop_red_sar9_before_q1,o_clk_q2_low,MATCH,5004,0,0,0,,,,,,
stop_red_sar9_before_q1,o_clk_q3_low,MATCH,5004,0,0,0,,,,,,
stop_red_sar9_before_q1,o_clk_tiaen_low,MATCH,5004,0,0,0,,,,,,
stop_red_sar9_before_q1,o_en_15sar_low,MATCH,5004,0,0,0,,,,,,
stop_red_sar9_before_q1,o_en_sar9_amb_low,MATCH,5004,0,0,0,,,,,,
stop_red_sar9_before_q1,o_en_sar9_dc_low,MATCH,5004,0,0,0,,,,,,
stop_red_sar9_before_q1,o_en_sar9_iref,MATCH,5004,0,0,0,,,,,,
stop_red_sar9_before_q1,o_en_sar15_amb_low,MATCH,5004,0,0,0,,,,,,
stop_red_sar9_before_q1,o_en_sar15_dc_low,MATCH,5004,0,0,0,,,,,,
stop_red_sar9_before_q1,o_en_sar15_iref,MATCH,5004,0,0,0,,,,,,
stop_red_sar9_before_q1,o_idac_sar9ambn_low,MATCH,5004,0,0,0,,,,,,
stop_red_sar9_before_q1,o_idac_sar9dcn_low,MATCH,5004,0,0,0,,,,,,
stop_red_sar9_before_q1,o_idac_sar15ambn_low,MATCH,5004,0,0,0,,,,,,
stop_red_sar9_before_q1,o_idac_sar15dcn_low,MATCH,5004,0,0,0,,,,,,
stop_red_sar9_before_q1,o_s_in,MATCH,5004,0,0,0,,,,,,
stop_red_sar9_in_q3,o_en_tia_low,MATCH,5004,0,0,0,,,,,,
stop_red_sar9_in_q3,o_leddac,MATCH,5004,0,0,0,,,,,,
stop_red_sar9_in_q3,o_leden1_low,V18-F02,5004,0,1,1,298,298,298,0,1,298
stop_red_sar9_in_q3,o_leden2_low,MATCH,5004,0,0,0,,,,,,
stop_red_sar9_in_q3,o_en_test,MATCH,5004,0,0,0,,,,,,
stop_red_sar9_in_q3,o_clk_buf_low,MATCH,5004,0,0,0,,,,,,
stop_red_sar9_in_q3,o_clk_2m,MATCH,5004,0,0,0,,,,,,
stop_red_sar9_in_q3,o_clk_iref_idac_low,MATCH,5004,0,0,0,,,,,,
stop_red_sar9_in_q3,o_clk_9q1_low,MATCH,5004,0,0,0,,,,,,
stop_red_sar9_in_q3,o_clk_15q1_low,MATCH,5004,0,0,0,,,,,,
stop_red_sar9_in_q3,o_clk_aferst_low,MATCH,5004,0,0,0,,,,,,
stop_red_sar9_in_q3,o_clk_iref_idac_sar9_low,MATCH,5004,0,0,0,,,,,,
stop_red_sar9_in_q3,o_clk_iref_idac_sar15_low,MATCH,5004,0,0,0,,,,,,
stop_red_sar9_in_q3,o_clk_q2_low,MATCH,5004,0,0,0,,,,,,
stop_red_sar9_in_q3,o_clk_q3_low,MATCH,5004,0,0,0,,,,,,
stop_red_sar9_in_q3,o_clk_tiaen_low,MATCH,5004,0,0,0,,,,,,
stop_red_sar9_in_q3,o_en_15sar_low,MATCH,5004,0,0,0,,,,,,
stop_red_sar9_in_q3,o_en_sar9_amb_low,MATCH,5004,0,0,0,,,,,,
stop_red_sar9_in_q3,o_en_sar9_dc_low,MATCH,5004,0,0,0,,,,,,
stop_red_sar9_in_q3,o_en_sar9_iref,MATCH,5004,0,0,0,,,,,,
stop_red_sar9_in_q3,o_en_sar15_amb_low,MATCH,5004,0,0,0,,,,,,
stop_red_sar9_in_q3,o_en_sar15_dc_low,MATCH,5004,0,0,0,,,,,,
stop_red_sar9_in_q3,o_en_sar15_iref,MATCH,5004,0,0,0,,,,,,
stop_red_sar9_in_q3,o_idac_sar9ambn_low,MATCH,5004,0,0,0,,,,,,
stop_red_sar9_in_q3,o_idac_sar9dcn_low,MATCH,5004,0,0,0,,,,,,
stop_red_sar9_in_q3,o_idac_sar15ambn_low,MATCH,5004,0,0,0,,,,,,
stop_red_sar9_in_q3,o_idac_sar15dcn_low,MATCH,5004,0,0,0,,,,,,
stop_red_sar9_in_q3,o_s_in,MATCH,5004,0,0,0,,,,,,
stop_red_sar9_after_q3,o_en_tia_low,MATCH,5004,0,0,0,,,,,,
stop_red_sar9_after_q3,o_leddac,MATCH,5004,0,0,0,,,,,,
stop_red_sar9_after_q3,o_leden1_low,V18-F02,5004,0,1,1,298,298,298,0,1,298
stop_red_sar9_after_q3,o_leden2_low,MATCH,5004,0,0,0,,,,,,
stop_red_sar9_after_q3,o_en_test,MATCH,5004,0,0,0,,,,,,
stop_red_sar9_after_q3,o_clk_buf_low,MATCH,5004,0,0,0,,,,,,
stop_red_sar9_after_q3,o_clk_2m,MATCH,5004,0,0,0,,,,,,
stop_red_sar9_after_q3,o_clk_iref_idac_low,MATCH,5004,0,0,0,,,,,,
stop_red_sar9_after_q3,o_clk_9q1_low,MATCH,5004,0,0,0,,,,,,
stop_red_sar9_after_q3,o_clk_15q1_low,MATCH,5004,0,0,0,,,,,,
stop_red_sar9_after_q3,o_clk_aferst_low,MATCH,5004,0,0,0,,,,,,
stop_red_sar9_after_q3,o_clk_iref_idac_sar9_low,MATCH,5004,0,0,0,,,,,,
stop_red_sar9_after_q3,o_clk_iref_idac_sar15_low,MATCH,5004,0,0,0,,,,,,
stop_red_sar9_after_q3,o_clk_q2_low,MATCH,5004,0,0,0,,,,,,
stop_red_sar9_after_q3,o_clk_q3_low,MATCH,5004,0,0,0,,,,,,
stop_red_sar9_after_q3,o_clk_tiaen_low,MATCH,5004,0,0,0,,,,,,
stop_red_sar9_after_q3,o_en_15sar_low,MATCH,5004,0,0,0,,,,,,
stop_red_sar9_after_q3,o_en_sar9_amb_low,MATCH,5004,0,0,0,,,,,,
stop_red_sar9_after_q3,o_en_sar9_dc_low,MATCH,5004,0,0,0,,,,,,
stop_red_sar9_after_q3,o_en_sar9_iref,MATCH,5004,0,0,0,,,,,,
stop_red_sar9_after_q3,o_en_sar15_amb_low,MATCH,5004,0,0,0,,,,,,
stop_red_sar9_after_q3,o_en_sar15_dc_low,MATCH,5004,0,0,0,,,,,,
stop_red_sar9_after_q3,o_en_sar15_iref,MATCH,5004,0,0,0,,,,,,
stop_red_sar9_after_q3,o_idac_sar9ambn_low,MATCH,5004,0,0,0,,,,,,
stop_red_sar9_after_q3,o_idac_sar9dcn_low,MATCH,5004,0,0,0,,,,,,
stop_red_sar9_after_q3,o_idac_sar15ambn_low,MATCH,5004,0,0,0,,,,,,
stop_red_sar9_after_q3,o_idac_sar15dcn_low,MATCH,5004,0,0,0,,,,,,
stop_red_sar9_after_q3,o_s_in,MATCH,5004,0,0,0,,,,,,
stop_red_sar9_before_end,o_en_tia_low,MATCH,5004,0,0,0,,,,,,
stop_red_sar9_before_end,o_leddac,MATCH,5004,0,0,0,,,,,,
stop_red_sar9_before_end,o_leden1_low,V18-F02,5004,0,1,1,298,298,298,0,1,298
stop_red_sar9_before_end,o_leden2_low,MATCH,5004,0,0,0,,,,,,
stop_red_sar9_before_end,o_en_test,MATCH,5004,0,0,0,,,,,,
stop_red_sar9_before_end,o_clk_buf_low,MATCH,5004,0,0,0,,,,,,
stop_red_sar9_before_end,o_clk_2m,MATCH,5004,0,0,0,,,,,,
stop_red_sar9_before_end,o_clk_iref_idac_low,MATCH,5004,0,0,0,,,,,,
stop_red_sar9_before_end,o_clk_9q1_low,MATCH,5004,0,0,0,,,,,,
stop_red_sar9_before_end,o_clk_15q1_low,MATCH,5004,0,0,0,,,,,,
stop_red_sar9_before_end,o_clk_aferst_low,MATCH,5004,0,0,0,,,,,,
stop_red_sar9_before_end,o_clk_iref_idac_sar9_low,MATCH,5004,0,0,0,,,,,,
stop_red_sar9_before_end,o_clk_iref_idac_sar15_low,MATCH,5004,0,0,0,,,,,,
stop_red_sar9_before_end,o_clk_q2_low,MATCH,5004,0,0,0,,,,,,
stop_red_sar9_before_end,o_clk_q3_low,MATCH,5004,0,0,0,,,,,,
stop_red_sar9_before_end,o_clk_tiaen_low,MATCH,5004,0,0,0,,,,,,
stop_red_sar9_before_end,o_en_15sar_low,MATCH,5004,0,0,0,,,,,,
stop_red_sar9_before_end,o_en_sar9_amb_low,MATCH,5004,0,0,0,,,,,,
stop_red_sar9_before_end,o_en_sar9_dc_low,MATCH,5004,0,0,0,,,,,,
stop_red_sar9_before_end,o_en_sar9_iref,MATCH,5004,0,0,0,,,,,,
stop_red_sar9_before_end,o_en_sar15_amb_low,MATCH,5004,0,0,0,,,,,,
stop_red_sar9_before_end,o_en_sar15_dc_low,MATCH,5004,0,0,0,,,,,,
stop_red_sar9_before_end,o_en_sar15_iref,MATCH,5004,0,0,0,,,,,,
stop_red_sar9_before_end,o_idac_sar9ambn_low,MATCH,5004,0,0,0,,,,,,
stop_red_sar9_before_end,o_idac_sar9dcn_low,MATCH,5004,0,0,0,,,,,,
stop_red_sar9_before_end,o_idac_sar15ambn_low,MATCH,5004,0,0,0,,,,,,
stop_red_sar9_before_end,o_idac_sar15dcn_low,MATCH,5004,0,0,0,,,,,,
stop_red_sar9_before_end,o_s_in,MATCH,5004,0,0,0,,,,,,
abort_red_sar9_before_preheat,o_en_tia_low,MATCH,5004,0,0,0,,,,,,
abort_red_sar9_before_preheat,o_leddac,MATCH,5004,0,0,0,,,,,,
abort_red_sar9_before_preheat,o_leden1_low,MATCH,5004,0,0,0,,,,,,
abort_red_sar9_before_preheat,o_leden2_low,MATCH,5004,0,0,0,,,,,,
abort_red_sar9_before_preheat,o_en_test,MATCH,5004,0,0,0,,,,,,
abort_red_sar9_before_preheat,o_clk_buf_low,MATCH,5004,0,0,0,,,,,,
abort_red_sar9_before_preheat,o_clk_2m,MATCH,5004,0,0,0,,,,,,
abort_red_sar9_before_preheat,o_clk_iref_idac_low,MATCH,5004,0,0,0,,,,,,
abort_red_sar9_before_preheat,o_clk_9q1_low,MATCH,5004,0,0,0,,,,,,
abort_red_sar9_before_preheat,o_clk_15q1_low,MATCH,5004,0,0,0,,,,,,
abort_red_sar9_before_preheat,o_clk_aferst_low,MATCH,5004,0,0,0,,,,,,
abort_red_sar9_before_preheat,o_clk_iref_idac_sar9_low,MATCH,5004,0,0,0,,,,,,
abort_red_sar9_before_preheat,o_clk_iref_idac_sar15_low,MATCH,5004,0,0,0,,,,,,
abort_red_sar9_before_preheat,o_clk_q2_low,MATCH,5004,0,0,0,,,,,,
abort_red_sar9_before_preheat,o_clk_q3_low,MATCH,5004,0,0,0,,,,,,
abort_red_sar9_before_preheat,o_clk_tiaen_low,MATCH,5004,0,0,0,,,,,,
abort_red_sar9_before_preheat,o_en_15sar_low,MATCH,5004,0,0,0,,,,,,
abort_red_sar9_before_preheat,o_en_sar9_amb_low,MATCH,5004,0,0,0,,,,,,
abort_red_sar9_before_preheat,o_en_sar9_dc_low,MATCH,5004,0,0,0,,,,,,
abort_red_sar9_before_preheat,o_en_sar9_iref,MATCH,5004,0,0,0,,,,,,
abort_red_sar9_before_preheat,o_en_sar15_amb_low,MATCH,5004,0,0,0,,,,,,
abort_red_sar9_before_preheat,o_en_sar15_dc_low,MATCH,5004,0,0,0,,,,,,
abort_red_sar9_before_preheat,o_en_sar15_iref,MATCH,5004,0,0,0,,,,,,
abort_red_sar9_before_preheat,o_idac_sar9ambn_low,MATCH,5004,0,0,0,,,,,,
abort_red_sar9_before_preheat,o_idac_sar9dcn_low,MATCH,5004,0,0,0,,,,,,
abort_red_sar9_before_preheat,o_idac_sar15ambn_low,MATCH,5004,0,0,0,,,,,,
abort_red_sar9_before_preheat,o_idac_sar15dcn_low,MATCH,5004,0,0,0,,,,,,
abort_red_sar9_before_preheat,o_s_in,MATCH,5004,0,0,0,,,,,,
abort_red_sar9_after_preheat,o_en_tia_low,MATCH,5004,0,0,0,,,,,,
abort_red_sar9_after_preheat,o_leddac,MATCH,5004,0,0,0,,,,,,
abort_red_sar9_after_preheat,o_leden1_low,MATCH,5004,0,0,0,,,,,,
abort_red_sar9_after_preheat,o_leden2_low,MATCH,5004,0,0,0,,,,,,
abort_red_sar9_after_preheat,o_en_test,MATCH,5004,0,0,0,,,,,,
abort_red_sar9_after_preheat,o_clk_buf_low,MATCH,5004,0,0,0,,,,,,
abort_red_sar9_after_preheat,o_clk_2m,MATCH,5004,0,0,0,,,,,,
abort_red_sar9_after_preheat,o_clk_iref_idac_low,MATCH,5004,0,0,0,,,,,,
abort_red_sar9_after_preheat,o_clk_9q1_low,MATCH,5004,0,0,0,,,,,,
abort_red_sar9_after_preheat,o_clk_15q1_low,MATCH,5004,0,0,0,,,,,,
abort_red_sar9_after_preheat,o_clk_aferst_low,MATCH,5004,0,0,0,,,,,,
abort_red_sar9_after_preheat,o_clk_iref_idac_sar9_low,MATCH,5004,0,0,0,,,,,,
abort_red_sar9_after_preheat,o_clk_iref_idac_sar15_low,MATCH,5004,0,0,0,,,,,,
abort_red_sar9_after_preheat,o_clk_q2_low,MATCH,5004,0,0,0,,,,,,
abort_red_sar9_after_preheat,o_clk_q3_low,MATCH,5004,0,0,0,,,,,,
abort_red_sar9_after_preheat,o_clk_tiaen_low,MATCH,5004,0,0,0,,,,,,
abort_red_sar9_after_preheat,o_en_15sar_low,MATCH,5004,0,0,0,,,,,,
abort_red_sar9_after_preheat,o_en_sar9_amb_low,MATCH,5004,0,0,0,,,,,,
abort_red_sar9_after_preheat,o_en_sar9_dc_low,MATCH,5004,0,0,0,,,,,,
abort_red_sar9_after_preheat,o_en_sar9_iref,MATCH,5004,0,0,0,,,,,,
abort_red_sar9_after_preheat,o_en_sar15_amb_low,MATCH,5004,0,0,0,,,,,,
abort_red_sar9_after_preheat,o_en_sar15_dc_low,MATCH,5004,0,0,0,,,,,,
abort_red_sar9_after_preheat,o_en_sar15_iref,MATCH,5004,0,0,0,,,,,,
abort_red_sar9_after_preheat,o_idac_sar9ambn_low,MATCH,5004,0,0,0,,,,,,
abort_red_sar9_after_preheat,o_idac_sar9dcn_low,MATCH,5004,0,0,0,,,,,,
abort_red_sar9_after_preheat,o_idac_sar15ambn_low,MATCH,5004,0,0,0,,,,,,
abort_red_sar9_after_preheat,o_idac_sar15dcn_low,MATCH,5004,0,0,0,,,,,,
abort_red_sar9_after_preheat,o_s_in,MATCH,5004,0,0,0,,,,,,
abort_red_sar9_before_q1,o_en_tia_low,MATCH,5004,0,0,0,,,,,,
abort_red_sar9_before_q1,o_leddac,MATCH,5004,0,0,0,,,,,,
abort_red_sar9_before_q1,o_leden1_low,MATCH,5004,0,0,0,,,,,,
abort_red_sar9_before_q1,o_leden2_low,MATCH,5004,0,0,0,,,,,,
abort_red_sar9_before_q1,o_en_test,MATCH,5004,0,0,0,,,,,,
abort_red_sar9_before_q1,o_clk_buf_low,MATCH,5004,0,0,0,,,,,,
abort_red_sar9_before_q1,o_clk_2m,MATCH,5004,0,0,0,,,,,,
abort_red_sar9_before_q1,o_clk_iref_idac_low,MATCH,5004,0,0,0,,,,,,
abort_red_sar9_before_q1,o_clk_9q1_low,MATCH,5004,0,0,0,,,,,,
abort_red_sar9_before_q1,o_clk_15q1_low,MATCH,5004,0,0,0,,,,,,
abort_red_sar9_before_q1,o_clk_aferst_low,MATCH,5004,0,0,0,,,,,,
abort_red_sar9_before_q1,o_clk_iref_idac_sar9_low,MATCH,5004,0,0,0,,,,,,
abort_red_sar9_before_q1,o_clk_iref_idac_sar15_low,MATCH,5004,0,0,0,,,,,,
abort_red_sar9_before_q1,o_clk_q2_low,MATCH,5004,0,0,0,,,,,,
abort_red_sar9_before_q1,o_clk_q3_low,MATCH,5004,0,0,0,,,,,,
abort_red_sar9_before_q1,o_clk_tiaen_low,MATCH,5004,0,0,0,,,,,,
abort_red_sar9_before_q1,o_en_15sar_low,MATCH,5004,0,0,0,,,,,,
abort_red_sar9_before_q1,o_en_sar9_amb_low,MATCH,5004,0,0,0,,,,,,
abort_red_sar9_before_q1,o_en_sar9_dc_low,MATCH,5004,0,0,0,,,,,,
abort_red_sar9_before_q1,o_en_sar9_iref,MATCH,5004,0,0,0,,,,,,
abort_red_sar9_before_q1,o_en_sar15_amb_low,MATCH,5004,0,0,0,,,,,,
abort_red_sar9_before_q1,o_en_sar15_dc_low,MATCH,5004,0,0,0,,,,,,
abort_red_sar9_before_q1,o_en_sar15_iref,MATCH,5004,0,0,0,,,,,,
abort_red_sar9_before_q1,o_idac_sar9ambn_low,MATCH,5004,0,0,0,,,,,,
abort_red_sar9_before_q1,o_idac_sar9dcn_low,MATCH,5004,0,0,0,,,,,,
abort_red_sar9_before_q1,o_idac_sar15ambn_low,MATCH,5004,0,0,0,,,,,,
abort_red_sar9_before_q1,o_idac_sar15dcn_low,MATCH,5004,0,0,0,,,,,,
abort_red_sar9_before_q1,o_s_in,MATCH,5004,0,0,0,,,,,,
abort_red_sar9_in_q3,o_en_tia_low,MATCH,5004,0,0,0,,,,,,
abort_red_sar9_in_q3,o_leddac,MATCH,5004,0,0,0,,,,,,
abort_red_sar9_in_q3,o_leden1_low,V18-F02,5004,0,1,1,298,298,298,0,1,298
abort_red_sar9_in_q3,o_leden2_low,MATCH,5004,0,0,0,,,,,,
abort_red_sar9_in_q3,o_en_test,MATCH,5004,0,0,0,,,,,,
abort_red_sar9_in_q3,o_clk_buf_low,MATCH,5004,0,0,0,,,,,,
abort_red_sar9_in_q3,o_clk_2m,MATCH,5004,0,0,0,,,,,,
abort_red_sar9_in_q3,o_clk_iref_idac_low,MATCH,5004,0,0,0,,,,,,
abort_red_sar9_in_q3,o_clk_9q1_low,MATCH,5004,0,0,0,,,,,,
abort_red_sar9_in_q3,o_clk_15q1_low,MATCH,5004,0,0,0,,,,,,
abort_red_sar9_in_q3,o_clk_aferst_low,MATCH,5004,0,0,0,,,,,,
abort_red_sar9_in_q3,o_clk_iref_idac_sar9_low,MATCH,5004,0,0,0,,,,,,
abort_red_sar9_in_q3,o_clk_iref_idac_sar15_low,MATCH,5004,0,0,0,,,,,,
abort_red_sar9_in_q3,o_clk_q2_low,MATCH,5004,0,0,0,,,,,,
abort_red_sar9_in_q3,o_clk_q3_low,MATCH,5004,0,0,0,,,,,,
abort_red_sar9_in_q3,o_clk_tiaen_low,MATCH,5004,0,0,0,,,,,,
abort_red_sar9_in_q3,o_en_15sar_low,MATCH,5004,0,0,0,,,,,,
abort_red_sar9_in_q3,o_en_sar9_amb_low,MATCH,5004,0,0,0,,,,,,
abort_red_sar9_in_q3,o_en_sar9_dc_low,MATCH,5004,0,0,0,,,,,,
abort_red_sar9_in_q3,o_en_sar9_iref,MATCH,5004,0,0,0,,,,,,
abort_red_sar9_in_q3,o_en_sar15_amb_low,MATCH,5004,0,0,0,,,,,,
abort_red_sar9_in_q3,o_en_sar15_dc_low,MATCH,5004,0,0,0,,,,,,
abort_red_sar9_in_q3,o_en_sar15_iref,MATCH,5004,0,0,0,,,,,,
abort_red_sar9_in_q3,o_idac_sar9ambn_low,MATCH,5004,0,0,0,,,,,,
abort_red_sar9_in_q3,o_idac_sar9dcn_low,MATCH,5004,0,0,0,,,,,,
abort_red_sar9_in_q3,o_idac_sar15ambn_low,MATCH,5004,0,0,0,,,,,,
abort_red_sar9_in_q3,o_idac_sar15dcn_low,MATCH,5004,0,0,0,,,,,,
abort_red_sar9_in_q3,o_s_in,MATCH,5004,0,0,0,,,,,,
abort_red_sar9_after_q3,o_en_tia_low,MATCH,5004,0,0,0,,,,,,
abort_red_sar9_after_q3,o_leddac,MATCH,5004,0,0,0,,,,,,
abort_red_sar9_after_q3,o_leden1_low,V18-F02,5004,0,1,1,298,298,298,0,1,298
abort_red_sar9_after_q3,o_leden2_low,MATCH,5004,0,0,0,,,,,,
abort_red_sar9_after_q3,o_en_test,MATCH,5004,0,0,0,,,,,,
abort_red_sar9_after_q3,o_clk_buf_low,MATCH,5004,0,0,0,,,,,,
abort_red_sar9_after_q3,o_clk_2m,MATCH,5004,0,0,0,,,,,,
abort_red_sar9_after_q3,o_clk_iref_idac_low,MATCH,5004,0,0,0,,,,,,
abort_red_sar9_after_q3,o_clk_9q1_low,MATCH,5004,0,0,0,,,,,,
abort_red_sar9_after_q3,o_clk_15q1_low,MATCH,5004,0,0,0,,,,,,
abort_red_sar9_after_q3,o_clk_aferst_low,MATCH,5004,0,0,0,,,,,,
abort_red_sar9_after_q3,o_clk_iref_idac_sar9_low,MATCH,5004,0,0,0,,,,,,
abort_red_sar9_after_q3,o_clk_iref_idac_sar15_low,MATCH,5004,0,0,0,,,,,,
abort_red_sar9_after_q3,o_clk_q2_low,MATCH,5004,0,0,0,,,,,,
abort_red_sar9_after_q3,o_clk_q3_low,MATCH,5004,0,0,0,,,,,,
abort_red_sar9_after_q3,o_clk_tiaen_low,MATCH,5004,0,0,0,,,,,,
abort_red_sar9_after_q3,o_en_15sar_low,MATCH,5004,0,0,0,,,,,,
abort_red_sar9_after_q3,o_en_sar9_amb_low,MATCH,5004,0,0,0,,,,,,
abort_red_sar9_after_q3,o_en_sar9_dc_low,MATCH,5004,0,0,0,,,,,,
abort_red_sar9_after_q3,o_en_sar9_iref,MATCH,5004,0,0,0,,,,,,
abort_red_sar9_after_q3,o_en_sar15_amb_low,MATCH,5004,0,0,0,,,,,,
abort_red_sar9_after_q3,o_en_sar15_dc_low,MATCH,5004,0,0,0,,,,,,
abort_red_sar9_after_q3,o_en_sar15_iref,MATCH,5004,0,0,0,,,,,,
abort_red_sar9_after_q3,o_idac_sar9ambn_low,MATCH,5004,0,0,0,,,,,,
abort_red_sar9_after_q3,o_idac_sar9dcn_low,MATCH,5004,0,0,0,,,,,,
abort_red_sar9_after_q3,o_idac_sar15ambn_low,MATCH,5004,0,0,0,,,,,,
abort_red_sar9_after_q3,o_idac_sar15dcn_low,MATCH,5004,0,0,0,,,,,,
abort_red_sar9_after_q3,o_s_in,MATCH,5004,0,0,0,,,,,,
abort_red_sar9_before_end,o_en_tia_low,MATCH,5004,0,0,0,,,,,,
abort_red_sar9_before_end,o_leddac,MATCH,5004,0,0,0,,,,,,
abort_red_sar9_before_end,o_leden1_low,V18-F02,5004,0,1,1,298,298,298,0,1,298
abort_red_sar9_before_end,o_leden2_low,MATCH,5004,0,0,0,,,,,,
abort_red_sar9_before_end,o_en_test,MATCH,5004,0,0,0,,,,,,
abort_red_sar9_before_end,o_clk_buf_low,MATCH,5004,0,0,0,,,,,,
abort_red_sar9_before_end,o_clk_2m,MATCH,5004,0,0,0,,,,,,
abort_red_sar9_before_end,o_clk_iref_idac_low,MATCH,5004,0,0,0,,,,,,
abort_red_sar9_before_end,o_clk_9q1_low,MATCH,5004,0,0,0,,,,,,
abort_red_sar9_before_end,o_clk_15q1_low,MATCH,5004,0,0,0,,,,,,
abort_red_sar9_before_end,o_clk_aferst_low,MATCH,5004,0,0,0,,,,,,
abort_red_sar9_before_end,o_clk_iref_idac_sar9_low,MATCH,5004,0,0,0,,,,,,
abort_red_sar9_before_end,o_clk_iref_idac_sar15_low,MATCH,5004,0,0,0,,,,,,
abort_red_sar9_before_end,o_clk_q2_low,MATCH,5004,0,0,0,,,,,,
abort_red_sar9_before_end,o_clk_q3_low,MATCH,5004,0,0,0,,,,,,
abort_red_sar9_before_end,o_clk_tiaen_low,MATCH,5004,0,0,0,,,,,,
abort_red_sar9_before_end,o_en_15sar_low,MATCH,5004,0,0,0,,,,,,
abort_red_sar9_before_end,o_en_sar9_amb_low,MATCH,5004,0,0,0,,,,,,
abort_red_sar9_before_end,o_en_sar9_dc_low,MATCH,5004,0,0,0,,,,,,
abort_red_sar9_before_end,o_en_sar9_iref,MATCH,5004,0,0,0,,,,,,
abort_red_sar9_before_end,o_en_sar15_amb_low,MATCH,5004,0,0,0,,,,,,
abort_red_sar9_before_end,o_en_sar15_dc_low,MATCH,5004,0,0,0,,,,,,
abort_red_sar9_before_end,o_en_sar15_iref,MATCH,5004,0,0,0,,,,,,
abort_red_sar9_before_end,o_idac_sar9ambn_low,MATCH,5004,0,0,0,,,,,,
abort_red_sar9_before_end,o_idac_sar9dcn_low,MATCH,5004,0,0,0,,,,,,
abort_red_sar9_before_end,o_idac_sar15ambn_low,MATCH,5004,0,0,0,,,,,,
abort_red_sar9_before_end,o_idac_sar15dcn_low,MATCH,5004,0,0,0,,,,,,
abort_red_sar9_before_end,o_s_in,MATCH,5004,0,0,0,,,,,,
stop_ir_sar9_before_preheat,o_en_tia_low,MATCH,5004,0,0,0,,,,,,
stop_ir_sar9_before_preheat,o_leddac,MATCH,5004,0,0,0,,,,,,
stop_ir_sar9_before_preheat,o_leden1_low,MATCH,5004,0,0,0,,,,,,
stop_ir_sar9_before_preheat,o_leden2_low,MATCH,5004,0,0,0,,,,,,
stop_ir_sar9_before_preheat,o_en_test,MATCH,5004,0,0,0,,,,,,
stop_ir_sar9_before_preheat,o_clk_buf_low,MATCH,5004,0,0,0,,,,,,
stop_ir_sar9_before_preheat,o_clk_2m,MATCH,5004,0,0,0,,,,,,
stop_ir_sar9_before_preheat,o_clk_iref_idac_low,V18-F06,5004,0,40,40,423,423,423,0,1,462
stop_ir_sar9_before_preheat,o_clk_9q1_low,MATCH,5004,0,0,0,,,,,,
stop_ir_sar9_before_preheat,o_clk_15q1_low,MATCH,5004,0,0,0,,,,,,
stop_ir_sar9_before_preheat,o_clk_aferst_low,MATCH,5004,0,0,0,,,,,,
stop_ir_sar9_before_preheat,o_clk_iref_idac_sar9_low,V18-F06,5004,0,274,274,204,204,204,0,1,477
stop_ir_sar9_before_preheat,o_clk_iref_idac_sar15_low,MATCH,5004,0,0,0,,,,,,
stop_ir_sar9_before_preheat,o_clk_q2_low,MATCH,5004,0,0,0,,,,,,
stop_ir_sar9_before_preheat,o_clk_q3_low,MATCH,5004,0,0,0,,,,,,
stop_ir_sar9_before_preheat,o_clk_tiaen_low,MATCH,5004,0,0,0,,,,,,
stop_ir_sar9_before_preheat,o_en_15sar_low,MATCH,5004,0,0,0,,,,,,
stop_ir_sar9_before_preheat,o_en_sar9_amb_low,V18-F06,5004,0,54,54,416,416,416,0,1,469
stop_ir_sar9_before_preheat,o_en_sar9_dc_low,V18-F06,5004,0,54,54,416,416,416,0,1,469
stop_ir_sar9_before_preheat,o_en_sar9_iref,V18-F06,5004,0,72,72,396,396,396,0,1,467
stop_ir_sar9_before_preheat,o_en_sar15_amb_low,MATCH,5004,0,0,0,,,,,,
stop_ir_sar9_before_preheat,o_en_sar15_dc_low,MATCH,5004,0,0,0,,,,,,
stop_ir_sar9_before_preheat,o_en_sar15_iref,MATCH,5004,0,0,0,,,,,,
stop_ir_sar9_before_preheat,o_idac_sar9ambn_low,V18-F06,5004,0,52,208,418,418,418,0,165,469
stop_ir_sar9_before_preheat,o_idac_sar9dcn_low,V18-F06,5004,0,44,176,426,426,426,0,90,469
stop_ir_sar9_before_preheat,o_idac_sar15ambn_low,MATCH,5004,0,0,0,,,,,,
stop_ir_sar9_before_preheat,o_idac_sar15dcn_low,MATCH,5004,0,0,0,,,,,,
stop_ir_sar9_before_preheat,o_s_in,MATCH,5004,0,0,0,,,,,,
stop_ir_sar9_after_preheat,o_en_tia_low,MATCH,5004,0,0,0,,,,,,
stop_ir_sar9_after_preheat,o_leddac,MATCH,5004,0,0,0,,,,,,
stop_ir_sar9_after_preheat,o_leden1_low,MATCH,5004,0,0,0,,,,,,
stop_ir_sar9_after_preheat,o_leden2_low,MATCH,5004,0,0,0,,,,,,
stop_ir_sar9_after_preheat,o_en_test,MATCH,5004,0,0,0,,,,,,
stop_ir_sar9_after_preheat,o_clk_buf_low,MATCH,5004,0,0,0,,,,,,
stop_ir_sar9_after_preheat,o_clk_2m,MATCH,5004,0,0,0,,,,,,
stop_ir_sar9_after_preheat,o_clk_iref_idac_low,MATCH,5004,0,0,0,,,,,,
stop_ir_sar9_after_preheat,o_clk_9q1_low,MATCH,5004,0,0,0,,,,,,
stop_ir_sar9_after_preheat,o_clk_15q1_low,MATCH,5004,0,0,0,,,,,,
stop_ir_sar9_after_preheat,o_clk_aferst_low,MATCH,5004,0,0,0,,,,,,
stop_ir_sar9_after_preheat,o_clk_iref_idac_sar9_low,MATCH,5004,0,0,0,,,,,,
stop_ir_sar9_after_preheat,o_clk_iref_idac_sar15_low,MATCH,5004,0,0,0,,,,,,
stop_ir_sar9_after_preheat,o_clk_q2_low,MATCH,5004,0,0,0,,,,,,
stop_ir_sar9_after_preheat,o_clk_q3_low,MATCH,5004,0,0,0,,,,,,
stop_ir_sar9_after_preheat,o_clk_tiaen_low,MATCH,5004,0,0,0,,,,,,
stop_ir_sar9_after_preheat,o_en_15sar_low,MATCH,5004,0,0,0,,,,,,
stop_ir_sar9_after_preheat,o_en_sar9_amb_low,MATCH,5004,0,0,0,,,,,,
stop_ir_sar9_after_preheat,o_en_sar9_dc_low,MATCH,5004,0,0,0,,,,,,
stop_ir_sar9_after_preheat,o_en_sar9_iref,MATCH,5004,0,0,0,,,,,,
stop_ir_sar9_after_preheat,o_en_sar15_amb_low,MATCH,5004,0,0,0,,,,,,
stop_ir_sar9_after_preheat,o_en_sar15_dc_low,MATCH,5004,0,0,0,,,,,,
stop_ir_sar9_after_preheat,o_en_sar15_iref,MATCH,5004,0,0,0,,,,,,
stop_ir_sar9_after_preheat,o_idac_sar9ambn_low,MATCH,5004,0,0,0,,,,,,
stop_ir_sar9_after_preheat,o_idac_sar9dcn_low,MATCH,5004,0,0,0,,,,,,
stop_ir_sar9_after_preheat,o_idac_sar15ambn_low,MATCH,5004,0,0,0,,,,,,
stop_ir_sar9_after_preheat,o_idac_sar15dcn_low,MATCH,5004,0,0,0,,,,,,
stop_ir_sar9_after_preheat,o_s_in,MATCH,5004,0,0,0,,,,,,
stop_ir_sar9_before_q1,o_en_tia_low,MATCH,5004,0,0,0,,,,,,
stop_ir_sar9_before_q1,o_leddac,MATCH,5004,0,0,0,,,,,,
stop_ir_sar9_before_q1,o_leden1_low,MATCH,5004,0,0,0,,,,,,
stop_ir_sar9_before_q1,o_leden2_low,V18-F02,5004,0,1,1,458,458,458,0,1,458
stop_ir_sar9_before_q1,o_en_test,MATCH,5004,0,0,0,,,,,,
stop_ir_sar9_before_q1,o_clk_buf_low,MATCH,5004,0,0,0,,,,,,
stop_ir_sar9_before_q1,o_clk_2m,MATCH,5004,0,0,0,,,,,,
stop_ir_sar9_before_q1,o_clk_iref_idac_low,MATCH,5004,0,0,0,,,,,,
stop_ir_sar9_before_q1,o_clk_9q1_low,MATCH,5004,0,0,0,,,,,,
stop_ir_sar9_before_q1,o_clk_15q1_low,MATCH,5004,0,0,0,,,,,,
stop_ir_sar9_before_q1,o_clk_aferst_low,MATCH,5004,0,0,0,,,,,,
stop_ir_sar9_before_q1,o_clk_iref_idac_sar9_low,MATCH,5004,0,0,0,,,,,,
stop_ir_sar9_before_q1,o_clk_iref_idac_sar15_low,MATCH,5004,0,0,0,,,,,,
stop_ir_sar9_before_q1,o_clk_q2_low,MATCH,5004,0,0,0,,,,,,
stop_ir_sar9_before_q1,o_clk_q3_low,MATCH,5004,0,0,0,,,,,,
stop_ir_sar9_before_q1,o_clk_tiaen_low,MATCH,5004,0,0,0,,,,,,
stop_ir_sar9_before_q1,o_en_15sar_low,MATCH,5004,0,0,0,,,,,,
stop_ir_sar9_before_q1,o_en_sar9_amb_low,MATCH,5004,0,0,0,,,,,,
stop_ir_sar9_before_q1,o_en_sar9_dc_low,MATCH,5004,0,0,0,,,,,,
stop_ir_sar9_before_q1,o_en_sar9_iref,MATCH,5004,0,0,0,,,,,,
stop_ir_sar9_before_q1,o_en_sar15_amb_low,MATCH,5004,0,0,0,,,,,,
stop_ir_sar9_before_q1,o_en_sar15_dc_low,MATCH,5004,0,0,0,,,,,,
stop_ir_sar9_before_q1,o_en_sar15_iref,MATCH,5004,0,0,0,,,,,,
stop_ir_sar9_before_q1,o_idac_sar9ambn_low,MATCH,5004,0,0,0,,,,,,
stop_ir_sar9_before_q1,o_idac_sar9dcn_low,MATCH,5004,0,0,0,,,,,,
stop_ir_sar9_before_q1,o_idac_sar15ambn_low,MATCH,5004,0,0,0,,,,,,
stop_ir_sar9_before_q1,o_idac_sar15dcn_low,MATCH,5004,0,0,0,,,,,,
stop_ir_sar9_before_q1,o_s_in,MATCH,5004,0,0,0,,,,,,
stop_ir_sar9_in_q3,o_en_tia_low,MATCH,5004,0,0,0,,,,,,
stop_ir_sar9_in_q3,o_leddac,MATCH,5004,0,0,0,,,,,,
stop_ir_sar9_in_q3,o_leden1_low,MATCH,5004,0,0,0,,,,,,
stop_ir_sar9_in_q3,o_leden2_low,V18-F02,5004,0,1,1,458,458,458,0,1,458
stop_ir_sar9_in_q3,o_en_test,MATCH,5004,0,0,0,,,,,,
stop_ir_sar9_in_q3,o_clk_buf_low,MATCH,5004,0,0,0,,,,,,
stop_ir_sar9_in_q3,o_clk_2m,MATCH,5004,0,0,0,,,,,,
stop_ir_sar9_in_q3,o_clk_iref_idac_low,MATCH,5004,0,0,0,,,,,,
stop_ir_sar9_in_q3,o_clk_9q1_low,MATCH,5004,0,0,0,,,,,,
stop_ir_sar9_in_q3,o_clk_15q1_low,MATCH,5004,0,0,0,,,,,,
stop_ir_sar9_in_q3,o_clk_aferst_low,MATCH,5004,0,0,0,,,,,,
stop_ir_sar9_in_q3,o_clk_iref_idac_sar9_low,MATCH,5004,0,0,0,,,,,,
stop_ir_sar9_in_q3,o_clk_iref_idac_sar15_low,MATCH,5004,0,0,0,,,,,,
stop_ir_sar9_in_q3,o_clk_q2_low,MATCH,5004,0,0,0,,,,,,
stop_ir_sar9_in_q3,o_clk_q3_low,MATCH,5004,0,0,0,,,,,,
stop_ir_sar9_in_q3,o_clk_tiaen_low,MATCH,5004,0,0,0,,,,,,
stop_ir_sar9_in_q3,o_en_15sar_low,MATCH,5004,0,0,0,,,,,,
stop_ir_sar9_in_q3,o_en_sar9_amb_low,MATCH,5004,0,0,0,,,,,,
stop_ir_sar9_in_q3,o_en_sar9_dc_low,MATCH,5004,0,0,0,,,,,,
stop_ir_sar9_in_q3,o_en_sar9_iref,MATCH,5004,0,0,0,,,,,,
stop_ir_sar9_in_q3,o_en_sar15_amb_low,MATCH,5004,0,0,0,,,,,,
stop_ir_sar9_in_q3,o_en_sar15_dc_low,MATCH,5004,0,0,0,,,,,,
stop_ir_sar9_in_q3,o_en_sar15_iref,MATCH,5004,0,0,0,,,,,,
stop_ir_sar9_in_q3,o_idac_sar9ambn_low,MATCH,5004,0,0,0,,,,,,
stop_ir_sar9_in_q3,o_idac_sar9dcn_low,MATCH,5004,0,0,0,,,,,,
stop_ir_sar9_in_q3,o_idac_sar15ambn_low,MATCH,5004,0,0,0,,,,,,
stop_ir_sar9_in_q3,o_idac_sar15dcn_low,MATCH,5004,0,0,0,,,,,,
stop_ir_sar9_in_q3,o_s_in,MATCH,5004,0,0,0,,,,,,
stop_ir_sar9_after_q3,o_en_tia_low,MATCH,5004,0,0,0,,,,,,
stop_ir_sar9_after_q3,o_leddac,MATCH,5004,0,0,0,,,,,,
stop_ir_sar9_after_q3,o_leden1_low,MATCH,5004,0,0,0,,,,,,
stop_ir_sar9_after_q3,o_leden2_low,V18-F02,5004,0,1,1,458,458,458,0,1,458
stop_ir_sar9_after_q3,o_en_test,MATCH,5004,0,0,0,,,,,,
stop_ir_sar9_after_q3,o_clk_buf_low,MATCH,5004,0,0,0,,,,,,
stop_ir_sar9_after_q3,o_clk_2m,MATCH,5004,0,0,0,,,,,,
stop_ir_sar9_after_q3,o_clk_iref_idac_low,MATCH,5004,0,0,0,,,,,,
stop_ir_sar9_after_q3,o_clk_9q1_low,MATCH,5004,0,0,0,,,,,,
stop_ir_sar9_after_q3,o_clk_15q1_low,MATCH,5004,0,0,0,,,,,,
stop_ir_sar9_after_q3,o_clk_aferst_low,MATCH,5004,0,0,0,,,,,,
stop_ir_sar9_after_q3,o_clk_iref_idac_sar9_low,MATCH,5004,0,0,0,,,,,,
stop_ir_sar9_after_q3,o_clk_iref_idac_sar15_low,MATCH,5004,0,0,0,,,,,,
stop_ir_sar9_after_q3,o_clk_q2_low,MATCH,5004,0,0,0,,,,,,
stop_ir_sar9_after_q3,o_clk_q3_low,MATCH,5004,0,0,0,,,,,,
stop_ir_sar9_after_q3,o_clk_tiaen_low,MATCH,5004,0,0,0,,,,,,
stop_ir_sar9_after_q3,o_en_15sar_low,MATCH,5004,0,0,0,,,,,,
stop_ir_sar9_after_q3,o_en_sar9_amb_low,MATCH,5004,0,0,0,,,,,,
stop_ir_sar9_after_q3,o_en_sar9_dc_low,MATCH,5004,0,0,0,,,,,,
stop_ir_sar9_after_q3,o_en_sar9_iref,MATCH,5004,0,0,0,,,,,,
stop_ir_sar9_after_q3,o_en_sar15_amb_low,MATCH,5004,0,0,0,,,,,,
stop_ir_sar9_after_q3,o_en_sar15_dc_low,MATCH,5004,0,0,0,,,,,,
stop_ir_sar9_after_q3,o_en_sar15_iref,MATCH,5004,0,0,0,,,,,,
stop_ir_sar9_after_q3,o_idac_sar9ambn_low,MATCH,5004,0,0,0,,,,,,
stop_ir_sar9_after_q3,o_idac_sar9dcn_low,MATCH,5004,0,0,0,,,,,,
stop_ir_sar9_after_q3,o_idac_sar15ambn_low,MATCH,5004,0,0,0,,,,,,
stop_ir_sar9_after_q3,o_idac_sar15dcn_low,MATCH,5004,0,0,0,,,,,,
stop_ir_sar9_after_q3,o_s_in,MATCH,5004,0,0,0,,,,,,
stop_ir_sar9_before_end,o_en_tia_low,MATCH,5004,0,0,0,,,,,,
stop_ir_sar9_before_end,o_leddac,MATCH,5004,0,0,0,,,,,,
stop_ir_sar9_before_end,o_leden1_low,MATCH,5004,0,0,0,,,,,,
stop_ir_sar9_before_end,o_leden2_low,V18-F02,5004,0,1,1,458,458,458,0,1,458
stop_ir_sar9_before_end,o_en_test,MATCH,5004,0,0,0,,,,,,
stop_ir_sar9_before_end,o_clk_buf_low,MATCH,5004,0,0,0,,,,,,
stop_ir_sar9_before_end,o_clk_2m,MATCH,5004,0,0,0,,,,,,
stop_ir_sar9_before_end,o_clk_iref_idac_low,MATCH,5004,0,0,0,,,,,,
stop_ir_sar9_before_end,o_clk_9q1_low,MATCH,5004,0,0,0,,,,,,
stop_ir_sar9_before_end,o_clk_15q1_low,MATCH,5004,0,0,0,,,,,,
stop_ir_sar9_before_end,o_clk_aferst_low,MATCH,5004,0,0,0,,,,,,
stop_ir_sar9_before_end,o_clk_iref_idac_sar9_low,MATCH,5004,0,0,0,,,,,,
stop_ir_sar9_before_end,o_clk_iref_idac_sar15_low,MATCH,5004,0,0,0,,,,,,
stop_ir_sar9_before_end,o_clk_q2_low,MATCH,5004,0,0,0,,,,,,
stop_ir_sar9_before_end,o_clk_q3_low,MATCH,5004,0,0,0,,,,,,
stop_ir_sar9_before_end,o_clk_tiaen_low,MATCH,5004,0,0,0,,,,,,
stop_ir_sar9_before_end,o_en_15sar_low,MATCH,5004,0,0,0,,,,,,
stop_ir_sar9_before_end,o_en_sar9_amb_low,MATCH,5004,0,0,0,,,,,,
stop_ir_sar9_before_end,o_en_sar9_dc_low,MATCH,5004,0,0,0,,,,,,
stop_ir_sar9_before_end,o_en_sar9_iref,MATCH,5004,0,0,0,,,,,,
stop_ir_sar9_before_end,o_en_sar15_amb_low,MATCH,5004,0,0,0,,,,,,
stop_ir_sar9_before_end,o_en_sar15_dc_low,MATCH,5004,0,0,0,,,,,,
stop_ir_sar9_before_end,o_en_sar15_iref,MATCH,5004,0,0,0,,,,,,
stop_ir_sar9_before_end,o_idac_sar9ambn_low,MATCH,5004,0,0,0,,,,,,
stop_ir_sar9_before_end,o_idac_sar9dcn_low,MATCH,5004,0,0,0,,,,,,
stop_ir_sar9_before_end,o_idac_sar15ambn_low,MATCH,5004,0,0,0,,,,,,
stop_ir_sar9_before_end,o_idac_sar15dcn_low,MATCH,5004,0,0,0,,,,,,
stop_ir_sar9_before_end,o_s_in,MATCH,5004,0,0,0,,,,,,
abort_ir_sar9_before_preheat,o_en_tia_low,MATCH,5004,0,0,0,,,,,,
abort_ir_sar9_before_preheat,o_leddac,MATCH,5004,0,0,0,,,,,,
abort_ir_sar9_before_preheat,o_leden1_low,MATCH,5004,0,0,0,,,,,,
abort_ir_sar9_before_preheat,o_leden2_low,MATCH,5004,0,0,0,,,,,,
abort_ir_sar9_before_preheat,o_en_test,MATCH,5004,0,0,0,,,,,,
abort_ir_sar9_before_preheat,o_clk_buf_low,MATCH,5004,0,0,0,,,,,,
abort_ir_sar9_before_preheat,o_clk_2m,MATCH,5004,0,0,0,,,,,,
abort_ir_sar9_before_preheat,o_clk_iref_idac_low,MATCH,5004,0,0,0,,,,,,
abort_ir_sar9_before_preheat,o_clk_9q1_low,MATCH,5004,0,0,0,,,,,,
abort_ir_sar9_before_preheat,o_clk_15q1_low,MATCH,5004,0,0,0,,,,,,
abort_ir_sar9_before_preheat,o_clk_aferst_low,MATCH,5004,0,0,0,,,,,,
abort_ir_sar9_before_preheat,o_clk_iref_idac_sar9_low,MATCH,5004,0,0,0,,,,,,
abort_ir_sar9_before_preheat,o_clk_iref_idac_sar15_low,MATCH,5004,0,0,0,,,,,,
abort_ir_sar9_before_preheat,o_clk_q2_low,MATCH,5004,0,0,0,,,,,,
abort_ir_sar9_before_preheat,o_clk_q3_low,MATCH,5004,0,0,0,,,,,,
abort_ir_sar9_before_preheat,o_clk_tiaen_low,MATCH,5004,0,0,0,,,,,,
abort_ir_sar9_before_preheat,o_en_15sar_low,MATCH,5004,0,0,0,,,,,,
abort_ir_sar9_before_preheat,o_en_sar9_amb_low,MATCH,5004,0,0,0,,,,,,
abort_ir_sar9_before_preheat,o_en_sar9_dc_low,MATCH,5004,0,0,0,,,,,,
abort_ir_sar9_before_preheat,o_en_sar9_iref,MATCH,5004,0,0,0,,,,,,
abort_ir_sar9_before_preheat,o_en_sar15_amb_low,MATCH,5004,0,0,0,,,,,,
abort_ir_sar9_before_preheat,o_en_sar15_dc_low,MATCH,5004,0,0,0,,,,,,
abort_ir_sar9_before_preheat,o_en_sar15_iref,MATCH,5004,0,0,0,,,,,,
abort_ir_sar9_before_preheat,o_idac_sar9ambn_low,MATCH,5004,0,0,0,,,,,,
abort_ir_sar9_before_preheat,o_idac_sar9dcn_low,MATCH,5004,0,0,0,,,,,,
abort_ir_sar9_before_preheat,o_idac_sar15ambn_low,MATCH,5004,0,0,0,,,,,,
abort_ir_sar9_before_preheat,o_idac_sar15dcn_low,MATCH,5004,0,0,0,,,,,,
abort_ir_sar9_before_preheat,o_s_in,MATCH,5004,0,0,0,,,,,,
abort_ir_sar9_after_preheat,o_en_tia_low,MATCH,5004,0,0,0,,,,,,
abort_ir_sar9_after_preheat,o_leddac,MATCH,5004,0,0,0,,,,,,
abort_ir_sar9_after_preheat,o_leden1_low,MATCH,5004,0,0,0,,,,,,
abort_ir_sar9_after_preheat,o_leden2_low,MATCH,5004,0,0,0,,,,,,
abort_ir_sar9_after_preheat,o_en_test,MATCH,5004,0,0,0,,,,,,
abort_ir_sar9_after_preheat,o_clk_buf_low,MATCH,5004,0,0,0,,,,,,
abort_ir_sar9_after_preheat,o_clk_2m,MATCH,5004,0,0,0,,,,,,
abort_ir_sar9_after_preheat,o_clk_iref_idac_low,MATCH,5004,0,0,0,,,,,,
abort_ir_sar9_after_preheat,o_clk_9q1_low,MATCH,5004,0,0,0,,,,,,
abort_ir_sar9_after_preheat,o_clk_15q1_low,MATCH,5004,0,0,0,,,,,,
abort_ir_sar9_after_preheat,o_clk_aferst_low,MATCH,5004,0,0,0,,,,,,
abort_ir_sar9_after_preheat,o_clk_iref_idac_sar9_low,MATCH,5004,0,0,0,,,,,,
abort_ir_sar9_after_preheat,o_clk_iref_idac_sar15_low,MATCH,5004,0,0,0,,,,,,
abort_ir_sar9_after_preheat,o_clk_q2_low,MATCH,5004,0,0,0,,,,,,
abort_ir_sar9_after_preheat,o_clk_q3_low,MATCH,5004,0,0,0,,,,,,
abort_ir_sar9_after_preheat,o_clk_tiaen_low,MATCH,5004,0,0,0,,,,,,
abort_ir_sar9_after_preheat,o_en_15sar_low,MATCH,5004,0,0,0,,,,,,
abort_ir_sar9_after_preheat,o_en_sar9_amb_low,MATCH,5004,0,0,0,,,,,,
abort_ir_sar9_after_preheat,o_en_sar9_dc_low,MATCH,5004,0,0,0,,,,,,
abort_ir_sar9_after_preheat,o_en_sar9_iref,MATCH,5004,0,0,0,,,,,,
abort_ir_sar9_after_preheat,o_en_sar15_amb_low,MATCH,5004,0,0,0,,,,,,
abort_ir_sar9_after_preheat,o_en_sar15_dc_low,MATCH,5004,0,0,0,,,,,,
abort_ir_sar9_after_preheat,o_en_sar15_iref,MATCH,5004,0,0,0,,,,,,
abort_ir_sar9_after_preheat,o_idac_sar9ambn_low,MATCH,5004,0,0,0,,,,,,
abort_ir_sar9_after_preheat,o_idac_sar9dcn_low,MATCH,5004,0,0,0,,,,,,
abort_ir_sar9_after_preheat,o_idac_sar15ambn_low,MATCH,5004,0,0,0,,,,,,
abort_ir_sar9_after_preheat,o_idac_sar15dcn_low,MATCH,5004,0,0,0,,,,,,
abort_ir_sar9_after_preheat,o_s_in,MATCH,5004,0,0,0,,,,,,
abort_ir_sar9_before_q1,o_en_tia_low,MATCH,5004,0,0,0,,,,,,
abort_ir_sar9_before_q1,o_leddac,MATCH,5004,0,0,0,,,,,,
abort_ir_sar9_before_q1,o_leden1_low,MATCH,5004,0,0,0,,,,,,
abort_ir_sar9_before_q1,o_leden2_low,MATCH,5004,0,0,0,,,,,,
abort_ir_sar9_before_q1,o_en_test,MATCH,5004,0,0,0,,,,,,
abort_ir_sar9_before_q1,o_clk_buf_low,MATCH,5004,0,0,0,,,,,,
abort_ir_sar9_before_q1,o_clk_2m,MATCH,5004,0,0,0,,,,,,
abort_ir_sar9_before_q1,o_clk_iref_idac_low,MATCH,5004,0,0,0,,,,,,
abort_ir_sar9_before_q1,o_clk_9q1_low,MATCH,5004,0,0,0,,,,,,
abort_ir_sar9_before_q1,o_clk_15q1_low,MATCH,5004,0,0,0,,,,,,
abort_ir_sar9_before_q1,o_clk_aferst_low,MATCH,5004,0,0,0,,,,,,
abort_ir_sar9_before_q1,o_clk_iref_idac_sar9_low,MATCH,5004,0,0,0,,,,,,
abort_ir_sar9_before_q1,o_clk_iref_idac_sar15_low,MATCH,5004,0,0,0,,,,,,
abort_ir_sar9_before_q1,o_clk_q2_low,MATCH,5004,0,0,0,,,,,,
abort_ir_sar9_before_q1,o_clk_q3_low,MATCH,5004,0,0,0,,,,,,
abort_ir_sar9_before_q1,o_clk_tiaen_low,MATCH,5004,0,0,0,,,,,,
abort_ir_sar9_before_q1,o_en_15sar_low,MATCH,5004,0,0,0,,,,,,
abort_ir_sar9_before_q1,o_en_sar9_amb_low,MATCH,5004,0,0,0,,,,,,
abort_ir_sar9_before_q1,o_en_sar9_dc_low,MATCH,5004,0,0,0,,,,,,
abort_ir_sar9_before_q1,o_en_sar9_iref,MATCH,5004,0,0,0,,,,,,
abort_ir_sar9_before_q1,o_en_sar15_amb_low,MATCH,5004,0,0,0,,,,,,
abort_ir_sar9_before_q1,o_en_sar15_dc_low,MATCH,5004,0,0,0,,,,,,
abort_ir_sar9_before_q1,o_en_sar15_iref,MATCH,5004,0,0,0,,,,,,
abort_ir_sar9_before_q1,o_idac_sar9ambn_low,MATCH,5004,0,0,0,,,,,,
abort_ir_sar9_before_q1,o_idac_sar9dcn_low,MATCH,5004,0,0,0,,,,,,
abort_ir_sar9_before_q1,o_idac_sar15ambn_low,MATCH,5004,0,0,0,,,,,,
abort_ir_sar9_before_q1,o_idac_sar15dcn_low,MATCH,5004,0,0,0,,,,,,
abort_ir_sar9_before_q1,o_s_in,MATCH,5004,0,0,0,,,,,,
abort_ir_sar9_in_q3,o_en_tia_low,MATCH,5004,0,0,0,,,,,,
abort_ir_sar9_in_q3,o_leddac,MATCH,5004,0,0,0,,,,,,
abort_ir_sar9_in_q3,o_leden1_low,MATCH,5004,0,0,0,,,,,,
abort_ir_sar9_in_q3,o_leden2_low,V18-F02,5004,0,1,1,458,458,458,0,1,458
abort_ir_sar9_in_q3,o_en_test,MATCH,5004,0,0,0,,,,,,
abort_ir_sar9_in_q3,o_clk_buf_low,MATCH,5004,0,0,0,,,,,,
abort_ir_sar9_in_q3,o_clk_2m,MATCH,5004,0,0,0,,,,,,
abort_ir_sar9_in_q3,o_clk_iref_idac_low,MATCH,5004,0,0,0,,,,,,
abort_ir_sar9_in_q3,o_clk_9q1_low,MATCH,5004,0,0,0,,,,,,
abort_ir_sar9_in_q3,o_clk_15q1_low,MATCH,5004,0,0,0,,,,,,
abort_ir_sar9_in_q3,o_clk_aferst_low,MATCH,5004,0,0,0,,,,,,
abort_ir_sar9_in_q3,o_clk_iref_idac_sar9_low,MATCH,5004,0,0,0,,,,,,
abort_ir_sar9_in_q3,o_clk_iref_idac_sar15_low,MATCH,5004,0,0,0,,,,,,
abort_ir_sar9_in_q3,o_clk_q2_low,MATCH,5004,0,0,0,,,,,,
abort_ir_sar9_in_q3,o_clk_q3_low,MATCH,5004,0,0,0,,,,,,
abort_ir_sar9_in_q3,o_clk_tiaen_low,MATCH,5004,0,0,0,,,,,,
abort_ir_sar9_in_q3,o_en_15sar_low,MATCH,5004,0,0,0,,,,,,
abort_ir_sar9_in_q3,o_en_sar9_amb_low,MATCH,5004,0,0,0,,,,,,
abort_ir_sar9_in_q3,o_en_sar9_dc_low,MATCH,5004,0,0,0,,,,,,
abort_ir_sar9_in_q3,o_en_sar9_iref,MATCH,5004,0,0,0,,,,,,
abort_ir_sar9_in_q3,o_en_sar15_amb_low,MATCH,5004,0,0,0,,,,,,
abort_ir_sar9_in_q3,o_en_sar15_dc_low,MATCH,5004,0,0,0,,,,,,
abort_ir_sar9_in_q3,o_en_sar15_iref,MATCH,5004,0,0,0,,,,,,
abort_ir_sar9_in_q3,o_idac_sar9ambn_low,MATCH,5004,0,0,0,,,,,,
abort_ir_sar9_in_q3,o_idac_sar9dcn_low,MATCH,5004,0,0,0,,,,,,
abort_ir_sar9_in_q3,o_idac_sar15ambn_low,MATCH,5004,0,0,0,,,,,,
abort_ir_sar9_in_q3,o_idac_sar15dcn_low,MATCH,5004,0,0,0,,,,,,
abort_ir_sar9_in_q3,o_s_in,MATCH,5004,0,0,0,,,,,,
abort_ir_sar9_after_q3,o_en_tia_low,MATCH,5004,0,0,0,,,,,,
abort_ir_sar9_after_q3,o_leddac,MATCH,5004,0,0,0,,,,,,
abort_ir_sar9_after_q3,o_leden1_low,MATCH,5004,0,0,0,,,,,,
abort_ir_sar9_after_q3,o_leden2_low,V18-F02,5004,0,1,1,458,458,458,0,1,458
abort_ir_sar9_after_q3,o_en_test,MATCH,5004,0,0,0,,,,,,
abort_ir_sar9_after_q3,o_clk_buf_low,MATCH,5004,0,0,0,,,,,,
abort_ir_sar9_after_q3,o_clk_2m,MATCH,5004,0,0,0,,,,,,
abort_ir_sar9_after_q3,o_clk_iref_idac_low,MATCH,5004,0,0,0,,,,,,
abort_ir_sar9_after_q3,o_clk_9q1_low,MATCH,5004,0,0,0,,,,,,
abort_ir_sar9_after_q3,o_clk_15q1_low,MATCH,5004,0,0,0,,,,,,
abort_ir_sar9_after_q3,o_clk_aferst_low,MATCH,5004,0,0,0,,,,,,
abort_ir_sar9_after_q3,o_clk_iref_idac_sar9_low,MATCH,5004,0,0,0,,,,,,
abort_ir_sar9_after_q3,o_clk_iref_idac_sar15_low,MATCH,5004,0,0,0,,,,,,
abort_ir_sar9_after_q3,o_clk_q2_low,MATCH,5004,0,0,0,,,,,,
abort_ir_sar9_after_q3,o_clk_q3_low,MATCH,5004,0,0,0,,,,,,
abort_ir_sar9_after_q3,o_clk_tiaen_low,MATCH,5004,0,0,0,,,,,,
abort_ir_sar9_after_q3,o_en_15sar_low,MATCH,5004,0,0,0,,,,,,
abort_ir_sar9_after_q3,o_en_sar9_amb_low,MATCH,5004,0,0,0,,,,,,
abort_ir_sar9_after_q3,o_en_sar9_dc_low,MATCH,5004,0,0,0,,,,,,
abort_ir_sar9_after_q3,o_en_sar9_iref,MATCH,5004,0,0,0,,,,,,
abort_ir_sar9_after_q3,o_en_sar15_amb_low,MATCH,5004,0,0,0,,,,,,
abort_ir_sar9_after_q3,o_en_sar15_dc_low,MATCH,5004,0,0,0,,,,,,
abort_ir_sar9_after_q3,o_en_sar15_iref,MATCH,5004,0,0,0,,,,,,
abort_ir_sar9_after_q3,o_idac_sar9ambn_low,MATCH,5004,0,0,0,,,,,,
abort_ir_sar9_after_q3,o_idac_sar9dcn_low,MATCH,5004,0,0,0,,,,,,
abort_ir_sar9_after_q3,o_idac_sar15ambn_low,MATCH,5004,0,0,0,,,,,,
abort_ir_sar9_after_q3,o_idac_sar15dcn_low,MATCH,5004,0,0,0,,,,,,
abort_ir_sar9_after_q3,o_s_in,MATCH,5004,0,0,0,,,,,,
abort_ir_sar9_before_end,o_en_tia_low,MATCH,5004,0,0,0,,,,,,
abort_ir_sar9_before_end,o_leddac,MATCH,5004,0,0,0,,,,,,
abort_ir_sar9_before_end,o_leden1_low,MATCH,5004,0,0,0,,,,,,
abort_ir_sar9_before_end,o_leden2_low,V18-F02,5004,0,1,1,458,458,458,0,1,458
abort_ir_sar9_before_end,o_en_test,MATCH,5004,0,0,0,,,,,,
abort_ir_sar9_before_end,o_clk_buf_low,MATCH,5004,0,0,0,,,,,,
abort_ir_sar9_before_end,o_clk_2m,MATCH,5004,0,0,0,,,,,,
abort_ir_sar9_before_end,o_clk_iref_idac_low,MATCH,5004,0,0,0,,,,,,
abort_ir_sar9_before_end,o_clk_9q1_low,MATCH,5004,0,0,0,,,,,,
abort_ir_sar9_before_end,o_clk_15q1_low,MATCH,5004,0,0,0,,,,,,
abort_ir_sar9_before_end,o_clk_aferst_low,MATCH,5004,0,0,0,,,,,,
abort_ir_sar9_before_end,o_clk_iref_idac_sar9_low,MATCH,5004,0,0,0,,,,,,
abort_ir_sar9_before_end,o_clk_iref_idac_sar15_low,MATCH,5004,0,0,0,,,,,,
abort_ir_sar9_before_end,o_clk_q2_low,MATCH,5004,0,0,0,,,,,,
abort_ir_sar9_before_end,o_clk_q3_low,MATCH,5004,0,0,0,,,,,,
abort_ir_sar9_before_end,o_clk_tiaen_low,MATCH,5004,0,0,0,,,,,,
abort_ir_sar9_before_end,o_en_15sar_low,MATCH,5004,0,0,0,,,,,,
abort_ir_sar9_before_end,o_en_sar9_amb_low,MATCH,5004,0,0,0,,,,,,
abort_ir_sar9_before_end,o_en_sar9_dc_low,MATCH,5004,0,0,0,,,,,,
abort_ir_sar9_before_end,o_en_sar9_iref,MATCH,5004,0,0,0,,,,,,
abort_ir_sar9_before_end,o_en_sar15_amb_low,MATCH,5004,0,0,0,,,,,,
abort_ir_sar9_before_end,o_en_sar15_dc_low,MATCH,5004,0,0,0,,,,,,
abort_ir_sar9_before_end,o_en_sar15_iref,MATCH,5004,0,0,0,,,,,,
abort_ir_sar9_before_end,o_idac_sar9ambn_low,MATCH,5004,0,0,0,,,,,,
abort_ir_sar9_before_end,o_idac_sar9dcn_low,MATCH,5004,0,0,0,,,,,,
abort_ir_sar9_before_end,o_idac_sar15ambn_low,MATCH,5004,0,0,0,,,,,,
abort_ir_sar9_before_end,o_idac_sar15dcn_low,MATCH,5004,0,0,0,,,,,,
abort_ir_sar9_before_end,o_s_in,MATCH,5004,0,0,0,,,,,,
stop_red_sar15_before_preheat,o_en_tia_low,V18-F06,5004,0,39,39,266,266,266,0,1,304
stop_red_sar15_before_preheat,o_leddac,V18-F06,5004,0,9,36,295,295,295,0,165,303
stop_red_sar15_before_preheat,o_leden1_low,V18-F06,5004,0,9,9,295,295,295,0,1,303
stop_red_sar15_before_preheat,o_leden2_low,MATCH,5004,0,0,0,,,,,,
stop_red_sar15_before_preheat,o_en_test,MATCH,5004,0,0,0,,,,,,
stop_red_sar15_before_preheat,o_clk_buf_low,MATCH,5004,0,0,0,,,,,,
stop_red_sar15_before_preheat,o_clk_2m,MATCH,5004,0,0,0,,,,,,
stop_red_sar15_before_preheat,o_clk_iref_idac_low,V18-F06,5004,0,60,60,246,246,246,0,1,305
stop_red_sar15_before_preheat,o_clk_9q1_low,MATCH,5004,0,0,0,,,,,,
stop_red_sar15_before_preheat,o_clk_15q1_low,V18-F06,5004,0,21,21,284,284,284,0,1,304
stop_red_sar15_before_preheat,o_clk_aferst_low,V18-F06,5004,0,20,20,266,266,266,0,1,285
stop_red_sar15_before_preheat,o_clk_iref_idac_sar9_low,MATCH,5004,0,0,0,,,,,,
stop_red_sar15_before_preheat,o_clk_iref_idac_sar15_low,V18-F06,5004,0,281,281,27,27,27,0,1,307
stop_red_sar15_before_preheat,o_clk_q2_low,V18-F06,5004,0,8,8,287,287,287,0,1,294
stop_red_sar15_before_preheat,o_clk_q3_low,V18-F06,5004,0,8,8,296,296,296,0,1,303
stop_red_sar15_before_preheat,o_clk_tiaen_low,V18-F06,5004,0,39,39,266,266,266,0,1,304
stop_red_sar15_before_preheat,o_en_15sar_low,V18-F03,5004,0,316,316,0,0,0,1,0,336
stop_red_sar15_before_preheat,o_en_sar9_amb_low,MATCH,5004,0,0,0,,,,,,
stop_red_sar15_before_preheat,o_en_sar9_dc_low,MATCH,5004,0,0,0,,,,,,
stop_red_sar15_before_preheat,o_en_sar9_iref,MATCH,5004,0,0,0,,,,,,
stop_red_sar15_before_preheat,o_en_sar15_amb_low,V18-F06,5004,0,261,261,47,47,47,0,1,307
stop_red_sar15_before_preheat,o_en_sar15_dc_low,V18-F06,5004,0,261,261,47,47,47,0,1,307
stop_red_sar15_before_preheat,o_en_sar15_iref,V18-F06,5004,0,279,279,27,27,27,0,1,305
stop_red_sar15_before_preheat,o_idac_sar9ambn_low,MATCH,5004,0,0,0,,,,,,
stop_red_sar15_before_preheat,o_idac_sar9dcn_low,MATCH,5004,0,0,0,,,,,,
stop_red_sar15_before_preheat,o_idac_sar15ambn_low,V18-F06,5004,0,105,420,203,203,203,0,165,307
stop_red_sar15_before_preheat,o_idac_sar15dcn_low,V18-F06,5004,0,157,628,151,151,151,0,90,307
stop_red_sar15_before_preheat,o_s_in,MATCH,5004,0,0,0,,,,,,
stop_red_sar15_after_preheat,o_en_tia_low,MATCH,5004,0,0,0,,,,,,
stop_red_sar15_after_preheat,o_leddac,MATCH,5004,0,0,0,,,,,,
stop_red_sar15_after_preheat,o_leden1_low,V18-F02,5004,0,1,1,295,295,295,0,1,295
stop_red_sar15_after_preheat,o_leden2_low,MATCH,5004,0,0,0,,,,,,
stop_red_sar15_after_preheat,o_en_test,MATCH,5004,0,0,0,,,,,,
stop_red_sar15_after_preheat,o_clk_buf_low,MATCH,5004,0,0,0,,,,,,
stop_red_sar15_after_preheat,o_clk_2m,MATCH,5004,0,0,0,,,,,,
stop_red_sar15_after_preheat,o_clk_iref_idac_low,MATCH,5004,0,0,0,,,,,,
stop_red_sar15_after_preheat,o_clk_9q1_low,MATCH,5004,0,0,0,,,,,,
stop_red_sar15_after_preheat,o_clk_15q1_low,MATCH,5004,0,0,0,,,,,,
stop_red_sar15_after_preheat,o_clk_aferst_low,MATCH,5004,0,0,0,,,,,,
stop_red_sar15_after_preheat,o_clk_iref_idac_sar9_low,MATCH,5004,0,0,0,,,,,,
stop_red_sar15_after_preheat,o_clk_iref_idac_sar15_low,MATCH,5004,0,0,0,,,,,,
stop_red_sar15_after_preheat,o_clk_q2_low,MATCH,5004,0,0,0,,,,,,
stop_red_sar15_after_preheat,o_clk_q3_low,MATCH,5004,0,0,0,,,,,,
stop_red_sar15_after_preheat,o_clk_tiaen_low,MATCH,5004,0,0,0,,,,,,
stop_red_sar15_after_preheat,o_en_15sar_low,V18-F03,5004,0,316,316,0,0,0,1,0,336
stop_red_sar15_after_preheat,o_en_sar9_amb_low,MATCH,5004,0,0,0,,,,,,
stop_red_sar15_after_preheat,o_en_sar9_dc_low,MATCH,5004,0,0,0,,,,,,
stop_red_sar15_after_preheat,o_en_sar9_iref,MATCH,5004,0,0,0,,,,,,
stop_red_sar15_after_preheat,o_en_sar15_amb_low,MATCH,5004,0,0,0,,,,,,
stop_red_sar15_after_preheat,o_en_sar15_dc_low,MATCH,5004,0,0,0,,,,,,
stop_red_sar15_after_preheat,o_en_sar15_iref,MATCH,5004,0,0,0,,,,,,
stop_red_sar15_after_preheat,o_idac_sar9ambn_low,MATCH,5004,0,0,0,,,,,,
stop_red_sar15_after_preheat,o_idac_sar9dcn_low,MATCH,5004,0,0,0,,,,,,
stop_red_sar15_after_preheat,o_idac_sar15ambn_low,MATCH,5004,0,0,0,,,,,,
stop_red_sar15_after_preheat,o_idac_sar15dcn_low,MATCH,5004,0,0,0,,,,,,
stop_red_sar15_after_preheat,o_s_in,MATCH,5004,0,0,0,,,,,,
stop_red_sar15_before_q1,o_en_tia_low,MATCH,5004,0,0,0,,,,,,
stop_red_sar15_before_q1,o_leddac,MATCH,5004,0,0,0,,,,,,
stop_red_sar15_before_q1,o_leden1_low,V18-F02,5004,0,1,1,295,295,295,0,1,295
stop_red_sar15_before_q1,o_leden2_low,MATCH,5004,0,0,0,,,,,,
stop_red_sar15_before_q1,o_en_test,MATCH,5004,0,0,0,,,,,,
stop_red_sar15_before_q1,o_clk_buf_low,MATCH,5004,0,0,0,,,,,,
stop_red_sar15_before_q1,o_clk_2m,MATCH,5004,0,0,0,,,,,,
stop_red_sar15_before_q1,o_clk_iref_idac_low,MATCH,5004,0,0,0,,,,,,
stop_red_sar15_before_q1,o_clk_9q1_low,MATCH,5004,0,0,0,,,,,,
stop_red_sar15_before_q1,o_clk_15q1_low,MATCH,5004,0,0,0,,,,,,
stop_red_sar15_before_q1,o_clk_aferst_low,MATCH,5004,0,0,0,,,,,,
stop_red_sar15_before_q1,o_clk_iref_idac_sar9_low,MATCH,5004,0,0,0,,,,,,
stop_red_sar15_before_q1,o_clk_iref_idac_sar15_low,MATCH,5004,0,0,0,,,,,,
stop_red_sar15_before_q1,o_clk_q2_low,MATCH,5004,0,0,0,,,,,,
stop_red_sar15_before_q1,o_clk_q3_low,MATCH,5004,0,0,0,,,,,,
stop_red_sar15_before_q1,o_clk_tiaen_low,MATCH,5004,0,0,0,,,,,,
stop_red_sar15_before_q1,o_en_15sar_low,V18-F03,5004,0,316,316,0,0,0,1,0,336
stop_red_sar15_before_q1,o_en_sar9_amb_low,MATCH,5004,0,0,0,,,,,,
stop_red_sar15_before_q1,o_en_sar9_dc_low,MATCH,5004,0,0,0,,,,,,
stop_red_sar15_before_q1,o_en_sar9_iref,MATCH,5004,0,0,0,,,,,,
stop_red_sar15_before_q1,o_en_sar15_amb_low,MATCH,5004,0,0,0,,,,,,
stop_red_sar15_before_q1,o_en_sar15_dc_low,MATCH,5004,0,0,0,,,,,,
stop_red_sar15_before_q1,o_en_sar15_iref,MATCH,5004,0,0,0,,,,,,
stop_red_sar15_before_q1,o_idac_sar9ambn_low,MATCH,5004,0,0,0,,,,,,
stop_red_sar15_before_q1,o_idac_sar9dcn_low,MATCH,5004,0,0,0,,,,,,
stop_red_sar15_before_q1,o_idac_sar15ambn_low,MATCH,5004,0,0,0,,,,,,
stop_red_sar15_before_q1,o_idac_sar15dcn_low,MATCH,5004,0,0,0,,,,,,
stop_red_sar15_before_q1,o_s_in,MATCH,5004,0,0,0,,,,,,
stop_red_sar15_in_q3,o_en_tia_low,MATCH,5004,0,0,0,,,,,,
stop_red_sar15_in_q3,o_leddac,MATCH,5004,0,0,0,,,,,,
stop_red_sar15_in_q3,o_leden1_low,V18-F02,5004,0,1,1,295,295,295,0,1,295
stop_red_sar15_in_q3,o_leden2_low,MATCH,5004,0,0,0,,,,,,
stop_red_sar15_in_q3,o_en_test,MATCH,5004,0,0,0,,,,,,
stop_red_sar15_in_q3,o_clk_buf_low,MATCH,5004,0,0,0,,,,,,
stop_red_sar15_in_q3,o_clk_2m,MATCH,5004,0,0,0,,,,,,
stop_red_sar15_in_q3,o_clk_iref_idac_low,MATCH,5004,0,0,0,,,,,,
stop_red_sar15_in_q3,o_clk_9q1_low,MATCH,5004,0,0,0,,,,,,
stop_red_sar15_in_q3,o_clk_15q1_low,MATCH,5004,0,0,0,,,,,,
stop_red_sar15_in_q3,o_clk_aferst_low,MATCH,5004,0,0,0,,,,,,
stop_red_sar15_in_q3,o_clk_iref_idac_sar9_low,MATCH,5004,0,0,0,,,,,,
stop_red_sar15_in_q3,o_clk_iref_idac_sar15_low,MATCH,5004,0,0,0,,,,,,
stop_red_sar15_in_q3,o_clk_q2_low,MATCH,5004,0,0,0,,,,,,
stop_red_sar15_in_q3,o_clk_q3_low,MATCH,5004,0,0,0,,,,,,
stop_red_sar15_in_q3,o_clk_tiaen_low,MATCH,5004,0,0,0,,,,,,
stop_red_sar15_in_q3,o_en_15sar_low,V18-F03,5004,0,316,316,0,0,0,1,0,336
stop_red_sar15_in_q3,o_en_sar9_amb_low,MATCH,5004,0,0,0,,,,,,
stop_red_sar15_in_q3,o_en_sar9_dc_low,MATCH,5004,0,0,0,,,,,,
stop_red_sar15_in_q3,o_en_sar9_iref,MATCH,5004,0,0,0,,,,,,
stop_red_sar15_in_q3,o_en_sar15_amb_low,MATCH,5004,0,0,0,,,,,,
stop_red_sar15_in_q3,o_en_sar15_dc_low,MATCH,5004,0,0,0,,,,,,
stop_red_sar15_in_q3,o_en_sar15_iref,MATCH,5004,0,0,0,,,,,,
stop_red_sar15_in_q3,o_idac_sar9ambn_low,MATCH,5004,0,0,0,,,,,,
stop_red_sar15_in_q3,o_idac_sar9dcn_low,MATCH,5004,0,0,0,,,,,,
stop_red_sar15_in_q3,o_idac_sar15ambn_low,MATCH,5004,0,0,0,,,,,,
stop_red_sar15_in_q3,o_idac_sar15dcn_low,MATCH,5004,0,0,0,,,,,,
stop_red_sar15_in_q3,o_s_in,MATCH,5004,0,0,0,,,,,,
stop_red_sar15_after_q3,o_en_tia_low,MATCH,5004,0,0,0,,,,,,
stop_red_sar15_after_q3,o_leddac,MATCH,5004,0,0,0,,,,,,
stop_red_sar15_after_q3,o_leden1_low,V18-F02,5004,0,1,1,295,295,295,0,1,295
stop_red_sar15_after_q3,o_leden2_low,MATCH,5004,0,0,0,,,,,,
stop_red_sar15_after_q3,o_en_test,MATCH,5004,0,0,0,,,,,,
stop_red_sar15_after_q3,o_clk_buf_low,MATCH,5004,0,0,0,,,,,,
stop_red_sar15_after_q3,o_clk_2m,MATCH,5004,0,0,0,,,,,,
stop_red_sar15_after_q3,o_clk_iref_idac_low,MATCH,5004,0,0,0,,,,,,
stop_red_sar15_after_q3,o_clk_9q1_low,MATCH,5004,0,0,0,,,,,,
stop_red_sar15_after_q3,o_clk_15q1_low,MATCH,5004,0,0,0,,,,,,
stop_red_sar15_after_q3,o_clk_aferst_low,MATCH,5004,0,0,0,,,,,,
stop_red_sar15_after_q3,o_clk_iref_idac_sar9_low,MATCH,5004,0,0,0,,,,,,
stop_red_sar15_after_q3,o_clk_iref_idac_sar15_low,MATCH,5004,0,0,0,,,,,,
stop_red_sar15_after_q3,o_clk_q2_low,MATCH,5004,0,0,0,,,,,,
stop_red_sar15_after_q3,o_clk_q3_low,MATCH,5004,0,0,0,,,,,,
stop_red_sar15_after_q3,o_clk_tiaen_low,MATCH,5004,0,0,0,,,,,,
stop_red_sar15_after_q3,o_en_15sar_low,V18-F03,5004,0,316,316,0,0,0,1,0,336
stop_red_sar15_after_q3,o_en_sar9_amb_low,MATCH,5004,0,0,0,,,,,,
stop_red_sar15_after_q3,o_en_sar9_dc_low,MATCH,5004,0,0,0,,,,,,
stop_red_sar15_after_q3,o_en_sar9_iref,MATCH,5004,0,0,0,,,,,,
stop_red_sar15_after_q3,o_en_sar15_amb_low,MATCH,5004,0,0,0,,,,,,
stop_red_sar15_after_q3,o_en_sar15_dc_low,MATCH,5004,0,0,0,,,,,,
stop_red_sar15_after_q3,o_en_sar15_iref,MATCH,5004,0,0,0,,,,,,
stop_red_sar15_after_q3,o_idac_sar9ambn_low,MATCH,5004,0,0,0,,,,,,
stop_red_sar15_after_q3,o_idac_sar9dcn_low,MATCH,5004,0,0,0,,,,,,
stop_red_sar15_after_q3,o_idac_sar15ambn_low,MATCH,5004,0,0,0,,,,,,
stop_red_sar15_after_q3,o_idac_sar15dcn_low,MATCH,5004,0,0,0,,,,,,
stop_red_sar15_after_q3,o_s_in,MATCH,5004,0,0,0,,,,,,
stop_red_sar15_before_end,o_en_tia_low,MATCH,5004,0,0,0,,,,,,
stop_red_sar15_before_end,o_leddac,MATCH,5004,0,0,0,,,,,,
stop_red_sar15_before_end,o_leden1_low,V18-F02,5004,0,1,1,295,295,295,0,1,295
stop_red_sar15_before_end,o_leden2_low,MATCH,5004,0,0,0,,,,,,
stop_red_sar15_before_end,o_en_test,MATCH,5004,0,0,0,,,,,,
stop_red_sar15_before_end,o_clk_buf_low,MATCH,5004,0,0,0,,,,,,
stop_red_sar15_before_end,o_clk_2m,MATCH,5004,0,0,0,,,,,,
stop_red_sar15_before_end,o_clk_iref_idac_low,MATCH,5004,0,0,0,,,,,,
stop_red_sar15_before_end,o_clk_9q1_low,MATCH,5004,0,0,0,,,,,,
stop_red_sar15_before_end,o_clk_15q1_low,MATCH,5004,0,0,0,,,,,,
stop_red_sar15_before_end,o_clk_aferst_low,MATCH,5004,0,0,0,,,,,,
stop_red_sar15_before_end,o_clk_iref_idac_sar9_low,MATCH,5004,0,0,0,,,,,,
stop_red_sar15_before_end,o_clk_iref_idac_sar15_low,MATCH,5004,0,0,0,,,,,,
stop_red_sar15_before_end,o_clk_q2_low,MATCH,5004,0,0,0,,,,,,
stop_red_sar15_before_end,o_clk_q3_low,MATCH,5004,0,0,0,,,,,,
stop_red_sar15_before_end,o_clk_tiaen_low,MATCH,5004,0,0,0,,,,,,
stop_red_sar15_before_end,o_en_15sar_low,V18-F03,5004,0,316,316,0,0,0,1,0,336
stop_red_sar15_before_end,o_en_sar9_amb_low,MATCH,5004,0,0,0,,,,,,
stop_red_sar15_before_end,o_en_sar9_dc_low,MATCH,5004,0,0,0,,,,,,
stop_red_sar15_before_end,o_en_sar9_iref,MATCH,5004,0,0,0,,,,,,
stop_red_sar15_before_end,o_en_sar15_amb_low,MATCH,5004,0,0,0,,,,,,
stop_red_sar15_before_end,o_en_sar15_dc_low,MATCH,5004,0,0,0,,,,,,
stop_red_sar15_before_end,o_en_sar15_iref,MATCH,5004,0,0,0,,,,,,
stop_red_sar15_before_end,o_idac_sar9ambn_low,MATCH,5004,0,0,0,,,,,,
stop_red_sar15_before_end,o_idac_sar9dcn_low,MATCH,5004,0,0,0,,,,,,
stop_red_sar15_before_end,o_idac_sar15ambn_low,MATCH,5004,0,0,0,,,,,,
stop_red_sar15_before_end,o_idac_sar15dcn_low,MATCH,5004,0,0,0,,,,,,
stop_red_sar15_before_end,o_s_in,MATCH,5004,0,0,0,,,,,,
abort_red_sar15_before_preheat,o_en_tia_low,MATCH,5004,0,0,0,,,,,,
abort_red_sar15_before_preheat,o_leddac,MATCH,5004,0,0,0,,,,,,
abort_red_sar15_before_preheat,o_leden1_low,MATCH,5004,0,0,0,,,,,,
abort_red_sar15_before_preheat,o_leden2_low,MATCH,5004,0,0,0,,,,,,
abort_red_sar15_before_preheat,o_en_test,MATCH,5004,0,0,0,,,,,,
abort_red_sar15_before_preheat,o_clk_buf_low,MATCH,5004,0,0,0,,,,,,
abort_red_sar15_before_preheat,o_clk_2m,MATCH,5004,0,0,0,,,,,,
abort_red_sar15_before_preheat,o_clk_iref_idac_low,MATCH,5004,0,0,0,,,,,,
abort_red_sar15_before_preheat,o_clk_9q1_low,MATCH,5004,0,0,0,,,,,,
abort_red_sar15_before_preheat,o_clk_15q1_low,MATCH,5004,0,0,0,,,,,,
abort_red_sar15_before_preheat,o_clk_aferst_low,MATCH,5004,0,0,0,,,,,,
abort_red_sar15_before_preheat,o_clk_iref_idac_sar9_low,MATCH,5004,0,0,0,,,,,,
abort_red_sar15_before_preheat,o_clk_iref_idac_sar15_low,MATCH,5004,0,0,0,,,,,,
abort_red_sar15_before_preheat,o_clk_q2_low,MATCH,5004,0,0,0,,,,,,
abort_red_sar15_before_preheat,o_clk_q3_low,MATCH,5004,0,0,0,,,,,,
abort_red_sar15_before_preheat,o_clk_tiaen_low,MATCH,5004,0,0,0,,,,,,
abort_red_sar15_before_preheat,o_en_15sar_low,V18-F03,5004,0,26,26,0,0,0,1,0,25
abort_red_sar15_before_preheat,o_en_sar9_amb_low,MATCH,5004,0,0,0,,,,,,
abort_red_sar15_before_preheat,o_en_sar9_dc_low,MATCH,5004,0,0,0,,,,,,
abort_red_sar15_before_preheat,o_en_sar9_iref,MATCH,5004,0,0,0,,,,,,
abort_red_sar15_before_preheat,o_en_sar15_amb_low,MATCH,5004,0,0,0,,,,,,
abort_red_sar15_before_preheat,o_en_sar15_dc_low,MATCH,5004,0,0,0,,,,,,
abort_red_sar15_before_preheat,o_en_sar15_iref,MATCH,5004,0,0,0,,,,,,
abort_red_sar15_before_preheat,o_idac_sar9ambn_low,MATCH,5004,0,0,0,,,,,,
abort_red_sar15_before_preheat,o_idac_sar9dcn_low,MATCH,5004,0,0,0,,,,,,
abort_red_sar15_before_preheat,o_idac_sar15ambn_low,MATCH,5004,0,0,0,,,,,,
abort_red_sar15_before_preheat,o_idac_sar15dcn_low,MATCH,5004,0,0,0,,,,,,
abort_red_sar15_before_preheat,o_s_in,MATCH,5004,0,0,0,,,,,,
abort_red_sar15_after_preheat,o_en_tia_low,MATCH,5004,0,0,0,,,,,,
abort_red_sar15_after_preheat,o_leddac,MATCH,5004,0,0,0,,,,,,
abort_red_sar15_after_preheat,o_leden1_low,MATCH,5004,0,0,0,,,,,,
abort_red_sar15_after_preheat,o_leden2_low,MATCH,5004,0,0,0,,,,,,
abort_red_sar15_after_preheat,o_en_test,MATCH,5004,0,0,0,,,,,,
abort_red_sar15_after_preheat,o_clk_buf_low,MATCH,5004,0,0,0,,,,,,
abort_red_sar15_after_preheat,o_clk_2m,MATCH,5004,0,0,0,,,,,,
abort_red_sar15_after_preheat,o_clk_iref_idac_low,MATCH,5004,0,0,0,,,,,,
abort_red_sar15_after_preheat,o_clk_9q1_low,MATCH,5004,0,0,0,,,,,,
abort_red_sar15_after_preheat,o_clk_15q1_low,MATCH,5004,0,0,0,,,,,,
abort_red_sar15_after_preheat,o_clk_aferst_low,MATCH,5004,0,0,0,,,,,,
abort_red_sar15_after_preheat,o_clk_iref_idac_sar9_low,MATCH,5004,0,0,0,,,,,,
abort_red_sar15_after_preheat,o_clk_iref_idac_sar15_low,MATCH,5004,0,0,0,,,,,,
abort_red_sar15_after_preheat,o_clk_q2_low,MATCH,5004,0,0,0,,,,,,
abort_red_sar15_after_preheat,o_clk_q3_low,MATCH,5004,0,0,0,,,,,,
abort_red_sar15_after_preheat,o_clk_tiaen_low,MATCH,5004,0,0,0,,,,,,
abort_red_sar15_after_preheat,o_en_15sar_low,V18-F03,5004,0,28,28,0,0,0,1,0,27
abort_red_sar15_after_preheat,o_en_sar9_amb_low,MATCH,5004,0,0,0,,,,,,
abort_red_sar15_after_preheat,o_en_sar9_dc_low,MATCH,5004,0,0,0,,,,,,
abort_red_sar15_after_preheat,o_en_sar9_iref,MATCH,5004,0,0,0,,,,,,
abort_red_sar15_after_preheat,o_en_sar15_amb_low,MATCH,5004,0,0,0,,,,,,
abort_red_sar15_after_preheat,o_en_sar15_dc_low,MATCH,5004,0,0,0,,,,,,
abort_red_sar15_after_preheat,o_en_sar15_iref,MATCH,5004,0,0,0,,,,,,
abort_red_sar15_after_preheat,o_idac_sar9ambn_low,MATCH,5004,0,0,0,,,,,,
abort_red_sar15_after_preheat,o_idac_sar9dcn_low,MATCH,5004,0,0,0,,,,,,
abort_red_sar15_after_preheat,o_idac_sar15ambn_low,MATCH,5004,0,0,0,,,,,,
abort_red_sar15_after_preheat,o_idac_sar15dcn_low,MATCH,5004,0,0,0,,,,,,
abort_red_sar15_after_preheat,o_s_in,MATCH,5004,0,0,0,,,,,,
abort_red_sar15_before_q1,o_en_tia_low,MATCH,5004,0,0,0,,,,,,
abort_red_sar15_before_q1,o_leddac,MATCH,5004,0,0,0,,,,,,
abort_red_sar15_before_q1,o_leden1_low,MATCH,5004,0,0,0,,,,,,
abort_red_sar15_before_q1,o_leden2_low,MATCH,5004,0,0,0,,,,,,
abort_red_sar15_before_q1,o_en_test,MATCH,5004,0,0,0,,,,,,
abort_red_sar15_before_q1,o_clk_buf_low,MATCH,5004,0,0,0,,,,,,
abort_red_sar15_before_q1,o_clk_2m,MATCH,5004,0,0,0,,,,,,
abort_red_sar15_before_q1,o_clk_iref_idac_low,MATCH,5004,0,0,0,,,,,,
abort_red_sar15_before_q1,o_clk_9q1_low,MATCH,5004,0,0,0,,,,,,
abort_red_sar15_before_q1,o_clk_15q1_low,MATCH,5004,0,0,0,,,,,,
abort_red_sar15_before_q1,o_clk_aferst_low,MATCH,5004,0,0,0,,,,,,
abort_red_sar15_before_q1,o_clk_iref_idac_sar9_low,MATCH,5004,0,0,0,,,,,,
abort_red_sar15_before_q1,o_clk_iref_idac_sar15_low,MATCH,5004,0,0,0,,,,,,
abort_red_sar15_before_q1,o_clk_q2_low,MATCH,5004,0,0,0,,,,,,
abort_red_sar15_before_q1,o_clk_q3_low,MATCH,5004,0,0,0,,,,,,
abort_red_sar15_before_q1,o_clk_tiaen_low,MATCH,5004,0,0,0,,,,,,
abort_red_sar15_before_q1,o_en_15sar_low,V18-F03,5004,0,283,283,0,0,0,1,0,282
abort_red_sar15_before_q1,o_en_sar9_amb_low,MATCH,5004,0,0,0,,,,,,
abort_red_sar15_before_q1,o_en_sar9_dc_low,MATCH,5004,0,0,0,,,,,,
abort_red_sar15_before_q1,o_en_sar9_iref,MATCH,5004,0,0,0,,,,,,
abort_red_sar15_before_q1,o_en_sar15_amb_low,MATCH,5004,0,0,0,,,,,,
abort_red_sar15_before_q1,o_en_sar15_dc_low,MATCH,5004,0,0,0,,,,,,
abort_red_sar15_before_q1,o_en_sar15_iref,MATCH,5004,0,0,0,,,,,,
abort_red_sar15_before_q1,o_idac_sar9ambn_low,MATCH,5004,0,0,0,,,,,,
abort_red_sar15_before_q1,o_idac_sar9dcn_low,MATCH,5004,0,0,0,,,,,,
abort_red_sar15_before_q1,o_idac_sar15ambn_low,MATCH,5004,0,0,0,,,,,,
abort_red_sar15_before_q1,o_idac_sar15dcn_low,MATCH,5004,0,0,0,,,,,,
abort_red_sar15_before_q1,o_s_in,MATCH,5004,0,0,0,,,,,,
abort_red_sar15_in_q3,o_en_tia_low,MATCH,5004,0,0,0,,,,,,
abort_red_sar15_in_q3,o_leddac,MATCH,5004,0,0,0,,,,,,
abort_red_sar15_in_q3,o_leden1_low,V18-F02,5004,0,1,1,295,295,295,0,1,295
abort_red_sar15_in_q3,o_leden2_low,MATCH,5004,0,0,0,,,,,,
abort_red_sar15_in_q3,o_en_test,MATCH,5004,0,0,0,,,,,,
abort_red_sar15_in_q3,o_clk_buf_low,MATCH,5004,0,0,0,,,,,,
abort_red_sar15_in_q3,o_clk_2m,MATCH,5004,0,0,0,,,,,,
abort_red_sar15_in_q3,o_clk_iref_idac_low,MATCH,5004,0,0,0,,,,,,
abort_red_sar15_in_q3,o_clk_9q1_low,MATCH,5004,0,0,0,,,,,,
abort_red_sar15_in_q3,o_clk_15q1_low,MATCH,5004,0,0,0,,,,,,
abort_red_sar15_in_q3,o_clk_aferst_low,MATCH,5004,0,0,0,,,,,,
abort_red_sar15_in_q3,o_clk_iref_idac_sar9_low,MATCH,5004,0,0,0,,,,,,
abort_red_sar15_in_q3,o_clk_iref_idac_sar15_low,MATCH,5004,0,0,0,,,,,,
abort_red_sar15_in_q3,o_clk_q2_low,MATCH,5004,0,0,0,,,,,,
abort_red_sar15_in_q3,o_clk_q3_low,MATCH,5004,0,0,0,,,,,,
abort_red_sar15_in_q3,o_clk_tiaen_low,MATCH,5004,0,0,0,,,,,,
abort_red_sar15_in_q3,o_en_15sar_low,V18-F03,5004,0,284,284,0,0,0,1,0,283
abort_red_sar15_in_q3,o_en_sar9_amb_low,MATCH,5004,0,0,0,,,,,,
abort_red_sar15_in_q3,o_en_sar9_dc_low,MATCH,5004,0,0,0,,,,,,
abort_red_sar15_in_q3,o_en_sar9_iref,MATCH,5004,0,0,0,,,,,,
abort_red_sar15_in_q3,o_en_sar15_amb_low,MATCH,5004,0,0,0,,,,,,
abort_red_sar15_in_q3,o_en_sar15_dc_low,MATCH,5004,0,0,0,,,,,,
abort_red_sar15_in_q3,o_en_sar15_iref,MATCH,5004,0,0,0,,,,,,
abort_red_sar15_in_q3,o_idac_sar9ambn_low,MATCH,5004,0,0,0,,,,,,
abort_red_sar15_in_q3,o_idac_sar9dcn_low,MATCH,5004,0,0,0,,,,,,
abort_red_sar15_in_q3,o_idac_sar15ambn_low,MATCH,5004,0,0,0,,,,,,
abort_red_sar15_in_q3,o_idac_sar15dcn_low,MATCH,5004,0,0,0,,,,,,
abort_red_sar15_in_q3,o_s_in,MATCH,5004,0,0,0,,,,,,
abort_red_sar15_after_q3,o_en_tia_low,MATCH,5004,0,0,0,,,,,,
abort_red_sar15_after_q3,o_leddac,MATCH,5004,0,0,0,,,,,,
abort_red_sar15_after_q3,o_leden1_low,V18-F02,5004,0,1,1,295,295,295,0,1,295
abort_red_sar15_after_q3,o_leden2_low,MATCH,5004,0,0,0,,,,,,
abort_red_sar15_after_q3,o_en_test,MATCH,5004,0,0,0,,,,,,
abort_red_sar15_after_q3,o_clk_buf_low,MATCH,5004,0,0,0,,,,,,
abort_red_sar15_after_q3,o_clk_2m,MATCH,5004,0,0,0,,,,,,
abort_red_sar15_after_q3,o_clk_iref_idac_low,MATCH,5004,0,0,0,,,,,,
abort_red_sar15_after_q3,o_clk_9q1_low,MATCH,5004,0,0,0,,,,,,
abort_red_sar15_after_q3,o_clk_15q1_low,MATCH,5004,0,0,0,,,,,,
abort_red_sar15_after_q3,o_clk_aferst_low,MATCH,5004,0,0,0,,,,,,
abort_red_sar15_after_q3,o_clk_iref_idac_sar9_low,MATCH,5004,0,0,0,,,,,,
abort_red_sar15_after_q3,o_clk_iref_idac_sar15_low,MATCH,5004,0,0,0,,,,,,
abort_red_sar15_after_q3,o_clk_q2_low,MATCH,5004,0,0,0,,,,,,
abort_red_sar15_after_q3,o_clk_q3_low,MATCH,5004,0,0,0,,,,,,
abort_red_sar15_after_q3,o_clk_tiaen_low,MATCH,5004,0,0,0,,,,,,
abort_red_sar15_after_q3,o_en_15sar_low,V18-F03,5004,0,284,284,0,0,0,1,0,283
abort_red_sar15_after_q3,o_en_sar9_amb_low,MATCH,5004,0,0,0,,,,,,
abort_red_sar15_after_q3,o_en_sar9_dc_low,MATCH,5004,0,0,0,,,,,,
abort_red_sar15_after_q3,o_en_sar9_iref,MATCH,5004,0,0,0,,,,,,
abort_red_sar15_after_q3,o_en_sar15_amb_low,MATCH,5004,0,0,0,,,,,,
abort_red_sar15_after_q3,o_en_sar15_dc_low,MATCH,5004,0,0,0,,,,,,
abort_red_sar15_after_q3,o_en_sar15_iref,MATCH,5004,0,0,0,,,,,,
abort_red_sar15_after_q3,o_idac_sar9ambn_low,MATCH,5004,0,0,0,,,,,,
abort_red_sar15_after_q3,o_idac_sar9dcn_low,MATCH,5004,0,0,0,,,,,,
abort_red_sar15_after_q3,o_idac_sar15ambn_low,MATCH,5004,0,0,0,,,,,,
abort_red_sar15_after_q3,o_idac_sar15dcn_low,MATCH,5004,0,0,0,,,,,,
abort_red_sar15_after_q3,o_s_in,MATCH,5004,0,0,0,,,,,,
abort_red_sar15_before_end,o_en_tia_low,MATCH,5004,0,0,0,,,,,,
abort_red_sar15_before_end,o_leddac,MATCH,5004,0,0,0,,,,,,
abort_red_sar15_before_end,o_leden1_low,V18-F02,5004,0,1,1,295,295,295,0,1,295
abort_red_sar15_before_end,o_leden2_low,MATCH,5004,0,0,0,,,,,,
abort_red_sar15_before_end,o_en_test,MATCH,5004,0,0,0,,,,,,
abort_red_sar15_before_end,o_clk_buf_low,MATCH,5004,0,0,0,,,,,,
abort_red_sar15_before_end,o_clk_2m,MATCH,5004,0,0,0,,,,,,
abort_red_sar15_before_end,o_clk_iref_idac_low,MATCH,5004,0,0,0,,,,,,
abort_red_sar15_before_end,o_clk_9q1_low,MATCH,5004,0,0,0,,,,,,
abort_red_sar15_before_end,o_clk_15q1_low,MATCH,5004,0,0,0,,,,,,
abort_red_sar15_before_end,o_clk_aferst_low,MATCH,5004,0,0,0,,,,,,
abort_red_sar15_before_end,o_clk_iref_idac_sar9_low,MATCH,5004,0,0,0,,,,,,
abort_red_sar15_before_end,o_clk_iref_idac_sar15_low,MATCH,5004,0,0,0,,,,,,
abort_red_sar15_before_end,o_clk_q2_low,MATCH,5004,0,0,0,,,,,,
abort_red_sar15_before_end,o_clk_q3_low,MATCH,5004,0,0,0,,,,,,
abort_red_sar15_before_end,o_clk_tiaen_low,MATCH,5004,0,0,0,,,,,,
abort_red_sar15_before_end,o_en_15sar_low,V18-F03,5004,0,286,286,0,0,0,1,0,306
abort_red_sar15_before_end,o_en_sar9_amb_low,MATCH,5004,0,0,0,,,,,,
abort_red_sar15_before_end,o_en_sar9_dc_low,MATCH,5004,0,0,0,,,,,,
abort_red_sar15_before_end,o_en_sar9_iref,MATCH,5004,0,0,0,,,,,,
abort_red_sar15_before_end,o_en_sar15_amb_low,MATCH,5004,0,0,0,,,,,,
abort_red_sar15_before_end,o_en_sar15_dc_low,MATCH,5004,0,0,0,,,,,,
abort_red_sar15_before_end,o_en_sar15_iref,MATCH,5004,0,0,0,,,,,,
abort_red_sar15_before_end,o_idac_sar9ambn_low,MATCH,5004,0,0,0,,,,,,
abort_red_sar15_before_end,o_idac_sar9dcn_low,MATCH,5004,0,0,0,,,,,,
abort_red_sar15_before_end,o_idac_sar15ambn_low,MATCH,5004,0,0,0,,,,,,
abort_red_sar15_before_end,o_idac_sar15dcn_low,MATCH,5004,0,0,0,,,,,,
abort_red_sar15_before_end,o_s_in,MATCH,5004,0,0,0,,,,,,
stop_ir_sar15_before_preheat,o_en_tia_low,MATCH,5004,0,0,0,,,,,,
stop_ir_sar15_before_preheat,o_leddac,MATCH,5004,0,0,0,,,,,,
stop_ir_sar15_before_preheat,o_leden1_low,MATCH,5004,0,0,0,,,,,,
stop_ir_sar15_before_preheat,o_leden2_low,MATCH,5004,0,0,0,,,,,,
stop_ir_sar15_before_preheat,o_en_test,MATCH,5004,0,0,0,,,,,,
stop_ir_sar15_before_preheat,o_clk_buf_low,MATCH,5004,0,0,0,,,,,,
stop_ir_sar15_before_preheat,o_clk_2m,MATCH,5004,0,0,0,,,,,,
stop_ir_sar15_before_preheat,o_clk_iref_idac_low,V18-F06,5004,0,60,60,406,406,406,0,1,465
stop_ir_sar15_before_preheat,o_clk_9q1_low,MATCH,5004,0,0,0,,,,,,
stop_ir_sar15_before_preheat,o_clk_15q1_low,MATCH,5004,0,0,0,,,,,,
stop_ir_sar15_before_preheat,o_clk_aferst_low,MATCH,5004,0,0,0,,,,,,
stop_ir_sar15_before_preheat,o_clk_iref_idac_sar9_low,MATCH,5004,0,0,0,,,,,,
stop_ir_sar15_before_preheat,o_clk_iref_idac_sar15_low,V18-F06,5004,0,281,281,187,187,187,0,1,467
stop_ir_sar15_before_preheat,o_clk_q2_low,MATCH,5004,0,0,0,,,,,,
stop_ir_sar15_before_preheat,o_clk_q3_low,MATCH,5004,0,0,0,,,,,,
stop_ir_sar15_before_preheat,o_clk_tiaen_low,MATCH,5004,0,0,0,,,,,,
stop_ir_sar15_before_preheat,o_en_15sar_low,V18-F03,5004,0,188,188,0,0,0,1,0,187
stop_ir_sar15_before_preheat,o_en_sar9_amb_low,MATCH,5004,0,0,0,,,,,,
stop_ir_sar15_before_preheat,o_en_sar9_dc_low,MATCH,5004,0,0,0,,,,,,
stop_ir_sar15_before_preheat,o_en_sar9_iref,MATCH,5004,0,0,0,,,,,,
stop_ir_sar15_before_preheat,o_en_sar15_amb_low,V18-F06,5004,0,261,261,207,207,207,0,1,467
stop_ir_sar15_before_preheat,o_en_sar15_dc_low,V18-F06,5004,0,261,261,207,207,207,0,1,467
stop_ir_sar15_before_preheat,o_en_sar15_iref,V18-F06,5004,0,279,279,187,187,187,0,1,465
stop_ir_sar15_before_preheat,o_idac_sar9ambn_low,MATCH,5004,0,0,0,,,,,,
stop_ir_sar15_before_preheat,o_idac_sar9dcn_low,MATCH,5004,0,0,0,,,,,,
stop_ir_sar15_before_preheat,o_idac_sar15ambn_low,V18-F06,5004,0,105,420,363,363,363,0,165,467
stop_ir_sar15_before_preheat,o_idac_sar15dcn_low,V18-F06,5004,0,157,628,311,311,311,0,90,467
stop_ir_sar15_before_preheat,o_s_in,MATCH,5004,0,0,0,,,,,,
stop_ir_sar15_after_preheat,o_en_tia_low,MATCH,5004,0,0,0,,,,,,
stop_ir_sar15_after_preheat,o_leddac,MATCH,5004,0,0,0,,,,,,
stop_ir_sar15_after_preheat,o_leden1_low,MATCH,5004,0,0,0,,,,,,
stop_ir_sar15_after_preheat,o_leden2_low,MATCH,5004,0,0,0,,,,,,
stop_ir_sar15_after_preheat,o_en_test,MATCH,5004,0,0,0,,,,,,
stop_ir_sar15_after_preheat,o_clk_buf_low,MATCH,5004,0,0,0,,,,,,
stop_ir_sar15_after_preheat,o_clk_2m,MATCH,5004,0,0,0,,,,,,
stop_ir_sar15_after_preheat,o_clk_iref_idac_low,MATCH,5004,0,0,0,,,,,,
stop_ir_sar15_after_preheat,o_clk_9q1_low,MATCH,5004,0,0,0,,,,,,
stop_ir_sar15_after_preheat,o_clk_15q1_low,MATCH,5004,0,0,0,,,,,,
stop_ir_sar15_after_preheat,o_clk_aferst_low,MATCH,5004,0,0,0,,,,,,
stop_ir_sar15_after_preheat,o_clk_iref_idac_sar9_low,MATCH,5004,0,0,0,,,,,,
stop_ir_sar15_after_preheat,o_clk_iref_idac_sar15_low,MATCH,5004,0,0,0,,,,,,
stop_ir_sar15_after_preheat,o_clk_q2_low,MATCH,5004,0,0,0,,,,,,
stop_ir_sar15_after_preheat,o_clk_q3_low,MATCH,5004,0,0,0,,,,,,
stop_ir_sar15_after_preheat,o_clk_tiaen_low,MATCH,5004,0,0,0,,,,,,
stop_ir_sar15_after_preheat,o_en_15sar_low,V18-F03,5004,0,470,470,0,0,0,1,0,469
stop_ir_sar15_after_preheat,o_en_sar9_amb_low,MATCH,5004,0,0,0,,,,,,
stop_ir_sar15_after_preheat,o_en_sar9_dc_low,MATCH,5004,0,0,0,,,,,,
stop_ir_sar15_after_preheat,o_en_sar9_iref,MATCH,5004,0,0,0,,,,,,
stop_ir_sar15_after_preheat,o_en_sar15_amb_low,MATCH,5004,0,0,0,,,,,,
stop_ir_sar15_after_preheat,o_en_sar15_dc_low,MATCH,5004,0,0,0,,,,,,
stop_ir_sar15_after_preheat,o_en_sar15_iref,MATCH,5004,0,0,0,,,,,,
stop_ir_sar15_after_preheat,o_idac_sar9ambn_low,MATCH,5004,0,0,0,,,,,,
stop_ir_sar15_after_preheat,o_idac_sar9dcn_low,MATCH,5004,0,0,0,,,,,,
stop_ir_sar15_after_preheat,o_idac_sar15ambn_low,MATCH,5004,0,0,0,,,,,,
stop_ir_sar15_after_preheat,o_idac_sar15dcn_low,MATCH,5004,0,0,0,,,,,,
stop_ir_sar15_after_preheat,o_s_in,MATCH,5004,0,0,0,,,,,,
stop_ir_sar15_before_q1,o_en_tia_low,MATCH,5004,0,0,0,,,,,,
stop_ir_sar15_before_q1,o_leddac,MATCH,5004,0,0,0,,,,,,
stop_ir_sar15_before_q1,o_leden1_low,MATCH,5004,0,0,0,,,,,,
stop_ir_sar15_before_q1,o_leden2_low,V18-F02,5004,0,1,1,455,455,455,0,1,455
stop_ir_sar15_before_q1,o_en_test,MATCH,5004,0,0,0,,,,,,
stop_ir_sar15_before_q1,o_clk_buf_low,MATCH,5004,0,0,0,,,,,,
stop_ir_sar15_before_q1,o_clk_2m,MATCH,5004,0,0,0,,,,,,
stop_ir_sar15_before_q1,o_clk_iref_idac_low,MATCH,5004,0,0,0,,,,,,
stop_ir_sar15_before_q1,o_clk_9q1_low,MATCH,5004,0,0,0,,,,,,
stop_ir_sar15_before_q1,o_clk_15q1_low,MATCH,5004,0,0,0,,,,,,
stop_ir_sar15_before_q1,o_clk_aferst_low,MATCH,5004,0,0,0,,,,,,
stop_ir_sar15_before_q1,o_clk_iref_idac_sar9_low,MATCH,5004,0,0,0,,,,,,
stop_ir_sar15_before_q1,o_clk_iref_idac_sar15_low,MATCH,5004,0,0,0,,,,,,
stop_ir_sar15_before_q1,o_clk_q2_low,MATCH,5004,0,0,0,,,,,,
stop_ir_sar15_before_q1,o_clk_q3_low,MATCH,5004,0,0,0,,,,,,
stop_ir_sar15_before_q1,o_clk_tiaen_low,MATCH,5004,0,0,0,,,,,,
stop_ir_sar15_before_q1,o_en_15sar_low,V18-F03,5004,0,491,491,0,0,0,1,0,511
stop_ir_sar15_before_q1,o_en_sar9_amb_low,MATCH,5004,0,0,0,,,,,,
stop_ir_sar15_before_q1,o_en_sar9_dc_low,MATCH,5004,0,0,0,,,,,,
stop_ir_sar15_before_q1,o_en_sar9_iref,MATCH,5004,0,0,0,,,,,,
stop_ir_sar15_before_q1,o_en_sar15_amb_low,MATCH,5004,0,0,0,,,,,,
stop_ir_sar15_before_q1,o_en_sar15_dc_low,MATCH,5004,0,0,0,,,,,,
stop_ir_sar15_before_q1,o_en_sar15_iref,MATCH,5004,0,0,0,,,,,,
stop_ir_sar15_before_q1,o_idac_sar9ambn_low,MATCH,5004,0,0,0,,,,,,
stop_ir_sar15_before_q1,o_idac_sar9dcn_low,MATCH,5004,0,0,0,,,,,,
stop_ir_sar15_before_q1,o_idac_sar15ambn_low,MATCH,5004,0,0,0,,,,,,
stop_ir_sar15_before_q1,o_idac_sar15dcn_low,MATCH,5004,0,0,0,,,,,,
stop_ir_sar15_before_q1,o_s_in,MATCH,5004,0,0,0,,,,,,
stop_ir_sar15_in_q3,o_en_tia_low,MATCH,5004,0,0,0,,,,,,
stop_ir_sar15_in_q3,o_leddac,MATCH,5004,0,0,0,,,,,,
stop_ir_sar15_in_q3,o_leden1_low,MATCH,5004,0,0,0,,,,,,
stop_ir_sar15_in_q3,o_leden2_low,V18-F02,5004,0,1,1,455,455,455,0,1,455
stop_ir_sar15_in_q3,o_en_test,MATCH,5004,0,0,0,,,,,,
stop_ir_sar15_in_q3,o_clk_buf_low,MATCH,5004,0,0,0,,,,,,
stop_ir_sar15_in_q3,o_clk_2m,MATCH,5004,0,0,0,,,,,,
stop_ir_sar15_in_q3,o_clk_iref_idac_low,MATCH,5004,0,0,0,,,,,,
stop_ir_sar15_in_q3,o_clk_9q1_low,MATCH,5004,0,0,0,,,,,,
stop_ir_sar15_in_q3,o_clk_15q1_low,MATCH,5004,0,0,0,,,,,,
stop_ir_sar15_in_q3,o_clk_aferst_low,MATCH,5004,0,0,0,,,,,,
stop_ir_sar15_in_q3,o_clk_iref_idac_sar9_low,MATCH,5004,0,0,0,,,,,,
stop_ir_sar15_in_q3,o_clk_iref_idac_sar15_low,MATCH,5004,0,0,0,,,,,,
stop_ir_sar15_in_q3,o_clk_q2_low,MATCH,5004,0,0,0,,,,,,
stop_ir_sar15_in_q3,o_clk_q3_low,MATCH,5004,0,0,0,,,,,,
stop_ir_sar15_in_q3,o_clk_tiaen_low,MATCH,5004,0,0,0,,,,,,
stop_ir_sar15_in_q3,o_en_15sar_low,V18-F03,5004,0,491,491,0,0,0,1,0,511
stop_ir_sar15_in_q3,o_en_sar9_amb_low,MATCH,5004,0,0,0,,,,,,
stop_ir_sar15_in_q3,o_en_sar9_dc_low,MATCH,5004,0,0,0,,,,,,
stop_ir_sar15_in_q3,o_en_sar9_iref,MATCH,5004,0,0,0,,,,,,
stop_ir_sar15_in_q3,o_en_sar15_amb_low,MATCH,5004,0,0,0,,,,,,
stop_ir_sar15_in_q3,o_en_sar15_dc_low,MATCH,5004,0,0,0,,,,,,
stop_ir_sar15_in_q3,o_en_sar15_iref,MATCH,5004,0,0,0,,,,,,
stop_ir_sar15_in_q3,o_idac_sar9ambn_low,MATCH,5004,0,0,0,,,,,,
stop_ir_sar15_in_q3,o_idac_sar9dcn_low,MATCH,5004,0,0,0,,,,,,
stop_ir_sar15_in_q3,o_idac_sar15ambn_low,MATCH,5004,0,0,0,,,,,,
stop_ir_sar15_in_q3,o_idac_sar15dcn_low,MATCH,5004,0,0,0,,,,,,
stop_ir_sar15_in_q3,o_s_in,MATCH,5004,0,0,0,,,,,,
stop_ir_sar15_after_q3,o_en_tia_low,MATCH,5004,0,0,0,,,,,,
stop_ir_sar15_after_q3,o_leddac,MATCH,5004,0,0,0,,,,,,
stop_ir_sar15_after_q3,o_leden1_low,MATCH,5004,0,0,0,,,,,,
stop_ir_sar15_after_q3,o_leden2_low,V18-F02,5004,0,1,1,455,455,455,0,1,455
stop_ir_sar15_after_q3,o_en_test,MATCH,5004,0,0,0,,,,,,
stop_ir_sar15_after_q3,o_clk_buf_low,MATCH,5004,0,0,0,,,,,,
stop_ir_sar15_after_q3,o_clk_2m,MATCH,5004,0,0,0,,,,,,
stop_ir_sar15_after_q3,o_clk_iref_idac_low,MATCH,5004,0,0,0,,,,,,
stop_ir_sar15_after_q3,o_clk_9q1_low,MATCH,5004,0,0,0,,,,,,
stop_ir_sar15_after_q3,o_clk_15q1_low,MATCH,5004,0,0,0,,,,,,
stop_ir_sar15_after_q3,o_clk_aferst_low,MATCH,5004,0,0,0,,,,,,
stop_ir_sar15_after_q3,o_clk_iref_idac_sar9_low,MATCH,5004,0,0,0,,,,,,
stop_ir_sar15_after_q3,o_clk_iref_idac_sar15_low,MATCH,5004,0,0,0,,,,,,
stop_ir_sar15_after_q3,o_clk_q2_low,MATCH,5004,0,0,0,,,,,,
stop_ir_sar15_after_q3,o_clk_q3_low,MATCH,5004,0,0,0,,,,,,
stop_ir_sar15_after_q3,o_clk_tiaen_low,MATCH,5004,0,0,0,,,,,,
stop_ir_sar15_after_q3,o_en_15sar_low,V18-F03,5004,0,491,491,0,0,0,1,0,511
stop_ir_sar15_after_q3,o_en_sar9_amb_low,MATCH,5004,0,0,0,,,,,,
stop_ir_sar15_after_q3,o_en_sar9_dc_low,MATCH,5004,0,0,0,,,,,,
stop_ir_sar15_after_q3,o_en_sar9_iref,MATCH,5004,0,0,0,,,,,,
stop_ir_sar15_after_q3,o_en_sar15_amb_low,MATCH,5004,0,0,0,,,,,,
stop_ir_sar15_after_q3,o_en_sar15_dc_low,MATCH,5004,0,0,0,,,,,,
stop_ir_sar15_after_q3,o_en_sar15_iref,MATCH,5004,0,0,0,,,,,,
stop_ir_sar15_after_q3,o_idac_sar9ambn_low,MATCH,5004,0,0,0,,,,,,
stop_ir_sar15_after_q3,o_idac_sar9dcn_low,MATCH,5004,0,0,0,,,,,,
stop_ir_sar15_after_q3,o_idac_sar15ambn_low,MATCH,5004,0,0,0,,,,,,
stop_ir_sar15_after_q3,o_idac_sar15dcn_low,MATCH,5004,0,0,0,,,,,,
stop_ir_sar15_after_q3,o_s_in,MATCH,5004,0,0,0,,,,,,
stop_ir_sar15_before_end,o_en_tia_low,MATCH,5004,0,0,0,,,,,,
stop_ir_sar15_before_end,o_leddac,MATCH,5004,0,0,0,,,,,,
stop_ir_sar15_before_end,o_leden1_low,MATCH,5004,0,0,0,,,,,,
stop_ir_sar15_before_end,o_leden2_low,V18-F02,5004,0,1,1,455,455,455,0,1,455
stop_ir_sar15_before_end,o_en_test,MATCH,5004,0,0,0,,,,,,
stop_ir_sar15_before_end,o_clk_buf_low,MATCH,5004,0,0,0,,,,,,
stop_ir_sar15_before_end,o_clk_2m,MATCH,5004,0,0,0,,,,,,
stop_ir_sar15_before_end,o_clk_iref_idac_low,MATCH,5004,0,0,0,,,,,,
stop_ir_sar15_before_end,o_clk_9q1_low,MATCH,5004,0,0,0,,,,,,
stop_ir_sar15_before_end,o_clk_15q1_low,MATCH,5004,0,0,0,,,,,,
stop_ir_sar15_before_end,o_clk_aferst_low,MATCH,5004,0,0,0,,,,,,
stop_ir_sar15_before_end,o_clk_iref_idac_sar9_low,MATCH,5004,0,0,0,,,,,,
stop_ir_sar15_before_end,o_clk_iref_idac_sar15_low,MATCH,5004,0,0,0,,,,,,
stop_ir_sar15_before_end,o_clk_q2_low,MATCH,5004,0,0,0,,,,,,
stop_ir_sar15_before_end,o_clk_q3_low,MATCH,5004,0,0,0,,,,,,
stop_ir_sar15_before_end,o_clk_tiaen_low,MATCH,5004,0,0,0,,,,,,
stop_ir_sar15_before_end,o_en_15sar_low,V18-F03,5004,0,491,491,0,0,0,1,0,511
stop_ir_sar15_before_end,o_en_sar9_amb_low,MATCH,5004,0,0,0,,,,,,
stop_ir_sar15_before_end,o_en_sar9_dc_low,MATCH,5004,0,0,0,,,,,,
stop_ir_sar15_before_end,o_en_sar9_iref,MATCH,5004,0,0,0,,,,,,
stop_ir_sar15_before_end,o_en_sar15_amb_low,MATCH,5004,0,0,0,,,,,,
stop_ir_sar15_before_end,o_en_sar15_dc_low,MATCH,5004,0,0,0,,,,,,
stop_ir_sar15_before_end,o_en_sar15_iref,MATCH,5004,0,0,0,,,,,,
stop_ir_sar15_before_end,o_idac_sar9ambn_low,MATCH,5004,0,0,0,,,,,,
stop_ir_sar15_before_end,o_idac_sar9dcn_low,MATCH,5004,0,0,0,,,,,,
stop_ir_sar15_before_end,o_idac_sar15ambn_low,MATCH,5004,0,0,0,,,,,,
stop_ir_sar15_before_end,o_idac_sar15dcn_low,MATCH,5004,0,0,0,,,,,,
stop_ir_sar15_before_end,o_s_in,MATCH,5004,0,0,0,,,,,,
abort_ir_sar15_before_preheat,o_en_tia_low,MATCH,5004,0,0,0,,,,,,
abort_ir_sar15_before_preheat,o_leddac,MATCH,5004,0,0,0,,,,,,
abort_ir_sar15_before_preheat,o_leden1_low,MATCH,5004,0,0,0,,,,,,
abort_ir_sar15_before_preheat,o_leden2_low,MATCH,5004,0,0,0,,,,,,
abort_ir_sar15_before_preheat,o_en_test,MATCH,5004,0,0,0,,,,,,
abort_ir_sar15_before_preheat,o_clk_buf_low,MATCH,5004,0,0,0,,,,,,
abort_ir_sar15_before_preheat,o_clk_2m,MATCH,5004,0,0,0,,,,,,
abort_ir_sar15_before_preheat,o_clk_iref_idac_low,MATCH,5004,0,0,0,,,,,,
abort_ir_sar15_before_preheat,o_clk_9q1_low,MATCH,5004,0,0,0,,,,,,
abort_ir_sar15_before_preheat,o_clk_15q1_low,MATCH,5004,0,0,0,,,,,,
abort_ir_sar15_before_preheat,o_clk_aferst_low,MATCH,5004,0,0,0,,,,,,
abort_ir_sar15_before_preheat,o_clk_iref_idac_sar9_low,MATCH,5004,0,0,0,,,,,,
abort_ir_sar15_before_preheat,o_clk_iref_idac_sar15_low,MATCH,5004,0,0,0,,,,,,
abort_ir_sar15_before_preheat,o_clk_q2_low,MATCH,5004,0,0,0,,,,,,
abort_ir_sar15_before_preheat,o_clk_q3_low,MATCH,5004,0,0,0,,,,,,
abort_ir_sar15_before_preheat,o_clk_tiaen_low,MATCH,5004,0,0,0,,,,,,
abort_ir_sar15_before_preheat,o_en_15sar_low,V18-F03,5004,0,186,186,0,0,0,1,0,185
abort_ir_sar15_before_preheat,o_en_sar9_amb_low,MATCH,5004,0,0,0,,,,,,
abort_ir_sar15_before_preheat,o_en_sar9_dc_low,MATCH,5004,0,0,0,,,,,,
abort_ir_sar15_before_preheat,o_en_sar9_iref,MATCH,5004,0,0,0,,,,,,
abort_ir_sar15_before_preheat,o_en_sar15_amb_low,MATCH,5004,0,0,0,,,,,,
abort_ir_sar15_before_preheat,o_en_sar15_dc_low,MATCH,5004,0,0,0,,,,,,
abort_ir_sar15_before_preheat,o_en_sar15_iref,MATCH,5004,0,0,0,,,,,,
abort_ir_sar15_before_preheat,o_idac_sar9ambn_low,MATCH,5004,0,0,0,,,,,,
abort_ir_sar15_before_preheat,o_idac_sar9dcn_low,MATCH,5004,0,0,0,,,,,,
abort_ir_sar15_before_preheat,o_idac_sar15ambn_low,MATCH,5004,0,0,0,,,,,,
abort_ir_sar15_before_preheat,o_idac_sar15dcn_low,MATCH,5004,0,0,0,,,,,,
abort_ir_sar15_before_preheat,o_s_in,MATCH,5004,0,0,0,,,,,,
abort_ir_sar15_after_preheat,o_en_tia_low,MATCH,5004,0,0,0,,,,,,
abort_ir_sar15_after_preheat,o_leddac,MATCH,5004,0,0,0,,,,,,
abort_ir_sar15_after_preheat,o_leden1_low,MATCH,5004,0,0,0,,,,,,
abort_ir_sar15_after_preheat,o_leden2_low,MATCH,5004,0,0,0,,,,,,
abort_ir_sar15_after_preheat,o_en_test,MATCH,5004,0,0,0,,,,,,
abort_ir_sar15_after_preheat,o_clk_buf_low,MATCH,5004,0,0,0,,,,,,
abort_ir_sar15_after_preheat,o_clk_2m,MATCH,5004,0,0,0,,,,,,
abort_ir_sar15_after_preheat,o_clk_iref_idac_low,MATCH,5004,0,0,0,,,,,,
abort_ir_sar15_after_preheat,o_clk_9q1_low,MATCH,5004,0,0,0,,,,,,
abort_ir_sar15_after_preheat,o_clk_15q1_low,MATCH,5004,0,0,0,,,,,,
abort_ir_sar15_after_preheat,o_clk_aferst_low,MATCH,5004,0,0,0,,,,,,
abort_ir_sar15_after_preheat,o_clk_iref_idac_sar9_low,MATCH,5004,0,0,0,,,,,,
abort_ir_sar15_after_preheat,o_clk_iref_idac_sar15_low,MATCH,5004,0,0,0,,,,,,
abort_ir_sar15_after_preheat,o_clk_q2_low,MATCH,5004,0,0,0,,,,,,
abort_ir_sar15_after_preheat,o_clk_q3_low,MATCH,5004,0,0,0,,,,,,
abort_ir_sar15_after_preheat,o_clk_tiaen_low,MATCH,5004,0,0,0,,,,,,
abort_ir_sar15_after_preheat,o_en_15sar_low,V18-F03,5004,0,188,188,0,0,0,1,0,187
abort_ir_sar15_after_preheat,o_en_sar9_amb_low,MATCH,5004,0,0,0,,,,,,
abort_ir_sar15_after_preheat,o_en_sar9_dc_low,MATCH,5004,0,0,0,,,,,,
abort_ir_sar15_after_preheat,o_en_sar9_iref,MATCH,5004,0,0,0,,,,,,
abort_ir_sar15_after_preheat,o_en_sar15_amb_low,MATCH,5004,0,0,0,,,,,,
abort_ir_sar15_after_preheat,o_en_sar15_dc_low,MATCH,5004,0,0,0,,,,,,
abort_ir_sar15_after_preheat,o_en_sar15_iref,MATCH,5004,0,0,0,,,,,,
abort_ir_sar15_after_preheat,o_idac_sar9ambn_low,MATCH,5004,0,0,0,,,,,,
abort_ir_sar15_after_preheat,o_idac_sar9dcn_low,MATCH,5004,0,0,0,,,,,,
abort_ir_sar15_after_preheat,o_idac_sar15ambn_low,MATCH,5004,0,0,0,,,,,,
abort_ir_sar15_after_preheat,o_idac_sar15dcn_low,MATCH,5004,0,0,0,,,,,,
abort_ir_sar15_after_preheat,o_s_in,MATCH,5004,0,0,0,,,,,,
abort_ir_sar15_before_q1,o_en_tia_low,MATCH,5004,0,0,0,,,,,,
abort_ir_sar15_before_q1,o_leddac,MATCH,5004,0,0,0,,,,,,
abort_ir_sar15_before_q1,o_leden1_low,MATCH,5004,0,0,0,,,,,,
abort_ir_sar15_before_q1,o_leden2_low,MATCH,5004,0,0,0,,,,,,
abort_ir_sar15_before_q1,o_en_test,MATCH,5004,0,0,0,,,,,,
abort_ir_sar15_before_q1,o_clk_buf_low,MATCH,5004,0,0,0,,,,,,
abort_ir_sar15_before_q1,o_clk_2m,MATCH,5004,0,0,0,,,,,,
abort_ir_sar15_before_q1,o_clk_iref_idac_low,MATCH,5004,0,0,0,,,,,,
abort_ir_sar15_before_q1,o_clk_9q1_low,MATCH,5004,0,0,0,,,,,,
abort_ir_sar15_before_q1,o_clk_15q1_low,MATCH,5004,0,0,0,,,,,,
abort_ir_sar15_before_q1,o_clk_aferst_low,MATCH,5004,0,0,0,,,,,,
abort_ir_sar15_before_q1,o_clk_iref_idac_sar9_low,MATCH,5004,0,0,0,,,,,,
abort_ir_sar15_before_q1,o_clk_iref_idac_sar15_low,MATCH,5004,0,0,0,,,,,,
abort_ir_sar15_before_q1,o_clk_q2_low,MATCH,5004,0,0,0,,,,,,
abort_ir_sar15_before_q1,o_clk_q3_low,MATCH,5004,0,0,0,,,,,,
abort_ir_sar15_before_q1,o_clk_tiaen_low,MATCH,5004,0,0,0,,,,,,
abort_ir_sar15_before_q1,o_en_15sar_low,V18-F03,5004,0,443,443,0,0,0,1,0,442
abort_ir_sar15_before_q1,o_en_sar9_amb_low,MATCH,5004,0,0,0,,,,,,
abort_ir_sar15_before_q1,o_en_sar9_dc_low,MATCH,5004,0,0,0,,,,,,
abort_ir_sar15_before_q1,o_en_sar9_iref,MATCH,5004,0,0,0,,,,,,
abort_ir_sar15_before_q1,o_en_sar15_amb_low,MATCH,5004,0,0,0,,,,,,
abort_ir_sar15_before_q1,o_en_sar15_dc_low,MATCH,5004,0,0,0,,,,,,
abort_ir_sar15_before_q1,o_en_sar15_iref,MATCH,5004,0,0,0,,,,,,
abort_ir_sar15_before_q1,o_idac_sar9ambn_low,MATCH,5004,0,0,0,,,,,,
abort_ir_sar15_before_q1,o_idac_sar9dcn_low,MATCH,5004,0,0,0,,,,,,
abort_ir_sar15_before_q1,o_idac_sar15ambn_low,MATCH,5004,0,0,0,,,,,,
abort_ir_sar15_before_q1,o_idac_sar15dcn_low,MATCH,5004,0,0,0,,,,,,
abort_ir_sar15_before_q1,o_s_in,MATCH,5004,0,0,0,,,,,,
abort_ir_sar15_in_q3,o_en_tia_low,MATCH,5004,0,0,0,,,,,,
abort_ir_sar15_in_q3,o_leddac,MATCH,5004,0,0,0,,,,,,
abort_ir_sar15_in_q3,o_leden1_low,MATCH,5004,0,0,0,,,,,,
abort_ir_sar15_in_q3,o_leden2_low,V18-F02,5004,0,1,1,455,455,455,0,1,455
abort_ir_sar15_in_q3,o_en_test,MATCH,5004,0,0,0,,,,,,
abort_ir_sar15_in_q3,o_clk_buf_low,MATCH,5004,0,0,0,,,,,,
abort_ir_sar15_in_q3,o_clk_2m,MATCH,5004,0,0,0,,,,,,
abort_ir_sar15_in_q3,o_clk_iref_idac_low,MATCH,5004,0,0,0,,,,,,
abort_ir_sar15_in_q3,o_clk_9q1_low,MATCH,5004,0,0,0,,,,,,
abort_ir_sar15_in_q3,o_clk_15q1_low,MATCH,5004,0,0,0,,,,,,
abort_ir_sar15_in_q3,o_clk_aferst_low,MATCH,5004,0,0,0,,,,,,
abort_ir_sar15_in_q3,o_clk_iref_idac_sar9_low,MATCH,5004,0,0,0,,,,,,
abort_ir_sar15_in_q3,o_clk_iref_idac_sar15_low,MATCH,5004,0,0,0,,,,,,
abort_ir_sar15_in_q3,o_clk_q2_low,MATCH,5004,0,0,0,,,,,,
abort_ir_sar15_in_q3,o_clk_q3_low,MATCH,5004,0,0,0,,,,,,
abort_ir_sar15_in_q3,o_clk_tiaen_low,MATCH,5004,0,0,0,,,,,,
abort_ir_sar15_in_q3,o_en_15sar_low,V18-F03,5004,0,444,444,0,0,0,1,0,443
abort_ir_sar15_in_q3,o_en_sar9_amb_low,MATCH,5004,0,0,0,,,,,,
abort_ir_sar15_in_q3,o_en_sar9_dc_low,MATCH,5004,0,0,0,,,,,,
abort_ir_sar15_in_q3,o_en_sar9_iref,MATCH,5004,0,0,0,,,,,,
abort_ir_sar15_in_q3,o_en_sar15_amb_low,MATCH,5004,0,0,0,,,,,,
abort_ir_sar15_in_q3,o_en_sar15_dc_low,MATCH,5004,0,0,0,,,,,,
abort_ir_sar15_in_q3,o_en_sar15_iref,MATCH,5004,0,0,0,,,,,,
abort_ir_sar15_in_q3,o_idac_sar9ambn_low,MATCH,5004,0,0,0,,,,,,
abort_ir_sar15_in_q3,o_idac_sar9dcn_low,MATCH,5004,0,0,0,,,,,,
abort_ir_sar15_in_q3,o_idac_sar15ambn_low,MATCH,5004,0,0,0,,,,,,
abort_ir_sar15_in_q3,o_idac_sar15dcn_low,MATCH,5004,0,0,0,,,,,,
abort_ir_sar15_in_q3,o_s_in,MATCH,5004,0,0,0,,,,,,
abort_ir_sar15_after_q3,o_en_tia_low,MATCH,5004,0,0,0,,,,,,
abort_ir_sar15_after_q3,o_leddac,MATCH,5004,0,0,0,,,,,,
abort_ir_sar15_after_q3,o_leden1_low,MATCH,5004,0,0,0,,,,,,
abort_ir_sar15_after_q3,o_leden2_low,V18-F02,5004,0,1,1,455,455,455,0,1,455
abort_ir_sar15_after_q3,o_en_test,MATCH,5004,0,0,0,,,,,,
abort_ir_sar15_after_q3,o_clk_buf_low,MATCH,5004,0,0,0,,,,,,
abort_ir_sar15_after_q3,o_clk_2m,MATCH,5004,0,0,0,,,,,,
abort_ir_sar15_after_q3,o_clk_iref_idac_low,MATCH,5004,0,0,0,,,,,,
abort_ir_sar15_after_q3,o_clk_9q1_low,MATCH,5004,0,0,0,,,,,,
abort_ir_sar15_after_q3,o_clk_15q1_low,MATCH,5004,0,0,0,,,,,,
abort_ir_sar15_after_q3,o_clk_aferst_low,MATCH,5004,0,0,0,,,,,,
abort_ir_sar15_after_q3,o_clk_iref_idac_sar9_low,MATCH,5004,0,0,0,,,,,,
abort_ir_sar15_after_q3,o_clk_iref_idac_sar15_low,MATCH,5004,0,0,0,,,,,,
abort_ir_sar15_after_q3,o_clk_q2_low,MATCH,5004,0,0,0,,,,,,
abort_ir_sar15_after_q3,o_clk_q3_low,MATCH,5004,0,0,0,,,,,,
abort_ir_sar15_after_q3,o_clk_tiaen_low,MATCH,5004,0,0,0,,,,,,
abort_ir_sar15_after_q3,o_en_15sar_low,V18-F03,5004,0,444,444,0,0,0,1,0,443
abort_ir_sar15_after_q3,o_en_sar9_amb_low,MATCH,5004,0,0,0,,,,,,
abort_ir_sar15_after_q3,o_en_sar9_dc_low,MATCH,5004,0,0,0,,,,,,
abort_ir_sar15_after_q3,o_en_sar9_iref,MATCH,5004,0,0,0,,,,,,
abort_ir_sar15_after_q3,o_en_sar15_amb_low,MATCH,5004,0,0,0,,,,,,
abort_ir_sar15_after_q3,o_en_sar15_dc_low,MATCH,5004,0,0,0,,,,,,
abort_ir_sar15_after_q3,o_en_sar15_iref,MATCH,5004,0,0,0,,,,,,
abort_ir_sar15_after_q3,o_idac_sar9ambn_low,MATCH,5004,0,0,0,,,,,,
abort_ir_sar15_after_q3,o_idac_sar9dcn_low,MATCH,5004,0,0,0,,,,,,
abort_ir_sar15_after_q3,o_idac_sar15ambn_low,MATCH,5004,0,0,0,,,,,,
abort_ir_sar15_after_q3,o_idac_sar15dcn_low,MATCH,5004,0,0,0,,,,,,
abort_ir_sar15_after_q3,o_s_in,MATCH,5004,0,0,0,,,,,,
abort_ir_sar15_before_end,o_en_tia_low,MATCH,5004,0,0,0,,,,,,
abort_ir_sar15_before_end,o_leddac,MATCH,5004,0,0,0,,,,,,
abort_ir_sar15_before_end,o_leden1_low,MATCH,5004,0,0,0,,,,,,
abort_ir_sar15_before_end,o_leden2_low,V18-F02,5004,0,1,1,455,455,455,0,1,455
abort_ir_sar15_before_end,o_en_test,MATCH,5004,0,0,0,,,,,,
abort_ir_sar15_before_end,o_clk_buf_low,MATCH,5004,0,0,0,,,,,,
abort_ir_sar15_before_end,o_clk_2m,MATCH,5004,0,0,0,,,,,,
abort_ir_sar15_before_end,o_clk_iref_idac_low,MATCH,5004,0,0,0,,,,,,
abort_ir_sar15_before_end,o_clk_9q1_low,MATCH,5004,0,0,0,,,,,,
abort_ir_sar15_before_end,o_clk_15q1_low,MATCH,5004,0,0,0,,,,,,
abort_ir_sar15_before_end,o_clk_aferst_low,MATCH,5004,0,0,0,,,,,,
abort_ir_sar15_before_end,o_clk_iref_idac_sar9_low,MATCH,5004,0,0,0,,,,,,
abort_ir_sar15_before_end,o_clk_iref_idac_sar15_low,MATCH,5004,0,0,0,,,,,,
abort_ir_sar15_before_end,o_clk_q2_low,MATCH,5004,0,0,0,,,,,,
abort_ir_sar15_before_end,o_clk_q3_low,MATCH,5004,0,0,0,,,,,,
abort_ir_sar15_before_end,o_clk_tiaen_low,MATCH,5004,0,0,0,,,,,,
abort_ir_sar15_before_end,o_en_15sar_low,V18-F03,5004,0,446,446,0,0,0,1,0,466
abort_ir_sar15_before_end,o_en_sar9_amb_low,MATCH,5004,0,0,0,,,,,,
abort_ir_sar15_before_end,o_en_sar9_dc_low,MATCH,5004,0,0,0,,,,,,
abort_ir_sar15_before_end,o_en_sar9_iref,MATCH,5004,0,0,0,,,,,,
abort_ir_sar15_before_end,o_en_sar15_amb_low,MATCH,5004,0,0,0,,,,,,
abort_ir_sar15_before_end,o_en_sar15_dc_low,MATCH,5004,0,0,0,,,,,,
abort_ir_sar15_before_end,o_en_sar15_iref,MATCH,5004,0,0,0,,,,,,
abort_ir_sar15_before_end,o_idac_sar9ambn_low,MATCH,5004,0,0,0,,,,,,
abort_ir_sar15_before_end,o_idac_sar9dcn_low,MATCH,5004,0,0,0,,,,,,
abort_ir_sar15_before_end,o_idac_sar15ambn_low,MATCH,5004,0,0,0,,,,,,
abort_ir_sar15_before_end,o_idac_sar15dcn_low,MATCH,5004,0,0,0,,,,,,
abort_ir_sar15_before_end,o_s_in,MATCH,5004,0,0,0,,,,,,
snapshot_payload_changes_sar9,o_en_tia_low,MATCH,5004,0,0,0,,,,,,
snapshot_payload_changes_sar9,o_leddac,MATCH,5004,0,0,0,,,,,,
snapshot_payload_changes_sar9,o_leden1_low,V18-F02,5004,0,1,1,298,298,298,0,1,298
snapshot_payload_changes_sar9,o_leden2_low,V18-F02,5004,0,1,1,458,458,458,0,1,458
snapshot_payload_changes_sar9,o_en_test,MATCH,5004,0,0,0,,,,,,
snapshot_payload_changes_sar9,o_clk_buf_low,MATCH,5004,0,0,0,,,,,,
snapshot_payload_changes_sar9,o_clk_2m,MATCH,5004,0,0,0,,,,,,
snapshot_payload_changes_sar9,o_clk_iref_idac_low,MATCH,5004,0,0,0,,,,,,
snapshot_payload_changes_sar9,o_clk_9q1_low,MATCH,5004,0,0,0,,,,,,
snapshot_payload_changes_sar9,o_clk_15q1_low,MATCH,5004,0,0,0,,,,,,
snapshot_payload_changes_sar9,o_clk_aferst_low,MATCH,5004,0,0,0,,,,,,
snapshot_payload_changes_sar9,o_clk_iref_idac_sar9_low,MATCH,5004,0,0,0,,,,,,
snapshot_payload_changes_sar9,o_clk_iref_idac_sar15_low,MATCH,5004,0,0,0,,,,,,
snapshot_payload_changes_sar9,o_clk_q2_low,MATCH,5004,0,0,0,,,,,,
snapshot_payload_changes_sar9,o_clk_q3_low,MATCH,5004,0,0,0,,,,,,
snapshot_payload_changes_sar9,o_clk_tiaen_low,MATCH,5004,0,0,0,,,,,,
snapshot_payload_changes_sar9,o_en_15sar_low,MATCH,5004,0,0,0,,,,,,
snapshot_payload_changes_sar9,o_en_sar9_amb_low,V18-F01,5004,0,54,54,256,256,256,1,0,309
snapshot_payload_changes_sar9,o_en_sar9_dc_low,V18-F01,5004,0,54,54,256,256,256,1,0,309
snapshot_payload_changes_sar9,o_en_sar9_iref,V18-F01,5004,0,72,72,236,236,236,1,0,307
snapshot_payload_changes_sar9,o_en_sar15_amb_low,MATCH,5004,0,0,0,,,,,,
snapshot_payload_changes_sar9,o_en_sar15_dc_low,MATCH,5004,0,0,0,,,,,,
snapshot_payload_changes_sar9,o_en_sar15_iref,MATCH,5004,0,0,0,,,,,,
snapshot_payload_changes_sar9,o_idac_sar9ambn_low,MATCH,5004,0,0,0,,,,,,
snapshot_payload_changes_sar9,o_idac_sar9dcn_low,MATCH,5004,0,0,0,,,,,,
snapshot_payload_changes_sar9,o_idac_sar15ambn_low,MATCH,5004,0,0,0,,,,,,
snapshot_payload_changes_sar9,o_idac_sar15dcn_low,MATCH,5004,0,0,0,,,,,,
snapshot_payload_changes_sar9,o_s_in,MATCH,5004,0,0,0,,,,,,
snapshot_payload_changes_sar15,o_en_tia_low,MATCH,5004,0,0,0,,,,,,
snapshot_payload_changes_sar15,o_leddac,MATCH,5004,0,0,0,,,,,,
snapshot_payload_changes_sar15,o_leden1_low,V18-F02,5004,0,1,1,295,295,295,0,1,295
snapshot_payload_changes_sar15,o_leden2_low,V18-F02,5004,0,1,1,455,455,455,0,1,455
snapshot_payload_changes_sar15,o_en_test,MATCH,5004,0,0,0,,,,,,
snapshot_payload_changes_sar15,o_clk_buf_low,MATCH,5004,0,0,0,,,,,,
snapshot_payload_changes_sar15,o_clk_2m,MATCH,5004,0,0,0,,,,,,
snapshot_payload_changes_sar15,o_clk_iref_idac_low,MATCH,5004,0,0,0,,,,,,
snapshot_payload_changes_sar15,o_clk_9q1_low,MATCH,5004,0,0,0,,,,,,
snapshot_payload_changes_sar15,o_clk_15q1_low,MATCH,5004,0,0,0,,,,,,
snapshot_payload_changes_sar15,o_clk_aferst_low,MATCH,5004,0,0,0,,,,,,
snapshot_payload_changes_sar15,o_clk_iref_idac_sar9_low,MATCH,5004,0,0,0,,,,,,
snapshot_payload_changes_sar15,o_clk_iref_idac_sar15_low,MATCH,5004,0,0,0,,,,,,
snapshot_payload_changes_sar15,o_clk_q2_low,MATCH,5004,0,0,0,,,,,,
snapshot_payload_changes_sar15,o_clk_q3_low,MATCH,5004,0,0,0,,,,,,
snapshot_payload_changes_sar15,o_clk_tiaen_low,MATCH,5004,0,0,0,,,,,,
snapshot_payload_changes_sar15,o_en_15sar_low,V18-F03,5004,0,4958,4958,0,0,0,1,0,4999
snapshot_payload_changes_sar15,o_en_sar9_amb_low,MATCH,5004,0,0,0,,,,,,
snapshot_payload_changes_sar15,o_en_sar9_dc_low,MATCH,5004,0,0,0,,,,,,
snapshot_payload_changes_sar15,o_en_sar9_iref,MATCH,5004,0,0,0,,,,,,
snapshot_payload_changes_sar15,o_en_sar15_amb_low,MATCH,5004,0,0,0,,,,,,
snapshot_payload_changes_sar15,o_en_sar15_dc_low,MATCH,5004,0,0,0,,,,,,
snapshot_payload_changes_sar15,o_en_sar15_iref,MATCH,5004,0,0,0,,,,,,
snapshot_payload_changes_sar15,o_idac_sar9ambn_low,MATCH,5004,0,0,0,,,,,,
snapshot_payload_changes_sar15,o_idac_sar9dcn_low,MATCH,5004,0,0,0,,,,,,
snapshot_payload_changes_sar15,o_idac_sar15ambn_low,MATCH,5004,0,0,0,,,,,,
snapshot_payload_changes_sar15,o_idac_sar15dcn_low,MATCH,5004,0,0,0,,,,,,
snapshot_payload_changes_sar15,o_s_in,MATCH,5004,0,0,0,,,,,,
cal_lifecycle_stop_amb_before_preheat,o_en_tia_low,MATCH,5004,0,0,0,,,,,,
cal_lifecycle_stop_amb_before_preheat,o_leddac,MATCH,5004,0,0,0,,,,,,
cal_lifecycle_stop_amb_before_preheat,o_leden1_low,MATCH,5004,0,0,0,,,,,,
cal_lifecycle_stop_amb_before_preheat,o_leden2_low,MATCH,5004,0,0,0,,,,,,
cal_lifecycle_stop_amb_before_preheat,o_en_test,MATCH,5004,0,0,0,,,,,,
cal_lifecycle_stop_amb_before_preheat,o_clk_buf_low,MATCH,5004,0,0,0,,,,,,
cal_lifecycle_stop_amb_before_preheat,o_clk_2m,MATCH,5004,0,0,0,,,,,,
cal_lifecycle_stop_amb_before_preheat,o_clk_iref_idac_low,V18-F06,5004,0,40,40,229,229,229,0,1,268
cal_lifecycle_stop_amb_before_preheat,o_clk_9q1_low,V18-F06,5004,0,9,9,259,259,259,0,1,267
cal_lifecycle_stop_amb_before_preheat,o_clk_15q1_low,MATCH,5004,0,0,0,,,,,,
cal_lifecycle_stop_amb_before_preheat,o_clk_aferst_low,V18-F06,5004,0,12,12,249,249,249,0,1,260
cal_lifecycle_stop_amb_before_preheat,o_clk_iref_idac_sar9_low,V18-F06,5004,0,274,274,10,10,10,0,1,283
cal_lifecycle_stop_amb_before_preheat,o_clk_iref_idac_sar15_low,MATCH,5004,0,0,0,,,,,,
cal_lifecycle_stop_amb_before_preheat,o_clk_q2_low,MATCH,5004,0,0,0,,,,,,
cal_lifecycle_stop_amb_before_preheat,o_clk_q3_low,V18-F06,5004,0,2,2,265,265,265,0,1,266
cal_lifecycle_stop_amb_before_preheat,o_clk_tiaen_low,V18-F06,5004,0,20,20,249,249,249,0,1,268
cal_lifecycle_stop_amb_before_preheat,o_en_15sar_low,MATCH,5004,0,0,0,,,,,,
cal_lifecycle_stop_amb_before_preheat,o_en_sar9_amb_low,V18-F06,5004,0,54,54,222,222,222,0,1,275
cal_lifecycle_stop_amb_before_preheat,o_en_sar9_dc_low,MATCH,5004,0,0,0,,,,,,
cal_lifecycle_stop_amb_before_preheat,o_en_sar9_iref,V18-F06,5004,0,72,72,202,202,202,0,1,273
cal_lifecycle_stop_amb_before_preheat,o_en_sar15_amb_low,MATCH,5004,0,0,0,,,,,,
cal_lifecycle_stop_amb_before_preheat,o_en_sar15_dc_low,MATCH,5004,0,0,0,,,,,,
cal_lifecycle_stop_amb_before_preheat,o_en_sar15_iref,MATCH,5004,0,0,0,,,,,,
cal_lifecycle_stop_amb_before_preheat,o_idac_sar9ambn_low,V18-F06,5004,0,52,208,224,224,224,0,165,275
cal_lifecycle_stop_amb_before_preheat,o_idac_sar9dcn_low,MATCH,5004,0,0,0,,,,,,
cal_lifecycle_stop_amb_before_preheat,o_idac_sar15ambn_low,MATCH,5004,0,0,0,,,,,,
cal_lifecycle_stop_amb_before_preheat,o_idac_sar15dcn_low,MATCH,5004,0,0,0,,,,,,
cal_lifecycle_stop_amb_before_preheat,o_s_in,MATCH,5004,0,0,0,,,,,,
cal_lifecycle_stop_amb_after_preheat,o_en_tia_low,MATCH,5004,0,0,0,,,,,,
cal_lifecycle_stop_amb_after_preheat,o_leddac,MATCH,5004,0,0,0,,,,,,
cal_lifecycle_stop_amb_after_preheat,o_leden1_low,MATCH,5004,0,0,0,,,,,,
cal_lifecycle_stop_amb_after_preheat,o_leden2_low,MATCH,5004,0,0,0,,,,,,
cal_lifecycle_stop_amb_after_preheat,o_en_test,MATCH,5004,0,0,0,,,,,,
cal_lifecycle_stop_amb_after_preheat,o_clk_buf_low,MATCH,5004,0,0,0,,,,,,
cal_lifecycle_stop_amb_after_preheat,o_clk_2m,MATCH,5004,0,0,0,,,,,,
cal_lifecycle_stop_amb_after_preheat,o_clk_iref_idac_low,MATCH,5004,0,0,0,,,,,,
cal_lifecycle_stop_amb_after_preheat,o_clk_9q1_low,MATCH,5004,0,0,0,,,,,,
cal_lifecycle_stop_amb_after_preheat,o_clk_15q1_low,MATCH,5004,0,0,0,,,,,,
cal_lifecycle_stop_amb_after_preheat,o_clk_aferst_low,MATCH,5004,0,0,0,,,,,,
cal_lifecycle_stop_amb_after_preheat,o_clk_iref_idac_sar9_low,MATCH,5004,0,0,0,,,,,,
cal_lifecycle_stop_amb_after_preheat,o_clk_iref_idac_sar15_low,MATCH,5004,0,0,0,,,,,,
cal_lifecycle_stop_amb_after_preheat,o_clk_q2_low,MATCH,5004,0,0,0,,,,,,
cal_lifecycle_stop_amb_after_preheat,o_clk_q3_low,MATCH,5004,0,0,0,,,,,,
cal_lifecycle_stop_amb_after_preheat,o_clk_tiaen_low,MATCH,5004,0,0,0,,,,,,
cal_lifecycle_stop_amb_after_preheat,o_en_15sar_low,MATCH,5004,0,0,0,,,,,,
cal_lifecycle_stop_amb_after_preheat,o_en_sar9_amb_low,MATCH,5004,0,0,0,,,,,,
cal_lifecycle_stop_amb_after_preheat,o_en_sar9_dc_low,MATCH,5004,0,0,0,,,,,,
cal_lifecycle_stop_amb_after_preheat,o_en_sar9_iref,MATCH,5004,0,0,0,,,,,,
cal_lifecycle_stop_amb_after_preheat,o_en_sar15_amb_low,MATCH,5004,0,0,0,,,,,,
cal_lifecycle_stop_amb_after_preheat,o_en_sar15_dc_low,MATCH,5004,0,0,0,,,,,,
cal_lifecycle_stop_amb_after_preheat,o_en_sar15_iref,MATCH,5004,0,0,0,,,,,,
cal_lifecycle_stop_amb_after_preheat,o_idac_sar9ambn_low,MATCH,5004,0,0,0,,,,,,
cal_lifecycle_stop_amb_after_preheat,o_idac_sar9dcn_low,MATCH,5004,0,0,0,,,,,,
cal_lifecycle_stop_amb_after_preheat,o_idac_sar15ambn_low,MATCH,5004,0,0,0,,,,,,
cal_lifecycle_stop_amb_after_preheat,o_idac_sar15dcn_low,MATCH,5004,0,0,0,,,,,,
cal_lifecycle_stop_amb_after_preheat,o_s_in,MATCH,5004,0,0,0,,,,,,
cal_lifecycle_stop_amb_before_q1,o_en_tia_low,MATCH,5004,0,0,0,,,,,,
cal_lifecycle_stop_amb_before_q1,o_leddac,MATCH,5004,0,0,0,,,,,,
cal_lifecycle_stop_amb_before_q1,o_leden1_low,MATCH,5004,0,0,0,,,,,,
cal_lifecycle_stop_amb_before_q1,o_leden2_low,MATCH,5004,0,0,0,,,,,,
cal_lifecycle_stop_amb_before_q1,o_en_test,MATCH,5004,0,0,0,,,,,,
cal_lifecycle_stop_amb_before_q1,o_clk_buf_low,MATCH,5004,0,0,0,,,,,,
cal_lifecycle_stop_amb_before_q1,o_clk_2m,MATCH,5004,0,0,0,,,,,,
cal_lifecycle_stop_amb_before_q1,o_clk_iref_idac_low,MATCH,5004,0,0,0,,,,,,
cal_lifecycle_stop_amb_before_q1,o_clk_9q1_low,MATCH,5004,0,0,0,,,,,,
cal_lifecycle_stop_amb_before_q1,o_clk_15q1_low,MATCH,5004,0,0,0,,,,,,
cal_lifecycle_stop_amb_before_q1,o_clk_aferst_low,MATCH,5004,0,0,0,,,,,,
cal_lifecycle_stop_amb_before_q1,o_clk_iref_idac_sar9_low,MATCH,5004,0,0,0,,,,,,
cal_lifecycle_stop_amb_before_q1,o_clk_iref_idac_sar15_low,MATCH,5004,0,0,0,,,,,,
cal_lifecycle_stop_amb_before_q1,o_clk_q2_low,MATCH,5004,0,0,0,,,,,,
cal_lifecycle_stop_amb_before_q1,o_clk_q3_low,MATCH,5004,0,0,0,,,,,,
cal_lifecycle_stop_amb_before_q1,o_clk_tiaen_low,MATCH,5004,0,0,0,,,,,,
cal_lifecycle_stop_amb_before_q1,o_en_15sar_low,MATCH,5004,0,0,0,,,,,,
cal_lifecycle_stop_amb_before_q1,o_en_sar9_amb_low,MATCH,5004,0,0,0,,,,,,
cal_lifecycle_stop_amb_before_q1,o_en_sar9_dc_low,MATCH,5004,0,0,0,,,,,,
cal_lifecycle_stop_amb_before_q1,o_en_sar9_iref,MATCH,5004,0,0,0,,,,,,
cal_lifecycle_stop_amb_before_q1,o_en_sar15_amb_low,MATCH,5004,0,0,0,,,,,,
cal_lifecycle_stop_amb_before_q1,o_en_sar15_dc_low,MATCH,5004,0,0,0,,,,,,
cal_lifecycle_stop_amb_before_q1,o_en_sar15_iref,MATCH,5004,0,0,0,,,,,,
cal_lifecycle_stop_amb_before_q1,o_idac_sar9ambn_low,MATCH,5004,0,0,0,,,,,,
cal_lifecycle_stop_amb_before_q1,o_idac_sar9dcn_low,MATCH,5004,0,0,0,,,,,,
cal_lifecycle_stop_amb_before_q1,o_idac_sar15ambn_low,MATCH,5004,0,0,0,,,,,,
cal_lifecycle_stop_amb_before_q1,o_idac_sar15dcn_low,MATCH,5004,0,0,0,,,,,,
cal_lifecycle_stop_amb_before_q1,o_s_in,MATCH,5004,0,0,0,,,,,,
cal_lifecycle_stop_amb_in_q3,o_en_tia_low,MATCH,5004,0,0,0,,,,,,
cal_lifecycle_stop_amb_in_q3,o_leddac,MATCH,5004,0,0,0,,,,,,
cal_lifecycle_stop_amb_in_q3,o_leden1_low,MATCH,5004,0,0,0,,,,,,
cal_lifecycle_stop_amb_in_q3,o_leden2_low,MATCH,5004,0,0,0,,,,,,
cal_lifecycle_stop_amb_in_q3,o_en_test,MATCH,5004,0,0,0,,,,,,
cal_lifecycle_stop_amb_in_q3,o_clk_buf_low,MATCH,5004,0,0,0,,,,,,
cal_lifecycle_stop_amb_in_q3,o_clk_2m,MATCH,5004,0,0,0,,,,,,
cal_lifecycle_stop_amb_in_q3,o_clk_iref_idac_low,MATCH,5004,0,0,0,,,,,,
cal_lifecycle_stop_amb_in_q3,o_clk_9q1_low,MATCH,5004,0,0,0,,,,,,
cal_lifecycle_stop_amb_in_q3,o_clk_15q1_low,MATCH,5004,0,0,0,,,,,,
cal_lifecycle_stop_amb_in_q3,o_clk_aferst_low,MATCH,5004,0,0,0,,,,,,
cal_lifecycle_stop_amb_in_q3,o_clk_iref_idac_sar9_low,MATCH,5004,0,0,0,,,,,,
cal_lifecycle_stop_amb_in_q3,o_clk_iref_idac_sar15_low,MATCH,5004,0,0,0,,,,,,
cal_lifecycle_stop_amb_in_q3,o_clk_q2_low,MATCH,5004,0,0,0,,,,,,
cal_lifecycle_stop_amb_in_q3,o_clk_q3_low,MATCH,5004,0,0,0,,,,,,
cal_lifecycle_stop_amb_in_q3,o_clk_tiaen_low,MATCH,5004,0,0,0,,,,,,
cal_lifecycle_stop_amb_in_q3,o_en_15sar_low,MATCH,5004,0,0,0,,,,,,
cal_lifecycle_stop_amb_in_q3,o_en_sar9_amb_low,MATCH,5004,0,0,0,,,,,,
cal_lifecycle_stop_amb_in_q3,o_en_sar9_dc_low,MATCH,5004,0,0,0,,,,,,
cal_lifecycle_stop_amb_in_q3,o_en_sar9_iref,MATCH,5004,0,0,0,,,,,,
cal_lifecycle_stop_amb_in_q3,o_en_sar15_amb_low,MATCH,5004,0,0,0,,,,,,
cal_lifecycle_stop_amb_in_q3,o_en_sar15_dc_low,MATCH,5004,0,0,0,,,,,,
cal_lifecycle_stop_amb_in_q3,o_en_sar15_iref,MATCH,5004,0,0,0,,,,,,
cal_lifecycle_stop_amb_in_q3,o_idac_sar9ambn_low,MATCH,5004,0,0,0,,,,,,
cal_lifecycle_stop_amb_in_q3,o_idac_sar9dcn_low,MATCH,5004,0,0,0,,,,,,
cal_lifecycle_stop_amb_in_q3,o_idac_sar15ambn_low,MATCH,5004,0,0,0,,,,,,
cal_lifecycle_stop_amb_in_q3,o_idac_sar15dcn_low,MATCH,5004,0,0,0,,,,,,
cal_lifecycle_stop_amb_in_q3,o_s_in,MATCH,5004,0,0,0,,,,,,
cal_lifecycle_stop_amb_after_q3,o_en_tia_low,MATCH,5004,0,0,0,,,,,,
cal_lifecycle_stop_amb_after_q3,o_leddac,MATCH,5004,0,0,0,,,,,,
cal_lifecycle_stop_amb_after_q3,o_leden1_low,MATCH,5004,0,0,0,,,,,,
cal_lifecycle_stop_amb_after_q3,o_leden2_low,MATCH,5004,0,0,0,,,,,,
cal_lifecycle_stop_amb_after_q3,o_en_test,MATCH,5004,0,0,0,,,,,,
cal_lifecycle_stop_amb_after_q3,o_clk_buf_low,MATCH,5004,0,0,0,,,,,,
cal_lifecycle_stop_amb_after_q3,o_clk_2m,MATCH,5004,0,0,0,,,,,,
cal_lifecycle_stop_amb_after_q3,o_clk_iref_idac_low,MATCH,5004,0,0,0,,,,,,
cal_lifecycle_stop_amb_after_q3,o_clk_9q1_low,MATCH,5004,0,0,0,,,,,,
cal_lifecycle_stop_amb_after_q3,o_clk_15q1_low,MATCH,5004,0,0,0,,,,,,
cal_lifecycle_stop_amb_after_q3,o_clk_aferst_low,MATCH,5004,0,0,0,,,,,,
cal_lifecycle_stop_amb_after_q3,o_clk_iref_idac_sar9_low,MATCH,5004,0,0,0,,,,,,
cal_lifecycle_stop_amb_after_q3,o_clk_iref_idac_sar15_low,MATCH,5004,0,0,0,,,,,,
cal_lifecycle_stop_amb_after_q3,o_clk_q2_low,MATCH,5004,0,0,0,,,,,,
cal_lifecycle_stop_amb_after_q3,o_clk_q3_low,MATCH,5004,0,0,0,,,,,,
cal_lifecycle_stop_amb_after_q3,o_clk_tiaen_low,MATCH,5004,0,0,0,,,,,,
cal_lifecycle_stop_amb_after_q3,o_en_15sar_low,MATCH,5004,0,0,0,,,,,,
cal_lifecycle_stop_amb_after_q3,o_en_sar9_amb_low,MATCH,5004,0,0,0,,,,,,
cal_lifecycle_stop_amb_after_q3,o_en_sar9_dc_low,MATCH,5004,0,0,0,,,,,,
cal_lifecycle_stop_amb_after_q3,o_en_sar9_iref,MATCH,5004,0,0,0,,,,,,
cal_lifecycle_stop_amb_after_q3,o_en_sar15_amb_low,MATCH,5004,0,0,0,,,,,,
cal_lifecycle_stop_amb_after_q3,o_en_sar15_dc_low,MATCH,5004,0,0,0,,,,,,
cal_lifecycle_stop_amb_after_q3,o_en_sar15_iref,MATCH,5004,0,0,0,,,,,,
cal_lifecycle_stop_amb_after_q3,o_idac_sar9ambn_low,MATCH,5004,0,0,0,,,,,,
cal_lifecycle_stop_amb_after_q3,o_idac_sar9dcn_low,MATCH,5004,0,0,0,,,,,,
cal_lifecycle_stop_amb_after_q3,o_idac_sar15ambn_low,MATCH,5004,0,0,0,,,,,,
cal_lifecycle_stop_amb_after_q3,o_idac_sar15dcn_low,MATCH,5004,0,0,0,,,,,,
cal_lifecycle_stop_amb_after_q3,o_s_in,MATCH,5004,0,0,0,,,,,,
cal_lifecycle_stop_amb_before_end,o_en_tia_low,MATCH,5004,0,0,0,,,,,,
cal_lifecycle_stop_amb_before_end,o_leddac,MATCH,5004,0,0,0,,,,,,
cal_lifecycle_stop_amb_before_end,o_leden1_low,MATCH,5004,0,0,0,,,,,,
cal_lifecycle_stop_amb_before_end,o_leden2_low,MATCH,5004,0,0,0,,,,,,
cal_lifecycle_stop_amb_before_end,o_en_test,MATCH,5004,0,0,0,,,,,,
cal_lifecycle_stop_amb_before_end,o_clk_buf_low,MATCH,5004,0,0,0,,,,,,
cal_lifecycle_stop_amb_before_end,o_clk_2m,MATCH,5004,0,0,0,,,,,,
cal_lifecycle_stop_amb_before_end,o_clk_iref_idac_low,MATCH,5004,0,0,0,,,,,,
cal_lifecycle_stop_amb_before_end,o_clk_9q1_low,MATCH,5004,0,0,0,,,,,,
cal_lifecycle_stop_amb_before_end,o_clk_15q1_low,MATCH,5004,0,0,0,,,,,,
cal_lifecycle_stop_amb_before_end,o_clk_aferst_low,MATCH,5004,0,0,0,,,,,,
cal_lifecycle_stop_amb_before_end,o_clk_iref_idac_sar9_low,MATCH,5004,0,0,0,,,,,,
cal_lifecycle_stop_amb_before_end,o_clk_iref_idac_sar15_low,MATCH,5004,0,0,0,,,,,,
cal_lifecycle_stop_amb_before_end,o_clk_q2_low,MATCH,5004,0,0,0,,,,,,
cal_lifecycle_stop_amb_before_end,o_clk_q3_low,MATCH,5004,0,0,0,,,,,,
cal_lifecycle_stop_amb_before_end,o_clk_tiaen_low,MATCH,5004,0,0,0,,,,,,
cal_lifecycle_stop_amb_before_end,o_en_15sar_low,MATCH,5004,0,0,0,,,,,,
cal_lifecycle_stop_amb_before_end,o_en_sar9_amb_low,MATCH,5004,0,0,0,,,,,,
cal_lifecycle_stop_amb_before_end,o_en_sar9_dc_low,MATCH,5004,0,0,0,,,,,,
cal_lifecycle_stop_amb_before_end,o_en_sar9_iref,MATCH,5004,0,0,0,,,,,,
cal_lifecycle_stop_amb_before_end,o_en_sar15_amb_low,MATCH,5004,0,0,0,,,,,,
cal_lifecycle_stop_amb_before_end,o_en_sar15_dc_low,MATCH,5004,0,0,0,,,,,,
cal_lifecycle_stop_amb_before_end,o_en_sar15_iref,MATCH,5004,0,0,0,,,,,,
cal_lifecycle_stop_amb_before_end,o_idac_sar9ambn_low,MATCH,5004,0,0,0,,,,,,
cal_lifecycle_stop_amb_before_end,o_idac_sar9dcn_low,MATCH,5004,0,0,0,,,,,,
cal_lifecycle_stop_amb_before_end,o_idac_sar15ambn_low,MATCH,5004,0,0,0,,,,,,
cal_lifecycle_stop_amb_before_end,o_idac_sar15dcn_low,MATCH,5004,0,0,0,,,,,,
cal_lifecycle_stop_amb_before_end,o_s_in,MATCH,5004,0,0,0,,,,,,
cal_lifecycle_abort_amb_before_preheat,o_en_tia_low,MATCH,5004,0,0,0,,,,,,
cal_lifecycle_abort_amb_before_preheat,o_leddac,MATCH,5004,0,0,0,,,,,,
cal_lifecycle_abort_amb_before_preheat,o_leden1_low,MATCH,5004,0,0,0,,,,,,
cal_lifecycle_abort_amb_before_preheat,o_leden2_low,MATCH,5004,0,0,0,,,,,,
cal_lifecycle_abort_amb_before_preheat,o_en_test,MATCH,5004,0,0,0,,,,,,
cal_lifecycle_abort_amb_before_preheat,o_clk_buf_low,MATCH,5004,0,0,0,,,,,,
cal_lifecycle_abort_amb_before_preheat,o_clk_2m,MATCH,5004,0,0,0,,,,,,
cal_lifecycle_abort_amb_before_preheat,o_clk_iref_idac_low,MATCH,5004,0,0,0,,,,,,
cal_lifecycle_abort_amb_before_preheat,o_clk_9q1_low,MATCH,5004,0,0,0,,,,,,
cal_lifecycle_abort_amb_before_preheat,o_clk_15q1_low,MATCH,5004,0,0,0,,,,,,
cal_lifecycle_abort_amb_before_preheat,o_clk_aferst_low,MATCH,5004,0,0,0,,,,,,
cal_lifecycle_abort_amb_before_preheat,o_clk_iref_idac_sar9_low,MATCH,5004,0,0,0,,,,,,
cal_lifecycle_abort_amb_before_preheat,o_clk_iref_idac_sar15_low,MATCH,5004,0,0,0,,,,,,
cal_lifecycle_abort_amb_before_preheat,o_clk_q2_low,MATCH,5004,0,0,0,,,,,,
cal_lifecycle_abort_amb_before_preheat,o_clk_q3_low,MATCH,5004,0,0,0,,,,,,
cal_lifecycle_abort_amb_before_preheat,o_clk_tiaen_low,MATCH,5004,0,0,0,,,,,,
cal_lifecycle_abort_amb_before_preheat,o_en_15sar_low,MATCH,5004,0,0,0,,,,,,
cal_lifecycle_abort_amb_before_preheat,o_en_sar9_amb_low,MATCH,5004,0,0,0,,,,,,
cal_lifecycle_abort_amb_before_preheat,o_en_sar9_dc_low,MATCH,5004,0,0,0,,,,,,
cal_lifecycle_abort_amb_before_preheat,o_en_sar9_iref,MATCH,5004,0,0,0,,,,,,
cal_lifecycle_abort_amb_before_preheat,o_en_sar15_amb_low,MATCH,5004,0,0,0,,,,,,
cal_lifecycle_abort_amb_before_preheat,o_en_sar15_dc_low,MATCH,5004,0,0,0,,,,,,
cal_lifecycle_abort_amb_before_preheat,o_en_sar15_iref,MATCH,5004,0,0,0,,,,,,
cal_lifecycle_abort_amb_before_preheat,o_idac_sar9ambn_low,MATCH,5004,0,0,0,,,,,,
cal_lifecycle_abort_amb_before_preheat,o_idac_sar9dcn_low,MATCH,5004,0,0,0,,,,,,
cal_lifecycle_abort_amb_before_preheat,o_idac_sar15ambn_low,MATCH,5004,0,0,0,,,,,,
cal_lifecycle_abort_amb_before_preheat,o_idac_sar15dcn_low,MATCH,5004,0,0,0,,,,,,
cal_lifecycle_abort_amb_before_preheat,o_s_in,MATCH,5004,0,0,0,,,,,,
cal_lifecycle_abort_amb_after_preheat,o_en_tia_low,MATCH,5004,0,0,0,,,,,,
cal_lifecycle_abort_amb_after_preheat,o_leddac,MATCH,5004,0,0,0,,,,,,
cal_lifecycle_abort_amb_after_preheat,o_leden1_low,MATCH,5004,0,0,0,,,,,,
cal_lifecycle_abort_amb_after_preheat,o_leden2_low,MATCH,5004,0,0,0,,,,,,
cal_lifecycle_abort_amb_after_preheat,o_en_test,MATCH,5004,0,0,0,,,,,,
cal_lifecycle_abort_amb_after_preheat,o_clk_buf_low,MATCH,5004,0,0,0,,,,,,
cal_lifecycle_abort_amb_after_preheat,o_clk_2m,MATCH,5004,0,0,0,,,,,,
cal_lifecycle_abort_amb_after_preheat,o_clk_iref_idac_low,MATCH,5004,0,0,0,,,,,,
cal_lifecycle_abort_amb_after_preheat,o_clk_9q1_low,MATCH,5004,0,0,0,,,,,,
cal_lifecycle_abort_amb_after_preheat,o_clk_15q1_low,MATCH,5004,0,0,0,,,,,,
cal_lifecycle_abort_amb_after_preheat,o_clk_aferst_low,MATCH,5004,0,0,0,,,,,,
cal_lifecycle_abort_amb_after_preheat,o_clk_iref_idac_sar9_low,MATCH,5004,0,0,0,,,,,,
cal_lifecycle_abort_amb_after_preheat,o_clk_iref_idac_sar15_low,MATCH,5004,0,0,0,,,,,,
cal_lifecycle_abort_amb_after_preheat,o_clk_q2_low,MATCH,5004,0,0,0,,,,,,
cal_lifecycle_abort_amb_after_preheat,o_clk_q3_low,MATCH,5004,0,0,0,,,,,,
cal_lifecycle_abort_amb_after_preheat,o_clk_tiaen_low,MATCH,5004,0,0,0,,,,,,
cal_lifecycle_abort_amb_after_preheat,o_en_15sar_low,MATCH,5004,0,0,0,,,,,,
cal_lifecycle_abort_amb_after_preheat,o_en_sar9_amb_low,MATCH,5004,0,0,0,,,,,,
cal_lifecycle_abort_amb_after_preheat,o_en_sar9_dc_low,MATCH,5004,0,0,0,,,,,,
cal_lifecycle_abort_amb_after_preheat,o_en_sar9_iref,MATCH,5004,0,0,0,,,,,,
cal_lifecycle_abort_amb_after_preheat,o_en_sar15_amb_low,MATCH,5004,0,0,0,,,,,,
cal_lifecycle_abort_amb_after_preheat,o_en_sar15_dc_low,MATCH,5004,0,0,0,,,,,,
cal_lifecycle_abort_amb_after_preheat,o_en_sar15_iref,MATCH,5004,0,0,0,,,,,,
cal_lifecycle_abort_amb_after_preheat,o_idac_sar9ambn_low,MATCH,5004,0,0,0,,,,,,
cal_lifecycle_abort_amb_after_preheat,o_idac_sar9dcn_low,MATCH,5004,0,0,0,,,,,,
cal_lifecycle_abort_amb_after_preheat,o_idac_sar15ambn_low,MATCH,5004,0,0,0,,,,,,
cal_lifecycle_abort_amb_after_preheat,o_idac_sar15dcn_low,MATCH,5004,0,0,0,,,,,,
cal_lifecycle_abort_amb_after_preheat,o_s_in,MATCH,5004,0,0,0,,,,,,
cal_lifecycle_abort_amb_before_q1,o_en_tia_low,MATCH,5004,0,0,0,,,,,,
cal_lifecycle_abort_amb_before_q1,o_leddac,MATCH,5004,0,0,0,,,,,,
cal_lifecycle_abort_amb_before_q1,o_leden1_low,MATCH,5004,0,0,0,,,,,,
cal_lifecycle_abort_amb_before_q1,o_leden2_low,MATCH,5004,0,0,0,,,,,,
cal_lifecycle_abort_amb_before_q1,o_en_test,MATCH,5004,0,0,0,,,,,,
cal_lifecycle_abort_amb_before_q1,o_clk_buf_low,MATCH,5004,0,0,0,,,,,,
cal_lifecycle_abort_amb_before_q1,o_clk_2m,MATCH,5004,0,0,0,,,,,,
cal_lifecycle_abort_amb_before_q1,o_clk_iref_idac_low,MATCH,5004,0,0,0,,,,,,
cal_lifecycle_abort_amb_before_q1,o_clk_9q1_low,MATCH,5004,0,0,0,,,,,,
cal_lifecycle_abort_amb_before_q1,o_clk_15q1_low,MATCH,5004,0,0,0,,,,,,
cal_lifecycle_abort_amb_before_q1,o_clk_aferst_low,MATCH,5004,0,0,0,,,,,,
cal_lifecycle_abort_amb_before_q1,o_clk_iref_idac_sar9_low,MATCH,5004,0,0,0,,,,,,
cal_lifecycle_abort_amb_before_q1,o_clk_iref_idac_sar15_low,MATCH,5004,0,0,0,,,,,,
cal_lifecycle_abort_amb_before_q1,o_clk_q2_low,MATCH,5004,0,0,0,,,,,,
cal_lifecycle_abort_amb_before_q1,o_clk_q3_low,MATCH,5004,0,0,0,,,,,,
cal_lifecycle_abort_amb_before_q1,o_clk_tiaen_low,MATCH,5004,0,0,0,,,,,,
cal_lifecycle_abort_amb_before_q1,o_en_15sar_low,MATCH,5004,0,0,0,,,,,,
cal_lifecycle_abort_amb_before_q1,o_en_sar9_amb_low,MATCH,5004,0,0,0,,,,,,
cal_lifecycle_abort_amb_before_q1,o_en_sar9_dc_low,MATCH,5004,0,0,0,,,,,,
cal_lifecycle_abort_amb_before_q1,o_en_sar9_iref,MATCH,5004,0,0,0,,,,,,
cal_lifecycle_abort_amb_before_q1,o_en_sar15_amb_low,MATCH,5004,0,0,0,,,,,,
cal_lifecycle_abort_amb_before_q1,o_en_sar15_dc_low,MATCH,5004,0,0,0,,,,,,
cal_lifecycle_abort_amb_before_q1,o_en_sar15_iref,MATCH,5004,0,0,0,,,,,,
cal_lifecycle_abort_amb_before_q1,o_idac_sar9ambn_low,MATCH,5004,0,0,0,,,,,,
cal_lifecycle_abort_amb_before_q1,o_idac_sar9dcn_low,MATCH,5004,0,0,0,,,,,,
cal_lifecycle_abort_amb_before_q1,o_idac_sar15ambn_low,MATCH,5004,0,0,0,,,,,,
cal_lifecycle_abort_amb_before_q1,o_idac_sar15dcn_low,MATCH,5004,0,0,0,,,,,,
cal_lifecycle_abort_amb_before_q1,o_s_in,MATCH,5004,0,0,0,,,,,,
cal_lifecycle_abort_amb_in_q3,o_en_tia_low,MATCH,5004,0,0,0,,,,,,
cal_lifecycle_abort_amb_in_q3,o_leddac,MATCH,5004,0,0,0,,,,,,
cal_lifecycle_abort_amb_in_q3,o_leden1_low,MATCH,5004,0,0,0,,,,,,
cal_lifecycle_abort_amb_in_q3,o_leden2_low,MATCH,5004,0,0,0,,,,,,
cal_lifecycle_abort_amb_in_q3,o_en_test,MATCH,5004,0,0,0,,,,,,
cal_lifecycle_abort_amb_in_q3,o_clk_buf_low,MATCH,5004,0,0,0,,,,,,
cal_lifecycle_abort_amb_in_q3,o_clk_2m,MATCH,5004,0,0,0,,,,,,
cal_lifecycle_abort_amb_in_q3,o_clk_iref_idac_low,MATCH,5004,0,0,0,,,,,,
cal_lifecycle_abort_amb_in_q3,o_clk_9q1_low,MATCH,5004,0,0,0,,,,,,
cal_lifecycle_abort_amb_in_q3,o_clk_15q1_low,MATCH,5004,0,0,0,,,,,,
cal_lifecycle_abort_amb_in_q3,o_clk_aferst_low,MATCH,5004,0,0,0,,,,,,
cal_lifecycle_abort_amb_in_q3,o_clk_iref_idac_sar9_low,MATCH,5004,0,0,0,,,,,,
cal_lifecycle_abort_amb_in_q3,o_clk_iref_idac_sar15_low,MATCH,5004,0,0,0,,,,,,
cal_lifecycle_abort_amb_in_q3,o_clk_q2_low,MATCH,5004,0,0,0,,,,,,
cal_lifecycle_abort_amb_in_q3,o_clk_q3_low,MATCH,5004,0,0,0,,,,,,
cal_lifecycle_abort_amb_in_q3,o_clk_tiaen_low,MATCH,5004,0,0,0,,,,,,
cal_lifecycle_abort_amb_in_q3,o_en_15sar_low,MATCH,5004,0,0,0,,,,,,
cal_lifecycle_abort_amb_in_q3,o_en_sar9_amb_low,MATCH,5004,0,0,0,,,,,,
cal_lifecycle_abort_amb_in_q3,o_en_sar9_dc_low,MATCH,5004,0,0,0,,,,,,
cal_lifecycle_abort_amb_in_q3,o_en_sar9_iref,MATCH,5004,0,0,0,,,,,,
cal_lifecycle_abort_amb_in_q3,o_en_sar15_amb_low,MATCH,5004,0,0,0,,,,,,
cal_lifecycle_abort_amb_in_q3,o_en_sar15_dc_low,MATCH,5004,0,0,0,,,,,,
cal_lifecycle_abort_amb_in_q3,o_en_sar15_iref,MATCH,5004,0,0,0,,,,,,
cal_lifecycle_abort_amb_in_q3,o_idac_sar9ambn_low,MATCH,5004,0,0,0,,,,,,
cal_lifecycle_abort_amb_in_q3,o_idac_sar9dcn_low,MATCH,5004,0,0,0,,,,,,
cal_lifecycle_abort_amb_in_q3,o_idac_sar15ambn_low,MATCH,5004,0,0,0,,,,,,
cal_lifecycle_abort_amb_in_q3,o_idac_sar15dcn_low,MATCH,5004,0,0,0,,,,,,
cal_lifecycle_abort_amb_in_q3,o_s_in,MATCH,5004,0,0,0,,,,,,
cal_lifecycle_abort_amb_after_q3,o_en_tia_low,MATCH,5004,0,0,0,,,,,,
cal_lifecycle_abort_amb_after_q3,o_leddac,MATCH,5004,0,0,0,,,,,,
cal_lifecycle_abort_amb_after_q3,o_leden1_low,MATCH,5004,0,0,0,,,,,,
cal_lifecycle_abort_amb_after_q3,o_leden2_low,MATCH,5004,0,0,0,,,,,,
cal_lifecycle_abort_amb_after_q3,o_en_test,MATCH,5004,0,0,0,,,,,,
cal_lifecycle_abort_amb_after_q3,o_clk_buf_low,MATCH,5004,0,0,0,,,,,,
cal_lifecycle_abort_amb_after_q3,o_clk_2m,MATCH,5004,0,0,0,,,,,,
cal_lifecycle_abort_amb_after_q3,o_clk_iref_idac_low,MATCH,5004,0,0,0,,,,,,
cal_lifecycle_abort_amb_after_q3,o_clk_9q1_low,MATCH,5004,0,0,0,,,,,,
cal_lifecycle_abort_amb_after_q3,o_clk_15q1_low,MATCH,5004,0,0,0,,,,,,
cal_lifecycle_abort_amb_after_q3,o_clk_aferst_low,MATCH,5004,0,0,0,,,,,,
cal_lifecycle_abort_amb_after_q3,o_clk_iref_idac_sar9_low,MATCH,5004,0,0,0,,,,,,
cal_lifecycle_abort_amb_after_q3,o_clk_iref_idac_sar15_low,MATCH,5004,0,0,0,,,,,,
cal_lifecycle_abort_amb_after_q3,o_clk_q2_low,MATCH,5004,0,0,0,,,,,,
cal_lifecycle_abort_amb_after_q3,o_clk_q3_low,MATCH,5004,0,0,0,,,,,,
cal_lifecycle_abort_amb_after_q3,o_clk_tiaen_low,MATCH,5004,0,0,0,,,,,,
cal_lifecycle_abort_amb_after_q3,o_en_15sar_low,MATCH,5004,0,0,0,,,,,,
cal_lifecycle_abort_amb_after_q3,o_en_sar9_amb_low,MATCH,5004,0,0,0,,,,,,
cal_lifecycle_abort_amb_after_q3,o_en_sar9_dc_low,MATCH,5004,0,0,0,,,,,,
cal_lifecycle_abort_amb_after_q3,o_en_sar9_iref,MATCH,5004,0,0,0,,,,,,
cal_lifecycle_abort_amb_after_q3,o_en_sar15_amb_low,MATCH,5004,0,0,0,,,,,,
cal_lifecycle_abort_amb_after_q3,o_en_sar15_dc_low,MATCH,5004,0,0,0,,,,,,
cal_lifecycle_abort_amb_after_q3,o_en_sar15_iref,MATCH,5004,0,0,0,,,,,,
cal_lifecycle_abort_amb_after_q3,o_idac_sar9ambn_low,MATCH,5004,0,0,0,,,,,,
cal_lifecycle_abort_amb_after_q3,o_idac_sar9dcn_low,MATCH,5004,0,0,0,,,,,,
cal_lifecycle_abort_amb_after_q3,o_idac_sar15ambn_low,MATCH,5004,0,0,0,,,,,,
cal_lifecycle_abort_amb_after_q3,o_idac_sar15dcn_low,MATCH,5004,0,0,0,,,,,,
cal_lifecycle_abort_amb_after_q3,o_s_in,MATCH,5004,0,0,0,,,,,,
cal_lifecycle_abort_amb_before_end,o_en_tia_low,MATCH,5004,0,0,0,,,,,,
cal_lifecycle_abort_amb_before_end,o_leddac,MATCH,5004,0,0,0,,,,,,
cal_lifecycle_abort_amb_before_end,o_leden1_low,MATCH,5004,0,0,0,,,,,,
cal_lifecycle_abort_amb_before_end,o_leden2_low,MATCH,5004,0,0,0,,,,,,
cal_lifecycle_abort_amb_before_end,o_en_test,MATCH,5004,0,0,0,,,,,,
cal_lifecycle_abort_amb_before_end,o_clk_buf_low,MATCH,5004,0,0,0,,,,,,
cal_lifecycle_abort_amb_before_end,o_clk_2m,MATCH,5004,0,0,0,,,,,,
cal_lifecycle_abort_amb_before_end,o_clk_iref_idac_low,MATCH,5004,0,0,0,,,,,,
cal_lifecycle_abort_amb_before_end,o_clk_9q1_low,MATCH,5004,0,0,0,,,,,,
cal_lifecycle_abort_amb_before_end,o_clk_15q1_low,MATCH,5004,0,0,0,,,,,,
cal_lifecycle_abort_amb_before_end,o_clk_aferst_low,MATCH,5004,0,0,0,,,,,,
cal_lifecycle_abort_amb_before_end,o_clk_iref_idac_sar9_low,MATCH,5004,0,0,0,,,,,,
cal_lifecycle_abort_amb_before_end,o_clk_iref_idac_sar15_low,MATCH,5004,0,0,0,,,,,,
cal_lifecycle_abort_amb_before_end,o_clk_q2_low,MATCH,5004,0,0,0,,,,,,
cal_lifecycle_abort_amb_before_end,o_clk_q3_low,MATCH,5004,0,0,0,,,,,,
cal_lifecycle_abort_amb_before_end,o_clk_tiaen_low,MATCH,5004,0,0,0,,,,,,
cal_lifecycle_abort_amb_before_end,o_en_15sar_low,MATCH,5004,0,0,0,,,,,,
cal_lifecycle_abort_amb_before_end,o_en_sar9_amb_low,MATCH,5004,0,0,0,,,,,,
cal_lifecycle_abort_amb_before_end,o_en_sar9_dc_low,MATCH,5004,0,0,0,,,,,,
cal_lifecycle_abort_amb_before_end,o_en_sar9_iref,MATCH,5004,0,0,0,,,,,,
cal_lifecycle_abort_amb_before_end,o_en_sar15_amb_low,MATCH,5004,0,0,0,,,,,,
cal_lifecycle_abort_amb_before_end,o_en_sar15_dc_low,MATCH,5004,0,0,0,,,,,,
cal_lifecycle_abort_amb_before_end,o_en_sar15_iref,MATCH,5004,0,0,0,,,,,,
cal_lifecycle_abort_amb_before_end,o_idac_sar9ambn_low,MATCH,5004,0,0,0,,,,,,
cal_lifecycle_abort_amb_before_end,o_idac_sar9dcn_low,MATCH,5004,0,0,0,,,,,,
cal_lifecycle_abort_amb_before_end,o_idac_sar15ambn_low,MATCH,5004,0,0,0,,,,,,
cal_lifecycle_abort_amb_before_end,o_idac_sar15dcn_low,MATCH,5004,0,0,0,,,,,,
cal_lifecycle_abort_amb_before_end,o_s_in,MATCH,5004,0,0,0,,,,,,
cal_lifecycle_stop_dcs_red_before_preheat,o_en_tia_low,MATCH,5004,0,0,0,,,,,,
cal_lifecycle_stop_dcs_red_before_preheat,o_leddac,V18-F06,5004,0,2,8,265,265,265,0,165,266
cal_lifecycle_stop_dcs_red_before_preheat,o_leden1_low,V18-F06,5004,0,2,2,265,265,265,0,1,266
cal_lifecycle_stop_dcs_red_before_preheat,o_leden2_low,MATCH,5004,0,0,0,,,,,,
cal_lifecycle_stop_dcs_red_before_preheat,o_en_test,MATCH,5004,0,0,0,,,,,,
cal_lifecycle_stop_dcs_red_before_preheat,o_clk_buf_low,MATCH,5004,0,0,0,,,,,,
cal_lifecycle_stop_dcs_red_before_preheat,o_clk_2m,MATCH,5004,0,0,0,,,,,,
cal_lifecycle_stop_dcs_red_before_preheat,o_clk_iref_idac_low,V18-F06,5004,0,40,40,229,229,229,0,1,268
cal_lifecycle_stop_dcs_red_before_preheat,o_clk_9q1_low,V18-F06,5004,0,9,9,259,259,259,0,1,267
cal_lifecycle_stop_dcs_red_before_preheat,o_clk_15q1_low,MATCH,5004,0,0,0,,,,,,
cal_lifecycle_stop_dcs_red_before_preheat,o_clk_aferst_low,V18-F06,5004,0,12,12,249,249,249,0,1,260
cal_lifecycle_stop_dcs_red_before_preheat,o_clk_iref_idac_sar9_low,V18-F06,5004,0,274,274,10,10,10,0,1,283
cal_lifecycle_stop_dcs_red_before_preheat,o_clk_iref_idac_sar15_low,MATCH,5004,0,0,0,,,,,,
cal_lifecycle_stop_dcs_red_before_preheat,o_clk_q2_low,V18-F06,5004,0,2,2,262,262,262,0,1,263
cal_lifecycle_stop_dcs_red_before_preheat,o_clk_q3_low,V18-F06,5004,0,2,2,265,265,265,0,1,266
cal_lifecycle_stop_dcs_red_before_preheat,o_clk_tiaen_low,V18-F06,5004,0,20,20,249,249,249,0,1,268
cal_lifecycle_stop_dcs_red_before_preheat,o_en_15sar_low,MATCH,5004,0,0,0,,,,,,
cal_lifecycle_stop_dcs_red_before_preheat,o_en_sar9_amb_low,V18-F06,5004,0,54,54,222,222,222,0,1,275
cal_lifecycle_stop_dcs_red_before_preheat,o_en_sar9_dc_low,V18-F06,5004,0,54,54,222,222,222,0,1,275
cal_lifecycle_stop_dcs_red_before_preheat,o_en_sar9_iref,V18-F06,5004,0,72,72,202,202,202,0,1,273
cal_lifecycle_stop_dcs_red_before_preheat,o_en_sar15_amb_low,MATCH,5004,0,0,0,,,,,,
cal_lifecycle_stop_dcs_red_before_preheat,o_en_sar15_dc_low,MATCH,5004,0,0,0,,,,,,
cal_lifecycle_stop_dcs_red_before_preheat,o_en_sar15_iref,MATCH,5004,0,0,0,,,,,,
cal_lifecycle_stop_dcs_red_before_preheat,o_idac_sar9ambn_low,V18-F06,5004,0,52,208,224,224,224,0,165,275
cal_lifecycle_stop_dcs_red_before_preheat,o_idac_sar9dcn_low,V18-F06,5004,0,44,176,232,232,232,0,90,275
cal_lifecycle_stop_dcs_red_before_preheat,o_idac_sar15ambn_low,MATCH,5004,0,0,0,,,,,,
cal_lifecycle_stop_dcs_red_before_preheat,o_idac_sar15dcn_low,MATCH,5004,0,0,0,,,,,,
cal_lifecycle_stop_dcs_red_before_preheat,o_s_in,MATCH,5004,0,0,0,,,,,,
cal_lifecycle_stop_dcs_red_after_preheat,o_en_tia_low,V18-F04,5004,0,20,20,249,249,249,1,0,268
cal_lifecycle_stop_dcs_red_after_preheat,o_leddac,V18-F05,5004,0,1,4,264,264,264,165,0,264
cal_lifecycle_stop_dcs_red_after_preheat,o_leden1_low,MATCH,5004,0,0,0,,,,,,
cal_lifecycle_stop_dcs_red_after_preheat,o_leden2_low,MATCH,5004,0,0,0,,,,,,
cal_lifecycle_stop_dcs_red_after_preheat,o_en_test,MATCH,5004,0,0,0,,,,,,
cal_lifecycle_stop_dcs_red_after_preheat,o_clk_buf_low,MATCH,5004,0,0,0,,,,,,
cal_lifecycle_stop_dcs_red_after_preheat,o_clk_2m,MATCH,5004,0,0,0,,,,,,
cal_lifecycle_stop_dcs_red_after_preheat,o_clk_iref_idac_low,MATCH,5004,0,0,0,,,,,,
cal_lifecycle_stop_dcs_red_after_preheat,o_clk_9q1_low,MATCH,5004,0,0,0,,,,,,
cal_lifecycle_stop_dcs_red_after_preheat,o_clk_15q1_low,MATCH,5004,0,0,0,,,,,,
cal_lifecycle_stop_dcs_red_after_preheat,o_clk_aferst_low,MATCH,5004,0,0,0,,,,,,
cal_lifecycle_stop_dcs_red_after_preheat,o_clk_iref_idac_sar9_low,MATCH,5004,0,0,0,,,,,,
cal_lifecycle_stop_dcs_red_after_preheat,o_clk_iref_idac_sar15_low,MATCH,5004,0,0,0,,,,,,
cal_lifecycle_stop_dcs_red_after_preheat,o_clk_q2_low,MATCH,5004,0,0,0,,,,,,
cal_lifecycle_stop_dcs_red_after_preheat,o_clk_q3_low,MATCH,5004,0,0,0,,,,,,
cal_lifecycle_stop_dcs_red_after_preheat,o_clk_tiaen_low,MATCH,5004,0,0,0,,,,,,
cal_lifecycle_stop_dcs_red_after_preheat,o_en_15sar_low,MATCH,5004,0,0,0,,,,,,
cal_lifecycle_stop_dcs_red_after_preheat,o_en_sar9_amb_low,MATCH,5004,0,0,0,,,,,,
cal_lifecycle_stop_dcs_red_after_preheat,o_en_sar9_dc_low,MATCH,5004,0,0,0,,,,,,
cal_lifecycle_stop_dcs_red_after_preheat,o_en_sar9_iref,MATCH,5004,0,0,0,,,,,,
cal_lifecycle_stop_dcs_red_after_preheat,o_en_sar15_amb_low,MATCH,5004,0,0,0,,,,,,
cal_lifecycle_stop_dcs_red_after_preheat,o_en_sar15_dc_low,MATCH,5004,0,0,0,,,,,,
cal_lifecycle_stop_dcs_red_after_preheat,o_en_sar15_iref,MATCH,5004,0,0,0,,,,,,
cal_lifecycle_stop_dcs_red_after_preheat,o_idac_sar9ambn_low,MATCH,5004,0,0,0,,,,,,
cal_lifecycle_stop_dcs_red_after_preheat,o_idac_sar9dcn_low,MATCH,5004,0,0,0,,,,,,
cal_lifecycle_stop_dcs_red_after_preheat,o_idac_sar15ambn_low,MATCH,5004,0,0,0,,,,,,
cal_lifecycle_stop_dcs_red_after_preheat,o_idac_sar15dcn_low,MATCH,5004,0,0,0,,,,,,
cal_lifecycle_stop_dcs_red_after_preheat,o_s_in,MATCH,5004,0,0,0,,,,,,
cal_lifecycle_stop_dcs_red_before_q1,o_en_tia_low,V18-F04,5004,0,20,20,249,249,249,1,0,268
cal_lifecycle_stop_dcs_red_before_q1,o_leddac,V18-F05,5004,0,1,4,264,264,264,165,0,264
cal_lifecycle_stop_dcs_red_before_q1,o_leden1_low,MATCH,5004,0,0,0,,,,,,
cal_lifecycle_stop_dcs_red_before_q1,o_leden2_low,MATCH,5004,0,0,0,,,,,,
cal_lifecycle_stop_dcs_red_before_q1,o_en_test,MATCH,5004,0,0,0,,,,,,
cal_lifecycle_stop_dcs_red_before_q1,o_clk_buf_low,MATCH,5004,0,0,0,,,,,,
cal_lifecycle_stop_dcs_red_before_q1,o_clk_2m,MATCH,5004,0,0,0,,,,,,
cal_lifecycle_stop_dcs_red_before_q1,o_clk_iref_idac_low,MATCH,5004,0,0,0,,,,,,
cal_lifecycle_stop_dcs_red_before_q1,o_clk_9q1_low,MATCH,5004,0,0,0,,,,,,
cal_lifecycle_stop_dcs_red_before_q1,o_clk_15q1_low,MATCH,5004,0,0,0,,,,,,
cal_lifecycle_stop_dcs_red_before_q1,o_clk_aferst_low,MATCH,5004,0,0,0,,,,,,
cal_lifecycle_stop_dcs_red_before_q1,o_clk_iref_idac_sar9_low,MATCH,5004,0,0,0,,,,,,
cal_lifecycle_stop_dcs_red_before_q1,o_clk_iref_idac_sar15_low,MATCH,5004,0,0,0,,,,,,
cal_lifecycle_stop_dcs_red_before_q1,o_clk_q2_low,MATCH,5004,0,0,0,,,,,,
cal_lifecycle_stop_dcs_red_before_q1,o_clk_q3_low,MATCH,5004,0,0,0,,,,,,
cal_lifecycle_stop_dcs_red_before_q1,o_clk_tiaen_low,MATCH,5004,0,0,0,,,,,,
cal_lifecycle_stop_dcs_red_before_q1,o_en_15sar_low,MATCH,5004,0,0,0,,,,,,
cal_lifecycle_stop_dcs_red_before_q1,o_en_sar9_amb_low,MATCH,5004,0,0,0,,,,,,
cal_lifecycle_stop_dcs_red_before_q1,o_en_sar9_dc_low,MATCH,5004,0,0,0,,,,,,
cal_lifecycle_stop_dcs_red_before_q1,o_en_sar9_iref,MATCH,5004,0,0,0,,,,,,
cal_lifecycle_stop_dcs_red_before_q1,o_en_sar15_amb_low,MATCH,5004,0,0,0,,,,,,
cal_lifecycle_stop_dcs_red_before_q1,o_en_sar15_dc_low,MATCH,5004,0,0,0,,,,,,
cal_lifecycle_stop_dcs_red_before_q1,o_en_sar15_iref,MATCH,5004,0,0,0,,,,,,
cal_lifecycle_stop_dcs_red_before_q1,o_idac_sar9ambn_low,MATCH,5004,0,0,0,,,,,,
cal_lifecycle_stop_dcs_red_before_q1,o_idac_sar9dcn_low,MATCH,5004,0,0,0,,,,,,
cal_lifecycle_stop_dcs_red_before_q1,o_idac_sar15ambn_low,MATCH,5004,0,0,0,,,,,,
cal_lifecycle_stop_dcs_red_before_q1,o_idac_sar15dcn_low,MATCH,5004,0,0,0,,,,,,
cal_lifecycle_stop_dcs_red_before_q1,o_s_in,MATCH,5004,0,0,0,,,,,,
cal_lifecycle_stop_dcs_red_in_q3,o_en_tia_low,V18-F04,5004,0,20,20,249,249,249,1,0,268
cal_lifecycle_stop_dcs_red_in_q3,o_leddac,V18-F05,5004,0,1,4,264,264,264,165,0,264
cal_lifecycle_stop_dcs_red_in_q3,o_leden1_low,MATCH,5004,0,0,0,,,,,,
cal_lifecycle_stop_dcs_red_in_q3,o_leden2_low,MATCH,5004,0,0,0,,,,,,
cal_lifecycle_stop_dcs_red_in_q3,o_en_test,MATCH,5004,0,0,0,,,,,,
cal_lifecycle_stop_dcs_red_in_q3,o_clk_buf_low,MATCH,5004,0,0,0,,,,,,
cal_lifecycle_stop_dcs_red_in_q3,o_clk_2m,MATCH,5004,0,0,0,,,,,,
cal_lifecycle_stop_dcs_red_in_q3,o_clk_iref_idac_low,MATCH,5004,0,0,0,,,,,,
cal_lifecycle_stop_dcs_red_in_q3,o_clk_9q1_low,MATCH,5004,0,0,0,,,,,,
cal_lifecycle_stop_dcs_red_in_q3,o_clk_15q1_low,MATCH,5004,0,0,0,,,,,,
cal_lifecycle_stop_dcs_red_in_q3,o_clk_aferst_low,MATCH,5004,0,0,0,,,,,,
cal_lifecycle_stop_dcs_red_in_q3,o_clk_iref_idac_sar9_low,MATCH,5004,0,0,0,,,,,,
cal_lifecycle_stop_dcs_red_in_q3,o_clk_iref_idac_sar15_low,MATCH,5004,0,0,0,,,,,,
cal_lifecycle_stop_dcs_red_in_q3,o_clk_q2_low,MATCH,5004,0,0,0,,,,,,
cal_lifecycle_stop_dcs_red_in_q3,o_clk_q3_low,MATCH,5004,0,0,0,,,,,,
cal_lifecycle_stop_dcs_red_in_q3,o_clk_tiaen_low,MATCH,5004,0,0,0,,,,,,
cal_lifecycle_stop_dcs_red_in_q3,o_en_15sar_low,MATCH,5004,0,0,0,,,,,,
cal_lifecycle_stop_dcs_red_in_q3,o_en_sar9_amb_low,MATCH,5004,0,0,0,,,,,,
cal_lifecycle_stop_dcs_red_in_q3,o_en_sar9_dc_low,MATCH,5004,0,0,0,,,,,,
cal_lifecycle_stop_dcs_red_in_q3,o_en_sar9_iref,MATCH,5004,0,0,0,,,,,,
cal_lifecycle_stop_dcs_red_in_q3,o_en_sar15_amb_low,MATCH,5004,0,0,0,,,,,,
cal_lifecycle_stop_dcs_red_in_q3,o_en_sar15_dc_low,MATCH,5004,0,0,0,,,,,,
cal_lifecycle_stop_dcs_red_in_q3,o_en_sar15_iref,MATCH,5004,0,0,0,,,,,,
cal_lifecycle_stop_dcs_red_in_q3,o_idac_sar9ambn_low,MATCH,5004,0,0,0,,,,,,
cal_lifecycle_stop_dcs_red_in_q3,o_idac_sar9dcn_low,MATCH,5004,0,0,0,,,,,,
cal_lifecycle_stop_dcs_red_in_q3,o_idac_sar15ambn_low,MATCH,5004,0,0,0,,,,,,
cal_lifecycle_stop_dcs_red_in_q3,o_idac_sar15dcn_low,MATCH,5004,0,0,0,,,,,,
cal_lifecycle_stop_dcs_red_in_q3,o_s_in,MATCH,5004,0,0,0,,,,,,
cal_lifecycle_stop_dcs_red_after_q3,o_en_tia_low,V18-F04,5004,0,20,20,249,249,249,1,0,268
cal_lifecycle_stop_dcs_red_after_q3,o_leddac,V18-F05,5004,0,1,4,264,264,264,165,0,264
cal_lifecycle_stop_dcs_red_after_q3,o_leden1_low,MATCH,5004,0,0,0,,,,,,
cal_lifecycle_stop_dcs_red_after_q3,o_leden2_low,MATCH,5004,0,0,0,,,,,,
cal_lifecycle_stop_dcs_red_after_q3,o_en_test,MATCH,5004,0,0,0,,,,,,
cal_lifecycle_stop_dcs_red_after_q3,o_clk_buf_low,MATCH,5004,0,0,0,,,,,,
cal_lifecycle_stop_dcs_red_after_q3,o_clk_2m,MATCH,5004,0,0,0,,,,,,
cal_lifecycle_stop_dcs_red_after_q3,o_clk_iref_idac_low,MATCH,5004,0,0,0,,,,,,
cal_lifecycle_stop_dcs_red_after_q3,o_clk_9q1_low,MATCH,5004,0,0,0,,,,,,
cal_lifecycle_stop_dcs_red_after_q3,o_clk_15q1_low,MATCH,5004,0,0,0,,,,,,
cal_lifecycle_stop_dcs_red_after_q3,o_clk_aferst_low,MATCH,5004,0,0,0,,,,,,
cal_lifecycle_stop_dcs_red_after_q3,o_clk_iref_idac_sar9_low,MATCH,5004,0,0,0,,,,,,
cal_lifecycle_stop_dcs_red_after_q3,o_clk_iref_idac_sar15_low,MATCH,5004,0,0,0,,,,,,
cal_lifecycle_stop_dcs_red_after_q3,o_clk_q2_low,MATCH,5004,0,0,0,,,,,,
cal_lifecycle_stop_dcs_red_after_q3,o_clk_q3_low,MATCH,5004,0,0,0,,,,,,
cal_lifecycle_stop_dcs_red_after_q3,o_clk_tiaen_low,MATCH,5004,0,0,0,,,,,,
cal_lifecycle_stop_dcs_red_after_q3,o_en_15sar_low,MATCH,5004,0,0,0,,,,,,
cal_lifecycle_stop_dcs_red_after_q3,o_en_sar9_amb_low,MATCH,5004,0,0,0,,,,,,
cal_lifecycle_stop_dcs_red_after_q3,o_en_sar9_dc_low,MATCH,5004,0,0,0,,,,,,
cal_lifecycle_stop_dcs_red_after_q3,o_en_sar9_iref,MATCH,5004,0,0,0,,,,,,
cal_lifecycle_stop_dcs_red_after_q3,o_en_sar15_amb_low,MATCH,5004,0,0,0,,,,,,
cal_lifecycle_stop_dcs_red_after_q3,o_en_sar15_dc_low,MATCH,5004,0,0,0,,,,,,
cal_lifecycle_stop_dcs_red_after_q3,o_en_sar15_iref,MATCH,5004,0,0,0,,,,,,
cal_lifecycle_stop_dcs_red_after_q3,o_idac_sar9ambn_low,MATCH,5004,0,0,0,,,,,,
cal_lifecycle_stop_dcs_red_after_q3,o_idac_sar9dcn_low,MATCH,5004,0,0,0,,,,,,
cal_lifecycle_stop_dcs_red_after_q3,o_idac_sar15ambn_low,MATCH,5004,0,0,0,,,,,,
cal_lifecycle_stop_dcs_red_after_q3,o_idac_sar15dcn_low,MATCH,5004,0,0,0,,,,,,
cal_lifecycle_stop_dcs_red_after_q3,o_s_in,MATCH,5004,0,0,0,,,,,,
cal_lifecycle_stop_dcs_red_before_end,o_en_tia_low,V18-F04,5004,0,20,20,249,249,249,1,0,268
cal_lifecycle_stop_dcs_red_before_end,o_leddac,V18-F05,5004,0,1,4,264,264,264,165,0,264
cal_lifecycle_stop_dcs_red_before_end,o_leden1_low,MATCH,5004,0,0,0,,,,,,
cal_lifecycle_stop_dcs_red_before_end,o_leden2_low,MATCH,5004,0,0,0,,,,,,
cal_lifecycle_stop_dcs_red_before_end,o_en_test,MATCH,5004,0,0,0,,,,,,
cal_lifecycle_stop_dcs_red_before_end,o_clk_buf_low,MATCH,5004,0,0,0,,,,,,
cal_lifecycle_stop_dcs_red_before_end,o_clk_2m,MATCH,5004,0,0,0,,,,,,
cal_lifecycle_stop_dcs_red_before_end,o_clk_iref_idac_low,MATCH,5004,0,0,0,,,,,,
cal_lifecycle_stop_dcs_red_before_end,o_clk_9q1_low,MATCH,5004,0,0,0,,,,,,
cal_lifecycle_stop_dcs_red_before_end,o_clk_15q1_low,MATCH,5004,0,0,0,,,,,,
cal_lifecycle_stop_dcs_red_before_end,o_clk_aferst_low,MATCH,5004,0,0,0,,,,,,
cal_lifecycle_stop_dcs_red_before_end,o_clk_iref_idac_sar9_low,MATCH,5004,0,0,0,,,,,,
cal_lifecycle_stop_dcs_red_before_end,o_clk_iref_idac_sar15_low,MATCH,5004,0,0,0,,,,,,
cal_lifecycle_stop_dcs_red_before_end,o_clk_q2_low,MATCH,5004,0,0,0,,,,,,
cal_lifecycle_stop_dcs_red_before_end,o_clk_q3_low,MATCH,5004,0,0,0,,,,,,
cal_lifecycle_stop_dcs_red_before_end,o_clk_tiaen_low,MATCH,5004,0,0,0,,,,,,
cal_lifecycle_stop_dcs_red_before_end,o_en_15sar_low,MATCH,5004,0,0,0,,,,,,
cal_lifecycle_stop_dcs_red_before_end,o_en_sar9_amb_low,MATCH,5004,0,0,0,,,,,,
cal_lifecycle_stop_dcs_red_before_end,o_en_sar9_dc_low,MATCH,5004,0,0,0,,,,,,
cal_lifecycle_stop_dcs_red_before_end,o_en_sar9_iref,MATCH,5004,0,0,0,,,,,,
cal_lifecycle_stop_dcs_red_before_end,o_en_sar15_amb_low,MATCH,5004,0,0,0,,,,,,
cal_lifecycle_stop_dcs_red_before_end,o_en_sar15_dc_low,MATCH,5004,0,0,0,,,,,,
cal_lifecycle_stop_dcs_red_before_end,o_en_sar15_iref,MATCH,5004,0,0,0,,,,,,
cal_lifecycle_stop_dcs_red_before_end,o_idac_sar9ambn_low,MATCH,5004,0,0,0,,,,,,
cal_lifecycle_stop_dcs_red_before_end,o_idac_sar9dcn_low,MATCH,5004,0,0,0,,,,,,
cal_lifecycle_stop_dcs_red_before_end,o_idac_sar15ambn_low,MATCH,5004,0,0,0,,,,,,
cal_lifecycle_stop_dcs_red_before_end,o_idac_sar15dcn_low,MATCH,5004,0,0,0,,,,,,
cal_lifecycle_stop_dcs_red_before_end,o_s_in,MATCH,5004,0,0,0,,,,,,
cal_lifecycle_abort_dcs_red_before_preheat,o_en_tia_low,MATCH,5004,0,0,0,,,,,,
cal_lifecycle_abort_dcs_red_before_preheat,o_leddac,MATCH,5004,0,0,0,,,,,,
cal_lifecycle_abort_dcs_red_before_preheat,o_leden1_low,MATCH,5004,0,0,0,,,,,,
cal_lifecycle_abort_dcs_red_before_preheat,o_leden2_low,MATCH,5004,0,0,0,,,,,,
cal_lifecycle_abort_dcs_red_before_preheat,o_en_test,MATCH,5004,0,0,0,,,,,,
cal_lifecycle_abort_dcs_red_before_preheat,o_clk_buf_low,MATCH,5004,0,0,0,,,,,,
cal_lifecycle_abort_dcs_red_before_preheat,o_clk_2m,MATCH,5004,0,0,0,,,,,,
cal_lifecycle_abort_dcs_red_before_preheat,o_clk_iref_idac_low,MATCH,5004,0,0,0,,,,,,
cal_lifecycle_abort_dcs_red_before_preheat,o_clk_9q1_low,MATCH,5004,0,0,0,,,,,,
cal_lifecycle_abort_dcs_red_before_preheat,o_clk_15q1_low,MATCH,5004,0,0,0,,,,,,
cal_lifecycle_abort_dcs_red_before_preheat,o_clk_aferst_low,MATCH,5004,0,0,0,,,,,,
cal_lifecycle_abort_dcs_red_before_preheat,o_clk_iref_idac_sar9_low,MATCH,5004,0,0,0,,,,,,
cal_lifecycle_abort_dcs_red_before_preheat,o_clk_iref_idac_sar15_low,MATCH,5004,0,0,0,,,,,,
cal_lifecycle_abort_dcs_red_before_preheat,o_clk_q2_low,MATCH,5004,0,0,0,,,,,,
cal_lifecycle_abort_dcs_red_before_preheat,o_clk_q3_low,MATCH,5004,0,0,0,,,,,,
cal_lifecycle_abort_dcs_red_before_preheat,o_clk_tiaen_low,MATCH,5004,0,0,0,,,,,,
cal_lifecycle_abort_dcs_red_before_preheat,o_en_15sar_low,MATCH,5004,0,0,0,,,,,,
cal_lifecycle_abort_dcs_red_before_preheat,o_en_sar9_amb_low,MATCH,5004,0,0,0,,,,,,
cal_lifecycle_abort_dcs_red_before_preheat,o_en_sar9_dc_low,MATCH,5004,0,0,0,,,,,,
cal_lifecycle_abort_dcs_red_before_preheat,o_en_sar9_iref,MATCH,5004,0,0,0,,,,,,
cal_lifecycle_abort_dcs_red_before_preheat,o_en_sar15_amb_low,MATCH,5004,0,0,0,,,,,,
cal_lifecycle_abort_dcs_red_before_preheat,o_en_sar15_dc_low,MATCH,5004,0,0,0,,,,,,
cal_lifecycle_abort_dcs_red_before_preheat,o_en_sar15_iref,MATCH,5004,0,0,0,,,,,,
cal_lifecycle_abort_dcs_red_before_preheat,o_idac_sar9ambn_low,MATCH,5004,0,0,0,,,,,,
cal_lifecycle_abort_dcs_red_before_preheat,o_idac_sar9dcn_low,MATCH,5004,0,0,0,,,,,,
cal_lifecycle_abort_dcs_red_before_preheat,o_idac_sar15ambn_low,MATCH,5004,0,0,0,,,,,,
cal_lifecycle_abort_dcs_red_before_preheat,o_idac_sar15dcn_low,MATCH,5004,0,0,0,,,,,,
cal_lifecycle_abort_dcs_red_before_preheat,o_s_in,MATCH,5004,0,0,0,,,,,,
cal_lifecycle_abort_dcs_red_after_preheat,o_en_tia_low,MATCH,5004,0,0,0,,,,,,
cal_lifecycle_abort_dcs_red_after_preheat,o_leddac,MATCH,5004,0,0,0,,,,,,
cal_lifecycle_abort_dcs_red_after_preheat,o_leden1_low,MATCH,5004,0,0,0,,,,,,
cal_lifecycle_abort_dcs_red_after_preheat,o_leden2_low,MATCH,5004,0,0,0,,,,,,
cal_lifecycle_abort_dcs_red_after_preheat,o_en_test,MATCH,5004,0,0,0,,,,,,
cal_lifecycle_abort_dcs_red_after_preheat,o_clk_buf_low,MATCH,5004,0,0,0,,,,,,
cal_lifecycle_abort_dcs_red_after_preheat,o_clk_2m,MATCH,5004,0,0,0,,,,,,
cal_lifecycle_abort_dcs_red_after_preheat,o_clk_iref_idac_low,MATCH,5004,0,0,0,,,,,,
cal_lifecycle_abort_dcs_red_after_preheat,o_clk_9q1_low,MATCH,5004,0,0,0,,,,,,
cal_lifecycle_abort_dcs_red_after_preheat,o_clk_15q1_low,MATCH,5004,0,0,0,,,,,,
cal_lifecycle_abort_dcs_red_after_preheat,o_clk_aferst_low,MATCH,5004,0,0,0,,,,,,
cal_lifecycle_abort_dcs_red_after_preheat,o_clk_iref_idac_sar9_low,MATCH,5004,0,0,0,,,,,,
cal_lifecycle_abort_dcs_red_after_preheat,o_clk_iref_idac_sar15_low,MATCH,5004,0,0,0,,,,,,
cal_lifecycle_abort_dcs_red_after_preheat,o_clk_q2_low,MATCH,5004,0,0,0,,,,,,
cal_lifecycle_abort_dcs_red_after_preheat,o_clk_q3_low,MATCH,5004,0,0,0,,,,,,
cal_lifecycle_abort_dcs_red_after_preheat,o_clk_tiaen_low,MATCH,5004,0,0,0,,,,,,
cal_lifecycle_abort_dcs_red_after_preheat,o_en_15sar_low,MATCH,5004,0,0,0,,,,,,
cal_lifecycle_abort_dcs_red_after_preheat,o_en_sar9_amb_low,MATCH,5004,0,0,0,,,,,,
cal_lifecycle_abort_dcs_red_after_preheat,o_en_sar9_dc_low,MATCH,5004,0,0,0,,,,,,
cal_lifecycle_abort_dcs_red_after_preheat,o_en_sar9_iref,MATCH,5004,0,0,0,,,,,,
cal_lifecycle_abort_dcs_red_after_preheat,o_en_sar15_amb_low,MATCH,5004,0,0,0,,,,,,
cal_lifecycle_abort_dcs_red_after_preheat,o_en_sar15_dc_low,MATCH,5004,0,0,0,,,,,,
cal_lifecycle_abort_dcs_red_after_preheat,o_en_sar15_iref,MATCH,5004,0,0,0,,,,,,
cal_lifecycle_abort_dcs_red_after_preheat,o_idac_sar9ambn_low,MATCH,5004,0,0,0,,,,,,
cal_lifecycle_abort_dcs_red_after_preheat,o_idac_sar9dcn_low,MATCH,5004,0,0,0,,,,,,
cal_lifecycle_abort_dcs_red_after_preheat,o_idac_sar15ambn_low,MATCH,5004,0,0,0,,,,,,
cal_lifecycle_abort_dcs_red_after_preheat,o_idac_sar15dcn_low,MATCH,5004,0,0,0,,,,,,
cal_lifecycle_abort_dcs_red_after_preheat,o_s_in,MATCH,5004,0,0,0,,,,,,
cal_lifecycle_abort_dcs_red_before_q1,o_en_tia_low,V18-F04,5004,0,9,9,249,249,249,1,0,257
cal_lifecycle_abort_dcs_red_before_q1,o_leddac,MATCH,5004,0,0,0,,,,,,
cal_lifecycle_abort_dcs_red_before_q1,o_leden1_low,MATCH,5004,0,0,0,,,,,,
cal_lifecycle_abort_dcs_red_before_q1,o_leden2_low,MATCH,5004,0,0,0,,,,,,
cal_lifecycle_abort_dcs_red_before_q1,o_en_test,MATCH,5004,0,0,0,,,,,,
cal_lifecycle_abort_dcs_red_before_q1,o_clk_buf_low,MATCH,5004,0,0,0,,,,,,
cal_lifecycle_abort_dcs_red_before_q1,o_clk_2m,MATCH,5004,0,0,0,,,,,,
cal_lifecycle_abort_dcs_red_before_q1,o_clk_iref_idac_low,MATCH,5004,0,0,0,,,,,,
cal_lifecycle_abort_dcs_red_before_q1,o_clk_9q1_low,MATCH,5004,0,0,0,,,,,,
cal_lifecycle_abort_dcs_red_before_q1,o_clk_15q1_low,MATCH,5004,0,0,0,,,,,,
cal_lifecycle_abort_dcs_red_before_q1,o_clk_aferst_low,MATCH,5004,0,0,0,,,,,,
cal_lifecycle_abort_dcs_red_before_q1,o_clk_iref_idac_sar9_low,MATCH,5004,0,0,0,,,,,,
cal_lifecycle_abort_dcs_red_before_q1,o_clk_iref_idac_sar15_low,MATCH,5004,0,0,0,,,,,,
cal_lifecycle_abort_dcs_red_before_q1,o_clk_q2_low,MATCH,5004,0,0,0,,,,,,
cal_lifecycle_abort_dcs_red_before_q1,o_clk_q3_low,MATCH,5004,0,0,0,,,,,,
cal_lifecycle_abort_dcs_red_before_q1,o_clk_tiaen_low,MATCH,5004,0,0,0,,,,,,
cal_lifecycle_abort_dcs_red_before_q1,o_en_15sar_low,MATCH,5004,0,0,0,,,,,,
cal_lifecycle_abort_dcs_red_before_q1,o_en_sar9_amb_low,MATCH,5004,0,0,0,,,,,,
cal_lifecycle_abort_dcs_red_before_q1,o_en_sar9_dc_low,MATCH,5004,0,0,0,,,,,,
cal_lifecycle_abort_dcs_red_before_q1,o_en_sar9_iref,MATCH,5004,0,0,0,,,,,,
cal_lifecycle_abort_dcs_red_before_q1,o_en_sar15_amb_low,MATCH,5004,0,0,0,,,,,,
cal_lifecycle_abort_dcs_red_before_q1,o_en_sar15_dc_low,MATCH,5004,0,0,0,,,,,,
cal_lifecycle_abort_dcs_red_before_q1,o_en_sar15_iref,MATCH,5004,0,0,0,,,,,,
cal_lifecycle_abort_dcs_red_before_q1,o_idac_sar9ambn_low,MATCH,5004,0,0,0,,,,,,
cal_lifecycle_abort_dcs_red_before_q1,o_idac_sar9dcn_low,MATCH,5004,0,0,0,,,,,,
cal_lifecycle_abort_dcs_red_before_q1,o_idac_sar15ambn_low,MATCH,5004,0,0,0,,,,,,
cal_lifecycle_abort_dcs_red_before_q1,o_idac_sar15dcn_low,MATCH,5004,0,0,0,,,,,,
cal_lifecycle_abort_dcs_red_before_q1,o_s_in,MATCH,5004,0,0,0,,,,,,
cal_lifecycle_abort_dcs_red_in_q3,o_en_tia_low,V18-F04,5004,0,17,17,249,249,249,1,0,265
cal_lifecycle_abort_dcs_red_in_q3,o_leddac,V18-F05,5004,0,1,4,264,264,264,165,0,264
cal_lifecycle_abort_dcs_red_in_q3,o_leden1_low,MATCH,5004,0,0,0,,,,,,
cal_lifecycle_abort_dcs_red_in_q3,o_leden2_low,MATCH,5004,0,0,0,,,,,,
cal_lifecycle_abort_dcs_red_in_q3,o_en_test,MATCH,5004,0,0,0,,,,,,
cal_lifecycle_abort_dcs_red_in_q3,o_clk_buf_low,MATCH,5004,0,0,0,,,,,,
cal_lifecycle_abort_dcs_red_in_q3,o_clk_2m,MATCH,5004,0,0,0,,,,,,
cal_lifecycle_abort_dcs_red_in_q3,o_clk_iref_idac_low,MATCH,5004,0,0,0,,,,,,
cal_lifecycle_abort_dcs_red_in_q3,o_clk_9q1_low,MATCH,5004,0,0,0,,,,,,
cal_lifecycle_abort_dcs_red_in_q3,o_clk_15q1_low,MATCH,5004,0,0,0,,,,,,
cal_lifecycle_abort_dcs_red_in_q3,o_clk_aferst_low,MATCH,5004,0,0,0,,,,,,
cal_lifecycle_abort_dcs_red_in_q3,o_clk_iref_idac_sar9_low,MATCH,5004,0,0,0,,,,,,
cal_lifecycle_abort_dcs_red_in_q3,o_clk_iref_idac_sar15_low,MATCH,5004,0,0,0,,,,,,
cal_lifecycle_abort_dcs_red_in_q3,o_clk_q2_low,MATCH,5004,0,0,0,,,,,,
cal_lifecycle_abort_dcs_red_in_q3,o_clk_q3_low,MATCH,5004,0,0,0,,,,,,
cal_lifecycle_abort_dcs_red_in_q3,o_clk_tiaen_low,MATCH,5004,0,0,0,,,,,,
cal_lifecycle_abort_dcs_red_in_q3,o_en_15sar_low,MATCH,5004,0,0,0,,,,,,
cal_lifecycle_abort_dcs_red_in_q3,o_en_sar9_amb_low,MATCH,5004,0,0,0,,,,,,
cal_lifecycle_abort_dcs_red_in_q3,o_en_sar9_dc_low,MATCH,5004,0,0,0,,,,,,
cal_lifecycle_abort_dcs_red_in_q3,o_en_sar9_iref,MATCH,5004,0,0,0,,,,,,
cal_lifecycle_abort_dcs_red_in_q3,o_en_sar15_amb_low,MATCH,5004,0,0,0,,,,,,
cal_lifecycle_abort_dcs_red_in_q3,o_en_sar15_dc_low,MATCH,5004,0,0,0,,,,,,
cal_lifecycle_abort_dcs_red_in_q3,o_en_sar15_iref,MATCH,5004,0,0,0,,,,,,
cal_lifecycle_abort_dcs_red_in_q3,o_idac_sar9ambn_low,MATCH,5004,0,0,0,,,,,,
cal_lifecycle_abort_dcs_red_in_q3,o_idac_sar9dcn_low,MATCH,5004,0,0,0,,,,,,
cal_lifecycle_abort_dcs_red_in_q3,o_idac_sar15ambn_low,MATCH,5004,0,0,0,,,,,,
cal_lifecycle_abort_dcs_red_in_q3,o_idac_sar15dcn_low,MATCH,5004,0,0,0,,,,,,
cal_lifecycle_abort_dcs_red_in_q3,o_s_in,MATCH,5004,0,0,0,,,,,,
cal_lifecycle_abort_dcs_red_after_q3,o_en_tia_low,V18-F04,5004,0,19,19,249,249,249,1,0,267
cal_lifecycle_abort_dcs_red_after_q3,o_leddac,V18-F05,5004,0,1,4,264,264,264,165,0,264
cal_lifecycle_abort_dcs_red_after_q3,o_leden1_low,MATCH,5004,0,0,0,,,,,,
cal_lifecycle_abort_dcs_red_after_q3,o_leden2_low,MATCH,5004,0,0,0,,,,,,
cal_lifecycle_abort_dcs_red_after_q3,o_en_test,MATCH,5004,0,0,0,,,,,,
cal_lifecycle_abort_dcs_red_after_q3,o_clk_buf_low,MATCH,5004,0,0,0,,,,,,
cal_lifecycle_abort_dcs_red_after_q3,o_clk_2m,MATCH,5004,0,0,0,,,,,,
cal_lifecycle_abort_dcs_red_after_q3,o_clk_iref_idac_low,MATCH,5004,0,0,0,,,,,,
cal_lifecycle_abort_dcs_red_after_q3,o_clk_9q1_low,MATCH,5004,0,0,0,,,,,,
cal_lifecycle_abort_dcs_red_after_q3,o_clk_15q1_low,MATCH,5004,0,0,0,,,,,,
cal_lifecycle_abort_dcs_red_after_q3,o_clk_aferst_low,MATCH,5004,0,0,0,,,,,,
cal_lifecycle_abort_dcs_red_after_q3,o_clk_iref_idac_sar9_low,MATCH,5004,0,0,0,,,,,,
cal_lifecycle_abort_dcs_red_after_q3,o_clk_iref_idac_sar15_low,MATCH,5004,0,0,0,,,,,,
cal_lifecycle_abort_dcs_red_after_q3,o_clk_q2_low,MATCH,5004,0,0,0,,,,,,
cal_lifecycle_abort_dcs_red_after_q3,o_clk_q3_low,MATCH,5004,0,0,0,,,,,,
cal_lifecycle_abort_dcs_red_after_q3,o_clk_tiaen_low,MATCH,5004,0,0,0,,,,,,
cal_lifecycle_abort_dcs_red_after_q3,o_en_15sar_low,MATCH,5004,0,0,0,,,,,,
cal_lifecycle_abort_dcs_red_after_q3,o_en_sar9_amb_low,MATCH,5004,0,0,0,,,,,,
cal_lifecycle_abort_dcs_red_after_q3,o_en_sar9_dc_low,MATCH,5004,0,0,0,,,,,,
cal_lifecycle_abort_dcs_red_after_q3,o_en_sar9_iref,MATCH,5004,0,0,0,,,,,,
cal_lifecycle_abort_dcs_red_after_q3,o_en_sar15_amb_low,MATCH,5004,0,0,0,,,,,,
cal_lifecycle_abort_dcs_red_after_q3,o_en_sar15_dc_low,MATCH,5004,0,0,0,,,,,,
cal_lifecycle_abort_dcs_red_after_q3,o_en_sar15_iref,MATCH,5004,0,0,0,,,,,,
cal_lifecycle_abort_dcs_red_after_q3,o_idac_sar9ambn_low,MATCH,5004,0,0,0,,,,,,
cal_lifecycle_abort_dcs_red_after_q3,o_idac_sar9dcn_low,MATCH,5004,0,0,0,,,,,,
cal_lifecycle_abort_dcs_red_after_q3,o_idac_sar15ambn_low,MATCH,5004,0,0,0,,,,,,
cal_lifecycle_abort_dcs_red_after_q3,o_idac_sar15dcn_low,MATCH,5004,0,0,0,,,,,,
cal_lifecycle_abort_dcs_red_after_q3,o_s_in,MATCH,5004,0,0,0,,,,,,
cal_lifecycle_abort_dcs_red_before_end,o_en_tia_low,V18-F04,5004,0,20,20,249,249,249,1,0,268
cal_lifecycle_abort_dcs_red_before_end,o_leddac,V18-F05,5004,0,1,4,264,264,264,165,0,264
cal_lifecycle_abort_dcs_red_before_end,o_leden1_low,MATCH,5004,0,0,0,,,,,,
cal_lifecycle_abort_dcs_red_before_end,o_leden2_low,MATCH,5004,0,0,0,,,,,,
cal_lifecycle_abort_dcs_red_before_end,o_en_test,MATCH,5004,0,0,0,,,,,,
cal_lifecycle_abort_dcs_red_before_end,o_clk_buf_low,MATCH,5004,0,0,0,,,,,,
cal_lifecycle_abort_dcs_red_before_end,o_clk_2m,MATCH,5004,0,0,0,,,,,,
cal_lifecycle_abort_dcs_red_before_end,o_clk_iref_idac_low,MATCH,5004,0,0,0,,,,,,
cal_lifecycle_abort_dcs_red_before_end,o_clk_9q1_low,MATCH,5004,0,0,0,,,,,,
cal_lifecycle_abort_dcs_red_before_end,o_clk_15q1_low,MATCH,5004,0,0,0,,,,,,
cal_lifecycle_abort_dcs_red_before_end,o_clk_aferst_low,MATCH,5004,0,0,0,,,,,,
cal_lifecycle_abort_dcs_red_before_end,o_clk_iref_idac_sar9_low,MATCH,5004,0,0,0,,,,,,
cal_lifecycle_abort_dcs_red_before_end,o_clk_iref_idac_sar15_low,MATCH,5004,0,0,0,,,,,,
cal_lifecycle_abort_dcs_red_before_end,o_clk_q2_low,MATCH,5004,0,0,0,,,,,,
cal_lifecycle_abort_dcs_red_before_end,o_clk_q3_low,MATCH,5004,0,0,0,,,,,,
cal_lifecycle_abort_dcs_red_before_end,o_clk_tiaen_low,MATCH,5004,0,0,0,,,,,,
cal_lifecycle_abort_dcs_red_before_end,o_en_15sar_low,MATCH,5004,0,0,0,,,,,,
cal_lifecycle_abort_dcs_red_before_end,o_en_sar9_amb_low,MATCH,5004,0,0,0,,,,,,
cal_lifecycle_abort_dcs_red_before_end,o_en_sar9_dc_low,MATCH,5004,0,0,0,,,,,,
cal_lifecycle_abort_dcs_red_before_end,o_en_sar9_iref,MATCH,5004,0,0,0,,,,,,
cal_lifecycle_abort_dcs_red_before_end,o_en_sar15_amb_low,MATCH,5004,0,0,0,,,,,,
cal_lifecycle_abort_dcs_red_before_end,o_en_sar15_dc_low,MATCH,5004,0,0,0,,,,,,
cal_lifecycle_abort_dcs_red_before_end,o_en_sar15_iref,MATCH,5004,0,0,0,,,,,,
cal_lifecycle_abort_dcs_red_before_end,o_idac_sar9ambn_low,MATCH,5004,0,0,0,,,,,,
cal_lifecycle_abort_dcs_red_before_end,o_idac_sar9dcn_low,MATCH,5004,0,0,0,,,,,,
cal_lifecycle_abort_dcs_red_before_end,o_idac_sar15ambn_low,MATCH,5004,0,0,0,,,,,,
cal_lifecycle_abort_dcs_red_before_end,o_idac_sar15dcn_low,MATCH,5004,0,0,0,,,,,,
cal_lifecycle_abort_dcs_red_before_end,o_s_in,MATCH,5004,0,0,0,,,,,,
cal_lifecycle_stop_dcs_ir_before_preheat,o_en_tia_low,MATCH,5004,0,0,0,,,,,,
cal_lifecycle_stop_dcs_ir_before_preheat,o_leddac,V18-F06,5004,0,2,8,265,265,265,0,90,266
cal_lifecycle_stop_dcs_ir_before_preheat,o_leden1_low,MATCH,5004,0,0,0,,,,,,
cal_lifecycle_stop_dcs_ir_before_preheat,o_leden2_low,V18-F06,5004,0,2,2,265,265,265,0,1,266
cal_lifecycle_stop_dcs_ir_before_preheat,o_en_test,MATCH,5004,0,0,0,,,,,,
cal_lifecycle_stop_dcs_ir_before_preheat,o_clk_buf_low,MATCH,5004,0,0,0,,,,,,
cal_lifecycle_stop_dcs_ir_before_preheat,o_clk_2m,MATCH,5004,0,0,0,,,,,,
cal_lifecycle_stop_dcs_ir_before_preheat,o_clk_iref_idac_low,V18-F06,5004,0,40,40,229,229,229,0,1,268
cal_lifecycle_stop_dcs_ir_before_preheat,o_clk_9q1_low,V18-F06,5004,0,9,9,259,259,259,0,1,267
cal_lifecycle_stop_dcs_ir_before_preheat,o_clk_15q1_low,MATCH,5004,0,0,0,,,,,,
cal_lifecycle_stop_dcs_ir_before_preheat,o_clk_aferst_low,V18-F06,5004,0,12,12,249,249,249,0,1,260
cal_lifecycle_stop_dcs_ir_before_preheat,o_clk_iref_idac_sar9_low,V18-F06,5004,0,274,274,10,10,10,0,1,283
cal_lifecycle_stop_dcs_ir_before_preheat,o_clk_iref_idac_sar15_low,MATCH,5004,0,0,0,,,,,,
cal_lifecycle_stop_dcs_ir_before_preheat,o_clk_q2_low,V18-F06,5004,0,2,2,262,262,262,0,1,263
cal_lifecycle_stop_dcs_ir_before_preheat,o_clk_q3_low,V18-F06,5004,0,2,2,265,265,265,0,1,266
cal_lifecycle_stop_dcs_ir_before_preheat,o_clk_tiaen_low,V18-F06,5004,0,20,20,249,249,249,0,1,268
cal_lifecycle_stop_dcs_ir_before_preheat,o_en_15sar_low,MATCH,5004,0,0,0,,,,,,
cal_lifecycle_stop_dcs_ir_before_preheat,o_en_sar9_amb_low,V18-F06,5004,0,54,54,222,222,222,0,1,275
cal_lifecycle_stop_dcs_ir_before_preheat,o_en_sar9_dc_low,V18-F06,5004,0,54,54,222,222,222,0,1,275
cal_lifecycle_stop_dcs_ir_before_preheat,o_en_sar9_iref,V18-F06,5004,0,72,72,202,202,202,0,1,273
cal_lifecycle_stop_dcs_ir_before_preheat,o_en_sar15_amb_low,MATCH,5004,0,0,0,,,,,,
cal_lifecycle_stop_dcs_ir_before_preheat,o_en_sar15_dc_low,MATCH,5004,0,0,0,,,,,,
cal_lifecycle_stop_dcs_ir_before_preheat,o_en_sar15_iref,MATCH,5004,0,0,0,,,,,,
cal_lifecycle_stop_dcs_ir_before_preheat,o_idac_sar9ambn_low,V18-F06,5004,0,52,208,224,224,224,0,165,275
cal_lifecycle_stop_dcs_ir_before_preheat,o_idac_sar9dcn_low,V18-F06,5004,0,44,176,232,232,232,0,90,275
cal_lifecycle_stop_dcs_ir_before_preheat,o_idac_sar15ambn_low,MATCH,5004,0,0,0,,,,,,
cal_lifecycle_stop_dcs_ir_before_preheat,o_idac_sar15dcn_low,MATCH,5004,0,0,0,,,,,,
cal_lifecycle_stop_dcs_ir_before_preheat,o_s_in,MATCH,5004,0,0,0,,,,,,
cal_lifecycle_stop_dcs_ir_after_preheat,o_en_tia_low,V18-F04,5004,0,20,20,249,249,249,1,0,268
cal_lifecycle_stop_dcs_ir_after_preheat,o_leddac,V18-F05,5004,0,1,4,264,264,264,90,0,264
cal_lifecycle_stop_dcs_ir_after_preheat,o_leden1_low,MATCH,5004,0,0,0,,,,,,
cal_lifecycle_stop_dcs_ir_after_preheat,o_leden2_low,MATCH,5004,0,0,0,,,,,,
cal_lifecycle_stop_dcs_ir_after_preheat,o_en_test,MATCH,5004,0,0,0,,,,,,
cal_lifecycle_stop_dcs_ir_after_preheat,o_clk_buf_low,MATCH,5004,0,0,0,,,,,,
cal_lifecycle_stop_dcs_ir_after_preheat,o_clk_2m,MATCH,5004,0,0,0,,,,,,
cal_lifecycle_stop_dcs_ir_after_preheat,o_clk_iref_idac_low,MATCH,5004,0,0,0,,,,,,
cal_lifecycle_stop_dcs_ir_after_preheat,o_clk_9q1_low,MATCH,5004,0,0,0,,,,,,
cal_lifecycle_stop_dcs_ir_after_preheat,o_clk_15q1_low,MATCH,5004,0,0,0,,,,,,
cal_lifecycle_stop_dcs_ir_after_preheat,o_clk_aferst_low,MATCH,5004,0,0,0,,,,,,
cal_lifecycle_stop_dcs_ir_after_preheat,o_clk_iref_idac_sar9_low,MATCH,5004,0,0,0,,,,,,
cal_lifecycle_stop_dcs_ir_after_preheat,o_clk_iref_idac_sar15_low,MATCH,5004,0,0,0,,,,,,
cal_lifecycle_stop_dcs_ir_after_preheat,o_clk_q2_low,MATCH,5004,0,0,0,,,,,,
cal_lifecycle_stop_dcs_ir_after_preheat,o_clk_q3_low,MATCH,5004,0,0,0,,,,,,
cal_lifecycle_stop_dcs_ir_after_preheat,o_clk_tiaen_low,MATCH,5004,0,0,0,,,,,,
cal_lifecycle_stop_dcs_ir_after_preheat,o_en_15sar_low,MATCH,5004,0,0,0,,,,,,
cal_lifecycle_stop_dcs_ir_after_preheat,o_en_sar9_amb_low,MATCH,5004,0,0,0,,,,,,
cal_lifecycle_stop_dcs_ir_after_preheat,o_en_sar9_dc_low,MATCH,5004,0,0,0,,,,,,
cal_lifecycle_stop_dcs_ir_after_preheat,o_en_sar9_iref,MATCH,5004,0,0,0,,,,,,
cal_lifecycle_stop_dcs_ir_after_preheat,o_en_sar15_amb_low,MATCH,5004,0,0,0,,,,,,
cal_lifecycle_stop_dcs_ir_after_preheat,o_en_sar15_dc_low,MATCH,5004,0,0,0,,,,,,
cal_lifecycle_stop_dcs_ir_after_preheat,o_en_sar15_iref,MATCH,5004,0,0,0,,,,,,
cal_lifecycle_stop_dcs_ir_after_preheat,o_idac_sar9ambn_low,MATCH,5004,0,0,0,,,,,,
cal_lifecycle_stop_dcs_ir_after_preheat,o_idac_sar9dcn_low,MATCH,5004,0,0,0,,,,,,
cal_lifecycle_stop_dcs_ir_after_preheat,o_idac_sar15ambn_low,MATCH,5004,0,0,0,,,,,,
cal_lifecycle_stop_dcs_ir_after_preheat,o_idac_sar15dcn_low,MATCH,5004,0,0,0,,,,,,
cal_lifecycle_stop_dcs_ir_after_preheat,o_s_in,MATCH,5004,0,0,0,,,,,,
cal_lifecycle_stop_dcs_ir_before_q1,o_en_tia_low,V18-F04,5004,0,20,20,249,249,249,1,0,268
cal_lifecycle_stop_dcs_ir_before_q1,o_leddac,V18-F05,5004,0,1,4,264,264,264,90,0,264
cal_lifecycle_stop_dcs_ir_before_q1,o_leden1_low,MATCH,5004,0,0,0,,,,,,
cal_lifecycle_stop_dcs_ir_before_q1,o_leden2_low,MATCH,5004,0,0,0,,,,,,
cal_lifecycle_stop_dcs_ir_before_q1,o_en_test,MATCH,5004,0,0,0,,,,,,
cal_lifecycle_stop_dcs_ir_before_q1,o_clk_buf_low,MATCH,5004,0,0,0,,,,,,
cal_lifecycle_stop_dcs_ir_before_q1,o_clk_2m,MATCH,5004,0,0,0,,,,,,
cal_lifecycle_stop_dcs_ir_before_q1,o_clk_iref_idac_low,MATCH,5004,0,0,0,,,,,,
cal_lifecycle_stop_dcs_ir_before_q1,o_clk_9q1_low,MATCH,5004,0,0,0,,,,,,
cal_lifecycle_stop_dcs_ir_before_q1,o_clk_15q1_low,MATCH,5004,0,0,0,,,,,,
cal_lifecycle_stop_dcs_ir_before_q1,o_clk_aferst_low,MATCH,5004,0,0,0,,,,,,
cal_lifecycle_stop_dcs_ir_before_q1,o_clk_iref_idac_sar9_low,MATCH,5004,0,0,0,,,,,,
cal_lifecycle_stop_dcs_ir_before_q1,o_clk_iref_idac_sar15_low,MATCH,5004,0,0,0,,,,,,
cal_lifecycle_stop_dcs_ir_before_q1,o_clk_q2_low,MATCH,5004,0,0,0,,,,,,
cal_lifecycle_stop_dcs_ir_before_q1,o_clk_q3_low,MATCH,5004,0,0,0,,,,,,
cal_lifecycle_stop_dcs_ir_before_q1,o_clk_tiaen_low,MATCH,5004,0,0,0,,,,,,
cal_lifecycle_stop_dcs_ir_before_q1,o_en_15sar_low,MATCH,5004,0,0,0,,,,,,
cal_lifecycle_stop_dcs_ir_before_q1,o_en_sar9_amb_low,MATCH,5004,0,0,0,,,,,,
cal_lifecycle_stop_dcs_ir_before_q1,o_en_sar9_dc_low,MATCH,5004,0,0,0,,,,,,
cal_lifecycle_stop_dcs_ir_before_q1,o_en_sar9_iref,MATCH,5004,0,0,0,,,,,,
cal_lifecycle_stop_dcs_ir_before_q1,o_en_sar15_amb_low,MATCH,5004,0,0,0,,,,,,
cal_lifecycle_stop_dcs_ir_before_q1,o_en_sar15_dc_low,MATCH,5004,0,0,0,,,,,,
cal_lifecycle_stop_dcs_ir_before_q1,o_en_sar15_iref,MATCH,5004,0,0,0,,,,,,
cal_lifecycle_stop_dcs_ir_before_q1,o_idac_sar9ambn_low,MATCH,5004,0,0,0,,,,,,
cal_lifecycle_stop_dcs_ir_before_q1,o_idac_sar9dcn_low,MATCH,5004,0,0,0,,,,,,
cal_lifecycle_stop_dcs_ir_before_q1,o_idac_sar15ambn_low,MATCH,5004,0,0,0,,,,,,
cal_lifecycle_stop_dcs_ir_before_q1,o_idac_sar15dcn_low,MATCH,5004,0,0,0,,,,,,
cal_lifecycle_stop_dcs_ir_before_q1,o_s_in,MATCH,5004,0,0,0,,,,,,
cal_lifecycle_stop_dcs_ir_in_q3,o_en_tia_low,V18-F04,5004,0,20,20,249,249,249,1,0,268
cal_lifecycle_stop_dcs_ir_in_q3,o_leddac,V18-F05,5004,0,1,4,264,264,264,90,0,264
cal_lifecycle_stop_dcs_ir_in_q3,o_leden1_low,MATCH,5004,0,0,0,,,,,,
cal_lifecycle_stop_dcs_ir_in_q3,o_leden2_low,MATCH,5004,0,0,0,,,,,,
cal_lifecycle_stop_dcs_ir_in_q3,o_en_test,MATCH,5004,0,0,0,,,,,,
cal_lifecycle_stop_dcs_ir_in_q3,o_clk_buf_low,MATCH,5004,0,0,0,,,,,,
cal_lifecycle_stop_dcs_ir_in_q3,o_clk_2m,MATCH,5004,0,0,0,,,,,,
cal_lifecycle_stop_dcs_ir_in_q3,o_clk_iref_idac_low,MATCH,5004,0,0,0,,,,,,
cal_lifecycle_stop_dcs_ir_in_q3,o_clk_9q1_low,MATCH,5004,0,0,0,,,,,,
cal_lifecycle_stop_dcs_ir_in_q3,o_clk_15q1_low,MATCH,5004,0,0,0,,,,,,
cal_lifecycle_stop_dcs_ir_in_q3,o_clk_aferst_low,MATCH,5004,0,0,0,,,,,,
cal_lifecycle_stop_dcs_ir_in_q3,o_clk_iref_idac_sar9_low,MATCH,5004,0,0,0,,,,,,
cal_lifecycle_stop_dcs_ir_in_q3,o_clk_iref_idac_sar15_low,MATCH,5004,0,0,0,,,,,,
cal_lifecycle_stop_dcs_ir_in_q3,o_clk_q2_low,MATCH,5004,0,0,0,,,,,,
cal_lifecycle_stop_dcs_ir_in_q3,o_clk_q3_low,MATCH,5004,0,0,0,,,,,,
cal_lifecycle_stop_dcs_ir_in_q3,o_clk_tiaen_low,MATCH,5004,0,0,0,,,,,,
cal_lifecycle_stop_dcs_ir_in_q3,o_en_15sar_low,MATCH,5004,0,0,0,,,,,,
cal_lifecycle_stop_dcs_ir_in_q3,o_en_sar9_amb_low,MATCH,5004,0,0,0,,,,,,
cal_lifecycle_stop_dcs_ir_in_q3,o_en_sar9_dc_low,MATCH,5004,0,0,0,,,,,,
cal_lifecycle_stop_dcs_ir_in_q3,o_en_sar9_iref,MATCH,5004,0,0,0,,,,,,
cal_lifecycle_stop_dcs_ir_in_q3,o_en_sar15_amb_low,MATCH,5004,0,0,0,,,,,,
cal_lifecycle_stop_dcs_ir_in_q3,o_en_sar15_dc_low,MATCH,5004,0,0,0,,,,,,
cal_lifecycle_stop_dcs_ir_in_q3,o_en_sar15_iref,MATCH,5004,0,0,0,,,,,,
cal_lifecycle_stop_dcs_ir_in_q3,o_idac_sar9ambn_low,MATCH,5004,0,0,0,,,,,,
cal_lifecycle_stop_dcs_ir_in_q3,o_idac_sar9dcn_low,MATCH,5004,0,0,0,,,,,,
cal_lifecycle_stop_dcs_ir_in_q3,o_idac_sar15ambn_low,MATCH,5004,0,0,0,,,,,,
cal_lifecycle_stop_dcs_ir_in_q3,o_idac_sar15dcn_low,MATCH,5004,0,0,0,,,,,,
cal_lifecycle_stop_dcs_ir_in_q3,o_s_in,MATCH,5004,0,0,0,,,,,,
cal_lifecycle_stop_dcs_ir_after_q3,o_en_tia_low,V18-F04,5004,0,20,20,249,249,249,1,0,268
cal_lifecycle_stop_dcs_ir_after_q3,o_leddac,V18-F05,5004,0,1,4,264,264,264,90,0,264
cal_lifecycle_stop_dcs_ir_after_q3,o_leden1_low,MATCH,5004,0,0,0,,,,,,
cal_lifecycle_stop_dcs_ir_after_q3,o_leden2_low,MATCH,5004,0,0,0,,,,,,
cal_lifecycle_stop_dcs_ir_after_q3,o_en_test,MATCH,5004,0,0,0,,,,,,
cal_lifecycle_stop_dcs_ir_after_q3,o_clk_buf_low,MATCH,5004,0,0,0,,,,,,
cal_lifecycle_stop_dcs_ir_after_q3,o_clk_2m,MATCH,5004,0,0,0,,,,,,
cal_lifecycle_stop_dcs_ir_after_q3,o_clk_iref_idac_low,MATCH,5004,0,0,0,,,,,,
cal_lifecycle_stop_dcs_ir_after_q3,o_clk_9q1_low,MATCH,5004,0,0,0,,,,,,
cal_lifecycle_stop_dcs_ir_after_q3,o_clk_15q1_low,MATCH,5004,0,0,0,,,,,,
cal_lifecycle_stop_dcs_ir_after_q3,o_clk_aferst_low,MATCH,5004,0,0,0,,,,,,
cal_lifecycle_stop_dcs_ir_after_q3,o_clk_iref_idac_sar9_low,MATCH,5004,0,0,0,,,,,,
cal_lifecycle_stop_dcs_ir_after_q3,o_clk_iref_idac_sar15_low,MATCH,5004,0,0,0,,,,,,
cal_lifecycle_stop_dcs_ir_after_q3,o_clk_q2_low,MATCH,5004,0,0,0,,,,,,
cal_lifecycle_stop_dcs_ir_after_q3,o_clk_q3_low,MATCH,5004,0,0,0,,,,,,
cal_lifecycle_stop_dcs_ir_after_q3,o_clk_tiaen_low,MATCH,5004,0,0,0,,,,,,
cal_lifecycle_stop_dcs_ir_after_q3,o_en_15sar_low,MATCH,5004,0,0,0,,,,,,
cal_lifecycle_stop_dcs_ir_after_q3,o_en_sar9_amb_low,MATCH,5004,0,0,0,,,,,,
cal_lifecycle_stop_dcs_ir_after_q3,o_en_sar9_dc_low,MATCH,5004,0,0,0,,,,,,
cal_lifecycle_stop_dcs_ir_after_q3,o_en_sar9_iref,MATCH,5004,0,0,0,,,,,,
cal_lifecycle_stop_dcs_ir_after_q3,o_en_sar15_amb_low,MATCH,5004,0,0,0,,,,,,
cal_lifecycle_stop_dcs_ir_after_q3,o_en_sar15_dc_low,MATCH,5004,0,0,0,,,,,,
cal_lifecycle_stop_dcs_ir_after_q3,o_en_sar15_iref,MATCH,5004,0,0,0,,,,,,
cal_lifecycle_stop_dcs_ir_after_q3,o_idac_sar9ambn_low,MATCH,5004,0,0,0,,,,,,
cal_lifecycle_stop_dcs_ir_after_q3,o_idac_sar9dcn_low,MATCH,5004,0,0,0,,,,,,
cal_lifecycle_stop_dcs_ir_after_q3,o_idac_sar15ambn_low,MATCH,5004,0,0,0,,,,,,
cal_lifecycle_stop_dcs_ir_after_q3,o_idac_sar15dcn_low,MATCH,5004,0,0,0,,,,,,
cal_lifecycle_stop_dcs_ir_after_q3,o_s_in,MATCH,5004,0,0,0,,,,,,
cal_lifecycle_stop_dcs_ir_before_end,o_en_tia_low,V18-F04,5004,0,20,20,249,249,249,1,0,268
cal_lifecycle_stop_dcs_ir_before_end,o_leddac,V18-F05,5004,0,1,4,264,264,264,90,0,264
cal_lifecycle_stop_dcs_ir_before_end,o_leden1_low,MATCH,5004,0,0,0,,,,,,
cal_lifecycle_stop_dcs_ir_before_end,o_leden2_low,MATCH,5004,0,0,0,,,,,,
cal_lifecycle_stop_dcs_ir_before_end,o_en_test,MATCH,5004,0,0,0,,,,,,
cal_lifecycle_stop_dcs_ir_before_end,o_clk_buf_low,MATCH,5004,0,0,0,,,,,,
cal_lifecycle_stop_dcs_ir_before_end,o_clk_2m,MATCH,5004,0,0,0,,,,,,
cal_lifecycle_stop_dcs_ir_before_end,o_clk_iref_idac_low,MATCH,5004,0,0,0,,,,,,
cal_lifecycle_stop_dcs_ir_before_end,o_clk_9q1_low,MATCH,5004,0,0,0,,,,,,
cal_lifecycle_stop_dcs_ir_before_end,o_clk_15q1_low,MATCH,5004,0,0,0,,,,,,
cal_lifecycle_stop_dcs_ir_before_end,o_clk_aferst_low,MATCH,5004,0,0,0,,,,,,
cal_lifecycle_stop_dcs_ir_before_end,o_clk_iref_idac_sar9_low,MATCH,5004,0,0,0,,,,,,
cal_lifecycle_stop_dcs_ir_before_end,o_clk_iref_idac_sar15_low,MATCH,5004,0,0,0,,,,,,
cal_lifecycle_stop_dcs_ir_before_end,o_clk_q2_low,MATCH,5004,0,0,0,,,,,,
cal_lifecycle_stop_dcs_ir_before_end,o_clk_q3_low,MATCH,5004,0,0,0,,,,,,
cal_lifecycle_stop_dcs_ir_before_end,o_clk_tiaen_low,MATCH,5004,0,0,0,,,,,,
cal_lifecycle_stop_dcs_ir_before_end,o_en_15sar_low,MATCH,5004,0,0,0,,,,,,
cal_lifecycle_stop_dcs_ir_before_end,o_en_sar9_amb_low,MATCH,5004,0,0,0,,,,,,
cal_lifecycle_stop_dcs_ir_before_end,o_en_sar9_dc_low,MATCH,5004,0,0,0,,,,,,
cal_lifecycle_stop_dcs_ir_before_end,o_en_sar9_iref,MATCH,5004,0,0,0,,,,,,
cal_lifecycle_stop_dcs_ir_before_end,o_en_sar15_amb_low,MATCH,5004,0,0,0,,,,,,
cal_lifecycle_stop_dcs_ir_before_end,o_en_sar15_dc_low,MATCH,5004,0,0,0,,,,,,
cal_lifecycle_stop_dcs_ir_before_end,o_en_sar15_iref,MATCH,5004,0,0,0,,,,,,
cal_lifecycle_stop_dcs_ir_before_end,o_idac_sar9ambn_low,MATCH,5004,0,0,0,,,,,,
cal_lifecycle_stop_dcs_ir_before_end,o_idac_sar9dcn_low,MATCH,5004,0,0,0,,,,,,
cal_lifecycle_stop_dcs_ir_before_end,o_idac_sar15ambn_low,MATCH,5004,0,0,0,,,,,,
cal_lifecycle_stop_dcs_ir_before_end,o_idac_sar15dcn_low,MATCH,5004,0,0,0,,,,,,
cal_lifecycle_stop_dcs_ir_before_end,o_s_in,MATCH,5004,0,0,0,,,,,,
cal_lifecycle_abort_dcs_ir_before_preheat,o_en_tia_low,MATCH,5004,0,0,0,,,,,,
cal_lifecycle_abort_dcs_ir_before_preheat,o_leddac,MATCH,5004,0,0,0,,,,,,
cal_lifecycle_abort_dcs_ir_before_preheat,o_leden1_low,MATCH,5004,0,0,0,,,,,,
cal_lifecycle_abort_dcs_ir_before_preheat,o_leden2_low,MATCH,5004,0,0,0,,,,,,
cal_lifecycle_abort_dcs_ir_before_preheat,o_en_test,MATCH,5004,0,0,0,,,,,,
cal_lifecycle_abort_dcs_ir_before_preheat,o_clk_buf_low,MATCH,5004,0,0,0,,,,,,
cal_lifecycle_abort_dcs_ir_before_preheat,o_clk_2m,MATCH,5004,0,0,0,,,,,,
cal_lifecycle_abort_dcs_ir_before_preheat,o_clk_iref_idac_low,MATCH,5004,0,0,0,,,,,,
cal_lifecycle_abort_dcs_ir_before_preheat,o_clk_9q1_low,MATCH,5004,0,0,0,,,,,,
cal_lifecycle_abort_dcs_ir_before_preheat,o_clk_15q1_low,MATCH,5004,0,0,0,,,,,,
cal_lifecycle_abort_dcs_ir_before_preheat,o_clk_aferst_low,MATCH,5004,0,0,0,,,,,,
cal_lifecycle_abort_dcs_ir_before_preheat,o_clk_iref_idac_sar9_low,MATCH,5004,0,0,0,,,,,,
cal_lifecycle_abort_dcs_ir_before_preheat,o_clk_iref_idac_sar15_low,MATCH,5004,0,0,0,,,,,,
cal_lifecycle_abort_dcs_ir_before_preheat,o_clk_q2_low,MATCH,5004,0,0,0,,,,,,
cal_lifecycle_abort_dcs_ir_before_preheat,o_clk_q3_low,MATCH,5004,0,0,0,,,,,,
cal_lifecycle_abort_dcs_ir_before_preheat,o_clk_tiaen_low,MATCH,5004,0,0,0,,,,,,
cal_lifecycle_abort_dcs_ir_before_preheat,o_en_15sar_low,MATCH,5004,0,0,0,,,,,,
cal_lifecycle_abort_dcs_ir_before_preheat,o_en_sar9_amb_low,MATCH,5004,0,0,0,,,,,,
cal_lifecycle_abort_dcs_ir_before_preheat,o_en_sar9_dc_low,MATCH,5004,0,0,0,,,,,,
cal_lifecycle_abort_dcs_ir_before_preheat,o_en_sar9_iref,MATCH,5004,0,0,0,,,,,,
cal_lifecycle_abort_dcs_ir_before_preheat,o_en_sar15_amb_low,MATCH,5004,0,0,0,,,,,,
cal_lifecycle_abort_dcs_ir_before_preheat,o_en_sar15_dc_low,MATCH,5004,0,0,0,,,,,,
cal_lifecycle_abort_dcs_ir_before_preheat,o_en_sar15_iref,MATCH,5004,0,0,0,,,,,,
cal_lifecycle_abort_dcs_ir_before_preheat,o_idac_sar9ambn_low,MATCH,5004,0,0,0,,,,,,
cal_lifecycle_abort_dcs_ir_before_preheat,o_idac_sar9dcn_low,MATCH,5004,0,0,0,,,,,,
cal_lifecycle_abort_dcs_ir_before_preheat,o_idac_sar15ambn_low,MATCH,5004,0,0,0,,,,,,
cal_lifecycle_abort_dcs_ir_before_preheat,o_idac_sar15dcn_low,MATCH,5004,0,0,0,,,,,,
cal_lifecycle_abort_dcs_ir_before_preheat,o_s_in,MATCH,5004,0,0,0,,,,,,
cal_lifecycle_abort_dcs_ir_after_preheat,o_en_tia_low,MATCH,5004,0,0,0,,,,,,
cal_lifecycle_abort_dcs_ir_after_preheat,o_leddac,MATCH,5004,0,0,0,,,,,,
cal_lifecycle_abort_dcs_ir_after_preheat,o_leden1_low,MATCH,5004,0,0,0,,,,,,
cal_lifecycle_abort_dcs_ir_after_preheat,o_leden2_low,MATCH,5004,0,0,0,,,,,,
cal_lifecycle_abort_dcs_ir_after_preheat,o_en_test,MATCH,5004,0,0,0,,,,,,
cal_lifecycle_abort_dcs_ir_after_preheat,o_clk_buf_low,MATCH,5004,0,0,0,,,,,,
cal_lifecycle_abort_dcs_ir_after_preheat,o_clk_2m,MATCH,5004,0,0,0,,,,,,
cal_lifecycle_abort_dcs_ir_after_preheat,o_clk_iref_idac_low,MATCH,5004,0,0,0,,,,,,
cal_lifecycle_abort_dcs_ir_after_preheat,o_clk_9q1_low,MATCH,5004,0,0,0,,,,,,
cal_lifecycle_abort_dcs_ir_after_preheat,o_clk_15q1_low,MATCH,5004,0,0,0,,,,,,
cal_lifecycle_abort_dcs_ir_after_preheat,o_clk_aferst_low,MATCH,5004,0,0,0,,,,,,
cal_lifecycle_abort_dcs_ir_after_preheat,o_clk_iref_idac_sar9_low,MATCH,5004,0,0,0,,,,,,
cal_lifecycle_abort_dcs_ir_after_preheat,o_clk_iref_idac_sar15_low,MATCH,5004,0,0,0,,,,,,
cal_lifecycle_abort_dcs_ir_after_preheat,o_clk_q2_low,MATCH,5004,0,0,0,,,,,,
cal_lifecycle_abort_dcs_ir_after_preheat,o_clk_q3_low,MATCH,5004,0,0,0,,,,,,
cal_lifecycle_abort_dcs_ir_after_preheat,o_clk_tiaen_low,MATCH,5004,0,0,0,,,,,,
cal_lifecycle_abort_dcs_ir_after_preheat,o_en_15sar_low,MATCH,5004,0,0,0,,,,,,
cal_lifecycle_abort_dcs_ir_after_preheat,o_en_sar9_amb_low,MATCH,5004,0,0,0,,,,,,
cal_lifecycle_abort_dcs_ir_after_preheat,o_en_sar9_dc_low,MATCH,5004,0,0,0,,,,,,
cal_lifecycle_abort_dcs_ir_after_preheat,o_en_sar9_iref,MATCH,5004,0,0,0,,,,,,
cal_lifecycle_abort_dcs_ir_after_preheat,o_en_sar15_amb_low,MATCH,5004,0,0,0,,,,,,
cal_lifecycle_abort_dcs_ir_after_preheat,o_en_sar15_dc_low,MATCH,5004,0,0,0,,,,,,
cal_lifecycle_abort_dcs_ir_after_preheat,o_en_sar15_iref,MATCH,5004,0,0,0,,,,,,
cal_lifecycle_abort_dcs_ir_after_preheat,o_idac_sar9ambn_low,MATCH,5004,0,0,0,,,,,,
cal_lifecycle_abort_dcs_ir_after_preheat,o_idac_sar9dcn_low,MATCH,5004,0,0,0,,,,,,
cal_lifecycle_abort_dcs_ir_after_preheat,o_idac_sar15ambn_low,MATCH,5004,0,0,0,,,,,,
cal_lifecycle_abort_dcs_ir_after_preheat,o_idac_sar15dcn_low,MATCH,5004,0,0,0,,,,,,
cal_lifecycle_abort_dcs_ir_after_preheat,o_s_in,MATCH,5004,0,0,0,,,,,,
cal_lifecycle_abort_dcs_ir_before_q1,o_en_tia_low,V18-F04,5004,0,9,9,249,249,249,1,0,257
cal_lifecycle_abort_dcs_ir_before_q1,o_leddac,MATCH,5004,0,0,0,,,,,,
cal_lifecycle_abort_dcs_ir_before_q1,o_leden1_low,MATCH,5004,0,0,0,,,,,,
cal_lifecycle_abort_dcs_ir_before_q1,o_leden2_low,MATCH,5004,0,0,0,,,,,,
cal_lifecycle_abort_dcs_ir_before_q1,o_en_test,MATCH,5004,0,0,0,,,,,,
cal_lifecycle_abort_dcs_ir_before_q1,o_clk_buf_low,MATCH,5004,0,0,0,,,,,,
cal_lifecycle_abort_dcs_ir_before_q1,o_clk_2m,MATCH,5004,0,0,0,,,,,,
cal_lifecycle_abort_dcs_ir_before_q1,o_clk_iref_idac_low,MATCH,5004,0,0,0,,,,,,
cal_lifecycle_abort_dcs_ir_before_q1,o_clk_9q1_low,MATCH,5004,0,0,0,,,,,,
cal_lifecycle_abort_dcs_ir_before_q1,o_clk_15q1_low,MATCH,5004,0,0,0,,,,,,
cal_lifecycle_abort_dcs_ir_before_q1,o_clk_aferst_low,MATCH,5004,0,0,0,,,,,,
cal_lifecycle_abort_dcs_ir_before_q1,o_clk_iref_idac_sar9_low,MATCH,5004,0,0,0,,,,,,
cal_lifecycle_abort_dcs_ir_before_q1,o_clk_iref_idac_sar15_low,MATCH,5004,0,0,0,,,,,,
cal_lifecycle_abort_dcs_ir_before_q1,o_clk_q2_low,MATCH,5004,0,0,0,,,,,,
cal_lifecycle_abort_dcs_ir_before_q1,o_clk_q3_low,MATCH,5004,0,0,0,,,,,,
cal_lifecycle_abort_dcs_ir_before_q1,o_clk_tiaen_low,MATCH,5004,0,0,0,,,,,,
cal_lifecycle_abort_dcs_ir_before_q1,o_en_15sar_low,MATCH,5004,0,0,0,,,,,,
cal_lifecycle_abort_dcs_ir_before_q1,o_en_sar9_amb_low,MATCH,5004,0,0,0,,,,,,
cal_lifecycle_abort_dcs_ir_before_q1,o_en_sar9_dc_low,MATCH,5004,0,0,0,,,,,,
cal_lifecycle_abort_dcs_ir_before_q1,o_en_sar9_iref,MATCH,5004,0,0,0,,,,,,
cal_lifecycle_abort_dcs_ir_before_q1,o_en_sar15_amb_low,MATCH,5004,0,0,0,,,,,,
cal_lifecycle_abort_dcs_ir_before_q1,o_en_sar15_dc_low,MATCH,5004,0,0,0,,,,,,
cal_lifecycle_abort_dcs_ir_before_q1,o_en_sar15_iref,MATCH,5004,0,0,0,,,,,,
cal_lifecycle_abort_dcs_ir_before_q1,o_idac_sar9ambn_low,MATCH,5004,0,0,0,,,,,,
cal_lifecycle_abort_dcs_ir_before_q1,o_idac_sar9dcn_low,MATCH,5004,0,0,0,,,,,,
cal_lifecycle_abort_dcs_ir_before_q1,o_idac_sar15ambn_low,MATCH,5004,0,0,0,,,,,,
cal_lifecycle_abort_dcs_ir_before_q1,o_idac_sar15dcn_low,MATCH,5004,0,0,0,,,,,,
cal_lifecycle_abort_dcs_ir_before_q1,o_s_in,MATCH,5004,0,0,0,,,,,,
cal_lifecycle_abort_dcs_ir_in_q3,o_en_tia_low,V18-F04,5004,0,17,17,249,249,249,1,0,265
cal_lifecycle_abort_dcs_ir_in_q3,o_leddac,V18-F05,5004,0,1,4,264,264,264,90,0,264
cal_lifecycle_abort_dcs_ir_in_q3,o_leden1_low,MATCH,5004,0,0,0,,,,,,
cal_lifecycle_abort_dcs_ir_in_q3,o_leden2_low,MATCH,5004,0,0,0,,,,,,
cal_lifecycle_abort_dcs_ir_in_q3,o_en_test,MATCH,5004,0,0,0,,,,,,
cal_lifecycle_abort_dcs_ir_in_q3,o_clk_buf_low,MATCH,5004,0,0,0,,,,,,
cal_lifecycle_abort_dcs_ir_in_q3,o_clk_2m,MATCH,5004,0,0,0,,,,,,
cal_lifecycle_abort_dcs_ir_in_q3,o_clk_iref_idac_low,MATCH,5004,0,0,0,,,,,,
cal_lifecycle_abort_dcs_ir_in_q3,o_clk_9q1_low,MATCH,5004,0,0,0,,,,,,
cal_lifecycle_abort_dcs_ir_in_q3,o_clk_15q1_low,MATCH,5004,0,0,0,,,,,,
cal_lifecycle_abort_dcs_ir_in_q3,o_clk_aferst_low,MATCH,5004,0,0,0,,,,,,
cal_lifecycle_abort_dcs_ir_in_q3,o_clk_iref_idac_sar9_low,MATCH,5004,0,0,0,,,,,,
cal_lifecycle_abort_dcs_ir_in_q3,o_clk_iref_idac_sar15_low,MATCH,5004,0,0,0,,,,,,
cal_lifecycle_abort_dcs_ir_in_q3,o_clk_q2_low,MATCH,5004,0,0,0,,,,,,
cal_lifecycle_abort_dcs_ir_in_q3,o_clk_q3_low,MATCH,5004,0,0,0,,,,,,
cal_lifecycle_abort_dcs_ir_in_q3,o_clk_tiaen_low,MATCH,5004,0,0,0,,,,,,
cal_lifecycle_abort_dcs_ir_in_q3,o_en_15sar_low,MATCH,5004,0,0,0,,,,,,
cal_lifecycle_abort_dcs_ir_in_q3,o_en_sar9_amb_low,MATCH,5004,0,0,0,,,,,,
cal_lifecycle_abort_dcs_ir_in_q3,o_en_sar9_dc_low,MATCH,5004,0,0,0,,,,,,
cal_lifecycle_abort_dcs_ir_in_q3,o_en_sar9_iref,MATCH,5004,0,0,0,,,,,,
cal_lifecycle_abort_dcs_ir_in_q3,o_en_sar15_amb_low,MATCH,5004,0,0,0,,,,,,
cal_lifecycle_abort_dcs_ir_in_q3,o_en_sar15_dc_low,MATCH,5004,0,0,0,,,,,,
cal_lifecycle_abort_dcs_ir_in_q3,o_en_sar15_iref,MATCH,5004,0,0,0,,,,,,
cal_lifecycle_abort_dcs_ir_in_q3,o_idac_sar9ambn_low,MATCH,5004,0,0,0,,,,,,
cal_lifecycle_abort_dcs_ir_in_q3,o_idac_sar9dcn_low,MATCH,5004,0,0,0,,,,,,
cal_lifecycle_abort_dcs_ir_in_q3,o_idac_sar15ambn_low,MATCH,5004,0,0,0,,,,,,
cal_lifecycle_abort_dcs_ir_in_q3,o_idac_sar15dcn_low,MATCH,5004,0,0,0,,,,,,
cal_lifecycle_abort_dcs_ir_in_q3,o_s_in,MATCH,5004,0,0,0,,,,,,
cal_lifecycle_abort_dcs_ir_after_q3,o_en_tia_low,V18-F04,5004,0,19,19,249,249,249,1,0,267
cal_lifecycle_abort_dcs_ir_after_q3,o_leddac,V18-F05,5004,0,1,4,264,264,264,90,0,264
cal_lifecycle_abort_dcs_ir_after_q3,o_leden1_low,MATCH,5004,0,0,0,,,,,,
cal_lifecycle_abort_dcs_ir_after_q3,o_leden2_low,MATCH,5004,0,0,0,,,,,,
cal_lifecycle_abort_dcs_ir_after_q3,o_en_test,MATCH,5004,0,0,0,,,,,,
cal_lifecycle_abort_dcs_ir_after_q3,o_clk_buf_low,MATCH,5004,0,0,0,,,,,,
cal_lifecycle_abort_dcs_ir_after_q3,o_clk_2m,MATCH,5004,0,0,0,,,,,,
cal_lifecycle_abort_dcs_ir_after_q3,o_clk_iref_idac_low,MATCH,5004,0,0,0,,,,,,
cal_lifecycle_abort_dcs_ir_after_q3,o_clk_9q1_low,MATCH,5004,0,0,0,,,,,,
cal_lifecycle_abort_dcs_ir_after_q3,o_clk_15q1_low,MATCH,5004,0,0,0,,,,,,
cal_lifecycle_abort_dcs_ir_after_q3,o_clk_aferst_low,MATCH,5004,0,0,0,,,,,,
cal_lifecycle_abort_dcs_ir_after_q3,o_clk_iref_idac_sar9_low,MATCH,5004,0,0,0,,,,,,
cal_lifecycle_abort_dcs_ir_after_q3,o_clk_iref_idac_sar15_low,MATCH,5004,0,0,0,,,,,,
cal_lifecycle_abort_dcs_ir_after_q3,o_clk_q2_low,MATCH,5004,0,0,0,,,,,,
cal_lifecycle_abort_dcs_ir_after_q3,o_clk_q3_low,MATCH,5004,0,0,0,,,,,,
cal_lifecycle_abort_dcs_ir_after_q3,o_clk_tiaen_low,MATCH,5004,0,0,0,,,,,,
cal_lifecycle_abort_dcs_ir_after_q3,o_en_15sar_low,MATCH,5004,0,0,0,,,,,,
cal_lifecycle_abort_dcs_ir_after_q3,o_en_sar9_amb_low,MATCH,5004,0,0,0,,,,,,
cal_lifecycle_abort_dcs_ir_after_q3,o_en_sar9_dc_low,MATCH,5004,0,0,0,,,,,,
cal_lifecycle_abort_dcs_ir_after_q3,o_en_sar9_iref,MATCH,5004,0,0,0,,,,,,
cal_lifecycle_abort_dcs_ir_after_q3,o_en_sar15_amb_low,MATCH,5004,0,0,0,,,,,,
cal_lifecycle_abort_dcs_ir_after_q3,o_en_sar15_dc_low,MATCH,5004,0,0,0,,,,,,
cal_lifecycle_abort_dcs_ir_after_q3,o_en_sar15_iref,MATCH,5004,0,0,0,,,,,,
cal_lifecycle_abort_dcs_ir_after_q3,o_idac_sar9ambn_low,MATCH,5004,0,0,0,,,,,,
cal_lifecycle_abort_dcs_ir_after_q3,o_idac_sar9dcn_low,MATCH,5004,0,0,0,,,,,,
cal_lifecycle_abort_dcs_ir_after_q3,o_idac_sar15ambn_low,MATCH,5004,0,0,0,,,,,,
cal_lifecycle_abort_dcs_ir_after_q3,o_idac_sar15dcn_low,MATCH,5004,0,0,0,,,,,,
cal_lifecycle_abort_dcs_ir_after_q3,o_s_in,MATCH,5004,0,0,0,,,,,,
cal_lifecycle_abort_dcs_ir_before_end,o_en_tia_low,V18-F04,5004,0,20,20,249,249,249,1,0,268
cal_lifecycle_abort_dcs_ir_before_end,o_leddac,V18-F05,5004,0,1,4,264,264,264,90,0,264
cal_lifecycle_abort_dcs_ir_before_end,o_leden1_low,MATCH,5004,0,0,0,,,,,,
cal_lifecycle_abort_dcs_ir_before_end,o_leden2_low,MATCH,5004,0,0,0,,,,,,
cal_lifecycle_abort_dcs_ir_before_end,o_en_test,MATCH,5004,0,0,0,,,,,,
cal_lifecycle_abort_dcs_ir_before_end,o_clk_buf_low,MATCH,5004,0,0,0,,,,,,
cal_lifecycle_abort_dcs_ir_before_end,o_clk_2m,MATCH,5004,0,0,0,,,,,,
cal_lifecycle_abort_dcs_ir_before_end,o_clk_iref_idac_low,MATCH,5004,0,0,0,,,,,,
cal_lifecycle_abort_dcs_ir_before_end,o_clk_9q1_low,MATCH,5004,0,0,0,,,,,,
cal_lifecycle_abort_dcs_ir_before_end,o_clk_15q1_low,MATCH,5004,0,0,0,,,,,,
cal_lifecycle_abort_dcs_ir_before_end,o_clk_aferst_low,MATCH,5004,0,0,0,,,,,,
cal_lifecycle_abort_dcs_ir_before_end,o_clk_iref_idac_sar9_low,MATCH,5004,0,0,0,,,,,,
cal_lifecycle_abort_dcs_ir_before_end,o_clk_iref_idac_sar15_low,MATCH,5004,0,0,0,,,,,,
cal_lifecycle_abort_dcs_ir_before_end,o_clk_q2_low,MATCH,5004,0,0,0,,,,,,
cal_lifecycle_abort_dcs_ir_before_end,o_clk_q3_low,MATCH,5004,0,0,0,,,,,,
cal_lifecycle_abort_dcs_ir_before_end,o_clk_tiaen_low,MATCH,5004,0,0,0,,,,,,
cal_lifecycle_abort_dcs_ir_before_end,o_en_15sar_low,MATCH,5004,0,0,0,,,,,,
cal_lifecycle_abort_dcs_ir_before_end,o_en_sar9_amb_low,MATCH,5004,0,0,0,,,,,,
cal_lifecycle_abort_dcs_ir_before_end,o_en_sar9_dc_low,MATCH,5004,0,0,0,,,,,,
cal_lifecycle_abort_dcs_ir_before_end,o_en_sar9_iref,MATCH,5004,0,0,0,,,,,,
cal_lifecycle_abort_dcs_ir_before_end,o_en_sar15_amb_low,MATCH,5004,0,0,0,,,,,,
cal_lifecycle_abort_dcs_ir_before_end,o_en_sar15_dc_low,MATCH,5004,0,0,0,,,,,,
cal_lifecycle_abort_dcs_ir_before_end,o_en_sar15_iref,MATCH,5004,0,0,0,,,,,,
cal_lifecycle_abort_dcs_ir_before_end,o_idac_sar9ambn_low,MATCH,5004,0,0,0,,,,,,
cal_lifecycle_abort_dcs_ir_before_end,o_idac_sar9dcn_low,MATCH,5004,0,0,0,,,,,,
cal_lifecycle_abort_dcs_ir_before_end,o_idac_sar15ambn_low,MATCH,5004,0,0,0,,,,,,
cal_lifecycle_abort_dcs_ir_before_end,o_idac_sar15dcn_low,MATCH,5004,0,0,0,,,,,,
cal_lifecycle_abort_dcs_ir_before_end,o_s_in,MATCH,5004,0,0,0,,,,,,
normal_led_patterns_sar9,o_en_tia_low,MATCH,20004,0,0,0,,,,,,
normal_led_patterns_sar9,o_leddac,MATCH,20004,0,0,0,,,,,,
normal_led_patterns_sar9,o_leden1_low,V18-F02,20004,0,4,4,298,298,298,0,1,15298
normal_led_patterns_sar9,o_leden2_low,V18-F02,20004,0,4,4,458,458,458,0,1,15458
normal_led_patterns_sar9,o_en_test,MATCH,20004,0,0,0,,,,,,
normal_led_patterns_sar9,o_clk_buf_low,MATCH,20004,0,0,0,,,,,,
normal_led_patterns_sar9,o_clk_2m,MATCH,20004,0,0,0,,,,,,
normal_led_patterns_sar9,o_clk_iref_idac_low,MATCH,20004,0,0,0,,,,,,
normal_led_patterns_sar9,o_clk_9q1_low,MATCH,20004,0,0,0,,,,,,
normal_led_patterns_sar9,o_clk_15q1_low,MATCH,20004,0,0,0,,,,,,
normal_led_patterns_sar9,o_clk_aferst_low,MATCH,20004,0,0,0,,,,,,
normal_led_patterns_sar9,o_clk_iref_idac_sar9_low,MATCH,20004,0,0,0,,,,,,
normal_led_patterns_sar9,o_clk_iref_idac_sar15_low,MATCH,20004,0,0,0,,,,,,
normal_led_patterns_sar9,o_clk_q2_low,MATCH,20004,0,0,0,,,,,,
normal_led_patterns_sar9,o_clk_q3_low,MATCH,20004,0,0,0,,,,,,
normal_led_patterns_sar9,o_clk_tiaen_low,MATCH,20004,0,0,0,,,,,,
normal_led_patterns_sar9,o_en_15sar_low,MATCH,20004,0,0,0,,,,,,
normal_led_patterns_sar9,o_en_sar9_amb_low,V18-F01,20004,0,216,216,256,256,256,1,0,15309
normal_led_patterns_sar9,o_en_sar9_dc_low,V18-F01,20004,0,216,216,256,256,256,1,0,15309
normal_led_patterns_sar9,o_en_sar9_iref,V18-F01,20004,0,288,288,236,236,236,1,0,15307
normal_led_patterns_sar9,o_en_sar15_amb_low,MATCH,20004,0,0,0,,,,,,
normal_led_patterns_sar9,o_en_sar15_dc_low,MATCH,20004,0,0,0,,,,,,
normal_led_patterns_sar9,o_en_sar15_iref,MATCH,20004,0,0,0,,,,,,
normal_led_patterns_sar9,o_idac_sar9ambn_low,MATCH,20004,0,0,0,,,,,,
normal_led_patterns_sar9,o_idac_sar9dcn_low,MATCH,20004,0,0,0,,,,,,
normal_led_patterns_sar9,o_idac_sar15ambn_low,MATCH,20004,0,0,0,,,,,,
normal_led_patterns_sar9,o_idac_sar15dcn_low,MATCH,20004,0,0,0,,,,,,
normal_led_patterns_sar9,o_s_in,MATCH,20004,0,0,0,,,,,,
normal_color_codes_sar9,o_en_tia_low,MATCH,5004,0,0,0,,,,,,
normal_color_codes_sar9,o_leddac,MATCH,5004,0,0,0,,,,,,
normal_color_codes_sar9,o_leden1_low,V18-F02,5004,0,1,1,298,298,298,0,1,298
normal_color_codes_sar9,o_leden2_low,V18-F02,5004,0,1,1,458,458,458,0,1,458
normal_color_codes_sar9,o_en_test,MATCH,5004,0,0,0,,,,,,
normal_color_codes_sar9,o_clk_buf_low,MATCH,5004,0,0,0,,,,,,
normal_color_codes_sar9,o_clk_2m,MATCH,5004,0,0,0,,,,,,
normal_color_codes_sar9,o_clk_iref_idac_low,MATCH,5004,0,0,0,,,,,,
normal_color_codes_sar9,o_clk_9q1_low,MATCH,5004,0,0,0,,,,,,
normal_color_codes_sar9,o_clk_15q1_low,MATCH,5004,0,0,0,,,,,,
normal_color_codes_sar9,o_clk_aferst_low,MATCH,5004,0,0,0,,,,,,
normal_color_codes_sar9,o_clk_iref_idac_sar9_low,MATCH,5004,0,0,0,,,,,,
normal_color_codes_sar9,o_clk_iref_idac_sar15_low,MATCH,5004,0,0,0,,,,,,
normal_color_codes_sar9,o_clk_q2_low,MATCH,5004,0,0,0,,,,,,
normal_color_codes_sar9,o_clk_q3_low,MATCH,5004,0,0,0,,,,,,
normal_color_codes_sar9,o_clk_tiaen_low,MATCH,5004,0,0,0,,,,,,
normal_color_codes_sar9,o_en_15sar_low,MATCH,5004,0,0,0,,,,,,
normal_color_codes_sar9,o_en_sar9_amb_low,V18-F01,5004,0,54,54,256,256,256,1,0,309
normal_color_codes_sar9,o_en_sar9_dc_low,V18-F01,5004,0,54,54,256,256,256,1,0,309
normal_color_codes_sar9,o_en_sar9_iref,V18-F01,5004,0,72,72,236,236,236,1,0,307
normal_color_codes_sar9,o_en_sar15_amb_low,MATCH,5004,0,0,0,,,,,,
normal_color_codes_sar9,o_en_sar15_dc_low,MATCH,5004,0,0,0,,,,,,
normal_color_codes_sar9,o_en_sar15_iref,MATCH,5004,0,0,0,,,,,,
normal_color_codes_sar9,o_idac_sar9ambn_low,MATCH,5004,0,0,0,,,,,,
normal_color_codes_sar9,o_idac_sar9dcn_low,MATCH,5004,0,0,0,,,,,,
normal_color_codes_sar9,o_idac_sar15ambn_low,MATCH,5004,0,0,0,,,,,,
normal_color_codes_sar9,o_idac_sar15dcn_low,MATCH,5004,0,0,0,,,,,,
normal_color_codes_sar9,o_s_in,MATCH,5004,0,0,0,,,,,,
normal_led_patterns_sar15,o_en_tia_low,MATCH,20004,0,0,0,,,,,,
normal_led_patterns_sar15,o_leddac,MATCH,20004,0,0,0,,,,,,
normal_led_patterns_sar15,o_leden1_low,V18-F02,20004,0,4,4,295,295,295,0,1,15295
normal_led_patterns_sar15,o_leden2_low,V18-F02,20004,0,4,4,455,455,455,0,1,15455
normal_led_patterns_sar15,o_en_test,MATCH,20004,0,0,0,,,,,,
normal_led_patterns_sar15,o_clk_buf_low,MATCH,20004,0,0,0,,,,,,
normal_led_patterns_sar15,o_clk_2m,MATCH,20004,0,0,0,,,,,,
normal_led_patterns_sar15,o_clk_iref_idac_low,MATCH,20004,0,0,0,,,,,,
normal_led_patterns_sar15,o_clk_9q1_low,MATCH,20004,0,0,0,,,,,,
normal_led_patterns_sar15,o_clk_15q1_low,MATCH,20004,0,0,0,,,,,,
normal_led_patterns_sar15,o_clk_aferst_low,MATCH,20004,0,0,0,,,,,,
normal_led_patterns_sar15,o_clk_iref_idac_sar9_low,MATCH,20004,0,0,0,,,,,,
normal_led_patterns_sar15,o_clk_iref_idac_sar15_low,MATCH,20004,0,0,0,,,,,,
normal_led_patterns_sar15,o_clk_q2_low,MATCH,20004,0,0,0,,,,,,
normal_led_patterns_sar15,o_clk_q3_low,MATCH,20004,0,0,0,,,,,,
normal_led_patterns_sar15,o_clk_tiaen_low,MATCH,20004,0,0,0,,,,,,
normal_led_patterns_sar15,o_en_15sar_low,V18-F03,20004,0,19832,19832,0,0,0,1,0,19999
normal_led_patterns_sar15,o_en_sar9_amb_low,MATCH,20004,0,0,0,,,,,,
normal_led_patterns_sar15,o_en_sar9_dc_low,MATCH,20004,0,0,0,,,,,,
normal_led_patterns_sar15,o_en_sar9_iref,MATCH,20004,0,0,0,,,,,,
normal_led_patterns_sar15,o_en_sar15_amb_low,MATCH,20004,0,0,0,,,,,,
normal_led_patterns_sar15,o_en_sar15_dc_low,MATCH,20004,0,0,0,,,,,,
normal_led_patterns_sar15,o_en_sar15_iref,MATCH,20004,0,0,0,,,,,,
normal_led_patterns_sar15,o_idac_sar9ambn_low,MATCH,20004,0,0,0,,,,,,
normal_led_patterns_sar15,o_idac_sar9dcn_low,MATCH,20004,0,0,0,,,,,,
normal_led_patterns_sar15,o_idac_sar15ambn_low,MATCH,20004,0,0,0,,,,,,
normal_led_patterns_sar15,o_idac_sar15dcn_low,MATCH,20004,0,0,0,,,,,,
normal_led_patterns_sar15,o_s_in,MATCH,20004,0,0,0,,,,,,
normal_color_codes_sar15,o_en_tia_low,MATCH,5004,0,0,0,,,,,,
normal_color_codes_sar15,o_leddac,MATCH,5004,0,0,0,,,,,,
normal_color_codes_sar15,o_leden1_low,V18-F02,5004,0,1,1,295,295,295,0,1,295
normal_color_codes_sar15,o_leden2_low,V18-F02,5004,0,1,1,455,455,455,0,1,455
normal_color_codes_sar15,o_en_test,MATCH,5004,0,0,0,,,,,,
normal_color_codes_sar15,o_clk_buf_low,MATCH,5004,0,0,0,,,,,,
normal_color_codes_sar15,o_clk_2m,MATCH,5004,0,0,0,,,,,,
normal_color_codes_sar15,o_clk_iref_idac_low,MATCH,5004,0,0,0,,,,,,
normal_color_codes_sar15,o_clk_9q1_low,MATCH,5004,0,0,0,,,,,,
normal_color_codes_sar15,o_clk_15q1_low,MATCH,5004,0,0,0,,,,,,
normal_color_codes_sar15,o_clk_aferst_low,MATCH,5004,0,0,0,,,,,,
normal_color_codes_sar15,o_clk_iref_idac_sar9_low,MATCH,5004,0,0,0,,,,,,
normal_color_codes_sar15,o_clk_iref_idac_sar15_low,MATCH,5004,0,0,0,,,,,,
normal_color_codes_sar15,o_clk_q2_low,MATCH,5004,0,0,0,,,,,,
normal_color_codes_sar15,o_clk_q3_low,MATCH,5004,0,0,0,,,,,,
normal_color_codes_sar15,o_clk_tiaen_low,MATCH,5004,0,0,0,,,,,,
normal_color_codes_sar15,o_en_15sar_low,V18-F03,5004,0,4958,4958,0,0,0,1,0,4999
normal_color_codes_sar15,o_en_sar9_amb_low,MATCH,5004,0,0,0,,,,,,
normal_color_codes_sar15,o_en_sar9_dc_low,MATCH,5004,0,0,0,,,,,,
normal_color_codes_sar15,o_en_sar9_iref,MATCH,5004,0,0,0,,,,,,
normal_color_codes_sar15,o_en_sar15_amb_low,MATCH,5004,0,0,0,,,,,,
normal_color_codes_sar15,o_en_sar15_dc_low,MATCH,5004,0,0,0,,,,,,
normal_color_codes_sar15,o_en_sar15_iref,MATCH,5004,0,0,0,,,,,,
normal_color_codes_sar15,o_idac_sar9ambn_low,MATCH,5004,0,0,0,,,,,,
normal_color_codes_sar15,o_idac_sar9dcn_low,MATCH,5004,0,0,0,,,,,,
normal_color_codes_sar15,o_idac_sar15ambn_low,MATCH,5004,0,0,0,,,,,,
normal_color_codes_sar15,o_idac_sar15dcn_low,MATCH,5004,0,0,0,,,,,,
normal_color_codes_sar15,o_s_in,MATCH,5004,0,0,0,,,,,,
owner_miss_red_sar15,o_en_tia_low,MATCH,5004,0,0,0,,,,,,
owner_miss_red_sar15,o_leddac,MATCH,5004,0,0,0,,,,,,
owner_miss_red_sar15,o_leden1_low,MATCH,5004,0,0,0,,,,,,
owner_miss_red_sar15,o_leden2_low,V18-F02,5004,0,1,1,455,455,455,0,1,455
owner_miss_red_sar15,o_en_test,MATCH,5004,0,0,0,,,,,,
owner_miss_red_sar15,o_clk_buf_low,MATCH,5004,0,0,0,,,,,,
owner_miss_red_sar15,o_clk_2m,MATCH,5004,0,0,0,,,,,,
owner_miss_red_sar15,o_clk_iref_idac_low,MATCH,5004,0,0,0,,,,,,
owner_miss_red_sar15,o_clk_9q1_low,MATCH,5004,0,0,0,,,,,,
owner_miss_red_sar15,o_clk_15q1_low,MATCH,5004,0,0,0,,,,,,
owner_miss_red_sar15,o_clk_aferst_low,MATCH,5004,0,0,0,,,,,,
owner_miss_red_sar15,o_clk_iref_idac_sar9_low,MATCH,5004,0,0,0,,,,,,
owner_miss_red_sar15,o_clk_iref_idac_sar15_low,MATCH,5004,0,0,0,,,,,,
owner_miss_red_sar15,o_clk_q2_low,MATCH,5004,0,0,0,,,,,,
owner_miss_red_sar15,o_clk_q3_low,MATCH,5004,0,0,0,,,,,,
owner_miss_red_sar15,o_clk_tiaen_low,MATCH,5004,0,0,0,,,,,,
owner_miss_red_sar15,o_en_15sar_low,V18-F03,5004,0,4979,4979,0,0,0,1,0,4999
owner_miss_red_sar15,o_en_sar9_amb_low,MATCH,5004,0,0,0,,,,,,
owner_miss_red_sar15,o_en_sar9_dc_low,MATCH,5004,0,0,0,,,,,,
owner_miss_red_sar15,o_en_sar9_iref,MATCH,5004,0,0,0,,,,,,
owner_miss_red_sar15,o_en_sar15_amb_low,MATCH,5004,0,0,0,,,,,,
owner_miss_red_sar15,o_en_sar15_dc_low,MATCH,5004,0,0,0,,,,,,
owner_miss_red_sar15,o_en_sar15_iref,MATCH,5004,0,0,0,,,,,,
owner_miss_red_sar15,o_idac_sar9ambn_low,MATCH,5004,0,0,0,,,,,,
owner_miss_red_sar15,o_idac_sar9dcn_low,MATCH,5004,0,0,0,,,,,,
owner_miss_red_sar15,o_idac_sar15ambn_low,MATCH,5004,0,0,0,,,,,,
owner_miss_red_sar15,o_idac_sar15dcn_low,MATCH,5004,0,0,0,,,,,,
owner_miss_red_sar15,o_s_in,MATCH,5004,0,0,0,,,,,,
owner_miss_ir_sar15,o_en_tia_low,MATCH,5004,0,0,0,,,,,,
owner_miss_ir_sar15,o_leddac,MATCH,5004,0,0,0,,,,,,
owner_miss_ir_sar15,o_leden1_low,V18-F02,5004,0,1,1,295,295,295,0,1,295
owner_miss_ir_sar15,o_leden2_low,MATCH,5004,0,0,0,,,,,,
owner_miss_ir_sar15,o_en_test,MATCH,5004,0,0,0,,,,,,
owner_miss_ir_sar15,o_clk_buf_low,MATCH,5004,0,0,0,,,,,,
owner_miss_ir_sar15,o_clk_2m,MATCH,5004,0,0,0,,,,,,
owner_miss_ir_sar15,o_clk_iref_idac_low,MATCH,5004,0,0,0,,,,,,
owner_miss_ir_sar15,o_clk_9q1_low,MATCH,5004,0,0,0,,,,,,
owner_miss_ir_sar15,o_clk_15q1_low,MATCH,5004,0,0,0,,,,,,
owner_miss_ir_sar15,o_clk_aferst_low,MATCH,5004,0,0,0,,,,,,
owner_miss_ir_sar15,o_clk_iref_idac_sar9_low,MATCH,5004,0,0,0,,,,,,
owner_miss_ir_sar15,o_clk_iref_idac_sar15_low,MATCH,5004,0,0,0,,,,,,
owner_miss_ir_sar15,o_clk_q2_low,MATCH,5004,0,0,0,,,,,,
owner_miss_ir_sar15,o_clk_q3_low,MATCH,5004,0,0,0,,,,,,
owner_miss_ir_sar15,o_clk_tiaen_low,MATCH,5004,0,0,0,,,,,,
owner_miss_ir_sar15,o_en_15sar_low,V18-F03,5004,0,4979,4979,0,0,0,1,0,4999
owner_miss_ir_sar15,o_en_sar9_amb_low,MATCH,5004,0,0,0,,,,,,
owner_miss_ir_sar15,o_en_sar9_dc_low,MATCH,5004,0,0,0,,,,,,
owner_miss_ir_sar15,o_en_sar9_iref,MATCH,5004,0,0,0,,,,,,
owner_miss_ir_sar15,o_en_sar15_amb_low,MATCH,5004,0,0,0,,,,,,
owner_miss_ir_sar15,o_en_sar15_dc_low,MATCH,5004,0,0,0,,,,,,
owner_miss_ir_sar15,o_en_sar15_iref,MATCH,5004,0,0,0,,,,,,
owner_miss_ir_sar15,o_idac_sar9ambn_low,MATCH,5004,0,0,0,,,,,,
owner_miss_ir_sar15,o_idac_sar9dcn_low,MATCH,5004,0,0,0,,,,,,
owner_miss_ir_sar15,o_idac_sar15ambn_low,MATCH,5004,0,0,0,,,,,,
owner_miss_ir_sar15,o_idac_sar15dcn_low,MATCH,5004,0,0,0,,,,,,
owner_miss_ir_sar15,o_s_in,MATCH,5004,0,0,0,,,,,,
known_sar15_deadline_red_275,o_en_tia_low,KNOWN-SAR15-DEADLINE,5004,0,10,10,266,266,266,1,0,275
known_sar15_deadline_red_275,o_leddac,MATCH,5004,0,0,0,,,,,,
known_sar15_deadline_red_275,o_leden1_low,V18-F02,5004,0,1,1,295,295,295,0,1,295
known_sar15_deadline_red_275,o_leden2_low,MATCH,5004,0,0,0,,,,,,
known_sar15_deadline_red_275,o_en_test,MATCH,5004,0,0,0,,,,,,
known_sar15_deadline_red_275,o_clk_buf_low,MATCH,5004,0,0,0,,,,,,
known_sar15_deadline_red_275,o_clk_2m,MATCH,5004,0,0,0,,,,,,
known_sar15_deadline_red_275,o_clk_iref_idac_low,MATCH,5004,0,0,0,,,,,,
known_sar15_deadline_red_275,o_clk_9q1_low,MATCH,5004,0,0,0,,,,,,
known_sar15_deadline_red_275,o_clk_15q1_low,MATCH,5004,0,0,0,,,,,,
known_sar15_deadline_red_275,o_clk_aferst_low,KNOWN-SAR15-DEADLINE,5004,0,10,10,266,266,266,1,0,275
known_sar15_deadline_red_275,o_clk_iref_idac_sar9_low,MATCH,5004,0,0,0,,,,,,
known_sar15_deadline_red_275,o_clk_iref_idac_sar15_low,MATCH,5004,0,0,0,,,,,,
known_sar15_deadline_red_275,o_clk_q2_low,MATCH,5004,0,0,0,,,,,,
known_sar15_deadline_red_275,o_clk_q3_low,MATCH,5004,0,0,0,,,,,,
known_sar15_deadline_red_275,o_clk_tiaen_low,KNOWN-SAR15-DEADLINE,5004,0,10,10,266,266,266,1,0,275
known_sar15_deadline_red_275,o_en_15sar_low,V18-F03,5004,0,4979,4979,0,0,0,1,0,4999
known_sar15_deadline_red_275,o_en_sar9_amb_low,MATCH,5004,0,0,0,,,,,,
known_sar15_deadline_red_275,o_en_sar9_dc_low,MATCH,5004,0,0,0,,,,,,
known_sar15_deadline_red_275,o_en_sar9_iref,MATCH,5004,0,0,0,,,,,,
known_sar15_deadline_red_275,o_en_sar15_amb_low,MATCH,5004,0,0,0,,,,,,
known_sar15_deadline_red_275,o_en_sar15_dc_low,MATCH,5004,0,0,0,,,,,,
known_sar15_deadline_red_275,o_en_sar15_iref,MATCH,5004,0,0,0,,,,,,
known_sar15_deadline_red_275,o_idac_sar9ambn_low,MATCH,5004,0,0,0,,,,,,
known_sar15_deadline_red_275,o_idac_sar9dcn_low,MATCH,5004,0,0,0,,,,,,
known_sar15_deadline_red_275,o_idac_sar15ambn_low,MATCH,5004,0,0,0,,,,,,
known_sar15_deadline_red_275,o_idac_sar15dcn_low,MATCH,5004,0,0,0,,,,,,
known_sar15_deadline_red_275,o_s_in,MATCH,5004,0,0,0,,,,,,
known_sar15_deadline_ir_435,o_en_tia_low,KNOWN-SAR15-DEADLINE,5004,0,10,10,426,426,426,1,0,435
known_sar15_deadline_ir_435,o_leddac,MATCH,5004,0,0,0,,,,,,
known_sar15_deadline_ir_435,o_leden1_low,MATCH,5004,0,0,0,,,,,,
known_sar15_deadline_ir_435,o_leden2_low,V18-F02,5004,0,1,1,455,455,455,0,1,455
known_sar15_deadline_ir_435,o_en_test,MATCH,5004,0,0,0,,,,,,
known_sar15_deadline_ir_435,o_clk_buf_low,MATCH,5004,0,0,0,,,,,,
known_sar15_deadline_ir_435,o_clk_2m,MATCH,5004,0,0,0,,,,,,
known_sar15_deadline_ir_435,o_clk_iref_idac_low,MATCH,5004,0,0,0,,,,,,
known_sar15_deadline_ir_435,o_clk_9q1_low,MATCH,5004,0,0,0,,,,,,
known_sar15_deadline_ir_435,o_clk_15q1_low,MATCH,5004,0,0,0,,,,,,
known_sar15_deadline_ir_435,o_clk_aferst_low,KNOWN-SAR15-DEADLINE,5004,0,10,10,426,426,426,1,0,435
known_sar15_deadline_ir_435,o_clk_iref_idac_sar9_low,MATCH,5004,0,0,0,,,,,,
known_sar15_deadline_ir_435,o_clk_iref_idac_sar15_low,MATCH,5004,0,0,0,,,,,,
known_sar15_deadline_ir_435,o_clk_q2_low,MATCH,5004,0,0,0,,,,,,
known_sar15_deadline_ir_435,o_clk_q3_low,MATCH,5004,0,0,0,,,,,,
known_sar15_deadline_ir_435,o_clk_tiaen_low,KNOWN-SAR15-DEADLINE,5004,0,10,10,426,426,426,1,0,435
known_sar15_deadline_ir_435,o_en_15sar_low,V18-F03,5004,0,4979,4979,0,0,0,1,0,4999
known_sar15_deadline_ir_435,o_en_sar9_amb_low,MATCH,5004,0,0,0,,,,,,
known_sar15_deadline_ir_435,o_en_sar9_dc_low,MATCH,5004,0,0,0,,,,,,
known_sar15_deadline_ir_435,o_en_sar9_iref,MATCH,5004,0,0,0,,,,,,
known_sar15_deadline_ir_435,o_en_sar15_amb_low,MATCH,5004,0,0,0,,,,,,
known_sar15_deadline_ir_435,o_en_sar15_dc_low,MATCH,5004,0,0,0,,,,,,
known_sar15_deadline_ir_435,o_en_sar15_iref,MATCH,5004,0,0,0,,,,,,
known_sar15_deadline_ir_435,o_idac_sar9ambn_low,MATCH,5004,0,0,0,,,,,,
known_sar15_deadline_ir_435,o_idac_sar9dcn_low,MATCH,5004,0,0,0,,,,,,
known_sar15_deadline_ir_435,o_idac_sar15ambn_low,MATCH,5004,0,0,0,,,,,,
known_sar15_deadline_ir_435,o_idac_sar15dcn_low,MATCH,5004,0,0,0,,,,,,
known_sar15_deadline_ir_435,o_s_in,MATCH,5004,0,0,0,,,,,,
