#-----------------------------------------------------------
# xsim v2022.2 (64-bit)
# SW Build 3671981 on Fri Oct 14 05:00:03 MDT 2022
# IP Build 3669848 on Fri Oct 14 08:30:02 MDT 2022
# Start of session at: Fri Oct  9 15:46:29 2026
# Process ID: 10092
# Current directory: D:/PPG/runs_7a8eabf/unit_runs/tb_ppg_dynamic_baseline_cross_detector
# Command line: xsim.exe -log xsim.log -mode tcl -source {xsim.dir/snap_tb_ppg_dynamic_baseline_cross_detector/xsim_script.tcl}
# Log file: D:/PPG/runs_7a8eabf/unit_runs/tb_ppg_dynamic_baseline_cross_detector/xsim.log
# Journal file: D:/PPG/runs_7a8eabf/unit_runs/tb_ppg_dynamic_baseline_cross_detector\xsim.jou
# Running On: DESKTOP-VU9H4FF, OS: Windows, CPU Frequency: 2904 MHz, CPU Physical cores: 6, Host memory: 16920 MB
#-----------------------------------------------------------
source xsim.dir/snap_tb_ppg_dynamic_baseline_cross_detector/xsim_script.tcl
# xsim {snap_tb_ppg_dynamic_baseline_cross_detector} -autoloadwcfg -runall
Time resolution is 1 ps
run -all
EQV 0 00000000000000000000000000000000000000000000000000000000000
EQV 1 00000000000000000000000000000000000000000000000000000000000
PASS  BSL-01
EQV 2 0000000000000000000000000000000000007fff8000000000000000040
EQV 3 2800000000000000000000000000000000007fff8000000000000000040
EQV 4 0000000000000000000000000000000000007fff8000000000000000040
EQV 5 1000000000000000000000000000000000007fff8000000000000000040
PASS  BSL-02
EQV 6 2800000000000000000000000000000000017fff8000000000000000000
PASS  BSL-03
PASS  BSL-04
EQV 7 2800000000000000000000000000000000017fff8000000000000000000
EQV 8 2800000000000000000000000000000000017fff8000000000000000000
EQV 9 2800000000000000000000000000000000017fff8000000000000000000
EQV 10 2800000000000000000000000000000000017fff8000000000000000000
EQV 11 2800000000000000000000000000000000017fff8000000000000000000
EQV 12 2800000000000000000000000000000000017fff8000000000000000000
EQV 13 2800000000000000000000000000000000017fff8000000000000000000
PASS  BSL-05
EQV 14 2c01bc309c020407fffe0000000007ba00017fff8000000000000000000
EQV 15 28000000000000000000000000000000000000000000000000000000000
EQV 16 28000000000000000000000000000000000000000000000000000000000
EQV 17 28000000000000000000000000000000000000000000000000000000000
EQV 18 0000000000000000000000000000000000007fff8000000000000000040
EQV 19 2800000000000000000000000000000000007fff8000000000000000040
EQV 20 0000000000000000000000000000000000007fff8000000000000000040
EQV 21 1000000000000000000000000000000000007fff8000000000000000040
EQV 22 2800000000000000000000000000000000017fff8000000000000000000
EQV 23 2800000000000000000000000000000000017fff8000000000000000000
EQV 24 2800000000000000000000000000000000017fff8000000000000000000
EQV 25 2800000000000000000000000000000000017fff8000000000000000000
EQV 26 2800000000000000000000000000000000017fff8000000000000000000
EQV 27 2800000000000000000000000000000000017fff8000000000000000000
EQV 28 2800000000000000000000000000000000017fff8000000000000000000
EQV 29 2800000000000000000000000000000000017fff8000000000000000000
EQV 30 2800000000000000000000000000000000017fff8000000000000000000
EQV 31 2800000000000000000000000000000000017fff8000000000000000000
PASS  BSL-06
EQV 32 2800000000000000000000000000000000017fff8000000000000000000
EQV 33 28000000000000000000000000000000000000000000000000000000000
EQV 34 28000000000000000000000000000000000000000000000000000000000
EQV 35 28000000000000000000000000000000000000000000000000000000000
EQV 36 0000000000000000000000000000000000007fff8000000000000000040
EQV 37 2800000000000000000000000000000000007fff8000000000000000040
EQV 38 0000000000000000000000000000000000007fff8000000000000000040
EQV 39 1000000000000000000000000000000000007fff8000000000000000040
EQV 40 2800000000000000000000000000000000017fff8000000000000000000
EQV 41 2800000000000000000000000000000000017fff8000000000000000000
EQV 42 2800000000000000000000000000000000017fff8000000000000000000
EQV 43 2800000000000000000000000000000000017fff8000000000000000000
EQV 44 2800000000000000000000000000000000017fff8000000000000000000
EQV 45 2800000000000000000000000000000000017fff8000000000000000000
EQV 46 2800000000000000000000000000000000017fff8000000000000000000
EQV 47 2800000000000000000000000000000000017fff8000000000000000000
EQV 48 2c01bc309c020407fffe0000000007ba00017fff8000000000000000000
EQV 49 2c01bc309c020407fffe0000000007ba00017fff8000000000000000000
EQV 50 2c01bc309c020407fffe0000000007ba00017fff8000000000000000000
PASS  BSL-07
EQV 51 2c01bc309c020407fffe0000000007ba00017fff8000000000000000000
EQV 52 2801bc309c020407fffe0000000007ba00017fff8000000000000000000
EQV 53 28000000000000000000000000000000000000000000000000000000000
EQV 54 28000000000000000000000000000000000000000000000000000000000
EQV 55 28000000000000000000000000000000000000000000000000000000000
EQV 56 0000000000000000000000000000000000007fff8000000000000000040
EQV 57 2800000000000000000000000000000000007fff8000000000000000040
EQV 58 0000000000000000000000000000000000007fff8000000000000000040
EQV 59 1000000000000000000000000000000000007fff8000000000000000040
EQV 60 2800000000000000000000000000000000017fff8000000000000000000
EQV 61 2800000000000000000000000000000000017fff8000000000000000000
EQV 62 2800000000000000000000000000000000017fff8000000000000000000
EQV 63 2800000000000000000000000000000000017fff8000000000000000000
EQV 64 2800000000000000000000000000000000017fff8000000000000000000
EQV 65 2800000000000000000000000000000000017fff8000000000000000000
EQV 66 2800000000000000000000000000000000017fff8000000000000000000
EQV 67 2800000000000000000000000000000000017fff8000000000000000000
EQV 68 2c060034e0020407fffe00000000059800017fff8000000000000000000
EQV 69 28060034e0020407fffe00000000059800017fff8000000000000000000
EQV 70 28060034e0020407fffe00000000059800017fff8000000000000000000
EQV 71 28060034e0020407fffe00000000059800017fff8000000000000000000
EQV 72 00060034e0020407fffe00000000059800017fff8000000000000000000
EQV 73 00060034e0020407fffe00000000059800017fff8000000000000000000
EQV 74 00060034e0020407fffe00000000059800017fff8000000000000000000
EQV 75 00060034e0020407fffe00000000059800017fff8000000000000000000
EQV 76 00060034e0020407fffe00000000059800017fff8000000000000000000
EQV 77 00060034e0020407fffe00000000059800017fff8000000000000000000
EQV 78 00060034e0020407fffe00000000059800017fff8000000000000000000
EQV 79 00060034e0020407fffe00000000059800017fff8000000000000000000
EQV 80 00060034e0020407fffe00000000059800017fff8000000000000000000
EQV 81 00060034e0020407fffe00000000059800017fff8000000000000000000
EQV 82 00060034e0020407fffe00000000059800017fff8000000000000000000
EQV 83 00060034e0020407fffe00000000059800017fff8000000000000000000
EQV 84 00060034e0020407fffe00000000059800017fff8000000000000000000
EQV 85 00060034e0020407fffe00000000059800017fff8000000000000000000
EQV 86 00060034e0020407fffe00000000059800017fff8000000000000000000
EQV 87 00060034e0020407fffe00000000059800017fff8000000000000000000
EQV 88 00060034e0020407fffe00000000059800017fff8000000000000000000
EQV 89 00060034e0020407fffe00000000059800017fff8000000000000000000
EQV 90 00060034e0020407fffe00000000059800017fff8000000000000000000
EQV 91 00060034e0020407fffe00000000059800017fff8000000000000000000
EQV 92 00060034e0020407fffe00000000059800017fff8000000000000000000
EQV 93 00060034e0020407fffe00000000059800017fff8000000000000000000
EQV 94 00060034e0020407fffe00000000059800017fff8000000000000000000
EQV 95 00060034e0020407fffe00000000059800017fff8000000000000000000
EQV 96 00060034e0020407fffe00000000059800017fff8000000000000000000
EQV 97 00060034e0020407fffe00000000059800017fff8000000000000000000
EQV 98 00060034e0020407fffe00000000059800017fff8000000000000000000
EQV 99 00060034e0020407fffe00000000059800017fff8000000000000000000
EQV 100 00060034e0020407fffe00000000059800017fff8000000000000000000
EQV 101 00060034e0020407fffe00000000059800017fff8000000000000000000
EQV 102 00060034e0020407fffe00000000059800017fff8000000000000000000
EQV 103 00060034e0020407fffe00000000059800017fff8000000000000000000
EQV 104 00060034e0020407fffe00000000059800017fff8000000000000000000
EQV 105 00060034e0020407fffe00000000059800017fff8000000000000000000
EQV 106 00060034e0020407fffe00000000059800017fff8000000000000000000
EQV 107 00060034e0020407fffe00000000059800017fff8000000000000000000
EQV 108 00060034e0020407fffe00000000059800017fff8000000000000000000
EQV 109 00060034e0020407fffe00000000059800017fff8000000000000000000
EQV 110 00060034e0020407fffe00000000059800017fff8000000000000000000
EQV 111 00060034e0020407fffe00000000059800017fff8000000000000000000
EQV 112 00060034e0020407fffe00000000059800017fff8000000000000000000
EQV 113 00060034e0020407fffe00000000059800017fff8000000000000000000
EQV 114 00060034e0020407fffe00000000059800017fff8000000000000000000
EQV 115 00060034e0020407fffe00000000059800017fff8000000000000000000
EQV 116 00060034e0020407fffe00000000059800017fff8000000000000000000
EQV 117 00060034e0020407fffe00000000059800017fff8000000000000000000
EQV 118 00060034e0020407fffe00000000059800017fff8000000000000000000
EQV 119 00060034e0020407fffe00000000059800017fff8000000000000000000
EQV 120 00060034e0020407fffe00000000059800017fff8000000000000000000
EQV 121 00060034e0020407fffe00000000059800017fff8000000000000000000
EQV 122 00060034e0020407fffe00000000059800017fff8000000000000000000
EQV 123 10060034e0020407fffe00000000059800017fff8000000000000000000
PASS  BSL-08
PASS  BSL-11
PASS  BSL-13
EQV 124 28060034e0020407fffe0000000005980001ffff85557fffaaa98008000
EQV 125 28000000000000000000000000000000000000000000000000000000000
EQV 126 28000000000000000000000000000000000000000000000000000000000
EQV 127 28000000000000000000000000000000000000000000000000000000000
EQV 128 0000000000000000000000000000000000007fff8000000000000000040
EQV 129 2800000000000000000000000000000000007fff8000000000000000040
EQV 130 0000000000000000000000000000000000007fff8000000000000000040
EQV 131 1000000000000000000000000000000000007fff8000000000000000040
EQV 132 2800000000000000000000000000000000017fff8000000000000000000
EQV 133 2800000000000000000000000000000000017fff8000000000000000000
EQV 134 2800000000000000000000000000000000017fff8000000000000000000
EQV 135 2800000000000000000000000000000000017fff8000000000000000000
EQV 136 2800000000000000000000000000000000017fff8000000000000000000
EQV 137 2800000000000000000000000000000000017fff8000000000000000000
EQV 138 2800000000000000000000000000000000017fff8000000000000000000
EQV 139 2800000000000000000000000000000000017fff8000000000000000000
EQV 140 2c05f434d4020407fffe00000000059e00017fff8000000000000000000
EQV 141 2805f434d4020407fffe00000000059e00017fff8000000000000000000
EQV 142 2805f434d4020407fffe00000000059e00017fff8000000000000000000
EQV 143 2805f434d4020407fffe00000000059e00017fff8000000000000000000
EQV 144 0005f434d4020407fffe00000000059e00017fff8000000000000000000
EQV 145 0005f434d4020407fffe00000000059e00017fff8000000000000000000
EQV 146 0005f434d4020407fffe00000000059e00017fff8000000000000000000
EQV 147 0005f434d4020407fffe00000000059e00017fff8000000000000000000
EQV 148 0005f434d4020407fffe00000000059e00017fff8000000000000000000
EQV 149 0005f434d4020407fffe00000000059e00017fff8000000000000000000
EQV 150 0005f434d4020407fffe00000000059e00017fff8000000000000000000
EQV 151 0005f434d4020407fffe00000000059e00017fff8000000000000000000
EQV 152 0005f434d4020407fffe00000000059e00017fff8000000000000000000
EQV 153 0005f434d4020407fffe00000000059e00017fff8000000000000000000
EQV 154 0005f434d4020407fffe00000000059e00017fff8000000000000000000
EQV 155 0005f434d4020407fffe00000000059e00017fff8000000000000000000
EQV 156 0005f434d4020407fffe00000000059e00017fff8000000000000000000
EQV 157 0005f434d4020407fffe00000000059e00017fff8000000000000000000
EQV 158 0005f434d4020407fffe00000000059e00017fff8000000000000000000
EQV 159 0005f434d4020407fffe00000000059e00017fff8000000000000000000
EQV 160 0005f434d4020407fffe00000000059e00017fff8000000000000000000
EQV 161 0005f434d4020407fffe00000000059e00017fff8000000000000000000
EQV 162 0005f434d4020407fffe00000000059e00017fff8000000000000000000
EQV 163 0005f434d4020407fffe00000000059e00017fff8000000000000000000
EQV 164 0005f434d4020407fffe00000000059e00017fff8000000000000000000
EQV 165 0005f434d4020407fffe00000000059e00017fff8000000000000000000
EQV 166 0005f434d4020407fffe00000000059e00017fff8000000000000000000
EQV 167 0005f434d4020407fffe00000000059e00017fff8000000000000000000
EQV 168 0005f434d4020407fffe00000000059e00017fff8000000000000000000
EQV 169 0005f434d4020407fffe00000000059e00017fff8000000000000000000
EQV 170 0005f434d4020407fffe00000000059e00017fff8000000000000000000
EQV 171 0005f434d4020407fffe00000000059e00017fff8000000000000000000
EQV 172 0005f434d4020407fffe00000000059e00017fff8000000000000000000
EQV 173 0005f434d4020407fffe00000000059e00017fff8000000000000000000
EQV 174 0005f434d4020407fffe00000000059e00017fff8000000000000000000
EQV 175 0005f434d4020407fffe00000000059e00017fff8000000000000000000
EQV 176 0005f434d4020407fffe00000000059e00017fff8000000000000000000
EQV 177 0005f434d4020407fffe00000000059e00017fff8000000000000000000
EQV 178 0005f434d4020407fffe00000000059e00017fff8000000000000000000
EQV 179 0005f434d4020407fffe00000000059e00017fff8000000000000000000
EQV 180 0005f434d4020407fffe00000000059e00017fff8000000000000000000
EQV 181 0005f434d4020407fffe00000000059e00017fff8000000000000000000
EQV 182 0005f434d4020407fffe00000000059e00017fff8000000000000000000
EQV 183 0005f434d4020407fffe00000000059e00017fff8000000000000000000
EQV 184 0005f434d4020407fffe00000000059e00017fff8000000000000000000
EQV 185 0005f434d4020407fffe00000000059e00017fff8000000000000000000
EQV 186 0005f434d4020407fffe00000000059e00017fff8000000000000000000
EQV 187 0005f434d4020407fffe00000000059e00017fff8000000000000000000
EQV 188 0005f434d4020407fffe00000000059e00017fff8000000000000000000
EQV 189 0005f434d4020407fffe00000000059e00017fff8000000000000000000
EQV 190 0005f434d4020407fffe00000000059e00017fff8000000000000000000
EQV 191 0005f434d4020407fffe00000000059e00017fff8000000000000000000
EQV 192 0005f434d4020407fffe00000000059e00017fff8000000000000000000
EQV 193 0005f434d4020407fffe00000000059e00017fff8000000000000000000
EQV 194 0005f434d4020407fffe00000000059e00017fff8000000000000000000
EQV 195 1005f434d4020407fffe00000000059e00017fff8000000000000000000
PASS  BSL-09
PASS  BSL-12
EQV 196 2805f434d4020407fffe00000000059e0001ffff8aaaffffaaa98009800
EQV 197 28000000000000000000000000000000000000000000000000000000000
EQV 198 28000000000000000000000000000000000000000000000000000000000
EQV 199 28000000000000000000000000000000000000000000000000000000000
EQV 200 0000000000000000000000000000000000007fff8000000000000000040
EQV 201 2800000000000000000000000000000000007fff8000000000000000040
EQV 202 0000000000000000000000000000000000007fff8000000000000000040
EQV 203 1000000000000000000000000000000000007fff8000000000000000040
EQV 204 2800000000000000000000000000000000017fff8000000000000000000
EQV 205 2800000000000000000000000000000000017fff8000000000000000000
EQV 206 2800000000000000000000000000000000017fff8000000000000000000
EQV 207 2800000000000000000000000000000000017fff8000000000000000000
EQV 208 2800000000000000000000000000000000017fff8000000000000000000
EQV 209 2800000000000000000000000000000000017fff8000000000000000000
EQV 210 2800000000000000000000000000000000017fff8000000000000000000
EQV 211 2800000000000000000000000000000000017fff8000000000000000000
EQV 212 2c05f034d0020407fffe0000000005a000017fff8000000000000000000
EQV 213 2805f034d0020407fffe0000000005a000017fff8000000000000000000
EQV 214 2805f034d0020407fffe0000000005a000017fff8000000000000000000
EQV 215 2805f034d0020407fffe0000000005a000017fff8000000000000000000
EQV 216 0005f034d0020407fffe0000000005a000017fff8000000000000000000
EQV 217 0005f034d0020407fffe0000000005a000017fff8000000000000000000
EQV 218 0005f034d0020407fffe0000000005a000017fff8000000000000000000
EQV 219 0005f034d0020407fffe0000000005a000017fff8000000000000000000
EQV 220 0005f034d0020407fffe0000000005a000017fff8000000000000000000
EQV 221 0005f034d0020407fffe0000000005a000017fff8000000000000000000
EQV 222 0005f034d0020407fffe0000000005a000017fff8000000000000000000
EQV 223 0005f034d0020407fffe0000000005a000017fff8000000000000000000
EQV 224 0005f034d0020407fffe0000000005a000017fff8000000000000000000
EQV 225 0005f034d0020407fffe0000000005a000017fff8000000000000000000
EQV 226 0005f034d0020407fffe0000000005a000017fff8000000000000000000
EQV 227 0005f034d0020407fffe0000000005a000017fff8000000000000000000
EQV 228 0005f034d0020407fffe0000000005a000017fff8000000000000000000
EQV 229 0005f034d0020407fffe0000000005a000017fff8000000000000000000
EQV 230 0005f034d0020407fffe0000000005a000017fff8000000000000000000
EQV 231 0005f034d0020407fffe0000000005a000017fff8000000000000000000
EQV 232 0005f034d0020407fffe0000000005a000017fff8000000000000000000
EQV 233 0005f034d0020407fffe0000000005a000017fff8000000000000000000
EQV 234 0005f034d0020407fffe0000000005a000017fff8000000000000000000
EQV 235 0005f034d0020407fffe0000000005a000017fff8000000000000000000
EQV 236 0005f034d0020407fffe0000000005a000017fff8000000000000000000
EQV 237 0005f034d0020407fffe0000000005a000017fff8000000000000000000
EQV 238 0005f034d0020407fffe0000000005a000017fff8000000000000000000
EQV 239 0005f034d0020407fffe0000000005a000017fff8000000000000000000
EQV 240 0005f034d0020407fffe0000000005a000017fff8000000000000000000
EQV 241 0005f034d0020407fffe0000000005a000017fff8000000000000000000
EQV 242 0005f034d0020407fffe0000000005a000017fff8000000000000000000
EQV 243 0005f034d0020407fffe0000000005a000017fff8000000000000000000
EQV 244 0005f034d0020407fffe0000000005a000017fff8000000000000000000
EQV 245 0005f034d0020407fffe0000000005a000017fff8000000000000000000
EQV 246 0005f034d0020407fffe0000000005a000017fff8000000000000000000
EQV 247 0005f034d0020407fffe0000000005a000017fff8000000000000000000
EQV 248 0005f034d0020407fffe0000000005a000017fff8000000000000000000
EQV 249 0005f034d0020407fffe0000000005a000017fff8000000000000000000
EQV 250 0005f034d0020407fffe0000000005a000017fff8000000000000000000
EQV 251 0005f034d0020407fffe0000000005a000017fff8000000000000000000
EQV 252 0005f034d0020407fffe0000000005a000017fff8000000000000000000
EQV 253 0005f034d0020407fffe0000000005a000017fff8000000000000000000
EQV 254 0005f034d0020407fffe0000000005a000017fff8000000000000000000
EQV 255 0005f034d0020407fffe0000000005a000017fff8000000000000000000
EQV 256 0005f034d0020407fffe0000000005a000017fff8000000000000000000
EQV 257 0005f034d0020407fffe0000000005a000017fff8000000000000000000
EQV 258 0005f034d0020407fffe0000000005a000017fff8000000000000000000
EQV 259 0005f034d0020407fffe0000000005a000017fff8000000000000000000
EQV 260 0005f034d0020407fffe0000000005a000017fff8000000000000000000
EQV 261 0005f034d0020407fffe0000000005a000017fff8000000000000000000
EQV 262 0005f034d0020407fffe0000000005a000017fff8000000000000000000
EQV 263 0005f034d0020407fffe0000000005a000017fff8000000000000000000
EQV 264 0005f034d0020407fffe0000000005a000017fff8000000000000000000
EQV 265 0005f034d0020407fffe0000000005a000017fff8000000000000000000
EQV 266 0005f034d0020407fffe0000000005a000017fff8000000000000000000
EQV 267 1005f034d0020407fffe0000000005a000017fff8000000000000000000
PASS  BSL-10
EQV 268 2805f034d0020407fffe0000000005a00001ffff90007fffaaa9800a000
EQV 269 28000000000000000000000000000000000000000000000000000000000
EQV 270 28000000000000000000000000000000000000000000000000000000000
EQV 271 28000000000000000000000000000000000000000000000000000000000
EQV 272 0000000000000000000000000000000000007fff8000000000000000040
EQV 273 2800000000000000000000000000000000007fff8000000000000000040
EQV 274 0000000000000000000000000000000000007fff8000000000000000040
EQV 275 1000000000000000000000000000000000007fff8000000000000000040
EQV 276 2800000000000000000000000000000000017fff8000000000000000000
EQV 277 2800000000000000000000000000000000017fff8000000000000000000
EQV 278 2800000000000000000000000000000000017fff8000000000000000000
EQV 279 2800000000000000000000000000000000017fff8000000000000000000
EQV 280 2800000000000000000000000000000000017fff8000000000000000000
EQV 281 2800000000000000000000000000000000017fff8000000000000000000
EQV 282 2800000000000000000000000000000000017fff8000000000000000000
EQV 283 2800000000000000000000000000000000017fff8000000000000000000
EQV 284 2c061834f8020407fffe00000000058c00017fff8000000000000000000
EQV 285 28061834f8020407fffe00000000058c00017fff8000000000000000000
EQV 286 28061834f8020407fffe00000000058c00017fff8000000000000000000
EQV 287 28061834f8020407fffe00000000058c00017fff8000000000000000000
EQV 288 00061834f8020407fffe00000000058c00017fff8000000000000000000
EQV 289 00061834f8020407fffe00000000058c00017fff8000000000000000000
EQV 290 00061834f8020407fffe00000000058c00017fff8000000000000000000
EQV 291 00061834f8020407fffe00000000058c00017fff8000000000000000000
EQV 292 00061834f8020407fffe00000000058c00017fff8000000000000000000
EQV 293 00061834f8020407fffe00000000058c00017fff8000000000000000000
EQV 294 00061834f8020407fffe00000000058c00017fff8000000000000000000
EQV 295 00061834f8020407fffe00000000058c00017fff8000000000000000000
EQV 296 00061834f8020407fffe00000000058c00017fff8000000000000000000
EQV 297 00061834f8020407fffe00000000058c00017fff8000000000000000000
EQV 298 00061834f8020407fffe00000000058c00017fff8000000000000000000
EQV 299 00061834f8020407fffe00000000058c00017fff8000000000000000000
EQV 300 00061834f8020407fffe00000000058c00017fff8000000000000000000
EQV 301 00061834f8020407fffe00000000058c00017fff8000000000000000000
EQV 302 00061834f8020407fffe00000000058c00017fff8000000000000000000
EQV 303 00061834f8020407fffe00000000058c00017fff8000000000000000000
EQV 304 00061834f8020407fffe00000000058c00017fff8000000000000000000
EQV 305 00061834f8020407fffe00000000058c00017fff8000000000000000000
EQV 306 00061834f8020407fffe00000000058c00017fff8000000000000000000
EQV 307 00061834f8020407fffe00000000058c00017fff8000000000000000000
EQV 308 00061834f8020407fffe00000000058c00017fff8000000000000000000
EQV 309 00061834f8020407fffe00000000058c00017fff8000000000000000000
EQV 310 00061834f8020407fffe00000000058c00017fff8000000000000000000
EQV 311 00061834f8020407fffe00000000058c00017fff8000000000000000000
EQV 312 00061834f8020407fffe00000000058c00017fff8000000000000000000
EQV 313 00061834f8020407fffe00000000058c00017fff8000000000000000000
EQV 314 00061834f8020407fffe00000000058c00017fff8000000000000000000
EQV 315 00061834f8020407fffe00000000058c00017fff8000000000000000000
EQV 316 00061834f8020407fffe00000000058c00017fff8000000000000000000
EQV 317 00061834f8020407fffe00000000058c00017fff8000000000000000000
EQV 318 00061834f8020407fffe00000000058c00017fff8000000000000000000
EQV 319 00061834f8020407fffe00000000058c00017fff8000000000000000000
EQV 320 00061834f8020407fffe00000000058c00017fff8000000000000000000
EQV 321 00061834f8020407fffe00000000058c00017fff8000000000000000000
EQV 322 00061834f8020407fffe00000000058c00017fff8000000000000000000
EQV 323 00061834f8020407fffe00000000058c00017fff8000000000000000000
EQV 324 00061834f8020407fffe00000000058c00017fff8000000000000000000
EQV 325 00061834f8020407fffe00000000058c00017fff8000000000000000000
EQV 326 00061834f8020407fffe00000000058c00017fff8000000000000000000
EQV 327 00061834f8020407fffe00000000058c00017fff8000000000000000000
EQV 328 00061834f8020407fffe00000000058c00017fff8000000000000000000
EQV 329 00061834f8020407fffe00000000058c00017fff8000000000000000000
EQV 330 00061834f8020407fffe00000000058c00017fff8000000000000000000
EQV 331 00061834f8020407fffe00000000058c00017fff8000000000000000000
EQV 332 00061834f8020407fffe00000000058c00017fff8000000000000000000
EQV 333 00061834f8020407fffe00000000058c00017fff8000000000000000000
EQV 334 00061834f8020407fffe00000000058c00017fff8000000000000000000
EQV 335 00061834f8020407fffe00000000058c00017fff8000000000000000000
EQV 336 00061834f8020407fffe00000000058c00017fff8000000000000000000
EQV 337 00061834f8020407fffe00000000058c00017fff8000000000000000000
EQV 338 00061834f8020407fffe00000000058c00017fff8000000000000000000
EQV 339 10061834f8020407fffe00000000058c00017fff8000000000000000000
PASS  BSL-14
EQV 340 28061834f8020407fffe00000000058c0001ffff77487fffaaa98005020
EQV 341 28000000000000000000000000000000000000000000000000000000000
EQV 342 28000000000000000000000000000000000000000000000000000000000
EQV 343 28000000000000000000000000000000000000000000000000000000000
EQV 344 0000000000000000000000000000000000007fff8000000000000000040
EQV 345 2800000000000000000000000000000000007fff8000000000000000040
EQV 346 0000000000000000000000000000000000007fff8000000000000000040
EQV 347 1000000000000000000000000000000000007fff8000000000000000040
EQV 348 2800000000000000000000000000000000017fff8000000000000000000
EQV 349 2800000000000000000000000000000000017fff8000000000000000000
EQV 350 2800000000000000000000000000000000017fff8000000000000000000
EQV 351 2800000000000000000000000000000000017fff8000000000000000000
EQV 352 0000000000000000000000000000000000017fff8000000000000000000
EQV 353 0000000000000000000000000000000000017fff8000000000000000000
EQV 354 0000000000000000000000000000000000017fff8000000000000000000
EQV 355 0000000000000000000000000000000000017fff8000000000000000000
EQV 356 0000000000000000000000000000000000017fff8000000000000000000
EQV 357 0000000000000000000000000000000000017fff8000000000000000000
EQV 358 0000000000000000000000000000000000017fff8000000000000000000
EQV 359 0000000000000000000000000000000000017fff8000000000000000000
EQV 360 0000000000000000000000000000000000017fff8000000000000000000
EQV 361 0000000000000000000000000000000000017fff8000000000000000000
EQV 362 0000000000000000000000000000000000017fff8000000000000000000
EQV 363 0000000000000000000000000000000000017fff8000000000000000000
EQV 364 0000000000000000000000000000000000017fff8000000000000000000
EQV 365 0000000000000000000000000000000000017fff8000000000000000000
EQV 366 0000000000000000000000000000000000017fff8000000000000000000
EQV 367 0000000000000000000000000000000000017fff8000000000000000000
EQV 368 0000000000000000000000000000000000017fff8000000000000000000
EQV 369 0000000000000000000000000000000000017fff8000000000000000000
EQV 370 0000000000000000000000000000000000017fff8000000000000000000
EQV 371 0000000000000000000000000000000000017fff8000000000000000000
EQV 372 0000000000000000000000000000000000017fff8000000000000000000
EQV 373 0000000000000000000000000000000000017fff8000000000000000000
EQV 374 0000000000000000000000000000000000017fff8000000000000000000
EQV 375 0000000000000000000000000000000000017fff8000000000000000000
EQV 376 0000000000000000000000000000000000017fff8000000000000000000
EQV 377 0000000000000000000000000000000000017fff8000000000000000000
EQV 378 0000000000000000000000000000000000017fff8000000000000000000
EQV 379 0000000000000000000000000000000000017fff8000000000000000000
EQV 380 0000000000000000000000000000000000017fff8000000000000000000
EQV 381 0000000000000000000000000000000000017fff8000000000000000000
EQV 382 0000000000000000000000000000000000017fff8000000000000000000
EQV 383 0000000000000000000000000000000000017fff8000000000000000000
EQV 384 0000000000000000000000000000000000017fff8000000000000000000
EQV 385 0000000000000000000000000000000000017fff8000000000000000000
EQV 386 0000000000000000000000000000000000017fff8000000000000000000
EQV 387 0000000000000000000000000000000000017fff8000000000000000000
EQV 388 0000000000000000000000000000000000017fff8000000000000000000
EQV 389 0000000000000000000000000000000000017fff8000000000000000000
EQV 390 0000000000000000000000000000000000017fff8000000000000000000
EQV 391 0000000000000000000000000000000000017fff8000000000000000000
EQV 392 0000000000000000000000000000000000017fff8000000000000000000
EQV 393 0000000000000000000000000000000000017fff8000000000000000000
EQV 394 0000000000000000000000000000000000017fff8000000000000000000
EQV 395 0000000000000000000000000000000000017fff8000000000000000000
EQV 396 0000000000000000000000000000000000017fff8000000000000000000
EQV 397 0000000000000000000000000000000000017fff8000000000000000000
EQV 398 0000000000000000000000000000000000017fff8000000000000000000
EQV 399 0000000000000000000000000000000000017fff8000000000000000000
EQV 400 0000000000000000000000000000000000017fff8000000000000000000
EQV 401 0000000000000000000000000000000000017fff8000000000000000000
EQV 402 0000000000000000000000000000000000017fff8000000000000000000
EQV 403 1000000000000000000000000000000000017fff8000000000000000000
PASS  BSL-15
EQV 404 280000000000000000000000000000000001ffff85557fffaaa98000080
EQV 405 280000000000000000000000000000000001ffff85557fffaaa98000080
EQV 406 280000000000000000000000000000000001ffff85557fffaaa98000080
EQV 407 280000000000000000000000000000000001ffff85557fffaaa98000080
EQV 408 000000000000000000000000000000000001ffff85557fffaaa98000080
EQV 409 100000000000000000000000000000000001ffff85557fffaaa98000080
PASS  BSL-16
EQV 410 2800000000000000000000000000000000007fff80007fffaaa98000040
EQV 411 28000000000000000000000000000000000000000000000000000000000
EQV 412 28000000000000000000000000000000000000000000000000000000000
EQV 413 28000000000000000000000000000000000000000000000000000000000
EQV 414 0000000000000000000000000000000000007fff8000000000000000040
EQV 415 2800000000000000000000000000000000007fff8000000000000000040
EQV 416 0000000000000000000000000000000000007fff8000000000000000040
EQV 417 1000000000000000000000000000000000007fff8000000000000000040
EQV 418 2800000000000000000000000000000000017fff8000000000000000000
EQV 419 2800000000000000000000000000000000017fff8000000000000000000
EQV 420 2800000000000000000000000000000000017fff8000000000000000000
PASS  BSL-17
EQV 421 2800000000000000000000000000000000017fff8000000000000000000
EQV 422 28000000000000000000000000000000000000000000000000000000000
EQV 423 28000000000000000000000000000000000000000000000000000000000
EQV 424 28000000000000000000000000000000000000000000000000000000000
EQV 425 0000000000000000000000000000000000007fff8000000000000000040
EQV 426 2800000000000000000000000000000000007fff8000000000000000040
EQV 427 0000000000000000000000000000000000007fff8000000000000000040
EQV 428 1000000000000000000000000000000000007fff8000000000000000040
EQV 429 2800000000000000000000000000000000017fff8000000000000000000
EQV 430 2800000000000000000000000000000000017fff8000000000000000000
EQV 431 2800000000000000000000000000000000017fff8000000000000000000
EQV 432 2800000000000000000000000000000000017fff8000000000000000000
EQV 433 2800000000000000000000000000000000017fff8000000000000000000
EQV 434 2800000000000000000000000000000000017fff8000000000000000000
PASS  BSL-18
EQV 435 2800000000000000000000000000000000017fff8000000000000000000
EQV 436 28000000000000000000000000000000000000000000000000000000000
EQV 437 28000000000000000000000000000000000000000000000000000000000
EQV 438 28000000000000000000000000000000000000000000000000000000000
EQV 439 0000000000000000000000000000000000007fff8000000000000000040
EQV 440 2800000000000000000000000000000000007fff8000000000000000040
EQV 441 0000000000000000000000000000000000007fff8000000000000000040
EQV 442 1000000000000000000000000000000000007fff8000000000000000040
EQV 443 2800000000000000000000000000000000017fff8000000000000000000
EQV 444 2800000000000000000000000000000000017fff8000000000000000000
EQV 445 2800000000000000000000000000000000017fff8000000000000000000
EQV 446 2800000000000000000000000000000000017fff8000000000000000000
EQV 447 2800000000000000000000000000000000017fff8000000000000000000
EQV 448 2800000000000000000000000000000000017fff8000000000000000000
EQV 449 0000000000000000000000000000000000017fff8000000000000000000
PASS  BSL-19
EQV 450 2800000000000000000000000000000000017fff8000000000000000000
PASS  BSL-20
EQV 451 2800000000000000000000000000000000017fff8000000000000000000
PASS  BSL-21
EQV 452 2800000000000000000000000000000000017fff8000000000000000000
EQV 453 28000000000000000000000000000000000000000000000000000000000
EQV 454 28000000000000000000000000000000000000000000000000000000000
EQV 455 28000000000000000000000000000000000000000000000000000000000
EQV 456 0000000000000000000000000000000000007fff8000000000000000040
EQV 457 2800000000000000000000000000000000007fff8000000000000000040
EQV 458 0000000000000000000000000000000000007fff8000000000000000040
EQV 459 1000000000000000000000000000000000007fff8000000000000000040
EQV 460 2800000000000000000000000000000000017fff8000000000000000000
EQV 461 2800000000000000000000000000000000017fff8000000000000000000
EQV 462 0000000000000000000000000000000000017fff8000000000000000000
EQV 463 2800000000000000000000000000000000017fff8000000000000000000
EQV 464 2800000000000000000000000000000000017fff8000000000000000000
PASS  BSL-22
EQV 465 2c01e030c2020407fffe0000000007a800017fff8000000000000000000
EQV 466 28000000000000000000000000000000000000000000000000000000000
EQV 467 28000000000000000000000000000000000000000000000000000000000
EQV 468 28000000000000000000000000000000000000000000000000000000000
EQV 469 0000000000000000000000000000000000007fff8000000000000000040
EQV 470 2800000000000000000000000000000000007fff8000000000000000040
EQV 471 0000000000000000000000000000000000007fff8000000000000000040
EQV 472 1000000000000000000000000000000000007fff8000000000000000040
EQV 473 2800000000000000000000000000000000017fff8000000000000000000
EQV 474 2800000000000000000000000000000000017fff8000000000000000000
PASS  BSL-23
EQV 475 2800000000000000000000000000000000007fff8000000000000000040
EQV 476 28000000000000000000000000000000000000000000000000000000000
EQV 477 28000000000000000000000000000000000000000000000000000000000
EQV 478 28000000000000000000000000000000000000000000000000000000000
EQV 479 0000000000000000000000000000000000007fff8000000000000000040
EQV 480 2800000000000000000000000000000000007fff8000000000000000040
EQV 481 0000000000000000000000000000000000007fff8000000000000000040
EQV 482 1000000000000000000000000000000000007fff8000000000000000040
EQV 483 2800000000000000000000000000000000017fff8000000000000000000
EQV 484 2800000000000000000000000000000000017fff8000000000000000000
EQV 485 2800000000000000000000000000000000017fff8000000000000000000
EQV 486 2800000000000000000000000000000000017fff8000000000000000000
EQV 487 2800000000000000000000000000000000017fff8000000000000000000
EQV 488 2800000000000000000000000000000000017fff8000000000000000000
PASS  BSL-24
EQV 489 2800000000000000000000000000000000017fff8000000000000000000
EQV 490 28000000000000000000000000000000000000000000000000000000000
EQV 491 28000000000000000000000000000000000000000000000000000000000
EQV 492 28000000000000000000000000000000000000000000000000000000000
EQV 493 0000000000000000000000000000000000007fff8000000000000000040
EQV 494 2800000000000000000000000000000000007fff8000000000000000040
EQV 495 0000000000000000000000000000000000007fff8000000000000000040
EQV 496 1000000000000000000000000000000000007fff8000000000000000040
EQV 497 2800000000000000000000000000000000017fff8000000000000000000
EQV 498 2800000000000000000000000000000000017fff8000000000000000000
EQV 499 2800000000000000000000000000000000017fff8000000000000000000
EQV 500 2800000000000000000000000000000000017fff8000000000000000000
PASS  BSL-25
EQV 501 2800000000000000000000000000000000017fff8000000000000000002
EQV 502 28000000000000000000000000000000000000000000000000000000000
EQV 503 28000000000000000000000000000000000000000000000000000000000
EQV 504 28000000000000000000000000000000000000000000000000000000000
EQV 505 0000000000000000000000000000000000007fff8000000000000000040
EQV 506 2800000000000000000000000000000000007fff8000000000000000040
EQV 507 0000000000000000000000000000000000007fff8000000000000000040
EQV 508 1000000000000000000000000000000000007fff8000000000000000040
EQV 509 2800000000000000000000000000000000017fff8000000000000000000
EQV 510 2800000000000000000000000000000000017fff8000000000000000000
EQV 511 2800000000000000000000000000000000017fff8000000000000000000
EQV 512 2800000000000000000000000000000000017fff8000000000000000000
EQV 513 2800000000000000000000000000000000017fff8000000000000000000
EQV 514 2800000000000000000000000000000000017fff8000000000000000000
EQV 515 2800000000000000000000000000000000017fff8000000000000000000
EQV 516 2800000000000000000000000000000000017fff8000000000000000000
EQV 517 2c060834e8020407fffe00000000059400017fff8000000000000000000
EQV 518 2c060834e8020407fffe00000000059400017fff8000000000000000000
EQV 519 2c060834e8020407fffe00000000059400017fff8000000000000000000
EQV 520 2c060834e8020407fffe00000000059400017fff8000000000000000000
EQV 521 04060834e8020407fffe00000000059400017fff8000000000000000000
EQV 522 14060834e8020407fffe00000000059400017fff8000000000000000000
PASS  BSL-26
EQV 523 2c060834e8020407fffe00000000059400017fff8000000000000000000
EQV 524 28000000000000000000000000000000000000000000000000000000000
EQV 525 28000000000000000000000000000000000000000000000000000000000
EQV 526 28000000000000000000000000000000000000000000000000000000000
EQV 527 0000000000000000000000000000000000007fff8000000000000000002
EQV 528 2800000000000000000000000000000000007fff8000000000000000002
EQV 529 0000000000000000000000000000000000007fff8000000000000000002
EQV 530 1000000000000000000000000000000000007fff8000000000000000002
PASS  BSL-27
EQV 531 2800000000000000000000000000000000007fff8000000000000000002
EQV 532 28000000000000000000000000000000000000000000000000000000000
EQV 533 28000000000000000000000000000000000000000000000000000000000
EQV 534 28000000000000000000000000000000000000000000000000000000000
EQV 535 0000000000000000000000000000000000007fff8000000000000000040
EQV 536 2800000000000000000000000000000000007fff8000000000000000040
EQV 537 0000000000000000000000000000000000007fff8000000000000000040
EQV 538 1000000000000000000000000000000000007fff8000000000000000040
EQV 539 2800000000000000000000000000000000017fff8000000000000000000
EQV 540 2800000000000000000000000000000000017fff8000000000000000000
EQV 541 2800000000000000000000000000000000017fff8000000000000000000
EQV 542 2800000000000000000000000000000000017fff8000000000000000000
EQV 543 2800000000000000000000000000000000017fff8000000000000000000
EQV 544 2800000000000000000000000000000000017fff8000000000000000000
EQV 545 2800000000000000000000000000000000017fff8000000000000000000
EQV 546 2800000000000000000000000000000000017fff8000000000000000000
EQV 547 2c01bc309c020407fffe0000000007ba00017fff8000000000000000000
EQV 548 2c01bc309c020407fffe0000000007ba00017fff8000000000000000000
PASS  BSL-28
EQV 549 00000000000000000000000000000000000000000000000000000000000
EQV 550 28000000000000000000000000000000000000000000000000000000000
EQV 551 28000000000000000000000000000000000000000000000000000000000
EQV 552 28000000000000000000000000000000000000000000000000000000000
EQV 553 0000000000000000000000000000000000007fff8000000000000000040
EQV 554 2800000000000000000000000000000000007fff8000000000000000040
EQV 555 0000000000000000000000000000000000007fff8000000000000000040
EQV 556 1000000000000000000000000000000000007fff8000000000000000040
EQV 557 2800000000000000000000000000000000017fff8000000000000000001
EQV 558 2800000000000000000000000000000000017fff8000000000000000001
EQV 559 2800000000000000000000000000000000017fff8000000000000000001
EQV 560 2800000000000000000000000000000000017fff8000000000000000001
EQV 561 2800000000000000000000000000000000017fff8000000000000000001
EQV 562 2800000000000000000000000000000000017fff8000000000000000001
EQV 563 2800000000000000000000000000000000017fff8000000000000000001
EQV 564 2800000000000000000000000000000000017fff8000000000000000001
PASS  BSL-29
EQV 565 2800000000000000000000000000000000017fff8000000000000000001
EQV 566 28000000000000000000000000000000000000000000000000000000001
EQV 567 28000000000000000000000000000000000000000000000000000000001
EQV 568 28000000000000000000000000000000000000000000000000000000001
EQV 569 0000000000000000000000000000000000007fff8000000000000000041
EQV 570 2800000000000000000000000000000000007fff8000000000000000041
EQV 571 0000000000000000000000000000000000007fff8000000000000000041
EQV 572 1000000000000000000000000000000000007fff8000000000000000041
EQV 573 2800000000000000000000000000000000017fff8000000000000000000
EQV 574 2800000000000000000000000000000000017fff8000000000000000000
EQV 575 2800000000000000000000000000000000017fff8000000000000000000
EQV 576 2800000000000000000000000000000000017fff8000000000000000000
EQV 577 2800000000000000000000000000000000017fff8000000000000000000
EQV 578 2800000000000000000000000000000000017fff8000000000000000000
EQV 579 2800000000000000000000000000000000017fff8000000000000000001
EQV 580 2800000000000000000000000000000000017fff8000000000000000001
PASS  BSL-30
EQV 581 2800000000000000000000000000000000017fff8000000000000000000
EQV 582 2800000000000000000000000000000000017fff8000000000000000000
EQV 583 2800000000000000000000000000000000017fff8000000000000000000
EQV 584 2800000000000000000000000000000000017fff8000000000000000000
EQV 585 2800000000000000000000000000000000017fff8000000000000000000
EQV 586 2800000000000000000000000000000000017fff8000000000000000000
EQV 587 2800000000000000000000000000000000017fff8000000000000000000
EQV 588 2800000000000000000000000000000000017fff8000000000000000000
EQV 589 2800000000000000000000000000000000017fff8000000000000000000
EQV 590 2800000000000000000000000000000000017fff8000000000000000000
PASS  BSL-31
EQV 591 2c01cc30ac020407fffe0000000007b200017fff8000000000000000000
EQV 592 28000000000000000000000000000000000000000000000000000000000
EQV 593 28000000000000000000000000000000000000000000000000000000000
EQV 594 28000000000000000000000000000000000000000000000000000000000
EQV 595 0000000000000000000000000000000000007fff8000000000000000040
EQV 596 2800000000000000000000000000000000007fff8000000000000000040
EQV 597 0000000000000000000000000000000000007fff8000000000000000040
EQV 598 1000000000000000000000000000000000007fff8000000000000000040
EQV 599 2800000000000000000000000000000000017fff8000000000000000000
EQV 600 2800000000000000000000000000000000017fff8000000000000000000
EQV 601 0000000000000000000000000000000000017fff8000000000000000000
EQV 602 2800000000000000000000000000000000017fff8000000000000000001
EQV 603 2800000000000000000000000000000000017fff8000000000000000001
EQV 604 2800000000000000000000000000000000017fff8000000000000000000
EQV 605 2800000000000000000000000000000000017fff8000000000000000000
PASS  BSL-32
EQV 606 2c01e430c6020407fffe0000000007a600017fff8000000000000000000
EQV 607 28000000000000000000000000000000000000000000000000000000000
EQV 608 28000000000000000000000000000000000000000000000000000000000
EQV 609 00000000000000000000000000000000000000000000000000000000000
EQV 610 0000000000000000000000000000000000007fff8000000000000000040
EQV 611 2800000000000000000000000000000000007fff8000000000000000040
EQV 612 0000000000000000000000000000000000007fff8000000000000000040
EQV 613 1000000000000000000000000000000000007fff8000000000000000040
EQV 614 2800000000000000000000000000000000017fff8000000000000000000
EQV 615 2800000000000000000000000000000000017fff8000000000000000000
EQV 616 2800000000000000000000000000000000017fff8000000000000000000
EQV 617 2800000000000000000000000000000000017fff8000000000000000000
EQV 618 0000000000000000000000000000000000017fff8000000000000000000
EQV 619 0000000000000000000000000000000000017fff8000000000000000000
EQV 620 0000000000000000000000000000000000017fff8000000000000000000
EQV 621 0000000000000000000000000000000000017fff8000000000000000000
EQV 622 0000000000000000000000000000000000017fff8000000000000000000
EQV 623 0000000000000000000000000000000000017fff8000000000000000000
EQV 624 0000000000000000000000000000000000017fff8000000000000000000
EQV 625 0000000000000000000000000000000000017fff8000000000000000000
EQV 626 0000000000000000000000000000000000017fff8000000000000000000
EQV 627 0000000000000000000000000000000000017fff8000000000000000000
EQV 628 0000000000000000000000000000000000017fff8000000000000000000
EQV 629 0000000000000000000000000000000000017fff8000000000000000000
EQV 630 0000000000000000000000000000000000017fff8000000000000000000
EQV 631 0000000000000000000000000000000000017fff8000000000000000000
EQV 632 0000000000000000000000000000000000017fff8000000000000000000
EQV 633 0000000000000000000000000000000000017fff8000000000000000000
EQV 634 0000000000000000000000000000000000017fff8000000000000000000
EQV 635 0000000000000000000000000000000000017fff8000000000000000000
EQV 636 0000000000000000000000000000000000017fff8000000000000000000
EQV 637 0000000000000000000000000000000000017fff8000000000000000000
EQV 638 0000000000000000000000000000000000017fff8000000000000000000
EQV 639 0000000000000000000000000000000000017fff8000000000000000000
EQV 640 0000000000000000000000000000000000017fff8000000000000000000
EQV 641 0000000000000000000000000000000000017fff8000000000000000000
EQV 642 0000000000000000000000000000000000017fff8000000000000000000
EQV 643 0000000000000000000000000000000000017fff8000000000000000000
EQV 644 0000000000000000000000000000000000017fff8000000000000000000
EQV 645 0000000000000000000000000000000000017fff8000000000000000000
EQV 646 0000000000000000000000000000000000017fff8000000000000000000
EQV 647 0000000000000000000000000000000000017fff8000000000000000000
EQV 648 0000000000000000000000000000000000017fff8000000000000000000
EQV 649 0000000000000000000000000000000000017fff8000000000000000000
EQV 650 0000000000000000000000000000000000017fff8000000000000000000
EQV 651 0000000000000000000000000000000000017fff8000000000000000000
EQV 652 0000000000000000000000000000000000017fff8000000000000000000
EQV 653 0000000000000000000000000000000000017fff8000000000000000000
EQV 654 0000000000000000000000000000000000017fff8000000000000000000
EQV 655 0000000000000000000000000000000000017fff8000000000000000000
EQV 656 0000000000000000000000000000000000017fff8000000000000000000
EQV 657 0000000000000000000000000000000000017fff8000000000000000000
EQV 658 0000000000000000000000000000000000017fff8000000000000000000
EQV 659 0000000000000000000000000000000000017fff8000000000000000000
EQV 660 0000000000000000000000000000000000017fff8000000000000000000
EQV 661 0000000000000000000000000000000000017fff8000000000000000000
EQV 662 0000000000000000000000000000000000017fff8000000000000000000
EQV 663 0000000000000000000000000000000000017fff8000000000000000000
EQV 664 0000000000000000000000000000000000017fff8000000000000000000
EQV 665 0000000000000000000000000000000000017fff8000000000000000000
EQV 666 0000000000000000000000000000000000017fff8000000000000000000
EQV 667 0000000000000000000000000000000000017fff8000000000000000000
EQV 668 0000000000000000000000000000000000017fff8000000000000000000
EQV 669 1000000000000000000000000000000000017fff8000000000000000000
EQV 670 280000000000000000000000000000000001ffff85557fffaaa98000080
PASS  BSL-33
EQV 671 0000000000000000000000000000000000007fff8555000000000000040
EQV 672 28000000000000000000000000000000000000000000000000000000000
EQV 673 28000000000000000000000000000000000000000000000000000000000
EQV 674 00000000000000000000000000000000000000000000000000000000000
EQV 675 0000000000000000000000000000000000007fff8000000000000000040
EQV 676 2800000000000000000000000000000000007fff8000000000000000040
EQV 677 0000000000000000000000000000000000007fff8000000000000000040
EQV 678 1000000000000000000000000000000000007fff8000000000000000040
EQV 679 2800000000000000000000000000000000017fff8000000000000000000
PASS  BSL-34
EQV 680 2800000000000000000000000000000000017fff8000000000000000000
EQV 681 28000000000000000000000000000000000000000000000000000000000
EQV 682 28000000000000000000000000000000000000000000000000000000000
EQV 683 00000000000000000000000000000000000000000000000000000000000
EQV 684 0000000000000000000000000000000000007fff8000000000000000040
EQV 685 2800000000000000000000000000000000007fff8000000000000000040
EQV 686 0000000000000000000000000000000000007fff8000000000000000040
EQV 687 1000000000000000000000000000000000007fff8000000000000000040
EQV 688 2800000000000000000000000000000000017fff8000000000000000000
EQV 689 2800000000000000000000000000000000017fff8000000000000000000
EQV 690 2800000000000000000000000000000000017fff8000000000000000000
EQV 691 2800000000000000000000000000000000017fff8000000000000000000
EQV 692 2800000000000000000000000000000000017fff8000000000000000000
EQV 693 2800000000000000000000000000000000017fff8000000000000000000
EQV 694 2800000000000000000000000000000000017fff8000000000000000000
EQV 695 2800000000000000000000000000000000017fff8000000000000000000
EQV 696 2c01bc309c020407fffe0000000007ba00017fff8000000000000000000
EQV 697 0000000000000000000000000000000000007fff8000000000000000040
EQV 698 2800000000000000000000000000000000007fff8000000000000000040
PASS  BSL-35
EQV 699 2800000000000000000000000000000000007fff8000000000000000040
EQV 700 28000000000000000000000000000000000000000000000000000000000
EQV 701 28000000000000000000000000000000000000000000000000000000000
EQV 702 00000000000000000000000000000000000000000000000000000000000
EQV 703 0000000000000000000000000000000000007fff8000000000000000040
EQV 704 2800000000000000000000000000000000007fff8000000000000000040
EQV 705 0000000000000000000000000000000000007fff8000000000000000040
EQV 706 1000000000000000000000000000000000007fff8000000000000000040
EQV 707 2800000000000000000000000000000000017fff8000000000000000000
EQV 708 2800000000000000000000000000000000017fff8000000000000000000
EQV 709 2800000000000000000000000000000000017fff8000000000000000000
EQV 710 2800000000000000000000000000000000017fff8000000000000000000
EQV 711 0000000000000000000000000000000000017fff8000000000000000000
EQV 712 0000000000000000000000000000000000007fff8000000000000000040
EQV 713 28000000000000000000000000000000000000000000000000000000000
EQV 714 28000000000000000000000000000000000000000000000000000000000
EQV 715 00000000000000000000000000000000000000000000000000000000000
EQV 716 0000000000000000000000000000000000007fff8000000000000000040
EQV 717 2800000000000000000000000000000000007fff8000000000000000040
EQV 718 0000000000000000000000000000000000007fff8000000000000000040
EQV 719 1000000000000000000000000000000000007fff8000000000000000040
EQV 720 2800000000000000000000000000000000017fff8000000000000000000
EQV 721 2800000000000000000000000000000000017fff8000000000000000000
EQV 722 2800000000000000000000000000000000017fff8000000000000000000
EQV 723 2800000000000000000000000000000000017fff8000000000000000000
EQV 724 0000000000000000000000000000000000017fff8000000000000000000
EQV 725 0000000000000000000000000000000000017fff8000000000000000000
EQV 726 0000000000000000000000000000000000007fff8000000000000000040
EQV 727 28000000000000000000000000000000000000000000000000000000000
EQV 728 28000000000000000000000000000000000000000000000000000000000
EQV 729 00000000000000000000000000000000000000000000000000000000000
EQV 730 0000000000000000000000000000000000007fff8000000000000000040
EQV 731 2800000000000000000000000000000000007fff8000000000000000040
EQV 732 0000000000000000000000000000000000007fff8000000000000000040
EQV 733 1000000000000000000000000000000000007fff8000000000000000040
EQV 734 2800000000000000000000000000000000017fff8000000000000000000
EQV 735 2800000000000000000000000000000000017fff8000000000000000000
EQV 736 2800000000000000000000000000000000017fff8000000000000000000
EQV 737 2800000000000000000000000000000000017fff8000000000000000000
EQV 738 0000000000000000000000000000000000017fff8000000000000000000
EQV 739 0000000000000000000000000000000000017fff8000000000000000000
EQV 740 0000000000000000000000000000000000017fff8000000000000000000
EQV 741 0000000000000000000000000000000000007fff8000000000000000040
EQV 742 28000000000000000000000000000000000000000000000000000000000
EQV 743 28000000000000000000000000000000000000000000000000000000000
EQV 744 00000000000000000000000000000000000000000000000000000000000
EQV 745 0000000000000000000000000000000000007fff8000000000000000040
EQV 746 2800000000000000000000000000000000007fff8000000000000000040
EQV 747 0000000000000000000000000000000000007fff8000000000000000040
EQV 748 1000000000000000000000000000000000007fff8000000000000000040
EQV 749 2800000000000000000000000000000000017fff8000000000000000000
EQV 750 2800000000000000000000000000000000017fff8000000000000000000
EQV 751 2800000000000000000000000000000000017fff8000000000000000000
EQV 752 2800000000000000000000000000000000017fff8000000000000000000
EQV 753 0000000000000000000000000000000000017fff8000000000000000000
EQV 754 0000000000000000000000000000000000017fff8000000000000000000
EQV 755 0000000000000000000000000000000000017fff8000000000000000000
EQV 756 0000000000000000000000000000000000017fff8000000000000000000
EQV 757 0000000000000000000000000000000000007fff8000000000000000040
EQV 758 28000000000000000000000000000000000000000000000000000000000
EQV 759 28000000000000000000000000000000000000000000000000000000000
EQV 760 00000000000000000000000000000000000000000000000000000000000
EQV 761 0000000000000000000000000000000000007fff8000000000000000040
EQV 762 2800000000000000000000000000000000007fff8000000000000000040
EQV 763 0000000000000000000000000000000000007fff8000000000000000040
EQV 764 1000000000000000000000000000000000007fff8000000000000000040
EQV 765 2800000000000000000000000000000000017fff8000000000000000000
EQV 766 2800000000000000000000000000000000017fff8000000000000000000
EQV 767 2800000000000000000000000000000000017fff8000000000000000000
EQV 768 2800000000000000000000000000000000017fff8000000000000000000
EQV 769 0000000000000000000000000000000000017fff8000000000000000000
EQV 770 0000000000000000000000000000000000017fff8000000000000000000
EQV 771 0000000000000000000000000000000000017fff8000000000000000000
EQV 772 0000000000000000000000000000000000017fff8000000000000000000
EQV 773 0000000000000000000000000000000000017fff8000000000000000000
EQV 774 0000000000000000000000000000000000017fff8000000000000000000
EQV 775 0000000000000000000000000000000000017fff8000000000000000000
EQV 776 0000000000000000000000000000000000017fff8000000000000000000
EQV 777 0000000000000000000000000000000000017fff8000000000000000000
EQV 778 0000000000000000000000000000000000017fff8000000000000000000
EQV 779 0000000000000000000000000000000000017fff8000000000000000000
EQV 780 0000000000000000000000000000000000017fff8000000000000000000
EQV 781 0000000000000000000000000000000000017fff8000000000000000000
EQV 782 0000000000000000000000000000000000017fff8000000000000000000
EQV 783 0000000000000000000000000000000000017fff8000000000000000000
EQV 784 0000000000000000000000000000000000017fff8000000000000000000
EQV 785 0000000000000000000000000000000000017fff8000000000000000000
EQV 786 0000000000000000000000000000000000017fff8000000000000000000
EQV 787 0000000000000000000000000000000000017fff8000000000000000000
EQV 788 0000000000000000000000000000000000017fff8000000000000000000
EQV 789 0000000000000000000000000000000000017fff8000000000000000000
EQV 790 0000000000000000000000000000000000017fff8000000000000000000
EQV 791 0000000000000000000000000000000000017fff8000000000000000000
EQV 792 0000000000000000000000000000000000017fff8000000000000000000
EQV 793 0000000000000000000000000000000000017fff8000000000000000000
EQV 794 0000000000000000000000000000000000017fff8000000000000000000
EQV 795 0000000000000000000000000000000000017fff8000000000000000000
EQV 796 0000000000000000000000000000000000017fff8000000000000000000
EQV 797 0000000000000000000000000000000000017fff8000000000000000000
EQV 798 0000000000000000000000000000000000017fff8000000000000000000
EQV 799 0000000000000000000000000000000000017fff8000000000000000000
EQV 800 0000000000000000000000000000000000017fff8000000000000000000
EQV 801 0000000000000000000000000000000000017fff8000000000000000000
EQV 802 0000000000000000000000000000000000017fff8000000000000000000
EQV 803 0000000000000000000000000000000000017fff8000000000000000000
EQV 804 0000000000000000000000000000000000017fff8000000000000000000
EQV 805 0000000000000000000000000000000000017fff8000000000000000000
EQV 806 0000000000000000000000000000000000017fff8000000000000000000
EQV 807 0000000000000000000000000000000000017fff8000000000000000000
EQV 808 0000000000000000000000000000000000017fff8000000000000000000
EQV 809 0000000000000000000000000000000000017fff8000000000000000000
EQV 810 0000000000000000000000000000000000017fff8000000000000000000
EQV 811 0000000000000000000000000000000000017fff8000000000000000000
EQV 812 0000000000000000000000000000000000017fff8000000000000000000
EQV 813 0000000000000000000000000000000000017fff8000000000000000000
EQV 814 0000000000000000000000000000000000017fff8000000000000000000
EQV 815 0000000000000000000000000000000000007fff8000000000000000040
EQV 816 28000000000000000000000000000000000000000000000000000000000
EQV 817 28000000000000000000000000000000000000000000000000000000000
EQV 818 00000000000000000000000000000000000000000000000000000000000
EQV 819 0000000000000000000000000000000000007fff8000000000000000040
EQV 820 2800000000000000000000000000000000007fff8000000000000000040
EQV 821 0000000000000000000000000000000000007fff8000000000000000040
EQV 822 1000000000000000000000000000000000007fff8000000000000000040
EQV 823 2800000000000000000000000000000000017fff8000000000000000000
EQV 824 2800000000000000000000000000000000017fff8000000000000000000
EQV 825 2800000000000000000000000000000000017fff8000000000000000000
EQV 826 2800000000000000000000000000000000017fff8000000000000000000
EQV 827 0000000000000000000000000000000000017fff8000000000000000000
EQV 828 0000000000000000000000000000000000017fff8000000000000000000
EQV 829 0000000000000000000000000000000000017fff8000000000000000000
EQV 830 0000000000000000000000000000000000017fff8000000000000000000
EQV 831 0000000000000000000000000000000000017fff8000000000000000000
EQV 832 0000000000000000000000000000000000017fff8000000000000000000
EQV 833 0000000000000000000000000000000000017fff8000000000000000000
EQV 834 0000000000000000000000000000000000017fff8000000000000000000
EQV 835 0000000000000000000000000000000000017fff8000000000000000000
EQV 836 0000000000000000000000000000000000017fff8000000000000000000
EQV 837 0000000000000000000000000000000000017fff8000000000000000000
EQV 838 0000000000000000000000000000000000017fff8000000000000000000
EQV 839 0000000000000000000000000000000000017fff8000000000000000000
EQV 840 0000000000000000000000000000000000017fff8000000000000000000
EQV 841 0000000000000000000000000000000000017fff8000000000000000000
EQV 842 0000000000000000000000000000000000017fff8000000000000000000
EQV 843 0000000000000000000000000000000000017fff8000000000000000000
EQV 844 0000000000000000000000000000000000017fff8000000000000000000
EQV 845 0000000000000000000000000000000000017fff8000000000000000000
EQV 846 0000000000000000000000000000000000017fff8000000000000000000
EQV 847 0000000000000000000000000000000000017fff8000000000000000000
EQV 848 0000000000000000000000000000000000017fff8000000000000000000
EQV 849 0000000000000000000000000000000000017fff8000000000000000000
EQV 850 0000000000000000000000000000000000017fff8000000000000000000
EQV 851 0000000000000000000000000000000000017fff8000000000000000000
EQV 852 0000000000000000000000000000000000017fff8000000000000000000
EQV 853 0000000000000000000000000000000000017fff8000000000000000000
EQV 854 0000000000000000000000000000000000017fff8000000000000000000
EQV 855 0000000000000000000000000000000000017fff8000000000000000000
EQV 856 0000000000000000000000000000000000017fff8000000000000000000
EQV 857 0000000000000000000000000000000000017fff8000000000000000000
EQV 858 0000000000000000000000000000000000017fff8000000000000000000
EQV 859 0000000000000000000000000000000000017fff8000000000000000000
EQV 860 0000000000000000000000000000000000017fff8000000000000000000
EQV 861 0000000000000000000000000000000000017fff8000000000000000000
EQV 862 0000000000000000000000000000000000017fff8000000000000000000
EQV 863 0000000000000000000000000000000000017fff8000000000000000000
EQV 864 0000000000000000000000000000000000017fff8000000000000000000
EQV 865 0000000000000000000000000000000000017fff8000000000000000000
EQV 866 0000000000000000000000000000000000017fff8000000000000000000
EQV 867 0000000000000000000000000000000000017fff8000000000000000000
EQV 868 0000000000000000000000000000000000017fff8000000000000000000
EQV 869 0000000000000000000000000000000000017fff8000000000000000000
EQV 870 0000000000000000000000000000000000017fff8000000000000000000
EQV 871 0000000000000000000000000000000000017fff8000000000000000000
EQV 872 0000000000000000000000000000000000017fff8000000000000000000
EQV 873 0000000000000000000000000000000000017fff8000000000000000000
EQV 874 0000000000000000000000000000000000007fff8000000000000000040
EQV 875 28000000000000000000000000000000000000000000000000000000000
EQV 876 28000000000000000000000000000000000000000000000000000000000
EQV 877 00000000000000000000000000000000000000000000000000000000000
EQV 878 0000000000000000000000000000000000007fff8000000000000000040
EQV 879 2800000000000000000000000000000000007fff8000000000000000040
EQV 880 0000000000000000000000000000000000007fff8000000000000000040
EQV 881 1000000000000000000000000000000000007fff8000000000000000040
EQV 882 2800000000000000000000000000000000017fff8000000000000000000
EQV 883 2800000000000000000000000000000000017fff8000000000000000000
EQV 884 2800000000000000000000000000000000017fff8000000000000000000
EQV 885 2800000000000000000000000000000000017fff8000000000000000000
EQV 886 0000000000000000000000000000000000017fff8000000000000000000
EQV 887 0000000000000000000000000000000000017fff8000000000000000000
EQV 888 0000000000000000000000000000000000017fff8000000000000000000
EQV 889 0000000000000000000000000000000000017fff8000000000000000000
EQV 890 0000000000000000000000000000000000017fff8000000000000000000
EQV 891 0000000000000000000000000000000000017fff8000000000000000000
EQV 892 0000000000000000000000000000000000017fff8000000000000000000
EQV 893 0000000000000000000000000000000000017fff8000000000000000000
EQV 894 0000000000000000000000000000000000017fff8000000000000000000
EQV 895 0000000000000000000000000000000000017fff8000000000000000000
EQV 896 0000000000000000000000000000000000017fff8000000000000000000
EQV 897 0000000000000000000000000000000000017fff8000000000000000000
EQV 898 0000000000000000000000000000000000017fff8000000000000000000
EQV 899 0000000000000000000000000000000000017fff8000000000000000000
EQV 900 0000000000000000000000000000000000017fff8000000000000000000
EQV 901 0000000000000000000000000000000000017fff8000000000000000000
EQV 902 0000000000000000000000000000000000017fff8000000000000000000
EQV 903 0000000000000000000000000000000000017fff8000000000000000000
EQV 904 0000000000000000000000000000000000017fff8000000000000000000
EQV 905 0000000000000000000000000000000000017fff8000000000000000000
EQV 906 0000000000000000000000000000000000017fff8000000000000000000
EQV 907 0000000000000000000000000000000000017fff8000000000000000000
EQV 908 0000000000000000000000000000000000017fff8000000000000000000
EQV 909 0000000000000000000000000000000000017fff8000000000000000000
EQV 910 0000000000000000000000000000000000017fff8000000000000000000
EQV 911 0000000000000000000000000000000000017fff8000000000000000000
EQV 912 0000000000000000000000000000000000017fff8000000000000000000
EQV 913 0000000000000000000000000000000000017fff8000000000000000000
EQV 914 0000000000000000000000000000000000017fff8000000000000000000
EQV 915 0000000000000000000000000000000000017fff8000000000000000000
EQV 916 0000000000000000000000000000000000017fff8000000000000000000
EQV 917 0000000000000000000000000000000000017fff8000000000000000000
EQV 918 0000000000000000000000000000000000017fff8000000000000000000
EQV 919 0000000000000000000000000000000000017fff8000000000000000000
EQV 920 0000000000000000000000000000000000017fff8000000000000000000
EQV 921 0000000000000000000000000000000000017fff8000000000000000000
EQV 922 0000000000000000000000000000000000017fff8000000000000000000
EQV 923 0000000000000000000000000000000000017fff8000000000000000000
EQV 924 0000000000000000000000000000000000017fff8000000000000000000
EQV 925 0000000000000000000000000000000000017fff8000000000000000000
EQV 926 0000000000000000000000000000000000017fff8000000000000000000
EQV 927 0000000000000000000000000000000000017fff8000000000000000000
EQV 928 0000000000000000000000000000000000017fff8000000000000000000
EQV 929 0000000000000000000000000000000000017fff8000000000000000000
EQV 930 0000000000000000000000000000000000017fff8000000000000000000
EQV 931 0000000000000000000000000000000000017fff8000000000000000000
EQV 932 0000000000000000000000000000000000017fff8000000000000000000
EQV 933 0000000000000000000000000000000000017fff8000000000000000000
EQV 934 0000000000000000000000000000000000007fff8000000000000000040
EQV 935 28000000000000000000000000000000000000000000000000000000000
EQV 936 28000000000000000000000000000000000000000000000000000000000
EQV 937 00000000000000000000000000000000000000000000000000000000000
EQV 938 0000000000000000000000000000000000007fff8000000000000000040
EQV 939 2800000000000000000000000000000000007fff8000000000000000040
EQV 940 0000000000000000000000000000000000007fff8000000000000000040
EQV 941 1000000000000000000000000000000000007fff8000000000000000040
EQV 942 2800000000000000000000000000000000017fff8000000000000000000
EQV 943 2800000000000000000000000000000000017fff8000000000000000000
EQV 944 2800000000000000000000000000000000017fff8000000000000000000
EQV 945 2800000000000000000000000000000000017fff8000000000000000000
EQV 946 0000000000000000000000000000000000017fff8000000000000000000
EQV 947 0000000000000000000000000000000000017fff8000000000000000000
EQV 948 0000000000000000000000000000000000017fff8000000000000000000
EQV 949 0000000000000000000000000000000000017fff8000000000000000000
EQV 950 0000000000000000000000000000000000017fff8000000000000000000
EQV 951 0000000000000000000000000000000000017fff8000000000000000000
EQV 952 0000000000000000000000000000000000017fff8000000000000000000
EQV 953 0000000000000000000000000000000000017fff8000000000000000000
EQV 954 0000000000000000000000000000000000017fff8000000000000000000
EQV 955 0000000000000000000000000000000000017fff8000000000000000000
EQV 956 0000000000000000000000000000000000017fff8000000000000000000
EQV 957 0000000000000000000000000000000000017fff8000000000000000000
EQV 958 0000000000000000000000000000000000017fff8000000000000000000
EQV 959 0000000000000000000000000000000000017fff8000000000000000000
EQV 960 0000000000000000000000000000000000017fff8000000000000000000
EQV 961 0000000000000000000000000000000000017fff8000000000000000000
EQV 962 0000000000000000000000000000000000017fff8000000000000000000
EQV 963 0000000000000000000000000000000000017fff8000000000000000000
EQV 964 0000000000000000000000000000000000017fff8000000000000000000
EQV 965 0000000000000000000000000000000000017fff8000000000000000000
EQV 966 0000000000000000000000000000000000017fff8000000000000000000
EQV 967 0000000000000000000000000000000000017fff8000000000000000000
EQV 968 0000000000000000000000000000000000017fff8000000000000000000
EQV 969 0000000000000000000000000000000000017fff8000000000000000000
EQV 970 0000000000000000000000000000000000017fff8000000000000000000
EQV 971 0000000000000000000000000000000000017fff8000000000000000000
EQV 972 0000000000000000000000000000000000017fff8000000000000000000
EQV 973 0000000000000000000000000000000000017fff8000000000000000000
EQV 974 0000000000000000000000000000000000017fff8000000000000000000
EQV 975 0000000000000000000000000000000000017fff8000000000000000000
EQV 976 0000000000000000000000000000000000017fff8000000000000000000
EQV 977 0000000000000000000000000000000000017fff8000000000000000000
EQV 978 0000000000000000000000000000000000017fff8000000000000000000
EQV 979 0000000000000000000000000000000000017fff8000000000000000000
EQV 980 0000000000000000000000000000000000017fff8000000000000000000
EQV 981 0000000000000000000000000000000000017fff8000000000000000000
EQV 982 0000000000000000000000000000000000017fff8000000000000000000
EQV 983 0000000000000000000000000000000000017fff8000000000000000000
EQV 984 0000000000000000000000000000000000017fff8000000000000000000
EQV 985 0000000000000000000000000000000000017fff8000000000000000000
EQV 986 0000000000000000000000000000000000017fff8000000000000000000
EQV 987 0000000000000000000000000000000000017fff8000000000000000000
EQV 988 0000000000000000000000000000000000017fff8000000000000000000
EQV 989 0000000000000000000000000000000000017fff8000000000000000000
EQV 990 0000000000000000000000000000000000017fff8000000000000000000
EQV 991 0000000000000000000000000000000000017fff8000000000000000000
EQV 992 0000000000000000000000000000000000017fff8000000000000000000
EQV 993 0000000000000000000000000000000000017fff8000000000000000000
EQV 994 0000000000000000000000000000000000017fff8000000000000000000
EQV 995 0000000000000000000000000000000000007fff8000000000000000040
EQV 996 28000000000000000000000000000000000000000000000000000000000
EQV 997 28000000000000000000000000000000000000000000000000000000000
EQV 998 00000000000000000000000000000000000000000000000000000000000
EQV 999 0000000000000000000000000000000000007fff8000000000000000040
EQV 1000 2800000000000000000000000000000000007fff8000000000000000040
EQV 1001 0000000000000000000000000000000000007fff8000000000000000040
EQV 1002 1000000000000000000000000000000000007fff8000000000000000040
EQV 1003 2800000000000000000000000000000000017fff8000000000000000000
EQV 1004 2800000000000000000000000000000000017fff8000000000000000000
EQV 1005 2800000000000000000000000000000000017fff8000000000000000000
EQV 1006 2800000000000000000000000000000000017fff8000000000000000000
EQV 1007 0000000000000000000000000000000000017fff8000000000000000000
EQV 1008 0000000000000000000000000000000000017fff8000000000000000000
EQV 1009 0000000000000000000000000000000000017fff8000000000000000000
EQV 1010 0000000000000000000000000000000000017fff8000000000000000000
EQV 1011 0000000000000000000000000000000000017fff8000000000000000000
EQV 1012 0000000000000000000000000000000000017fff8000000000000000000
EQV 1013 0000000000000000000000000000000000017fff8000000000000000000
EQV 1014 0000000000000000000000000000000000017fff8000000000000000000
EQV 1015 0000000000000000000000000000000000017fff8000000000000000000
EQV 1016 0000000000000000000000000000000000017fff8000000000000000000
EQV 1017 0000000000000000000000000000000000017fff8000000000000000000
EQV 1018 0000000000000000000000000000000000017fff8000000000000000000
EQV 1019 0000000000000000000000000000000000017fff8000000000000000000
EQV 1020 0000000000000000000000000000000000017fff8000000000000000000
EQV 1021 0000000000000000000000000000000000017fff8000000000000000000
EQV 1022 0000000000000000000000000000000000017fff8000000000000000000
EQV 1023 0000000000000000000000000000000000017fff8000000000000000000
EQV 1024 0000000000000000000000000000000000017fff8000000000000000000
EQV 1025 0000000000000000000000000000000000017fff8000000000000000000
EQV 1026 0000000000000000000000000000000000017fff8000000000000000000
EQV 1027 0000000000000000000000000000000000017fff8000000000000000000
EQV 1028 0000000000000000000000000000000000017fff8000000000000000000
EQV 1029 0000000000000000000000000000000000017fff8000000000000000000
EQV 1030 0000000000000000000000000000000000017fff8000000000000000000
EQV 1031 0000000000000000000000000000000000017fff8000000000000000000
EQV 1032 0000000000000000000000000000000000017fff8000000000000000000
EQV 1033 0000000000000000000000000000000000017fff8000000000000000000
EQV 1034 0000000000000000000000000000000000017fff8000000000000000000
EQV 1035 0000000000000000000000000000000000017fff8000000000000000000
EQV 1036 0000000000000000000000000000000000017fff8000000000000000000
EQV 1037 0000000000000000000000000000000000017fff8000000000000000000
EQV 1038 0000000000000000000000000000000000017fff8000000000000000000
EQV 1039 0000000000000000000000000000000000017fff8000000000000000000
EQV 1040 0000000000000000000000000000000000017fff8000000000000000000
EQV 1041 0000000000000000000000000000000000017fff8000000000000000000
EQV 1042 0000000000000000000000000000000000017fff8000000000000000000
EQV 1043 0000000000000000000000000000000000017fff8000000000000000000
EQV 1044 0000000000000000000000000000000000017fff8000000000000000000
EQV 1045 0000000000000000000000000000000000017fff8000000000000000000
EQV 1046 0000000000000000000000000000000000017fff8000000000000000000
EQV 1047 0000000000000000000000000000000000017fff8000000000000000000
EQV 1048 0000000000000000000000000000000000017fff8000000000000000000
EQV 1049 0000000000000000000000000000000000017fff8000000000000000000
EQV 1050 0000000000000000000000000000000000017fff8000000000000000000
EQV 1051 0000000000000000000000000000000000017fff8000000000000000000
EQV 1052 0000000000000000000000000000000000017fff8000000000000000000
EQV 1053 0000000000000000000000000000000000017fff8000000000000000000
EQV 1054 0000000000000000000000000000000000017fff8000000000000000000
EQV 1055 0000000000000000000000000000000000017fff8000000000000000000
EQV 1056 0000000000000000000000000000000000017fff8000000000000000000
EQV 1057 0000000000000000000000000000000000007fff8000000000000000040
EQV 1058 28000000000000000000000000000000000000000000000000000000000
EQV 1059 28000000000000000000000000000000000000000000000000000000000
EQV 1060 00000000000000000000000000000000000000000000000000000000000
EQV 1061 0000000000000000000000000000000000007fff8000000000000000040
EQV 1062 2800000000000000000000000000000000007fff8000000000000000040
EQV 1063 0000000000000000000000000000000000007fff8000000000000000040
EQV 1064 1000000000000000000000000000000000007fff8000000000000000040
EQV 1065 2800000000000000000000000000000000017fff8000000000000000000
EQV 1066 2800000000000000000000000000000000017fff8000000000000000000
EQV 1067 2800000000000000000000000000000000017fff8000000000000000000
EQV 1068 2800000000000000000000000000000000017fff8000000000000000000
EQV 1069 0000000000000000000000000000000000017fff8000000000000000000
EQV 1070 0000000000000000000000000000000000017fff8000000000000000000
EQV 1071 0000000000000000000000000000000000017fff8000000000000000000
EQV 1072 0000000000000000000000000000000000017fff8000000000000000000
EQV 1073 0000000000000000000000000000000000017fff8000000000000000000
EQV 1074 0000000000000000000000000000000000017fff8000000000000000000
EQV 1075 0000000000000000000000000000000000017fff8000000000000000000
EQV 1076 0000000000000000000000000000000000017fff8000000000000000000
EQV 1077 0000000000000000000000000000000000017fff8000000000000000000
EQV 1078 0000000000000000000000000000000000017fff8000000000000000000
EQV 1079 0000000000000000000000000000000000017fff8000000000000000000
EQV 1080 0000000000000000000000000000000000017fff8000000000000000000
EQV 1081 0000000000000000000000000000000000017fff8000000000000000000
EQV 1082 0000000000000000000000000000000000017fff8000000000000000000
EQV 1083 0000000000000000000000000000000000017fff8000000000000000000
EQV 1084 0000000000000000000000000000000000017fff8000000000000000000
EQV 1085 0000000000000000000000000000000000017fff8000000000000000000
EQV 1086 0000000000000000000000000000000000017fff8000000000000000000
EQV 1087 0000000000000000000000000000000000017fff8000000000000000000
EQV 1088 0000000000000000000000000000000000017fff8000000000000000000
EQV 1089 0000000000000000000000000000000000017fff8000000000000000000
EQV 1090 0000000000000000000000000000000000017fff8000000000000000000
EQV 1091 0000000000000000000000000000000000017fff8000000000000000000
EQV 1092 0000000000000000000000000000000000017fff8000000000000000000
EQV 1093 0000000000000000000000000000000000017fff8000000000000000000
EQV 1094 0000000000000000000000000000000000017fff8000000000000000000
EQV 1095 0000000000000000000000000000000000017fff8000000000000000000
EQV 1096 0000000000000000000000000000000000017fff8000000000000000000
EQV 1097 0000000000000000000000000000000000017fff8000000000000000000
EQV 1098 0000000000000000000000000000000000017fff8000000000000000000
EQV 1099 0000000000000000000000000000000000017fff8000000000000000000
EQV 1100 0000000000000000000000000000000000017fff8000000000000000000
EQV 1101 0000000000000000000000000000000000017fff8000000000000000000
EQV 1102 0000000000000000000000000000000000017fff8000000000000000000
EQV 1103 0000000000000000000000000000000000017fff8000000000000000000
EQV 1104 0000000000000000000000000000000000017fff8000000000000000000
EQV 1105 0000000000000000000000000000000000017fff8000000000000000000
EQV 1106 0000000000000000000000000000000000017fff8000000000000000000
EQV 1107 0000000000000000000000000000000000017fff8000000000000000000
EQV 1108 0000000000000000000000000000000000017fff8000000000000000000
EQV 1109 0000000000000000000000000000000000017fff8000000000000000000
EQV 1110 0000000000000000000000000000000000017fff8000000000000000000
EQV 1111 0000000000000000000000000000000000017fff8000000000000000000
EQV 1112 0000000000000000000000000000000000017fff8000000000000000000
EQV 1113 0000000000000000000000000000000000017fff8000000000000000000
EQV 1114 0000000000000000000000000000000000017fff8000000000000000000
EQV 1115 0000000000000000000000000000000000017fff8000000000000000000
EQV 1116 0000000000000000000000000000000000017fff8000000000000000000
EQV 1117 0000000000000000000000000000000000017fff8000000000000000000
EQV 1118 0000000000000000000000000000000000017fff8000000000000000000
EQV 1119 0000000000000000000000000000000000017fff8000000000000000000
EQV 1120 0000000000000000000000000000000000007fff8000000000000000040
EQV 1121 28000000000000000000000000000000000000000000000000000000000
EQV 1122 28000000000000000000000000000000000000000000000000000000000
EQV 1123 00000000000000000000000000000000000000000000000000000000000
EQV 1124 0000000000000000000000000000000000007fff8000000000000000040
EQV 1125 2800000000000000000000000000000000007fff8000000000000000040
EQV 1126 0000000000000000000000000000000000007fff8000000000000000040
EQV 1127 1000000000000000000000000000000000007fff8000000000000000040
EQV 1128 2800000000000000000000000000000000017fff8000000000000000000
EQV 1129 2800000000000000000000000000000000017fff8000000000000000000
EQV 1130 2800000000000000000000000000000000017fff8000000000000000000
EQV 1131 2800000000000000000000000000000000017fff8000000000000000000
EQV 1132 0000000000000000000000000000000000017fff8000000000000000000
EQV 1133 0000000000000000000000000000000000017fff8000000000000000000
EQV 1134 0000000000000000000000000000000000017fff8000000000000000000
EQV 1135 0000000000000000000000000000000000017fff8000000000000000000
EQV 1136 0000000000000000000000000000000000017fff8000000000000000000
EQV 1137 0000000000000000000000000000000000017fff8000000000000000000
EQV 1138 0000000000000000000000000000000000017fff8000000000000000000
EQV 1139 0000000000000000000000000000000000017fff8000000000000000000
EQV 1140 0000000000000000000000000000000000017fff8000000000000000000
EQV 1141 0000000000000000000000000000000000017fff8000000000000000000
EQV 1142 0000000000000000000000000000000000017fff8000000000000000000
EQV 1143 0000000000000000000000000000000000017fff8000000000000000000
EQV 1144 0000000000000000000000000000000000017fff8000000000000000000
EQV 1145 0000000000000000000000000000000000017fff8000000000000000000
EQV 1146 0000000000000000000000000000000000017fff8000000000000000000
EQV 1147 0000000000000000000000000000000000017fff8000000000000000000
EQV 1148 0000000000000000000000000000000000017fff8000000000000000000
EQV 1149 0000000000000000000000000000000000017fff8000000000000000000
EQV 1150 0000000000000000000000000000000000017fff8000000000000000000
EQV 1151 0000000000000000000000000000000000017fff8000000000000000000
EQV 1152 0000000000000000000000000000000000017fff8000000000000000000
EQV 1153 0000000000000000000000000000000000017fff8000000000000000000
EQV 1154 0000000000000000000000000000000000017fff8000000000000000000
EQV 1155 0000000000000000000000000000000000017fff8000000000000000000
EQV 1156 0000000000000000000000000000000000017fff8000000000000000000
EQV 1157 0000000000000000000000000000000000017fff8000000000000000000
EQV 1158 0000000000000000000000000000000000017fff8000000000000000000
EQV 1159 0000000000000000000000000000000000017fff8000000000000000000
EQV 1160 0000000000000000000000000000000000017fff8000000000000000000
EQV 1161 0000000000000000000000000000000000017fff8000000000000000000
EQV 1162 0000000000000000000000000000000000017fff8000000000000000000
EQV 1163 0000000000000000000000000000000000017fff8000000000000000000
EQV 1164 0000000000000000000000000000000000017fff8000000000000000000
EQV 1165 0000000000000000000000000000000000017fff8000000000000000000
EQV 1166 0000000000000000000000000000000000017fff8000000000000000000
EQV 1167 0000000000000000000000000000000000017fff8000000000000000000
EQV 1168 0000000000000000000000000000000000017fff8000000000000000000
EQV 1169 0000000000000000000000000000000000017fff8000000000000000000
EQV 1170 0000000000000000000000000000000000017fff8000000000000000000
EQV 1171 0000000000000000000000000000000000017fff8000000000000000000
EQV 1172 0000000000000000000000000000000000017fff8000000000000000000
EQV 1173 0000000000000000000000000000000000017fff8000000000000000000
EQV 1174 0000000000000000000000000000000000017fff8000000000000000000
EQV 1175 0000000000000000000000000000000000017fff8000000000000000000
EQV 1176 0000000000000000000000000000000000017fff8000000000000000000
EQV 1177 0000000000000000000000000000000000017fff8000000000000000000
EQV 1178 0000000000000000000000000000000000017fff8000000000000000000
EQV 1179 0000000000000000000000000000000000017fff8000000000000000000
EQV 1180 0000000000000000000000000000000000017fff8000000000000000000
EQV 1181 0000000000000000000000000000000000017fff8000000000000000000
EQV 1182 0000000000000000000000000000000000017fff8000000000000000000
EQV 1183 1000000000000000000000000000000000017fff8000000000000000000
PASS  BSL-36
EQV 1184 0000000000000000000000000000000000007fff8000000000000000040
EQV 1185 28000000000000000000000000000000000000000000000000000000000
EQV 1186 28000000000000000000000000000000000000000000000000000000000
EQV 1187 00000000000000000000000000000000000000000000000000000000000
EQV 1188 0000000000000000000000000000000000007fff8000000000000000040
EQV 1189 2800000000000000000000000000000000007fff8000000000000000040
EQV 1190 0000000000000000000000000000000000007fff8000000000000000040
EQV 1191 1000000000000000000000000000000000007fff8000000000000000040
EQV 1192 2800000000000000000000000000000000017fff8000000000000000000
EQV 1193 0000000000000000000000000000000000007fff8000000000000000040
EQV 1194 2800000000000000000000000000000000007fff8000000000000000040
EQV 1195 0000000000000000000000000000000000007fff8000000000000000040
EQV 1196 1000000000000000000000000000000000007fff8000000000000000040
PASS  BSL-37
EQV 1197 2800000000000000000000000000000000017fff8000000000000000000
EQV 1198 28000000000000000000000000000000000000000000000000000000000
EQV 1199 28000000000000000000000000000000000000000000000000000000000
EQV 1200 00000000000000000000000000000000000000000000000000000000000
EQV 1201 0000000000000000000000000000000000007fff8000000000000000040
EQV 1202 2800000000000000000000000000000000007fff8000000000000000040
EQV 1203 0000000000000000000000000000000000007fff8000000000000000040
EQV 1204 1000000000000000000000000000000000007fff8000000000000000040
EQV 1205 2800000000000000000000000000000000017fff8000000000000000000
EQV 1206 0000000000000000000000000000000000007fff8000000000000000040
EQV 1207 0000000000000000000000000000000000007fff8000000000000000040
PASS  BSL-38
EQV 1208 2800000000000000000000000000000000007fff8000000000000000040
EQV 1209 28000000000000000000000000000000000000000000000000000000000
EQV 1210 28000000000000000000000000000000000000000000000000000000000
EQV 1211 00000000000000000000000000000000000000000000000000000000000
EQV 1212 0000000000000000000000000000000000007fff8000000000000000040
EQV 1213 2800000000000000000000000000000000007fff8000000000000000040
EQV 1214 0000000000000000000000000000000000007fff8000000000000000040
EQV 1215 1000000000000000000000000000000000007fff8000000000000000040
EQV 1216 2800000000000000000000000000000000017fff8000000000000000000
PASS  BSL-39
EQV 1217 28000000000000000000000000000000000000000000000000000000000
EQV 1218 00000000000000000000000000000000000000000000000000000000000
EQV 1219 0000000000000000000000000000000000007fff8000000000000000040
EQV 1220 2800000000000000000000000000000000007fff8000000000000000040
EQV 1221 0000000000000000000000000000000000007fff8000000000000000040
EQV 1222 1000000000000000000000000000000000007fff8000000000000000040
EQV 1223 2800000000000000000000000000000000017fff8000000000000000000
EQV 1224 2800000000000000000000000000000000017fff8000000000000000000
EQV 1225 2800000000000000000000000000000000017fff8000000000000000000
EQV 1226 2800000000000000000000000000000000017fff8000000000000000000
EQV 1227 0000000000000000000000000000000000017fff8000000000000000000
EQV 1228 0000000000000000000000000000000000017fff8000000000000000000
EQV 1229 0000000000000000000000000000000000017fff8000000000000000000
EQV 1230 0000000000000000000000000000000000017fff8000000000000000000
EQV 1231 0000000000000000000000000000000000017fff8000000000000000000
EQV 1232 0000000000000000000000000000000000017fff8000000000000000000
EQV 1233 0000000000000000000000000000000000017fff8000000000000000000
EQV 1234 0000000000000000000000000000000000017fff8000000000000000000
EQV 1235 0000000000000000000000000000000000017fff8000000000000000000
EQV 1236 0000000000000000000000000000000000017fff8000000000000000000
EQV 1237 0000000000000000000000000000000000017fff8000000000000000000
EQV 1238 0000000000000000000000000000000000017fff8000000000000000000
EQV 1239 0000000000000000000000000000000000017fff8000000000000000000
EQV 1240 0000000000000000000000000000000000017fff8000000000000000000
EQV 1241 0000000000000000000000000000000000017fff8000000000000000000
EQV 1242 0000000000000000000000000000000000017fff8000000000000000000
EQV 1243 0000000000000000000000000000000000017fff8000000000000000000
EQV 1244 0000000000000000000000000000000000017fff8000000000000000000
EQV 1245 0000000000000000000000000000000000017fff8000000000000000000
EQV 1246 0000000000000000000000000000000000017fff8000000000000000000
EQV 1247 0000000000000000000000000000000000017fff8000000000000000000
EQV 1248 0000000000000000000000000000000000017fff8000000000000000000
EQV 1249 0000000000000000000000000000000000017fff8000000000000000000
EQV 1250 0000000000000000000000000000000000017fff8000000000000000000
EQV 1251 0000000000000000000000000000000000017fff8000000000000000000
EQV 1252 0000000000000000000000000000000000017fff8000000000000000000
EQV 1253 0000000000000000000000000000000000017fff8000000000000000000
EQV 1254 0000000000000000000000000000000000017fff8000000000000000000
EQV 1255 0000000000000000000000000000000000017fff8000000000000000000
EQV 1256 0000000000000000000000000000000000017fff8000000000000000000
EQV 1257 0000000000000000000000000000000000017fff8000000000000000000
EQV 1258 0000000000000000000000000000000000017fff8000000000000000000
EQV 1259 0000000000000000000000000000000000017fff8000000000000000000
EQV 1260 0000000000000000000000000000000000017fff8000000000000000000
EQV 1261 0000000000000000000000000000000000017fff8000000000000000000
EQV 1262 0000000000000000000000000000000000017fff8000000000000000000
EQV 1263 0000000000000000000000000000000000017fff8000000000000000000
EQV 1264 0000000000000000000000000000000000017fff8000000000000000000
EQV 1265 0000000000000000000000000000000000017fff8000000000000000000
EQV 1266 0000000000000000000000000000000000017fff8000000000000000000
EQV 1267 0000000000000000000000000000000000017fff8000000000000000000
EQV 1268 0000000000000000000000000000000000017fff8000000000000000000
EQV 1269 0000000000000000000000000000000000017fff8000000000000000000
EQV 1270 0000000000000000000000000000000000017fff8000000000000000000
EQV 1271 0000000000000000000000000000000000017fff8000000000000000000
EQV 1272 0000000000000000000000000000000000017fff8000000000000000000
EQV 1273 0000000000000000000000000000000000017fff8000000000000000000
EQV 1274 0000000000000000000000000000000000017fff8000000000000000000
EQV 1275 0000000000000000000000000000000000017fff8000000000000000000
EQV 1276 0000000000000000000000000000000000017fff8000000000000000000
EQV 1277 0000000000000000000000000000000000017fff8000000000000000000
EQV 1278 1000000000000000000000000000000000017fff8000000000000000000
EQV 1279 280000000000000000000000000000000001fffe00004000000080000a0
PASS  OPT-01
PASS  OPT-02
EQV 1280 280000000000000000000000000000000001fffe00004000000080000a0
EQV 1281 28000000000000000000000000000000000000000000000000000000000
EQV 1282 28000000000000000000000000000000000000000000000000000000000
EQV 1283 00000000000000000000000000000000000000000000000000000000000
EQV 1284 0000000000000000000000000000000000007fff8000000000000000040
EQV 1285 2800000000000000000000000000000000007fff8000000000000000040
EQV 1286 0000000000000000000000000000000000007fff8000000000000000040
EQV 1287 1000000000000000000000000000000000007fff8000000000000000040
EQV 1288 2800000000000000000000000000000000017fff8000000000000000000
EQV 1289 2800000000000000000000000000000000017fff8000000000000000000
EQV 1290 2800000000000000000000000000000000017fff8000000000000000000
EQV 1291 2800000000000000000000000000000000017fff8000000000000000000
EQV 1292 0000000000000000000000000000000000017fff8000000000000000000
EQV 1293 0000000000000000000000000000000000017fff8000000000000000000
EQV 1294 0000000000000000000000000000000000017fff8000000000000000000
EQV 1295 0000000000000000000000000000000000017fff8000000000000000000
EQV 1296 0000000000000000000000000000000000017fff8000000000000000000
EQV 1297 0000000000000000000000000000000000017fff8000000000000000000
EQV 1298 0000000000000000000000000000000000017fff8000000000000000000
EQV 1299 0000000000000000000000000000000000017fff8000000000000000000
EQV 1300 0000000000000000000000000000000000017fff8000000000000000000
EQV 1301 0000000000000000000000000000000000017fff8000000000000000000
EQV 1302 0000000000000000000000000000000000017fff8000000000000000000
EQV 1303 0000000000000000000000000000000000017fff8000000000000000000
EQV 1304 0000000000000000000000000000000000017fff8000000000000000000
EQV 1305 0000000000000000000000000000000000017fff8000000000000000000
EQV 1306 0000000000000000000000000000000000017fff8000000000000000000
EQV 1307 0000000000000000000000000000000000017fff8000000000000000000
EQV 1308 0000000000000000000000000000000000017fff8000000000000000000
EQV 1309 0000000000000000000000000000000000017fff8000000000000000000
EQV 1310 0000000000000000000000000000000000017fff8000000000000000000
EQV 1311 0000000000000000000000000000000000017fff8000000000000000000
EQV 1312 0000000000000000000000000000000000017fff8000000000000000000
EQV 1313 0000000000000000000000000000000000017fff8000000000000000000
EQV 1314 0000000000000000000000000000000000017fff8000000000000000000
EQV 1315 0000000000000000000000000000000000017fff8000000000000000000
EQV 1316 0000000000000000000000000000000000017fff8000000000000000000
EQV 1317 0000000000000000000000000000000000017fff8000000000000000000
EQV 1318 0000000000000000000000000000000000017fff8000000000000000000
EQV 1319 0000000000000000000000000000000000017fff8000000000000000000
EQV 1320 0000000000000000000000000000000000017fff8000000000000000000
EQV 1321 0000000000000000000000000000000000017fff8000000000000000000
EQV 1322 0000000000000000000000000000000000017fff8000000000000000000
EQV 1323 0000000000000000000000000000000000017fff8000000000000000000
EQV 1324 0000000000000000000000000000000000017fff8000000000000000000
EQV 1325 0000000000000000000000000000000000017fff8000000000000000000
EQV 1326 0000000000000000000000000000000000017fff8000000000000000000
EQV 1327 0000000000000000000000000000000000017fff8000000000000000000
EQV 1328 0000000000000000000000000000000000017fff8000000000000000000
EQV 1329 0000000000000000000000000000000000017fff8000000000000000000
EQV 1330 0000000000000000000000000000000000017fff8000000000000000000
EQV 1331 0000000000000000000000000000000000017fff8000000000000000000
EQV 1332 0000000000000000000000000000000000017fff8000000000000000000
EQV 1333 0000000000000000000000000000000000017fff8000000000000000000
EQV 1334 0000000000000000000000000000000000017fff8000000000000000000
EQV 1335 0000000000000000000000000000000000017fff8000000000000000000
EQV 1336 0000000000000000000000000000000000017fff8000000000000000000
EQV 1337 0000000000000000000000000000000000017fff8000000000000000000
EQV 1338 0000000000000000000000000000000000017fff8000000000000000000
EQV 1339 0000000000000000000000000000000000017fff8000000000000000000
EQV 1340 0000000000000000000000000000000000017fff8000000000000000000
EQV 1341 0000000000000000000000000000000000017fff8000000000000000000
EQV 1342 0000000000000000000000000000000000017fff8000000000000000000
EQV 1343 1000000000000000000000000000000000017fff8000000000000000000
EQV 1344 280000000000000000000000000000000001fffe00007dfffe0200000a0
PASS  OPT-03
EQV 1345 280000000000000000000000000000000001fffe00007dfffe0200000a0
EQV 1346 28000000000000000000000000000000000000000000000000000000000
EQV 1347 28000000000000000000000000000000000000000000000000000000000
EQV 1348 00000000000000000000000000000000000000000000000000000000000
EQV 1349 0000000000000000000000000000000000007fff8000000000000000040
EQV 1350 2800000000000000000000000000000000007fff8000000000000000040
EQV 1351 0000000000000000000000000000000000007fff8000000000000000040
EQV 1352 1000000000000000000000000000000000007fff8000000000000000040
EQV 1353 2800000000000000000000000000000000017fff8000000000000000000
EQV 1354 2800000000000000000000000000000000017fff8000000000000000000
EQV 1355 2800000000000000000000000000000000017fff8000000000000000000
EQV 1356 2800000000000000000000000000000000017fff8000000000000000000
EQV 1357 0000000000000000000000000000000000017fff8000000000000000000
EQV 1358 0000000000000000000000000000000000017fff8000000000000000000
EQV 1359 0000000000000000000000000000000000017fff8000000000000000000
EQV 1360 0000000000000000000000000000000000017fff8000000000000000000
EQV 1361 0000000000000000000000000000000000017fff8000000000000000000
EQV 1362 0000000000000000000000000000000000017fff8000000000000000000
EQV 1363 0000000000000000000000000000000000017fff8000000000000000000
EQV 1364 0000000000000000000000000000000000017fff8000000000000000000
EQV 1365 0000000000000000000000000000000000017fff8000000000000000000
EQV 1366 0000000000000000000000000000000000017fff8000000000000000000
EQV 1367 0000000000000000000000000000000000017fff8000000000000000000
EQV 1368 0000000000000000000000000000000000017fff8000000000000000000
EQV 1369 0000000000000000000000000000000000017fff8000000000000000000
EQV 1370 0000000000000000000000000000000000017fff8000000000000000000
EQV 1371 0000000000000000000000000000000000017fff8000000000000000000
EQV 1372 0000000000000000000000000000000000017fff8000000000000000000
EQV 1373 0000000000000000000000000000000000017fff8000000000000000000
EQV 1374 0000000000000000000000000000000000017fff8000000000000000000
EQV 1375 0000000000000000000000000000000000017fff8000000000000000000
EQV 1376 0000000000000000000000000000000000017fff8000000000000000000
EQV 1377 0000000000000000000000000000000000017fff8000000000000000000
EQV 1378 0000000000000000000000000000000000017fff8000000000000000000
EQV 1379 0000000000000000000000000000000000017fff8000000000000000000
EQV 1380 0000000000000000000000000000000000017fff8000000000000000000
EQV 1381 0000000000000000000000000000000000017fff8000000000000000000
EQV 1382 0000000000000000000000000000000000017fff8000000000000000000
EQV 1383 0000000000000000000000000000000000017fff8000000000000000000
EQV 1384 0000000000000000000000000000000000017fff8000000000000000000
EQV 1385 0000000000000000000000000000000000017fff8000000000000000000
EQV 1386 0000000000000000000000000000000000017fff8000000000000000000
EQV 1387 0000000000000000000000000000000000017fff8000000000000000000
EQV 1388 0000000000000000000000000000000000017fff8000000000000000000
EQV 1389 0000000000000000000000000000000000017fff8000000000000000000
EQV 1390 0000000000000000000000000000000000017fff8000000000000000000
EQV 1391 0000000000000000000000000000000000017fff8000000000000000000
EQV 1392 0000000000000000000000000000000000017fff8000000000000000000
EQV 1393 0000000000000000000000000000000000017fff8000000000000000000
EQV 1394 0000000000000000000000000000000000017fff8000000000000000000
EQV 1395 0000000000000000000000000000000000017fff8000000000000000000
EQV 1396 0000000000000000000000000000000000017fff8000000000000000000
EQV 1397 0000000000000000000000000000000000017fff8000000000000000000
EQV 1398 0000000000000000000000000000000000017fff8000000000000000000
EQV 1399 0000000000000000000000000000000000017fff8000000000000000000
EQV 1400 0000000000000000000000000000000000017fff8000000000000000000
EQV 1401 0000000000000000000000000000000000017fff8000000000000000000
EQV 1402 0000000000000000000000000000000000017fff8000000000000000000
EQV 1403 0000000000000000000000000000000000017fff8000000000000000000
EQV 1404 0000000000000000000000000000000000017fff8000000000000000000
EQV 1405 0000000000000000000000000000000000017fff8000000000000000000
EQV 1406 0000000000000000000000000000000000017fff8000000000000000000
EQV 1407 0000000000000000000000000000000000017fff8000000000000000000
EQV 1408 1000000000000000000000000000000000017fff8000000000000000000
EQV 1409 280000000000000000000000000000000001ffff9fffffffffff8000080
PASS  OPT-04
EQV 1410 280000000000000000000000000000000001ffff9fffffffffff8000080
EQV 1411 28000000000000000000000000000000000000000000000000000000000
EQV 1412 28000000000000000000000000000000000000000000000000000000000
EQV 1413 00000000000000000000000000000000000000000000000000000000000
EQV 1414 00000000000000000000000000000000000040000000800000000000040
EQV 1415 28000000000000000000000000000000000040000000800000000000040
EQV 1416 00000000000000000000000000000000000040000000800000000000040
EQV 1417 10000000000000000000000000000000000040000000800000000000040
EQV 1418 28000000000000000000000000000000000140000000800000000000000
EQV 1419 28000000000000000000000000000000000140000000800000000000000
EQV 1420 28000000000000000000000000000000000140000000800000000000000
EQV 1421 28000000000000000000000000000000000140000000800000000000000
EQV 1422 00000000000000000000000000000000000140000000800000000000000
EQV 1423 00000000000000000000000000000000000140000000800000000000000
EQV 1424 00000000000000000000000000000000000140000000800000000000000
EQV 1425 00000000000000000000000000000000000140000000800000000000000
EQV 1426 00000000000000000000000000000000000140000000800000000000000
EQV 1427 00000000000000000000000000000000000140000000800000000000000
EQV 1428 00000000000000000000000000000000000140000000800000000000000
EQV 1429 00000000000000000000000000000000000140000000800000000000000
EQV 1430 00000000000000000000000000000000000140000000800000000000000
EQV 1431 00000000000000000000000000000000000140000000800000000000000
EQV 1432 00000000000000000000000000000000000140000000800000000000000
EQV 1433 00000000000000000000000000000000000140000000800000000000000
EQV 1434 00000000000000000000000000000000000140000000800000000000000
EQV 1435 00000000000000000000000000000000000140000000800000000000000
EQV 1436 00000000000000000000000000000000000140000000800000000000000
EQV 1437 00000000000000000000000000000000000140000000800000000000000
EQV 1438 00000000000000000000000000000000000140000000800000000000000
EQV 1439 00000000000000000000000000000000000140000000800000000000000
EQV 1440 00000000000000000000000000000000000140000000800000000000000
EQV 1441 00000000000000000000000000000000000140000000800000000000000
EQV 1442 00000000000000000000000000000000000140000000800000000000000
EQV 1443 00000000000000000000000000000000000140000000800000000000000
EQV 1444 00000000000000000000000000000000000140000000800000000000000
EQV 1445 00000000000000000000000000000000000140000000800000000000000
EQV 1446 00000000000000000000000000000000000140000000800000000000000
EQV 1447 00000000000000000000000000000000000140000000800000000000000
EQV 1448 00000000000000000000000000000000000140000000800000000000000
EQV 1449 00000000000000000000000000000000000140000000800000000000000
EQV 1450 00000000000000000000000000000000000140000000800000000000000
EQV 1451 00000000000000000000000000000000000140000000800000000000000
EQV 1452 00000000000000000000000000000000000140000000800000000000000
EQV 1453 00000000000000000000000000000000000140000000800000000000000
EQV 1454 00000000000000000000000000000000000140000000800000000000000
EQV 1455 00000000000000000000000000000000000140000000800000000000000
EQV 1456 00000000000000000000000000000000000140000000800000000000000
EQV 1457 00000000000000000000000000000000000140000000800000000000000
EQV 1458 00000000000000000000000000000000000140000000800000000000000
EQV 1459 00000000000000000000000000000000000140000000800000000000000
EQV 1460 00000000000000000000000000000000000140000000800000000000000
EQV 1461 00000000000000000000000000000000000140000000800000000000000
EQV 1462 00000000000000000000000000000000000140000000800000000000000
EQV 1463 00000000000000000000000000000000000140000000800000000000000
EQV 1464 00000000000000000000000000000000000140000000800000000000000
EQV 1465 00000000000000000000000000000000000140000000800000000000000
EQV 1466 00000000000000000000000000000000000140000000800000000000000
EQV 1467 00000000000000000000000000000000000140000000800000000000000
EQV 1468 00000000000000000000000000000000000140000000800000000000000
EQV 1469 00000000000000000000000000000000000140000000800000000000000
EQV 1470 00000000000000000000000000000000000140000000800000000000000
EQV 1471 00000000000000000000000000000000000140000000800000000000000
EQV 1472 00000000000000000000000000000000000140000000800000000000000
EQV 1473 10000000000000000000000000000000000140000000800000000000000
PASS  OPT-05
EQV 1474 280000000000000000000000000000000001ffffffff800000000000090
EQV 1475 28000000000000000000000000000000000000000000000000000000000
EQV 1476 28000000000000000000000000000000000000000000000000000000000
EQV 1477 00000000000000000000000000000000000000000000000000000000000
EQV 1478 0000000000000000000000000000000000007fffffff800000000000040
EQV 1479 2800000000000000000000000000000000007fffffff800000000000040
EQV 1480 0000000000000000000000000000000000007fffffff800000000000040
EQV 1481 1000000000000000000000000000000000007fffffff800000000000040
EQV 1482 2800000000000000000000000000000000017fffffff800000000000000
EQV 1483 2800000000000000000000000000000000017fffffff800000000000000
EQV 1484 2800000000000000000000000000000000017fffffff800000000000000
EQV 1485 2800000000000000000000000000000000017fffffff800000000000000
EQV 1486 0000000000000000000000000000000000017fffffff800000000000000
EQV 1487 0000000000000000000000000000000000017fffffff800000000000000
EQV 1488 0000000000000000000000000000000000017fffffff800000000000000
EQV 1489 0000000000000000000000000000000000017fffffff800000000000000
EQV 1490 0000000000000000000000000000000000017fffffff800000000000000
EQV 1491 0000000000000000000000000000000000017fffffff800000000000000
EQV 1492 0000000000000000000000000000000000017fffffff800000000000000
EQV 1493 0000000000000000000000000000000000017fffffff800000000000000
EQV 1494 0000000000000000000000000000000000017fffffff800000000000000
EQV 1495 0000000000000000000000000000000000017fffffff800000000000000
EQV 1496 0000000000000000000000000000000000017fffffff800000000000000
EQV 1497 0000000000000000000000000000000000017fffffff800000000000000
EQV 1498 0000000000000000000000000000000000017fffffff800000000000000
EQV 1499 0000000000000000000000000000000000017fffffff800000000000000
EQV 1500 0000000000000000000000000000000000017fffffff800000000000000
EQV 1501 0000000000000000000000000000000000017fffffff800000000000000
EQV 1502 0000000000000000000000000000000000017fffffff800000000000000
EQV 1503 0000000000000000000000000000000000017fffffff800000000000000
EQV 1504 0000000000000000000000000000000000017fffffff800000000000000
EQV 1505 0000000000000000000000000000000000017fffffff800000000000000
EQV 1506 0000000000000000000000000000000000017fffffff800000000000000
EQV 1507 0000000000000000000000000000000000017fffffff800000000000000
EQV 1508 0000000000000000000000000000000000017fffffff800000000000000
EQV 1509 0000000000000000000000000000000000017fffffff800000000000000
EQV 1510 0000000000000000000000000000000000017fffffff800000000000000
EQV 1511 0000000000000000000000000000000000017fffffff800000000000000
EQV 1512 0000000000000000000000000000000000017fffffff800000000000000
EQV 1513 0000000000000000000000000000000000017fffffff800000000000000
EQV 1514 0000000000000000000000000000000000017fffffff800000000000000
EQV 1515 0000000000000000000000000000000000017fffffff800000000000000
EQV 1516 0000000000000000000000000000000000017fffffff800000000000000
EQV 1517 0000000000000000000000000000000000017fffffff800000000000000
EQV 1518 0000000000000000000000000000000000017fffffff800000000000000
EQV 1519 0000000000000000000000000000000000017fffffff800000000000000
EQV 1520 0000000000000000000000000000000000017fffffff800000000000000
EQV 1521 0000000000000000000000000000000000017fffffff800000000000000
EQV 1522 0000000000000000000000000000000000017fffffff800000000000000
EQV 1523 0000000000000000000000000000000000017fffffff800000000000000
EQV 1524 0000000000000000000000000000000000017fffffff800000000000000
EQV 1525 0000000000000000000000000000000000017fffffff800000000000000
EQV 1526 0000000000000000000000000000000000017fffffff800000000000000
EQV 1527 0000000000000000000000000000000000017fffffff800000000000000
EQV 1528 0000000000000000000000000000000000017fffffff800000000000000
EQV 1529 0000000000000000000000000000000000017fffffff800000000000000
EQV 1530 0000000000000000000000000000000000017fffffff800000000000000
EQV 1531 0000000000000000000000000000000000017fffffff800000000000000
EQV 1532 0000000000000000000000000000000000017fffffff800000000000000
EQV 1533 0000000000000000000000000000000000017fffffff800000000000000
EQV 1534 0000000000000000000000000000000000017fffffff800000000000000
EQV 1535 0000000000000000000000000000000000017fffffff800000000000000
EQV 1536 0000000000000000000000000000000000017fffffff800000000000000
EQV 1537 1000000000000000000000000000000000017fffffff800000000000000
PASS  OPT-06
PASS  OPT-08
EQV 1538 280000000000000000000000000000000001c0000000c000000080000a0
EQV 1539 28000000000000000000000000000000000000000000000000000000000
EQV 1540 28000000000000000000000000000000000000000000000000000000000
EQV 1541 00000000000000000000000000000000000000000000000000000000000
EQV 1542 0000000000000000000000000000000000007fff8000000000000000040
EQV 1543 2800000000000000000000000000000000007fff8000000000000000040
EQV 1544 0000000000000000000000000000000000007fff8000000000000000040
EQV 1545 1000000000000000000000000000000000007fff8000000000000000040
EQV 1546 2800000000000000000000000000000000017fff8000000000000000000
EQV 1547 2800000000000000000000000000000000017fff8000000000000000000
EQV 1548 2800000000000000000000000000000000017fff8000000000000000000
EQV 1549 2800000000000000000000000000000000017fff8000000000000000000
EQV 1550 0000000000000000000000000000000000017fff8000000000000000000
EQV 1551 0000000000000000000000000000000000017fff8000000000000000000
EQV 1552 0000000000000000000000000000000000017fff8000000000000000000
EQV 1553 0000000000000000000000000000000000017fff8000000000000000000
EQV 1554 0000000000000000000000000000000000017fff8000000000000000000
EQV 1555 0000000000000000000000000000000000017fff8000000000000000000
EQV 1556 0000000000000000000000000000000000017fff8000000000000000000
EQV 1557 0000000000000000000000000000000000017fff8000000000000000000
EQV 1558 0000000000000000000000000000000000017fff8000000000000000000
EQV 1559 0000000000000000000000000000000000017fff8000000000000000000
EQV 1560 0000000000000000000000000000000000017fff8000000000000000000
EQV 1561 0000000000000000000000000000000000017fff8000000000000000000
EQV 1562 0000000000000000000000000000000000017fff8000000000000000000
EQV 1563 0000000000000000000000000000000000017fff8000000000000000000
EQV 1564 0000000000000000000000000000000000017fff8000000000000000000
EQV 1565 0000000000000000000000000000000000017fff8000000000000000000
EQV 1566 0000000000000000000000000000000000017fff8000000000000000000
EQV 1567 0000000000000000000000000000000000017fff8000000000000000000
EQV 1568 0000000000000000000000000000000000017fff8000000000000000000
EQV 1569 0000000000000000000000000000000000017fff8000000000000000000
EQV 1570 0000000000000000000000000000000000017fff8000000000000000000
EQV 1571 0000000000000000000000000000000000017fff8000000000000000000
EQV 1572 0000000000000000000000000000000000017fff8000000000000000000
EQV 1573 0000000000000000000000000000000000017fff8000000000000000000
EQV 1574 0000000000000000000000000000000000017fff8000000000000000000
EQV 1575 0000000000000000000000000000000000017fff8000000000000000000
EQV 1576 0000000000000000000000000000000000017fff8000000000000000000
EQV 1577 0000000000000000000000000000000000017fff8000000000000000000
EQV 1578 0000000000000000000000000000000000017fff8000000000000000000
EQV 1579 0000000000000000000000000000000000017fff8000000000000000000
EQV 1580 0000000000000000000000000000000000017fff8000000000000000000
EQV 1581 0000000000000000000000000000000000017fff8000000000000000000
EQV 1582 0000000000000000000000000000000000017fff8000000000000000000
EQV 1583 0000000000000000000000000000000000017fff8000000000000000000
EQV 1584 0000000000000000000000000000000000017fff8000000000000000000
EQV 1585 0000000000000000000000000000000000017fff8000000000000000000
EQV 1586 0000000000000000000000000000000000017fff8000000000000000000
EQV 1587 0000000000000000000000000000000000017fff8000000000000000000
EQV 1588 0000000000000000000000000000000000017fff8000000000000000000
EQV 1589 0000000000000000000000000000000000017fff8000000000000000000
EQV 1590 0000000000000000000000000000000000017fff8000000000000000000
EQV 1591 0000000000000000000000000000000000017fff8000000000000000000
EQV 1592 0000000000000000000000000000000000017fff8000000000000000000
EQV 1593 0000000000000000000000000000000000017fff8000000000000000000
EQV 1594 0000000000000000000000000000000000017fff8000000000000000000
EQV 1595 0000000000000000000000000000000000017fff8000000000000000000
EQV 1596 0000000000000000000000000000000000017fff8000000000000000000
EQV 1597 0000000000000000000000000000000000017fff8000000000000000000
EQV 1598 0000000000000000000000000000000000017fff8000000000000000000
EQV 1599 0000000000000000000000000000000000017fff8000000000000000000
EQV 1600 0000000000000000000000000000000000017fff8000000000000000000
EQV 1601 1000000000000000000000000000000000017fff8000000000000000000
PASS  OPT-07
EQV 1602 280000000000000000000000000000000001fffedffe7fffaaa98000080
EQV 1603 28000000000000000000000000000000000000000000000000000000000
EQV 1604 28000000000000000000000000000000000000000000000000000000000
EQV 1605 00000000000000000000000000000000000000000000000000000000000
EQV 1606 0000000000000000000000000000000000007ffff000000000000000040
EQV 1607 2800000000000000000000000000000000007ffff000000000000000040
EQV 1608 0000000000000000000000000000000000007ffff000000000000000040
EQV 1609 1000000000000000000000000000000000007ffff000000000000000040
EQV 1610 2800000000000000000000000000000000017ffff000000000000000000
EQV 1611 2800000000000000000000000000000000017ffff000000000000000000
EQV 1612 2800000000000000000000000000000000017ffff000000000000000000
EQV 1613 2800000000000000000000000000000000017ffff000000000000000000
EQV 1614 0000000000000000000000000000000000017ffff000000000000000000
EQV 1615 0000000000000000000000000000000000017ffff000000000000000000
EQV 1616 0000000000000000000000000000000000017ffff000000000000000000
EQV 1617 0000000000000000000000000000000000017ffff000000000000000000
EQV 1618 0000000000000000000000000000000000017ffff000000000000000000
EQV 1619 0000000000000000000000000000000000017ffff000000000000000000
EQV 1620 0000000000000000000000000000000000017ffff000000000000000000
EQV 1621 0000000000000000000000000000000000017ffff000000000000000000
EQV 1622 0000000000000000000000000000000000017ffff000000000000000000
EQV 1623 0000000000000000000000000000000000017ffff000000000000000000
EQV 1624 0000000000000000000000000000000000017ffff000000000000000000
EQV 1625 0000000000000000000000000000000000017ffff000000000000000000
EQV 1626 0000000000000000000000000000000000017ffff000000000000000000
EQV 1627 0000000000000000000000000000000000017ffff000000000000000000
EQV 1628 0000000000000000000000000000000000017ffff000000000000000000
EQV 1629 0000000000000000000000000000000000017ffff000000000000000000
EQV 1630 0000000000000000000000000000000000017ffff000000000000000000
EQV 1631 0000000000000000000000000000000000017ffff000000000000000000
EQV 1632 0000000000000000000000000000000000017ffff000000000000000000
EQV 1633 0000000000000000000000000000000000017ffff000000000000000000
EQV 1634 0000000000000000000000000000000000017ffff000000000000000000
EQV 1635 0000000000000000000000000000000000017ffff000000000000000000
EQV 1636 0000000000000000000000000000000000017ffff000000000000000000
EQV 1637 0000000000000000000000000000000000017ffff000000000000000000
EQV 1638 0000000000000000000000000000000000017ffff000000000000000000
EQV 1639 0000000000000000000000000000000000017ffff000000000000000000
EQV 1640 0000000000000000000000000000000000017ffff000000000000000000
EQV 1641 0000000000000000000000000000000000017ffff000000000000000000
EQV 1642 0000000000000000000000000000000000017ffff000000000000000000
EQV 1643 0000000000000000000000000000000000017ffff000000000000000000
EQV 1644 0000000000000000000000000000000000017ffff000000000000000000
EQV 1645 0000000000000000000000000000000000017ffff000000000000000000
EQV 1646 0000000000000000000000000000000000017ffff000000000000000000
EQV 1647 0000000000000000000000000000000000017ffff000000000000000000
EQV 1648 0000000000000000000000000000000000017ffff000000000000000000
EQV 1649 0000000000000000000000000000000000017ffff000000000000000000
EQV 1650 0000000000000000000000000000000000017ffff000000000000000000
EQV 1651 0000000000000000000000000000000000017ffff000000000000000000
EQV 1652 0000000000000000000000000000000000017ffff000000000000000000
EQV 1653 0000000000000000000000000000000000017ffff000000000000000000
EQV 1654 0000000000000000000000000000000000017ffff000000000000000000
EQV 1655 0000000000000000000000000000000000017ffff000000000000000000
EQV 1656 0000000000000000000000000000000000017ffff000000000000000000
EQV 1657 0000000000000000000000000000000000017ffff000000000000000000
EQV 1658 0000000000000000000000000000000000017ffff000000000000000000
EQV 1659 0000000000000000000000000000000000017ffff000000000000000000
EQV 1660 0000000000000000000000000000000000017ffff000000000000000000
EQV 1661 0000000000000000000000000000000000017ffff000000000000000000
EQV 1662 0000000000000000000000000000000000017ffff000000000000000000
EQV 1663 0000000000000000000000000000000000017ffff000000000000000000
EQV 1664 0000000000000000000000000000000000017ffff000000000000000000
EQV 1665 1000000000000000000000000000000000017ffff000000000000000000
PASS  OPT-09
EQV 1666 280000000000000000000000000000000001fffff000000000000000090
EQV 1667 28000000000000000000000000000000000000000000000000000000000
EQV 1668 28000000000000000000000000000000000000000000000000000000000
EQV 1669 00000000000000000000000000000000000000000000000000000000000
EQV 1670 0000000000000000000000000000000000007fff8000000000000000040
EQV 1671 2800000000000000000000000000000000007fff8000000000000000040
EQV 1672 0000000000000000000000000000000000007fff8000000000000000040
EQV 1673 1000000000000000000000000000000000007fff8000000000000000040
EQV 1674 2800000000000000000000000000000000017fff8000000000000000000
EQV 1675 2800000000000000000000000000000000017fff8000000000000000000
EQV 1676 2800000000000000000000000000000000017fff8000000000000000000
EQV 1677 2800000000000000000000000000000000017fff8000000000000000000
EQV 1678 0000000000000000000000000000000000017fff8000000000000000000
EQV 1679 0000000000000000000000000000000000017fff8000000000000000000
EQV 1680 0000000000000000000000000000000000017fff8000000000000000000
PASS  OPT-10
EQV 1681 0000000000000000000000000000000000017fff8000000000000000000
EQV 1682 0000000000000000000000000000000000017fff8000000000000000000
EQV 1683 0000000000000000000000000000000000017fff8000000000000000000
EQV 1684 0000000000000000000000000000000000017fff8000000000000000000
EQV 1685 0000000000000000000000000000000000017fff8000000000000000000
EQV 1686 0000000000000000000000000000000000017fff8000000000000000000
EQV 1687 0000000000000000000000000000000000017fff8000000000000000000
EQV 1688 0000000000000000000000000000000000017fff8000000000000000000
EQV 1689 0000000000000000000000000000000000017fff8000000000000000000
EQV 1690 0000000000000000000000000000000000017fff8000000000000000000
EQV 1691 0000000000000000000000000000000000017fff8000000000000000000
EQV 1692 0000000000000000000000000000000000017fff8000000000000000000
EQV 1693 0000000000000000000000000000000000017fff8000000000000000000
EQV 1694 0000000000000000000000000000000000017fff8000000000000000000
EQV 1695 0000000000000000000000000000000000017fff8000000000000000000
EQV 1696 0000000000000000000000000000000000017fff8000000000000000000
EQV 1697 0000000000000000000000000000000000017fff8000000000000000000
EQV 1698 0000000000000000000000000000000000017fff8000000000000000000
EQV 1699 0000000000000000000000000000000000017fff8000000000000000000
EQV 1700 0000000000000000000000000000000000017fff8000000000000000000
EQV 1701 0000000000000000000000000000000000017fff8000000000000000000
EQV 1702 0000000000000000000000000000000000017fff8000000000000000000
EQV 1703 0000000000000000000000000000000000017fff8000000000000000000
EQV 1704 0000000000000000000000000000000000017fff8000000000000000000
EQV 1705 0000000000000000000000000000000000017fff8000000000000000000
EQV 1706 0000000000000000000000000000000000017fff8000000000000000000
EQV 1707 0000000000000000000000000000000000017fff8000000000000000000
EQV 1708 0000000000000000000000000000000000017fff8000000000000000000
EQV 1709 0000000000000000000000000000000000017fff8000000000000000000
EQV 1710 0000000000000000000000000000000000017fff8000000000000000000
EQV 1711 0000000000000000000000000000000000017fff8000000000000000000
EQV 1712 0000000000000000000000000000000000017fff8000000000000000000
EQV 1713 0000000000000000000000000000000000017fff8000000000000000000
EQV 1714 0000000000000000000000000000000000017fff8000000000000000000
EQV 1715 0000000000000000000000000000000000017fff8000000000000000000
EQV 1716 0000000000000000000000000000000000017fff8000000000000000000
EQV 1717 0000000000000000000000000000000000017fff8000000000000000000
EQV 1718 0000000000000000000000000000000000017fff8000000000000000000
EQV 1719 0000000000000000000000000000000000017fff8000000000000000000
EQV 1720 0000000000000000000000000000000000017fff8000000000000000000
EQV 1721 0000000000000000000000000000000000017fff8000000000000000000
EQV 1722 0000000000000000000000000000000000017fff8000000000000000000
EQV 1723 0000000000000000000000000000000000017fff8000000000000000000
EQV 1724 0000000000000000000000000000000000017fff8000000000000000000
EQV 1725 0000000000000000000000000000000000017fff8000000000000000000
EQV 1726 0000000000000000000000000000000000017fff8000000000000000000
EQV 1727 0000000000000000000000000000000000017fff8000000000000000000
EQV 1728 0000000000000000000000000000000000017fff8000000000000000000
PASS  OPT-11
EQV 1729 1000000000000000000000000000000000017fff8000000000000000000
EQV 1730 280000000000000000000000000000000001ffff85557fffaaa98000080
PASS  OPT-12
PASS  OPT-13
EQV 1731 280000000000000000000000000000000001ffff85557fffaaa98000080
EQV 1732 28000000000000000000000000000000000000000000000000000000000
EQV 1733 28000000000000000000000000000000000000000000000000000000000
EQV 1734 00000000000000000000000000000000000000000000000000000000000
EQV 1735 0000000000000000000000000000000000007fff8000000000000000040
EQV 1736 2800000000000000000000000000000000007fff8000000000000000040
EQV 1737 0000000000000000000000000000000000007fff8000000000000000040
EQV 1738 1000000000000000000000000000000000007fff8000000000000000040
EQV 1739 2800000000000000000000000000000000017fff8000000000000000000
EQV 1740 2800000000000000000000000000000000017fff8000000000000000000
EQV 1741 2800000000000000000000000000000000017fff8000000000000000000
EQV 1742 2800000000000000000000000000000000017fff8000000000000000000
EQV 1743 0000000000000000000000000000000000017fff8000000000000000000
EQV 1744 00000000000000000000000000000000000000000000000000000000000
EQV 1745 28000000000000000000000000000000000000000000000000000000000
EQV 1746 28000000000000000000000000000000000000000000000000000000000
EQV 1747 00000000000000000000000000000000000000000000000000000000000
EQV 1748 0000000000000000000000000000000000007fff8000000000000000040
EQV 1749 2800000000000000000000000000000000007fff8000000000000000040
EQV 1750 0000000000000000000000000000000000007fff8000000000000000040
EQV 1751 1000000000000000000000000000000000007fff8000000000000000040
EQV 1752 2800000000000000000000000000000000017fff8000000000000000000
EQV 1753 2800000000000000000000000000000000017fff8000000000000000000
EQV 1754 2800000000000000000000000000000000017fff8000000000000000000
EQV 1755 2800000000000000000000000000000000017fff8000000000000000000
EQV 1756 0000000000000000000000000000000000017fff8000000000000000000
EQV 1757 0000000000000000000000000000000000017fff8000000000000000000
EQV 1758 00000000000000000000000000000000000000000000000000000000000
EQV 1759 28000000000000000000000000000000000000000000000000000000000
EQV 1760 28000000000000000000000000000000000000000000000000000000000
EQV 1761 00000000000000000000000000000000000000000000000000000000000
EQV 1762 0000000000000000000000000000000000007fff8000000000000000040
EQV 1763 2800000000000000000000000000000000007fff8000000000000000040
EQV 1764 0000000000000000000000000000000000007fff8000000000000000040
EQV 1765 1000000000000000000000000000000000007fff8000000000000000040
EQV 1766 2800000000000000000000000000000000017fff8000000000000000000
EQV 1767 2800000000000000000000000000000000017fff8000000000000000000
EQV 1768 2800000000000000000000000000000000017fff8000000000000000000
EQV 1769 2800000000000000000000000000000000017fff8000000000000000000
EQV 1770 0000000000000000000000000000000000017fff8000000000000000000
EQV 1771 0000000000000000000000000000000000017fff8000000000000000000
EQV 1772 0000000000000000000000000000000000017fff8000000000000000000
EQV 1773 00000000000000000000000000000000000000000000000000000000000
EQV 1774 28000000000000000000000000000000000000000000000000000000000
EQV 1775 28000000000000000000000000000000000000000000000000000000000
EQV 1776 00000000000000000000000000000000000000000000000000000000000
EQV 1777 0000000000000000000000000000000000007fff8000000000000000040
EQV 1778 2800000000000000000000000000000000007fff8000000000000000040
EQV 1779 0000000000000000000000000000000000007fff8000000000000000040
EQV 1780 1000000000000000000000000000000000007fff8000000000000000040
EQV 1781 2800000000000000000000000000000000017fff8000000000000000000
EQV 1782 2800000000000000000000000000000000017fff8000000000000000000
EQV 1783 2800000000000000000000000000000000017fff8000000000000000000
EQV 1784 2800000000000000000000000000000000017fff8000000000000000000
EQV 1785 0000000000000000000000000000000000017fff8000000000000000000
EQV 1786 0000000000000000000000000000000000017fff8000000000000000000
EQV 1787 0000000000000000000000000000000000017fff8000000000000000000
EQV 1788 0000000000000000000000000000000000017fff8000000000000000000
EQV 1789 00000000000000000000000000000000000000000000000000000000000
EQV 1790 28000000000000000000000000000000000000000000000000000000000
EQV 1791 28000000000000000000000000000000000000000000000000000000000
EQV 1792 00000000000000000000000000000000000000000000000000000000000
EQV 1793 0000000000000000000000000000000000007fff8000000000000000040
EQV 1794 2800000000000000000000000000000000007fff8000000000000000040
EQV 1795 0000000000000000000000000000000000007fff8000000000000000040
EQV 1796 1000000000000000000000000000000000007fff8000000000000000040
EQV 1797 2800000000000000000000000000000000017fff8000000000000000000
EQV 1798 2800000000000000000000000000000000017fff8000000000000000000
EQV 1799 2800000000000000000000000000000000017fff8000000000000000000
EQV 1800 2800000000000000000000000000000000017fff8000000000000000000
EQV 1801 0000000000000000000000000000000000017fff8000000000000000000
EQV 1802 0000000000000000000000000000000000017fff8000000000000000000
EQV 1803 0000000000000000000000000000000000017fff8000000000000000000
EQV 1804 0000000000000000000000000000000000017fff8000000000000000000
EQV 1805 0000000000000000000000000000000000017fff8000000000000000000
EQV 1806 0000000000000000000000000000000000017fff8000000000000000000
EQV 1807 0000000000000000000000000000000000017fff8000000000000000000
EQV 1808 0000000000000000000000000000000000017fff8000000000000000000
EQV 1809 0000000000000000000000000000000000017fff8000000000000000000
EQV 1810 0000000000000000000000000000000000017fff8000000000000000000
EQV 1811 0000000000000000000000000000000000017fff8000000000000000000
EQV 1812 0000000000000000000000000000000000017fff8000000000000000000
EQV 1813 0000000000000000000000000000000000017fff8000000000000000000
EQV 1814 0000000000000000000000000000000000017fff8000000000000000000
EQV 1815 0000000000000000000000000000000000017fff8000000000000000000
EQV 1816 0000000000000000000000000000000000017fff8000000000000000000
EQV 1817 0000000000000000000000000000000000017fff8000000000000000000
EQV 1818 0000000000000000000000000000000000017fff8000000000000000000
EQV 1819 0000000000000000000000000000000000017fff8000000000000000000
EQV 1820 0000000000000000000000000000000000017fff8000000000000000000
EQV 1821 0000000000000000000000000000000000017fff8000000000000000000
EQV 1822 0000000000000000000000000000000000017fff8000000000000000000
EQV 1823 0000000000000000000000000000000000017fff8000000000000000000
EQV 1824 0000000000000000000000000000000000017fff8000000000000000000
EQV 1825 0000000000000000000000000000000000017fff8000000000000000000
EQV 1826 0000000000000000000000000000000000017fff8000000000000000000
EQV 1827 0000000000000000000000000000000000017fff8000000000000000000
EQV 1828 0000000000000000000000000000000000017fff8000000000000000000
EQV 1829 0000000000000000000000000000000000017fff8000000000000000000
EQV 1830 0000000000000000000000000000000000017fff8000000000000000000
EQV 1831 0000000000000000000000000000000000017fff8000000000000000000
EQV 1832 0000000000000000000000000000000000017fff8000000000000000000
EQV 1833 0000000000000000000000000000000000017fff8000000000000000000
EQV 1834 0000000000000000000000000000000000017fff8000000000000000000
EQV 1835 0000000000000000000000000000000000017fff8000000000000000000
EQV 1836 0000000000000000000000000000000000017fff8000000000000000000
EQV 1837 0000000000000000000000000000000000017fff8000000000000000000
EQV 1838 0000000000000000000000000000000000017fff8000000000000000000
EQV 1839 0000000000000000000000000000000000017fff8000000000000000000
EQV 1840 0000000000000000000000000000000000017fff8000000000000000000
EQV 1841 0000000000000000000000000000000000017fff8000000000000000000
EQV 1842 0000000000000000000000000000000000017fff8000000000000000000
EQV 1843 0000000000000000000000000000000000017fff8000000000000000000
EQV 1844 0000000000000000000000000000000000017fff8000000000000000000
EQV 1845 0000000000000000000000000000000000017fff8000000000000000000
EQV 1846 0000000000000000000000000000000000017fff8000000000000000000
EQV 1847 00000000000000000000000000000000000000000000000000000000000
EQV 1848 28000000000000000000000000000000000000000000000000000000000
EQV 1849 28000000000000000000000000000000000000000000000000000000000
EQV 1850 00000000000000000000000000000000000000000000000000000000000
EQV 1851 0000000000000000000000000000000000007fff8000000000000000040
EQV 1852 2800000000000000000000000000000000007fff8000000000000000040
EQV 1853 0000000000000000000000000000000000007fff8000000000000000040
EQV 1854 1000000000000000000000000000000000007fff8000000000000000040
EQV 1855 2800000000000000000000000000000000017fff8000000000000000000
EQV 1856 2800000000000000000000000000000000017fff8000000000000000000
EQV 1857 2800000000000000000000000000000000017fff8000000000000000000
EQV 1858 2800000000000000000000000000000000017fff8000000000000000000
EQV 1859 0000000000000000000000000000000000017fff8000000000000000000
EQV 1860 0000000000000000000000000000000000017fff8000000000000000000
EQV 1861 0000000000000000000000000000000000017fff8000000000000000000
EQV 1862 0000000000000000000000000000000000017fff8000000000000000000
EQV 1863 0000000000000000000000000000000000017fff8000000000000000000
EQV 1864 0000000000000000000000000000000000017fff8000000000000000000
EQV 1865 0000000000000000000000000000000000017fff8000000000000000000
EQV 1866 0000000000000000000000000000000000017fff8000000000000000000
EQV 1867 0000000000000000000000000000000000017fff8000000000000000000
EQV 1868 0000000000000000000000000000000000017fff8000000000000000000
EQV 1869 0000000000000000000000000000000000017fff8000000000000000000
EQV 1870 0000000000000000000000000000000000017fff8000000000000000000
EQV 1871 0000000000000000000000000000000000017fff8000000000000000000
EQV 1872 0000000000000000000000000000000000017fff8000000000000000000
EQV 1873 0000000000000000000000000000000000017fff8000000000000000000
EQV 1874 0000000000000000000000000000000000017fff8000000000000000000
EQV 1875 0000000000000000000000000000000000017fff8000000000000000000
EQV 1876 0000000000000000000000000000000000017fff8000000000000000000
EQV 1877 0000000000000000000000000000000000017fff8000000000000000000
EQV 1878 0000000000000000000000000000000000017fff8000000000000000000
EQV 1879 0000000000000000000000000000000000017fff8000000000000000000
EQV 1880 0000000000000000000000000000000000017fff8000000000000000000
EQV 1881 0000000000000000000000000000000000017fff8000000000000000000
EQV 1882 0000000000000000000000000000000000017fff8000000000000000000
EQV 1883 0000000000000000000000000000000000017fff8000000000000000000
EQV 1884 0000000000000000000000000000000000017fff8000000000000000000
EQV 1885 0000000000000000000000000000000000017fff8000000000000000000
EQV 1886 0000000000000000000000000000000000017fff8000000000000000000
EQV 1887 0000000000000000000000000000000000017fff8000000000000000000
EQV 1888 0000000000000000000000000000000000017fff8000000000000000000
EQV 1889 0000000000000000000000000000000000017fff8000000000000000000
EQV 1890 0000000000000000000000000000000000017fff8000000000000000000
EQV 1891 0000000000000000000000000000000000017fff8000000000000000000
EQV 1892 0000000000000000000000000000000000017fff8000000000000000000
EQV 1893 0000000000000000000000000000000000017fff8000000000000000000
EQV 1894 0000000000000000000000000000000000017fff8000000000000000000
EQV 1895 0000000000000000000000000000000000017fff8000000000000000000
EQV 1896 0000000000000000000000000000000000017fff8000000000000000000
EQV 1897 0000000000000000000000000000000000017fff8000000000000000000
EQV 1898 0000000000000000000000000000000000017fff8000000000000000000
EQV 1899 0000000000000000000000000000000000017fff8000000000000000000
EQV 1900 0000000000000000000000000000000000017fff8000000000000000000
EQV 1901 0000000000000000000000000000000000017fff8000000000000000000
EQV 1902 0000000000000000000000000000000000017fff8000000000000000000
EQV 1903 0000000000000000000000000000000000017fff8000000000000000000
EQV 1904 0000000000000000000000000000000000017fff8000000000000000000
EQV 1905 0000000000000000000000000000000000017fff8000000000000000000
EQV 1906 00000000000000000000000000000000000000000000000000000000000
EQV 1907 28000000000000000000000000000000000000000000000000000000000
EQV 1908 28000000000000000000000000000000000000000000000000000000000
EQV 1909 00000000000000000000000000000000000000000000000000000000000
EQV 1910 0000000000000000000000000000000000007fff8000000000000000040
EQV 1911 2800000000000000000000000000000000007fff8000000000000000040
EQV 1912 0000000000000000000000000000000000007fff8000000000000000040
EQV 1913 1000000000000000000000000000000000007fff8000000000000000040
EQV 1914 2800000000000000000000000000000000017fff8000000000000000000
EQV 1915 2800000000000000000000000000000000017fff8000000000000000000
EQV 1916 2800000000000000000000000000000000017fff8000000000000000000
EQV 1917 2800000000000000000000000000000000017fff8000000000000000000
EQV 1918 0000000000000000000000000000000000017fff8000000000000000000
EQV 1919 0000000000000000000000000000000000017fff8000000000000000000
EQV 1920 0000000000000000000000000000000000017fff8000000000000000000
EQV 1921 0000000000000000000000000000000000017fff8000000000000000000
EQV 1922 0000000000000000000000000000000000017fff8000000000000000000
EQV 1923 0000000000000000000000000000000000017fff8000000000000000000
EQV 1924 0000000000000000000000000000000000017fff8000000000000000000
EQV 1925 0000000000000000000000000000000000017fff8000000000000000000
EQV 1926 0000000000000000000000000000000000017fff8000000000000000000
EQV 1927 0000000000000000000000000000000000017fff8000000000000000000
EQV 1928 0000000000000000000000000000000000017fff8000000000000000000
EQV 1929 0000000000000000000000000000000000017fff8000000000000000000
EQV 1930 0000000000000000000000000000000000017fff8000000000000000000
EQV 1931 0000000000000000000000000000000000017fff8000000000000000000
EQV 1932 0000000000000000000000000000000000017fff8000000000000000000
EQV 1933 0000000000000000000000000000000000017fff8000000000000000000
EQV 1934 0000000000000000000000000000000000017fff8000000000000000000
EQV 1935 0000000000000000000000000000000000017fff8000000000000000000
EQV 1936 0000000000000000000000000000000000017fff8000000000000000000
EQV 1937 0000000000000000000000000000000000017fff8000000000000000000
EQV 1938 0000000000000000000000000000000000017fff8000000000000000000
EQV 1939 0000000000000000000000000000000000017fff8000000000000000000
EQV 1940 0000000000000000000000000000000000017fff8000000000000000000
EQV 1941 0000000000000000000000000000000000017fff8000000000000000000
EQV 1942 0000000000000000000000000000000000017fff8000000000000000000
EQV 1943 0000000000000000000000000000000000017fff8000000000000000000
EQV 1944 0000000000000000000000000000000000017fff8000000000000000000
EQV 1945 0000000000000000000000000000000000017fff8000000000000000000
EQV 1946 0000000000000000000000000000000000017fff8000000000000000000
EQV 1947 0000000000000000000000000000000000017fff8000000000000000000
EQV 1948 0000000000000000000000000000000000017fff8000000000000000000
EQV 1949 0000000000000000000000000000000000017fff8000000000000000000
EQV 1950 0000000000000000000000000000000000017fff8000000000000000000
EQV 1951 0000000000000000000000000000000000017fff8000000000000000000
EQV 1952 0000000000000000000000000000000000017fff8000000000000000000
EQV 1953 0000000000000000000000000000000000017fff8000000000000000000
EQV 1954 0000000000000000000000000000000000017fff8000000000000000000
EQV 1955 0000000000000000000000000000000000017fff8000000000000000000
EQV 1956 0000000000000000000000000000000000017fff8000000000000000000
EQV 1957 0000000000000000000000000000000000017fff8000000000000000000
EQV 1958 0000000000000000000000000000000000017fff8000000000000000000
EQV 1959 0000000000000000000000000000000000017fff8000000000000000000
EQV 1960 0000000000000000000000000000000000017fff8000000000000000000
EQV 1961 0000000000000000000000000000000000017fff8000000000000000000
EQV 1962 0000000000000000000000000000000000017fff8000000000000000000
EQV 1963 0000000000000000000000000000000000017fff8000000000000000000
EQV 1964 0000000000000000000000000000000000017fff8000000000000000000
EQV 1965 0000000000000000000000000000000000017fff8000000000000000000
EQV 1966 00000000000000000000000000000000000000000000000000000000000
EQV 1967 28000000000000000000000000000000000000000000000000000000000
EQV 1968 28000000000000000000000000000000000000000000000000000000000
EQV 1969 00000000000000000000000000000000000000000000000000000000000
EQV 1970 0000000000000000000000000000000000007fff8000000000000000040
EQV 1971 2800000000000000000000000000000000007fff8000000000000000040
EQV 1972 0000000000000000000000000000000000007fff8000000000000000040
EQV 1973 1000000000000000000000000000000000007fff8000000000000000040
EQV 1974 2800000000000000000000000000000000017fff8000000000000000000
EQV 1975 2800000000000000000000000000000000017fff8000000000000000000
EQV 1976 2800000000000000000000000000000000017fff8000000000000000000
EQV 1977 2800000000000000000000000000000000017fff8000000000000000000
EQV 1978 0000000000000000000000000000000000017fff8000000000000000000
EQV 1979 0000000000000000000000000000000000017fff8000000000000000000
EQV 1980 0000000000000000000000000000000000017fff8000000000000000000
EQV 1981 0000000000000000000000000000000000017fff8000000000000000000
EQV 1982 0000000000000000000000000000000000017fff8000000000000000000
EQV 1983 0000000000000000000000000000000000017fff8000000000000000000
EQV 1984 0000000000000000000000000000000000017fff8000000000000000000
EQV 1985 0000000000000000000000000000000000017fff8000000000000000000
EQV 1986 0000000000000000000000000000000000017fff8000000000000000000
EQV 1987 0000000000000000000000000000000000017fff8000000000000000000
EQV 1988 0000000000000000000000000000000000017fff8000000000000000000
EQV 1989 0000000000000000000000000000000000017fff8000000000000000000
EQV 1990 0000000000000000000000000000000000017fff8000000000000000000
EQV 1991 0000000000000000000000000000000000017fff8000000000000000000
EQV 1992 0000000000000000000000000000000000017fff8000000000000000000
EQV 1993 0000000000000000000000000000000000017fff8000000000000000000
EQV 1994 0000000000000000000000000000000000017fff8000000000000000000
EQV 1995 0000000000000000000000000000000000017fff8000000000000000000
EQV 1996 0000000000000000000000000000000000017fff8000000000000000000
EQV 1997 0000000000000000000000000000000000017fff8000000000000000000
EQV 1998 0000000000000000000000000000000000017fff8000000000000000000
EQV 1999 0000000000000000000000000000000000017fff8000000000000000000
EQV 2000 0000000000000000000000000000000000017fff8000000000000000000
EQV 2001 0000000000000000000000000000000000017fff8000000000000000000
EQV 2002 0000000000000000000000000000000000017fff8000000000000000000
EQV 2003 0000000000000000000000000000000000017fff8000000000000000000
EQV 2004 0000000000000000000000000000000000017fff8000000000000000000
EQV 2005 0000000000000000000000000000000000017fff8000000000000000000
EQV 2006 0000000000000000000000000000000000017fff8000000000000000000
EQV 2007 0000000000000000000000000000000000017fff8000000000000000000
EQV 2008 0000000000000000000000000000000000017fff8000000000000000000
EQV 2009 0000000000000000000000000000000000017fff8000000000000000000
EQV 2010 0000000000000000000000000000000000017fff8000000000000000000
EQV 2011 0000000000000000000000000000000000017fff8000000000000000000
EQV 2012 0000000000000000000000000000000000017fff8000000000000000000
EQV 2013 0000000000000000000000000000000000017fff8000000000000000000
EQV 2014 0000000000000000000000000000000000017fff8000000000000000000
EQV 2015 0000000000000000000000000000000000017fff8000000000000000000
EQV 2016 0000000000000000000000000000000000017fff8000000000000000000
EQV 2017 0000000000000000000000000000000000017fff8000000000000000000
EQV 2018 0000000000000000000000000000000000017fff8000000000000000000
EQV 2019 0000000000000000000000000000000000017fff8000000000000000000
EQV 2020 0000000000000000000000000000000000017fff8000000000000000000
EQV 2021 0000000000000000000000000000000000017fff8000000000000000000
EQV 2022 0000000000000000000000000000000000017fff8000000000000000000
EQV 2023 0000000000000000000000000000000000017fff8000000000000000000
EQV 2024 0000000000000000000000000000000000017fff8000000000000000000
EQV 2025 0000000000000000000000000000000000017fff8000000000000000000
EQV 2026 0000000000000000000000000000000000017fff8000000000000000000
EQV 2027 00000000000000000000000000000000000000000000000000000000000
EQV 2028 28000000000000000000000000000000000000000000000000000000000
EQV 2029 28000000000000000000000000000000000000000000000000000000000
EQV 2030 00000000000000000000000000000000000000000000000000000000000
EQV 2031 0000000000000000000000000000000000007fff8000000000000000040
EQV 2032 2800000000000000000000000000000000007fff8000000000000000040
EQV 2033 0000000000000000000000000000000000007fff8000000000000000040
EQV 2034 1000000000000000000000000000000000007fff8000000000000000040
EQV 2035 2800000000000000000000000000000000017fff8000000000000000000
EQV 2036 2800000000000000000000000000000000017fff8000000000000000000
EQV 2037 2800000000000000000000000000000000017fff8000000000000000000
EQV 2038 2800000000000000000000000000000000017fff8000000000000000000
EQV 2039 0000000000000000000000000000000000017fff8000000000000000000
EQV 2040 0000000000000000000000000000000000017fff8000000000000000000
EQV 2041 0000000000000000000000000000000000017fff8000000000000000000
EQV 2042 0000000000000000000000000000000000017fff8000000000000000000
EQV 2043 0000000000000000000000000000000000017fff8000000000000000000
EQV 2044 0000000000000000000000000000000000017fff8000000000000000000
EQV 2045 0000000000000000000000000000000000017fff8000000000000000000
EQV 2046 0000000000000000000000000000000000017fff8000000000000000000
EQV 2047 0000000000000000000000000000000000017fff8000000000000000000
EQV 2048 0000000000000000000000000000000000017fff8000000000000000000
EQV 2049 0000000000000000000000000000000000017fff8000000000000000000
EQV 2050 0000000000000000000000000000000000017fff8000000000000000000
EQV 2051 0000000000000000000000000000000000017fff8000000000000000000
EQV 2052 0000000000000000000000000000000000017fff8000000000000000000
EQV 2053 0000000000000000000000000000000000017fff8000000000000000000
EQV 2054 0000000000000000000000000000000000017fff8000000000000000000
EQV 2055 0000000000000000000000000000000000017fff8000000000000000000
EQV 2056 0000000000000000000000000000000000017fff8000000000000000000
EQV 2057 0000000000000000000000000000000000017fff8000000000000000000
EQV 2058 0000000000000000000000000000000000017fff8000000000000000000
EQV 2059 0000000000000000000000000000000000017fff8000000000000000000
EQV 2060 0000000000000000000000000000000000017fff8000000000000000000
EQV 2061 0000000000000000000000000000000000017fff8000000000000000000
EQV 2062 0000000000000000000000000000000000017fff8000000000000000000
EQV 2063 0000000000000000000000000000000000017fff8000000000000000000
EQV 2064 0000000000000000000000000000000000017fff8000000000000000000
EQV 2065 0000000000000000000000000000000000017fff8000000000000000000
EQV 2066 0000000000000000000000000000000000017fff8000000000000000000
EQV 2067 0000000000000000000000000000000000017fff8000000000000000000
EQV 2068 0000000000000000000000000000000000017fff8000000000000000000
EQV 2069 0000000000000000000000000000000000017fff8000000000000000000
EQV 2070 0000000000000000000000000000000000017fff8000000000000000000
EQV 2071 0000000000000000000000000000000000017fff8000000000000000000
EQV 2072 0000000000000000000000000000000000017fff8000000000000000000
EQV 2073 0000000000000000000000000000000000017fff8000000000000000000
EQV 2074 0000000000000000000000000000000000017fff8000000000000000000
EQV 2075 0000000000000000000000000000000000017fff8000000000000000000
EQV 2076 0000000000000000000000000000000000017fff8000000000000000000
EQV 2077 0000000000000000000000000000000000017fff8000000000000000000
EQV 2078 0000000000000000000000000000000000017fff8000000000000000000
EQV 2079 0000000000000000000000000000000000017fff8000000000000000000
EQV 2080 0000000000000000000000000000000000017fff8000000000000000000
EQV 2081 0000000000000000000000000000000000017fff8000000000000000000
EQV 2082 0000000000000000000000000000000000017fff8000000000000000000
EQV 2083 0000000000000000000000000000000000017fff8000000000000000000
EQV 2084 0000000000000000000000000000000000017fff8000000000000000000
EQV 2085 0000000000000000000000000000000000017fff8000000000000000000
EQV 2086 0000000000000000000000000000000000017fff8000000000000000000
EQV 2087 0000000000000000000000000000000000017fff8000000000000000000
EQV 2088 0000000000000000000000000000000000017fff8000000000000000000
EQV 2089 00000000000000000000000000000000000000000000000000000000000
EQV 2090 28000000000000000000000000000000000000000000000000000000000
EQV 2091 28000000000000000000000000000000000000000000000000000000000
EQV 2092 00000000000000000000000000000000000000000000000000000000000
EQV 2093 0000000000000000000000000000000000007fff8000000000000000040
EQV 2094 2800000000000000000000000000000000007fff8000000000000000040
EQV 2095 0000000000000000000000000000000000007fff8000000000000000040
EQV 2096 1000000000000000000000000000000000007fff8000000000000000040
EQV 2097 2800000000000000000000000000000000017fff8000000000000000000
EQV 2098 2800000000000000000000000000000000017fff8000000000000000000
EQV 2099 2800000000000000000000000000000000017fff8000000000000000000
EQV 2100 2800000000000000000000000000000000017fff8000000000000000000
EQV 2101 0000000000000000000000000000000000017fff8000000000000000000
EQV 2102 0000000000000000000000000000000000017fff8000000000000000000
EQV 2103 0000000000000000000000000000000000017fff8000000000000000000
EQV 2104 0000000000000000000000000000000000017fff8000000000000000000
EQV 2105 0000000000000000000000000000000000017fff8000000000000000000
EQV 2106 0000000000000000000000000000000000017fff8000000000000000000
EQV 2107 0000000000000000000000000000000000017fff8000000000000000000
EQV 2108 0000000000000000000000000000000000017fff8000000000000000000
EQV 2109 0000000000000000000000000000000000017fff8000000000000000000
EQV 2110 0000000000000000000000000000000000017fff8000000000000000000
EQV 2111 0000000000000000000000000000000000017fff8000000000000000000
EQV 2112 0000000000000000000000000000000000017fff8000000000000000000
EQV 2113 0000000000000000000000000000000000017fff8000000000000000000
EQV 2114 0000000000000000000000000000000000017fff8000000000000000000
EQV 2115 0000000000000000000000000000000000017fff8000000000000000000
EQV 2116 0000000000000000000000000000000000017fff8000000000000000000
EQV 2117 0000000000000000000000000000000000017fff8000000000000000000
EQV 2118 0000000000000000000000000000000000017fff8000000000000000000
EQV 2119 0000000000000000000000000000000000017fff8000000000000000000
EQV 2120 0000000000000000000000000000000000017fff8000000000000000000
EQV 2121 0000000000000000000000000000000000017fff8000000000000000000
EQV 2122 0000000000000000000000000000000000017fff8000000000000000000
EQV 2123 0000000000000000000000000000000000017fff8000000000000000000
EQV 2124 0000000000000000000000000000000000017fff8000000000000000000
EQV 2125 0000000000000000000000000000000000017fff8000000000000000000
EQV 2126 0000000000000000000000000000000000017fff8000000000000000000
EQV 2127 0000000000000000000000000000000000017fff8000000000000000000
EQV 2128 0000000000000000000000000000000000017fff8000000000000000000
EQV 2129 0000000000000000000000000000000000017fff8000000000000000000
EQV 2130 0000000000000000000000000000000000017fff8000000000000000000
EQV 2131 0000000000000000000000000000000000017fff8000000000000000000
EQV 2132 0000000000000000000000000000000000017fff8000000000000000000
EQV 2133 0000000000000000000000000000000000017fff8000000000000000000
EQV 2134 0000000000000000000000000000000000017fff8000000000000000000
EQV 2135 0000000000000000000000000000000000017fff8000000000000000000
EQV 2136 0000000000000000000000000000000000017fff8000000000000000000
EQV 2137 0000000000000000000000000000000000017fff8000000000000000000
EQV 2138 0000000000000000000000000000000000017fff8000000000000000000
EQV 2139 0000000000000000000000000000000000017fff8000000000000000000
EQV 2140 0000000000000000000000000000000000017fff8000000000000000000
EQV 2141 0000000000000000000000000000000000017fff8000000000000000000
EQV 2142 0000000000000000000000000000000000017fff8000000000000000000
EQV 2143 0000000000000000000000000000000000017fff8000000000000000000
EQV 2144 0000000000000000000000000000000000017fff8000000000000000000
EQV 2145 0000000000000000000000000000000000017fff8000000000000000000
EQV 2146 0000000000000000000000000000000000017fff8000000000000000000
EQV 2147 0000000000000000000000000000000000017fff8000000000000000000
EQV 2148 0000000000000000000000000000000000017fff8000000000000000000
EQV 2149 0000000000000000000000000000000000017fff8000000000000000000
EQV 2150 0000000000000000000000000000000000017fff8000000000000000000
EQV 2151 0000000000000000000000000000000000017fff8000000000000000000
EQV 2152 00000000000000000000000000000000000000000000000000000000000
EQV 2153 28000000000000000000000000000000000000000000000000000000000
EQV 2154 28000000000000000000000000000000000000000000000000000000000
EQV 2155 00000000000000000000000000000000000000000000000000000000000
EQV 2156 0000000000000000000000000000000000007fff8000000000000000040
EQV 2157 2800000000000000000000000000000000007fff8000000000000000040
EQV 2158 0000000000000000000000000000000000007fff8000000000000000040
EQV 2159 1000000000000000000000000000000000007fff8000000000000000040
EQV 2160 2800000000000000000000000000000000017fff8000000000000000000
EQV 2161 2800000000000000000000000000000000017fff8000000000000000000
EQV 2162 2800000000000000000000000000000000017fff8000000000000000000
EQV 2163 2800000000000000000000000000000000017fff8000000000000000000
EQV 2164 0000000000000000000000000000000000017fff8000000000000000000
EQV 2165 0000000000000000000000000000000000017fff8000000000000000000
EQV 2166 0000000000000000000000000000000000017fff8000000000000000000
EQV 2167 0000000000000000000000000000000000017fff8000000000000000000
EQV 2168 0000000000000000000000000000000000017fff8000000000000000000
EQV 2169 0000000000000000000000000000000000017fff8000000000000000000
EQV 2170 0000000000000000000000000000000000017fff8000000000000000000
EQV 2171 0000000000000000000000000000000000017fff8000000000000000000
EQV 2172 0000000000000000000000000000000000017fff8000000000000000000
EQV 2173 0000000000000000000000000000000000017fff8000000000000000000
EQV 2174 0000000000000000000000000000000000017fff8000000000000000000
EQV 2175 0000000000000000000000000000000000017fff8000000000000000000
EQV 2176 0000000000000000000000000000000000017fff8000000000000000000
EQV 2177 0000000000000000000000000000000000017fff8000000000000000000
EQV 2178 0000000000000000000000000000000000017fff8000000000000000000
EQV 2179 0000000000000000000000000000000000017fff8000000000000000000
EQV 2180 0000000000000000000000000000000000017fff8000000000000000000
EQV 2181 0000000000000000000000000000000000017fff8000000000000000000
EQV 2182 0000000000000000000000000000000000017fff8000000000000000000
EQV 2183 0000000000000000000000000000000000017fff8000000000000000000
EQV 2184 0000000000000000000000000000000000017fff8000000000000000000
EQV 2185 0000000000000000000000000000000000017fff8000000000000000000
EQV 2186 0000000000000000000000000000000000017fff8000000000000000000
EQV 2187 0000000000000000000000000000000000017fff8000000000000000000
EQV 2188 0000000000000000000000000000000000017fff8000000000000000000
EQV 2189 0000000000000000000000000000000000017fff8000000000000000000
EQV 2190 0000000000000000000000000000000000017fff8000000000000000000
EQV 2191 0000000000000000000000000000000000017fff8000000000000000000
EQV 2192 0000000000000000000000000000000000017fff8000000000000000000
EQV 2193 0000000000000000000000000000000000017fff8000000000000000000
EQV 2194 0000000000000000000000000000000000017fff8000000000000000000
EQV 2195 0000000000000000000000000000000000017fff8000000000000000000
EQV 2196 0000000000000000000000000000000000017fff8000000000000000000
EQV 2197 0000000000000000000000000000000000017fff8000000000000000000
EQV 2198 0000000000000000000000000000000000017fff8000000000000000000
EQV 2199 0000000000000000000000000000000000017fff8000000000000000000
EQV 2200 0000000000000000000000000000000000017fff8000000000000000000
EQV 2201 0000000000000000000000000000000000017fff8000000000000000000
EQV 2202 0000000000000000000000000000000000017fff8000000000000000000
EQV 2203 0000000000000000000000000000000000017fff8000000000000000000
EQV 2204 0000000000000000000000000000000000017fff8000000000000000000
EQV 2205 0000000000000000000000000000000000017fff8000000000000000000
EQV 2206 0000000000000000000000000000000000017fff8000000000000000000
EQV 2207 0000000000000000000000000000000000017fff8000000000000000000
EQV 2208 0000000000000000000000000000000000017fff8000000000000000000
EQV 2209 0000000000000000000000000000000000017fff8000000000000000000
EQV 2210 0000000000000000000000000000000000017fff8000000000000000000
EQV 2211 0000000000000000000000000000000000017fff8000000000000000000
EQV 2212 0000000000000000000000000000000000017fff8000000000000000000
EQV 2213 0000000000000000000000000000000000017fff8000000000000000000
EQV 2214 0000000000000000000000000000000000017fff8000000000000000000
EQV 2215 1000000000000000000000000000000000017fff8000000000000000000
PASS  OPT-14
EQV 2216 00000000000000000000000000000000000000000000000000000000000
EQV 2217 28000000000000000000000000000000000000000000000000000000000
EQV 2218 28000000000000000000000000000000000000000000000000000000000
EQV 2219 00000000000000000000000000000000000000000000000000000000000
EQV 2220 0000000000000000000000000000000000007fff8000000000000000040
EQV 2221 2800000000000000000000000000000000007fff8000000000000000040
EQV 2222 0000000000000000000000000000000000007fff8000000000000000040
EQV 2223 1000000000000000000000000000000000007fff8000000000000000040
EQV 2224 2800000000000000000000000000000000017fff8000000000000000000
EQV 2225 2800000000000000000000000000000000017fff8000000000000000000
EQV 2226 2800000000000000000000000000000000017fff8000000000000000000
EQV 2227 2800000000000000000000000000000000017fff8000000000000000000
EQV 2228 0000000000000000000000000000000000017fff8000000000000000000
EQV 2229 00000000000000000000000000000000000000000000000000000000000
EQV 2230 28000000000000000000000000000000000000000000000000000000000
EQV 2231 28000000000000000000000000000000000000000000000000000000000
EQV 2232 00000000000000000000000000000000000000000000000000000000000
EQV 2233 0000000000000000000000000000000000007fff8000000000000000040
EQV 2234 2800000000000000000000000000000000007fff8000000000000000040
EQV 2235 0000000000000000000000000000000000007fff8000000000000000040
EQV 2236 1000000000000000000000000000000000007fff8000000000000000040
EQV 2237 2800000000000000000000000000000000017fff8000000000000000000
EQV 2238 2800000000000000000000000000000000017fff8000000000000000000
EQV 2239 2800000000000000000000000000000000017fff8000000000000000000
EQV 2240 2800000000000000000000000000000000017fff8000000000000000000
EQV 2241 0000000000000000000000000000000000017fff8000000000000000000
EQV 2242 0000000000000000000000000000000000017fff8000000000000000000
EQV 2243 00000000000000000000000000000000000000000000000000000000000
EQV 2244 28000000000000000000000000000000000000000000000000000000000
EQV 2245 28000000000000000000000000000000000000000000000000000000000
EQV 2246 00000000000000000000000000000000000000000000000000000000000
EQV 2247 0000000000000000000000000000000000007fff8000000000000000040
EQV 2248 2800000000000000000000000000000000007fff8000000000000000040
EQV 2249 0000000000000000000000000000000000007fff8000000000000000040
EQV 2250 1000000000000000000000000000000000007fff8000000000000000040
EQV 2251 2800000000000000000000000000000000017fff8000000000000000000
EQV 2252 2800000000000000000000000000000000017fff8000000000000000000
EQV 2253 2800000000000000000000000000000000017fff8000000000000000000
EQV 2254 2800000000000000000000000000000000017fff8000000000000000000
EQV 2255 0000000000000000000000000000000000017fff8000000000000000000
EQV 2256 0000000000000000000000000000000000017fff8000000000000000000
EQV 2257 0000000000000000000000000000000000017fff8000000000000000000
EQV 2258 00000000000000000000000000000000000000000000000000000000000
EQV 2259 28000000000000000000000000000000000000000000000000000000000
EQV 2260 28000000000000000000000000000000000000000000000000000000000
EQV 2261 00000000000000000000000000000000000000000000000000000000000
EQV 2262 0000000000000000000000000000000000007fff8000000000000000040
EQV 2263 2800000000000000000000000000000000007fff8000000000000000040
EQV 2264 0000000000000000000000000000000000007fff8000000000000000040
EQV 2265 1000000000000000000000000000000000007fff8000000000000000040
EQV 2266 2800000000000000000000000000000000017fff8000000000000000000
EQV 2267 2800000000000000000000000000000000017fff8000000000000000000
EQV 2268 2800000000000000000000000000000000017fff8000000000000000000
EQV 2269 2800000000000000000000000000000000017fff8000000000000000000
EQV 2270 0000000000000000000000000000000000017fff8000000000000000000
EQV 2271 0000000000000000000000000000000000017fff8000000000000000000
EQV 2272 0000000000000000000000000000000000017fff8000000000000000000
EQV 2273 0000000000000000000000000000000000017fff8000000000000000000
EQV 2274 00000000000000000000000000000000000000000000000000000000000
EQV 2275 28000000000000000000000000000000000000000000000000000000000
EQV 2276 28000000000000000000000000000000000000000000000000000000000
EQV 2277 00000000000000000000000000000000000000000000000000000000000
EQV 2278 0000000000000000000000000000000000007fff8000000000000000040
EQV 2279 2800000000000000000000000000000000007fff8000000000000000040
EQV 2280 0000000000000000000000000000000000007fff8000000000000000040
EQV 2281 1000000000000000000000000000000000007fff8000000000000000040
EQV 2282 2800000000000000000000000000000000017fff8000000000000000000
EQV 2283 2800000000000000000000000000000000017fff8000000000000000000
EQV 2284 2800000000000000000000000000000000017fff8000000000000000000
EQV 2285 2800000000000000000000000000000000017fff8000000000000000000
EQV 2286 0000000000000000000000000000000000017fff8000000000000000000
EQV 2287 0000000000000000000000000000000000017fff8000000000000000000
EQV 2288 0000000000000000000000000000000000017fff8000000000000000000
EQV 2289 0000000000000000000000000000000000017fff8000000000000000000
EQV 2290 0000000000000000000000000000000000017fff8000000000000000000
EQV 2291 0000000000000000000000000000000000017fff8000000000000000000
EQV 2292 0000000000000000000000000000000000017fff8000000000000000000
EQV 2293 0000000000000000000000000000000000017fff8000000000000000000
EQV 2294 0000000000000000000000000000000000017fff8000000000000000000
EQV 2295 0000000000000000000000000000000000017fff8000000000000000000
EQV 2296 0000000000000000000000000000000000017fff8000000000000000000
EQV 2297 0000000000000000000000000000000000017fff8000000000000000000
EQV 2298 0000000000000000000000000000000000017fff8000000000000000000
EQV 2299 0000000000000000000000000000000000017fff8000000000000000000
EQV 2300 0000000000000000000000000000000000017fff8000000000000000000
EQV 2301 0000000000000000000000000000000000017fff8000000000000000000
EQV 2302 0000000000000000000000000000000000017fff8000000000000000000
EQV 2303 0000000000000000000000000000000000017fff8000000000000000000
EQV 2304 0000000000000000000000000000000000017fff8000000000000000000
EQV 2305 0000000000000000000000000000000000017fff8000000000000000000
EQV 2306 0000000000000000000000000000000000017fff8000000000000000000
EQV 2307 0000000000000000000000000000000000017fff8000000000000000000
EQV 2308 0000000000000000000000000000000000017fff8000000000000000000
EQV 2309 0000000000000000000000000000000000017fff8000000000000000000
EQV 2310 0000000000000000000000000000000000017fff8000000000000000000
EQV 2311 0000000000000000000000000000000000017fff8000000000000000000
EQV 2312 0000000000000000000000000000000000017fff8000000000000000000
EQV 2313 0000000000000000000000000000000000017fff8000000000000000000
EQV 2314 0000000000000000000000000000000000017fff8000000000000000000
EQV 2315 0000000000000000000000000000000000017fff8000000000000000000
EQV 2316 0000000000000000000000000000000000017fff8000000000000000000
EQV 2317 0000000000000000000000000000000000017fff8000000000000000000
EQV 2318 0000000000000000000000000000000000017fff8000000000000000000
EQV 2319 0000000000000000000000000000000000017fff8000000000000000000
EQV 2320 0000000000000000000000000000000000017fff8000000000000000000
EQV 2321 0000000000000000000000000000000000017fff8000000000000000000
EQV 2322 0000000000000000000000000000000000017fff8000000000000000000
EQV 2323 0000000000000000000000000000000000017fff8000000000000000000
EQV 2324 0000000000000000000000000000000000017fff8000000000000000000
EQV 2325 0000000000000000000000000000000000017fff8000000000000000000
EQV 2326 0000000000000000000000000000000000017fff8000000000000000000
EQV 2327 0000000000000000000000000000000000017fff8000000000000000000
EQV 2328 0000000000000000000000000000000000017fff8000000000000000000
EQV 2329 0000000000000000000000000000000000017fff8000000000000000000
EQV 2330 0000000000000000000000000000000000017fff8000000000000000000
EQV 2331 0000000000000000000000000000000000017fff8000000000000000000
EQV 2332 00000000000000000000000000000000000000000000000000000000000
EQV 2333 28000000000000000000000000000000000000000000000000000000000
EQV 2334 28000000000000000000000000000000000000000000000000000000000
EQV 2335 00000000000000000000000000000000000000000000000000000000000
EQV 2336 0000000000000000000000000000000000007fff8000000000000000040
EQV 2337 2800000000000000000000000000000000007fff8000000000000000040
EQV 2338 0000000000000000000000000000000000007fff8000000000000000040
EQV 2339 1000000000000000000000000000000000007fff8000000000000000040
EQV 2340 2800000000000000000000000000000000017fff8000000000000000000
EQV 2341 2800000000000000000000000000000000017fff8000000000000000000
EQV 2342 2800000000000000000000000000000000017fff8000000000000000000
EQV 2343 2800000000000000000000000000000000017fff8000000000000000000
EQV 2344 0000000000000000000000000000000000017fff8000000000000000000
EQV 2345 0000000000000000000000000000000000017fff8000000000000000000
EQV 2346 0000000000000000000000000000000000017fff8000000000000000000
EQV 2347 0000000000000000000000000000000000017fff8000000000000000000
EQV 2348 0000000000000000000000000000000000017fff8000000000000000000
EQV 2349 0000000000000000000000000000000000017fff8000000000000000000
EQV 2350 0000000000000000000000000000000000017fff8000000000000000000
EQV 2351 0000000000000000000000000000000000017fff8000000000000000000
EQV 2352 0000000000000000000000000000000000017fff8000000000000000000
EQV 2353 0000000000000000000000000000000000017fff8000000000000000000
EQV 2354 0000000000000000000000000000000000017fff8000000000000000000
EQV 2355 0000000000000000000000000000000000017fff8000000000000000000
EQV 2356 0000000000000000000000000000000000017fff8000000000000000000
EQV 2357 0000000000000000000000000000000000017fff8000000000000000000
EQV 2358 0000000000000000000000000000000000017fff8000000000000000000
EQV 2359 0000000000000000000000000000000000017fff8000000000000000000
EQV 2360 0000000000000000000000000000000000017fff8000000000000000000
EQV 2361 0000000000000000000000000000000000017fff8000000000000000000
EQV 2362 0000000000000000000000000000000000017fff8000000000000000000
EQV 2363 0000000000000000000000000000000000017fff8000000000000000000
EQV 2364 0000000000000000000000000000000000017fff8000000000000000000
EQV 2365 0000000000000000000000000000000000017fff8000000000000000000
EQV 2366 0000000000000000000000000000000000017fff8000000000000000000
EQV 2367 0000000000000000000000000000000000017fff8000000000000000000
EQV 2368 0000000000000000000000000000000000017fff8000000000000000000
EQV 2369 0000000000000000000000000000000000017fff8000000000000000000
EQV 2370 0000000000000000000000000000000000017fff8000000000000000000
EQV 2371 0000000000000000000000000000000000017fff8000000000000000000
EQV 2372 0000000000000000000000000000000000017fff8000000000000000000
EQV 2373 0000000000000000000000000000000000017fff8000000000000000000
EQV 2374 0000000000000000000000000000000000017fff8000000000000000000
EQV 2375 0000000000000000000000000000000000017fff8000000000000000000
EQV 2376 0000000000000000000000000000000000017fff8000000000000000000
EQV 2377 0000000000000000000000000000000000017fff8000000000000000000
EQV 2378 0000000000000000000000000000000000017fff8000000000000000000
EQV 2379 0000000000000000000000000000000000017fff8000000000000000000
EQV 2380 0000000000000000000000000000000000017fff8000000000000000000
EQV 2381 0000000000000000000000000000000000017fff8000000000000000000
EQV 2382 0000000000000000000000000000000000017fff8000000000000000000
EQV 2383 0000000000000000000000000000000000017fff8000000000000000000
EQV 2384 0000000000000000000000000000000000017fff8000000000000000000
EQV 2385 0000000000000000000000000000000000017fff8000000000000000000
EQV 2386 0000000000000000000000000000000000017fff8000000000000000000
EQV 2387 0000000000000000000000000000000000017fff8000000000000000000
EQV 2388 0000000000000000000000000000000000017fff8000000000000000000
EQV 2389 0000000000000000000000000000000000017fff8000000000000000000
EQV 2390 0000000000000000000000000000000000017fff8000000000000000000
EQV 2391 00000000000000000000000000000000000000000000000000000000000
EQV 2392 28000000000000000000000000000000000000000000000000000000000
EQV 2393 28000000000000000000000000000000000000000000000000000000000
EQV 2394 00000000000000000000000000000000000000000000000000000000000
EQV 2395 0000000000000000000000000000000000007fff8000000000000000040
EQV 2396 2800000000000000000000000000000000007fff8000000000000000040
EQV 2397 0000000000000000000000000000000000007fff8000000000000000040
EQV 2398 1000000000000000000000000000000000007fff8000000000000000040
EQV 2399 2800000000000000000000000000000000017fff8000000000000000000
EQV 2400 2800000000000000000000000000000000017fff8000000000000000000
EQV 2401 2800000000000000000000000000000000017fff8000000000000000000
EQV 2402 2800000000000000000000000000000000017fff8000000000000000000
EQV 2403 0000000000000000000000000000000000017fff8000000000000000000
EQV 2404 0000000000000000000000000000000000017fff8000000000000000000
EQV 2405 0000000000000000000000000000000000017fff8000000000000000000
EQV 2406 0000000000000000000000000000000000017fff8000000000000000000
EQV 2407 0000000000000000000000000000000000017fff8000000000000000000
EQV 2408 0000000000000000000000000000000000017fff8000000000000000000
EQV 2409 0000000000000000000000000000000000017fff8000000000000000000
EQV 2410 0000000000000000000000000000000000017fff8000000000000000000
EQV 2411 0000000000000000000000000000000000017fff8000000000000000000
EQV 2412 0000000000000000000000000000000000017fff8000000000000000000
EQV 2413 0000000000000000000000000000000000017fff8000000000000000000
EQV 2414 0000000000000000000000000000000000017fff8000000000000000000
EQV 2415 0000000000000000000000000000000000017fff8000000000000000000
EQV 2416 0000000000000000000000000000000000017fff8000000000000000000
EQV 2417 0000000000000000000000000000000000017fff8000000000000000000
EQV 2418 0000000000000000000000000000000000017fff8000000000000000000
EQV 2419 0000000000000000000000000000000000017fff8000000000000000000
EQV 2420 0000000000000000000000000000000000017fff8000000000000000000
EQV 2421 0000000000000000000000000000000000017fff8000000000000000000
EQV 2422 0000000000000000000000000000000000017fff8000000000000000000
EQV 2423 0000000000000000000000000000000000017fff8000000000000000000
EQV 2424 0000000000000000000000000000000000017fff8000000000000000000
EQV 2425 0000000000000000000000000000000000017fff8000000000000000000
EQV 2426 0000000000000000000000000000000000017fff8000000000000000000
EQV 2427 0000000000000000000000000000000000017fff8000000000000000000
EQV 2428 0000000000000000000000000000000000017fff8000000000000000000
EQV 2429 0000000000000000000000000000000000017fff8000000000000000000
EQV 2430 0000000000000000000000000000000000017fff8000000000000000000
EQV 2431 0000000000000000000000000000000000017fff8000000000000000000
EQV 2432 0000000000000000000000000000000000017fff8000000000000000000
EQV 2433 0000000000000000000000000000000000017fff8000000000000000000
EQV 2434 0000000000000000000000000000000000017fff8000000000000000000
EQV 2435 0000000000000000000000000000000000017fff8000000000000000000
EQV 2436 0000000000000000000000000000000000017fff8000000000000000000
EQV 2437 0000000000000000000000000000000000017fff8000000000000000000
EQV 2438 0000000000000000000000000000000000017fff8000000000000000000
EQV 2439 0000000000000000000000000000000000017fff8000000000000000000
EQV 2440 0000000000000000000000000000000000017fff8000000000000000000
EQV 2441 0000000000000000000000000000000000017fff8000000000000000000
EQV 2442 0000000000000000000000000000000000017fff8000000000000000000
EQV 2443 0000000000000000000000000000000000017fff8000000000000000000
EQV 2444 0000000000000000000000000000000000017fff8000000000000000000
EQV 2445 0000000000000000000000000000000000017fff8000000000000000000
EQV 2446 0000000000000000000000000000000000017fff8000000000000000000
EQV 2447 0000000000000000000000000000000000017fff8000000000000000000
EQV 2448 0000000000000000000000000000000000017fff8000000000000000000
EQV 2449 0000000000000000000000000000000000017fff8000000000000000000
EQV 2450 0000000000000000000000000000000000017fff8000000000000000000
EQV 2451 00000000000000000000000000000000000000000000000000000000000
EQV 2452 28000000000000000000000000000000000000000000000000000000000
EQV 2453 28000000000000000000000000000000000000000000000000000000000
EQV 2454 00000000000000000000000000000000000000000000000000000000000
EQV 2455 0000000000000000000000000000000000007fff8000000000000000040
EQV 2456 2800000000000000000000000000000000007fff8000000000000000040
EQV 2457 0000000000000000000000000000000000007fff8000000000000000040
EQV 2458 1000000000000000000000000000000000007fff8000000000000000040
EQV 2459 2800000000000000000000000000000000017fff8000000000000000000
EQV 2460 2800000000000000000000000000000000017fff8000000000000000000
EQV 2461 2800000000000000000000000000000000017fff8000000000000000000
EQV 2462 2800000000000000000000000000000000017fff8000000000000000000
EQV 2463 0000000000000000000000000000000000017fff8000000000000000000
EQV 2464 0000000000000000000000000000000000017fff8000000000000000000
EQV 2465 0000000000000000000000000000000000017fff8000000000000000000
EQV 2466 0000000000000000000000000000000000017fff8000000000000000000
EQV 2467 0000000000000000000000000000000000017fff8000000000000000000
EQV 2468 0000000000000000000000000000000000017fff8000000000000000000
EQV 2469 0000000000000000000000000000000000017fff8000000000000000000
EQV 2470 0000000000000000000000000000000000017fff8000000000000000000
EQV 2471 0000000000000000000000000000000000017fff8000000000000000000
EQV 2472 0000000000000000000000000000000000017fff8000000000000000000
EQV 2473 0000000000000000000000000000000000017fff8000000000000000000
EQV 2474 0000000000000000000000000000000000017fff8000000000000000000
EQV 2475 0000000000000000000000000000000000017fff8000000000000000000
EQV 2476 0000000000000000000000000000000000017fff8000000000000000000
EQV 2477 0000000000000000000000000000000000017fff8000000000000000000
EQV 2478 0000000000000000000000000000000000017fff8000000000000000000
EQV 2479 0000000000000000000000000000000000017fff8000000000000000000
EQV 2480 0000000000000000000000000000000000017fff8000000000000000000
EQV 2481 0000000000000000000000000000000000017fff8000000000000000000
EQV 2482 0000000000000000000000000000000000017fff8000000000000000000
EQV 2483 0000000000000000000000000000000000017fff8000000000000000000
EQV 2484 0000000000000000000000000000000000017fff8000000000000000000
EQV 2485 0000000000000000000000000000000000017fff8000000000000000000
EQV 2486 0000000000000000000000000000000000017fff8000000000000000000
EQV 2487 0000000000000000000000000000000000017fff8000000000000000000
EQV 2488 0000000000000000000000000000000000017fff8000000000000000000
EQV 2489 0000000000000000000000000000000000017fff8000000000000000000
EQV 2490 0000000000000000000000000000000000017fff8000000000000000000
EQV 2491 0000000000000000000000000000000000017fff8000000000000000000
EQV 2492 0000000000000000000000000000000000017fff8000000000000000000
EQV 2493 0000000000000000000000000000000000017fff8000000000000000000
EQV 2494 0000000000000000000000000000000000017fff8000000000000000000
EQV 2495 0000000000000000000000000000000000017fff8000000000000000000
EQV 2496 0000000000000000000000000000000000017fff8000000000000000000
EQV 2497 0000000000000000000000000000000000017fff8000000000000000000
EQV 2498 0000000000000000000000000000000000017fff8000000000000000000
EQV 2499 0000000000000000000000000000000000017fff8000000000000000000
EQV 2500 0000000000000000000000000000000000017fff8000000000000000000
EQV 2501 0000000000000000000000000000000000017fff8000000000000000000
EQV 2502 0000000000000000000000000000000000017fff8000000000000000000
EQV 2503 0000000000000000000000000000000000017fff8000000000000000000
EQV 2504 0000000000000000000000000000000000017fff8000000000000000000
EQV 2505 0000000000000000000000000000000000017fff8000000000000000000
EQV 2506 0000000000000000000000000000000000017fff8000000000000000000
EQV 2507 0000000000000000000000000000000000017fff8000000000000000000
EQV 2508 0000000000000000000000000000000000017fff8000000000000000000
EQV 2509 0000000000000000000000000000000000017fff8000000000000000000
EQV 2510 0000000000000000000000000000000000017fff8000000000000000000
EQV 2511 0000000000000000000000000000000000017fff8000000000000000000
EQV 2512 00000000000000000000000000000000000000000000000000000000000
EQV 2513 28000000000000000000000000000000000000000000000000000000000
EQV 2514 28000000000000000000000000000000000000000000000000000000000
EQV 2515 00000000000000000000000000000000000000000000000000000000000
EQV 2516 0000000000000000000000000000000000007fff8000000000000000040
EQV 2517 2800000000000000000000000000000000007fff8000000000000000040
EQV 2518 0000000000000000000000000000000000007fff8000000000000000040
EQV 2519 1000000000000000000000000000000000007fff8000000000000000040
EQV 2520 2800000000000000000000000000000000017fff8000000000000000000
EQV 2521 2800000000000000000000000000000000017fff8000000000000000000
EQV 2522 2800000000000000000000000000000000017fff8000000000000000000
EQV 2523 2800000000000000000000000000000000017fff8000000000000000000
EQV 2524 0000000000000000000000000000000000017fff8000000000000000000
EQV 2525 0000000000000000000000000000000000017fff8000000000000000000
EQV 2526 0000000000000000000000000000000000017fff8000000000000000000
EQV 2527 0000000000000000000000000000000000017fff8000000000000000000
EQV 2528 0000000000000000000000000000000000017fff8000000000000000000
EQV 2529 0000000000000000000000000000000000017fff8000000000000000000
EQV 2530 0000000000000000000000000000000000017fff8000000000000000000
EQV 2531 0000000000000000000000000000000000017fff8000000000000000000
EQV 2532 0000000000000000000000000000000000017fff8000000000000000000
EQV 2533 0000000000000000000000000000000000017fff8000000000000000000
EQV 2534 0000000000000000000000000000000000017fff8000000000000000000
EQV 2535 0000000000000000000000000000000000017fff8000000000000000000
EQV 2536 0000000000000000000000000000000000017fff8000000000000000000
EQV 2537 0000000000000000000000000000000000017fff8000000000000000000
EQV 2538 0000000000000000000000000000000000017fff8000000000000000000
EQV 2539 0000000000000000000000000000000000017fff8000000000000000000
EQV 2540 0000000000000000000000000000000000017fff8000000000000000000
EQV 2541 0000000000000000000000000000000000017fff8000000000000000000
EQV 2542 0000000000000000000000000000000000017fff8000000000000000000
EQV 2543 0000000000000000000000000000000000017fff8000000000000000000
EQV 2544 0000000000000000000000000000000000017fff8000000000000000000
EQV 2545 0000000000000000000000000000000000017fff8000000000000000000
EQV 2546 0000000000000000000000000000000000017fff8000000000000000000
EQV 2547 0000000000000000000000000000000000017fff8000000000000000000
EQV 2548 0000000000000000000000000000000000017fff8000000000000000000
EQV 2549 0000000000000000000000000000000000017fff8000000000000000000
EQV 2550 0000000000000000000000000000000000017fff8000000000000000000
EQV 2551 0000000000000000000000000000000000017fff8000000000000000000
EQV 2552 0000000000000000000000000000000000017fff8000000000000000000
EQV 2553 0000000000000000000000000000000000017fff8000000000000000000
EQV 2554 0000000000000000000000000000000000017fff8000000000000000000
EQV 2555 0000000000000000000000000000000000017fff8000000000000000000
EQV 2556 0000000000000000000000000000000000017fff8000000000000000000
EQV 2557 0000000000000000000000000000000000017fff8000000000000000000
EQV 2558 0000000000000000000000000000000000017fff8000000000000000000
EQV 2559 0000000000000000000000000000000000017fff8000000000000000000
EQV 2560 0000000000000000000000000000000000017fff8000000000000000000
EQV 2561 0000000000000000000000000000000000017fff8000000000000000000
EQV 2562 0000000000000000000000000000000000017fff8000000000000000000
EQV 2563 0000000000000000000000000000000000017fff8000000000000000000
EQV 2564 0000000000000000000000000000000000017fff8000000000000000000
EQV 2565 0000000000000000000000000000000000017fff8000000000000000000
EQV 2566 0000000000000000000000000000000000017fff8000000000000000000
EQV 2567 0000000000000000000000000000000000017fff8000000000000000000
EQV 2568 0000000000000000000000000000000000017fff8000000000000000000
EQV 2569 0000000000000000000000000000000000017fff8000000000000000000
EQV 2570 0000000000000000000000000000000000017fff8000000000000000000
EQV 2571 0000000000000000000000000000000000017fff8000000000000000000
EQV 2572 0000000000000000000000000000000000017fff8000000000000000000
EQV 2573 0000000000000000000000000000000000017fff8000000000000000000
EQV 2574 00000000000000000000000000000000000000000000000000000000000
EQV 2575 28000000000000000000000000000000000000000000000000000000000
EQV 2576 28000000000000000000000000000000000000000000000000000000000
EQV 2577 00000000000000000000000000000000000000000000000000000000000
EQV 2578 0000000000000000000000000000000000007fff8000000000000000040
EQV 2579 2800000000000000000000000000000000007fff8000000000000000040
EQV 2580 0000000000000000000000000000000000007fff8000000000000000040
EQV 2581 1000000000000000000000000000000000007fff8000000000000000040
EQV 2582 2800000000000000000000000000000000017fff8000000000000000000
EQV 2583 2800000000000000000000000000000000017fff8000000000000000000
EQV 2584 2800000000000000000000000000000000017fff8000000000000000000
EQV 2585 2800000000000000000000000000000000017fff8000000000000000000
EQV 2586 0000000000000000000000000000000000017fff8000000000000000000
EQV 2587 0000000000000000000000000000000000017fff8000000000000000000
EQV 2588 0000000000000000000000000000000000017fff8000000000000000000
EQV 2589 0000000000000000000000000000000000017fff8000000000000000000
EQV 2590 0000000000000000000000000000000000017fff8000000000000000000
EQV 2591 0000000000000000000000000000000000017fff8000000000000000000
EQV 2592 0000000000000000000000000000000000017fff8000000000000000000
EQV 2593 0000000000000000000000000000000000017fff8000000000000000000
EQV 2594 0000000000000000000000000000000000017fff8000000000000000000
EQV 2595 0000000000000000000000000000000000017fff8000000000000000000
EQV 2596 0000000000000000000000000000000000017fff8000000000000000000
EQV 2597 0000000000000000000000000000000000017fff8000000000000000000
EQV 2598 0000000000000000000000000000000000017fff8000000000000000000
EQV 2599 0000000000000000000000000000000000017fff8000000000000000000
EQV 2600 0000000000000000000000000000000000017fff8000000000000000000
EQV 2601 0000000000000000000000000000000000017fff8000000000000000000
EQV 2602 0000000000000000000000000000000000017fff8000000000000000000
EQV 2603 0000000000000000000000000000000000017fff8000000000000000000
EQV 2604 0000000000000000000000000000000000017fff8000000000000000000
EQV 2605 0000000000000000000000000000000000017fff8000000000000000000
EQV 2606 0000000000000000000000000000000000017fff8000000000000000000
EQV 2607 0000000000000000000000000000000000017fff8000000000000000000
EQV 2608 0000000000000000000000000000000000017fff8000000000000000000
EQV 2609 0000000000000000000000000000000000017fff8000000000000000000
EQV 2610 0000000000000000000000000000000000017fff8000000000000000000
EQV 2611 0000000000000000000000000000000000017fff8000000000000000000
EQV 2612 0000000000000000000000000000000000017fff8000000000000000000
EQV 2613 0000000000000000000000000000000000017fff8000000000000000000
EQV 2614 0000000000000000000000000000000000017fff8000000000000000000
EQV 2615 0000000000000000000000000000000000017fff8000000000000000000
EQV 2616 0000000000000000000000000000000000017fff8000000000000000000
EQV 2617 0000000000000000000000000000000000017fff8000000000000000000
EQV 2618 0000000000000000000000000000000000017fff8000000000000000000
EQV 2619 0000000000000000000000000000000000017fff8000000000000000000
EQV 2620 0000000000000000000000000000000000017fff8000000000000000000
EQV 2621 0000000000000000000000000000000000017fff8000000000000000000
EQV 2622 0000000000000000000000000000000000017fff8000000000000000000
EQV 2623 0000000000000000000000000000000000017fff8000000000000000000
EQV 2624 0000000000000000000000000000000000017fff8000000000000000000
EQV 2625 0000000000000000000000000000000000017fff8000000000000000000
EQV 2626 0000000000000000000000000000000000017fff8000000000000000000
EQV 2627 0000000000000000000000000000000000017fff8000000000000000000
EQV 2628 0000000000000000000000000000000000017fff8000000000000000000
EQV 2629 0000000000000000000000000000000000017fff8000000000000000000
EQV 2630 0000000000000000000000000000000000017fff8000000000000000000
EQV 2631 0000000000000000000000000000000000017fff8000000000000000000
EQV 2632 0000000000000000000000000000000000017fff8000000000000000000
EQV 2633 0000000000000000000000000000000000017fff8000000000000000000
EQV 2634 0000000000000000000000000000000000017fff8000000000000000000
EQV 2635 0000000000000000000000000000000000017fff8000000000000000000
EQV 2636 0000000000000000000000000000000000017fff8000000000000000000
EQV 2637 00000000000000000000000000000000000000000000000000000000000
EQV 2638 28000000000000000000000000000000000000000000000000000000000
EQV 2639 28000000000000000000000000000000000000000000000000000000000
EQV 2640 00000000000000000000000000000000000000000000000000000000000
EQV 2641 0000000000000000000000000000000000007fff8000000000000000040
EQV 2642 2800000000000000000000000000000000007fff8000000000000000040
EQV 2643 0000000000000000000000000000000000007fff8000000000000000040
EQV 2644 1000000000000000000000000000000000007fff8000000000000000040
EQV 2645 2800000000000000000000000000000000017fff8000000000000000000
EQV 2646 2800000000000000000000000000000000017fff8000000000000000000
EQV 2647 2800000000000000000000000000000000017fff8000000000000000000
EQV 2648 2800000000000000000000000000000000017fff8000000000000000000
EQV 2649 0000000000000000000000000000000000017fff8000000000000000000
EQV 2650 0000000000000000000000000000000000017fff8000000000000000000
EQV 2651 0000000000000000000000000000000000017fff8000000000000000000
EQV 2652 0000000000000000000000000000000000017fff8000000000000000000
EQV 2653 0000000000000000000000000000000000017fff8000000000000000000
EQV 2654 0000000000000000000000000000000000017fff8000000000000000000
EQV 2655 0000000000000000000000000000000000017fff8000000000000000000
EQV 2656 0000000000000000000000000000000000017fff8000000000000000000
EQV 2657 0000000000000000000000000000000000017fff8000000000000000000
EQV 2658 0000000000000000000000000000000000017fff8000000000000000000
EQV 2659 0000000000000000000000000000000000017fff8000000000000000000
EQV 2660 0000000000000000000000000000000000017fff8000000000000000000
EQV 2661 0000000000000000000000000000000000017fff8000000000000000000
EQV 2662 0000000000000000000000000000000000017fff8000000000000000000
EQV 2663 0000000000000000000000000000000000017fff8000000000000000000
EQV 2664 0000000000000000000000000000000000017fff8000000000000000000
EQV 2665 0000000000000000000000000000000000017fff8000000000000000000
EQV 2666 0000000000000000000000000000000000017fff8000000000000000000
EQV 2667 0000000000000000000000000000000000017fff8000000000000000000
EQV 2668 0000000000000000000000000000000000017fff8000000000000000000
EQV 2669 0000000000000000000000000000000000017fff8000000000000000000
EQV 2670 0000000000000000000000000000000000017fff8000000000000000000
EQV 2671 0000000000000000000000000000000000017fff8000000000000000000
EQV 2672 0000000000000000000000000000000000017fff8000000000000000000
EQV 2673 0000000000000000000000000000000000017fff8000000000000000000
EQV 2674 0000000000000000000000000000000000017fff8000000000000000000
EQV 2675 0000000000000000000000000000000000017fff8000000000000000000
EQV 2676 0000000000000000000000000000000000017fff8000000000000000000
EQV 2677 0000000000000000000000000000000000017fff8000000000000000000
EQV 2678 0000000000000000000000000000000000017fff8000000000000000000
EQV 2679 0000000000000000000000000000000000017fff8000000000000000000
EQV 2680 0000000000000000000000000000000000017fff8000000000000000000
EQV 2681 0000000000000000000000000000000000017fff8000000000000000000
EQV 2682 0000000000000000000000000000000000017fff8000000000000000000
EQV 2683 0000000000000000000000000000000000017fff8000000000000000000
EQV 2684 0000000000000000000000000000000000017fff8000000000000000000
EQV 2685 0000000000000000000000000000000000017fff8000000000000000000
EQV 2686 0000000000000000000000000000000000017fff8000000000000000000
EQV 2687 0000000000000000000000000000000000017fff8000000000000000000
EQV 2688 0000000000000000000000000000000000017fff8000000000000000000
EQV 2689 0000000000000000000000000000000000017fff8000000000000000000
EQV 2690 0000000000000000000000000000000000017fff8000000000000000000
EQV 2691 0000000000000000000000000000000000017fff8000000000000000000
EQV 2692 0000000000000000000000000000000000017fff8000000000000000000
EQV 2693 0000000000000000000000000000000000017fff8000000000000000000
EQV 2694 0000000000000000000000000000000000017fff8000000000000000000
EQV 2695 0000000000000000000000000000000000017fff8000000000000000000
EQV 2696 0000000000000000000000000000000000017fff8000000000000000000
EQV 2697 0000000000000000000000000000000000017fff8000000000000000000
EQV 2698 0000000000000000000000000000000000017fff8000000000000000000
EQV 2699 0000000000000000000000000000000000017fff8000000000000000000
EQV 2700 1000000000000000000000000000000000017fff8000000000000000000
PASS  OPT-15
EQV 2701 00000000000000000000000000000000000000000000000000000000000
EQV 2702 28000000000000000000000000000000000000000000000000000000000
EQV 2703 28000000000000000000000000000000000000000000000000000000000
EQV 2704 00000000000000000000000000000000000000000000000000000000000
EQV 2705 0000000000000000000000000000000000007fff8000000000000000040
EQV 2706 2800000000000000000000000000000000007fff8000000000000000040
EQV 2707 0000000000000000000000000000000000007fff8000000000000000040
EQV 2708 1000000000000000000000000000000000007fff8000000000000000040
EQV 2709 2800000000000000000000000000000000017fff8000000000000000000
EQV 2710 2800000000000000000000000000000000017fff8000000000000000000
EQV 2711 2800000000000000000000000000000000017fff8000000000000000000
EQV 2712 2800000000000000000000000000000000017fff8000000000000000000
EQV 2713 0000000000000000000000000000000000017fff8000000000000000000
EQV 2714 0000000000000000000000000000000000017fff8000000000000000000
EQV 2715 28000000000000000000000000000000000000000000000000000000000
EQV 2716 28000000000000000000000000000000000000000000000000000000000
EQV 2717 00000000000000000000000000000000000000000000000000000000000
EQV 2718 0000000000000000000000000000000000007fff8000000000000000040
EQV 2719 2800000000000000000000000000000000007fff8000000000000000040
EQV 2720 0000000000000000000000000000000000007fff8000000000000000040
EQV 2721 1000000000000000000000000000000000007fff8000000000000000040
EQV 2722 2800000000000000000000000000000000017fff8000000000000000000
EQV 2723 2800000000000000000000000000000000017fff8000000000000000000
EQV 2724 2800000000000000000000000000000000017fff8000000000000000000
EQV 2725 2800000000000000000000000000000000017fff8000000000000000000
EQV 2726 0000000000000000000000000000000000017fff8000000000000000000
EQV 2727 0000000000000000000000000000000000017fff8000000000000000000
EQV 2728 0000000000000000000000000000000000017fff8000000000000000000
EQV 2729 28000000000000000000000000000000000000000000000000000000000
EQV 2730 28000000000000000000000000000000000000000000000000000000000
EQV 2731 00000000000000000000000000000000000000000000000000000000000
EQV 2732 0000000000000000000000000000000000007fff8000000000000000040
EQV 2733 2800000000000000000000000000000000007fff8000000000000000040
EQV 2734 0000000000000000000000000000000000007fff8000000000000000040
EQV 2735 1000000000000000000000000000000000007fff8000000000000000040
EQV 2736 2800000000000000000000000000000000017fff8000000000000000000
EQV 2737 2800000000000000000000000000000000017fff8000000000000000000
EQV 2738 2800000000000000000000000000000000017fff8000000000000000000
EQV 2739 2800000000000000000000000000000000017fff8000000000000000000
EQV 2740 0000000000000000000000000000000000017fff8000000000000000000
EQV 2741 0000000000000000000000000000000000017fff8000000000000000000
EQV 2742 0000000000000000000000000000000000017fff8000000000000000000
EQV 2743 0000000000000000000000000000000000017fff8000000000000000000
EQV 2744 28000000000000000000000000000000000000000000000000000000000
EQV 2745 28000000000000000000000000000000000000000000000000000000000
EQV 2746 00000000000000000000000000000000000000000000000000000000000
EQV 2747 0000000000000000000000000000000000007fff8000000000000000040
EQV 2748 2800000000000000000000000000000000007fff8000000000000000040
EQV 2749 0000000000000000000000000000000000007fff8000000000000000040
EQV 2750 1000000000000000000000000000000000007fff8000000000000000040
EQV 2751 2800000000000000000000000000000000017fff8000000000000000000
EQV 2752 2800000000000000000000000000000000017fff8000000000000000000
EQV 2753 2800000000000000000000000000000000017fff8000000000000000000
EQV 2754 2800000000000000000000000000000000017fff8000000000000000000
EQV 2755 0000000000000000000000000000000000017fff8000000000000000000
EQV 2756 0000000000000000000000000000000000017fff8000000000000000000
EQV 2757 0000000000000000000000000000000000017fff8000000000000000000
EQV 2758 0000000000000000000000000000000000017fff8000000000000000000
EQV 2759 0000000000000000000000000000000000017fff8000000000000000000
EQV 2760 28000000000000000000000000000000000000000000000000000000000
EQV 2761 28000000000000000000000000000000000000000000000000000000000
EQV 2762 00000000000000000000000000000000000000000000000000000000000
EQV 2763 0000000000000000000000000000000000007fff8000000000000000040
EQV 2764 2800000000000000000000000000000000007fff8000000000000000040
EQV 2765 0000000000000000000000000000000000007fff8000000000000000040
EQV 2766 1000000000000000000000000000000000007fff8000000000000000040
EQV 2767 2800000000000000000000000000000000017fff8000000000000000000
EQV 2768 2800000000000000000000000000000000017fff8000000000000000000
EQV 2769 2800000000000000000000000000000000017fff8000000000000000000
EQV 2770 2800000000000000000000000000000000017fff8000000000000000000
EQV 2771 0000000000000000000000000000000000017fff8000000000000000000
EQV 2772 0000000000000000000000000000000000017fff8000000000000000000
EQV 2773 0000000000000000000000000000000000017fff8000000000000000000
EQV 2774 0000000000000000000000000000000000017fff8000000000000000000
EQV 2775 0000000000000000000000000000000000017fff8000000000000000000
EQV 2776 0000000000000000000000000000000000017fff8000000000000000000
EQV 2777 0000000000000000000000000000000000017fff8000000000000000000
EQV 2778 0000000000000000000000000000000000017fff8000000000000000000
EQV 2779 0000000000000000000000000000000000017fff8000000000000000000
EQV 2780 0000000000000000000000000000000000017fff8000000000000000000
EQV 2781 0000000000000000000000000000000000017fff8000000000000000000
EQV 2782 0000000000000000000000000000000000017fff8000000000000000000
EQV 2783 0000000000000000000000000000000000017fff8000000000000000000
EQV 2784 0000000000000000000000000000000000017fff8000000000000000000
EQV 2785 0000000000000000000000000000000000017fff8000000000000000000
EQV 2786 0000000000000000000000000000000000017fff8000000000000000000
EQV 2787 0000000000000000000000000000000000017fff8000000000000000000
EQV 2788 0000000000000000000000000000000000017fff8000000000000000000
EQV 2789 0000000000000000000000000000000000017fff8000000000000000000
EQV 2790 0000000000000000000000000000000000017fff8000000000000000000
EQV 2791 0000000000000000000000000000000000017fff8000000000000000000
EQV 2792 0000000000000000000000000000000000017fff8000000000000000000
EQV 2793 0000000000000000000000000000000000017fff8000000000000000000
EQV 2794 0000000000000000000000000000000000017fff8000000000000000000
EQV 2795 0000000000000000000000000000000000017fff8000000000000000000
EQV 2796 0000000000000000000000000000000000017fff8000000000000000000
EQV 2797 0000000000000000000000000000000000017fff8000000000000000000
EQV 2798 0000000000000000000000000000000000017fff8000000000000000000
EQV 2799 0000000000000000000000000000000000017fff8000000000000000000
EQV 2800 0000000000000000000000000000000000017fff8000000000000000000
EQV 2801 0000000000000000000000000000000000017fff8000000000000000000
EQV 2802 0000000000000000000000000000000000017fff8000000000000000000
EQV 2803 0000000000000000000000000000000000017fff8000000000000000000
EQV 2804 0000000000000000000000000000000000017fff8000000000000000000
EQV 2805 0000000000000000000000000000000000017fff8000000000000000000
EQV 2806 0000000000000000000000000000000000017fff8000000000000000000
EQV 2807 0000000000000000000000000000000000017fff8000000000000000000
EQV 2808 0000000000000000000000000000000000017fff8000000000000000000
EQV 2809 0000000000000000000000000000000000017fff8000000000000000000
EQV 2810 0000000000000000000000000000000000017fff8000000000000000000
EQV 2811 0000000000000000000000000000000000017fff8000000000000000000
EQV 2812 0000000000000000000000000000000000017fff8000000000000000000
EQV 2813 0000000000000000000000000000000000017fff8000000000000000000
EQV 2814 0000000000000000000000000000000000017fff8000000000000000000
EQV 2815 0000000000000000000000000000000000017fff8000000000000000000
EQV 2816 0000000000000000000000000000000000017fff8000000000000000000
EQV 2817 0000000000000000000000000000000000017fff8000000000000000000
EQV 2818 28000000000000000000000000000000000000000000000000000000000
EQV 2819 28000000000000000000000000000000000000000000000000000000000
EQV 2820 00000000000000000000000000000000000000000000000000000000000
EQV 2821 0000000000000000000000000000000000007fff8000000000000000040
EQV 2822 2800000000000000000000000000000000007fff8000000000000000040
EQV 2823 0000000000000000000000000000000000007fff8000000000000000040
EQV 2824 1000000000000000000000000000000000007fff8000000000000000040
EQV 2825 2800000000000000000000000000000000017fff8000000000000000000
EQV 2826 2800000000000000000000000000000000017fff8000000000000000000
EQV 2827 2800000000000000000000000000000000017fff8000000000000000000
EQV 2828 2800000000000000000000000000000000017fff8000000000000000000
EQV 2829 0000000000000000000000000000000000017fff8000000000000000000
EQV 2830 0000000000000000000000000000000000017fff8000000000000000000
EQV 2831 0000000000000000000000000000000000017fff8000000000000000000
EQV 2832 0000000000000000000000000000000000017fff8000000000000000000
EQV 2833 0000000000000000000000000000000000017fff8000000000000000000
EQV 2834 0000000000000000000000000000000000017fff8000000000000000000
EQV 2835 0000000000000000000000000000000000017fff8000000000000000000
EQV 2836 0000000000000000000000000000000000017fff8000000000000000000
EQV 2837 0000000000000000000000000000000000017fff8000000000000000000
EQV 2838 0000000000000000000000000000000000017fff8000000000000000000
EQV 2839 0000000000000000000000000000000000017fff8000000000000000000
EQV 2840 0000000000000000000000000000000000017fff8000000000000000000
EQV 2841 0000000000000000000000000000000000017fff8000000000000000000
EQV 2842 0000000000000000000000000000000000017fff8000000000000000000
EQV 2843 0000000000000000000000000000000000017fff8000000000000000000
EQV 2844 0000000000000000000000000000000000017fff8000000000000000000
EQV 2845 0000000000000000000000000000000000017fff8000000000000000000
EQV 2846 0000000000000000000000000000000000017fff8000000000000000000
EQV 2847 0000000000000000000000000000000000017fff8000000000000000000
EQV 2848 0000000000000000000000000000000000017fff8000000000000000000
EQV 2849 0000000000000000000000000000000000017fff8000000000000000000
EQV 2850 0000000000000000000000000000000000017fff8000000000000000000
EQV 2851 0000000000000000000000000000000000017fff8000000000000000000
EQV 2852 0000000000000000000000000000000000017fff8000000000000000000
EQV 2853 0000000000000000000000000000000000017fff8000000000000000000
EQV 2854 0000000000000000000000000000000000017fff8000000000000000000
EQV 2855 0000000000000000000000000000000000017fff8000000000000000000
EQV 2856 0000000000000000000000000000000000017fff8000000000000000000
EQV 2857 0000000000000000000000000000000000017fff8000000000000000000
EQV 2858 0000000000000000000000000000000000017fff8000000000000000000
EQV 2859 0000000000000000000000000000000000017fff8000000000000000000
EQV 2860 0000000000000000000000000000000000017fff8000000000000000000
EQV 2861 0000000000000000000000000000000000017fff8000000000000000000
EQV 2862 0000000000000000000000000000000000017fff8000000000000000000
EQV 2863 0000000000000000000000000000000000017fff8000000000000000000
EQV 2864 0000000000000000000000000000000000017fff8000000000000000000
EQV 2865 0000000000000000000000000000000000017fff8000000000000000000
EQV 2866 0000000000000000000000000000000000017fff8000000000000000000
EQV 2867 0000000000000000000000000000000000017fff8000000000000000000
EQV 2868 0000000000000000000000000000000000017fff8000000000000000000
EQV 2869 0000000000000000000000000000000000017fff8000000000000000000
EQV 2870 0000000000000000000000000000000000017fff8000000000000000000
EQV 2871 0000000000000000000000000000000000017fff8000000000000000000
EQV 2872 0000000000000000000000000000000000017fff8000000000000000000
EQV 2873 0000000000000000000000000000000000017fff8000000000000000000
EQV 2874 0000000000000000000000000000000000017fff8000000000000000000
EQV 2875 0000000000000000000000000000000000017fff8000000000000000000
EQV 2876 0000000000000000000000000000000000017fff8000000000000000000
EQV 2877 28000000000000000000000000000000000000000000000000000000000
EQV 2878 28000000000000000000000000000000000000000000000000000000000
EQV 2879 00000000000000000000000000000000000000000000000000000000000
EQV 2880 0000000000000000000000000000000000007fff8000000000000000040
EQV 2881 2800000000000000000000000000000000007fff8000000000000000040
EQV 2882 0000000000000000000000000000000000007fff8000000000000000040
EQV 2883 1000000000000000000000000000000000007fff8000000000000000040
EQV 2884 2800000000000000000000000000000000017fff8000000000000000000
EQV 2885 2800000000000000000000000000000000017fff8000000000000000000
EQV 2886 2800000000000000000000000000000000017fff8000000000000000000
EQV 2887 2800000000000000000000000000000000017fff8000000000000000000
EQV 2888 0000000000000000000000000000000000017fff8000000000000000000
EQV 2889 0000000000000000000000000000000000017fff8000000000000000000
EQV 2890 0000000000000000000000000000000000017fff8000000000000000000
EQV 2891 0000000000000000000000000000000000017fff8000000000000000000
EQV 2892 0000000000000000000000000000000000017fff8000000000000000000
EQV 2893 0000000000000000000000000000000000017fff8000000000000000000
EQV 2894 0000000000000000000000000000000000017fff8000000000000000000
EQV 2895 0000000000000000000000000000000000017fff8000000000000000000
EQV 2896 0000000000000000000000000000000000017fff8000000000000000000
EQV 2897 0000000000000000000000000000000000017fff8000000000000000000
EQV 2898 0000000000000000000000000000000000017fff8000000000000000000
EQV 2899 0000000000000000000000000000000000017fff8000000000000000000
EQV 2900 0000000000000000000000000000000000017fff8000000000000000000
EQV 2901 0000000000000000000000000000000000017fff8000000000000000000
EQV 2902 0000000000000000000000000000000000017fff8000000000000000000
EQV 2903 0000000000000000000000000000000000017fff8000000000000000000
EQV 2904 0000000000000000000000000000000000017fff8000000000000000000
EQV 2905 0000000000000000000000000000000000017fff8000000000000000000
EQV 2906 0000000000000000000000000000000000017fff8000000000000000000
EQV 2907 0000000000000000000000000000000000017fff8000000000000000000
EQV 2908 0000000000000000000000000000000000017fff8000000000000000000
EQV 2909 0000000000000000000000000000000000017fff8000000000000000000
EQV 2910 0000000000000000000000000000000000017fff8000000000000000000
EQV 2911 0000000000000000000000000000000000017fff8000000000000000000
EQV 2912 0000000000000000000000000000000000017fff8000000000000000000
EQV 2913 0000000000000000000000000000000000017fff8000000000000000000
EQV 2914 0000000000000000000000000000000000017fff8000000000000000000
EQV 2915 0000000000000000000000000000000000017fff8000000000000000000
EQV 2916 0000000000000000000000000000000000017fff8000000000000000000
EQV 2917 0000000000000000000000000000000000017fff8000000000000000000
EQV 2918 0000000000000000000000000000000000017fff8000000000000000000
EQV 2919 0000000000000000000000000000000000017fff8000000000000000000
EQV 2920 0000000000000000000000000000000000017fff8000000000000000000
EQV 2921 0000000000000000000000000000000000017fff8000000000000000000
EQV 2922 0000000000000000000000000000000000017fff8000000000000000000
EQV 2923 0000000000000000000000000000000000017fff8000000000000000000
EQV 2924 0000000000000000000000000000000000017fff8000000000000000000
EQV 2925 0000000000000000000000000000000000017fff8000000000000000000
EQV 2926 0000000000000000000000000000000000017fff8000000000000000000
EQV 2927 0000000000000000000000000000000000017fff8000000000000000000
EQV 2928 0000000000000000000000000000000000017fff8000000000000000000
EQV 2929 0000000000000000000000000000000000017fff8000000000000000000
EQV 2930 0000000000000000000000000000000000017fff8000000000000000000
EQV 2931 0000000000000000000000000000000000017fff8000000000000000000
EQV 2932 0000000000000000000000000000000000017fff8000000000000000000
EQV 2933 0000000000000000000000000000000000017fff8000000000000000000
EQV 2934 0000000000000000000000000000000000017fff8000000000000000000
EQV 2935 0000000000000000000000000000000000017fff8000000000000000000
EQV 2936 0000000000000000000000000000000000017fff8000000000000000000
EQV 2937 28000000000000000000000000000000000000000000000000000000000
EQV 2938 28000000000000000000000000000000000000000000000000000000000
EQV 2939 00000000000000000000000000000000000000000000000000000000000
EQV 2940 0000000000000000000000000000000000007fff8000000000000000040
EQV 2941 2800000000000000000000000000000000007fff8000000000000000040
EQV 2942 0000000000000000000000000000000000007fff8000000000000000040
EQV 2943 1000000000000000000000000000000000007fff8000000000000000040
EQV 2944 2800000000000000000000000000000000017fff8000000000000000000
EQV 2945 2800000000000000000000000000000000017fff8000000000000000000
EQV 2946 2800000000000000000000000000000000017fff8000000000000000000
EQV 2947 2800000000000000000000000000000000017fff8000000000000000000
EQV 2948 0000000000000000000000000000000000017fff8000000000000000000
EQV 2949 0000000000000000000000000000000000017fff8000000000000000000
EQV 2950 0000000000000000000000000000000000017fff8000000000000000000
EQV 2951 0000000000000000000000000000000000017fff8000000000000000000
EQV 2952 0000000000000000000000000000000000017fff8000000000000000000
EQV 2953 0000000000000000000000000000000000017fff8000000000000000000
EQV 2954 0000000000000000000000000000000000017fff8000000000000000000
EQV 2955 0000000000000000000000000000000000017fff8000000000000000000
EQV 2956 0000000000000000000000000000000000017fff8000000000000000000
EQV 2957 0000000000000000000000000000000000017fff8000000000000000000
EQV 2958 0000000000000000000000000000000000017fff8000000000000000000
EQV 2959 0000000000000000000000000000000000017fff8000000000000000000
EQV 2960 0000000000000000000000000000000000017fff8000000000000000000
EQV 2961 0000000000000000000000000000000000017fff8000000000000000000
EQV 2962 0000000000000000000000000000000000017fff8000000000000000000
EQV 2963 0000000000000000000000000000000000017fff8000000000000000000
EQV 2964 0000000000000000000000000000000000017fff8000000000000000000
EQV 2965 0000000000000000000000000000000000017fff8000000000000000000
EQV 2966 0000000000000000000000000000000000017fff8000000000000000000
EQV 2967 0000000000000000000000000000000000017fff8000000000000000000
EQV 2968 0000000000000000000000000000000000017fff8000000000000000000
EQV 2969 0000000000000000000000000000000000017fff8000000000000000000
EQV 2970 0000000000000000000000000000000000017fff8000000000000000000
EQV 2971 0000000000000000000000000000000000017fff8000000000000000000
EQV 2972 0000000000000000000000000000000000017fff8000000000000000000
EQV 2973 0000000000000000000000000000000000017fff8000000000000000000
EQV 2974 0000000000000000000000000000000000017fff8000000000000000000
EQV 2975 0000000000000000000000000000000000017fff8000000000000000000
EQV 2976 0000000000000000000000000000000000017fff8000000000000000000
EQV 2977 0000000000000000000000000000000000017fff8000000000000000000
EQV 2978 0000000000000000000000000000000000017fff8000000000000000000
EQV 2979 0000000000000000000000000000000000017fff8000000000000000000
EQV 2980 0000000000000000000000000000000000017fff8000000000000000000
EQV 2981 0000000000000000000000000000000000017fff8000000000000000000
EQV 2982 0000000000000000000000000000000000017fff8000000000000000000
EQV 2983 0000000000000000000000000000000000017fff8000000000000000000
EQV 2984 0000000000000000000000000000000000017fff8000000000000000000
EQV 2985 0000000000000000000000000000000000017fff8000000000000000000
EQV 2986 0000000000000000000000000000000000017fff8000000000000000000
EQV 2987 0000000000000000000000000000000000017fff8000000000000000000
EQV 2988 0000000000000000000000000000000000017fff8000000000000000000
EQV 2989 0000000000000000000000000000000000017fff8000000000000000000
EQV 2990 0000000000000000000000000000000000017fff8000000000000000000
EQV 2991 0000000000000000000000000000000000017fff8000000000000000000
EQV 2992 0000000000000000000000000000000000017fff8000000000000000000
EQV 2993 0000000000000000000000000000000000017fff8000000000000000000
EQV 2994 0000000000000000000000000000000000017fff8000000000000000000
EQV 2995 0000000000000000000000000000000000017fff8000000000000000000
EQV 2996 0000000000000000000000000000000000017fff8000000000000000000
EQV 2997 0000000000000000000000000000000000017fff8000000000000000000
EQV 2998 28000000000000000000000000000000000000000000000000000000000
EQV 2999 28000000000000000000000000000000000000000000000000000000000
EQV 3000 00000000000000000000000000000000000000000000000000000000000
EQV 3001 0000000000000000000000000000000000007fff8000000000000000040
EQV 3002 2800000000000000000000000000000000007fff8000000000000000040
EQV 3003 0000000000000000000000000000000000007fff8000000000000000040
EQV 3004 1000000000000000000000000000000000007fff8000000000000000040
EQV 3005 2800000000000000000000000000000000017fff8000000000000000000
EQV 3006 2800000000000000000000000000000000017fff8000000000000000000
EQV 3007 2800000000000000000000000000000000017fff8000000000000000000
EQV 3008 2800000000000000000000000000000000017fff8000000000000000000
EQV 3009 0000000000000000000000000000000000017fff8000000000000000000
EQV 3010 0000000000000000000000000000000000017fff8000000000000000000
EQV 3011 0000000000000000000000000000000000017fff8000000000000000000
EQV 3012 0000000000000000000000000000000000017fff8000000000000000000
EQV 3013 0000000000000000000000000000000000017fff8000000000000000000
EQV 3014 0000000000000000000000000000000000017fff8000000000000000000
EQV 3015 0000000000000000000000000000000000017fff8000000000000000000
EQV 3016 0000000000000000000000000000000000017fff8000000000000000000
EQV 3017 0000000000000000000000000000000000017fff8000000000000000000
EQV 3018 0000000000000000000000000000000000017fff8000000000000000000
EQV 3019 0000000000000000000000000000000000017fff8000000000000000000
EQV 3020 0000000000000000000000000000000000017fff8000000000000000000
EQV 3021 0000000000000000000000000000000000017fff8000000000000000000
EQV 3022 0000000000000000000000000000000000017fff8000000000000000000
EQV 3023 0000000000000000000000000000000000017fff8000000000000000000
EQV 3024 0000000000000000000000000000000000017fff8000000000000000000
EQV 3025 0000000000000000000000000000000000017fff8000000000000000000
EQV 3026 0000000000000000000000000000000000017fff8000000000000000000
EQV 3027 0000000000000000000000000000000000017fff8000000000000000000
EQV 3028 0000000000000000000000000000000000017fff8000000000000000000
EQV 3029 0000000000000000000000000000000000017fff8000000000000000000
EQV 3030 0000000000000000000000000000000000017fff8000000000000000000
EQV 3031 0000000000000000000000000000000000017fff8000000000000000000
EQV 3032 0000000000000000000000000000000000017fff8000000000000000000
EQV 3033 0000000000000000000000000000000000017fff8000000000000000000
EQV 3034 0000000000000000000000000000000000017fff8000000000000000000
EQV 3035 0000000000000000000000000000000000017fff8000000000000000000
EQV 3036 0000000000000000000000000000000000017fff8000000000000000000
EQV 3037 0000000000000000000000000000000000017fff8000000000000000000
EQV 3038 0000000000000000000000000000000000017fff8000000000000000000
EQV 3039 0000000000000000000000000000000000017fff8000000000000000000
EQV 3040 0000000000000000000000000000000000017fff8000000000000000000
EQV 3041 0000000000000000000000000000000000017fff8000000000000000000
EQV 3042 0000000000000000000000000000000000017fff8000000000000000000
EQV 3043 0000000000000000000000000000000000017fff8000000000000000000
EQV 3044 0000000000000000000000000000000000017fff8000000000000000000
EQV 3045 0000000000000000000000000000000000017fff8000000000000000000
EQV 3046 0000000000000000000000000000000000017fff8000000000000000000
EQV 3047 0000000000000000000000000000000000017fff8000000000000000000
EQV 3048 0000000000000000000000000000000000017fff8000000000000000000
EQV 3049 0000000000000000000000000000000000017fff8000000000000000000
EQV 3050 0000000000000000000000000000000000017fff8000000000000000000
EQV 3051 0000000000000000000000000000000000017fff8000000000000000000
EQV 3052 0000000000000000000000000000000000017fff8000000000000000000
EQV 3053 0000000000000000000000000000000000017fff8000000000000000000
EQV 3054 0000000000000000000000000000000000017fff8000000000000000000
EQV 3055 0000000000000000000000000000000000017fff8000000000000000000
EQV 3056 0000000000000000000000000000000000017fff8000000000000000000
EQV 3057 0000000000000000000000000000000000017fff8000000000000000000
EQV 3058 0000000000000000000000000000000000017fff8000000000000000000
EQV 3059 0000000000000000000000000000000000017fff8000000000000000000
EQV 3060 28000000000000000000000000000000000000000000000000000000000
EQV 3061 28000000000000000000000000000000000000000000000000000000000
EQV 3062 00000000000000000000000000000000000000000000000000000000000
EQV 3063 0000000000000000000000000000000000007fff8000000000000000040
EQV 3064 2800000000000000000000000000000000007fff8000000000000000040
EQV 3065 0000000000000000000000000000000000007fff8000000000000000040
EQV 3066 1000000000000000000000000000000000007fff8000000000000000040
EQV 3067 2800000000000000000000000000000000017fff8000000000000000000
EQV 3068 2800000000000000000000000000000000017fff8000000000000000000
EQV 3069 2800000000000000000000000000000000017fff8000000000000000000
EQV 3070 2800000000000000000000000000000000017fff8000000000000000000
EQV 3071 0000000000000000000000000000000000017fff8000000000000000000
EQV 3072 0000000000000000000000000000000000017fff8000000000000000000
EQV 3073 0000000000000000000000000000000000017fff8000000000000000000
EQV 3074 0000000000000000000000000000000000017fff8000000000000000000
EQV 3075 0000000000000000000000000000000000017fff8000000000000000000
EQV 3076 0000000000000000000000000000000000017fff8000000000000000000
EQV 3077 0000000000000000000000000000000000017fff8000000000000000000
EQV 3078 0000000000000000000000000000000000017fff8000000000000000000
EQV 3079 0000000000000000000000000000000000017fff8000000000000000000
EQV 3080 0000000000000000000000000000000000017fff8000000000000000000
EQV 3081 0000000000000000000000000000000000017fff8000000000000000000
EQV 3082 0000000000000000000000000000000000017fff8000000000000000000
EQV 3083 0000000000000000000000000000000000017fff8000000000000000000
EQV 3084 0000000000000000000000000000000000017fff8000000000000000000
EQV 3085 0000000000000000000000000000000000017fff8000000000000000000
EQV 3086 0000000000000000000000000000000000017fff8000000000000000000
EQV 3087 0000000000000000000000000000000000017fff8000000000000000000
EQV 3088 0000000000000000000000000000000000017fff8000000000000000000
EQV 3089 0000000000000000000000000000000000017fff8000000000000000000
EQV 3090 0000000000000000000000000000000000017fff8000000000000000000
EQV 3091 0000000000000000000000000000000000017fff8000000000000000000
EQV 3092 0000000000000000000000000000000000017fff8000000000000000000
EQV 3093 0000000000000000000000000000000000017fff8000000000000000000
EQV 3094 0000000000000000000000000000000000017fff8000000000000000000
EQV 3095 0000000000000000000000000000000000017fff8000000000000000000
EQV 3096 0000000000000000000000000000000000017fff8000000000000000000
EQV 3097 0000000000000000000000000000000000017fff8000000000000000000
EQV 3098 0000000000000000000000000000000000017fff8000000000000000000
EQV 3099 0000000000000000000000000000000000017fff8000000000000000000
EQV 3100 0000000000000000000000000000000000017fff8000000000000000000
EQV 3101 0000000000000000000000000000000000017fff8000000000000000000
EQV 3102 0000000000000000000000000000000000017fff8000000000000000000
EQV 3103 0000000000000000000000000000000000017fff8000000000000000000
EQV 3104 0000000000000000000000000000000000017fff8000000000000000000
EQV 3105 0000000000000000000000000000000000017fff8000000000000000000
EQV 3106 0000000000000000000000000000000000017fff8000000000000000000
EQV 3107 0000000000000000000000000000000000017fff8000000000000000000
EQV 3108 0000000000000000000000000000000000017fff8000000000000000000
EQV 3109 0000000000000000000000000000000000017fff8000000000000000000
EQV 3110 0000000000000000000000000000000000017fff8000000000000000000
EQV 3111 0000000000000000000000000000000000017fff8000000000000000000
EQV 3112 0000000000000000000000000000000000017fff8000000000000000000
EQV 3113 0000000000000000000000000000000000017fff8000000000000000000
EQV 3114 0000000000000000000000000000000000017fff8000000000000000000
EQV 3115 0000000000000000000000000000000000017fff8000000000000000000
EQV 3116 0000000000000000000000000000000000017fff8000000000000000000
EQV 3117 0000000000000000000000000000000000017fff8000000000000000000
EQV 3118 0000000000000000000000000000000000017fff8000000000000000000
EQV 3119 0000000000000000000000000000000000017fff8000000000000000000
EQV 3120 0000000000000000000000000000000000017fff8000000000000000000
EQV 3121 0000000000000000000000000000000000017fff8000000000000000000
EQV 3122 0000000000000000000000000000000000017fff8000000000000000000
EQV 3123 28000000000000000000000000000000000000000000000000000000000
EQV 3124 28000000000000000000000000000000000000000000000000000000000
EQV 3125 00000000000000000000000000000000000000000000000000000000000
EQV 3126 0000000000000000000000000000000000007fff8000000000000000040
EQV 3127 2800000000000000000000000000000000007fff8000000000000000040
EQV 3128 0000000000000000000000000000000000007fff8000000000000000040
EQV 3129 1000000000000000000000000000000000007fff8000000000000000040
EQV 3130 2800000000000000000000000000000000017fff8000000000000000000
EQV 3131 2800000000000000000000000000000000017fff8000000000000000000
EQV 3132 2800000000000000000000000000000000017fff8000000000000000000
EQV 3133 2800000000000000000000000000000000017fff8000000000000000000
EQV 3134 0000000000000000000000000000000000017fff8000000000000000000
EQV 3135 0000000000000000000000000000000000017fff8000000000000000000
EQV 3136 0000000000000000000000000000000000017fff8000000000000000000
EQV 3137 0000000000000000000000000000000000017fff8000000000000000000
EQV 3138 0000000000000000000000000000000000017fff8000000000000000000
EQV 3139 0000000000000000000000000000000000017fff8000000000000000000
EQV 3140 0000000000000000000000000000000000017fff8000000000000000000
EQV 3141 0000000000000000000000000000000000017fff8000000000000000000
EQV 3142 0000000000000000000000000000000000017fff8000000000000000000
EQV 3143 0000000000000000000000000000000000017fff8000000000000000000
EQV 3144 0000000000000000000000000000000000017fff8000000000000000000
EQV 3145 0000000000000000000000000000000000017fff8000000000000000000
EQV 3146 0000000000000000000000000000000000017fff8000000000000000000
EQV 3147 0000000000000000000000000000000000017fff8000000000000000000
EQV 3148 0000000000000000000000000000000000017fff8000000000000000000
EQV 3149 0000000000000000000000000000000000017fff8000000000000000000
EQV 3150 0000000000000000000000000000000000017fff8000000000000000000
EQV 3151 0000000000000000000000000000000000017fff8000000000000000000
EQV 3152 0000000000000000000000000000000000017fff8000000000000000000
EQV 3153 0000000000000000000000000000000000017fff8000000000000000000
EQV 3154 0000000000000000000000000000000000017fff8000000000000000000
EQV 3155 0000000000000000000000000000000000017fff8000000000000000000
EQV 3156 0000000000000000000000000000000000017fff8000000000000000000
EQV 3157 0000000000000000000000000000000000017fff8000000000000000000
EQV 3158 0000000000000000000000000000000000017fff8000000000000000000
EQV 3159 0000000000000000000000000000000000017fff8000000000000000000
EQV 3160 0000000000000000000000000000000000017fff8000000000000000000
EQV 3161 0000000000000000000000000000000000017fff8000000000000000000
EQV 3162 0000000000000000000000000000000000017fff8000000000000000000
EQV 3163 0000000000000000000000000000000000017fff8000000000000000000
EQV 3164 0000000000000000000000000000000000017fff8000000000000000000
EQV 3165 0000000000000000000000000000000000017fff8000000000000000000
EQV 3166 0000000000000000000000000000000000017fff8000000000000000000
EQV 3167 0000000000000000000000000000000000017fff8000000000000000000
EQV 3168 0000000000000000000000000000000000017fff8000000000000000000
EQV 3169 0000000000000000000000000000000000017fff8000000000000000000
EQV 3170 0000000000000000000000000000000000017fff8000000000000000000
EQV 3171 0000000000000000000000000000000000017fff8000000000000000000
EQV 3172 0000000000000000000000000000000000017fff8000000000000000000
EQV 3173 0000000000000000000000000000000000017fff8000000000000000000
EQV 3174 0000000000000000000000000000000000017fff8000000000000000000
EQV 3175 0000000000000000000000000000000000017fff8000000000000000000
EQV 3176 0000000000000000000000000000000000017fff8000000000000000000
EQV 3177 0000000000000000000000000000000000017fff8000000000000000000
EQV 3178 0000000000000000000000000000000000017fff8000000000000000000
EQV 3179 0000000000000000000000000000000000017fff8000000000000000000
EQV 3180 0000000000000000000000000000000000017fff8000000000000000000
EQV 3181 0000000000000000000000000000000000017fff8000000000000000000
EQV 3182 0000000000000000000000000000000000017fff8000000000000000000
EQV 3183 0000000000000000000000000000000000017fff8000000000000000000
EQV 3184 0000000000000000000000000000000000017fff8000000000000000000
EQV 3185 1000000000000000000000000000000000017fff8000000000000000000
PASS  OPT-16
EQV 3186 0000000000000000000000000000000000017fff8000000000000000000
EQV 3187 28000000000000000000000000000000000000000000000000000000000
EQV 3188 28000000000000000000000000000000000000000000000000000000000
EQV 3189 00000000000000000000000000000000000000000000000000000000000
EQV 3190 0000000000000000000000000000000000007fff8000000000000000040
EQV 3191 2800000000000000000000000000000000007fff8000000000000000040
EQV 3192 0000000000000000000000000000000000007fff8000000000000000040
EQV 3193 1000000000000000000000000000000000007fff8000000000000000040
EQV 3194 2800000000000000000000000000000000017fff8000000000000000000
EQV 3195 2800000000000000000000000000000000017fff8000000000000000000
EQV 3196 2800000000000000000000000000000000017fff8000000000000000000
EQV 3197 2800000000000000000000000000000000017fff8000000000000000000
EQV 3198 0000000000000000000000000000000000017fff8000000000000000000
EQV 3199 0000000000000000000000000000000000017fff8000000000000000000
EQV 3200 0000000000000000000000000000000000017fff8000000000000000000
PASS  OPT-17
EQV 3201 28000000000000000000000000000000000000000000000000000000000
EQV 3202 28000000000000000000000000000000000000000000000000000000000
EQV 3203 28000000000000000000000000000000000000000000000000000000000
EQV 3204 00000000000000000000000000000000000000000000000000000000000
EQV 3205 0000000000000000000000000000000000007fff8000000000000000040
EQV 3206 2800000000000000000000000000000000007fff8000000000000000040
EQV 3207 0000000000000000000000000000000000007fff8000000000000000040
EQV 3208 1000000000000000000000000000000000007fff8000000000000000040
EQV 3209 2800000000000000000000000000000000017fff8000000000000000000
EQV 3210 2800000000000000000000000000000000017fff8000000000000000000
EQV 3211 2800000000000000000000000000000000017fff8000000000000000000
EQV 3212 2800000000000000000000000000000000017fff8000000000000000000
EQV 3213 0000000000000000000000000000000000017fff8000000000000000000
EQV 3214 0000000000000000000000000000000000017fff8000000000000000000
EQV 3215 0000000000000000000000000000000000017fff8000000000000000000
EQV 3216 0000000000000000000000000000000000017fff8000000000000000002
EQV 3217 1000000000000000000000000000000000017fff8000000000000000002
PASS  OPT-18
EQV 3218 2800000000000000000000000000000000017fff8000000000000000002
EQV 3219 28000000000000000000000000000000000000000000000000000000000
EQV 3220 28000000000000000000000000000000000000000000000000000000000
EQV 3221 00000000000000000000000000000000000000000000000000000000000
EQV 3222 0000000000000000000000000000000000007fff8000000000000000040
EQV 3223 2800000000000000000000000000000000007fff8000000000000000040
EQV 3224 0000000000000000000000000000000000007fff8000000000000000040
EQV 3225 1000000000000000000000000000000000007fff8000000000000000040
EQV 3226 2800000000000000000000000000000000017fff8000000000000000000
EQV 3227 2800000000000000000000000000000000017fff8000000000000000000
EQV 3228 2800000000000000000000000000000000017fff8000000000000000000
EQV 3229 2800000000000000000000000000000000017fff8000000000000000000
EQV 3230 0000000000000000000000000000000000017fff8000000000000000000
EQV 3231 0000000000000000000000000000000000017fff8000000000000000000
EQV 3232 0000000000000000000000000000000000017fff8000000000000000000
EQV 3233 0000000000000000000000000000000000017fff8000000000000000000
EQV 3234 0000000000000000000000000000000000017fff8000000000000000002
EQV 3235 1000000000000000000000000000000000017fff8000000000000000002
PASS  OPT-19
EQV 3236 2800000000000000000000000000000000017fff8000000000000000002
EQV 3237 28000000000000000000000000000000000000000000000000000000000
EQV 3238 28000000000000000000000000000000000000000000000000000000000
EQV 3239 00000000000000000000000000000000000000000000000000000000000
EQV 3240 0000000000000000000000000000000000007fff8000000000000000040
EQV 3241 2800000000000000000000000000000000007fff8000000000000000040
EQV 3242 0000000000000000000000000000000000007fff8000000000000000040
EQV 3243 1000000000000000000000000000000000007fff8000000000000000040
EQV 3244 2800000000000000000000000000000000017fff8000000000000000000
EQV 3245 2800000000000000000000000000000000017fff8000000000000000000
EQV 3246 2800000000000000000000000000000000017fff8000000000000000000
EQV 3247 2800000000000000000000000000000000017fff8000000000000000000
EQV 3248 0000000000000000000000000000000000017fff8000000000000000000
EQV 3249 0000000000000000000000000000000000017fff8000000000000000000
EQV 3250 0000000000000000000000000000000000017fff8000000000000000000
EQV 3251 0000000000000000000000000000000000017fff8000000000000000000
EQV 3252 0000000000000000000000000000000000017fff8000000000000000002
EQV 3253 0000000000000000000000000000000000017fff8000000000000000002
EQV 3254 1000000000000000000000000000000000017fff8000000000000000002
EQV 3255 2800000000000000000000000000000000017fff8000000000000000002
EQV 3256 28000000000000000000000000000000000000000000000000000000000
EQV 3257 28000000000000000000000000000000000000000000000000000000000
EQV 3258 00000000000000000000000000000000000000000000000000000000000
EQV 3259 0000000000000000000000000000000000007fff8000000000000000040
EQV 3260 2800000000000000000000000000000000007fff8000000000000000040
EQV 3261 0000000000000000000000000000000000007fff8000000000000000040
EQV 3262 1000000000000000000000000000000000007fff8000000000000000040
EQV 3263 2800000000000000000000000000000000017fff8000000000000000000
EQV 3264 2800000000000000000000000000000000017fff8000000000000000000
EQV 3265 2800000000000000000000000000000000017fff8000000000000000000
EQV 3266 2800000000000000000000000000000000017fff8000000000000000000
EQV 3267 0000000000000000000000000000000000017fff8000000000000000000
EQV 3268 0000000000000000000000000000000000017fff8000000000000000000
EQV 3269 0000000000000000000000000000000000017fff8000000000000000000
EQV 3270 0000000000000000000000000000000000017fff8000000000000000000
PASS  OPT-20
EQV 3271 2800000000000000000000000000000000017fff8000000000000000002
EQV 3272 28000000000000000000000000000000000000000000000000000000000
EQV 3273 28000000000000000000000000000000000000000000000000000000000
EQV 3274 00000000000000000000000000000000000000000000000000000000000
EQV 3275 0000000000000000000000000000000000007fff8000000000000000040
EQV 3276 2800000000000000000000000000000000007fff8000000000000000040
EQV 3277 0000000000000000000000000000000000007fff8000000000000000040
EQV 3278 1000000000000000000000000000000000007fff8000000000000000040
PASS  OPT-21
EQV 3279 2800000000000000000000000000000000017fff8000000000000000000
EQV 3280 28000000000000000000000000000000000000000000000000000000000
EQV 3281 28000000000000000000000000000000000000000000000000000000000
EQV 3282 00000000000000000000000000000000000000000000000000000000000
EQV 3283 0000000000000000000000000000000000007fff8000000000000000040
EQV 3284 2800000000000000000000000000000000007fff8000000000000000040
EQV 3285 0000000000000000000000000000000000007fff8000000000000000040
EQV 3286 1000000000000000000000000000000000007fff8000000000000000040
EQV 3287 2800000000000000000000000000000000017fff8000000000000000000
EQV 3288 2800000000000000000000000000000000017fff8000000000000000000
EQV 3289 2800000000000000000000000000000000017fff8000000000000000000
EQV 3290 2800000000000000000000000000000000017fff8000000000000000000
EQV 3291 0000000000000000000000000000000000017fff8000000000000000000
EQV 3292 1000000000000000000000000000000000017fff8000000000000000000
PASS  OPT-22
EQV 3293 2800000000000000000000000000000000017fff8000000000000000000
EQV 3294 28000000000000000000000000000000000000000000000000000000000
EQV 3295 28000000000000000000000000000000000000000000000000000000000
EQV 3296 00000000000000000000000000000000000000000000000000000000000
EQV 3297 0000000000000000000000000000000000007fff8000000000000000040
EQV 3298 2800000000000000000000000000000000007fff8000000000000000040
EQV 3299 0000000000000000000000000000000000007fff8000000000000000040
EQV 3300 1000000000000000000000000000000000007fff8000000000000000040
EQV 3301 2800000000000000000000000000000000017fff8000000000000000000
EQV 3302 2800000000000000000000000000000000017fff8000000000000000000
EQV 3303 2800000000000000000000000000000000017fff8000000000000000000
EQV 3304 2800000000000000000000000000000000017fff8000000000000000000
EQV 3305 0000000000000000000000000000000000017fff8000000000000000000
EQV 3306 0000000000000000000000000000000000017fff8000000000000000000
EQV 3307 0000000000000000000000000000000000017fff8000000000000000000
EQV 3308 0000000000000000000000000000000000017fff8000000000000000000
EQV 3309 0000000000000000000000000000000000017fff8000000000000000000
EQV 3310 0000000000000000000000000000000000017fff8000000000000000000
EQV 3311 0000000000000000000000000000000000017fff8000000000000000000
EQV 3312 0000000000000000000000000000000000017fff8000000000000000000
EQV 3313 0000000000000000000000000000000000017fff8000000000000000000
EQV 3314 0000000000000000000000000000000000017fff8000000000000000000
EQV 3315 0000000000000000000000000000000000017fff8000000000000000000
EQV 3316 0000000000000000000000000000000000017fff8000000000000000000
EQV 3317 0000000000000000000000000000000000017fff8000000000000000000
EQV 3318 0000000000000000000000000000000000017fff8000000000000000000
EQV 3319 0000000000000000000000000000000000017fff8000000000000000000
EQV 3320 0000000000000000000000000000000000017fff8000000000000000000
EQV 3321 0000000000000000000000000000000000017fff8000000000000000000
EQV 3322 0000000000000000000000000000000000017fff8000000000000000000
EQV 3323 0000000000000000000000000000000000017fff8000000000000000000
EQV 3324 0000000000000000000000000000000000017fff8000000000000000000
EQV 3325 0000000000000000000000000000000000017fff8000000000000000000
EQV 3326 0000000000000000000000000000000000017fff8000000000000000000
EQV 3327 0000000000000000000000000000000000017fff8000000000000000000
EQV 3328 0000000000000000000000000000000000017fff8000000000000000000
EQV 3329 0000000000000000000000000000000000017fff8000000000000000000
EQV 3330 0000000000000000000000000000000000017fff8000000000000000000
EQV 3331 0000000000000000000000000000000000017fff8000000000000000000
EQV 3332 0000000000000000000000000000000000017fff8000000000000000000
EQV 3333 0000000000000000000000000000000000017fff8000000000000000000
EQV 3334 0000000000000000000000000000000000017fff8000000000000000000
EQV 3335 0000000000000000000000000000000000017fff8000000000000000000
EQV 3336 0000000000000000000000000000000000017fff8000000000000000000
EQV 3337 0000000000000000000000000000000000017fff8000000000000000000
EQV 3338 0000000000000000000000000000000000017fff8000000000000000000
EQV 3339 0000000000000000000000000000000000017fff8000000000000000000
EQV 3340 0000000000000000000000000000000000017fff8000000000000000000
EQV 3341 0000000000000000000000000000000000017fff8000000000000000000
EQV 3342 0000000000000000000000000000000000017fff8000000000000000000
EQV 3343 0000000000000000000000000000000000017fff8000000000000000000
EQV 3344 0000000000000000000000000000000000017fff8000000000000000000
EQV 3345 0000000000000000000000000000000000017fff8000000000000000000
EQV 3346 0000000000000000000000000000000000017fff8000000000000000000
EQV 3347 0000000000000000000000000000000000017fff8000000000000000000
EQV 3348 0000000000000000000000000000000000017fff8000000000000000000
EQV 3349 0000000000000000000000000000000000017fff8000000000000000000
EQV 3350 0000000000000000000000000000000000017fff8000000000000000000
EQV 3351 0000000000000000000000000000000000017fff8000000000000000000
EQV 3352 0000000000000000000000000000000000017fff8000000000000000000
EQV 3353 0000000000000000000000000000000000017fff8000000000000000000
EQV 3354 0000000000000000000000000000000000017fff8000000000000000000
EQV 3355 0000000000000000000000000000000000017fff8000000000000000000
EQV 3356 1000000000000000000000000000000000017fff8000000000000000000
EQV 3357 280000000000000000000000000000000001ffff85557fffaaa98000080
EQV 3358 280000000000000000000000000000000001ffff85557fffaaa98000080
EQV 3359 28000000000000000000000000000000000000000000000000000000000
EQV 3360 28000000000000000000000000000000000000000000000000000000000
EQV 3361 00000000000000000000000000000000000000000000000000000000000
EQV 3362 0000000000000000000000000000000000007fff8000000000000000040
EQV 3363 2800000000000000000000000000000000007fff8000000000000000040
EQV 3364 0000000000000000000000000000000000007fff8000000000000000040
EQV 3365 1000000000000000000000000000000000007fff8000000000000000040
EQV 3366 2800000000000000000000000000000000017fff8000000000000000000
EQV 3367 2800000000000000000000000000000000017fff8000000000000000000
EQV 3368 2800000000000000000000000000000000017fff8000000000000000000
EQV 3369 2800000000000000000000000000000000017fff8000000000000000000
EQV 3370 0000000000000000000000000000000000017fff8000000000000000000
EQV 3371 0000000000000000000000000000000000017fff8000000000000000000
EQV 3372 0000000000000000000000000000000000017fff8000000000000000000
EQV 3373 0000000000000000000000000000000000017fff8000000000000000000
EQV 3374 0000000000000000000000000000000000017fff8000000000000000000
EQV 3375 0000000000000000000000000000000000017fff8000000000000000000
EQV 3376 0000000000000000000000000000000000017fff8000000000000000000
EQV 3377 0000000000000000000000000000000000017fff8000000000000000000
EQV 3378 0000000000000000000000000000000000017fff8000000000000000000
EQV 3379 0000000000000000000000000000000000017fff8000000000000000000
EQV 3380 0000000000000000000000000000000000017fff8000000000000000000
EQV 3381 0000000000000000000000000000000000017fff8000000000000000000
EQV 3382 0000000000000000000000000000000000017fff8000000000000000000
EQV 3383 0000000000000000000000000000000000017fff8000000000000000000
EQV 3384 0000000000000000000000000000000000017fff8000000000000000000
EQV 3385 0000000000000000000000000000000000017fff8000000000000000000
EQV 3386 0000000000000000000000000000000000017fff8000000000000000000
EQV 3387 0000000000000000000000000000000000017fff8000000000000000000
EQV 3388 0000000000000000000000000000000000017fff8000000000000000000
EQV 3389 0000000000000000000000000000000000017fff8000000000000000000
EQV 3390 0000000000000000000000000000000000017fff8000000000000000000
EQV 3391 0000000000000000000000000000000000017fff8000000000000000000
EQV 3392 0000000000000000000000000000000000017fff8000000000000000000
EQV 3393 0000000000000000000000000000000000017fff8000000000000000000
EQV 3394 0000000000000000000000000000000000017fff8000000000000000000
EQV 3395 0000000000000000000000000000000000017fff8000000000000000000
EQV 3396 0000000000000000000000000000000000017fff8000000000000000000
EQV 3397 0000000000000000000000000000000000017fff8000000000000000000
EQV 3398 0000000000000000000000000000000000017fff8000000000000000000
EQV 3399 0000000000000000000000000000000000017fff8000000000000000000
EQV 3400 0000000000000000000000000000000000017fff8000000000000000000
EQV 3401 0000000000000000000000000000000000017fff8000000000000000000
EQV 3402 0000000000000000000000000000000000017fff8000000000000000000
EQV 3403 0000000000000000000000000000000000017fff8000000000000000000
EQV 3404 0000000000000000000000000000000000017fff8000000000000000000
EQV 3405 0000000000000000000000000000000000017fff8000000000000000000
EQV 3406 0000000000000000000000000000000000017fff8000000000000000000
EQV 3407 0000000000000000000000000000000000017fff8000000000000000000
EQV 3408 0000000000000000000000000000000000017fff8000000000000000000
EQV 3409 0000000000000000000000000000000000017fff8000000000000000000
EQV 3410 0000000000000000000000000000000000017fff8000000000000000000
EQV 3411 0000000000000000000000000000000000017fff8000000000000000000
EQV 3412 0000000000000000000000000000000000017fff8000000000000000000
EQV 3413 0000000000000000000000000000000000017fff8000000000000000000
EQV 3414 0000000000000000000000000000000000017fff8000000000000000000
EQV 3415 0000000000000000000000000000000000017fff8000000000000000000
EQV 3416 0000000000000000000000000000000000017fff8000000000000000000
EQV 3417 0000000000000000000000000000000000017fff8000000000000000000
EQV 3418 0000000000000000000000000000000000017fff8000000000000000000
EQV 3419 0000000000000000000000000000000000017fff8000000000000000000
EQV 3420 0000000000000000000000000000000000017fff8000000000000000000
EQV 3421 1000000000000000000000000000000000017fff8000000000000000000
EQV 3422 280000000000000000000000000000000001ffff61bd7fff38c40000080
EQV 3423 280000000000000000000000000000000001ffff61bd7fff38c40000080
EQV 3424 28000000000000000000000000000000000000000000000000000000000
EQV 3425 28000000000000000000000000000000000000000000000000000000000
EQV 3426 00000000000000000000000000000000000000000000000000000000000
EQV 3427 0000000000000000000000000000000000007fff8000000000000000040
EQV 3428 2800000000000000000000000000000000007fff8000000000000000040
EQV 3429 0000000000000000000000000000000000007fff8000000000000000040
EQV 3430 1000000000000000000000000000000000007fff8000000000000000040
EQV 3431 2800000000000000000000000000000000017fff8000000000000000000
EQV 3432 2800000000000000000000000000000000017fff8000000000000000000
EQV 3433 2800000000000000000000000000000000017fff8000000000000000000
EQV 3434 2800000000000000000000000000000000017fff8000000000000000000
EQV 3435 0000000000000000000000000000000000017fff8000000000000000000
EQV 3436 0000000000000000000000000000000000017fff8000000000000000000
EQV 3437 0000000000000000000000000000000000017fff8000000000000000000
EQV 3438 0000000000000000000000000000000000017fff8000000000000000000
EQV 3439 0000000000000000000000000000000000017fff8000000000000000000
EQV 3440 0000000000000000000000000000000000017fff8000000000000000000
EQV 3441 0000000000000000000000000000000000017fff8000000000000000000
EQV 3442 0000000000000000000000000000000000017fff8000000000000000000
EQV 3443 0000000000000000000000000000000000017fff8000000000000000000
EQV 3444 0000000000000000000000000000000000017fff8000000000000000000
EQV 3445 0000000000000000000000000000000000017fff8000000000000000000
EQV 3446 0000000000000000000000000000000000017fff8000000000000000000
EQV 3447 0000000000000000000000000000000000017fff8000000000000000000
EQV 3448 0000000000000000000000000000000000017fff8000000000000000000
EQV 3449 0000000000000000000000000000000000017fff8000000000000000000
EQV 3450 0000000000000000000000000000000000017fff8000000000000000000
EQV 3451 0000000000000000000000000000000000017fff8000000000000000000
EQV 3452 0000000000000000000000000000000000017fff8000000000000000000
EQV 3453 0000000000000000000000000000000000017fff8000000000000000000
EQV 3454 0000000000000000000000000000000000017fff8000000000000000000
EQV 3455 0000000000000000000000000000000000017fff8000000000000000000
EQV 3456 0000000000000000000000000000000000017fff8000000000000000000
EQV 3457 0000000000000000000000000000000000017fff8000000000000000000
EQV 3458 0000000000000000000000000000000000017fff8000000000000000000
EQV 3459 0000000000000000000000000000000000017fff8000000000000000000
EQV 3460 0000000000000000000000000000000000017fff8000000000000000000
EQV 3461 0000000000000000000000000000000000017fff8000000000000000000
EQV 3462 0000000000000000000000000000000000017fff8000000000000000000
EQV 3463 0000000000000000000000000000000000017fff8000000000000000000
EQV 3464 0000000000000000000000000000000000017fff8000000000000000000
EQV 3465 0000000000000000000000000000000000017fff8000000000000000000
EQV 3466 0000000000000000000000000000000000017fff8000000000000000000
EQV 3467 0000000000000000000000000000000000017fff8000000000000000000
EQV 3468 0000000000000000000000000000000000017fff8000000000000000000
EQV 3469 0000000000000000000000000000000000017fff8000000000000000000
EQV 3470 0000000000000000000000000000000000017fff8000000000000000000
EQV 3471 0000000000000000000000000000000000017fff8000000000000000000
EQV 3472 0000000000000000000000000000000000017fff8000000000000000000
EQV 3473 0000000000000000000000000000000000017fff8000000000000000000
EQV 3474 0000000000000000000000000000000000017fff8000000000000000000
EQV 3475 0000000000000000000000000000000000017fff8000000000000000000
EQV 3476 0000000000000000000000000000000000017fff8000000000000000000
EQV 3477 0000000000000000000000000000000000017fff8000000000000000000
EQV 3478 0000000000000000000000000000000000017fff8000000000000000000
EQV 3479 0000000000000000000000000000000000017fff8000000000000000000
EQV 3480 0000000000000000000000000000000000017fff8000000000000000000
EQV 3481 0000000000000000000000000000000000017fff8000000000000000000
EQV 3482 0000000000000000000000000000000000017fff8000000000000000000
EQV 3483 0000000000000000000000000000000000017fff8000000000000000000
EQV 3484 0000000000000000000000000000000000017fff8000000000000000000
EQV 3485 0000000000000000000000000000000000017fff8000000000000000000
EQV 3486 1000000000000000000000000000000000017fff8000000000000000000
EQV 3487 280000000000000000000000000000000001ffff85557fffaaa98000080
EQV 3488 280000000000000000000000000000000001ffff85557fffaaa98000080
EQV 3489 280000000000000000000000000000000001ffff85557fffaaa98000080
EQV 3490 280000000000000000000000000000000001ffff85557fffaaa98000080
EQV 3491 280000000000000000000000000000000001ffff85557fffaaa98000080
EQV 3492 000000000000000000000000000000000001ffff85557fffaaa98000080
EQV 3493 000000000000000000000000000000000001ffff85557fffaaa98000080
EQV 3494 000000000000000000000000000000000001ffff85557fffaaa98000080
EQV 3495 000000000000000000000000000000000001ffff85557fffaaa98000080
EQV 3496 000000000000000000000000000000000001ffff85557fffaaa98000080
EQV 3497 000000000000000000000000000000000001ffff85557fffaaa98000080
EQV 3498 000000000000000000000000000000000001ffff85557fffaaa98000080
EQV 3499 000000000000000000000000000000000001ffff85557fffaaa98000080
EQV 3500 000000000000000000000000000000000001ffff85557fffaaa98000080
EQV 3501 000000000000000000000000000000000001ffff85557fffaaa98000080
EQV 3502 000000000000000000000000000000000001ffff85557fffaaa98000080
EQV 3503 000000000000000000000000000000000001ffff85557fffaaa98000080
EQV 3504 000000000000000000000000000000000001ffff85557fffaaa98000080
EQV 3505 000000000000000000000000000000000001ffff85557fffaaa98000080
EQV 3506 000000000000000000000000000000000001ffff85557fffaaa98000080
EQV 3507 000000000000000000000000000000000001ffff85557fffaaa98000080
EQV 3508 000000000000000000000000000000000001ffff85557fffaaa98000080
EQV 3509 000000000000000000000000000000000001ffff85557fffaaa98000080
EQV 3510 000000000000000000000000000000000001ffff85557fffaaa98000080
EQV 3511 000000000000000000000000000000000001ffff85557fffaaa98000080
EQV 3512 000000000000000000000000000000000001ffff85557fffaaa98000080
EQV 3513 000000000000000000000000000000000001ffff85557fffaaa98000080
EQV 3514 000000000000000000000000000000000001ffff85557fffaaa98000080
EQV 3515 000000000000000000000000000000000001ffff85557fffaaa98000080
EQV 3516 000000000000000000000000000000000001ffff85557fffaaa98000080
EQV 3517 000000000000000000000000000000000001ffff85557fffaaa98000080
EQV 3518 000000000000000000000000000000000001ffff85557fffaaa98000080
EQV 3519 000000000000000000000000000000000001ffff85557fffaaa98000080
EQV 3520 000000000000000000000000000000000001ffff85557fffaaa98000080
EQV 3521 000000000000000000000000000000000001ffff85557fffaaa98000080
EQV 3522 000000000000000000000000000000000001ffff85557fffaaa98000080
EQV 3523 000000000000000000000000000000000001ffff85557fffaaa98000080
EQV 3524 000000000000000000000000000000000001ffff85557fffaaa98000080
EQV 3525 000000000000000000000000000000000001ffff85557fffaaa98000080
EQV 3526 000000000000000000000000000000000001ffff85557fffaaa98000080
EQV 3527 000000000000000000000000000000000001ffff85557fffaaa98000080
EQV 3528 000000000000000000000000000000000001ffff85557fffaaa98000080
EQV 3529 000000000000000000000000000000000001ffff85557fffaaa98000080
EQV 3530 000000000000000000000000000000000001ffff85557fffaaa98000080
EQV 3531 000000000000000000000000000000000001ffff85557fffaaa98000080
EQV 3532 000000000000000000000000000000000001ffff85557fffaaa98000080
EQV 3533 000000000000000000000000000000000001ffff85557fffaaa98000080
EQV 3534 000000000000000000000000000000000001ffff85557fffaaa98000080
EQV 3535 000000000000000000000000000000000001ffff85557fffaaa98000080
EQV 3536 000000000000000000000000000000000001ffff85557fffaaa98000080
EQV 3537 000000000000000000000000000000000001ffff85557fffaaa98000080
EQV 3538 000000000000000000000000000000000001ffff85557fffaaa98000080
EQV 3539 000000000000000000000000000000000001ffff85557fffaaa98000080
EQV 3540 000000000000000000000000000000000001ffff85557fffaaa98000080
EQV 3541 000000000000000000000000000000000001ffff85557fffaaa98000080
EQV 3542 000000000000000000000000000000000001ffff85557fffaaa98000080
EQV 3543 100000000000000000000000000000000001ffff85557fffaaa98000080
EQV 3544 280000000000000000000000000000000001ffff754dffff6a930000100
PASS  OPT-23
EQV 3545 280000000000000000000000000000000001ffff754dffff6a930000100
EQV 3546 28000000000000000000000000000000000000000000000000000000000
EQV 3547 28000000000000000000000000000000000000000000000000000000000
EQV 3548 00000000000000000000000000000000000000000000000000000000000
EQV 3549 0000000000000000000000000000000000007fff8000000000000000040
EQV 3550 2800000000000000000000000000000000007fff8000000000000000040
EQV 3551 0000000000000000000000000000000000007fff8000000000000000040
EQV 3552 1000000000000000000000000000000000007fff8000000000000000040
EQV 3553 2800000000000000000000000000000000017fff8000000000000000000
EQV 3554 2800000000000000000000000000000000017fff8000000000000000000
EQV 3555 2800000000000000000000000000000000017fff8000000000000000000
EQV 3556 2800000000000000000000000000000000017fff8000000000000000000
EQV 3557 0000000000000000000000000000000000017fff8000000000000000000
EQV 3558 0000000000000000000000000000000000017fff8000000000000000000
EQV 3559 0000000000000000000000000000000000017fff8000000000000000000
EQV 3560 0000000000000000000000000000000000017fff8000000000000000000
EQV 3561 0000000000000000000000000000000000017fff8000000000000000000
EQV 3562 0000000000000000000000000000000000017fff8000000000000000000
EQV 3563 0000000000000000000000000000000000017fff8000000000000000000
EQV 3564 0000000000000000000000000000000000017fff8000000000000000000
EQV 3565 0000000000000000000000000000000000017fff8000000000000000000
EQV 3566 0000000000000000000000000000000000017fff8000000000000000000
EQV 3567 0000000000000000000000000000000000017fff8000000000000000000
EQV 3568 0000000000000000000000000000000000017fff8000000000000000000
EQV 3569 0000000000000000000000000000000000017fff8000000000000000000
EQV 3570 0000000000000000000000000000000000017fff8000000000000000000
EQV 3571 0000000000000000000000000000000000017fff8000000000000000000
EQV 3572 0000000000000000000000000000000000017fff8000000000000000000
EQV 3573 0000000000000000000000000000000000017fff8000000000000000000
EQV 3574 0000000000000000000000000000000000017fff8000000000000000000
EQV 3575 0000000000000000000000000000000000017fff8000000000000000000
EQV 3576 0000000000000000000000000000000000017fff8000000000000000000
EQV 3577 0000000000000000000000000000000000017fff8000000000000000000
EQV 3578 0000000000000000000000000000000000017fff8000000000000000000
EQV 3579 0000000000000000000000000000000000017fff8000000000000000000
EQV 3580 0000000000000000000000000000000000017fff8000000000000000000
EQV 3581 0000000000000000000000000000000000017fff8000000000000000000
EQV 3582 0000000000000000000000000000000000017fff8000000000000000000
EQV 3583 0000000000000000000000000000000000017fff8000000000000000000
EQV 3584 0000000000000000000000000000000000017fff8000000000000000000
EQV 3585 0000000000000000000000000000000000017fff8000000000000000000
EQV 3586 0000000000000000000000000000000000017fff8000000000000000000
EQV 3587 0000000000000000000000000000000000017fff8000000000000000000
EQV 3588 0000000000000000000000000000000000017fff8000000000000000000
EQV 3589 0000000000000000000000000000000000017fff8000000000000000000
EQV 3590 0000000000000000000000000000000000017fff8000000000000000000
EQV 3591 0000000000000000000000000000000000017fff8000000000000000000
EQV 3592 0000000000000000000000000000000000017fff8000000000000000000
EQV 3593 0000000000000000000000000000000000017fff8000000000000000000
EQV 3594 0000000000000000000000000000000000017fff8000000000000000000
EQV 3595 0000000000000000000000000000000000017fff8000000000000000000
EQV 3596 0000000000000000000000000000000000017fff8000000000000000000
EQV 3597 0000000000000000000000000000000000017fff8000000000000000000
EQV 3598 0000000000000000000000000000000000017fff8000000000000000000
EQV 3599 0000000000000000000000000000000000017fff8000000000000000000
EQV 3600 0000000000000000000000000000000000017fff8000000000000000000
EQV 3601 0000000000000000000000000000000000017fff8000000000000000000
EQV 3602 0000000000000000000000000000000000017fff8000000000000000000
EQV 3603 0000000000000000000000000000000000017fff8000000000000000000
EQV 3604 0000000000000000000000000000000000017fff8000000000000000000
EQV 3605 0000000000000000000000000000000000017fff8000000000000000000
EQV 3606 0000000000000000000000000000000000017fff8000000000000000000
EQV 3607 0000000000000000000000000000000000017fff8000000000000000000
EQV 3608 1000000000000000000000000000000000017fff8000000000000000000
EQV 3609 280000000000000000000000000000000001ffff7307ffff70188000080
EQV 3610 280000000000000000000000000000000001ffff7307ffff70188000080
EQV 3611 28000000000000000000000000000000000000000000000000000000000
EQV 3612 28000000000000000000000000000000000000000000000000000000000
EQV 3613 00000000000000000000000000000000000000000000000000000000000
EQV 3614 0000000000000000000000000000000000007fff8000000000000000040
EQV 3615 2800000000000000000000000000000000007fff8000000000000000040
EQV 3616 0000000000000000000000000000000000007fff8000000000000000040
EQV 3617 1000000000000000000000000000000000007fff8000000000000000040
EQV 3618 2800000000000000000000000000000000017fff8000000000000000000
EQV 3619 2800000000000000000000000000000000017fff8000000000000000000
EQV 3620 2800000000000000000000000000000000017fff8000000000000000000
EQV 3621 2800000000000000000000000000000000017fff8000000000000000000
EQV 3622 0000000000000000000000000000000000017fff8000000000000000000
EQV 3623 0000000000000000000000000000000000017fff8000000000000000000
EQV 3624 0000000000000000000000000000000000017fff8000000000000000000
EQV 3625 0000000000000000000000000000000000017fff8000000000000000000
EQV 3626 0000000000000000000000000000000000017fff8000000000000000000
EQV 3627 0000000000000000000000000000000000017fff8000000000000000000
EQV 3628 0000000000000000000000000000000000017fff8000000000000000000
EQV 3629 0000000000000000000000000000000000017fff8000000000000000000
EQV 3630 0000000000000000000000000000000000017fff8000000000000000000
EQV 3631 0000000000000000000000000000000000017fff8000000000000000000
EQV 3632 0000000000000000000000000000000000017fff8000000000000000000
EQV 3633 0000000000000000000000000000000000017fff8000000000000000000
EQV 3634 0000000000000000000000000000000000017fff8000000000000000000
EQV 3635 0000000000000000000000000000000000017fff8000000000000000000
EQV 3636 0000000000000000000000000000000000017fff8000000000000000000
EQV 3637 0000000000000000000000000000000000017fff8000000000000000000
EQV 3638 0000000000000000000000000000000000017fff8000000000000000000
EQV 3639 0000000000000000000000000000000000017fff8000000000000000000
EQV 3640 0000000000000000000000000000000000017fff8000000000000000000
EQV 3641 0000000000000000000000000000000000017fff8000000000000000000
EQV 3642 0000000000000000000000000000000000017fff8000000000000000000
EQV 3643 0000000000000000000000000000000000017fff8000000000000000000
EQV 3644 0000000000000000000000000000000000017fff8000000000000000000
EQV 3645 0000000000000000000000000000000000017fff8000000000000000000
EQV 3646 0000000000000000000000000000000000017fff8000000000000000000
EQV 3647 0000000000000000000000000000000000017fff8000000000000000000
EQV 3648 0000000000000000000000000000000000017fff8000000000000000000
EQV 3649 0000000000000000000000000000000000017fff8000000000000000000
EQV 3650 0000000000000000000000000000000000017fff8000000000000000000
EQV 3651 0000000000000000000000000000000000017fff8000000000000000000
EQV 3652 0000000000000000000000000000000000017fff8000000000000000000
EQV 3653 0000000000000000000000000000000000017fff8000000000000000000
EQV 3654 0000000000000000000000000000000000017fff8000000000000000000
EQV 3655 0000000000000000000000000000000000017fff8000000000000000000
EQV 3656 0000000000000000000000000000000000017fff8000000000000000000
EQV 3657 0000000000000000000000000000000000017fff8000000000000000000
EQV 3658 0000000000000000000000000000000000017fff8000000000000000000
EQV 3659 0000000000000000000000000000000000017fff8000000000000000000
EQV 3660 0000000000000000000000000000000000017fff8000000000000000000
EQV 3661 0000000000000000000000000000000000017fff8000000000000000000
EQV 3662 0000000000000000000000000000000000017fff8000000000000000000
EQV 3663 0000000000000000000000000000000000017fff8000000000000000000
EQV 3664 0000000000000000000000000000000000017fff8000000000000000000
EQV 3665 0000000000000000000000000000000000017fff8000000000000000000
EQV 3666 0000000000000000000000000000000000017fff8000000000000000000
EQV 3667 0000000000000000000000000000000000017fff8000000000000000000
EQV 3668 0000000000000000000000000000000000017fff8000000000000000000
EQV 3669 0000000000000000000000000000000000017fff8000000000000000000
EQV 3670 0000000000000000000000000000000000017fff8000000000000000000
EQV 3671 0000000000000000000000000000000000017fff8000000000000000000
EQV 3672 0000000000000000000000000000000000017fff8000000000000000000
EQV 3673 1000000000000000000000000000000000017fff8000000000000000000
EQV 3674 280000000000000000000000000000000001ffff91757fffd1750000080
EQV 3675 280000000000000000000000000000000001ffff91757fffd1750000080
EQV 3676 28000000000000000000000000000000000000000000000000000000000
EQV 3677 28000000000000000000000000000000000000000000000000000000000
EQV 3678 00000000000000000000000000000000000000000000000000000000000
EQV 3679 0000000000000000000000000000000000007fff8000000000000000040
EQV 3680 2800000000000000000000000000000000007fff8000000000000000040
EQV 3681 0000000000000000000000000000000000007fff8000000000000000040
EQV 3682 1000000000000000000000000000000000007fff8000000000000000040
EQV 3683 2800000000000000000000000000000000017fff8000000000000000000
EQV 3684 2800000000000000000000000000000000017fff8000000000000000000
EQV 3685 2800000000000000000000000000000000017fff8000000000000000000
EQV 3686 2800000000000000000000000000000000017fff8000000000000000000
EQV 3687 0000000000000000000000000000000000017fff8000000000000000000
EQV 3688 0000000000000000000000000000000000017fff8000000000000000000
EQV 3689 0000000000000000000000000000000000017fff8000000000000000000
EQV 3690 0000000000000000000000000000000000017fff8000000000000000000
EQV 3691 0000000000000000000000000000000000017fff8000000000000000000
EQV 3692 0000000000000000000000000000000000017fff8000000000000000000
EQV 3693 0000000000000000000000000000000000017fff8000000000000000000
EQV 3694 0000000000000000000000000000000000017fff8000000000000000000
EQV 3695 0000000000000000000000000000000000017fff8000000000000000000
EQV 3696 0000000000000000000000000000000000017fff8000000000000000000
EQV 3697 0000000000000000000000000000000000017fff8000000000000000000
EQV 3698 0000000000000000000000000000000000017fff8000000000000000000
EQV 3699 0000000000000000000000000000000000017fff8000000000000000000
EQV 3700 0000000000000000000000000000000000017fff8000000000000000000
EQV 3701 0000000000000000000000000000000000017fff8000000000000000000
EQV 3702 0000000000000000000000000000000000017fff8000000000000000000
EQV 3703 0000000000000000000000000000000000017fff8000000000000000000
EQV 3704 0000000000000000000000000000000000017fff8000000000000000000
EQV 3705 0000000000000000000000000000000000017fff8000000000000000000
EQV 3706 0000000000000000000000000000000000017fff8000000000000000000
EQV 3707 0000000000000000000000000000000000017fff8000000000000000000
EQV 3708 0000000000000000000000000000000000017fff8000000000000000000
EQV 3709 0000000000000000000000000000000000017fff8000000000000000000
EQV 3710 0000000000000000000000000000000000017fff8000000000000000000
EQV 3711 0000000000000000000000000000000000017fff8000000000000000000
EQV 3712 0000000000000000000000000000000000017fff8000000000000000000
EQV 3713 0000000000000000000000000000000000017fff8000000000000000000
EQV 3714 0000000000000000000000000000000000017fff8000000000000000000
EQV 3715 0000000000000000000000000000000000017fff8000000000000000000
EQV 3716 0000000000000000000000000000000000017fff8000000000000000000
EQV 3717 0000000000000000000000000000000000017fff8000000000000000000
EQV 3718 0000000000000000000000000000000000017fff8000000000000000000
EQV 3719 0000000000000000000000000000000000017fff8000000000000000000
EQV 3720 0000000000000000000000000000000000017fff8000000000000000000
EQV 3721 0000000000000000000000000000000000017fff8000000000000000000
EQV 3722 0000000000000000000000000000000000017fff8000000000000000000
EQV 3723 0000000000000000000000000000000000017fff8000000000000000000
EQV 3724 0000000000000000000000000000000000017fff8000000000000000000
EQV 3725 0000000000000000000000000000000000017fff8000000000000000000
EQV 3726 0000000000000000000000000000000000017fff8000000000000000000
EQV 3727 0000000000000000000000000000000000017fff8000000000000000000
EQV 3728 0000000000000000000000000000000000017fff8000000000000000000
EQV 3729 0000000000000000000000000000000000017fff8000000000000000000
EQV 3730 0000000000000000000000000000000000017fff8000000000000000000
EQV 3731 0000000000000000000000000000000000017fff8000000000000000000
EQV 3732 0000000000000000000000000000000000017fff8000000000000000000
EQV 3733 0000000000000000000000000000000000017fff8000000000000000000
EQV 3734 0000000000000000000000000000000000017fff8000000000000000000
EQV 3735 0000000000000000000000000000000000017fff8000000000000000000
EQV 3736 0000000000000000000000000000000000017fff8000000000000000000
EQV 3737 0000000000000000000000000000000000017fff8000000000000000000
EQV 3738 1000000000000000000000000000000000017fff8000000000000000000
EQV 3739 280000000000000000000000000000000001ffff7d7cffff918d0000080
EQV 3740 280000000000000000000000000000000001ffff7d7cffff918d0000080
EQV 3741 28000000000000000000000000000000000000000000000000000000000
EQV 3742 28000000000000000000000000000000000000000000000000000000000
EQV 3743 00000000000000000000000000000000000000000000000000000000000
EQV 3744 0000000000000000000000000000000000007fff8000000000000000040
EQV 3745 2800000000000000000000000000000000007fff8000000000000000040
EQV 3746 0000000000000000000000000000000000007fff8000000000000000040
EQV 3747 1000000000000000000000000000000000007fff8000000000000000040
EQV 3748 2800000000000000000000000000000000017fff8000000000000000000
EQV 3749 2800000000000000000000000000000000017fff8000000000000000000
EQV 3750 2800000000000000000000000000000000017fff8000000000000000000
EQV 3751 2800000000000000000000000000000000017fff8000000000000000000
EQV 3752 0000000000000000000000000000000000017fff8000000000000000000
EQV 3753 0000000000000000000000000000000000017fff8000000000000000000
EQV 3754 0000000000000000000000000000000000017fff8000000000000000000
EQV 3755 0000000000000000000000000000000000017fff8000000000000000000
EQV 3756 0000000000000000000000000000000000017fff8000000000000000000
EQV 3757 0000000000000000000000000000000000017fff8000000000000000000
EQV 3758 0000000000000000000000000000000000017fff8000000000000000000
EQV 3759 0000000000000000000000000000000000017fff8000000000000000000
EQV 3760 0000000000000000000000000000000000017fff8000000000000000000
EQV 3761 0000000000000000000000000000000000017fff8000000000000000000
EQV 3762 0000000000000000000000000000000000017fff8000000000000000000
EQV 3763 0000000000000000000000000000000000017fff8000000000000000000
EQV 3764 0000000000000000000000000000000000017fff8000000000000000000
EQV 3765 0000000000000000000000000000000000017fff8000000000000000000
EQV 3766 0000000000000000000000000000000000017fff8000000000000000000
EQV 3767 0000000000000000000000000000000000017fff8000000000000000000
EQV 3768 0000000000000000000000000000000000017fff8000000000000000000
EQV 3769 0000000000000000000000000000000000017fff8000000000000000000
EQV 3770 0000000000000000000000000000000000017fff8000000000000000000
EQV 3771 0000000000000000000000000000000000017fff8000000000000000000
EQV 3772 0000000000000000000000000000000000017fff8000000000000000000
EQV 3773 0000000000000000000000000000000000017fff8000000000000000000
EQV 3774 0000000000000000000000000000000000017fff8000000000000000000
EQV 3775 0000000000000000000000000000000000017fff8000000000000000000
EQV 3776 0000000000000000000000000000000000017fff8000000000000000000
EQV 3777 0000000000000000000000000000000000017fff8000000000000000000
EQV 3778 0000000000000000000000000000000000017fff8000000000000000000
EQV 3779 0000000000000000000000000000000000017fff8000000000000000000
EQV 3780 0000000000000000000000000000000000017fff8000000000000000000
EQV 3781 0000000000000000000000000000000000017fff8000000000000000000
EQV 3782 0000000000000000000000000000000000017fff8000000000000000000
EQV 3783 0000000000000000000000000000000000017fff8000000000000000000
EQV 3784 0000000000000000000000000000000000017fff8000000000000000000
EQV 3785 0000000000000000000000000000000000017fff8000000000000000000
EQV 3786 0000000000000000000000000000000000017fff8000000000000000000
EQV 3787 0000000000000000000000000000000000017fff8000000000000000000
EQV 3788 0000000000000000000000000000000000017fff8000000000000000000
EQV 3789 0000000000000000000000000000000000017fff8000000000000000000
EQV 3790 0000000000000000000000000000000000017fff8000000000000000000
EQV 3791 0000000000000000000000000000000000017fff8000000000000000000
EQV 3792 0000000000000000000000000000000000017fff8000000000000000000
EQV 3793 0000000000000000000000000000000000017fff8000000000000000000
EQV 3794 0000000000000000000000000000000000017fff8000000000000000000
EQV 3795 0000000000000000000000000000000000017fff8000000000000000000
EQV 3796 0000000000000000000000000000000000017fff8000000000000000000
EQV 3797 0000000000000000000000000000000000017fff8000000000000000000
EQV 3798 0000000000000000000000000000000000017fff8000000000000000000
EQV 3799 0000000000000000000000000000000000017fff8000000000000000000
EQV 3800 0000000000000000000000000000000000017fff8000000000000000000
EQV 3801 0000000000000000000000000000000000017fff8000000000000000000
EQV 3802 0000000000000000000000000000000000017fff8000000000000000000
EQV 3803 1000000000000000000000000000000000017fff8000000000000000000
EQV 3804 280000000000000000000000000000000001ffff7c177fff8d150000080
EQV 3805 280000000000000000000000000000000001ffff7c177fff8d150000080
EQV 3806 28000000000000000000000000000000000000000000000000000000000
EQV 3807 28000000000000000000000000000000000000000000000000000000000
EQV 3808 00000000000000000000000000000000000000000000000000000000000
EQV 3809 0000000000000000000000000000000000007fff8000000000000000040
EQV 3810 2800000000000000000000000000000000007fff8000000000000000040
EQV 3811 0000000000000000000000000000000000007fff8000000000000000040
EQV 3812 1000000000000000000000000000000000007fff8000000000000000040
EQV 3813 2800000000000000000000000000000000017fff8000000000000000000
EQV 3814 2800000000000000000000000000000000017fff8000000000000000000
EQV 3815 2800000000000000000000000000000000017fff8000000000000000000
EQV 3816 2800000000000000000000000000000000017fff8000000000000000000
EQV 3817 0000000000000000000000000000000000017fff8000000000000000000
EQV 3818 0000000000000000000000000000000000017fff8000000000000000000
EQV 3819 0000000000000000000000000000000000017fff8000000000000000000
EQV 3820 0000000000000000000000000000000000017fff8000000000000000000
EQV 3821 0000000000000000000000000000000000017fff8000000000000000000
EQV 3822 0000000000000000000000000000000000017fff8000000000000000000
EQV 3823 0000000000000000000000000000000000017fff8000000000000000000
EQV 3824 0000000000000000000000000000000000017fff8000000000000000000
EQV 3825 0000000000000000000000000000000000017fff8000000000000000000
EQV 3826 0000000000000000000000000000000000017fff8000000000000000000
EQV 3827 0000000000000000000000000000000000017fff8000000000000000000
EQV 3828 0000000000000000000000000000000000017fff8000000000000000000
EQV 3829 0000000000000000000000000000000000017fff8000000000000000000
EQV 3830 0000000000000000000000000000000000017fff8000000000000000000
EQV 3831 0000000000000000000000000000000000017fff8000000000000000000
EQV 3832 0000000000000000000000000000000000017fff8000000000000000000
EQV 3833 0000000000000000000000000000000000017fff8000000000000000000
EQV 3834 0000000000000000000000000000000000017fff8000000000000000000
EQV 3835 0000000000000000000000000000000000017fff8000000000000000000
EQV 3836 0000000000000000000000000000000000017fff8000000000000000000
EQV 3837 0000000000000000000000000000000000017fff8000000000000000000
EQV 3838 0000000000000000000000000000000000017fff8000000000000000000
EQV 3839 0000000000000000000000000000000000017fff8000000000000000000
EQV 3840 0000000000000000000000000000000000017fff8000000000000000000
EQV 3841 0000000000000000000000000000000000017fff8000000000000000000
EQV 3842 0000000000000000000000000000000000017fff8000000000000000000
EQV 3843 0000000000000000000000000000000000017fff8000000000000000000
EQV 3844 0000000000000000000000000000000000017fff8000000000000000000
EQV 3845 0000000000000000000000000000000000017fff8000000000000000000
EQV 3846 0000000000000000000000000000000000017fff8000000000000000000
EQV 3847 0000000000000000000000000000000000017fff8000000000000000000
EQV 3848 0000000000000000000000000000000000017fff8000000000000000000
EQV 3849 0000000000000000000000000000000000017fff8000000000000000000
EQV 3850 0000000000000000000000000000000000017fff8000000000000000000
EQV 3851 0000000000000000000000000000000000017fff8000000000000000000
EQV 3852 0000000000000000000000000000000000017fff8000000000000000000
EQV 3853 0000000000000000000000000000000000017fff8000000000000000000
EQV 3854 0000000000000000000000000000000000017fff8000000000000000000
EQV 3855 0000000000000000000000000000000000017fff8000000000000000000
EQV 3856 0000000000000000000000000000000000017fff8000000000000000000
EQV 3857 0000000000000000000000000000000000017fff8000000000000000000
EQV 3858 0000000000000000000000000000000000017fff8000000000000000000
EQV 3859 0000000000000000000000000000000000017fff8000000000000000000
EQV 3860 0000000000000000000000000000000000017fff8000000000000000000
EQV 3861 0000000000000000000000000000000000017fff8000000000000000000
EQV 3862 0000000000000000000000000000000000017fff8000000000000000000
EQV 3863 0000000000000000000000000000000000017fff8000000000000000000
EQV 3864 0000000000000000000000000000000000017fff8000000000000000000
EQV 3865 0000000000000000000000000000000000017fff8000000000000000000
EQV 3866 0000000000000000000000000000000000017fff8000000000000000000
EQV 3867 0000000000000000000000000000000000017fff8000000000000000000
EQV 3868 1000000000000000000000000000000000017fff8000000000000000000
EQV 3869 280000000000000000000000000000000001ffff5102ffff033b8000080
EQV 3870 280000000000000000000000000000000001ffff5102ffff033b8000080
EQV 3871 28000000000000000000000000000000000000000000000000000000000
EQV 3872 28000000000000000000000000000000000000000000000000000000000
EQV 3873 00000000000000000000000000000000000000000000000000000000000
EQV 3874 0000000000000000000000000000000000007fff8000000000000000040
EQV 3875 2800000000000000000000000000000000007fff8000000000000000040
EQV 3876 0000000000000000000000000000000000007fff8000000000000000040
EQV 3877 1000000000000000000000000000000000007fff8000000000000000040
EQV 3878 2800000000000000000000000000000000017fff8000000000000000000
EQV 3879 2800000000000000000000000000000000017fff8000000000000000000
EQV 3880 2800000000000000000000000000000000017fff8000000000000000000
EQV 3881 2800000000000000000000000000000000017fff8000000000000000000
EQV 3882 0000000000000000000000000000000000017fff8000000000000000000
EQV 3883 0000000000000000000000000000000000017fff8000000000000000000
EQV 3884 0000000000000000000000000000000000017fff8000000000000000000
EQV 3885 0000000000000000000000000000000000017fff8000000000000000000
EQV 3886 0000000000000000000000000000000000017fff8000000000000000000
EQV 3887 0000000000000000000000000000000000017fff8000000000000000000
EQV 3888 0000000000000000000000000000000000017fff8000000000000000000
EQV 3889 0000000000000000000000000000000000017fff8000000000000000000
EQV 3890 0000000000000000000000000000000000017fff8000000000000000000
EQV 3891 0000000000000000000000000000000000017fff8000000000000000000
EQV 3892 0000000000000000000000000000000000017fff8000000000000000000
EQV 3893 0000000000000000000000000000000000017fff8000000000000000000
EQV 3894 0000000000000000000000000000000000017fff8000000000000000000
EQV 3895 0000000000000000000000000000000000017fff8000000000000000000
EQV 3896 0000000000000000000000000000000000017fff8000000000000000000
EQV 3897 0000000000000000000000000000000000017fff8000000000000000000
EQV 3898 0000000000000000000000000000000000017fff8000000000000000000
EQV 3899 0000000000000000000000000000000000017fff8000000000000000000
EQV 3900 0000000000000000000000000000000000017fff8000000000000000000
EQV 3901 0000000000000000000000000000000000017fff8000000000000000000
EQV 3902 0000000000000000000000000000000000017fff8000000000000000000
EQV 3903 0000000000000000000000000000000000017fff8000000000000000000
EQV 3904 0000000000000000000000000000000000017fff8000000000000000000
EQV 3905 0000000000000000000000000000000000017fff8000000000000000000
EQV 3906 0000000000000000000000000000000000017fff8000000000000000000
EQV 3907 0000000000000000000000000000000000017fff8000000000000000000
EQV 3908 0000000000000000000000000000000000017fff8000000000000000000
EQV 3909 0000000000000000000000000000000000017fff8000000000000000000
EQV 3910 0000000000000000000000000000000000017fff8000000000000000000
EQV 3911 0000000000000000000000000000000000017fff8000000000000000000
EQV 3912 0000000000000000000000000000000000017fff8000000000000000000
EQV 3913 0000000000000000000000000000000000017fff8000000000000000000
EQV 3914 0000000000000000000000000000000000017fff8000000000000000000
EQV 3915 0000000000000000000000000000000000017fff8000000000000000000
EQV 3916 0000000000000000000000000000000000017fff8000000000000000000
EQV 3917 0000000000000000000000000000000000017fff8000000000000000000
EQV 3918 0000000000000000000000000000000000017fff8000000000000000000
EQV 3919 0000000000000000000000000000000000017fff8000000000000000000
EQV 3920 0000000000000000000000000000000000017fff8000000000000000000
EQV 3921 0000000000000000000000000000000000017fff8000000000000000000
EQV 3922 0000000000000000000000000000000000017fff8000000000000000000
EQV 3923 0000000000000000000000000000000000017fff8000000000000000000
EQV 3924 0000000000000000000000000000000000017fff8000000000000000000
EQV 3925 0000000000000000000000000000000000017fff8000000000000000000
EQV 3926 0000000000000000000000000000000000017fff8000000000000000000
EQV 3927 0000000000000000000000000000000000017fff8000000000000000000
EQV 3928 0000000000000000000000000000000000017fff8000000000000000000
EQV 3929 0000000000000000000000000000000000017fff8000000000000000000
EQV 3930 0000000000000000000000000000000000017fff8000000000000000000
EQV 3931 0000000000000000000000000000000000017fff8000000000000000000
EQV 3932 0000000000000000000000000000000000017fff8000000000000000000
EQV 3933 1000000000000000000000000000000000017fff8000000000000000000
EQV 3934 280000000000000000000000000000000001ffff9f4d7ffffdc40000080
EQV 3935 280000000000000000000000000000000001ffff9f4d7ffffdc40000080
EQV 3936 28000000000000000000000000000000000000000000000000000000000
EQV 3937 28000000000000000000000000000000000000000000000000000000000
EQV 3938 00000000000000000000000000000000000000000000000000000000000
EQV 3939 0000000000000000000000000000000000007fff8000000000000000040
EQV 3940 2800000000000000000000000000000000007fff8000000000000000040
EQV 3941 0000000000000000000000000000000000007fff8000000000000000040
EQV 3942 1000000000000000000000000000000000007fff8000000000000000040
EQV 3943 2800000000000000000000000000000000017fff8000000000000000000
EQV 3944 2800000000000000000000000000000000017fff8000000000000000000
EQV 3945 2800000000000000000000000000000000017fff8000000000000000000
EQV 3946 2800000000000000000000000000000000017fff8000000000000000000
EQV 3947 0000000000000000000000000000000000017fff8000000000000000000
EQV 3948 0000000000000000000000000000000000017fff8000000000000000000
EQV 3949 0000000000000000000000000000000000017fff8000000000000000000
EQV 3950 0000000000000000000000000000000000017fff8000000000000000000
EQV 3951 0000000000000000000000000000000000017fff8000000000000000000
EQV 3952 0000000000000000000000000000000000017fff8000000000000000000
EQV 3953 0000000000000000000000000000000000017fff8000000000000000000
EQV 3954 0000000000000000000000000000000000017fff8000000000000000000
EQV 3955 0000000000000000000000000000000000017fff8000000000000000000
EQV 3956 0000000000000000000000000000000000017fff8000000000000000000
EQV 3957 0000000000000000000000000000000000017fff8000000000000000000
EQV 3958 0000000000000000000000000000000000017fff8000000000000000000
EQV 3959 0000000000000000000000000000000000017fff8000000000000000000
EQV 3960 0000000000000000000000000000000000017fff8000000000000000000
EQV 3961 0000000000000000000000000000000000017fff8000000000000000000
EQV 3962 0000000000000000000000000000000000017fff8000000000000000000
EQV 3963 0000000000000000000000000000000000017fff8000000000000000000
EQV 3964 0000000000000000000000000000000000017fff8000000000000000000
EQV 3965 0000000000000000000000000000000000017fff8000000000000000000
EQV 3966 0000000000000000000000000000000000017fff8000000000000000000
EQV 3967 0000000000000000000000000000000000017fff8000000000000000000
EQV 3968 0000000000000000000000000000000000017fff8000000000000000000
EQV 3969 0000000000000000000000000000000000017fff8000000000000000000
EQV 3970 0000000000000000000000000000000000017fff8000000000000000000
EQV 3971 0000000000000000000000000000000000017fff8000000000000000000
EQV 3972 0000000000000000000000000000000000017fff8000000000000000000
EQV 3973 0000000000000000000000000000000000017fff8000000000000000000
EQV 3974 0000000000000000000000000000000000017fff8000000000000000000
EQV 3975 0000000000000000000000000000000000017fff8000000000000000000
EQV 3976 0000000000000000000000000000000000017fff8000000000000000000
EQV 3977 0000000000000000000000000000000000017fff8000000000000000000
EQV 3978 0000000000000000000000000000000000017fff8000000000000000000
EQV 3979 0000000000000000000000000000000000017fff8000000000000000000
EQV 3980 0000000000000000000000000000000000017fff8000000000000000000
EQV 3981 0000000000000000000000000000000000017fff8000000000000000000
EQV 3982 0000000000000000000000000000000000017fff8000000000000000000
EQV 3983 0000000000000000000000000000000000017fff8000000000000000000
EQV 3984 0000000000000000000000000000000000017fff8000000000000000000
EQV 3985 0000000000000000000000000000000000017fff8000000000000000000
EQV 3986 0000000000000000000000000000000000017fff8000000000000000000
EQV 3987 0000000000000000000000000000000000017fff8000000000000000000
EQV 3988 0000000000000000000000000000000000017fff8000000000000000000
EQV 3989 0000000000000000000000000000000000017fff8000000000000000000
EQV 3990 0000000000000000000000000000000000017fff8000000000000000000
EQV 3991 0000000000000000000000000000000000017fff8000000000000000000
EQV 3992 0000000000000000000000000000000000017fff8000000000000000000
EQV 3993 0000000000000000000000000000000000017fff8000000000000000000
EQV 3994 0000000000000000000000000000000000017fff8000000000000000000
EQV 3995 0000000000000000000000000000000000017fff8000000000000000000
EQV 3996 0000000000000000000000000000000000017fff8000000000000000000
EQV 3997 0000000000000000000000000000000000017fff8000000000000000000
EQV 3998 1000000000000000000000000000000000017fff8000000000000000000
EQV 3999 280000000000000000000000000000000001ffff8ec6ffffc8e20000080
EQV 4000 280000000000000000000000000000000001ffff8ec6ffffc8e20000080
EQV 4001 28000000000000000000000000000000000000000000000000000000000
EQV 4002 28000000000000000000000000000000000000000000000000000000000
EQV 4003 00000000000000000000000000000000000000000000000000000000000
EQV 4004 0000000000000000000000000000000000007fff8000000000000000040
EQV 4005 2800000000000000000000000000000000007fff8000000000000000040
EQV 4006 0000000000000000000000000000000000007fff8000000000000000040
EQV 4007 1000000000000000000000000000000000007fff8000000000000000040
EQV 4008 2800000000000000000000000000000000017fff8000000000000000000
EQV 4009 2800000000000000000000000000000000017fff8000000000000000000
EQV 4010 2800000000000000000000000000000000017fff8000000000000000000
EQV 4011 2800000000000000000000000000000000017fff8000000000000000000
EQV 4012 0000000000000000000000000000000000017fff8000000000000000000
EQV 4013 0000000000000000000000000000000000017fff8000000000000000000
EQV 4014 0000000000000000000000000000000000017fff8000000000000000000
EQV 4015 0000000000000000000000000000000000017fff8000000000000000000
EQV 4016 0000000000000000000000000000000000017fff8000000000000000000
EQV 4017 0000000000000000000000000000000000017fff8000000000000000000
EQV 4018 0000000000000000000000000000000000017fff8000000000000000000
EQV 4019 0000000000000000000000000000000000017fff8000000000000000000
EQV 4020 0000000000000000000000000000000000017fff8000000000000000000
EQV 4021 0000000000000000000000000000000000017fff8000000000000000000
EQV 4022 0000000000000000000000000000000000017fff8000000000000000000
EQV 4023 0000000000000000000000000000000000017fff8000000000000000000
EQV 4024 0000000000000000000000000000000000017fff8000000000000000000
EQV 4025 0000000000000000000000000000000000017fff8000000000000000000
EQV 4026 0000000000000000000000000000000000017fff8000000000000000000
EQV 4027 0000000000000000000000000000000000017fff8000000000000000000
EQV 4028 0000000000000000000000000000000000017fff8000000000000000000
EQV 4029 0000000000000000000000000000000000017fff8000000000000000000
EQV 4030 0000000000000000000000000000000000017fff8000000000000000000
EQV 4031 0000000000000000000000000000000000017fff8000000000000000000
EQV 4032 0000000000000000000000000000000000017fff8000000000000000000
EQV 4033 0000000000000000000000000000000000017fff8000000000000000000
EQV 4034 0000000000000000000000000000000000017fff8000000000000000000
EQV 4035 0000000000000000000000000000000000017fff8000000000000000000
EQV 4036 0000000000000000000000000000000000017fff8000000000000000000
EQV 4037 0000000000000000000000000000000000017fff8000000000000000000
EQV 4038 0000000000000000000000000000000000017fff8000000000000000000
EQV 4039 0000000000000000000000000000000000017fff8000000000000000000
EQV 4040 0000000000000000000000000000000000017fff8000000000000000000
EQV 4041 0000000000000000000000000000000000017fff8000000000000000000
EQV 4042 0000000000000000000000000000000000017fff8000000000000000000
EQV 4043 0000000000000000000000000000000000017fff8000000000000000000
EQV 4044 0000000000000000000000000000000000017fff8000000000000000000
EQV 4045 0000000000000000000000000000000000017fff8000000000000000000
EQV 4046 0000000000000000000000000000000000017fff8000000000000000000
EQV 4047 0000000000000000000000000000000000017fff8000000000000000000
EQV 4048 0000000000000000000000000000000000017fff8000000000000000000
EQV 4049 0000000000000000000000000000000000017fff8000000000000000000
EQV 4050 0000000000000000000000000000000000017fff8000000000000000000
EQV 4051 0000000000000000000000000000000000017fff8000000000000000000
EQV 4052 0000000000000000000000000000000000017fff8000000000000000000
EQV 4053 0000000000000000000000000000000000017fff8000000000000000000
EQV 4054 0000000000000000000000000000000000017fff8000000000000000000
EQV 4055 0000000000000000000000000000000000017fff8000000000000000000
EQV 4056 0000000000000000000000000000000000017fff8000000000000000000
EQV 4057 0000000000000000000000000000000000017fff8000000000000000000
EQV 4058 0000000000000000000000000000000000017fff8000000000000000000
EQV 4059 0000000000000000000000000000000000017fff8000000000000000000
EQV 4060 0000000000000000000000000000000000017fff8000000000000000000
EQV 4061 0000000000000000000000000000000000017fff8000000000000000000
EQV 4062 0000000000000000000000000000000000017fff8000000000000000000
EQV 4063 1000000000000000000000000000000000017fff8000000000000000000
EQV 4064 280000000000000000000000000000000001ffff5893ffff1b728000080
EQV 4065 280000000000000000000000000000000001ffff5893ffff1b728000080
EQV 4066 28000000000000000000000000000000000000000000000000000000000
EQV 4067 28000000000000000000000000000000000000000000000000000000000
EQV 4068 00000000000000000000000000000000000000000000000000000000000
EQV 4069 0000000000000000000000000000000000007fff8000000000000000040
EQV 4070 2800000000000000000000000000000000007fff8000000000000000040
EQV 4071 0000000000000000000000000000000000007fff8000000000000000040
EQV 4072 1000000000000000000000000000000000007fff8000000000000000040
EQV 4073 2800000000000000000000000000000000017fff8000000000000000000
EQV 4074 2800000000000000000000000000000000017fff8000000000000000000
EQV 4075 2800000000000000000000000000000000017fff8000000000000000000
EQV 4076 2800000000000000000000000000000000017fff8000000000000000000
EQV 4077 0000000000000000000000000000000000017fff8000000000000000000
EQV 4078 0000000000000000000000000000000000017fff8000000000000000000
EQV 4079 0000000000000000000000000000000000017fff8000000000000000000
EQV 4080 0000000000000000000000000000000000017fff8000000000000000000
EQV 4081 0000000000000000000000000000000000017fff8000000000000000000
EQV 4082 0000000000000000000000000000000000017fff8000000000000000000
EQV 4083 0000000000000000000000000000000000017fff8000000000000000000
EQV 4084 0000000000000000000000000000000000017fff8000000000000000000
EQV 4085 0000000000000000000000000000000000017fff8000000000000000000
EQV 4086 0000000000000000000000000000000000017fff8000000000000000000
EQV 4087 0000000000000000000000000000000000017fff8000000000000000000
EQV 4088 0000000000000000000000000000000000017fff8000000000000000000
EQV 4089 0000000000000000000000000000000000017fff8000000000000000000
EQV 4090 0000000000000000000000000000000000017fff8000000000000000000
EQV 4091 0000000000000000000000000000000000017fff8000000000000000000
EQV 4092 0000000000000000000000000000000000017fff8000000000000000000
EQV 4093 0000000000000000000000000000000000017fff8000000000000000000
EQV 4094 0000000000000000000000000000000000017fff8000000000000000000
EQV 4095 0000000000000000000000000000000000017fff8000000000000000000
EQV 4096 0000000000000000000000000000000000017fff8000000000000000000
EQV 4097 0000000000000000000000000000000000017fff8000000000000000000
EQV 4098 0000000000000000000000000000000000017fff8000000000000000000
EQV 4099 0000000000000000000000000000000000017fff8000000000000000000
EQV 4100 0000000000000000000000000000000000017fff8000000000000000000
EQV 4101 0000000000000000000000000000000000017fff8000000000000000000
EQV 4102 0000000000000000000000000000000000017fff8000000000000000000
EQV 4103 0000000000000000000000000000000000017fff8000000000000000000
EQV 4104 0000000000000000000000000000000000017fff8000000000000000000
EQV 4105 0000000000000000000000000000000000017fff8000000000000000000
EQV 4106 0000000000000000000000000000000000017fff8000000000000000000
EQV 4107 0000000000000000000000000000000000017fff8000000000000000000
EQV 4108 0000000000000000000000000000000000017fff8000000000000000000
EQV 4109 0000000000000000000000000000000000017fff8000000000000000000
EQV 4110 0000000000000000000000000000000000017fff8000000000000000000
EQV 4111 0000000000000000000000000000000000017fff8000000000000000000
EQV 4112 0000000000000000000000000000000000017fff8000000000000000000
EQV 4113 0000000000000000000000000000000000017fff8000000000000000000
EQV 4114 0000000000000000000000000000000000017fff8000000000000000000
EQV 4115 0000000000000000000000000000000000017fff8000000000000000000
EQV 4116 0000000000000000000000000000000000017fff8000000000000000000
EQV 4117 0000000000000000000000000000000000017fff8000000000000000000
EQV 4118 0000000000000000000000000000000000017fff8000000000000000000
EQV 4119 0000000000000000000000000000000000017fff8000000000000000000
EQV 4120 0000000000000000000000000000000000017fff8000000000000000000
EQV 4121 0000000000000000000000000000000000017fff8000000000000000000
EQV 4122 0000000000000000000000000000000000017fff8000000000000000000
EQV 4123 0000000000000000000000000000000000017fff8000000000000000000
EQV 4124 0000000000000000000000000000000000017fff8000000000000000000
EQV 4125 0000000000000000000000000000000000017fff8000000000000000000
EQV 4126 0000000000000000000000000000000000017fff8000000000000000000
EQV 4127 0000000000000000000000000000000000017fff8000000000000000000
EQV 4128 1000000000000000000000000000000000017fff8000000000000000000
EQV 4129 280000000000000000000000000000000001ffff9ef4fffffca70000080
EQV 4130 280000000000000000000000000000000001ffff9ef4fffffca70000080
EQV 4131 28000000000000000000000000000000000000000000000000000000000
EQV 4132 28000000000000000000000000000000000000000000000000000000000
EQV 4133 00000000000000000000000000000000000000000000000000000000000
EQV 4134 0000000000000000000000000000000000007fff8000000000000000040
EQV 4135 2800000000000000000000000000000000007fff8000000000000000040
EQV 4136 0000000000000000000000000000000000007fff8000000000000000040
EQV 4137 1000000000000000000000000000000000007fff8000000000000000040
EQV 4138 2800000000000000000000000000000000017fff8000000000000000000
EQV 4139 2800000000000000000000000000000000017fff8000000000000000000
EQV 4140 2800000000000000000000000000000000017fff8000000000000000000
EQV 4141 2800000000000000000000000000000000017fff8000000000000000000
EQV 4142 0000000000000000000000000000000000017fff8000000000000000000
EQV 4143 0000000000000000000000000000000000017fff8000000000000000000
EQV 4144 0000000000000000000000000000000000017fff8000000000000000000
EQV 4145 0000000000000000000000000000000000017fff8000000000000000000
EQV 4146 0000000000000000000000000000000000017fff8000000000000000000
EQV 4147 0000000000000000000000000000000000017fff8000000000000000000
EQV 4148 0000000000000000000000000000000000017fff8000000000000000000
EQV 4149 0000000000000000000000000000000000017fff8000000000000000000
EQV 4150 0000000000000000000000000000000000017fff8000000000000000000
EQV 4151 0000000000000000000000000000000000017fff8000000000000000000
EQV 4152 0000000000000000000000000000000000017fff8000000000000000000
EQV 4153 0000000000000000000000000000000000017fff8000000000000000000
EQV 4154 0000000000000000000000000000000000017fff8000000000000000000
EQV 4155 0000000000000000000000000000000000017fff8000000000000000000
EQV 4156 0000000000000000000000000000000000017fff8000000000000000000
EQV 4157 0000000000000000000000000000000000017fff8000000000000000000
EQV 4158 0000000000000000000000000000000000017fff8000000000000000000
EQV 4159 0000000000000000000000000000000000017fff8000000000000000000
EQV 4160 0000000000000000000000000000000000017fff8000000000000000000
EQV 4161 0000000000000000000000000000000000017fff8000000000000000000
EQV 4162 0000000000000000000000000000000000017fff8000000000000000000
EQV 4163 0000000000000000000000000000000000017fff8000000000000000000
EQV 4164 0000000000000000000000000000000000017fff8000000000000000000
EQV 4165 0000000000000000000000000000000000017fff8000000000000000000
EQV 4166 0000000000000000000000000000000000017fff8000000000000000000
EQV 4167 0000000000000000000000000000000000017fff8000000000000000000
EQV 4168 0000000000000000000000000000000000017fff8000000000000000000
EQV 4169 0000000000000000000000000000000000017fff8000000000000000000
EQV 4170 0000000000000000000000000000000000017fff8000000000000000000
EQV 4171 0000000000000000000000000000000000017fff8000000000000000000
EQV 4172 0000000000000000000000000000000000017fff8000000000000000000
EQV 4173 0000000000000000000000000000000000017fff8000000000000000000
EQV 4174 0000000000000000000000000000000000017fff8000000000000000000
EQV 4175 0000000000000000000000000000000000017fff8000000000000000000
EQV 4176 0000000000000000000000000000000000017fff8000000000000000000
EQV 4177 0000000000000000000000000000000000017fff8000000000000000000
EQV 4178 0000000000000000000000000000000000017fff8000000000000000000
EQV 4179 0000000000000000000000000000000000017fff8000000000000000000
EQV 4180 0000000000000000000000000000000000017fff8000000000000000000
EQV 4181 0000000000000000000000000000000000017fff8000000000000000000
EQV 4182 0000000000000000000000000000000000017fff8000000000000000000
EQV 4183 0000000000000000000000000000000000017fff8000000000000000000
EQV 4184 0000000000000000000000000000000000017fff8000000000000000000
EQV 4185 0000000000000000000000000000000000017fff8000000000000000000
EQV 4186 0000000000000000000000000000000000017fff8000000000000000000
EQV 4187 0000000000000000000000000000000000017fff8000000000000000000
EQV 4188 0000000000000000000000000000000000017fff8000000000000000000
EQV 4189 0000000000000000000000000000000000017fff8000000000000000000
EQV 4190 0000000000000000000000000000000000017fff8000000000000000000
EQV 4191 0000000000000000000000000000000000017fff8000000000000000000
EQV 4192 0000000000000000000000000000000000017fff8000000000000000000
EQV 4193 1000000000000000000000000000000000017fff8000000000000000000
EQV 4194 280000000000000000000000000000000001ffff982b7fffe6ef0000080
EQV 4195 280000000000000000000000000000000001ffff982b7fffe6ef0000080
EQV 4196 28000000000000000000000000000000000000000000000000000000000
EQV 4197 28000000000000000000000000000000000000000000000000000000000
EQV 4198 00000000000000000000000000000000000000000000000000000000000
EQV 4199 0000000000000000000000000000000000007fff8000000000000000040
EQV 4200 2800000000000000000000000000000000007fff8000000000000000040
EQV 4201 0000000000000000000000000000000000007fff8000000000000000040
EQV 4202 1000000000000000000000000000000000007fff8000000000000000040
EQV 4203 2800000000000000000000000000000000017fff8000000000000000000
EQV 4204 2800000000000000000000000000000000017fff8000000000000000000
EQV 4205 2800000000000000000000000000000000017fff8000000000000000000
EQV 4206 2800000000000000000000000000000000017fff8000000000000000000
EQV 4207 0000000000000000000000000000000000017fff8000000000000000000
EQV 4208 0000000000000000000000000000000000017fff8000000000000000000
EQV 4209 0000000000000000000000000000000000017fff8000000000000000000
EQV 4210 0000000000000000000000000000000000017fff8000000000000000000
EQV 4211 0000000000000000000000000000000000017fff8000000000000000000
EQV 4212 0000000000000000000000000000000000017fff8000000000000000000
EQV 4213 0000000000000000000000000000000000017fff8000000000000000000
EQV 4214 0000000000000000000000000000000000017fff8000000000000000000
EQV 4215 0000000000000000000000000000000000017fff8000000000000000000
EQV 4216 0000000000000000000000000000000000017fff8000000000000000000
EQV 4217 0000000000000000000000000000000000017fff8000000000000000000
EQV 4218 0000000000000000000000000000000000017fff8000000000000000000
EQV 4219 0000000000000000000000000000000000017fff8000000000000000000
EQV 4220 0000000000000000000000000000000000017fff8000000000000000000
EQV 4221 0000000000000000000000000000000000017fff8000000000000000000
EQV 4222 0000000000000000000000000000000000017fff8000000000000000000
EQV 4223 0000000000000000000000000000000000017fff8000000000000000000
EQV 4224 0000000000000000000000000000000000017fff8000000000000000000
EQV 4225 0000000000000000000000000000000000017fff8000000000000000000
EQV 4226 0000000000000000000000000000000000017fff8000000000000000000
EQV 4227 0000000000000000000000000000000000017fff8000000000000000000
EQV 4228 0000000000000000000000000000000000017fff8000000000000000000
EQV 4229 0000000000000000000000000000000000017fff8000000000000000000
EQV 4230 0000000000000000000000000000000000017fff8000000000000000000
EQV 4231 0000000000000000000000000000000000017fff8000000000000000000
EQV 4232 0000000000000000000000000000000000017fff8000000000000000000
EQV 4233 0000000000000000000000000000000000017fff8000000000000000000
EQV 4234 0000000000000000000000000000000000017fff8000000000000000000
EQV 4235 0000000000000000000000000000000000017fff8000000000000000000
EQV 4236 0000000000000000000000000000000000017fff8000000000000000000
EQV 4237 0000000000000000000000000000000000017fff8000000000000000000
EQV 4238 0000000000000000000000000000000000017fff8000000000000000000
EQV 4239 0000000000000000000000000000000000017fff8000000000000000000
EQV 4240 0000000000000000000000000000000000017fff8000000000000000000
EQV 4241 0000000000000000000000000000000000017fff8000000000000000000
EQV 4242 0000000000000000000000000000000000017fff8000000000000000000
EQV 4243 0000000000000000000000000000000000017fff8000000000000000000
EQV 4244 0000000000000000000000000000000000017fff8000000000000000000
EQV 4245 0000000000000000000000000000000000017fff8000000000000000000
EQV 4246 0000000000000000000000000000000000017fff8000000000000000000
EQV 4247 0000000000000000000000000000000000017fff8000000000000000000
EQV 4248 0000000000000000000000000000000000017fff8000000000000000000
EQV 4249 0000000000000000000000000000000000017fff8000000000000000000
EQV 4250 0000000000000000000000000000000000017fff8000000000000000000
EQV 4251 0000000000000000000000000000000000017fff8000000000000000000
EQV 4252 0000000000000000000000000000000000017fff8000000000000000000
EQV 4253 0000000000000000000000000000000000017fff8000000000000000000
EQV 4254 0000000000000000000000000000000000017fff8000000000000000000
EQV 4255 0000000000000000000000000000000000017fff8000000000000000000
EQV 4256 0000000000000000000000000000000000017fff8000000000000000000
EQV 4257 0000000000000000000000000000000000017fff8000000000000000000
EQV 4258 1000000000000000000000000000000000017fff8000000000000000000
EQV 4259 280000000000000000000000000000000001ffff3f4b7ffeca8b0000080
EQV 4260 280000000000000000000000000000000001ffff3f4b7ffeca8b0000080
EQV 4261 28000000000000000000000000000000000000000000000000000000000
EQV 4262 28000000000000000000000000000000000000000000000000000000000
EQV 4263 00000000000000000000000000000000000000000000000000000000000
EQV 4264 0000000000000000000000000000000000007fff8000000000000000040
EQV 4265 2800000000000000000000000000000000007fff8000000000000000040
EQV 4266 0000000000000000000000000000000000007fff8000000000000000040
EQV 4267 1000000000000000000000000000000000007fff8000000000000000040
EQV 4268 2800000000000000000000000000000000017fff8000000000000000000
EQV 4269 2800000000000000000000000000000000017fff8000000000000000000
EQV 4270 2800000000000000000000000000000000017fff8000000000000000000
EQV 4271 2800000000000000000000000000000000017fff8000000000000000000
EQV 4272 0000000000000000000000000000000000017fff8000000000000000000
EQV 4273 0000000000000000000000000000000000017fff8000000000000000000
EQV 4274 0000000000000000000000000000000000017fff8000000000000000000
EQV 4275 0000000000000000000000000000000000017fff8000000000000000000
EQV 4276 0000000000000000000000000000000000017fff8000000000000000000
EQV 4277 0000000000000000000000000000000000017fff8000000000000000000
EQV 4278 0000000000000000000000000000000000017fff8000000000000000000
EQV 4279 0000000000000000000000000000000000017fff8000000000000000000
EQV 4280 0000000000000000000000000000000000017fff8000000000000000000
EQV 4281 0000000000000000000000000000000000017fff8000000000000000000
EQV 4282 0000000000000000000000000000000000017fff8000000000000000000
EQV 4283 0000000000000000000000000000000000017fff8000000000000000000
EQV 4284 0000000000000000000000000000000000017fff8000000000000000000
EQV 4285 0000000000000000000000000000000000017fff8000000000000000000
EQV 4286 0000000000000000000000000000000000017fff8000000000000000000
EQV 4287 0000000000000000000000000000000000017fff8000000000000000000
EQV 4288 0000000000000000000000000000000000017fff8000000000000000000
EQV 4289 0000000000000000000000000000000000017fff8000000000000000000
EQV 4290 0000000000000000000000000000000000017fff8000000000000000000
EQV 4291 0000000000000000000000000000000000017fff8000000000000000000
EQV 4292 0000000000000000000000000000000000017fff8000000000000000000
EQV 4293 0000000000000000000000000000000000017fff8000000000000000000
EQV 4294 0000000000000000000000000000000000017fff8000000000000000000
EQV 4295 0000000000000000000000000000000000017fff8000000000000000000
EQV 4296 0000000000000000000000000000000000017fff8000000000000000000
EQV 4297 0000000000000000000000000000000000017fff8000000000000000000
EQV 4298 0000000000000000000000000000000000017fff8000000000000000000
EQV 4299 0000000000000000000000000000000000017fff8000000000000000000
EQV 4300 0000000000000000000000000000000000017fff8000000000000000000
EQV 4301 0000000000000000000000000000000000017fff8000000000000000000
EQV 4302 0000000000000000000000000000000000017fff8000000000000000000
EQV 4303 0000000000000000000000000000000000017fff8000000000000000000
EQV 4304 0000000000000000000000000000000000017fff8000000000000000000
EQV 4305 0000000000000000000000000000000000017fff8000000000000000000
EQV 4306 0000000000000000000000000000000000017fff8000000000000000000
EQV 4307 0000000000000000000000000000000000017fff8000000000000000000
EQV 4308 0000000000000000000000000000000000017fff8000000000000000000
EQV 4309 0000000000000000000000000000000000017fff8000000000000000000
EQV 4310 0000000000000000000000000000000000017fff8000000000000000000
EQV 4311 0000000000000000000000000000000000017fff8000000000000000000
EQV 4312 0000000000000000000000000000000000017fff8000000000000000000
EQV 4313 0000000000000000000000000000000000017fff8000000000000000000
EQV 4314 0000000000000000000000000000000000017fff8000000000000000000
EQV 4315 0000000000000000000000000000000000017fff8000000000000000000
EQV 4316 0000000000000000000000000000000000017fff8000000000000000000
EQV 4317 0000000000000000000000000000000000017fff8000000000000000000
EQV 4318 0000000000000000000000000000000000017fff8000000000000000000
EQV 4319 0000000000000000000000000000000000017fff8000000000000000000
EQV 4320 0000000000000000000000000000000000017fff8000000000000000000
EQV 4321 0000000000000000000000000000000000017fff8000000000000000000
EQV 4322 0000000000000000000000000000000000017fff8000000000000000000
EQV 4323 1000000000000000000000000000000000017fff8000000000000000000
EQV 4324 280000000000000000000000000000000001ffff6ddaffff5f888000080
EQV 4325 280000000000000000000000000000000001ffff6ddaffff5f888000080
EQV 4326 28000000000000000000000000000000000000000000000000000000000
EQV 4327 28000000000000000000000000000000000000000000000000000000000
EQV 4328 00000000000000000000000000000000000000000000000000000000000
EQV 4329 0000000000000000000000000000000000007fff8000000000000000040
EQV 4330 2800000000000000000000000000000000007fff8000000000000000040
EQV 4331 0000000000000000000000000000000000007fff8000000000000000040
EQV 4332 1000000000000000000000000000000000007fff8000000000000000040
EQV 4333 2800000000000000000000000000000000017fff8000000000000000000
EQV 4334 2800000000000000000000000000000000017fff8000000000000000000
EQV 4335 2800000000000000000000000000000000017fff8000000000000000000
EQV 4336 2800000000000000000000000000000000017fff8000000000000000000
EQV 4337 0000000000000000000000000000000000017fff8000000000000000000
EQV 4338 0000000000000000000000000000000000017fff8000000000000000000
EQV 4339 0000000000000000000000000000000000017fff8000000000000000000
EQV 4340 0000000000000000000000000000000000017fff8000000000000000000
EQV 4341 0000000000000000000000000000000000017fff8000000000000000000
EQV 4342 0000000000000000000000000000000000017fff8000000000000000000
EQV 4343 0000000000000000000000000000000000017fff8000000000000000000
EQV 4344 0000000000000000000000000000000000017fff8000000000000000000
EQV 4345 0000000000000000000000000000000000017fff8000000000000000000
EQV 4346 0000000000000000000000000000000000017fff8000000000000000000
EQV 4347 0000000000000000000000000000000000017fff8000000000000000000
EQV 4348 0000000000000000000000000000000000017fff8000000000000000000
EQV 4349 0000000000000000000000000000000000017fff8000000000000000000
EQV 4350 0000000000000000000000000000000000017fff8000000000000000000
EQV 4351 0000000000000000000000000000000000017fff8000000000000000000
EQV 4352 0000000000000000000000000000000000017fff8000000000000000000
EQV 4353 0000000000000000000000000000000000017fff8000000000000000000
EQV 4354 0000000000000000000000000000000000017fff8000000000000000000
EQV 4355 0000000000000000000000000000000000017fff8000000000000000000
EQV 4356 0000000000000000000000000000000000017fff8000000000000000000
EQV 4357 0000000000000000000000000000000000017fff8000000000000000000
EQV 4358 0000000000000000000000000000000000017fff8000000000000000000
EQV 4359 0000000000000000000000000000000000017fff8000000000000000000
EQV 4360 0000000000000000000000000000000000017fff8000000000000000000
EQV 4361 0000000000000000000000000000000000017fff8000000000000000000
EQV 4362 0000000000000000000000000000000000017fff8000000000000000000
EQV 4363 0000000000000000000000000000000000017fff8000000000000000000
EQV 4364 0000000000000000000000000000000000017fff8000000000000000000
EQV 4365 0000000000000000000000000000000000017fff8000000000000000000
EQV 4366 0000000000000000000000000000000000017fff8000000000000000000
EQV 4367 0000000000000000000000000000000000017fff8000000000000000000
EQV 4368 0000000000000000000000000000000000017fff8000000000000000000
EQV 4369 0000000000000000000000000000000000017fff8000000000000000000
EQV 4370 0000000000000000000000000000000000017fff8000000000000000000
EQV 4371 0000000000000000000000000000000000017fff8000000000000000000
EQV 4372 0000000000000000000000000000000000017fff8000000000000000000
EQV 4373 0000000000000000000000000000000000017fff8000000000000000000
EQV 4374 0000000000000000000000000000000000017fff8000000000000000000
EQV 4375 0000000000000000000000000000000000017fff8000000000000000000
EQV 4376 0000000000000000000000000000000000017fff8000000000000000000
EQV 4377 0000000000000000000000000000000000017fff8000000000000000000
EQV 4378 0000000000000000000000000000000000017fff8000000000000000000
EQV 4379 0000000000000000000000000000000000017fff8000000000000000000
EQV 4380 0000000000000000000000000000000000017fff8000000000000000000
EQV 4381 0000000000000000000000000000000000017fff8000000000000000000
EQV 4382 0000000000000000000000000000000000017fff8000000000000000000
EQV 4383 0000000000000000000000000000000000017fff8000000000000000000
EQV 4384 0000000000000000000000000000000000017fff8000000000000000000
EQV 4385 0000000000000000000000000000000000017fff8000000000000000000
EQV 4386 0000000000000000000000000000000000017fff8000000000000000000
EQV 4387 0000000000000000000000000000000000017fff8000000000000000000
EQV 4388 1000000000000000000000000000000000017fff8000000000000000000
EQV 4389 280000000000000000000000000000000001ffff7c387fff8d7f0000080
EQV 4390 280000000000000000000000000000000001ffff7c387fff8d7f0000080
EQV 4391 28000000000000000000000000000000000000000000000000000000000
EQV 4392 28000000000000000000000000000000000000000000000000000000000
EQV 4393 00000000000000000000000000000000000000000000000000000000000
EQV 4394 0000000000000000000000000000000000007fff8000000000000000040
EQV 4395 2800000000000000000000000000000000007fff8000000000000000040
EQV 4396 0000000000000000000000000000000000007fff8000000000000000040
EQV 4397 1000000000000000000000000000000000007fff8000000000000000040
EQV 4398 2800000000000000000000000000000000017fff8000000000000000000
EQV 4399 2800000000000000000000000000000000017fff8000000000000000000
EQV 4400 2800000000000000000000000000000000017fff8000000000000000000
EQV 4401 2800000000000000000000000000000000017fff8000000000000000000
EQV 4402 0000000000000000000000000000000000017fff8000000000000000000
EQV 4403 0000000000000000000000000000000000017fff8000000000000000000
EQV 4404 0000000000000000000000000000000000017fff8000000000000000000
EQV 4405 0000000000000000000000000000000000017fff8000000000000000000
EQV 4406 0000000000000000000000000000000000017fff8000000000000000000
EQV 4407 0000000000000000000000000000000000017fff8000000000000000000
EQV 4408 0000000000000000000000000000000000017fff8000000000000000000
EQV 4409 0000000000000000000000000000000000017fff8000000000000000000
EQV 4410 0000000000000000000000000000000000017fff8000000000000000000
EQV 4411 0000000000000000000000000000000000017fff8000000000000000000
EQV 4412 0000000000000000000000000000000000017fff8000000000000000000
EQV 4413 0000000000000000000000000000000000017fff8000000000000000000
EQV 4414 0000000000000000000000000000000000017fff8000000000000000000
EQV 4415 0000000000000000000000000000000000017fff8000000000000000000
EQV 4416 0000000000000000000000000000000000017fff8000000000000000000
EQV 4417 0000000000000000000000000000000000017fff8000000000000000000
EQV 4418 0000000000000000000000000000000000017fff8000000000000000000
EQV 4419 0000000000000000000000000000000000017fff8000000000000000000
EQV 4420 0000000000000000000000000000000000017fff8000000000000000000
EQV 4421 0000000000000000000000000000000000017fff8000000000000000000
EQV 4422 0000000000000000000000000000000000017fff8000000000000000000
EQV 4423 0000000000000000000000000000000000017fff8000000000000000000
EQV 4424 0000000000000000000000000000000000017fff8000000000000000000
EQV 4425 0000000000000000000000000000000000017fff8000000000000000000
EQV 4426 0000000000000000000000000000000000017fff8000000000000000000
EQV 4427 0000000000000000000000000000000000017fff8000000000000000000
EQV 4428 0000000000000000000000000000000000017fff8000000000000000000
EQV 4429 0000000000000000000000000000000000017fff8000000000000000000
EQV 4430 0000000000000000000000000000000000017fff8000000000000000000
EQV 4431 0000000000000000000000000000000000017fff8000000000000000000
EQV 4432 0000000000000000000000000000000000017fff8000000000000000000
EQV 4433 0000000000000000000000000000000000017fff8000000000000000000
EQV 4434 0000000000000000000000000000000000017fff8000000000000000000
EQV 4435 0000000000000000000000000000000000017fff8000000000000000000
EQV 4436 0000000000000000000000000000000000017fff8000000000000000000
EQV 4437 0000000000000000000000000000000000017fff8000000000000000000
EQV 4438 0000000000000000000000000000000000017fff8000000000000000000
EQV 4439 0000000000000000000000000000000000017fff8000000000000000000
EQV 4440 0000000000000000000000000000000000017fff8000000000000000000
EQV 4441 0000000000000000000000000000000000017fff8000000000000000000
EQV 4442 0000000000000000000000000000000000017fff8000000000000000000
EQV 4443 0000000000000000000000000000000000017fff8000000000000000000
EQV 4444 0000000000000000000000000000000000017fff8000000000000000000
EQV 4445 0000000000000000000000000000000000017fff8000000000000000000
EQV 4446 0000000000000000000000000000000000017fff8000000000000000000
EQV 4447 0000000000000000000000000000000000017fff8000000000000000000
EQV 4448 0000000000000000000000000000000000017fff8000000000000000000
EQV 4449 0000000000000000000000000000000000017fff8000000000000000000
EQV 4450 0000000000000000000000000000000000017fff8000000000000000000
EQV 4451 0000000000000000000000000000000000017fff8000000000000000000
EQV 4452 0000000000000000000000000000000000017fff8000000000000000000
EQV 4453 1000000000000000000000000000000000017fff8000000000000000000
EQV 4454 280000000000000000000000000000000001ffff8c187fffc04c8000080
EQV 4455 280000000000000000000000000000000001ffff8c187fffc04c8000080
EQV 4456 28000000000000000000000000000000000000000000000000000000000
EQV 4457 28000000000000000000000000000000000000000000000000000000000
EQV 4458 00000000000000000000000000000000000000000000000000000000000
EQV 4459 0000000000000000000000000000000000007fff8000000000000000040
EQV 4460 2800000000000000000000000000000000007fff8000000000000000040
EQV 4461 0000000000000000000000000000000000007fff8000000000000000040
EQV 4462 1000000000000000000000000000000000007fff8000000000000000040
EQV 4463 2800000000000000000000000000000000017fff8000000000000000000
EQV 4464 2800000000000000000000000000000000017fff8000000000000000000
EQV 4465 2800000000000000000000000000000000017fff8000000000000000000
EQV 4466 2800000000000000000000000000000000017fff8000000000000000000
EQV 4467 0000000000000000000000000000000000017fff8000000000000000000
EQV 4468 0000000000000000000000000000000000017fff8000000000000000000
EQV 4469 0000000000000000000000000000000000017fff8000000000000000000
EQV 4470 0000000000000000000000000000000000017fff8000000000000000000
EQV 4471 0000000000000000000000000000000000017fff8000000000000000000
EQV 4472 0000000000000000000000000000000000017fff8000000000000000000
EQV 4473 0000000000000000000000000000000000017fff8000000000000000000
EQV 4474 0000000000000000000000000000000000017fff8000000000000000000
EQV 4475 0000000000000000000000000000000000017fff8000000000000000000
EQV 4476 0000000000000000000000000000000000017fff8000000000000000000
EQV 4477 0000000000000000000000000000000000017fff8000000000000000000
EQV 4478 0000000000000000000000000000000000017fff8000000000000000000
EQV 4479 0000000000000000000000000000000000017fff8000000000000000000
EQV 4480 0000000000000000000000000000000000017fff8000000000000000000
EQV 4481 0000000000000000000000000000000000017fff8000000000000000000
EQV 4482 0000000000000000000000000000000000017fff8000000000000000000
EQV 4483 0000000000000000000000000000000000017fff8000000000000000000
EQV 4484 0000000000000000000000000000000000017fff8000000000000000000
EQV 4485 0000000000000000000000000000000000017fff8000000000000000000
EQV 4486 0000000000000000000000000000000000017fff8000000000000000000
EQV 4487 0000000000000000000000000000000000017fff8000000000000000000
EQV 4488 0000000000000000000000000000000000017fff8000000000000000000
EQV 4489 0000000000000000000000000000000000017fff8000000000000000000
EQV 4490 0000000000000000000000000000000000017fff8000000000000000000
EQV 4491 0000000000000000000000000000000000017fff8000000000000000000
EQV 4492 0000000000000000000000000000000000017fff8000000000000000000
EQV 4493 0000000000000000000000000000000000017fff8000000000000000000
EQV 4494 0000000000000000000000000000000000017fff8000000000000000000
EQV 4495 0000000000000000000000000000000000017fff8000000000000000000
EQV 4496 0000000000000000000000000000000000017fff8000000000000000000
EQV 4497 0000000000000000000000000000000000017fff8000000000000000000
EQV 4498 0000000000000000000000000000000000017fff8000000000000000000
EQV 4499 0000000000000000000000000000000000017fff8000000000000000000
EQV 4500 0000000000000000000000000000000000017fff8000000000000000000
EQV 4501 0000000000000000000000000000000000017fff8000000000000000000
EQV 4502 0000000000000000000000000000000000017fff8000000000000000000
EQV 4503 0000000000000000000000000000000000017fff8000000000000000000
EQV 4504 0000000000000000000000000000000000017fff8000000000000000000
EQV 4505 0000000000000000000000000000000000017fff8000000000000000000
EQV 4506 0000000000000000000000000000000000017fff8000000000000000000
EQV 4507 0000000000000000000000000000000000017fff8000000000000000000
EQV 4508 0000000000000000000000000000000000017fff8000000000000000000
EQV 4509 0000000000000000000000000000000000017fff8000000000000000000
EQV 4510 0000000000000000000000000000000000017fff8000000000000000000
EQV 4511 0000000000000000000000000000000000017fff8000000000000000000
EQV 4512 0000000000000000000000000000000000017fff8000000000000000000
EQV 4513 0000000000000000000000000000000000017fff8000000000000000000
EQV 4514 0000000000000000000000000000000000017fff8000000000000000000
EQV 4515 0000000000000000000000000000000000017fff8000000000000000000
EQV 4516 0000000000000000000000000000000000017fff8000000000000000000
EQV 4517 0000000000000000000000000000000000017fff8000000000000000000
EQV 4518 1000000000000000000000000000000000017fff8000000000000000000
EQV 4519 280000000000000000000000000000000001ffff95adffffdef88000080
EQV 4520 280000000000000000000000000000000001ffff95adffffdef88000080
EQV 4521 28000000000000000000000000000000000000000000000000000000000
EQV 4522 28000000000000000000000000000000000000000000000000000000000
EQV 4523 00000000000000000000000000000000000000000000000000000000000
EQV 4524 0000000000000000000000000000000000007fff8000000000000000040
EQV 4525 2800000000000000000000000000000000007fff8000000000000000040
EQV 4526 0000000000000000000000000000000000007fff8000000000000000040
EQV 4527 1000000000000000000000000000000000007fff8000000000000000040
EQV 4528 2800000000000000000000000000000000017fff8000000000000000000
EQV 4529 2800000000000000000000000000000000017fff8000000000000000000
EQV 4530 2800000000000000000000000000000000017fff8000000000000000000
EQV 4531 2800000000000000000000000000000000017fff8000000000000000000
EQV 4532 0000000000000000000000000000000000017fff8000000000000000000
EQV 4533 0000000000000000000000000000000000017fff8000000000000000000
EQV 4534 0000000000000000000000000000000000017fff8000000000000000000
EQV 4535 0000000000000000000000000000000000017fff8000000000000000000
EQV 4536 0000000000000000000000000000000000017fff8000000000000000000
EQV 4537 0000000000000000000000000000000000017fff8000000000000000000
EQV 4538 0000000000000000000000000000000000017fff8000000000000000000
EQV 4539 0000000000000000000000000000000000017fff8000000000000000000
EQV 4540 0000000000000000000000000000000000017fff8000000000000000000
EQV 4541 0000000000000000000000000000000000017fff8000000000000000000
EQV 4542 0000000000000000000000000000000000017fff8000000000000000000
EQV 4543 0000000000000000000000000000000000017fff8000000000000000000
EQV 4544 0000000000000000000000000000000000017fff8000000000000000000
EQV 4545 0000000000000000000000000000000000017fff8000000000000000000
EQV 4546 0000000000000000000000000000000000017fff8000000000000000000
EQV 4547 0000000000000000000000000000000000017fff8000000000000000000
EQV 4548 0000000000000000000000000000000000017fff8000000000000000000
EQV 4549 0000000000000000000000000000000000017fff8000000000000000000
EQV 4550 0000000000000000000000000000000000017fff8000000000000000000
EQV 4551 0000000000000000000000000000000000017fff8000000000000000000
EQV 4552 0000000000000000000000000000000000017fff8000000000000000000
EQV 4553 0000000000000000000000000000000000017fff8000000000000000000
EQV 4554 0000000000000000000000000000000000017fff8000000000000000000
EQV 4555 0000000000000000000000000000000000017fff8000000000000000000
EQV 4556 0000000000000000000000000000000000017fff8000000000000000000
EQV 4557 0000000000000000000000000000000000017fff8000000000000000000
EQV 4558 0000000000000000000000000000000000017fff8000000000000000000
EQV 4559 0000000000000000000000000000000000017fff8000000000000000000
EQV 4560 0000000000000000000000000000000000017fff8000000000000000000
EQV 4561 0000000000000000000000000000000000017fff8000000000000000000
EQV 4562 0000000000000000000000000000000000017fff8000000000000000000
EQV 4563 0000000000000000000000000000000000017fff8000000000000000000
EQV 4564 0000000000000000000000000000000000017fff8000000000000000000
EQV 4565 0000000000000000000000000000000000017fff8000000000000000000
EQV 4566 0000000000000000000000000000000000017fff8000000000000000000
EQV 4567 0000000000000000000000000000000000017fff8000000000000000000
EQV 4568 0000000000000000000000000000000000017fff8000000000000000000
EQV 4569 0000000000000000000000000000000000017fff8000000000000000000
EQV 4570 0000000000000000000000000000000000017fff8000000000000000000
EQV 4571 0000000000000000000000000000000000017fff8000000000000000000
EQV 4572 0000000000000000000000000000000000017fff8000000000000000000
EQV 4573 0000000000000000000000000000000000017fff8000000000000000000
EQV 4574 0000000000000000000000000000000000017fff8000000000000000000
EQV 4575 0000000000000000000000000000000000017fff8000000000000000000
EQV 4576 0000000000000000000000000000000000017fff8000000000000000000
EQV 4577 0000000000000000000000000000000000017fff8000000000000000000
EQV 4578 0000000000000000000000000000000000017fff8000000000000000000
EQV 4579 0000000000000000000000000000000000017fff8000000000000000000
EQV 4580 0000000000000000000000000000000000017fff8000000000000000000
EQV 4581 0000000000000000000000000000000000017fff8000000000000000000
EQV 4582 0000000000000000000000000000000000017fff8000000000000000000
EQV 4583 1000000000000000000000000000000000017fff8000000000000000000
EQV 4584 280000000000000000000000000000000001fffec148fffd374d8000080
EQV 4585 280000000000000000000000000000000001fffec148fffd374d8000080
EQV 4586 28000000000000000000000000000000000000000000000000000000000
EQV 4587 28000000000000000000000000000000000000000000000000000000000
EQV 4588 00000000000000000000000000000000000000000000000000000000000
EQV 4589 0000000000000000000000000000000000007fff8000000000000000040
EQV 4590 2800000000000000000000000000000000007fff8000000000000000040
EQV 4591 0000000000000000000000000000000000007fff8000000000000000040
EQV 4592 1000000000000000000000000000000000007fff8000000000000000040
EQV 4593 2800000000000000000000000000000000017fff8000000000000000000
EQV 4594 2800000000000000000000000000000000017fff8000000000000000000
EQV 4595 2800000000000000000000000000000000017fff8000000000000000000
EQV 4596 2800000000000000000000000000000000017fff8000000000000000000
EQV 4597 0000000000000000000000000000000000017fff8000000000000000000
EQV 4598 0000000000000000000000000000000000017fff8000000000000000000
EQV 4599 0000000000000000000000000000000000017fff8000000000000000000
EQV 4600 0000000000000000000000000000000000017fff8000000000000000000
EQV 4601 0000000000000000000000000000000000017fff8000000000000000000
EQV 4602 0000000000000000000000000000000000017fff8000000000000000000
EQV 4603 0000000000000000000000000000000000017fff8000000000000000000
EQV 4604 0000000000000000000000000000000000017fff8000000000000000000
EQV 4605 0000000000000000000000000000000000017fff8000000000000000000
EQV 4606 0000000000000000000000000000000000017fff8000000000000000000
EQV 4607 0000000000000000000000000000000000017fff8000000000000000000
EQV 4608 0000000000000000000000000000000000017fff8000000000000000000
EQV 4609 0000000000000000000000000000000000017fff8000000000000000000
EQV 4610 0000000000000000000000000000000000017fff8000000000000000000
EQV 4611 0000000000000000000000000000000000017fff8000000000000000000
EQV 4612 0000000000000000000000000000000000017fff8000000000000000000
EQV 4613 0000000000000000000000000000000000017fff8000000000000000000
EQV 4614 0000000000000000000000000000000000017fff8000000000000000000
EQV 4615 0000000000000000000000000000000000017fff8000000000000000000
EQV 4616 0000000000000000000000000000000000017fff8000000000000000000
EQV 4617 0000000000000000000000000000000000017fff8000000000000000000
EQV 4618 0000000000000000000000000000000000017fff8000000000000000000
EQV 4619 0000000000000000000000000000000000017fff8000000000000000000
EQV 4620 0000000000000000000000000000000000017fff8000000000000000000
EQV 4621 0000000000000000000000000000000000017fff8000000000000000000
EQV 4622 0000000000000000000000000000000000017fff8000000000000000000
EQV 4623 0000000000000000000000000000000000017fff8000000000000000000
EQV 4624 0000000000000000000000000000000000017fff8000000000000000000
EQV 4625 0000000000000000000000000000000000017fff8000000000000000000
EQV 4626 0000000000000000000000000000000000017fff8000000000000000000
EQV 4627 0000000000000000000000000000000000017fff8000000000000000000
EQV 4628 0000000000000000000000000000000000017fff8000000000000000000
EQV 4629 0000000000000000000000000000000000017fff8000000000000000000
EQV 4630 0000000000000000000000000000000000017fff8000000000000000000
EQV 4631 0000000000000000000000000000000000017fff8000000000000000000
EQV 4632 0000000000000000000000000000000000017fff8000000000000000000
EQV 4633 0000000000000000000000000000000000017fff8000000000000000000
EQV 4634 0000000000000000000000000000000000017fff8000000000000000000
EQV 4635 0000000000000000000000000000000000017fff8000000000000000000
EQV 4636 0000000000000000000000000000000000017fff8000000000000000000
EQV 4637 0000000000000000000000000000000000017fff8000000000000000000
EQV 4638 0000000000000000000000000000000000017fff8000000000000000000
EQV 4639 0000000000000000000000000000000000017fff8000000000000000000
EQV 4640 0000000000000000000000000000000000017fff8000000000000000000
EQV 4641 0000000000000000000000000000000000017fff8000000000000000000
EQV 4642 0000000000000000000000000000000000017fff8000000000000000000
EQV 4643 0000000000000000000000000000000000017fff8000000000000000000
EQV 4644 0000000000000000000000000000000000017fff8000000000000000000
EQV 4645 0000000000000000000000000000000000017fff8000000000000000000
EQV 4646 0000000000000000000000000000000000017fff8000000000000000000
EQV 4647 0000000000000000000000000000000000017fff8000000000000000000
EQV 4648 1000000000000000000000000000000000017fff8000000000000000000
EQV 4649 280000000000000000000000000000000001ffff85f5ffffacac0000080
EQV 4650 280000000000000000000000000000000001ffff85f5ffffacac0000080
EQV 4651 28000000000000000000000000000000000000000000000000000000000
EQV 4652 28000000000000000000000000000000000000000000000000000000000
EQV 4653 00000000000000000000000000000000000000000000000000000000000
EQV 4654 0000000000000000000000000000000000007fff8000000000000000040
EQV 4655 2800000000000000000000000000000000007fff8000000000000000040
EQV 4656 0000000000000000000000000000000000007fff8000000000000000040
EQV 4657 1000000000000000000000000000000000007fff8000000000000000040
EQV 4658 2800000000000000000000000000000000017fff8000000000000000000
EQV 4659 2800000000000000000000000000000000017fff8000000000000000000
EQV 4660 2800000000000000000000000000000000017fff8000000000000000000
EQV 4661 2800000000000000000000000000000000017fff8000000000000000000
EQV 4662 0000000000000000000000000000000000017fff8000000000000000000
EQV 4663 0000000000000000000000000000000000017fff8000000000000000000
EQV 4664 0000000000000000000000000000000000017fff8000000000000000000
EQV 4665 0000000000000000000000000000000000017fff8000000000000000000
EQV 4666 0000000000000000000000000000000000017fff8000000000000000000
EQV 4667 0000000000000000000000000000000000017fff8000000000000000000
EQV 4668 0000000000000000000000000000000000017fff8000000000000000000
EQV 4669 0000000000000000000000000000000000017fff8000000000000000000
EQV 4670 0000000000000000000000000000000000017fff8000000000000000000
EQV 4671 0000000000000000000000000000000000017fff8000000000000000000
EQV 4672 0000000000000000000000000000000000017fff8000000000000000000
EQV 4673 0000000000000000000000000000000000017fff8000000000000000000
EQV 4674 0000000000000000000000000000000000017fff8000000000000000000
EQV 4675 0000000000000000000000000000000000017fff8000000000000000000
EQV 4676 0000000000000000000000000000000000017fff8000000000000000000
EQV 4677 0000000000000000000000000000000000017fff8000000000000000000
EQV 4678 0000000000000000000000000000000000017fff8000000000000000000
EQV 4679 0000000000000000000000000000000000017fff8000000000000000000
EQV 4680 0000000000000000000000000000000000017fff8000000000000000000
EQV 4681 0000000000000000000000000000000000017fff8000000000000000000
EQV 4682 0000000000000000000000000000000000017fff8000000000000000000
EQV 4683 0000000000000000000000000000000000017fff8000000000000000000
EQV 4684 0000000000000000000000000000000000017fff8000000000000000000
EQV 4685 0000000000000000000000000000000000017fff8000000000000000000
EQV 4686 0000000000000000000000000000000000017fff8000000000000000000
EQV 4687 0000000000000000000000000000000000017fff8000000000000000000
EQV 4688 0000000000000000000000000000000000017fff8000000000000000000
EQV 4689 0000000000000000000000000000000000017fff8000000000000000000
EQV 4690 0000000000000000000000000000000000017fff8000000000000000000
EQV 4691 0000000000000000000000000000000000017fff8000000000000000000
EQV 4692 0000000000000000000000000000000000017fff8000000000000000000
EQV 4693 0000000000000000000000000000000000017fff8000000000000000000
EQV 4694 0000000000000000000000000000000000017fff8000000000000000000
EQV 4695 0000000000000000000000000000000000017fff8000000000000000000
EQV 4696 0000000000000000000000000000000000017fff8000000000000000000
EQV 4697 0000000000000000000000000000000000017fff8000000000000000000
EQV 4698 0000000000000000000000000000000000017fff8000000000000000000
EQV 4699 0000000000000000000000000000000000017fff8000000000000000000
EQV 4700 0000000000000000000000000000000000017fff8000000000000000000
EQV 4701 0000000000000000000000000000000000017fff8000000000000000000
EQV 4702 0000000000000000000000000000000000017fff8000000000000000000
EQV 4703 0000000000000000000000000000000000017fff8000000000000000000
EQV 4704 0000000000000000000000000000000000017fff8000000000000000000
EQV 4705 0000000000000000000000000000000000017fff8000000000000000000
EQV 4706 0000000000000000000000000000000000017fff8000000000000000000
EQV 4707 0000000000000000000000000000000000017fff8000000000000000000
EQV 4708 0000000000000000000000000000000000017fff8000000000000000000
EQV 4709 0000000000000000000000000000000000017fff8000000000000000000
EQV 4710 0000000000000000000000000000000000017fff8000000000000000000
EQV 4711 0000000000000000000000000000000000017fff8000000000000000000
EQV 4712 0000000000000000000000000000000000017fff8000000000000000000
EQV 4713 1000000000000000000000000000000000017fff8000000000000000000
EQV 4714 280000000000000000000000000000000001ffff48df7ffee9310000080
EQV 4715 280000000000000000000000000000000001ffff48df7ffee9310000080
EQV 4716 28000000000000000000000000000000000000000000000000000000000
EQV 4717 28000000000000000000000000000000000000000000000000000000000
EQV 4718 00000000000000000000000000000000000000000000000000000000000
EQV 4719 0000000000000000000000000000000000007fff8000000000000000040
EQV 4720 2800000000000000000000000000000000007fff8000000000000000040
EQV 4721 0000000000000000000000000000000000007fff8000000000000000040
EQV 4722 1000000000000000000000000000000000007fff8000000000000000040
EQV 4723 2800000000000000000000000000000000017fff8000000000000000000
EQV 4724 2800000000000000000000000000000000017fff8000000000000000000
EQV 4725 2800000000000000000000000000000000017fff8000000000000000000
EQV 4726 2800000000000000000000000000000000017fff8000000000000000000
EQV 4727 0000000000000000000000000000000000017fff8000000000000000000
EQV 4728 0000000000000000000000000000000000017fff8000000000000000000
EQV 4729 0000000000000000000000000000000000017fff8000000000000000000
EQV 4730 0000000000000000000000000000000000017fff8000000000000000000
EQV 4731 0000000000000000000000000000000000017fff8000000000000000000
EQV 4732 0000000000000000000000000000000000017fff8000000000000000000
EQV 4733 0000000000000000000000000000000000017fff8000000000000000000
EQV 4734 0000000000000000000000000000000000017fff8000000000000000000
EQV 4735 0000000000000000000000000000000000017fff8000000000000000000
EQV 4736 0000000000000000000000000000000000017fff8000000000000000000
EQV 4737 0000000000000000000000000000000000017fff8000000000000000000
EQV 4738 0000000000000000000000000000000000017fff8000000000000000000
EQV 4739 0000000000000000000000000000000000017fff8000000000000000000
EQV 4740 0000000000000000000000000000000000017fff8000000000000000000
EQV 4741 0000000000000000000000000000000000017fff8000000000000000000
EQV 4742 0000000000000000000000000000000000017fff8000000000000000000
EQV 4743 0000000000000000000000000000000000017fff8000000000000000000
EQV 4744 0000000000000000000000000000000000017fff8000000000000000000
EQV 4745 0000000000000000000000000000000000017fff8000000000000000000
EQV 4746 0000000000000000000000000000000000017fff8000000000000000000
EQV 4747 0000000000000000000000000000000000017fff8000000000000000000
EQV 4748 0000000000000000000000000000000000017fff8000000000000000000
EQV 4749 0000000000000000000000000000000000017fff8000000000000000000
EQV 4750 0000000000000000000000000000000000017fff8000000000000000000
EQV 4751 0000000000000000000000000000000000017fff8000000000000000000
EQV 4752 0000000000000000000000000000000000017fff8000000000000000000
EQV 4753 0000000000000000000000000000000000017fff8000000000000000000
EQV 4754 0000000000000000000000000000000000017fff8000000000000000000
EQV 4755 0000000000000000000000000000000000017fff8000000000000000000
EQV 4756 0000000000000000000000000000000000017fff8000000000000000000
EQV 4757 0000000000000000000000000000000000017fff8000000000000000000
EQV 4758 0000000000000000000000000000000000017fff8000000000000000000
EQV 4759 0000000000000000000000000000000000017fff8000000000000000000
EQV 4760 0000000000000000000000000000000000017fff8000000000000000000
EQV 4761 0000000000000000000000000000000000017fff8000000000000000000
EQV 4762 0000000000000000000000000000000000017fff8000000000000000000
EQV 4763 0000000000000000000000000000000000017fff8000000000000000000
EQV 4764 0000000000000000000000000000000000017fff8000000000000000000
EQV 4765 0000000000000000000000000000000000017fff8000000000000000000
EQV 4766 0000000000000000000000000000000000017fff8000000000000000000
EQV 4767 0000000000000000000000000000000000017fff8000000000000000000
EQV 4768 0000000000000000000000000000000000017fff8000000000000000000
EQV 4769 0000000000000000000000000000000000017fff8000000000000000000
EQV 4770 0000000000000000000000000000000000017fff8000000000000000000
EQV 4771 0000000000000000000000000000000000017fff8000000000000000000
EQV 4772 0000000000000000000000000000000000017fff8000000000000000000
EQV 4773 0000000000000000000000000000000000017fff8000000000000000000
EQV 4774 0000000000000000000000000000000000017fff8000000000000000000
EQV 4775 0000000000000000000000000000000000017fff8000000000000000000
EQV 4776 0000000000000000000000000000000000017fff8000000000000000000
EQV 4777 0000000000000000000000000000000000017fff8000000000000000000
EQV 4778 1000000000000000000000000000000000017fff8000000000000000000
EQV 4779 280000000000000000000000000000000001ffff5b7b7fff24bd0000080
EQV 4780 280000000000000000000000000000000001ffff5b7b7fff24bd0000080
EQV 4781 28000000000000000000000000000000000000000000000000000000000
EQV 4782 28000000000000000000000000000000000000000000000000000000000
EQV 4783 00000000000000000000000000000000000000000000000000000000000
EQV 4784 0000000000000000000000000000000000007fff8000000000000000040
EQV 4785 2800000000000000000000000000000000007fff8000000000000000040
EQV 4786 0000000000000000000000000000000000007fff8000000000000000040
EQV 4787 1000000000000000000000000000000000007fff8000000000000000040
EQV 4788 2800000000000000000000000000000000017fff8000000000000000000
EQV 4789 2800000000000000000000000000000000017fff8000000000000000000
EQV 4790 2800000000000000000000000000000000017fff8000000000000000000
EQV 4791 2800000000000000000000000000000000017fff8000000000000000000
EQV 4792 0000000000000000000000000000000000017fff8000000000000000000
EQV 4793 0000000000000000000000000000000000017fff8000000000000000000
EQV 4794 0000000000000000000000000000000000017fff8000000000000000000
EQV 4795 0000000000000000000000000000000000017fff8000000000000000000
EQV 4796 0000000000000000000000000000000000017fff8000000000000000000
EQV 4797 0000000000000000000000000000000000017fff8000000000000000000
EQV 4798 0000000000000000000000000000000000017fff8000000000000000000
EQV 4799 0000000000000000000000000000000000017fff8000000000000000000
EQV 4800 0000000000000000000000000000000000017fff8000000000000000000
EQV 4801 0000000000000000000000000000000000017fff8000000000000000000
EQV 4802 0000000000000000000000000000000000017fff8000000000000000000
EQV 4803 0000000000000000000000000000000000017fff8000000000000000000
EQV 4804 0000000000000000000000000000000000017fff8000000000000000000
EQV 4805 0000000000000000000000000000000000017fff8000000000000000000
EQV 4806 0000000000000000000000000000000000017fff8000000000000000000
EQV 4807 0000000000000000000000000000000000017fff8000000000000000000
EQV 4808 0000000000000000000000000000000000017fff8000000000000000000
EQV 4809 0000000000000000000000000000000000017fff8000000000000000000
EQV 4810 0000000000000000000000000000000000017fff8000000000000000000
EQV 4811 0000000000000000000000000000000000017fff8000000000000000000
EQV 4812 0000000000000000000000000000000000017fff8000000000000000000
EQV 4813 0000000000000000000000000000000000017fff8000000000000000000
EQV 4814 0000000000000000000000000000000000017fff8000000000000000000
EQV 4815 0000000000000000000000000000000000017fff8000000000000000000
EQV 4816 0000000000000000000000000000000000017fff8000000000000000000
EQV 4817 0000000000000000000000000000000000017fff8000000000000000000
EQV 4818 0000000000000000000000000000000000017fff8000000000000000000
EQV 4819 0000000000000000000000000000000000017fff8000000000000000000
EQV 4820 0000000000000000000000000000000000017fff8000000000000000000
EQV 4821 0000000000000000000000000000000000017fff8000000000000000000
EQV 4822 0000000000000000000000000000000000017fff8000000000000000000
EQV 4823 0000000000000000000000000000000000017fff8000000000000000000
EQV 4824 0000000000000000000000000000000000017fff8000000000000000000
EQV 4825 0000000000000000000000000000000000017fff8000000000000000000
EQV 4826 0000000000000000000000000000000000017fff8000000000000000000
EQV 4827 0000000000000000000000000000000000017fff8000000000000000000
EQV 4828 0000000000000000000000000000000000017fff8000000000000000000
EQV 4829 0000000000000000000000000000000000017fff8000000000000000000
EQV 4830 0000000000000000000000000000000000017fff8000000000000000000
EQV 4831 0000000000000000000000000000000000017fff8000000000000000000
EQV 4832 0000000000000000000000000000000000017fff8000000000000000000
EQV 4833 0000000000000000000000000000000000017fff8000000000000000000
EQV 4834 0000000000000000000000000000000000017fff8000000000000000000
EQV 4835 0000000000000000000000000000000000017fff8000000000000000000
EQV 4836 0000000000000000000000000000000000017fff8000000000000000000
EQV 4837 0000000000000000000000000000000000017fff8000000000000000000
EQV 4838 0000000000000000000000000000000000017fff8000000000000000000
EQV 4839 0000000000000000000000000000000000017fff8000000000000000000
EQV 4840 0000000000000000000000000000000000017fff8000000000000000000
EQV 4841 0000000000000000000000000000000000017fff8000000000000000000
EQV 4842 0000000000000000000000000000000000017fff8000000000000000000
EQV 4843 1000000000000000000000000000000000017fff8000000000000000000
EQV 4844 280000000000000000000000000000000001ffff9178ffffd1810000080
EQV 4845 280000000000000000000000000000000001ffff9178ffffd1810000080
EQV 4846 28000000000000000000000000000000000000000000000000000000000
EQV 4847 28000000000000000000000000000000000000000000000000000000000
EQV 4848 00000000000000000000000000000000000000000000000000000000000
EQV 4849 0000000000000000000000000000000000007fff8000000000000000040
EQV 4850 2800000000000000000000000000000000007fff8000000000000000040
EQV 4851 0000000000000000000000000000000000007fff8000000000000000040
EQV 4852 1000000000000000000000000000000000007fff8000000000000000040
EQV 4853 2800000000000000000000000000000000017fff8000000000000000000
EQV 4854 2800000000000000000000000000000000017fff8000000000000000000
EQV 4855 2800000000000000000000000000000000017fff8000000000000000000
EQV 4856 2800000000000000000000000000000000017fff8000000000000000000
EQV 4857 0000000000000000000000000000000000017fff8000000000000000000
EQV 4858 0000000000000000000000000000000000017fff8000000000000000000
EQV 4859 0000000000000000000000000000000000017fff8000000000000000000
EQV 4860 0000000000000000000000000000000000017fff8000000000000000000
EQV 4861 0000000000000000000000000000000000017fff8000000000000000000
EQV 4862 0000000000000000000000000000000000017fff8000000000000000000
EQV 4863 0000000000000000000000000000000000017fff8000000000000000000
EQV 4864 0000000000000000000000000000000000017fff8000000000000000000
EQV 4865 0000000000000000000000000000000000017fff8000000000000000000
EQV 4866 0000000000000000000000000000000000017fff8000000000000000000
EQV 4867 0000000000000000000000000000000000017fff8000000000000000000
EQV 4868 0000000000000000000000000000000000017fff8000000000000000000
EQV 4869 0000000000000000000000000000000000017fff8000000000000000000
EQV 4870 0000000000000000000000000000000000017fff8000000000000000000
EQV 4871 0000000000000000000000000000000000017fff8000000000000000000
EQV 4872 0000000000000000000000000000000000017fff8000000000000000000
EQV 4873 0000000000000000000000000000000000017fff8000000000000000000
EQV 4874 0000000000000000000000000000000000017fff8000000000000000000
EQV 4875 0000000000000000000000000000000000017fff8000000000000000000
EQV 4876 0000000000000000000000000000000000017fff8000000000000000000
EQV 4877 0000000000000000000000000000000000017fff8000000000000000000
EQV 4878 0000000000000000000000000000000000017fff8000000000000000000
EQV 4879 0000000000000000000000000000000000017fff8000000000000000000
EQV 4880 0000000000000000000000000000000000017fff8000000000000000000
EQV 4881 0000000000000000000000000000000000017fff8000000000000000000
EQV 4882 0000000000000000000000000000000000017fff8000000000000000000
EQV 4883 0000000000000000000000000000000000017fff8000000000000000000
EQV 4884 0000000000000000000000000000000000017fff8000000000000000000
EQV 4885 0000000000000000000000000000000000017fff8000000000000000000
EQV 4886 0000000000000000000000000000000000017fff8000000000000000000
EQV 4887 0000000000000000000000000000000000017fff8000000000000000000
EQV 4888 0000000000000000000000000000000000017fff8000000000000000000
EQV 4889 0000000000000000000000000000000000017fff8000000000000000000
EQV 4890 0000000000000000000000000000000000017fff8000000000000000000
EQV 4891 0000000000000000000000000000000000017fff8000000000000000000
EQV 4892 0000000000000000000000000000000000017fff8000000000000000000
EQV 4893 0000000000000000000000000000000000017fff8000000000000000000
EQV 4894 0000000000000000000000000000000000017fff8000000000000000000
EQV 4895 0000000000000000000000000000000000017fff8000000000000000000
EQV 4896 0000000000000000000000000000000000017fff8000000000000000000
EQV 4897 0000000000000000000000000000000000017fff8000000000000000000
EQV 4898 0000000000000000000000000000000000017fff8000000000000000000
EQV 4899 0000000000000000000000000000000000017fff8000000000000000000
EQV 4900 0000000000000000000000000000000000017fff8000000000000000000
EQV 4901 0000000000000000000000000000000000017fff8000000000000000000
EQV 4902 0000000000000000000000000000000000017fff8000000000000000000
EQV 4903 0000000000000000000000000000000000017fff8000000000000000000
EQV 4904 0000000000000000000000000000000000017fff8000000000000000000
EQV 4905 0000000000000000000000000000000000017fff8000000000000000000
EQV 4906 0000000000000000000000000000000000017fff8000000000000000000
EQV 4907 0000000000000000000000000000000000017fff8000000000000000000
EQV 4908 1000000000000000000000000000000000017fff8000000000000000000
EQV 4909 280000000000000000000000000000000001ffff95867fffde7a8000080
EQV 4910 280000000000000000000000000000000001ffff95867fffde7a8000080
EQV 4911 28000000000000000000000000000000000000000000000000000000000
EQV 4912 28000000000000000000000000000000000000000000000000000000000
EQV 4913 00000000000000000000000000000000000000000000000000000000000
EQV 4914 0000000000000000000000000000000000007fff8000000000000000040
EQV 4915 2800000000000000000000000000000000007fff8000000000000000040
EQV 4916 0000000000000000000000000000000000007fff8000000000000000040
EQV 4917 1000000000000000000000000000000000007fff8000000000000000040
EQV 4918 2800000000000000000000000000000000017fff8000000000000000000
EQV 4919 2800000000000000000000000000000000017fff8000000000000000000
EQV 4920 2800000000000000000000000000000000017fff8000000000000000000
EQV 4921 2800000000000000000000000000000000017fff8000000000000000000
EQV 4922 0000000000000000000000000000000000017fff8000000000000000000
EQV 4923 0000000000000000000000000000000000017fff8000000000000000000
EQV 4924 0000000000000000000000000000000000017fff8000000000000000000
EQV 4925 0000000000000000000000000000000000017fff8000000000000000000
EQV 4926 0000000000000000000000000000000000017fff8000000000000000000
EQV 4927 0000000000000000000000000000000000017fff8000000000000000000
EQV 4928 0000000000000000000000000000000000017fff8000000000000000000
EQV 4929 0000000000000000000000000000000000017fff8000000000000000000
EQV 4930 0000000000000000000000000000000000017fff8000000000000000000
EQV 4931 0000000000000000000000000000000000017fff8000000000000000000
EQV 4932 0000000000000000000000000000000000017fff8000000000000000000
EQV 4933 0000000000000000000000000000000000017fff8000000000000000000
EQV 4934 0000000000000000000000000000000000017fff8000000000000000000
EQV 4935 0000000000000000000000000000000000017fff8000000000000000000
EQV 4936 0000000000000000000000000000000000017fff8000000000000000000
EQV 4937 0000000000000000000000000000000000017fff8000000000000000000
EQV 4938 0000000000000000000000000000000000017fff8000000000000000000
EQV 4939 0000000000000000000000000000000000017fff8000000000000000000
EQV 4940 0000000000000000000000000000000000017fff8000000000000000000
EQV 4941 0000000000000000000000000000000000017fff8000000000000000000
EQV 4942 0000000000000000000000000000000000017fff8000000000000000000
EQV 4943 0000000000000000000000000000000000017fff8000000000000000000
EQV 4944 0000000000000000000000000000000000017fff8000000000000000000
EQV 4945 0000000000000000000000000000000000017fff8000000000000000000
EQV 4946 0000000000000000000000000000000000017fff8000000000000000000
EQV 4947 0000000000000000000000000000000000017fff8000000000000000000
EQV 4948 0000000000000000000000000000000000017fff8000000000000000000
EQV 4949 0000000000000000000000000000000000017fff8000000000000000000
EQV 4950 0000000000000000000000000000000000017fff8000000000000000000
EQV 4951 0000000000000000000000000000000000017fff8000000000000000000
EQV 4952 0000000000000000000000000000000000017fff8000000000000000000
EQV 4953 0000000000000000000000000000000000017fff8000000000000000000
EQV 4954 0000000000000000000000000000000000017fff8000000000000000000
EQV 4955 0000000000000000000000000000000000017fff8000000000000000000
EQV 4956 0000000000000000000000000000000000017fff8000000000000000000
EQV 4957 0000000000000000000000000000000000017fff8000000000000000000
EQV 4958 0000000000000000000000000000000000017fff8000000000000000000
EQV 4959 0000000000000000000000000000000000017fff8000000000000000000
EQV 4960 0000000000000000000000000000000000017fff8000000000000000000
EQV 4961 0000000000000000000000000000000000017fff8000000000000000000
EQV 4962 0000000000000000000000000000000000017fff8000000000000000000
EQV 4963 0000000000000000000000000000000000017fff8000000000000000000
EQV 4964 0000000000000000000000000000000000017fff8000000000000000000
EQV 4965 0000000000000000000000000000000000017fff8000000000000000000
EQV 4966 0000000000000000000000000000000000017fff8000000000000000000
EQV 4967 0000000000000000000000000000000000017fff8000000000000000000
EQV 4968 0000000000000000000000000000000000017fff8000000000000000000
EQV 4969 0000000000000000000000000000000000017fff8000000000000000000
EQV 4970 0000000000000000000000000000000000017fff8000000000000000000
EQV 4971 0000000000000000000000000000000000017fff8000000000000000000
EQV 4972 0000000000000000000000000000000000017fff8000000000000000000
EQV 4973 1000000000000000000000000000000000017fff8000000000000000000
EQV 4974 280000000000000000000000000000000001fffec1f1fffd396c0000080
EQV 4975 280000000000000000000000000000000001fffec1f1fffd396c0000080
EQV 4976 28000000000000000000000000000000000000000000000000000000000
EQV 4977 28000000000000000000000000000000000000000000000000000000000
EQV 4978 00000000000000000000000000000000000000000000000000000000000
EQV 4979 0000000000000000000000000000000000007fff8000000000000000040
EQV 4980 2800000000000000000000000000000000007fff8000000000000000040
EQV 4981 0000000000000000000000000000000000007fff8000000000000000040
EQV 4982 1000000000000000000000000000000000007fff8000000000000000040
EQV 4983 2800000000000000000000000000000000017fff8000000000000000000
EQV 4984 2800000000000000000000000000000000017fff8000000000000000000
EQV 4985 2800000000000000000000000000000000017fff8000000000000000000
EQV 4986 2800000000000000000000000000000000017fff8000000000000000000
EQV 4987 0000000000000000000000000000000000017fff8000000000000000000
EQV 4988 0000000000000000000000000000000000017fff8000000000000000000
EQV 4989 0000000000000000000000000000000000017fff8000000000000000000
EQV 4990 0000000000000000000000000000000000017fff8000000000000000000
EQV 4991 0000000000000000000000000000000000017fff8000000000000000000
EQV 4992 0000000000000000000000000000000000017fff8000000000000000000
EQV 4993 0000000000000000000000000000000000017fff8000000000000000000
EQV 4994 0000000000000000000000000000000000017fff8000000000000000000
EQV 4995 0000000000000000000000000000000000017fff8000000000000000000
EQV 4996 0000000000000000000000000000000000017fff8000000000000000000
EQV 4997 0000000000000000000000000000000000017fff8000000000000000000
EQV 4998 0000000000000000000000000000000000017fff8000000000000000000
EQV 4999 0000000000000000000000000000000000017fff8000000000000000000
EQV 5000 0000000000000000000000000000000000017fff8000000000000000000
EQV 5001 0000000000000000000000000000000000017fff8000000000000000000
EQV 5002 0000000000000000000000000000000000017fff8000000000000000000
EQV 5003 0000000000000000000000000000000000017fff8000000000000000000
EQV 5004 0000000000000000000000000000000000017fff8000000000000000000
EQV 5005 0000000000000000000000000000000000017fff8000000000000000000
EQV 5006 0000000000000000000000000000000000017fff8000000000000000000
EQV 5007 0000000000000000000000000000000000017fff8000000000000000000
EQV 5008 0000000000000000000000000000000000017fff8000000000000000000
EQV 5009 0000000000000000000000000000000000017fff8000000000000000000
EQV 5010 0000000000000000000000000000000000017fff8000000000000000000
EQV 5011 0000000000000000000000000000000000017fff8000000000000000000
EQV 5012 0000000000000000000000000000000000017fff8000000000000000000
EQV 5013 0000000000000000000000000000000000017fff8000000000000000000
EQV 5014 0000000000000000000000000000000000017fff8000000000000000000
EQV 5015 0000000000000000000000000000000000017fff8000000000000000000
EQV 5016 0000000000000000000000000000000000017fff8000000000000000000
EQV 5017 0000000000000000000000000000000000017fff8000000000000000000
EQV 5018 0000000000000000000000000000000000017fff8000000000000000000
EQV 5019 0000000000000000000000000000000000017fff8000000000000000000
EQV 5020 0000000000000000000000000000000000017fff8000000000000000000
EQV 5021 0000000000000000000000000000000000017fff8000000000000000000
EQV 5022 0000000000000000000000000000000000017fff8000000000000000000
EQV 5023 0000000000000000000000000000000000017fff8000000000000000000
EQV 5024 0000000000000000000000000000000000017fff8000000000000000000
EQV 5025 0000000000000000000000000000000000017fff8000000000000000000
EQV 5026 0000000000000000000000000000000000017fff8000000000000000000
EQV 5027 0000000000000000000000000000000000017fff8000000000000000000
EQV 5028 0000000000000000000000000000000000017fff8000000000000000000
EQV 5029 0000000000000000000000000000000000017fff8000000000000000000
EQV 5030 0000000000000000000000000000000000017fff8000000000000000000
EQV 5031 0000000000000000000000000000000000017fff8000000000000000000
EQV 5032 0000000000000000000000000000000000017fff8000000000000000000
EQV 5033 0000000000000000000000000000000000017fff8000000000000000000
EQV 5034 0000000000000000000000000000000000017fff8000000000000000000
EQV 5035 0000000000000000000000000000000000017fff8000000000000000000
EQV 5036 0000000000000000000000000000000000017fff8000000000000000000
EQV 5037 0000000000000000000000000000000000017fff8000000000000000000
EQV 5038 1000000000000000000000000000000000017fff8000000000000000000
EQV 5039 280000000000000000000000000000000001ffff8cc0ffffc2678000080
EQV 5040 280000000000000000000000000000000001ffff8cc0ffffc2678000080
EQV 5041 28000000000000000000000000000000000000000000000000000000000
EQV 5042 28000000000000000000000000000000000000000000000000000000000
EQV 5043 00000000000000000000000000000000000000000000000000000000000
EQV 5044 0000000000000000000000000000000000007fff8000000000000000040
EQV 5045 2800000000000000000000000000000000007fff8000000000000000040
EQV 5046 0000000000000000000000000000000000007fff8000000000000000040
EQV 5047 1000000000000000000000000000000000007fff8000000000000000040
EQV 5048 2800000000000000000000000000000000017fff8000000000000000000
EQV 5049 2800000000000000000000000000000000017fff8000000000000000000
EQV 5050 2800000000000000000000000000000000017fff8000000000000000000
EQV 5051 2800000000000000000000000000000000017fff8000000000000000000
EQV 5052 0000000000000000000000000000000000017fff8000000000000000000
EQV 5053 0000000000000000000000000000000000017fff8000000000000000000
EQV 5054 0000000000000000000000000000000000017fff8000000000000000000
EQV 5055 0000000000000000000000000000000000017fff8000000000000000000
EQV 5056 0000000000000000000000000000000000017fff8000000000000000000
EQV 5057 0000000000000000000000000000000000017fff8000000000000000000
EQV 5058 0000000000000000000000000000000000017fff8000000000000000000
EQV 5059 0000000000000000000000000000000000017fff8000000000000000000
EQV 5060 0000000000000000000000000000000000017fff8000000000000000000
EQV 5061 0000000000000000000000000000000000017fff8000000000000000000
EQV 5062 0000000000000000000000000000000000017fff8000000000000000000
EQV 5063 0000000000000000000000000000000000017fff8000000000000000000
EQV 5064 0000000000000000000000000000000000017fff8000000000000000000
EQV 5065 0000000000000000000000000000000000017fff8000000000000000000
EQV 5066 0000000000000000000000000000000000017fff8000000000000000000
EQV 5067 0000000000000000000000000000000000017fff8000000000000000000
EQV 5068 0000000000000000000000000000000000017fff8000000000000000000
EQV 5069 0000000000000000000000000000000000017fff8000000000000000000
EQV 5070 0000000000000000000000000000000000017fff8000000000000000000
EQV 5071 0000000000000000000000000000000000017fff8000000000000000000
EQV 5072 0000000000000000000000000000000000017fff8000000000000000000
EQV 5073 0000000000000000000000000000000000017fff8000000000000000000
EQV 5074 0000000000000000000000000000000000017fff8000000000000000000
EQV 5075 0000000000000000000000000000000000017fff8000000000000000000
EQV 5076 0000000000000000000000000000000000017fff8000000000000000000
EQV 5077 0000000000000000000000000000000000017fff8000000000000000000
EQV 5078 0000000000000000000000000000000000017fff8000000000000000000
EQV 5079 0000000000000000000000000000000000017fff8000000000000000000
EQV 5080 0000000000000000000000000000000000017fff8000000000000000000
EQV 5081 0000000000000000000000000000000000017fff8000000000000000000
EQV 5082 0000000000000000000000000000000000017fff8000000000000000000
EQV 5083 0000000000000000000000000000000000017fff8000000000000000000
EQV 5084 0000000000000000000000000000000000017fff8000000000000000000
EQV 5085 0000000000000000000000000000000000017fff8000000000000000000
EQV 5086 0000000000000000000000000000000000017fff8000000000000000000
EQV 5087 0000000000000000000000000000000000017fff8000000000000000000
EQV 5088 0000000000000000000000000000000000017fff8000000000000000000
EQV 5089 0000000000000000000000000000000000017fff8000000000000000000
EQV 5090 0000000000000000000000000000000000017fff8000000000000000000
EQV 5091 0000000000000000000000000000000000017fff8000000000000000000
EQV 5092 0000000000000000000000000000000000017fff8000000000000000000
EQV 5093 0000000000000000000000000000000000017fff8000000000000000000
EQV 5094 0000000000000000000000000000000000017fff8000000000000000000
EQV 5095 0000000000000000000000000000000000017fff8000000000000000000
EQV 5096 0000000000000000000000000000000000017fff8000000000000000000
EQV 5097 0000000000000000000000000000000000017fff8000000000000000000
EQV 5098 0000000000000000000000000000000000017fff8000000000000000000
EQV 5099 0000000000000000000000000000000000017fff8000000000000000000
EQV 5100 0000000000000000000000000000000000017fff8000000000000000000
EQV 5101 0000000000000000000000000000000000017fff8000000000000000000
EQV 5102 0000000000000000000000000000000000017fff8000000000000000000
EQV 5103 1000000000000000000000000000000000017fff8000000000000000000
EQV 5104 280000000000000000000000000000000001ffff6e877fff61b00000080
EQV 5105 280000000000000000000000000000000001ffff6e877fff61b00000080
EQV 5106 28000000000000000000000000000000000000000000000000000000000
EQV 5107 28000000000000000000000000000000000000000000000000000000000
EQV 5108 00000000000000000000000000000000000000000000000000000000000
EQV 5109 0000000000000000000000000000000000007fff8000000000000000040
EQV 5110 2800000000000000000000000000000000007fff8000000000000000040
EQV 5111 0000000000000000000000000000000000007fff8000000000000000040
EQV 5112 1000000000000000000000000000000000007fff8000000000000000040
EQV 5113 2800000000000000000000000000000000017fff8000000000000000000
EQV 5114 2800000000000000000000000000000000017fff8000000000000000000
EQV 5115 2800000000000000000000000000000000017fff8000000000000000000
EQV 5116 2800000000000000000000000000000000017fff8000000000000000000
EQV 5117 0000000000000000000000000000000000017fff8000000000000000000
EQV 5118 0000000000000000000000000000000000017fff8000000000000000000
EQV 5119 0000000000000000000000000000000000017fff8000000000000000000
EQV 5120 0000000000000000000000000000000000017fff8000000000000000000
EQV 5121 0000000000000000000000000000000000017fff8000000000000000000
EQV 5122 0000000000000000000000000000000000017fff8000000000000000000
EQV 5123 0000000000000000000000000000000000017fff8000000000000000000
EQV 5124 0000000000000000000000000000000000017fff8000000000000000000
EQV 5125 0000000000000000000000000000000000017fff8000000000000000000
EQV 5126 0000000000000000000000000000000000017fff8000000000000000000
EQV 5127 0000000000000000000000000000000000017fff8000000000000000000
EQV 5128 0000000000000000000000000000000000017fff8000000000000000000
EQV 5129 0000000000000000000000000000000000017fff8000000000000000000
EQV 5130 0000000000000000000000000000000000017fff8000000000000000000
EQV 5131 0000000000000000000000000000000000017fff8000000000000000000
EQV 5132 0000000000000000000000000000000000017fff8000000000000000000
EQV 5133 0000000000000000000000000000000000017fff8000000000000000000
EQV 5134 0000000000000000000000000000000000017fff8000000000000000000
EQV 5135 0000000000000000000000000000000000017fff8000000000000000000
EQV 5136 0000000000000000000000000000000000017fff8000000000000000000
EQV 5137 0000000000000000000000000000000000017fff8000000000000000000
EQV 5138 0000000000000000000000000000000000017fff8000000000000000000
EQV 5139 0000000000000000000000000000000000017fff8000000000000000000
EQV 5140 0000000000000000000000000000000000017fff8000000000000000000
EQV 5141 0000000000000000000000000000000000017fff8000000000000000000
EQV 5142 0000000000000000000000000000000000017fff8000000000000000000
EQV 5143 0000000000000000000000000000000000017fff8000000000000000000
EQV 5144 0000000000000000000000000000000000017fff8000000000000000000
EQV 5145 0000000000000000000000000000000000017fff8000000000000000000
EQV 5146 0000000000000000000000000000000000017fff8000000000000000000
EQV 5147 0000000000000000000000000000000000017fff8000000000000000000
EQV 5148 0000000000000000000000000000000000017fff8000000000000000000
EQV 5149 0000000000000000000000000000000000017fff8000000000000000000
EQV 5150 0000000000000000000000000000000000017fff8000000000000000000
EQV 5151 0000000000000000000000000000000000017fff8000000000000000000
EQV 5152 0000000000000000000000000000000000017fff8000000000000000000
EQV 5153 0000000000000000000000000000000000017fff8000000000000000000
EQV 5154 0000000000000000000000000000000000017fff8000000000000000000
EQV 5155 0000000000000000000000000000000000017fff8000000000000000000
EQV 5156 0000000000000000000000000000000000017fff8000000000000000000
EQV 5157 0000000000000000000000000000000000017fff8000000000000000000
EQV 5158 0000000000000000000000000000000000017fff8000000000000000000
EQV 5159 0000000000000000000000000000000000017fff8000000000000000000
EQV 5160 0000000000000000000000000000000000017fff8000000000000000000
EQV 5161 0000000000000000000000000000000000017fff8000000000000000000
EQV 5162 0000000000000000000000000000000000017fff8000000000000000000
EQV 5163 0000000000000000000000000000000000017fff8000000000000000000
EQV 5164 0000000000000000000000000000000000017fff8000000000000000000
EQV 5165 0000000000000000000000000000000000017fff8000000000000000000
EQV 5166 0000000000000000000000000000000000017fff8000000000000000000
EQV 5167 0000000000000000000000000000000000017fff8000000000000000000
EQV 5168 1000000000000000000000000000000000017fff8000000000000000000
EQV 5169 280000000000000000000000000000000001ffff5f237fff306f8000080
EQV 5170 280000000000000000000000000000000001ffff5f237fff306f8000080
EQV 5171 28000000000000000000000000000000000000000000000000000000000
EQV 5172 28000000000000000000000000000000000000000000000000000000000
EQV 5173 00000000000000000000000000000000000000000000000000000000000
EQV 5174 0000000000000000000000000000000000007fff8000000000000000040
EQV 5175 2800000000000000000000000000000000007fff8000000000000000040
EQV 5176 0000000000000000000000000000000000007fff8000000000000000040
EQV 5177 1000000000000000000000000000000000007fff8000000000000000040
EQV 5178 2800000000000000000000000000000000017fff8000000000000000000
EQV 5179 2800000000000000000000000000000000017fff8000000000000000000
EQV 5180 2800000000000000000000000000000000017fff8000000000000000000
EQV 5181 2800000000000000000000000000000000017fff8000000000000000000
EQV 5182 0000000000000000000000000000000000017fff8000000000000000000
EQV 5183 0000000000000000000000000000000000017fff8000000000000000000
EQV 5184 0000000000000000000000000000000000017fff8000000000000000000
EQV 5185 0000000000000000000000000000000000017fff8000000000000000000
EQV 5186 0000000000000000000000000000000000017fff8000000000000000000
EQV 5187 0000000000000000000000000000000000017fff8000000000000000000
EQV 5188 0000000000000000000000000000000000017fff8000000000000000000
EQV 5189 0000000000000000000000000000000000017fff8000000000000000000
EQV 5190 0000000000000000000000000000000000017fff8000000000000000000
EQV 5191 0000000000000000000000000000000000017fff8000000000000000000
EQV 5192 0000000000000000000000000000000000017fff8000000000000000000
EQV 5193 0000000000000000000000000000000000017fff8000000000000000000
EQV 5194 0000000000000000000000000000000000017fff8000000000000000000
EQV 5195 0000000000000000000000000000000000017fff8000000000000000000
EQV 5196 0000000000000000000000000000000000017fff8000000000000000000
EQV 5197 0000000000000000000000000000000000017fff8000000000000000000
EQV 5198 0000000000000000000000000000000000017fff8000000000000000000
EQV 5199 0000000000000000000000000000000000017fff8000000000000000000
EQV 5200 0000000000000000000000000000000000017fff8000000000000000000
EQV 5201 0000000000000000000000000000000000017fff8000000000000000000
EQV 5202 0000000000000000000000000000000000017fff8000000000000000000
EQV 5203 0000000000000000000000000000000000017fff8000000000000000000
EQV 5204 0000000000000000000000000000000000017fff8000000000000000000
EQV 5205 0000000000000000000000000000000000017fff8000000000000000000
EQV 5206 0000000000000000000000000000000000017fff8000000000000000000
EQV 5207 0000000000000000000000000000000000017fff8000000000000000000
EQV 5208 0000000000000000000000000000000000017fff8000000000000000000
EQV 5209 0000000000000000000000000000000000017fff8000000000000000000
EQV 5210 0000000000000000000000000000000000017fff8000000000000000000
EQV 5211 0000000000000000000000000000000000017fff8000000000000000000
EQV 5212 0000000000000000000000000000000000017fff8000000000000000000
EQV 5213 0000000000000000000000000000000000017fff8000000000000000000
EQV 5214 0000000000000000000000000000000000017fff8000000000000000000
EQV 5215 0000000000000000000000000000000000017fff8000000000000000000
EQV 5216 0000000000000000000000000000000000017fff8000000000000000000
EQV 5217 0000000000000000000000000000000000017fff8000000000000000000
EQV 5218 0000000000000000000000000000000000017fff8000000000000000000
EQV 5219 0000000000000000000000000000000000017fff8000000000000000000
EQV 5220 0000000000000000000000000000000000017fff8000000000000000000
EQV 5221 0000000000000000000000000000000000017fff8000000000000000000
EQV 5222 0000000000000000000000000000000000017fff8000000000000000000
EQV 5223 0000000000000000000000000000000000017fff8000000000000000000
EQV 5224 0000000000000000000000000000000000017fff8000000000000000000
EQV 5225 0000000000000000000000000000000000017fff8000000000000000000
EQV 5226 0000000000000000000000000000000000017fff8000000000000000000
EQV 5227 0000000000000000000000000000000000017fff8000000000000000000
EQV 5228 0000000000000000000000000000000000017fff8000000000000000000
EQV 5229 0000000000000000000000000000000000017fff8000000000000000000
EQV 5230 0000000000000000000000000000000000017fff8000000000000000000
EQV 5231 0000000000000000000000000000000000017fff8000000000000000000
EQV 5232 0000000000000000000000000000000000017fff8000000000000000000
EQV 5233 1000000000000000000000000000000000017fff8000000000000000000
EQV 5234 280000000000000000000000000000000001ffff9e24fffffa0e8000080
EQV 5235 280000000000000000000000000000000001ffff9e24fffffa0e8000080
EQV 5236 28000000000000000000000000000000000000000000000000000000000
EQV 5237 28000000000000000000000000000000000000000000000000000000000
EQV 5238 00000000000000000000000000000000000000000000000000000000000
EQV 5239 0000000000000000000000000000000000007fff8000000000000000040
EQV 5240 2800000000000000000000000000000000007fff8000000000000000040
EQV 5241 0000000000000000000000000000000000007fff8000000000000000040
EQV 5242 1000000000000000000000000000000000007fff8000000000000000040
EQV 5243 2800000000000000000000000000000000017fff8000000000000000000
EQV 5244 2800000000000000000000000000000000017fff8000000000000000000
EQV 5245 2800000000000000000000000000000000017fff8000000000000000000
EQV 5246 2800000000000000000000000000000000017fff8000000000000000000
EQV 5247 0000000000000000000000000000000000017fff8000000000000000000
EQV 5248 0000000000000000000000000000000000017fff8000000000000000000
EQV 5249 0000000000000000000000000000000000017fff8000000000000000000
EQV 5250 0000000000000000000000000000000000017fff8000000000000000000
EQV 5251 0000000000000000000000000000000000017fff8000000000000000000
EQV 5252 0000000000000000000000000000000000017fff8000000000000000000
EQV 5253 0000000000000000000000000000000000017fff8000000000000000000
EQV 5254 0000000000000000000000000000000000017fff8000000000000000000
EQV 5255 0000000000000000000000000000000000017fff8000000000000000000
EQV 5256 0000000000000000000000000000000000017fff8000000000000000000
EQV 5257 0000000000000000000000000000000000017fff8000000000000000000
EQV 5258 0000000000000000000000000000000000017fff8000000000000000000
EQV 5259 0000000000000000000000000000000000017fff8000000000000000000
EQV 5260 0000000000000000000000000000000000017fff8000000000000000000
EQV 5261 0000000000000000000000000000000000017fff8000000000000000000
EQV 5262 0000000000000000000000000000000000017fff8000000000000000000
EQV 5263 0000000000000000000000000000000000017fff8000000000000000000
EQV 5264 0000000000000000000000000000000000017fff8000000000000000000
EQV 5265 0000000000000000000000000000000000017fff8000000000000000000
EQV 5266 0000000000000000000000000000000000017fff8000000000000000000
EQV 5267 0000000000000000000000000000000000017fff8000000000000000000
EQV 5268 0000000000000000000000000000000000017fff8000000000000000000
EQV 5269 0000000000000000000000000000000000017fff8000000000000000000
EQV 5270 0000000000000000000000000000000000017fff8000000000000000000
EQV 5271 0000000000000000000000000000000000017fff8000000000000000000
EQV 5272 0000000000000000000000000000000000017fff8000000000000000000
EQV 5273 0000000000000000000000000000000000017fff8000000000000000000
EQV 5274 0000000000000000000000000000000000017fff8000000000000000000
EQV 5275 0000000000000000000000000000000000017fff8000000000000000000
EQV 5276 0000000000000000000000000000000000017fff8000000000000000000
EQV 5277 0000000000000000000000000000000000017fff8000000000000000000
EQV 5278 0000000000000000000000000000000000017fff8000000000000000000
EQV 5279 0000000000000000000000000000000000017fff8000000000000000000
EQV 5280 0000000000000000000000000000000000017fff8000000000000000000
EQV 5281 0000000000000000000000000000000000017fff8000000000000000000
EQV 5282 0000000000000000000000000000000000017fff8000000000000000000
EQV 5283 0000000000000000000000000000000000017fff8000000000000000000
EQV 5284 0000000000000000000000000000000000017fff8000000000000000000
EQV 5285 0000000000000000000000000000000000017fff8000000000000000000
EQV 5286 0000000000000000000000000000000000017fff8000000000000000000
EQV 5287 0000000000000000000000000000000000017fff8000000000000000000
EQV 5288 0000000000000000000000000000000000017fff8000000000000000000
EQV 5289 0000000000000000000000000000000000017fff8000000000000000000
EQV 5290 0000000000000000000000000000000000017fff8000000000000000000
EQV 5291 0000000000000000000000000000000000017fff8000000000000000000
EQV 5292 0000000000000000000000000000000000017fff8000000000000000000
EQV 5293 0000000000000000000000000000000000017fff8000000000000000000
EQV 5294 0000000000000000000000000000000000017fff8000000000000000000
EQV 5295 0000000000000000000000000000000000017fff8000000000000000000
EQV 5296 0000000000000000000000000000000000017fff8000000000000000000
EQV 5297 0000000000000000000000000000000000017fff8000000000000000000
EQV 5298 1000000000000000000000000000000000017fff8000000000000000000
EQV 5299 280000000000000000000000000000000001ffff7c84ffff8e748000080
EQV 5300 280000000000000000000000000000000001ffff7c84ffff8e748000080
EQV 5301 28000000000000000000000000000000000000000000000000000000000
EQV 5302 28000000000000000000000000000000000000000000000000000000000
EQV 5303 00000000000000000000000000000000000000000000000000000000000
EQV 5304 0000000000000000000000000000000000007fff8000000000000000040
EQV 5305 2800000000000000000000000000000000007fff8000000000000000040
EQV 5306 0000000000000000000000000000000000007fff8000000000000000040
EQV 5307 1000000000000000000000000000000000007fff8000000000000000040
EQV 5308 2800000000000000000000000000000000017fff8000000000000000000
EQV 5309 2800000000000000000000000000000000017fff8000000000000000000
EQV 5310 2800000000000000000000000000000000017fff8000000000000000000
EQV 5311 2800000000000000000000000000000000017fff8000000000000000000
EQV 5312 0000000000000000000000000000000000017fff8000000000000000000
EQV 5313 0000000000000000000000000000000000017fff8000000000000000000
EQV 5314 0000000000000000000000000000000000017fff8000000000000000000
EQV 5315 0000000000000000000000000000000000017fff8000000000000000000
EQV 5316 0000000000000000000000000000000000017fff8000000000000000000
EQV 5317 0000000000000000000000000000000000017fff8000000000000000000
EQV 5318 0000000000000000000000000000000000017fff8000000000000000000
EQV 5319 0000000000000000000000000000000000017fff8000000000000000000
EQV 5320 0000000000000000000000000000000000017fff8000000000000000000
EQV 5321 0000000000000000000000000000000000017fff8000000000000000000
EQV 5322 0000000000000000000000000000000000017fff8000000000000000000
EQV 5323 0000000000000000000000000000000000017fff8000000000000000000
EQV 5324 0000000000000000000000000000000000017fff8000000000000000000
EQV 5325 0000000000000000000000000000000000017fff8000000000000000000
EQV 5326 0000000000000000000000000000000000017fff8000000000000000000
EQV 5327 0000000000000000000000000000000000017fff8000000000000000000
EQV 5328 0000000000000000000000000000000000017fff8000000000000000000
EQV 5329 0000000000000000000000000000000000017fff8000000000000000000
EQV 5330 0000000000000000000000000000000000017fff8000000000000000000
EQV 5331 0000000000000000000000000000000000017fff8000000000000000000
EQV 5332 0000000000000000000000000000000000017fff8000000000000000000
EQV 5333 0000000000000000000000000000000000017fff8000000000000000000
EQV 5334 0000000000000000000000000000000000017fff8000000000000000000
EQV 5335 0000000000000000000000000000000000017fff8000000000000000000
EQV 5336 0000000000000000000000000000000000017fff8000000000000000000
EQV 5337 0000000000000000000000000000000000017fff8000000000000000000
EQV 5338 0000000000000000000000000000000000017fff8000000000000000000
EQV 5339 0000000000000000000000000000000000017fff8000000000000000000
EQV 5340 0000000000000000000000000000000000017fff8000000000000000000
EQV 5341 0000000000000000000000000000000000017fff8000000000000000000
EQV 5342 0000000000000000000000000000000000017fff8000000000000000000
EQV 5343 0000000000000000000000000000000000017fff8000000000000000000
EQV 5344 0000000000000000000000000000000000017fff8000000000000000000
EQV 5345 0000000000000000000000000000000000017fff8000000000000000000
EQV 5346 0000000000000000000000000000000000017fff8000000000000000000
EQV 5347 0000000000000000000000000000000000017fff8000000000000000000
EQV 5348 0000000000000000000000000000000000017fff8000000000000000000
EQV 5349 0000000000000000000000000000000000017fff8000000000000000000
EQV 5350 0000000000000000000000000000000000017fff8000000000000000000
EQV 5351 0000000000000000000000000000000000017fff8000000000000000000
EQV 5352 0000000000000000000000000000000000017fff8000000000000000000
EQV 5353 0000000000000000000000000000000000017fff8000000000000000000
EQV 5354 0000000000000000000000000000000000017fff8000000000000000000
EQV 5355 0000000000000000000000000000000000017fff8000000000000000000
EQV 5356 0000000000000000000000000000000000017fff8000000000000000000
EQV 5357 0000000000000000000000000000000000017fff8000000000000000000
EQV 5358 0000000000000000000000000000000000017fff8000000000000000000
EQV 5359 0000000000000000000000000000000000017fff8000000000000000000
EQV 5360 0000000000000000000000000000000000017fff8000000000000000000
EQV 5361 0000000000000000000000000000000000017fff8000000000000000000
EQV 5362 0000000000000000000000000000000000017fff8000000000000000000
EQV 5363 1000000000000000000000000000000000017fff8000000000000000000
EQV 5364 280000000000000000000000000000000001ffff938dffffd82b8000080
EQV 5365 280000000000000000000000000000000001ffff938dffffd82b8000080
EQV 5366 28000000000000000000000000000000000000000000000000000000000
EQV 5367 28000000000000000000000000000000000000000000000000000000000
EQV 5368 00000000000000000000000000000000000000000000000000000000000
EQV 5369 0000000000000000000000000000000000007fff8000000000000000040
EQV 5370 2800000000000000000000000000000000007fff8000000000000000040
EQV 5371 0000000000000000000000000000000000007fff8000000000000000040
EQV 5372 1000000000000000000000000000000000007fff8000000000000000040
EQV 5373 2800000000000000000000000000000000017fff8000000000000000000
EQV 5374 2800000000000000000000000000000000017fff8000000000000000000
EQV 5375 2800000000000000000000000000000000017fff8000000000000000000
EQV 5376 2800000000000000000000000000000000017fff8000000000000000000
EQV 5377 0000000000000000000000000000000000017fff8000000000000000000
EQV 5378 0000000000000000000000000000000000017fff8000000000000000000
EQV 5379 0000000000000000000000000000000000017fff8000000000000000000
EQV 5380 0000000000000000000000000000000000017fff8000000000000000000
EQV 5381 0000000000000000000000000000000000017fff8000000000000000000
EQV 5382 0000000000000000000000000000000000017fff8000000000000000000
EQV 5383 0000000000000000000000000000000000017fff8000000000000000000
EQV 5384 0000000000000000000000000000000000017fff8000000000000000000
EQV 5385 0000000000000000000000000000000000017fff8000000000000000000
EQV 5386 0000000000000000000000000000000000017fff8000000000000000000
EQV 5387 0000000000000000000000000000000000017fff8000000000000000000
EQV 5388 0000000000000000000000000000000000017fff8000000000000000000
EQV 5389 0000000000000000000000000000000000017fff8000000000000000000
EQV 5390 0000000000000000000000000000000000017fff8000000000000000000
EQV 5391 0000000000000000000000000000000000017fff8000000000000000000
EQV 5392 0000000000000000000000000000000000017fff8000000000000000000
EQV 5393 0000000000000000000000000000000000017fff8000000000000000000
EQV 5394 0000000000000000000000000000000000017fff8000000000000000000
EQV 5395 0000000000000000000000000000000000017fff8000000000000000000
EQV 5396 0000000000000000000000000000000000017fff8000000000000000000
EQV 5397 0000000000000000000000000000000000017fff8000000000000000000
EQV 5398 0000000000000000000000000000000000017fff8000000000000000000
EQV 5399 0000000000000000000000000000000000017fff8000000000000000000
EQV 5400 0000000000000000000000000000000000017fff8000000000000000000
EQV 5401 0000000000000000000000000000000000017fff8000000000000000000
EQV 5402 0000000000000000000000000000000000017fff8000000000000000000
EQV 5403 0000000000000000000000000000000000017fff8000000000000000000
EQV 5404 0000000000000000000000000000000000017fff8000000000000000000
EQV 5405 0000000000000000000000000000000000017fff8000000000000000000
EQV 5406 0000000000000000000000000000000000017fff8000000000000000000
EQV 5407 0000000000000000000000000000000000017fff8000000000000000000
EQV 5408 0000000000000000000000000000000000017fff8000000000000000000
EQV 5409 0000000000000000000000000000000000017fff8000000000000000000
EQV 5410 0000000000000000000000000000000000017fff8000000000000000000
EQV 5411 0000000000000000000000000000000000017fff8000000000000000000
EQV 5412 0000000000000000000000000000000000017fff8000000000000000000
EQV 5413 0000000000000000000000000000000000017fff8000000000000000000
EQV 5414 0000000000000000000000000000000000017fff8000000000000000000
EQV 5415 0000000000000000000000000000000000017fff8000000000000000000
EQV 5416 0000000000000000000000000000000000017fff8000000000000000000
EQV 5417 0000000000000000000000000000000000017fff8000000000000000000
EQV 5418 0000000000000000000000000000000000017fff8000000000000000000
EQV 5419 0000000000000000000000000000000000017fff8000000000000000000
EQV 5420 0000000000000000000000000000000000017fff8000000000000000000
EQV 5421 0000000000000000000000000000000000017fff8000000000000000000
EQV 5422 0000000000000000000000000000000000017fff8000000000000000000
EQV 5423 0000000000000000000000000000000000017fff8000000000000000000
EQV 5424 0000000000000000000000000000000000017fff8000000000000000000
EQV 5425 0000000000000000000000000000000000017fff8000000000000000000
EQV 5426 0000000000000000000000000000000000017fff8000000000000000000
EQV 5427 0000000000000000000000000000000000017fff8000000000000000000
EQV 5428 1000000000000000000000000000000000017fff8000000000000000000
EQV 5429 280000000000000000000000000000000001ffff991fffffe9fe8000080
EQV 5430 280000000000000000000000000000000001ffff991fffffe9fe8000080
EQV 5431 28000000000000000000000000000000000000000000000000000000000
EQV 5432 28000000000000000000000000000000000000000000000000000000000
EQV 5433 00000000000000000000000000000000000000000000000000000000000
EQV 5434 0000000000000000000000000000000000007fff8000000000000000040
EQV 5435 2800000000000000000000000000000000007fff8000000000000000040
EQV 5436 0000000000000000000000000000000000007fff8000000000000000040
EQV 5437 1000000000000000000000000000000000007fff8000000000000000040
EQV 5438 2800000000000000000000000000000000017fff8000000000000000000
EQV 5439 2800000000000000000000000000000000017fff8000000000000000000
EQV 5440 2800000000000000000000000000000000017fff8000000000000000000
EQV 5441 2800000000000000000000000000000000017fff8000000000000000000
EQV 5442 0000000000000000000000000000000000017fff8000000000000000000
EQV 5443 0000000000000000000000000000000000017fff8000000000000000000
EQV 5444 0000000000000000000000000000000000017fff8000000000000000000
EQV 5445 0000000000000000000000000000000000017fff8000000000000000000
EQV 5446 0000000000000000000000000000000000017fff8000000000000000000
EQV 5447 0000000000000000000000000000000000017fff8000000000000000000
EQV 5448 0000000000000000000000000000000000017fff8000000000000000000
EQV 5449 0000000000000000000000000000000000017fff8000000000000000000
EQV 5450 0000000000000000000000000000000000017fff8000000000000000000
EQV 5451 0000000000000000000000000000000000017fff8000000000000000000
EQV 5452 0000000000000000000000000000000000017fff8000000000000000000
EQV 5453 0000000000000000000000000000000000017fff8000000000000000000
EQV 5454 0000000000000000000000000000000000017fff8000000000000000000
EQV 5455 0000000000000000000000000000000000017fff8000000000000000000
EQV 5456 0000000000000000000000000000000000017fff8000000000000000000
EQV 5457 0000000000000000000000000000000000017fff8000000000000000000
EQV 5458 0000000000000000000000000000000000017fff8000000000000000000
EQV 5459 0000000000000000000000000000000000017fff8000000000000000000
EQV 5460 0000000000000000000000000000000000017fff8000000000000000000
EQV 5461 0000000000000000000000000000000000017fff8000000000000000000
EQV 5462 0000000000000000000000000000000000017fff8000000000000000000
EQV 5463 0000000000000000000000000000000000017fff8000000000000000000
EQV 5464 0000000000000000000000000000000000017fff8000000000000000000
EQV 5465 0000000000000000000000000000000000017fff8000000000000000000
EQV 5466 0000000000000000000000000000000000017fff8000000000000000000
EQV 5467 0000000000000000000000000000000000017fff8000000000000000000
EQV 5468 0000000000000000000000000000000000017fff8000000000000000000
EQV 5469 0000000000000000000000000000000000017fff8000000000000000000
EQV 5470 0000000000000000000000000000000000017fff8000000000000000000
EQV 5471 0000000000000000000000000000000000017fff8000000000000000000
EQV 5472 0000000000000000000000000000000000017fff8000000000000000000
EQV 5473 0000000000000000000000000000000000017fff8000000000000000000
EQV 5474 0000000000000000000000000000000000017fff8000000000000000000
EQV 5475 0000000000000000000000000000000000017fff8000000000000000000
EQV 5476 0000000000000000000000000000000000017fff8000000000000000000
EQV 5477 0000000000000000000000000000000000017fff8000000000000000000
EQV 5478 0000000000000000000000000000000000017fff8000000000000000000
EQV 5479 0000000000000000000000000000000000017fff8000000000000000000
EQV 5480 0000000000000000000000000000000000017fff8000000000000000000
EQV 5481 0000000000000000000000000000000000017fff8000000000000000000
EQV 5482 0000000000000000000000000000000000017fff8000000000000000000
EQV 5483 0000000000000000000000000000000000017fff8000000000000000000
EQV 5484 0000000000000000000000000000000000017fff8000000000000000000
EQV 5485 0000000000000000000000000000000000017fff8000000000000000000
EQV 5486 0000000000000000000000000000000000017fff8000000000000000000
EQV 5487 0000000000000000000000000000000000017fff8000000000000000000
EQV 5488 0000000000000000000000000000000000017fff8000000000000000000
EQV 5489 0000000000000000000000000000000000017fff8000000000000000000
EQV 5490 0000000000000000000000000000000000017fff8000000000000000000
EQV 5491 0000000000000000000000000000000000017fff8000000000000000000
EQV 5492 0000000000000000000000000000000000017fff8000000000000000000
EQV 5493 1000000000000000000000000000000000017fff8000000000000000000
EQV 5494 280000000000000000000000000000000001fffe972dfffcb0928000080
EQV 5495 280000000000000000000000000000000001fffe972dfffcb0928000080
EQV 5496 28000000000000000000000000000000000000000000000000000000000
EQV 5497 28000000000000000000000000000000000000000000000000000000000
EQV 5498 00000000000000000000000000000000000000000000000000000000000
EQV 5499 0000000000000000000000000000000000007fff8000000000000000040
EQV 5500 2800000000000000000000000000000000007fff8000000000000000040
EQV 5501 0000000000000000000000000000000000007fff8000000000000000040
EQV 5502 1000000000000000000000000000000000007fff8000000000000000040
EQV 5503 2800000000000000000000000000000000017fff8000000000000000000
EQV 5504 2800000000000000000000000000000000017fff8000000000000000000
EQV 5505 2800000000000000000000000000000000017fff8000000000000000000
EQV 5506 2800000000000000000000000000000000017fff8000000000000000000
EQV 5507 0000000000000000000000000000000000017fff8000000000000000000
EQV 5508 0000000000000000000000000000000000017fff8000000000000000000
EQV 5509 0000000000000000000000000000000000017fff8000000000000000000
EQV 5510 0000000000000000000000000000000000017fff8000000000000000000
EQV 5511 0000000000000000000000000000000000017fff8000000000000000000
EQV 5512 0000000000000000000000000000000000017fff8000000000000000000
EQV 5513 0000000000000000000000000000000000017fff8000000000000000000
EQV 5514 0000000000000000000000000000000000017fff8000000000000000000
EQV 5515 0000000000000000000000000000000000017fff8000000000000000000
EQV 5516 0000000000000000000000000000000000017fff8000000000000000000
EQV 5517 0000000000000000000000000000000000017fff8000000000000000000
EQV 5518 0000000000000000000000000000000000017fff8000000000000000000
EQV 5519 0000000000000000000000000000000000017fff8000000000000000000
EQV 5520 0000000000000000000000000000000000017fff8000000000000000000
EQV 5521 0000000000000000000000000000000000017fff8000000000000000000
EQV 5522 0000000000000000000000000000000000017fff8000000000000000000
EQV 5523 0000000000000000000000000000000000017fff8000000000000000000
EQV 5524 0000000000000000000000000000000000017fff8000000000000000000
EQV 5525 0000000000000000000000000000000000017fff8000000000000000000
EQV 5526 0000000000000000000000000000000000017fff8000000000000000000
EQV 5527 0000000000000000000000000000000000017fff8000000000000000000
EQV 5528 0000000000000000000000000000000000017fff8000000000000000000
EQV 5529 0000000000000000000000000000000000017fff8000000000000000000
EQV 5530 0000000000000000000000000000000000017fff8000000000000000000
EQV 5531 0000000000000000000000000000000000017fff8000000000000000000
EQV 5532 0000000000000000000000000000000000017fff8000000000000000000
EQV 5533 0000000000000000000000000000000000017fff8000000000000000000
EQV 5534 0000000000000000000000000000000000017fff8000000000000000000
EQV 5535 0000000000000000000000000000000000017fff8000000000000000000
EQV 5536 0000000000000000000000000000000000017fff8000000000000000000
EQV 5537 0000000000000000000000000000000000017fff8000000000000000000
EQV 5538 0000000000000000000000000000000000017fff8000000000000000000
EQV 5539 0000000000000000000000000000000000017fff8000000000000000000
EQV 5540 0000000000000000000000000000000000017fff8000000000000000000
EQV 5541 0000000000000000000000000000000000017fff8000000000000000000
EQV 5542 0000000000000000000000000000000000017fff8000000000000000000
EQV 5543 0000000000000000000000000000000000017fff8000000000000000000
EQV 5544 0000000000000000000000000000000000017fff8000000000000000000
EQV 5545 0000000000000000000000000000000000017fff8000000000000000000
EQV 5546 0000000000000000000000000000000000017fff8000000000000000000
EQV 5547 0000000000000000000000000000000000017fff8000000000000000000
EQV 5548 0000000000000000000000000000000000017fff8000000000000000000
EQV 5549 0000000000000000000000000000000000017fff8000000000000000000
EQV 5550 0000000000000000000000000000000000017fff8000000000000000000
EQV 5551 0000000000000000000000000000000000017fff8000000000000000000
EQV 5552 0000000000000000000000000000000000017fff8000000000000000000
EQV 5553 0000000000000000000000000000000000017fff8000000000000000000
EQV 5554 0000000000000000000000000000000000017fff8000000000000000000
EQV 5555 0000000000000000000000000000000000017fff8000000000000000000
EQV 5556 0000000000000000000000000000000000017fff8000000000000000000
EQV 5557 0000000000000000000000000000000000017fff8000000000000000000
EQV 5558 1000000000000000000000000000000000017fff8000000000000000000
EQV 5559 280000000000000000000000000000000001ffff8f64ffffcadb8000080
EQV 5560 280000000000000000000000000000000001ffff8f64ffffcadb8000080
EQV 5561 28000000000000000000000000000000000000000000000000000000000
EQV 5562 28000000000000000000000000000000000000000000000000000000000
EQV 5563 00000000000000000000000000000000000000000000000000000000000
EQV 5564 0000000000000000000000000000000000007fff8000000000000000040
EQV 5565 2800000000000000000000000000000000007fff8000000000000000040
EQV 5566 0000000000000000000000000000000000007fff8000000000000000040
EQV 5567 1000000000000000000000000000000000007fff8000000000000000040
EQV 5568 2800000000000000000000000000000000017fff8000000000000000000
EQV 5569 2800000000000000000000000000000000017fff8000000000000000000
EQV 5570 2800000000000000000000000000000000017fff8000000000000000000
EQV 5571 2800000000000000000000000000000000017fff8000000000000000000
EQV 5572 0000000000000000000000000000000000017fff8000000000000000000
EQV 5573 0000000000000000000000000000000000017fff8000000000000000000
EQV 5574 0000000000000000000000000000000000017fff8000000000000000000
EQV 5575 0000000000000000000000000000000000017fff8000000000000000000
EQV 5576 0000000000000000000000000000000000017fff8000000000000000000
EQV 5577 0000000000000000000000000000000000017fff8000000000000000000
EQV 5578 0000000000000000000000000000000000017fff8000000000000000000
EQV 5579 0000000000000000000000000000000000017fff8000000000000000000
EQV 5580 0000000000000000000000000000000000017fff8000000000000000000
EQV 5581 0000000000000000000000000000000000017fff8000000000000000000
EQV 5582 0000000000000000000000000000000000017fff8000000000000000000
EQV 5583 0000000000000000000000000000000000017fff8000000000000000000
EQV 5584 0000000000000000000000000000000000017fff8000000000000000000
EQV 5585 0000000000000000000000000000000000017fff8000000000000000000
EQV 5586 0000000000000000000000000000000000017fff8000000000000000000
EQV 5587 0000000000000000000000000000000000017fff8000000000000000000
EQV 5588 0000000000000000000000000000000000017fff8000000000000000000
EQV 5589 0000000000000000000000000000000000017fff8000000000000000000
EQV 5590 0000000000000000000000000000000000017fff8000000000000000000
EQV 5591 0000000000000000000000000000000000017fff8000000000000000000
EQV 5592 0000000000000000000000000000000000017fff8000000000000000000
EQV 5593 0000000000000000000000000000000000017fff8000000000000000000
EQV 5594 0000000000000000000000000000000000017fff8000000000000000000
EQV 5595 0000000000000000000000000000000000017fff8000000000000000000
EQV 5596 0000000000000000000000000000000000017fff8000000000000000000
EQV 5597 0000000000000000000000000000000000017fff8000000000000000000
EQV 5598 0000000000000000000000000000000000017fff8000000000000000000
EQV 5599 0000000000000000000000000000000000017fff8000000000000000000
EQV 5600 0000000000000000000000000000000000017fff8000000000000000000
EQV 5601 0000000000000000000000000000000000017fff8000000000000000000
EQV 5602 0000000000000000000000000000000000017fff8000000000000000000
EQV 5603 0000000000000000000000000000000000017fff8000000000000000000
EQV 5604 0000000000000000000000000000000000017fff8000000000000000000
EQV 5605 0000000000000000000000000000000000017fff8000000000000000000
EQV 5606 0000000000000000000000000000000000017fff8000000000000000000
EQV 5607 0000000000000000000000000000000000017fff8000000000000000000
EQV 5608 0000000000000000000000000000000000017fff8000000000000000000
EQV 5609 0000000000000000000000000000000000017fff8000000000000000000
EQV 5610 0000000000000000000000000000000000017fff8000000000000000000
EQV 5611 0000000000000000000000000000000000017fff8000000000000000000
EQV 5612 0000000000000000000000000000000000017fff8000000000000000000
EQV 5613 0000000000000000000000000000000000017fff8000000000000000000
EQV 5614 0000000000000000000000000000000000017fff8000000000000000000
EQV 5615 0000000000000000000000000000000000017fff8000000000000000000
EQV 5616 0000000000000000000000000000000000017fff8000000000000000000
EQV 5617 0000000000000000000000000000000000017fff8000000000000000000
EQV 5618 0000000000000000000000000000000000017fff8000000000000000000
EQV 5619 0000000000000000000000000000000000017fff8000000000000000000
EQV 5620 0000000000000000000000000000000000017fff8000000000000000000
EQV 5621 0000000000000000000000000000000000017fff8000000000000000000
EQV 5622 0000000000000000000000000000000000017fff8000000000000000000
EQV 5623 1000000000000000000000000000000000017fff8000000000000000000
EQV 5624 280000000000000000000000000000000001fffe00007ff4ec4e80000a0
PASS  OPT-24
PASS OPTC-01
PASS OPTC-02
ALL BSL-01 THROUGH BSL-39, OPT-01 THROUGH OPT-24 AND OPTC-01 THROUGH OPTC-02 PASS count=65
$finish called at time : 58720 ns : File "D:/PPG/runs_7a8eabf/unit/rtl/ppg_dynamic_baseline_cross_detector/tb_ppg_dynamic_baseline_cross_detector.v" Line 1382
exit
INFO: [Common 17-206] Exiting xsim at Fri Oct  9 15:46:31 2026...
