point_id	mode	event	slot	frame	tick	sf	lt	param	extra
SEARCH_STOP_sf0_lt0	SEARCH	STOP	ANY	0	0	0	0	20	
SEARCH_STOP_sf0_lt1	SEARCH	STOP	ANY	0	1	0	1	20	
SEARCH_STOP_sf0_lt2	SEARCH	STOP	ANY	0	2	0	2	20	
SEARCH_STOP_sf0_lt25	SEARCH	STOP	ANY	0	25	0	25	20	
SEARCH_STOP_sf0_lt50	SEARCH	STOP	ANY	0	50	0	50	20	
SEARCH_STOP_sf0_lt75	SEARCH	STOP	ANY	0	75	0	75	20	
SEARCH_STOP_sf0_lt100	SEARCH	STOP	ANY	0	100	0	100	20	
SEARCH_STOP_sf0_lt125	SEARCH	STOP	ANY	0	125	0	125	20	
SEARCH_STOP_sf0_lt150	SEARCH	STOP	ANY	0	150	0	150	20	
SEARCH_STOP_sf0_lt175	SEARCH	STOP	ANY	0	175	0	175	20	
SEARCH_STOP_sf0_lt200	SEARCH	STOP	ANY	0	200	0	200	20	
SEARCH_STOP_sf0_lt225	SEARCH	STOP	ANY	0	225	0	225	20	
SEARCH_STOP_sf0_lt248	SEARCH	STOP	ANY	0	248	0	248	20	
SEARCH_STOP_sf0_lt249	SEARCH	STOP	ANY	0	249	0	249	20	
SEARCH_STOP_sf0_lt250	SEARCH	STOP	ANY	0	250	0	250	20	
SEARCH_STOP_sf0_lt275	SEARCH	STOP	ANY	0	275	0	275	20	
SEARCH_STOP_sf0_lt300	SEARCH	STOP	ANY	0	300	0	300	20	
SEARCH_STOP_sf0_lt325	SEARCH	STOP	ANY	0	325	0	325	20	
SEARCH_STOP_sf0_lt350	SEARCH	STOP	ANY	0	350	0	350	20	
SEARCH_STOP_sf0_lt375	SEARCH	STOP	ANY	0	375	0	375	20	
SEARCH_STOP_sf0_lt385	SEARCH	STOP	ANY	0	385	0	385	20	
SEARCH_STOP_sf0_lt400	SEARCH	STOP	ANY	0	400	0	400	20	
SEARCH_STOP_sf0_lt425	SEARCH	STOP	ANY	0	425	0	425	20	
SEARCH_STOP_sf0_lt450	SEARCH	STOP	ANY	0	450	0	450	20	
SEARCH_STOP_sf0_lt475	SEARCH	STOP	ANY	0	475	0	475	20	
SEARCH_STOP_sf0_lt500	SEARCH	STOP	ANY	0	500	0	500	20	
SEARCH_STOP_sf0_lt525	SEARCH	STOP	ANY	0	525	0	525	20	
SEARCH_STOP_sf0_lt550	SEARCH	STOP	ANY	0	550	0	550	20	
SEARCH_STOP_sf0_lt575	SEARCH	STOP	ANY	0	575	0	575	20	
SEARCH_STOP_sf0_lt600	SEARCH	STOP	ANY	0	600	0	600	20	
SEARCH_STOP_sf1_lt0	SEARCH	STOP	ANY	0	625	1	0	20	
SEARCH_STOP_sf1_lt1	SEARCH	STOP	ANY	0	626	1	1	20	
SEARCH_STOP_sf1_lt2	SEARCH	STOP	ANY	0	627	1	2	20	
SEARCH_STOP_sf1_lt25	SEARCH	STOP	ANY	0	650	1	25	20	
SEARCH_STOP_sf1_lt50	SEARCH	STOP	ANY	0	675	1	50	20	
SEARCH_STOP_sf1_lt75	SEARCH	STOP	ANY	0	700	1	75	20	
SEARCH_STOP_sf1_lt100	SEARCH	STOP	ANY	0	725	1	100	20	
SEARCH_STOP_sf1_lt125	SEARCH	STOP	ANY	0	750	1	125	20	
SEARCH_STOP_sf1_lt150	SEARCH	STOP	ANY	0	775	1	150	20	
SEARCH_STOP_sf1_lt175	SEARCH	STOP	ANY	0	800	1	175	20	
SEARCH_STOP_sf1_lt200	SEARCH	STOP	ANY	0	825	1	200	20	
SEARCH_STOP_sf1_lt225	SEARCH	STOP	ANY	0	850	1	225	20	
SEARCH_STOP_sf1_lt248	SEARCH	STOP	ANY	0	873	1	248	20	
SEARCH_STOP_sf1_lt249	SEARCH	STOP	ANY	0	874	1	249	20	
SEARCH_STOP_sf1_lt250	SEARCH	STOP	ANY	0	875	1	250	20	
SEARCH_STOP_sf1_lt275	SEARCH	STOP	ANY	0	900	1	275	20	
SEARCH_STOP_sf1_lt300	SEARCH	STOP	ANY	0	925	1	300	20	
SEARCH_STOP_sf1_lt325	SEARCH	STOP	ANY	0	950	1	325	20	
SEARCH_STOP_sf1_lt350	SEARCH	STOP	ANY	0	975	1	350	20	
SEARCH_STOP_sf1_lt375	SEARCH	STOP	ANY	0	1000	1	375	20	
SEARCH_STOP_sf1_lt385	SEARCH	STOP	ANY	0	1010	1	385	20	
SEARCH_STOP_sf1_lt400	SEARCH	STOP	ANY	0	1025	1	400	20	
SEARCH_STOP_sf1_lt425	SEARCH	STOP	ANY	0	1050	1	425	20	
SEARCH_STOP_sf1_lt450	SEARCH	STOP	ANY	0	1075	1	450	20	
SEARCH_STOP_sf1_lt475	SEARCH	STOP	ANY	0	1100	1	475	20	
SEARCH_STOP_sf1_lt500	SEARCH	STOP	ANY	0	1125	1	500	20	
SEARCH_STOP_sf1_lt525	SEARCH	STOP	ANY	0	1150	1	525	20	
SEARCH_STOP_sf1_lt550	SEARCH	STOP	ANY	0	1175	1	550	20	
SEARCH_STOP_sf1_lt575	SEARCH	STOP	ANY	0	1200	1	575	20	
SEARCH_STOP_sf1_lt600	SEARCH	STOP	ANY	0	1225	1	600	20	
SEARCH_STOP_sf2_lt0	SEARCH	STOP	ANY	0	1250	2	0	20	
SEARCH_STOP_sf2_lt1	SEARCH	STOP	ANY	0	1251	2	1	20	
SEARCH_STOP_sf2_lt2	SEARCH	STOP	ANY	0	1252	2	2	20	
SEARCH_STOP_sf2_lt25	SEARCH	STOP	ANY	0	1275	2	25	20	
SEARCH_STOP_sf2_lt50	SEARCH	STOP	ANY	0	1300	2	50	20	
SEARCH_STOP_sf2_lt75	SEARCH	STOP	ANY	0	1325	2	75	20	
SEARCH_STOP_sf2_lt100	SEARCH	STOP	ANY	0	1350	2	100	20	
SEARCH_STOP_sf2_lt125	SEARCH	STOP	ANY	0	1375	2	125	20	
SEARCH_STOP_sf2_lt150	SEARCH	STOP	ANY	0	1400	2	150	20	
SEARCH_STOP_sf2_lt175	SEARCH	STOP	ANY	0	1425	2	175	20	
SEARCH_STOP_sf2_lt200	SEARCH	STOP	ANY	0	1450	2	200	20	
SEARCH_STOP_sf2_lt225	SEARCH	STOP	ANY	0	1475	2	225	20	
SEARCH_STOP_sf2_lt248	SEARCH	STOP	ANY	0	1498	2	248	20	
SEARCH_STOP_sf2_lt249	SEARCH	STOP	ANY	0	1499	2	249	20	
SEARCH_STOP_sf2_lt250	SEARCH	STOP	ANY	0	1500	2	250	20	
SEARCH_STOP_sf2_lt275	SEARCH	STOP	ANY	0	1525	2	275	20	
SEARCH_STOP_sf2_lt300	SEARCH	STOP	ANY	0	1550	2	300	20	
SEARCH_STOP_sf2_lt325	SEARCH	STOP	ANY	0	1575	2	325	20	
SEARCH_STOP_sf2_lt350	SEARCH	STOP	ANY	0	1600	2	350	20	
SEARCH_STOP_sf2_lt375	SEARCH	STOP	ANY	0	1625	2	375	20	
SEARCH_STOP_sf2_lt385	SEARCH	STOP	ANY	0	1635	2	385	20	
SEARCH_STOP_sf2_lt400	SEARCH	STOP	ANY	0	1650	2	400	20	
SEARCH_STOP_sf2_lt425	SEARCH	STOP	ANY	0	1675	2	425	20	
SEARCH_STOP_sf2_lt450	SEARCH	STOP	ANY	0	1700	2	450	20	
SEARCH_STOP_sf2_lt475	SEARCH	STOP	ANY	0	1725	2	475	20	
SEARCH_STOP_sf2_lt500	SEARCH	STOP	ANY	0	1750	2	500	20	
SEARCH_STOP_sf2_lt525	SEARCH	STOP	ANY	0	1775	2	525	20	
SEARCH_STOP_sf2_lt550	SEARCH	STOP	ANY	0	1800	2	550	20	
SEARCH_STOP_sf2_lt575	SEARCH	STOP	ANY	0	1825	2	575	20	
SEARCH_STOP_sf2_lt600	SEARCH	STOP	ANY	0	1850	2	600	20	
SEARCH_STOP_sf3_lt0	SEARCH	STOP	ANY	0	1875	3	0	20	
SEARCH_STOP_sf3_lt1	SEARCH	STOP	ANY	0	1876	3	1	20	
SEARCH_STOP_sf3_lt2	SEARCH	STOP	ANY	0	1877	3	2	20	
SEARCH_STOP_sf3_lt25	SEARCH	STOP	ANY	0	1900	3	25	20	
SEARCH_STOP_sf3_lt50	SEARCH	STOP	ANY	0	1925	3	50	20	
SEARCH_STOP_sf3_lt75	SEARCH	STOP	ANY	0	1950	3	75	20	
SEARCH_STOP_sf3_lt100	SEARCH	STOP	ANY	0	1975	3	100	20	
SEARCH_STOP_sf3_lt125	SEARCH	STOP	ANY	0	2000	3	125	20	
SEARCH_STOP_sf3_lt150	SEARCH	STOP	ANY	0	2025	3	150	20	
SEARCH_STOP_sf3_lt175	SEARCH	STOP	ANY	0	2050	3	175	20	
SEARCH_STOP_sf3_lt200	SEARCH	STOP	ANY	0	2075	3	200	20	
SEARCH_STOP_sf3_lt225	SEARCH	STOP	ANY	0	2100	3	225	20	
SEARCH_STOP_sf3_lt248	SEARCH	STOP	ANY	0	2123	3	248	20	
SEARCH_STOP_sf3_lt249	SEARCH	STOP	ANY	0	2124	3	249	20	
SEARCH_STOP_sf3_lt250	SEARCH	STOP	ANY	0	2125	3	250	20	
SEARCH_STOP_sf3_lt275	SEARCH	STOP	ANY	0	2150	3	275	20	
SEARCH_STOP_sf3_lt300	SEARCH	STOP	ANY	0	2175	3	300	20	
SEARCH_STOP_sf3_lt325	SEARCH	STOP	ANY	0	2200	3	325	20	
SEARCH_STOP_sf3_lt350	SEARCH	STOP	ANY	0	2225	3	350	20	
SEARCH_STOP_sf3_lt375	SEARCH	STOP	ANY	0	2250	3	375	20	
SEARCH_STOP_sf3_lt385	SEARCH	STOP	ANY	0	2260	3	385	20	
SEARCH_STOP_sf3_lt400	SEARCH	STOP	ANY	0	2275	3	400	20	
SEARCH_STOP_sf3_lt425	SEARCH	STOP	ANY	0	2300	3	425	20	
SEARCH_STOP_sf3_lt450	SEARCH	STOP	ANY	0	2325	3	450	20	
SEARCH_STOP_sf3_lt475	SEARCH	STOP	ANY	0	2350	3	475	20	
SEARCH_STOP_sf3_lt500	SEARCH	STOP	ANY	0	2375	3	500	20	
SEARCH_STOP_sf3_lt525	SEARCH	STOP	ANY	0	2400	3	525	20	
SEARCH_STOP_sf3_lt550	SEARCH	STOP	ANY	0	2425	3	550	20	
SEARCH_STOP_sf3_lt575	SEARCH	STOP	ANY	0	2450	3	575	20	
SEARCH_STOP_sf3_lt600	SEARCH	STOP	ANY	0	2475	3	600	20	
SEARCH_STOP_sf4_lt0	SEARCH	STOP	ANY	0	2500	4	0	20	
SEARCH_STOP_sf4_lt1	SEARCH	STOP	ANY	0	2501	4	1	20	
SEARCH_STOP_sf4_lt2	SEARCH	STOP	ANY	0	2502	4	2	20	
SEARCH_STOP_sf4_lt25	SEARCH	STOP	ANY	0	2525	4	25	20	
SEARCH_STOP_sf4_lt50	SEARCH	STOP	ANY	0	2550	4	50	20	
SEARCH_STOP_sf4_lt75	SEARCH	STOP	ANY	0	2575	4	75	20	
SEARCH_STOP_sf4_lt100	SEARCH	STOP	ANY	0	2600	4	100	20	
SEARCH_STOP_sf4_lt125	SEARCH	STOP	ANY	0	2625	4	125	20	
SEARCH_STOP_sf4_lt150	SEARCH	STOP	ANY	0	2650	4	150	20	
SEARCH_STOP_sf4_lt175	SEARCH	STOP	ANY	0	2675	4	175	20	
SEARCH_STOP_sf4_lt200	SEARCH	STOP	ANY	0	2700	4	200	20	
SEARCH_STOP_sf4_lt225	SEARCH	STOP	ANY	0	2725	4	225	20	
SEARCH_STOP_sf4_lt248	SEARCH	STOP	ANY	0	2748	4	248	20	
SEARCH_STOP_sf4_lt249	SEARCH	STOP	ANY	0	2749	4	249	20	
SEARCH_STOP_sf4_lt250	SEARCH	STOP	ANY	0	2750	4	250	20	
SEARCH_STOP_sf4_lt275	SEARCH	STOP	ANY	0	2775	4	275	20	
SEARCH_STOP_sf4_lt300	SEARCH	STOP	ANY	0	2800	4	300	20	
SEARCH_STOP_sf4_lt325	SEARCH	STOP	ANY	0	2825	4	325	20	
SEARCH_STOP_sf4_lt350	SEARCH	STOP	ANY	0	2850	4	350	20	
SEARCH_STOP_sf4_lt375	SEARCH	STOP	ANY	0	2875	4	375	20	
SEARCH_STOP_sf4_lt385	SEARCH	STOP	ANY	0	2885	4	385	20	
SEARCH_STOP_sf4_lt400	SEARCH	STOP	ANY	0	2900	4	400	20	
SEARCH_STOP_sf4_lt425	SEARCH	STOP	ANY	0	2925	4	425	20	
SEARCH_STOP_sf4_lt450	SEARCH	STOP	ANY	0	2950	4	450	20	
SEARCH_STOP_sf4_lt475	SEARCH	STOP	ANY	0	2975	4	475	20	
SEARCH_STOP_sf4_lt500	SEARCH	STOP	ANY	0	3000	4	500	20	
SEARCH_STOP_sf4_lt525	SEARCH	STOP	ANY	0	3025	4	525	20	
SEARCH_STOP_sf4_lt550	SEARCH	STOP	ANY	0	3050	4	550	20	
SEARCH_STOP_sf4_lt575	SEARCH	STOP	ANY	0	3075	4	575	20	
SEARCH_STOP_sf4_lt600	SEARCH	STOP	ANY	0	3100	4	600	20	
SEARCH_STOP_sf5_lt0	SEARCH	STOP	ANY	0	3125	5	0	20	
SEARCH_STOP_sf5_lt1	SEARCH	STOP	ANY	0	3126	5	1	20	
SEARCH_STOP_sf5_lt2	SEARCH	STOP	ANY	0	3127	5	2	20	
SEARCH_STOP_sf5_lt25	SEARCH	STOP	ANY	0	3150	5	25	20	
SEARCH_STOP_sf5_lt50	SEARCH	STOP	ANY	0	3175	5	50	20	
SEARCH_STOP_sf5_lt75	SEARCH	STOP	ANY	0	3200	5	75	20	
SEARCH_STOP_sf5_lt100	SEARCH	STOP	ANY	0	3225	5	100	20	
SEARCH_STOP_sf5_lt125	SEARCH	STOP	ANY	0	3250	5	125	20	
SEARCH_STOP_sf5_lt150	SEARCH	STOP	ANY	0	3275	5	150	20	
SEARCH_STOP_sf5_lt175	SEARCH	STOP	ANY	0	3300	5	175	20	
SEARCH_STOP_sf5_lt200	SEARCH	STOP	ANY	0	3325	5	200	20	
SEARCH_STOP_sf5_lt225	SEARCH	STOP	ANY	0	3350	5	225	20	
SEARCH_STOP_sf5_lt248	SEARCH	STOP	ANY	0	3373	5	248	20	
SEARCH_STOP_sf5_lt249	SEARCH	STOP	ANY	0	3374	5	249	20	
SEARCH_STOP_sf5_lt250	SEARCH	STOP	ANY	0	3375	5	250	20	
SEARCH_STOP_sf5_lt275	SEARCH	STOP	ANY	0	3400	5	275	20	
SEARCH_STOP_sf5_lt300	SEARCH	STOP	ANY	0	3425	5	300	20	
SEARCH_STOP_sf5_lt325	SEARCH	STOP	ANY	0	3450	5	325	20	
SEARCH_STOP_sf5_lt350	SEARCH	STOP	ANY	0	3475	5	350	20	
SEARCH_STOP_sf5_lt375	SEARCH	STOP	ANY	0	3500	5	375	20	
SEARCH_STOP_sf5_lt385	SEARCH	STOP	ANY	0	3510	5	385	20	
SEARCH_STOP_sf5_lt400	SEARCH	STOP	ANY	0	3525	5	400	20	
SEARCH_STOP_sf5_lt425	SEARCH	STOP	ANY	0	3550	5	425	20	
SEARCH_STOP_sf5_lt450	SEARCH	STOP	ANY	0	3575	5	450	20	
SEARCH_STOP_sf5_lt475	SEARCH	STOP	ANY	0	3600	5	475	20	
SEARCH_STOP_sf5_lt500	SEARCH	STOP	ANY	0	3625	5	500	20	
SEARCH_STOP_sf5_lt525	SEARCH	STOP	ANY	0	3650	5	525	20	
SEARCH_STOP_sf5_lt550	SEARCH	STOP	ANY	0	3675	5	550	20	
SEARCH_STOP_sf5_lt575	SEARCH	STOP	ANY	0	3700	5	575	20	
SEARCH_STOP_sf5_lt600	SEARCH	STOP	ANY	0	3725	5	600	20	
SEARCH_STOP_sf6_lt0	SEARCH	STOP	ANY	0	3750	6	0	20	
SEARCH_STOP_sf6_lt1	SEARCH	STOP	ANY	0	3751	6	1	20	
SEARCH_STOP_sf6_lt2	SEARCH	STOP	ANY	0	3752	6	2	20	
SEARCH_STOP_sf6_lt25	SEARCH	STOP	ANY	0	3775	6	25	20	
SEARCH_STOP_sf6_lt50	SEARCH	STOP	ANY	0	3800	6	50	20	
SEARCH_STOP_sf6_lt75	SEARCH	STOP	ANY	0	3825	6	75	20	
SEARCH_STOP_sf6_lt100	SEARCH	STOP	ANY	0	3850	6	100	20	
SEARCH_STOP_sf6_lt125	SEARCH	STOP	ANY	0	3875	6	125	20	
SEARCH_STOP_sf6_lt150	SEARCH	STOP	ANY	0	3900	6	150	20	
SEARCH_STOP_sf6_lt175	SEARCH	STOP	ANY	0	3925	6	175	20	
SEARCH_STOP_sf6_lt200	SEARCH	STOP	ANY	0	3950	6	200	20	
SEARCH_STOP_sf6_lt225	SEARCH	STOP	ANY	0	3975	6	225	20	
SEARCH_STOP_sf6_lt248	SEARCH	STOP	ANY	0	3998	6	248	20	
SEARCH_STOP_sf6_lt249	SEARCH	STOP	ANY	0	3999	6	249	20	
SEARCH_STOP_sf6_lt250	SEARCH	STOP	ANY	0	4000	6	250	20	
SEARCH_STOP_sf6_lt275	SEARCH	STOP	ANY	0	4025	6	275	20	
SEARCH_STOP_sf6_lt300	SEARCH	STOP	ANY	0	4050	6	300	20	
SEARCH_STOP_sf6_lt325	SEARCH	STOP	ANY	0	4075	6	325	20	
SEARCH_STOP_sf6_lt350	SEARCH	STOP	ANY	0	4100	6	350	20	
SEARCH_STOP_sf6_lt375	SEARCH	STOP	ANY	0	4125	6	375	20	
SEARCH_STOP_sf6_lt385	SEARCH	STOP	ANY	0	4135	6	385	20	
SEARCH_STOP_sf6_lt400	SEARCH	STOP	ANY	0	4150	6	400	20	
SEARCH_STOP_sf6_lt425	SEARCH	STOP	ANY	0	4175	6	425	20	
SEARCH_STOP_sf6_lt450	SEARCH	STOP	ANY	0	4200	6	450	20	
SEARCH_STOP_sf6_lt475	SEARCH	STOP	ANY	0	4225	6	475	20	
SEARCH_STOP_sf6_lt500	SEARCH	STOP	ANY	0	4250	6	500	20	
SEARCH_STOP_sf6_lt525	SEARCH	STOP	ANY	0	4275	6	525	20	
SEARCH_STOP_sf6_lt550	SEARCH	STOP	ANY	0	4300	6	550	20	
SEARCH_STOP_sf6_lt575	SEARCH	STOP	ANY	0	4325	6	575	20	
SEARCH_STOP_sf6_lt600	SEARCH	STOP	ANY	0	4350	6	600	20	
SEARCH_STOP_sf7_lt0	SEARCH	STOP	ANY	0	4375	7	0	20	
SEARCH_STOP_sf7_lt1	SEARCH	STOP	ANY	0	4376	7	1	20	
SEARCH_STOP_sf7_lt2	SEARCH	STOP	ANY	0	4377	7	2	20	
SEARCH_STOP_sf7_lt25	SEARCH	STOP	ANY	0	4400	7	25	20	
SEARCH_STOP_sf7_lt50	SEARCH	STOP	ANY	0	4425	7	50	20	
SEARCH_STOP_sf7_lt75	SEARCH	STOP	ANY	0	4450	7	75	20	
SEARCH_STOP_sf7_lt100	SEARCH	STOP	ANY	0	4475	7	100	20	
SEARCH_STOP_sf7_lt125	SEARCH	STOP	ANY	0	4500	7	125	20	
SEARCH_STOP_sf7_lt150	SEARCH	STOP	ANY	0	4525	7	150	20	
SEARCH_STOP_sf7_lt175	SEARCH	STOP	ANY	0	4550	7	175	20	
SEARCH_STOP_sf7_lt200	SEARCH	STOP	ANY	0	4575	7	200	20	
SEARCH_STOP_sf7_lt225	SEARCH	STOP	ANY	0	4600	7	225	20	
SEARCH_STOP_sf7_lt248	SEARCH	STOP	ANY	0	4623	7	248	20	
SEARCH_STOP_sf7_lt249	SEARCH	STOP	ANY	0	4624	7	249	20	
SEARCH_STOP_sf7_lt250	SEARCH	STOP	ANY	0	4625	7	250	20	
SEARCH_STOP_sf7_lt275	SEARCH	STOP	ANY	0	4650	7	275	20	
SEARCH_STOP_sf7_lt300	SEARCH	STOP	ANY	0	4675	7	300	20	
SEARCH_STOP_sf7_lt325	SEARCH	STOP	ANY	0	4700	7	325	20	
SEARCH_STOP_sf7_lt350	SEARCH	STOP	ANY	0	4725	7	350	20	
SEARCH_STOP_sf7_lt375	SEARCH	STOP	ANY	0	4750	7	375	20	
SEARCH_STOP_sf7_lt385	SEARCH	STOP	ANY	0	4760	7	385	20	
SEARCH_STOP_sf7_lt400	SEARCH	STOP	ANY	0	4775	7	400	20	
SEARCH_STOP_sf7_lt425	SEARCH	STOP	ANY	0	4800	7	425	20	
SEARCH_STOP_sf7_lt450	SEARCH	STOP	ANY	0	4825	7	450	20	
SEARCH_STOP_sf7_lt475	SEARCH	STOP	ANY	0	4850	7	475	20	
SEARCH_STOP_sf7_lt500	SEARCH	STOP	ANY	0	4875	7	500	20	
SEARCH_STOP_sf7_lt525	SEARCH	STOP	ANY	0	4900	7	525	20	
SEARCH_STOP_sf7_lt550	SEARCH	STOP	ANY	0	4925	7	550	20	
SEARCH_STOP_sf7_lt575	SEARCH	STOP	ANY	0	4950	7	575	20	
SEARCH_STOP_sf7_lt600	SEARCH	STOP	ANY	0	4975	7	600	20	
SEARCH_ABORT_sf0_lt0	SEARCH	ABORT	ANY	0	0	0	0	20	
SEARCH_ABORT_sf0_lt1	SEARCH	ABORT	ANY	0	1	0	1	20	
SEARCH_ABORT_sf0_lt2	SEARCH	ABORT	ANY	0	2	0	2	20	
SEARCH_ABORT_sf0_lt25	SEARCH	ABORT	ANY	0	25	0	25	20	
SEARCH_ABORT_sf0_lt50	SEARCH	ABORT	ANY	0	50	0	50	20	
SEARCH_ABORT_sf0_lt75	SEARCH	ABORT	ANY	0	75	0	75	20	
SEARCH_ABORT_sf0_lt100	SEARCH	ABORT	ANY	0	100	0	100	20	
SEARCH_ABORT_sf0_lt125	SEARCH	ABORT	ANY	0	125	0	125	20	
SEARCH_ABORT_sf0_lt150	SEARCH	ABORT	ANY	0	150	0	150	20	
SEARCH_ABORT_sf0_lt175	SEARCH	ABORT	ANY	0	175	0	175	20	
SEARCH_ABORT_sf0_lt200	SEARCH	ABORT	ANY	0	200	0	200	20	
SEARCH_ABORT_sf0_lt225	SEARCH	ABORT	ANY	0	225	0	225	20	
SEARCH_ABORT_sf0_lt248	SEARCH	ABORT	ANY	0	248	0	248	20	
SEARCH_ABORT_sf0_lt249	SEARCH	ABORT	ANY	0	249	0	249	20	
SEARCH_ABORT_sf0_lt250	SEARCH	ABORT	ANY	0	250	0	250	20	
SEARCH_ABORT_sf0_lt275	SEARCH	ABORT	ANY	0	275	0	275	20	
SEARCH_ABORT_sf0_lt300	SEARCH	ABORT	ANY	0	300	0	300	20	
SEARCH_ABORT_sf0_lt325	SEARCH	ABORT	ANY	0	325	0	325	20	
SEARCH_ABORT_sf0_lt350	SEARCH	ABORT	ANY	0	350	0	350	20	
SEARCH_ABORT_sf0_lt375	SEARCH	ABORT	ANY	0	375	0	375	20	
SEARCH_ABORT_sf0_lt385	SEARCH	ABORT	ANY	0	385	0	385	20	
SEARCH_ABORT_sf0_lt400	SEARCH	ABORT	ANY	0	400	0	400	20	
SEARCH_ABORT_sf0_lt425	SEARCH	ABORT	ANY	0	425	0	425	20	
SEARCH_ABORT_sf0_lt450	SEARCH	ABORT	ANY	0	450	0	450	20	
SEARCH_ABORT_sf0_lt475	SEARCH	ABORT	ANY	0	475	0	475	20	
SEARCH_ABORT_sf0_lt500	SEARCH	ABORT	ANY	0	500	0	500	20	
SEARCH_ABORT_sf0_lt525	SEARCH	ABORT	ANY	0	525	0	525	20	
SEARCH_ABORT_sf0_lt550	SEARCH	ABORT	ANY	0	550	0	550	20	
SEARCH_ABORT_sf0_lt575	SEARCH	ABORT	ANY	0	575	0	575	20	
SEARCH_ABORT_sf0_lt600	SEARCH	ABORT	ANY	0	600	0	600	20	
SEARCH_ABORT_sf1_lt0	SEARCH	ABORT	ANY	0	625	1	0	20	
SEARCH_ABORT_sf1_lt1	SEARCH	ABORT	ANY	0	626	1	1	20	
SEARCH_ABORT_sf1_lt2	SEARCH	ABORT	ANY	0	627	1	2	20	
SEARCH_ABORT_sf1_lt25	SEARCH	ABORT	ANY	0	650	1	25	20	
SEARCH_ABORT_sf1_lt50	SEARCH	ABORT	ANY	0	675	1	50	20	
SEARCH_ABORT_sf1_lt75	SEARCH	ABORT	ANY	0	700	1	75	20	
SEARCH_ABORT_sf1_lt100	SEARCH	ABORT	ANY	0	725	1	100	20	
SEARCH_ABORT_sf1_lt125	SEARCH	ABORT	ANY	0	750	1	125	20	
SEARCH_ABORT_sf1_lt150	SEARCH	ABORT	ANY	0	775	1	150	20	
SEARCH_ABORT_sf1_lt175	SEARCH	ABORT	ANY	0	800	1	175	20	
SEARCH_ABORT_sf1_lt200	SEARCH	ABORT	ANY	0	825	1	200	20	
SEARCH_ABORT_sf1_lt225	SEARCH	ABORT	ANY	0	850	1	225	20	
SEARCH_ABORT_sf1_lt248	SEARCH	ABORT	ANY	0	873	1	248	20	
SEARCH_ABORT_sf1_lt249	SEARCH	ABORT	ANY	0	874	1	249	20	
SEARCH_ABORT_sf1_lt250	SEARCH	ABORT	ANY	0	875	1	250	20	
SEARCH_ABORT_sf1_lt275	SEARCH	ABORT	ANY	0	900	1	275	20	
SEARCH_ABORT_sf1_lt300	SEARCH	ABORT	ANY	0	925	1	300	20	
SEARCH_ABORT_sf1_lt325	SEARCH	ABORT	ANY	0	950	1	325	20	
SEARCH_ABORT_sf1_lt350	SEARCH	ABORT	ANY	0	975	1	350	20	
SEARCH_ABORT_sf1_lt375	SEARCH	ABORT	ANY	0	1000	1	375	20	
SEARCH_ABORT_sf1_lt385	SEARCH	ABORT	ANY	0	1010	1	385	20	
SEARCH_ABORT_sf1_lt400	SEARCH	ABORT	ANY	0	1025	1	400	20	
SEARCH_ABORT_sf1_lt425	SEARCH	ABORT	ANY	0	1050	1	425	20	
SEARCH_ABORT_sf1_lt450	SEARCH	ABORT	ANY	0	1075	1	450	20	
SEARCH_ABORT_sf1_lt475	SEARCH	ABORT	ANY	0	1100	1	475	20	
SEARCH_ABORT_sf1_lt500	SEARCH	ABORT	ANY	0	1125	1	500	20	
SEARCH_ABORT_sf1_lt525	SEARCH	ABORT	ANY	0	1150	1	525	20	
SEARCH_ABORT_sf1_lt550	SEARCH	ABORT	ANY	0	1175	1	550	20	
SEARCH_ABORT_sf1_lt575	SEARCH	ABORT	ANY	0	1200	1	575	20	
SEARCH_ABORT_sf1_lt600	SEARCH	ABORT	ANY	0	1225	1	600	20	
SEARCH_ABORT_sf2_lt0	SEARCH	ABORT	ANY	0	1250	2	0	20	
SEARCH_ABORT_sf2_lt1	SEARCH	ABORT	ANY	0	1251	2	1	20	
SEARCH_ABORT_sf2_lt2	SEARCH	ABORT	ANY	0	1252	2	2	20	
SEARCH_ABORT_sf2_lt25	SEARCH	ABORT	ANY	0	1275	2	25	20	
SEARCH_ABORT_sf2_lt50	SEARCH	ABORT	ANY	0	1300	2	50	20	
SEARCH_ABORT_sf2_lt75	SEARCH	ABORT	ANY	0	1325	2	75	20	
SEARCH_ABORT_sf2_lt100	SEARCH	ABORT	ANY	0	1350	2	100	20	
SEARCH_ABORT_sf2_lt125	SEARCH	ABORT	ANY	0	1375	2	125	20	
SEARCH_ABORT_sf2_lt150	SEARCH	ABORT	ANY	0	1400	2	150	20	
SEARCH_ABORT_sf2_lt175	SEARCH	ABORT	ANY	0	1425	2	175	20	
SEARCH_ABORT_sf2_lt200	SEARCH	ABORT	ANY	0	1450	2	200	20	
SEARCH_ABORT_sf2_lt225	SEARCH	ABORT	ANY	0	1475	2	225	20	
SEARCH_ABORT_sf2_lt248	SEARCH	ABORT	ANY	0	1498	2	248	20	
SEARCH_ABORT_sf2_lt249	SEARCH	ABORT	ANY	0	1499	2	249	20	
SEARCH_ABORT_sf2_lt250	SEARCH	ABORT	ANY	0	1500	2	250	20	
SEARCH_ABORT_sf2_lt275	SEARCH	ABORT	ANY	0	1525	2	275	20	
SEARCH_ABORT_sf2_lt300	SEARCH	ABORT	ANY	0	1550	2	300	20	
SEARCH_ABORT_sf2_lt325	SEARCH	ABORT	ANY	0	1575	2	325	20	
SEARCH_ABORT_sf2_lt350	SEARCH	ABORT	ANY	0	1600	2	350	20	
SEARCH_ABORT_sf2_lt375	SEARCH	ABORT	ANY	0	1625	2	375	20	
SEARCH_ABORT_sf2_lt385	SEARCH	ABORT	ANY	0	1635	2	385	20	
SEARCH_ABORT_sf2_lt400	SEARCH	ABORT	ANY	0	1650	2	400	20	
SEARCH_ABORT_sf2_lt425	SEARCH	ABORT	ANY	0	1675	2	425	20	
SEARCH_ABORT_sf2_lt450	SEARCH	ABORT	ANY	0	1700	2	450	20	
SEARCH_ABORT_sf2_lt475	SEARCH	ABORT	ANY	0	1725	2	475	20	
SEARCH_ABORT_sf2_lt500	SEARCH	ABORT	ANY	0	1750	2	500	20	
SEARCH_ABORT_sf2_lt525	SEARCH	ABORT	ANY	0	1775	2	525	20	
SEARCH_ABORT_sf2_lt550	SEARCH	ABORT	ANY	0	1800	2	550	20	
SEARCH_ABORT_sf2_lt575	SEARCH	ABORT	ANY	0	1825	2	575	20	
SEARCH_ABORT_sf2_lt600	SEARCH	ABORT	ANY	0	1850	2	600	20	
SEARCH_ABORT_sf3_lt0	SEARCH	ABORT	ANY	0	1875	3	0	20	
SEARCH_ABORT_sf3_lt1	SEARCH	ABORT	ANY	0	1876	3	1	20	
SEARCH_ABORT_sf3_lt2	SEARCH	ABORT	ANY	0	1877	3	2	20	
SEARCH_ABORT_sf3_lt25	SEARCH	ABORT	ANY	0	1900	3	25	20	
SEARCH_ABORT_sf3_lt50	SEARCH	ABORT	ANY	0	1925	3	50	20	
SEARCH_ABORT_sf3_lt75	SEARCH	ABORT	ANY	0	1950	3	75	20	
SEARCH_ABORT_sf3_lt100	SEARCH	ABORT	ANY	0	1975	3	100	20	
SEARCH_ABORT_sf3_lt125	SEARCH	ABORT	ANY	0	2000	3	125	20	
SEARCH_ABORT_sf3_lt150	SEARCH	ABORT	ANY	0	2025	3	150	20	
SEARCH_ABORT_sf3_lt175	SEARCH	ABORT	ANY	0	2050	3	175	20	
SEARCH_ABORT_sf3_lt200	SEARCH	ABORT	ANY	0	2075	3	200	20	
SEARCH_ABORT_sf3_lt225	SEARCH	ABORT	ANY	0	2100	3	225	20	
SEARCH_ABORT_sf3_lt248	SEARCH	ABORT	ANY	0	2123	3	248	20	
SEARCH_ABORT_sf3_lt249	SEARCH	ABORT	ANY	0	2124	3	249	20	
SEARCH_ABORT_sf3_lt250	SEARCH	ABORT	ANY	0	2125	3	250	20	
SEARCH_ABORT_sf3_lt275	SEARCH	ABORT	ANY	0	2150	3	275	20	
SEARCH_ABORT_sf3_lt300	SEARCH	ABORT	ANY	0	2175	3	300	20	
SEARCH_ABORT_sf3_lt325	SEARCH	ABORT	ANY	0	2200	3	325	20	
SEARCH_ABORT_sf3_lt350	SEARCH	ABORT	ANY	0	2225	3	350	20	
SEARCH_ABORT_sf3_lt375	SEARCH	ABORT	ANY	0	2250	3	375	20	
SEARCH_ABORT_sf3_lt385	SEARCH	ABORT	ANY	0	2260	3	385	20	
SEARCH_ABORT_sf3_lt400	SEARCH	ABORT	ANY	0	2275	3	400	20	
SEARCH_ABORT_sf3_lt425	SEARCH	ABORT	ANY	0	2300	3	425	20	
SEARCH_ABORT_sf3_lt450	SEARCH	ABORT	ANY	0	2325	3	450	20	
SEARCH_ABORT_sf3_lt475	SEARCH	ABORT	ANY	0	2350	3	475	20	
SEARCH_ABORT_sf3_lt500	SEARCH	ABORT	ANY	0	2375	3	500	20	
SEARCH_ABORT_sf3_lt525	SEARCH	ABORT	ANY	0	2400	3	525	20	
SEARCH_ABORT_sf3_lt550	SEARCH	ABORT	ANY	0	2425	3	550	20	
SEARCH_ABORT_sf3_lt575	SEARCH	ABORT	ANY	0	2450	3	575	20	
SEARCH_ABORT_sf3_lt600	SEARCH	ABORT	ANY	0	2475	3	600	20	
SEARCH_ABORT_sf4_lt0	SEARCH	ABORT	ANY	0	2500	4	0	20	
SEARCH_ABORT_sf4_lt1	SEARCH	ABORT	ANY	0	2501	4	1	20	
SEARCH_ABORT_sf4_lt2	SEARCH	ABORT	ANY	0	2502	4	2	20	
SEARCH_ABORT_sf4_lt25	SEARCH	ABORT	ANY	0	2525	4	25	20	
SEARCH_ABORT_sf4_lt50	SEARCH	ABORT	ANY	0	2550	4	50	20	
SEARCH_ABORT_sf4_lt75	SEARCH	ABORT	ANY	0	2575	4	75	20	
SEARCH_ABORT_sf4_lt100	SEARCH	ABORT	ANY	0	2600	4	100	20	
SEARCH_ABORT_sf4_lt125	SEARCH	ABORT	ANY	0	2625	4	125	20	
SEARCH_ABORT_sf4_lt150	SEARCH	ABORT	ANY	0	2650	4	150	20	
SEARCH_ABORT_sf4_lt175	SEARCH	ABORT	ANY	0	2675	4	175	20	
SEARCH_ABORT_sf4_lt200	SEARCH	ABORT	ANY	0	2700	4	200	20	
SEARCH_ABORT_sf4_lt225	SEARCH	ABORT	ANY	0	2725	4	225	20	
SEARCH_ABORT_sf4_lt248	SEARCH	ABORT	ANY	0	2748	4	248	20	
SEARCH_ABORT_sf4_lt249	SEARCH	ABORT	ANY	0	2749	4	249	20	
SEARCH_ABORT_sf4_lt250	SEARCH	ABORT	ANY	0	2750	4	250	20	
SEARCH_ABORT_sf4_lt275	SEARCH	ABORT	ANY	0	2775	4	275	20	
SEARCH_ABORT_sf4_lt300	SEARCH	ABORT	ANY	0	2800	4	300	20	
SEARCH_ABORT_sf4_lt325	SEARCH	ABORT	ANY	0	2825	4	325	20	
SEARCH_ABORT_sf4_lt350	SEARCH	ABORT	ANY	0	2850	4	350	20	
SEARCH_ABORT_sf4_lt375	SEARCH	ABORT	ANY	0	2875	4	375	20	
SEARCH_ABORT_sf4_lt385	SEARCH	ABORT	ANY	0	2885	4	385	20	
SEARCH_ABORT_sf4_lt400	SEARCH	ABORT	ANY	0	2900	4	400	20	
SEARCH_ABORT_sf4_lt425	SEARCH	ABORT	ANY	0	2925	4	425	20	
SEARCH_ABORT_sf4_lt450	SEARCH	ABORT	ANY	0	2950	4	450	20	
SEARCH_ABORT_sf4_lt475	SEARCH	ABORT	ANY	0	2975	4	475	20	
SEARCH_ABORT_sf4_lt500	SEARCH	ABORT	ANY	0	3000	4	500	20	
SEARCH_ABORT_sf4_lt525	SEARCH	ABORT	ANY	0	3025	4	525	20	
SEARCH_ABORT_sf4_lt550	SEARCH	ABORT	ANY	0	3050	4	550	20	
SEARCH_ABORT_sf4_lt575	SEARCH	ABORT	ANY	0	3075	4	575	20	
SEARCH_ABORT_sf4_lt600	SEARCH	ABORT	ANY	0	3100	4	600	20	
SEARCH_ABORT_sf5_lt0	SEARCH	ABORT	ANY	0	3125	5	0	20	
SEARCH_ABORT_sf5_lt1	SEARCH	ABORT	ANY	0	3126	5	1	20	
SEARCH_ABORT_sf5_lt2	SEARCH	ABORT	ANY	0	3127	5	2	20	
SEARCH_ABORT_sf5_lt25	SEARCH	ABORT	ANY	0	3150	5	25	20	
SEARCH_ABORT_sf5_lt50	SEARCH	ABORT	ANY	0	3175	5	50	20	
SEARCH_ABORT_sf5_lt75	SEARCH	ABORT	ANY	0	3200	5	75	20	
SEARCH_ABORT_sf5_lt100	SEARCH	ABORT	ANY	0	3225	5	100	20	
SEARCH_ABORT_sf5_lt125	SEARCH	ABORT	ANY	0	3250	5	125	20	
SEARCH_ABORT_sf5_lt150	SEARCH	ABORT	ANY	0	3275	5	150	20	
SEARCH_ABORT_sf5_lt175	SEARCH	ABORT	ANY	0	3300	5	175	20	
SEARCH_ABORT_sf5_lt200	SEARCH	ABORT	ANY	0	3325	5	200	20	
SEARCH_ABORT_sf5_lt225	SEARCH	ABORT	ANY	0	3350	5	225	20	
SEARCH_ABORT_sf5_lt248	SEARCH	ABORT	ANY	0	3373	5	248	20	
SEARCH_ABORT_sf5_lt249	SEARCH	ABORT	ANY	0	3374	5	249	20	
SEARCH_ABORT_sf5_lt250	SEARCH	ABORT	ANY	0	3375	5	250	20	
SEARCH_ABORT_sf5_lt275	SEARCH	ABORT	ANY	0	3400	5	275	20	
SEARCH_ABORT_sf5_lt300	SEARCH	ABORT	ANY	0	3425	5	300	20	
SEARCH_ABORT_sf5_lt325	SEARCH	ABORT	ANY	0	3450	5	325	20	
SEARCH_ABORT_sf5_lt350	SEARCH	ABORT	ANY	0	3475	5	350	20	
SEARCH_ABORT_sf5_lt375	SEARCH	ABORT	ANY	0	3500	5	375	20	
SEARCH_ABORT_sf5_lt385	SEARCH	ABORT	ANY	0	3510	5	385	20	
SEARCH_ABORT_sf5_lt400	SEARCH	ABORT	ANY	0	3525	5	400	20	
SEARCH_ABORT_sf5_lt425	SEARCH	ABORT	ANY	0	3550	5	425	20	
SEARCH_ABORT_sf5_lt450	SEARCH	ABORT	ANY	0	3575	5	450	20	
SEARCH_ABORT_sf5_lt475	SEARCH	ABORT	ANY	0	3600	5	475	20	
SEARCH_ABORT_sf5_lt500	SEARCH	ABORT	ANY	0	3625	5	500	20	
SEARCH_ABORT_sf5_lt525	SEARCH	ABORT	ANY	0	3650	5	525	20	
SEARCH_ABORT_sf5_lt550	SEARCH	ABORT	ANY	0	3675	5	550	20	
SEARCH_ABORT_sf5_lt575	SEARCH	ABORT	ANY	0	3700	5	575	20	
SEARCH_ABORT_sf5_lt600	SEARCH	ABORT	ANY	0	3725	5	600	20	
SEARCH_ABORT_sf6_lt0	SEARCH	ABORT	ANY	0	3750	6	0	20	
SEARCH_ABORT_sf6_lt1	SEARCH	ABORT	ANY	0	3751	6	1	20	
SEARCH_ABORT_sf6_lt2	SEARCH	ABORT	ANY	0	3752	6	2	20	
SEARCH_ABORT_sf6_lt25	SEARCH	ABORT	ANY	0	3775	6	25	20	
SEARCH_ABORT_sf6_lt50	SEARCH	ABORT	ANY	0	3800	6	50	20	
SEARCH_ABORT_sf6_lt75	SEARCH	ABORT	ANY	0	3825	6	75	20	
SEARCH_ABORT_sf6_lt100	SEARCH	ABORT	ANY	0	3850	6	100	20	
SEARCH_ABORT_sf6_lt125	SEARCH	ABORT	ANY	0	3875	6	125	20	
SEARCH_ABORT_sf6_lt150	SEARCH	ABORT	ANY	0	3900	6	150	20	
SEARCH_ABORT_sf6_lt175	SEARCH	ABORT	ANY	0	3925	6	175	20	
SEARCH_ABORT_sf6_lt200	SEARCH	ABORT	ANY	0	3950	6	200	20	
SEARCH_ABORT_sf6_lt225	SEARCH	ABORT	ANY	0	3975	6	225	20	
SEARCH_ABORT_sf6_lt248	SEARCH	ABORT	ANY	0	3998	6	248	20	
SEARCH_ABORT_sf6_lt249	SEARCH	ABORT	ANY	0	3999	6	249	20	
SEARCH_ABORT_sf6_lt250	SEARCH	ABORT	ANY	0	4000	6	250	20	
SEARCH_ABORT_sf6_lt275	SEARCH	ABORT	ANY	0	4025	6	275	20	
SEARCH_ABORT_sf6_lt300	SEARCH	ABORT	ANY	0	4050	6	300	20	
SEARCH_ABORT_sf6_lt325	SEARCH	ABORT	ANY	0	4075	6	325	20	
SEARCH_ABORT_sf6_lt350	SEARCH	ABORT	ANY	0	4100	6	350	20	
SEARCH_ABORT_sf6_lt375	SEARCH	ABORT	ANY	0	4125	6	375	20	
SEARCH_ABORT_sf6_lt385	SEARCH	ABORT	ANY	0	4135	6	385	20	
SEARCH_ABORT_sf6_lt400	SEARCH	ABORT	ANY	0	4150	6	400	20	
SEARCH_ABORT_sf6_lt425	SEARCH	ABORT	ANY	0	4175	6	425	20	
SEARCH_ABORT_sf6_lt450	SEARCH	ABORT	ANY	0	4200	6	450	20	
SEARCH_ABORT_sf6_lt475	SEARCH	ABORT	ANY	0	4225	6	475	20	
SEARCH_ABORT_sf6_lt500	SEARCH	ABORT	ANY	0	4250	6	500	20	
SEARCH_ABORT_sf6_lt525	SEARCH	ABORT	ANY	0	4275	6	525	20	
SEARCH_ABORT_sf6_lt550	SEARCH	ABORT	ANY	0	4300	6	550	20	
SEARCH_ABORT_sf6_lt575	SEARCH	ABORT	ANY	0	4325	6	575	20	
SEARCH_ABORT_sf6_lt600	SEARCH	ABORT	ANY	0	4350	6	600	20	
SEARCH_ABORT_sf7_lt0	SEARCH	ABORT	ANY	0	4375	7	0	20	
SEARCH_ABORT_sf7_lt1	SEARCH	ABORT	ANY	0	4376	7	1	20	
SEARCH_ABORT_sf7_lt2	SEARCH	ABORT	ANY	0	4377	7	2	20	
SEARCH_ABORT_sf7_lt25	SEARCH	ABORT	ANY	0	4400	7	25	20	
SEARCH_ABORT_sf7_lt50	SEARCH	ABORT	ANY	0	4425	7	50	20	
SEARCH_ABORT_sf7_lt75	SEARCH	ABORT	ANY	0	4450	7	75	20	
SEARCH_ABORT_sf7_lt100	SEARCH	ABORT	ANY	0	4475	7	100	20	
SEARCH_ABORT_sf7_lt125	SEARCH	ABORT	ANY	0	4500	7	125	20	
SEARCH_ABORT_sf7_lt150	SEARCH	ABORT	ANY	0	4525	7	150	20	
SEARCH_ABORT_sf7_lt175	SEARCH	ABORT	ANY	0	4550	7	175	20	
SEARCH_ABORT_sf7_lt200	SEARCH	ABORT	ANY	0	4575	7	200	20	
SEARCH_ABORT_sf7_lt225	SEARCH	ABORT	ANY	0	4600	7	225	20	
SEARCH_ABORT_sf7_lt248	SEARCH	ABORT	ANY	0	4623	7	248	20	
SEARCH_ABORT_sf7_lt249	SEARCH	ABORT	ANY	0	4624	7	249	20	
SEARCH_ABORT_sf7_lt250	SEARCH	ABORT	ANY	0	4625	7	250	20	
SEARCH_ABORT_sf7_lt275	SEARCH	ABORT	ANY	0	4650	7	275	20	
SEARCH_ABORT_sf7_lt300	SEARCH	ABORT	ANY	0	4675	7	300	20	
SEARCH_ABORT_sf7_lt325	SEARCH	ABORT	ANY	0	4700	7	325	20	
SEARCH_ABORT_sf7_lt350	SEARCH	ABORT	ANY	0	4725	7	350	20	
SEARCH_ABORT_sf7_lt375	SEARCH	ABORT	ANY	0	4750	7	375	20	
SEARCH_ABORT_sf7_lt385	SEARCH	ABORT	ANY	0	4760	7	385	20	
SEARCH_ABORT_sf7_lt400	SEARCH	ABORT	ANY	0	4775	7	400	20	
SEARCH_ABORT_sf7_lt425	SEARCH	ABORT	ANY	0	4800	7	425	20	
SEARCH_ABORT_sf7_lt450	SEARCH	ABORT	ANY	0	4825	7	450	20	
SEARCH_ABORT_sf7_lt475	SEARCH	ABORT	ANY	0	4850	7	475	20	
SEARCH_ABORT_sf7_lt500	SEARCH	ABORT	ANY	0	4875	7	500	20	
SEARCH_ABORT_sf7_lt525	SEARCH	ABORT	ANY	0	4900	7	525	20	
SEARCH_ABORT_sf7_lt550	SEARCH	ABORT	ANY	0	4925	7	550	20	
SEARCH_ABORT_sf7_lt575	SEARCH	ABORT	ANY	0	4950	7	575	20	
SEARCH_ABORT_sf7_lt600	SEARCH	ABORT	ANY	0	4975	7	600	20	
SEARCH_LOST_sf0_lt0	SEARCH	LOST	ANY	0	0	0	0	20	
SEARCH_LOST_sf0_lt1	SEARCH	LOST	ANY	0	1	0	1	20	
SEARCH_LOST_sf0_lt2	SEARCH	LOST	ANY	0	2	0	2	20	
SEARCH_LOST_sf0_lt25	SEARCH	LOST	ANY	0	25	0	25	20	
SEARCH_LOST_sf0_lt50	SEARCH	LOST	ANY	0	50	0	50	20	
SEARCH_LOST_sf0_lt75	SEARCH	LOST	ANY	0	75	0	75	20	
SEARCH_LOST_sf0_lt100	SEARCH	LOST	ANY	0	100	0	100	20	
SEARCH_LOST_sf0_lt125	SEARCH	LOST	ANY	0	125	0	125	20	
SEARCH_LOST_sf0_lt150	SEARCH	LOST	ANY	0	150	0	150	20	
SEARCH_LOST_sf0_lt175	SEARCH	LOST	ANY	0	175	0	175	20	
SEARCH_LOST_sf0_lt200	SEARCH	LOST	ANY	0	200	0	200	20	
SEARCH_LOST_sf0_lt225	SEARCH	LOST	ANY	0	225	0	225	20	
SEARCH_LOST_sf0_lt248	SEARCH	LOST	ANY	0	248	0	248	20	
SEARCH_LOST_sf0_lt249	SEARCH	LOST	ANY	0	249	0	249	20	
SEARCH_LOST_sf0_lt250	SEARCH	LOST	ANY	0	250	0	250	20	
SEARCH_LOST_sf0_lt275	SEARCH	LOST	ANY	0	275	0	275	20	
SEARCH_LOST_sf0_lt300	SEARCH	LOST	ANY	0	300	0	300	20	
SEARCH_LOST_sf0_lt325	SEARCH	LOST	ANY	0	325	0	325	20	
SEARCH_LOST_sf0_lt350	SEARCH	LOST	ANY	0	350	0	350	20	
SEARCH_LOST_sf0_lt375	SEARCH	LOST	ANY	0	375	0	375	20	
SEARCH_LOST_sf0_lt385	SEARCH	LOST	ANY	0	385	0	385	20	
SEARCH_LOST_sf0_lt400	SEARCH	LOST	ANY	0	400	0	400	20	
SEARCH_LOST_sf0_lt425	SEARCH	LOST	ANY	0	425	0	425	20	
SEARCH_LOST_sf0_lt450	SEARCH	LOST	ANY	0	450	0	450	20	
SEARCH_LOST_sf0_lt475	SEARCH	LOST	ANY	0	475	0	475	20	
SEARCH_LOST_sf0_lt500	SEARCH	LOST	ANY	0	500	0	500	20	
SEARCH_LOST_sf0_lt525	SEARCH	LOST	ANY	0	525	0	525	20	
SEARCH_LOST_sf0_lt550	SEARCH	LOST	ANY	0	550	0	550	20	
SEARCH_LOST_sf0_lt575	SEARCH	LOST	ANY	0	575	0	575	20	
SEARCH_LOST_sf0_lt600	SEARCH	LOST	ANY	0	600	0	600	20	
SEARCH_LOST_sf1_lt0	SEARCH	LOST	ANY	0	625	1	0	20	
SEARCH_LOST_sf1_lt1	SEARCH	LOST	ANY	0	626	1	1	20	
SEARCH_LOST_sf1_lt2	SEARCH	LOST	ANY	0	627	1	2	20	
SEARCH_LOST_sf1_lt25	SEARCH	LOST	ANY	0	650	1	25	20	
SEARCH_LOST_sf1_lt50	SEARCH	LOST	ANY	0	675	1	50	20	
SEARCH_LOST_sf1_lt75	SEARCH	LOST	ANY	0	700	1	75	20	
SEARCH_LOST_sf1_lt100	SEARCH	LOST	ANY	0	725	1	100	20	
SEARCH_LOST_sf1_lt125	SEARCH	LOST	ANY	0	750	1	125	20	
SEARCH_LOST_sf1_lt150	SEARCH	LOST	ANY	0	775	1	150	20	
SEARCH_LOST_sf1_lt175	SEARCH	LOST	ANY	0	800	1	175	20	
SEARCH_LOST_sf1_lt200	SEARCH	LOST	ANY	0	825	1	200	20	
SEARCH_LOST_sf1_lt225	SEARCH	LOST	ANY	0	850	1	225	20	
SEARCH_LOST_sf1_lt248	SEARCH	LOST	ANY	0	873	1	248	20	
SEARCH_LOST_sf1_lt249	SEARCH	LOST	ANY	0	874	1	249	20	
SEARCH_LOST_sf1_lt250	SEARCH	LOST	ANY	0	875	1	250	20	
SEARCH_LOST_sf1_lt275	SEARCH	LOST	ANY	0	900	1	275	20	
SEARCH_LOST_sf1_lt300	SEARCH	LOST	ANY	0	925	1	300	20	
SEARCH_LOST_sf1_lt325	SEARCH	LOST	ANY	0	950	1	325	20	
SEARCH_LOST_sf1_lt350	SEARCH	LOST	ANY	0	975	1	350	20	
SEARCH_LOST_sf1_lt375	SEARCH	LOST	ANY	0	1000	1	375	20	
SEARCH_LOST_sf1_lt385	SEARCH	LOST	ANY	0	1010	1	385	20	
SEARCH_LOST_sf1_lt400	SEARCH	LOST	ANY	0	1025	1	400	20	
SEARCH_LOST_sf1_lt425	SEARCH	LOST	ANY	0	1050	1	425	20	
SEARCH_LOST_sf1_lt450	SEARCH	LOST	ANY	0	1075	1	450	20	
SEARCH_LOST_sf1_lt475	SEARCH	LOST	ANY	0	1100	1	475	20	
SEARCH_LOST_sf1_lt500	SEARCH	LOST	ANY	0	1125	1	500	20	
SEARCH_LOST_sf1_lt525	SEARCH	LOST	ANY	0	1150	1	525	20	
SEARCH_LOST_sf1_lt550	SEARCH	LOST	ANY	0	1175	1	550	20	
SEARCH_LOST_sf1_lt575	SEARCH	LOST	ANY	0	1200	1	575	20	
SEARCH_LOST_sf1_lt600	SEARCH	LOST	ANY	0	1225	1	600	20	
SEARCH_LOST_sf2_lt0	SEARCH	LOST	ANY	0	1250	2	0	20	
SEARCH_LOST_sf2_lt1	SEARCH	LOST	ANY	0	1251	2	1	20	
SEARCH_LOST_sf2_lt2	SEARCH	LOST	ANY	0	1252	2	2	20	
SEARCH_LOST_sf2_lt25	SEARCH	LOST	ANY	0	1275	2	25	20	
SEARCH_LOST_sf2_lt50	SEARCH	LOST	ANY	0	1300	2	50	20	
SEARCH_LOST_sf2_lt75	SEARCH	LOST	ANY	0	1325	2	75	20	
SEARCH_LOST_sf2_lt100	SEARCH	LOST	ANY	0	1350	2	100	20	
SEARCH_LOST_sf2_lt125	SEARCH	LOST	ANY	0	1375	2	125	20	
SEARCH_LOST_sf2_lt150	SEARCH	LOST	ANY	0	1400	2	150	20	
SEARCH_LOST_sf2_lt175	SEARCH	LOST	ANY	0	1425	2	175	20	
SEARCH_LOST_sf2_lt200	SEARCH	LOST	ANY	0	1450	2	200	20	
SEARCH_LOST_sf2_lt225	SEARCH	LOST	ANY	0	1475	2	225	20	
SEARCH_LOST_sf2_lt248	SEARCH	LOST	ANY	0	1498	2	248	20	
SEARCH_LOST_sf2_lt249	SEARCH	LOST	ANY	0	1499	2	249	20	
SEARCH_LOST_sf2_lt250	SEARCH	LOST	ANY	0	1500	2	250	20	
SEARCH_LOST_sf2_lt275	SEARCH	LOST	ANY	0	1525	2	275	20	
SEARCH_LOST_sf2_lt300	SEARCH	LOST	ANY	0	1550	2	300	20	
SEARCH_LOST_sf2_lt325	SEARCH	LOST	ANY	0	1575	2	325	20	
SEARCH_LOST_sf2_lt350	SEARCH	LOST	ANY	0	1600	2	350	20	
SEARCH_LOST_sf2_lt375	SEARCH	LOST	ANY	0	1625	2	375	20	
SEARCH_LOST_sf2_lt385	SEARCH	LOST	ANY	0	1635	2	385	20	
SEARCH_LOST_sf2_lt400	SEARCH	LOST	ANY	0	1650	2	400	20	
SEARCH_LOST_sf2_lt425	SEARCH	LOST	ANY	0	1675	2	425	20	
SEARCH_LOST_sf2_lt450	SEARCH	LOST	ANY	0	1700	2	450	20	
SEARCH_LOST_sf2_lt475	SEARCH	LOST	ANY	0	1725	2	475	20	
SEARCH_LOST_sf2_lt500	SEARCH	LOST	ANY	0	1750	2	500	20	
SEARCH_LOST_sf2_lt525	SEARCH	LOST	ANY	0	1775	2	525	20	
SEARCH_LOST_sf2_lt550	SEARCH	LOST	ANY	0	1800	2	550	20	
SEARCH_LOST_sf2_lt575	SEARCH	LOST	ANY	0	1825	2	575	20	
SEARCH_LOST_sf2_lt600	SEARCH	LOST	ANY	0	1850	2	600	20	
SEARCH_LOST_sf3_lt0	SEARCH	LOST	ANY	0	1875	3	0	20	
SEARCH_LOST_sf3_lt1	SEARCH	LOST	ANY	0	1876	3	1	20	
SEARCH_LOST_sf3_lt2	SEARCH	LOST	ANY	0	1877	3	2	20	
SEARCH_LOST_sf3_lt25	SEARCH	LOST	ANY	0	1900	3	25	20	
SEARCH_LOST_sf3_lt50	SEARCH	LOST	ANY	0	1925	3	50	20	
SEARCH_LOST_sf3_lt75	SEARCH	LOST	ANY	0	1950	3	75	20	
SEARCH_LOST_sf3_lt100	SEARCH	LOST	ANY	0	1975	3	100	20	
SEARCH_LOST_sf3_lt125	SEARCH	LOST	ANY	0	2000	3	125	20	
SEARCH_LOST_sf3_lt150	SEARCH	LOST	ANY	0	2025	3	150	20	
SEARCH_LOST_sf3_lt175	SEARCH	LOST	ANY	0	2050	3	175	20	
SEARCH_LOST_sf3_lt200	SEARCH	LOST	ANY	0	2075	3	200	20	
SEARCH_LOST_sf3_lt225	SEARCH	LOST	ANY	0	2100	3	225	20	
SEARCH_LOST_sf3_lt248	SEARCH	LOST	ANY	0	2123	3	248	20	
SEARCH_LOST_sf3_lt249	SEARCH	LOST	ANY	0	2124	3	249	20	
SEARCH_LOST_sf3_lt250	SEARCH	LOST	ANY	0	2125	3	250	20	
SEARCH_LOST_sf3_lt275	SEARCH	LOST	ANY	0	2150	3	275	20	
SEARCH_LOST_sf3_lt300	SEARCH	LOST	ANY	0	2175	3	300	20	
SEARCH_LOST_sf3_lt325	SEARCH	LOST	ANY	0	2200	3	325	20	
SEARCH_LOST_sf3_lt350	SEARCH	LOST	ANY	0	2225	3	350	20	
SEARCH_LOST_sf3_lt375	SEARCH	LOST	ANY	0	2250	3	375	20	
SEARCH_LOST_sf3_lt385	SEARCH	LOST	ANY	0	2260	3	385	20	
SEARCH_LOST_sf3_lt400	SEARCH	LOST	ANY	0	2275	3	400	20	
SEARCH_LOST_sf3_lt425	SEARCH	LOST	ANY	0	2300	3	425	20	
SEARCH_LOST_sf3_lt450	SEARCH	LOST	ANY	0	2325	3	450	20	
SEARCH_LOST_sf3_lt475	SEARCH	LOST	ANY	0	2350	3	475	20	
SEARCH_LOST_sf3_lt500	SEARCH	LOST	ANY	0	2375	3	500	20	
SEARCH_LOST_sf3_lt525	SEARCH	LOST	ANY	0	2400	3	525	20	
SEARCH_LOST_sf3_lt550	SEARCH	LOST	ANY	0	2425	3	550	20	
SEARCH_LOST_sf3_lt575	SEARCH	LOST	ANY	0	2450	3	575	20	
SEARCH_LOST_sf3_lt600	SEARCH	LOST	ANY	0	2475	3	600	20	
SEARCH_LOST_sf4_lt0	SEARCH	LOST	ANY	0	2500	4	0	20	
SEARCH_LOST_sf4_lt1	SEARCH	LOST	ANY	0	2501	4	1	20	
SEARCH_LOST_sf4_lt2	SEARCH	LOST	ANY	0	2502	4	2	20	
SEARCH_LOST_sf4_lt25	SEARCH	LOST	ANY	0	2525	4	25	20	
SEARCH_LOST_sf4_lt50	SEARCH	LOST	ANY	0	2550	4	50	20	
SEARCH_LOST_sf4_lt75	SEARCH	LOST	ANY	0	2575	4	75	20	
SEARCH_LOST_sf4_lt100	SEARCH	LOST	ANY	0	2600	4	100	20	
SEARCH_LOST_sf4_lt125	SEARCH	LOST	ANY	0	2625	4	125	20	
SEARCH_LOST_sf4_lt150	SEARCH	LOST	ANY	0	2650	4	150	20	
SEARCH_LOST_sf4_lt175	SEARCH	LOST	ANY	0	2675	4	175	20	
SEARCH_LOST_sf4_lt200	SEARCH	LOST	ANY	0	2700	4	200	20	
SEARCH_LOST_sf4_lt225	SEARCH	LOST	ANY	0	2725	4	225	20	
SEARCH_LOST_sf4_lt248	SEARCH	LOST	ANY	0	2748	4	248	20	
SEARCH_LOST_sf4_lt249	SEARCH	LOST	ANY	0	2749	4	249	20	
SEARCH_LOST_sf4_lt250	SEARCH	LOST	ANY	0	2750	4	250	20	
SEARCH_LOST_sf4_lt275	SEARCH	LOST	ANY	0	2775	4	275	20	
SEARCH_LOST_sf4_lt300	SEARCH	LOST	ANY	0	2800	4	300	20	
SEARCH_LOST_sf4_lt325	SEARCH	LOST	ANY	0	2825	4	325	20	
SEARCH_LOST_sf4_lt350	SEARCH	LOST	ANY	0	2850	4	350	20	
SEARCH_LOST_sf4_lt375	SEARCH	LOST	ANY	0	2875	4	375	20	
SEARCH_LOST_sf4_lt385	SEARCH	LOST	ANY	0	2885	4	385	20	
SEARCH_LOST_sf4_lt400	SEARCH	LOST	ANY	0	2900	4	400	20	
SEARCH_LOST_sf4_lt425	SEARCH	LOST	ANY	0	2925	4	425	20	
SEARCH_LOST_sf4_lt450	SEARCH	LOST	ANY	0	2950	4	450	20	
SEARCH_LOST_sf4_lt475	SEARCH	LOST	ANY	0	2975	4	475	20	
SEARCH_LOST_sf4_lt500	SEARCH	LOST	ANY	0	3000	4	500	20	
SEARCH_LOST_sf4_lt525	SEARCH	LOST	ANY	0	3025	4	525	20	
SEARCH_LOST_sf4_lt550	SEARCH	LOST	ANY	0	3050	4	550	20	
SEARCH_LOST_sf4_lt575	SEARCH	LOST	ANY	0	3075	4	575	20	
SEARCH_LOST_sf4_lt600	SEARCH	LOST	ANY	0	3100	4	600	20	
SEARCH_LOST_sf5_lt0	SEARCH	LOST	ANY	0	3125	5	0	20	
SEARCH_LOST_sf5_lt1	SEARCH	LOST	ANY	0	3126	5	1	20	
SEARCH_LOST_sf5_lt2	SEARCH	LOST	ANY	0	3127	5	2	20	
SEARCH_LOST_sf5_lt25	SEARCH	LOST	ANY	0	3150	5	25	20	
SEARCH_LOST_sf5_lt50	SEARCH	LOST	ANY	0	3175	5	50	20	
SEARCH_LOST_sf5_lt75	SEARCH	LOST	ANY	0	3200	5	75	20	
SEARCH_LOST_sf5_lt100	SEARCH	LOST	ANY	0	3225	5	100	20	
SEARCH_LOST_sf5_lt125	SEARCH	LOST	ANY	0	3250	5	125	20	
SEARCH_LOST_sf5_lt150	SEARCH	LOST	ANY	0	3275	5	150	20	
SEARCH_LOST_sf5_lt175	SEARCH	LOST	ANY	0	3300	5	175	20	
SEARCH_LOST_sf5_lt200	SEARCH	LOST	ANY	0	3325	5	200	20	
SEARCH_LOST_sf5_lt225	SEARCH	LOST	ANY	0	3350	5	225	20	
SEARCH_LOST_sf5_lt248	SEARCH	LOST	ANY	0	3373	5	248	20	
SEARCH_LOST_sf5_lt249	SEARCH	LOST	ANY	0	3374	5	249	20	
SEARCH_LOST_sf5_lt250	SEARCH	LOST	ANY	0	3375	5	250	20	
SEARCH_LOST_sf5_lt275	SEARCH	LOST	ANY	0	3400	5	275	20	
SEARCH_LOST_sf5_lt300	SEARCH	LOST	ANY	0	3425	5	300	20	
SEARCH_LOST_sf5_lt325	SEARCH	LOST	ANY	0	3450	5	325	20	
SEARCH_LOST_sf5_lt350	SEARCH	LOST	ANY	0	3475	5	350	20	
SEARCH_LOST_sf5_lt375	SEARCH	LOST	ANY	0	3500	5	375	20	
SEARCH_LOST_sf5_lt385	SEARCH	LOST	ANY	0	3510	5	385	20	
SEARCH_LOST_sf5_lt400	SEARCH	LOST	ANY	0	3525	5	400	20	
SEARCH_LOST_sf5_lt425	SEARCH	LOST	ANY	0	3550	5	425	20	
SEARCH_LOST_sf5_lt450	SEARCH	LOST	ANY	0	3575	5	450	20	
SEARCH_LOST_sf5_lt475	SEARCH	LOST	ANY	0	3600	5	475	20	
SEARCH_LOST_sf5_lt500	SEARCH	LOST	ANY	0	3625	5	500	20	
SEARCH_LOST_sf5_lt525	SEARCH	LOST	ANY	0	3650	5	525	20	
SEARCH_LOST_sf5_lt550	SEARCH	LOST	ANY	0	3675	5	550	20	
SEARCH_LOST_sf5_lt575	SEARCH	LOST	ANY	0	3700	5	575	20	
SEARCH_LOST_sf5_lt600	SEARCH	LOST	ANY	0	3725	5	600	20	
SEARCH_LOST_sf6_lt0	SEARCH	LOST	ANY	0	3750	6	0	20	
SEARCH_LOST_sf6_lt1	SEARCH	LOST	ANY	0	3751	6	1	20	
SEARCH_LOST_sf6_lt2	SEARCH	LOST	ANY	0	3752	6	2	20	
SEARCH_LOST_sf6_lt25	SEARCH	LOST	ANY	0	3775	6	25	20	
SEARCH_LOST_sf6_lt50	SEARCH	LOST	ANY	0	3800	6	50	20	
SEARCH_LOST_sf6_lt75	SEARCH	LOST	ANY	0	3825	6	75	20	
SEARCH_LOST_sf6_lt100	SEARCH	LOST	ANY	0	3850	6	100	20	
SEARCH_LOST_sf6_lt125	SEARCH	LOST	ANY	0	3875	6	125	20	
SEARCH_LOST_sf6_lt150	SEARCH	LOST	ANY	0	3900	6	150	20	
SEARCH_LOST_sf6_lt175	SEARCH	LOST	ANY	0	3925	6	175	20	
SEARCH_LOST_sf6_lt200	SEARCH	LOST	ANY	0	3950	6	200	20	
SEARCH_LOST_sf6_lt225	SEARCH	LOST	ANY	0	3975	6	225	20	
SEARCH_LOST_sf6_lt248	SEARCH	LOST	ANY	0	3998	6	248	20	
SEARCH_LOST_sf6_lt249	SEARCH	LOST	ANY	0	3999	6	249	20	
SEARCH_LOST_sf6_lt250	SEARCH	LOST	ANY	0	4000	6	250	20	
SEARCH_LOST_sf6_lt275	SEARCH	LOST	ANY	0	4025	6	275	20	
SEARCH_LOST_sf6_lt300	SEARCH	LOST	ANY	0	4050	6	300	20	
SEARCH_LOST_sf6_lt325	SEARCH	LOST	ANY	0	4075	6	325	20	
SEARCH_LOST_sf6_lt350	SEARCH	LOST	ANY	0	4100	6	350	20	
SEARCH_LOST_sf6_lt375	SEARCH	LOST	ANY	0	4125	6	375	20	
SEARCH_LOST_sf6_lt385	SEARCH	LOST	ANY	0	4135	6	385	20	
SEARCH_LOST_sf6_lt400	SEARCH	LOST	ANY	0	4150	6	400	20	
SEARCH_LOST_sf6_lt425	SEARCH	LOST	ANY	0	4175	6	425	20	
SEARCH_LOST_sf6_lt450	SEARCH	LOST	ANY	0	4200	6	450	20	
SEARCH_LOST_sf6_lt475	SEARCH	LOST	ANY	0	4225	6	475	20	
SEARCH_LOST_sf6_lt500	SEARCH	LOST	ANY	0	4250	6	500	20	
SEARCH_LOST_sf6_lt525	SEARCH	LOST	ANY	0	4275	6	525	20	
SEARCH_LOST_sf6_lt550	SEARCH	LOST	ANY	0	4300	6	550	20	
SEARCH_LOST_sf6_lt575	SEARCH	LOST	ANY	0	4325	6	575	20	
SEARCH_LOST_sf6_lt600	SEARCH	LOST	ANY	0	4350	6	600	20	
SEARCH_LOST_sf7_lt0	SEARCH	LOST	ANY	0	4375	7	0	20	
SEARCH_LOST_sf7_lt1	SEARCH	LOST	ANY	0	4376	7	1	20	
SEARCH_LOST_sf7_lt2	SEARCH	LOST	ANY	0	4377	7	2	20	
SEARCH_LOST_sf7_lt25	SEARCH	LOST	ANY	0	4400	7	25	20	
SEARCH_LOST_sf7_lt50	SEARCH	LOST	ANY	0	4425	7	50	20	
SEARCH_LOST_sf7_lt75	SEARCH	LOST	ANY	0	4450	7	75	20	
SEARCH_LOST_sf7_lt100	SEARCH	LOST	ANY	0	4475	7	100	20	
SEARCH_LOST_sf7_lt125	SEARCH	LOST	ANY	0	4500	7	125	20	
SEARCH_LOST_sf7_lt150	SEARCH	LOST	ANY	0	4525	7	150	20	
SEARCH_LOST_sf7_lt175	SEARCH	LOST	ANY	0	4550	7	175	20	
SEARCH_LOST_sf7_lt200	SEARCH	LOST	ANY	0	4575	7	200	20	
SEARCH_LOST_sf7_lt225	SEARCH	LOST	ANY	0	4600	7	225	20	
SEARCH_LOST_sf7_lt248	SEARCH	LOST	ANY	0	4623	7	248	20	
SEARCH_LOST_sf7_lt249	SEARCH	LOST	ANY	0	4624	7	249	20	
SEARCH_LOST_sf7_lt250	SEARCH	LOST	ANY	0	4625	7	250	20	
SEARCH_LOST_sf7_lt275	SEARCH	LOST	ANY	0	4650	7	275	20	
SEARCH_LOST_sf7_lt300	SEARCH	LOST	ANY	0	4675	7	300	20	
SEARCH_LOST_sf7_lt325	SEARCH	LOST	ANY	0	4700	7	325	20	
SEARCH_LOST_sf7_lt350	SEARCH	LOST	ANY	0	4725	7	350	20	
SEARCH_LOST_sf7_lt375	SEARCH	LOST	ANY	0	4750	7	375	20	
SEARCH_LOST_sf7_lt385	SEARCH	LOST	ANY	0	4760	7	385	20	
SEARCH_LOST_sf7_lt400	SEARCH	LOST	ANY	0	4775	7	400	20	
SEARCH_LOST_sf7_lt425	SEARCH	LOST	ANY	0	4800	7	425	20	
SEARCH_LOST_sf7_lt450	SEARCH	LOST	ANY	0	4825	7	450	20	
SEARCH_LOST_sf7_lt475	SEARCH	LOST	ANY	0	4850	7	475	20	
SEARCH_LOST_sf7_lt500	SEARCH	LOST	ANY	0	4875	7	500	20	
SEARCH_LOST_sf7_lt525	SEARCH	LOST	ANY	0	4900	7	525	20	
SEARCH_LOST_sf7_lt550	SEARCH	LOST	ANY	0	4925	7	550	20	
SEARCH_LOST_sf7_lt575	SEARCH	LOST	ANY	0	4950	7	575	20	
SEARCH_LOST_sf7_lt600	SEARCH	LOST	ANY	0	4975	7	600	20	
SEARCH_LATE_sf0_lt0	SEARCH	LATE	CAL	0	0	0	0	20	
SEARCH_LATE_sf0_lt1	SEARCH	LATE	CAL	0	1	0	1	20	
SEARCH_LATE_sf0_lt2	SEARCH	LATE	CAL	0	2	0	2	20	
SEARCH_LATE_sf0_lt25	SEARCH	LATE	CAL	0	25	0	25	20	
SEARCH_LATE_sf0_lt50	SEARCH	LATE	CAL	0	50	0	50	20	
SEARCH_LATE_sf0_lt75	SEARCH	LATE	CAL	0	75	0	75	20	
SEARCH_LATE_sf0_lt100	SEARCH	LATE	CAL	0	100	0	100	20	
SEARCH_LATE_sf0_lt125	SEARCH	LATE	CAL	0	125	0	125	20	
SEARCH_LATE_sf0_lt150	SEARCH	LATE	CAL	0	150	0	150	20	
SEARCH_LATE_sf0_lt175	SEARCH	LATE	CAL	0	175	0	175	20	
SEARCH_LATE_sf0_lt200	SEARCH	LATE	CAL	0	200	0	200	20	
SEARCH_LATE_sf0_lt225	SEARCH	LATE	CAL	0	225	0	225	20	
SEARCH_LATE_sf0_lt248	SEARCH	LATE	CAL	0	248	0	248	20	
SEARCH_LATE_sf0_lt249	SEARCH	LATE	CAL	0	249	0	249	20	
SEARCH_LATE_sf0_lt250	SEARCH	LATE	CAL	0	250	0	250	20	
SEARCH_LATE_sf0_lt275	SEARCH	LATE	CAL	0	275	0	275	20	
SEARCH_LATE_sf0_lt300	SEARCH	LATE	CAL	0	300	0	300	20	
SEARCH_LATE_sf0_lt325	SEARCH	LATE	CAL	0	325	0	325	20	
SEARCH_LATE_sf0_lt350	SEARCH	LATE	CAL	0	350	0	350	20	
SEARCH_LATE_sf0_lt375	SEARCH	LATE	CAL	0	375	0	375	20	
SEARCH_LATE_sf0_lt385	SEARCH	LATE	CAL	0	385	0	385	20	
SEARCH_LATE_sf0_lt400	SEARCH	LATE	CAL	0	400	0	400	20	
SEARCH_LATE_sf0_lt425	SEARCH	LATE	CAL	0	425	0	425	20	
SEARCH_LATE_sf0_lt450	SEARCH	LATE	CAL	0	450	0	450	20	
SEARCH_LATE_sf0_lt475	SEARCH	LATE	CAL	0	475	0	475	20	
SEARCH_LATE_sf0_lt500	SEARCH	LATE	CAL	0	500	0	500	20	
SEARCH_LATE_sf0_lt525	SEARCH	LATE	CAL	0	525	0	525	20	
SEARCH_LATE_sf0_lt550	SEARCH	LATE	CAL	0	550	0	550	20	
SEARCH_LATE_sf0_lt575	SEARCH	LATE	CAL	0	575	0	575	20	
SEARCH_LATE_sf0_lt600	SEARCH	LATE	CAL	0	600	0	600	20	
SEARCH_LATE_sf1_lt0	SEARCH	LATE	CAL	0	625	1	0	20	
SEARCH_LATE_sf1_lt1	SEARCH	LATE	CAL	0	626	1	1	20	
SEARCH_LATE_sf1_lt2	SEARCH	LATE	CAL	0	627	1	2	20	
SEARCH_LATE_sf1_lt25	SEARCH	LATE	CAL	0	650	1	25	20	
SEARCH_LATE_sf1_lt50	SEARCH	LATE	CAL	0	675	1	50	20	
SEARCH_LATE_sf1_lt75	SEARCH	LATE	CAL	0	700	1	75	20	
SEARCH_LATE_sf1_lt100	SEARCH	LATE	CAL	0	725	1	100	20	
SEARCH_LATE_sf1_lt125	SEARCH	LATE	CAL	0	750	1	125	20	
SEARCH_LATE_sf1_lt150	SEARCH	LATE	CAL	0	775	1	150	20	
SEARCH_LATE_sf1_lt175	SEARCH	LATE	CAL	0	800	1	175	20	
SEARCH_LATE_sf1_lt200	SEARCH	LATE	CAL	0	825	1	200	20	
SEARCH_LATE_sf1_lt225	SEARCH	LATE	CAL	0	850	1	225	20	
SEARCH_LATE_sf1_lt248	SEARCH	LATE	CAL	0	873	1	248	20	
SEARCH_LATE_sf1_lt249	SEARCH	LATE	CAL	0	874	1	249	20	
SEARCH_LATE_sf1_lt250	SEARCH	LATE	CAL	0	875	1	250	20	
SEARCH_LATE_sf1_lt275	SEARCH	LATE	CAL	0	900	1	275	20	
SEARCH_LATE_sf1_lt300	SEARCH	LATE	CAL	0	925	1	300	20	
SEARCH_LATE_sf1_lt325	SEARCH	LATE	CAL	0	950	1	325	20	
SEARCH_LATE_sf1_lt350	SEARCH	LATE	CAL	0	975	1	350	20	
SEARCH_LATE_sf1_lt375	SEARCH	LATE	CAL	0	1000	1	375	20	
SEARCH_LATE_sf1_lt385	SEARCH	LATE	CAL	0	1010	1	385	20	
SEARCH_LATE_sf1_lt400	SEARCH	LATE	CAL	0	1025	1	400	20	
SEARCH_LATE_sf1_lt425	SEARCH	LATE	CAL	0	1050	1	425	20	
SEARCH_LATE_sf1_lt450	SEARCH	LATE	CAL	0	1075	1	450	20	
SEARCH_LATE_sf1_lt475	SEARCH	LATE	CAL	0	1100	1	475	20	
SEARCH_LATE_sf1_lt500	SEARCH	LATE	CAL	0	1125	1	500	20	
SEARCH_LATE_sf1_lt525	SEARCH	LATE	CAL	0	1150	1	525	20	
SEARCH_LATE_sf1_lt550	SEARCH	LATE	CAL	0	1175	1	550	20	
SEARCH_LATE_sf1_lt575	SEARCH	LATE	CAL	0	1200	1	575	20	
SEARCH_LATE_sf1_lt600	SEARCH	LATE	CAL	0	1225	1	600	20	
SEARCH_LATE_sf2_lt0	SEARCH	LATE	CAL	0	1250	2	0	20	
SEARCH_LATE_sf2_lt1	SEARCH	LATE	CAL	0	1251	2	1	20	
SEARCH_LATE_sf2_lt2	SEARCH	LATE	CAL	0	1252	2	2	20	
SEARCH_LATE_sf2_lt25	SEARCH	LATE	CAL	0	1275	2	25	20	
SEARCH_LATE_sf2_lt50	SEARCH	LATE	CAL	0	1300	2	50	20	
SEARCH_LATE_sf2_lt75	SEARCH	LATE	CAL	0	1325	2	75	20	
SEARCH_LATE_sf2_lt100	SEARCH	LATE	CAL	0	1350	2	100	20	
SEARCH_LATE_sf2_lt125	SEARCH	LATE	CAL	0	1375	2	125	20	
SEARCH_LATE_sf2_lt150	SEARCH	LATE	CAL	0	1400	2	150	20	
SEARCH_LATE_sf2_lt175	SEARCH	LATE	CAL	0	1425	2	175	20	
SEARCH_LATE_sf2_lt200	SEARCH	LATE	CAL	0	1450	2	200	20	
SEARCH_LATE_sf2_lt225	SEARCH	LATE	CAL	0	1475	2	225	20	
SEARCH_LATE_sf2_lt248	SEARCH	LATE	CAL	0	1498	2	248	20	
SEARCH_LATE_sf2_lt249	SEARCH	LATE	CAL	0	1499	2	249	20	
SEARCH_LATE_sf2_lt250	SEARCH	LATE	CAL	0	1500	2	250	20	
SEARCH_LATE_sf2_lt275	SEARCH	LATE	CAL	0	1525	2	275	20	
SEARCH_LATE_sf2_lt300	SEARCH	LATE	CAL	0	1550	2	300	20	
SEARCH_LATE_sf2_lt325	SEARCH	LATE	CAL	0	1575	2	325	20	
SEARCH_LATE_sf2_lt350	SEARCH	LATE	CAL	0	1600	2	350	20	
SEARCH_LATE_sf2_lt375	SEARCH	LATE	CAL	0	1625	2	375	20	
SEARCH_LATE_sf2_lt385	SEARCH	LATE	CAL	0	1635	2	385	20	
SEARCH_LATE_sf2_lt400	SEARCH	LATE	CAL	0	1650	2	400	20	
SEARCH_LATE_sf2_lt425	SEARCH	LATE	CAL	0	1675	2	425	20	
SEARCH_LATE_sf2_lt450	SEARCH	LATE	CAL	0	1700	2	450	20	
SEARCH_LATE_sf2_lt475	SEARCH	LATE	CAL	0	1725	2	475	20	
SEARCH_LATE_sf2_lt500	SEARCH	LATE	CAL	0	1750	2	500	20	
SEARCH_LATE_sf2_lt525	SEARCH	LATE	CAL	0	1775	2	525	20	
SEARCH_LATE_sf2_lt550	SEARCH	LATE	CAL	0	1800	2	550	20	
SEARCH_LATE_sf2_lt575	SEARCH	LATE	CAL	0	1825	2	575	20	
SEARCH_LATE_sf2_lt600	SEARCH	LATE	CAL	0	1850	2	600	20	
SEARCH_LATE_sf3_lt0	SEARCH	LATE	CAL	0	1875	3	0	20	
SEARCH_LATE_sf3_lt1	SEARCH	LATE	CAL	0	1876	3	1	20	
SEARCH_LATE_sf3_lt2	SEARCH	LATE	CAL	0	1877	3	2	20	
SEARCH_LATE_sf3_lt25	SEARCH	LATE	CAL	0	1900	3	25	20	
SEARCH_LATE_sf3_lt50	SEARCH	LATE	CAL	0	1925	3	50	20	
SEARCH_LATE_sf3_lt75	SEARCH	LATE	CAL	0	1950	3	75	20	
SEARCH_LATE_sf3_lt100	SEARCH	LATE	CAL	0	1975	3	100	20	
SEARCH_LATE_sf3_lt125	SEARCH	LATE	CAL	0	2000	3	125	20	
SEARCH_LATE_sf3_lt150	SEARCH	LATE	CAL	0	2025	3	150	20	
SEARCH_LATE_sf3_lt175	SEARCH	LATE	CAL	0	2050	3	175	20	
SEARCH_LATE_sf3_lt200	SEARCH	LATE	CAL	0	2075	3	200	20	
SEARCH_LATE_sf3_lt225	SEARCH	LATE	CAL	0	2100	3	225	20	
SEARCH_LATE_sf3_lt248	SEARCH	LATE	CAL	0	2123	3	248	20	
SEARCH_LATE_sf3_lt249	SEARCH	LATE	CAL	0	2124	3	249	20	
SEARCH_LATE_sf3_lt250	SEARCH	LATE	CAL	0	2125	3	250	20	
SEARCH_LATE_sf3_lt275	SEARCH	LATE	CAL	0	2150	3	275	20	
SEARCH_LATE_sf3_lt300	SEARCH	LATE	CAL	0	2175	3	300	20	
SEARCH_LATE_sf3_lt325	SEARCH	LATE	CAL	0	2200	3	325	20	
SEARCH_LATE_sf3_lt350	SEARCH	LATE	CAL	0	2225	3	350	20	
SEARCH_LATE_sf3_lt375	SEARCH	LATE	CAL	0	2250	3	375	20	
SEARCH_LATE_sf3_lt385	SEARCH	LATE	CAL	0	2260	3	385	20	
SEARCH_LATE_sf3_lt400	SEARCH	LATE	CAL	0	2275	3	400	20	
SEARCH_LATE_sf3_lt425	SEARCH	LATE	CAL	0	2300	3	425	20	
SEARCH_LATE_sf3_lt450	SEARCH	LATE	CAL	0	2325	3	450	20	
SEARCH_LATE_sf3_lt475	SEARCH	LATE	CAL	0	2350	3	475	20	
SEARCH_LATE_sf3_lt500	SEARCH	LATE	CAL	0	2375	3	500	20	
SEARCH_LATE_sf3_lt525	SEARCH	LATE	CAL	0	2400	3	525	20	
SEARCH_LATE_sf3_lt550	SEARCH	LATE	CAL	0	2425	3	550	20	
SEARCH_LATE_sf3_lt575	SEARCH	LATE	CAL	0	2450	3	575	20	
SEARCH_LATE_sf3_lt600	SEARCH	LATE	CAL	0	2475	3	600	20	
SEARCH_LATE_sf4_lt0	SEARCH	LATE	CAL	0	2500	4	0	20	
SEARCH_LATE_sf4_lt1	SEARCH	LATE	CAL	0	2501	4	1	20	
SEARCH_LATE_sf4_lt2	SEARCH	LATE	CAL	0	2502	4	2	20	
SEARCH_LATE_sf4_lt25	SEARCH	LATE	CAL	0	2525	4	25	20	
SEARCH_LATE_sf4_lt50	SEARCH	LATE	CAL	0	2550	4	50	20	
SEARCH_LATE_sf4_lt75	SEARCH	LATE	CAL	0	2575	4	75	20	
SEARCH_LATE_sf4_lt100	SEARCH	LATE	CAL	0	2600	4	100	20	
SEARCH_LATE_sf4_lt125	SEARCH	LATE	CAL	0	2625	4	125	20	
SEARCH_LATE_sf4_lt150	SEARCH	LATE	CAL	0	2650	4	150	20	
SEARCH_LATE_sf4_lt175	SEARCH	LATE	CAL	0	2675	4	175	20	
SEARCH_LATE_sf4_lt200	SEARCH	LATE	CAL	0	2700	4	200	20	
SEARCH_LATE_sf4_lt225	SEARCH	LATE	CAL	0	2725	4	225	20	
SEARCH_LATE_sf4_lt248	SEARCH	LATE	CAL	0	2748	4	248	20	
SEARCH_LATE_sf4_lt249	SEARCH	LATE	CAL	0	2749	4	249	20	
SEARCH_LATE_sf4_lt250	SEARCH	LATE	CAL	0	2750	4	250	20	
SEARCH_LATE_sf4_lt275	SEARCH	LATE	CAL	0	2775	4	275	20	
SEARCH_LATE_sf4_lt300	SEARCH	LATE	CAL	0	2800	4	300	20	
SEARCH_LATE_sf4_lt325	SEARCH	LATE	CAL	0	2825	4	325	20	
SEARCH_LATE_sf4_lt350	SEARCH	LATE	CAL	0	2850	4	350	20	
SEARCH_LATE_sf4_lt375	SEARCH	LATE	CAL	0	2875	4	375	20	
SEARCH_LATE_sf4_lt385	SEARCH	LATE	CAL	0	2885	4	385	20	
SEARCH_LATE_sf4_lt400	SEARCH	LATE	CAL	0	2900	4	400	20	
SEARCH_LATE_sf4_lt425	SEARCH	LATE	CAL	0	2925	4	425	20	
SEARCH_LATE_sf4_lt450	SEARCH	LATE	CAL	0	2950	4	450	20	
SEARCH_LATE_sf4_lt475	SEARCH	LATE	CAL	0	2975	4	475	20	
SEARCH_LATE_sf4_lt500	SEARCH	LATE	CAL	0	3000	4	500	20	
SEARCH_LATE_sf4_lt525	SEARCH	LATE	CAL	0	3025	4	525	20	
SEARCH_LATE_sf4_lt550	SEARCH	LATE	CAL	0	3050	4	550	20	
SEARCH_LATE_sf4_lt575	SEARCH	LATE	CAL	0	3075	4	575	20	
SEARCH_LATE_sf4_lt600	SEARCH	LATE	CAL	0	3100	4	600	20	
SEARCH_LATE_sf5_lt0	SEARCH	LATE	CAL	0	3125	5	0	20	
SEARCH_LATE_sf5_lt1	SEARCH	LATE	CAL	0	3126	5	1	20	
SEARCH_LATE_sf5_lt2	SEARCH	LATE	CAL	0	3127	5	2	20	
SEARCH_LATE_sf5_lt25	SEARCH	LATE	CAL	0	3150	5	25	20	
SEARCH_LATE_sf5_lt50	SEARCH	LATE	CAL	0	3175	5	50	20	
SEARCH_LATE_sf5_lt75	SEARCH	LATE	CAL	0	3200	5	75	20	
SEARCH_LATE_sf5_lt100	SEARCH	LATE	CAL	0	3225	5	100	20	
SEARCH_LATE_sf5_lt125	SEARCH	LATE	CAL	0	3250	5	125	20	
SEARCH_LATE_sf5_lt150	SEARCH	LATE	CAL	0	3275	5	150	20	
SEARCH_LATE_sf5_lt175	SEARCH	LATE	CAL	0	3300	5	175	20	
SEARCH_LATE_sf5_lt200	SEARCH	LATE	CAL	0	3325	5	200	20	
SEARCH_LATE_sf5_lt225	SEARCH	LATE	CAL	0	3350	5	225	20	
SEARCH_LATE_sf5_lt248	SEARCH	LATE	CAL	0	3373	5	248	20	
SEARCH_LATE_sf5_lt249	SEARCH	LATE	CAL	0	3374	5	249	20	
SEARCH_LATE_sf5_lt250	SEARCH	LATE	CAL	0	3375	5	250	20	
SEARCH_LATE_sf5_lt275	SEARCH	LATE	CAL	0	3400	5	275	20	
SEARCH_LATE_sf5_lt300	SEARCH	LATE	CAL	0	3425	5	300	20	
SEARCH_LATE_sf5_lt325	SEARCH	LATE	CAL	0	3450	5	325	20	
SEARCH_LATE_sf5_lt350	SEARCH	LATE	CAL	0	3475	5	350	20	
SEARCH_LATE_sf5_lt375	SEARCH	LATE	CAL	0	3500	5	375	20	
SEARCH_LATE_sf5_lt385	SEARCH	LATE	CAL	0	3510	5	385	20	
SEARCH_LATE_sf5_lt400	SEARCH	LATE	CAL	0	3525	5	400	20	
SEARCH_LATE_sf5_lt425	SEARCH	LATE	CAL	0	3550	5	425	20	
SEARCH_LATE_sf5_lt450	SEARCH	LATE	CAL	0	3575	5	450	20	
SEARCH_LATE_sf5_lt475	SEARCH	LATE	CAL	0	3600	5	475	20	
SEARCH_LATE_sf5_lt500	SEARCH	LATE	CAL	0	3625	5	500	20	
SEARCH_LATE_sf5_lt525	SEARCH	LATE	CAL	0	3650	5	525	20	
SEARCH_LATE_sf5_lt550	SEARCH	LATE	CAL	0	3675	5	550	20	
SEARCH_LATE_sf5_lt575	SEARCH	LATE	CAL	0	3700	5	575	20	
SEARCH_LATE_sf5_lt600	SEARCH	LATE	CAL	0	3725	5	600	20	
SEARCH_LATE_sf6_lt0	SEARCH	LATE	CAL	0	3750	6	0	20	
SEARCH_LATE_sf6_lt1	SEARCH	LATE	CAL	0	3751	6	1	20	
SEARCH_LATE_sf6_lt2	SEARCH	LATE	CAL	0	3752	6	2	20	
SEARCH_LATE_sf6_lt25	SEARCH	LATE	CAL	0	3775	6	25	20	
SEARCH_LATE_sf6_lt50	SEARCH	LATE	CAL	0	3800	6	50	20	
SEARCH_LATE_sf6_lt75	SEARCH	LATE	CAL	0	3825	6	75	20	
SEARCH_LATE_sf6_lt100	SEARCH	LATE	CAL	0	3850	6	100	20	
SEARCH_LATE_sf6_lt125	SEARCH	LATE	CAL	0	3875	6	125	20	
SEARCH_LATE_sf6_lt150	SEARCH	LATE	CAL	0	3900	6	150	20	
SEARCH_LATE_sf6_lt175	SEARCH	LATE	CAL	0	3925	6	175	20	
SEARCH_LATE_sf6_lt200	SEARCH	LATE	CAL	0	3950	6	200	20	
SEARCH_LATE_sf6_lt225	SEARCH	LATE	CAL	0	3975	6	225	20	
SEARCH_LATE_sf6_lt248	SEARCH	LATE	CAL	0	3998	6	248	20	
SEARCH_LATE_sf6_lt249	SEARCH	LATE	CAL	0	3999	6	249	20	
SEARCH_LATE_sf6_lt250	SEARCH	LATE	CAL	0	4000	6	250	20	
SEARCH_LATE_sf6_lt275	SEARCH	LATE	CAL	0	4025	6	275	20	
SEARCH_LATE_sf6_lt300	SEARCH	LATE	CAL	0	4050	6	300	20	
SEARCH_LATE_sf6_lt325	SEARCH	LATE	CAL	0	4075	6	325	20	
SEARCH_LATE_sf6_lt350	SEARCH	LATE	CAL	0	4100	6	350	20	
SEARCH_LATE_sf6_lt375	SEARCH	LATE	CAL	0	4125	6	375	20	
SEARCH_LATE_sf6_lt385	SEARCH	LATE	CAL	0	4135	6	385	20	
SEARCH_LATE_sf6_lt400	SEARCH	LATE	CAL	0	4150	6	400	20	
SEARCH_LATE_sf6_lt425	SEARCH	LATE	CAL	0	4175	6	425	20	
SEARCH_LATE_sf6_lt450	SEARCH	LATE	CAL	0	4200	6	450	20	
SEARCH_LATE_sf6_lt475	SEARCH	LATE	CAL	0	4225	6	475	20	
SEARCH_LATE_sf6_lt500	SEARCH	LATE	CAL	0	4250	6	500	20	
SEARCH_LATE_sf6_lt525	SEARCH	LATE	CAL	0	4275	6	525	20	
SEARCH_LATE_sf6_lt550	SEARCH	LATE	CAL	0	4300	6	550	20	
SEARCH_LATE_sf6_lt575	SEARCH	LATE	CAL	0	4325	6	575	20	
SEARCH_LATE_sf6_lt600	SEARCH	LATE	CAL	0	4350	6	600	20	
SEARCH_LATE_sf7_lt0	SEARCH	LATE	CAL	0	4375	7	0	20	
SEARCH_LATE_sf7_lt1	SEARCH	LATE	CAL	0	4376	7	1	20	
SEARCH_LATE_sf7_lt2	SEARCH	LATE	CAL	0	4377	7	2	20	
SEARCH_LATE_sf7_lt25	SEARCH	LATE	CAL	0	4400	7	25	20	
SEARCH_LATE_sf7_lt50	SEARCH	LATE	CAL	0	4425	7	50	20	
SEARCH_LATE_sf7_lt75	SEARCH	LATE	CAL	0	4450	7	75	20	
SEARCH_LATE_sf7_lt100	SEARCH	LATE	CAL	0	4475	7	100	20	
SEARCH_LATE_sf7_lt125	SEARCH	LATE	CAL	0	4500	7	125	20	
SEARCH_LATE_sf7_lt150	SEARCH	LATE	CAL	0	4525	7	150	20	
SEARCH_LATE_sf7_lt175	SEARCH	LATE	CAL	0	4550	7	175	20	
SEARCH_LATE_sf7_lt200	SEARCH	LATE	CAL	0	4575	7	200	20	
SEARCH_LATE_sf7_lt225	SEARCH	LATE	CAL	0	4600	7	225	20	
SEARCH_LATE_sf7_lt248	SEARCH	LATE	CAL	0	4623	7	248	20	
SEARCH_LATE_sf7_lt249	SEARCH	LATE	CAL	0	4624	7	249	20	
SEARCH_LATE_sf7_lt250	SEARCH	LATE	CAL	0	4625	7	250	20	
SEARCH_LATE_sf7_lt275	SEARCH	LATE	CAL	0	4650	7	275	20	
SEARCH_LATE_sf7_lt300	SEARCH	LATE	CAL	0	4675	7	300	20	
SEARCH_LATE_sf7_lt325	SEARCH	LATE	CAL	0	4700	7	325	20	
SEARCH_LATE_sf7_lt350	SEARCH	LATE	CAL	0	4725	7	350	20	
SEARCH_LATE_sf7_lt375	SEARCH	LATE	CAL	0	4750	7	375	20	
SEARCH_LATE_sf7_lt385	SEARCH	LATE	CAL	0	4760	7	385	20	
SEARCH_LATE_sf7_lt400	SEARCH	LATE	CAL	0	4775	7	400	20	
SEARCH_LATE_sf7_lt425	SEARCH	LATE	CAL	0	4800	7	425	20	
SEARCH_LATE_sf7_lt450	SEARCH	LATE	CAL	0	4825	7	450	20	
SEARCH_LATE_sf7_lt475	SEARCH	LATE	CAL	0	4850	7	475	20	
SEARCH_LATE_sf7_lt500	SEARCH	LATE	CAL	0	4875	7	500	20	
SEARCH_LATE_sf7_lt525	SEARCH	LATE	CAL	0	4900	7	525	20	
SEARCH_LATE_sf7_lt550	SEARCH	LATE	CAL	0	4925	7	550	20	
SEARCH_LATE_sf7_lt575	SEARCH	LATE	CAL	0	4950	7	575	20	
SEARCH_LATE_sf7_lt600	SEARCH	LATE	CAL	0	4975	7	600	20	
SEARCH_BUSY_sf0_lt0	SEARCH	BUSY	CAL	0	0	0	0	20	
SEARCH_BUSY_sf0_lt1	SEARCH	BUSY	CAL	0	1	0	1	20	
SEARCH_BUSY_sf0_lt2	SEARCH	BUSY	CAL	0	2	0	2	20	
SEARCH_BUSY_sf0_lt25	SEARCH	BUSY	CAL	0	25	0	25	20	
SEARCH_BUSY_sf0_lt50	SEARCH	BUSY	CAL	0	50	0	50	20	
SEARCH_BUSY_sf0_lt75	SEARCH	BUSY	CAL	0	75	0	75	20	
SEARCH_BUSY_sf0_lt100	SEARCH	BUSY	CAL	0	100	0	100	20	
SEARCH_BUSY_sf0_lt125	SEARCH	BUSY	CAL	0	125	0	125	20	
SEARCH_BUSY_sf0_lt150	SEARCH	BUSY	CAL	0	150	0	150	20	
SEARCH_BUSY_sf0_lt175	SEARCH	BUSY	CAL	0	175	0	175	20	
SEARCH_BUSY_sf0_lt200	SEARCH	BUSY	CAL	0	200	0	200	20	
SEARCH_BUSY_sf0_lt225	SEARCH	BUSY	CAL	0	225	0	225	20	
SEARCH_BUSY_sf0_lt248	SEARCH	BUSY	CAL	0	248	0	248	20	
SEARCH_BUSY_sf0_lt249	SEARCH	BUSY	CAL	0	249	0	249	20	
SEARCH_BUSY_sf0_lt250	SEARCH	BUSY	CAL	0	250	0	250	20	
SEARCH_BUSY_sf0_lt275	SEARCH	BUSY	CAL	0	275	0	275	20	
SEARCH_BUSY_sf0_lt300	SEARCH	BUSY	CAL	0	300	0	300	20	
SEARCH_BUSY_sf0_lt325	SEARCH	BUSY	CAL	0	325	0	325	20	
SEARCH_BUSY_sf0_lt350	SEARCH	BUSY	CAL	0	350	0	350	20	
SEARCH_BUSY_sf0_lt375	SEARCH	BUSY	CAL	0	375	0	375	20	
SEARCH_BUSY_sf0_lt385	SEARCH	BUSY	CAL	0	385	0	385	20	
SEARCH_BUSY_sf0_lt400	SEARCH	BUSY	CAL	0	400	0	400	20	
SEARCH_BUSY_sf0_lt425	SEARCH	BUSY	CAL	0	425	0	425	20	
SEARCH_BUSY_sf0_lt450	SEARCH	BUSY	CAL	0	450	0	450	20	
SEARCH_BUSY_sf0_lt475	SEARCH	BUSY	CAL	0	475	0	475	20	
SEARCH_BUSY_sf0_lt500	SEARCH	BUSY	CAL	0	500	0	500	20	
SEARCH_BUSY_sf0_lt525	SEARCH	BUSY	CAL	0	525	0	525	20	
SEARCH_BUSY_sf0_lt550	SEARCH	BUSY	CAL	0	550	0	550	20	
SEARCH_BUSY_sf0_lt575	SEARCH	BUSY	CAL	0	575	0	575	20	
SEARCH_BUSY_sf0_lt600	SEARCH	BUSY	CAL	0	600	0	600	20	
SEARCH_BUSY_sf1_lt0	SEARCH	BUSY	CAL	0	625	1	0	20	
SEARCH_BUSY_sf1_lt1	SEARCH	BUSY	CAL	0	626	1	1	20	
SEARCH_BUSY_sf1_lt2	SEARCH	BUSY	CAL	0	627	1	2	20	
SEARCH_BUSY_sf1_lt25	SEARCH	BUSY	CAL	0	650	1	25	20	
SEARCH_BUSY_sf1_lt50	SEARCH	BUSY	CAL	0	675	1	50	20	
SEARCH_BUSY_sf1_lt75	SEARCH	BUSY	CAL	0	700	1	75	20	
SEARCH_BUSY_sf1_lt100	SEARCH	BUSY	CAL	0	725	1	100	20	
SEARCH_BUSY_sf1_lt125	SEARCH	BUSY	CAL	0	750	1	125	20	
SEARCH_BUSY_sf1_lt150	SEARCH	BUSY	CAL	0	775	1	150	20	
SEARCH_BUSY_sf1_lt175	SEARCH	BUSY	CAL	0	800	1	175	20	
SEARCH_BUSY_sf1_lt200	SEARCH	BUSY	CAL	0	825	1	200	20	
SEARCH_BUSY_sf1_lt225	SEARCH	BUSY	CAL	0	850	1	225	20	
SEARCH_BUSY_sf1_lt248	SEARCH	BUSY	CAL	0	873	1	248	20	
SEARCH_BUSY_sf1_lt249	SEARCH	BUSY	CAL	0	874	1	249	20	
SEARCH_BUSY_sf1_lt250	SEARCH	BUSY	CAL	0	875	1	250	20	
SEARCH_BUSY_sf1_lt275	SEARCH	BUSY	CAL	0	900	1	275	20	
SEARCH_BUSY_sf1_lt300	SEARCH	BUSY	CAL	0	925	1	300	20	
SEARCH_BUSY_sf1_lt325	SEARCH	BUSY	CAL	0	950	1	325	20	
SEARCH_BUSY_sf1_lt350	SEARCH	BUSY	CAL	0	975	1	350	20	
SEARCH_BUSY_sf1_lt375	SEARCH	BUSY	CAL	0	1000	1	375	20	
SEARCH_BUSY_sf1_lt385	SEARCH	BUSY	CAL	0	1010	1	385	20	
SEARCH_BUSY_sf1_lt400	SEARCH	BUSY	CAL	0	1025	1	400	20	
SEARCH_BUSY_sf1_lt425	SEARCH	BUSY	CAL	0	1050	1	425	20	
SEARCH_BUSY_sf1_lt450	SEARCH	BUSY	CAL	0	1075	1	450	20	
SEARCH_BUSY_sf1_lt475	SEARCH	BUSY	CAL	0	1100	1	475	20	
SEARCH_BUSY_sf1_lt500	SEARCH	BUSY	CAL	0	1125	1	500	20	
SEARCH_BUSY_sf1_lt525	SEARCH	BUSY	CAL	0	1150	1	525	20	
SEARCH_BUSY_sf1_lt550	SEARCH	BUSY	CAL	0	1175	1	550	20	
SEARCH_BUSY_sf1_lt575	SEARCH	BUSY	CAL	0	1200	1	575	20	
SEARCH_BUSY_sf1_lt600	SEARCH	BUSY	CAL	0	1225	1	600	20	
SEARCH_BUSY_sf2_lt0	SEARCH	BUSY	CAL	0	1250	2	0	20	
SEARCH_BUSY_sf2_lt1	SEARCH	BUSY	CAL	0	1251	2	1	20	
SEARCH_BUSY_sf2_lt2	SEARCH	BUSY	CAL	0	1252	2	2	20	
SEARCH_BUSY_sf2_lt25	SEARCH	BUSY	CAL	0	1275	2	25	20	
SEARCH_BUSY_sf2_lt50	SEARCH	BUSY	CAL	0	1300	2	50	20	
SEARCH_BUSY_sf2_lt75	SEARCH	BUSY	CAL	0	1325	2	75	20	
SEARCH_BUSY_sf2_lt100	SEARCH	BUSY	CAL	0	1350	2	100	20	
SEARCH_BUSY_sf2_lt125	SEARCH	BUSY	CAL	0	1375	2	125	20	
SEARCH_BUSY_sf2_lt150	SEARCH	BUSY	CAL	0	1400	2	150	20	
SEARCH_BUSY_sf2_lt175	SEARCH	BUSY	CAL	0	1425	2	175	20	
SEARCH_BUSY_sf2_lt200	SEARCH	BUSY	CAL	0	1450	2	200	20	
SEARCH_BUSY_sf2_lt225	SEARCH	BUSY	CAL	0	1475	2	225	20	
SEARCH_BUSY_sf2_lt248	SEARCH	BUSY	CAL	0	1498	2	248	20	
SEARCH_BUSY_sf2_lt249	SEARCH	BUSY	CAL	0	1499	2	249	20	
SEARCH_BUSY_sf2_lt250	SEARCH	BUSY	CAL	0	1500	2	250	20	
SEARCH_BUSY_sf2_lt275	SEARCH	BUSY	CAL	0	1525	2	275	20	
SEARCH_BUSY_sf2_lt300	SEARCH	BUSY	CAL	0	1550	2	300	20	
SEARCH_BUSY_sf2_lt325	SEARCH	BUSY	CAL	0	1575	2	325	20	
SEARCH_BUSY_sf2_lt350	SEARCH	BUSY	CAL	0	1600	2	350	20	
SEARCH_BUSY_sf2_lt375	SEARCH	BUSY	CAL	0	1625	2	375	20	
SEARCH_BUSY_sf2_lt385	SEARCH	BUSY	CAL	0	1635	2	385	20	
SEARCH_BUSY_sf2_lt400	SEARCH	BUSY	CAL	0	1650	2	400	20	
SEARCH_BUSY_sf2_lt425	SEARCH	BUSY	CAL	0	1675	2	425	20	
SEARCH_BUSY_sf2_lt450	SEARCH	BUSY	CAL	0	1700	2	450	20	
SEARCH_BUSY_sf2_lt475	SEARCH	BUSY	CAL	0	1725	2	475	20	
SEARCH_BUSY_sf2_lt500	SEARCH	BUSY	CAL	0	1750	2	500	20	
SEARCH_BUSY_sf2_lt525	SEARCH	BUSY	CAL	0	1775	2	525	20	
SEARCH_BUSY_sf2_lt550	SEARCH	BUSY	CAL	0	1800	2	550	20	
SEARCH_BUSY_sf2_lt575	SEARCH	BUSY	CAL	0	1825	2	575	20	
SEARCH_BUSY_sf2_lt600	SEARCH	BUSY	CAL	0	1850	2	600	20	
SEARCH_BUSY_sf3_lt0	SEARCH	BUSY	CAL	0	1875	3	0	20	
SEARCH_BUSY_sf3_lt1	SEARCH	BUSY	CAL	0	1876	3	1	20	
SEARCH_BUSY_sf3_lt2	SEARCH	BUSY	CAL	0	1877	3	2	20	
SEARCH_BUSY_sf3_lt25	SEARCH	BUSY	CAL	0	1900	3	25	20	
SEARCH_BUSY_sf3_lt50	SEARCH	BUSY	CAL	0	1925	3	50	20	
SEARCH_BUSY_sf3_lt75	SEARCH	BUSY	CAL	0	1950	3	75	20	
SEARCH_BUSY_sf3_lt100	SEARCH	BUSY	CAL	0	1975	3	100	20	
SEARCH_BUSY_sf3_lt125	SEARCH	BUSY	CAL	0	2000	3	125	20	
SEARCH_BUSY_sf3_lt150	SEARCH	BUSY	CAL	0	2025	3	150	20	
SEARCH_BUSY_sf3_lt175	SEARCH	BUSY	CAL	0	2050	3	175	20	
SEARCH_BUSY_sf3_lt200	SEARCH	BUSY	CAL	0	2075	3	200	20	
SEARCH_BUSY_sf3_lt225	SEARCH	BUSY	CAL	0	2100	3	225	20	
SEARCH_BUSY_sf3_lt248	SEARCH	BUSY	CAL	0	2123	3	248	20	
SEARCH_BUSY_sf3_lt249	SEARCH	BUSY	CAL	0	2124	3	249	20	
SEARCH_BUSY_sf3_lt250	SEARCH	BUSY	CAL	0	2125	3	250	20	
SEARCH_BUSY_sf3_lt275	SEARCH	BUSY	CAL	0	2150	3	275	20	
SEARCH_BUSY_sf3_lt300	SEARCH	BUSY	CAL	0	2175	3	300	20	
SEARCH_BUSY_sf3_lt325	SEARCH	BUSY	CAL	0	2200	3	325	20	
SEARCH_BUSY_sf3_lt350	SEARCH	BUSY	CAL	0	2225	3	350	20	
SEARCH_BUSY_sf3_lt375	SEARCH	BUSY	CAL	0	2250	3	375	20	
SEARCH_BUSY_sf3_lt385	SEARCH	BUSY	CAL	0	2260	3	385	20	
SEARCH_BUSY_sf3_lt400	SEARCH	BUSY	CAL	0	2275	3	400	20	
SEARCH_BUSY_sf3_lt425	SEARCH	BUSY	CAL	0	2300	3	425	20	
SEARCH_BUSY_sf3_lt450	SEARCH	BUSY	CAL	0	2325	3	450	20	
SEARCH_BUSY_sf3_lt475	SEARCH	BUSY	CAL	0	2350	3	475	20	
SEARCH_BUSY_sf3_lt500	SEARCH	BUSY	CAL	0	2375	3	500	20	
SEARCH_BUSY_sf3_lt525	SEARCH	BUSY	CAL	0	2400	3	525	20	
SEARCH_BUSY_sf3_lt550	SEARCH	BUSY	CAL	0	2425	3	550	20	
SEARCH_BUSY_sf3_lt575	SEARCH	BUSY	CAL	0	2450	3	575	20	
SEARCH_BUSY_sf3_lt600	SEARCH	BUSY	CAL	0	2475	3	600	20	
SEARCH_BUSY_sf4_lt0	SEARCH	BUSY	CAL	0	2500	4	0	20	
SEARCH_BUSY_sf4_lt1	SEARCH	BUSY	CAL	0	2501	4	1	20	
SEARCH_BUSY_sf4_lt2	SEARCH	BUSY	CAL	0	2502	4	2	20	
SEARCH_BUSY_sf4_lt25	SEARCH	BUSY	CAL	0	2525	4	25	20	
SEARCH_BUSY_sf4_lt50	SEARCH	BUSY	CAL	0	2550	4	50	20	
SEARCH_BUSY_sf4_lt75	SEARCH	BUSY	CAL	0	2575	4	75	20	
SEARCH_BUSY_sf4_lt100	SEARCH	BUSY	CAL	0	2600	4	100	20	
SEARCH_BUSY_sf4_lt125	SEARCH	BUSY	CAL	0	2625	4	125	20	
SEARCH_BUSY_sf4_lt150	SEARCH	BUSY	CAL	0	2650	4	150	20	
SEARCH_BUSY_sf4_lt175	SEARCH	BUSY	CAL	0	2675	4	175	20	
SEARCH_BUSY_sf4_lt200	SEARCH	BUSY	CAL	0	2700	4	200	20	
SEARCH_BUSY_sf4_lt225	SEARCH	BUSY	CAL	0	2725	4	225	20	
SEARCH_BUSY_sf4_lt248	SEARCH	BUSY	CAL	0	2748	4	248	20	
SEARCH_BUSY_sf4_lt249	SEARCH	BUSY	CAL	0	2749	4	249	20	
SEARCH_BUSY_sf4_lt250	SEARCH	BUSY	CAL	0	2750	4	250	20	
SEARCH_BUSY_sf4_lt275	SEARCH	BUSY	CAL	0	2775	4	275	20	
SEARCH_BUSY_sf4_lt300	SEARCH	BUSY	CAL	0	2800	4	300	20	
SEARCH_BUSY_sf4_lt325	SEARCH	BUSY	CAL	0	2825	4	325	20	
SEARCH_BUSY_sf4_lt350	SEARCH	BUSY	CAL	0	2850	4	350	20	
SEARCH_BUSY_sf4_lt375	SEARCH	BUSY	CAL	0	2875	4	375	20	
SEARCH_BUSY_sf4_lt385	SEARCH	BUSY	CAL	0	2885	4	385	20	
SEARCH_BUSY_sf4_lt400	SEARCH	BUSY	CAL	0	2900	4	400	20	
SEARCH_BUSY_sf4_lt425	SEARCH	BUSY	CAL	0	2925	4	425	20	
SEARCH_BUSY_sf4_lt450	SEARCH	BUSY	CAL	0	2950	4	450	20	
SEARCH_BUSY_sf4_lt475	SEARCH	BUSY	CAL	0	2975	4	475	20	
SEARCH_BUSY_sf4_lt500	SEARCH	BUSY	CAL	0	3000	4	500	20	
SEARCH_BUSY_sf4_lt525	SEARCH	BUSY	CAL	0	3025	4	525	20	
SEARCH_BUSY_sf4_lt550	SEARCH	BUSY	CAL	0	3050	4	550	20	
SEARCH_BUSY_sf4_lt575	SEARCH	BUSY	CAL	0	3075	4	575	20	
SEARCH_BUSY_sf4_lt600	SEARCH	BUSY	CAL	0	3100	4	600	20	
SEARCH_BUSY_sf5_lt0	SEARCH	BUSY	CAL	0	3125	5	0	20	
SEARCH_BUSY_sf5_lt1	SEARCH	BUSY	CAL	0	3126	5	1	20	
SEARCH_BUSY_sf5_lt2	SEARCH	BUSY	CAL	0	3127	5	2	20	
SEARCH_BUSY_sf5_lt25	SEARCH	BUSY	CAL	0	3150	5	25	20	
SEARCH_BUSY_sf5_lt50	SEARCH	BUSY	CAL	0	3175	5	50	20	
SEARCH_BUSY_sf5_lt75	SEARCH	BUSY	CAL	0	3200	5	75	20	
SEARCH_BUSY_sf5_lt100	SEARCH	BUSY	CAL	0	3225	5	100	20	
SEARCH_BUSY_sf5_lt125	SEARCH	BUSY	CAL	0	3250	5	125	20	
SEARCH_BUSY_sf5_lt150	SEARCH	BUSY	CAL	0	3275	5	150	20	
SEARCH_BUSY_sf5_lt175	SEARCH	BUSY	CAL	0	3300	5	175	20	
SEARCH_BUSY_sf5_lt200	SEARCH	BUSY	CAL	0	3325	5	200	20	
SEARCH_BUSY_sf5_lt225	SEARCH	BUSY	CAL	0	3350	5	225	20	
SEARCH_BUSY_sf5_lt248	SEARCH	BUSY	CAL	0	3373	5	248	20	
SEARCH_BUSY_sf5_lt249	SEARCH	BUSY	CAL	0	3374	5	249	20	
SEARCH_BUSY_sf5_lt250	SEARCH	BUSY	CAL	0	3375	5	250	20	
SEARCH_BUSY_sf5_lt275	SEARCH	BUSY	CAL	0	3400	5	275	20	
SEARCH_BUSY_sf5_lt300	SEARCH	BUSY	CAL	0	3425	5	300	20	
SEARCH_BUSY_sf5_lt325	SEARCH	BUSY	CAL	0	3450	5	325	20	
SEARCH_BUSY_sf5_lt350	SEARCH	BUSY	CAL	0	3475	5	350	20	
SEARCH_BUSY_sf5_lt375	SEARCH	BUSY	CAL	0	3500	5	375	20	
SEARCH_BUSY_sf5_lt385	SEARCH	BUSY	CAL	0	3510	5	385	20	
SEARCH_BUSY_sf5_lt400	SEARCH	BUSY	CAL	0	3525	5	400	20	
SEARCH_BUSY_sf5_lt425	SEARCH	BUSY	CAL	0	3550	5	425	20	
SEARCH_BUSY_sf5_lt450	SEARCH	BUSY	CAL	0	3575	5	450	20	
SEARCH_BUSY_sf5_lt475	SEARCH	BUSY	CAL	0	3600	5	475	20	
SEARCH_BUSY_sf5_lt500	SEARCH	BUSY	CAL	0	3625	5	500	20	
SEARCH_BUSY_sf5_lt525	SEARCH	BUSY	CAL	0	3650	5	525	20	
SEARCH_BUSY_sf5_lt550	SEARCH	BUSY	CAL	0	3675	5	550	20	
SEARCH_BUSY_sf5_lt575	SEARCH	BUSY	CAL	0	3700	5	575	20	
SEARCH_BUSY_sf5_lt600	SEARCH	BUSY	CAL	0	3725	5	600	20	
SEARCH_BUSY_sf6_lt0	SEARCH	BUSY	CAL	0	3750	6	0	20	
SEARCH_BUSY_sf6_lt1	SEARCH	BUSY	CAL	0	3751	6	1	20	
SEARCH_BUSY_sf6_lt2	SEARCH	BUSY	CAL	0	3752	6	2	20	
SEARCH_BUSY_sf6_lt25	SEARCH	BUSY	CAL	0	3775	6	25	20	
SEARCH_BUSY_sf6_lt50	SEARCH	BUSY	CAL	0	3800	6	50	20	
SEARCH_BUSY_sf6_lt75	SEARCH	BUSY	CAL	0	3825	6	75	20	
SEARCH_BUSY_sf6_lt100	SEARCH	BUSY	CAL	0	3850	6	100	20	
SEARCH_BUSY_sf6_lt125	SEARCH	BUSY	CAL	0	3875	6	125	20	
SEARCH_BUSY_sf6_lt150	SEARCH	BUSY	CAL	0	3900	6	150	20	
SEARCH_BUSY_sf6_lt175	SEARCH	BUSY	CAL	0	3925	6	175	20	
SEARCH_BUSY_sf6_lt200	SEARCH	BUSY	CAL	0	3950	6	200	20	
SEARCH_BUSY_sf6_lt225	SEARCH	BUSY	CAL	0	3975	6	225	20	
SEARCH_BUSY_sf6_lt248	SEARCH	BUSY	CAL	0	3998	6	248	20	
SEARCH_BUSY_sf6_lt249	SEARCH	BUSY	CAL	0	3999	6	249	20	
SEARCH_BUSY_sf6_lt250	SEARCH	BUSY	CAL	0	4000	6	250	20	
SEARCH_BUSY_sf6_lt275	SEARCH	BUSY	CAL	0	4025	6	275	20	
SEARCH_BUSY_sf6_lt300	SEARCH	BUSY	CAL	0	4050	6	300	20	
SEARCH_BUSY_sf6_lt325	SEARCH	BUSY	CAL	0	4075	6	325	20	
SEARCH_BUSY_sf6_lt350	SEARCH	BUSY	CAL	0	4100	6	350	20	
SEARCH_BUSY_sf6_lt375	SEARCH	BUSY	CAL	0	4125	6	375	20	
SEARCH_BUSY_sf6_lt385	SEARCH	BUSY	CAL	0	4135	6	385	20	
SEARCH_BUSY_sf6_lt400	SEARCH	BUSY	CAL	0	4150	6	400	20	
SEARCH_BUSY_sf6_lt425	SEARCH	BUSY	CAL	0	4175	6	425	20	
SEARCH_BUSY_sf6_lt450	SEARCH	BUSY	CAL	0	4200	6	450	20	
SEARCH_BUSY_sf6_lt475	SEARCH	BUSY	CAL	0	4225	6	475	20	
SEARCH_BUSY_sf6_lt500	SEARCH	BUSY	CAL	0	4250	6	500	20	
SEARCH_BUSY_sf6_lt525	SEARCH	BUSY	CAL	0	4275	6	525	20	
SEARCH_BUSY_sf6_lt550	SEARCH	BUSY	CAL	0	4300	6	550	20	
SEARCH_BUSY_sf6_lt575	SEARCH	BUSY	CAL	0	4325	6	575	20	
SEARCH_BUSY_sf6_lt600	SEARCH	BUSY	CAL	0	4350	6	600	20	
SEARCH_BUSY_sf7_lt0	SEARCH	BUSY	CAL	0	4375	7	0	20	
SEARCH_BUSY_sf7_lt1	SEARCH	BUSY	CAL	0	4376	7	1	20	
SEARCH_BUSY_sf7_lt2	SEARCH	BUSY	CAL	0	4377	7	2	20	
SEARCH_BUSY_sf7_lt25	SEARCH	BUSY	CAL	0	4400	7	25	20	
SEARCH_BUSY_sf7_lt50	SEARCH	BUSY	CAL	0	4425	7	50	20	
SEARCH_BUSY_sf7_lt75	SEARCH	BUSY	CAL	0	4450	7	75	20	
SEARCH_BUSY_sf7_lt100	SEARCH	BUSY	CAL	0	4475	7	100	20	
SEARCH_BUSY_sf7_lt125	SEARCH	BUSY	CAL	0	4500	7	125	20	
SEARCH_BUSY_sf7_lt150	SEARCH	BUSY	CAL	0	4525	7	150	20	
SEARCH_BUSY_sf7_lt175	SEARCH	BUSY	CAL	0	4550	7	175	20	
SEARCH_BUSY_sf7_lt200	SEARCH	BUSY	CAL	0	4575	7	200	20	
SEARCH_BUSY_sf7_lt225	SEARCH	BUSY	CAL	0	4600	7	225	20	
SEARCH_BUSY_sf7_lt248	SEARCH	BUSY	CAL	0	4623	7	248	20	
SEARCH_BUSY_sf7_lt249	SEARCH	BUSY	CAL	0	4624	7	249	20	
SEARCH_BUSY_sf7_lt250	SEARCH	BUSY	CAL	0	4625	7	250	20	
SEARCH_BUSY_sf7_lt275	SEARCH	BUSY	CAL	0	4650	7	275	20	
SEARCH_BUSY_sf7_lt300	SEARCH	BUSY	CAL	0	4675	7	300	20	
SEARCH_BUSY_sf7_lt325	SEARCH	BUSY	CAL	0	4700	7	325	20	
SEARCH_BUSY_sf7_lt350	SEARCH	BUSY	CAL	0	4725	7	350	20	
SEARCH_BUSY_sf7_lt375	SEARCH	BUSY	CAL	0	4750	7	375	20	
SEARCH_BUSY_sf7_lt385	SEARCH	BUSY	CAL	0	4760	7	385	20	
SEARCH_BUSY_sf7_lt400	SEARCH	BUSY	CAL	0	4775	7	400	20	
SEARCH_BUSY_sf7_lt425	SEARCH	BUSY	CAL	0	4800	7	425	20	
SEARCH_BUSY_sf7_lt450	SEARCH	BUSY	CAL	0	4825	7	450	20	
SEARCH_BUSY_sf7_lt475	SEARCH	BUSY	CAL	0	4850	7	475	20	
SEARCH_BUSY_sf7_lt500	SEARCH	BUSY	CAL	0	4875	7	500	20	
SEARCH_BUSY_sf7_lt525	SEARCH	BUSY	CAL	0	4900	7	525	20	
SEARCH_BUSY_sf7_lt550	SEARCH	BUSY	CAL	0	4925	7	550	20	
SEARCH_BUSY_sf7_lt575	SEARCH	BUSY	CAL	0	4950	7	575	20	
SEARCH_BUSY_sf7_lt600	SEARCH	BUSY	CAL	0	4975	7	600	20	
D0_SEARCH_START_DELAY_sf0_lt0	SEARCH	START_DELAY	ANY	0	0	0	0	0	
D0_SEARCH_START_DELAY_sf0_lt1	SEARCH	START_DELAY	ANY	0	1	0	1	0	
D0_SEARCH_START_DELAY_sf0_lt2	SEARCH	START_DELAY	ANY	0	2	0	2	0	
D0_SEARCH_START_DELAY_sf0_lt25	SEARCH	START_DELAY	ANY	0	25	0	25	0	
D0_SEARCH_START_DELAY_sf0_lt50	SEARCH	START_DELAY	ANY	0	50	0	50	0	
D0_SEARCH_START_DELAY_sf0_lt75	SEARCH	START_DELAY	ANY	0	75	0	75	0	
D0_SEARCH_START_DELAY_sf0_lt100	SEARCH	START_DELAY	ANY	0	100	0	100	0	
D0_SEARCH_START_DELAY_sf0_lt125	SEARCH	START_DELAY	ANY	0	125	0	125	0	
D0_SEARCH_START_DELAY_sf0_lt150	SEARCH	START_DELAY	ANY	0	150	0	150	0	
D0_SEARCH_START_DELAY_sf0_lt175	SEARCH	START_DELAY	ANY	0	175	0	175	0	
D0_SEARCH_START_DELAY_sf0_lt200	SEARCH	START_DELAY	ANY	0	200	0	200	0	
D0_SEARCH_START_DELAY_sf0_lt225	SEARCH	START_DELAY	ANY	0	225	0	225	0	
D0_SEARCH_START_DELAY_sf0_lt248	SEARCH	START_DELAY	ANY	0	248	0	248	0	
D0_SEARCH_START_DELAY_sf0_lt249	SEARCH	START_DELAY	ANY	0	249	0	249	0	
D0_SEARCH_START_DELAY_sf0_lt250	SEARCH	START_DELAY	ANY	0	250	0	250	0	
D0_SEARCH_START_DELAY_sf0_lt275	SEARCH	START_DELAY	ANY	0	275	0	275	0	
D0_SEARCH_START_DELAY_sf0_lt300	SEARCH	START_DELAY	ANY	0	300	0	300	0	
D0_SEARCH_START_DELAY_sf0_lt325	SEARCH	START_DELAY	ANY	0	325	0	325	0	
D0_SEARCH_START_DELAY_sf0_lt350	SEARCH	START_DELAY	ANY	0	350	0	350	0	
D0_SEARCH_START_DELAY_sf0_lt375	SEARCH	START_DELAY	ANY	0	375	0	375	0	
D0_SEARCH_START_DELAY_sf0_lt385	SEARCH	START_DELAY	ANY	0	385	0	385	0	
D0_SEARCH_START_DELAY_sf0_lt400	SEARCH	START_DELAY	ANY	0	400	0	400	0	
D0_SEARCH_START_DELAY_sf0_lt425	SEARCH	START_DELAY	ANY	0	425	0	425	0	
D0_SEARCH_START_DELAY_sf0_lt450	SEARCH	START_DELAY	ANY	0	450	0	450	0	
D0_SEARCH_START_DELAY_sf0_lt475	SEARCH	START_DELAY	ANY	0	475	0	475	0	
D0_SEARCH_START_DELAY_sf0_lt500	SEARCH	START_DELAY	ANY	0	500	0	500	0	
D0_SEARCH_START_DELAY_sf0_lt525	SEARCH	START_DELAY	ANY	0	525	0	525	0	
D0_SEARCH_START_DELAY_sf0_lt550	SEARCH	START_DELAY	ANY	0	550	0	550	0	
D0_SEARCH_START_DELAY_sf0_lt575	SEARCH	START_DELAY	ANY	0	575	0	575	0	
D0_SEARCH_START_DELAY_sf0_lt600	SEARCH	START_DELAY	ANY	0	600	0	600	0	
D0_SEARCH_START_DELAY_sf1_lt0	SEARCH	START_DELAY	ANY	0	625	1	0	0	
D0_SEARCH_START_DELAY_sf1_lt1	SEARCH	START_DELAY	ANY	0	626	1	1	0	
D0_SEARCH_START_DELAY_sf1_lt2	SEARCH	START_DELAY	ANY	0	627	1	2	0	
D0_SEARCH_START_DELAY_sf1_lt25	SEARCH	START_DELAY	ANY	0	650	1	25	0	
D0_SEARCH_START_DELAY_sf1_lt50	SEARCH	START_DELAY	ANY	0	675	1	50	0	
D0_SEARCH_START_DELAY_sf1_lt75	SEARCH	START_DELAY	ANY	0	700	1	75	0	
D0_SEARCH_START_DELAY_sf1_lt100	SEARCH	START_DELAY	ANY	0	725	1	100	0	
D0_SEARCH_START_DELAY_sf1_lt125	SEARCH	START_DELAY	ANY	0	750	1	125	0	
D0_SEARCH_START_DELAY_sf1_lt150	SEARCH	START_DELAY	ANY	0	775	1	150	0	
D0_SEARCH_START_DELAY_sf1_lt175	SEARCH	START_DELAY	ANY	0	800	1	175	0	
D0_SEARCH_START_DELAY_sf1_lt200	SEARCH	START_DELAY	ANY	0	825	1	200	0	
D0_SEARCH_START_DELAY_sf1_lt225	SEARCH	START_DELAY	ANY	0	850	1	225	0	
D0_SEARCH_START_DELAY_sf1_lt248	SEARCH	START_DELAY	ANY	0	873	1	248	0	
D0_SEARCH_START_DELAY_sf1_lt249	SEARCH	START_DELAY	ANY	0	874	1	249	0	
D0_SEARCH_START_DELAY_sf1_lt250	SEARCH	START_DELAY	ANY	0	875	1	250	0	
D0_SEARCH_START_DELAY_sf1_lt275	SEARCH	START_DELAY	ANY	0	900	1	275	0	
D0_SEARCH_START_DELAY_sf1_lt300	SEARCH	START_DELAY	ANY	0	925	1	300	0	
D0_SEARCH_START_DELAY_sf1_lt325	SEARCH	START_DELAY	ANY	0	950	1	325	0	
D0_SEARCH_START_DELAY_sf1_lt350	SEARCH	START_DELAY	ANY	0	975	1	350	0	
D0_SEARCH_START_DELAY_sf1_lt375	SEARCH	START_DELAY	ANY	0	1000	1	375	0	
D0_SEARCH_START_DELAY_sf1_lt385	SEARCH	START_DELAY	ANY	0	1010	1	385	0	
D0_SEARCH_START_DELAY_sf1_lt400	SEARCH	START_DELAY	ANY	0	1025	1	400	0	
D0_SEARCH_START_DELAY_sf1_lt425	SEARCH	START_DELAY	ANY	0	1050	1	425	0	
D0_SEARCH_START_DELAY_sf1_lt450	SEARCH	START_DELAY	ANY	0	1075	1	450	0	
D0_SEARCH_START_DELAY_sf1_lt475	SEARCH	START_DELAY	ANY	0	1100	1	475	0	
D0_SEARCH_START_DELAY_sf1_lt500	SEARCH	START_DELAY	ANY	0	1125	1	500	0	
D0_SEARCH_START_DELAY_sf1_lt525	SEARCH	START_DELAY	ANY	0	1150	1	525	0	
D0_SEARCH_START_DELAY_sf1_lt550	SEARCH	START_DELAY	ANY	0	1175	1	550	0	
D0_SEARCH_START_DELAY_sf1_lt575	SEARCH	START_DELAY	ANY	0	1200	1	575	0	
D0_SEARCH_START_DELAY_sf1_lt600	SEARCH	START_DELAY	ANY	0	1225	1	600	0	
D0_SEARCH_START_DELAY_sf2_lt0	SEARCH	START_DELAY	ANY	0	1250	2	0	0	
D0_SEARCH_START_DELAY_sf2_lt1	SEARCH	START_DELAY	ANY	0	1251	2	1	0	
D0_SEARCH_START_DELAY_sf2_lt2	SEARCH	START_DELAY	ANY	0	1252	2	2	0	
D0_SEARCH_START_DELAY_sf2_lt25	SEARCH	START_DELAY	ANY	0	1275	2	25	0	
D0_SEARCH_START_DELAY_sf2_lt50	SEARCH	START_DELAY	ANY	0	1300	2	50	0	
D0_SEARCH_START_DELAY_sf2_lt75	SEARCH	START_DELAY	ANY	0	1325	2	75	0	
D0_SEARCH_START_DELAY_sf2_lt100	SEARCH	START_DELAY	ANY	0	1350	2	100	0	
D0_SEARCH_START_DELAY_sf2_lt125	SEARCH	START_DELAY	ANY	0	1375	2	125	0	
D0_SEARCH_START_DELAY_sf2_lt150	SEARCH	START_DELAY	ANY	0	1400	2	150	0	
D0_SEARCH_START_DELAY_sf2_lt175	SEARCH	START_DELAY	ANY	0	1425	2	175	0	
D0_SEARCH_START_DELAY_sf2_lt200	SEARCH	START_DELAY	ANY	0	1450	2	200	0	
D0_SEARCH_START_DELAY_sf2_lt225	SEARCH	START_DELAY	ANY	0	1475	2	225	0	
D0_SEARCH_START_DELAY_sf2_lt248	SEARCH	START_DELAY	ANY	0	1498	2	248	0	
D0_SEARCH_START_DELAY_sf2_lt249	SEARCH	START_DELAY	ANY	0	1499	2	249	0	
D0_SEARCH_START_DELAY_sf2_lt250	SEARCH	START_DELAY	ANY	0	1500	2	250	0	
D0_SEARCH_START_DELAY_sf2_lt275	SEARCH	START_DELAY	ANY	0	1525	2	275	0	
D0_SEARCH_START_DELAY_sf2_lt300	SEARCH	START_DELAY	ANY	0	1550	2	300	0	
D0_SEARCH_START_DELAY_sf2_lt325	SEARCH	START_DELAY	ANY	0	1575	2	325	0	
D0_SEARCH_START_DELAY_sf2_lt350	SEARCH	START_DELAY	ANY	0	1600	2	350	0	
D0_SEARCH_START_DELAY_sf2_lt375	SEARCH	START_DELAY	ANY	0	1625	2	375	0	
D0_SEARCH_START_DELAY_sf2_lt385	SEARCH	START_DELAY	ANY	0	1635	2	385	0	
D0_SEARCH_START_DELAY_sf2_lt400	SEARCH	START_DELAY	ANY	0	1650	2	400	0	
D0_SEARCH_START_DELAY_sf2_lt425	SEARCH	START_DELAY	ANY	0	1675	2	425	0	
D0_SEARCH_START_DELAY_sf2_lt450	SEARCH	START_DELAY	ANY	0	1700	2	450	0	
D0_SEARCH_START_DELAY_sf2_lt475	SEARCH	START_DELAY	ANY	0	1725	2	475	0	
D0_SEARCH_START_DELAY_sf2_lt500	SEARCH	START_DELAY	ANY	0	1750	2	500	0	
D0_SEARCH_START_DELAY_sf2_lt525	SEARCH	START_DELAY	ANY	0	1775	2	525	0	
D0_SEARCH_START_DELAY_sf2_lt550	SEARCH	START_DELAY	ANY	0	1800	2	550	0	
D0_SEARCH_START_DELAY_sf2_lt575	SEARCH	START_DELAY	ANY	0	1825	2	575	0	
D0_SEARCH_START_DELAY_sf2_lt600	SEARCH	START_DELAY	ANY	0	1850	2	600	0	
D0_SEARCH_START_DELAY_sf3_lt0	SEARCH	START_DELAY	ANY	0	1875	3	0	0	
D0_SEARCH_START_DELAY_sf3_lt1	SEARCH	START_DELAY	ANY	0	1876	3	1	0	
D0_SEARCH_START_DELAY_sf3_lt2	SEARCH	START_DELAY	ANY	0	1877	3	2	0	
D0_SEARCH_START_DELAY_sf3_lt25	SEARCH	START_DELAY	ANY	0	1900	3	25	0	
D0_SEARCH_START_DELAY_sf3_lt50	SEARCH	START_DELAY	ANY	0	1925	3	50	0	
D0_SEARCH_START_DELAY_sf3_lt75	SEARCH	START_DELAY	ANY	0	1950	3	75	0	
D0_SEARCH_START_DELAY_sf3_lt100	SEARCH	START_DELAY	ANY	0	1975	3	100	0	
D0_SEARCH_START_DELAY_sf3_lt125	SEARCH	START_DELAY	ANY	0	2000	3	125	0	
D0_SEARCH_START_DELAY_sf3_lt150	SEARCH	START_DELAY	ANY	0	2025	3	150	0	
D0_SEARCH_START_DELAY_sf3_lt175	SEARCH	START_DELAY	ANY	0	2050	3	175	0	
D0_SEARCH_START_DELAY_sf3_lt200	SEARCH	START_DELAY	ANY	0	2075	3	200	0	
D0_SEARCH_START_DELAY_sf3_lt225	SEARCH	START_DELAY	ANY	0	2100	3	225	0	
D0_SEARCH_START_DELAY_sf3_lt248	SEARCH	START_DELAY	ANY	0	2123	3	248	0	
D0_SEARCH_START_DELAY_sf3_lt249	SEARCH	START_DELAY	ANY	0	2124	3	249	0	
D0_SEARCH_START_DELAY_sf3_lt250	SEARCH	START_DELAY	ANY	0	2125	3	250	0	
D0_SEARCH_START_DELAY_sf3_lt275	SEARCH	START_DELAY	ANY	0	2150	3	275	0	
D0_SEARCH_START_DELAY_sf3_lt300	SEARCH	START_DELAY	ANY	0	2175	3	300	0	
D0_SEARCH_START_DELAY_sf3_lt325	SEARCH	START_DELAY	ANY	0	2200	3	325	0	
D0_SEARCH_START_DELAY_sf3_lt350	SEARCH	START_DELAY	ANY	0	2225	3	350	0	
D0_SEARCH_START_DELAY_sf3_lt375	SEARCH	START_DELAY	ANY	0	2250	3	375	0	
D0_SEARCH_START_DELAY_sf3_lt385	SEARCH	START_DELAY	ANY	0	2260	3	385	0	
D0_SEARCH_START_DELAY_sf3_lt400	SEARCH	START_DELAY	ANY	0	2275	3	400	0	
D0_SEARCH_START_DELAY_sf3_lt425	SEARCH	START_DELAY	ANY	0	2300	3	425	0	
D0_SEARCH_START_DELAY_sf3_lt450	SEARCH	START_DELAY	ANY	0	2325	3	450	0	
D0_SEARCH_START_DELAY_sf3_lt475	SEARCH	START_DELAY	ANY	0	2350	3	475	0	
D0_SEARCH_START_DELAY_sf3_lt500	SEARCH	START_DELAY	ANY	0	2375	3	500	0	
D0_SEARCH_START_DELAY_sf3_lt525	SEARCH	START_DELAY	ANY	0	2400	3	525	0	
D0_SEARCH_START_DELAY_sf3_lt550	SEARCH	START_DELAY	ANY	0	2425	3	550	0	
D0_SEARCH_START_DELAY_sf3_lt575	SEARCH	START_DELAY	ANY	0	2450	3	575	0	
D0_SEARCH_START_DELAY_sf3_lt600	SEARCH	START_DELAY	ANY	0	2475	3	600	0	
D0_SEARCH_START_DELAY_sf4_lt0	SEARCH	START_DELAY	ANY	0	2500	4	0	0	
D0_SEARCH_START_DELAY_sf4_lt1	SEARCH	START_DELAY	ANY	0	2501	4	1	0	
D0_SEARCH_START_DELAY_sf4_lt2	SEARCH	START_DELAY	ANY	0	2502	4	2	0	
D0_SEARCH_START_DELAY_sf4_lt25	SEARCH	START_DELAY	ANY	0	2525	4	25	0	
D0_SEARCH_START_DELAY_sf4_lt50	SEARCH	START_DELAY	ANY	0	2550	4	50	0	
D0_SEARCH_START_DELAY_sf4_lt75	SEARCH	START_DELAY	ANY	0	2575	4	75	0	
D0_SEARCH_START_DELAY_sf4_lt100	SEARCH	START_DELAY	ANY	0	2600	4	100	0	
D0_SEARCH_START_DELAY_sf4_lt125	SEARCH	START_DELAY	ANY	0	2625	4	125	0	
D0_SEARCH_START_DELAY_sf4_lt150	SEARCH	START_DELAY	ANY	0	2650	4	150	0	
D0_SEARCH_START_DELAY_sf4_lt175	SEARCH	START_DELAY	ANY	0	2675	4	175	0	
D0_SEARCH_START_DELAY_sf4_lt200	SEARCH	START_DELAY	ANY	0	2700	4	200	0	
D0_SEARCH_START_DELAY_sf4_lt225	SEARCH	START_DELAY	ANY	0	2725	4	225	0	
D0_SEARCH_START_DELAY_sf4_lt248	SEARCH	START_DELAY	ANY	0	2748	4	248	0	
D0_SEARCH_START_DELAY_sf4_lt249	SEARCH	START_DELAY	ANY	0	2749	4	249	0	
D0_SEARCH_START_DELAY_sf4_lt250	SEARCH	START_DELAY	ANY	0	2750	4	250	0	
D0_SEARCH_START_DELAY_sf4_lt275	SEARCH	START_DELAY	ANY	0	2775	4	275	0	
D0_SEARCH_START_DELAY_sf4_lt300	SEARCH	START_DELAY	ANY	0	2800	4	300	0	
D0_SEARCH_START_DELAY_sf4_lt325	SEARCH	START_DELAY	ANY	0	2825	4	325	0	
D0_SEARCH_START_DELAY_sf4_lt350	SEARCH	START_DELAY	ANY	0	2850	4	350	0	
D0_SEARCH_START_DELAY_sf4_lt375	SEARCH	START_DELAY	ANY	0	2875	4	375	0	
D0_SEARCH_START_DELAY_sf4_lt385	SEARCH	START_DELAY	ANY	0	2885	4	385	0	
D0_SEARCH_START_DELAY_sf4_lt400	SEARCH	START_DELAY	ANY	0	2900	4	400	0	
D0_SEARCH_START_DELAY_sf4_lt425	SEARCH	START_DELAY	ANY	0	2925	4	425	0	
D0_SEARCH_START_DELAY_sf4_lt450	SEARCH	START_DELAY	ANY	0	2950	4	450	0	
D0_SEARCH_START_DELAY_sf4_lt475	SEARCH	START_DELAY	ANY	0	2975	4	475	0	
D0_SEARCH_START_DELAY_sf4_lt500	SEARCH	START_DELAY	ANY	0	3000	4	500	0	
D0_SEARCH_START_DELAY_sf4_lt525	SEARCH	START_DELAY	ANY	0	3025	4	525	0	
D0_SEARCH_START_DELAY_sf4_lt550	SEARCH	START_DELAY	ANY	0	3050	4	550	0	
D0_SEARCH_START_DELAY_sf4_lt575	SEARCH	START_DELAY	ANY	0	3075	4	575	0	
D0_SEARCH_START_DELAY_sf4_lt600	SEARCH	START_DELAY	ANY	0	3100	4	600	0	
D0_SEARCH_START_DELAY_sf5_lt0	SEARCH	START_DELAY	ANY	0	3125	5	0	0	
D0_SEARCH_START_DELAY_sf5_lt1	SEARCH	START_DELAY	ANY	0	3126	5	1	0	
D0_SEARCH_START_DELAY_sf5_lt2	SEARCH	START_DELAY	ANY	0	3127	5	2	0	
D0_SEARCH_START_DELAY_sf5_lt25	SEARCH	START_DELAY	ANY	0	3150	5	25	0	
D0_SEARCH_START_DELAY_sf5_lt50	SEARCH	START_DELAY	ANY	0	3175	5	50	0	
D0_SEARCH_START_DELAY_sf5_lt75	SEARCH	START_DELAY	ANY	0	3200	5	75	0	
D0_SEARCH_START_DELAY_sf5_lt100	SEARCH	START_DELAY	ANY	0	3225	5	100	0	
D0_SEARCH_START_DELAY_sf5_lt125	SEARCH	START_DELAY	ANY	0	3250	5	125	0	
D0_SEARCH_START_DELAY_sf5_lt150	SEARCH	START_DELAY	ANY	0	3275	5	150	0	
D0_SEARCH_START_DELAY_sf5_lt175	SEARCH	START_DELAY	ANY	0	3300	5	175	0	
D0_SEARCH_START_DELAY_sf5_lt200	SEARCH	START_DELAY	ANY	0	3325	5	200	0	
D0_SEARCH_START_DELAY_sf5_lt225	SEARCH	START_DELAY	ANY	0	3350	5	225	0	
D0_SEARCH_START_DELAY_sf5_lt248	SEARCH	START_DELAY	ANY	0	3373	5	248	0	
D0_SEARCH_START_DELAY_sf5_lt249	SEARCH	START_DELAY	ANY	0	3374	5	249	0	
D0_SEARCH_START_DELAY_sf5_lt250	SEARCH	START_DELAY	ANY	0	3375	5	250	0	
D0_SEARCH_START_DELAY_sf5_lt275	SEARCH	START_DELAY	ANY	0	3400	5	275	0	
D0_SEARCH_START_DELAY_sf5_lt300	SEARCH	START_DELAY	ANY	0	3425	5	300	0	
D0_SEARCH_START_DELAY_sf5_lt325	SEARCH	START_DELAY	ANY	0	3450	5	325	0	
D0_SEARCH_START_DELAY_sf5_lt350	SEARCH	START_DELAY	ANY	0	3475	5	350	0	
D0_SEARCH_START_DELAY_sf5_lt375	SEARCH	START_DELAY	ANY	0	3500	5	375	0	
D0_SEARCH_START_DELAY_sf5_lt385	SEARCH	START_DELAY	ANY	0	3510	5	385	0	
D0_SEARCH_START_DELAY_sf5_lt400	SEARCH	START_DELAY	ANY	0	3525	5	400	0	
D0_SEARCH_START_DELAY_sf5_lt425	SEARCH	START_DELAY	ANY	0	3550	5	425	0	
D0_SEARCH_START_DELAY_sf5_lt450	SEARCH	START_DELAY	ANY	0	3575	5	450	0	
D0_SEARCH_START_DELAY_sf5_lt475	SEARCH	START_DELAY	ANY	0	3600	5	475	0	
D0_SEARCH_START_DELAY_sf5_lt500	SEARCH	START_DELAY	ANY	0	3625	5	500	0	
D0_SEARCH_START_DELAY_sf5_lt525	SEARCH	START_DELAY	ANY	0	3650	5	525	0	
D0_SEARCH_START_DELAY_sf5_lt550	SEARCH	START_DELAY	ANY	0	3675	5	550	0	
D0_SEARCH_START_DELAY_sf5_lt575	SEARCH	START_DELAY	ANY	0	3700	5	575	0	
D0_SEARCH_START_DELAY_sf5_lt600	SEARCH	START_DELAY	ANY	0	3725	5	600	0	
D0_SEARCH_START_DELAY_sf6_lt0	SEARCH	START_DELAY	ANY	0	3750	6	0	0	
D0_SEARCH_START_DELAY_sf6_lt1	SEARCH	START_DELAY	ANY	0	3751	6	1	0	
D0_SEARCH_START_DELAY_sf6_lt2	SEARCH	START_DELAY	ANY	0	3752	6	2	0	
D0_SEARCH_START_DELAY_sf6_lt25	SEARCH	START_DELAY	ANY	0	3775	6	25	0	
D0_SEARCH_START_DELAY_sf6_lt50	SEARCH	START_DELAY	ANY	0	3800	6	50	0	
D0_SEARCH_START_DELAY_sf6_lt75	SEARCH	START_DELAY	ANY	0	3825	6	75	0	
D0_SEARCH_START_DELAY_sf6_lt100	SEARCH	START_DELAY	ANY	0	3850	6	100	0	
D0_SEARCH_START_DELAY_sf6_lt125	SEARCH	START_DELAY	ANY	0	3875	6	125	0	
D0_SEARCH_START_DELAY_sf6_lt150	SEARCH	START_DELAY	ANY	0	3900	6	150	0	
D0_SEARCH_START_DELAY_sf6_lt175	SEARCH	START_DELAY	ANY	0	3925	6	175	0	
D0_SEARCH_START_DELAY_sf6_lt200	SEARCH	START_DELAY	ANY	0	3950	6	200	0	
D0_SEARCH_START_DELAY_sf6_lt225	SEARCH	START_DELAY	ANY	0	3975	6	225	0	
D0_SEARCH_START_DELAY_sf6_lt248	SEARCH	START_DELAY	ANY	0	3998	6	248	0	
D0_SEARCH_START_DELAY_sf6_lt249	SEARCH	START_DELAY	ANY	0	3999	6	249	0	
D0_SEARCH_START_DELAY_sf6_lt250	SEARCH	START_DELAY	ANY	0	4000	6	250	0	
D0_SEARCH_START_DELAY_sf6_lt275	SEARCH	START_DELAY	ANY	0	4025	6	275	0	
D0_SEARCH_START_DELAY_sf6_lt300	SEARCH	START_DELAY	ANY	0	4050	6	300	0	
D0_SEARCH_START_DELAY_sf6_lt325	SEARCH	START_DELAY	ANY	0	4075	6	325	0	
D0_SEARCH_START_DELAY_sf6_lt350	SEARCH	START_DELAY	ANY	0	4100	6	350	0	
D0_SEARCH_START_DELAY_sf6_lt375	SEARCH	START_DELAY	ANY	0	4125	6	375	0	
D0_SEARCH_START_DELAY_sf6_lt385	SEARCH	START_DELAY	ANY	0	4135	6	385	0	
D0_SEARCH_START_DELAY_sf6_lt400	SEARCH	START_DELAY	ANY	0	4150	6	400	0	
D0_SEARCH_START_DELAY_sf6_lt425	SEARCH	START_DELAY	ANY	0	4175	6	425	0	
D0_SEARCH_START_DELAY_sf6_lt450	SEARCH	START_DELAY	ANY	0	4200	6	450	0	
D0_SEARCH_START_DELAY_sf6_lt475	SEARCH	START_DELAY	ANY	0	4225	6	475	0	
D0_SEARCH_START_DELAY_sf6_lt500	SEARCH	START_DELAY	ANY	0	4250	6	500	0	
D0_SEARCH_START_DELAY_sf6_lt525	SEARCH	START_DELAY	ANY	0	4275	6	525	0	
D0_SEARCH_START_DELAY_sf6_lt550	SEARCH	START_DELAY	ANY	0	4300	6	550	0	
D0_SEARCH_START_DELAY_sf6_lt575	SEARCH	START_DELAY	ANY	0	4325	6	575	0	
D0_SEARCH_START_DELAY_sf6_lt600	SEARCH	START_DELAY	ANY	0	4350	6	600	0	
D0_SEARCH_START_DELAY_sf7_lt0	SEARCH	START_DELAY	ANY	0	4375	7	0	0	
D0_SEARCH_START_DELAY_sf7_lt1	SEARCH	START_DELAY	ANY	0	4376	7	1	0	
D0_SEARCH_START_DELAY_sf7_lt2	SEARCH	START_DELAY	ANY	0	4377	7	2	0	
D0_SEARCH_START_DELAY_sf7_lt25	SEARCH	START_DELAY	ANY	0	4400	7	25	0	
D0_SEARCH_START_DELAY_sf7_lt50	SEARCH	START_DELAY	ANY	0	4425	7	50	0	
D0_SEARCH_START_DELAY_sf7_lt75	SEARCH	START_DELAY	ANY	0	4450	7	75	0	
D0_SEARCH_START_DELAY_sf7_lt100	SEARCH	START_DELAY	ANY	0	4475	7	100	0	
D0_SEARCH_START_DELAY_sf7_lt125	SEARCH	START_DELAY	ANY	0	4500	7	125	0	
D0_SEARCH_START_DELAY_sf7_lt150	SEARCH	START_DELAY	ANY	0	4525	7	150	0	
D0_SEARCH_START_DELAY_sf7_lt175	SEARCH	START_DELAY	ANY	0	4550	7	175	0	
D0_SEARCH_START_DELAY_sf7_lt200	SEARCH	START_DELAY	ANY	0	4575	7	200	0	
D0_SEARCH_START_DELAY_sf7_lt225	SEARCH	START_DELAY	ANY	0	4600	7	225	0	
D0_SEARCH_START_DELAY_sf7_lt248	SEARCH	START_DELAY	ANY	0	4623	7	248	0	
D0_SEARCH_START_DELAY_sf7_lt249	SEARCH	START_DELAY	ANY	0	4624	7	249	0	
D0_SEARCH_START_DELAY_sf7_lt250	SEARCH	START_DELAY	ANY	0	4625	7	250	0	
D0_SEARCH_START_DELAY_sf7_lt275	SEARCH	START_DELAY	ANY	0	4650	7	275	0	
D0_SEARCH_START_DELAY_sf7_lt300	SEARCH	START_DELAY	ANY	0	4675	7	300	0	
D0_SEARCH_START_DELAY_sf7_lt325	SEARCH	START_DELAY	ANY	0	4700	7	325	0	
D0_SEARCH_START_DELAY_sf7_lt350	SEARCH	START_DELAY	ANY	0	4725	7	350	0	
D0_SEARCH_START_DELAY_sf7_lt375	SEARCH	START_DELAY	ANY	0	4750	7	375	0	
D0_SEARCH_START_DELAY_sf7_lt385	SEARCH	START_DELAY	ANY	0	4760	7	385	0	
D0_SEARCH_START_DELAY_sf7_lt400	SEARCH	START_DELAY	ANY	0	4775	7	400	0	
D0_SEARCH_START_DELAY_sf7_lt425	SEARCH	START_DELAY	ANY	0	4800	7	425	0	
D0_SEARCH_START_DELAY_sf7_lt450	SEARCH	START_DELAY	ANY	0	4825	7	450	0	
D0_SEARCH_START_DELAY_sf7_lt475	SEARCH	START_DELAY	ANY	0	4850	7	475	0	
D0_SEARCH_START_DELAY_sf7_lt500	SEARCH	START_DELAY	ANY	0	4875	7	500	0	
D0_SEARCH_START_DELAY_sf7_lt525	SEARCH	START_DELAY	ANY	0	4900	7	525	0	
D0_SEARCH_START_DELAY_sf7_lt550	SEARCH	START_DELAY	ANY	0	4925	7	550	0	
D0_SEARCH_START_DELAY_sf7_lt575	SEARCH	START_DELAY	ANY	0	4950	7	575	0	
D0_SEARCH_START_DELAY_sf7_lt600	SEARCH	START_DELAY	ANY	0	4975	7	600	0	
D100_SEARCH_START_DELAY_sf0_lt0	SEARCH	START_DELAY	ANY	0	0	0	0	100	
D100_SEARCH_START_DELAY_sf0_lt1	SEARCH	START_DELAY	ANY	0	1	0	1	100	
D100_SEARCH_START_DELAY_sf0_lt2	SEARCH	START_DELAY	ANY	0	2	0	2	100	
D100_SEARCH_START_DELAY_sf0_lt25	SEARCH	START_DELAY	ANY	0	25	0	25	100	
D100_SEARCH_START_DELAY_sf0_lt50	SEARCH	START_DELAY	ANY	0	50	0	50	100	
D100_SEARCH_START_DELAY_sf0_lt75	SEARCH	START_DELAY	ANY	0	75	0	75	100	
D100_SEARCH_START_DELAY_sf0_lt100	SEARCH	START_DELAY	ANY	0	100	0	100	100	
D100_SEARCH_START_DELAY_sf0_lt125	SEARCH	START_DELAY	ANY	0	125	0	125	100	
D100_SEARCH_START_DELAY_sf0_lt150	SEARCH	START_DELAY	ANY	0	150	0	150	100	
D100_SEARCH_START_DELAY_sf0_lt175	SEARCH	START_DELAY	ANY	0	175	0	175	100	
D100_SEARCH_START_DELAY_sf0_lt200	SEARCH	START_DELAY	ANY	0	200	0	200	100	
D100_SEARCH_START_DELAY_sf0_lt225	SEARCH	START_DELAY	ANY	0	225	0	225	100	
D100_SEARCH_START_DELAY_sf0_lt248	SEARCH	START_DELAY	ANY	0	248	0	248	100	
D100_SEARCH_START_DELAY_sf0_lt249	SEARCH	START_DELAY	ANY	0	249	0	249	100	
D100_SEARCH_START_DELAY_sf0_lt250	SEARCH	START_DELAY	ANY	0	250	0	250	100	
D100_SEARCH_START_DELAY_sf0_lt275	SEARCH	START_DELAY	ANY	0	275	0	275	100	
D100_SEARCH_START_DELAY_sf0_lt300	SEARCH	START_DELAY	ANY	0	300	0	300	100	
D100_SEARCH_START_DELAY_sf0_lt325	SEARCH	START_DELAY	ANY	0	325	0	325	100	
D100_SEARCH_START_DELAY_sf0_lt350	SEARCH	START_DELAY	ANY	0	350	0	350	100	
D100_SEARCH_START_DELAY_sf0_lt375	SEARCH	START_DELAY	ANY	0	375	0	375	100	
D100_SEARCH_START_DELAY_sf0_lt385	SEARCH	START_DELAY	ANY	0	385	0	385	100	
D100_SEARCH_START_DELAY_sf0_lt400	SEARCH	START_DELAY	ANY	0	400	0	400	100	
D100_SEARCH_START_DELAY_sf0_lt425	SEARCH	START_DELAY	ANY	0	425	0	425	100	
D100_SEARCH_START_DELAY_sf0_lt450	SEARCH	START_DELAY	ANY	0	450	0	450	100	
D100_SEARCH_START_DELAY_sf0_lt475	SEARCH	START_DELAY	ANY	0	475	0	475	100	
D100_SEARCH_START_DELAY_sf0_lt500	SEARCH	START_DELAY	ANY	0	500	0	500	100	
D100_SEARCH_START_DELAY_sf0_lt525	SEARCH	START_DELAY	ANY	0	525	0	525	100	
D100_SEARCH_START_DELAY_sf0_lt550	SEARCH	START_DELAY	ANY	0	550	0	550	100	
D100_SEARCH_START_DELAY_sf0_lt575	SEARCH	START_DELAY	ANY	0	575	0	575	100	
D100_SEARCH_START_DELAY_sf0_lt600	SEARCH	START_DELAY	ANY	0	600	0	600	100	
D100_SEARCH_START_DELAY_sf1_lt0	SEARCH	START_DELAY	ANY	0	625	1	0	100	
D100_SEARCH_START_DELAY_sf1_lt1	SEARCH	START_DELAY	ANY	0	626	1	1	100	
D100_SEARCH_START_DELAY_sf1_lt2	SEARCH	START_DELAY	ANY	0	627	1	2	100	
D100_SEARCH_START_DELAY_sf1_lt25	SEARCH	START_DELAY	ANY	0	650	1	25	100	
D100_SEARCH_START_DELAY_sf1_lt50	SEARCH	START_DELAY	ANY	0	675	1	50	100	
D100_SEARCH_START_DELAY_sf1_lt75	SEARCH	START_DELAY	ANY	0	700	1	75	100	
D100_SEARCH_START_DELAY_sf1_lt100	SEARCH	START_DELAY	ANY	0	725	1	100	100	
D100_SEARCH_START_DELAY_sf1_lt125	SEARCH	START_DELAY	ANY	0	750	1	125	100	
D100_SEARCH_START_DELAY_sf1_lt150	SEARCH	START_DELAY	ANY	0	775	1	150	100	
D100_SEARCH_START_DELAY_sf1_lt175	SEARCH	START_DELAY	ANY	0	800	1	175	100	
D100_SEARCH_START_DELAY_sf1_lt200	SEARCH	START_DELAY	ANY	0	825	1	200	100	
D100_SEARCH_START_DELAY_sf1_lt225	SEARCH	START_DELAY	ANY	0	850	1	225	100	
D100_SEARCH_START_DELAY_sf1_lt248	SEARCH	START_DELAY	ANY	0	873	1	248	100	
D100_SEARCH_START_DELAY_sf1_lt249	SEARCH	START_DELAY	ANY	0	874	1	249	100	
D100_SEARCH_START_DELAY_sf1_lt250	SEARCH	START_DELAY	ANY	0	875	1	250	100	
D100_SEARCH_START_DELAY_sf1_lt275	SEARCH	START_DELAY	ANY	0	900	1	275	100	
D100_SEARCH_START_DELAY_sf1_lt300	SEARCH	START_DELAY	ANY	0	925	1	300	100	
D100_SEARCH_START_DELAY_sf1_lt325	SEARCH	START_DELAY	ANY	0	950	1	325	100	
D100_SEARCH_START_DELAY_sf1_lt350	SEARCH	START_DELAY	ANY	0	975	1	350	100	
D100_SEARCH_START_DELAY_sf1_lt375	SEARCH	START_DELAY	ANY	0	1000	1	375	100	
D100_SEARCH_START_DELAY_sf1_lt385	SEARCH	START_DELAY	ANY	0	1010	1	385	100	
D100_SEARCH_START_DELAY_sf1_lt400	SEARCH	START_DELAY	ANY	0	1025	1	400	100	
D100_SEARCH_START_DELAY_sf1_lt425	SEARCH	START_DELAY	ANY	0	1050	1	425	100	
D100_SEARCH_START_DELAY_sf1_lt450	SEARCH	START_DELAY	ANY	0	1075	1	450	100	
D100_SEARCH_START_DELAY_sf1_lt475	SEARCH	START_DELAY	ANY	0	1100	1	475	100	
D100_SEARCH_START_DELAY_sf1_lt500	SEARCH	START_DELAY	ANY	0	1125	1	500	100	
D100_SEARCH_START_DELAY_sf1_lt525	SEARCH	START_DELAY	ANY	0	1150	1	525	100	
D100_SEARCH_START_DELAY_sf1_lt550	SEARCH	START_DELAY	ANY	0	1175	1	550	100	
D100_SEARCH_START_DELAY_sf1_lt575	SEARCH	START_DELAY	ANY	0	1200	1	575	100	
D100_SEARCH_START_DELAY_sf1_lt600	SEARCH	START_DELAY	ANY	0	1225	1	600	100	
D100_SEARCH_START_DELAY_sf2_lt0	SEARCH	START_DELAY	ANY	0	1250	2	0	100	
D100_SEARCH_START_DELAY_sf2_lt1	SEARCH	START_DELAY	ANY	0	1251	2	1	100	
D100_SEARCH_START_DELAY_sf2_lt2	SEARCH	START_DELAY	ANY	0	1252	2	2	100	
D100_SEARCH_START_DELAY_sf2_lt25	SEARCH	START_DELAY	ANY	0	1275	2	25	100	
D100_SEARCH_START_DELAY_sf2_lt50	SEARCH	START_DELAY	ANY	0	1300	2	50	100	
D100_SEARCH_START_DELAY_sf2_lt75	SEARCH	START_DELAY	ANY	0	1325	2	75	100	
D100_SEARCH_START_DELAY_sf2_lt100	SEARCH	START_DELAY	ANY	0	1350	2	100	100	
D100_SEARCH_START_DELAY_sf2_lt125	SEARCH	START_DELAY	ANY	0	1375	2	125	100	
D100_SEARCH_START_DELAY_sf2_lt150	SEARCH	START_DELAY	ANY	0	1400	2	150	100	
D100_SEARCH_START_DELAY_sf2_lt175	SEARCH	START_DELAY	ANY	0	1425	2	175	100	
D100_SEARCH_START_DELAY_sf2_lt200	SEARCH	START_DELAY	ANY	0	1450	2	200	100	
D100_SEARCH_START_DELAY_sf2_lt225	SEARCH	START_DELAY	ANY	0	1475	2	225	100	
D100_SEARCH_START_DELAY_sf2_lt248	SEARCH	START_DELAY	ANY	0	1498	2	248	100	
D100_SEARCH_START_DELAY_sf2_lt249	SEARCH	START_DELAY	ANY	0	1499	2	249	100	
D100_SEARCH_START_DELAY_sf2_lt250	SEARCH	START_DELAY	ANY	0	1500	2	250	100	
D100_SEARCH_START_DELAY_sf2_lt275	SEARCH	START_DELAY	ANY	0	1525	2	275	100	
D100_SEARCH_START_DELAY_sf2_lt300	SEARCH	START_DELAY	ANY	0	1550	2	300	100	
D100_SEARCH_START_DELAY_sf2_lt325	SEARCH	START_DELAY	ANY	0	1575	2	325	100	
D100_SEARCH_START_DELAY_sf2_lt350	SEARCH	START_DELAY	ANY	0	1600	2	350	100	
D100_SEARCH_START_DELAY_sf2_lt375	SEARCH	START_DELAY	ANY	0	1625	2	375	100	
D100_SEARCH_START_DELAY_sf2_lt385	SEARCH	START_DELAY	ANY	0	1635	2	385	100	
D100_SEARCH_START_DELAY_sf2_lt400	SEARCH	START_DELAY	ANY	0	1650	2	400	100	
D100_SEARCH_START_DELAY_sf2_lt425	SEARCH	START_DELAY	ANY	0	1675	2	425	100	
D100_SEARCH_START_DELAY_sf2_lt450	SEARCH	START_DELAY	ANY	0	1700	2	450	100	
D100_SEARCH_START_DELAY_sf2_lt475	SEARCH	START_DELAY	ANY	0	1725	2	475	100	
D100_SEARCH_START_DELAY_sf2_lt500	SEARCH	START_DELAY	ANY	0	1750	2	500	100	
D100_SEARCH_START_DELAY_sf2_lt525	SEARCH	START_DELAY	ANY	0	1775	2	525	100	
D100_SEARCH_START_DELAY_sf2_lt550	SEARCH	START_DELAY	ANY	0	1800	2	550	100	
D100_SEARCH_START_DELAY_sf2_lt575	SEARCH	START_DELAY	ANY	0	1825	2	575	100	
D100_SEARCH_START_DELAY_sf2_lt600	SEARCH	START_DELAY	ANY	0	1850	2	600	100	
D100_SEARCH_START_DELAY_sf3_lt0	SEARCH	START_DELAY	ANY	0	1875	3	0	100	
D100_SEARCH_START_DELAY_sf3_lt1	SEARCH	START_DELAY	ANY	0	1876	3	1	100	
D100_SEARCH_START_DELAY_sf3_lt2	SEARCH	START_DELAY	ANY	0	1877	3	2	100	
D100_SEARCH_START_DELAY_sf3_lt25	SEARCH	START_DELAY	ANY	0	1900	3	25	100	
D100_SEARCH_START_DELAY_sf3_lt50	SEARCH	START_DELAY	ANY	0	1925	3	50	100	
D100_SEARCH_START_DELAY_sf3_lt75	SEARCH	START_DELAY	ANY	0	1950	3	75	100	
D100_SEARCH_START_DELAY_sf3_lt100	SEARCH	START_DELAY	ANY	0	1975	3	100	100	
D100_SEARCH_START_DELAY_sf3_lt125	SEARCH	START_DELAY	ANY	0	2000	3	125	100	
D100_SEARCH_START_DELAY_sf3_lt150	SEARCH	START_DELAY	ANY	0	2025	3	150	100	
D100_SEARCH_START_DELAY_sf3_lt175	SEARCH	START_DELAY	ANY	0	2050	3	175	100	
D100_SEARCH_START_DELAY_sf3_lt200	SEARCH	START_DELAY	ANY	0	2075	3	200	100	
D100_SEARCH_START_DELAY_sf3_lt225	SEARCH	START_DELAY	ANY	0	2100	3	225	100	
D100_SEARCH_START_DELAY_sf3_lt248	SEARCH	START_DELAY	ANY	0	2123	3	248	100	
D100_SEARCH_START_DELAY_sf3_lt249	SEARCH	START_DELAY	ANY	0	2124	3	249	100	
D100_SEARCH_START_DELAY_sf3_lt250	SEARCH	START_DELAY	ANY	0	2125	3	250	100	
D100_SEARCH_START_DELAY_sf3_lt275	SEARCH	START_DELAY	ANY	0	2150	3	275	100	
D100_SEARCH_START_DELAY_sf3_lt300	SEARCH	START_DELAY	ANY	0	2175	3	300	100	
D100_SEARCH_START_DELAY_sf3_lt325	SEARCH	START_DELAY	ANY	0	2200	3	325	100	
D100_SEARCH_START_DELAY_sf3_lt350	SEARCH	START_DELAY	ANY	0	2225	3	350	100	
D100_SEARCH_START_DELAY_sf3_lt375	SEARCH	START_DELAY	ANY	0	2250	3	375	100	
D100_SEARCH_START_DELAY_sf3_lt385	SEARCH	START_DELAY	ANY	0	2260	3	385	100	
D100_SEARCH_START_DELAY_sf3_lt400	SEARCH	START_DELAY	ANY	0	2275	3	400	100	
D100_SEARCH_START_DELAY_sf3_lt425	SEARCH	START_DELAY	ANY	0	2300	3	425	100	
D100_SEARCH_START_DELAY_sf3_lt450	SEARCH	START_DELAY	ANY	0	2325	3	450	100	
D100_SEARCH_START_DELAY_sf3_lt475	SEARCH	START_DELAY	ANY	0	2350	3	475	100	
D100_SEARCH_START_DELAY_sf3_lt500	SEARCH	START_DELAY	ANY	0	2375	3	500	100	
D100_SEARCH_START_DELAY_sf3_lt525	SEARCH	START_DELAY	ANY	0	2400	3	525	100	
D100_SEARCH_START_DELAY_sf3_lt550	SEARCH	START_DELAY	ANY	0	2425	3	550	100	
D100_SEARCH_START_DELAY_sf3_lt575	SEARCH	START_DELAY	ANY	0	2450	3	575	100	
D100_SEARCH_START_DELAY_sf3_lt600	SEARCH	START_DELAY	ANY	0	2475	3	600	100	
D100_SEARCH_START_DELAY_sf4_lt0	SEARCH	START_DELAY	ANY	0	2500	4	0	100	
D100_SEARCH_START_DELAY_sf4_lt1	SEARCH	START_DELAY	ANY	0	2501	4	1	100	
D100_SEARCH_START_DELAY_sf4_lt2	SEARCH	START_DELAY	ANY	0	2502	4	2	100	
D100_SEARCH_START_DELAY_sf4_lt25	SEARCH	START_DELAY	ANY	0	2525	4	25	100	
D100_SEARCH_START_DELAY_sf4_lt50	SEARCH	START_DELAY	ANY	0	2550	4	50	100	
D100_SEARCH_START_DELAY_sf4_lt75	SEARCH	START_DELAY	ANY	0	2575	4	75	100	
D100_SEARCH_START_DELAY_sf4_lt100	SEARCH	START_DELAY	ANY	0	2600	4	100	100	
D100_SEARCH_START_DELAY_sf4_lt125	SEARCH	START_DELAY	ANY	0	2625	4	125	100	
D100_SEARCH_START_DELAY_sf4_lt150	SEARCH	START_DELAY	ANY	0	2650	4	150	100	
D100_SEARCH_START_DELAY_sf4_lt175	SEARCH	START_DELAY	ANY	0	2675	4	175	100	
D100_SEARCH_START_DELAY_sf4_lt200	SEARCH	START_DELAY	ANY	0	2700	4	200	100	
D100_SEARCH_START_DELAY_sf4_lt225	SEARCH	START_DELAY	ANY	0	2725	4	225	100	
D100_SEARCH_START_DELAY_sf4_lt248	SEARCH	START_DELAY	ANY	0	2748	4	248	100	
D100_SEARCH_START_DELAY_sf4_lt249	SEARCH	START_DELAY	ANY	0	2749	4	249	100	
D100_SEARCH_START_DELAY_sf4_lt250	SEARCH	START_DELAY	ANY	0	2750	4	250	100	
D100_SEARCH_START_DELAY_sf4_lt275	SEARCH	START_DELAY	ANY	0	2775	4	275	100	
D100_SEARCH_START_DELAY_sf4_lt300	SEARCH	START_DELAY	ANY	0	2800	4	300	100	
D100_SEARCH_START_DELAY_sf4_lt325	SEARCH	START_DELAY	ANY	0	2825	4	325	100	
D100_SEARCH_START_DELAY_sf4_lt350	SEARCH	START_DELAY	ANY	0	2850	4	350	100	
D100_SEARCH_START_DELAY_sf4_lt375	SEARCH	START_DELAY	ANY	0	2875	4	375	100	
D100_SEARCH_START_DELAY_sf4_lt385	SEARCH	START_DELAY	ANY	0	2885	4	385	100	
D100_SEARCH_START_DELAY_sf4_lt400	SEARCH	START_DELAY	ANY	0	2900	4	400	100	
D100_SEARCH_START_DELAY_sf4_lt425	SEARCH	START_DELAY	ANY	0	2925	4	425	100	
D100_SEARCH_START_DELAY_sf4_lt450	SEARCH	START_DELAY	ANY	0	2950	4	450	100	
D100_SEARCH_START_DELAY_sf4_lt475	SEARCH	START_DELAY	ANY	0	2975	4	475	100	
D100_SEARCH_START_DELAY_sf4_lt500	SEARCH	START_DELAY	ANY	0	3000	4	500	100	
D100_SEARCH_START_DELAY_sf4_lt525	SEARCH	START_DELAY	ANY	0	3025	4	525	100	
D100_SEARCH_START_DELAY_sf4_lt550	SEARCH	START_DELAY	ANY	0	3050	4	550	100	
D100_SEARCH_START_DELAY_sf4_lt575	SEARCH	START_DELAY	ANY	0	3075	4	575	100	
D100_SEARCH_START_DELAY_sf4_lt600	SEARCH	START_DELAY	ANY	0	3100	4	600	100	
D100_SEARCH_START_DELAY_sf5_lt0	SEARCH	START_DELAY	ANY	0	3125	5	0	100	
D100_SEARCH_START_DELAY_sf5_lt1	SEARCH	START_DELAY	ANY	0	3126	5	1	100	
D100_SEARCH_START_DELAY_sf5_lt2	SEARCH	START_DELAY	ANY	0	3127	5	2	100	
D100_SEARCH_START_DELAY_sf5_lt25	SEARCH	START_DELAY	ANY	0	3150	5	25	100	
D100_SEARCH_START_DELAY_sf5_lt50	SEARCH	START_DELAY	ANY	0	3175	5	50	100	
D100_SEARCH_START_DELAY_sf5_lt75	SEARCH	START_DELAY	ANY	0	3200	5	75	100	
D100_SEARCH_START_DELAY_sf5_lt100	SEARCH	START_DELAY	ANY	0	3225	5	100	100	
D100_SEARCH_START_DELAY_sf5_lt125	SEARCH	START_DELAY	ANY	0	3250	5	125	100	
D100_SEARCH_START_DELAY_sf5_lt150	SEARCH	START_DELAY	ANY	0	3275	5	150	100	
D100_SEARCH_START_DELAY_sf5_lt175	SEARCH	START_DELAY	ANY	0	3300	5	175	100	
D100_SEARCH_START_DELAY_sf5_lt200	SEARCH	START_DELAY	ANY	0	3325	5	200	100	
D100_SEARCH_START_DELAY_sf5_lt225	SEARCH	START_DELAY	ANY	0	3350	5	225	100	
D100_SEARCH_START_DELAY_sf5_lt248	SEARCH	START_DELAY	ANY	0	3373	5	248	100	
D100_SEARCH_START_DELAY_sf5_lt249	SEARCH	START_DELAY	ANY	0	3374	5	249	100	
D100_SEARCH_START_DELAY_sf5_lt250	SEARCH	START_DELAY	ANY	0	3375	5	250	100	
D100_SEARCH_START_DELAY_sf5_lt275	SEARCH	START_DELAY	ANY	0	3400	5	275	100	
D100_SEARCH_START_DELAY_sf5_lt300	SEARCH	START_DELAY	ANY	0	3425	5	300	100	
D100_SEARCH_START_DELAY_sf5_lt325	SEARCH	START_DELAY	ANY	0	3450	5	325	100	
D100_SEARCH_START_DELAY_sf5_lt350	SEARCH	START_DELAY	ANY	0	3475	5	350	100	
D100_SEARCH_START_DELAY_sf5_lt375	SEARCH	START_DELAY	ANY	0	3500	5	375	100	
D100_SEARCH_START_DELAY_sf5_lt385	SEARCH	START_DELAY	ANY	0	3510	5	385	100	
D100_SEARCH_START_DELAY_sf5_lt400	SEARCH	START_DELAY	ANY	0	3525	5	400	100	
D100_SEARCH_START_DELAY_sf5_lt425	SEARCH	START_DELAY	ANY	0	3550	5	425	100	
D100_SEARCH_START_DELAY_sf5_lt450	SEARCH	START_DELAY	ANY	0	3575	5	450	100	
D100_SEARCH_START_DELAY_sf5_lt475	SEARCH	START_DELAY	ANY	0	3600	5	475	100	
D100_SEARCH_START_DELAY_sf5_lt500	SEARCH	START_DELAY	ANY	0	3625	5	500	100	
D100_SEARCH_START_DELAY_sf5_lt525	SEARCH	START_DELAY	ANY	0	3650	5	525	100	
D100_SEARCH_START_DELAY_sf5_lt550	SEARCH	START_DELAY	ANY	0	3675	5	550	100	
D100_SEARCH_START_DELAY_sf5_lt575	SEARCH	START_DELAY	ANY	0	3700	5	575	100	
D100_SEARCH_START_DELAY_sf5_lt600	SEARCH	START_DELAY	ANY	0	3725	5	600	100	
D100_SEARCH_START_DELAY_sf6_lt0	SEARCH	START_DELAY	ANY	0	3750	6	0	100	
D100_SEARCH_START_DELAY_sf6_lt1	SEARCH	START_DELAY	ANY	0	3751	6	1	100	
D100_SEARCH_START_DELAY_sf6_lt2	SEARCH	START_DELAY	ANY	0	3752	6	2	100	
D100_SEARCH_START_DELAY_sf6_lt25	SEARCH	START_DELAY	ANY	0	3775	6	25	100	
D100_SEARCH_START_DELAY_sf6_lt50	SEARCH	START_DELAY	ANY	0	3800	6	50	100	
D100_SEARCH_START_DELAY_sf6_lt75	SEARCH	START_DELAY	ANY	0	3825	6	75	100	
D100_SEARCH_START_DELAY_sf6_lt100	SEARCH	START_DELAY	ANY	0	3850	6	100	100	
D100_SEARCH_START_DELAY_sf6_lt125	SEARCH	START_DELAY	ANY	0	3875	6	125	100	
D100_SEARCH_START_DELAY_sf6_lt150	SEARCH	START_DELAY	ANY	0	3900	6	150	100	
D100_SEARCH_START_DELAY_sf6_lt175	SEARCH	START_DELAY	ANY	0	3925	6	175	100	
D100_SEARCH_START_DELAY_sf6_lt200	SEARCH	START_DELAY	ANY	0	3950	6	200	100	
D100_SEARCH_START_DELAY_sf6_lt225	SEARCH	START_DELAY	ANY	0	3975	6	225	100	
D100_SEARCH_START_DELAY_sf6_lt248	SEARCH	START_DELAY	ANY	0	3998	6	248	100	
D100_SEARCH_START_DELAY_sf6_lt249	SEARCH	START_DELAY	ANY	0	3999	6	249	100	
D100_SEARCH_START_DELAY_sf6_lt250	SEARCH	START_DELAY	ANY	0	4000	6	250	100	
D100_SEARCH_START_DELAY_sf6_lt275	SEARCH	START_DELAY	ANY	0	4025	6	275	100	
D100_SEARCH_START_DELAY_sf6_lt300	SEARCH	START_DELAY	ANY	0	4050	6	300	100	
D100_SEARCH_START_DELAY_sf6_lt325	SEARCH	START_DELAY	ANY	0	4075	6	325	100	
D100_SEARCH_START_DELAY_sf6_lt350	SEARCH	START_DELAY	ANY	0	4100	6	350	100	
D100_SEARCH_START_DELAY_sf6_lt375	SEARCH	START_DELAY	ANY	0	4125	6	375	100	
D100_SEARCH_START_DELAY_sf6_lt385	SEARCH	START_DELAY	ANY	0	4135	6	385	100	
D100_SEARCH_START_DELAY_sf6_lt400	SEARCH	START_DELAY	ANY	0	4150	6	400	100	
D100_SEARCH_START_DELAY_sf6_lt425	SEARCH	START_DELAY	ANY	0	4175	6	425	100	
D100_SEARCH_START_DELAY_sf6_lt450	SEARCH	START_DELAY	ANY	0	4200	6	450	100	
D100_SEARCH_START_DELAY_sf6_lt475	SEARCH	START_DELAY	ANY	0	4225	6	475	100	
D100_SEARCH_START_DELAY_sf6_lt500	SEARCH	START_DELAY	ANY	0	4250	6	500	100	
D100_SEARCH_START_DELAY_sf6_lt525	SEARCH	START_DELAY	ANY	0	4275	6	525	100	
D100_SEARCH_START_DELAY_sf6_lt550	SEARCH	START_DELAY	ANY	0	4300	6	550	100	
D100_SEARCH_START_DELAY_sf6_lt575	SEARCH	START_DELAY	ANY	0	4325	6	575	100	
D100_SEARCH_START_DELAY_sf6_lt600	SEARCH	START_DELAY	ANY	0	4350	6	600	100	
D100_SEARCH_START_DELAY_sf7_lt0	SEARCH	START_DELAY	ANY	0	4375	7	0	100	
D100_SEARCH_START_DELAY_sf7_lt1	SEARCH	START_DELAY	ANY	0	4376	7	1	100	
D100_SEARCH_START_DELAY_sf7_lt2	SEARCH	START_DELAY	ANY	0	4377	7	2	100	
D100_SEARCH_START_DELAY_sf7_lt25	SEARCH	START_DELAY	ANY	0	4400	7	25	100	
D100_SEARCH_START_DELAY_sf7_lt50	SEARCH	START_DELAY	ANY	0	4425	7	50	100	
D100_SEARCH_START_DELAY_sf7_lt75	SEARCH	START_DELAY	ANY	0	4450	7	75	100	
D100_SEARCH_START_DELAY_sf7_lt100	SEARCH	START_DELAY	ANY	0	4475	7	100	100	
D100_SEARCH_START_DELAY_sf7_lt125	SEARCH	START_DELAY	ANY	0	4500	7	125	100	
D100_SEARCH_START_DELAY_sf7_lt150	SEARCH	START_DELAY	ANY	0	4525	7	150	100	
D100_SEARCH_START_DELAY_sf7_lt175	SEARCH	START_DELAY	ANY	0	4550	7	175	100	
D100_SEARCH_START_DELAY_sf7_lt200	SEARCH	START_DELAY	ANY	0	4575	7	200	100	
D100_SEARCH_START_DELAY_sf7_lt225	SEARCH	START_DELAY	ANY	0	4600	7	225	100	
D100_SEARCH_START_DELAY_sf7_lt248	SEARCH	START_DELAY	ANY	0	4623	7	248	100	
D100_SEARCH_START_DELAY_sf7_lt249	SEARCH	START_DELAY	ANY	0	4624	7	249	100	
D100_SEARCH_START_DELAY_sf7_lt250	SEARCH	START_DELAY	ANY	0	4625	7	250	100	
D100_SEARCH_START_DELAY_sf7_lt275	SEARCH	START_DELAY	ANY	0	4650	7	275	100	
D100_SEARCH_START_DELAY_sf7_lt300	SEARCH	START_DELAY	ANY	0	4675	7	300	100	
D100_SEARCH_START_DELAY_sf7_lt325	SEARCH	START_DELAY	ANY	0	4700	7	325	100	
D100_SEARCH_START_DELAY_sf7_lt350	SEARCH	START_DELAY	ANY	0	4725	7	350	100	
D100_SEARCH_START_DELAY_sf7_lt375	SEARCH	START_DELAY	ANY	0	4750	7	375	100	
D100_SEARCH_START_DELAY_sf7_lt385	SEARCH	START_DELAY	ANY	0	4760	7	385	100	
D100_SEARCH_START_DELAY_sf7_lt400	SEARCH	START_DELAY	ANY	0	4775	7	400	100	
D100_SEARCH_START_DELAY_sf7_lt425	SEARCH	START_DELAY	ANY	0	4800	7	425	100	
D100_SEARCH_START_DELAY_sf7_lt450	SEARCH	START_DELAY	ANY	0	4825	7	450	100	
D100_SEARCH_START_DELAY_sf7_lt475	SEARCH	START_DELAY	ANY	0	4850	7	475	100	
D100_SEARCH_START_DELAY_sf7_lt500	SEARCH	START_DELAY	ANY	0	4875	7	500	100	
D100_SEARCH_START_DELAY_sf7_lt525	SEARCH	START_DELAY	ANY	0	4900	7	525	100	
D100_SEARCH_START_DELAY_sf7_lt550	SEARCH	START_DELAY	ANY	0	4925	7	550	100	
D100_SEARCH_START_DELAY_sf7_lt575	SEARCH	START_DELAY	ANY	0	4950	7	575	100	
D100_SEARCH_START_DELAY_sf7_lt600	SEARCH	START_DELAY	ANY	0	4975	7	600	100	
D200_SEARCH_START_DELAY_sf0_lt0	SEARCH	START_DELAY	ANY	0	0	0	0	200	
D200_SEARCH_START_DELAY_sf0_lt1	SEARCH	START_DELAY	ANY	0	1	0	1	200	
D200_SEARCH_START_DELAY_sf0_lt2	SEARCH	START_DELAY	ANY	0	2	0	2	200	
D200_SEARCH_START_DELAY_sf0_lt25	SEARCH	START_DELAY	ANY	0	25	0	25	200	
D200_SEARCH_START_DELAY_sf0_lt50	SEARCH	START_DELAY	ANY	0	50	0	50	200	
D200_SEARCH_START_DELAY_sf0_lt75	SEARCH	START_DELAY	ANY	0	75	0	75	200	
D200_SEARCH_START_DELAY_sf0_lt100	SEARCH	START_DELAY	ANY	0	100	0	100	200	
D200_SEARCH_START_DELAY_sf0_lt125	SEARCH	START_DELAY	ANY	0	125	0	125	200	
D200_SEARCH_START_DELAY_sf0_lt150	SEARCH	START_DELAY	ANY	0	150	0	150	200	
D200_SEARCH_START_DELAY_sf0_lt175	SEARCH	START_DELAY	ANY	0	175	0	175	200	
D200_SEARCH_START_DELAY_sf0_lt200	SEARCH	START_DELAY	ANY	0	200	0	200	200	
D200_SEARCH_START_DELAY_sf0_lt225	SEARCH	START_DELAY	ANY	0	225	0	225	200	
D200_SEARCH_START_DELAY_sf0_lt248	SEARCH	START_DELAY	ANY	0	248	0	248	200	
D200_SEARCH_START_DELAY_sf0_lt249	SEARCH	START_DELAY	ANY	0	249	0	249	200	
D200_SEARCH_START_DELAY_sf0_lt250	SEARCH	START_DELAY	ANY	0	250	0	250	200	
D200_SEARCH_START_DELAY_sf0_lt275	SEARCH	START_DELAY	ANY	0	275	0	275	200	
D200_SEARCH_START_DELAY_sf0_lt300	SEARCH	START_DELAY	ANY	0	300	0	300	200	
D200_SEARCH_START_DELAY_sf0_lt325	SEARCH	START_DELAY	ANY	0	325	0	325	200	
D200_SEARCH_START_DELAY_sf0_lt350	SEARCH	START_DELAY	ANY	0	350	0	350	200	
D200_SEARCH_START_DELAY_sf0_lt375	SEARCH	START_DELAY	ANY	0	375	0	375	200	
D200_SEARCH_START_DELAY_sf0_lt385	SEARCH	START_DELAY	ANY	0	385	0	385	200	
D200_SEARCH_START_DELAY_sf0_lt400	SEARCH	START_DELAY	ANY	0	400	0	400	200	
D200_SEARCH_START_DELAY_sf0_lt425	SEARCH	START_DELAY	ANY	0	425	0	425	200	
D200_SEARCH_START_DELAY_sf0_lt450	SEARCH	START_DELAY	ANY	0	450	0	450	200	
D200_SEARCH_START_DELAY_sf0_lt475	SEARCH	START_DELAY	ANY	0	475	0	475	200	
D200_SEARCH_START_DELAY_sf0_lt500	SEARCH	START_DELAY	ANY	0	500	0	500	200	
D200_SEARCH_START_DELAY_sf0_lt525	SEARCH	START_DELAY	ANY	0	525	0	525	200	
D200_SEARCH_START_DELAY_sf0_lt550	SEARCH	START_DELAY	ANY	0	550	0	550	200	
D200_SEARCH_START_DELAY_sf0_lt575	SEARCH	START_DELAY	ANY	0	575	0	575	200	
D200_SEARCH_START_DELAY_sf0_lt600	SEARCH	START_DELAY	ANY	0	600	0	600	200	
D200_SEARCH_START_DELAY_sf1_lt0	SEARCH	START_DELAY	ANY	0	625	1	0	200	
D200_SEARCH_START_DELAY_sf1_lt1	SEARCH	START_DELAY	ANY	0	626	1	1	200	
D200_SEARCH_START_DELAY_sf1_lt2	SEARCH	START_DELAY	ANY	0	627	1	2	200	
D200_SEARCH_START_DELAY_sf1_lt25	SEARCH	START_DELAY	ANY	0	650	1	25	200	
D200_SEARCH_START_DELAY_sf1_lt50	SEARCH	START_DELAY	ANY	0	675	1	50	200	
D200_SEARCH_START_DELAY_sf1_lt75	SEARCH	START_DELAY	ANY	0	700	1	75	200	
D200_SEARCH_START_DELAY_sf1_lt100	SEARCH	START_DELAY	ANY	0	725	1	100	200	
D200_SEARCH_START_DELAY_sf1_lt125	SEARCH	START_DELAY	ANY	0	750	1	125	200	
D200_SEARCH_START_DELAY_sf1_lt150	SEARCH	START_DELAY	ANY	0	775	1	150	200	
D200_SEARCH_START_DELAY_sf1_lt175	SEARCH	START_DELAY	ANY	0	800	1	175	200	
D200_SEARCH_START_DELAY_sf1_lt200	SEARCH	START_DELAY	ANY	0	825	1	200	200	
D200_SEARCH_START_DELAY_sf1_lt225	SEARCH	START_DELAY	ANY	0	850	1	225	200	
D200_SEARCH_START_DELAY_sf1_lt248	SEARCH	START_DELAY	ANY	0	873	1	248	200	
D200_SEARCH_START_DELAY_sf1_lt249	SEARCH	START_DELAY	ANY	0	874	1	249	200	
D200_SEARCH_START_DELAY_sf1_lt250	SEARCH	START_DELAY	ANY	0	875	1	250	200	
D200_SEARCH_START_DELAY_sf1_lt275	SEARCH	START_DELAY	ANY	0	900	1	275	200	
D200_SEARCH_START_DELAY_sf1_lt300	SEARCH	START_DELAY	ANY	0	925	1	300	200	
D200_SEARCH_START_DELAY_sf1_lt325	SEARCH	START_DELAY	ANY	0	950	1	325	200	
D200_SEARCH_START_DELAY_sf1_lt350	SEARCH	START_DELAY	ANY	0	975	1	350	200	
D200_SEARCH_START_DELAY_sf1_lt375	SEARCH	START_DELAY	ANY	0	1000	1	375	200	
D200_SEARCH_START_DELAY_sf1_lt385	SEARCH	START_DELAY	ANY	0	1010	1	385	200	
D200_SEARCH_START_DELAY_sf1_lt400	SEARCH	START_DELAY	ANY	0	1025	1	400	200	
D200_SEARCH_START_DELAY_sf1_lt425	SEARCH	START_DELAY	ANY	0	1050	1	425	200	
D200_SEARCH_START_DELAY_sf1_lt450	SEARCH	START_DELAY	ANY	0	1075	1	450	200	
D200_SEARCH_START_DELAY_sf1_lt475	SEARCH	START_DELAY	ANY	0	1100	1	475	200	
D200_SEARCH_START_DELAY_sf1_lt500	SEARCH	START_DELAY	ANY	0	1125	1	500	200	
D200_SEARCH_START_DELAY_sf1_lt525	SEARCH	START_DELAY	ANY	0	1150	1	525	200	
D200_SEARCH_START_DELAY_sf1_lt550	SEARCH	START_DELAY	ANY	0	1175	1	550	200	
D200_SEARCH_START_DELAY_sf1_lt575	SEARCH	START_DELAY	ANY	0	1200	1	575	200	
D200_SEARCH_START_DELAY_sf1_lt600	SEARCH	START_DELAY	ANY	0	1225	1	600	200	
D200_SEARCH_START_DELAY_sf2_lt0	SEARCH	START_DELAY	ANY	0	1250	2	0	200	
D200_SEARCH_START_DELAY_sf2_lt1	SEARCH	START_DELAY	ANY	0	1251	2	1	200	
D200_SEARCH_START_DELAY_sf2_lt2	SEARCH	START_DELAY	ANY	0	1252	2	2	200	
D200_SEARCH_START_DELAY_sf2_lt25	SEARCH	START_DELAY	ANY	0	1275	2	25	200	
D200_SEARCH_START_DELAY_sf2_lt50	SEARCH	START_DELAY	ANY	0	1300	2	50	200	
D200_SEARCH_START_DELAY_sf2_lt75	SEARCH	START_DELAY	ANY	0	1325	2	75	200	
D200_SEARCH_START_DELAY_sf2_lt100	SEARCH	START_DELAY	ANY	0	1350	2	100	200	
D200_SEARCH_START_DELAY_sf2_lt125	SEARCH	START_DELAY	ANY	0	1375	2	125	200	
D200_SEARCH_START_DELAY_sf2_lt150	SEARCH	START_DELAY	ANY	0	1400	2	150	200	
D200_SEARCH_START_DELAY_sf2_lt175	SEARCH	START_DELAY	ANY	0	1425	2	175	200	
D200_SEARCH_START_DELAY_sf2_lt200	SEARCH	START_DELAY	ANY	0	1450	2	200	200	
D200_SEARCH_START_DELAY_sf2_lt225	SEARCH	START_DELAY	ANY	0	1475	2	225	200	
D200_SEARCH_START_DELAY_sf2_lt248	SEARCH	START_DELAY	ANY	0	1498	2	248	200	
D200_SEARCH_START_DELAY_sf2_lt249	SEARCH	START_DELAY	ANY	0	1499	2	249	200	
D200_SEARCH_START_DELAY_sf2_lt250	SEARCH	START_DELAY	ANY	0	1500	2	250	200	
D200_SEARCH_START_DELAY_sf2_lt275	SEARCH	START_DELAY	ANY	0	1525	2	275	200	
D200_SEARCH_START_DELAY_sf2_lt300	SEARCH	START_DELAY	ANY	0	1550	2	300	200	
D200_SEARCH_START_DELAY_sf2_lt325	SEARCH	START_DELAY	ANY	0	1575	2	325	200	
D200_SEARCH_START_DELAY_sf2_lt350	SEARCH	START_DELAY	ANY	0	1600	2	350	200	
D200_SEARCH_START_DELAY_sf2_lt375	SEARCH	START_DELAY	ANY	0	1625	2	375	200	
D200_SEARCH_START_DELAY_sf2_lt385	SEARCH	START_DELAY	ANY	0	1635	2	385	200	
D200_SEARCH_START_DELAY_sf2_lt400	SEARCH	START_DELAY	ANY	0	1650	2	400	200	
D200_SEARCH_START_DELAY_sf2_lt425	SEARCH	START_DELAY	ANY	0	1675	2	425	200	
D200_SEARCH_START_DELAY_sf2_lt450	SEARCH	START_DELAY	ANY	0	1700	2	450	200	
D200_SEARCH_START_DELAY_sf2_lt475	SEARCH	START_DELAY	ANY	0	1725	2	475	200	
D200_SEARCH_START_DELAY_sf2_lt500	SEARCH	START_DELAY	ANY	0	1750	2	500	200	
D200_SEARCH_START_DELAY_sf2_lt525	SEARCH	START_DELAY	ANY	0	1775	2	525	200	
D200_SEARCH_START_DELAY_sf2_lt550	SEARCH	START_DELAY	ANY	0	1800	2	550	200	
D200_SEARCH_START_DELAY_sf2_lt575	SEARCH	START_DELAY	ANY	0	1825	2	575	200	
D200_SEARCH_START_DELAY_sf2_lt600	SEARCH	START_DELAY	ANY	0	1850	2	600	200	
D200_SEARCH_START_DELAY_sf3_lt0	SEARCH	START_DELAY	ANY	0	1875	3	0	200	
D200_SEARCH_START_DELAY_sf3_lt1	SEARCH	START_DELAY	ANY	0	1876	3	1	200	
D200_SEARCH_START_DELAY_sf3_lt2	SEARCH	START_DELAY	ANY	0	1877	3	2	200	
D200_SEARCH_START_DELAY_sf3_lt25	SEARCH	START_DELAY	ANY	0	1900	3	25	200	
D200_SEARCH_START_DELAY_sf3_lt50	SEARCH	START_DELAY	ANY	0	1925	3	50	200	
D200_SEARCH_START_DELAY_sf3_lt75	SEARCH	START_DELAY	ANY	0	1950	3	75	200	
D200_SEARCH_START_DELAY_sf3_lt100	SEARCH	START_DELAY	ANY	0	1975	3	100	200	
D200_SEARCH_START_DELAY_sf3_lt125	SEARCH	START_DELAY	ANY	0	2000	3	125	200	
D200_SEARCH_START_DELAY_sf3_lt150	SEARCH	START_DELAY	ANY	0	2025	3	150	200	
D200_SEARCH_START_DELAY_sf3_lt175	SEARCH	START_DELAY	ANY	0	2050	3	175	200	
D200_SEARCH_START_DELAY_sf3_lt200	SEARCH	START_DELAY	ANY	0	2075	3	200	200	
D200_SEARCH_START_DELAY_sf3_lt225	SEARCH	START_DELAY	ANY	0	2100	3	225	200	
D200_SEARCH_START_DELAY_sf3_lt248	SEARCH	START_DELAY	ANY	0	2123	3	248	200	
D200_SEARCH_START_DELAY_sf3_lt249	SEARCH	START_DELAY	ANY	0	2124	3	249	200	
D200_SEARCH_START_DELAY_sf3_lt250	SEARCH	START_DELAY	ANY	0	2125	3	250	200	
D200_SEARCH_START_DELAY_sf3_lt275	SEARCH	START_DELAY	ANY	0	2150	3	275	200	
D200_SEARCH_START_DELAY_sf3_lt300	SEARCH	START_DELAY	ANY	0	2175	3	300	200	
D200_SEARCH_START_DELAY_sf3_lt325	SEARCH	START_DELAY	ANY	0	2200	3	325	200	
D200_SEARCH_START_DELAY_sf3_lt350	SEARCH	START_DELAY	ANY	0	2225	3	350	200	
D200_SEARCH_START_DELAY_sf3_lt375	SEARCH	START_DELAY	ANY	0	2250	3	375	200	
D200_SEARCH_START_DELAY_sf3_lt385	SEARCH	START_DELAY	ANY	0	2260	3	385	200	
D200_SEARCH_START_DELAY_sf3_lt400	SEARCH	START_DELAY	ANY	0	2275	3	400	200	
D200_SEARCH_START_DELAY_sf3_lt425	SEARCH	START_DELAY	ANY	0	2300	3	425	200	
D200_SEARCH_START_DELAY_sf3_lt450	SEARCH	START_DELAY	ANY	0	2325	3	450	200	
D200_SEARCH_START_DELAY_sf3_lt475	SEARCH	START_DELAY	ANY	0	2350	3	475	200	
D200_SEARCH_START_DELAY_sf3_lt500	SEARCH	START_DELAY	ANY	0	2375	3	500	200	
D200_SEARCH_START_DELAY_sf3_lt525	SEARCH	START_DELAY	ANY	0	2400	3	525	200	
D200_SEARCH_START_DELAY_sf3_lt550	SEARCH	START_DELAY	ANY	0	2425	3	550	200	
D200_SEARCH_START_DELAY_sf3_lt575	SEARCH	START_DELAY	ANY	0	2450	3	575	200	
D200_SEARCH_START_DELAY_sf3_lt600	SEARCH	START_DELAY	ANY	0	2475	3	600	200	
D200_SEARCH_START_DELAY_sf4_lt0	SEARCH	START_DELAY	ANY	0	2500	4	0	200	
D200_SEARCH_START_DELAY_sf4_lt1	SEARCH	START_DELAY	ANY	0	2501	4	1	200	
D200_SEARCH_START_DELAY_sf4_lt2	SEARCH	START_DELAY	ANY	0	2502	4	2	200	
D200_SEARCH_START_DELAY_sf4_lt25	SEARCH	START_DELAY	ANY	0	2525	4	25	200	
D200_SEARCH_START_DELAY_sf4_lt50	SEARCH	START_DELAY	ANY	0	2550	4	50	200	
D200_SEARCH_START_DELAY_sf4_lt75	SEARCH	START_DELAY	ANY	0	2575	4	75	200	
D200_SEARCH_START_DELAY_sf4_lt100	SEARCH	START_DELAY	ANY	0	2600	4	100	200	
D200_SEARCH_START_DELAY_sf4_lt125	SEARCH	START_DELAY	ANY	0	2625	4	125	200	
D200_SEARCH_START_DELAY_sf4_lt150	SEARCH	START_DELAY	ANY	0	2650	4	150	200	
D200_SEARCH_START_DELAY_sf4_lt175	SEARCH	START_DELAY	ANY	0	2675	4	175	200	
D200_SEARCH_START_DELAY_sf4_lt200	SEARCH	START_DELAY	ANY	0	2700	4	200	200	
D200_SEARCH_START_DELAY_sf4_lt225	SEARCH	START_DELAY	ANY	0	2725	4	225	200	
D200_SEARCH_START_DELAY_sf4_lt248	SEARCH	START_DELAY	ANY	0	2748	4	248	200	
D200_SEARCH_START_DELAY_sf4_lt249	SEARCH	START_DELAY	ANY	0	2749	4	249	200	
D200_SEARCH_START_DELAY_sf4_lt250	SEARCH	START_DELAY	ANY	0	2750	4	250	200	
D200_SEARCH_START_DELAY_sf4_lt275	SEARCH	START_DELAY	ANY	0	2775	4	275	200	
D200_SEARCH_START_DELAY_sf4_lt300	SEARCH	START_DELAY	ANY	0	2800	4	300	200	
D200_SEARCH_START_DELAY_sf4_lt325	SEARCH	START_DELAY	ANY	0	2825	4	325	200	
D200_SEARCH_START_DELAY_sf4_lt350	SEARCH	START_DELAY	ANY	0	2850	4	350	200	
D200_SEARCH_START_DELAY_sf4_lt375	SEARCH	START_DELAY	ANY	0	2875	4	375	200	
D200_SEARCH_START_DELAY_sf4_lt385	SEARCH	START_DELAY	ANY	0	2885	4	385	200	
D200_SEARCH_START_DELAY_sf4_lt400	SEARCH	START_DELAY	ANY	0	2900	4	400	200	
D200_SEARCH_START_DELAY_sf4_lt425	SEARCH	START_DELAY	ANY	0	2925	4	425	200	
D200_SEARCH_START_DELAY_sf4_lt450	SEARCH	START_DELAY	ANY	0	2950	4	450	200	
D200_SEARCH_START_DELAY_sf4_lt475	SEARCH	START_DELAY	ANY	0	2975	4	475	200	
D200_SEARCH_START_DELAY_sf4_lt500	SEARCH	START_DELAY	ANY	0	3000	4	500	200	
D200_SEARCH_START_DELAY_sf4_lt525	SEARCH	START_DELAY	ANY	0	3025	4	525	200	
D200_SEARCH_START_DELAY_sf4_lt550	SEARCH	START_DELAY	ANY	0	3050	4	550	200	
D200_SEARCH_START_DELAY_sf4_lt575	SEARCH	START_DELAY	ANY	0	3075	4	575	200	
D200_SEARCH_START_DELAY_sf4_lt600	SEARCH	START_DELAY	ANY	0	3100	4	600	200	
D200_SEARCH_START_DELAY_sf5_lt0	SEARCH	START_DELAY	ANY	0	3125	5	0	200	
D200_SEARCH_START_DELAY_sf5_lt1	SEARCH	START_DELAY	ANY	0	3126	5	1	200	
D200_SEARCH_START_DELAY_sf5_lt2	SEARCH	START_DELAY	ANY	0	3127	5	2	200	
D200_SEARCH_START_DELAY_sf5_lt25	SEARCH	START_DELAY	ANY	0	3150	5	25	200	
D200_SEARCH_START_DELAY_sf5_lt50	SEARCH	START_DELAY	ANY	0	3175	5	50	200	
D200_SEARCH_START_DELAY_sf5_lt75	SEARCH	START_DELAY	ANY	0	3200	5	75	200	
D200_SEARCH_START_DELAY_sf5_lt100	SEARCH	START_DELAY	ANY	0	3225	5	100	200	
D200_SEARCH_START_DELAY_sf5_lt125	SEARCH	START_DELAY	ANY	0	3250	5	125	200	
D200_SEARCH_START_DELAY_sf5_lt150	SEARCH	START_DELAY	ANY	0	3275	5	150	200	
D200_SEARCH_START_DELAY_sf5_lt175	SEARCH	START_DELAY	ANY	0	3300	5	175	200	
D200_SEARCH_START_DELAY_sf5_lt200	SEARCH	START_DELAY	ANY	0	3325	5	200	200	
D200_SEARCH_START_DELAY_sf5_lt225	SEARCH	START_DELAY	ANY	0	3350	5	225	200	
D200_SEARCH_START_DELAY_sf5_lt248	SEARCH	START_DELAY	ANY	0	3373	5	248	200	
D200_SEARCH_START_DELAY_sf5_lt249	SEARCH	START_DELAY	ANY	0	3374	5	249	200	
D200_SEARCH_START_DELAY_sf5_lt250	SEARCH	START_DELAY	ANY	0	3375	5	250	200	
D200_SEARCH_START_DELAY_sf5_lt275	SEARCH	START_DELAY	ANY	0	3400	5	275	200	
D200_SEARCH_START_DELAY_sf5_lt300	SEARCH	START_DELAY	ANY	0	3425	5	300	200	
D200_SEARCH_START_DELAY_sf5_lt325	SEARCH	START_DELAY	ANY	0	3450	5	325	200	
D200_SEARCH_START_DELAY_sf5_lt350	SEARCH	START_DELAY	ANY	0	3475	5	350	200	
D200_SEARCH_START_DELAY_sf5_lt375	SEARCH	START_DELAY	ANY	0	3500	5	375	200	
D200_SEARCH_START_DELAY_sf5_lt385	SEARCH	START_DELAY	ANY	0	3510	5	385	200	
D200_SEARCH_START_DELAY_sf5_lt400	SEARCH	START_DELAY	ANY	0	3525	5	400	200	
D200_SEARCH_START_DELAY_sf5_lt425	SEARCH	START_DELAY	ANY	0	3550	5	425	200	
D200_SEARCH_START_DELAY_sf5_lt450	SEARCH	START_DELAY	ANY	0	3575	5	450	200	
D200_SEARCH_START_DELAY_sf5_lt475	SEARCH	START_DELAY	ANY	0	3600	5	475	200	
D200_SEARCH_START_DELAY_sf5_lt500	SEARCH	START_DELAY	ANY	0	3625	5	500	200	
D200_SEARCH_START_DELAY_sf5_lt525	SEARCH	START_DELAY	ANY	0	3650	5	525	200	
D200_SEARCH_START_DELAY_sf5_lt550	SEARCH	START_DELAY	ANY	0	3675	5	550	200	
D200_SEARCH_START_DELAY_sf5_lt575	SEARCH	START_DELAY	ANY	0	3700	5	575	200	
D200_SEARCH_START_DELAY_sf5_lt600	SEARCH	START_DELAY	ANY	0	3725	5	600	200	
D200_SEARCH_START_DELAY_sf6_lt0	SEARCH	START_DELAY	ANY	0	3750	6	0	200	
D200_SEARCH_START_DELAY_sf6_lt1	SEARCH	START_DELAY	ANY	0	3751	6	1	200	
D200_SEARCH_START_DELAY_sf6_lt2	SEARCH	START_DELAY	ANY	0	3752	6	2	200	
D200_SEARCH_START_DELAY_sf6_lt25	SEARCH	START_DELAY	ANY	0	3775	6	25	200	
D200_SEARCH_START_DELAY_sf6_lt50	SEARCH	START_DELAY	ANY	0	3800	6	50	200	
D200_SEARCH_START_DELAY_sf6_lt75	SEARCH	START_DELAY	ANY	0	3825	6	75	200	
D200_SEARCH_START_DELAY_sf6_lt100	SEARCH	START_DELAY	ANY	0	3850	6	100	200	
D200_SEARCH_START_DELAY_sf6_lt125	SEARCH	START_DELAY	ANY	0	3875	6	125	200	
D200_SEARCH_START_DELAY_sf6_lt150	SEARCH	START_DELAY	ANY	0	3900	6	150	200	
D200_SEARCH_START_DELAY_sf6_lt175	SEARCH	START_DELAY	ANY	0	3925	6	175	200	
D200_SEARCH_START_DELAY_sf6_lt200	SEARCH	START_DELAY	ANY	0	3950	6	200	200	
D200_SEARCH_START_DELAY_sf6_lt225	SEARCH	START_DELAY	ANY	0	3975	6	225	200	
D200_SEARCH_START_DELAY_sf6_lt248	SEARCH	START_DELAY	ANY	0	3998	6	248	200	
D200_SEARCH_START_DELAY_sf6_lt249	SEARCH	START_DELAY	ANY	0	3999	6	249	200	
D200_SEARCH_START_DELAY_sf6_lt250	SEARCH	START_DELAY	ANY	0	4000	6	250	200	
D200_SEARCH_START_DELAY_sf6_lt275	SEARCH	START_DELAY	ANY	0	4025	6	275	200	
D200_SEARCH_START_DELAY_sf6_lt300	SEARCH	START_DELAY	ANY	0	4050	6	300	200	
D200_SEARCH_START_DELAY_sf6_lt325	SEARCH	START_DELAY	ANY	0	4075	6	325	200	
D200_SEARCH_START_DELAY_sf6_lt350	SEARCH	START_DELAY	ANY	0	4100	6	350	200	
D200_SEARCH_START_DELAY_sf6_lt375	SEARCH	START_DELAY	ANY	0	4125	6	375	200	
D200_SEARCH_START_DELAY_sf6_lt385	SEARCH	START_DELAY	ANY	0	4135	6	385	200	
D200_SEARCH_START_DELAY_sf6_lt400	SEARCH	START_DELAY	ANY	0	4150	6	400	200	
D200_SEARCH_START_DELAY_sf6_lt425	SEARCH	START_DELAY	ANY	0	4175	6	425	200	
D200_SEARCH_START_DELAY_sf6_lt450	SEARCH	START_DELAY	ANY	0	4200	6	450	200	
D200_SEARCH_START_DELAY_sf6_lt475	SEARCH	START_DELAY	ANY	0	4225	6	475	200	
D200_SEARCH_START_DELAY_sf6_lt500	SEARCH	START_DELAY	ANY	0	4250	6	500	200	
D200_SEARCH_START_DELAY_sf6_lt525	SEARCH	START_DELAY	ANY	0	4275	6	525	200	
D200_SEARCH_START_DELAY_sf6_lt550	SEARCH	START_DELAY	ANY	0	4300	6	550	200	
D200_SEARCH_START_DELAY_sf6_lt575	SEARCH	START_DELAY	ANY	0	4325	6	575	200	
D200_SEARCH_START_DELAY_sf6_lt600	SEARCH	START_DELAY	ANY	0	4350	6	600	200	
D200_SEARCH_START_DELAY_sf7_lt0	SEARCH	START_DELAY	ANY	0	4375	7	0	200	
D200_SEARCH_START_DELAY_sf7_lt1	SEARCH	START_DELAY	ANY	0	4376	7	1	200	
D200_SEARCH_START_DELAY_sf7_lt2	SEARCH	START_DELAY	ANY	0	4377	7	2	200	
D200_SEARCH_START_DELAY_sf7_lt25	SEARCH	START_DELAY	ANY	0	4400	7	25	200	
D200_SEARCH_START_DELAY_sf7_lt50	SEARCH	START_DELAY	ANY	0	4425	7	50	200	
D200_SEARCH_START_DELAY_sf7_lt75	SEARCH	START_DELAY	ANY	0	4450	7	75	200	
D200_SEARCH_START_DELAY_sf7_lt100	SEARCH	START_DELAY	ANY	0	4475	7	100	200	
D200_SEARCH_START_DELAY_sf7_lt125	SEARCH	START_DELAY	ANY	0	4500	7	125	200	
D200_SEARCH_START_DELAY_sf7_lt150	SEARCH	START_DELAY	ANY	0	4525	7	150	200	
D200_SEARCH_START_DELAY_sf7_lt175	SEARCH	START_DELAY	ANY	0	4550	7	175	200	
D200_SEARCH_START_DELAY_sf7_lt200	SEARCH	START_DELAY	ANY	0	4575	7	200	200	
D200_SEARCH_START_DELAY_sf7_lt225	SEARCH	START_DELAY	ANY	0	4600	7	225	200	
D200_SEARCH_START_DELAY_sf7_lt248	SEARCH	START_DELAY	ANY	0	4623	7	248	200	
D200_SEARCH_START_DELAY_sf7_lt249	SEARCH	START_DELAY	ANY	0	4624	7	249	200	
D200_SEARCH_START_DELAY_sf7_lt250	SEARCH	START_DELAY	ANY	0	4625	7	250	200	
D200_SEARCH_START_DELAY_sf7_lt275	SEARCH	START_DELAY	ANY	0	4650	7	275	200	
D200_SEARCH_START_DELAY_sf7_lt300	SEARCH	START_DELAY	ANY	0	4675	7	300	200	
D200_SEARCH_START_DELAY_sf7_lt325	SEARCH	START_DELAY	ANY	0	4700	7	325	200	
D200_SEARCH_START_DELAY_sf7_lt350	SEARCH	START_DELAY	ANY	0	4725	7	350	200	
D200_SEARCH_START_DELAY_sf7_lt375	SEARCH	START_DELAY	ANY	0	4750	7	375	200	
D200_SEARCH_START_DELAY_sf7_lt385	SEARCH	START_DELAY	ANY	0	4760	7	385	200	
D200_SEARCH_START_DELAY_sf7_lt400	SEARCH	START_DELAY	ANY	0	4775	7	400	200	
D200_SEARCH_START_DELAY_sf7_lt425	SEARCH	START_DELAY	ANY	0	4800	7	425	200	
D200_SEARCH_START_DELAY_sf7_lt450	SEARCH	START_DELAY	ANY	0	4825	7	450	200	
D200_SEARCH_START_DELAY_sf7_lt475	SEARCH	START_DELAY	ANY	0	4850	7	475	200	
D200_SEARCH_START_DELAY_sf7_lt500	SEARCH	START_DELAY	ANY	0	4875	7	500	200	
D200_SEARCH_START_DELAY_sf7_lt525	SEARCH	START_DELAY	ANY	0	4900	7	525	200	
D200_SEARCH_START_DELAY_sf7_lt550	SEARCH	START_DELAY	ANY	0	4925	7	550	200	
D200_SEARCH_START_DELAY_sf7_lt575	SEARCH	START_DELAY	ANY	0	4950	7	575	200	
D200_SEARCH_START_DELAY_sf7_lt600	SEARCH	START_DELAY	ANY	0	4975	7	600	200	
D400_SEARCH_START_DELAY_sf0_lt0	SEARCH	START_DELAY	ANY	0	0	0	0	400	
D400_SEARCH_START_DELAY_sf0_lt1	SEARCH	START_DELAY	ANY	0	1	0	1	400	
D400_SEARCH_START_DELAY_sf0_lt2	SEARCH	START_DELAY	ANY	0	2	0	2	400	
D400_SEARCH_START_DELAY_sf0_lt25	SEARCH	START_DELAY	ANY	0	25	0	25	400	
D400_SEARCH_START_DELAY_sf0_lt50	SEARCH	START_DELAY	ANY	0	50	0	50	400	
D400_SEARCH_START_DELAY_sf0_lt75	SEARCH	START_DELAY	ANY	0	75	0	75	400	
D400_SEARCH_START_DELAY_sf0_lt100	SEARCH	START_DELAY	ANY	0	100	0	100	400	
D400_SEARCH_START_DELAY_sf0_lt125	SEARCH	START_DELAY	ANY	0	125	0	125	400	
D400_SEARCH_START_DELAY_sf0_lt150	SEARCH	START_DELAY	ANY	0	150	0	150	400	
D400_SEARCH_START_DELAY_sf0_lt175	SEARCH	START_DELAY	ANY	0	175	0	175	400	
D400_SEARCH_START_DELAY_sf0_lt200	SEARCH	START_DELAY	ANY	0	200	0	200	400	
D400_SEARCH_START_DELAY_sf0_lt225	SEARCH	START_DELAY	ANY	0	225	0	225	400	
D400_SEARCH_START_DELAY_sf0_lt248	SEARCH	START_DELAY	ANY	0	248	0	248	400	
D400_SEARCH_START_DELAY_sf0_lt249	SEARCH	START_DELAY	ANY	0	249	0	249	400	
D400_SEARCH_START_DELAY_sf0_lt250	SEARCH	START_DELAY	ANY	0	250	0	250	400	
D400_SEARCH_START_DELAY_sf0_lt275	SEARCH	START_DELAY	ANY	0	275	0	275	400	
D400_SEARCH_START_DELAY_sf0_lt300	SEARCH	START_DELAY	ANY	0	300	0	300	400	
D400_SEARCH_START_DELAY_sf0_lt325	SEARCH	START_DELAY	ANY	0	325	0	325	400	
D400_SEARCH_START_DELAY_sf0_lt350	SEARCH	START_DELAY	ANY	0	350	0	350	400	
D400_SEARCH_START_DELAY_sf0_lt375	SEARCH	START_DELAY	ANY	0	375	0	375	400	
D400_SEARCH_START_DELAY_sf0_lt385	SEARCH	START_DELAY	ANY	0	385	0	385	400	
D400_SEARCH_START_DELAY_sf0_lt400	SEARCH	START_DELAY	ANY	0	400	0	400	400	
D400_SEARCH_START_DELAY_sf0_lt425	SEARCH	START_DELAY	ANY	0	425	0	425	400	
D400_SEARCH_START_DELAY_sf0_lt450	SEARCH	START_DELAY	ANY	0	450	0	450	400	
D400_SEARCH_START_DELAY_sf0_lt475	SEARCH	START_DELAY	ANY	0	475	0	475	400	
D400_SEARCH_START_DELAY_sf0_lt500	SEARCH	START_DELAY	ANY	0	500	0	500	400	
D400_SEARCH_START_DELAY_sf0_lt525	SEARCH	START_DELAY	ANY	0	525	0	525	400	
D400_SEARCH_START_DELAY_sf0_lt550	SEARCH	START_DELAY	ANY	0	550	0	550	400	
D400_SEARCH_START_DELAY_sf0_lt575	SEARCH	START_DELAY	ANY	0	575	0	575	400	
D400_SEARCH_START_DELAY_sf0_lt600	SEARCH	START_DELAY	ANY	0	600	0	600	400	
D400_SEARCH_START_DELAY_sf1_lt0	SEARCH	START_DELAY	ANY	0	625	1	0	400	
D400_SEARCH_START_DELAY_sf1_lt1	SEARCH	START_DELAY	ANY	0	626	1	1	400	
D400_SEARCH_START_DELAY_sf1_lt2	SEARCH	START_DELAY	ANY	0	627	1	2	400	
D400_SEARCH_START_DELAY_sf1_lt25	SEARCH	START_DELAY	ANY	0	650	1	25	400	
D400_SEARCH_START_DELAY_sf1_lt50	SEARCH	START_DELAY	ANY	0	675	1	50	400	
D400_SEARCH_START_DELAY_sf1_lt75	SEARCH	START_DELAY	ANY	0	700	1	75	400	
D400_SEARCH_START_DELAY_sf1_lt100	SEARCH	START_DELAY	ANY	0	725	1	100	400	
D400_SEARCH_START_DELAY_sf1_lt125	SEARCH	START_DELAY	ANY	0	750	1	125	400	
D400_SEARCH_START_DELAY_sf1_lt150	SEARCH	START_DELAY	ANY	0	775	1	150	400	
D400_SEARCH_START_DELAY_sf1_lt175	SEARCH	START_DELAY	ANY	0	800	1	175	400	
D400_SEARCH_START_DELAY_sf1_lt200	SEARCH	START_DELAY	ANY	0	825	1	200	400	
D400_SEARCH_START_DELAY_sf1_lt225	SEARCH	START_DELAY	ANY	0	850	1	225	400	
D400_SEARCH_START_DELAY_sf1_lt248	SEARCH	START_DELAY	ANY	0	873	1	248	400	
D400_SEARCH_START_DELAY_sf1_lt249	SEARCH	START_DELAY	ANY	0	874	1	249	400	
D400_SEARCH_START_DELAY_sf1_lt250	SEARCH	START_DELAY	ANY	0	875	1	250	400	
D400_SEARCH_START_DELAY_sf1_lt275	SEARCH	START_DELAY	ANY	0	900	1	275	400	
D400_SEARCH_START_DELAY_sf1_lt300	SEARCH	START_DELAY	ANY	0	925	1	300	400	
D400_SEARCH_START_DELAY_sf1_lt325	SEARCH	START_DELAY	ANY	0	950	1	325	400	
D400_SEARCH_START_DELAY_sf1_lt350	SEARCH	START_DELAY	ANY	0	975	1	350	400	
D400_SEARCH_START_DELAY_sf1_lt375	SEARCH	START_DELAY	ANY	0	1000	1	375	400	
D400_SEARCH_START_DELAY_sf1_lt385	SEARCH	START_DELAY	ANY	0	1010	1	385	400	
D400_SEARCH_START_DELAY_sf1_lt400	SEARCH	START_DELAY	ANY	0	1025	1	400	400	
D400_SEARCH_START_DELAY_sf1_lt425	SEARCH	START_DELAY	ANY	0	1050	1	425	400	
D400_SEARCH_START_DELAY_sf1_lt450	SEARCH	START_DELAY	ANY	0	1075	1	450	400	
D400_SEARCH_START_DELAY_sf1_lt475	SEARCH	START_DELAY	ANY	0	1100	1	475	400	
D400_SEARCH_START_DELAY_sf1_lt500	SEARCH	START_DELAY	ANY	0	1125	1	500	400	
D400_SEARCH_START_DELAY_sf1_lt525	SEARCH	START_DELAY	ANY	0	1150	1	525	400	
D400_SEARCH_START_DELAY_sf1_lt550	SEARCH	START_DELAY	ANY	0	1175	1	550	400	
D400_SEARCH_START_DELAY_sf1_lt575	SEARCH	START_DELAY	ANY	0	1200	1	575	400	
D400_SEARCH_START_DELAY_sf1_lt600	SEARCH	START_DELAY	ANY	0	1225	1	600	400	
D400_SEARCH_START_DELAY_sf2_lt0	SEARCH	START_DELAY	ANY	0	1250	2	0	400	
D400_SEARCH_START_DELAY_sf2_lt1	SEARCH	START_DELAY	ANY	0	1251	2	1	400	
D400_SEARCH_START_DELAY_sf2_lt2	SEARCH	START_DELAY	ANY	0	1252	2	2	400	
D400_SEARCH_START_DELAY_sf2_lt25	SEARCH	START_DELAY	ANY	0	1275	2	25	400	
D400_SEARCH_START_DELAY_sf2_lt50	SEARCH	START_DELAY	ANY	0	1300	2	50	400	
D400_SEARCH_START_DELAY_sf2_lt75	SEARCH	START_DELAY	ANY	0	1325	2	75	400	
D400_SEARCH_START_DELAY_sf2_lt100	SEARCH	START_DELAY	ANY	0	1350	2	100	400	
D400_SEARCH_START_DELAY_sf2_lt125	SEARCH	START_DELAY	ANY	0	1375	2	125	400	
D400_SEARCH_START_DELAY_sf2_lt150	SEARCH	START_DELAY	ANY	0	1400	2	150	400	
D400_SEARCH_START_DELAY_sf2_lt175	SEARCH	START_DELAY	ANY	0	1425	2	175	400	
D400_SEARCH_START_DELAY_sf2_lt200	SEARCH	START_DELAY	ANY	0	1450	2	200	400	
D400_SEARCH_START_DELAY_sf2_lt225	SEARCH	START_DELAY	ANY	0	1475	2	225	400	
D400_SEARCH_START_DELAY_sf2_lt248	SEARCH	START_DELAY	ANY	0	1498	2	248	400	
D400_SEARCH_START_DELAY_sf2_lt249	SEARCH	START_DELAY	ANY	0	1499	2	249	400	
D400_SEARCH_START_DELAY_sf2_lt250	SEARCH	START_DELAY	ANY	0	1500	2	250	400	
D400_SEARCH_START_DELAY_sf2_lt275	SEARCH	START_DELAY	ANY	0	1525	2	275	400	
D400_SEARCH_START_DELAY_sf2_lt300	SEARCH	START_DELAY	ANY	0	1550	2	300	400	
D400_SEARCH_START_DELAY_sf2_lt325	SEARCH	START_DELAY	ANY	0	1575	2	325	400	
D400_SEARCH_START_DELAY_sf2_lt350	SEARCH	START_DELAY	ANY	0	1600	2	350	400	
D400_SEARCH_START_DELAY_sf2_lt375	SEARCH	START_DELAY	ANY	0	1625	2	375	400	
D400_SEARCH_START_DELAY_sf2_lt385	SEARCH	START_DELAY	ANY	0	1635	2	385	400	
D400_SEARCH_START_DELAY_sf2_lt400	SEARCH	START_DELAY	ANY	0	1650	2	400	400	
D400_SEARCH_START_DELAY_sf2_lt425	SEARCH	START_DELAY	ANY	0	1675	2	425	400	
D400_SEARCH_START_DELAY_sf2_lt450	SEARCH	START_DELAY	ANY	0	1700	2	450	400	
D400_SEARCH_START_DELAY_sf2_lt475	SEARCH	START_DELAY	ANY	0	1725	2	475	400	
D400_SEARCH_START_DELAY_sf2_lt500	SEARCH	START_DELAY	ANY	0	1750	2	500	400	
D400_SEARCH_START_DELAY_sf2_lt525	SEARCH	START_DELAY	ANY	0	1775	2	525	400	
D400_SEARCH_START_DELAY_sf2_lt550	SEARCH	START_DELAY	ANY	0	1800	2	550	400	
D400_SEARCH_START_DELAY_sf2_lt575	SEARCH	START_DELAY	ANY	0	1825	2	575	400	
D400_SEARCH_START_DELAY_sf2_lt600	SEARCH	START_DELAY	ANY	0	1850	2	600	400	
D400_SEARCH_START_DELAY_sf3_lt0	SEARCH	START_DELAY	ANY	0	1875	3	0	400	
D400_SEARCH_START_DELAY_sf3_lt1	SEARCH	START_DELAY	ANY	0	1876	3	1	400	
D400_SEARCH_START_DELAY_sf3_lt2	SEARCH	START_DELAY	ANY	0	1877	3	2	400	
D400_SEARCH_START_DELAY_sf3_lt25	SEARCH	START_DELAY	ANY	0	1900	3	25	400	
D400_SEARCH_START_DELAY_sf3_lt50	SEARCH	START_DELAY	ANY	0	1925	3	50	400	
D400_SEARCH_START_DELAY_sf3_lt75	SEARCH	START_DELAY	ANY	0	1950	3	75	400	
D400_SEARCH_START_DELAY_sf3_lt100	SEARCH	START_DELAY	ANY	0	1975	3	100	400	
D400_SEARCH_START_DELAY_sf3_lt125	SEARCH	START_DELAY	ANY	0	2000	3	125	400	
D400_SEARCH_START_DELAY_sf3_lt150	SEARCH	START_DELAY	ANY	0	2025	3	150	400	
D400_SEARCH_START_DELAY_sf3_lt175	SEARCH	START_DELAY	ANY	0	2050	3	175	400	
D400_SEARCH_START_DELAY_sf3_lt200	SEARCH	START_DELAY	ANY	0	2075	3	200	400	
D400_SEARCH_START_DELAY_sf3_lt225	SEARCH	START_DELAY	ANY	0	2100	3	225	400	
D400_SEARCH_START_DELAY_sf3_lt248	SEARCH	START_DELAY	ANY	0	2123	3	248	400	
D400_SEARCH_START_DELAY_sf3_lt249	SEARCH	START_DELAY	ANY	0	2124	3	249	400	
D400_SEARCH_START_DELAY_sf3_lt250	SEARCH	START_DELAY	ANY	0	2125	3	250	400	
D400_SEARCH_START_DELAY_sf3_lt275	SEARCH	START_DELAY	ANY	0	2150	3	275	400	
D400_SEARCH_START_DELAY_sf3_lt300	SEARCH	START_DELAY	ANY	0	2175	3	300	400	
D400_SEARCH_START_DELAY_sf3_lt325	SEARCH	START_DELAY	ANY	0	2200	3	325	400	
D400_SEARCH_START_DELAY_sf3_lt350	SEARCH	START_DELAY	ANY	0	2225	3	350	400	
D400_SEARCH_START_DELAY_sf3_lt375	SEARCH	START_DELAY	ANY	0	2250	3	375	400	
D400_SEARCH_START_DELAY_sf3_lt385	SEARCH	START_DELAY	ANY	0	2260	3	385	400	
D400_SEARCH_START_DELAY_sf3_lt400	SEARCH	START_DELAY	ANY	0	2275	3	400	400	
D400_SEARCH_START_DELAY_sf3_lt425	SEARCH	START_DELAY	ANY	0	2300	3	425	400	
D400_SEARCH_START_DELAY_sf3_lt450	SEARCH	START_DELAY	ANY	0	2325	3	450	400	
D400_SEARCH_START_DELAY_sf3_lt475	SEARCH	START_DELAY	ANY	0	2350	3	475	400	
D400_SEARCH_START_DELAY_sf3_lt500	SEARCH	START_DELAY	ANY	0	2375	3	500	400	
D400_SEARCH_START_DELAY_sf3_lt525	SEARCH	START_DELAY	ANY	0	2400	3	525	400	
D400_SEARCH_START_DELAY_sf3_lt550	SEARCH	START_DELAY	ANY	0	2425	3	550	400	
D400_SEARCH_START_DELAY_sf3_lt575	SEARCH	START_DELAY	ANY	0	2450	3	575	400	
D400_SEARCH_START_DELAY_sf3_lt600	SEARCH	START_DELAY	ANY	0	2475	3	600	400	
D400_SEARCH_START_DELAY_sf4_lt0	SEARCH	START_DELAY	ANY	0	2500	4	0	400	
D400_SEARCH_START_DELAY_sf4_lt1	SEARCH	START_DELAY	ANY	0	2501	4	1	400	
D400_SEARCH_START_DELAY_sf4_lt2	SEARCH	START_DELAY	ANY	0	2502	4	2	400	
D400_SEARCH_START_DELAY_sf4_lt25	SEARCH	START_DELAY	ANY	0	2525	4	25	400	
D400_SEARCH_START_DELAY_sf4_lt50	SEARCH	START_DELAY	ANY	0	2550	4	50	400	
D400_SEARCH_START_DELAY_sf4_lt75	SEARCH	START_DELAY	ANY	0	2575	4	75	400	
D400_SEARCH_START_DELAY_sf4_lt100	SEARCH	START_DELAY	ANY	0	2600	4	100	400	
D400_SEARCH_START_DELAY_sf4_lt125	SEARCH	START_DELAY	ANY	0	2625	4	125	400	
D400_SEARCH_START_DELAY_sf4_lt150	SEARCH	START_DELAY	ANY	0	2650	4	150	400	
D400_SEARCH_START_DELAY_sf4_lt175	SEARCH	START_DELAY	ANY	0	2675	4	175	400	
D400_SEARCH_START_DELAY_sf4_lt200	SEARCH	START_DELAY	ANY	0	2700	4	200	400	
D400_SEARCH_START_DELAY_sf4_lt225	SEARCH	START_DELAY	ANY	0	2725	4	225	400	
D400_SEARCH_START_DELAY_sf4_lt248	SEARCH	START_DELAY	ANY	0	2748	4	248	400	
D400_SEARCH_START_DELAY_sf4_lt249	SEARCH	START_DELAY	ANY	0	2749	4	249	400	
D400_SEARCH_START_DELAY_sf4_lt250	SEARCH	START_DELAY	ANY	0	2750	4	250	400	
D400_SEARCH_START_DELAY_sf4_lt275	SEARCH	START_DELAY	ANY	0	2775	4	275	400	
D400_SEARCH_START_DELAY_sf4_lt300	SEARCH	START_DELAY	ANY	0	2800	4	300	400	
D400_SEARCH_START_DELAY_sf4_lt325	SEARCH	START_DELAY	ANY	0	2825	4	325	400	
D400_SEARCH_START_DELAY_sf4_lt350	SEARCH	START_DELAY	ANY	0	2850	4	350	400	
D400_SEARCH_START_DELAY_sf4_lt375	SEARCH	START_DELAY	ANY	0	2875	4	375	400	
D400_SEARCH_START_DELAY_sf4_lt385	SEARCH	START_DELAY	ANY	0	2885	4	385	400	
D400_SEARCH_START_DELAY_sf4_lt400	SEARCH	START_DELAY	ANY	0	2900	4	400	400	
D400_SEARCH_START_DELAY_sf4_lt425	SEARCH	START_DELAY	ANY	0	2925	4	425	400	
D400_SEARCH_START_DELAY_sf4_lt450	SEARCH	START_DELAY	ANY	0	2950	4	450	400	
D400_SEARCH_START_DELAY_sf4_lt475	SEARCH	START_DELAY	ANY	0	2975	4	475	400	
D400_SEARCH_START_DELAY_sf4_lt500	SEARCH	START_DELAY	ANY	0	3000	4	500	400	
D400_SEARCH_START_DELAY_sf4_lt525	SEARCH	START_DELAY	ANY	0	3025	4	525	400	
D400_SEARCH_START_DELAY_sf4_lt550	SEARCH	START_DELAY	ANY	0	3050	4	550	400	
D400_SEARCH_START_DELAY_sf4_lt575	SEARCH	START_DELAY	ANY	0	3075	4	575	400	
D400_SEARCH_START_DELAY_sf4_lt600	SEARCH	START_DELAY	ANY	0	3100	4	600	400	
D400_SEARCH_START_DELAY_sf5_lt0	SEARCH	START_DELAY	ANY	0	3125	5	0	400	
D400_SEARCH_START_DELAY_sf5_lt1	SEARCH	START_DELAY	ANY	0	3126	5	1	400	
D400_SEARCH_START_DELAY_sf5_lt2	SEARCH	START_DELAY	ANY	0	3127	5	2	400	
D400_SEARCH_START_DELAY_sf5_lt25	SEARCH	START_DELAY	ANY	0	3150	5	25	400	
D400_SEARCH_START_DELAY_sf5_lt50	SEARCH	START_DELAY	ANY	0	3175	5	50	400	
D400_SEARCH_START_DELAY_sf5_lt75	SEARCH	START_DELAY	ANY	0	3200	5	75	400	
D400_SEARCH_START_DELAY_sf5_lt100	SEARCH	START_DELAY	ANY	0	3225	5	100	400	
D400_SEARCH_START_DELAY_sf5_lt125	SEARCH	START_DELAY	ANY	0	3250	5	125	400	
D400_SEARCH_START_DELAY_sf5_lt150	SEARCH	START_DELAY	ANY	0	3275	5	150	400	
D400_SEARCH_START_DELAY_sf5_lt175	SEARCH	START_DELAY	ANY	0	3300	5	175	400	
D400_SEARCH_START_DELAY_sf5_lt200	SEARCH	START_DELAY	ANY	0	3325	5	200	400	
D400_SEARCH_START_DELAY_sf5_lt225	SEARCH	START_DELAY	ANY	0	3350	5	225	400	
D400_SEARCH_START_DELAY_sf5_lt248	SEARCH	START_DELAY	ANY	0	3373	5	248	400	
D400_SEARCH_START_DELAY_sf5_lt249	SEARCH	START_DELAY	ANY	0	3374	5	249	400	
D400_SEARCH_START_DELAY_sf5_lt250	SEARCH	START_DELAY	ANY	0	3375	5	250	400	
D400_SEARCH_START_DELAY_sf5_lt275	SEARCH	START_DELAY	ANY	0	3400	5	275	400	
D400_SEARCH_START_DELAY_sf5_lt300	SEARCH	START_DELAY	ANY	0	3425	5	300	400	
D400_SEARCH_START_DELAY_sf5_lt325	SEARCH	START_DELAY	ANY	0	3450	5	325	400	
D400_SEARCH_START_DELAY_sf5_lt350	SEARCH	START_DELAY	ANY	0	3475	5	350	400	
D400_SEARCH_START_DELAY_sf5_lt375	SEARCH	START_DELAY	ANY	0	3500	5	375	400	
D400_SEARCH_START_DELAY_sf5_lt385	SEARCH	START_DELAY	ANY	0	3510	5	385	400	
D400_SEARCH_START_DELAY_sf5_lt400	SEARCH	START_DELAY	ANY	0	3525	5	400	400	
D400_SEARCH_START_DELAY_sf5_lt425	SEARCH	START_DELAY	ANY	0	3550	5	425	400	
D400_SEARCH_START_DELAY_sf5_lt450	SEARCH	START_DELAY	ANY	0	3575	5	450	400	
D400_SEARCH_START_DELAY_sf5_lt475	SEARCH	START_DELAY	ANY	0	3600	5	475	400	
D400_SEARCH_START_DELAY_sf5_lt500	SEARCH	START_DELAY	ANY	0	3625	5	500	400	
D400_SEARCH_START_DELAY_sf5_lt525	SEARCH	START_DELAY	ANY	0	3650	5	525	400	
D400_SEARCH_START_DELAY_sf5_lt550	SEARCH	START_DELAY	ANY	0	3675	5	550	400	
D400_SEARCH_START_DELAY_sf5_lt575	SEARCH	START_DELAY	ANY	0	3700	5	575	400	
D400_SEARCH_START_DELAY_sf5_lt600	SEARCH	START_DELAY	ANY	0	3725	5	600	400	
D400_SEARCH_START_DELAY_sf6_lt0	SEARCH	START_DELAY	ANY	0	3750	6	0	400	
D400_SEARCH_START_DELAY_sf6_lt1	SEARCH	START_DELAY	ANY	0	3751	6	1	400	
D400_SEARCH_START_DELAY_sf6_lt2	SEARCH	START_DELAY	ANY	0	3752	6	2	400	
D400_SEARCH_START_DELAY_sf6_lt25	SEARCH	START_DELAY	ANY	0	3775	6	25	400	
D400_SEARCH_START_DELAY_sf6_lt50	SEARCH	START_DELAY	ANY	0	3800	6	50	400	
D400_SEARCH_START_DELAY_sf6_lt75	SEARCH	START_DELAY	ANY	0	3825	6	75	400	
D400_SEARCH_START_DELAY_sf6_lt100	SEARCH	START_DELAY	ANY	0	3850	6	100	400	
D400_SEARCH_START_DELAY_sf6_lt125	SEARCH	START_DELAY	ANY	0	3875	6	125	400	
D400_SEARCH_START_DELAY_sf6_lt150	SEARCH	START_DELAY	ANY	0	3900	6	150	400	
D400_SEARCH_START_DELAY_sf6_lt175	SEARCH	START_DELAY	ANY	0	3925	6	175	400	
D400_SEARCH_START_DELAY_sf6_lt200	SEARCH	START_DELAY	ANY	0	3950	6	200	400	
D400_SEARCH_START_DELAY_sf6_lt225	SEARCH	START_DELAY	ANY	0	3975	6	225	400	
D400_SEARCH_START_DELAY_sf6_lt248	SEARCH	START_DELAY	ANY	0	3998	6	248	400	
D400_SEARCH_START_DELAY_sf6_lt249	SEARCH	START_DELAY	ANY	0	3999	6	249	400	
D400_SEARCH_START_DELAY_sf6_lt250	SEARCH	START_DELAY	ANY	0	4000	6	250	400	
D400_SEARCH_START_DELAY_sf6_lt275	SEARCH	START_DELAY	ANY	0	4025	6	275	400	
D400_SEARCH_START_DELAY_sf6_lt300	SEARCH	START_DELAY	ANY	0	4050	6	300	400	
D400_SEARCH_START_DELAY_sf6_lt325	SEARCH	START_DELAY	ANY	0	4075	6	325	400	
D400_SEARCH_START_DELAY_sf6_lt350	SEARCH	START_DELAY	ANY	0	4100	6	350	400	
D400_SEARCH_START_DELAY_sf6_lt375	SEARCH	START_DELAY	ANY	0	4125	6	375	400	
D400_SEARCH_START_DELAY_sf6_lt385	SEARCH	START_DELAY	ANY	0	4135	6	385	400	
D400_SEARCH_START_DELAY_sf6_lt400	SEARCH	START_DELAY	ANY	0	4150	6	400	400	
D400_SEARCH_START_DELAY_sf6_lt425	SEARCH	START_DELAY	ANY	0	4175	6	425	400	
D400_SEARCH_START_DELAY_sf6_lt450	SEARCH	START_DELAY	ANY	0	4200	6	450	400	
D400_SEARCH_START_DELAY_sf6_lt475	SEARCH	START_DELAY	ANY	0	4225	6	475	400	
D400_SEARCH_START_DELAY_sf6_lt500	SEARCH	START_DELAY	ANY	0	4250	6	500	400	
D400_SEARCH_START_DELAY_sf6_lt525	SEARCH	START_DELAY	ANY	0	4275	6	525	400	
D400_SEARCH_START_DELAY_sf6_lt550	SEARCH	START_DELAY	ANY	0	4300	6	550	400	
D400_SEARCH_START_DELAY_sf6_lt575	SEARCH	START_DELAY	ANY	0	4325	6	575	400	
D400_SEARCH_START_DELAY_sf6_lt600	SEARCH	START_DELAY	ANY	0	4350	6	600	400	
D400_SEARCH_START_DELAY_sf7_lt0	SEARCH	START_DELAY	ANY	0	4375	7	0	400	
D400_SEARCH_START_DELAY_sf7_lt1	SEARCH	START_DELAY	ANY	0	4376	7	1	400	
D400_SEARCH_START_DELAY_sf7_lt2	SEARCH	START_DELAY	ANY	0	4377	7	2	400	
D400_SEARCH_START_DELAY_sf7_lt25	SEARCH	START_DELAY	ANY	0	4400	7	25	400	
D400_SEARCH_START_DELAY_sf7_lt50	SEARCH	START_DELAY	ANY	0	4425	7	50	400	
D400_SEARCH_START_DELAY_sf7_lt75	SEARCH	START_DELAY	ANY	0	4450	7	75	400	
D400_SEARCH_START_DELAY_sf7_lt100	SEARCH	START_DELAY	ANY	0	4475	7	100	400	
D400_SEARCH_START_DELAY_sf7_lt125	SEARCH	START_DELAY	ANY	0	4500	7	125	400	
D400_SEARCH_START_DELAY_sf7_lt150	SEARCH	START_DELAY	ANY	0	4525	7	150	400	
D400_SEARCH_START_DELAY_sf7_lt175	SEARCH	START_DELAY	ANY	0	4550	7	175	400	
D400_SEARCH_START_DELAY_sf7_lt200	SEARCH	START_DELAY	ANY	0	4575	7	200	400	
D400_SEARCH_START_DELAY_sf7_lt225	SEARCH	START_DELAY	ANY	0	4600	7	225	400	
D400_SEARCH_START_DELAY_sf7_lt248	SEARCH	START_DELAY	ANY	0	4623	7	248	400	
D400_SEARCH_START_DELAY_sf7_lt249	SEARCH	START_DELAY	ANY	0	4624	7	249	400	
D400_SEARCH_START_DELAY_sf7_lt250	SEARCH	START_DELAY	ANY	0	4625	7	250	400	
D400_SEARCH_START_DELAY_sf7_lt275	SEARCH	START_DELAY	ANY	0	4650	7	275	400	
D400_SEARCH_START_DELAY_sf7_lt300	SEARCH	START_DELAY	ANY	0	4675	7	300	400	
D400_SEARCH_START_DELAY_sf7_lt325	SEARCH	START_DELAY	ANY	0	4700	7	325	400	
D400_SEARCH_START_DELAY_sf7_lt350	SEARCH	START_DELAY	ANY	0	4725	7	350	400	
D400_SEARCH_START_DELAY_sf7_lt375	SEARCH	START_DELAY	ANY	0	4750	7	375	400	
D400_SEARCH_START_DELAY_sf7_lt385	SEARCH	START_DELAY	ANY	0	4760	7	385	400	
D400_SEARCH_START_DELAY_sf7_lt400	SEARCH	START_DELAY	ANY	0	4775	7	400	400	
D400_SEARCH_START_DELAY_sf7_lt425	SEARCH	START_DELAY	ANY	0	4800	7	425	400	
D400_SEARCH_START_DELAY_sf7_lt450	SEARCH	START_DELAY	ANY	0	4825	7	450	400	
D400_SEARCH_START_DELAY_sf7_lt475	SEARCH	START_DELAY	ANY	0	4850	7	475	400	
D400_SEARCH_START_DELAY_sf7_lt500	SEARCH	START_DELAY	ANY	0	4875	7	500	400	
D400_SEARCH_START_DELAY_sf7_lt525	SEARCH	START_DELAY	ANY	0	4900	7	525	400	
D400_SEARCH_START_DELAY_sf7_lt550	SEARCH	START_DELAY	ANY	0	4925	7	550	400	
D400_SEARCH_START_DELAY_sf7_lt575	SEARCH	START_DELAY	ANY	0	4950	7	575	400	
D400_SEARCH_START_DELAY_sf7_lt600	SEARCH	START_DELAY	ANY	0	4975	7	600	400	
