point_id	mode	event	slot	frame	tick	sf	lt	param	extra
DUAL9_STOP_ANY_t0	DUAL9	STOP	ANY	3	0	-1	0	20	
DUAL9_STOP_ANY_t1	DUAL9	STOP	ANY	3	1	-1	0	20	
DUAL9_STOP_ANY_t2	DUAL9	STOP	ANY	3	2	-1	0	20	
DUAL9_STOP_ANY_t25	DUAL9	STOP	ANY	3	25	-1	0	20	
DUAL9_STOP_ANY_t50	DUAL9	STOP	ANY	3	50	-1	0	20	
DUAL9_STOP_ANY_t75	DUAL9	STOP	ANY	3	75	-1	0	20	
DUAL9_STOP_ANY_t100	DUAL9	STOP	ANY	3	100	-1	0	20	
DUAL9_STOP_ANY_t125	DUAL9	STOP	ANY	3	125	-1	0	20	
DUAL9_STOP_ANY_t150	DUAL9	STOP	ANY	3	150	-1	0	20	
DUAL9_STOP_ANY_t160	DUAL9	STOP	ANY	3	160	-1	0	20	
DUAL9_STOP_ANY_t161	DUAL9	STOP	ANY	3	161	-1	0	20	
DUAL9_STOP_ANY_t162	DUAL9	STOP	ANY	3	162	-1	0	20	
DUAL9_STOP_ANY_t175	DUAL9	STOP	ANY	3	175	-1	0	20	
DUAL9_STOP_ANY_t200	DUAL9	STOP	ANY	3	200	-1	0	20	
DUAL9_STOP_ANY_t225	DUAL9	STOP	ANY	3	225	-1	0	20	
DUAL9_STOP_ANY_t248	DUAL9	STOP	ANY	3	248	-1	0	20	
DUAL9_STOP_ANY_t249	DUAL9	STOP	ANY	3	249	-1	0	20	
DUAL9_STOP_ANY_t250	DUAL9	STOP	ANY	3	250	-1	0	20	
DUAL9_STOP_ANY_t266	DUAL9	STOP	ANY	3	266	-1	0	20	
DUAL9_STOP_ANY_t275	DUAL9	STOP	ANY	3	275	-1	0	20	
DUAL9_STOP_ANY_t283	DUAL9	STOP	ANY	3	283	-1	0	20	
DUAL9_STOP_ANY_t284	DUAL9	STOP	ANY	3	284	-1	0	20	
DUAL9_STOP_ANY_t285	DUAL9	STOP	ANY	3	285	-1	0	20	
DUAL9_STOP_ANY_t300	DUAL9	STOP	ANY	3	300	-1	0	20	
DUAL9_STOP_ANY_t309	DUAL9	STOP	ANY	3	309	-1	0	20	
DUAL9_STOP_ANY_t310	DUAL9	STOP	ANY	3	310	-1	0	20	
DUAL9_STOP_ANY_t311	DUAL9	STOP	ANY	3	311	-1	0	20	
DUAL9_STOP_ANY_t325	DUAL9	STOP	ANY	3	325	-1	0	20	
DUAL9_STOP_ANY_t350	DUAL9	STOP	ANY	3	350	-1	0	20	
DUAL9_STOP_ANY_t375	DUAL9	STOP	ANY	3	375	-1	0	20	
DUAL9_STOP_ANY_t385	DUAL9	STOP	ANY	3	385	-1	0	20	
DUAL9_STOP_ANY_t400	DUAL9	STOP	ANY	3	400	-1	0	20	
DUAL9_STOP_ANY_t425	DUAL9	STOP	ANY	3	425	-1	0	20	
DUAL9_STOP_ANY_t443	DUAL9	STOP	ANY	3	443	-1	0	20	
DUAL9_STOP_ANY_t444	DUAL9	STOP	ANY	3	444	-1	0	20	
DUAL9_STOP_ANY_t445	DUAL9	STOP	ANY	3	445	-1	0	20	
DUAL9_STOP_ANY_t450	DUAL9	STOP	ANY	3	450	-1	0	20	
DUAL9_STOP_ANY_t475	DUAL9	STOP	ANY	3	475	-1	0	20	
DUAL9_STOP_ANY_t477	DUAL9	STOP	ANY	3	477	-1	0	20	
DUAL9_STOP_ANY_t478	DUAL9	STOP	ANY	3	478	-1	0	20	
DUAL9_STOP_ANY_t479	DUAL9	STOP	ANY	3	479	-1	0	20	
DUAL9_STOP_ANY_t500	DUAL9	STOP	ANY	3	500	-1	0	20	
DUAL9_STOP_ANY_t525	DUAL9	STOP	ANY	3	525	-1	0	20	
DUAL9_STOP_ANY_t550	DUAL9	STOP	ANY	3	550	-1	0	20	
DUAL9_STOP_ANY_t575	DUAL9	STOP	ANY	3	575	-1	0	20	
DUAL9_STOP_ANY_t600	DUAL9	STOP	ANY	3	600	-1	0	20	
DUAL9_STOP_ANY_t625	DUAL9	STOP	ANY	3	625	-1	0	20	
DUAL9_STOP_ANY_t650	DUAL9	STOP	ANY	3	650	-1	0	20	
DUAL9_STOP_ANY_t675	DUAL9	STOP	ANY	3	675	-1	0	20	
DUAL9_STOP_ANY_t700	DUAL9	STOP	ANY	3	700	-1	0	20	
DUAL9_STOP_ANY_t725	DUAL9	STOP	ANY	3	725	-1	0	20	
DUAL9_STOP_ANY_t750	DUAL9	STOP	ANY	3	750	-1	0	20	
DUAL9_STOP_ANY_t775	DUAL9	STOP	ANY	3	775	-1	0	20	
DUAL9_STOP_ANY_t800	DUAL9	STOP	ANY	3	800	-1	0	20	
DUAL9_STOP_ANY_t825	DUAL9	STOP	ANY	3	825	-1	0	20	
DUAL9_STOP_ANY_t850	DUAL9	STOP	ANY	3	850	-1	0	20	
DUAL9_STOP_ANY_t875	DUAL9	STOP	ANY	3	875	-1	0	20	
DUAL9_STOP_ANY_t900	DUAL9	STOP	ANY	3	900	-1	0	20	
DUAL9_STOP_ANY_t925	DUAL9	STOP	ANY	3	925	-1	0	20	
DUAL9_STOP_ANY_t950	DUAL9	STOP	ANY	3	950	-1	0	20	
DUAL9_STOP_ANY_t975	DUAL9	STOP	ANY	3	975	-1	0	20	
DUAL9_STOP_ANY_t1000	DUAL9	STOP	ANY	3	1000	-1	0	20	
DUAL9_STOP_ANY_t1025	DUAL9	STOP	ANY	3	1025	-1	0	20	
DUAL9_STOP_ANY_t1050	DUAL9	STOP	ANY	3	1050	-1	0	20	
DUAL9_STOP_ANY_t1075	DUAL9	STOP	ANY	3	1075	-1	0	20	
DUAL9_STOP_ANY_t1100	DUAL9	STOP	ANY	3	1100	-1	0	20	
DUAL9_STOP_ANY_t1125	DUAL9	STOP	ANY	3	1125	-1	0	20	
DUAL9_STOP_ANY_t1150	DUAL9	STOP	ANY	3	1150	-1	0	20	
DUAL9_STOP_ANY_t1175	DUAL9	STOP	ANY	3	1175	-1	0	20	
DUAL9_STOP_ANY_t1200	DUAL9	STOP	ANY	3	1200	-1	0	20	
DUAL9_STOP_ANY_t1225	DUAL9	STOP	ANY	3	1225	-1	0	20	
DUAL9_STOP_ANY_t1250	DUAL9	STOP	ANY	3	1250	-1	0	20	
DUAL9_STOP_ANY_t1275	DUAL9	STOP	ANY	3	1275	-1	0	20	
DUAL9_STOP_ANY_t1300	DUAL9	STOP	ANY	3	1300	-1	0	20	
DUAL9_STOP_ANY_t1325	DUAL9	STOP	ANY	3	1325	-1	0	20	
DUAL9_STOP_ANY_t1350	DUAL9	STOP	ANY	3	1350	-1	0	20	
DUAL9_STOP_ANY_t1375	DUAL9	STOP	ANY	3	1375	-1	0	20	
DUAL9_STOP_ANY_t1400	DUAL9	STOP	ANY	3	1400	-1	0	20	
DUAL9_STOP_ANY_t1425	DUAL9	STOP	ANY	3	1425	-1	0	20	
DUAL9_STOP_ANY_t1450	DUAL9	STOP	ANY	3	1450	-1	0	20	
DUAL9_STOP_ANY_t1475	DUAL9	STOP	ANY	3	1475	-1	0	20	
DUAL9_STOP_ANY_t1500	DUAL9	STOP	ANY	3	1500	-1	0	20	
DUAL9_STOP_ANY_t1525	DUAL9	STOP	ANY	3	1525	-1	0	20	
DUAL9_STOP_ANY_t1550	DUAL9	STOP	ANY	3	1550	-1	0	20	
DUAL9_STOP_ANY_t1575	DUAL9	STOP	ANY	3	1575	-1	0	20	
DUAL9_STOP_ANY_t1600	DUAL9	STOP	ANY	3	1600	-1	0	20	
DUAL9_STOP_ANY_t1625	DUAL9	STOP	ANY	3	1625	-1	0	20	
DUAL9_STOP_ANY_t1650	DUAL9	STOP	ANY	3	1650	-1	0	20	
DUAL9_STOP_ANY_t1675	DUAL9	STOP	ANY	3	1675	-1	0	20	
DUAL9_STOP_ANY_t1700	DUAL9	STOP	ANY	3	1700	-1	0	20	
DUAL9_STOP_ANY_t1725	DUAL9	STOP	ANY	3	1725	-1	0	20	
DUAL9_STOP_ANY_t1750	DUAL9	STOP	ANY	3	1750	-1	0	20	
DUAL9_STOP_ANY_t1775	DUAL9	STOP	ANY	3	1775	-1	0	20	
DUAL9_STOP_ANY_t1800	DUAL9	STOP	ANY	3	1800	-1	0	20	
DUAL9_STOP_ANY_t1825	DUAL9	STOP	ANY	3	1825	-1	0	20	
DUAL9_STOP_ANY_t1850	DUAL9	STOP	ANY	3	1850	-1	0	20	
DUAL9_STOP_ANY_t1875	DUAL9	STOP	ANY	3	1875	-1	0	20	
DUAL9_STOP_ANY_t1900	DUAL9	STOP	ANY	3	1900	-1	0	20	
DUAL9_STOP_ANY_t1925	DUAL9	STOP	ANY	3	1925	-1	0	20	
DUAL9_STOP_ANY_t1950	DUAL9	STOP	ANY	3	1950	-1	0	20	
DUAL9_STOP_ANY_t1975	DUAL9	STOP	ANY	3	1975	-1	0	20	
DUAL9_STOP_ANY_t2000	DUAL9	STOP	ANY	3	2000	-1	0	20	
DUAL9_STOP_ANY_t2025	DUAL9	STOP	ANY	3	2025	-1	0	20	
DUAL9_STOP_ANY_t2050	DUAL9	STOP	ANY	3	2050	-1	0	20	
DUAL9_STOP_ANY_t2075	DUAL9	STOP	ANY	3	2075	-1	0	20	
DUAL9_STOP_ANY_t2100	DUAL9	STOP	ANY	3	2100	-1	0	20	
DUAL9_STOP_ANY_t2125	DUAL9	STOP	ANY	3	2125	-1	0	20	
DUAL9_STOP_ANY_t2150	DUAL9	STOP	ANY	3	2150	-1	0	20	
DUAL9_STOP_ANY_t2175	DUAL9	STOP	ANY	3	2175	-1	0	20	
DUAL9_STOP_ANY_t2200	DUAL9	STOP	ANY	3	2200	-1	0	20	
DUAL9_STOP_ANY_t2225	DUAL9	STOP	ANY	3	2225	-1	0	20	
DUAL9_STOP_ANY_t2250	DUAL9	STOP	ANY	3	2250	-1	0	20	
DUAL9_STOP_ANY_t2275	DUAL9	STOP	ANY	3	2275	-1	0	20	
DUAL9_STOP_ANY_t2300	DUAL9	STOP	ANY	3	2300	-1	0	20	
DUAL9_STOP_ANY_t2325	DUAL9	STOP	ANY	3	2325	-1	0	20	
DUAL9_STOP_ANY_t2350	DUAL9	STOP	ANY	3	2350	-1	0	20	
DUAL9_STOP_ANY_t2375	DUAL9	STOP	ANY	3	2375	-1	0	20	
DUAL9_STOP_ANY_t2400	DUAL9	STOP	ANY	3	2400	-1	0	20	
DUAL9_STOP_ANY_t2425	DUAL9	STOP	ANY	3	2425	-1	0	20	
DUAL9_STOP_ANY_t2450	DUAL9	STOP	ANY	3	2450	-1	0	20	
DUAL9_STOP_ANY_t2475	DUAL9	STOP	ANY	3	2475	-1	0	20	
DUAL9_STOP_ANY_t2500	DUAL9	STOP	ANY	3	2500	-1	0	20	
DUAL9_STOP_ANY_t2525	DUAL9	STOP	ANY	3	2525	-1	0	20	
DUAL9_STOP_ANY_t2550	DUAL9	STOP	ANY	3	2550	-1	0	20	
DUAL9_STOP_ANY_t2575	DUAL9	STOP	ANY	3	2575	-1	0	20	
DUAL9_STOP_ANY_t2600	DUAL9	STOP	ANY	3	2600	-1	0	20	
DUAL9_STOP_ANY_t2625	DUAL9	STOP	ANY	3	2625	-1	0	20	
DUAL9_STOP_ANY_t2650	DUAL9	STOP	ANY	3	2650	-1	0	20	
DUAL9_STOP_ANY_t2675	DUAL9	STOP	ANY	3	2675	-1	0	20	
DUAL9_STOP_ANY_t2700	DUAL9	STOP	ANY	3	2700	-1	0	20	
DUAL9_STOP_ANY_t2725	DUAL9	STOP	ANY	3	2725	-1	0	20	
DUAL9_STOP_ANY_t2750	DUAL9	STOP	ANY	3	2750	-1	0	20	
DUAL9_STOP_ANY_t2775	DUAL9	STOP	ANY	3	2775	-1	0	20	
DUAL9_STOP_ANY_t2800	DUAL9	STOP	ANY	3	2800	-1	0	20	
DUAL9_STOP_ANY_t2825	DUAL9	STOP	ANY	3	2825	-1	0	20	
DUAL9_STOP_ANY_t2850	DUAL9	STOP	ANY	3	2850	-1	0	20	
DUAL9_STOP_ANY_t2875	DUAL9	STOP	ANY	3	2875	-1	0	20	
DUAL9_STOP_ANY_t2900	DUAL9	STOP	ANY	3	2900	-1	0	20	
DUAL9_STOP_ANY_t2925	DUAL9	STOP	ANY	3	2925	-1	0	20	
DUAL9_STOP_ANY_t2950	DUAL9	STOP	ANY	3	2950	-1	0	20	
DUAL9_STOP_ANY_t2975	DUAL9	STOP	ANY	3	2975	-1	0	20	
DUAL9_STOP_ANY_t3000	DUAL9	STOP	ANY	3	3000	-1	0	20	
DUAL9_STOP_ANY_t3025	DUAL9	STOP	ANY	3	3025	-1	0	20	
DUAL9_STOP_ANY_t3050	DUAL9	STOP	ANY	3	3050	-1	0	20	
DUAL9_STOP_ANY_t3075	DUAL9	STOP	ANY	3	3075	-1	0	20	
DUAL9_STOP_ANY_t3100	DUAL9	STOP	ANY	3	3100	-1	0	20	
DUAL9_STOP_ANY_t3125	DUAL9	STOP	ANY	3	3125	-1	0	20	
DUAL9_STOP_ANY_t3150	DUAL9	STOP	ANY	3	3150	-1	0	20	
DUAL9_STOP_ANY_t3175	DUAL9	STOP	ANY	3	3175	-1	0	20	
DUAL9_STOP_ANY_t3200	DUAL9	STOP	ANY	3	3200	-1	0	20	
DUAL9_STOP_ANY_t3225	DUAL9	STOP	ANY	3	3225	-1	0	20	
DUAL9_STOP_ANY_t3250	DUAL9	STOP	ANY	3	3250	-1	0	20	
DUAL9_STOP_ANY_t3275	DUAL9	STOP	ANY	3	3275	-1	0	20	
DUAL9_STOP_ANY_t3300	DUAL9	STOP	ANY	3	3300	-1	0	20	
DUAL9_STOP_ANY_t3325	DUAL9	STOP	ANY	3	3325	-1	0	20	
DUAL9_STOP_ANY_t3350	DUAL9	STOP	ANY	3	3350	-1	0	20	
DUAL9_STOP_ANY_t3375	DUAL9	STOP	ANY	3	3375	-1	0	20	
DUAL9_STOP_ANY_t3400	DUAL9	STOP	ANY	3	3400	-1	0	20	
DUAL9_STOP_ANY_t3425	DUAL9	STOP	ANY	3	3425	-1	0	20	
DUAL9_STOP_ANY_t3450	DUAL9	STOP	ANY	3	3450	-1	0	20	
DUAL9_STOP_ANY_t3475	DUAL9	STOP	ANY	3	3475	-1	0	20	
DUAL9_STOP_ANY_t3500	DUAL9	STOP	ANY	3	3500	-1	0	20	
DUAL9_STOP_ANY_t3525	DUAL9	STOP	ANY	3	3525	-1	0	20	
DUAL9_STOP_ANY_t3550	DUAL9	STOP	ANY	3	3550	-1	0	20	
DUAL9_STOP_ANY_t3575	DUAL9	STOP	ANY	3	3575	-1	0	20	
DUAL9_STOP_ANY_t3600	DUAL9	STOP	ANY	3	3600	-1	0	20	
DUAL9_STOP_ANY_t3625	DUAL9	STOP	ANY	3	3625	-1	0	20	
DUAL9_STOP_ANY_t3650	DUAL9	STOP	ANY	3	3650	-1	0	20	
DUAL9_STOP_ANY_t3675	DUAL9	STOP	ANY	3	3675	-1	0	20	
DUAL9_STOP_ANY_t3700	DUAL9	STOP	ANY	3	3700	-1	0	20	
DUAL9_STOP_ANY_t3725	DUAL9	STOP	ANY	3	3725	-1	0	20	
DUAL9_STOP_ANY_t3750	DUAL9	STOP	ANY	3	3750	-1	0	20	
DUAL9_STOP_ANY_t3775	DUAL9	STOP	ANY	3	3775	-1	0	20	
DUAL9_STOP_ANY_t3800	DUAL9	STOP	ANY	3	3800	-1	0	20	
DUAL9_STOP_ANY_t3825	DUAL9	STOP	ANY	3	3825	-1	0	20	
DUAL9_STOP_ANY_t3850	DUAL9	STOP	ANY	3	3850	-1	0	20	
DUAL9_STOP_ANY_t3875	DUAL9	STOP	ANY	3	3875	-1	0	20	
DUAL9_STOP_ANY_t3900	DUAL9	STOP	ANY	3	3900	-1	0	20	
DUAL9_STOP_ANY_t3925	DUAL9	STOP	ANY	3	3925	-1	0	20	
DUAL9_STOP_ANY_t3950	DUAL9	STOP	ANY	3	3950	-1	0	20	
DUAL9_STOP_ANY_t3975	DUAL9	STOP	ANY	3	3975	-1	0	20	
DUAL9_STOP_ANY_t4000	DUAL9	STOP	ANY	3	4000	-1	0	20	
DUAL9_STOP_ANY_t4025	DUAL9	STOP	ANY	3	4025	-1	0	20	
DUAL9_STOP_ANY_t4050	DUAL9	STOP	ANY	3	4050	-1	0	20	
DUAL9_STOP_ANY_t4075	DUAL9	STOP	ANY	3	4075	-1	0	20	
DUAL9_STOP_ANY_t4100	DUAL9	STOP	ANY	3	4100	-1	0	20	
DUAL9_STOP_ANY_t4125	DUAL9	STOP	ANY	3	4125	-1	0	20	
DUAL9_STOP_ANY_t4150	DUAL9	STOP	ANY	3	4150	-1	0	20	
DUAL9_STOP_ANY_t4175	DUAL9	STOP	ANY	3	4175	-1	0	20	
DUAL9_STOP_ANY_t4200	DUAL9	STOP	ANY	3	4200	-1	0	20	
DUAL9_STOP_ANY_t4225	DUAL9	STOP	ANY	3	4225	-1	0	20	
DUAL9_STOP_ANY_t4250	DUAL9	STOP	ANY	3	4250	-1	0	20	
DUAL9_STOP_ANY_t4275	DUAL9	STOP	ANY	3	4275	-1	0	20	
DUAL9_STOP_ANY_t4300	DUAL9	STOP	ANY	3	4300	-1	0	20	
DUAL9_STOP_ANY_t4325	DUAL9	STOP	ANY	3	4325	-1	0	20	
DUAL9_STOP_ANY_t4350	DUAL9	STOP	ANY	3	4350	-1	0	20	
DUAL9_STOP_ANY_t4375	DUAL9	STOP	ANY	3	4375	-1	0	20	
DUAL9_STOP_ANY_t4400	DUAL9	STOP	ANY	3	4400	-1	0	20	
DUAL9_STOP_ANY_t4425	DUAL9	STOP	ANY	3	4425	-1	0	20	
DUAL9_STOP_ANY_t4450	DUAL9	STOP	ANY	3	4450	-1	0	20	
DUAL9_STOP_ANY_t4475	DUAL9	STOP	ANY	3	4475	-1	0	20	
DUAL9_STOP_ANY_t4499	DUAL9	STOP	ANY	3	4499	-1	0	20	
DUAL9_STOP_ANY_t4500	DUAL9	STOP	ANY	3	4500	-1	0	20	
DUAL9_STOP_ANY_t4501	DUAL9	STOP	ANY	3	4501	-1	0	20	
DUAL9_STOP_ANY_t4502	DUAL9	STOP	ANY	3	4502	-1	0	20	
DUAL9_STOP_ANY_t4503	DUAL9	STOP	ANY	3	4503	-1	0	20	
DUAL9_STOP_ANY_t4525	DUAL9	STOP	ANY	3	4525	-1	0	20	
DUAL9_STOP_ANY_t4550	DUAL9	STOP	ANY	3	4550	-1	0	20	
DUAL9_STOP_ANY_t4575	DUAL9	STOP	ANY	3	4575	-1	0	20	
DUAL9_STOP_ANY_t4600	DUAL9	STOP	ANY	3	4600	-1	0	20	
DUAL9_STOP_ANY_t4625	DUAL9	STOP	ANY	3	4625	-1	0	20	
DUAL9_STOP_ANY_t4650	DUAL9	STOP	ANY	3	4650	-1	0	20	
DUAL9_STOP_ANY_t4675	DUAL9	STOP	ANY	3	4675	-1	0	20	
DUAL9_STOP_ANY_t4700	DUAL9	STOP	ANY	3	4700	-1	0	20	
DUAL9_STOP_ANY_t4725	DUAL9	STOP	ANY	3	4725	-1	0	20	
DUAL9_STOP_ANY_t4750	DUAL9	STOP	ANY	3	4750	-1	0	20	
DUAL9_STOP_ANY_t4760	DUAL9	STOP	ANY	3	4760	-1	0	20	
DUAL9_STOP_ANY_t4775	DUAL9	STOP	ANY	3	4775	-1	0	20	
DUAL9_STOP_ANY_t4800	DUAL9	STOP	ANY	3	4800	-1	0	20	
DUAL9_STOP_ANY_t4808	DUAL9	STOP	ANY	3	4808	-1	0	20	
DUAL9_STOP_ANY_t4809	DUAL9	STOP	ANY	3	4809	-1	0	20	
DUAL9_STOP_ANY_t4810	DUAL9	STOP	ANY	3	4810	-1	0	20	
DUAL9_STOP_ANY_t4811	DUAL9	STOP	ANY	3	4811	-1	0	20	
DUAL9_STOP_ANY_t4812	DUAL9	STOP	ANY	3	4812	-1	0	20	
DUAL9_STOP_ANY_t4825	DUAL9	STOP	ANY	3	4825	-1	0	20	
DUAL9_STOP_ANY_t4850	DUAL9	STOP	ANY	3	4850	-1	0	20	
DUAL9_STOP_ANY_t4875	DUAL9	STOP	ANY	3	4875	-1	0	20	
DUAL9_STOP_ANY_t4900	DUAL9	STOP	ANY	3	4900	-1	0	20	
DUAL9_STOP_ANY_t4925	DUAL9	STOP	ANY	3	4925	-1	0	20	
DUAL9_STOP_ANY_t4950	DUAL9	STOP	ANY	3	4950	-1	0	20	
DUAL9_STOP_ANY_t4975	DUAL9	STOP	ANY	3	4975	-1	0	20	
DUAL9_STOP_ANY_t4999	DUAL9	STOP	ANY	3	4999	-1	0	20	
DUAL9_STOP_ANY_t5000	DUAL9	STOP	ANY	4	0	-1	0	20	
DUAL9_STOP_ANY_t5001	DUAL9	STOP	ANY	4	1	-1	0	20	
DUAL9_ABORT_ANY_t0	DUAL9	ABORT	ANY	3	0	-1	0	20	
DUAL9_ABORT_ANY_t1	DUAL9	ABORT	ANY	3	1	-1	0	20	
DUAL9_ABORT_ANY_t2	DUAL9	ABORT	ANY	3	2	-1	0	20	
DUAL9_ABORT_ANY_t25	DUAL9	ABORT	ANY	3	25	-1	0	20	
DUAL9_ABORT_ANY_t50	DUAL9	ABORT	ANY	3	50	-1	0	20	
DUAL9_ABORT_ANY_t75	DUAL9	ABORT	ANY	3	75	-1	0	20	
DUAL9_ABORT_ANY_t100	DUAL9	ABORT	ANY	3	100	-1	0	20	
DUAL9_ABORT_ANY_t125	DUAL9	ABORT	ANY	3	125	-1	0	20	
DUAL9_ABORT_ANY_t150	DUAL9	ABORT	ANY	3	150	-1	0	20	
DUAL9_ABORT_ANY_t160	DUAL9	ABORT	ANY	3	160	-1	0	20	
DUAL9_ABORT_ANY_t161	DUAL9	ABORT	ANY	3	161	-1	0	20	
DUAL9_ABORT_ANY_t162	DUAL9	ABORT	ANY	3	162	-1	0	20	
DUAL9_ABORT_ANY_t175	DUAL9	ABORT	ANY	3	175	-1	0	20	
DUAL9_ABORT_ANY_t200	DUAL9	ABORT	ANY	3	200	-1	0	20	
DUAL9_ABORT_ANY_t225	DUAL9	ABORT	ANY	3	225	-1	0	20	
DUAL9_ABORT_ANY_t248	DUAL9	ABORT	ANY	3	248	-1	0	20	
DUAL9_ABORT_ANY_t249	DUAL9	ABORT	ANY	3	249	-1	0	20	
DUAL9_ABORT_ANY_t250	DUAL9	ABORT	ANY	3	250	-1	0	20	
DUAL9_ABORT_ANY_t266	DUAL9	ABORT	ANY	3	266	-1	0	20	
DUAL9_ABORT_ANY_t275	DUAL9	ABORT	ANY	3	275	-1	0	20	
DUAL9_ABORT_ANY_t283	DUAL9	ABORT	ANY	3	283	-1	0	20	
DUAL9_ABORT_ANY_t284	DUAL9	ABORT	ANY	3	284	-1	0	20	
DUAL9_ABORT_ANY_t285	DUAL9	ABORT	ANY	3	285	-1	0	20	
DUAL9_ABORT_ANY_t300	DUAL9	ABORT	ANY	3	300	-1	0	20	
DUAL9_ABORT_ANY_t309	DUAL9	ABORT	ANY	3	309	-1	0	20	
DUAL9_ABORT_ANY_t310	DUAL9	ABORT	ANY	3	310	-1	0	20	
DUAL9_ABORT_ANY_t311	DUAL9	ABORT	ANY	3	311	-1	0	20	
DUAL9_ABORT_ANY_t325	DUAL9	ABORT	ANY	3	325	-1	0	20	
DUAL9_ABORT_ANY_t350	DUAL9	ABORT	ANY	3	350	-1	0	20	
DUAL9_ABORT_ANY_t375	DUAL9	ABORT	ANY	3	375	-1	0	20	
DUAL9_ABORT_ANY_t385	DUAL9	ABORT	ANY	3	385	-1	0	20	
DUAL9_ABORT_ANY_t400	DUAL9	ABORT	ANY	3	400	-1	0	20	
DUAL9_ABORT_ANY_t425	DUAL9	ABORT	ANY	3	425	-1	0	20	
DUAL9_ABORT_ANY_t443	DUAL9	ABORT	ANY	3	443	-1	0	20	
DUAL9_ABORT_ANY_t444	DUAL9	ABORT	ANY	3	444	-1	0	20	
DUAL9_ABORT_ANY_t445	DUAL9	ABORT	ANY	3	445	-1	0	20	
DUAL9_ABORT_ANY_t450	DUAL9	ABORT	ANY	3	450	-1	0	20	
DUAL9_ABORT_ANY_t475	DUAL9	ABORT	ANY	3	475	-1	0	20	
DUAL9_ABORT_ANY_t477	DUAL9	ABORT	ANY	3	477	-1	0	20	
DUAL9_ABORT_ANY_t478	DUAL9	ABORT	ANY	3	478	-1	0	20	
DUAL9_ABORT_ANY_t479	DUAL9	ABORT	ANY	3	479	-1	0	20	
DUAL9_ABORT_ANY_t500	DUAL9	ABORT	ANY	3	500	-1	0	20	
DUAL9_ABORT_ANY_t525	DUAL9	ABORT	ANY	3	525	-1	0	20	
DUAL9_ABORT_ANY_t550	DUAL9	ABORT	ANY	3	550	-1	0	20	
DUAL9_ABORT_ANY_t575	DUAL9	ABORT	ANY	3	575	-1	0	20	
DUAL9_ABORT_ANY_t600	DUAL9	ABORT	ANY	3	600	-1	0	20	
DUAL9_ABORT_ANY_t625	DUAL9	ABORT	ANY	3	625	-1	0	20	
DUAL9_ABORT_ANY_t650	DUAL9	ABORT	ANY	3	650	-1	0	20	
DUAL9_ABORT_ANY_t675	DUAL9	ABORT	ANY	3	675	-1	0	20	
DUAL9_ABORT_ANY_t700	DUAL9	ABORT	ANY	3	700	-1	0	20	
DUAL9_ABORT_ANY_t725	DUAL9	ABORT	ANY	3	725	-1	0	20	
DUAL9_ABORT_ANY_t750	DUAL9	ABORT	ANY	3	750	-1	0	20	
DUAL9_ABORT_ANY_t775	DUAL9	ABORT	ANY	3	775	-1	0	20	
DUAL9_ABORT_ANY_t800	DUAL9	ABORT	ANY	3	800	-1	0	20	
DUAL9_ABORT_ANY_t825	DUAL9	ABORT	ANY	3	825	-1	0	20	
DUAL9_ABORT_ANY_t850	DUAL9	ABORT	ANY	3	850	-1	0	20	
DUAL9_ABORT_ANY_t875	DUAL9	ABORT	ANY	3	875	-1	0	20	
DUAL9_ABORT_ANY_t900	DUAL9	ABORT	ANY	3	900	-1	0	20	
DUAL9_ABORT_ANY_t925	DUAL9	ABORT	ANY	3	925	-1	0	20	
DUAL9_ABORT_ANY_t950	DUAL9	ABORT	ANY	3	950	-1	0	20	
DUAL9_ABORT_ANY_t975	DUAL9	ABORT	ANY	3	975	-1	0	20	
DUAL9_ABORT_ANY_t1000	DUAL9	ABORT	ANY	3	1000	-1	0	20	
DUAL9_ABORT_ANY_t1025	DUAL9	ABORT	ANY	3	1025	-1	0	20	
DUAL9_ABORT_ANY_t1050	DUAL9	ABORT	ANY	3	1050	-1	0	20	
DUAL9_ABORT_ANY_t1075	DUAL9	ABORT	ANY	3	1075	-1	0	20	
DUAL9_ABORT_ANY_t1100	DUAL9	ABORT	ANY	3	1100	-1	0	20	
DUAL9_ABORT_ANY_t1125	DUAL9	ABORT	ANY	3	1125	-1	0	20	
DUAL9_ABORT_ANY_t1150	DUAL9	ABORT	ANY	3	1150	-1	0	20	
DUAL9_ABORT_ANY_t1175	DUAL9	ABORT	ANY	3	1175	-1	0	20	
DUAL9_ABORT_ANY_t1200	DUAL9	ABORT	ANY	3	1200	-1	0	20	
DUAL9_ABORT_ANY_t1225	DUAL9	ABORT	ANY	3	1225	-1	0	20	
DUAL9_ABORT_ANY_t1250	DUAL9	ABORT	ANY	3	1250	-1	0	20	
DUAL9_ABORT_ANY_t1275	DUAL9	ABORT	ANY	3	1275	-1	0	20	
DUAL9_ABORT_ANY_t1300	DUAL9	ABORT	ANY	3	1300	-1	0	20	
DUAL9_ABORT_ANY_t1325	DUAL9	ABORT	ANY	3	1325	-1	0	20	
DUAL9_ABORT_ANY_t1350	DUAL9	ABORT	ANY	3	1350	-1	0	20	
DUAL9_ABORT_ANY_t1375	DUAL9	ABORT	ANY	3	1375	-1	0	20	
DUAL9_ABORT_ANY_t1400	DUAL9	ABORT	ANY	3	1400	-1	0	20	
DUAL9_ABORT_ANY_t1425	DUAL9	ABORT	ANY	3	1425	-1	0	20	
DUAL9_ABORT_ANY_t1450	DUAL9	ABORT	ANY	3	1450	-1	0	20	
DUAL9_ABORT_ANY_t1475	DUAL9	ABORT	ANY	3	1475	-1	0	20	
DUAL9_ABORT_ANY_t1500	DUAL9	ABORT	ANY	3	1500	-1	0	20	
DUAL9_ABORT_ANY_t1525	DUAL9	ABORT	ANY	3	1525	-1	0	20	
DUAL9_ABORT_ANY_t1550	DUAL9	ABORT	ANY	3	1550	-1	0	20	
DUAL9_ABORT_ANY_t1575	DUAL9	ABORT	ANY	3	1575	-1	0	20	
DUAL9_ABORT_ANY_t1600	DUAL9	ABORT	ANY	3	1600	-1	0	20	
DUAL9_ABORT_ANY_t1625	DUAL9	ABORT	ANY	3	1625	-1	0	20	
DUAL9_ABORT_ANY_t1650	DUAL9	ABORT	ANY	3	1650	-1	0	20	
DUAL9_ABORT_ANY_t1675	DUAL9	ABORT	ANY	3	1675	-1	0	20	
DUAL9_ABORT_ANY_t1700	DUAL9	ABORT	ANY	3	1700	-1	0	20	
DUAL9_ABORT_ANY_t1725	DUAL9	ABORT	ANY	3	1725	-1	0	20	
DUAL9_ABORT_ANY_t1750	DUAL9	ABORT	ANY	3	1750	-1	0	20	
DUAL9_ABORT_ANY_t1775	DUAL9	ABORT	ANY	3	1775	-1	0	20	
DUAL9_ABORT_ANY_t1800	DUAL9	ABORT	ANY	3	1800	-1	0	20	
DUAL9_ABORT_ANY_t1825	DUAL9	ABORT	ANY	3	1825	-1	0	20	
DUAL9_ABORT_ANY_t1850	DUAL9	ABORT	ANY	3	1850	-1	0	20	
DUAL9_ABORT_ANY_t1875	DUAL9	ABORT	ANY	3	1875	-1	0	20	
DUAL9_ABORT_ANY_t1900	DUAL9	ABORT	ANY	3	1900	-1	0	20	
DUAL9_ABORT_ANY_t1925	DUAL9	ABORT	ANY	3	1925	-1	0	20	
DUAL9_ABORT_ANY_t1950	DUAL9	ABORT	ANY	3	1950	-1	0	20	
DUAL9_ABORT_ANY_t1975	DUAL9	ABORT	ANY	3	1975	-1	0	20	
DUAL9_ABORT_ANY_t2000	DUAL9	ABORT	ANY	3	2000	-1	0	20	
DUAL9_ABORT_ANY_t2025	DUAL9	ABORT	ANY	3	2025	-1	0	20	
DUAL9_ABORT_ANY_t2050	DUAL9	ABORT	ANY	3	2050	-1	0	20	
DUAL9_ABORT_ANY_t2075	DUAL9	ABORT	ANY	3	2075	-1	0	20	
DUAL9_ABORT_ANY_t2100	DUAL9	ABORT	ANY	3	2100	-1	0	20	
DUAL9_ABORT_ANY_t2125	DUAL9	ABORT	ANY	3	2125	-1	0	20	
DUAL9_ABORT_ANY_t2150	DUAL9	ABORT	ANY	3	2150	-1	0	20	
DUAL9_ABORT_ANY_t2175	DUAL9	ABORT	ANY	3	2175	-1	0	20	
DUAL9_ABORT_ANY_t2200	DUAL9	ABORT	ANY	3	2200	-1	0	20	
DUAL9_ABORT_ANY_t2225	DUAL9	ABORT	ANY	3	2225	-1	0	20	
DUAL9_ABORT_ANY_t2250	DUAL9	ABORT	ANY	3	2250	-1	0	20	
DUAL9_ABORT_ANY_t2275	DUAL9	ABORT	ANY	3	2275	-1	0	20	
DUAL9_ABORT_ANY_t2300	DUAL9	ABORT	ANY	3	2300	-1	0	20	
DUAL9_ABORT_ANY_t2325	DUAL9	ABORT	ANY	3	2325	-1	0	20	
DUAL9_ABORT_ANY_t2350	DUAL9	ABORT	ANY	3	2350	-1	0	20	
DUAL9_ABORT_ANY_t2375	DUAL9	ABORT	ANY	3	2375	-1	0	20	
DUAL9_ABORT_ANY_t2400	DUAL9	ABORT	ANY	3	2400	-1	0	20	
DUAL9_ABORT_ANY_t2425	DUAL9	ABORT	ANY	3	2425	-1	0	20	
DUAL9_ABORT_ANY_t2450	DUAL9	ABORT	ANY	3	2450	-1	0	20	
DUAL9_ABORT_ANY_t2475	DUAL9	ABORT	ANY	3	2475	-1	0	20	
DUAL9_ABORT_ANY_t2500	DUAL9	ABORT	ANY	3	2500	-1	0	20	
DUAL9_ABORT_ANY_t2525	DUAL9	ABORT	ANY	3	2525	-1	0	20	
DUAL9_ABORT_ANY_t2550	DUAL9	ABORT	ANY	3	2550	-1	0	20	
DUAL9_ABORT_ANY_t2575	DUAL9	ABORT	ANY	3	2575	-1	0	20	
DUAL9_ABORT_ANY_t2600	DUAL9	ABORT	ANY	3	2600	-1	0	20	
DUAL9_ABORT_ANY_t2625	DUAL9	ABORT	ANY	3	2625	-1	0	20	
DUAL9_ABORT_ANY_t2650	DUAL9	ABORT	ANY	3	2650	-1	0	20	
DUAL9_ABORT_ANY_t2675	DUAL9	ABORT	ANY	3	2675	-1	0	20	
DUAL9_ABORT_ANY_t2700	DUAL9	ABORT	ANY	3	2700	-1	0	20	
DUAL9_ABORT_ANY_t2725	DUAL9	ABORT	ANY	3	2725	-1	0	20	
DUAL9_ABORT_ANY_t2750	DUAL9	ABORT	ANY	3	2750	-1	0	20	
DUAL9_ABORT_ANY_t2775	DUAL9	ABORT	ANY	3	2775	-1	0	20	
DUAL9_ABORT_ANY_t2800	DUAL9	ABORT	ANY	3	2800	-1	0	20	
DUAL9_ABORT_ANY_t2825	DUAL9	ABORT	ANY	3	2825	-1	0	20	
DUAL9_ABORT_ANY_t2850	DUAL9	ABORT	ANY	3	2850	-1	0	20	
DUAL9_ABORT_ANY_t2875	DUAL9	ABORT	ANY	3	2875	-1	0	20	
DUAL9_ABORT_ANY_t2900	DUAL9	ABORT	ANY	3	2900	-1	0	20	
DUAL9_ABORT_ANY_t2925	DUAL9	ABORT	ANY	3	2925	-1	0	20	
DUAL9_ABORT_ANY_t2950	DUAL9	ABORT	ANY	3	2950	-1	0	20	
DUAL9_ABORT_ANY_t2975	DUAL9	ABORT	ANY	3	2975	-1	0	20	
DUAL9_ABORT_ANY_t3000	DUAL9	ABORT	ANY	3	3000	-1	0	20	
DUAL9_ABORT_ANY_t3025	DUAL9	ABORT	ANY	3	3025	-1	0	20	
DUAL9_ABORT_ANY_t3050	DUAL9	ABORT	ANY	3	3050	-1	0	20	
DUAL9_ABORT_ANY_t3075	DUAL9	ABORT	ANY	3	3075	-1	0	20	
DUAL9_ABORT_ANY_t3100	DUAL9	ABORT	ANY	3	3100	-1	0	20	
DUAL9_ABORT_ANY_t3125	DUAL9	ABORT	ANY	3	3125	-1	0	20	
DUAL9_ABORT_ANY_t3150	DUAL9	ABORT	ANY	3	3150	-1	0	20	
DUAL9_ABORT_ANY_t3175	DUAL9	ABORT	ANY	3	3175	-1	0	20	
DUAL9_ABORT_ANY_t3200	DUAL9	ABORT	ANY	3	3200	-1	0	20	
DUAL9_ABORT_ANY_t3225	DUAL9	ABORT	ANY	3	3225	-1	0	20	
DUAL9_ABORT_ANY_t3250	DUAL9	ABORT	ANY	3	3250	-1	0	20	
DUAL9_ABORT_ANY_t3275	DUAL9	ABORT	ANY	3	3275	-1	0	20	
DUAL9_ABORT_ANY_t3300	DUAL9	ABORT	ANY	3	3300	-1	0	20	
DUAL9_ABORT_ANY_t3325	DUAL9	ABORT	ANY	3	3325	-1	0	20	
DUAL9_ABORT_ANY_t3350	DUAL9	ABORT	ANY	3	3350	-1	0	20	
DUAL9_ABORT_ANY_t3375	DUAL9	ABORT	ANY	3	3375	-1	0	20	
DUAL9_ABORT_ANY_t3400	DUAL9	ABORT	ANY	3	3400	-1	0	20	
DUAL9_ABORT_ANY_t3425	DUAL9	ABORT	ANY	3	3425	-1	0	20	
DUAL9_ABORT_ANY_t3450	DUAL9	ABORT	ANY	3	3450	-1	0	20	
DUAL9_ABORT_ANY_t3475	DUAL9	ABORT	ANY	3	3475	-1	0	20	
DUAL9_ABORT_ANY_t3500	DUAL9	ABORT	ANY	3	3500	-1	0	20	
DUAL9_ABORT_ANY_t3525	DUAL9	ABORT	ANY	3	3525	-1	0	20	
DUAL9_ABORT_ANY_t3550	DUAL9	ABORT	ANY	3	3550	-1	0	20	
DUAL9_ABORT_ANY_t3575	DUAL9	ABORT	ANY	3	3575	-1	0	20	
DUAL9_ABORT_ANY_t3600	DUAL9	ABORT	ANY	3	3600	-1	0	20	
DUAL9_ABORT_ANY_t3625	DUAL9	ABORT	ANY	3	3625	-1	0	20	
DUAL9_ABORT_ANY_t3650	DUAL9	ABORT	ANY	3	3650	-1	0	20	
DUAL9_ABORT_ANY_t3675	DUAL9	ABORT	ANY	3	3675	-1	0	20	
DUAL9_ABORT_ANY_t3700	DUAL9	ABORT	ANY	3	3700	-1	0	20	
DUAL9_ABORT_ANY_t3725	DUAL9	ABORT	ANY	3	3725	-1	0	20	
DUAL9_ABORT_ANY_t3750	DUAL9	ABORT	ANY	3	3750	-1	0	20	
DUAL9_ABORT_ANY_t3775	DUAL9	ABORT	ANY	3	3775	-1	0	20	
DUAL9_ABORT_ANY_t3800	DUAL9	ABORT	ANY	3	3800	-1	0	20	
DUAL9_ABORT_ANY_t3825	DUAL9	ABORT	ANY	3	3825	-1	0	20	
DUAL9_ABORT_ANY_t3850	DUAL9	ABORT	ANY	3	3850	-1	0	20	
DUAL9_ABORT_ANY_t3875	DUAL9	ABORT	ANY	3	3875	-1	0	20	
DUAL9_ABORT_ANY_t3900	DUAL9	ABORT	ANY	3	3900	-1	0	20	
DUAL9_ABORT_ANY_t3925	DUAL9	ABORT	ANY	3	3925	-1	0	20	
DUAL9_ABORT_ANY_t3950	DUAL9	ABORT	ANY	3	3950	-1	0	20	
DUAL9_ABORT_ANY_t3975	DUAL9	ABORT	ANY	3	3975	-1	0	20	
DUAL9_ABORT_ANY_t4000	DUAL9	ABORT	ANY	3	4000	-1	0	20	
DUAL9_ABORT_ANY_t4025	DUAL9	ABORT	ANY	3	4025	-1	0	20	
DUAL9_ABORT_ANY_t4050	DUAL9	ABORT	ANY	3	4050	-1	0	20	
DUAL9_ABORT_ANY_t4075	DUAL9	ABORT	ANY	3	4075	-1	0	20	
DUAL9_ABORT_ANY_t4100	DUAL9	ABORT	ANY	3	4100	-1	0	20	
DUAL9_ABORT_ANY_t4125	DUAL9	ABORT	ANY	3	4125	-1	0	20	
DUAL9_ABORT_ANY_t4150	DUAL9	ABORT	ANY	3	4150	-1	0	20	
DUAL9_ABORT_ANY_t4175	DUAL9	ABORT	ANY	3	4175	-1	0	20	
DUAL9_ABORT_ANY_t4200	DUAL9	ABORT	ANY	3	4200	-1	0	20	
DUAL9_ABORT_ANY_t4225	DUAL9	ABORT	ANY	3	4225	-1	0	20	
DUAL9_ABORT_ANY_t4250	DUAL9	ABORT	ANY	3	4250	-1	0	20	
DUAL9_ABORT_ANY_t4275	DUAL9	ABORT	ANY	3	4275	-1	0	20	
DUAL9_ABORT_ANY_t4300	DUAL9	ABORT	ANY	3	4300	-1	0	20	
DUAL9_ABORT_ANY_t4325	DUAL9	ABORT	ANY	3	4325	-1	0	20	
DUAL9_ABORT_ANY_t4350	DUAL9	ABORT	ANY	3	4350	-1	0	20	
DUAL9_ABORT_ANY_t4375	DUAL9	ABORT	ANY	3	4375	-1	0	20	
DUAL9_ABORT_ANY_t4400	DUAL9	ABORT	ANY	3	4400	-1	0	20	
DUAL9_ABORT_ANY_t4425	DUAL9	ABORT	ANY	3	4425	-1	0	20	
DUAL9_ABORT_ANY_t4450	DUAL9	ABORT	ANY	3	4450	-1	0	20	
DUAL9_ABORT_ANY_t4475	DUAL9	ABORT	ANY	3	4475	-1	0	20	
DUAL9_ABORT_ANY_t4499	DUAL9	ABORT	ANY	3	4499	-1	0	20	
DUAL9_ABORT_ANY_t4500	DUAL9	ABORT	ANY	3	4500	-1	0	20	
DUAL9_ABORT_ANY_t4501	DUAL9	ABORT	ANY	3	4501	-1	0	20	
DUAL9_ABORT_ANY_t4502	DUAL9	ABORT	ANY	3	4502	-1	0	20	
DUAL9_ABORT_ANY_t4503	DUAL9	ABORT	ANY	3	4503	-1	0	20	
DUAL9_ABORT_ANY_t4525	DUAL9	ABORT	ANY	3	4525	-1	0	20	
DUAL9_ABORT_ANY_t4550	DUAL9	ABORT	ANY	3	4550	-1	0	20	
DUAL9_ABORT_ANY_t4575	DUAL9	ABORT	ANY	3	4575	-1	0	20	
DUAL9_ABORT_ANY_t4600	DUAL9	ABORT	ANY	3	4600	-1	0	20	
DUAL9_ABORT_ANY_t4625	DUAL9	ABORT	ANY	3	4625	-1	0	20	
DUAL9_ABORT_ANY_t4650	DUAL9	ABORT	ANY	3	4650	-1	0	20	
DUAL9_ABORT_ANY_t4675	DUAL9	ABORT	ANY	3	4675	-1	0	20	
DUAL9_ABORT_ANY_t4700	DUAL9	ABORT	ANY	3	4700	-1	0	20	
DUAL9_ABORT_ANY_t4725	DUAL9	ABORT	ANY	3	4725	-1	0	20	
DUAL9_ABORT_ANY_t4750	DUAL9	ABORT	ANY	3	4750	-1	0	20	
DUAL9_ABORT_ANY_t4760	DUAL9	ABORT	ANY	3	4760	-1	0	20	
DUAL9_ABORT_ANY_t4775	DUAL9	ABORT	ANY	3	4775	-1	0	20	
DUAL9_ABORT_ANY_t4800	DUAL9	ABORT	ANY	3	4800	-1	0	20	
DUAL9_ABORT_ANY_t4808	DUAL9	ABORT	ANY	3	4808	-1	0	20	
DUAL9_ABORT_ANY_t4809	DUAL9	ABORT	ANY	3	4809	-1	0	20	
DUAL9_ABORT_ANY_t4810	DUAL9	ABORT	ANY	3	4810	-1	0	20	
DUAL9_ABORT_ANY_t4811	DUAL9	ABORT	ANY	3	4811	-1	0	20	
DUAL9_ABORT_ANY_t4812	DUAL9	ABORT	ANY	3	4812	-1	0	20	
DUAL9_ABORT_ANY_t4825	DUAL9	ABORT	ANY	3	4825	-1	0	20	
DUAL9_ABORT_ANY_t4850	DUAL9	ABORT	ANY	3	4850	-1	0	20	
DUAL9_ABORT_ANY_t4875	DUAL9	ABORT	ANY	3	4875	-1	0	20	
DUAL9_ABORT_ANY_t4900	DUAL9	ABORT	ANY	3	4900	-1	0	20	
DUAL9_ABORT_ANY_t4925	DUAL9	ABORT	ANY	3	4925	-1	0	20	
DUAL9_ABORT_ANY_t4950	DUAL9	ABORT	ANY	3	4950	-1	0	20	
DUAL9_ABORT_ANY_t4975	DUAL9	ABORT	ANY	3	4975	-1	0	20	
DUAL9_ABORT_ANY_t4999	DUAL9	ABORT	ANY	3	4999	-1	0	20	
DUAL9_ABORT_ANY_t5000	DUAL9	ABORT	ANY	4	0	-1	0	20	
DUAL9_ABORT_ANY_t5001	DUAL9	ABORT	ANY	4	1	-1	0	20	
DUAL9_LOST_ANY_t0	DUAL9	LOST	ANY	3	0	-1	0	20	
DUAL9_LOST_ANY_t1	DUAL9	LOST	ANY	3	1	-1	0	20	
DUAL9_LOST_ANY_t2	DUAL9	LOST	ANY	3	2	-1	0	20	
DUAL9_LOST_ANY_t25	DUAL9	LOST	ANY	3	25	-1	0	20	
DUAL9_LOST_ANY_t50	DUAL9	LOST	ANY	3	50	-1	0	20	
DUAL9_LOST_ANY_t75	DUAL9	LOST	ANY	3	75	-1	0	20	
DUAL9_LOST_ANY_t100	DUAL9	LOST	ANY	3	100	-1	0	20	
DUAL9_LOST_ANY_t125	DUAL9	LOST	ANY	3	125	-1	0	20	
DUAL9_LOST_ANY_t150	DUAL9	LOST	ANY	3	150	-1	0	20	
DUAL9_LOST_ANY_t160	DUAL9	LOST	ANY	3	160	-1	0	20	
DUAL9_LOST_ANY_t161	DUAL9	LOST	ANY	3	161	-1	0	20	
DUAL9_LOST_ANY_t162	DUAL9	LOST	ANY	3	162	-1	0	20	
DUAL9_LOST_ANY_t175	DUAL9	LOST	ANY	3	175	-1	0	20	
DUAL9_LOST_ANY_t200	DUAL9	LOST	ANY	3	200	-1	0	20	
DUAL9_LOST_ANY_t225	DUAL9	LOST	ANY	3	225	-1	0	20	
DUAL9_LOST_ANY_t248	DUAL9	LOST	ANY	3	248	-1	0	20	
DUAL9_LOST_ANY_t249	DUAL9	LOST	ANY	3	249	-1	0	20	
DUAL9_LOST_ANY_t250	DUAL9	LOST	ANY	3	250	-1	0	20	
DUAL9_LOST_ANY_t266	DUAL9	LOST	ANY	3	266	-1	0	20	
DUAL9_LOST_ANY_t275	DUAL9	LOST	ANY	3	275	-1	0	20	
DUAL9_LOST_ANY_t283	DUAL9	LOST	ANY	3	283	-1	0	20	
DUAL9_LOST_ANY_t284	DUAL9	LOST	ANY	3	284	-1	0	20	
DUAL9_LOST_ANY_t285	DUAL9	LOST	ANY	3	285	-1	0	20	
DUAL9_LOST_ANY_t300	DUAL9	LOST	ANY	3	300	-1	0	20	
DUAL9_LOST_ANY_t309	DUAL9	LOST	ANY	3	309	-1	0	20	
DUAL9_LOST_ANY_t310	DUAL9	LOST	ANY	3	310	-1	0	20	
DUAL9_LOST_ANY_t311	DUAL9	LOST	ANY	3	311	-1	0	20	
DUAL9_LOST_ANY_t325	DUAL9	LOST	ANY	3	325	-1	0	20	
DUAL9_LOST_ANY_t350	DUAL9	LOST	ANY	3	350	-1	0	20	
DUAL9_LOST_ANY_t375	DUAL9	LOST	ANY	3	375	-1	0	20	
DUAL9_LOST_ANY_t385	DUAL9	LOST	ANY	3	385	-1	0	20	
DUAL9_LOST_ANY_t400	DUAL9	LOST	ANY	3	400	-1	0	20	
DUAL9_LOST_ANY_t425	DUAL9	LOST	ANY	3	425	-1	0	20	
DUAL9_LOST_ANY_t443	DUAL9	LOST	ANY	3	443	-1	0	20	
DUAL9_LOST_ANY_t444	DUAL9	LOST	ANY	3	444	-1	0	20	
DUAL9_LOST_ANY_t445	DUAL9	LOST	ANY	3	445	-1	0	20	
DUAL9_LOST_ANY_t450	DUAL9	LOST	ANY	3	450	-1	0	20	
DUAL9_LOST_ANY_t475	DUAL9	LOST	ANY	3	475	-1	0	20	
DUAL9_LOST_ANY_t477	DUAL9	LOST	ANY	3	477	-1	0	20	
DUAL9_LOST_ANY_t478	DUAL9	LOST	ANY	3	478	-1	0	20	
DUAL9_LOST_ANY_t479	DUAL9	LOST	ANY	3	479	-1	0	20	
DUAL9_LOST_ANY_t500	DUAL9	LOST	ANY	3	500	-1	0	20	
DUAL9_LOST_ANY_t525	DUAL9	LOST	ANY	3	525	-1	0	20	
DUAL9_LOST_ANY_t550	DUAL9	LOST	ANY	3	550	-1	0	20	
DUAL9_LOST_ANY_t575	DUAL9	LOST	ANY	3	575	-1	0	20	
DUAL9_LOST_ANY_t600	DUAL9	LOST	ANY	3	600	-1	0	20	
DUAL9_LOST_ANY_t625	DUAL9	LOST	ANY	3	625	-1	0	20	
DUAL9_LOST_ANY_t650	DUAL9	LOST	ANY	3	650	-1	0	20	
DUAL9_LOST_ANY_t675	DUAL9	LOST	ANY	3	675	-1	0	20	
DUAL9_LOST_ANY_t700	DUAL9	LOST	ANY	3	700	-1	0	20	
DUAL9_LOST_ANY_t725	DUAL9	LOST	ANY	3	725	-1	0	20	
DUAL9_LOST_ANY_t750	DUAL9	LOST	ANY	3	750	-1	0	20	
DUAL9_LOST_ANY_t775	DUAL9	LOST	ANY	3	775	-1	0	20	
DUAL9_LOST_ANY_t800	DUAL9	LOST	ANY	3	800	-1	0	20	
DUAL9_LOST_ANY_t825	DUAL9	LOST	ANY	3	825	-1	0	20	
DUAL9_LOST_ANY_t850	DUAL9	LOST	ANY	3	850	-1	0	20	
DUAL9_LOST_ANY_t875	DUAL9	LOST	ANY	3	875	-1	0	20	
DUAL9_LOST_ANY_t900	DUAL9	LOST	ANY	3	900	-1	0	20	
DUAL9_LOST_ANY_t925	DUAL9	LOST	ANY	3	925	-1	0	20	
DUAL9_LOST_ANY_t950	DUAL9	LOST	ANY	3	950	-1	0	20	
DUAL9_LOST_ANY_t975	DUAL9	LOST	ANY	3	975	-1	0	20	
DUAL9_LOST_ANY_t1000	DUAL9	LOST	ANY	3	1000	-1	0	20	
DUAL9_LOST_ANY_t1025	DUAL9	LOST	ANY	3	1025	-1	0	20	
DUAL9_LOST_ANY_t1050	DUAL9	LOST	ANY	3	1050	-1	0	20	
DUAL9_LOST_ANY_t1075	DUAL9	LOST	ANY	3	1075	-1	0	20	
DUAL9_LOST_ANY_t1100	DUAL9	LOST	ANY	3	1100	-1	0	20	
DUAL9_LOST_ANY_t1125	DUAL9	LOST	ANY	3	1125	-1	0	20	
DUAL9_LOST_ANY_t1150	DUAL9	LOST	ANY	3	1150	-1	0	20	
DUAL9_LOST_ANY_t1175	DUAL9	LOST	ANY	3	1175	-1	0	20	
DUAL9_LOST_ANY_t1200	DUAL9	LOST	ANY	3	1200	-1	0	20	
DUAL9_LOST_ANY_t1225	DUAL9	LOST	ANY	3	1225	-1	0	20	
DUAL9_LOST_ANY_t1250	DUAL9	LOST	ANY	3	1250	-1	0	20	
DUAL9_LOST_ANY_t1275	DUAL9	LOST	ANY	3	1275	-1	0	20	
DUAL9_LOST_ANY_t1300	DUAL9	LOST	ANY	3	1300	-1	0	20	
DUAL9_LOST_ANY_t1325	DUAL9	LOST	ANY	3	1325	-1	0	20	
DUAL9_LOST_ANY_t1350	DUAL9	LOST	ANY	3	1350	-1	0	20	
DUAL9_LOST_ANY_t1375	DUAL9	LOST	ANY	3	1375	-1	0	20	
DUAL9_LOST_ANY_t1400	DUAL9	LOST	ANY	3	1400	-1	0	20	
DUAL9_LOST_ANY_t1425	DUAL9	LOST	ANY	3	1425	-1	0	20	
DUAL9_LOST_ANY_t1450	DUAL9	LOST	ANY	3	1450	-1	0	20	
DUAL9_LOST_ANY_t1475	DUAL9	LOST	ANY	3	1475	-1	0	20	
DUAL9_LOST_ANY_t1500	DUAL9	LOST	ANY	3	1500	-1	0	20	
DUAL9_LOST_ANY_t1525	DUAL9	LOST	ANY	3	1525	-1	0	20	
DUAL9_LOST_ANY_t1550	DUAL9	LOST	ANY	3	1550	-1	0	20	
DUAL9_LOST_ANY_t1575	DUAL9	LOST	ANY	3	1575	-1	0	20	
DUAL9_LOST_ANY_t1600	DUAL9	LOST	ANY	3	1600	-1	0	20	
DUAL9_LOST_ANY_t1625	DUAL9	LOST	ANY	3	1625	-1	0	20	
DUAL9_LOST_ANY_t1650	DUAL9	LOST	ANY	3	1650	-1	0	20	
DUAL9_LOST_ANY_t1675	DUAL9	LOST	ANY	3	1675	-1	0	20	
DUAL9_LOST_ANY_t1700	DUAL9	LOST	ANY	3	1700	-1	0	20	
DUAL9_LOST_ANY_t1725	DUAL9	LOST	ANY	3	1725	-1	0	20	
DUAL9_LOST_ANY_t1750	DUAL9	LOST	ANY	3	1750	-1	0	20	
DUAL9_LOST_ANY_t1775	DUAL9	LOST	ANY	3	1775	-1	0	20	
DUAL9_LOST_ANY_t1800	DUAL9	LOST	ANY	3	1800	-1	0	20	
DUAL9_LOST_ANY_t1825	DUAL9	LOST	ANY	3	1825	-1	0	20	
DUAL9_LOST_ANY_t1850	DUAL9	LOST	ANY	3	1850	-1	0	20	
DUAL9_LOST_ANY_t1875	DUAL9	LOST	ANY	3	1875	-1	0	20	
DUAL9_LOST_ANY_t1900	DUAL9	LOST	ANY	3	1900	-1	0	20	
DUAL9_LOST_ANY_t1925	DUAL9	LOST	ANY	3	1925	-1	0	20	
DUAL9_LOST_ANY_t1950	DUAL9	LOST	ANY	3	1950	-1	0	20	
DUAL9_LOST_ANY_t1975	DUAL9	LOST	ANY	3	1975	-1	0	20	
DUAL9_LOST_ANY_t2000	DUAL9	LOST	ANY	3	2000	-1	0	20	
DUAL9_LOST_ANY_t2025	DUAL9	LOST	ANY	3	2025	-1	0	20	
DUAL9_LOST_ANY_t2050	DUAL9	LOST	ANY	3	2050	-1	0	20	
DUAL9_LOST_ANY_t2075	DUAL9	LOST	ANY	3	2075	-1	0	20	
DUAL9_LOST_ANY_t2100	DUAL9	LOST	ANY	3	2100	-1	0	20	
DUAL9_LOST_ANY_t2125	DUAL9	LOST	ANY	3	2125	-1	0	20	
DUAL9_LOST_ANY_t2150	DUAL9	LOST	ANY	3	2150	-1	0	20	
DUAL9_LOST_ANY_t2175	DUAL9	LOST	ANY	3	2175	-1	0	20	
DUAL9_LOST_ANY_t2200	DUAL9	LOST	ANY	3	2200	-1	0	20	
DUAL9_LOST_ANY_t2225	DUAL9	LOST	ANY	3	2225	-1	0	20	
DUAL9_LOST_ANY_t2250	DUAL9	LOST	ANY	3	2250	-1	0	20	
DUAL9_LOST_ANY_t2275	DUAL9	LOST	ANY	3	2275	-1	0	20	
DUAL9_LOST_ANY_t2300	DUAL9	LOST	ANY	3	2300	-1	0	20	
DUAL9_LOST_ANY_t2325	DUAL9	LOST	ANY	3	2325	-1	0	20	
DUAL9_LOST_ANY_t2350	DUAL9	LOST	ANY	3	2350	-1	0	20	
DUAL9_LOST_ANY_t2375	DUAL9	LOST	ANY	3	2375	-1	0	20	
DUAL9_LOST_ANY_t2400	DUAL9	LOST	ANY	3	2400	-1	0	20	
DUAL9_LOST_ANY_t2425	DUAL9	LOST	ANY	3	2425	-1	0	20	
DUAL9_LOST_ANY_t2450	DUAL9	LOST	ANY	3	2450	-1	0	20	
DUAL9_LOST_ANY_t2475	DUAL9	LOST	ANY	3	2475	-1	0	20	
DUAL9_LOST_ANY_t2500	DUAL9	LOST	ANY	3	2500	-1	0	20	
DUAL9_LOST_ANY_t2525	DUAL9	LOST	ANY	3	2525	-1	0	20	
DUAL9_LOST_ANY_t2550	DUAL9	LOST	ANY	3	2550	-1	0	20	
DUAL9_LOST_ANY_t2575	DUAL9	LOST	ANY	3	2575	-1	0	20	
DUAL9_LOST_ANY_t2600	DUAL9	LOST	ANY	3	2600	-1	0	20	
DUAL9_LOST_ANY_t2625	DUAL9	LOST	ANY	3	2625	-1	0	20	
DUAL9_LOST_ANY_t2650	DUAL9	LOST	ANY	3	2650	-1	0	20	
DUAL9_LOST_ANY_t2675	DUAL9	LOST	ANY	3	2675	-1	0	20	
DUAL9_LOST_ANY_t2700	DUAL9	LOST	ANY	3	2700	-1	0	20	
DUAL9_LOST_ANY_t2725	DUAL9	LOST	ANY	3	2725	-1	0	20	
DUAL9_LOST_ANY_t2750	DUAL9	LOST	ANY	3	2750	-1	0	20	
DUAL9_LOST_ANY_t2775	DUAL9	LOST	ANY	3	2775	-1	0	20	
DUAL9_LOST_ANY_t2800	DUAL9	LOST	ANY	3	2800	-1	0	20	
DUAL9_LOST_ANY_t2825	DUAL9	LOST	ANY	3	2825	-1	0	20	
DUAL9_LOST_ANY_t2850	DUAL9	LOST	ANY	3	2850	-1	0	20	
DUAL9_LOST_ANY_t2875	DUAL9	LOST	ANY	3	2875	-1	0	20	
DUAL9_LOST_ANY_t2900	DUAL9	LOST	ANY	3	2900	-1	0	20	
DUAL9_LOST_ANY_t2925	DUAL9	LOST	ANY	3	2925	-1	0	20	
DUAL9_LOST_ANY_t2950	DUAL9	LOST	ANY	3	2950	-1	0	20	
DUAL9_LOST_ANY_t2975	DUAL9	LOST	ANY	3	2975	-1	0	20	
DUAL9_LOST_ANY_t3000	DUAL9	LOST	ANY	3	3000	-1	0	20	
DUAL9_LOST_ANY_t3025	DUAL9	LOST	ANY	3	3025	-1	0	20	
DUAL9_LOST_ANY_t3050	DUAL9	LOST	ANY	3	3050	-1	0	20	
DUAL9_LOST_ANY_t3075	DUAL9	LOST	ANY	3	3075	-1	0	20	
DUAL9_LOST_ANY_t3100	DUAL9	LOST	ANY	3	3100	-1	0	20	
DUAL9_LOST_ANY_t3125	DUAL9	LOST	ANY	3	3125	-1	0	20	
DUAL9_LOST_ANY_t3150	DUAL9	LOST	ANY	3	3150	-1	0	20	
DUAL9_LOST_ANY_t3175	DUAL9	LOST	ANY	3	3175	-1	0	20	
DUAL9_LOST_ANY_t3200	DUAL9	LOST	ANY	3	3200	-1	0	20	
DUAL9_LOST_ANY_t3225	DUAL9	LOST	ANY	3	3225	-1	0	20	
DUAL9_LOST_ANY_t3250	DUAL9	LOST	ANY	3	3250	-1	0	20	
DUAL9_LOST_ANY_t3275	DUAL9	LOST	ANY	3	3275	-1	0	20	
DUAL9_LOST_ANY_t3300	DUAL9	LOST	ANY	3	3300	-1	0	20	
DUAL9_LOST_ANY_t3325	DUAL9	LOST	ANY	3	3325	-1	0	20	
DUAL9_LOST_ANY_t3350	DUAL9	LOST	ANY	3	3350	-1	0	20	
DUAL9_LOST_ANY_t3375	DUAL9	LOST	ANY	3	3375	-1	0	20	
DUAL9_LOST_ANY_t3400	DUAL9	LOST	ANY	3	3400	-1	0	20	
DUAL9_LOST_ANY_t3425	DUAL9	LOST	ANY	3	3425	-1	0	20	
DUAL9_LOST_ANY_t3450	DUAL9	LOST	ANY	3	3450	-1	0	20	
DUAL9_LOST_ANY_t3475	DUAL9	LOST	ANY	3	3475	-1	0	20	
DUAL9_LOST_ANY_t3500	DUAL9	LOST	ANY	3	3500	-1	0	20	
DUAL9_LOST_ANY_t3525	DUAL9	LOST	ANY	3	3525	-1	0	20	
DUAL9_LOST_ANY_t3550	DUAL9	LOST	ANY	3	3550	-1	0	20	
DUAL9_LOST_ANY_t3575	DUAL9	LOST	ANY	3	3575	-1	0	20	
DUAL9_LOST_ANY_t3600	DUAL9	LOST	ANY	3	3600	-1	0	20	
DUAL9_LOST_ANY_t3625	DUAL9	LOST	ANY	3	3625	-1	0	20	
DUAL9_LOST_ANY_t3650	DUAL9	LOST	ANY	3	3650	-1	0	20	
DUAL9_LOST_ANY_t3675	DUAL9	LOST	ANY	3	3675	-1	0	20	
DUAL9_LOST_ANY_t3700	DUAL9	LOST	ANY	3	3700	-1	0	20	
DUAL9_LOST_ANY_t3725	DUAL9	LOST	ANY	3	3725	-1	0	20	
DUAL9_LOST_ANY_t3750	DUAL9	LOST	ANY	3	3750	-1	0	20	
DUAL9_LOST_ANY_t3775	DUAL9	LOST	ANY	3	3775	-1	0	20	
DUAL9_LOST_ANY_t3800	DUAL9	LOST	ANY	3	3800	-1	0	20	
DUAL9_LOST_ANY_t3825	DUAL9	LOST	ANY	3	3825	-1	0	20	
DUAL9_LOST_ANY_t3850	DUAL9	LOST	ANY	3	3850	-1	0	20	
DUAL9_LOST_ANY_t3875	DUAL9	LOST	ANY	3	3875	-1	0	20	
DUAL9_LOST_ANY_t3900	DUAL9	LOST	ANY	3	3900	-1	0	20	
DUAL9_LOST_ANY_t3925	DUAL9	LOST	ANY	3	3925	-1	0	20	
DUAL9_LOST_ANY_t3950	DUAL9	LOST	ANY	3	3950	-1	0	20	
DUAL9_LOST_ANY_t3975	DUAL9	LOST	ANY	3	3975	-1	0	20	
DUAL9_LOST_ANY_t4000	DUAL9	LOST	ANY	3	4000	-1	0	20	
DUAL9_LOST_ANY_t4025	DUAL9	LOST	ANY	3	4025	-1	0	20	
DUAL9_LOST_ANY_t4050	DUAL9	LOST	ANY	3	4050	-1	0	20	
DUAL9_LOST_ANY_t4075	DUAL9	LOST	ANY	3	4075	-1	0	20	
DUAL9_LOST_ANY_t4100	DUAL9	LOST	ANY	3	4100	-1	0	20	
DUAL9_LOST_ANY_t4125	DUAL9	LOST	ANY	3	4125	-1	0	20	
DUAL9_LOST_ANY_t4150	DUAL9	LOST	ANY	3	4150	-1	0	20	
DUAL9_LOST_ANY_t4175	DUAL9	LOST	ANY	3	4175	-1	0	20	
DUAL9_LOST_ANY_t4200	DUAL9	LOST	ANY	3	4200	-1	0	20	
DUAL9_LOST_ANY_t4225	DUAL9	LOST	ANY	3	4225	-1	0	20	
DUAL9_LOST_ANY_t4250	DUAL9	LOST	ANY	3	4250	-1	0	20	
DUAL9_LOST_ANY_t4275	DUAL9	LOST	ANY	3	4275	-1	0	20	
DUAL9_LOST_ANY_t4300	DUAL9	LOST	ANY	3	4300	-1	0	20	
DUAL9_LOST_ANY_t4325	DUAL9	LOST	ANY	3	4325	-1	0	20	
DUAL9_LOST_ANY_t4350	DUAL9	LOST	ANY	3	4350	-1	0	20	
DUAL9_LOST_ANY_t4375	DUAL9	LOST	ANY	3	4375	-1	0	20	
DUAL9_LOST_ANY_t4400	DUAL9	LOST	ANY	3	4400	-1	0	20	
DUAL9_LOST_ANY_t4425	DUAL9	LOST	ANY	3	4425	-1	0	20	
DUAL9_LOST_ANY_t4450	DUAL9	LOST	ANY	3	4450	-1	0	20	
DUAL9_LOST_ANY_t4475	DUAL9	LOST	ANY	3	4475	-1	0	20	
DUAL9_LOST_ANY_t4499	DUAL9	LOST	ANY	3	4499	-1	0	20	
DUAL9_LOST_ANY_t4500	DUAL9	LOST	ANY	3	4500	-1	0	20	
DUAL9_LOST_ANY_t4501	DUAL9	LOST	ANY	3	4501	-1	0	20	
DUAL9_LOST_ANY_t4502	DUAL9	LOST	ANY	3	4502	-1	0	20	
DUAL9_LOST_ANY_t4503	DUAL9	LOST	ANY	3	4503	-1	0	20	
DUAL9_LOST_ANY_t4525	DUAL9	LOST	ANY	3	4525	-1	0	20	
DUAL9_LOST_ANY_t4550	DUAL9	LOST	ANY	3	4550	-1	0	20	
DUAL9_LOST_ANY_t4575	DUAL9	LOST	ANY	3	4575	-1	0	20	
DUAL9_LOST_ANY_t4600	DUAL9	LOST	ANY	3	4600	-1	0	20	
DUAL9_LOST_ANY_t4625	DUAL9	LOST	ANY	3	4625	-1	0	20	
DUAL9_LOST_ANY_t4650	DUAL9	LOST	ANY	3	4650	-1	0	20	
DUAL9_LOST_ANY_t4675	DUAL9	LOST	ANY	3	4675	-1	0	20	
DUAL9_LOST_ANY_t4700	DUAL9	LOST	ANY	3	4700	-1	0	20	
DUAL9_LOST_ANY_t4725	DUAL9	LOST	ANY	3	4725	-1	0	20	
DUAL9_LOST_ANY_t4750	DUAL9	LOST	ANY	3	4750	-1	0	20	
DUAL9_LOST_ANY_t4760	DUAL9	LOST	ANY	3	4760	-1	0	20	
DUAL9_LOST_ANY_t4775	DUAL9	LOST	ANY	3	4775	-1	0	20	
DUAL9_LOST_ANY_t4800	DUAL9	LOST	ANY	3	4800	-1	0	20	
DUAL9_LOST_ANY_t4808	DUAL9	LOST	ANY	3	4808	-1	0	20	
DUAL9_LOST_ANY_t4809	DUAL9	LOST	ANY	3	4809	-1	0	20	
DUAL9_LOST_ANY_t4810	DUAL9	LOST	ANY	3	4810	-1	0	20	
DUAL9_LOST_ANY_t4811	DUAL9	LOST	ANY	3	4811	-1	0	20	
DUAL9_LOST_ANY_t4812	DUAL9	LOST	ANY	3	4812	-1	0	20	
DUAL9_LOST_ANY_t4825	DUAL9	LOST	ANY	3	4825	-1	0	20	
DUAL9_LOST_ANY_t4850	DUAL9	LOST	ANY	3	4850	-1	0	20	
DUAL9_LOST_ANY_t4875	DUAL9	LOST	ANY	3	4875	-1	0	20	
DUAL9_LOST_ANY_t4900	DUAL9	LOST	ANY	3	4900	-1	0	20	
DUAL9_LOST_ANY_t4925	DUAL9	LOST	ANY	3	4925	-1	0	20	
DUAL9_LOST_ANY_t4950	DUAL9	LOST	ANY	3	4950	-1	0	20	
DUAL9_LOST_ANY_t4975	DUAL9	LOST	ANY	3	4975	-1	0	20	
DUAL9_LOST_ANY_t4999	DUAL9	LOST	ANY	3	4999	-1	0	20	
DUAL9_LOST_ANY_t5000	DUAL9	LOST	ANY	4	0	-1	0	20	
DUAL9_LOST_ANY_t5001	DUAL9	LOST	ANY	4	1	-1	0	20	
DUAL9_LATE_RED_t0	DUAL9	LATE	RED	3	0	-1	0	20	
DUAL9_LATE_RED_t1	DUAL9	LATE	RED	3	1	-1	0	20	
DUAL9_LATE_RED_t2	DUAL9	LATE	RED	3	2	-1	0	20	
DUAL9_LATE_RED_t25	DUAL9	LATE	RED	3	25	-1	0	20	
DUAL9_LATE_RED_t50	DUAL9	LATE	RED	3	50	-1	0	20	
DUAL9_LATE_RED_t75	DUAL9	LATE	RED	3	75	-1	0	20	
DUAL9_LATE_RED_t100	DUAL9	LATE	RED	3	100	-1	0	20	
DUAL9_LATE_RED_t125	DUAL9	LATE	RED	3	125	-1	0	20	
DUAL9_LATE_RED_t150	DUAL9	LATE	RED	3	150	-1	0	20	
DUAL9_LATE_RED_t160	DUAL9	LATE	RED	3	160	-1	0	20	
DUAL9_LATE_RED_t161	DUAL9	LATE	RED	3	161	-1	0	20	
DUAL9_LATE_RED_t162	DUAL9	LATE	RED	3	162	-1	0	20	
DUAL9_LATE_RED_t175	DUAL9	LATE	RED	3	175	-1	0	20	
DUAL9_LATE_RED_t200	DUAL9	LATE	RED	3	200	-1	0	20	
DUAL9_LATE_RED_t225	DUAL9	LATE	RED	3	225	-1	0	20	
DUAL9_LATE_RED_t248	DUAL9	LATE	RED	3	248	-1	0	20	
DUAL9_LATE_RED_t249	DUAL9	LATE	RED	3	249	-1	0	20	
DUAL9_LATE_RED_t250	DUAL9	LATE	RED	3	250	-1	0	20	
DUAL9_LATE_RED_t266	DUAL9	LATE	RED	3	266	-1	0	20	
DUAL9_LATE_RED_t275	DUAL9	LATE	RED	3	275	-1	0	20	
DUAL9_LATE_RED_t283	DUAL9	LATE	RED	3	283	-1	0	20	
DUAL9_LATE_RED_t284	DUAL9	LATE	RED	3	284	-1	0	20	
DUAL9_LATE_RED_t285	DUAL9	LATE	RED	3	285	-1	0	20	
DUAL9_LATE_RED_t300	DUAL9	LATE	RED	3	300	-1	0	20	
DUAL9_LATE_RED_t309	DUAL9	LATE	RED	3	309	-1	0	20	
DUAL9_LATE_RED_t310	DUAL9	LATE	RED	3	310	-1	0	20	
DUAL9_LATE_RED_t311	DUAL9	LATE	RED	3	311	-1	0	20	
DUAL9_LATE_RED_t325	DUAL9	LATE	RED	3	325	-1	0	20	
DUAL9_LATE_RED_t350	DUAL9	LATE	RED	3	350	-1	0	20	
DUAL9_LATE_RED_t375	DUAL9	LATE	RED	3	375	-1	0	20	
DUAL9_LATE_RED_t385	DUAL9	LATE	RED	3	385	-1	0	20	
DUAL9_LATE_RED_t400	DUAL9	LATE	RED	3	400	-1	0	20	
DUAL9_LATE_RED_t425	DUAL9	LATE	RED	3	425	-1	0	20	
DUAL9_LATE_RED_t443	DUAL9	LATE	RED	3	443	-1	0	20	
DUAL9_LATE_RED_t444	DUAL9	LATE	RED	3	444	-1	0	20	
DUAL9_LATE_RED_t445	DUAL9	LATE	RED	3	445	-1	0	20	
DUAL9_LATE_RED_t450	DUAL9	LATE	RED	3	450	-1	0	20	
DUAL9_LATE_RED_t475	DUAL9	LATE	RED	3	475	-1	0	20	
DUAL9_LATE_RED_t477	DUAL9	LATE	RED	3	477	-1	0	20	
DUAL9_LATE_RED_t478	DUAL9	LATE	RED	3	478	-1	0	20	
DUAL9_LATE_RED_t479	DUAL9	LATE	RED	3	479	-1	0	20	
DUAL9_LATE_RED_t500	DUAL9	LATE	RED	3	500	-1	0	20	
DUAL9_LATE_RED_t525	DUAL9	LATE	RED	3	525	-1	0	20	
DUAL9_LATE_RED_t550	DUAL9	LATE	RED	3	550	-1	0	20	
DUAL9_LATE_RED_t575	DUAL9	LATE	RED	3	575	-1	0	20	
DUAL9_LATE_RED_t600	DUAL9	LATE	RED	3	600	-1	0	20	
DUAL9_LATE_RED_t625	DUAL9	LATE	RED	3	625	-1	0	20	
DUAL9_LATE_RED_t650	DUAL9	LATE	RED	3	650	-1	0	20	
DUAL9_LATE_RED_t675	DUAL9	LATE	RED	3	675	-1	0	20	
DUAL9_LATE_RED_t700	DUAL9	LATE	RED	3	700	-1	0	20	
DUAL9_LATE_RED_t725	DUAL9	LATE	RED	3	725	-1	0	20	
DUAL9_LATE_RED_t750	DUAL9	LATE	RED	3	750	-1	0	20	
DUAL9_LATE_RED_t775	DUAL9	LATE	RED	3	775	-1	0	20	
DUAL9_LATE_RED_t800	DUAL9	LATE	RED	3	800	-1	0	20	
DUAL9_LATE_RED_t825	DUAL9	LATE	RED	3	825	-1	0	20	
DUAL9_LATE_RED_t850	DUAL9	LATE	RED	3	850	-1	0	20	
DUAL9_LATE_RED_t875	DUAL9	LATE	RED	3	875	-1	0	20	
DUAL9_LATE_RED_t900	DUAL9	LATE	RED	3	900	-1	0	20	
DUAL9_LATE_RED_t925	DUAL9	LATE	RED	3	925	-1	0	20	
DUAL9_LATE_RED_t950	DUAL9	LATE	RED	3	950	-1	0	20	
DUAL9_LATE_RED_t975	DUAL9	LATE	RED	3	975	-1	0	20	
DUAL9_LATE_RED_t1000	DUAL9	LATE	RED	3	1000	-1	0	20	
DUAL9_LATE_RED_t1025	DUAL9	LATE	RED	3	1025	-1	0	20	
DUAL9_LATE_RED_t1050	DUAL9	LATE	RED	3	1050	-1	0	20	
DUAL9_LATE_RED_t1075	DUAL9	LATE	RED	3	1075	-1	0	20	
DUAL9_LATE_RED_t1100	DUAL9	LATE	RED	3	1100	-1	0	20	
DUAL9_LATE_RED_t1125	DUAL9	LATE	RED	3	1125	-1	0	20	
DUAL9_LATE_RED_t1150	DUAL9	LATE	RED	3	1150	-1	0	20	
DUAL9_LATE_RED_t1175	DUAL9	LATE	RED	3	1175	-1	0	20	
DUAL9_LATE_RED_t1200	DUAL9	LATE	RED	3	1200	-1	0	20	
DUAL9_LATE_RED_t1225	DUAL9	LATE	RED	3	1225	-1	0	20	
DUAL9_LATE_RED_t1250	DUAL9	LATE	RED	3	1250	-1	0	20	
DUAL9_LATE_RED_t1275	DUAL9	LATE	RED	3	1275	-1	0	20	
DUAL9_LATE_RED_t1300	DUAL9	LATE	RED	3	1300	-1	0	20	
DUAL9_LATE_RED_t1325	DUAL9	LATE	RED	3	1325	-1	0	20	
DUAL9_LATE_RED_t1350	DUAL9	LATE	RED	3	1350	-1	0	20	
DUAL9_LATE_RED_t1375	DUAL9	LATE	RED	3	1375	-1	0	20	
DUAL9_LATE_RED_t1400	DUAL9	LATE	RED	3	1400	-1	0	20	
DUAL9_LATE_RED_t1425	DUAL9	LATE	RED	3	1425	-1	0	20	
DUAL9_LATE_RED_t1450	DUAL9	LATE	RED	3	1450	-1	0	20	
DUAL9_LATE_RED_t1475	DUAL9	LATE	RED	3	1475	-1	0	20	
DUAL9_LATE_RED_t1500	DUAL9	LATE	RED	3	1500	-1	0	20	
DUAL9_LATE_RED_t1525	DUAL9	LATE	RED	3	1525	-1	0	20	
DUAL9_LATE_RED_t1550	DUAL9	LATE	RED	3	1550	-1	0	20	
DUAL9_LATE_RED_t1575	DUAL9	LATE	RED	3	1575	-1	0	20	
DUAL9_LATE_RED_t1600	DUAL9	LATE	RED	3	1600	-1	0	20	
DUAL9_LATE_RED_t1625	DUAL9	LATE	RED	3	1625	-1	0	20	
DUAL9_LATE_RED_t1650	DUAL9	LATE	RED	3	1650	-1	0	20	
DUAL9_LATE_RED_t1675	DUAL9	LATE	RED	3	1675	-1	0	20	
DUAL9_LATE_RED_t1700	DUAL9	LATE	RED	3	1700	-1	0	20	
DUAL9_LATE_RED_t1725	DUAL9	LATE	RED	3	1725	-1	0	20	
DUAL9_LATE_RED_t1750	DUAL9	LATE	RED	3	1750	-1	0	20	
DUAL9_LATE_RED_t1775	DUAL9	LATE	RED	3	1775	-1	0	20	
DUAL9_LATE_RED_t1800	DUAL9	LATE	RED	3	1800	-1	0	20	
DUAL9_LATE_RED_t1825	DUAL9	LATE	RED	3	1825	-1	0	20	
DUAL9_LATE_RED_t1850	DUAL9	LATE	RED	3	1850	-1	0	20	
DUAL9_LATE_RED_t1875	DUAL9	LATE	RED	3	1875	-1	0	20	
DUAL9_LATE_RED_t1900	DUAL9	LATE	RED	3	1900	-1	0	20	
DUAL9_LATE_RED_t1925	DUAL9	LATE	RED	3	1925	-1	0	20	
DUAL9_LATE_RED_t1950	DUAL9	LATE	RED	3	1950	-1	0	20	
DUAL9_LATE_RED_t1975	DUAL9	LATE	RED	3	1975	-1	0	20	
DUAL9_LATE_RED_t2000	DUAL9	LATE	RED	3	2000	-1	0	20	
DUAL9_LATE_RED_t2025	DUAL9	LATE	RED	3	2025	-1	0	20	
DUAL9_LATE_RED_t2050	DUAL9	LATE	RED	3	2050	-1	0	20	
DUAL9_LATE_RED_t2075	DUAL9	LATE	RED	3	2075	-1	0	20	
DUAL9_LATE_RED_t2100	DUAL9	LATE	RED	3	2100	-1	0	20	
DUAL9_LATE_RED_t2125	DUAL9	LATE	RED	3	2125	-1	0	20	
DUAL9_LATE_RED_t2150	DUAL9	LATE	RED	3	2150	-1	0	20	
DUAL9_LATE_RED_t2175	DUAL9	LATE	RED	3	2175	-1	0	20	
DUAL9_LATE_RED_t2200	DUAL9	LATE	RED	3	2200	-1	0	20	
DUAL9_LATE_RED_t2225	DUAL9	LATE	RED	3	2225	-1	0	20	
DUAL9_LATE_RED_t2250	DUAL9	LATE	RED	3	2250	-1	0	20	
DUAL9_LATE_RED_t2275	DUAL9	LATE	RED	3	2275	-1	0	20	
DUAL9_LATE_RED_t2300	DUAL9	LATE	RED	3	2300	-1	0	20	
DUAL9_LATE_RED_t2325	DUAL9	LATE	RED	3	2325	-1	0	20	
DUAL9_LATE_RED_t2350	DUAL9	LATE	RED	3	2350	-1	0	20	
DUAL9_LATE_RED_t2375	DUAL9	LATE	RED	3	2375	-1	0	20	
DUAL9_LATE_RED_t2400	DUAL9	LATE	RED	3	2400	-1	0	20	
DUAL9_LATE_RED_t2425	DUAL9	LATE	RED	3	2425	-1	0	20	
DUAL9_LATE_RED_t2450	DUAL9	LATE	RED	3	2450	-1	0	20	
DUAL9_LATE_RED_t2475	DUAL9	LATE	RED	3	2475	-1	0	20	
DUAL9_LATE_RED_t2500	DUAL9	LATE	RED	3	2500	-1	0	20	
DUAL9_LATE_RED_t2525	DUAL9	LATE	RED	3	2525	-1	0	20	
DUAL9_LATE_RED_t2550	DUAL9	LATE	RED	3	2550	-1	0	20	
DUAL9_LATE_RED_t2575	DUAL9	LATE	RED	3	2575	-1	0	20	
DUAL9_LATE_RED_t2600	DUAL9	LATE	RED	3	2600	-1	0	20	
DUAL9_LATE_RED_t2625	DUAL9	LATE	RED	3	2625	-1	0	20	
DUAL9_LATE_RED_t2650	DUAL9	LATE	RED	3	2650	-1	0	20	
DUAL9_LATE_RED_t2675	DUAL9	LATE	RED	3	2675	-1	0	20	
DUAL9_LATE_RED_t2700	DUAL9	LATE	RED	3	2700	-1	0	20	
DUAL9_LATE_RED_t2725	DUAL9	LATE	RED	3	2725	-1	0	20	
DUAL9_LATE_RED_t2750	DUAL9	LATE	RED	3	2750	-1	0	20	
DUAL9_LATE_RED_t2775	DUAL9	LATE	RED	3	2775	-1	0	20	
DUAL9_LATE_RED_t2800	DUAL9	LATE	RED	3	2800	-1	0	20	
DUAL9_LATE_RED_t2825	DUAL9	LATE	RED	3	2825	-1	0	20	
DUAL9_LATE_RED_t2850	DUAL9	LATE	RED	3	2850	-1	0	20	
DUAL9_LATE_RED_t2875	DUAL9	LATE	RED	3	2875	-1	0	20	
DUAL9_LATE_RED_t2900	DUAL9	LATE	RED	3	2900	-1	0	20	
DUAL9_LATE_RED_t2925	DUAL9	LATE	RED	3	2925	-1	0	20	
DUAL9_LATE_RED_t2950	DUAL9	LATE	RED	3	2950	-1	0	20	
DUAL9_LATE_RED_t2975	DUAL9	LATE	RED	3	2975	-1	0	20	
DUAL9_LATE_RED_t3000	DUAL9	LATE	RED	3	3000	-1	0	20	
DUAL9_LATE_RED_t3025	DUAL9	LATE	RED	3	3025	-1	0	20	
DUAL9_LATE_RED_t3050	DUAL9	LATE	RED	3	3050	-1	0	20	
DUAL9_LATE_RED_t3075	DUAL9	LATE	RED	3	3075	-1	0	20	
DUAL9_LATE_RED_t3100	DUAL9	LATE	RED	3	3100	-1	0	20	
DUAL9_LATE_RED_t3125	DUAL9	LATE	RED	3	3125	-1	0	20	
DUAL9_LATE_RED_t3150	DUAL9	LATE	RED	3	3150	-1	0	20	
DUAL9_LATE_RED_t3175	DUAL9	LATE	RED	3	3175	-1	0	20	
DUAL9_LATE_RED_t3200	DUAL9	LATE	RED	3	3200	-1	0	20	
DUAL9_LATE_RED_t3225	DUAL9	LATE	RED	3	3225	-1	0	20	
DUAL9_LATE_RED_t3250	DUAL9	LATE	RED	3	3250	-1	0	20	
DUAL9_LATE_RED_t3275	DUAL9	LATE	RED	3	3275	-1	0	20	
DUAL9_LATE_RED_t3300	DUAL9	LATE	RED	3	3300	-1	0	20	
DUAL9_LATE_RED_t3325	DUAL9	LATE	RED	3	3325	-1	0	20	
DUAL9_LATE_RED_t3350	DUAL9	LATE	RED	3	3350	-1	0	20	
DUAL9_LATE_RED_t3375	DUAL9	LATE	RED	3	3375	-1	0	20	
DUAL9_LATE_RED_t3400	DUAL9	LATE	RED	3	3400	-1	0	20	
DUAL9_LATE_RED_t3425	DUAL9	LATE	RED	3	3425	-1	0	20	
DUAL9_LATE_RED_t3450	DUAL9	LATE	RED	3	3450	-1	0	20	
DUAL9_LATE_RED_t3475	DUAL9	LATE	RED	3	3475	-1	0	20	
DUAL9_LATE_RED_t3500	DUAL9	LATE	RED	3	3500	-1	0	20	
DUAL9_LATE_RED_t3525	DUAL9	LATE	RED	3	3525	-1	0	20	
DUAL9_LATE_RED_t3550	DUAL9	LATE	RED	3	3550	-1	0	20	
DUAL9_LATE_RED_t3575	DUAL9	LATE	RED	3	3575	-1	0	20	
DUAL9_LATE_RED_t3600	DUAL9	LATE	RED	3	3600	-1	0	20	
DUAL9_LATE_RED_t3625	DUAL9	LATE	RED	3	3625	-1	0	20	
DUAL9_LATE_RED_t3650	DUAL9	LATE	RED	3	3650	-1	0	20	
DUAL9_LATE_RED_t3675	DUAL9	LATE	RED	3	3675	-1	0	20	
DUAL9_LATE_RED_t3700	DUAL9	LATE	RED	3	3700	-1	0	20	
DUAL9_LATE_RED_t3725	DUAL9	LATE	RED	3	3725	-1	0	20	
DUAL9_LATE_RED_t3750	DUAL9	LATE	RED	3	3750	-1	0	20	
DUAL9_LATE_RED_t3775	DUAL9	LATE	RED	3	3775	-1	0	20	
DUAL9_LATE_RED_t3800	DUAL9	LATE	RED	3	3800	-1	0	20	
DUAL9_LATE_RED_t3825	DUAL9	LATE	RED	3	3825	-1	0	20	
DUAL9_LATE_RED_t3850	DUAL9	LATE	RED	3	3850	-1	0	20	
DUAL9_LATE_RED_t3875	DUAL9	LATE	RED	3	3875	-1	0	20	
DUAL9_LATE_RED_t3900	DUAL9	LATE	RED	3	3900	-1	0	20	
DUAL9_LATE_RED_t3925	DUAL9	LATE	RED	3	3925	-1	0	20	
DUAL9_LATE_RED_t3950	DUAL9	LATE	RED	3	3950	-1	0	20	
DUAL9_LATE_RED_t3975	DUAL9	LATE	RED	3	3975	-1	0	20	
DUAL9_LATE_RED_t4000	DUAL9	LATE	RED	3	4000	-1	0	20	
DUAL9_LATE_RED_t4025	DUAL9	LATE	RED	3	4025	-1	0	20	
DUAL9_LATE_RED_t4050	DUAL9	LATE	RED	3	4050	-1	0	20	
DUAL9_LATE_RED_t4075	DUAL9	LATE	RED	3	4075	-1	0	20	
DUAL9_LATE_RED_t4100	DUAL9	LATE	RED	3	4100	-1	0	20	
DUAL9_LATE_RED_t4125	DUAL9	LATE	RED	3	4125	-1	0	20	
DUAL9_LATE_RED_t4150	DUAL9	LATE	RED	3	4150	-1	0	20	
DUAL9_LATE_RED_t4175	DUAL9	LATE	RED	3	4175	-1	0	20	
DUAL9_LATE_RED_t4200	DUAL9	LATE	RED	3	4200	-1	0	20	
DUAL9_LATE_RED_t4225	DUAL9	LATE	RED	3	4225	-1	0	20	
DUAL9_LATE_RED_t4250	DUAL9	LATE	RED	3	4250	-1	0	20	
DUAL9_LATE_RED_t4275	DUAL9	LATE	RED	3	4275	-1	0	20	
DUAL9_LATE_RED_t4300	DUAL9	LATE	RED	3	4300	-1	0	20	
DUAL9_LATE_RED_t4325	DUAL9	LATE	RED	3	4325	-1	0	20	
DUAL9_LATE_RED_t4350	DUAL9	LATE	RED	3	4350	-1	0	20	
DUAL9_LATE_RED_t4375	DUAL9	LATE	RED	3	4375	-1	0	20	
DUAL9_LATE_RED_t4400	DUAL9	LATE	RED	3	4400	-1	0	20	
DUAL9_LATE_RED_t4425	DUAL9	LATE	RED	3	4425	-1	0	20	
DUAL9_LATE_RED_t4450	DUAL9	LATE	RED	3	4450	-1	0	20	
DUAL9_LATE_RED_t4475	DUAL9	LATE	RED	3	4475	-1	0	20	
DUAL9_LATE_RED_t4499	DUAL9	LATE	RED	3	4499	-1	0	20	
DUAL9_LATE_RED_t4500	DUAL9	LATE	RED	3	4500	-1	0	20	
DUAL9_LATE_RED_t4501	DUAL9	LATE	RED	3	4501	-1	0	20	
DUAL9_LATE_RED_t4502	DUAL9	LATE	RED	3	4502	-1	0	20	
DUAL9_LATE_RED_t4503	DUAL9	LATE	RED	3	4503	-1	0	20	
DUAL9_LATE_RED_t4525	DUAL9	LATE	RED	3	4525	-1	0	20	
DUAL9_LATE_RED_t4550	DUAL9	LATE	RED	3	4550	-1	0	20	
DUAL9_LATE_RED_t4575	DUAL9	LATE	RED	3	4575	-1	0	20	
DUAL9_LATE_RED_t4600	DUAL9	LATE	RED	3	4600	-1	0	20	
DUAL9_LATE_RED_t4625	DUAL9	LATE	RED	3	4625	-1	0	20	
DUAL9_LATE_RED_t4650	DUAL9	LATE	RED	3	4650	-1	0	20	
DUAL9_LATE_RED_t4675	DUAL9	LATE	RED	3	4675	-1	0	20	
DUAL9_LATE_RED_t4700	DUAL9	LATE	RED	3	4700	-1	0	20	
DUAL9_LATE_RED_t4725	DUAL9	LATE	RED	3	4725	-1	0	20	
DUAL9_LATE_RED_t4750	DUAL9	LATE	RED	3	4750	-1	0	20	
DUAL9_LATE_RED_t4760	DUAL9	LATE	RED	3	4760	-1	0	20	
DUAL9_LATE_RED_t4775	DUAL9	LATE	RED	3	4775	-1	0	20	
DUAL9_LATE_RED_t4800	DUAL9	LATE	RED	3	4800	-1	0	20	
DUAL9_LATE_RED_t4808	DUAL9	LATE	RED	3	4808	-1	0	20	
DUAL9_LATE_RED_t4809	DUAL9	LATE	RED	3	4809	-1	0	20	
DUAL9_LATE_RED_t4810	DUAL9	LATE	RED	3	4810	-1	0	20	
DUAL9_LATE_RED_t4811	DUAL9	LATE	RED	3	4811	-1	0	20	
DUAL9_LATE_RED_t4812	DUAL9	LATE	RED	3	4812	-1	0	20	
DUAL9_LATE_RED_t4825	DUAL9	LATE	RED	3	4825	-1	0	20	
DUAL9_LATE_RED_t4850	DUAL9	LATE	RED	3	4850	-1	0	20	
DUAL9_LATE_RED_t4875	DUAL9	LATE	RED	3	4875	-1	0	20	
DUAL9_LATE_RED_t4900	DUAL9	LATE	RED	3	4900	-1	0	20	
DUAL9_LATE_RED_t4925	DUAL9	LATE	RED	3	4925	-1	0	20	
DUAL9_LATE_RED_t4950	DUAL9	LATE	RED	3	4950	-1	0	20	
DUAL9_LATE_RED_t4975	DUAL9	LATE	RED	3	4975	-1	0	20	
DUAL9_LATE_RED_t4999	DUAL9	LATE	RED	3	4999	-1	0	20	
DUAL9_LATE_RED_t5000	DUAL9	LATE	RED	4	0	-1	0	20	
DUAL9_LATE_RED_t5001	DUAL9	LATE	RED	4	1	-1	0	20	
DUAL9_LATE_IR_t0	DUAL9	LATE	IR	3	0	-1	0	20	
DUAL9_LATE_IR_t1	DUAL9	LATE	IR	3	1	-1	0	20	
DUAL9_LATE_IR_t2	DUAL9	LATE	IR	3	2	-1	0	20	
DUAL9_LATE_IR_t25	DUAL9	LATE	IR	3	25	-1	0	20	
DUAL9_LATE_IR_t50	DUAL9	LATE	IR	3	50	-1	0	20	
DUAL9_LATE_IR_t75	DUAL9	LATE	IR	3	75	-1	0	20	
DUAL9_LATE_IR_t100	DUAL9	LATE	IR	3	100	-1	0	20	
DUAL9_LATE_IR_t125	DUAL9	LATE	IR	3	125	-1	0	20	
DUAL9_LATE_IR_t150	DUAL9	LATE	IR	3	150	-1	0	20	
DUAL9_LATE_IR_t160	DUAL9	LATE	IR	3	160	-1	0	20	
DUAL9_LATE_IR_t161	DUAL9	LATE	IR	3	161	-1	0	20	
DUAL9_LATE_IR_t162	DUAL9	LATE	IR	3	162	-1	0	20	
DUAL9_LATE_IR_t175	DUAL9	LATE	IR	3	175	-1	0	20	
DUAL9_LATE_IR_t200	DUAL9	LATE	IR	3	200	-1	0	20	
DUAL9_LATE_IR_t225	DUAL9	LATE	IR	3	225	-1	0	20	
DUAL9_LATE_IR_t248	DUAL9	LATE	IR	3	248	-1	0	20	
DUAL9_LATE_IR_t249	DUAL9	LATE	IR	3	249	-1	0	20	
DUAL9_LATE_IR_t250	DUAL9	LATE	IR	3	250	-1	0	20	
DUAL9_LATE_IR_t266	DUAL9	LATE	IR	3	266	-1	0	20	
DUAL9_LATE_IR_t275	DUAL9	LATE	IR	3	275	-1	0	20	
DUAL9_LATE_IR_t283	DUAL9	LATE	IR	3	283	-1	0	20	
DUAL9_LATE_IR_t284	DUAL9	LATE	IR	3	284	-1	0	20	
DUAL9_LATE_IR_t285	DUAL9	LATE	IR	3	285	-1	0	20	
DUAL9_LATE_IR_t300	DUAL9	LATE	IR	3	300	-1	0	20	
DUAL9_LATE_IR_t309	DUAL9	LATE	IR	3	309	-1	0	20	
DUAL9_LATE_IR_t310	DUAL9	LATE	IR	3	310	-1	0	20	
DUAL9_LATE_IR_t311	DUAL9	LATE	IR	3	311	-1	0	20	
DUAL9_LATE_IR_t325	DUAL9	LATE	IR	3	325	-1	0	20	
DUAL9_LATE_IR_t350	DUAL9	LATE	IR	3	350	-1	0	20	
DUAL9_LATE_IR_t375	DUAL9	LATE	IR	3	375	-1	0	20	
DUAL9_LATE_IR_t385	DUAL9	LATE	IR	3	385	-1	0	20	
DUAL9_LATE_IR_t400	DUAL9	LATE	IR	3	400	-1	0	20	
DUAL9_LATE_IR_t425	DUAL9	LATE	IR	3	425	-1	0	20	
DUAL9_LATE_IR_t443	DUAL9	LATE	IR	3	443	-1	0	20	
DUAL9_LATE_IR_t444	DUAL9	LATE	IR	3	444	-1	0	20	
DUAL9_LATE_IR_t445	DUAL9	LATE	IR	3	445	-1	0	20	
DUAL9_LATE_IR_t450	DUAL9	LATE	IR	3	450	-1	0	20	
DUAL9_LATE_IR_t475	DUAL9	LATE	IR	3	475	-1	0	20	
DUAL9_LATE_IR_t477	DUAL9	LATE	IR	3	477	-1	0	20	
DUAL9_LATE_IR_t478	DUAL9	LATE	IR	3	478	-1	0	20	
DUAL9_LATE_IR_t479	DUAL9	LATE	IR	3	479	-1	0	20	
DUAL9_LATE_IR_t500	DUAL9	LATE	IR	3	500	-1	0	20	
DUAL9_LATE_IR_t525	DUAL9	LATE	IR	3	525	-1	0	20	
DUAL9_LATE_IR_t550	DUAL9	LATE	IR	3	550	-1	0	20	
DUAL9_LATE_IR_t575	DUAL9	LATE	IR	3	575	-1	0	20	
DUAL9_LATE_IR_t600	DUAL9	LATE	IR	3	600	-1	0	20	
DUAL9_LATE_IR_t625	DUAL9	LATE	IR	3	625	-1	0	20	
DUAL9_LATE_IR_t650	DUAL9	LATE	IR	3	650	-1	0	20	
DUAL9_LATE_IR_t675	DUAL9	LATE	IR	3	675	-1	0	20	
DUAL9_LATE_IR_t700	DUAL9	LATE	IR	3	700	-1	0	20	
DUAL9_LATE_IR_t725	DUAL9	LATE	IR	3	725	-1	0	20	
DUAL9_LATE_IR_t750	DUAL9	LATE	IR	3	750	-1	0	20	
DUAL9_LATE_IR_t775	DUAL9	LATE	IR	3	775	-1	0	20	
DUAL9_LATE_IR_t800	DUAL9	LATE	IR	3	800	-1	0	20	
DUAL9_LATE_IR_t825	DUAL9	LATE	IR	3	825	-1	0	20	
DUAL9_LATE_IR_t850	DUAL9	LATE	IR	3	850	-1	0	20	
DUAL9_LATE_IR_t875	DUAL9	LATE	IR	3	875	-1	0	20	
DUAL9_LATE_IR_t900	DUAL9	LATE	IR	3	900	-1	0	20	
DUAL9_LATE_IR_t925	DUAL9	LATE	IR	3	925	-1	0	20	
DUAL9_LATE_IR_t950	DUAL9	LATE	IR	3	950	-1	0	20	
DUAL9_LATE_IR_t975	DUAL9	LATE	IR	3	975	-1	0	20	
DUAL9_LATE_IR_t1000	DUAL9	LATE	IR	3	1000	-1	0	20	
DUAL9_LATE_IR_t1025	DUAL9	LATE	IR	3	1025	-1	0	20	
DUAL9_LATE_IR_t1050	DUAL9	LATE	IR	3	1050	-1	0	20	
DUAL9_LATE_IR_t1075	DUAL9	LATE	IR	3	1075	-1	0	20	
DUAL9_LATE_IR_t1100	DUAL9	LATE	IR	3	1100	-1	0	20	
DUAL9_LATE_IR_t1125	DUAL9	LATE	IR	3	1125	-1	0	20	
DUAL9_LATE_IR_t1150	DUAL9	LATE	IR	3	1150	-1	0	20	
DUAL9_LATE_IR_t1175	DUAL9	LATE	IR	3	1175	-1	0	20	
DUAL9_LATE_IR_t1200	DUAL9	LATE	IR	3	1200	-1	0	20	
DUAL9_LATE_IR_t1225	DUAL9	LATE	IR	3	1225	-1	0	20	
DUAL9_LATE_IR_t1250	DUAL9	LATE	IR	3	1250	-1	0	20	
DUAL9_LATE_IR_t1275	DUAL9	LATE	IR	3	1275	-1	0	20	
DUAL9_LATE_IR_t1300	DUAL9	LATE	IR	3	1300	-1	0	20	
DUAL9_LATE_IR_t1325	DUAL9	LATE	IR	3	1325	-1	0	20	
DUAL9_LATE_IR_t1350	DUAL9	LATE	IR	3	1350	-1	0	20	
DUAL9_LATE_IR_t1375	DUAL9	LATE	IR	3	1375	-1	0	20	
DUAL9_LATE_IR_t1400	DUAL9	LATE	IR	3	1400	-1	0	20	
DUAL9_LATE_IR_t1425	DUAL9	LATE	IR	3	1425	-1	0	20	
DUAL9_LATE_IR_t1450	DUAL9	LATE	IR	3	1450	-1	0	20	
DUAL9_LATE_IR_t1475	DUAL9	LATE	IR	3	1475	-1	0	20	
DUAL9_LATE_IR_t1500	DUAL9	LATE	IR	3	1500	-1	0	20	
DUAL9_LATE_IR_t1525	DUAL9	LATE	IR	3	1525	-1	0	20	
DUAL9_LATE_IR_t1550	DUAL9	LATE	IR	3	1550	-1	0	20	
DUAL9_LATE_IR_t1575	DUAL9	LATE	IR	3	1575	-1	0	20	
DUAL9_LATE_IR_t1600	DUAL9	LATE	IR	3	1600	-1	0	20	
DUAL9_LATE_IR_t1625	DUAL9	LATE	IR	3	1625	-1	0	20	
DUAL9_LATE_IR_t1650	DUAL9	LATE	IR	3	1650	-1	0	20	
DUAL9_LATE_IR_t1675	DUAL9	LATE	IR	3	1675	-1	0	20	
DUAL9_LATE_IR_t1700	DUAL9	LATE	IR	3	1700	-1	0	20	
DUAL9_LATE_IR_t1725	DUAL9	LATE	IR	3	1725	-1	0	20	
DUAL9_LATE_IR_t1750	DUAL9	LATE	IR	3	1750	-1	0	20	
DUAL9_LATE_IR_t1775	DUAL9	LATE	IR	3	1775	-1	0	20	
DUAL9_LATE_IR_t1800	DUAL9	LATE	IR	3	1800	-1	0	20	
DUAL9_LATE_IR_t1825	DUAL9	LATE	IR	3	1825	-1	0	20	
DUAL9_LATE_IR_t1850	DUAL9	LATE	IR	3	1850	-1	0	20	
DUAL9_LATE_IR_t1875	DUAL9	LATE	IR	3	1875	-1	0	20	
DUAL9_LATE_IR_t1900	DUAL9	LATE	IR	3	1900	-1	0	20	
DUAL9_LATE_IR_t1925	DUAL9	LATE	IR	3	1925	-1	0	20	
DUAL9_LATE_IR_t1950	DUAL9	LATE	IR	3	1950	-1	0	20	
DUAL9_LATE_IR_t1975	DUAL9	LATE	IR	3	1975	-1	0	20	
DUAL9_LATE_IR_t2000	DUAL9	LATE	IR	3	2000	-1	0	20	
DUAL9_LATE_IR_t2025	DUAL9	LATE	IR	3	2025	-1	0	20	
DUAL9_LATE_IR_t2050	DUAL9	LATE	IR	3	2050	-1	0	20	
DUAL9_LATE_IR_t2075	DUAL9	LATE	IR	3	2075	-1	0	20	
DUAL9_LATE_IR_t2100	DUAL9	LATE	IR	3	2100	-1	0	20	
DUAL9_LATE_IR_t2125	DUAL9	LATE	IR	3	2125	-1	0	20	
DUAL9_LATE_IR_t2150	DUAL9	LATE	IR	3	2150	-1	0	20	
DUAL9_LATE_IR_t2175	DUAL9	LATE	IR	3	2175	-1	0	20	
DUAL9_LATE_IR_t2200	DUAL9	LATE	IR	3	2200	-1	0	20	
DUAL9_LATE_IR_t2225	DUAL9	LATE	IR	3	2225	-1	0	20	
DUAL9_LATE_IR_t2250	DUAL9	LATE	IR	3	2250	-1	0	20	
DUAL9_LATE_IR_t2275	DUAL9	LATE	IR	3	2275	-1	0	20	
DUAL9_LATE_IR_t2300	DUAL9	LATE	IR	3	2300	-1	0	20	
DUAL9_LATE_IR_t2325	DUAL9	LATE	IR	3	2325	-1	0	20	
DUAL9_LATE_IR_t2350	DUAL9	LATE	IR	3	2350	-1	0	20	
DUAL9_LATE_IR_t2375	DUAL9	LATE	IR	3	2375	-1	0	20	
DUAL9_LATE_IR_t2400	DUAL9	LATE	IR	3	2400	-1	0	20	
DUAL9_LATE_IR_t2425	DUAL9	LATE	IR	3	2425	-1	0	20	
DUAL9_LATE_IR_t2450	DUAL9	LATE	IR	3	2450	-1	0	20	
DUAL9_LATE_IR_t2475	DUAL9	LATE	IR	3	2475	-1	0	20	
DUAL9_LATE_IR_t2500	DUAL9	LATE	IR	3	2500	-1	0	20	
DUAL9_LATE_IR_t2525	DUAL9	LATE	IR	3	2525	-1	0	20	
DUAL9_LATE_IR_t2550	DUAL9	LATE	IR	3	2550	-1	0	20	
DUAL9_LATE_IR_t2575	DUAL9	LATE	IR	3	2575	-1	0	20	
DUAL9_LATE_IR_t2600	DUAL9	LATE	IR	3	2600	-1	0	20	
DUAL9_LATE_IR_t2625	DUAL9	LATE	IR	3	2625	-1	0	20	
DUAL9_LATE_IR_t2650	DUAL9	LATE	IR	3	2650	-1	0	20	
DUAL9_LATE_IR_t2675	DUAL9	LATE	IR	3	2675	-1	0	20	
DUAL9_LATE_IR_t2700	DUAL9	LATE	IR	3	2700	-1	0	20	
DUAL9_LATE_IR_t2725	DUAL9	LATE	IR	3	2725	-1	0	20	
DUAL9_LATE_IR_t2750	DUAL9	LATE	IR	3	2750	-1	0	20	
DUAL9_LATE_IR_t2775	DUAL9	LATE	IR	3	2775	-1	0	20	
DUAL9_LATE_IR_t2800	DUAL9	LATE	IR	3	2800	-1	0	20	
DUAL9_LATE_IR_t2825	DUAL9	LATE	IR	3	2825	-1	0	20	
DUAL9_LATE_IR_t2850	DUAL9	LATE	IR	3	2850	-1	0	20	
DUAL9_LATE_IR_t2875	DUAL9	LATE	IR	3	2875	-1	0	20	
DUAL9_LATE_IR_t2900	DUAL9	LATE	IR	3	2900	-1	0	20	
DUAL9_LATE_IR_t2925	DUAL9	LATE	IR	3	2925	-1	0	20	
DUAL9_LATE_IR_t2950	DUAL9	LATE	IR	3	2950	-1	0	20	
DUAL9_LATE_IR_t2975	DUAL9	LATE	IR	3	2975	-1	0	20	
DUAL9_LATE_IR_t3000	DUAL9	LATE	IR	3	3000	-1	0	20	
DUAL9_LATE_IR_t3025	DUAL9	LATE	IR	3	3025	-1	0	20	
DUAL9_LATE_IR_t3050	DUAL9	LATE	IR	3	3050	-1	0	20	
DUAL9_LATE_IR_t3075	DUAL9	LATE	IR	3	3075	-1	0	20	
DUAL9_LATE_IR_t3100	DUAL9	LATE	IR	3	3100	-1	0	20	
DUAL9_LATE_IR_t3125	DUAL9	LATE	IR	3	3125	-1	0	20	
DUAL9_LATE_IR_t3150	DUAL9	LATE	IR	3	3150	-1	0	20	
DUAL9_LATE_IR_t3175	DUAL9	LATE	IR	3	3175	-1	0	20	
DUAL9_LATE_IR_t3200	DUAL9	LATE	IR	3	3200	-1	0	20	
DUAL9_LATE_IR_t3225	DUAL9	LATE	IR	3	3225	-1	0	20	
DUAL9_LATE_IR_t3250	DUAL9	LATE	IR	3	3250	-1	0	20	
DUAL9_LATE_IR_t3275	DUAL9	LATE	IR	3	3275	-1	0	20	
DUAL9_LATE_IR_t3300	DUAL9	LATE	IR	3	3300	-1	0	20	
DUAL9_LATE_IR_t3325	DUAL9	LATE	IR	3	3325	-1	0	20	
DUAL9_LATE_IR_t3350	DUAL9	LATE	IR	3	3350	-1	0	20	
DUAL9_LATE_IR_t3375	DUAL9	LATE	IR	3	3375	-1	0	20	
DUAL9_LATE_IR_t3400	DUAL9	LATE	IR	3	3400	-1	0	20	
DUAL9_LATE_IR_t3425	DUAL9	LATE	IR	3	3425	-1	0	20	
DUAL9_LATE_IR_t3450	DUAL9	LATE	IR	3	3450	-1	0	20	
DUAL9_LATE_IR_t3475	DUAL9	LATE	IR	3	3475	-1	0	20	
DUAL9_LATE_IR_t3500	DUAL9	LATE	IR	3	3500	-1	0	20	
DUAL9_LATE_IR_t3525	DUAL9	LATE	IR	3	3525	-1	0	20	
DUAL9_LATE_IR_t3550	DUAL9	LATE	IR	3	3550	-1	0	20	
DUAL9_LATE_IR_t3575	DUAL9	LATE	IR	3	3575	-1	0	20	
DUAL9_LATE_IR_t3600	DUAL9	LATE	IR	3	3600	-1	0	20	
DUAL9_LATE_IR_t3625	DUAL9	LATE	IR	3	3625	-1	0	20	
DUAL9_LATE_IR_t3650	DUAL9	LATE	IR	3	3650	-1	0	20	
DUAL9_LATE_IR_t3675	DUAL9	LATE	IR	3	3675	-1	0	20	
DUAL9_LATE_IR_t3700	DUAL9	LATE	IR	3	3700	-1	0	20	
DUAL9_LATE_IR_t3725	DUAL9	LATE	IR	3	3725	-1	0	20	
DUAL9_LATE_IR_t3750	DUAL9	LATE	IR	3	3750	-1	0	20	
DUAL9_LATE_IR_t3775	DUAL9	LATE	IR	3	3775	-1	0	20	
DUAL9_LATE_IR_t3800	DUAL9	LATE	IR	3	3800	-1	0	20	
DUAL9_LATE_IR_t3825	DUAL9	LATE	IR	3	3825	-1	0	20	
DUAL9_LATE_IR_t3850	DUAL9	LATE	IR	3	3850	-1	0	20	
DUAL9_LATE_IR_t3875	DUAL9	LATE	IR	3	3875	-1	0	20	
DUAL9_LATE_IR_t3900	DUAL9	LATE	IR	3	3900	-1	0	20	
DUAL9_LATE_IR_t3925	DUAL9	LATE	IR	3	3925	-1	0	20	
DUAL9_LATE_IR_t3950	DUAL9	LATE	IR	3	3950	-1	0	20	
DUAL9_LATE_IR_t3975	DUAL9	LATE	IR	3	3975	-1	0	20	
DUAL9_LATE_IR_t4000	DUAL9	LATE	IR	3	4000	-1	0	20	
DUAL9_LATE_IR_t4025	DUAL9	LATE	IR	3	4025	-1	0	20	
DUAL9_LATE_IR_t4050	DUAL9	LATE	IR	3	4050	-1	0	20	
DUAL9_LATE_IR_t4075	DUAL9	LATE	IR	3	4075	-1	0	20	
DUAL9_LATE_IR_t4100	DUAL9	LATE	IR	3	4100	-1	0	20	
DUAL9_LATE_IR_t4125	DUAL9	LATE	IR	3	4125	-1	0	20	
DUAL9_LATE_IR_t4150	DUAL9	LATE	IR	3	4150	-1	0	20	
DUAL9_LATE_IR_t4175	DUAL9	LATE	IR	3	4175	-1	0	20	
DUAL9_LATE_IR_t4200	DUAL9	LATE	IR	3	4200	-1	0	20	
DUAL9_LATE_IR_t4225	DUAL9	LATE	IR	3	4225	-1	0	20	
DUAL9_LATE_IR_t4250	DUAL9	LATE	IR	3	4250	-1	0	20	
DUAL9_LATE_IR_t4275	DUAL9	LATE	IR	3	4275	-1	0	20	
DUAL9_LATE_IR_t4300	DUAL9	LATE	IR	3	4300	-1	0	20	
DUAL9_LATE_IR_t4325	DUAL9	LATE	IR	3	4325	-1	0	20	
DUAL9_LATE_IR_t4350	DUAL9	LATE	IR	3	4350	-1	0	20	
DUAL9_LATE_IR_t4375	DUAL9	LATE	IR	3	4375	-1	0	20	
DUAL9_LATE_IR_t4400	DUAL9	LATE	IR	3	4400	-1	0	20	
DUAL9_LATE_IR_t4425	DUAL9	LATE	IR	3	4425	-1	0	20	
DUAL9_LATE_IR_t4450	DUAL9	LATE	IR	3	4450	-1	0	20	
DUAL9_LATE_IR_t4475	DUAL9	LATE	IR	3	4475	-1	0	20	
DUAL9_LATE_IR_t4499	DUAL9	LATE	IR	3	4499	-1	0	20	
DUAL9_LATE_IR_t4500	DUAL9	LATE	IR	3	4500	-1	0	20	
DUAL9_LATE_IR_t4501	DUAL9	LATE	IR	3	4501	-1	0	20	
DUAL9_LATE_IR_t4502	DUAL9	LATE	IR	3	4502	-1	0	20	
DUAL9_LATE_IR_t4503	DUAL9	LATE	IR	3	4503	-1	0	20	
DUAL9_LATE_IR_t4525	DUAL9	LATE	IR	3	4525	-1	0	20	
DUAL9_LATE_IR_t4550	DUAL9	LATE	IR	3	4550	-1	0	20	
DUAL9_LATE_IR_t4575	DUAL9	LATE	IR	3	4575	-1	0	20	
DUAL9_LATE_IR_t4600	DUAL9	LATE	IR	3	4600	-1	0	20	
DUAL9_LATE_IR_t4625	DUAL9	LATE	IR	3	4625	-1	0	20	
DUAL9_LATE_IR_t4650	DUAL9	LATE	IR	3	4650	-1	0	20	
DUAL9_LATE_IR_t4675	DUAL9	LATE	IR	3	4675	-1	0	20	
DUAL9_LATE_IR_t4700	DUAL9	LATE	IR	3	4700	-1	0	20	
DUAL9_LATE_IR_t4725	DUAL9	LATE	IR	3	4725	-1	0	20	
DUAL9_LATE_IR_t4750	DUAL9	LATE	IR	3	4750	-1	0	20	
DUAL9_LATE_IR_t4760	DUAL9	LATE	IR	3	4760	-1	0	20	
DUAL9_LATE_IR_t4775	DUAL9	LATE	IR	3	4775	-1	0	20	
DUAL9_LATE_IR_t4800	DUAL9	LATE	IR	3	4800	-1	0	20	
DUAL9_LATE_IR_t4808	DUAL9	LATE	IR	3	4808	-1	0	20	
DUAL9_LATE_IR_t4809	DUAL9	LATE	IR	3	4809	-1	0	20	
DUAL9_LATE_IR_t4810	DUAL9	LATE	IR	3	4810	-1	0	20	
DUAL9_LATE_IR_t4811	DUAL9	LATE	IR	3	4811	-1	0	20	
DUAL9_LATE_IR_t4812	DUAL9	LATE	IR	3	4812	-1	0	20	
DUAL9_LATE_IR_t4825	DUAL9	LATE	IR	3	4825	-1	0	20	
DUAL9_LATE_IR_t4850	DUAL9	LATE	IR	3	4850	-1	0	20	
DUAL9_LATE_IR_t4875	DUAL9	LATE	IR	3	4875	-1	0	20	
DUAL9_LATE_IR_t4900	DUAL9	LATE	IR	3	4900	-1	0	20	
DUAL9_LATE_IR_t4925	DUAL9	LATE	IR	3	4925	-1	0	20	
DUAL9_LATE_IR_t4950	DUAL9	LATE	IR	3	4950	-1	0	20	
DUAL9_LATE_IR_t4975	DUAL9	LATE	IR	3	4975	-1	0	20	
DUAL9_LATE_IR_t4999	DUAL9	LATE	IR	3	4999	-1	0	20	
DUAL9_LATE_IR_t5000	DUAL9	LATE	IR	4	0	-1	0	20	
DUAL9_LATE_IR_t5001	DUAL9	LATE	IR	4	1	-1	0	20	
DUAL9_BUSY_RED_t0	DUAL9	BUSY	RED	3	0	-1	0	20	
DUAL9_BUSY_RED_t1	DUAL9	BUSY	RED	3	1	-1	0	20	
DUAL9_BUSY_RED_t2	DUAL9	BUSY	RED	3	2	-1	0	20	
DUAL9_BUSY_RED_t25	DUAL9	BUSY	RED	3	25	-1	0	20	
DUAL9_BUSY_RED_t50	DUAL9	BUSY	RED	3	50	-1	0	20	
DUAL9_BUSY_RED_t75	DUAL9	BUSY	RED	3	75	-1	0	20	
DUAL9_BUSY_RED_t100	DUAL9	BUSY	RED	3	100	-1	0	20	
DUAL9_BUSY_RED_t125	DUAL9	BUSY	RED	3	125	-1	0	20	
DUAL9_BUSY_RED_t150	DUAL9	BUSY	RED	3	150	-1	0	20	
DUAL9_BUSY_RED_t160	DUAL9	BUSY	RED	3	160	-1	0	20	
DUAL9_BUSY_RED_t161	DUAL9	BUSY	RED	3	161	-1	0	20	
DUAL9_BUSY_RED_t162	DUAL9	BUSY	RED	3	162	-1	0	20	
DUAL9_BUSY_RED_t175	DUAL9	BUSY	RED	3	175	-1	0	20	
DUAL9_BUSY_RED_t200	DUAL9	BUSY	RED	3	200	-1	0	20	
DUAL9_BUSY_RED_t225	DUAL9	BUSY	RED	3	225	-1	0	20	
DUAL9_BUSY_RED_t248	DUAL9	BUSY	RED	3	248	-1	0	20	
DUAL9_BUSY_RED_t249	DUAL9	BUSY	RED	3	249	-1	0	20	
DUAL9_BUSY_RED_t250	DUAL9	BUSY	RED	3	250	-1	0	20	
DUAL9_BUSY_RED_t266	DUAL9	BUSY	RED	3	266	-1	0	20	
DUAL9_BUSY_RED_t275	DUAL9	BUSY	RED	3	275	-1	0	20	
DUAL9_BUSY_RED_t283	DUAL9	BUSY	RED	3	283	-1	0	20	
DUAL9_BUSY_RED_t284	DUAL9	BUSY	RED	3	284	-1	0	20	
DUAL9_BUSY_RED_t285	DUAL9	BUSY	RED	3	285	-1	0	20	
DUAL9_BUSY_RED_t300	DUAL9	BUSY	RED	3	300	-1	0	20	
DUAL9_BUSY_RED_t309	DUAL9	BUSY	RED	3	309	-1	0	20	
DUAL9_BUSY_RED_t310	DUAL9	BUSY	RED	3	310	-1	0	20	
DUAL9_BUSY_RED_t311	DUAL9	BUSY	RED	3	311	-1	0	20	
DUAL9_BUSY_RED_t325	DUAL9	BUSY	RED	3	325	-1	0	20	
DUAL9_BUSY_RED_t350	DUAL9	BUSY	RED	3	350	-1	0	20	
DUAL9_BUSY_RED_t375	DUAL9	BUSY	RED	3	375	-1	0	20	
DUAL9_BUSY_RED_t385	DUAL9	BUSY	RED	3	385	-1	0	20	
DUAL9_BUSY_RED_t400	DUAL9	BUSY	RED	3	400	-1	0	20	
DUAL9_BUSY_RED_t425	DUAL9	BUSY	RED	3	425	-1	0	20	
DUAL9_BUSY_RED_t443	DUAL9	BUSY	RED	3	443	-1	0	20	
DUAL9_BUSY_RED_t444	DUAL9	BUSY	RED	3	444	-1	0	20	
DUAL9_BUSY_RED_t445	DUAL9	BUSY	RED	3	445	-1	0	20	
DUAL9_BUSY_RED_t450	DUAL9	BUSY	RED	3	450	-1	0	20	
DUAL9_BUSY_RED_t475	DUAL9	BUSY	RED	3	475	-1	0	20	
DUAL9_BUSY_RED_t477	DUAL9	BUSY	RED	3	477	-1	0	20	
DUAL9_BUSY_RED_t478	DUAL9	BUSY	RED	3	478	-1	0	20	
DUAL9_BUSY_RED_t479	DUAL9	BUSY	RED	3	479	-1	0	20	
DUAL9_BUSY_RED_t500	DUAL9	BUSY	RED	3	500	-1	0	20	
DUAL9_BUSY_RED_t525	DUAL9	BUSY	RED	3	525	-1	0	20	
DUAL9_BUSY_RED_t550	DUAL9	BUSY	RED	3	550	-1	0	20	
DUAL9_BUSY_RED_t575	DUAL9	BUSY	RED	3	575	-1	0	20	
DUAL9_BUSY_RED_t600	DUAL9	BUSY	RED	3	600	-1	0	20	
DUAL9_BUSY_RED_t625	DUAL9	BUSY	RED	3	625	-1	0	20	
DUAL9_BUSY_RED_t650	DUAL9	BUSY	RED	3	650	-1	0	20	
DUAL9_BUSY_RED_t675	DUAL9	BUSY	RED	3	675	-1	0	20	
DUAL9_BUSY_RED_t700	DUAL9	BUSY	RED	3	700	-1	0	20	
DUAL9_BUSY_RED_t725	DUAL9	BUSY	RED	3	725	-1	0	20	
DUAL9_BUSY_RED_t750	DUAL9	BUSY	RED	3	750	-1	0	20	
DUAL9_BUSY_RED_t775	DUAL9	BUSY	RED	3	775	-1	0	20	
DUAL9_BUSY_RED_t800	DUAL9	BUSY	RED	3	800	-1	0	20	
DUAL9_BUSY_RED_t825	DUAL9	BUSY	RED	3	825	-1	0	20	
DUAL9_BUSY_RED_t850	DUAL9	BUSY	RED	3	850	-1	0	20	
DUAL9_BUSY_RED_t875	DUAL9	BUSY	RED	3	875	-1	0	20	
DUAL9_BUSY_RED_t900	DUAL9	BUSY	RED	3	900	-1	0	20	
DUAL9_BUSY_RED_t925	DUAL9	BUSY	RED	3	925	-1	0	20	
DUAL9_BUSY_RED_t950	DUAL9	BUSY	RED	3	950	-1	0	20	
DUAL9_BUSY_RED_t975	DUAL9	BUSY	RED	3	975	-1	0	20	
DUAL9_BUSY_RED_t1000	DUAL9	BUSY	RED	3	1000	-1	0	20	
DUAL9_BUSY_RED_t1025	DUAL9	BUSY	RED	3	1025	-1	0	20	
DUAL9_BUSY_RED_t1050	DUAL9	BUSY	RED	3	1050	-1	0	20	
DUAL9_BUSY_RED_t1075	DUAL9	BUSY	RED	3	1075	-1	0	20	
DUAL9_BUSY_RED_t1100	DUAL9	BUSY	RED	3	1100	-1	0	20	
DUAL9_BUSY_RED_t1125	DUAL9	BUSY	RED	3	1125	-1	0	20	
DUAL9_BUSY_RED_t1150	DUAL9	BUSY	RED	3	1150	-1	0	20	
DUAL9_BUSY_RED_t1175	DUAL9	BUSY	RED	3	1175	-1	0	20	
DUAL9_BUSY_RED_t1200	DUAL9	BUSY	RED	3	1200	-1	0	20	
DUAL9_BUSY_RED_t1225	DUAL9	BUSY	RED	3	1225	-1	0	20	
DUAL9_BUSY_RED_t1250	DUAL9	BUSY	RED	3	1250	-1	0	20	
DUAL9_BUSY_RED_t1275	DUAL9	BUSY	RED	3	1275	-1	0	20	
DUAL9_BUSY_RED_t1300	DUAL9	BUSY	RED	3	1300	-1	0	20	
DUAL9_BUSY_RED_t1325	DUAL9	BUSY	RED	3	1325	-1	0	20	
DUAL9_BUSY_RED_t1350	DUAL9	BUSY	RED	3	1350	-1	0	20	
DUAL9_BUSY_RED_t1375	DUAL9	BUSY	RED	3	1375	-1	0	20	
DUAL9_BUSY_RED_t1400	DUAL9	BUSY	RED	3	1400	-1	0	20	
DUAL9_BUSY_RED_t1425	DUAL9	BUSY	RED	3	1425	-1	0	20	
DUAL9_BUSY_RED_t1450	DUAL9	BUSY	RED	3	1450	-1	0	20	
DUAL9_BUSY_RED_t1475	DUAL9	BUSY	RED	3	1475	-1	0	20	
DUAL9_BUSY_RED_t1500	DUAL9	BUSY	RED	3	1500	-1	0	20	
DUAL9_BUSY_RED_t1525	DUAL9	BUSY	RED	3	1525	-1	0	20	
DUAL9_BUSY_RED_t1550	DUAL9	BUSY	RED	3	1550	-1	0	20	
DUAL9_BUSY_RED_t1575	DUAL9	BUSY	RED	3	1575	-1	0	20	
DUAL9_BUSY_RED_t1600	DUAL9	BUSY	RED	3	1600	-1	0	20	
DUAL9_BUSY_RED_t1625	DUAL9	BUSY	RED	3	1625	-1	0	20	
DUAL9_BUSY_RED_t1650	DUAL9	BUSY	RED	3	1650	-1	0	20	
DUAL9_BUSY_RED_t1675	DUAL9	BUSY	RED	3	1675	-1	0	20	
DUAL9_BUSY_RED_t1700	DUAL9	BUSY	RED	3	1700	-1	0	20	
DUAL9_BUSY_RED_t1725	DUAL9	BUSY	RED	3	1725	-1	0	20	
DUAL9_BUSY_RED_t1750	DUAL9	BUSY	RED	3	1750	-1	0	20	
DUAL9_BUSY_RED_t1775	DUAL9	BUSY	RED	3	1775	-1	0	20	
DUAL9_BUSY_RED_t1800	DUAL9	BUSY	RED	3	1800	-1	0	20	
DUAL9_BUSY_RED_t1825	DUAL9	BUSY	RED	3	1825	-1	0	20	
DUAL9_BUSY_RED_t1850	DUAL9	BUSY	RED	3	1850	-1	0	20	
DUAL9_BUSY_RED_t1875	DUAL9	BUSY	RED	3	1875	-1	0	20	
DUAL9_BUSY_RED_t1900	DUAL9	BUSY	RED	3	1900	-1	0	20	
DUAL9_BUSY_RED_t1925	DUAL9	BUSY	RED	3	1925	-1	0	20	
DUAL9_BUSY_RED_t1950	DUAL9	BUSY	RED	3	1950	-1	0	20	
DUAL9_BUSY_RED_t1975	DUAL9	BUSY	RED	3	1975	-1	0	20	
DUAL9_BUSY_RED_t2000	DUAL9	BUSY	RED	3	2000	-1	0	20	
DUAL9_BUSY_RED_t2025	DUAL9	BUSY	RED	3	2025	-1	0	20	
DUAL9_BUSY_RED_t2050	DUAL9	BUSY	RED	3	2050	-1	0	20	
DUAL9_BUSY_RED_t2075	DUAL9	BUSY	RED	3	2075	-1	0	20	
DUAL9_BUSY_RED_t2100	DUAL9	BUSY	RED	3	2100	-1	0	20	
DUAL9_BUSY_RED_t2125	DUAL9	BUSY	RED	3	2125	-1	0	20	
DUAL9_BUSY_RED_t2150	DUAL9	BUSY	RED	3	2150	-1	0	20	
DUAL9_BUSY_RED_t2175	DUAL9	BUSY	RED	3	2175	-1	0	20	
DUAL9_BUSY_RED_t2200	DUAL9	BUSY	RED	3	2200	-1	0	20	
DUAL9_BUSY_RED_t2225	DUAL9	BUSY	RED	3	2225	-1	0	20	
DUAL9_BUSY_RED_t2250	DUAL9	BUSY	RED	3	2250	-1	0	20	
DUAL9_BUSY_RED_t2275	DUAL9	BUSY	RED	3	2275	-1	0	20	
DUAL9_BUSY_RED_t2300	DUAL9	BUSY	RED	3	2300	-1	0	20	
DUAL9_BUSY_RED_t2325	DUAL9	BUSY	RED	3	2325	-1	0	20	
DUAL9_BUSY_RED_t2350	DUAL9	BUSY	RED	3	2350	-1	0	20	
DUAL9_BUSY_RED_t2375	DUAL9	BUSY	RED	3	2375	-1	0	20	
DUAL9_BUSY_RED_t2400	DUAL9	BUSY	RED	3	2400	-1	0	20	
DUAL9_BUSY_RED_t2425	DUAL9	BUSY	RED	3	2425	-1	0	20	
DUAL9_BUSY_RED_t2450	DUAL9	BUSY	RED	3	2450	-1	0	20	
DUAL9_BUSY_RED_t2475	DUAL9	BUSY	RED	3	2475	-1	0	20	
DUAL9_BUSY_RED_t2500	DUAL9	BUSY	RED	3	2500	-1	0	20	
DUAL9_BUSY_RED_t2525	DUAL9	BUSY	RED	3	2525	-1	0	20	
DUAL9_BUSY_RED_t2550	DUAL9	BUSY	RED	3	2550	-1	0	20	
DUAL9_BUSY_RED_t2575	DUAL9	BUSY	RED	3	2575	-1	0	20	
DUAL9_BUSY_RED_t2600	DUAL9	BUSY	RED	3	2600	-1	0	20	
DUAL9_BUSY_RED_t2625	DUAL9	BUSY	RED	3	2625	-1	0	20	
DUAL9_BUSY_RED_t2650	DUAL9	BUSY	RED	3	2650	-1	0	20	
DUAL9_BUSY_RED_t2675	DUAL9	BUSY	RED	3	2675	-1	0	20	
DUAL9_BUSY_RED_t2700	DUAL9	BUSY	RED	3	2700	-1	0	20	
DUAL9_BUSY_RED_t2725	DUAL9	BUSY	RED	3	2725	-1	0	20	
DUAL9_BUSY_RED_t2750	DUAL9	BUSY	RED	3	2750	-1	0	20	
DUAL9_BUSY_RED_t2775	DUAL9	BUSY	RED	3	2775	-1	0	20	
DUAL9_BUSY_RED_t2800	DUAL9	BUSY	RED	3	2800	-1	0	20	
DUAL9_BUSY_RED_t2825	DUAL9	BUSY	RED	3	2825	-1	0	20	
DUAL9_BUSY_RED_t2850	DUAL9	BUSY	RED	3	2850	-1	0	20	
DUAL9_BUSY_RED_t2875	DUAL9	BUSY	RED	3	2875	-1	0	20	
DUAL9_BUSY_RED_t2900	DUAL9	BUSY	RED	3	2900	-1	0	20	
DUAL9_BUSY_RED_t2925	DUAL9	BUSY	RED	3	2925	-1	0	20	
DUAL9_BUSY_RED_t2950	DUAL9	BUSY	RED	3	2950	-1	0	20	
DUAL9_BUSY_RED_t2975	DUAL9	BUSY	RED	3	2975	-1	0	20	
DUAL9_BUSY_RED_t3000	DUAL9	BUSY	RED	3	3000	-1	0	20	
DUAL9_BUSY_RED_t3025	DUAL9	BUSY	RED	3	3025	-1	0	20	
DUAL9_BUSY_RED_t3050	DUAL9	BUSY	RED	3	3050	-1	0	20	
DUAL9_BUSY_RED_t3075	DUAL9	BUSY	RED	3	3075	-1	0	20	
DUAL9_BUSY_RED_t3100	DUAL9	BUSY	RED	3	3100	-1	0	20	
DUAL9_BUSY_RED_t3125	DUAL9	BUSY	RED	3	3125	-1	0	20	
DUAL9_BUSY_RED_t3150	DUAL9	BUSY	RED	3	3150	-1	0	20	
DUAL9_BUSY_RED_t3175	DUAL9	BUSY	RED	3	3175	-1	0	20	
DUAL9_BUSY_RED_t3200	DUAL9	BUSY	RED	3	3200	-1	0	20	
DUAL9_BUSY_RED_t3225	DUAL9	BUSY	RED	3	3225	-1	0	20	
DUAL9_BUSY_RED_t3250	DUAL9	BUSY	RED	3	3250	-1	0	20	
DUAL9_BUSY_RED_t3275	DUAL9	BUSY	RED	3	3275	-1	0	20	
DUAL9_BUSY_RED_t3300	DUAL9	BUSY	RED	3	3300	-1	0	20	
DUAL9_BUSY_RED_t3325	DUAL9	BUSY	RED	3	3325	-1	0	20	
DUAL9_BUSY_RED_t3350	DUAL9	BUSY	RED	3	3350	-1	0	20	
DUAL9_BUSY_RED_t3375	DUAL9	BUSY	RED	3	3375	-1	0	20	
DUAL9_BUSY_RED_t3400	DUAL9	BUSY	RED	3	3400	-1	0	20	
DUAL9_BUSY_RED_t3425	DUAL9	BUSY	RED	3	3425	-1	0	20	
DUAL9_BUSY_RED_t3450	DUAL9	BUSY	RED	3	3450	-1	0	20	
DUAL9_BUSY_RED_t3475	DUAL9	BUSY	RED	3	3475	-1	0	20	
DUAL9_BUSY_RED_t3500	DUAL9	BUSY	RED	3	3500	-1	0	20	
DUAL9_BUSY_RED_t3525	DUAL9	BUSY	RED	3	3525	-1	0	20	
DUAL9_BUSY_RED_t3550	DUAL9	BUSY	RED	3	3550	-1	0	20	
DUAL9_BUSY_RED_t3575	DUAL9	BUSY	RED	3	3575	-1	0	20	
DUAL9_BUSY_RED_t3600	DUAL9	BUSY	RED	3	3600	-1	0	20	
DUAL9_BUSY_RED_t3625	DUAL9	BUSY	RED	3	3625	-1	0	20	
DUAL9_BUSY_RED_t3650	DUAL9	BUSY	RED	3	3650	-1	0	20	
DUAL9_BUSY_RED_t3675	DUAL9	BUSY	RED	3	3675	-1	0	20	
DUAL9_BUSY_RED_t3700	DUAL9	BUSY	RED	3	3700	-1	0	20	
DUAL9_BUSY_RED_t3725	DUAL9	BUSY	RED	3	3725	-1	0	20	
DUAL9_BUSY_RED_t3750	DUAL9	BUSY	RED	3	3750	-1	0	20	
DUAL9_BUSY_RED_t3775	DUAL9	BUSY	RED	3	3775	-1	0	20	
DUAL9_BUSY_RED_t3800	DUAL9	BUSY	RED	3	3800	-1	0	20	
DUAL9_BUSY_RED_t3825	DUAL9	BUSY	RED	3	3825	-1	0	20	
DUAL9_BUSY_RED_t3850	DUAL9	BUSY	RED	3	3850	-1	0	20	
DUAL9_BUSY_RED_t3875	DUAL9	BUSY	RED	3	3875	-1	0	20	
DUAL9_BUSY_RED_t3900	DUAL9	BUSY	RED	3	3900	-1	0	20	
DUAL9_BUSY_RED_t3925	DUAL9	BUSY	RED	3	3925	-1	0	20	
DUAL9_BUSY_RED_t3950	DUAL9	BUSY	RED	3	3950	-1	0	20	
DUAL9_BUSY_RED_t3975	DUAL9	BUSY	RED	3	3975	-1	0	20	
DUAL9_BUSY_RED_t4000	DUAL9	BUSY	RED	3	4000	-1	0	20	
DUAL9_BUSY_RED_t4025	DUAL9	BUSY	RED	3	4025	-1	0	20	
DUAL9_BUSY_RED_t4050	DUAL9	BUSY	RED	3	4050	-1	0	20	
DUAL9_BUSY_RED_t4075	DUAL9	BUSY	RED	3	4075	-1	0	20	
DUAL9_BUSY_RED_t4100	DUAL9	BUSY	RED	3	4100	-1	0	20	
DUAL9_BUSY_RED_t4125	DUAL9	BUSY	RED	3	4125	-1	0	20	
DUAL9_BUSY_RED_t4150	DUAL9	BUSY	RED	3	4150	-1	0	20	
DUAL9_BUSY_RED_t4175	DUAL9	BUSY	RED	3	4175	-1	0	20	
DUAL9_BUSY_RED_t4200	DUAL9	BUSY	RED	3	4200	-1	0	20	
DUAL9_BUSY_RED_t4225	DUAL9	BUSY	RED	3	4225	-1	0	20	
DUAL9_BUSY_RED_t4250	DUAL9	BUSY	RED	3	4250	-1	0	20	
DUAL9_BUSY_RED_t4275	DUAL9	BUSY	RED	3	4275	-1	0	20	
DUAL9_BUSY_RED_t4300	DUAL9	BUSY	RED	3	4300	-1	0	20	
DUAL9_BUSY_RED_t4325	DUAL9	BUSY	RED	3	4325	-1	0	20	
DUAL9_BUSY_RED_t4350	DUAL9	BUSY	RED	3	4350	-1	0	20	
DUAL9_BUSY_RED_t4375	DUAL9	BUSY	RED	3	4375	-1	0	20	
DUAL9_BUSY_RED_t4400	DUAL9	BUSY	RED	3	4400	-1	0	20	
DUAL9_BUSY_RED_t4425	DUAL9	BUSY	RED	3	4425	-1	0	20	
DUAL9_BUSY_RED_t4450	DUAL9	BUSY	RED	3	4450	-1	0	20	
DUAL9_BUSY_RED_t4475	DUAL9	BUSY	RED	3	4475	-1	0	20	
DUAL9_BUSY_RED_t4499	DUAL9	BUSY	RED	3	4499	-1	0	20	
DUAL9_BUSY_RED_t4500	DUAL9	BUSY	RED	3	4500	-1	0	20	
DUAL9_BUSY_RED_t4501	DUAL9	BUSY	RED	3	4501	-1	0	20	
DUAL9_BUSY_RED_t4502	DUAL9	BUSY	RED	3	4502	-1	0	20	
DUAL9_BUSY_RED_t4503	DUAL9	BUSY	RED	3	4503	-1	0	20	
DUAL9_BUSY_RED_t4525	DUAL9	BUSY	RED	3	4525	-1	0	20	
DUAL9_BUSY_RED_t4550	DUAL9	BUSY	RED	3	4550	-1	0	20	
DUAL9_BUSY_RED_t4575	DUAL9	BUSY	RED	3	4575	-1	0	20	
DUAL9_BUSY_RED_t4600	DUAL9	BUSY	RED	3	4600	-1	0	20	
DUAL9_BUSY_RED_t4625	DUAL9	BUSY	RED	3	4625	-1	0	20	
DUAL9_BUSY_RED_t4650	DUAL9	BUSY	RED	3	4650	-1	0	20	
DUAL9_BUSY_RED_t4675	DUAL9	BUSY	RED	3	4675	-1	0	20	
DUAL9_BUSY_RED_t4700	DUAL9	BUSY	RED	3	4700	-1	0	20	
DUAL9_BUSY_RED_t4725	DUAL9	BUSY	RED	3	4725	-1	0	20	
DUAL9_BUSY_RED_t4750	DUAL9	BUSY	RED	3	4750	-1	0	20	
DUAL9_BUSY_RED_t4760	DUAL9	BUSY	RED	3	4760	-1	0	20	
DUAL9_BUSY_RED_t4775	DUAL9	BUSY	RED	3	4775	-1	0	20	
DUAL9_BUSY_RED_t4800	DUAL9	BUSY	RED	3	4800	-1	0	20	
DUAL9_BUSY_RED_t4808	DUAL9	BUSY	RED	3	4808	-1	0	20	
DUAL9_BUSY_RED_t4809	DUAL9	BUSY	RED	3	4809	-1	0	20	
DUAL9_BUSY_RED_t4810	DUAL9	BUSY	RED	3	4810	-1	0	20	
DUAL9_BUSY_RED_t4811	DUAL9	BUSY	RED	3	4811	-1	0	20	
DUAL9_BUSY_RED_t4812	DUAL9	BUSY	RED	3	4812	-1	0	20	
DUAL9_BUSY_RED_t4825	DUAL9	BUSY	RED	3	4825	-1	0	20	
DUAL9_BUSY_RED_t4850	DUAL9	BUSY	RED	3	4850	-1	0	20	
DUAL9_BUSY_RED_t4875	DUAL9	BUSY	RED	3	4875	-1	0	20	
DUAL9_BUSY_RED_t4900	DUAL9	BUSY	RED	3	4900	-1	0	20	
DUAL9_BUSY_RED_t4925	DUAL9	BUSY	RED	3	4925	-1	0	20	
DUAL9_BUSY_RED_t4950	DUAL9	BUSY	RED	3	4950	-1	0	20	
DUAL9_BUSY_RED_t4975	DUAL9	BUSY	RED	3	4975	-1	0	20	
DUAL9_BUSY_RED_t4999	DUAL9	BUSY	RED	3	4999	-1	0	20	
DUAL9_BUSY_RED_t5000	DUAL9	BUSY	RED	4	0	-1	0	20	
DUAL9_BUSY_RED_t5001	DUAL9	BUSY	RED	4	1	-1	0	20	
DUAL9_BUSY_IR_t0	DUAL9	BUSY	IR	3	0	-1	0	20	
DUAL9_BUSY_IR_t1	DUAL9	BUSY	IR	3	1	-1	0	20	
DUAL9_BUSY_IR_t2	DUAL9	BUSY	IR	3	2	-1	0	20	
DUAL9_BUSY_IR_t25	DUAL9	BUSY	IR	3	25	-1	0	20	
DUAL9_BUSY_IR_t50	DUAL9	BUSY	IR	3	50	-1	0	20	
DUAL9_BUSY_IR_t75	DUAL9	BUSY	IR	3	75	-1	0	20	
DUAL9_BUSY_IR_t100	DUAL9	BUSY	IR	3	100	-1	0	20	
DUAL9_BUSY_IR_t125	DUAL9	BUSY	IR	3	125	-1	0	20	
DUAL9_BUSY_IR_t150	DUAL9	BUSY	IR	3	150	-1	0	20	
DUAL9_BUSY_IR_t160	DUAL9	BUSY	IR	3	160	-1	0	20	
DUAL9_BUSY_IR_t161	DUAL9	BUSY	IR	3	161	-1	0	20	
DUAL9_BUSY_IR_t162	DUAL9	BUSY	IR	3	162	-1	0	20	
DUAL9_BUSY_IR_t175	DUAL9	BUSY	IR	3	175	-1	0	20	
DUAL9_BUSY_IR_t200	DUAL9	BUSY	IR	3	200	-1	0	20	
DUAL9_BUSY_IR_t225	DUAL9	BUSY	IR	3	225	-1	0	20	
DUAL9_BUSY_IR_t248	DUAL9	BUSY	IR	3	248	-1	0	20	
DUAL9_BUSY_IR_t249	DUAL9	BUSY	IR	3	249	-1	0	20	
DUAL9_BUSY_IR_t250	DUAL9	BUSY	IR	3	250	-1	0	20	
DUAL9_BUSY_IR_t266	DUAL9	BUSY	IR	3	266	-1	0	20	
DUAL9_BUSY_IR_t275	DUAL9	BUSY	IR	3	275	-1	0	20	
DUAL9_BUSY_IR_t283	DUAL9	BUSY	IR	3	283	-1	0	20	
DUAL9_BUSY_IR_t284	DUAL9	BUSY	IR	3	284	-1	0	20	
DUAL9_BUSY_IR_t285	DUAL9	BUSY	IR	3	285	-1	0	20	
DUAL9_BUSY_IR_t300	DUAL9	BUSY	IR	3	300	-1	0	20	
DUAL9_BUSY_IR_t309	DUAL9	BUSY	IR	3	309	-1	0	20	
DUAL9_BUSY_IR_t310	DUAL9	BUSY	IR	3	310	-1	0	20	
DUAL9_BUSY_IR_t311	DUAL9	BUSY	IR	3	311	-1	0	20	
DUAL9_BUSY_IR_t325	DUAL9	BUSY	IR	3	325	-1	0	20	
DUAL9_BUSY_IR_t350	DUAL9	BUSY	IR	3	350	-1	0	20	
DUAL9_BUSY_IR_t375	DUAL9	BUSY	IR	3	375	-1	0	20	
DUAL9_BUSY_IR_t385	DUAL9	BUSY	IR	3	385	-1	0	20	
DUAL9_BUSY_IR_t400	DUAL9	BUSY	IR	3	400	-1	0	20	
DUAL9_BUSY_IR_t425	DUAL9	BUSY	IR	3	425	-1	0	20	
DUAL9_BUSY_IR_t443	DUAL9	BUSY	IR	3	443	-1	0	20	
DUAL9_BUSY_IR_t444	DUAL9	BUSY	IR	3	444	-1	0	20	
DUAL9_BUSY_IR_t445	DUAL9	BUSY	IR	3	445	-1	0	20	
DUAL9_BUSY_IR_t450	DUAL9	BUSY	IR	3	450	-1	0	20	
DUAL9_BUSY_IR_t475	DUAL9	BUSY	IR	3	475	-1	0	20	
DUAL9_BUSY_IR_t477	DUAL9	BUSY	IR	3	477	-1	0	20	
DUAL9_BUSY_IR_t478	DUAL9	BUSY	IR	3	478	-1	0	20	
DUAL9_BUSY_IR_t479	DUAL9	BUSY	IR	3	479	-1	0	20	
DUAL9_BUSY_IR_t500	DUAL9	BUSY	IR	3	500	-1	0	20	
DUAL9_BUSY_IR_t525	DUAL9	BUSY	IR	3	525	-1	0	20	
DUAL9_BUSY_IR_t550	DUAL9	BUSY	IR	3	550	-1	0	20	
DUAL9_BUSY_IR_t575	DUAL9	BUSY	IR	3	575	-1	0	20	
DUAL9_BUSY_IR_t600	DUAL9	BUSY	IR	3	600	-1	0	20	
DUAL9_BUSY_IR_t625	DUAL9	BUSY	IR	3	625	-1	0	20	
DUAL9_BUSY_IR_t650	DUAL9	BUSY	IR	3	650	-1	0	20	
DUAL9_BUSY_IR_t675	DUAL9	BUSY	IR	3	675	-1	0	20	
DUAL9_BUSY_IR_t700	DUAL9	BUSY	IR	3	700	-1	0	20	
DUAL9_BUSY_IR_t725	DUAL9	BUSY	IR	3	725	-1	0	20	
DUAL9_BUSY_IR_t750	DUAL9	BUSY	IR	3	750	-1	0	20	
DUAL9_BUSY_IR_t775	DUAL9	BUSY	IR	3	775	-1	0	20	
DUAL9_BUSY_IR_t800	DUAL9	BUSY	IR	3	800	-1	0	20	
DUAL9_BUSY_IR_t825	DUAL9	BUSY	IR	3	825	-1	0	20	
DUAL9_BUSY_IR_t850	DUAL9	BUSY	IR	3	850	-1	0	20	
DUAL9_BUSY_IR_t875	DUAL9	BUSY	IR	3	875	-1	0	20	
DUAL9_BUSY_IR_t900	DUAL9	BUSY	IR	3	900	-1	0	20	
DUAL9_BUSY_IR_t925	DUAL9	BUSY	IR	3	925	-1	0	20	
DUAL9_BUSY_IR_t950	DUAL9	BUSY	IR	3	950	-1	0	20	
DUAL9_BUSY_IR_t975	DUAL9	BUSY	IR	3	975	-1	0	20	
DUAL9_BUSY_IR_t1000	DUAL9	BUSY	IR	3	1000	-1	0	20	
DUAL9_BUSY_IR_t1025	DUAL9	BUSY	IR	3	1025	-1	0	20	
DUAL9_BUSY_IR_t1050	DUAL9	BUSY	IR	3	1050	-1	0	20	
DUAL9_BUSY_IR_t1075	DUAL9	BUSY	IR	3	1075	-1	0	20	
DUAL9_BUSY_IR_t1100	DUAL9	BUSY	IR	3	1100	-1	0	20	
DUAL9_BUSY_IR_t1125	DUAL9	BUSY	IR	3	1125	-1	0	20	
DUAL9_BUSY_IR_t1150	DUAL9	BUSY	IR	3	1150	-1	0	20	
DUAL9_BUSY_IR_t1175	DUAL9	BUSY	IR	3	1175	-1	0	20	
DUAL9_BUSY_IR_t1200	DUAL9	BUSY	IR	3	1200	-1	0	20	
DUAL9_BUSY_IR_t1225	DUAL9	BUSY	IR	3	1225	-1	0	20	
DUAL9_BUSY_IR_t1250	DUAL9	BUSY	IR	3	1250	-1	0	20	
DUAL9_BUSY_IR_t1275	DUAL9	BUSY	IR	3	1275	-1	0	20	
DUAL9_BUSY_IR_t1300	DUAL9	BUSY	IR	3	1300	-1	0	20	
DUAL9_BUSY_IR_t1325	DUAL9	BUSY	IR	3	1325	-1	0	20	
DUAL9_BUSY_IR_t1350	DUAL9	BUSY	IR	3	1350	-1	0	20	
DUAL9_BUSY_IR_t1375	DUAL9	BUSY	IR	3	1375	-1	0	20	
DUAL9_BUSY_IR_t1400	DUAL9	BUSY	IR	3	1400	-1	0	20	
DUAL9_BUSY_IR_t1425	DUAL9	BUSY	IR	3	1425	-1	0	20	
DUAL9_BUSY_IR_t1450	DUAL9	BUSY	IR	3	1450	-1	0	20	
DUAL9_BUSY_IR_t1475	DUAL9	BUSY	IR	3	1475	-1	0	20	
DUAL9_BUSY_IR_t1500	DUAL9	BUSY	IR	3	1500	-1	0	20	
DUAL9_BUSY_IR_t1525	DUAL9	BUSY	IR	3	1525	-1	0	20	
DUAL9_BUSY_IR_t1550	DUAL9	BUSY	IR	3	1550	-1	0	20	
DUAL9_BUSY_IR_t1575	DUAL9	BUSY	IR	3	1575	-1	0	20	
DUAL9_BUSY_IR_t1600	DUAL9	BUSY	IR	3	1600	-1	0	20	
DUAL9_BUSY_IR_t1625	DUAL9	BUSY	IR	3	1625	-1	0	20	
DUAL9_BUSY_IR_t1650	DUAL9	BUSY	IR	3	1650	-1	0	20	
DUAL9_BUSY_IR_t1675	DUAL9	BUSY	IR	3	1675	-1	0	20	
DUAL9_BUSY_IR_t1700	DUAL9	BUSY	IR	3	1700	-1	0	20	
DUAL9_BUSY_IR_t1725	DUAL9	BUSY	IR	3	1725	-1	0	20	
DUAL9_BUSY_IR_t1750	DUAL9	BUSY	IR	3	1750	-1	0	20	
DUAL9_BUSY_IR_t1775	DUAL9	BUSY	IR	3	1775	-1	0	20	
DUAL9_BUSY_IR_t1800	DUAL9	BUSY	IR	3	1800	-1	0	20	
DUAL9_BUSY_IR_t1825	DUAL9	BUSY	IR	3	1825	-1	0	20	
DUAL9_BUSY_IR_t1850	DUAL9	BUSY	IR	3	1850	-1	0	20	
DUAL9_BUSY_IR_t1875	DUAL9	BUSY	IR	3	1875	-1	0	20	
DUAL9_BUSY_IR_t1900	DUAL9	BUSY	IR	3	1900	-1	0	20	
DUAL9_BUSY_IR_t1925	DUAL9	BUSY	IR	3	1925	-1	0	20	
DUAL9_BUSY_IR_t1950	DUAL9	BUSY	IR	3	1950	-1	0	20	
DUAL9_BUSY_IR_t1975	DUAL9	BUSY	IR	3	1975	-1	0	20	
DUAL9_BUSY_IR_t2000	DUAL9	BUSY	IR	3	2000	-1	0	20	
DUAL9_BUSY_IR_t2025	DUAL9	BUSY	IR	3	2025	-1	0	20	
DUAL9_BUSY_IR_t2050	DUAL9	BUSY	IR	3	2050	-1	0	20	
DUAL9_BUSY_IR_t2075	DUAL9	BUSY	IR	3	2075	-1	0	20	
DUAL9_BUSY_IR_t2100	DUAL9	BUSY	IR	3	2100	-1	0	20	
DUAL9_BUSY_IR_t2125	DUAL9	BUSY	IR	3	2125	-1	0	20	
DUAL9_BUSY_IR_t2150	DUAL9	BUSY	IR	3	2150	-1	0	20	
DUAL9_BUSY_IR_t2175	DUAL9	BUSY	IR	3	2175	-1	0	20	
DUAL9_BUSY_IR_t2200	DUAL9	BUSY	IR	3	2200	-1	0	20	
DUAL9_BUSY_IR_t2225	DUAL9	BUSY	IR	3	2225	-1	0	20	
DUAL9_BUSY_IR_t2250	DUAL9	BUSY	IR	3	2250	-1	0	20	
DUAL9_BUSY_IR_t2275	DUAL9	BUSY	IR	3	2275	-1	0	20	
DUAL9_BUSY_IR_t2300	DUAL9	BUSY	IR	3	2300	-1	0	20	
DUAL9_BUSY_IR_t2325	DUAL9	BUSY	IR	3	2325	-1	0	20	
DUAL9_BUSY_IR_t2350	DUAL9	BUSY	IR	3	2350	-1	0	20	
DUAL9_BUSY_IR_t2375	DUAL9	BUSY	IR	3	2375	-1	0	20	
DUAL9_BUSY_IR_t2400	DUAL9	BUSY	IR	3	2400	-1	0	20	
DUAL9_BUSY_IR_t2425	DUAL9	BUSY	IR	3	2425	-1	0	20	
DUAL9_BUSY_IR_t2450	DUAL9	BUSY	IR	3	2450	-1	0	20	
DUAL9_BUSY_IR_t2475	DUAL9	BUSY	IR	3	2475	-1	0	20	
DUAL9_BUSY_IR_t2500	DUAL9	BUSY	IR	3	2500	-1	0	20	
DUAL9_BUSY_IR_t2525	DUAL9	BUSY	IR	3	2525	-1	0	20	
DUAL9_BUSY_IR_t2550	DUAL9	BUSY	IR	3	2550	-1	0	20	
DUAL9_BUSY_IR_t2575	DUAL9	BUSY	IR	3	2575	-1	0	20	
DUAL9_BUSY_IR_t2600	DUAL9	BUSY	IR	3	2600	-1	0	20	
DUAL9_BUSY_IR_t2625	DUAL9	BUSY	IR	3	2625	-1	0	20	
DUAL9_BUSY_IR_t2650	DUAL9	BUSY	IR	3	2650	-1	0	20	
DUAL9_BUSY_IR_t2675	DUAL9	BUSY	IR	3	2675	-1	0	20	
DUAL9_BUSY_IR_t2700	DUAL9	BUSY	IR	3	2700	-1	0	20	
DUAL9_BUSY_IR_t2725	DUAL9	BUSY	IR	3	2725	-1	0	20	
DUAL9_BUSY_IR_t2750	DUAL9	BUSY	IR	3	2750	-1	0	20	
DUAL9_BUSY_IR_t2775	DUAL9	BUSY	IR	3	2775	-1	0	20	
DUAL9_BUSY_IR_t2800	DUAL9	BUSY	IR	3	2800	-1	0	20	
DUAL9_BUSY_IR_t2825	DUAL9	BUSY	IR	3	2825	-1	0	20	
DUAL9_BUSY_IR_t2850	DUAL9	BUSY	IR	3	2850	-1	0	20	
DUAL9_BUSY_IR_t2875	DUAL9	BUSY	IR	3	2875	-1	0	20	
DUAL9_BUSY_IR_t2900	DUAL9	BUSY	IR	3	2900	-1	0	20	
DUAL9_BUSY_IR_t2925	DUAL9	BUSY	IR	3	2925	-1	0	20	
DUAL9_BUSY_IR_t2950	DUAL9	BUSY	IR	3	2950	-1	0	20	
DUAL9_BUSY_IR_t2975	DUAL9	BUSY	IR	3	2975	-1	0	20	
DUAL9_BUSY_IR_t3000	DUAL9	BUSY	IR	3	3000	-1	0	20	
DUAL9_BUSY_IR_t3025	DUAL9	BUSY	IR	3	3025	-1	0	20	
DUAL9_BUSY_IR_t3050	DUAL9	BUSY	IR	3	3050	-1	0	20	
DUAL9_BUSY_IR_t3075	DUAL9	BUSY	IR	3	3075	-1	0	20	
DUAL9_BUSY_IR_t3100	DUAL9	BUSY	IR	3	3100	-1	0	20	
DUAL9_BUSY_IR_t3125	DUAL9	BUSY	IR	3	3125	-1	0	20	
DUAL9_BUSY_IR_t3150	DUAL9	BUSY	IR	3	3150	-1	0	20	
DUAL9_BUSY_IR_t3175	DUAL9	BUSY	IR	3	3175	-1	0	20	
DUAL9_BUSY_IR_t3200	DUAL9	BUSY	IR	3	3200	-1	0	20	
DUAL9_BUSY_IR_t3225	DUAL9	BUSY	IR	3	3225	-1	0	20	
DUAL9_BUSY_IR_t3250	DUAL9	BUSY	IR	3	3250	-1	0	20	
DUAL9_BUSY_IR_t3275	DUAL9	BUSY	IR	3	3275	-1	0	20	
DUAL9_BUSY_IR_t3300	DUAL9	BUSY	IR	3	3300	-1	0	20	
DUAL9_BUSY_IR_t3325	DUAL9	BUSY	IR	3	3325	-1	0	20	
DUAL9_BUSY_IR_t3350	DUAL9	BUSY	IR	3	3350	-1	0	20	
DUAL9_BUSY_IR_t3375	DUAL9	BUSY	IR	3	3375	-1	0	20	
DUAL9_BUSY_IR_t3400	DUAL9	BUSY	IR	3	3400	-1	0	20	
DUAL9_BUSY_IR_t3425	DUAL9	BUSY	IR	3	3425	-1	0	20	
DUAL9_BUSY_IR_t3450	DUAL9	BUSY	IR	3	3450	-1	0	20	
DUAL9_BUSY_IR_t3475	DUAL9	BUSY	IR	3	3475	-1	0	20	
DUAL9_BUSY_IR_t3500	DUAL9	BUSY	IR	3	3500	-1	0	20	
DUAL9_BUSY_IR_t3525	DUAL9	BUSY	IR	3	3525	-1	0	20	
DUAL9_BUSY_IR_t3550	DUAL9	BUSY	IR	3	3550	-1	0	20	
DUAL9_BUSY_IR_t3575	DUAL9	BUSY	IR	3	3575	-1	0	20	
DUAL9_BUSY_IR_t3600	DUAL9	BUSY	IR	3	3600	-1	0	20	
DUAL9_BUSY_IR_t3625	DUAL9	BUSY	IR	3	3625	-1	0	20	
DUAL9_BUSY_IR_t3650	DUAL9	BUSY	IR	3	3650	-1	0	20	
DUAL9_BUSY_IR_t3675	DUAL9	BUSY	IR	3	3675	-1	0	20	
DUAL9_BUSY_IR_t3700	DUAL9	BUSY	IR	3	3700	-1	0	20	
DUAL9_BUSY_IR_t3725	DUAL9	BUSY	IR	3	3725	-1	0	20	
DUAL9_BUSY_IR_t3750	DUAL9	BUSY	IR	3	3750	-1	0	20	
DUAL9_BUSY_IR_t3775	DUAL9	BUSY	IR	3	3775	-1	0	20	
DUAL9_BUSY_IR_t3800	DUAL9	BUSY	IR	3	3800	-1	0	20	
DUAL9_BUSY_IR_t3825	DUAL9	BUSY	IR	3	3825	-1	0	20	
DUAL9_BUSY_IR_t3850	DUAL9	BUSY	IR	3	3850	-1	0	20	
DUAL9_BUSY_IR_t3875	DUAL9	BUSY	IR	3	3875	-1	0	20	
DUAL9_BUSY_IR_t3900	DUAL9	BUSY	IR	3	3900	-1	0	20	
DUAL9_BUSY_IR_t3925	DUAL9	BUSY	IR	3	3925	-1	0	20	
DUAL9_BUSY_IR_t3950	DUAL9	BUSY	IR	3	3950	-1	0	20	
DUAL9_BUSY_IR_t3975	DUAL9	BUSY	IR	3	3975	-1	0	20	
DUAL9_BUSY_IR_t4000	DUAL9	BUSY	IR	3	4000	-1	0	20	
DUAL9_BUSY_IR_t4025	DUAL9	BUSY	IR	3	4025	-1	0	20	
DUAL9_BUSY_IR_t4050	DUAL9	BUSY	IR	3	4050	-1	0	20	
DUAL9_BUSY_IR_t4075	DUAL9	BUSY	IR	3	4075	-1	0	20	
DUAL9_BUSY_IR_t4100	DUAL9	BUSY	IR	3	4100	-1	0	20	
DUAL9_BUSY_IR_t4125	DUAL9	BUSY	IR	3	4125	-1	0	20	
DUAL9_BUSY_IR_t4150	DUAL9	BUSY	IR	3	4150	-1	0	20	
DUAL9_BUSY_IR_t4175	DUAL9	BUSY	IR	3	4175	-1	0	20	
DUAL9_BUSY_IR_t4200	DUAL9	BUSY	IR	3	4200	-1	0	20	
DUAL9_BUSY_IR_t4225	DUAL9	BUSY	IR	3	4225	-1	0	20	
DUAL9_BUSY_IR_t4250	DUAL9	BUSY	IR	3	4250	-1	0	20	
DUAL9_BUSY_IR_t4275	DUAL9	BUSY	IR	3	4275	-1	0	20	
DUAL9_BUSY_IR_t4300	DUAL9	BUSY	IR	3	4300	-1	0	20	
DUAL9_BUSY_IR_t4325	DUAL9	BUSY	IR	3	4325	-1	0	20	
DUAL9_BUSY_IR_t4350	DUAL9	BUSY	IR	3	4350	-1	0	20	
DUAL9_BUSY_IR_t4375	DUAL9	BUSY	IR	3	4375	-1	0	20	
DUAL9_BUSY_IR_t4400	DUAL9	BUSY	IR	3	4400	-1	0	20	
DUAL9_BUSY_IR_t4425	DUAL9	BUSY	IR	3	4425	-1	0	20	
DUAL9_BUSY_IR_t4450	DUAL9	BUSY	IR	3	4450	-1	0	20	
DUAL9_BUSY_IR_t4475	DUAL9	BUSY	IR	3	4475	-1	0	20	
DUAL9_BUSY_IR_t4499	DUAL9	BUSY	IR	3	4499	-1	0	20	
DUAL9_BUSY_IR_t4500	DUAL9	BUSY	IR	3	4500	-1	0	20	
DUAL9_BUSY_IR_t4501	DUAL9	BUSY	IR	3	4501	-1	0	20	
DUAL9_BUSY_IR_t4502	DUAL9	BUSY	IR	3	4502	-1	0	20	
DUAL9_BUSY_IR_t4503	DUAL9	BUSY	IR	3	4503	-1	0	20	
DUAL9_BUSY_IR_t4525	DUAL9	BUSY	IR	3	4525	-1	0	20	
DUAL9_BUSY_IR_t4550	DUAL9	BUSY	IR	3	4550	-1	0	20	
DUAL9_BUSY_IR_t4575	DUAL9	BUSY	IR	3	4575	-1	0	20	
DUAL9_BUSY_IR_t4600	DUAL9	BUSY	IR	3	4600	-1	0	20	
DUAL9_BUSY_IR_t4625	DUAL9	BUSY	IR	3	4625	-1	0	20	
DUAL9_BUSY_IR_t4650	DUAL9	BUSY	IR	3	4650	-1	0	20	
DUAL9_BUSY_IR_t4675	DUAL9	BUSY	IR	3	4675	-1	0	20	
DUAL9_BUSY_IR_t4700	DUAL9	BUSY	IR	3	4700	-1	0	20	
DUAL9_BUSY_IR_t4725	DUAL9	BUSY	IR	3	4725	-1	0	20	
DUAL9_BUSY_IR_t4750	DUAL9	BUSY	IR	3	4750	-1	0	20	
DUAL9_BUSY_IR_t4760	DUAL9	BUSY	IR	3	4760	-1	0	20	
DUAL9_BUSY_IR_t4775	DUAL9	BUSY	IR	3	4775	-1	0	20	
DUAL9_BUSY_IR_t4800	DUAL9	BUSY	IR	3	4800	-1	0	20	
DUAL9_BUSY_IR_t4808	DUAL9	BUSY	IR	3	4808	-1	0	20	
DUAL9_BUSY_IR_t4809	DUAL9	BUSY	IR	3	4809	-1	0	20	
DUAL9_BUSY_IR_t4810	DUAL9	BUSY	IR	3	4810	-1	0	20	
DUAL9_BUSY_IR_t4811	DUAL9	BUSY	IR	3	4811	-1	0	20	
DUAL9_BUSY_IR_t4812	DUAL9	BUSY	IR	3	4812	-1	0	20	
DUAL9_BUSY_IR_t4825	DUAL9	BUSY	IR	3	4825	-1	0	20	
DUAL9_BUSY_IR_t4850	DUAL9	BUSY	IR	3	4850	-1	0	20	
DUAL9_BUSY_IR_t4875	DUAL9	BUSY	IR	3	4875	-1	0	20	
DUAL9_BUSY_IR_t4900	DUAL9	BUSY	IR	3	4900	-1	0	20	
DUAL9_BUSY_IR_t4925	DUAL9	BUSY	IR	3	4925	-1	0	20	
DUAL9_BUSY_IR_t4950	DUAL9	BUSY	IR	3	4950	-1	0	20	
DUAL9_BUSY_IR_t4975	DUAL9	BUSY	IR	3	4975	-1	0	20	
DUAL9_BUSY_IR_t4999	DUAL9	BUSY	IR	3	4999	-1	0	20	
DUAL9_BUSY_IR_t5000	DUAL9	BUSY	IR	4	0	-1	0	20	
DUAL9_BUSY_IR_t5001	DUAL9	BUSY	IR	4	1	-1	0	20	
DUAL9_DIAG_CLEAR_ANY_t0	DUAL9	DIAG_CLEAR	ANY	3	0	-1	0	20	
DUAL9_DIAG_CLEAR_ANY_t1	DUAL9	DIAG_CLEAR	ANY	3	1	-1	0	20	
DUAL9_DIAG_CLEAR_ANY_t2	DUAL9	DIAG_CLEAR	ANY	3	2	-1	0	20	
DUAL9_DIAG_CLEAR_ANY_t25	DUAL9	DIAG_CLEAR	ANY	3	25	-1	0	20	
DUAL9_DIAG_CLEAR_ANY_t50	DUAL9	DIAG_CLEAR	ANY	3	50	-1	0	20	
DUAL9_DIAG_CLEAR_ANY_t75	DUAL9	DIAG_CLEAR	ANY	3	75	-1	0	20	
DUAL9_DIAG_CLEAR_ANY_t100	DUAL9	DIAG_CLEAR	ANY	3	100	-1	0	20	
DUAL9_DIAG_CLEAR_ANY_t125	DUAL9	DIAG_CLEAR	ANY	3	125	-1	0	20	
DUAL9_DIAG_CLEAR_ANY_t150	DUAL9	DIAG_CLEAR	ANY	3	150	-1	0	20	
DUAL9_DIAG_CLEAR_ANY_t160	DUAL9	DIAG_CLEAR	ANY	3	160	-1	0	20	
DUAL9_DIAG_CLEAR_ANY_t161	DUAL9	DIAG_CLEAR	ANY	3	161	-1	0	20	
DUAL9_DIAG_CLEAR_ANY_t162	DUAL9	DIAG_CLEAR	ANY	3	162	-1	0	20	
DUAL9_DIAG_CLEAR_ANY_t175	DUAL9	DIAG_CLEAR	ANY	3	175	-1	0	20	
DUAL9_DIAG_CLEAR_ANY_t200	DUAL9	DIAG_CLEAR	ANY	3	200	-1	0	20	
DUAL9_DIAG_CLEAR_ANY_t225	DUAL9	DIAG_CLEAR	ANY	3	225	-1	0	20	
DUAL9_DIAG_CLEAR_ANY_t248	DUAL9	DIAG_CLEAR	ANY	3	248	-1	0	20	
DUAL9_DIAG_CLEAR_ANY_t249	DUAL9	DIAG_CLEAR	ANY	3	249	-1	0	20	
DUAL9_DIAG_CLEAR_ANY_t250	DUAL9	DIAG_CLEAR	ANY	3	250	-1	0	20	
DUAL9_DIAG_CLEAR_ANY_t266	DUAL9	DIAG_CLEAR	ANY	3	266	-1	0	20	
DUAL9_DIAG_CLEAR_ANY_t275	DUAL9	DIAG_CLEAR	ANY	3	275	-1	0	20	
DUAL9_DIAG_CLEAR_ANY_t283	DUAL9	DIAG_CLEAR	ANY	3	283	-1	0	20	
DUAL9_DIAG_CLEAR_ANY_t284	DUAL9	DIAG_CLEAR	ANY	3	284	-1	0	20	
DUAL9_DIAG_CLEAR_ANY_t285	DUAL9	DIAG_CLEAR	ANY	3	285	-1	0	20	
DUAL9_DIAG_CLEAR_ANY_t300	DUAL9	DIAG_CLEAR	ANY	3	300	-1	0	20	
DUAL9_DIAG_CLEAR_ANY_t309	DUAL9	DIAG_CLEAR	ANY	3	309	-1	0	20	
DUAL9_DIAG_CLEAR_ANY_t310	DUAL9	DIAG_CLEAR	ANY	3	310	-1	0	20	
DUAL9_DIAG_CLEAR_ANY_t311	DUAL9	DIAG_CLEAR	ANY	3	311	-1	0	20	
DUAL9_DIAG_CLEAR_ANY_t325	DUAL9	DIAG_CLEAR	ANY	3	325	-1	0	20	
DUAL9_DIAG_CLEAR_ANY_t350	DUAL9	DIAG_CLEAR	ANY	3	350	-1	0	20	
DUAL9_DIAG_CLEAR_ANY_t375	DUAL9	DIAG_CLEAR	ANY	3	375	-1	0	20	
DUAL9_DIAG_CLEAR_ANY_t385	DUAL9	DIAG_CLEAR	ANY	3	385	-1	0	20	
DUAL9_DIAG_CLEAR_ANY_t400	DUAL9	DIAG_CLEAR	ANY	3	400	-1	0	20	
DUAL9_DIAG_CLEAR_ANY_t425	DUAL9	DIAG_CLEAR	ANY	3	425	-1	0	20	
DUAL9_DIAG_CLEAR_ANY_t443	DUAL9	DIAG_CLEAR	ANY	3	443	-1	0	20	
DUAL9_DIAG_CLEAR_ANY_t444	DUAL9	DIAG_CLEAR	ANY	3	444	-1	0	20	
DUAL9_DIAG_CLEAR_ANY_t445	DUAL9	DIAG_CLEAR	ANY	3	445	-1	0	20	
DUAL9_DIAG_CLEAR_ANY_t450	DUAL9	DIAG_CLEAR	ANY	3	450	-1	0	20	
DUAL9_DIAG_CLEAR_ANY_t475	DUAL9	DIAG_CLEAR	ANY	3	475	-1	0	20	
DUAL9_DIAG_CLEAR_ANY_t477	DUAL9	DIAG_CLEAR	ANY	3	477	-1	0	20	
DUAL9_DIAG_CLEAR_ANY_t478	DUAL9	DIAG_CLEAR	ANY	3	478	-1	0	20	
DUAL9_DIAG_CLEAR_ANY_t479	DUAL9	DIAG_CLEAR	ANY	3	479	-1	0	20	
DUAL9_DIAG_CLEAR_ANY_t500	DUAL9	DIAG_CLEAR	ANY	3	500	-1	0	20	
DUAL9_DIAG_CLEAR_ANY_t525	DUAL9	DIAG_CLEAR	ANY	3	525	-1	0	20	
DUAL9_DIAG_CLEAR_ANY_t550	DUAL9	DIAG_CLEAR	ANY	3	550	-1	0	20	
DUAL9_DIAG_CLEAR_ANY_t575	DUAL9	DIAG_CLEAR	ANY	3	575	-1	0	20	
DUAL9_DIAG_CLEAR_ANY_t600	DUAL9	DIAG_CLEAR	ANY	3	600	-1	0	20	
DUAL9_DIAG_CLEAR_ANY_t625	DUAL9	DIAG_CLEAR	ANY	3	625	-1	0	20	
DUAL9_DIAG_CLEAR_ANY_t650	DUAL9	DIAG_CLEAR	ANY	3	650	-1	0	20	
DUAL9_DIAG_CLEAR_ANY_t675	DUAL9	DIAG_CLEAR	ANY	3	675	-1	0	20	
DUAL9_DIAG_CLEAR_ANY_t700	DUAL9	DIAG_CLEAR	ANY	3	700	-1	0	20	
DUAL9_DIAG_CLEAR_ANY_t725	DUAL9	DIAG_CLEAR	ANY	3	725	-1	0	20	
DUAL9_DIAG_CLEAR_ANY_t750	DUAL9	DIAG_CLEAR	ANY	3	750	-1	0	20	
DUAL9_DIAG_CLEAR_ANY_t775	DUAL9	DIAG_CLEAR	ANY	3	775	-1	0	20	
DUAL9_DIAG_CLEAR_ANY_t800	DUAL9	DIAG_CLEAR	ANY	3	800	-1	0	20	
DUAL9_DIAG_CLEAR_ANY_t825	DUAL9	DIAG_CLEAR	ANY	3	825	-1	0	20	
DUAL9_DIAG_CLEAR_ANY_t850	DUAL9	DIAG_CLEAR	ANY	3	850	-1	0	20	
DUAL9_DIAG_CLEAR_ANY_t875	DUAL9	DIAG_CLEAR	ANY	3	875	-1	0	20	
DUAL9_DIAG_CLEAR_ANY_t900	DUAL9	DIAG_CLEAR	ANY	3	900	-1	0	20	
DUAL9_DIAG_CLEAR_ANY_t925	DUAL9	DIAG_CLEAR	ANY	3	925	-1	0	20	
DUAL9_DIAG_CLEAR_ANY_t950	DUAL9	DIAG_CLEAR	ANY	3	950	-1	0	20	
DUAL9_DIAG_CLEAR_ANY_t975	DUAL9	DIAG_CLEAR	ANY	3	975	-1	0	20	
DUAL9_DIAG_CLEAR_ANY_t1000	DUAL9	DIAG_CLEAR	ANY	3	1000	-1	0	20	
DUAL9_DIAG_CLEAR_ANY_t1025	DUAL9	DIAG_CLEAR	ANY	3	1025	-1	0	20	
DUAL9_DIAG_CLEAR_ANY_t1050	DUAL9	DIAG_CLEAR	ANY	3	1050	-1	0	20	
DUAL9_DIAG_CLEAR_ANY_t1075	DUAL9	DIAG_CLEAR	ANY	3	1075	-1	0	20	
DUAL9_DIAG_CLEAR_ANY_t1100	DUAL9	DIAG_CLEAR	ANY	3	1100	-1	0	20	
DUAL9_DIAG_CLEAR_ANY_t1125	DUAL9	DIAG_CLEAR	ANY	3	1125	-1	0	20	
DUAL9_DIAG_CLEAR_ANY_t1150	DUAL9	DIAG_CLEAR	ANY	3	1150	-1	0	20	
DUAL9_DIAG_CLEAR_ANY_t1175	DUAL9	DIAG_CLEAR	ANY	3	1175	-1	0	20	
DUAL9_DIAG_CLEAR_ANY_t1200	DUAL9	DIAG_CLEAR	ANY	3	1200	-1	0	20	
DUAL9_DIAG_CLEAR_ANY_t1225	DUAL9	DIAG_CLEAR	ANY	3	1225	-1	0	20	
DUAL9_DIAG_CLEAR_ANY_t1250	DUAL9	DIAG_CLEAR	ANY	3	1250	-1	0	20	
DUAL9_DIAG_CLEAR_ANY_t1275	DUAL9	DIAG_CLEAR	ANY	3	1275	-1	0	20	
DUAL9_DIAG_CLEAR_ANY_t1300	DUAL9	DIAG_CLEAR	ANY	3	1300	-1	0	20	
DUAL9_DIAG_CLEAR_ANY_t1325	DUAL9	DIAG_CLEAR	ANY	3	1325	-1	0	20	
DUAL9_DIAG_CLEAR_ANY_t1350	DUAL9	DIAG_CLEAR	ANY	3	1350	-1	0	20	
DUAL9_DIAG_CLEAR_ANY_t1375	DUAL9	DIAG_CLEAR	ANY	3	1375	-1	0	20	
DUAL9_DIAG_CLEAR_ANY_t1400	DUAL9	DIAG_CLEAR	ANY	3	1400	-1	0	20	
DUAL9_DIAG_CLEAR_ANY_t1425	DUAL9	DIAG_CLEAR	ANY	3	1425	-1	0	20	
DUAL9_DIAG_CLEAR_ANY_t1450	DUAL9	DIAG_CLEAR	ANY	3	1450	-1	0	20	
DUAL9_DIAG_CLEAR_ANY_t1475	DUAL9	DIAG_CLEAR	ANY	3	1475	-1	0	20	
DUAL9_DIAG_CLEAR_ANY_t1500	DUAL9	DIAG_CLEAR	ANY	3	1500	-1	0	20	
DUAL9_DIAG_CLEAR_ANY_t1525	DUAL9	DIAG_CLEAR	ANY	3	1525	-1	0	20	
DUAL9_DIAG_CLEAR_ANY_t1550	DUAL9	DIAG_CLEAR	ANY	3	1550	-1	0	20	
DUAL9_DIAG_CLEAR_ANY_t1575	DUAL9	DIAG_CLEAR	ANY	3	1575	-1	0	20	
DUAL9_DIAG_CLEAR_ANY_t1600	DUAL9	DIAG_CLEAR	ANY	3	1600	-1	0	20	
DUAL9_DIAG_CLEAR_ANY_t1625	DUAL9	DIAG_CLEAR	ANY	3	1625	-1	0	20	
DUAL9_DIAG_CLEAR_ANY_t1650	DUAL9	DIAG_CLEAR	ANY	3	1650	-1	0	20	
DUAL9_DIAG_CLEAR_ANY_t1675	DUAL9	DIAG_CLEAR	ANY	3	1675	-1	0	20	
DUAL9_DIAG_CLEAR_ANY_t1700	DUAL9	DIAG_CLEAR	ANY	3	1700	-1	0	20	
DUAL9_DIAG_CLEAR_ANY_t1725	DUAL9	DIAG_CLEAR	ANY	3	1725	-1	0	20	
DUAL9_DIAG_CLEAR_ANY_t1750	DUAL9	DIAG_CLEAR	ANY	3	1750	-1	0	20	
DUAL9_DIAG_CLEAR_ANY_t1775	DUAL9	DIAG_CLEAR	ANY	3	1775	-1	0	20	
DUAL9_DIAG_CLEAR_ANY_t1800	DUAL9	DIAG_CLEAR	ANY	3	1800	-1	0	20	
DUAL9_DIAG_CLEAR_ANY_t1825	DUAL9	DIAG_CLEAR	ANY	3	1825	-1	0	20	
DUAL9_DIAG_CLEAR_ANY_t1850	DUAL9	DIAG_CLEAR	ANY	3	1850	-1	0	20	
DUAL9_DIAG_CLEAR_ANY_t1875	DUAL9	DIAG_CLEAR	ANY	3	1875	-1	0	20	
DUAL9_DIAG_CLEAR_ANY_t1900	DUAL9	DIAG_CLEAR	ANY	3	1900	-1	0	20	
DUAL9_DIAG_CLEAR_ANY_t1925	DUAL9	DIAG_CLEAR	ANY	3	1925	-1	0	20	
DUAL9_DIAG_CLEAR_ANY_t1950	DUAL9	DIAG_CLEAR	ANY	3	1950	-1	0	20	
DUAL9_DIAG_CLEAR_ANY_t1975	DUAL9	DIAG_CLEAR	ANY	3	1975	-1	0	20	
DUAL9_DIAG_CLEAR_ANY_t2000	DUAL9	DIAG_CLEAR	ANY	3	2000	-1	0	20	
DUAL9_DIAG_CLEAR_ANY_t2025	DUAL9	DIAG_CLEAR	ANY	3	2025	-1	0	20	
DUAL9_DIAG_CLEAR_ANY_t2050	DUAL9	DIAG_CLEAR	ANY	3	2050	-1	0	20	
DUAL9_DIAG_CLEAR_ANY_t2075	DUAL9	DIAG_CLEAR	ANY	3	2075	-1	0	20	
DUAL9_DIAG_CLEAR_ANY_t2100	DUAL9	DIAG_CLEAR	ANY	3	2100	-1	0	20	
DUAL9_DIAG_CLEAR_ANY_t2125	DUAL9	DIAG_CLEAR	ANY	3	2125	-1	0	20	
DUAL9_DIAG_CLEAR_ANY_t2150	DUAL9	DIAG_CLEAR	ANY	3	2150	-1	0	20	
DUAL9_DIAG_CLEAR_ANY_t2175	DUAL9	DIAG_CLEAR	ANY	3	2175	-1	0	20	
DUAL9_DIAG_CLEAR_ANY_t2200	DUAL9	DIAG_CLEAR	ANY	3	2200	-1	0	20	
DUAL9_DIAG_CLEAR_ANY_t2225	DUAL9	DIAG_CLEAR	ANY	3	2225	-1	0	20	
DUAL9_DIAG_CLEAR_ANY_t2250	DUAL9	DIAG_CLEAR	ANY	3	2250	-1	0	20	
DUAL9_DIAG_CLEAR_ANY_t2275	DUAL9	DIAG_CLEAR	ANY	3	2275	-1	0	20	
DUAL9_DIAG_CLEAR_ANY_t2300	DUAL9	DIAG_CLEAR	ANY	3	2300	-1	0	20	
DUAL9_DIAG_CLEAR_ANY_t2325	DUAL9	DIAG_CLEAR	ANY	3	2325	-1	0	20	
DUAL9_DIAG_CLEAR_ANY_t2350	DUAL9	DIAG_CLEAR	ANY	3	2350	-1	0	20	
DUAL9_DIAG_CLEAR_ANY_t2375	DUAL9	DIAG_CLEAR	ANY	3	2375	-1	0	20	
DUAL9_DIAG_CLEAR_ANY_t2400	DUAL9	DIAG_CLEAR	ANY	3	2400	-1	0	20	
DUAL9_DIAG_CLEAR_ANY_t2425	DUAL9	DIAG_CLEAR	ANY	3	2425	-1	0	20	
DUAL9_DIAG_CLEAR_ANY_t2450	DUAL9	DIAG_CLEAR	ANY	3	2450	-1	0	20	
DUAL9_DIAG_CLEAR_ANY_t2475	DUAL9	DIAG_CLEAR	ANY	3	2475	-1	0	20	
DUAL9_DIAG_CLEAR_ANY_t2500	DUAL9	DIAG_CLEAR	ANY	3	2500	-1	0	20	
DUAL9_DIAG_CLEAR_ANY_t2525	DUAL9	DIAG_CLEAR	ANY	3	2525	-1	0	20	
DUAL9_DIAG_CLEAR_ANY_t2550	DUAL9	DIAG_CLEAR	ANY	3	2550	-1	0	20	
DUAL9_DIAG_CLEAR_ANY_t2575	DUAL9	DIAG_CLEAR	ANY	3	2575	-1	0	20	
DUAL9_DIAG_CLEAR_ANY_t2600	DUAL9	DIAG_CLEAR	ANY	3	2600	-1	0	20	
DUAL9_DIAG_CLEAR_ANY_t2625	DUAL9	DIAG_CLEAR	ANY	3	2625	-1	0	20	
DUAL9_DIAG_CLEAR_ANY_t2650	DUAL9	DIAG_CLEAR	ANY	3	2650	-1	0	20	
DUAL9_DIAG_CLEAR_ANY_t2675	DUAL9	DIAG_CLEAR	ANY	3	2675	-1	0	20	
DUAL9_DIAG_CLEAR_ANY_t2700	DUAL9	DIAG_CLEAR	ANY	3	2700	-1	0	20	
DUAL9_DIAG_CLEAR_ANY_t2725	DUAL9	DIAG_CLEAR	ANY	3	2725	-1	0	20	
DUAL9_DIAG_CLEAR_ANY_t2750	DUAL9	DIAG_CLEAR	ANY	3	2750	-1	0	20	
DUAL9_DIAG_CLEAR_ANY_t2775	DUAL9	DIAG_CLEAR	ANY	3	2775	-1	0	20	
DUAL9_DIAG_CLEAR_ANY_t2800	DUAL9	DIAG_CLEAR	ANY	3	2800	-1	0	20	
DUAL9_DIAG_CLEAR_ANY_t2825	DUAL9	DIAG_CLEAR	ANY	3	2825	-1	0	20	
DUAL9_DIAG_CLEAR_ANY_t2850	DUAL9	DIAG_CLEAR	ANY	3	2850	-1	0	20	
DUAL9_DIAG_CLEAR_ANY_t2875	DUAL9	DIAG_CLEAR	ANY	3	2875	-1	0	20	
DUAL9_DIAG_CLEAR_ANY_t2900	DUAL9	DIAG_CLEAR	ANY	3	2900	-1	0	20	
DUAL9_DIAG_CLEAR_ANY_t2925	DUAL9	DIAG_CLEAR	ANY	3	2925	-1	0	20	
DUAL9_DIAG_CLEAR_ANY_t2950	DUAL9	DIAG_CLEAR	ANY	3	2950	-1	0	20	
DUAL9_DIAG_CLEAR_ANY_t2975	DUAL9	DIAG_CLEAR	ANY	3	2975	-1	0	20	
DUAL9_DIAG_CLEAR_ANY_t3000	DUAL9	DIAG_CLEAR	ANY	3	3000	-1	0	20	
DUAL9_DIAG_CLEAR_ANY_t3025	DUAL9	DIAG_CLEAR	ANY	3	3025	-1	0	20	
DUAL9_DIAG_CLEAR_ANY_t3050	DUAL9	DIAG_CLEAR	ANY	3	3050	-1	0	20	
DUAL9_DIAG_CLEAR_ANY_t3075	DUAL9	DIAG_CLEAR	ANY	3	3075	-1	0	20	
DUAL9_DIAG_CLEAR_ANY_t3100	DUAL9	DIAG_CLEAR	ANY	3	3100	-1	0	20	
DUAL9_DIAG_CLEAR_ANY_t3125	DUAL9	DIAG_CLEAR	ANY	3	3125	-1	0	20	
DUAL9_DIAG_CLEAR_ANY_t3150	DUAL9	DIAG_CLEAR	ANY	3	3150	-1	0	20	
DUAL9_DIAG_CLEAR_ANY_t3175	DUAL9	DIAG_CLEAR	ANY	3	3175	-1	0	20	
DUAL9_DIAG_CLEAR_ANY_t3200	DUAL9	DIAG_CLEAR	ANY	3	3200	-1	0	20	
DUAL9_DIAG_CLEAR_ANY_t3225	DUAL9	DIAG_CLEAR	ANY	3	3225	-1	0	20	
DUAL9_DIAG_CLEAR_ANY_t3250	DUAL9	DIAG_CLEAR	ANY	3	3250	-1	0	20	
DUAL9_DIAG_CLEAR_ANY_t3275	DUAL9	DIAG_CLEAR	ANY	3	3275	-1	0	20	
DUAL9_DIAG_CLEAR_ANY_t3300	DUAL9	DIAG_CLEAR	ANY	3	3300	-1	0	20	
DUAL9_DIAG_CLEAR_ANY_t3325	DUAL9	DIAG_CLEAR	ANY	3	3325	-1	0	20	
DUAL9_DIAG_CLEAR_ANY_t3350	DUAL9	DIAG_CLEAR	ANY	3	3350	-1	0	20	
DUAL9_DIAG_CLEAR_ANY_t3375	DUAL9	DIAG_CLEAR	ANY	3	3375	-1	0	20	
DUAL9_DIAG_CLEAR_ANY_t3400	DUAL9	DIAG_CLEAR	ANY	3	3400	-1	0	20	
DUAL9_DIAG_CLEAR_ANY_t3425	DUAL9	DIAG_CLEAR	ANY	3	3425	-1	0	20	
DUAL9_DIAG_CLEAR_ANY_t3450	DUAL9	DIAG_CLEAR	ANY	3	3450	-1	0	20	
DUAL9_DIAG_CLEAR_ANY_t3475	DUAL9	DIAG_CLEAR	ANY	3	3475	-1	0	20	
DUAL9_DIAG_CLEAR_ANY_t3500	DUAL9	DIAG_CLEAR	ANY	3	3500	-1	0	20	
DUAL9_DIAG_CLEAR_ANY_t3525	DUAL9	DIAG_CLEAR	ANY	3	3525	-1	0	20	
DUAL9_DIAG_CLEAR_ANY_t3550	DUAL9	DIAG_CLEAR	ANY	3	3550	-1	0	20	
DUAL9_DIAG_CLEAR_ANY_t3575	DUAL9	DIAG_CLEAR	ANY	3	3575	-1	0	20	
DUAL9_DIAG_CLEAR_ANY_t3600	DUAL9	DIAG_CLEAR	ANY	3	3600	-1	0	20	
DUAL9_DIAG_CLEAR_ANY_t3625	DUAL9	DIAG_CLEAR	ANY	3	3625	-1	0	20	
DUAL9_DIAG_CLEAR_ANY_t3650	DUAL9	DIAG_CLEAR	ANY	3	3650	-1	0	20	
DUAL9_DIAG_CLEAR_ANY_t3675	DUAL9	DIAG_CLEAR	ANY	3	3675	-1	0	20	
DUAL9_DIAG_CLEAR_ANY_t3700	DUAL9	DIAG_CLEAR	ANY	3	3700	-1	0	20	
DUAL9_DIAG_CLEAR_ANY_t3725	DUAL9	DIAG_CLEAR	ANY	3	3725	-1	0	20	
DUAL9_DIAG_CLEAR_ANY_t3750	DUAL9	DIAG_CLEAR	ANY	3	3750	-1	0	20	
DUAL9_DIAG_CLEAR_ANY_t3775	DUAL9	DIAG_CLEAR	ANY	3	3775	-1	0	20	
DUAL9_DIAG_CLEAR_ANY_t3800	DUAL9	DIAG_CLEAR	ANY	3	3800	-1	0	20	
DUAL9_DIAG_CLEAR_ANY_t3825	DUAL9	DIAG_CLEAR	ANY	3	3825	-1	0	20	
DUAL9_DIAG_CLEAR_ANY_t3850	DUAL9	DIAG_CLEAR	ANY	3	3850	-1	0	20	
DUAL9_DIAG_CLEAR_ANY_t3875	DUAL9	DIAG_CLEAR	ANY	3	3875	-1	0	20	
DUAL9_DIAG_CLEAR_ANY_t3900	DUAL9	DIAG_CLEAR	ANY	3	3900	-1	0	20	
DUAL9_DIAG_CLEAR_ANY_t3925	DUAL9	DIAG_CLEAR	ANY	3	3925	-1	0	20	
DUAL9_DIAG_CLEAR_ANY_t3950	DUAL9	DIAG_CLEAR	ANY	3	3950	-1	0	20	
DUAL9_DIAG_CLEAR_ANY_t3975	DUAL9	DIAG_CLEAR	ANY	3	3975	-1	0	20	
DUAL9_DIAG_CLEAR_ANY_t4000	DUAL9	DIAG_CLEAR	ANY	3	4000	-1	0	20	
DUAL9_DIAG_CLEAR_ANY_t4025	DUAL9	DIAG_CLEAR	ANY	3	4025	-1	0	20	
DUAL9_DIAG_CLEAR_ANY_t4050	DUAL9	DIAG_CLEAR	ANY	3	4050	-1	0	20	
DUAL9_DIAG_CLEAR_ANY_t4075	DUAL9	DIAG_CLEAR	ANY	3	4075	-1	0	20	
DUAL9_DIAG_CLEAR_ANY_t4100	DUAL9	DIAG_CLEAR	ANY	3	4100	-1	0	20	
DUAL9_DIAG_CLEAR_ANY_t4125	DUAL9	DIAG_CLEAR	ANY	3	4125	-1	0	20	
DUAL9_DIAG_CLEAR_ANY_t4150	DUAL9	DIAG_CLEAR	ANY	3	4150	-1	0	20	
DUAL9_DIAG_CLEAR_ANY_t4175	DUAL9	DIAG_CLEAR	ANY	3	4175	-1	0	20	
DUAL9_DIAG_CLEAR_ANY_t4200	DUAL9	DIAG_CLEAR	ANY	3	4200	-1	0	20	
DUAL9_DIAG_CLEAR_ANY_t4225	DUAL9	DIAG_CLEAR	ANY	3	4225	-1	0	20	
DUAL9_DIAG_CLEAR_ANY_t4250	DUAL9	DIAG_CLEAR	ANY	3	4250	-1	0	20	
DUAL9_DIAG_CLEAR_ANY_t4275	DUAL9	DIAG_CLEAR	ANY	3	4275	-1	0	20	
DUAL9_DIAG_CLEAR_ANY_t4300	DUAL9	DIAG_CLEAR	ANY	3	4300	-1	0	20	
DUAL9_DIAG_CLEAR_ANY_t4325	DUAL9	DIAG_CLEAR	ANY	3	4325	-1	0	20	
DUAL9_DIAG_CLEAR_ANY_t4350	DUAL9	DIAG_CLEAR	ANY	3	4350	-1	0	20	
DUAL9_DIAG_CLEAR_ANY_t4375	DUAL9	DIAG_CLEAR	ANY	3	4375	-1	0	20	
DUAL9_DIAG_CLEAR_ANY_t4400	DUAL9	DIAG_CLEAR	ANY	3	4400	-1	0	20	
DUAL9_DIAG_CLEAR_ANY_t4425	DUAL9	DIAG_CLEAR	ANY	3	4425	-1	0	20	
DUAL9_DIAG_CLEAR_ANY_t4450	DUAL9	DIAG_CLEAR	ANY	3	4450	-1	0	20	
DUAL9_DIAG_CLEAR_ANY_t4475	DUAL9	DIAG_CLEAR	ANY	3	4475	-1	0	20	
DUAL9_DIAG_CLEAR_ANY_t4499	DUAL9	DIAG_CLEAR	ANY	3	4499	-1	0	20	
DUAL9_DIAG_CLEAR_ANY_t4500	DUAL9	DIAG_CLEAR	ANY	3	4500	-1	0	20	
DUAL9_DIAG_CLEAR_ANY_t4501	DUAL9	DIAG_CLEAR	ANY	3	4501	-1	0	20	
DUAL9_DIAG_CLEAR_ANY_t4502	DUAL9	DIAG_CLEAR	ANY	3	4502	-1	0	20	
DUAL9_DIAG_CLEAR_ANY_t4503	DUAL9	DIAG_CLEAR	ANY	3	4503	-1	0	20	
DUAL9_DIAG_CLEAR_ANY_t4525	DUAL9	DIAG_CLEAR	ANY	3	4525	-1	0	20	
DUAL9_DIAG_CLEAR_ANY_t4550	DUAL9	DIAG_CLEAR	ANY	3	4550	-1	0	20	
DUAL9_DIAG_CLEAR_ANY_t4575	DUAL9	DIAG_CLEAR	ANY	3	4575	-1	0	20	
DUAL9_DIAG_CLEAR_ANY_t4600	DUAL9	DIAG_CLEAR	ANY	3	4600	-1	0	20	
DUAL9_DIAG_CLEAR_ANY_t4625	DUAL9	DIAG_CLEAR	ANY	3	4625	-1	0	20	
DUAL9_DIAG_CLEAR_ANY_t4650	DUAL9	DIAG_CLEAR	ANY	3	4650	-1	0	20	
DUAL9_DIAG_CLEAR_ANY_t4675	DUAL9	DIAG_CLEAR	ANY	3	4675	-1	0	20	
DUAL9_DIAG_CLEAR_ANY_t4700	DUAL9	DIAG_CLEAR	ANY	3	4700	-1	0	20	
DUAL9_DIAG_CLEAR_ANY_t4725	DUAL9	DIAG_CLEAR	ANY	3	4725	-1	0	20	
DUAL9_DIAG_CLEAR_ANY_t4750	DUAL9	DIAG_CLEAR	ANY	3	4750	-1	0	20	
DUAL9_DIAG_CLEAR_ANY_t4760	DUAL9	DIAG_CLEAR	ANY	3	4760	-1	0	20	
DUAL9_DIAG_CLEAR_ANY_t4775	DUAL9	DIAG_CLEAR	ANY	3	4775	-1	0	20	
DUAL9_DIAG_CLEAR_ANY_t4800	DUAL9	DIAG_CLEAR	ANY	3	4800	-1	0	20	
DUAL9_DIAG_CLEAR_ANY_t4808	DUAL9	DIAG_CLEAR	ANY	3	4808	-1	0	20	
DUAL9_DIAG_CLEAR_ANY_t4809	DUAL9	DIAG_CLEAR	ANY	3	4809	-1	0	20	
DUAL9_DIAG_CLEAR_ANY_t4810	DUAL9	DIAG_CLEAR	ANY	3	4810	-1	0	20	
DUAL9_DIAG_CLEAR_ANY_t4811	DUAL9	DIAG_CLEAR	ANY	3	4811	-1	0	20	
DUAL9_DIAG_CLEAR_ANY_t4812	DUAL9	DIAG_CLEAR	ANY	3	4812	-1	0	20	
DUAL9_DIAG_CLEAR_ANY_t4825	DUAL9	DIAG_CLEAR	ANY	3	4825	-1	0	20	
DUAL9_DIAG_CLEAR_ANY_t4850	DUAL9	DIAG_CLEAR	ANY	3	4850	-1	0	20	
DUAL9_DIAG_CLEAR_ANY_t4875	DUAL9	DIAG_CLEAR	ANY	3	4875	-1	0	20	
DUAL9_DIAG_CLEAR_ANY_t4900	DUAL9	DIAG_CLEAR	ANY	3	4900	-1	0	20	
DUAL9_DIAG_CLEAR_ANY_t4925	DUAL9	DIAG_CLEAR	ANY	3	4925	-1	0	20	
DUAL9_DIAG_CLEAR_ANY_t4950	DUAL9	DIAG_CLEAR	ANY	3	4950	-1	0	20	
DUAL9_DIAG_CLEAR_ANY_t4975	DUAL9	DIAG_CLEAR	ANY	3	4975	-1	0	20	
DUAL9_DIAG_CLEAR_ANY_t4999	DUAL9	DIAG_CLEAR	ANY	3	4999	-1	0	20	
DUAL9_DIAG_CLEAR_ANY_t5000	DUAL9	DIAG_CLEAR	ANY	4	0	-1	0	20	
DUAL9_DIAG_CLEAR_ANY_t5001	DUAL9	DIAG_CLEAR	ANY	4	1	-1	0	20	
DUAL9_COMMIT_ANY_t0	DUAL9	COMMIT	ANY	3	0	-1	0	20	
DUAL9_COMMIT_ANY_t1	DUAL9	COMMIT	ANY	3	1	-1	0	20	
DUAL9_COMMIT_ANY_t2	DUAL9	COMMIT	ANY	3	2	-1	0	20	
DUAL9_COMMIT_ANY_t25	DUAL9	COMMIT	ANY	3	25	-1	0	20	
DUAL9_COMMIT_ANY_t50	DUAL9	COMMIT	ANY	3	50	-1	0	20	
DUAL9_COMMIT_ANY_t75	DUAL9	COMMIT	ANY	3	75	-1	0	20	
DUAL9_COMMIT_ANY_t100	DUAL9	COMMIT	ANY	3	100	-1	0	20	
DUAL9_COMMIT_ANY_t125	DUAL9	COMMIT	ANY	3	125	-1	0	20	
DUAL9_COMMIT_ANY_t150	DUAL9	COMMIT	ANY	3	150	-1	0	20	
DUAL9_COMMIT_ANY_t160	DUAL9	COMMIT	ANY	3	160	-1	0	20	
DUAL9_COMMIT_ANY_t161	DUAL9	COMMIT	ANY	3	161	-1	0	20	
DUAL9_COMMIT_ANY_t162	DUAL9	COMMIT	ANY	3	162	-1	0	20	
DUAL9_COMMIT_ANY_t175	DUAL9	COMMIT	ANY	3	175	-1	0	20	
DUAL9_COMMIT_ANY_t200	DUAL9	COMMIT	ANY	3	200	-1	0	20	
DUAL9_COMMIT_ANY_t225	DUAL9	COMMIT	ANY	3	225	-1	0	20	
DUAL9_COMMIT_ANY_t248	DUAL9	COMMIT	ANY	3	248	-1	0	20	
DUAL9_COMMIT_ANY_t249	DUAL9	COMMIT	ANY	3	249	-1	0	20	
DUAL9_COMMIT_ANY_t250	DUAL9	COMMIT	ANY	3	250	-1	0	20	
DUAL9_COMMIT_ANY_t266	DUAL9	COMMIT	ANY	3	266	-1	0	20	
DUAL9_COMMIT_ANY_t275	DUAL9	COMMIT	ANY	3	275	-1	0	20	
DUAL9_COMMIT_ANY_t283	DUAL9	COMMIT	ANY	3	283	-1	0	20	
DUAL9_COMMIT_ANY_t284	DUAL9	COMMIT	ANY	3	284	-1	0	20	
DUAL9_COMMIT_ANY_t285	DUAL9	COMMIT	ANY	3	285	-1	0	20	
DUAL9_COMMIT_ANY_t300	DUAL9	COMMIT	ANY	3	300	-1	0	20	
DUAL9_COMMIT_ANY_t309	DUAL9	COMMIT	ANY	3	309	-1	0	20	
DUAL9_COMMIT_ANY_t310	DUAL9	COMMIT	ANY	3	310	-1	0	20	
DUAL9_COMMIT_ANY_t311	DUAL9	COMMIT	ANY	3	311	-1	0	20	
DUAL9_COMMIT_ANY_t325	DUAL9	COMMIT	ANY	3	325	-1	0	20	
DUAL9_COMMIT_ANY_t350	DUAL9	COMMIT	ANY	3	350	-1	0	20	
DUAL9_COMMIT_ANY_t375	DUAL9	COMMIT	ANY	3	375	-1	0	20	
DUAL9_COMMIT_ANY_t385	DUAL9	COMMIT	ANY	3	385	-1	0	20	
DUAL9_COMMIT_ANY_t400	DUAL9	COMMIT	ANY	3	400	-1	0	20	
DUAL9_COMMIT_ANY_t425	DUAL9	COMMIT	ANY	3	425	-1	0	20	
DUAL9_COMMIT_ANY_t443	DUAL9	COMMIT	ANY	3	443	-1	0	20	
DUAL9_COMMIT_ANY_t444	DUAL9	COMMIT	ANY	3	444	-1	0	20	
DUAL9_COMMIT_ANY_t445	DUAL9	COMMIT	ANY	3	445	-1	0	20	
DUAL9_COMMIT_ANY_t450	DUAL9	COMMIT	ANY	3	450	-1	0	20	
DUAL9_COMMIT_ANY_t475	DUAL9	COMMIT	ANY	3	475	-1	0	20	
DUAL9_COMMIT_ANY_t477	DUAL9	COMMIT	ANY	3	477	-1	0	20	
DUAL9_COMMIT_ANY_t478	DUAL9	COMMIT	ANY	3	478	-1	0	20	
DUAL9_COMMIT_ANY_t479	DUAL9	COMMIT	ANY	3	479	-1	0	20	
DUAL9_COMMIT_ANY_t500	DUAL9	COMMIT	ANY	3	500	-1	0	20	
DUAL9_COMMIT_ANY_t525	DUAL9	COMMIT	ANY	3	525	-1	0	20	
DUAL9_COMMIT_ANY_t550	DUAL9	COMMIT	ANY	3	550	-1	0	20	
DUAL9_COMMIT_ANY_t575	DUAL9	COMMIT	ANY	3	575	-1	0	20	
DUAL9_COMMIT_ANY_t600	DUAL9	COMMIT	ANY	3	600	-1	0	20	
DUAL9_COMMIT_ANY_t625	DUAL9	COMMIT	ANY	3	625	-1	0	20	
DUAL9_COMMIT_ANY_t650	DUAL9	COMMIT	ANY	3	650	-1	0	20	
DUAL9_COMMIT_ANY_t675	DUAL9	COMMIT	ANY	3	675	-1	0	20	
DUAL9_COMMIT_ANY_t700	DUAL9	COMMIT	ANY	3	700	-1	0	20	
DUAL9_COMMIT_ANY_t725	DUAL9	COMMIT	ANY	3	725	-1	0	20	
DUAL9_COMMIT_ANY_t750	DUAL9	COMMIT	ANY	3	750	-1	0	20	
DUAL9_COMMIT_ANY_t775	DUAL9	COMMIT	ANY	3	775	-1	0	20	
DUAL9_COMMIT_ANY_t800	DUAL9	COMMIT	ANY	3	800	-1	0	20	
DUAL9_COMMIT_ANY_t825	DUAL9	COMMIT	ANY	3	825	-1	0	20	
DUAL9_COMMIT_ANY_t850	DUAL9	COMMIT	ANY	3	850	-1	0	20	
DUAL9_COMMIT_ANY_t875	DUAL9	COMMIT	ANY	3	875	-1	0	20	
DUAL9_COMMIT_ANY_t900	DUAL9	COMMIT	ANY	3	900	-1	0	20	
DUAL9_COMMIT_ANY_t925	DUAL9	COMMIT	ANY	3	925	-1	0	20	
DUAL9_COMMIT_ANY_t950	DUAL9	COMMIT	ANY	3	950	-1	0	20	
DUAL9_COMMIT_ANY_t975	DUAL9	COMMIT	ANY	3	975	-1	0	20	
DUAL9_COMMIT_ANY_t1000	DUAL9	COMMIT	ANY	3	1000	-1	0	20	
DUAL9_COMMIT_ANY_t1025	DUAL9	COMMIT	ANY	3	1025	-1	0	20	
DUAL9_COMMIT_ANY_t1050	DUAL9	COMMIT	ANY	3	1050	-1	0	20	
DUAL9_COMMIT_ANY_t1075	DUAL9	COMMIT	ANY	3	1075	-1	0	20	
DUAL9_COMMIT_ANY_t1100	DUAL9	COMMIT	ANY	3	1100	-1	0	20	
DUAL9_COMMIT_ANY_t1125	DUAL9	COMMIT	ANY	3	1125	-1	0	20	
DUAL9_COMMIT_ANY_t1150	DUAL9	COMMIT	ANY	3	1150	-1	0	20	
DUAL9_COMMIT_ANY_t1175	DUAL9	COMMIT	ANY	3	1175	-1	0	20	
DUAL9_COMMIT_ANY_t1200	DUAL9	COMMIT	ANY	3	1200	-1	0	20	
DUAL9_COMMIT_ANY_t1225	DUAL9	COMMIT	ANY	3	1225	-1	0	20	
DUAL9_COMMIT_ANY_t1250	DUAL9	COMMIT	ANY	3	1250	-1	0	20	
DUAL9_COMMIT_ANY_t1275	DUAL9	COMMIT	ANY	3	1275	-1	0	20	
DUAL9_COMMIT_ANY_t1300	DUAL9	COMMIT	ANY	3	1300	-1	0	20	
DUAL9_COMMIT_ANY_t1325	DUAL9	COMMIT	ANY	3	1325	-1	0	20	
DUAL9_COMMIT_ANY_t1350	DUAL9	COMMIT	ANY	3	1350	-1	0	20	
DUAL9_COMMIT_ANY_t1375	DUAL9	COMMIT	ANY	3	1375	-1	0	20	
DUAL9_COMMIT_ANY_t1400	DUAL9	COMMIT	ANY	3	1400	-1	0	20	
DUAL9_COMMIT_ANY_t1425	DUAL9	COMMIT	ANY	3	1425	-1	0	20	
DUAL9_COMMIT_ANY_t1450	DUAL9	COMMIT	ANY	3	1450	-1	0	20	
DUAL9_COMMIT_ANY_t1475	DUAL9	COMMIT	ANY	3	1475	-1	0	20	
DUAL9_COMMIT_ANY_t1500	DUAL9	COMMIT	ANY	3	1500	-1	0	20	
DUAL9_COMMIT_ANY_t1525	DUAL9	COMMIT	ANY	3	1525	-1	0	20	
DUAL9_COMMIT_ANY_t1550	DUAL9	COMMIT	ANY	3	1550	-1	0	20	
DUAL9_COMMIT_ANY_t1575	DUAL9	COMMIT	ANY	3	1575	-1	0	20	
DUAL9_COMMIT_ANY_t1600	DUAL9	COMMIT	ANY	3	1600	-1	0	20	
DUAL9_COMMIT_ANY_t1625	DUAL9	COMMIT	ANY	3	1625	-1	0	20	
DUAL9_COMMIT_ANY_t1650	DUAL9	COMMIT	ANY	3	1650	-1	0	20	
DUAL9_COMMIT_ANY_t1675	DUAL9	COMMIT	ANY	3	1675	-1	0	20	
DUAL9_COMMIT_ANY_t1700	DUAL9	COMMIT	ANY	3	1700	-1	0	20	
DUAL9_COMMIT_ANY_t1725	DUAL9	COMMIT	ANY	3	1725	-1	0	20	
DUAL9_COMMIT_ANY_t1750	DUAL9	COMMIT	ANY	3	1750	-1	0	20	
DUAL9_COMMIT_ANY_t1775	DUAL9	COMMIT	ANY	3	1775	-1	0	20	
DUAL9_COMMIT_ANY_t1800	DUAL9	COMMIT	ANY	3	1800	-1	0	20	
DUAL9_COMMIT_ANY_t1825	DUAL9	COMMIT	ANY	3	1825	-1	0	20	
DUAL9_COMMIT_ANY_t1850	DUAL9	COMMIT	ANY	3	1850	-1	0	20	
DUAL9_COMMIT_ANY_t1875	DUAL9	COMMIT	ANY	3	1875	-1	0	20	
DUAL9_COMMIT_ANY_t1900	DUAL9	COMMIT	ANY	3	1900	-1	0	20	
DUAL9_COMMIT_ANY_t1925	DUAL9	COMMIT	ANY	3	1925	-1	0	20	
DUAL9_COMMIT_ANY_t1950	DUAL9	COMMIT	ANY	3	1950	-1	0	20	
DUAL9_COMMIT_ANY_t1975	DUAL9	COMMIT	ANY	3	1975	-1	0	20	
DUAL9_COMMIT_ANY_t2000	DUAL9	COMMIT	ANY	3	2000	-1	0	20	
DUAL9_COMMIT_ANY_t2025	DUAL9	COMMIT	ANY	3	2025	-1	0	20	
DUAL9_COMMIT_ANY_t2050	DUAL9	COMMIT	ANY	3	2050	-1	0	20	
DUAL9_COMMIT_ANY_t2075	DUAL9	COMMIT	ANY	3	2075	-1	0	20	
DUAL9_COMMIT_ANY_t2100	DUAL9	COMMIT	ANY	3	2100	-1	0	20	
DUAL9_COMMIT_ANY_t2125	DUAL9	COMMIT	ANY	3	2125	-1	0	20	
DUAL9_COMMIT_ANY_t2150	DUAL9	COMMIT	ANY	3	2150	-1	0	20	
DUAL9_COMMIT_ANY_t2175	DUAL9	COMMIT	ANY	3	2175	-1	0	20	
DUAL9_COMMIT_ANY_t2200	DUAL9	COMMIT	ANY	3	2200	-1	0	20	
DUAL9_COMMIT_ANY_t2225	DUAL9	COMMIT	ANY	3	2225	-1	0	20	
DUAL9_COMMIT_ANY_t2250	DUAL9	COMMIT	ANY	3	2250	-1	0	20	
DUAL9_COMMIT_ANY_t2275	DUAL9	COMMIT	ANY	3	2275	-1	0	20	
DUAL9_COMMIT_ANY_t2300	DUAL9	COMMIT	ANY	3	2300	-1	0	20	
DUAL9_COMMIT_ANY_t2325	DUAL9	COMMIT	ANY	3	2325	-1	0	20	
DUAL9_COMMIT_ANY_t2350	DUAL9	COMMIT	ANY	3	2350	-1	0	20	
DUAL9_COMMIT_ANY_t2375	DUAL9	COMMIT	ANY	3	2375	-1	0	20	
DUAL9_COMMIT_ANY_t2400	DUAL9	COMMIT	ANY	3	2400	-1	0	20	
DUAL9_COMMIT_ANY_t2425	DUAL9	COMMIT	ANY	3	2425	-1	0	20	
DUAL9_COMMIT_ANY_t2450	DUAL9	COMMIT	ANY	3	2450	-1	0	20	
DUAL9_COMMIT_ANY_t2475	DUAL9	COMMIT	ANY	3	2475	-1	0	20	
DUAL9_COMMIT_ANY_t2500	DUAL9	COMMIT	ANY	3	2500	-1	0	20	
DUAL9_COMMIT_ANY_t2525	DUAL9	COMMIT	ANY	3	2525	-1	0	20	
DUAL9_COMMIT_ANY_t2550	DUAL9	COMMIT	ANY	3	2550	-1	0	20	
DUAL9_COMMIT_ANY_t2575	DUAL9	COMMIT	ANY	3	2575	-1	0	20	
DUAL9_COMMIT_ANY_t2600	DUAL9	COMMIT	ANY	3	2600	-1	0	20	
DUAL9_COMMIT_ANY_t2625	DUAL9	COMMIT	ANY	3	2625	-1	0	20	
DUAL9_COMMIT_ANY_t2650	DUAL9	COMMIT	ANY	3	2650	-1	0	20	
DUAL9_COMMIT_ANY_t2675	DUAL9	COMMIT	ANY	3	2675	-1	0	20	
DUAL9_COMMIT_ANY_t2700	DUAL9	COMMIT	ANY	3	2700	-1	0	20	
DUAL9_COMMIT_ANY_t2725	DUAL9	COMMIT	ANY	3	2725	-1	0	20	
DUAL9_COMMIT_ANY_t2750	DUAL9	COMMIT	ANY	3	2750	-1	0	20	
DUAL9_COMMIT_ANY_t2775	DUAL9	COMMIT	ANY	3	2775	-1	0	20	
DUAL9_COMMIT_ANY_t2800	DUAL9	COMMIT	ANY	3	2800	-1	0	20	
DUAL9_COMMIT_ANY_t2825	DUAL9	COMMIT	ANY	3	2825	-1	0	20	
DUAL9_COMMIT_ANY_t2850	DUAL9	COMMIT	ANY	3	2850	-1	0	20	
DUAL9_COMMIT_ANY_t2875	DUAL9	COMMIT	ANY	3	2875	-1	0	20	
DUAL9_COMMIT_ANY_t2900	DUAL9	COMMIT	ANY	3	2900	-1	0	20	
DUAL9_COMMIT_ANY_t2925	DUAL9	COMMIT	ANY	3	2925	-1	0	20	
DUAL9_COMMIT_ANY_t2950	DUAL9	COMMIT	ANY	3	2950	-1	0	20	
DUAL9_COMMIT_ANY_t2975	DUAL9	COMMIT	ANY	3	2975	-1	0	20	
DUAL9_COMMIT_ANY_t3000	DUAL9	COMMIT	ANY	3	3000	-1	0	20	
DUAL9_COMMIT_ANY_t3025	DUAL9	COMMIT	ANY	3	3025	-1	0	20	
DUAL9_COMMIT_ANY_t3050	DUAL9	COMMIT	ANY	3	3050	-1	0	20	
DUAL9_COMMIT_ANY_t3075	DUAL9	COMMIT	ANY	3	3075	-1	0	20	
DUAL9_COMMIT_ANY_t3100	DUAL9	COMMIT	ANY	3	3100	-1	0	20	
DUAL9_COMMIT_ANY_t3125	DUAL9	COMMIT	ANY	3	3125	-1	0	20	
DUAL9_COMMIT_ANY_t3150	DUAL9	COMMIT	ANY	3	3150	-1	0	20	
DUAL9_COMMIT_ANY_t3175	DUAL9	COMMIT	ANY	3	3175	-1	0	20	
DUAL9_COMMIT_ANY_t3200	DUAL9	COMMIT	ANY	3	3200	-1	0	20	
DUAL9_COMMIT_ANY_t3225	DUAL9	COMMIT	ANY	3	3225	-1	0	20	
DUAL9_COMMIT_ANY_t3250	DUAL9	COMMIT	ANY	3	3250	-1	0	20	
DUAL9_COMMIT_ANY_t3275	DUAL9	COMMIT	ANY	3	3275	-1	0	20	
DUAL9_COMMIT_ANY_t3300	DUAL9	COMMIT	ANY	3	3300	-1	0	20	
DUAL9_COMMIT_ANY_t3325	DUAL9	COMMIT	ANY	3	3325	-1	0	20	
DUAL9_COMMIT_ANY_t3350	DUAL9	COMMIT	ANY	3	3350	-1	0	20	
DUAL9_COMMIT_ANY_t3375	DUAL9	COMMIT	ANY	3	3375	-1	0	20	
DUAL9_COMMIT_ANY_t3400	DUAL9	COMMIT	ANY	3	3400	-1	0	20	
DUAL9_COMMIT_ANY_t3425	DUAL9	COMMIT	ANY	3	3425	-1	0	20	
DUAL9_COMMIT_ANY_t3450	DUAL9	COMMIT	ANY	3	3450	-1	0	20	
DUAL9_COMMIT_ANY_t3475	DUAL9	COMMIT	ANY	3	3475	-1	0	20	
DUAL9_COMMIT_ANY_t3500	DUAL9	COMMIT	ANY	3	3500	-1	0	20	
DUAL9_COMMIT_ANY_t3525	DUAL9	COMMIT	ANY	3	3525	-1	0	20	
DUAL9_COMMIT_ANY_t3550	DUAL9	COMMIT	ANY	3	3550	-1	0	20	
DUAL9_COMMIT_ANY_t3575	DUAL9	COMMIT	ANY	3	3575	-1	0	20	
DUAL9_COMMIT_ANY_t3600	DUAL9	COMMIT	ANY	3	3600	-1	0	20	
DUAL9_COMMIT_ANY_t3625	DUAL9	COMMIT	ANY	3	3625	-1	0	20	
DUAL9_COMMIT_ANY_t3650	DUAL9	COMMIT	ANY	3	3650	-1	0	20	
DUAL9_COMMIT_ANY_t3675	DUAL9	COMMIT	ANY	3	3675	-1	0	20	
DUAL9_COMMIT_ANY_t3700	DUAL9	COMMIT	ANY	3	3700	-1	0	20	
DUAL9_COMMIT_ANY_t3725	DUAL9	COMMIT	ANY	3	3725	-1	0	20	
DUAL9_COMMIT_ANY_t3750	DUAL9	COMMIT	ANY	3	3750	-1	0	20	
DUAL9_COMMIT_ANY_t3775	DUAL9	COMMIT	ANY	3	3775	-1	0	20	
DUAL9_COMMIT_ANY_t3800	DUAL9	COMMIT	ANY	3	3800	-1	0	20	
DUAL9_COMMIT_ANY_t3825	DUAL9	COMMIT	ANY	3	3825	-1	0	20	
DUAL9_COMMIT_ANY_t3850	DUAL9	COMMIT	ANY	3	3850	-1	0	20	
DUAL9_COMMIT_ANY_t3875	DUAL9	COMMIT	ANY	3	3875	-1	0	20	
DUAL9_COMMIT_ANY_t3900	DUAL9	COMMIT	ANY	3	3900	-1	0	20	
DUAL9_COMMIT_ANY_t3925	DUAL9	COMMIT	ANY	3	3925	-1	0	20	
DUAL9_COMMIT_ANY_t3950	DUAL9	COMMIT	ANY	3	3950	-1	0	20	
DUAL9_COMMIT_ANY_t3975	DUAL9	COMMIT	ANY	3	3975	-1	0	20	
DUAL9_COMMIT_ANY_t4000	DUAL9	COMMIT	ANY	3	4000	-1	0	20	
DUAL9_COMMIT_ANY_t4025	DUAL9	COMMIT	ANY	3	4025	-1	0	20	
DUAL9_COMMIT_ANY_t4050	DUAL9	COMMIT	ANY	3	4050	-1	0	20	
DUAL9_COMMIT_ANY_t4075	DUAL9	COMMIT	ANY	3	4075	-1	0	20	
DUAL9_COMMIT_ANY_t4100	DUAL9	COMMIT	ANY	3	4100	-1	0	20	
DUAL9_COMMIT_ANY_t4125	DUAL9	COMMIT	ANY	3	4125	-1	0	20	
DUAL9_COMMIT_ANY_t4150	DUAL9	COMMIT	ANY	3	4150	-1	0	20	
DUAL9_COMMIT_ANY_t4175	DUAL9	COMMIT	ANY	3	4175	-1	0	20	
DUAL9_COMMIT_ANY_t4200	DUAL9	COMMIT	ANY	3	4200	-1	0	20	
DUAL9_COMMIT_ANY_t4225	DUAL9	COMMIT	ANY	3	4225	-1	0	20	
DUAL9_COMMIT_ANY_t4250	DUAL9	COMMIT	ANY	3	4250	-1	0	20	
DUAL9_COMMIT_ANY_t4275	DUAL9	COMMIT	ANY	3	4275	-1	0	20	
DUAL9_COMMIT_ANY_t4300	DUAL9	COMMIT	ANY	3	4300	-1	0	20	
DUAL9_COMMIT_ANY_t4325	DUAL9	COMMIT	ANY	3	4325	-1	0	20	
DUAL9_COMMIT_ANY_t4350	DUAL9	COMMIT	ANY	3	4350	-1	0	20	
DUAL9_COMMIT_ANY_t4375	DUAL9	COMMIT	ANY	3	4375	-1	0	20	
DUAL9_COMMIT_ANY_t4400	DUAL9	COMMIT	ANY	3	4400	-1	0	20	
DUAL9_COMMIT_ANY_t4425	DUAL9	COMMIT	ANY	3	4425	-1	0	20	
DUAL9_COMMIT_ANY_t4450	DUAL9	COMMIT	ANY	3	4450	-1	0	20	
DUAL9_COMMIT_ANY_t4475	DUAL9	COMMIT	ANY	3	4475	-1	0	20	
DUAL9_COMMIT_ANY_t4499	DUAL9	COMMIT	ANY	3	4499	-1	0	20	
DUAL9_COMMIT_ANY_t4500	DUAL9	COMMIT	ANY	3	4500	-1	0	20	
DUAL9_COMMIT_ANY_t4501	DUAL9	COMMIT	ANY	3	4501	-1	0	20	
DUAL9_COMMIT_ANY_t4502	DUAL9	COMMIT	ANY	3	4502	-1	0	20	
DUAL9_COMMIT_ANY_t4503	DUAL9	COMMIT	ANY	3	4503	-1	0	20	
DUAL9_COMMIT_ANY_t4525	DUAL9	COMMIT	ANY	3	4525	-1	0	20	
DUAL9_COMMIT_ANY_t4550	DUAL9	COMMIT	ANY	3	4550	-1	0	20	
DUAL9_COMMIT_ANY_t4575	DUAL9	COMMIT	ANY	3	4575	-1	0	20	
DUAL9_COMMIT_ANY_t4600	DUAL9	COMMIT	ANY	3	4600	-1	0	20	
DUAL9_COMMIT_ANY_t4625	DUAL9	COMMIT	ANY	3	4625	-1	0	20	
DUAL9_COMMIT_ANY_t4650	DUAL9	COMMIT	ANY	3	4650	-1	0	20	
DUAL9_COMMIT_ANY_t4675	DUAL9	COMMIT	ANY	3	4675	-1	0	20	
DUAL9_COMMIT_ANY_t4700	DUAL9	COMMIT	ANY	3	4700	-1	0	20	
DUAL9_COMMIT_ANY_t4725	DUAL9	COMMIT	ANY	3	4725	-1	0	20	
DUAL9_COMMIT_ANY_t4750	DUAL9	COMMIT	ANY	3	4750	-1	0	20	
DUAL9_COMMIT_ANY_t4760	DUAL9	COMMIT	ANY	3	4760	-1	0	20	
DUAL9_COMMIT_ANY_t4775	DUAL9	COMMIT	ANY	3	4775	-1	0	20	
DUAL9_COMMIT_ANY_t4800	DUAL9	COMMIT	ANY	3	4800	-1	0	20	
DUAL9_COMMIT_ANY_t4808	DUAL9	COMMIT	ANY	3	4808	-1	0	20	
DUAL9_COMMIT_ANY_t4809	DUAL9	COMMIT	ANY	3	4809	-1	0	20	
DUAL9_COMMIT_ANY_t4810	DUAL9	COMMIT	ANY	3	4810	-1	0	20	
DUAL9_COMMIT_ANY_t4811	DUAL9	COMMIT	ANY	3	4811	-1	0	20	
DUAL9_COMMIT_ANY_t4812	DUAL9	COMMIT	ANY	3	4812	-1	0	20	
DUAL9_COMMIT_ANY_t4825	DUAL9	COMMIT	ANY	3	4825	-1	0	20	
DUAL9_COMMIT_ANY_t4850	DUAL9	COMMIT	ANY	3	4850	-1	0	20	
DUAL9_COMMIT_ANY_t4875	DUAL9	COMMIT	ANY	3	4875	-1	0	20	
DUAL9_COMMIT_ANY_t4900	DUAL9	COMMIT	ANY	3	4900	-1	0	20	
DUAL9_COMMIT_ANY_t4925	DUAL9	COMMIT	ANY	3	4925	-1	0	20	
DUAL9_COMMIT_ANY_t4950	DUAL9	COMMIT	ANY	3	4950	-1	0	20	
DUAL9_COMMIT_ANY_t4975	DUAL9	COMMIT	ANY	3	4975	-1	0	20	
DUAL9_COMMIT_ANY_t4999	DUAL9	COMMIT	ANY	3	4999	-1	0	20	
DUAL9_COMMIT_ANY_t5000	DUAL9	COMMIT	ANY	4	0	-1	0	20	
DUAL9_COMMIT_ANY_t5001	DUAL9	COMMIT	ANY	4	1	-1	0	20	
D0_DUAL9_START_DELAY_ANY_t0	DUAL9	START_DELAY	ANY	3	0	-1	0	0	
D0_DUAL9_START_DELAY_ANY_t1	DUAL9	START_DELAY	ANY	3	1	-1	0	0	
D0_DUAL9_START_DELAY_ANY_t2	DUAL9	START_DELAY	ANY	3	2	-1	0	0	
D0_DUAL9_START_DELAY_ANY_t25	DUAL9	START_DELAY	ANY	3	25	-1	0	0	
D0_DUAL9_START_DELAY_ANY_t50	DUAL9	START_DELAY	ANY	3	50	-1	0	0	
D0_DUAL9_START_DELAY_ANY_t75	DUAL9	START_DELAY	ANY	3	75	-1	0	0	
D0_DUAL9_START_DELAY_ANY_t100	DUAL9	START_DELAY	ANY	3	100	-1	0	0	
D0_DUAL9_START_DELAY_ANY_t125	DUAL9	START_DELAY	ANY	3	125	-1	0	0	
D0_DUAL9_START_DELAY_ANY_t150	DUAL9	START_DELAY	ANY	3	150	-1	0	0	
D0_DUAL9_START_DELAY_ANY_t160	DUAL9	START_DELAY	ANY	3	160	-1	0	0	
D0_DUAL9_START_DELAY_ANY_t161	DUAL9	START_DELAY	ANY	3	161	-1	0	0	
D0_DUAL9_START_DELAY_ANY_t162	DUAL9	START_DELAY	ANY	3	162	-1	0	0	
D0_DUAL9_START_DELAY_ANY_t175	DUAL9	START_DELAY	ANY	3	175	-1	0	0	
D0_DUAL9_START_DELAY_ANY_t200	DUAL9	START_DELAY	ANY	3	200	-1	0	0	
D0_DUAL9_START_DELAY_ANY_t225	DUAL9	START_DELAY	ANY	3	225	-1	0	0	
D0_DUAL9_START_DELAY_ANY_t248	DUAL9	START_DELAY	ANY	3	248	-1	0	0	
D0_DUAL9_START_DELAY_ANY_t249	DUAL9	START_DELAY	ANY	3	249	-1	0	0	
D0_DUAL9_START_DELAY_ANY_t250	DUAL9	START_DELAY	ANY	3	250	-1	0	0	
D0_DUAL9_START_DELAY_ANY_t266	DUAL9	START_DELAY	ANY	3	266	-1	0	0	
D0_DUAL9_START_DELAY_ANY_t275	DUAL9	START_DELAY	ANY	3	275	-1	0	0	
D0_DUAL9_START_DELAY_ANY_t283	DUAL9	START_DELAY	ANY	3	283	-1	0	0	
D0_DUAL9_START_DELAY_ANY_t284	DUAL9	START_DELAY	ANY	3	284	-1	0	0	
D0_DUAL9_START_DELAY_ANY_t285	DUAL9	START_DELAY	ANY	3	285	-1	0	0	
D0_DUAL9_START_DELAY_ANY_t300	DUAL9	START_DELAY	ANY	3	300	-1	0	0	
D0_DUAL9_START_DELAY_ANY_t309	DUAL9	START_DELAY	ANY	3	309	-1	0	0	
D0_DUAL9_START_DELAY_ANY_t310	DUAL9	START_DELAY	ANY	3	310	-1	0	0	
D0_DUAL9_START_DELAY_ANY_t311	DUAL9	START_DELAY	ANY	3	311	-1	0	0	
D0_DUAL9_START_DELAY_ANY_t325	DUAL9	START_DELAY	ANY	3	325	-1	0	0	
D0_DUAL9_START_DELAY_ANY_t350	DUAL9	START_DELAY	ANY	3	350	-1	0	0	
D0_DUAL9_START_DELAY_ANY_t375	DUAL9	START_DELAY	ANY	3	375	-1	0	0	
D0_DUAL9_START_DELAY_ANY_t385	DUAL9	START_DELAY	ANY	3	385	-1	0	0	
D0_DUAL9_START_DELAY_ANY_t400	DUAL9	START_DELAY	ANY	3	400	-1	0	0	
D0_DUAL9_START_DELAY_ANY_t425	DUAL9	START_DELAY	ANY	3	425	-1	0	0	
D0_DUAL9_START_DELAY_ANY_t443	DUAL9	START_DELAY	ANY	3	443	-1	0	0	
D0_DUAL9_START_DELAY_ANY_t444	DUAL9	START_DELAY	ANY	3	444	-1	0	0	
D0_DUAL9_START_DELAY_ANY_t445	DUAL9	START_DELAY	ANY	3	445	-1	0	0	
D0_DUAL9_START_DELAY_ANY_t450	DUAL9	START_DELAY	ANY	3	450	-1	0	0	
D0_DUAL9_START_DELAY_ANY_t475	DUAL9	START_DELAY	ANY	3	475	-1	0	0	
D0_DUAL9_START_DELAY_ANY_t477	DUAL9	START_DELAY	ANY	3	477	-1	0	0	
D0_DUAL9_START_DELAY_ANY_t478	DUAL9	START_DELAY	ANY	3	478	-1	0	0	
D0_DUAL9_START_DELAY_ANY_t479	DUAL9	START_DELAY	ANY	3	479	-1	0	0	
D0_DUAL9_START_DELAY_ANY_t500	DUAL9	START_DELAY	ANY	3	500	-1	0	0	
D0_DUAL9_START_DELAY_ANY_t525	DUAL9	START_DELAY	ANY	3	525	-1	0	0	
D0_DUAL9_START_DELAY_ANY_t550	DUAL9	START_DELAY	ANY	3	550	-1	0	0	
D0_DUAL9_START_DELAY_ANY_t575	DUAL9	START_DELAY	ANY	3	575	-1	0	0	
D0_DUAL9_START_DELAY_ANY_t600	DUAL9	START_DELAY	ANY	3	600	-1	0	0	
D0_DUAL9_START_DELAY_ANY_t625	DUAL9	START_DELAY	ANY	3	625	-1	0	0	
D0_DUAL9_START_DELAY_ANY_t650	DUAL9	START_DELAY	ANY	3	650	-1	0	0	
D0_DUAL9_START_DELAY_ANY_t675	DUAL9	START_DELAY	ANY	3	675	-1	0	0	
D0_DUAL9_START_DELAY_ANY_t700	DUAL9	START_DELAY	ANY	3	700	-1	0	0	
D0_DUAL9_START_DELAY_ANY_t725	DUAL9	START_DELAY	ANY	3	725	-1	0	0	
D0_DUAL9_START_DELAY_ANY_t750	DUAL9	START_DELAY	ANY	3	750	-1	0	0	
D0_DUAL9_START_DELAY_ANY_t775	DUAL9	START_DELAY	ANY	3	775	-1	0	0	
D0_DUAL9_START_DELAY_ANY_t800	DUAL9	START_DELAY	ANY	3	800	-1	0	0	
D0_DUAL9_START_DELAY_ANY_t825	DUAL9	START_DELAY	ANY	3	825	-1	0	0	
D0_DUAL9_START_DELAY_ANY_t850	DUAL9	START_DELAY	ANY	3	850	-1	0	0	
D0_DUAL9_START_DELAY_ANY_t875	DUAL9	START_DELAY	ANY	3	875	-1	0	0	
D0_DUAL9_START_DELAY_ANY_t900	DUAL9	START_DELAY	ANY	3	900	-1	0	0	
D0_DUAL9_START_DELAY_ANY_t925	DUAL9	START_DELAY	ANY	3	925	-1	0	0	
D0_DUAL9_START_DELAY_ANY_t950	DUAL9	START_DELAY	ANY	3	950	-1	0	0	
D0_DUAL9_START_DELAY_ANY_t975	DUAL9	START_DELAY	ANY	3	975	-1	0	0	
D0_DUAL9_START_DELAY_ANY_t1000	DUAL9	START_DELAY	ANY	3	1000	-1	0	0	
D0_DUAL9_START_DELAY_ANY_t1025	DUAL9	START_DELAY	ANY	3	1025	-1	0	0	
D0_DUAL9_START_DELAY_ANY_t1050	DUAL9	START_DELAY	ANY	3	1050	-1	0	0	
D0_DUAL9_START_DELAY_ANY_t1075	DUAL9	START_DELAY	ANY	3	1075	-1	0	0	
D0_DUAL9_START_DELAY_ANY_t1100	DUAL9	START_DELAY	ANY	3	1100	-1	0	0	
D0_DUAL9_START_DELAY_ANY_t1125	DUAL9	START_DELAY	ANY	3	1125	-1	0	0	
D0_DUAL9_START_DELAY_ANY_t1150	DUAL9	START_DELAY	ANY	3	1150	-1	0	0	
D0_DUAL9_START_DELAY_ANY_t1175	DUAL9	START_DELAY	ANY	3	1175	-1	0	0	
D0_DUAL9_START_DELAY_ANY_t1200	DUAL9	START_DELAY	ANY	3	1200	-1	0	0	
D0_DUAL9_START_DELAY_ANY_t1225	DUAL9	START_DELAY	ANY	3	1225	-1	0	0	
D0_DUAL9_START_DELAY_ANY_t1250	DUAL9	START_DELAY	ANY	3	1250	-1	0	0	
D0_DUAL9_START_DELAY_ANY_t1275	DUAL9	START_DELAY	ANY	3	1275	-1	0	0	
D0_DUAL9_START_DELAY_ANY_t1300	DUAL9	START_DELAY	ANY	3	1300	-1	0	0	
D0_DUAL9_START_DELAY_ANY_t1325	DUAL9	START_DELAY	ANY	3	1325	-1	0	0	
D0_DUAL9_START_DELAY_ANY_t1350	DUAL9	START_DELAY	ANY	3	1350	-1	0	0	
D0_DUAL9_START_DELAY_ANY_t1375	DUAL9	START_DELAY	ANY	3	1375	-1	0	0	
D0_DUAL9_START_DELAY_ANY_t1400	DUAL9	START_DELAY	ANY	3	1400	-1	0	0	
D0_DUAL9_START_DELAY_ANY_t1425	DUAL9	START_DELAY	ANY	3	1425	-1	0	0	
D0_DUAL9_START_DELAY_ANY_t1450	DUAL9	START_DELAY	ANY	3	1450	-1	0	0	
D0_DUAL9_START_DELAY_ANY_t1475	DUAL9	START_DELAY	ANY	3	1475	-1	0	0	
D0_DUAL9_START_DELAY_ANY_t1500	DUAL9	START_DELAY	ANY	3	1500	-1	0	0	
D0_DUAL9_START_DELAY_ANY_t1525	DUAL9	START_DELAY	ANY	3	1525	-1	0	0	
D0_DUAL9_START_DELAY_ANY_t1550	DUAL9	START_DELAY	ANY	3	1550	-1	0	0	
D0_DUAL9_START_DELAY_ANY_t1575	DUAL9	START_DELAY	ANY	3	1575	-1	0	0	
D0_DUAL9_START_DELAY_ANY_t1600	DUAL9	START_DELAY	ANY	3	1600	-1	0	0	
D0_DUAL9_START_DELAY_ANY_t1625	DUAL9	START_DELAY	ANY	3	1625	-1	0	0	
D0_DUAL9_START_DELAY_ANY_t1650	DUAL9	START_DELAY	ANY	3	1650	-1	0	0	
D0_DUAL9_START_DELAY_ANY_t1675	DUAL9	START_DELAY	ANY	3	1675	-1	0	0	
D0_DUAL9_START_DELAY_ANY_t1700	DUAL9	START_DELAY	ANY	3	1700	-1	0	0	
D0_DUAL9_START_DELAY_ANY_t1725	DUAL9	START_DELAY	ANY	3	1725	-1	0	0	
D0_DUAL9_START_DELAY_ANY_t1750	DUAL9	START_DELAY	ANY	3	1750	-1	0	0	
D0_DUAL9_START_DELAY_ANY_t1775	DUAL9	START_DELAY	ANY	3	1775	-1	0	0	
D0_DUAL9_START_DELAY_ANY_t1800	DUAL9	START_DELAY	ANY	3	1800	-1	0	0	
D0_DUAL9_START_DELAY_ANY_t1825	DUAL9	START_DELAY	ANY	3	1825	-1	0	0	
D0_DUAL9_START_DELAY_ANY_t1850	DUAL9	START_DELAY	ANY	3	1850	-1	0	0	
D0_DUAL9_START_DELAY_ANY_t1875	DUAL9	START_DELAY	ANY	3	1875	-1	0	0	
D0_DUAL9_START_DELAY_ANY_t1900	DUAL9	START_DELAY	ANY	3	1900	-1	0	0	
D0_DUAL9_START_DELAY_ANY_t1925	DUAL9	START_DELAY	ANY	3	1925	-1	0	0	
D0_DUAL9_START_DELAY_ANY_t1950	DUAL9	START_DELAY	ANY	3	1950	-1	0	0	
D0_DUAL9_START_DELAY_ANY_t1975	DUAL9	START_DELAY	ANY	3	1975	-1	0	0	
D0_DUAL9_START_DELAY_ANY_t2000	DUAL9	START_DELAY	ANY	3	2000	-1	0	0	
D0_DUAL9_START_DELAY_ANY_t2025	DUAL9	START_DELAY	ANY	3	2025	-1	0	0	
D0_DUAL9_START_DELAY_ANY_t2050	DUAL9	START_DELAY	ANY	3	2050	-1	0	0	
D0_DUAL9_START_DELAY_ANY_t2075	DUAL9	START_DELAY	ANY	3	2075	-1	0	0	
D0_DUAL9_START_DELAY_ANY_t2100	DUAL9	START_DELAY	ANY	3	2100	-1	0	0	
D0_DUAL9_START_DELAY_ANY_t2125	DUAL9	START_DELAY	ANY	3	2125	-1	0	0	
D0_DUAL9_START_DELAY_ANY_t2150	DUAL9	START_DELAY	ANY	3	2150	-1	0	0	
D0_DUAL9_START_DELAY_ANY_t2175	DUAL9	START_DELAY	ANY	3	2175	-1	0	0	
D0_DUAL9_START_DELAY_ANY_t2200	DUAL9	START_DELAY	ANY	3	2200	-1	0	0	
D0_DUAL9_START_DELAY_ANY_t2225	DUAL9	START_DELAY	ANY	3	2225	-1	0	0	
D0_DUAL9_START_DELAY_ANY_t2250	DUAL9	START_DELAY	ANY	3	2250	-1	0	0	
D0_DUAL9_START_DELAY_ANY_t2275	DUAL9	START_DELAY	ANY	3	2275	-1	0	0	
D0_DUAL9_START_DELAY_ANY_t2300	DUAL9	START_DELAY	ANY	3	2300	-1	0	0	
D0_DUAL9_START_DELAY_ANY_t2325	DUAL9	START_DELAY	ANY	3	2325	-1	0	0	
D0_DUAL9_START_DELAY_ANY_t2350	DUAL9	START_DELAY	ANY	3	2350	-1	0	0	
D0_DUAL9_START_DELAY_ANY_t2375	DUAL9	START_DELAY	ANY	3	2375	-1	0	0	
D0_DUAL9_START_DELAY_ANY_t2400	DUAL9	START_DELAY	ANY	3	2400	-1	0	0	
D0_DUAL9_START_DELAY_ANY_t2425	DUAL9	START_DELAY	ANY	3	2425	-1	0	0	
D0_DUAL9_START_DELAY_ANY_t2450	DUAL9	START_DELAY	ANY	3	2450	-1	0	0	
D0_DUAL9_START_DELAY_ANY_t2475	DUAL9	START_DELAY	ANY	3	2475	-1	0	0	
D0_DUAL9_START_DELAY_ANY_t2500	DUAL9	START_DELAY	ANY	3	2500	-1	0	0	
D0_DUAL9_START_DELAY_ANY_t2525	DUAL9	START_DELAY	ANY	3	2525	-1	0	0	
D0_DUAL9_START_DELAY_ANY_t2550	DUAL9	START_DELAY	ANY	3	2550	-1	0	0	
D0_DUAL9_START_DELAY_ANY_t2575	DUAL9	START_DELAY	ANY	3	2575	-1	0	0	
D0_DUAL9_START_DELAY_ANY_t2600	DUAL9	START_DELAY	ANY	3	2600	-1	0	0	
D0_DUAL9_START_DELAY_ANY_t2625	DUAL9	START_DELAY	ANY	3	2625	-1	0	0	
D0_DUAL9_START_DELAY_ANY_t2650	DUAL9	START_DELAY	ANY	3	2650	-1	0	0	
D0_DUAL9_START_DELAY_ANY_t2675	DUAL9	START_DELAY	ANY	3	2675	-1	0	0	
D0_DUAL9_START_DELAY_ANY_t2700	DUAL9	START_DELAY	ANY	3	2700	-1	0	0	
D0_DUAL9_START_DELAY_ANY_t2725	DUAL9	START_DELAY	ANY	3	2725	-1	0	0	
D0_DUAL9_START_DELAY_ANY_t2750	DUAL9	START_DELAY	ANY	3	2750	-1	0	0	
D0_DUAL9_START_DELAY_ANY_t2775	DUAL9	START_DELAY	ANY	3	2775	-1	0	0	
D0_DUAL9_START_DELAY_ANY_t2800	DUAL9	START_DELAY	ANY	3	2800	-1	0	0	
D0_DUAL9_START_DELAY_ANY_t2825	DUAL9	START_DELAY	ANY	3	2825	-1	0	0	
D0_DUAL9_START_DELAY_ANY_t2850	DUAL9	START_DELAY	ANY	3	2850	-1	0	0	
D0_DUAL9_START_DELAY_ANY_t2875	DUAL9	START_DELAY	ANY	3	2875	-1	0	0	
D0_DUAL9_START_DELAY_ANY_t2900	DUAL9	START_DELAY	ANY	3	2900	-1	0	0	
D0_DUAL9_START_DELAY_ANY_t2925	DUAL9	START_DELAY	ANY	3	2925	-1	0	0	
D0_DUAL9_START_DELAY_ANY_t2950	DUAL9	START_DELAY	ANY	3	2950	-1	0	0	
D0_DUAL9_START_DELAY_ANY_t2975	DUAL9	START_DELAY	ANY	3	2975	-1	0	0	
D0_DUAL9_START_DELAY_ANY_t3000	DUAL9	START_DELAY	ANY	3	3000	-1	0	0	
D0_DUAL9_START_DELAY_ANY_t3025	DUAL9	START_DELAY	ANY	3	3025	-1	0	0	
D0_DUAL9_START_DELAY_ANY_t3050	DUAL9	START_DELAY	ANY	3	3050	-1	0	0	
D0_DUAL9_START_DELAY_ANY_t3075	DUAL9	START_DELAY	ANY	3	3075	-1	0	0	
D0_DUAL9_START_DELAY_ANY_t3100	DUAL9	START_DELAY	ANY	3	3100	-1	0	0	
D0_DUAL9_START_DELAY_ANY_t3125	DUAL9	START_DELAY	ANY	3	3125	-1	0	0	
D0_DUAL9_START_DELAY_ANY_t3150	DUAL9	START_DELAY	ANY	3	3150	-1	0	0	
D0_DUAL9_START_DELAY_ANY_t3175	DUAL9	START_DELAY	ANY	3	3175	-1	0	0	
D0_DUAL9_START_DELAY_ANY_t3200	DUAL9	START_DELAY	ANY	3	3200	-1	0	0	
D0_DUAL9_START_DELAY_ANY_t3225	DUAL9	START_DELAY	ANY	3	3225	-1	0	0	
D0_DUAL9_START_DELAY_ANY_t3250	DUAL9	START_DELAY	ANY	3	3250	-1	0	0	
D0_DUAL9_START_DELAY_ANY_t3275	DUAL9	START_DELAY	ANY	3	3275	-1	0	0	
D0_DUAL9_START_DELAY_ANY_t3300	DUAL9	START_DELAY	ANY	3	3300	-1	0	0	
D0_DUAL9_START_DELAY_ANY_t3325	DUAL9	START_DELAY	ANY	3	3325	-1	0	0	
D0_DUAL9_START_DELAY_ANY_t3350	DUAL9	START_DELAY	ANY	3	3350	-1	0	0	
D0_DUAL9_START_DELAY_ANY_t3375	DUAL9	START_DELAY	ANY	3	3375	-1	0	0	
D0_DUAL9_START_DELAY_ANY_t3400	DUAL9	START_DELAY	ANY	3	3400	-1	0	0	
D0_DUAL9_START_DELAY_ANY_t3425	DUAL9	START_DELAY	ANY	3	3425	-1	0	0	
D0_DUAL9_START_DELAY_ANY_t3450	DUAL9	START_DELAY	ANY	3	3450	-1	0	0	
D0_DUAL9_START_DELAY_ANY_t3475	DUAL9	START_DELAY	ANY	3	3475	-1	0	0	
D0_DUAL9_START_DELAY_ANY_t3500	DUAL9	START_DELAY	ANY	3	3500	-1	0	0	
D0_DUAL9_START_DELAY_ANY_t3525	DUAL9	START_DELAY	ANY	3	3525	-1	0	0	
D0_DUAL9_START_DELAY_ANY_t3550	DUAL9	START_DELAY	ANY	3	3550	-1	0	0	
D0_DUAL9_START_DELAY_ANY_t3575	DUAL9	START_DELAY	ANY	3	3575	-1	0	0	
D0_DUAL9_START_DELAY_ANY_t3600	DUAL9	START_DELAY	ANY	3	3600	-1	0	0	
D0_DUAL9_START_DELAY_ANY_t3625	DUAL9	START_DELAY	ANY	3	3625	-1	0	0	
D0_DUAL9_START_DELAY_ANY_t3650	DUAL9	START_DELAY	ANY	3	3650	-1	0	0	
D0_DUAL9_START_DELAY_ANY_t3675	DUAL9	START_DELAY	ANY	3	3675	-1	0	0	
D0_DUAL9_START_DELAY_ANY_t3700	DUAL9	START_DELAY	ANY	3	3700	-1	0	0	
D0_DUAL9_START_DELAY_ANY_t3725	DUAL9	START_DELAY	ANY	3	3725	-1	0	0	
D0_DUAL9_START_DELAY_ANY_t3750	DUAL9	START_DELAY	ANY	3	3750	-1	0	0	
D0_DUAL9_START_DELAY_ANY_t3775	DUAL9	START_DELAY	ANY	3	3775	-1	0	0	
D0_DUAL9_START_DELAY_ANY_t3800	DUAL9	START_DELAY	ANY	3	3800	-1	0	0	
D0_DUAL9_START_DELAY_ANY_t3825	DUAL9	START_DELAY	ANY	3	3825	-1	0	0	
D0_DUAL9_START_DELAY_ANY_t3850	DUAL9	START_DELAY	ANY	3	3850	-1	0	0	
D0_DUAL9_START_DELAY_ANY_t3875	DUAL9	START_DELAY	ANY	3	3875	-1	0	0	
D0_DUAL9_START_DELAY_ANY_t3900	DUAL9	START_DELAY	ANY	3	3900	-1	0	0	
D0_DUAL9_START_DELAY_ANY_t3925	DUAL9	START_DELAY	ANY	3	3925	-1	0	0	
D0_DUAL9_START_DELAY_ANY_t3950	DUAL9	START_DELAY	ANY	3	3950	-1	0	0	
D0_DUAL9_START_DELAY_ANY_t3975	DUAL9	START_DELAY	ANY	3	3975	-1	0	0	
D0_DUAL9_START_DELAY_ANY_t4000	DUAL9	START_DELAY	ANY	3	4000	-1	0	0	
D0_DUAL9_START_DELAY_ANY_t4025	DUAL9	START_DELAY	ANY	3	4025	-1	0	0	
D0_DUAL9_START_DELAY_ANY_t4050	DUAL9	START_DELAY	ANY	3	4050	-1	0	0	
D0_DUAL9_START_DELAY_ANY_t4075	DUAL9	START_DELAY	ANY	3	4075	-1	0	0	
D0_DUAL9_START_DELAY_ANY_t4100	DUAL9	START_DELAY	ANY	3	4100	-1	0	0	
D0_DUAL9_START_DELAY_ANY_t4125	DUAL9	START_DELAY	ANY	3	4125	-1	0	0	
D0_DUAL9_START_DELAY_ANY_t4150	DUAL9	START_DELAY	ANY	3	4150	-1	0	0	
D0_DUAL9_START_DELAY_ANY_t4175	DUAL9	START_DELAY	ANY	3	4175	-1	0	0	
D0_DUAL9_START_DELAY_ANY_t4200	DUAL9	START_DELAY	ANY	3	4200	-1	0	0	
D0_DUAL9_START_DELAY_ANY_t4225	DUAL9	START_DELAY	ANY	3	4225	-1	0	0	
D0_DUAL9_START_DELAY_ANY_t4250	DUAL9	START_DELAY	ANY	3	4250	-1	0	0	
D0_DUAL9_START_DELAY_ANY_t4275	DUAL9	START_DELAY	ANY	3	4275	-1	0	0	
D0_DUAL9_START_DELAY_ANY_t4300	DUAL9	START_DELAY	ANY	3	4300	-1	0	0	
D0_DUAL9_START_DELAY_ANY_t4325	DUAL9	START_DELAY	ANY	3	4325	-1	0	0	
D0_DUAL9_START_DELAY_ANY_t4350	DUAL9	START_DELAY	ANY	3	4350	-1	0	0	
D0_DUAL9_START_DELAY_ANY_t4375	DUAL9	START_DELAY	ANY	3	4375	-1	0	0	
D0_DUAL9_START_DELAY_ANY_t4400	DUAL9	START_DELAY	ANY	3	4400	-1	0	0	
D0_DUAL9_START_DELAY_ANY_t4425	DUAL9	START_DELAY	ANY	3	4425	-1	0	0	
D0_DUAL9_START_DELAY_ANY_t4450	DUAL9	START_DELAY	ANY	3	4450	-1	0	0	
D0_DUAL9_START_DELAY_ANY_t4475	DUAL9	START_DELAY	ANY	3	4475	-1	0	0	
D0_DUAL9_START_DELAY_ANY_t4499	DUAL9	START_DELAY	ANY	3	4499	-1	0	0	
D0_DUAL9_START_DELAY_ANY_t4500	DUAL9	START_DELAY	ANY	3	4500	-1	0	0	
D0_DUAL9_START_DELAY_ANY_t4501	DUAL9	START_DELAY	ANY	3	4501	-1	0	0	
D0_DUAL9_START_DELAY_ANY_t4502	DUAL9	START_DELAY	ANY	3	4502	-1	0	0	
D0_DUAL9_START_DELAY_ANY_t4503	DUAL9	START_DELAY	ANY	3	4503	-1	0	0	
D0_DUAL9_START_DELAY_ANY_t4525	DUAL9	START_DELAY	ANY	3	4525	-1	0	0	
D0_DUAL9_START_DELAY_ANY_t4550	DUAL9	START_DELAY	ANY	3	4550	-1	0	0	
D0_DUAL9_START_DELAY_ANY_t4575	DUAL9	START_DELAY	ANY	3	4575	-1	0	0	
D0_DUAL9_START_DELAY_ANY_t4600	DUAL9	START_DELAY	ANY	3	4600	-1	0	0	
D0_DUAL9_START_DELAY_ANY_t4625	DUAL9	START_DELAY	ANY	3	4625	-1	0	0	
D0_DUAL9_START_DELAY_ANY_t4650	DUAL9	START_DELAY	ANY	3	4650	-1	0	0	
D0_DUAL9_START_DELAY_ANY_t4675	DUAL9	START_DELAY	ANY	3	4675	-1	0	0	
D0_DUAL9_START_DELAY_ANY_t4700	DUAL9	START_DELAY	ANY	3	4700	-1	0	0	
D0_DUAL9_START_DELAY_ANY_t4725	DUAL9	START_DELAY	ANY	3	4725	-1	0	0	
D0_DUAL9_START_DELAY_ANY_t4750	DUAL9	START_DELAY	ANY	3	4750	-1	0	0	
D0_DUAL9_START_DELAY_ANY_t4760	DUAL9	START_DELAY	ANY	3	4760	-1	0	0	
D0_DUAL9_START_DELAY_ANY_t4775	DUAL9	START_DELAY	ANY	3	4775	-1	0	0	
D0_DUAL9_START_DELAY_ANY_t4800	DUAL9	START_DELAY	ANY	3	4800	-1	0	0	
D0_DUAL9_START_DELAY_ANY_t4808	DUAL9	START_DELAY	ANY	3	4808	-1	0	0	
D0_DUAL9_START_DELAY_ANY_t4809	DUAL9	START_DELAY	ANY	3	4809	-1	0	0	
D0_DUAL9_START_DELAY_ANY_t4810	DUAL9	START_DELAY	ANY	3	4810	-1	0	0	
D0_DUAL9_START_DELAY_ANY_t4811	DUAL9	START_DELAY	ANY	3	4811	-1	0	0	
D0_DUAL9_START_DELAY_ANY_t4812	DUAL9	START_DELAY	ANY	3	4812	-1	0	0	
D0_DUAL9_START_DELAY_ANY_t4825	DUAL9	START_DELAY	ANY	3	4825	-1	0	0	
D0_DUAL9_START_DELAY_ANY_t4850	DUAL9	START_DELAY	ANY	3	4850	-1	0	0	
D0_DUAL9_START_DELAY_ANY_t4875	DUAL9	START_DELAY	ANY	3	4875	-1	0	0	
D0_DUAL9_START_DELAY_ANY_t4900	DUAL9	START_DELAY	ANY	3	4900	-1	0	0	
D0_DUAL9_START_DELAY_ANY_t4925	DUAL9	START_DELAY	ANY	3	4925	-1	0	0	
D0_DUAL9_START_DELAY_ANY_t4950	DUAL9	START_DELAY	ANY	3	4950	-1	0	0	
D0_DUAL9_START_DELAY_ANY_t4975	DUAL9	START_DELAY	ANY	3	4975	-1	0	0	
D0_DUAL9_START_DELAY_ANY_t4999	DUAL9	START_DELAY	ANY	3	4999	-1	0	0	
D0_DUAL9_START_DELAY_ANY_t5000	DUAL9	START_DELAY	ANY	4	0	-1	0	0	
D0_DUAL9_START_DELAY_ANY_t5001	DUAL9	START_DELAY	ANY	4	1	-1	0	0	
D100_DUAL9_START_DELAY_ANY_t0	DUAL9	START_DELAY	ANY	3	0	-1	0	100	
D100_DUAL9_START_DELAY_ANY_t1	DUAL9	START_DELAY	ANY	3	1	-1	0	100	
D100_DUAL9_START_DELAY_ANY_t2	DUAL9	START_DELAY	ANY	3	2	-1	0	100	
D100_DUAL9_START_DELAY_ANY_t25	DUAL9	START_DELAY	ANY	3	25	-1	0	100	
D100_DUAL9_START_DELAY_ANY_t50	DUAL9	START_DELAY	ANY	3	50	-1	0	100	
D100_DUAL9_START_DELAY_ANY_t75	DUAL9	START_DELAY	ANY	3	75	-1	0	100	
D100_DUAL9_START_DELAY_ANY_t100	DUAL9	START_DELAY	ANY	3	100	-1	0	100	
D100_DUAL9_START_DELAY_ANY_t125	DUAL9	START_DELAY	ANY	3	125	-1	0	100	
D100_DUAL9_START_DELAY_ANY_t150	DUAL9	START_DELAY	ANY	3	150	-1	0	100	
D100_DUAL9_START_DELAY_ANY_t160	DUAL9	START_DELAY	ANY	3	160	-1	0	100	
D100_DUAL9_START_DELAY_ANY_t161	DUAL9	START_DELAY	ANY	3	161	-1	0	100	
D100_DUAL9_START_DELAY_ANY_t162	DUAL9	START_DELAY	ANY	3	162	-1	0	100	
D100_DUAL9_START_DELAY_ANY_t175	DUAL9	START_DELAY	ANY	3	175	-1	0	100	
D100_DUAL9_START_DELAY_ANY_t200	DUAL9	START_DELAY	ANY	3	200	-1	0	100	
D100_DUAL9_START_DELAY_ANY_t225	DUAL9	START_DELAY	ANY	3	225	-1	0	100	
D100_DUAL9_START_DELAY_ANY_t248	DUAL9	START_DELAY	ANY	3	248	-1	0	100	
D100_DUAL9_START_DELAY_ANY_t249	DUAL9	START_DELAY	ANY	3	249	-1	0	100	
D100_DUAL9_START_DELAY_ANY_t250	DUAL9	START_DELAY	ANY	3	250	-1	0	100	
D100_DUAL9_START_DELAY_ANY_t266	DUAL9	START_DELAY	ANY	3	266	-1	0	100	
D100_DUAL9_START_DELAY_ANY_t275	DUAL9	START_DELAY	ANY	3	275	-1	0	100	
D100_DUAL9_START_DELAY_ANY_t283	DUAL9	START_DELAY	ANY	3	283	-1	0	100	
D100_DUAL9_START_DELAY_ANY_t284	DUAL9	START_DELAY	ANY	3	284	-1	0	100	
D100_DUAL9_START_DELAY_ANY_t285	DUAL9	START_DELAY	ANY	3	285	-1	0	100	
D100_DUAL9_START_DELAY_ANY_t300	DUAL9	START_DELAY	ANY	3	300	-1	0	100	
D100_DUAL9_START_DELAY_ANY_t309	DUAL9	START_DELAY	ANY	3	309	-1	0	100	
D100_DUAL9_START_DELAY_ANY_t310	DUAL9	START_DELAY	ANY	3	310	-1	0	100	
D100_DUAL9_START_DELAY_ANY_t311	DUAL9	START_DELAY	ANY	3	311	-1	0	100	
D100_DUAL9_START_DELAY_ANY_t325	DUAL9	START_DELAY	ANY	3	325	-1	0	100	
D100_DUAL9_START_DELAY_ANY_t350	DUAL9	START_DELAY	ANY	3	350	-1	0	100	
D100_DUAL9_START_DELAY_ANY_t375	DUAL9	START_DELAY	ANY	3	375	-1	0	100	
D100_DUAL9_START_DELAY_ANY_t385	DUAL9	START_DELAY	ANY	3	385	-1	0	100	
D100_DUAL9_START_DELAY_ANY_t400	DUAL9	START_DELAY	ANY	3	400	-1	0	100	
D100_DUAL9_START_DELAY_ANY_t425	DUAL9	START_DELAY	ANY	3	425	-1	0	100	
D100_DUAL9_START_DELAY_ANY_t443	DUAL9	START_DELAY	ANY	3	443	-1	0	100	
D100_DUAL9_START_DELAY_ANY_t444	DUAL9	START_DELAY	ANY	3	444	-1	0	100	
D100_DUAL9_START_DELAY_ANY_t445	DUAL9	START_DELAY	ANY	3	445	-1	0	100	
D100_DUAL9_START_DELAY_ANY_t450	DUAL9	START_DELAY	ANY	3	450	-1	0	100	
D100_DUAL9_START_DELAY_ANY_t475	DUAL9	START_DELAY	ANY	3	475	-1	0	100	
D100_DUAL9_START_DELAY_ANY_t477	DUAL9	START_DELAY	ANY	3	477	-1	0	100	
D100_DUAL9_START_DELAY_ANY_t478	DUAL9	START_DELAY	ANY	3	478	-1	0	100	
D100_DUAL9_START_DELAY_ANY_t479	DUAL9	START_DELAY	ANY	3	479	-1	0	100	
D100_DUAL9_START_DELAY_ANY_t500	DUAL9	START_DELAY	ANY	3	500	-1	0	100	
D100_DUAL9_START_DELAY_ANY_t525	DUAL9	START_DELAY	ANY	3	525	-1	0	100	
D100_DUAL9_START_DELAY_ANY_t550	DUAL9	START_DELAY	ANY	3	550	-1	0	100	
D100_DUAL9_START_DELAY_ANY_t575	DUAL9	START_DELAY	ANY	3	575	-1	0	100	
D100_DUAL9_START_DELAY_ANY_t600	DUAL9	START_DELAY	ANY	3	600	-1	0	100	
D100_DUAL9_START_DELAY_ANY_t625	DUAL9	START_DELAY	ANY	3	625	-1	0	100	
D100_DUAL9_START_DELAY_ANY_t650	DUAL9	START_DELAY	ANY	3	650	-1	0	100	
D100_DUAL9_START_DELAY_ANY_t675	DUAL9	START_DELAY	ANY	3	675	-1	0	100	
D100_DUAL9_START_DELAY_ANY_t700	DUAL9	START_DELAY	ANY	3	700	-1	0	100	
D100_DUAL9_START_DELAY_ANY_t725	DUAL9	START_DELAY	ANY	3	725	-1	0	100	
D100_DUAL9_START_DELAY_ANY_t750	DUAL9	START_DELAY	ANY	3	750	-1	0	100	
D100_DUAL9_START_DELAY_ANY_t775	DUAL9	START_DELAY	ANY	3	775	-1	0	100	
D100_DUAL9_START_DELAY_ANY_t800	DUAL9	START_DELAY	ANY	3	800	-1	0	100	
D100_DUAL9_START_DELAY_ANY_t825	DUAL9	START_DELAY	ANY	3	825	-1	0	100	
D100_DUAL9_START_DELAY_ANY_t850	DUAL9	START_DELAY	ANY	3	850	-1	0	100	
D100_DUAL9_START_DELAY_ANY_t875	DUAL9	START_DELAY	ANY	3	875	-1	0	100	
D100_DUAL9_START_DELAY_ANY_t900	DUAL9	START_DELAY	ANY	3	900	-1	0	100	
D100_DUAL9_START_DELAY_ANY_t925	DUAL9	START_DELAY	ANY	3	925	-1	0	100	
D100_DUAL9_START_DELAY_ANY_t950	DUAL9	START_DELAY	ANY	3	950	-1	0	100	
D100_DUAL9_START_DELAY_ANY_t975	DUAL9	START_DELAY	ANY	3	975	-1	0	100	
D100_DUAL9_START_DELAY_ANY_t1000	DUAL9	START_DELAY	ANY	3	1000	-1	0	100	
D100_DUAL9_START_DELAY_ANY_t1025	DUAL9	START_DELAY	ANY	3	1025	-1	0	100	
D100_DUAL9_START_DELAY_ANY_t1050	DUAL9	START_DELAY	ANY	3	1050	-1	0	100	
D100_DUAL9_START_DELAY_ANY_t1075	DUAL9	START_DELAY	ANY	3	1075	-1	0	100	
D100_DUAL9_START_DELAY_ANY_t1100	DUAL9	START_DELAY	ANY	3	1100	-1	0	100	
D100_DUAL9_START_DELAY_ANY_t1125	DUAL9	START_DELAY	ANY	3	1125	-1	0	100	
D100_DUAL9_START_DELAY_ANY_t1150	DUAL9	START_DELAY	ANY	3	1150	-1	0	100	
D100_DUAL9_START_DELAY_ANY_t1175	DUAL9	START_DELAY	ANY	3	1175	-1	0	100	
D100_DUAL9_START_DELAY_ANY_t1200	DUAL9	START_DELAY	ANY	3	1200	-1	0	100	
D100_DUAL9_START_DELAY_ANY_t1225	DUAL9	START_DELAY	ANY	3	1225	-1	0	100	
D100_DUAL9_START_DELAY_ANY_t1250	DUAL9	START_DELAY	ANY	3	1250	-1	0	100	
D100_DUAL9_START_DELAY_ANY_t1275	DUAL9	START_DELAY	ANY	3	1275	-1	0	100	
D100_DUAL9_START_DELAY_ANY_t1300	DUAL9	START_DELAY	ANY	3	1300	-1	0	100	
D100_DUAL9_START_DELAY_ANY_t1325	DUAL9	START_DELAY	ANY	3	1325	-1	0	100	
D100_DUAL9_START_DELAY_ANY_t1350	DUAL9	START_DELAY	ANY	3	1350	-1	0	100	
D100_DUAL9_START_DELAY_ANY_t1375	DUAL9	START_DELAY	ANY	3	1375	-1	0	100	
D100_DUAL9_START_DELAY_ANY_t1400	DUAL9	START_DELAY	ANY	3	1400	-1	0	100	
D100_DUAL9_START_DELAY_ANY_t1425	DUAL9	START_DELAY	ANY	3	1425	-1	0	100	
D100_DUAL9_START_DELAY_ANY_t1450	DUAL9	START_DELAY	ANY	3	1450	-1	0	100	
D100_DUAL9_START_DELAY_ANY_t1475	DUAL9	START_DELAY	ANY	3	1475	-1	0	100	
D100_DUAL9_START_DELAY_ANY_t1500	DUAL9	START_DELAY	ANY	3	1500	-1	0	100	
D100_DUAL9_START_DELAY_ANY_t1525	DUAL9	START_DELAY	ANY	3	1525	-1	0	100	
D100_DUAL9_START_DELAY_ANY_t1550	DUAL9	START_DELAY	ANY	3	1550	-1	0	100	
D100_DUAL9_START_DELAY_ANY_t1575	DUAL9	START_DELAY	ANY	3	1575	-1	0	100	
D100_DUAL9_START_DELAY_ANY_t1600	DUAL9	START_DELAY	ANY	3	1600	-1	0	100	
D100_DUAL9_START_DELAY_ANY_t1625	DUAL9	START_DELAY	ANY	3	1625	-1	0	100	
D100_DUAL9_START_DELAY_ANY_t1650	DUAL9	START_DELAY	ANY	3	1650	-1	0	100	
D100_DUAL9_START_DELAY_ANY_t1675	DUAL9	START_DELAY	ANY	3	1675	-1	0	100	
D100_DUAL9_START_DELAY_ANY_t1700	DUAL9	START_DELAY	ANY	3	1700	-1	0	100	
D100_DUAL9_START_DELAY_ANY_t1725	DUAL9	START_DELAY	ANY	3	1725	-1	0	100	
D100_DUAL9_START_DELAY_ANY_t1750	DUAL9	START_DELAY	ANY	3	1750	-1	0	100	
D100_DUAL9_START_DELAY_ANY_t1775	DUAL9	START_DELAY	ANY	3	1775	-1	0	100	
D100_DUAL9_START_DELAY_ANY_t1800	DUAL9	START_DELAY	ANY	3	1800	-1	0	100	
D100_DUAL9_START_DELAY_ANY_t1825	DUAL9	START_DELAY	ANY	3	1825	-1	0	100	
D100_DUAL9_START_DELAY_ANY_t1850	DUAL9	START_DELAY	ANY	3	1850	-1	0	100	
D100_DUAL9_START_DELAY_ANY_t1875	DUAL9	START_DELAY	ANY	3	1875	-1	0	100	
D100_DUAL9_START_DELAY_ANY_t1900	DUAL9	START_DELAY	ANY	3	1900	-1	0	100	
D100_DUAL9_START_DELAY_ANY_t1925	DUAL9	START_DELAY	ANY	3	1925	-1	0	100	
D100_DUAL9_START_DELAY_ANY_t1950	DUAL9	START_DELAY	ANY	3	1950	-1	0	100	
D100_DUAL9_START_DELAY_ANY_t1975	DUAL9	START_DELAY	ANY	3	1975	-1	0	100	
D100_DUAL9_START_DELAY_ANY_t2000	DUAL9	START_DELAY	ANY	3	2000	-1	0	100	
D100_DUAL9_START_DELAY_ANY_t2025	DUAL9	START_DELAY	ANY	3	2025	-1	0	100	
D100_DUAL9_START_DELAY_ANY_t2050	DUAL9	START_DELAY	ANY	3	2050	-1	0	100	
D100_DUAL9_START_DELAY_ANY_t2075	DUAL9	START_DELAY	ANY	3	2075	-1	0	100	
D100_DUAL9_START_DELAY_ANY_t2100	DUAL9	START_DELAY	ANY	3	2100	-1	0	100	
D100_DUAL9_START_DELAY_ANY_t2125	DUAL9	START_DELAY	ANY	3	2125	-1	0	100	
D100_DUAL9_START_DELAY_ANY_t2150	DUAL9	START_DELAY	ANY	3	2150	-1	0	100	
D100_DUAL9_START_DELAY_ANY_t2175	DUAL9	START_DELAY	ANY	3	2175	-1	0	100	
D100_DUAL9_START_DELAY_ANY_t2200	DUAL9	START_DELAY	ANY	3	2200	-1	0	100	
D100_DUAL9_START_DELAY_ANY_t2225	DUAL9	START_DELAY	ANY	3	2225	-1	0	100	
D100_DUAL9_START_DELAY_ANY_t2250	DUAL9	START_DELAY	ANY	3	2250	-1	0	100	
D100_DUAL9_START_DELAY_ANY_t2275	DUAL9	START_DELAY	ANY	3	2275	-1	0	100	
D100_DUAL9_START_DELAY_ANY_t2300	DUAL9	START_DELAY	ANY	3	2300	-1	0	100	
D100_DUAL9_START_DELAY_ANY_t2325	DUAL9	START_DELAY	ANY	3	2325	-1	0	100	
D100_DUAL9_START_DELAY_ANY_t2350	DUAL9	START_DELAY	ANY	3	2350	-1	0	100	
D100_DUAL9_START_DELAY_ANY_t2375	DUAL9	START_DELAY	ANY	3	2375	-1	0	100	
D100_DUAL9_START_DELAY_ANY_t2400	DUAL9	START_DELAY	ANY	3	2400	-1	0	100	
D100_DUAL9_START_DELAY_ANY_t2425	DUAL9	START_DELAY	ANY	3	2425	-1	0	100	
D100_DUAL9_START_DELAY_ANY_t2450	DUAL9	START_DELAY	ANY	3	2450	-1	0	100	
D100_DUAL9_START_DELAY_ANY_t2475	DUAL9	START_DELAY	ANY	3	2475	-1	0	100	
D100_DUAL9_START_DELAY_ANY_t2500	DUAL9	START_DELAY	ANY	3	2500	-1	0	100	
D100_DUAL9_START_DELAY_ANY_t2525	DUAL9	START_DELAY	ANY	3	2525	-1	0	100	
D100_DUAL9_START_DELAY_ANY_t2550	DUAL9	START_DELAY	ANY	3	2550	-1	0	100	
D100_DUAL9_START_DELAY_ANY_t2575	DUAL9	START_DELAY	ANY	3	2575	-1	0	100	
D100_DUAL9_START_DELAY_ANY_t2600	DUAL9	START_DELAY	ANY	3	2600	-1	0	100	
D100_DUAL9_START_DELAY_ANY_t2625	DUAL9	START_DELAY	ANY	3	2625	-1	0	100	
D100_DUAL9_START_DELAY_ANY_t2650	DUAL9	START_DELAY	ANY	3	2650	-1	0	100	
D100_DUAL9_START_DELAY_ANY_t2675	DUAL9	START_DELAY	ANY	3	2675	-1	0	100	
D100_DUAL9_START_DELAY_ANY_t2700	DUAL9	START_DELAY	ANY	3	2700	-1	0	100	
D100_DUAL9_START_DELAY_ANY_t2725	DUAL9	START_DELAY	ANY	3	2725	-1	0	100	
D100_DUAL9_START_DELAY_ANY_t2750	DUAL9	START_DELAY	ANY	3	2750	-1	0	100	
D100_DUAL9_START_DELAY_ANY_t2775	DUAL9	START_DELAY	ANY	3	2775	-1	0	100	
D100_DUAL9_START_DELAY_ANY_t2800	DUAL9	START_DELAY	ANY	3	2800	-1	0	100	
D100_DUAL9_START_DELAY_ANY_t2825	DUAL9	START_DELAY	ANY	3	2825	-1	0	100	
D100_DUAL9_START_DELAY_ANY_t2850	DUAL9	START_DELAY	ANY	3	2850	-1	0	100	
D100_DUAL9_START_DELAY_ANY_t2875	DUAL9	START_DELAY	ANY	3	2875	-1	0	100	
D100_DUAL9_START_DELAY_ANY_t2900	DUAL9	START_DELAY	ANY	3	2900	-1	0	100	
D100_DUAL9_START_DELAY_ANY_t2925	DUAL9	START_DELAY	ANY	3	2925	-1	0	100	
D100_DUAL9_START_DELAY_ANY_t2950	DUAL9	START_DELAY	ANY	3	2950	-1	0	100	
D100_DUAL9_START_DELAY_ANY_t2975	DUAL9	START_DELAY	ANY	3	2975	-1	0	100	
D100_DUAL9_START_DELAY_ANY_t3000	DUAL9	START_DELAY	ANY	3	3000	-1	0	100	
D100_DUAL9_START_DELAY_ANY_t3025	DUAL9	START_DELAY	ANY	3	3025	-1	0	100	
D100_DUAL9_START_DELAY_ANY_t3050	DUAL9	START_DELAY	ANY	3	3050	-1	0	100	
D100_DUAL9_START_DELAY_ANY_t3075	DUAL9	START_DELAY	ANY	3	3075	-1	0	100	
D100_DUAL9_START_DELAY_ANY_t3100	DUAL9	START_DELAY	ANY	3	3100	-1	0	100	
D100_DUAL9_START_DELAY_ANY_t3125	DUAL9	START_DELAY	ANY	3	3125	-1	0	100	
D100_DUAL9_START_DELAY_ANY_t3150	DUAL9	START_DELAY	ANY	3	3150	-1	0	100	
D100_DUAL9_START_DELAY_ANY_t3175	DUAL9	START_DELAY	ANY	3	3175	-1	0	100	
D100_DUAL9_START_DELAY_ANY_t3200	DUAL9	START_DELAY	ANY	3	3200	-1	0	100	
D100_DUAL9_START_DELAY_ANY_t3225	DUAL9	START_DELAY	ANY	3	3225	-1	0	100	
D100_DUAL9_START_DELAY_ANY_t3250	DUAL9	START_DELAY	ANY	3	3250	-1	0	100	
D100_DUAL9_START_DELAY_ANY_t3275	DUAL9	START_DELAY	ANY	3	3275	-1	0	100	
D100_DUAL9_START_DELAY_ANY_t3300	DUAL9	START_DELAY	ANY	3	3300	-1	0	100	
D100_DUAL9_START_DELAY_ANY_t3325	DUAL9	START_DELAY	ANY	3	3325	-1	0	100	
D100_DUAL9_START_DELAY_ANY_t3350	DUAL9	START_DELAY	ANY	3	3350	-1	0	100	
D100_DUAL9_START_DELAY_ANY_t3375	DUAL9	START_DELAY	ANY	3	3375	-1	0	100	
D100_DUAL9_START_DELAY_ANY_t3400	DUAL9	START_DELAY	ANY	3	3400	-1	0	100	
D100_DUAL9_START_DELAY_ANY_t3425	DUAL9	START_DELAY	ANY	3	3425	-1	0	100	
D100_DUAL9_START_DELAY_ANY_t3450	DUAL9	START_DELAY	ANY	3	3450	-1	0	100	
D100_DUAL9_START_DELAY_ANY_t3475	DUAL9	START_DELAY	ANY	3	3475	-1	0	100	
D100_DUAL9_START_DELAY_ANY_t3500	DUAL9	START_DELAY	ANY	3	3500	-1	0	100	
D100_DUAL9_START_DELAY_ANY_t3525	DUAL9	START_DELAY	ANY	3	3525	-1	0	100	
D100_DUAL9_START_DELAY_ANY_t3550	DUAL9	START_DELAY	ANY	3	3550	-1	0	100	
D100_DUAL9_START_DELAY_ANY_t3575	DUAL9	START_DELAY	ANY	3	3575	-1	0	100	
D100_DUAL9_START_DELAY_ANY_t3600	DUAL9	START_DELAY	ANY	3	3600	-1	0	100	
D100_DUAL9_START_DELAY_ANY_t3625	DUAL9	START_DELAY	ANY	3	3625	-1	0	100	
D100_DUAL9_START_DELAY_ANY_t3650	DUAL9	START_DELAY	ANY	3	3650	-1	0	100	
D100_DUAL9_START_DELAY_ANY_t3675	DUAL9	START_DELAY	ANY	3	3675	-1	0	100	
D100_DUAL9_START_DELAY_ANY_t3700	DUAL9	START_DELAY	ANY	3	3700	-1	0	100	
D100_DUAL9_START_DELAY_ANY_t3725	DUAL9	START_DELAY	ANY	3	3725	-1	0	100	
D100_DUAL9_START_DELAY_ANY_t3750	DUAL9	START_DELAY	ANY	3	3750	-1	0	100	
D100_DUAL9_START_DELAY_ANY_t3775	DUAL9	START_DELAY	ANY	3	3775	-1	0	100	
D100_DUAL9_START_DELAY_ANY_t3800	DUAL9	START_DELAY	ANY	3	3800	-1	0	100	
D100_DUAL9_START_DELAY_ANY_t3825	DUAL9	START_DELAY	ANY	3	3825	-1	0	100	
D100_DUAL9_START_DELAY_ANY_t3850	DUAL9	START_DELAY	ANY	3	3850	-1	0	100	
D100_DUAL9_START_DELAY_ANY_t3875	DUAL9	START_DELAY	ANY	3	3875	-1	0	100	
D100_DUAL9_START_DELAY_ANY_t3900	DUAL9	START_DELAY	ANY	3	3900	-1	0	100	
D100_DUAL9_START_DELAY_ANY_t3925	DUAL9	START_DELAY	ANY	3	3925	-1	0	100	
D100_DUAL9_START_DELAY_ANY_t3950	DUAL9	START_DELAY	ANY	3	3950	-1	0	100	
D100_DUAL9_START_DELAY_ANY_t3975	DUAL9	START_DELAY	ANY	3	3975	-1	0	100	
D100_DUAL9_START_DELAY_ANY_t4000	DUAL9	START_DELAY	ANY	3	4000	-1	0	100	
D100_DUAL9_START_DELAY_ANY_t4025	DUAL9	START_DELAY	ANY	3	4025	-1	0	100	
D100_DUAL9_START_DELAY_ANY_t4050	DUAL9	START_DELAY	ANY	3	4050	-1	0	100	
D100_DUAL9_START_DELAY_ANY_t4075	DUAL9	START_DELAY	ANY	3	4075	-1	0	100	
D100_DUAL9_START_DELAY_ANY_t4100	DUAL9	START_DELAY	ANY	3	4100	-1	0	100	
D100_DUAL9_START_DELAY_ANY_t4125	DUAL9	START_DELAY	ANY	3	4125	-1	0	100	
D100_DUAL9_START_DELAY_ANY_t4150	DUAL9	START_DELAY	ANY	3	4150	-1	0	100	
D100_DUAL9_START_DELAY_ANY_t4175	DUAL9	START_DELAY	ANY	3	4175	-1	0	100	
D100_DUAL9_START_DELAY_ANY_t4200	DUAL9	START_DELAY	ANY	3	4200	-1	0	100	
D100_DUAL9_START_DELAY_ANY_t4225	DUAL9	START_DELAY	ANY	3	4225	-1	0	100	
D100_DUAL9_START_DELAY_ANY_t4250	DUAL9	START_DELAY	ANY	3	4250	-1	0	100	
D100_DUAL9_START_DELAY_ANY_t4275	DUAL9	START_DELAY	ANY	3	4275	-1	0	100	
D100_DUAL9_START_DELAY_ANY_t4300	DUAL9	START_DELAY	ANY	3	4300	-1	0	100	
D100_DUAL9_START_DELAY_ANY_t4325	DUAL9	START_DELAY	ANY	3	4325	-1	0	100	
D100_DUAL9_START_DELAY_ANY_t4350	DUAL9	START_DELAY	ANY	3	4350	-1	0	100	
D100_DUAL9_START_DELAY_ANY_t4375	DUAL9	START_DELAY	ANY	3	4375	-1	0	100	
D100_DUAL9_START_DELAY_ANY_t4400	DUAL9	START_DELAY	ANY	3	4400	-1	0	100	
D100_DUAL9_START_DELAY_ANY_t4425	DUAL9	START_DELAY	ANY	3	4425	-1	0	100	
D100_DUAL9_START_DELAY_ANY_t4450	DUAL9	START_DELAY	ANY	3	4450	-1	0	100	
D100_DUAL9_START_DELAY_ANY_t4475	DUAL9	START_DELAY	ANY	3	4475	-1	0	100	
D100_DUAL9_START_DELAY_ANY_t4499	DUAL9	START_DELAY	ANY	3	4499	-1	0	100	
D100_DUAL9_START_DELAY_ANY_t4500	DUAL9	START_DELAY	ANY	3	4500	-1	0	100	
D100_DUAL9_START_DELAY_ANY_t4501	DUAL9	START_DELAY	ANY	3	4501	-1	0	100	
D100_DUAL9_START_DELAY_ANY_t4502	DUAL9	START_DELAY	ANY	3	4502	-1	0	100	
D100_DUAL9_START_DELAY_ANY_t4503	DUAL9	START_DELAY	ANY	3	4503	-1	0	100	
D100_DUAL9_START_DELAY_ANY_t4525	DUAL9	START_DELAY	ANY	3	4525	-1	0	100	
D100_DUAL9_START_DELAY_ANY_t4550	DUAL9	START_DELAY	ANY	3	4550	-1	0	100	
D100_DUAL9_START_DELAY_ANY_t4575	DUAL9	START_DELAY	ANY	3	4575	-1	0	100	
D100_DUAL9_START_DELAY_ANY_t4600	DUAL9	START_DELAY	ANY	3	4600	-1	0	100	
D100_DUAL9_START_DELAY_ANY_t4625	DUAL9	START_DELAY	ANY	3	4625	-1	0	100	
D100_DUAL9_START_DELAY_ANY_t4650	DUAL9	START_DELAY	ANY	3	4650	-1	0	100	
D100_DUAL9_START_DELAY_ANY_t4675	DUAL9	START_DELAY	ANY	3	4675	-1	0	100	
D100_DUAL9_START_DELAY_ANY_t4700	DUAL9	START_DELAY	ANY	3	4700	-1	0	100	
D100_DUAL9_START_DELAY_ANY_t4725	DUAL9	START_DELAY	ANY	3	4725	-1	0	100	
D100_DUAL9_START_DELAY_ANY_t4750	DUAL9	START_DELAY	ANY	3	4750	-1	0	100	
D100_DUAL9_START_DELAY_ANY_t4760	DUAL9	START_DELAY	ANY	3	4760	-1	0	100	
D100_DUAL9_START_DELAY_ANY_t4775	DUAL9	START_DELAY	ANY	3	4775	-1	0	100	
D100_DUAL9_START_DELAY_ANY_t4800	DUAL9	START_DELAY	ANY	3	4800	-1	0	100	
D100_DUAL9_START_DELAY_ANY_t4808	DUAL9	START_DELAY	ANY	3	4808	-1	0	100	
D100_DUAL9_START_DELAY_ANY_t4809	DUAL9	START_DELAY	ANY	3	4809	-1	0	100	
D100_DUAL9_START_DELAY_ANY_t4810	DUAL9	START_DELAY	ANY	3	4810	-1	0	100	
D100_DUAL9_START_DELAY_ANY_t4811	DUAL9	START_DELAY	ANY	3	4811	-1	0	100	
D100_DUAL9_START_DELAY_ANY_t4812	DUAL9	START_DELAY	ANY	3	4812	-1	0	100	
D100_DUAL9_START_DELAY_ANY_t4825	DUAL9	START_DELAY	ANY	3	4825	-1	0	100	
D100_DUAL9_START_DELAY_ANY_t4850	DUAL9	START_DELAY	ANY	3	4850	-1	0	100	
D100_DUAL9_START_DELAY_ANY_t4875	DUAL9	START_DELAY	ANY	3	4875	-1	0	100	
D100_DUAL9_START_DELAY_ANY_t4900	DUAL9	START_DELAY	ANY	3	4900	-1	0	100	
D100_DUAL9_START_DELAY_ANY_t4925	DUAL9	START_DELAY	ANY	3	4925	-1	0	100	
D100_DUAL9_START_DELAY_ANY_t4950	DUAL9	START_DELAY	ANY	3	4950	-1	0	100	
D100_DUAL9_START_DELAY_ANY_t4975	DUAL9	START_DELAY	ANY	3	4975	-1	0	100	
D100_DUAL9_START_DELAY_ANY_t4999	DUAL9	START_DELAY	ANY	3	4999	-1	0	100	
D100_DUAL9_START_DELAY_ANY_t5000	DUAL9	START_DELAY	ANY	4	0	-1	0	100	
D100_DUAL9_START_DELAY_ANY_t5001	DUAL9	START_DELAY	ANY	4	1	-1	0	100	
D200_DUAL9_START_DELAY_ANY_t0	DUAL9	START_DELAY	ANY	3	0	-1	0	200	
D200_DUAL9_START_DELAY_ANY_t1	DUAL9	START_DELAY	ANY	3	1	-1	0	200	
D200_DUAL9_START_DELAY_ANY_t2	DUAL9	START_DELAY	ANY	3	2	-1	0	200	
D200_DUAL9_START_DELAY_ANY_t25	DUAL9	START_DELAY	ANY	3	25	-1	0	200	
D200_DUAL9_START_DELAY_ANY_t50	DUAL9	START_DELAY	ANY	3	50	-1	0	200	
D200_DUAL9_START_DELAY_ANY_t75	DUAL9	START_DELAY	ANY	3	75	-1	0	200	
D200_DUAL9_START_DELAY_ANY_t100	DUAL9	START_DELAY	ANY	3	100	-1	0	200	
D200_DUAL9_START_DELAY_ANY_t125	DUAL9	START_DELAY	ANY	3	125	-1	0	200	
D200_DUAL9_START_DELAY_ANY_t150	DUAL9	START_DELAY	ANY	3	150	-1	0	200	
D200_DUAL9_START_DELAY_ANY_t160	DUAL9	START_DELAY	ANY	3	160	-1	0	200	
D200_DUAL9_START_DELAY_ANY_t161	DUAL9	START_DELAY	ANY	3	161	-1	0	200	
D200_DUAL9_START_DELAY_ANY_t162	DUAL9	START_DELAY	ANY	3	162	-1	0	200	
D200_DUAL9_START_DELAY_ANY_t175	DUAL9	START_DELAY	ANY	3	175	-1	0	200	
D200_DUAL9_START_DELAY_ANY_t200	DUAL9	START_DELAY	ANY	3	200	-1	0	200	
D200_DUAL9_START_DELAY_ANY_t225	DUAL9	START_DELAY	ANY	3	225	-1	0	200	
D200_DUAL9_START_DELAY_ANY_t248	DUAL9	START_DELAY	ANY	3	248	-1	0	200	
D200_DUAL9_START_DELAY_ANY_t249	DUAL9	START_DELAY	ANY	3	249	-1	0	200	
D200_DUAL9_START_DELAY_ANY_t250	DUAL9	START_DELAY	ANY	3	250	-1	0	200	
D200_DUAL9_START_DELAY_ANY_t266	DUAL9	START_DELAY	ANY	3	266	-1	0	200	
D200_DUAL9_START_DELAY_ANY_t275	DUAL9	START_DELAY	ANY	3	275	-1	0	200	
D200_DUAL9_START_DELAY_ANY_t283	DUAL9	START_DELAY	ANY	3	283	-1	0	200	
D200_DUAL9_START_DELAY_ANY_t284	DUAL9	START_DELAY	ANY	3	284	-1	0	200	
D200_DUAL9_START_DELAY_ANY_t285	DUAL9	START_DELAY	ANY	3	285	-1	0	200	
D200_DUAL9_START_DELAY_ANY_t300	DUAL9	START_DELAY	ANY	3	300	-1	0	200	
D200_DUAL9_START_DELAY_ANY_t309	DUAL9	START_DELAY	ANY	3	309	-1	0	200	
D200_DUAL9_START_DELAY_ANY_t310	DUAL9	START_DELAY	ANY	3	310	-1	0	200	
D200_DUAL9_START_DELAY_ANY_t311	DUAL9	START_DELAY	ANY	3	311	-1	0	200	
D200_DUAL9_START_DELAY_ANY_t325	DUAL9	START_DELAY	ANY	3	325	-1	0	200	
D200_DUAL9_START_DELAY_ANY_t350	DUAL9	START_DELAY	ANY	3	350	-1	0	200	
D200_DUAL9_START_DELAY_ANY_t375	DUAL9	START_DELAY	ANY	3	375	-1	0	200	
D200_DUAL9_START_DELAY_ANY_t385	DUAL9	START_DELAY	ANY	3	385	-1	0	200	
D200_DUAL9_START_DELAY_ANY_t400	DUAL9	START_DELAY	ANY	3	400	-1	0	200	
D200_DUAL9_START_DELAY_ANY_t425	DUAL9	START_DELAY	ANY	3	425	-1	0	200	
D200_DUAL9_START_DELAY_ANY_t443	DUAL9	START_DELAY	ANY	3	443	-1	0	200	
D200_DUAL9_START_DELAY_ANY_t444	DUAL9	START_DELAY	ANY	3	444	-1	0	200	
D200_DUAL9_START_DELAY_ANY_t445	DUAL9	START_DELAY	ANY	3	445	-1	0	200	
D200_DUAL9_START_DELAY_ANY_t450	DUAL9	START_DELAY	ANY	3	450	-1	0	200	
D200_DUAL9_START_DELAY_ANY_t475	DUAL9	START_DELAY	ANY	3	475	-1	0	200	
D200_DUAL9_START_DELAY_ANY_t477	DUAL9	START_DELAY	ANY	3	477	-1	0	200	
D200_DUAL9_START_DELAY_ANY_t478	DUAL9	START_DELAY	ANY	3	478	-1	0	200	
D200_DUAL9_START_DELAY_ANY_t479	DUAL9	START_DELAY	ANY	3	479	-1	0	200	
D200_DUAL9_START_DELAY_ANY_t500	DUAL9	START_DELAY	ANY	3	500	-1	0	200	
D200_DUAL9_START_DELAY_ANY_t525	DUAL9	START_DELAY	ANY	3	525	-1	0	200	
D200_DUAL9_START_DELAY_ANY_t550	DUAL9	START_DELAY	ANY	3	550	-1	0	200	
D200_DUAL9_START_DELAY_ANY_t575	DUAL9	START_DELAY	ANY	3	575	-1	0	200	
D200_DUAL9_START_DELAY_ANY_t600	DUAL9	START_DELAY	ANY	3	600	-1	0	200	
D200_DUAL9_START_DELAY_ANY_t625	DUAL9	START_DELAY	ANY	3	625	-1	0	200	
D200_DUAL9_START_DELAY_ANY_t650	DUAL9	START_DELAY	ANY	3	650	-1	0	200	
D200_DUAL9_START_DELAY_ANY_t675	DUAL9	START_DELAY	ANY	3	675	-1	0	200	
D200_DUAL9_START_DELAY_ANY_t700	DUAL9	START_DELAY	ANY	3	700	-1	0	200	
D200_DUAL9_START_DELAY_ANY_t725	DUAL9	START_DELAY	ANY	3	725	-1	0	200	
D200_DUAL9_START_DELAY_ANY_t750	DUAL9	START_DELAY	ANY	3	750	-1	0	200	
D200_DUAL9_START_DELAY_ANY_t775	DUAL9	START_DELAY	ANY	3	775	-1	0	200	
D200_DUAL9_START_DELAY_ANY_t800	DUAL9	START_DELAY	ANY	3	800	-1	0	200	
D200_DUAL9_START_DELAY_ANY_t825	DUAL9	START_DELAY	ANY	3	825	-1	0	200	
D200_DUAL9_START_DELAY_ANY_t850	DUAL9	START_DELAY	ANY	3	850	-1	0	200	
D200_DUAL9_START_DELAY_ANY_t875	DUAL9	START_DELAY	ANY	3	875	-1	0	200	
D200_DUAL9_START_DELAY_ANY_t900	DUAL9	START_DELAY	ANY	3	900	-1	0	200	
D200_DUAL9_START_DELAY_ANY_t925	DUAL9	START_DELAY	ANY	3	925	-1	0	200	
D200_DUAL9_START_DELAY_ANY_t950	DUAL9	START_DELAY	ANY	3	950	-1	0	200	
D200_DUAL9_START_DELAY_ANY_t975	DUAL9	START_DELAY	ANY	3	975	-1	0	200	
D200_DUAL9_START_DELAY_ANY_t1000	DUAL9	START_DELAY	ANY	3	1000	-1	0	200	
D200_DUAL9_START_DELAY_ANY_t1025	DUAL9	START_DELAY	ANY	3	1025	-1	0	200	
D200_DUAL9_START_DELAY_ANY_t1050	DUAL9	START_DELAY	ANY	3	1050	-1	0	200	
D200_DUAL9_START_DELAY_ANY_t1075	DUAL9	START_DELAY	ANY	3	1075	-1	0	200	
D200_DUAL9_START_DELAY_ANY_t1100	DUAL9	START_DELAY	ANY	3	1100	-1	0	200	
D200_DUAL9_START_DELAY_ANY_t1125	DUAL9	START_DELAY	ANY	3	1125	-1	0	200	
D200_DUAL9_START_DELAY_ANY_t1150	DUAL9	START_DELAY	ANY	3	1150	-1	0	200	
D200_DUAL9_START_DELAY_ANY_t1175	DUAL9	START_DELAY	ANY	3	1175	-1	0	200	
D200_DUAL9_START_DELAY_ANY_t1200	DUAL9	START_DELAY	ANY	3	1200	-1	0	200	
D200_DUAL9_START_DELAY_ANY_t1225	DUAL9	START_DELAY	ANY	3	1225	-1	0	200	
D200_DUAL9_START_DELAY_ANY_t1250	DUAL9	START_DELAY	ANY	3	1250	-1	0	200	
D200_DUAL9_START_DELAY_ANY_t1275	DUAL9	START_DELAY	ANY	3	1275	-1	0	200	
D200_DUAL9_START_DELAY_ANY_t1300	DUAL9	START_DELAY	ANY	3	1300	-1	0	200	
D200_DUAL9_START_DELAY_ANY_t1325	DUAL9	START_DELAY	ANY	3	1325	-1	0	200	
D200_DUAL9_START_DELAY_ANY_t1350	DUAL9	START_DELAY	ANY	3	1350	-1	0	200	
D200_DUAL9_START_DELAY_ANY_t1375	DUAL9	START_DELAY	ANY	3	1375	-1	0	200	
D200_DUAL9_START_DELAY_ANY_t1400	DUAL9	START_DELAY	ANY	3	1400	-1	0	200	
D200_DUAL9_START_DELAY_ANY_t1425	DUAL9	START_DELAY	ANY	3	1425	-1	0	200	
D200_DUAL9_START_DELAY_ANY_t1450	DUAL9	START_DELAY	ANY	3	1450	-1	0	200	
D200_DUAL9_START_DELAY_ANY_t1475	DUAL9	START_DELAY	ANY	3	1475	-1	0	200	
D200_DUAL9_START_DELAY_ANY_t1500	DUAL9	START_DELAY	ANY	3	1500	-1	0	200	
D200_DUAL9_START_DELAY_ANY_t1525	DUAL9	START_DELAY	ANY	3	1525	-1	0	200	
D200_DUAL9_START_DELAY_ANY_t1550	DUAL9	START_DELAY	ANY	3	1550	-1	0	200	
D200_DUAL9_START_DELAY_ANY_t1575	DUAL9	START_DELAY	ANY	3	1575	-1	0	200	
D200_DUAL9_START_DELAY_ANY_t1600	DUAL9	START_DELAY	ANY	3	1600	-1	0	200	
D200_DUAL9_START_DELAY_ANY_t1625	DUAL9	START_DELAY	ANY	3	1625	-1	0	200	
D200_DUAL9_START_DELAY_ANY_t1650	DUAL9	START_DELAY	ANY	3	1650	-1	0	200	
D200_DUAL9_START_DELAY_ANY_t1675	DUAL9	START_DELAY	ANY	3	1675	-1	0	200	
D200_DUAL9_START_DELAY_ANY_t1700	DUAL9	START_DELAY	ANY	3	1700	-1	0	200	
D200_DUAL9_START_DELAY_ANY_t1725	DUAL9	START_DELAY	ANY	3	1725	-1	0	200	
D200_DUAL9_START_DELAY_ANY_t1750	DUAL9	START_DELAY	ANY	3	1750	-1	0	200	
D200_DUAL9_START_DELAY_ANY_t1775	DUAL9	START_DELAY	ANY	3	1775	-1	0	200	
D200_DUAL9_START_DELAY_ANY_t1800	DUAL9	START_DELAY	ANY	3	1800	-1	0	200	
D200_DUAL9_START_DELAY_ANY_t1825	DUAL9	START_DELAY	ANY	3	1825	-1	0	200	
D200_DUAL9_START_DELAY_ANY_t1850	DUAL9	START_DELAY	ANY	3	1850	-1	0	200	
D200_DUAL9_START_DELAY_ANY_t1875	DUAL9	START_DELAY	ANY	3	1875	-1	0	200	
D200_DUAL9_START_DELAY_ANY_t1900	DUAL9	START_DELAY	ANY	3	1900	-1	0	200	
D200_DUAL9_START_DELAY_ANY_t1925	DUAL9	START_DELAY	ANY	3	1925	-1	0	200	
D200_DUAL9_START_DELAY_ANY_t1950	DUAL9	START_DELAY	ANY	3	1950	-1	0	200	
D200_DUAL9_START_DELAY_ANY_t1975	DUAL9	START_DELAY	ANY	3	1975	-1	0	200	
D200_DUAL9_START_DELAY_ANY_t2000	DUAL9	START_DELAY	ANY	3	2000	-1	0	200	
D200_DUAL9_START_DELAY_ANY_t2025	DUAL9	START_DELAY	ANY	3	2025	-1	0	200	
D200_DUAL9_START_DELAY_ANY_t2050	DUAL9	START_DELAY	ANY	3	2050	-1	0	200	
D200_DUAL9_START_DELAY_ANY_t2075	DUAL9	START_DELAY	ANY	3	2075	-1	0	200	
D200_DUAL9_START_DELAY_ANY_t2100	DUAL9	START_DELAY	ANY	3	2100	-1	0	200	
D200_DUAL9_START_DELAY_ANY_t2125	DUAL9	START_DELAY	ANY	3	2125	-1	0	200	
D200_DUAL9_START_DELAY_ANY_t2150	DUAL9	START_DELAY	ANY	3	2150	-1	0	200	
D200_DUAL9_START_DELAY_ANY_t2175	DUAL9	START_DELAY	ANY	3	2175	-1	0	200	
D200_DUAL9_START_DELAY_ANY_t2200	DUAL9	START_DELAY	ANY	3	2200	-1	0	200	
D200_DUAL9_START_DELAY_ANY_t2225	DUAL9	START_DELAY	ANY	3	2225	-1	0	200	
D200_DUAL9_START_DELAY_ANY_t2250	DUAL9	START_DELAY	ANY	3	2250	-1	0	200	
D200_DUAL9_START_DELAY_ANY_t2275	DUAL9	START_DELAY	ANY	3	2275	-1	0	200	
D200_DUAL9_START_DELAY_ANY_t2300	DUAL9	START_DELAY	ANY	3	2300	-1	0	200	
D200_DUAL9_START_DELAY_ANY_t2325	DUAL9	START_DELAY	ANY	3	2325	-1	0	200	
D200_DUAL9_START_DELAY_ANY_t2350	DUAL9	START_DELAY	ANY	3	2350	-1	0	200	
D200_DUAL9_START_DELAY_ANY_t2375	DUAL9	START_DELAY	ANY	3	2375	-1	0	200	
D200_DUAL9_START_DELAY_ANY_t2400	DUAL9	START_DELAY	ANY	3	2400	-1	0	200	
D200_DUAL9_START_DELAY_ANY_t2425	DUAL9	START_DELAY	ANY	3	2425	-1	0	200	
D200_DUAL9_START_DELAY_ANY_t2450	DUAL9	START_DELAY	ANY	3	2450	-1	0	200	
D200_DUAL9_START_DELAY_ANY_t2475	DUAL9	START_DELAY	ANY	3	2475	-1	0	200	
D200_DUAL9_START_DELAY_ANY_t2500	DUAL9	START_DELAY	ANY	3	2500	-1	0	200	
D200_DUAL9_START_DELAY_ANY_t2525	DUAL9	START_DELAY	ANY	3	2525	-1	0	200	
D200_DUAL9_START_DELAY_ANY_t2550	DUAL9	START_DELAY	ANY	3	2550	-1	0	200	
D200_DUAL9_START_DELAY_ANY_t2575	DUAL9	START_DELAY	ANY	3	2575	-1	0	200	
D200_DUAL9_START_DELAY_ANY_t2600	DUAL9	START_DELAY	ANY	3	2600	-1	0	200	
D200_DUAL9_START_DELAY_ANY_t2625	DUAL9	START_DELAY	ANY	3	2625	-1	0	200	
D200_DUAL9_START_DELAY_ANY_t2650	DUAL9	START_DELAY	ANY	3	2650	-1	0	200	
D200_DUAL9_START_DELAY_ANY_t2675	DUAL9	START_DELAY	ANY	3	2675	-1	0	200	
D200_DUAL9_START_DELAY_ANY_t2700	DUAL9	START_DELAY	ANY	3	2700	-1	0	200	
D200_DUAL9_START_DELAY_ANY_t2725	DUAL9	START_DELAY	ANY	3	2725	-1	0	200	
D200_DUAL9_START_DELAY_ANY_t2750	DUAL9	START_DELAY	ANY	3	2750	-1	0	200	
D200_DUAL9_START_DELAY_ANY_t2775	DUAL9	START_DELAY	ANY	3	2775	-1	0	200	
D200_DUAL9_START_DELAY_ANY_t2800	DUAL9	START_DELAY	ANY	3	2800	-1	0	200	
D200_DUAL9_START_DELAY_ANY_t2825	DUAL9	START_DELAY	ANY	3	2825	-1	0	200	
D200_DUAL9_START_DELAY_ANY_t2850	DUAL9	START_DELAY	ANY	3	2850	-1	0	200	
D200_DUAL9_START_DELAY_ANY_t2875	DUAL9	START_DELAY	ANY	3	2875	-1	0	200	
D200_DUAL9_START_DELAY_ANY_t2900	DUAL9	START_DELAY	ANY	3	2900	-1	0	200	
D200_DUAL9_START_DELAY_ANY_t2925	DUAL9	START_DELAY	ANY	3	2925	-1	0	200	
D200_DUAL9_START_DELAY_ANY_t2950	DUAL9	START_DELAY	ANY	3	2950	-1	0	200	
D200_DUAL9_START_DELAY_ANY_t2975	DUAL9	START_DELAY	ANY	3	2975	-1	0	200	
D200_DUAL9_START_DELAY_ANY_t3000	DUAL9	START_DELAY	ANY	3	3000	-1	0	200	
D200_DUAL9_START_DELAY_ANY_t3025	DUAL9	START_DELAY	ANY	3	3025	-1	0	200	
D200_DUAL9_START_DELAY_ANY_t3050	DUAL9	START_DELAY	ANY	3	3050	-1	0	200	
D200_DUAL9_START_DELAY_ANY_t3075	DUAL9	START_DELAY	ANY	3	3075	-1	0	200	
D200_DUAL9_START_DELAY_ANY_t3100	DUAL9	START_DELAY	ANY	3	3100	-1	0	200	
D200_DUAL9_START_DELAY_ANY_t3125	DUAL9	START_DELAY	ANY	3	3125	-1	0	200	
D200_DUAL9_START_DELAY_ANY_t3150	DUAL9	START_DELAY	ANY	3	3150	-1	0	200	
D200_DUAL9_START_DELAY_ANY_t3175	DUAL9	START_DELAY	ANY	3	3175	-1	0	200	
D200_DUAL9_START_DELAY_ANY_t3200	DUAL9	START_DELAY	ANY	3	3200	-1	0	200	
D200_DUAL9_START_DELAY_ANY_t3225	DUAL9	START_DELAY	ANY	3	3225	-1	0	200	
D200_DUAL9_START_DELAY_ANY_t3250	DUAL9	START_DELAY	ANY	3	3250	-1	0	200	
D200_DUAL9_START_DELAY_ANY_t3275	DUAL9	START_DELAY	ANY	3	3275	-1	0	200	
D200_DUAL9_START_DELAY_ANY_t3300	DUAL9	START_DELAY	ANY	3	3300	-1	0	200	
D200_DUAL9_START_DELAY_ANY_t3325	DUAL9	START_DELAY	ANY	3	3325	-1	0	200	
D200_DUAL9_START_DELAY_ANY_t3350	DUAL9	START_DELAY	ANY	3	3350	-1	0	200	
D200_DUAL9_START_DELAY_ANY_t3375	DUAL9	START_DELAY	ANY	3	3375	-1	0	200	
D200_DUAL9_START_DELAY_ANY_t3400	DUAL9	START_DELAY	ANY	3	3400	-1	0	200	
D200_DUAL9_START_DELAY_ANY_t3425	DUAL9	START_DELAY	ANY	3	3425	-1	0	200	
D200_DUAL9_START_DELAY_ANY_t3450	DUAL9	START_DELAY	ANY	3	3450	-1	0	200	
D200_DUAL9_START_DELAY_ANY_t3475	DUAL9	START_DELAY	ANY	3	3475	-1	0	200	
D200_DUAL9_START_DELAY_ANY_t3500	DUAL9	START_DELAY	ANY	3	3500	-1	0	200	
D200_DUAL9_START_DELAY_ANY_t3525	DUAL9	START_DELAY	ANY	3	3525	-1	0	200	
D200_DUAL9_START_DELAY_ANY_t3550	DUAL9	START_DELAY	ANY	3	3550	-1	0	200	
D200_DUAL9_START_DELAY_ANY_t3575	DUAL9	START_DELAY	ANY	3	3575	-1	0	200	
D200_DUAL9_START_DELAY_ANY_t3600	DUAL9	START_DELAY	ANY	3	3600	-1	0	200	
D200_DUAL9_START_DELAY_ANY_t3625	DUAL9	START_DELAY	ANY	3	3625	-1	0	200	
D200_DUAL9_START_DELAY_ANY_t3650	DUAL9	START_DELAY	ANY	3	3650	-1	0	200	
D200_DUAL9_START_DELAY_ANY_t3675	DUAL9	START_DELAY	ANY	3	3675	-1	0	200	
D200_DUAL9_START_DELAY_ANY_t3700	DUAL9	START_DELAY	ANY	3	3700	-1	0	200	
D200_DUAL9_START_DELAY_ANY_t3725	DUAL9	START_DELAY	ANY	3	3725	-1	0	200	
D200_DUAL9_START_DELAY_ANY_t3750	DUAL9	START_DELAY	ANY	3	3750	-1	0	200	
D200_DUAL9_START_DELAY_ANY_t3775	DUAL9	START_DELAY	ANY	3	3775	-1	0	200	
D200_DUAL9_START_DELAY_ANY_t3800	DUAL9	START_DELAY	ANY	3	3800	-1	0	200	
D200_DUAL9_START_DELAY_ANY_t3825	DUAL9	START_DELAY	ANY	3	3825	-1	0	200	
D200_DUAL9_START_DELAY_ANY_t3850	DUAL9	START_DELAY	ANY	3	3850	-1	0	200	
D200_DUAL9_START_DELAY_ANY_t3875	DUAL9	START_DELAY	ANY	3	3875	-1	0	200	
D200_DUAL9_START_DELAY_ANY_t3900	DUAL9	START_DELAY	ANY	3	3900	-1	0	200	
D200_DUAL9_START_DELAY_ANY_t3925	DUAL9	START_DELAY	ANY	3	3925	-1	0	200	
D200_DUAL9_START_DELAY_ANY_t3950	DUAL9	START_DELAY	ANY	3	3950	-1	0	200	
D200_DUAL9_START_DELAY_ANY_t3975	DUAL9	START_DELAY	ANY	3	3975	-1	0	200	
D200_DUAL9_START_DELAY_ANY_t4000	DUAL9	START_DELAY	ANY	3	4000	-1	0	200	
D200_DUAL9_START_DELAY_ANY_t4025	DUAL9	START_DELAY	ANY	3	4025	-1	0	200	
D200_DUAL9_START_DELAY_ANY_t4050	DUAL9	START_DELAY	ANY	3	4050	-1	0	200	
D200_DUAL9_START_DELAY_ANY_t4075	DUAL9	START_DELAY	ANY	3	4075	-1	0	200	
D200_DUAL9_START_DELAY_ANY_t4100	DUAL9	START_DELAY	ANY	3	4100	-1	0	200	
D200_DUAL9_START_DELAY_ANY_t4125	DUAL9	START_DELAY	ANY	3	4125	-1	0	200	
D200_DUAL9_START_DELAY_ANY_t4150	DUAL9	START_DELAY	ANY	3	4150	-1	0	200	
D200_DUAL9_START_DELAY_ANY_t4175	DUAL9	START_DELAY	ANY	3	4175	-1	0	200	
D200_DUAL9_START_DELAY_ANY_t4200	DUAL9	START_DELAY	ANY	3	4200	-1	0	200	
D200_DUAL9_START_DELAY_ANY_t4225	DUAL9	START_DELAY	ANY	3	4225	-1	0	200	
D200_DUAL9_START_DELAY_ANY_t4250	DUAL9	START_DELAY	ANY	3	4250	-1	0	200	
D200_DUAL9_START_DELAY_ANY_t4275	DUAL9	START_DELAY	ANY	3	4275	-1	0	200	
D200_DUAL9_START_DELAY_ANY_t4300	DUAL9	START_DELAY	ANY	3	4300	-1	0	200	
D200_DUAL9_START_DELAY_ANY_t4325	DUAL9	START_DELAY	ANY	3	4325	-1	0	200	
D200_DUAL9_START_DELAY_ANY_t4350	DUAL9	START_DELAY	ANY	3	4350	-1	0	200	
D200_DUAL9_START_DELAY_ANY_t4375	DUAL9	START_DELAY	ANY	3	4375	-1	0	200	
D200_DUAL9_START_DELAY_ANY_t4400	DUAL9	START_DELAY	ANY	3	4400	-1	0	200	
D200_DUAL9_START_DELAY_ANY_t4425	DUAL9	START_DELAY	ANY	3	4425	-1	0	200	
D200_DUAL9_START_DELAY_ANY_t4450	DUAL9	START_DELAY	ANY	3	4450	-1	0	200	
D200_DUAL9_START_DELAY_ANY_t4475	DUAL9	START_DELAY	ANY	3	4475	-1	0	200	
D200_DUAL9_START_DELAY_ANY_t4499	DUAL9	START_DELAY	ANY	3	4499	-1	0	200	
D200_DUAL9_START_DELAY_ANY_t4500	DUAL9	START_DELAY	ANY	3	4500	-1	0	200	
D200_DUAL9_START_DELAY_ANY_t4501	DUAL9	START_DELAY	ANY	3	4501	-1	0	200	
D200_DUAL9_START_DELAY_ANY_t4502	DUAL9	START_DELAY	ANY	3	4502	-1	0	200	
D200_DUAL9_START_DELAY_ANY_t4503	DUAL9	START_DELAY	ANY	3	4503	-1	0	200	
D200_DUAL9_START_DELAY_ANY_t4525	DUAL9	START_DELAY	ANY	3	4525	-1	0	200	
D200_DUAL9_START_DELAY_ANY_t4550	DUAL9	START_DELAY	ANY	3	4550	-1	0	200	
D200_DUAL9_START_DELAY_ANY_t4575	DUAL9	START_DELAY	ANY	3	4575	-1	0	200	
D200_DUAL9_START_DELAY_ANY_t4600	DUAL9	START_DELAY	ANY	3	4600	-1	0	200	
D200_DUAL9_START_DELAY_ANY_t4625	DUAL9	START_DELAY	ANY	3	4625	-1	0	200	
D200_DUAL9_START_DELAY_ANY_t4650	DUAL9	START_DELAY	ANY	3	4650	-1	0	200	
D200_DUAL9_START_DELAY_ANY_t4675	DUAL9	START_DELAY	ANY	3	4675	-1	0	200	
D200_DUAL9_START_DELAY_ANY_t4700	DUAL9	START_DELAY	ANY	3	4700	-1	0	200	
D200_DUAL9_START_DELAY_ANY_t4725	DUAL9	START_DELAY	ANY	3	4725	-1	0	200	
D200_DUAL9_START_DELAY_ANY_t4750	DUAL9	START_DELAY	ANY	3	4750	-1	0	200	
D200_DUAL9_START_DELAY_ANY_t4760	DUAL9	START_DELAY	ANY	3	4760	-1	0	200	
D200_DUAL9_START_DELAY_ANY_t4775	DUAL9	START_DELAY	ANY	3	4775	-1	0	200	
D200_DUAL9_START_DELAY_ANY_t4800	DUAL9	START_DELAY	ANY	3	4800	-1	0	200	
D200_DUAL9_START_DELAY_ANY_t4808	DUAL9	START_DELAY	ANY	3	4808	-1	0	200	
D200_DUAL9_START_DELAY_ANY_t4809	DUAL9	START_DELAY	ANY	3	4809	-1	0	200	
D200_DUAL9_START_DELAY_ANY_t4810	DUAL9	START_DELAY	ANY	3	4810	-1	0	200	
D200_DUAL9_START_DELAY_ANY_t4811	DUAL9	START_DELAY	ANY	3	4811	-1	0	200	
D200_DUAL9_START_DELAY_ANY_t4812	DUAL9	START_DELAY	ANY	3	4812	-1	0	200	
D200_DUAL9_START_DELAY_ANY_t4825	DUAL9	START_DELAY	ANY	3	4825	-1	0	200	
D200_DUAL9_START_DELAY_ANY_t4850	DUAL9	START_DELAY	ANY	3	4850	-1	0	200	
D200_DUAL9_START_DELAY_ANY_t4875	DUAL9	START_DELAY	ANY	3	4875	-1	0	200	
D200_DUAL9_START_DELAY_ANY_t4900	DUAL9	START_DELAY	ANY	3	4900	-1	0	200	
D200_DUAL9_START_DELAY_ANY_t4925	DUAL9	START_DELAY	ANY	3	4925	-1	0	200	
D200_DUAL9_START_DELAY_ANY_t4950	DUAL9	START_DELAY	ANY	3	4950	-1	0	200	
D200_DUAL9_START_DELAY_ANY_t4975	DUAL9	START_DELAY	ANY	3	4975	-1	0	200	
D200_DUAL9_START_DELAY_ANY_t4999	DUAL9	START_DELAY	ANY	3	4999	-1	0	200	
D200_DUAL9_START_DELAY_ANY_t5000	DUAL9	START_DELAY	ANY	4	0	-1	0	200	
D200_DUAL9_START_DELAY_ANY_t5001	DUAL9	START_DELAY	ANY	4	1	-1	0	200	
D400_DUAL9_START_DELAY_ANY_t0	DUAL9	START_DELAY	ANY	3	0	-1	0	400	
D400_DUAL9_START_DELAY_ANY_t1	DUAL9	START_DELAY	ANY	3	1	-1	0	400	
D400_DUAL9_START_DELAY_ANY_t2	DUAL9	START_DELAY	ANY	3	2	-1	0	400	
D400_DUAL9_START_DELAY_ANY_t25	DUAL9	START_DELAY	ANY	3	25	-1	0	400	
D400_DUAL9_START_DELAY_ANY_t50	DUAL9	START_DELAY	ANY	3	50	-1	0	400	
D400_DUAL9_START_DELAY_ANY_t75	DUAL9	START_DELAY	ANY	3	75	-1	0	400	
D400_DUAL9_START_DELAY_ANY_t100	DUAL9	START_DELAY	ANY	3	100	-1	0	400	
D400_DUAL9_START_DELAY_ANY_t125	DUAL9	START_DELAY	ANY	3	125	-1	0	400	
D400_DUAL9_START_DELAY_ANY_t150	DUAL9	START_DELAY	ANY	3	150	-1	0	400	
D400_DUAL9_START_DELAY_ANY_t160	DUAL9	START_DELAY	ANY	3	160	-1	0	400	
D400_DUAL9_START_DELAY_ANY_t161	DUAL9	START_DELAY	ANY	3	161	-1	0	400	
D400_DUAL9_START_DELAY_ANY_t162	DUAL9	START_DELAY	ANY	3	162	-1	0	400	
D400_DUAL9_START_DELAY_ANY_t175	DUAL9	START_DELAY	ANY	3	175	-1	0	400	
D400_DUAL9_START_DELAY_ANY_t200	DUAL9	START_DELAY	ANY	3	200	-1	0	400	
D400_DUAL9_START_DELAY_ANY_t225	DUAL9	START_DELAY	ANY	3	225	-1	0	400	
D400_DUAL9_START_DELAY_ANY_t248	DUAL9	START_DELAY	ANY	3	248	-1	0	400	
D400_DUAL9_START_DELAY_ANY_t249	DUAL9	START_DELAY	ANY	3	249	-1	0	400	
D400_DUAL9_START_DELAY_ANY_t250	DUAL9	START_DELAY	ANY	3	250	-1	0	400	
D400_DUAL9_START_DELAY_ANY_t266	DUAL9	START_DELAY	ANY	3	266	-1	0	400	
D400_DUAL9_START_DELAY_ANY_t275	DUAL9	START_DELAY	ANY	3	275	-1	0	400	
D400_DUAL9_START_DELAY_ANY_t283	DUAL9	START_DELAY	ANY	3	283	-1	0	400	
D400_DUAL9_START_DELAY_ANY_t284	DUAL9	START_DELAY	ANY	3	284	-1	0	400	
D400_DUAL9_START_DELAY_ANY_t285	DUAL9	START_DELAY	ANY	3	285	-1	0	400	
D400_DUAL9_START_DELAY_ANY_t300	DUAL9	START_DELAY	ANY	3	300	-1	0	400	
D400_DUAL9_START_DELAY_ANY_t309	DUAL9	START_DELAY	ANY	3	309	-1	0	400	
D400_DUAL9_START_DELAY_ANY_t310	DUAL9	START_DELAY	ANY	3	310	-1	0	400	
D400_DUAL9_START_DELAY_ANY_t311	DUAL9	START_DELAY	ANY	3	311	-1	0	400	
D400_DUAL9_START_DELAY_ANY_t325	DUAL9	START_DELAY	ANY	3	325	-1	0	400	
D400_DUAL9_START_DELAY_ANY_t350	DUAL9	START_DELAY	ANY	3	350	-1	0	400	
D400_DUAL9_START_DELAY_ANY_t375	DUAL9	START_DELAY	ANY	3	375	-1	0	400	
D400_DUAL9_START_DELAY_ANY_t385	DUAL9	START_DELAY	ANY	3	385	-1	0	400	
D400_DUAL9_START_DELAY_ANY_t400	DUAL9	START_DELAY	ANY	3	400	-1	0	400	
D400_DUAL9_START_DELAY_ANY_t425	DUAL9	START_DELAY	ANY	3	425	-1	0	400	
D400_DUAL9_START_DELAY_ANY_t443	DUAL9	START_DELAY	ANY	3	443	-1	0	400	
D400_DUAL9_START_DELAY_ANY_t444	DUAL9	START_DELAY	ANY	3	444	-1	0	400	
D400_DUAL9_START_DELAY_ANY_t445	DUAL9	START_DELAY	ANY	3	445	-1	0	400	
D400_DUAL9_START_DELAY_ANY_t450	DUAL9	START_DELAY	ANY	3	450	-1	0	400	
D400_DUAL9_START_DELAY_ANY_t475	DUAL9	START_DELAY	ANY	3	475	-1	0	400	
D400_DUAL9_START_DELAY_ANY_t477	DUAL9	START_DELAY	ANY	3	477	-1	0	400	
D400_DUAL9_START_DELAY_ANY_t478	DUAL9	START_DELAY	ANY	3	478	-1	0	400	
D400_DUAL9_START_DELAY_ANY_t479	DUAL9	START_DELAY	ANY	3	479	-1	0	400	
D400_DUAL9_START_DELAY_ANY_t500	DUAL9	START_DELAY	ANY	3	500	-1	0	400	
D400_DUAL9_START_DELAY_ANY_t525	DUAL9	START_DELAY	ANY	3	525	-1	0	400	
D400_DUAL9_START_DELAY_ANY_t550	DUAL9	START_DELAY	ANY	3	550	-1	0	400	
D400_DUAL9_START_DELAY_ANY_t575	DUAL9	START_DELAY	ANY	3	575	-1	0	400	
D400_DUAL9_START_DELAY_ANY_t600	DUAL9	START_DELAY	ANY	3	600	-1	0	400	
D400_DUAL9_START_DELAY_ANY_t625	DUAL9	START_DELAY	ANY	3	625	-1	0	400	
D400_DUAL9_START_DELAY_ANY_t650	DUAL9	START_DELAY	ANY	3	650	-1	0	400	
D400_DUAL9_START_DELAY_ANY_t675	DUAL9	START_DELAY	ANY	3	675	-1	0	400	
D400_DUAL9_START_DELAY_ANY_t700	DUAL9	START_DELAY	ANY	3	700	-1	0	400	
D400_DUAL9_START_DELAY_ANY_t725	DUAL9	START_DELAY	ANY	3	725	-1	0	400	
D400_DUAL9_START_DELAY_ANY_t750	DUAL9	START_DELAY	ANY	3	750	-1	0	400	
D400_DUAL9_START_DELAY_ANY_t775	DUAL9	START_DELAY	ANY	3	775	-1	0	400	
D400_DUAL9_START_DELAY_ANY_t800	DUAL9	START_DELAY	ANY	3	800	-1	0	400	
D400_DUAL9_START_DELAY_ANY_t825	DUAL9	START_DELAY	ANY	3	825	-1	0	400	
D400_DUAL9_START_DELAY_ANY_t850	DUAL9	START_DELAY	ANY	3	850	-1	0	400	
D400_DUAL9_START_DELAY_ANY_t875	DUAL9	START_DELAY	ANY	3	875	-1	0	400	
D400_DUAL9_START_DELAY_ANY_t900	DUAL9	START_DELAY	ANY	3	900	-1	0	400	
D400_DUAL9_START_DELAY_ANY_t925	DUAL9	START_DELAY	ANY	3	925	-1	0	400	
D400_DUAL9_START_DELAY_ANY_t950	DUAL9	START_DELAY	ANY	3	950	-1	0	400	
D400_DUAL9_START_DELAY_ANY_t975	DUAL9	START_DELAY	ANY	3	975	-1	0	400	
D400_DUAL9_START_DELAY_ANY_t1000	DUAL9	START_DELAY	ANY	3	1000	-1	0	400	
D400_DUAL9_START_DELAY_ANY_t1025	DUAL9	START_DELAY	ANY	3	1025	-1	0	400	
D400_DUAL9_START_DELAY_ANY_t1050	DUAL9	START_DELAY	ANY	3	1050	-1	0	400	
D400_DUAL9_START_DELAY_ANY_t1075	DUAL9	START_DELAY	ANY	3	1075	-1	0	400	
D400_DUAL9_START_DELAY_ANY_t1100	DUAL9	START_DELAY	ANY	3	1100	-1	0	400	
D400_DUAL9_START_DELAY_ANY_t1125	DUAL9	START_DELAY	ANY	3	1125	-1	0	400	
D400_DUAL9_START_DELAY_ANY_t1150	DUAL9	START_DELAY	ANY	3	1150	-1	0	400	
D400_DUAL9_START_DELAY_ANY_t1175	DUAL9	START_DELAY	ANY	3	1175	-1	0	400	
D400_DUAL9_START_DELAY_ANY_t1200	DUAL9	START_DELAY	ANY	3	1200	-1	0	400	
D400_DUAL9_START_DELAY_ANY_t1225	DUAL9	START_DELAY	ANY	3	1225	-1	0	400	
D400_DUAL9_START_DELAY_ANY_t1250	DUAL9	START_DELAY	ANY	3	1250	-1	0	400	
D400_DUAL9_START_DELAY_ANY_t1275	DUAL9	START_DELAY	ANY	3	1275	-1	0	400	
D400_DUAL9_START_DELAY_ANY_t1300	DUAL9	START_DELAY	ANY	3	1300	-1	0	400	
D400_DUAL9_START_DELAY_ANY_t1325	DUAL9	START_DELAY	ANY	3	1325	-1	0	400	
D400_DUAL9_START_DELAY_ANY_t1350	DUAL9	START_DELAY	ANY	3	1350	-1	0	400	
D400_DUAL9_START_DELAY_ANY_t1375	DUAL9	START_DELAY	ANY	3	1375	-1	0	400	
D400_DUAL9_START_DELAY_ANY_t1400	DUAL9	START_DELAY	ANY	3	1400	-1	0	400	
D400_DUAL9_START_DELAY_ANY_t1425	DUAL9	START_DELAY	ANY	3	1425	-1	0	400	
D400_DUAL9_START_DELAY_ANY_t1450	DUAL9	START_DELAY	ANY	3	1450	-1	0	400	
D400_DUAL9_START_DELAY_ANY_t1475	DUAL9	START_DELAY	ANY	3	1475	-1	0	400	
D400_DUAL9_START_DELAY_ANY_t1500	DUAL9	START_DELAY	ANY	3	1500	-1	0	400	
D400_DUAL9_START_DELAY_ANY_t1525	DUAL9	START_DELAY	ANY	3	1525	-1	0	400	
D400_DUAL9_START_DELAY_ANY_t1550	DUAL9	START_DELAY	ANY	3	1550	-1	0	400	
D400_DUAL9_START_DELAY_ANY_t1575	DUAL9	START_DELAY	ANY	3	1575	-1	0	400	
D400_DUAL9_START_DELAY_ANY_t1600	DUAL9	START_DELAY	ANY	3	1600	-1	0	400	
D400_DUAL9_START_DELAY_ANY_t1625	DUAL9	START_DELAY	ANY	3	1625	-1	0	400	
D400_DUAL9_START_DELAY_ANY_t1650	DUAL9	START_DELAY	ANY	3	1650	-1	0	400	
D400_DUAL9_START_DELAY_ANY_t1675	DUAL9	START_DELAY	ANY	3	1675	-1	0	400	
D400_DUAL9_START_DELAY_ANY_t1700	DUAL9	START_DELAY	ANY	3	1700	-1	0	400	
D400_DUAL9_START_DELAY_ANY_t1725	DUAL9	START_DELAY	ANY	3	1725	-1	0	400	
D400_DUAL9_START_DELAY_ANY_t1750	DUAL9	START_DELAY	ANY	3	1750	-1	0	400	
D400_DUAL9_START_DELAY_ANY_t1775	DUAL9	START_DELAY	ANY	3	1775	-1	0	400	
D400_DUAL9_START_DELAY_ANY_t1800	DUAL9	START_DELAY	ANY	3	1800	-1	0	400	
D400_DUAL9_START_DELAY_ANY_t1825	DUAL9	START_DELAY	ANY	3	1825	-1	0	400	
D400_DUAL9_START_DELAY_ANY_t1850	DUAL9	START_DELAY	ANY	3	1850	-1	0	400	
D400_DUAL9_START_DELAY_ANY_t1875	DUAL9	START_DELAY	ANY	3	1875	-1	0	400	
D400_DUAL9_START_DELAY_ANY_t1900	DUAL9	START_DELAY	ANY	3	1900	-1	0	400	
D400_DUAL9_START_DELAY_ANY_t1925	DUAL9	START_DELAY	ANY	3	1925	-1	0	400	
D400_DUAL9_START_DELAY_ANY_t1950	DUAL9	START_DELAY	ANY	3	1950	-1	0	400	
D400_DUAL9_START_DELAY_ANY_t1975	DUAL9	START_DELAY	ANY	3	1975	-1	0	400	
D400_DUAL9_START_DELAY_ANY_t2000	DUAL9	START_DELAY	ANY	3	2000	-1	0	400	
D400_DUAL9_START_DELAY_ANY_t2025	DUAL9	START_DELAY	ANY	3	2025	-1	0	400	
D400_DUAL9_START_DELAY_ANY_t2050	DUAL9	START_DELAY	ANY	3	2050	-1	0	400	
D400_DUAL9_START_DELAY_ANY_t2075	DUAL9	START_DELAY	ANY	3	2075	-1	0	400	
D400_DUAL9_START_DELAY_ANY_t2100	DUAL9	START_DELAY	ANY	3	2100	-1	0	400	
D400_DUAL9_START_DELAY_ANY_t2125	DUAL9	START_DELAY	ANY	3	2125	-1	0	400	
D400_DUAL9_START_DELAY_ANY_t2150	DUAL9	START_DELAY	ANY	3	2150	-1	0	400	
D400_DUAL9_START_DELAY_ANY_t2175	DUAL9	START_DELAY	ANY	3	2175	-1	0	400	
D400_DUAL9_START_DELAY_ANY_t2200	DUAL9	START_DELAY	ANY	3	2200	-1	0	400	
D400_DUAL9_START_DELAY_ANY_t2225	DUAL9	START_DELAY	ANY	3	2225	-1	0	400	
D400_DUAL9_START_DELAY_ANY_t2250	DUAL9	START_DELAY	ANY	3	2250	-1	0	400	
D400_DUAL9_START_DELAY_ANY_t2275	DUAL9	START_DELAY	ANY	3	2275	-1	0	400	
D400_DUAL9_START_DELAY_ANY_t2300	DUAL9	START_DELAY	ANY	3	2300	-1	0	400	
D400_DUAL9_START_DELAY_ANY_t2325	DUAL9	START_DELAY	ANY	3	2325	-1	0	400	
D400_DUAL9_START_DELAY_ANY_t2350	DUAL9	START_DELAY	ANY	3	2350	-1	0	400	
D400_DUAL9_START_DELAY_ANY_t2375	DUAL9	START_DELAY	ANY	3	2375	-1	0	400	
D400_DUAL9_START_DELAY_ANY_t2400	DUAL9	START_DELAY	ANY	3	2400	-1	0	400	
D400_DUAL9_START_DELAY_ANY_t2425	DUAL9	START_DELAY	ANY	3	2425	-1	0	400	
D400_DUAL9_START_DELAY_ANY_t2450	DUAL9	START_DELAY	ANY	3	2450	-1	0	400	
D400_DUAL9_START_DELAY_ANY_t2475	DUAL9	START_DELAY	ANY	3	2475	-1	0	400	
D400_DUAL9_START_DELAY_ANY_t2500	DUAL9	START_DELAY	ANY	3	2500	-1	0	400	
D400_DUAL9_START_DELAY_ANY_t2525	DUAL9	START_DELAY	ANY	3	2525	-1	0	400	
D400_DUAL9_START_DELAY_ANY_t2550	DUAL9	START_DELAY	ANY	3	2550	-1	0	400	
D400_DUAL9_START_DELAY_ANY_t2575	DUAL9	START_DELAY	ANY	3	2575	-1	0	400	
D400_DUAL9_START_DELAY_ANY_t2600	DUAL9	START_DELAY	ANY	3	2600	-1	0	400	
D400_DUAL9_START_DELAY_ANY_t2625	DUAL9	START_DELAY	ANY	3	2625	-1	0	400	
D400_DUAL9_START_DELAY_ANY_t2650	DUAL9	START_DELAY	ANY	3	2650	-1	0	400	
D400_DUAL9_START_DELAY_ANY_t2675	DUAL9	START_DELAY	ANY	3	2675	-1	0	400	
D400_DUAL9_START_DELAY_ANY_t2700	DUAL9	START_DELAY	ANY	3	2700	-1	0	400	
D400_DUAL9_START_DELAY_ANY_t2725	DUAL9	START_DELAY	ANY	3	2725	-1	0	400	
D400_DUAL9_START_DELAY_ANY_t2750	DUAL9	START_DELAY	ANY	3	2750	-1	0	400	
D400_DUAL9_START_DELAY_ANY_t2775	DUAL9	START_DELAY	ANY	3	2775	-1	0	400	
D400_DUAL9_START_DELAY_ANY_t2800	DUAL9	START_DELAY	ANY	3	2800	-1	0	400	
D400_DUAL9_START_DELAY_ANY_t2825	DUAL9	START_DELAY	ANY	3	2825	-1	0	400	
D400_DUAL9_START_DELAY_ANY_t2850	DUAL9	START_DELAY	ANY	3	2850	-1	0	400	
D400_DUAL9_START_DELAY_ANY_t2875	DUAL9	START_DELAY	ANY	3	2875	-1	0	400	
D400_DUAL9_START_DELAY_ANY_t2900	DUAL9	START_DELAY	ANY	3	2900	-1	0	400	
D400_DUAL9_START_DELAY_ANY_t2925	DUAL9	START_DELAY	ANY	3	2925	-1	0	400	
D400_DUAL9_START_DELAY_ANY_t2950	DUAL9	START_DELAY	ANY	3	2950	-1	0	400	
D400_DUAL9_START_DELAY_ANY_t2975	DUAL9	START_DELAY	ANY	3	2975	-1	0	400	
D400_DUAL9_START_DELAY_ANY_t3000	DUAL9	START_DELAY	ANY	3	3000	-1	0	400	
D400_DUAL9_START_DELAY_ANY_t3025	DUAL9	START_DELAY	ANY	3	3025	-1	0	400	
D400_DUAL9_START_DELAY_ANY_t3050	DUAL9	START_DELAY	ANY	3	3050	-1	0	400	
D400_DUAL9_START_DELAY_ANY_t3075	DUAL9	START_DELAY	ANY	3	3075	-1	0	400	
D400_DUAL9_START_DELAY_ANY_t3100	DUAL9	START_DELAY	ANY	3	3100	-1	0	400	
D400_DUAL9_START_DELAY_ANY_t3125	DUAL9	START_DELAY	ANY	3	3125	-1	0	400	
D400_DUAL9_START_DELAY_ANY_t3150	DUAL9	START_DELAY	ANY	3	3150	-1	0	400	
D400_DUAL9_START_DELAY_ANY_t3175	DUAL9	START_DELAY	ANY	3	3175	-1	0	400	
D400_DUAL9_START_DELAY_ANY_t3200	DUAL9	START_DELAY	ANY	3	3200	-1	0	400	
D400_DUAL9_START_DELAY_ANY_t3225	DUAL9	START_DELAY	ANY	3	3225	-1	0	400	
D400_DUAL9_START_DELAY_ANY_t3250	DUAL9	START_DELAY	ANY	3	3250	-1	0	400	
D400_DUAL9_START_DELAY_ANY_t3275	DUAL9	START_DELAY	ANY	3	3275	-1	0	400	
D400_DUAL9_START_DELAY_ANY_t3300	DUAL9	START_DELAY	ANY	3	3300	-1	0	400	
D400_DUAL9_START_DELAY_ANY_t3325	DUAL9	START_DELAY	ANY	3	3325	-1	0	400	
D400_DUAL9_START_DELAY_ANY_t3350	DUAL9	START_DELAY	ANY	3	3350	-1	0	400	
D400_DUAL9_START_DELAY_ANY_t3375	DUAL9	START_DELAY	ANY	3	3375	-1	0	400	
D400_DUAL9_START_DELAY_ANY_t3400	DUAL9	START_DELAY	ANY	3	3400	-1	0	400	
D400_DUAL9_START_DELAY_ANY_t3425	DUAL9	START_DELAY	ANY	3	3425	-1	0	400	
D400_DUAL9_START_DELAY_ANY_t3450	DUAL9	START_DELAY	ANY	3	3450	-1	0	400	
D400_DUAL9_START_DELAY_ANY_t3475	DUAL9	START_DELAY	ANY	3	3475	-1	0	400	
D400_DUAL9_START_DELAY_ANY_t3500	DUAL9	START_DELAY	ANY	3	3500	-1	0	400	
D400_DUAL9_START_DELAY_ANY_t3525	DUAL9	START_DELAY	ANY	3	3525	-1	0	400	
D400_DUAL9_START_DELAY_ANY_t3550	DUAL9	START_DELAY	ANY	3	3550	-1	0	400	
D400_DUAL9_START_DELAY_ANY_t3575	DUAL9	START_DELAY	ANY	3	3575	-1	0	400	
D400_DUAL9_START_DELAY_ANY_t3600	DUAL9	START_DELAY	ANY	3	3600	-1	0	400	
D400_DUAL9_START_DELAY_ANY_t3625	DUAL9	START_DELAY	ANY	3	3625	-1	0	400	
D400_DUAL9_START_DELAY_ANY_t3650	DUAL9	START_DELAY	ANY	3	3650	-1	0	400	
D400_DUAL9_START_DELAY_ANY_t3675	DUAL9	START_DELAY	ANY	3	3675	-1	0	400	
D400_DUAL9_START_DELAY_ANY_t3700	DUAL9	START_DELAY	ANY	3	3700	-1	0	400	
D400_DUAL9_START_DELAY_ANY_t3725	DUAL9	START_DELAY	ANY	3	3725	-1	0	400	
D400_DUAL9_START_DELAY_ANY_t3750	DUAL9	START_DELAY	ANY	3	3750	-1	0	400	
D400_DUAL9_START_DELAY_ANY_t3775	DUAL9	START_DELAY	ANY	3	3775	-1	0	400	
D400_DUAL9_START_DELAY_ANY_t3800	DUAL9	START_DELAY	ANY	3	3800	-1	0	400	
D400_DUAL9_START_DELAY_ANY_t3825	DUAL9	START_DELAY	ANY	3	3825	-1	0	400	
D400_DUAL9_START_DELAY_ANY_t3850	DUAL9	START_DELAY	ANY	3	3850	-1	0	400	
D400_DUAL9_START_DELAY_ANY_t3875	DUAL9	START_DELAY	ANY	3	3875	-1	0	400	
D400_DUAL9_START_DELAY_ANY_t3900	DUAL9	START_DELAY	ANY	3	3900	-1	0	400	
D400_DUAL9_START_DELAY_ANY_t3925	DUAL9	START_DELAY	ANY	3	3925	-1	0	400	
D400_DUAL9_START_DELAY_ANY_t3950	DUAL9	START_DELAY	ANY	3	3950	-1	0	400	
D400_DUAL9_START_DELAY_ANY_t3975	DUAL9	START_DELAY	ANY	3	3975	-1	0	400	
D400_DUAL9_START_DELAY_ANY_t4000	DUAL9	START_DELAY	ANY	3	4000	-1	0	400	
D400_DUAL9_START_DELAY_ANY_t4025	DUAL9	START_DELAY	ANY	3	4025	-1	0	400	
D400_DUAL9_START_DELAY_ANY_t4050	DUAL9	START_DELAY	ANY	3	4050	-1	0	400	
D400_DUAL9_START_DELAY_ANY_t4075	DUAL9	START_DELAY	ANY	3	4075	-1	0	400	
D400_DUAL9_START_DELAY_ANY_t4100	DUAL9	START_DELAY	ANY	3	4100	-1	0	400	
D400_DUAL9_START_DELAY_ANY_t4125	DUAL9	START_DELAY	ANY	3	4125	-1	0	400	
D400_DUAL9_START_DELAY_ANY_t4150	DUAL9	START_DELAY	ANY	3	4150	-1	0	400	
D400_DUAL9_START_DELAY_ANY_t4175	DUAL9	START_DELAY	ANY	3	4175	-1	0	400	
D400_DUAL9_START_DELAY_ANY_t4200	DUAL9	START_DELAY	ANY	3	4200	-1	0	400	
D400_DUAL9_START_DELAY_ANY_t4225	DUAL9	START_DELAY	ANY	3	4225	-1	0	400	
D400_DUAL9_START_DELAY_ANY_t4250	DUAL9	START_DELAY	ANY	3	4250	-1	0	400	
D400_DUAL9_START_DELAY_ANY_t4275	DUAL9	START_DELAY	ANY	3	4275	-1	0	400	
D400_DUAL9_START_DELAY_ANY_t4300	DUAL9	START_DELAY	ANY	3	4300	-1	0	400	
D400_DUAL9_START_DELAY_ANY_t4325	DUAL9	START_DELAY	ANY	3	4325	-1	0	400	
D400_DUAL9_START_DELAY_ANY_t4350	DUAL9	START_DELAY	ANY	3	4350	-1	0	400	
D400_DUAL9_START_DELAY_ANY_t4375	DUAL9	START_DELAY	ANY	3	4375	-1	0	400	
D400_DUAL9_START_DELAY_ANY_t4400	DUAL9	START_DELAY	ANY	3	4400	-1	0	400	
D400_DUAL9_START_DELAY_ANY_t4425	DUAL9	START_DELAY	ANY	3	4425	-1	0	400	
D400_DUAL9_START_DELAY_ANY_t4450	DUAL9	START_DELAY	ANY	3	4450	-1	0	400	
D400_DUAL9_START_DELAY_ANY_t4475	DUAL9	START_DELAY	ANY	3	4475	-1	0	400	
D400_DUAL9_START_DELAY_ANY_t4499	DUAL9	START_DELAY	ANY	3	4499	-1	0	400	
D400_DUAL9_START_DELAY_ANY_t4500	DUAL9	START_DELAY	ANY	3	4500	-1	0	400	
D400_DUAL9_START_DELAY_ANY_t4501	DUAL9	START_DELAY	ANY	3	4501	-1	0	400	
D400_DUAL9_START_DELAY_ANY_t4502	DUAL9	START_DELAY	ANY	3	4502	-1	0	400	
D400_DUAL9_START_DELAY_ANY_t4503	DUAL9	START_DELAY	ANY	3	4503	-1	0	400	
D400_DUAL9_START_DELAY_ANY_t4525	DUAL9	START_DELAY	ANY	3	4525	-1	0	400	
D400_DUAL9_START_DELAY_ANY_t4550	DUAL9	START_DELAY	ANY	3	4550	-1	0	400	
D400_DUAL9_START_DELAY_ANY_t4575	DUAL9	START_DELAY	ANY	3	4575	-1	0	400	
D400_DUAL9_START_DELAY_ANY_t4600	DUAL9	START_DELAY	ANY	3	4600	-1	0	400	
D400_DUAL9_START_DELAY_ANY_t4625	DUAL9	START_DELAY	ANY	3	4625	-1	0	400	
D400_DUAL9_START_DELAY_ANY_t4650	DUAL9	START_DELAY	ANY	3	4650	-1	0	400	
D400_DUAL9_START_DELAY_ANY_t4675	DUAL9	START_DELAY	ANY	3	4675	-1	0	400	
D400_DUAL9_START_DELAY_ANY_t4700	DUAL9	START_DELAY	ANY	3	4700	-1	0	400	
D400_DUAL9_START_DELAY_ANY_t4725	DUAL9	START_DELAY	ANY	3	4725	-1	0	400	
D400_DUAL9_START_DELAY_ANY_t4750	DUAL9	START_DELAY	ANY	3	4750	-1	0	400	
D400_DUAL9_START_DELAY_ANY_t4760	DUAL9	START_DELAY	ANY	3	4760	-1	0	400	
D400_DUAL9_START_DELAY_ANY_t4775	DUAL9	START_DELAY	ANY	3	4775	-1	0	400	
D400_DUAL9_START_DELAY_ANY_t4800	DUAL9	START_DELAY	ANY	3	4800	-1	0	400	
D400_DUAL9_START_DELAY_ANY_t4808	DUAL9	START_DELAY	ANY	3	4808	-1	0	400	
D400_DUAL9_START_DELAY_ANY_t4809	DUAL9	START_DELAY	ANY	3	4809	-1	0	400	
D400_DUAL9_START_DELAY_ANY_t4810	DUAL9	START_DELAY	ANY	3	4810	-1	0	400	
D400_DUAL9_START_DELAY_ANY_t4811	DUAL9	START_DELAY	ANY	3	4811	-1	0	400	
D400_DUAL9_START_DELAY_ANY_t4812	DUAL9	START_DELAY	ANY	3	4812	-1	0	400	
D400_DUAL9_START_DELAY_ANY_t4825	DUAL9	START_DELAY	ANY	3	4825	-1	0	400	
D400_DUAL9_START_DELAY_ANY_t4850	DUAL9	START_DELAY	ANY	3	4850	-1	0	400	
D400_DUAL9_START_DELAY_ANY_t4875	DUAL9	START_DELAY	ANY	3	4875	-1	0	400	
D400_DUAL9_START_DELAY_ANY_t4900	DUAL9	START_DELAY	ANY	3	4900	-1	0	400	
D400_DUAL9_START_DELAY_ANY_t4925	DUAL9	START_DELAY	ANY	3	4925	-1	0	400	
D400_DUAL9_START_DELAY_ANY_t4950	DUAL9	START_DELAY	ANY	3	4950	-1	0	400	
D400_DUAL9_START_DELAY_ANY_t4975	DUAL9	START_DELAY	ANY	3	4975	-1	0	400	
D400_DUAL9_START_DELAY_ANY_t4999	DUAL9	START_DELAY	ANY	3	4999	-1	0	400	
D400_DUAL9_START_DELAY_ANY_t5000	DUAL9	START_DELAY	ANY	4	0	-1	0	400	
D400_DUAL9_START_DELAY_ANY_t5001	DUAL9	START_DELAY	ANY	4	1	-1	0	400	
RED15_STOP_ANY_t0	RED15	STOP	ANY	3	0	-1	0	20	
RED15_STOP_ANY_t1	RED15	STOP	ANY	3	1	-1	0	20	
RED15_STOP_ANY_t2	RED15	STOP	ANY	3	2	-1	0	20	
RED15_STOP_ANY_t25	RED15	STOP	ANY	3	25	-1	0	20	
RED15_STOP_ANY_t50	RED15	STOP	ANY	3	50	-1	0	20	
RED15_STOP_ANY_t75	RED15	STOP	ANY	3	75	-1	0	20	
RED15_STOP_ANY_t100	RED15	STOP	ANY	3	100	-1	0	20	
RED15_STOP_ANY_t125	RED15	STOP	ANY	3	125	-1	0	20	
RED15_STOP_ANY_t150	RED15	STOP	ANY	3	150	-1	0	20	
RED15_STOP_ANY_t160	RED15	STOP	ANY	3	160	-1	0	20	
RED15_STOP_ANY_t161	RED15	STOP	ANY	3	161	-1	0	20	
RED15_STOP_ANY_t162	RED15	STOP	ANY	3	162	-1	0	20	
RED15_STOP_ANY_t175	RED15	STOP	ANY	3	175	-1	0	20	
RED15_STOP_ANY_t200	RED15	STOP	ANY	3	200	-1	0	20	
RED15_STOP_ANY_t225	RED15	STOP	ANY	3	225	-1	0	20	
RED15_STOP_ANY_t248	RED15	STOP	ANY	3	248	-1	0	20	
RED15_STOP_ANY_t249	RED15	STOP	ANY	3	249	-1	0	20	
RED15_STOP_ANY_t250	RED15	STOP	ANY	3	250	-1	0	20	
RED15_STOP_ANY_t266	RED15	STOP	ANY	3	266	-1	0	20	
RED15_STOP_ANY_t275	RED15	STOP	ANY	3	275	-1	0	20	
RED15_STOP_ANY_t283	RED15	STOP	ANY	3	283	-1	0	20	
RED15_STOP_ANY_t284	RED15	STOP	ANY	3	284	-1	0	20	
RED15_STOP_ANY_t285	RED15	STOP	ANY	3	285	-1	0	20	
RED15_STOP_ANY_t300	RED15	STOP	ANY	3	300	-1	0	20	
RED15_STOP_ANY_t309	RED15	STOP	ANY	3	309	-1	0	20	
RED15_STOP_ANY_t310	RED15	STOP	ANY	3	310	-1	0	20	
RED15_STOP_ANY_t311	RED15	STOP	ANY	3	311	-1	0	20	
RED15_STOP_ANY_t325	RED15	STOP	ANY	3	325	-1	0	20	
RED15_STOP_ANY_t350	RED15	STOP	ANY	3	350	-1	0	20	
RED15_STOP_ANY_t375	RED15	STOP	ANY	3	375	-1	0	20	
RED15_STOP_ANY_t385	RED15	STOP	ANY	3	385	-1	0	20	
RED15_STOP_ANY_t400	RED15	STOP	ANY	3	400	-1	0	20	
RED15_STOP_ANY_t425	RED15	STOP	ANY	3	425	-1	0	20	
RED15_STOP_ANY_t443	RED15	STOP	ANY	3	443	-1	0	20	
RED15_STOP_ANY_t444	RED15	STOP	ANY	3	444	-1	0	20	
RED15_STOP_ANY_t445	RED15	STOP	ANY	3	445	-1	0	20	
RED15_STOP_ANY_t450	RED15	STOP	ANY	3	450	-1	0	20	
RED15_STOP_ANY_t475	RED15	STOP	ANY	3	475	-1	0	20	
RED15_STOP_ANY_t477	RED15	STOP	ANY	3	477	-1	0	20	
RED15_STOP_ANY_t478	RED15	STOP	ANY	3	478	-1	0	20	
RED15_STOP_ANY_t479	RED15	STOP	ANY	3	479	-1	0	20	
RED15_STOP_ANY_t500	RED15	STOP	ANY	3	500	-1	0	20	
RED15_STOP_ANY_t525	RED15	STOP	ANY	3	525	-1	0	20	
RED15_STOP_ANY_t550	RED15	STOP	ANY	3	550	-1	0	20	
RED15_STOP_ANY_t575	RED15	STOP	ANY	3	575	-1	0	20	
RED15_STOP_ANY_t600	RED15	STOP	ANY	3	600	-1	0	20	
RED15_STOP_ANY_t625	RED15	STOP	ANY	3	625	-1	0	20	
RED15_STOP_ANY_t650	RED15	STOP	ANY	3	650	-1	0	20	
RED15_STOP_ANY_t675	RED15	STOP	ANY	3	675	-1	0	20	
RED15_STOP_ANY_t700	RED15	STOP	ANY	3	700	-1	0	20	
RED15_STOP_ANY_t725	RED15	STOP	ANY	3	725	-1	0	20	
RED15_STOP_ANY_t750	RED15	STOP	ANY	3	750	-1	0	20	
RED15_STOP_ANY_t775	RED15	STOP	ANY	3	775	-1	0	20	
RED15_STOP_ANY_t800	RED15	STOP	ANY	3	800	-1	0	20	
RED15_STOP_ANY_t825	RED15	STOP	ANY	3	825	-1	0	20	
RED15_STOP_ANY_t850	RED15	STOP	ANY	3	850	-1	0	20	
RED15_STOP_ANY_t875	RED15	STOP	ANY	3	875	-1	0	20	
RED15_STOP_ANY_t900	RED15	STOP	ANY	3	900	-1	0	20	
RED15_STOP_ANY_t925	RED15	STOP	ANY	3	925	-1	0	20	
RED15_STOP_ANY_t950	RED15	STOP	ANY	3	950	-1	0	20	
RED15_STOP_ANY_t975	RED15	STOP	ANY	3	975	-1	0	20	
RED15_STOP_ANY_t1000	RED15	STOP	ANY	3	1000	-1	0	20	
RED15_STOP_ANY_t1025	RED15	STOP	ANY	3	1025	-1	0	20	
RED15_STOP_ANY_t1050	RED15	STOP	ANY	3	1050	-1	0	20	
RED15_STOP_ANY_t1075	RED15	STOP	ANY	3	1075	-1	0	20	
RED15_STOP_ANY_t1100	RED15	STOP	ANY	3	1100	-1	0	20	
RED15_STOP_ANY_t1125	RED15	STOP	ANY	3	1125	-1	0	20	
RED15_STOP_ANY_t1150	RED15	STOP	ANY	3	1150	-1	0	20	
RED15_STOP_ANY_t1175	RED15	STOP	ANY	3	1175	-1	0	20	
RED15_STOP_ANY_t1200	RED15	STOP	ANY	3	1200	-1	0	20	
RED15_STOP_ANY_t1225	RED15	STOP	ANY	3	1225	-1	0	20	
RED15_STOP_ANY_t1250	RED15	STOP	ANY	3	1250	-1	0	20	
RED15_STOP_ANY_t1275	RED15	STOP	ANY	3	1275	-1	0	20	
RED15_STOP_ANY_t1300	RED15	STOP	ANY	3	1300	-1	0	20	
RED15_STOP_ANY_t1325	RED15	STOP	ANY	3	1325	-1	0	20	
RED15_STOP_ANY_t1350	RED15	STOP	ANY	3	1350	-1	0	20	
RED15_STOP_ANY_t1375	RED15	STOP	ANY	3	1375	-1	0	20	
RED15_STOP_ANY_t1400	RED15	STOP	ANY	3	1400	-1	0	20	
RED15_STOP_ANY_t1425	RED15	STOP	ANY	3	1425	-1	0	20	
RED15_STOP_ANY_t1450	RED15	STOP	ANY	3	1450	-1	0	20	
RED15_STOP_ANY_t1475	RED15	STOP	ANY	3	1475	-1	0	20	
RED15_STOP_ANY_t1500	RED15	STOP	ANY	3	1500	-1	0	20	
RED15_STOP_ANY_t1525	RED15	STOP	ANY	3	1525	-1	0	20	
RED15_STOP_ANY_t1550	RED15	STOP	ANY	3	1550	-1	0	20	
RED15_STOP_ANY_t1575	RED15	STOP	ANY	3	1575	-1	0	20	
RED15_STOP_ANY_t1600	RED15	STOP	ANY	3	1600	-1	0	20	
RED15_STOP_ANY_t1625	RED15	STOP	ANY	3	1625	-1	0	20	
RED15_STOP_ANY_t1650	RED15	STOP	ANY	3	1650	-1	0	20	
RED15_STOP_ANY_t1675	RED15	STOP	ANY	3	1675	-1	0	20	
RED15_STOP_ANY_t1700	RED15	STOP	ANY	3	1700	-1	0	20	
RED15_STOP_ANY_t1725	RED15	STOP	ANY	3	1725	-1	0	20	
RED15_STOP_ANY_t1750	RED15	STOP	ANY	3	1750	-1	0	20	
RED15_STOP_ANY_t1775	RED15	STOP	ANY	3	1775	-1	0	20	
RED15_STOP_ANY_t1800	RED15	STOP	ANY	3	1800	-1	0	20	
RED15_STOP_ANY_t1825	RED15	STOP	ANY	3	1825	-1	0	20	
RED15_STOP_ANY_t1850	RED15	STOP	ANY	3	1850	-1	0	20	
RED15_STOP_ANY_t1875	RED15	STOP	ANY	3	1875	-1	0	20	
RED15_STOP_ANY_t1900	RED15	STOP	ANY	3	1900	-1	0	20	
RED15_STOP_ANY_t1925	RED15	STOP	ANY	3	1925	-1	0	20	
RED15_STOP_ANY_t1950	RED15	STOP	ANY	3	1950	-1	0	20	
RED15_STOP_ANY_t1975	RED15	STOP	ANY	3	1975	-1	0	20	
RED15_STOP_ANY_t2000	RED15	STOP	ANY	3	2000	-1	0	20	
RED15_STOP_ANY_t2025	RED15	STOP	ANY	3	2025	-1	0	20	
RED15_STOP_ANY_t2050	RED15	STOP	ANY	3	2050	-1	0	20	
RED15_STOP_ANY_t2075	RED15	STOP	ANY	3	2075	-1	0	20	
RED15_STOP_ANY_t2100	RED15	STOP	ANY	3	2100	-1	0	20	
RED15_STOP_ANY_t2125	RED15	STOP	ANY	3	2125	-1	0	20	
RED15_STOP_ANY_t2150	RED15	STOP	ANY	3	2150	-1	0	20	
RED15_STOP_ANY_t2175	RED15	STOP	ANY	3	2175	-1	0	20	
RED15_STOP_ANY_t2200	RED15	STOP	ANY	3	2200	-1	0	20	
RED15_STOP_ANY_t2225	RED15	STOP	ANY	3	2225	-1	0	20	
RED15_STOP_ANY_t2250	RED15	STOP	ANY	3	2250	-1	0	20	
RED15_STOP_ANY_t2275	RED15	STOP	ANY	3	2275	-1	0	20	
RED15_STOP_ANY_t2300	RED15	STOP	ANY	3	2300	-1	0	20	
RED15_STOP_ANY_t2325	RED15	STOP	ANY	3	2325	-1	0	20	
RED15_STOP_ANY_t2350	RED15	STOP	ANY	3	2350	-1	0	20	
RED15_STOP_ANY_t2375	RED15	STOP	ANY	3	2375	-1	0	20	
RED15_STOP_ANY_t2400	RED15	STOP	ANY	3	2400	-1	0	20	
RED15_STOP_ANY_t2425	RED15	STOP	ANY	3	2425	-1	0	20	
RED15_STOP_ANY_t2450	RED15	STOP	ANY	3	2450	-1	0	20	
RED15_STOP_ANY_t2475	RED15	STOP	ANY	3	2475	-1	0	20	
RED15_STOP_ANY_t2500	RED15	STOP	ANY	3	2500	-1	0	20	
RED15_STOP_ANY_t2525	RED15	STOP	ANY	3	2525	-1	0	20	
RED15_STOP_ANY_t2550	RED15	STOP	ANY	3	2550	-1	0	20	
RED15_STOP_ANY_t2575	RED15	STOP	ANY	3	2575	-1	0	20	
RED15_STOP_ANY_t2600	RED15	STOP	ANY	3	2600	-1	0	20	
RED15_STOP_ANY_t2625	RED15	STOP	ANY	3	2625	-1	0	20	
RED15_STOP_ANY_t2650	RED15	STOP	ANY	3	2650	-1	0	20	
RED15_STOP_ANY_t2675	RED15	STOP	ANY	3	2675	-1	0	20	
RED15_STOP_ANY_t2700	RED15	STOP	ANY	3	2700	-1	0	20	
RED15_STOP_ANY_t2725	RED15	STOP	ANY	3	2725	-1	0	20	
RED15_STOP_ANY_t2750	RED15	STOP	ANY	3	2750	-1	0	20	
RED15_STOP_ANY_t2775	RED15	STOP	ANY	3	2775	-1	0	20	
RED15_STOP_ANY_t2800	RED15	STOP	ANY	3	2800	-1	0	20	
RED15_STOP_ANY_t2825	RED15	STOP	ANY	3	2825	-1	0	20	
RED15_STOP_ANY_t2850	RED15	STOP	ANY	3	2850	-1	0	20	
RED15_STOP_ANY_t2875	RED15	STOP	ANY	3	2875	-1	0	20	
RED15_STOP_ANY_t2900	RED15	STOP	ANY	3	2900	-1	0	20	
RED15_STOP_ANY_t2925	RED15	STOP	ANY	3	2925	-1	0	20	
RED15_STOP_ANY_t2950	RED15	STOP	ANY	3	2950	-1	0	20	
RED15_STOP_ANY_t2975	RED15	STOP	ANY	3	2975	-1	0	20	
RED15_STOP_ANY_t3000	RED15	STOP	ANY	3	3000	-1	0	20	
RED15_STOP_ANY_t3025	RED15	STOP	ANY	3	3025	-1	0	20	
RED15_STOP_ANY_t3050	RED15	STOP	ANY	3	3050	-1	0	20	
RED15_STOP_ANY_t3075	RED15	STOP	ANY	3	3075	-1	0	20	
RED15_STOP_ANY_t3100	RED15	STOP	ANY	3	3100	-1	0	20	
RED15_STOP_ANY_t3125	RED15	STOP	ANY	3	3125	-1	0	20	
RED15_STOP_ANY_t3150	RED15	STOP	ANY	3	3150	-1	0	20	
RED15_STOP_ANY_t3175	RED15	STOP	ANY	3	3175	-1	0	20	
RED15_STOP_ANY_t3200	RED15	STOP	ANY	3	3200	-1	0	20	
RED15_STOP_ANY_t3225	RED15	STOP	ANY	3	3225	-1	0	20	
RED15_STOP_ANY_t3250	RED15	STOP	ANY	3	3250	-1	0	20	
RED15_STOP_ANY_t3275	RED15	STOP	ANY	3	3275	-1	0	20	
RED15_STOP_ANY_t3300	RED15	STOP	ANY	3	3300	-1	0	20	
RED15_STOP_ANY_t3325	RED15	STOP	ANY	3	3325	-1	0	20	
RED15_STOP_ANY_t3350	RED15	STOP	ANY	3	3350	-1	0	20	
RED15_STOP_ANY_t3375	RED15	STOP	ANY	3	3375	-1	0	20	
RED15_STOP_ANY_t3400	RED15	STOP	ANY	3	3400	-1	0	20	
RED15_STOP_ANY_t3425	RED15	STOP	ANY	3	3425	-1	0	20	
RED15_STOP_ANY_t3450	RED15	STOP	ANY	3	3450	-1	0	20	
RED15_STOP_ANY_t3475	RED15	STOP	ANY	3	3475	-1	0	20	
RED15_STOP_ANY_t3500	RED15	STOP	ANY	3	3500	-1	0	20	
RED15_STOP_ANY_t3525	RED15	STOP	ANY	3	3525	-1	0	20	
RED15_STOP_ANY_t3550	RED15	STOP	ANY	3	3550	-1	0	20	
RED15_STOP_ANY_t3575	RED15	STOP	ANY	3	3575	-1	0	20	
RED15_STOP_ANY_t3600	RED15	STOP	ANY	3	3600	-1	0	20	
RED15_STOP_ANY_t3625	RED15	STOP	ANY	3	3625	-1	0	20	
RED15_STOP_ANY_t3650	RED15	STOP	ANY	3	3650	-1	0	20	
RED15_STOP_ANY_t3675	RED15	STOP	ANY	3	3675	-1	0	20	
RED15_STOP_ANY_t3700	RED15	STOP	ANY	3	3700	-1	0	20	
RED15_STOP_ANY_t3725	RED15	STOP	ANY	3	3725	-1	0	20	
RED15_STOP_ANY_t3750	RED15	STOP	ANY	3	3750	-1	0	20	
RED15_STOP_ANY_t3775	RED15	STOP	ANY	3	3775	-1	0	20	
RED15_STOP_ANY_t3800	RED15	STOP	ANY	3	3800	-1	0	20	
RED15_STOP_ANY_t3825	RED15	STOP	ANY	3	3825	-1	0	20	
RED15_STOP_ANY_t3850	RED15	STOP	ANY	3	3850	-1	0	20	
RED15_STOP_ANY_t3875	RED15	STOP	ANY	3	3875	-1	0	20	
RED15_STOP_ANY_t3900	RED15	STOP	ANY	3	3900	-1	0	20	
RED15_STOP_ANY_t3925	RED15	STOP	ANY	3	3925	-1	0	20	
RED15_STOP_ANY_t3950	RED15	STOP	ANY	3	3950	-1	0	20	
RED15_STOP_ANY_t3975	RED15	STOP	ANY	3	3975	-1	0	20	
RED15_STOP_ANY_t4000	RED15	STOP	ANY	3	4000	-1	0	20	
RED15_STOP_ANY_t4025	RED15	STOP	ANY	3	4025	-1	0	20	
RED15_STOP_ANY_t4050	RED15	STOP	ANY	3	4050	-1	0	20	
RED15_STOP_ANY_t4075	RED15	STOP	ANY	3	4075	-1	0	20	
RED15_STOP_ANY_t4100	RED15	STOP	ANY	3	4100	-1	0	20	
RED15_STOP_ANY_t4125	RED15	STOP	ANY	3	4125	-1	0	20	
RED15_STOP_ANY_t4150	RED15	STOP	ANY	3	4150	-1	0	20	
RED15_STOP_ANY_t4175	RED15	STOP	ANY	3	4175	-1	0	20	
RED15_STOP_ANY_t4200	RED15	STOP	ANY	3	4200	-1	0	20	
RED15_STOP_ANY_t4225	RED15	STOP	ANY	3	4225	-1	0	20	
RED15_STOP_ANY_t4250	RED15	STOP	ANY	3	4250	-1	0	20	
RED15_STOP_ANY_t4275	RED15	STOP	ANY	3	4275	-1	0	20	
RED15_STOP_ANY_t4300	RED15	STOP	ANY	3	4300	-1	0	20	
RED15_STOP_ANY_t4325	RED15	STOP	ANY	3	4325	-1	0	20	
RED15_STOP_ANY_t4350	RED15	STOP	ANY	3	4350	-1	0	20	
RED15_STOP_ANY_t4375	RED15	STOP	ANY	3	4375	-1	0	20	
RED15_STOP_ANY_t4400	RED15	STOP	ANY	3	4400	-1	0	20	
RED15_STOP_ANY_t4425	RED15	STOP	ANY	3	4425	-1	0	20	
RED15_STOP_ANY_t4450	RED15	STOP	ANY	3	4450	-1	0	20	
RED15_STOP_ANY_t4475	RED15	STOP	ANY	3	4475	-1	0	20	
RED15_STOP_ANY_t4499	RED15	STOP	ANY	3	4499	-1	0	20	
RED15_STOP_ANY_t4500	RED15	STOP	ANY	3	4500	-1	0	20	
RED15_STOP_ANY_t4501	RED15	STOP	ANY	3	4501	-1	0	20	
RED15_STOP_ANY_t4502	RED15	STOP	ANY	3	4502	-1	0	20	
RED15_STOP_ANY_t4503	RED15	STOP	ANY	3	4503	-1	0	20	
RED15_STOP_ANY_t4525	RED15	STOP	ANY	3	4525	-1	0	20	
RED15_STOP_ANY_t4550	RED15	STOP	ANY	3	4550	-1	0	20	
RED15_STOP_ANY_t4575	RED15	STOP	ANY	3	4575	-1	0	20	
RED15_STOP_ANY_t4600	RED15	STOP	ANY	3	4600	-1	0	20	
RED15_STOP_ANY_t4625	RED15	STOP	ANY	3	4625	-1	0	20	
RED15_STOP_ANY_t4650	RED15	STOP	ANY	3	4650	-1	0	20	
RED15_STOP_ANY_t4675	RED15	STOP	ANY	3	4675	-1	0	20	
RED15_STOP_ANY_t4700	RED15	STOP	ANY	3	4700	-1	0	20	
RED15_STOP_ANY_t4725	RED15	STOP	ANY	3	4725	-1	0	20	
RED15_STOP_ANY_t4750	RED15	STOP	ANY	3	4750	-1	0	20	
RED15_STOP_ANY_t4760	RED15	STOP	ANY	3	4760	-1	0	20	
RED15_STOP_ANY_t4775	RED15	STOP	ANY	3	4775	-1	0	20	
RED15_STOP_ANY_t4800	RED15	STOP	ANY	3	4800	-1	0	20	
RED15_STOP_ANY_t4808	RED15	STOP	ANY	3	4808	-1	0	20	
RED15_STOP_ANY_t4809	RED15	STOP	ANY	3	4809	-1	0	20	
RED15_STOP_ANY_t4810	RED15	STOP	ANY	3	4810	-1	0	20	
RED15_STOP_ANY_t4811	RED15	STOP	ANY	3	4811	-1	0	20	
RED15_STOP_ANY_t4812	RED15	STOP	ANY	3	4812	-1	0	20	
RED15_STOP_ANY_t4825	RED15	STOP	ANY	3	4825	-1	0	20	
RED15_STOP_ANY_t4850	RED15	STOP	ANY	3	4850	-1	0	20	
RED15_STOP_ANY_t4875	RED15	STOP	ANY	3	4875	-1	0	20	
RED15_STOP_ANY_t4900	RED15	STOP	ANY	3	4900	-1	0	20	
RED15_STOP_ANY_t4925	RED15	STOP	ANY	3	4925	-1	0	20	
RED15_STOP_ANY_t4950	RED15	STOP	ANY	3	4950	-1	0	20	
RED15_STOP_ANY_t4975	RED15	STOP	ANY	3	4975	-1	0	20	
RED15_STOP_ANY_t4999	RED15	STOP	ANY	3	4999	-1	0	20	
RED15_STOP_ANY_t5000	RED15	STOP	ANY	4	0	-1	0	20	
RED15_STOP_ANY_t5001	RED15	STOP	ANY	4	1	-1	0	20	
RED15_ABORT_ANY_t0	RED15	ABORT	ANY	3	0	-1	0	20	
RED15_ABORT_ANY_t1	RED15	ABORT	ANY	3	1	-1	0	20	
RED15_ABORT_ANY_t2	RED15	ABORT	ANY	3	2	-1	0	20	
RED15_ABORT_ANY_t25	RED15	ABORT	ANY	3	25	-1	0	20	
RED15_ABORT_ANY_t50	RED15	ABORT	ANY	3	50	-1	0	20	
RED15_ABORT_ANY_t75	RED15	ABORT	ANY	3	75	-1	0	20	
RED15_ABORT_ANY_t100	RED15	ABORT	ANY	3	100	-1	0	20	
RED15_ABORT_ANY_t125	RED15	ABORT	ANY	3	125	-1	0	20	
RED15_ABORT_ANY_t150	RED15	ABORT	ANY	3	150	-1	0	20	
RED15_ABORT_ANY_t160	RED15	ABORT	ANY	3	160	-1	0	20	
RED15_ABORT_ANY_t161	RED15	ABORT	ANY	3	161	-1	0	20	
RED15_ABORT_ANY_t162	RED15	ABORT	ANY	3	162	-1	0	20	
RED15_ABORT_ANY_t175	RED15	ABORT	ANY	3	175	-1	0	20	
RED15_ABORT_ANY_t200	RED15	ABORT	ANY	3	200	-1	0	20	
RED15_ABORT_ANY_t225	RED15	ABORT	ANY	3	225	-1	0	20	
RED15_ABORT_ANY_t248	RED15	ABORT	ANY	3	248	-1	0	20	
RED15_ABORT_ANY_t249	RED15	ABORT	ANY	3	249	-1	0	20	
RED15_ABORT_ANY_t250	RED15	ABORT	ANY	3	250	-1	0	20	
RED15_ABORT_ANY_t266	RED15	ABORT	ANY	3	266	-1	0	20	
RED15_ABORT_ANY_t275	RED15	ABORT	ANY	3	275	-1	0	20	
RED15_ABORT_ANY_t283	RED15	ABORT	ANY	3	283	-1	0	20	
RED15_ABORT_ANY_t284	RED15	ABORT	ANY	3	284	-1	0	20	
RED15_ABORT_ANY_t285	RED15	ABORT	ANY	3	285	-1	0	20	
RED15_ABORT_ANY_t300	RED15	ABORT	ANY	3	300	-1	0	20	
RED15_ABORT_ANY_t309	RED15	ABORT	ANY	3	309	-1	0	20	
RED15_ABORT_ANY_t310	RED15	ABORT	ANY	3	310	-1	0	20	
RED15_ABORT_ANY_t311	RED15	ABORT	ANY	3	311	-1	0	20	
RED15_ABORT_ANY_t325	RED15	ABORT	ANY	3	325	-1	0	20	
RED15_ABORT_ANY_t350	RED15	ABORT	ANY	3	350	-1	0	20	
RED15_ABORT_ANY_t375	RED15	ABORT	ANY	3	375	-1	0	20	
RED15_ABORT_ANY_t385	RED15	ABORT	ANY	3	385	-1	0	20	
RED15_ABORT_ANY_t400	RED15	ABORT	ANY	3	400	-1	0	20	
RED15_ABORT_ANY_t425	RED15	ABORT	ANY	3	425	-1	0	20	
RED15_ABORT_ANY_t443	RED15	ABORT	ANY	3	443	-1	0	20	
RED15_ABORT_ANY_t444	RED15	ABORT	ANY	3	444	-1	0	20	
RED15_ABORT_ANY_t445	RED15	ABORT	ANY	3	445	-1	0	20	
RED15_ABORT_ANY_t450	RED15	ABORT	ANY	3	450	-1	0	20	
RED15_ABORT_ANY_t475	RED15	ABORT	ANY	3	475	-1	0	20	
RED15_ABORT_ANY_t477	RED15	ABORT	ANY	3	477	-1	0	20	
RED15_ABORT_ANY_t478	RED15	ABORT	ANY	3	478	-1	0	20	
RED15_ABORT_ANY_t479	RED15	ABORT	ANY	3	479	-1	0	20	
RED15_ABORT_ANY_t500	RED15	ABORT	ANY	3	500	-1	0	20	
RED15_ABORT_ANY_t525	RED15	ABORT	ANY	3	525	-1	0	20	
RED15_ABORT_ANY_t550	RED15	ABORT	ANY	3	550	-1	0	20	
RED15_ABORT_ANY_t575	RED15	ABORT	ANY	3	575	-1	0	20	
RED15_ABORT_ANY_t600	RED15	ABORT	ANY	3	600	-1	0	20	
RED15_ABORT_ANY_t625	RED15	ABORT	ANY	3	625	-1	0	20	
RED15_ABORT_ANY_t650	RED15	ABORT	ANY	3	650	-1	0	20	
RED15_ABORT_ANY_t675	RED15	ABORT	ANY	3	675	-1	0	20	
RED15_ABORT_ANY_t700	RED15	ABORT	ANY	3	700	-1	0	20	
RED15_ABORT_ANY_t725	RED15	ABORT	ANY	3	725	-1	0	20	
RED15_ABORT_ANY_t750	RED15	ABORT	ANY	3	750	-1	0	20	
RED15_ABORT_ANY_t775	RED15	ABORT	ANY	3	775	-1	0	20	
RED15_ABORT_ANY_t800	RED15	ABORT	ANY	3	800	-1	0	20	
RED15_ABORT_ANY_t825	RED15	ABORT	ANY	3	825	-1	0	20	
RED15_ABORT_ANY_t850	RED15	ABORT	ANY	3	850	-1	0	20	
RED15_ABORT_ANY_t875	RED15	ABORT	ANY	3	875	-1	0	20	
RED15_ABORT_ANY_t900	RED15	ABORT	ANY	3	900	-1	0	20	
RED15_ABORT_ANY_t925	RED15	ABORT	ANY	3	925	-1	0	20	
RED15_ABORT_ANY_t950	RED15	ABORT	ANY	3	950	-1	0	20	
RED15_ABORT_ANY_t975	RED15	ABORT	ANY	3	975	-1	0	20	
RED15_ABORT_ANY_t1000	RED15	ABORT	ANY	3	1000	-1	0	20	
RED15_ABORT_ANY_t1025	RED15	ABORT	ANY	3	1025	-1	0	20	
RED15_ABORT_ANY_t1050	RED15	ABORT	ANY	3	1050	-1	0	20	
RED15_ABORT_ANY_t1075	RED15	ABORT	ANY	3	1075	-1	0	20	
RED15_ABORT_ANY_t1100	RED15	ABORT	ANY	3	1100	-1	0	20	
RED15_ABORT_ANY_t1125	RED15	ABORT	ANY	3	1125	-1	0	20	
RED15_ABORT_ANY_t1150	RED15	ABORT	ANY	3	1150	-1	0	20	
RED15_ABORT_ANY_t1175	RED15	ABORT	ANY	3	1175	-1	0	20	
RED15_ABORT_ANY_t1200	RED15	ABORT	ANY	3	1200	-1	0	20	
RED15_ABORT_ANY_t1225	RED15	ABORT	ANY	3	1225	-1	0	20	
RED15_ABORT_ANY_t1250	RED15	ABORT	ANY	3	1250	-1	0	20	
RED15_ABORT_ANY_t1275	RED15	ABORT	ANY	3	1275	-1	0	20	
RED15_ABORT_ANY_t1300	RED15	ABORT	ANY	3	1300	-1	0	20	
RED15_ABORT_ANY_t1325	RED15	ABORT	ANY	3	1325	-1	0	20	
RED15_ABORT_ANY_t1350	RED15	ABORT	ANY	3	1350	-1	0	20	
RED15_ABORT_ANY_t1375	RED15	ABORT	ANY	3	1375	-1	0	20	
RED15_ABORT_ANY_t1400	RED15	ABORT	ANY	3	1400	-1	0	20	
RED15_ABORT_ANY_t1425	RED15	ABORT	ANY	3	1425	-1	0	20	
RED15_ABORT_ANY_t1450	RED15	ABORT	ANY	3	1450	-1	0	20	
RED15_ABORT_ANY_t1475	RED15	ABORT	ANY	3	1475	-1	0	20	
RED15_ABORT_ANY_t1500	RED15	ABORT	ANY	3	1500	-1	0	20	
RED15_ABORT_ANY_t1525	RED15	ABORT	ANY	3	1525	-1	0	20	
RED15_ABORT_ANY_t1550	RED15	ABORT	ANY	3	1550	-1	0	20	
RED15_ABORT_ANY_t1575	RED15	ABORT	ANY	3	1575	-1	0	20	
RED15_ABORT_ANY_t1600	RED15	ABORT	ANY	3	1600	-1	0	20	
RED15_ABORT_ANY_t1625	RED15	ABORT	ANY	3	1625	-1	0	20	
RED15_ABORT_ANY_t1650	RED15	ABORT	ANY	3	1650	-1	0	20	
RED15_ABORT_ANY_t1675	RED15	ABORT	ANY	3	1675	-1	0	20	
RED15_ABORT_ANY_t1700	RED15	ABORT	ANY	3	1700	-1	0	20	
RED15_ABORT_ANY_t1725	RED15	ABORT	ANY	3	1725	-1	0	20	
RED15_ABORT_ANY_t1750	RED15	ABORT	ANY	3	1750	-1	0	20	
RED15_ABORT_ANY_t1775	RED15	ABORT	ANY	3	1775	-1	0	20	
RED15_ABORT_ANY_t1800	RED15	ABORT	ANY	3	1800	-1	0	20	
RED15_ABORT_ANY_t1825	RED15	ABORT	ANY	3	1825	-1	0	20	
RED15_ABORT_ANY_t1850	RED15	ABORT	ANY	3	1850	-1	0	20	
RED15_ABORT_ANY_t1875	RED15	ABORT	ANY	3	1875	-1	0	20	
RED15_ABORT_ANY_t1900	RED15	ABORT	ANY	3	1900	-1	0	20	
RED15_ABORT_ANY_t1925	RED15	ABORT	ANY	3	1925	-1	0	20	
RED15_ABORT_ANY_t1950	RED15	ABORT	ANY	3	1950	-1	0	20	
RED15_ABORT_ANY_t1975	RED15	ABORT	ANY	3	1975	-1	0	20	
RED15_ABORT_ANY_t2000	RED15	ABORT	ANY	3	2000	-1	0	20	
RED15_ABORT_ANY_t2025	RED15	ABORT	ANY	3	2025	-1	0	20	
RED15_ABORT_ANY_t2050	RED15	ABORT	ANY	3	2050	-1	0	20	
RED15_ABORT_ANY_t2075	RED15	ABORT	ANY	3	2075	-1	0	20	
RED15_ABORT_ANY_t2100	RED15	ABORT	ANY	3	2100	-1	0	20	
RED15_ABORT_ANY_t2125	RED15	ABORT	ANY	3	2125	-1	0	20	
RED15_ABORT_ANY_t2150	RED15	ABORT	ANY	3	2150	-1	0	20	
RED15_ABORT_ANY_t2175	RED15	ABORT	ANY	3	2175	-1	0	20	
RED15_ABORT_ANY_t2200	RED15	ABORT	ANY	3	2200	-1	0	20	
RED15_ABORT_ANY_t2225	RED15	ABORT	ANY	3	2225	-1	0	20	
RED15_ABORT_ANY_t2250	RED15	ABORT	ANY	3	2250	-1	0	20	
RED15_ABORT_ANY_t2275	RED15	ABORT	ANY	3	2275	-1	0	20	
RED15_ABORT_ANY_t2300	RED15	ABORT	ANY	3	2300	-1	0	20	
RED15_ABORT_ANY_t2325	RED15	ABORT	ANY	3	2325	-1	0	20	
RED15_ABORT_ANY_t2350	RED15	ABORT	ANY	3	2350	-1	0	20	
RED15_ABORT_ANY_t2375	RED15	ABORT	ANY	3	2375	-1	0	20	
RED15_ABORT_ANY_t2400	RED15	ABORT	ANY	3	2400	-1	0	20	
RED15_ABORT_ANY_t2425	RED15	ABORT	ANY	3	2425	-1	0	20	
RED15_ABORT_ANY_t2450	RED15	ABORT	ANY	3	2450	-1	0	20	
RED15_ABORT_ANY_t2475	RED15	ABORT	ANY	3	2475	-1	0	20	
RED15_ABORT_ANY_t2500	RED15	ABORT	ANY	3	2500	-1	0	20	
RED15_ABORT_ANY_t2525	RED15	ABORT	ANY	3	2525	-1	0	20	
RED15_ABORT_ANY_t2550	RED15	ABORT	ANY	3	2550	-1	0	20	
RED15_ABORT_ANY_t2575	RED15	ABORT	ANY	3	2575	-1	0	20	
RED15_ABORT_ANY_t2600	RED15	ABORT	ANY	3	2600	-1	0	20	
RED15_ABORT_ANY_t2625	RED15	ABORT	ANY	3	2625	-1	0	20	
RED15_ABORT_ANY_t2650	RED15	ABORT	ANY	3	2650	-1	0	20	
RED15_ABORT_ANY_t2675	RED15	ABORT	ANY	3	2675	-1	0	20	
RED15_ABORT_ANY_t2700	RED15	ABORT	ANY	3	2700	-1	0	20	
RED15_ABORT_ANY_t2725	RED15	ABORT	ANY	3	2725	-1	0	20	
RED15_ABORT_ANY_t2750	RED15	ABORT	ANY	3	2750	-1	0	20	
RED15_ABORT_ANY_t2775	RED15	ABORT	ANY	3	2775	-1	0	20	
RED15_ABORT_ANY_t2800	RED15	ABORT	ANY	3	2800	-1	0	20	
RED15_ABORT_ANY_t2825	RED15	ABORT	ANY	3	2825	-1	0	20	
RED15_ABORT_ANY_t2850	RED15	ABORT	ANY	3	2850	-1	0	20	
RED15_ABORT_ANY_t2875	RED15	ABORT	ANY	3	2875	-1	0	20	
RED15_ABORT_ANY_t2900	RED15	ABORT	ANY	3	2900	-1	0	20	
RED15_ABORT_ANY_t2925	RED15	ABORT	ANY	3	2925	-1	0	20	
RED15_ABORT_ANY_t2950	RED15	ABORT	ANY	3	2950	-1	0	20	
RED15_ABORT_ANY_t2975	RED15	ABORT	ANY	3	2975	-1	0	20	
RED15_ABORT_ANY_t3000	RED15	ABORT	ANY	3	3000	-1	0	20	
RED15_ABORT_ANY_t3025	RED15	ABORT	ANY	3	3025	-1	0	20	
RED15_ABORT_ANY_t3050	RED15	ABORT	ANY	3	3050	-1	0	20	
RED15_ABORT_ANY_t3075	RED15	ABORT	ANY	3	3075	-1	0	20	
RED15_ABORT_ANY_t3100	RED15	ABORT	ANY	3	3100	-1	0	20	
RED15_ABORT_ANY_t3125	RED15	ABORT	ANY	3	3125	-1	0	20	
RED15_ABORT_ANY_t3150	RED15	ABORT	ANY	3	3150	-1	0	20	
RED15_ABORT_ANY_t3175	RED15	ABORT	ANY	3	3175	-1	0	20	
RED15_ABORT_ANY_t3200	RED15	ABORT	ANY	3	3200	-1	0	20	
RED15_ABORT_ANY_t3225	RED15	ABORT	ANY	3	3225	-1	0	20	
RED15_ABORT_ANY_t3250	RED15	ABORT	ANY	3	3250	-1	0	20	
RED15_ABORT_ANY_t3275	RED15	ABORT	ANY	3	3275	-1	0	20	
RED15_ABORT_ANY_t3300	RED15	ABORT	ANY	3	3300	-1	0	20	
RED15_ABORT_ANY_t3325	RED15	ABORT	ANY	3	3325	-1	0	20	
RED15_ABORT_ANY_t3350	RED15	ABORT	ANY	3	3350	-1	0	20	
RED15_ABORT_ANY_t3375	RED15	ABORT	ANY	3	3375	-1	0	20	
RED15_ABORT_ANY_t3400	RED15	ABORT	ANY	3	3400	-1	0	20	
RED15_ABORT_ANY_t3425	RED15	ABORT	ANY	3	3425	-1	0	20	
RED15_ABORT_ANY_t3450	RED15	ABORT	ANY	3	3450	-1	0	20	
RED15_ABORT_ANY_t3475	RED15	ABORT	ANY	3	3475	-1	0	20	
RED15_ABORT_ANY_t3500	RED15	ABORT	ANY	3	3500	-1	0	20	
RED15_ABORT_ANY_t3525	RED15	ABORT	ANY	3	3525	-1	0	20	
RED15_ABORT_ANY_t3550	RED15	ABORT	ANY	3	3550	-1	0	20	
RED15_ABORT_ANY_t3575	RED15	ABORT	ANY	3	3575	-1	0	20	
RED15_ABORT_ANY_t3600	RED15	ABORT	ANY	3	3600	-1	0	20	
RED15_ABORT_ANY_t3625	RED15	ABORT	ANY	3	3625	-1	0	20	
RED15_ABORT_ANY_t3650	RED15	ABORT	ANY	3	3650	-1	0	20	
RED15_ABORT_ANY_t3675	RED15	ABORT	ANY	3	3675	-1	0	20	
RED15_ABORT_ANY_t3700	RED15	ABORT	ANY	3	3700	-1	0	20	
RED15_ABORT_ANY_t3725	RED15	ABORT	ANY	3	3725	-1	0	20	
RED15_ABORT_ANY_t3750	RED15	ABORT	ANY	3	3750	-1	0	20	
RED15_ABORT_ANY_t3775	RED15	ABORT	ANY	3	3775	-1	0	20	
RED15_ABORT_ANY_t3800	RED15	ABORT	ANY	3	3800	-1	0	20	
RED15_ABORT_ANY_t3825	RED15	ABORT	ANY	3	3825	-1	0	20	
RED15_ABORT_ANY_t3850	RED15	ABORT	ANY	3	3850	-1	0	20	
RED15_ABORT_ANY_t3875	RED15	ABORT	ANY	3	3875	-1	0	20	
RED15_ABORT_ANY_t3900	RED15	ABORT	ANY	3	3900	-1	0	20	
RED15_ABORT_ANY_t3925	RED15	ABORT	ANY	3	3925	-1	0	20	
RED15_ABORT_ANY_t3950	RED15	ABORT	ANY	3	3950	-1	0	20	
RED15_ABORT_ANY_t3975	RED15	ABORT	ANY	3	3975	-1	0	20	
RED15_ABORT_ANY_t4000	RED15	ABORT	ANY	3	4000	-1	0	20	
RED15_ABORT_ANY_t4025	RED15	ABORT	ANY	3	4025	-1	0	20	
RED15_ABORT_ANY_t4050	RED15	ABORT	ANY	3	4050	-1	0	20	
RED15_ABORT_ANY_t4075	RED15	ABORT	ANY	3	4075	-1	0	20	
RED15_ABORT_ANY_t4100	RED15	ABORT	ANY	3	4100	-1	0	20	
RED15_ABORT_ANY_t4125	RED15	ABORT	ANY	3	4125	-1	0	20	
RED15_ABORT_ANY_t4150	RED15	ABORT	ANY	3	4150	-1	0	20	
RED15_ABORT_ANY_t4175	RED15	ABORT	ANY	3	4175	-1	0	20	
RED15_ABORT_ANY_t4200	RED15	ABORT	ANY	3	4200	-1	0	20	
RED15_ABORT_ANY_t4225	RED15	ABORT	ANY	3	4225	-1	0	20	
RED15_ABORT_ANY_t4250	RED15	ABORT	ANY	3	4250	-1	0	20	
RED15_ABORT_ANY_t4275	RED15	ABORT	ANY	3	4275	-1	0	20	
RED15_ABORT_ANY_t4300	RED15	ABORT	ANY	3	4300	-1	0	20	
RED15_ABORT_ANY_t4325	RED15	ABORT	ANY	3	4325	-1	0	20	
RED15_ABORT_ANY_t4350	RED15	ABORT	ANY	3	4350	-1	0	20	
RED15_ABORT_ANY_t4375	RED15	ABORT	ANY	3	4375	-1	0	20	
RED15_ABORT_ANY_t4400	RED15	ABORT	ANY	3	4400	-1	0	20	
RED15_ABORT_ANY_t4425	RED15	ABORT	ANY	3	4425	-1	0	20	
RED15_ABORT_ANY_t4450	RED15	ABORT	ANY	3	4450	-1	0	20	
RED15_ABORT_ANY_t4475	RED15	ABORT	ANY	3	4475	-1	0	20	
RED15_ABORT_ANY_t4499	RED15	ABORT	ANY	3	4499	-1	0	20	
RED15_ABORT_ANY_t4500	RED15	ABORT	ANY	3	4500	-1	0	20	
RED15_ABORT_ANY_t4501	RED15	ABORT	ANY	3	4501	-1	0	20	
RED15_ABORT_ANY_t4502	RED15	ABORT	ANY	3	4502	-1	0	20	
RED15_ABORT_ANY_t4503	RED15	ABORT	ANY	3	4503	-1	0	20	
RED15_ABORT_ANY_t4525	RED15	ABORT	ANY	3	4525	-1	0	20	
RED15_ABORT_ANY_t4550	RED15	ABORT	ANY	3	4550	-1	0	20	
RED15_ABORT_ANY_t4575	RED15	ABORT	ANY	3	4575	-1	0	20	
RED15_ABORT_ANY_t4600	RED15	ABORT	ANY	3	4600	-1	0	20	
RED15_ABORT_ANY_t4625	RED15	ABORT	ANY	3	4625	-1	0	20	
RED15_ABORT_ANY_t4650	RED15	ABORT	ANY	3	4650	-1	0	20	
RED15_ABORT_ANY_t4675	RED15	ABORT	ANY	3	4675	-1	0	20	
RED15_ABORT_ANY_t4700	RED15	ABORT	ANY	3	4700	-1	0	20	
RED15_ABORT_ANY_t4725	RED15	ABORT	ANY	3	4725	-1	0	20	
RED15_ABORT_ANY_t4750	RED15	ABORT	ANY	3	4750	-1	0	20	
RED15_ABORT_ANY_t4760	RED15	ABORT	ANY	3	4760	-1	0	20	
RED15_ABORT_ANY_t4775	RED15	ABORT	ANY	3	4775	-1	0	20	
RED15_ABORT_ANY_t4800	RED15	ABORT	ANY	3	4800	-1	0	20	
RED15_ABORT_ANY_t4808	RED15	ABORT	ANY	3	4808	-1	0	20	
RED15_ABORT_ANY_t4809	RED15	ABORT	ANY	3	4809	-1	0	20	
RED15_ABORT_ANY_t4810	RED15	ABORT	ANY	3	4810	-1	0	20	
RED15_ABORT_ANY_t4811	RED15	ABORT	ANY	3	4811	-1	0	20	
RED15_ABORT_ANY_t4812	RED15	ABORT	ANY	3	4812	-1	0	20	
RED15_ABORT_ANY_t4825	RED15	ABORT	ANY	3	4825	-1	0	20	
RED15_ABORT_ANY_t4850	RED15	ABORT	ANY	3	4850	-1	0	20	
RED15_ABORT_ANY_t4875	RED15	ABORT	ANY	3	4875	-1	0	20	
RED15_ABORT_ANY_t4900	RED15	ABORT	ANY	3	4900	-1	0	20	
RED15_ABORT_ANY_t4925	RED15	ABORT	ANY	3	4925	-1	0	20	
RED15_ABORT_ANY_t4950	RED15	ABORT	ANY	3	4950	-1	0	20	
RED15_ABORT_ANY_t4975	RED15	ABORT	ANY	3	4975	-1	0	20	
RED15_ABORT_ANY_t4999	RED15	ABORT	ANY	3	4999	-1	0	20	
RED15_ABORT_ANY_t5000	RED15	ABORT	ANY	4	0	-1	0	20	
RED15_ABORT_ANY_t5001	RED15	ABORT	ANY	4	1	-1	0	20	
RED15_LOST_ANY_t0	RED15	LOST	ANY	3	0	-1	0	20	
RED15_LOST_ANY_t1	RED15	LOST	ANY	3	1	-1	0	20	
RED15_LOST_ANY_t2	RED15	LOST	ANY	3	2	-1	0	20	
RED15_LOST_ANY_t25	RED15	LOST	ANY	3	25	-1	0	20	
RED15_LOST_ANY_t50	RED15	LOST	ANY	3	50	-1	0	20	
RED15_LOST_ANY_t75	RED15	LOST	ANY	3	75	-1	0	20	
RED15_LOST_ANY_t100	RED15	LOST	ANY	3	100	-1	0	20	
RED15_LOST_ANY_t125	RED15	LOST	ANY	3	125	-1	0	20	
RED15_LOST_ANY_t150	RED15	LOST	ANY	3	150	-1	0	20	
RED15_LOST_ANY_t160	RED15	LOST	ANY	3	160	-1	0	20	
RED15_LOST_ANY_t161	RED15	LOST	ANY	3	161	-1	0	20	
RED15_LOST_ANY_t162	RED15	LOST	ANY	3	162	-1	0	20	
RED15_LOST_ANY_t175	RED15	LOST	ANY	3	175	-1	0	20	
RED15_LOST_ANY_t200	RED15	LOST	ANY	3	200	-1	0	20	
RED15_LOST_ANY_t225	RED15	LOST	ANY	3	225	-1	0	20	
RED15_LOST_ANY_t248	RED15	LOST	ANY	3	248	-1	0	20	
RED15_LOST_ANY_t249	RED15	LOST	ANY	3	249	-1	0	20	
RED15_LOST_ANY_t250	RED15	LOST	ANY	3	250	-1	0	20	
RED15_LOST_ANY_t266	RED15	LOST	ANY	3	266	-1	0	20	
RED15_LOST_ANY_t275	RED15	LOST	ANY	3	275	-1	0	20	
RED15_LOST_ANY_t283	RED15	LOST	ANY	3	283	-1	0	20	
RED15_LOST_ANY_t284	RED15	LOST	ANY	3	284	-1	0	20	
RED15_LOST_ANY_t285	RED15	LOST	ANY	3	285	-1	0	20	
RED15_LOST_ANY_t300	RED15	LOST	ANY	3	300	-1	0	20	
RED15_LOST_ANY_t309	RED15	LOST	ANY	3	309	-1	0	20	
RED15_LOST_ANY_t310	RED15	LOST	ANY	3	310	-1	0	20	
RED15_LOST_ANY_t311	RED15	LOST	ANY	3	311	-1	0	20	
RED15_LOST_ANY_t325	RED15	LOST	ANY	3	325	-1	0	20	
RED15_LOST_ANY_t350	RED15	LOST	ANY	3	350	-1	0	20	
RED15_LOST_ANY_t375	RED15	LOST	ANY	3	375	-1	0	20	
RED15_LOST_ANY_t385	RED15	LOST	ANY	3	385	-1	0	20	
RED15_LOST_ANY_t400	RED15	LOST	ANY	3	400	-1	0	20	
RED15_LOST_ANY_t425	RED15	LOST	ANY	3	425	-1	0	20	
RED15_LOST_ANY_t443	RED15	LOST	ANY	3	443	-1	0	20	
RED15_LOST_ANY_t444	RED15	LOST	ANY	3	444	-1	0	20	
RED15_LOST_ANY_t445	RED15	LOST	ANY	3	445	-1	0	20	
RED15_LOST_ANY_t450	RED15	LOST	ANY	3	450	-1	0	20	
RED15_LOST_ANY_t475	RED15	LOST	ANY	3	475	-1	0	20	
RED15_LOST_ANY_t477	RED15	LOST	ANY	3	477	-1	0	20	
RED15_LOST_ANY_t478	RED15	LOST	ANY	3	478	-1	0	20	
RED15_LOST_ANY_t479	RED15	LOST	ANY	3	479	-1	0	20	
RED15_LOST_ANY_t500	RED15	LOST	ANY	3	500	-1	0	20	
RED15_LOST_ANY_t525	RED15	LOST	ANY	3	525	-1	0	20	
RED15_LOST_ANY_t550	RED15	LOST	ANY	3	550	-1	0	20	
RED15_LOST_ANY_t575	RED15	LOST	ANY	3	575	-1	0	20	
RED15_LOST_ANY_t600	RED15	LOST	ANY	3	600	-1	0	20	
RED15_LOST_ANY_t625	RED15	LOST	ANY	3	625	-1	0	20	
RED15_LOST_ANY_t650	RED15	LOST	ANY	3	650	-1	0	20	
RED15_LOST_ANY_t675	RED15	LOST	ANY	3	675	-1	0	20	
RED15_LOST_ANY_t700	RED15	LOST	ANY	3	700	-1	0	20	
RED15_LOST_ANY_t725	RED15	LOST	ANY	3	725	-1	0	20	
RED15_LOST_ANY_t750	RED15	LOST	ANY	3	750	-1	0	20	
RED15_LOST_ANY_t775	RED15	LOST	ANY	3	775	-1	0	20	
RED15_LOST_ANY_t800	RED15	LOST	ANY	3	800	-1	0	20	
RED15_LOST_ANY_t825	RED15	LOST	ANY	3	825	-1	0	20	
RED15_LOST_ANY_t850	RED15	LOST	ANY	3	850	-1	0	20	
RED15_LOST_ANY_t875	RED15	LOST	ANY	3	875	-1	0	20	
RED15_LOST_ANY_t900	RED15	LOST	ANY	3	900	-1	0	20	
RED15_LOST_ANY_t925	RED15	LOST	ANY	3	925	-1	0	20	
RED15_LOST_ANY_t950	RED15	LOST	ANY	3	950	-1	0	20	
RED15_LOST_ANY_t975	RED15	LOST	ANY	3	975	-1	0	20	
RED15_LOST_ANY_t1000	RED15	LOST	ANY	3	1000	-1	0	20	
RED15_LOST_ANY_t1025	RED15	LOST	ANY	3	1025	-1	0	20	
RED15_LOST_ANY_t1050	RED15	LOST	ANY	3	1050	-1	0	20	
RED15_LOST_ANY_t1075	RED15	LOST	ANY	3	1075	-1	0	20	
RED15_LOST_ANY_t1100	RED15	LOST	ANY	3	1100	-1	0	20	
RED15_LOST_ANY_t1125	RED15	LOST	ANY	3	1125	-1	0	20	
RED15_LOST_ANY_t1150	RED15	LOST	ANY	3	1150	-1	0	20	
RED15_LOST_ANY_t1175	RED15	LOST	ANY	3	1175	-1	0	20	
RED15_LOST_ANY_t1200	RED15	LOST	ANY	3	1200	-1	0	20	
RED15_LOST_ANY_t1225	RED15	LOST	ANY	3	1225	-1	0	20	
RED15_LOST_ANY_t1250	RED15	LOST	ANY	3	1250	-1	0	20	
RED15_LOST_ANY_t1275	RED15	LOST	ANY	3	1275	-1	0	20	
RED15_LOST_ANY_t1300	RED15	LOST	ANY	3	1300	-1	0	20	
RED15_LOST_ANY_t1325	RED15	LOST	ANY	3	1325	-1	0	20	
RED15_LOST_ANY_t1350	RED15	LOST	ANY	3	1350	-1	0	20	
RED15_LOST_ANY_t1375	RED15	LOST	ANY	3	1375	-1	0	20	
RED15_LOST_ANY_t1400	RED15	LOST	ANY	3	1400	-1	0	20	
RED15_LOST_ANY_t1425	RED15	LOST	ANY	3	1425	-1	0	20	
RED15_LOST_ANY_t1450	RED15	LOST	ANY	3	1450	-1	0	20	
RED15_LOST_ANY_t1475	RED15	LOST	ANY	3	1475	-1	0	20	
RED15_LOST_ANY_t1500	RED15	LOST	ANY	3	1500	-1	0	20	
RED15_LOST_ANY_t1525	RED15	LOST	ANY	3	1525	-1	0	20	
RED15_LOST_ANY_t1550	RED15	LOST	ANY	3	1550	-1	0	20	
RED15_LOST_ANY_t1575	RED15	LOST	ANY	3	1575	-1	0	20	
RED15_LOST_ANY_t1600	RED15	LOST	ANY	3	1600	-1	0	20	
RED15_LOST_ANY_t1625	RED15	LOST	ANY	3	1625	-1	0	20	
RED15_LOST_ANY_t1650	RED15	LOST	ANY	3	1650	-1	0	20	
RED15_LOST_ANY_t1675	RED15	LOST	ANY	3	1675	-1	0	20	
RED15_LOST_ANY_t1700	RED15	LOST	ANY	3	1700	-1	0	20	
RED15_LOST_ANY_t1725	RED15	LOST	ANY	3	1725	-1	0	20	
RED15_LOST_ANY_t1750	RED15	LOST	ANY	3	1750	-1	0	20	
RED15_LOST_ANY_t1775	RED15	LOST	ANY	3	1775	-1	0	20	
RED15_LOST_ANY_t1800	RED15	LOST	ANY	3	1800	-1	0	20	
RED15_LOST_ANY_t1825	RED15	LOST	ANY	3	1825	-1	0	20	
RED15_LOST_ANY_t1850	RED15	LOST	ANY	3	1850	-1	0	20	
RED15_LOST_ANY_t1875	RED15	LOST	ANY	3	1875	-1	0	20	
RED15_LOST_ANY_t1900	RED15	LOST	ANY	3	1900	-1	0	20	
RED15_LOST_ANY_t1925	RED15	LOST	ANY	3	1925	-1	0	20	
RED15_LOST_ANY_t1950	RED15	LOST	ANY	3	1950	-1	0	20	
RED15_LOST_ANY_t1975	RED15	LOST	ANY	3	1975	-1	0	20	
RED15_LOST_ANY_t2000	RED15	LOST	ANY	3	2000	-1	0	20	
RED15_LOST_ANY_t2025	RED15	LOST	ANY	3	2025	-1	0	20	
RED15_LOST_ANY_t2050	RED15	LOST	ANY	3	2050	-1	0	20	
RED15_LOST_ANY_t2075	RED15	LOST	ANY	3	2075	-1	0	20	
RED15_LOST_ANY_t2100	RED15	LOST	ANY	3	2100	-1	0	20	
RED15_LOST_ANY_t2125	RED15	LOST	ANY	3	2125	-1	0	20	
RED15_LOST_ANY_t2150	RED15	LOST	ANY	3	2150	-1	0	20	
RED15_LOST_ANY_t2175	RED15	LOST	ANY	3	2175	-1	0	20	
RED15_LOST_ANY_t2200	RED15	LOST	ANY	3	2200	-1	0	20	
RED15_LOST_ANY_t2225	RED15	LOST	ANY	3	2225	-1	0	20	
RED15_LOST_ANY_t2250	RED15	LOST	ANY	3	2250	-1	0	20	
RED15_LOST_ANY_t2275	RED15	LOST	ANY	3	2275	-1	0	20	
RED15_LOST_ANY_t2300	RED15	LOST	ANY	3	2300	-1	0	20	
RED15_LOST_ANY_t2325	RED15	LOST	ANY	3	2325	-1	0	20	
RED15_LOST_ANY_t2350	RED15	LOST	ANY	3	2350	-1	0	20	
RED15_LOST_ANY_t2375	RED15	LOST	ANY	3	2375	-1	0	20	
RED15_LOST_ANY_t2400	RED15	LOST	ANY	3	2400	-1	0	20	
RED15_LOST_ANY_t2425	RED15	LOST	ANY	3	2425	-1	0	20	
RED15_LOST_ANY_t2450	RED15	LOST	ANY	3	2450	-1	0	20	
RED15_LOST_ANY_t2475	RED15	LOST	ANY	3	2475	-1	0	20	
RED15_LOST_ANY_t2500	RED15	LOST	ANY	3	2500	-1	0	20	
RED15_LOST_ANY_t2525	RED15	LOST	ANY	3	2525	-1	0	20	
RED15_LOST_ANY_t2550	RED15	LOST	ANY	3	2550	-1	0	20	
RED15_LOST_ANY_t2575	RED15	LOST	ANY	3	2575	-1	0	20	
RED15_LOST_ANY_t2600	RED15	LOST	ANY	3	2600	-1	0	20	
RED15_LOST_ANY_t2625	RED15	LOST	ANY	3	2625	-1	0	20	
RED15_LOST_ANY_t2650	RED15	LOST	ANY	3	2650	-1	0	20	
RED15_LOST_ANY_t2675	RED15	LOST	ANY	3	2675	-1	0	20	
RED15_LOST_ANY_t2700	RED15	LOST	ANY	3	2700	-1	0	20	
RED15_LOST_ANY_t2725	RED15	LOST	ANY	3	2725	-1	0	20	
RED15_LOST_ANY_t2750	RED15	LOST	ANY	3	2750	-1	0	20	
RED15_LOST_ANY_t2775	RED15	LOST	ANY	3	2775	-1	0	20	
RED15_LOST_ANY_t2800	RED15	LOST	ANY	3	2800	-1	0	20	
RED15_LOST_ANY_t2825	RED15	LOST	ANY	3	2825	-1	0	20	
RED15_LOST_ANY_t2850	RED15	LOST	ANY	3	2850	-1	0	20	
RED15_LOST_ANY_t2875	RED15	LOST	ANY	3	2875	-1	0	20	
RED15_LOST_ANY_t2900	RED15	LOST	ANY	3	2900	-1	0	20	
RED15_LOST_ANY_t2925	RED15	LOST	ANY	3	2925	-1	0	20	
RED15_LOST_ANY_t2950	RED15	LOST	ANY	3	2950	-1	0	20	
RED15_LOST_ANY_t2975	RED15	LOST	ANY	3	2975	-1	0	20	
RED15_LOST_ANY_t3000	RED15	LOST	ANY	3	3000	-1	0	20	
RED15_LOST_ANY_t3025	RED15	LOST	ANY	3	3025	-1	0	20	
RED15_LOST_ANY_t3050	RED15	LOST	ANY	3	3050	-1	0	20	
RED15_LOST_ANY_t3075	RED15	LOST	ANY	3	3075	-1	0	20	
RED15_LOST_ANY_t3100	RED15	LOST	ANY	3	3100	-1	0	20	
RED15_LOST_ANY_t3125	RED15	LOST	ANY	3	3125	-1	0	20	
RED15_LOST_ANY_t3150	RED15	LOST	ANY	3	3150	-1	0	20	
RED15_LOST_ANY_t3175	RED15	LOST	ANY	3	3175	-1	0	20	
RED15_LOST_ANY_t3200	RED15	LOST	ANY	3	3200	-1	0	20	
RED15_LOST_ANY_t3225	RED15	LOST	ANY	3	3225	-1	0	20	
RED15_LOST_ANY_t3250	RED15	LOST	ANY	3	3250	-1	0	20	
RED15_LOST_ANY_t3275	RED15	LOST	ANY	3	3275	-1	0	20	
RED15_LOST_ANY_t3300	RED15	LOST	ANY	3	3300	-1	0	20	
RED15_LOST_ANY_t3325	RED15	LOST	ANY	3	3325	-1	0	20	
RED15_LOST_ANY_t3350	RED15	LOST	ANY	3	3350	-1	0	20	
RED15_LOST_ANY_t3375	RED15	LOST	ANY	3	3375	-1	0	20	
RED15_LOST_ANY_t3400	RED15	LOST	ANY	3	3400	-1	0	20	
RED15_LOST_ANY_t3425	RED15	LOST	ANY	3	3425	-1	0	20	
RED15_LOST_ANY_t3450	RED15	LOST	ANY	3	3450	-1	0	20	
RED15_LOST_ANY_t3475	RED15	LOST	ANY	3	3475	-1	0	20	
RED15_LOST_ANY_t3500	RED15	LOST	ANY	3	3500	-1	0	20	
RED15_LOST_ANY_t3525	RED15	LOST	ANY	3	3525	-1	0	20	
RED15_LOST_ANY_t3550	RED15	LOST	ANY	3	3550	-1	0	20	
RED15_LOST_ANY_t3575	RED15	LOST	ANY	3	3575	-1	0	20	
RED15_LOST_ANY_t3600	RED15	LOST	ANY	3	3600	-1	0	20	
RED15_LOST_ANY_t3625	RED15	LOST	ANY	3	3625	-1	0	20	
RED15_LOST_ANY_t3650	RED15	LOST	ANY	3	3650	-1	0	20	
RED15_LOST_ANY_t3675	RED15	LOST	ANY	3	3675	-1	0	20	
RED15_LOST_ANY_t3700	RED15	LOST	ANY	3	3700	-1	0	20	
RED15_LOST_ANY_t3725	RED15	LOST	ANY	3	3725	-1	0	20	
RED15_LOST_ANY_t3750	RED15	LOST	ANY	3	3750	-1	0	20	
RED15_LOST_ANY_t3775	RED15	LOST	ANY	3	3775	-1	0	20	
RED15_LOST_ANY_t3800	RED15	LOST	ANY	3	3800	-1	0	20	
RED15_LOST_ANY_t3825	RED15	LOST	ANY	3	3825	-1	0	20	
RED15_LOST_ANY_t3850	RED15	LOST	ANY	3	3850	-1	0	20	
RED15_LOST_ANY_t3875	RED15	LOST	ANY	3	3875	-1	0	20	
RED15_LOST_ANY_t3900	RED15	LOST	ANY	3	3900	-1	0	20	
RED15_LOST_ANY_t3925	RED15	LOST	ANY	3	3925	-1	0	20	
RED15_LOST_ANY_t3950	RED15	LOST	ANY	3	3950	-1	0	20	
RED15_LOST_ANY_t3975	RED15	LOST	ANY	3	3975	-1	0	20	
RED15_LOST_ANY_t4000	RED15	LOST	ANY	3	4000	-1	0	20	
RED15_LOST_ANY_t4025	RED15	LOST	ANY	3	4025	-1	0	20	
RED15_LOST_ANY_t4050	RED15	LOST	ANY	3	4050	-1	0	20	
RED15_LOST_ANY_t4075	RED15	LOST	ANY	3	4075	-1	0	20	
RED15_LOST_ANY_t4100	RED15	LOST	ANY	3	4100	-1	0	20	
RED15_LOST_ANY_t4125	RED15	LOST	ANY	3	4125	-1	0	20	
RED15_LOST_ANY_t4150	RED15	LOST	ANY	3	4150	-1	0	20	
RED15_LOST_ANY_t4175	RED15	LOST	ANY	3	4175	-1	0	20	
RED15_LOST_ANY_t4200	RED15	LOST	ANY	3	4200	-1	0	20	
RED15_LOST_ANY_t4225	RED15	LOST	ANY	3	4225	-1	0	20	
RED15_LOST_ANY_t4250	RED15	LOST	ANY	3	4250	-1	0	20	
RED15_LOST_ANY_t4275	RED15	LOST	ANY	3	4275	-1	0	20	
RED15_LOST_ANY_t4300	RED15	LOST	ANY	3	4300	-1	0	20	
RED15_LOST_ANY_t4325	RED15	LOST	ANY	3	4325	-1	0	20	
RED15_LOST_ANY_t4350	RED15	LOST	ANY	3	4350	-1	0	20	
RED15_LOST_ANY_t4375	RED15	LOST	ANY	3	4375	-1	0	20	
RED15_LOST_ANY_t4400	RED15	LOST	ANY	3	4400	-1	0	20	
RED15_LOST_ANY_t4425	RED15	LOST	ANY	3	4425	-1	0	20	
RED15_LOST_ANY_t4450	RED15	LOST	ANY	3	4450	-1	0	20	
RED15_LOST_ANY_t4475	RED15	LOST	ANY	3	4475	-1	0	20	
RED15_LOST_ANY_t4499	RED15	LOST	ANY	3	4499	-1	0	20	
RED15_LOST_ANY_t4500	RED15	LOST	ANY	3	4500	-1	0	20	
RED15_LOST_ANY_t4501	RED15	LOST	ANY	3	4501	-1	0	20	
RED15_LOST_ANY_t4502	RED15	LOST	ANY	3	4502	-1	0	20	
RED15_LOST_ANY_t4503	RED15	LOST	ANY	3	4503	-1	0	20	
RED15_LOST_ANY_t4525	RED15	LOST	ANY	3	4525	-1	0	20	
RED15_LOST_ANY_t4550	RED15	LOST	ANY	3	4550	-1	0	20	
RED15_LOST_ANY_t4575	RED15	LOST	ANY	3	4575	-1	0	20	
RED15_LOST_ANY_t4600	RED15	LOST	ANY	3	4600	-1	0	20	
RED15_LOST_ANY_t4625	RED15	LOST	ANY	3	4625	-1	0	20	
RED15_LOST_ANY_t4650	RED15	LOST	ANY	3	4650	-1	0	20	
RED15_LOST_ANY_t4675	RED15	LOST	ANY	3	4675	-1	0	20	
RED15_LOST_ANY_t4700	RED15	LOST	ANY	3	4700	-1	0	20	
RED15_LOST_ANY_t4725	RED15	LOST	ANY	3	4725	-1	0	20	
RED15_LOST_ANY_t4750	RED15	LOST	ANY	3	4750	-1	0	20	
RED15_LOST_ANY_t4760	RED15	LOST	ANY	3	4760	-1	0	20	
RED15_LOST_ANY_t4775	RED15	LOST	ANY	3	4775	-1	0	20	
RED15_LOST_ANY_t4800	RED15	LOST	ANY	3	4800	-1	0	20	
RED15_LOST_ANY_t4808	RED15	LOST	ANY	3	4808	-1	0	20	
RED15_LOST_ANY_t4809	RED15	LOST	ANY	3	4809	-1	0	20	
RED15_LOST_ANY_t4810	RED15	LOST	ANY	3	4810	-1	0	20	
RED15_LOST_ANY_t4811	RED15	LOST	ANY	3	4811	-1	0	20	
RED15_LOST_ANY_t4812	RED15	LOST	ANY	3	4812	-1	0	20	
RED15_LOST_ANY_t4825	RED15	LOST	ANY	3	4825	-1	0	20	
RED15_LOST_ANY_t4850	RED15	LOST	ANY	3	4850	-1	0	20	
RED15_LOST_ANY_t4875	RED15	LOST	ANY	3	4875	-1	0	20	
RED15_LOST_ANY_t4900	RED15	LOST	ANY	3	4900	-1	0	20	
RED15_LOST_ANY_t4925	RED15	LOST	ANY	3	4925	-1	0	20	
RED15_LOST_ANY_t4950	RED15	LOST	ANY	3	4950	-1	0	20	
RED15_LOST_ANY_t4975	RED15	LOST	ANY	3	4975	-1	0	20	
RED15_LOST_ANY_t4999	RED15	LOST	ANY	3	4999	-1	0	20	
RED15_LOST_ANY_t5000	RED15	LOST	ANY	4	0	-1	0	20	
RED15_LOST_ANY_t5001	RED15	LOST	ANY	4	1	-1	0	20	
RED15_LATE_RED_t0	RED15	LATE	RED	3	0	-1	0	20	
RED15_LATE_RED_t1	RED15	LATE	RED	3	1	-1	0	20	
RED15_LATE_RED_t2	RED15	LATE	RED	3	2	-1	0	20	
RED15_LATE_RED_t25	RED15	LATE	RED	3	25	-1	0	20	
RED15_LATE_RED_t50	RED15	LATE	RED	3	50	-1	0	20	
RED15_LATE_RED_t75	RED15	LATE	RED	3	75	-1	0	20	
RED15_LATE_RED_t100	RED15	LATE	RED	3	100	-1	0	20	
RED15_LATE_RED_t125	RED15	LATE	RED	3	125	-1	0	20	
RED15_LATE_RED_t150	RED15	LATE	RED	3	150	-1	0	20	
RED15_LATE_RED_t160	RED15	LATE	RED	3	160	-1	0	20	
RED15_LATE_RED_t161	RED15	LATE	RED	3	161	-1	0	20	
RED15_LATE_RED_t162	RED15	LATE	RED	3	162	-1	0	20	
RED15_LATE_RED_t175	RED15	LATE	RED	3	175	-1	0	20	
RED15_LATE_RED_t200	RED15	LATE	RED	3	200	-1	0	20	
RED15_LATE_RED_t225	RED15	LATE	RED	3	225	-1	0	20	
RED15_LATE_RED_t248	RED15	LATE	RED	3	248	-1	0	20	
RED15_LATE_RED_t249	RED15	LATE	RED	3	249	-1	0	20	
RED15_LATE_RED_t250	RED15	LATE	RED	3	250	-1	0	20	
RED15_LATE_RED_t266	RED15	LATE	RED	3	266	-1	0	20	
RED15_LATE_RED_t275	RED15	LATE	RED	3	275	-1	0	20	
RED15_LATE_RED_t283	RED15	LATE	RED	3	283	-1	0	20	
RED15_LATE_RED_t284	RED15	LATE	RED	3	284	-1	0	20	
RED15_LATE_RED_t285	RED15	LATE	RED	3	285	-1	0	20	
RED15_LATE_RED_t300	RED15	LATE	RED	3	300	-1	0	20	
RED15_LATE_RED_t309	RED15	LATE	RED	3	309	-1	0	20	
RED15_LATE_RED_t310	RED15	LATE	RED	3	310	-1	0	20	
RED15_LATE_RED_t311	RED15	LATE	RED	3	311	-1	0	20	
RED15_LATE_RED_t325	RED15	LATE	RED	3	325	-1	0	20	
RED15_LATE_RED_t350	RED15	LATE	RED	3	350	-1	0	20	
RED15_LATE_RED_t375	RED15	LATE	RED	3	375	-1	0	20	
RED15_LATE_RED_t385	RED15	LATE	RED	3	385	-1	0	20	
RED15_LATE_RED_t400	RED15	LATE	RED	3	400	-1	0	20	
RED15_LATE_RED_t425	RED15	LATE	RED	3	425	-1	0	20	
RED15_LATE_RED_t443	RED15	LATE	RED	3	443	-1	0	20	
RED15_LATE_RED_t444	RED15	LATE	RED	3	444	-1	0	20	
RED15_LATE_RED_t445	RED15	LATE	RED	3	445	-1	0	20	
RED15_LATE_RED_t450	RED15	LATE	RED	3	450	-1	0	20	
RED15_LATE_RED_t475	RED15	LATE	RED	3	475	-1	0	20	
RED15_LATE_RED_t477	RED15	LATE	RED	3	477	-1	0	20	
RED15_LATE_RED_t478	RED15	LATE	RED	3	478	-1	0	20	
RED15_LATE_RED_t479	RED15	LATE	RED	3	479	-1	0	20	
RED15_LATE_RED_t500	RED15	LATE	RED	3	500	-1	0	20	
RED15_LATE_RED_t525	RED15	LATE	RED	3	525	-1	0	20	
RED15_LATE_RED_t550	RED15	LATE	RED	3	550	-1	0	20	
RED15_LATE_RED_t575	RED15	LATE	RED	3	575	-1	0	20	
RED15_LATE_RED_t600	RED15	LATE	RED	3	600	-1	0	20	
RED15_LATE_RED_t625	RED15	LATE	RED	3	625	-1	0	20	
RED15_LATE_RED_t650	RED15	LATE	RED	3	650	-1	0	20	
RED15_LATE_RED_t675	RED15	LATE	RED	3	675	-1	0	20	
RED15_LATE_RED_t700	RED15	LATE	RED	3	700	-1	0	20	
RED15_LATE_RED_t725	RED15	LATE	RED	3	725	-1	0	20	
RED15_LATE_RED_t750	RED15	LATE	RED	3	750	-1	0	20	
RED15_LATE_RED_t775	RED15	LATE	RED	3	775	-1	0	20	
RED15_LATE_RED_t800	RED15	LATE	RED	3	800	-1	0	20	
RED15_LATE_RED_t825	RED15	LATE	RED	3	825	-1	0	20	
RED15_LATE_RED_t850	RED15	LATE	RED	3	850	-1	0	20	
RED15_LATE_RED_t875	RED15	LATE	RED	3	875	-1	0	20	
RED15_LATE_RED_t900	RED15	LATE	RED	3	900	-1	0	20	
RED15_LATE_RED_t925	RED15	LATE	RED	3	925	-1	0	20	
RED15_LATE_RED_t950	RED15	LATE	RED	3	950	-1	0	20	
RED15_LATE_RED_t975	RED15	LATE	RED	3	975	-1	0	20	
RED15_LATE_RED_t1000	RED15	LATE	RED	3	1000	-1	0	20	
RED15_LATE_RED_t1025	RED15	LATE	RED	3	1025	-1	0	20	
RED15_LATE_RED_t1050	RED15	LATE	RED	3	1050	-1	0	20	
RED15_LATE_RED_t1075	RED15	LATE	RED	3	1075	-1	0	20	
RED15_LATE_RED_t1100	RED15	LATE	RED	3	1100	-1	0	20	
RED15_LATE_RED_t1125	RED15	LATE	RED	3	1125	-1	0	20	
RED15_LATE_RED_t1150	RED15	LATE	RED	3	1150	-1	0	20	
RED15_LATE_RED_t1175	RED15	LATE	RED	3	1175	-1	0	20	
RED15_LATE_RED_t1200	RED15	LATE	RED	3	1200	-1	0	20	
RED15_LATE_RED_t1225	RED15	LATE	RED	3	1225	-1	0	20	
RED15_LATE_RED_t1250	RED15	LATE	RED	3	1250	-1	0	20	
RED15_LATE_RED_t1275	RED15	LATE	RED	3	1275	-1	0	20	
RED15_LATE_RED_t1300	RED15	LATE	RED	3	1300	-1	0	20	
RED15_LATE_RED_t1325	RED15	LATE	RED	3	1325	-1	0	20	
RED15_LATE_RED_t1350	RED15	LATE	RED	3	1350	-1	0	20	
RED15_LATE_RED_t1375	RED15	LATE	RED	3	1375	-1	0	20	
RED15_LATE_RED_t1400	RED15	LATE	RED	3	1400	-1	0	20	
RED15_LATE_RED_t1425	RED15	LATE	RED	3	1425	-1	0	20	
RED15_LATE_RED_t1450	RED15	LATE	RED	3	1450	-1	0	20	
RED15_LATE_RED_t1475	RED15	LATE	RED	3	1475	-1	0	20	
RED15_LATE_RED_t1500	RED15	LATE	RED	3	1500	-1	0	20	
RED15_LATE_RED_t1525	RED15	LATE	RED	3	1525	-1	0	20	
RED15_LATE_RED_t1550	RED15	LATE	RED	3	1550	-1	0	20	
RED15_LATE_RED_t1575	RED15	LATE	RED	3	1575	-1	0	20	
RED15_LATE_RED_t1600	RED15	LATE	RED	3	1600	-1	0	20	
RED15_LATE_RED_t1625	RED15	LATE	RED	3	1625	-1	0	20	
RED15_LATE_RED_t1650	RED15	LATE	RED	3	1650	-1	0	20	
RED15_LATE_RED_t1675	RED15	LATE	RED	3	1675	-1	0	20	
RED15_LATE_RED_t1700	RED15	LATE	RED	3	1700	-1	0	20	
RED15_LATE_RED_t1725	RED15	LATE	RED	3	1725	-1	0	20	
RED15_LATE_RED_t1750	RED15	LATE	RED	3	1750	-1	0	20	
RED15_LATE_RED_t1775	RED15	LATE	RED	3	1775	-1	0	20	
RED15_LATE_RED_t1800	RED15	LATE	RED	3	1800	-1	0	20	
RED15_LATE_RED_t1825	RED15	LATE	RED	3	1825	-1	0	20	
RED15_LATE_RED_t1850	RED15	LATE	RED	3	1850	-1	0	20	
RED15_LATE_RED_t1875	RED15	LATE	RED	3	1875	-1	0	20	
RED15_LATE_RED_t1900	RED15	LATE	RED	3	1900	-1	0	20	
RED15_LATE_RED_t1925	RED15	LATE	RED	3	1925	-1	0	20	
RED15_LATE_RED_t1950	RED15	LATE	RED	3	1950	-1	0	20	
RED15_LATE_RED_t1975	RED15	LATE	RED	3	1975	-1	0	20	
RED15_LATE_RED_t2000	RED15	LATE	RED	3	2000	-1	0	20	
RED15_LATE_RED_t2025	RED15	LATE	RED	3	2025	-1	0	20	
RED15_LATE_RED_t2050	RED15	LATE	RED	3	2050	-1	0	20	
RED15_LATE_RED_t2075	RED15	LATE	RED	3	2075	-1	0	20	
RED15_LATE_RED_t2100	RED15	LATE	RED	3	2100	-1	0	20	
RED15_LATE_RED_t2125	RED15	LATE	RED	3	2125	-1	0	20	
RED15_LATE_RED_t2150	RED15	LATE	RED	3	2150	-1	0	20	
RED15_LATE_RED_t2175	RED15	LATE	RED	3	2175	-1	0	20	
RED15_LATE_RED_t2200	RED15	LATE	RED	3	2200	-1	0	20	
RED15_LATE_RED_t2225	RED15	LATE	RED	3	2225	-1	0	20	
RED15_LATE_RED_t2250	RED15	LATE	RED	3	2250	-1	0	20	
RED15_LATE_RED_t2275	RED15	LATE	RED	3	2275	-1	0	20	
RED15_LATE_RED_t2300	RED15	LATE	RED	3	2300	-1	0	20	
RED15_LATE_RED_t2325	RED15	LATE	RED	3	2325	-1	0	20	
RED15_LATE_RED_t2350	RED15	LATE	RED	3	2350	-1	0	20	
RED15_LATE_RED_t2375	RED15	LATE	RED	3	2375	-1	0	20	
RED15_LATE_RED_t2400	RED15	LATE	RED	3	2400	-1	0	20	
RED15_LATE_RED_t2425	RED15	LATE	RED	3	2425	-1	0	20	
RED15_LATE_RED_t2450	RED15	LATE	RED	3	2450	-1	0	20	
RED15_LATE_RED_t2475	RED15	LATE	RED	3	2475	-1	0	20	
RED15_LATE_RED_t2500	RED15	LATE	RED	3	2500	-1	0	20	
RED15_LATE_RED_t2525	RED15	LATE	RED	3	2525	-1	0	20	
RED15_LATE_RED_t2550	RED15	LATE	RED	3	2550	-1	0	20	
RED15_LATE_RED_t2575	RED15	LATE	RED	3	2575	-1	0	20	
RED15_LATE_RED_t2600	RED15	LATE	RED	3	2600	-1	0	20	
RED15_LATE_RED_t2625	RED15	LATE	RED	3	2625	-1	0	20	
RED15_LATE_RED_t2650	RED15	LATE	RED	3	2650	-1	0	20	
RED15_LATE_RED_t2675	RED15	LATE	RED	3	2675	-1	0	20	
RED15_LATE_RED_t2700	RED15	LATE	RED	3	2700	-1	0	20	
RED15_LATE_RED_t2725	RED15	LATE	RED	3	2725	-1	0	20	
RED15_LATE_RED_t2750	RED15	LATE	RED	3	2750	-1	0	20	
RED15_LATE_RED_t2775	RED15	LATE	RED	3	2775	-1	0	20	
RED15_LATE_RED_t2800	RED15	LATE	RED	3	2800	-1	0	20	
RED15_LATE_RED_t2825	RED15	LATE	RED	3	2825	-1	0	20	
RED15_LATE_RED_t2850	RED15	LATE	RED	3	2850	-1	0	20	
RED15_LATE_RED_t2875	RED15	LATE	RED	3	2875	-1	0	20	
RED15_LATE_RED_t2900	RED15	LATE	RED	3	2900	-1	0	20	
RED15_LATE_RED_t2925	RED15	LATE	RED	3	2925	-1	0	20	
RED15_LATE_RED_t2950	RED15	LATE	RED	3	2950	-1	0	20	
RED15_LATE_RED_t2975	RED15	LATE	RED	3	2975	-1	0	20	
RED15_LATE_RED_t3000	RED15	LATE	RED	3	3000	-1	0	20	
RED15_LATE_RED_t3025	RED15	LATE	RED	3	3025	-1	0	20	
RED15_LATE_RED_t3050	RED15	LATE	RED	3	3050	-1	0	20	
RED15_LATE_RED_t3075	RED15	LATE	RED	3	3075	-1	0	20	
RED15_LATE_RED_t3100	RED15	LATE	RED	3	3100	-1	0	20	
RED15_LATE_RED_t3125	RED15	LATE	RED	3	3125	-1	0	20	
RED15_LATE_RED_t3150	RED15	LATE	RED	3	3150	-1	0	20	
RED15_LATE_RED_t3175	RED15	LATE	RED	3	3175	-1	0	20	
RED15_LATE_RED_t3200	RED15	LATE	RED	3	3200	-1	0	20	
RED15_LATE_RED_t3225	RED15	LATE	RED	3	3225	-1	0	20	
RED15_LATE_RED_t3250	RED15	LATE	RED	3	3250	-1	0	20	
RED15_LATE_RED_t3275	RED15	LATE	RED	3	3275	-1	0	20	
RED15_LATE_RED_t3300	RED15	LATE	RED	3	3300	-1	0	20	
RED15_LATE_RED_t3325	RED15	LATE	RED	3	3325	-1	0	20	
RED15_LATE_RED_t3350	RED15	LATE	RED	3	3350	-1	0	20	
RED15_LATE_RED_t3375	RED15	LATE	RED	3	3375	-1	0	20	
RED15_LATE_RED_t3400	RED15	LATE	RED	3	3400	-1	0	20	
RED15_LATE_RED_t3425	RED15	LATE	RED	3	3425	-1	0	20	
RED15_LATE_RED_t3450	RED15	LATE	RED	3	3450	-1	0	20	
RED15_LATE_RED_t3475	RED15	LATE	RED	3	3475	-1	0	20	
RED15_LATE_RED_t3500	RED15	LATE	RED	3	3500	-1	0	20	
RED15_LATE_RED_t3525	RED15	LATE	RED	3	3525	-1	0	20	
RED15_LATE_RED_t3550	RED15	LATE	RED	3	3550	-1	0	20	
RED15_LATE_RED_t3575	RED15	LATE	RED	3	3575	-1	0	20	
RED15_LATE_RED_t3600	RED15	LATE	RED	3	3600	-1	0	20	
RED15_LATE_RED_t3625	RED15	LATE	RED	3	3625	-1	0	20	
RED15_LATE_RED_t3650	RED15	LATE	RED	3	3650	-1	0	20	
RED15_LATE_RED_t3675	RED15	LATE	RED	3	3675	-1	0	20	
RED15_LATE_RED_t3700	RED15	LATE	RED	3	3700	-1	0	20	
RED15_LATE_RED_t3725	RED15	LATE	RED	3	3725	-1	0	20	
RED15_LATE_RED_t3750	RED15	LATE	RED	3	3750	-1	0	20	
RED15_LATE_RED_t3775	RED15	LATE	RED	3	3775	-1	0	20	
RED15_LATE_RED_t3800	RED15	LATE	RED	3	3800	-1	0	20	
RED15_LATE_RED_t3825	RED15	LATE	RED	3	3825	-1	0	20	
RED15_LATE_RED_t3850	RED15	LATE	RED	3	3850	-1	0	20	
RED15_LATE_RED_t3875	RED15	LATE	RED	3	3875	-1	0	20	
RED15_LATE_RED_t3900	RED15	LATE	RED	3	3900	-1	0	20	
RED15_LATE_RED_t3925	RED15	LATE	RED	3	3925	-1	0	20	
RED15_LATE_RED_t3950	RED15	LATE	RED	3	3950	-1	0	20	
RED15_LATE_RED_t3975	RED15	LATE	RED	3	3975	-1	0	20	
RED15_LATE_RED_t4000	RED15	LATE	RED	3	4000	-1	0	20	
RED15_LATE_RED_t4025	RED15	LATE	RED	3	4025	-1	0	20	
RED15_LATE_RED_t4050	RED15	LATE	RED	3	4050	-1	0	20	
RED15_LATE_RED_t4075	RED15	LATE	RED	3	4075	-1	0	20	
RED15_LATE_RED_t4100	RED15	LATE	RED	3	4100	-1	0	20	
RED15_LATE_RED_t4125	RED15	LATE	RED	3	4125	-1	0	20	
RED15_LATE_RED_t4150	RED15	LATE	RED	3	4150	-1	0	20	
RED15_LATE_RED_t4175	RED15	LATE	RED	3	4175	-1	0	20	
RED15_LATE_RED_t4200	RED15	LATE	RED	3	4200	-1	0	20	
RED15_LATE_RED_t4225	RED15	LATE	RED	3	4225	-1	0	20	
RED15_LATE_RED_t4250	RED15	LATE	RED	3	4250	-1	0	20	
RED15_LATE_RED_t4275	RED15	LATE	RED	3	4275	-1	0	20	
RED15_LATE_RED_t4300	RED15	LATE	RED	3	4300	-1	0	20	
RED15_LATE_RED_t4325	RED15	LATE	RED	3	4325	-1	0	20	
RED15_LATE_RED_t4350	RED15	LATE	RED	3	4350	-1	0	20	
RED15_LATE_RED_t4375	RED15	LATE	RED	3	4375	-1	0	20	
RED15_LATE_RED_t4400	RED15	LATE	RED	3	4400	-1	0	20	
RED15_LATE_RED_t4425	RED15	LATE	RED	3	4425	-1	0	20	
RED15_LATE_RED_t4450	RED15	LATE	RED	3	4450	-1	0	20	
RED15_LATE_RED_t4475	RED15	LATE	RED	3	4475	-1	0	20	
RED15_LATE_RED_t4499	RED15	LATE	RED	3	4499	-1	0	20	
RED15_LATE_RED_t4500	RED15	LATE	RED	3	4500	-1	0	20	
RED15_LATE_RED_t4501	RED15	LATE	RED	3	4501	-1	0	20	
RED15_LATE_RED_t4502	RED15	LATE	RED	3	4502	-1	0	20	
RED15_LATE_RED_t4503	RED15	LATE	RED	3	4503	-1	0	20	
RED15_LATE_RED_t4525	RED15	LATE	RED	3	4525	-1	0	20	
RED15_LATE_RED_t4550	RED15	LATE	RED	3	4550	-1	0	20	
RED15_LATE_RED_t4575	RED15	LATE	RED	3	4575	-1	0	20	
RED15_LATE_RED_t4600	RED15	LATE	RED	3	4600	-1	0	20	
RED15_LATE_RED_t4625	RED15	LATE	RED	3	4625	-1	0	20	
RED15_LATE_RED_t4650	RED15	LATE	RED	3	4650	-1	0	20	
RED15_LATE_RED_t4675	RED15	LATE	RED	3	4675	-1	0	20	
RED15_LATE_RED_t4700	RED15	LATE	RED	3	4700	-1	0	20	
RED15_LATE_RED_t4725	RED15	LATE	RED	3	4725	-1	0	20	
RED15_LATE_RED_t4750	RED15	LATE	RED	3	4750	-1	0	20	
RED15_LATE_RED_t4760	RED15	LATE	RED	3	4760	-1	0	20	
RED15_LATE_RED_t4775	RED15	LATE	RED	3	4775	-1	0	20	
RED15_LATE_RED_t4800	RED15	LATE	RED	3	4800	-1	0	20	
RED15_LATE_RED_t4808	RED15	LATE	RED	3	4808	-1	0	20	
RED15_LATE_RED_t4809	RED15	LATE	RED	3	4809	-1	0	20	
RED15_LATE_RED_t4810	RED15	LATE	RED	3	4810	-1	0	20	
RED15_LATE_RED_t4811	RED15	LATE	RED	3	4811	-1	0	20	
RED15_LATE_RED_t4812	RED15	LATE	RED	3	4812	-1	0	20	
RED15_LATE_RED_t4825	RED15	LATE	RED	3	4825	-1	0	20	
RED15_LATE_RED_t4850	RED15	LATE	RED	3	4850	-1	0	20	
RED15_LATE_RED_t4875	RED15	LATE	RED	3	4875	-1	0	20	
RED15_LATE_RED_t4900	RED15	LATE	RED	3	4900	-1	0	20	
RED15_LATE_RED_t4925	RED15	LATE	RED	3	4925	-1	0	20	
RED15_LATE_RED_t4950	RED15	LATE	RED	3	4950	-1	0	20	
RED15_LATE_RED_t4975	RED15	LATE	RED	3	4975	-1	0	20	
RED15_LATE_RED_t4999	RED15	LATE	RED	3	4999	-1	0	20	
RED15_LATE_RED_t5000	RED15	LATE	RED	4	0	-1	0	20	
RED15_LATE_RED_t5001	RED15	LATE	RED	4	1	-1	0	20	
RED15_BUSY_RED_t0	RED15	BUSY	RED	3	0	-1	0	20	
RED15_BUSY_RED_t1	RED15	BUSY	RED	3	1	-1	0	20	
RED15_BUSY_RED_t2	RED15	BUSY	RED	3	2	-1	0	20	
RED15_BUSY_RED_t25	RED15	BUSY	RED	3	25	-1	0	20	
RED15_BUSY_RED_t50	RED15	BUSY	RED	3	50	-1	0	20	
RED15_BUSY_RED_t75	RED15	BUSY	RED	3	75	-1	0	20	
RED15_BUSY_RED_t100	RED15	BUSY	RED	3	100	-1	0	20	
RED15_BUSY_RED_t125	RED15	BUSY	RED	3	125	-1	0	20	
RED15_BUSY_RED_t150	RED15	BUSY	RED	3	150	-1	0	20	
RED15_BUSY_RED_t160	RED15	BUSY	RED	3	160	-1	0	20	
RED15_BUSY_RED_t161	RED15	BUSY	RED	3	161	-1	0	20	
RED15_BUSY_RED_t162	RED15	BUSY	RED	3	162	-1	0	20	
RED15_BUSY_RED_t175	RED15	BUSY	RED	3	175	-1	0	20	
RED15_BUSY_RED_t200	RED15	BUSY	RED	3	200	-1	0	20	
RED15_BUSY_RED_t225	RED15	BUSY	RED	3	225	-1	0	20	
RED15_BUSY_RED_t248	RED15	BUSY	RED	3	248	-1	0	20	
RED15_BUSY_RED_t249	RED15	BUSY	RED	3	249	-1	0	20	
RED15_BUSY_RED_t250	RED15	BUSY	RED	3	250	-1	0	20	
RED15_BUSY_RED_t266	RED15	BUSY	RED	3	266	-1	0	20	
RED15_BUSY_RED_t275	RED15	BUSY	RED	3	275	-1	0	20	
RED15_BUSY_RED_t283	RED15	BUSY	RED	3	283	-1	0	20	
RED15_BUSY_RED_t284	RED15	BUSY	RED	3	284	-1	0	20	
RED15_BUSY_RED_t285	RED15	BUSY	RED	3	285	-1	0	20	
RED15_BUSY_RED_t300	RED15	BUSY	RED	3	300	-1	0	20	
RED15_BUSY_RED_t309	RED15	BUSY	RED	3	309	-1	0	20	
RED15_BUSY_RED_t310	RED15	BUSY	RED	3	310	-1	0	20	
RED15_BUSY_RED_t311	RED15	BUSY	RED	3	311	-1	0	20	
RED15_BUSY_RED_t325	RED15	BUSY	RED	3	325	-1	0	20	
RED15_BUSY_RED_t350	RED15	BUSY	RED	3	350	-1	0	20	
RED15_BUSY_RED_t375	RED15	BUSY	RED	3	375	-1	0	20	
RED15_BUSY_RED_t385	RED15	BUSY	RED	3	385	-1	0	20	
RED15_BUSY_RED_t400	RED15	BUSY	RED	3	400	-1	0	20	
RED15_BUSY_RED_t425	RED15	BUSY	RED	3	425	-1	0	20	
RED15_BUSY_RED_t443	RED15	BUSY	RED	3	443	-1	0	20	
RED15_BUSY_RED_t444	RED15	BUSY	RED	3	444	-1	0	20	
RED15_BUSY_RED_t445	RED15	BUSY	RED	3	445	-1	0	20	
RED15_BUSY_RED_t450	RED15	BUSY	RED	3	450	-1	0	20	
RED15_BUSY_RED_t475	RED15	BUSY	RED	3	475	-1	0	20	
RED15_BUSY_RED_t477	RED15	BUSY	RED	3	477	-1	0	20	
RED15_BUSY_RED_t478	RED15	BUSY	RED	3	478	-1	0	20	
RED15_BUSY_RED_t479	RED15	BUSY	RED	3	479	-1	0	20	
RED15_BUSY_RED_t500	RED15	BUSY	RED	3	500	-1	0	20	
RED15_BUSY_RED_t525	RED15	BUSY	RED	3	525	-1	0	20	
RED15_BUSY_RED_t550	RED15	BUSY	RED	3	550	-1	0	20	
RED15_BUSY_RED_t575	RED15	BUSY	RED	3	575	-1	0	20	
RED15_BUSY_RED_t600	RED15	BUSY	RED	3	600	-1	0	20	
RED15_BUSY_RED_t625	RED15	BUSY	RED	3	625	-1	0	20	
RED15_BUSY_RED_t650	RED15	BUSY	RED	3	650	-1	0	20	
RED15_BUSY_RED_t675	RED15	BUSY	RED	3	675	-1	0	20	
RED15_BUSY_RED_t700	RED15	BUSY	RED	3	700	-1	0	20	
RED15_BUSY_RED_t725	RED15	BUSY	RED	3	725	-1	0	20	
RED15_BUSY_RED_t750	RED15	BUSY	RED	3	750	-1	0	20	
RED15_BUSY_RED_t775	RED15	BUSY	RED	3	775	-1	0	20	
RED15_BUSY_RED_t800	RED15	BUSY	RED	3	800	-1	0	20	
RED15_BUSY_RED_t825	RED15	BUSY	RED	3	825	-1	0	20	
RED15_BUSY_RED_t850	RED15	BUSY	RED	3	850	-1	0	20	
RED15_BUSY_RED_t875	RED15	BUSY	RED	3	875	-1	0	20	
RED15_BUSY_RED_t900	RED15	BUSY	RED	3	900	-1	0	20	
RED15_BUSY_RED_t925	RED15	BUSY	RED	3	925	-1	0	20	
RED15_BUSY_RED_t950	RED15	BUSY	RED	3	950	-1	0	20	
RED15_BUSY_RED_t975	RED15	BUSY	RED	3	975	-1	0	20	
RED15_BUSY_RED_t1000	RED15	BUSY	RED	3	1000	-1	0	20	
RED15_BUSY_RED_t1025	RED15	BUSY	RED	3	1025	-1	0	20	
RED15_BUSY_RED_t1050	RED15	BUSY	RED	3	1050	-1	0	20	
RED15_BUSY_RED_t1075	RED15	BUSY	RED	3	1075	-1	0	20	
RED15_BUSY_RED_t1100	RED15	BUSY	RED	3	1100	-1	0	20	
RED15_BUSY_RED_t1125	RED15	BUSY	RED	3	1125	-1	0	20	
RED15_BUSY_RED_t1150	RED15	BUSY	RED	3	1150	-1	0	20	
RED15_BUSY_RED_t1175	RED15	BUSY	RED	3	1175	-1	0	20	
RED15_BUSY_RED_t1200	RED15	BUSY	RED	3	1200	-1	0	20	
RED15_BUSY_RED_t1225	RED15	BUSY	RED	3	1225	-1	0	20	
RED15_BUSY_RED_t1250	RED15	BUSY	RED	3	1250	-1	0	20	
RED15_BUSY_RED_t1275	RED15	BUSY	RED	3	1275	-1	0	20	
RED15_BUSY_RED_t1300	RED15	BUSY	RED	3	1300	-1	0	20	
RED15_BUSY_RED_t1325	RED15	BUSY	RED	3	1325	-1	0	20	
RED15_BUSY_RED_t1350	RED15	BUSY	RED	3	1350	-1	0	20	
RED15_BUSY_RED_t1375	RED15	BUSY	RED	3	1375	-1	0	20	
RED15_BUSY_RED_t1400	RED15	BUSY	RED	3	1400	-1	0	20	
RED15_BUSY_RED_t1425	RED15	BUSY	RED	3	1425	-1	0	20	
RED15_BUSY_RED_t1450	RED15	BUSY	RED	3	1450	-1	0	20	
RED15_BUSY_RED_t1475	RED15	BUSY	RED	3	1475	-1	0	20	
RED15_BUSY_RED_t1500	RED15	BUSY	RED	3	1500	-1	0	20	
RED15_BUSY_RED_t1525	RED15	BUSY	RED	3	1525	-1	0	20	
RED15_BUSY_RED_t1550	RED15	BUSY	RED	3	1550	-1	0	20	
RED15_BUSY_RED_t1575	RED15	BUSY	RED	3	1575	-1	0	20	
RED15_BUSY_RED_t1600	RED15	BUSY	RED	3	1600	-1	0	20	
RED15_BUSY_RED_t1625	RED15	BUSY	RED	3	1625	-1	0	20	
RED15_BUSY_RED_t1650	RED15	BUSY	RED	3	1650	-1	0	20	
RED15_BUSY_RED_t1675	RED15	BUSY	RED	3	1675	-1	0	20	
RED15_BUSY_RED_t1700	RED15	BUSY	RED	3	1700	-1	0	20	
RED15_BUSY_RED_t1725	RED15	BUSY	RED	3	1725	-1	0	20	
RED15_BUSY_RED_t1750	RED15	BUSY	RED	3	1750	-1	0	20	
RED15_BUSY_RED_t1775	RED15	BUSY	RED	3	1775	-1	0	20	
RED15_BUSY_RED_t1800	RED15	BUSY	RED	3	1800	-1	0	20	
RED15_BUSY_RED_t1825	RED15	BUSY	RED	3	1825	-1	0	20	
RED15_BUSY_RED_t1850	RED15	BUSY	RED	3	1850	-1	0	20	
RED15_BUSY_RED_t1875	RED15	BUSY	RED	3	1875	-1	0	20	
RED15_BUSY_RED_t1900	RED15	BUSY	RED	3	1900	-1	0	20	
RED15_BUSY_RED_t1925	RED15	BUSY	RED	3	1925	-1	0	20	
RED15_BUSY_RED_t1950	RED15	BUSY	RED	3	1950	-1	0	20	
RED15_BUSY_RED_t1975	RED15	BUSY	RED	3	1975	-1	0	20	
RED15_BUSY_RED_t2000	RED15	BUSY	RED	3	2000	-1	0	20	
RED15_BUSY_RED_t2025	RED15	BUSY	RED	3	2025	-1	0	20	
RED15_BUSY_RED_t2050	RED15	BUSY	RED	3	2050	-1	0	20	
RED15_BUSY_RED_t2075	RED15	BUSY	RED	3	2075	-1	0	20	
RED15_BUSY_RED_t2100	RED15	BUSY	RED	3	2100	-1	0	20	
RED15_BUSY_RED_t2125	RED15	BUSY	RED	3	2125	-1	0	20	
RED15_BUSY_RED_t2150	RED15	BUSY	RED	3	2150	-1	0	20	
RED15_BUSY_RED_t2175	RED15	BUSY	RED	3	2175	-1	0	20	
RED15_BUSY_RED_t2200	RED15	BUSY	RED	3	2200	-1	0	20	
RED15_BUSY_RED_t2225	RED15	BUSY	RED	3	2225	-1	0	20	
RED15_BUSY_RED_t2250	RED15	BUSY	RED	3	2250	-1	0	20	
RED15_BUSY_RED_t2275	RED15	BUSY	RED	3	2275	-1	0	20	
RED15_BUSY_RED_t2300	RED15	BUSY	RED	3	2300	-1	0	20	
RED15_BUSY_RED_t2325	RED15	BUSY	RED	3	2325	-1	0	20	
RED15_BUSY_RED_t2350	RED15	BUSY	RED	3	2350	-1	0	20	
RED15_BUSY_RED_t2375	RED15	BUSY	RED	3	2375	-1	0	20	
RED15_BUSY_RED_t2400	RED15	BUSY	RED	3	2400	-1	0	20	
RED15_BUSY_RED_t2425	RED15	BUSY	RED	3	2425	-1	0	20	
RED15_BUSY_RED_t2450	RED15	BUSY	RED	3	2450	-1	0	20	
RED15_BUSY_RED_t2475	RED15	BUSY	RED	3	2475	-1	0	20	
RED15_BUSY_RED_t2500	RED15	BUSY	RED	3	2500	-1	0	20	
RED15_BUSY_RED_t2525	RED15	BUSY	RED	3	2525	-1	0	20	
RED15_BUSY_RED_t2550	RED15	BUSY	RED	3	2550	-1	0	20	
RED15_BUSY_RED_t2575	RED15	BUSY	RED	3	2575	-1	0	20	
RED15_BUSY_RED_t2600	RED15	BUSY	RED	3	2600	-1	0	20	
RED15_BUSY_RED_t2625	RED15	BUSY	RED	3	2625	-1	0	20	
RED15_BUSY_RED_t2650	RED15	BUSY	RED	3	2650	-1	0	20	
RED15_BUSY_RED_t2675	RED15	BUSY	RED	3	2675	-1	0	20	
RED15_BUSY_RED_t2700	RED15	BUSY	RED	3	2700	-1	0	20	
RED15_BUSY_RED_t2725	RED15	BUSY	RED	3	2725	-1	0	20	
RED15_BUSY_RED_t2750	RED15	BUSY	RED	3	2750	-1	0	20	
RED15_BUSY_RED_t2775	RED15	BUSY	RED	3	2775	-1	0	20	
RED15_BUSY_RED_t2800	RED15	BUSY	RED	3	2800	-1	0	20	
RED15_BUSY_RED_t2825	RED15	BUSY	RED	3	2825	-1	0	20	
RED15_BUSY_RED_t2850	RED15	BUSY	RED	3	2850	-1	0	20	
RED15_BUSY_RED_t2875	RED15	BUSY	RED	3	2875	-1	0	20	
RED15_BUSY_RED_t2900	RED15	BUSY	RED	3	2900	-1	0	20	
RED15_BUSY_RED_t2925	RED15	BUSY	RED	3	2925	-1	0	20	
RED15_BUSY_RED_t2950	RED15	BUSY	RED	3	2950	-1	0	20	
RED15_BUSY_RED_t2975	RED15	BUSY	RED	3	2975	-1	0	20	
RED15_BUSY_RED_t3000	RED15	BUSY	RED	3	3000	-1	0	20	
RED15_BUSY_RED_t3025	RED15	BUSY	RED	3	3025	-1	0	20	
RED15_BUSY_RED_t3050	RED15	BUSY	RED	3	3050	-1	0	20	
RED15_BUSY_RED_t3075	RED15	BUSY	RED	3	3075	-1	0	20	
RED15_BUSY_RED_t3100	RED15	BUSY	RED	3	3100	-1	0	20	
RED15_BUSY_RED_t3125	RED15	BUSY	RED	3	3125	-1	0	20	
RED15_BUSY_RED_t3150	RED15	BUSY	RED	3	3150	-1	0	20	
RED15_BUSY_RED_t3175	RED15	BUSY	RED	3	3175	-1	0	20	
RED15_BUSY_RED_t3200	RED15	BUSY	RED	3	3200	-1	0	20	
RED15_BUSY_RED_t3225	RED15	BUSY	RED	3	3225	-1	0	20	
RED15_BUSY_RED_t3250	RED15	BUSY	RED	3	3250	-1	0	20	
RED15_BUSY_RED_t3275	RED15	BUSY	RED	3	3275	-1	0	20	
RED15_BUSY_RED_t3300	RED15	BUSY	RED	3	3300	-1	0	20	
RED15_BUSY_RED_t3325	RED15	BUSY	RED	3	3325	-1	0	20	
RED15_BUSY_RED_t3350	RED15	BUSY	RED	3	3350	-1	0	20	
RED15_BUSY_RED_t3375	RED15	BUSY	RED	3	3375	-1	0	20	
RED15_BUSY_RED_t3400	RED15	BUSY	RED	3	3400	-1	0	20	
RED15_BUSY_RED_t3425	RED15	BUSY	RED	3	3425	-1	0	20	
RED15_BUSY_RED_t3450	RED15	BUSY	RED	3	3450	-1	0	20	
RED15_BUSY_RED_t3475	RED15	BUSY	RED	3	3475	-1	0	20	
RED15_BUSY_RED_t3500	RED15	BUSY	RED	3	3500	-1	0	20	
RED15_BUSY_RED_t3525	RED15	BUSY	RED	3	3525	-1	0	20	
RED15_BUSY_RED_t3550	RED15	BUSY	RED	3	3550	-1	0	20	
RED15_BUSY_RED_t3575	RED15	BUSY	RED	3	3575	-1	0	20	
RED15_BUSY_RED_t3600	RED15	BUSY	RED	3	3600	-1	0	20	
RED15_BUSY_RED_t3625	RED15	BUSY	RED	3	3625	-1	0	20	
RED15_BUSY_RED_t3650	RED15	BUSY	RED	3	3650	-1	0	20	
RED15_BUSY_RED_t3675	RED15	BUSY	RED	3	3675	-1	0	20	
RED15_BUSY_RED_t3700	RED15	BUSY	RED	3	3700	-1	0	20	
RED15_BUSY_RED_t3725	RED15	BUSY	RED	3	3725	-1	0	20	
RED15_BUSY_RED_t3750	RED15	BUSY	RED	3	3750	-1	0	20	
RED15_BUSY_RED_t3775	RED15	BUSY	RED	3	3775	-1	0	20	
RED15_BUSY_RED_t3800	RED15	BUSY	RED	3	3800	-1	0	20	
RED15_BUSY_RED_t3825	RED15	BUSY	RED	3	3825	-1	0	20	
RED15_BUSY_RED_t3850	RED15	BUSY	RED	3	3850	-1	0	20	
RED15_BUSY_RED_t3875	RED15	BUSY	RED	3	3875	-1	0	20	
RED15_BUSY_RED_t3900	RED15	BUSY	RED	3	3900	-1	0	20	
RED15_BUSY_RED_t3925	RED15	BUSY	RED	3	3925	-1	0	20	
RED15_BUSY_RED_t3950	RED15	BUSY	RED	3	3950	-1	0	20	
RED15_BUSY_RED_t3975	RED15	BUSY	RED	3	3975	-1	0	20	
RED15_BUSY_RED_t4000	RED15	BUSY	RED	3	4000	-1	0	20	
RED15_BUSY_RED_t4025	RED15	BUSY	RED	3	4025	-1	0	20	
RED15_BUSY_RED_t4050	RED15	BUSY	RED	3	4050	-1	0	20	
RED15_BUSY_RED_t4075	RED15	BUSY	RED	3	4075	-1	0	20	
RED15_BUSY_RED_t4100	RED15	BUSY	RED	3	4100	-1	0	20	
RED15_BUSY_RED_t4125	RED15	BUSY	RED	3	4125	-1	0	20	
RED15_BUSY_RED_t4150	RED15	BUSY	RED	3	4150	-1	0	20	
RED15_BUSY_RED_t4175	RED15	BUSY	RED	3	4175	-1	0	20	
RED15_BUSY_RED_t4200	RED15	BUSY	RED	3	4200	-1	0	20	
RED15_BUSY_RED_t4225	RED15	BUSY	RED	3	4225	-1	0	20	
RED15_BUSY_RED_t4250	RED15	BUSY	RED	3	4250	-1	0	20	
RED15_BUSY_RED_t4275	RED15	BUSY	RED	3	4275	-1	0	20	
RED15_BUSY_RED_t4300	RED15	BUSY	RED	3	4300	-1	0	20	
RED15_BUSY_RED_t4325	RED15	BUSY	RED	3	4325	-1	0	20	
RED15_BUSY_RED_t4350	RED15	BUSY	RED	3	4350	-1	0	20	
RED15_BUSY_RED_t4375	RED15	BUSY	RED	3	4375	-1	0	20	
RED15_BUSY_RED_t4400	RED15	BUSY	RED	3	4400	-1	0	20	
RED15_BUSY_RED_t4425	RED15	BUSY	RED	3	4425	-1	0	20	
RED15_BUSY_RED_t4450	RED15	BUSY	RED	3	4450	-1	0	20	
RED15_BUSY_RED_t4475	RED15	BUSY	RED	3	4475	-1	0	20	
RED15_BUSY_RED_t4499	RED15	BUSY	RED	3	4499	-1	0	20	
RED15_BUSY_RED_t4500	RED15	BUSY	RED	3	4500	-1	0	20	
RED15_BUSY_RED_t4501	RED15	BUSY	RED	3	4501	-1	0	20	
RED15_BUSY_RED_t4502	RED15	BUSY	RED	3	4502	-1	0	20	
RED15_BUSY_RED_t4503	RED15	BUSY	RED	3	4503	-1	0	20	
RED15_BUSY_RED_t4525	RED15	BUSY	RED	3	4525	-1	0	20	
RED15_BUSY_RED_t4550	RED15	BUSY	RED	3	4550	-1	0	20	
RED15_BUSY_RED_t4575	RED15	BUSY	RED	3	4575	-1	0	20	
RED15_BUSY_RED_t4600	RED15	BUSY	RED	3	4600	-1	0	20	
RED15_BUSY_RED_t4625	RED15	BUSY	RED	3	4625	-1	0	20	
RED15_BUSY_RED_t4650	RED15	BUSY	RED	3	4650	-1	0	20	
RED15_BUSY_RED_t4675	RED15	BUSY	RED	3	4675	-1	0	20	
RED15_BUSY_RED_t4700	RED15	BUSY	RED	3	4700	-1	0	20	
RED15_BUSY_RED_t4725	RED15	BUSY	RED	3	4725	-1	0	20	
RED15_BUSY_RED_t4750	RED15	BUSY	RED	3	4750	-1	0	20	
RED15_BUSY_RED_t4760	RED15	BUSY	RED	3	4760	-1	0	20	
RED15_BUSY_RED_t4775	RED15	BUSY	RED	3	4775	-1	0	20	
RED15_BUSY_RED_t4800	RED15	BUSY	RED	3	4800	-1	0	20	
RED15_BUSY_RED_t4808	RED15	BUSY	RED	3	4808	-1	0	20	
RED15_BUSY_RED_t4809	RED15	BUSY	RED	3	4809	-1	0	20	
RED15_BUSY_RED_t4810	RED15	BUSY	RED	3	4810	-1	0	20	
RED15_BUSY_RED_t4811	RED15	BUSY	RED	3	4811	-1	0	20	
RED15_BUSY_RED_t4812	RED15	BUSY	RED	3	4812	-1	0	20	
RED15_BUSY_RED_t4825	RED15	BUSY	RED	3	4825	-1	0	20	
RED15_BUSY_RED_t4850	RED15	BUSY	RED	3	4850	-1	0	20	
RED15_BUSY_RED_t4875	RED15	BUSY	RED	3	4875	-1	0	20	
RED15_BUSY_RED_t4900	RED15	BUSY	RED	3	4900	-1	0	20	
RED15_BUSY_RED_t4925	RED15	BUSY	RED	3	4925	-1	0	20	
RED15_BUSY_RED_t4950	RED15	BUSY	RED	3	4950	-1	0	20	
RED15_BUSY_RED_t4975	RED15	BUSY	RED	3	4975	-1	0	20	
RED15_BUSY_RED_t4999	RED15	BUSY	RED	3	4999	-1	0	20	
RED15_BUSY_RED_t5000	RED15	BUSY	RED	4	0	-1	0	20	
RED15_BUSY_RED_t5001	RED15	BUSY	RED	4	1	-1	0	20	
RED15_DIAG_CLEAR_ANY_t0	RED15	DIAG_CLEAR	ANY	3	0	-1	0	20	
RED15_DIAG_CLEAR_ANY_t1	RED15	DIAG_CLEAR	ANY	3	1	-1	0	20	
RED15_DIAG_CLEAR_ANY_t2	RED15	DIAG_CLEAR	ANY	3	2	-1	0	20	
RED15_DIAG_CLEAR_ANY_t25	RED15	DIAG_CLEAR	ANY	3	25	-1	0	20	
RED15_DIAG_CLEAR_ANY_t50	RED15	DIAG_CLEAR	ANY	3	50	-1	0	20	
RED15_DIAG_CLEAR_ANY_t75	RED15	DIAG_CLEAR	ANY	3	75	-1	0	20	
RED15_DIAG_CLEAR_ANY_t100	RED15	DIAG_CLEAR	ANY	3	100	-1	0	20	
RED15_DIAG_CLEAR_ANY_t125	RED15	DIAG_CLEAR	ANY	3	125	-1	0	20	
RED15_DIAG_CLEAR_ANY_t150	RED15	DIAG_CLEAR	ANY	3	150	-1	0	20	
RED15_DIAG_CLEAR_ANY_t160	RED15	DIAG_CLEAR	ANY	3	160	-1	0	20	
RED15_DIAG_CLEAR_ANY_t161	RED15	DIAG_CLEAR	ANY	3	161	-1	0	20	
RED15_DIAG_CLEAR_ANY_t162	RED15	DIAG_CLEAR	ANY	3	162	-1	0	20	
RED15_DIAG_CLEAR_ANY_t175	RED15	DIAG_CLEAR	ANY	3	175	-1	0	20	
RED15_DIAG_CLEAR_ANY_t200	RED15	DIAG_CLEAR	ANY	3	200	-1	0	20	
RED15_DIAG_CLEAR_ANY_t225	RED15	DIAG_CLEAR	ANY	3	225	-1	0	20	
RED15_DIAG_CLEAR_ANY_t248	RED15	DIAG_CLEAR	ANY	3	248	-1	0	20	
RED15_DIAG_CLEAR_ANY_t249	RED15	DIAG_CLEAR	ANY	3	249	-1	0	20	
RED15_DIAG_CLEAR_ANY_t250	RED15	DIAG_CLEAR	ANY	3	250	-1	0	20	
RED15_DIAG_CLEAR_ANY_t266	RED15	DIAG_CLEAR	ANY	3	266	-1	0	20	
RED15_DIAG_CLEAR_ANY_t275	RED15	DIAG_CLEAR	ANY	3	275	-1	0	20	
RED15_DIAG_CLEAR_ANY_t283	RED15	DIAG_CLEAR	ANY	3	283	-1	0	20	
RED15_DIAG_CLEAR_ANY_t284	RED15	DIAG_CLEAR	ANY	3	284	-1	0	20	
RED15_DIAG_CLEAR_ANY_t285	RED15	DIAG_CLEAR	ANY	3	285	-1	0	20	
RED15_DIAG_CLEAR_ANY_t300	RED15	DIAG_CLEAR	ANY	3	300	-1	0	20	
RED15_DIAG_CLEAR_ANY_t309	RED15	DIAG_CLEAR	ANY	3	309	-1	0	20	
RED15_DIAG_CLEAR_ANY_t310	RED15	DIAG_CLEAR	ANY	3	310	-1	0	20	
RED15_DIAG_CLEAR_ANY_t311	RED15	DIAG_CLEAR	ANY	3	311	-1	0	20	
RED15_DIAG_CLEAR_ANY_t325	RED15	DIAG_CLEAR	ANY	3	325	-1	0	20	
RED15_DIAG_CLEAR_ANY_t350	RED15	DIAG_CLEAR	ANY	3	350	-1	0	20	
RED15_DIAG_CLEAR_ANY_t375	RED15	DIAG_CLEAR	ANY	3	375	-1	0	20	
RED15_DIAG_CLEAR_ANY_t385	RED15	DIAG_CLEAR	ANY	3	385	-1	0	20	
RED15_DIAG_CLEAR_ANY_t400	RED15	DIAG_CLEAR	ANY	3	400	-1	0	20	
RED15_DIAG_CLEAR_ANY_t425	RED15	DIAG_CLEAR	ANY	3	425	-1	0	20	
RED15_DIAG_CLEAR_ANY_t443	RED15	DIAG_CLEAR	ANY	3	443	-1	0	20	
RED15_DIAG_CLEAR_ANY_t444	RED15	DIAG_CLEAR	ANY	3	444	-1	0	20	
RED15_DIAG_CLEAR_ANY_t445	RED15	DIAG_CLEAR	ANY	3	445	-1	0	20	
RED15_DIAG_CLEAR_ANY_t450	RED15	DIAG_CLEAR	ANY	3	450	-1	0	20	
RED15_DIAG_CLEAR_ANY_t475	RED15	DIAG_CLEAR	ANY	3	475	-1	0	20	
RED15_DIAG_CLEAR_ANY_t477	RED15	DIAG_CLEAR	ANY	3	477	-1	0	20	
RED15_DIAG_CLEAR_ANY_t478	RED15	DIAG_CLEAR	ANY	3	478	-1	0	20	
RED15_DIAG_CLEAR_ANY_t479	RED15	DIAG_CLEAR	ANY	3	479	-1	0	20	
RED15_DIAG_CLEAR_ANY_t500	RED15	DIAG_CLEAR	ANY	3	500	-1	0	20	
RED15_DIAG_CLEAR_ANY_t525	RED15	DIAG_CLEAR	ANY	3	525	-1	0	20	
RED15_DIAG_CLEAR_ANY_t550	RED15	DIAG_CLEAR	ANY	3	550	-1	0	20	
RED15_DIAG_CLEAR_ANY_t575	RED15	DIAG_CLEAR	ANY	3	575	-1	0	20	
RED15_DIAG_CLEAR_ANY_t600	RED15	DIAG_CLEAR	ANY	3	600	-1	0	20	
RED15_DIAG_CLEAR_ANY_t625	RED15	DIAG_CLEAR	ANY	3	625	-1	0	20	
RED15_DIAG_CLEAR_ANY_t650	RED15	DIAG_CLEAR	ANY	3	650	-1	0	20	
RED15_DIAG_CLEAR_ANY_t675	RED15	DIAG_CLEAR	ANY	3	675	-1	0	20	
RED15_DIAG_CLEAR_ANY_t700	RED15	DIAG_CLEAR	ANY	3	700	-1	0	20	
RED15_DIAG_CLEAR_ANY_t725	RED15	DIAG_CLEAR	ANY	3	725	-1	0	20	
RED15_DIAG_CLEAR_ANY_t750	RED15	DIAG_CLEAR	ANY	3	750	-1	0	20	
RED15_DIAG_CLEAR_ANY_t775	RED15	DIAG_CLEAR	ANY	3	775	-1	0	20	
RED15_DIAG_CLEAR_ANY_t800	RED15	DIAG_CLEAR	ANY	3	800	-1	0	20	
RED15_DIAG_CLEAR_ANY_t825	RED15	DIAG_CLEAR	ANY	3	825	-1	0	20	
RED15_DIAG_CLEAR_ANY_t850	RED15	DIAG_CLEAR	ANY	3	850	-1	0	20	
RED15_DIAG_CLEAR_ANY_t875	RED15	DIAG_CLEAR	ANY	3	875	-1	0	20	
RED15_DIAG_CLEAR_ANY_t900	RED15	DIAG_CLEAR	ANY	3	900	-1	0	20	
RED15_DIAG_CLEAR_ANY_t925	RED15	DIAG_CLEAR	ANY	3	925	-1	0	20	
RED15_DIAG_CLEAR_ANY_t950	RED15	DIAG_CLEAR	ANY	3	950	-1	0	20	
RED15_DIAG_CLEAR_ANY_t975	RED15	DIAG_CLEAR	ANY	3	975	-1	0	20	
RED15_DIAG_CLEAR_ANY_t1000	RED15	DIAG_CLEAR	ANY	3	1000	-1	0	20	
RED15_DIAG_CLEAR_ANY_t1025	RED15	DIAG_CLEAR	ANY	3	1025	-1	0	20	
RED15_DIAG_CLEAR_ANY_t1050	RED15	DIAG_CLEAR	ANY	3	1050	-1	0	20	
RED15_DIAG_CLEAR_ANY_t1075	RED15	DIAG_CLEAR	ANY	3	1075	-1	0	20	
RED15_DIAG_CLEAR_ANY_t1100	RED15	DIAG_CLEAR	ANY	3	1100	-1	0	20	
RED15_DIAG_CLEAR_ANY_t1125	RED15	DIAG_CLEAR	ANY	3	1125	-1	0	20	
RED15_DIAG_CLEAR_ANY_t1150	RED15	DIAG_CLEAR	ANY	3	1150	-1	0	20	
RED15_DIAG_CLEAR_ANY_t1175	RED15	DIAG_CLEAR	ANY	3	1175	-1	0	20	
RED15_DIAG_CLEAR_ANY_t1200	RED15	DIAG_CLEAR	ANY	3	1200	-1	0	20	
RED15_DIAG_CLEAR_ANY_t1225	RED15	DIAG_CLEAR	ANY	3	1225	-1	0	20	
RED15_DIAG_CLEAR_ANY_t1250	RED15	DIAG_CLEAR	ANY	3	1250	-1	0	20	
RED15_DIAG_CLEAR_ANY_t1275	RED15	DIAG_CLEAR	ANY	3	1275	-1	0	20	
RED15_DIAG_CLEAR_ANY_t1300	RED15	DIAG_CLEAR	ANY	3	1300	-1	0	20	
RED15_DIAG_CLEAR_ANY_t1325	RED15	DIAG_CLEAR	ANY	3	1325	-1	0	20	
RED15_DIAG_CLEAR_ANY_t1350	RED15	DIAG_CLEAR	ANY	3	1350	-1	0	20	
RED15_DIAG_CLEAR_ANY_t1375	RED15	DIAG_CLEAR	ANY	3	1375	-1	0	20	
RED15_DIAG_CLEAR_ANY_t1400	RED15	DIAG_CLEAR	ANY	3	1400	-1	0	20	
RED15_DIAG_CLEAR_ANY_t1425	RED15	DIAG_CLEAR	ANY	3	1425	-1	0	20	
RED15_DIAG_CLEAR_ANY_t1450	RED15	DIAG_CLEAR	ANY	3	1450	-1	0	20	
RED15_DIAG_CLEAR_ANY_t1475	RED15	DIAG_CLEAR	ANY	3	1475	-1	0	20	
RED15_DIAG_CLEAR_ANY_t1500	RED15	DIAG_CLEAR	ANY	3	1500	-1	0	20	
RED15_DIAG_CLEAR_ANY_t1525	RED15	DIAG_CLEAR	ANY	3	1525	-1	0	20	
RED15_DIAG_CLEAR_ANY_t1550	RED15	DIAG_CLEAR	ANY	3	1550	-1	0	20	
RED15_DIAG_CLEAR_ANY_t1575	RED15	DIAG_CLEAR	ANY	3	1575	-1	0	20	
RED15_DIAG_CLEAR_ANY_t1600	RED15	DIAG_CLEAR	ANY	3	1600	-1	0	20	
RED15_DIAG_CLEAR_ANY_t1625	RED15	DIAG_CLEAR	ANY	3	1625	-1	0	20	
RED15_DIAG_CLEAR_ANY_t1650	RED15	DIAG_CLEAR	ANY	3	1650	-1	0	20	
RED15_DIAG_CLEAR_ANY_t1675	RED15	DIAG_CLEAR	ANY	3	1675	-1	0	20	
RED15_DIAG_CLEAR_ANY_t1700	RED15	DIAG_CLEAR	ANY	3	1700	-1	0	20	
RED15_DIAG_CLEAR_ANY_t1725	RED15	DIAG_CLEAR	ANY	3	1725	-1	0	20	
RED15_DIAG_CLEAR_ANY_t1750	RED15	DIAG_CLEAR	ANY	3	1750	-1	0	20	
RED15_DIAG_CLEAR_ANY_t1775	RED15	DIAG_CLEAR	ANY	3	1775	-1	0	20	
RED15_DIAG_CLEAR_ANY_t1800	RED15	DIAG_CLEAR	ANY	3	1800	-1	0	20	
RED15_DIAG_CLEAR_ANY_t1825	RED15	DIAG_CLEAR	ANY	3	1825	-1	0	20	
RED15_DIAG_CLEAR_ANY_t1850	RED15	DIAG_CLEAR	ANY	3	1850	-1	0	20	
RED15_DIAG_CLEAR_ANY_t1875	RED15	DIAG_CLEAR	ANY	3	1875	-1	0	20	
RED15_DIAG_CLEAR_ANY_t1900	RED15	DIAG_CLEAR	ANY	3	1900	-1	0	20	
RED15_DIAG_CLEAR_ANY_t1925	RED15	DIAG_CLEAR	ANY	3	1925	-1	0	20	
RED15_DIAG_CLEAR_ANY_t1950	RED15	DIAG_CLEAR	ANY	3	1950	-1	0	20	
RED15_DIAG_CLEAR_ANY_t1975	RED15	DIAG_CLEAR	ANY	3	1975	-1	0	20	
RED15_DIAG_CLEAR_ANY_t2000	RED15	DIAG_CLEAR	ANY	3	2000	-1	0	20	
RED15_DIAG_CLEAR_ANY_t2025	RED15	DIAG_CLEAR	ANY	3	2025	-1	0	20	
RED15_DIAG_CLEAR_ANY_t2050	RED15	DIAG_CLEAR	ANY	3	2050	-1	0	20	
RED15_DIAG_CLEAR_ANY_t2075	RED15	DIAG_CLEAR	ANY	3	2075	-1	0	20	
RED15_DIAG_CLEAR_ANY_t2100	RED15	DIAG_CLEAR	ANY	3	2100	-1	0	20	
RED15_DIAG_CLEAR_ANY_t2125	RED15	DIAG_CLEAR	ANY	3	2125	-1	0	20	
RED15_DIAG_CLEAR_ANY_t2150	RED15	DIAG_CLEAR	ANY	3	2150	-1	0	20	
RED15_DIAG_CLEAR_ANY_t2175	RED15	DIAG_CLEAR	ANY	3	2175	-1	0	20	
RED15_DIAG_CLEAR_ANY_t2200	RED15	DIAG_CLEAR	ANY	3	2200	-1	0	20	
RED15_DIAG_CLEAR_ANY_t2225	RED15	DIAG_CLEAR	ANY	3	2225	-1	0	20	
RED15_DIAG_CLEAR_ANY_t2250	RED15	DIAG_CLEAR	ANY	3	2250	-1	0	20	
RED15_DIAG_CLEAR_ANY_t2275	RED15	DIAG_CLEAR	ANY	3	2275	-1	0	20	
RED15_DIAG_CLEAR_ANY_t2300	RED15	DIAG_CLEAR	ANY	3	2300	-1	0	20	
RED15_DIAG_CLEAR_ANY_t2325	RED15	DIAG_CLEAR	ANY	3	2325	-1	0	20	
RED15_DIAG_CLEAR_ANY_t2350	RED15	DIAG_CLEAR	ANY	3	2350	-1	0	20	
RED15_DIAG_CLEAR_ANY_t2375	RED15	DIAG_CLEAR	ANY	3	2375	-1	0	20	
RED15_DIAG_CLEAR_ANY_t2400	RED15	DIAG_CLEAR	ANY	3	2400	-1	0	20	
RED15_DIAG_CLEAR_ANY_t2425	RED15	DIAG_CLEAR	ANY	3	2425	-1	0	20	
RED15_DIAG_CLEAR_ANY_t2450	RED15	DIAG_CLEAR	ANY	3	2450	-1	0	20	
RED15_DIAG_CLEAR_ANY_t2475	RED15	DIAG_CLEAR	ANY	3	2475	-1	0	20	
RED15_DIAG_CLEAR_ANY_t2500	RED15	DIAG_CLEAR	ANY	3	2500	-1	0	20	
RED15_DIAG_CLEAR_ANY_t2525	RED15	DIAG_CLEAR	ANY	3	2525	-1	0	20	
RED15_DIAG_CLEAR_ANY_t2550	RED15	DIAG_CLEAR	ANY	3	2550	-1	0	20	
RED15_DIAG_CLEAR_ANY_t2575	RED15	DIAG_CLEAR	ANY	3	2575	-1	0	20	
RED15_DIAG_CLEAR_ANY_t2600	RED15	DIAG_CLEAR	ANY	3	2600	-1	0	20	
RED15_DIAG_CLEAR_ANY_t2625	RED15	DIAG_CLEAR	ANY	3	2625	-1	0	20	
RED15_DIAG_CLEAR_ANY_t2650	RED15	DIAG_CLEAR	ANY	3	2650	-1	0	20	
RED15_DIAG_CLEAR_ANY_t2675	RED15	DIAG_CLEAR	ANY	3	2675	-1	0	20	
RED15_DIAG_CLEAR_ANY_t2700	RED15	DIAG_CLEAR	ANY	3	2700	-1	0	20	
RED15_DIAG_CLEAR_ANY_t2725	RED15	DIAG_CLEAR	ANY	3	2725	-1	0	20	
RED15_DIAG_CLEAR_ANY_t2750	RED15	DIAG_CLEAR	ANY	3	2750	-1	0	20	
RED15_DIAG_CLEAR_ANY_t2775	RED15	DIAG_CLEAR	ANY	3	2775	-1	0	20	
RED15_DIAG_CLEAR_ANY_t2800	RED15	DIAG_CLEAR	ANY	3	2800	-1	0	20	
RED15_DIAG_CLEAR_ANY_t2825	RED15	DIAG_CLEAR	ANY	3	2825	-1	0	20	
RED15_DIAG_CLEAR_ANY_t2850	RED15	DIAG_CLEAR	ANY	3	2850	-1	0	20	
RED15_DIAG_CLEAR_ANY_t2875	RED15	DIAG_CLEAR	ANY	3	2875	-1	0	20	
RED15_DIAG_CLEAR_ANY_t2900	RED15	DIAG_CLEAR	ANY	3	2900	-1	0	20	
RED15_DIAG_CLEAR_ANY_t2925	RED15	DIAG_CLEAR	ANY	3	2925	-1	0	20	
RED15_DIAG_CLEAR_ANY_t2950	RED15	DIAG_CLEAR	ANY	3	2950	-1	0	20	
RED15_DIAG_CLEAR_ANY_t2975	RED15	DIAG_CLEAR	ANY	3	2975	-1	0	20	
RED15_DIAG_CLEAR_ANY_t3000	RED15	DIAG_CLEAR	ANY	3	3000	-1	0	20	
RED15_DIAG_CLEAR_ANY_t3025	RED15	DIAG_CLEAR	ANY	3	3025	-1	0	20	
RED15_DIAG_CLEAR_ANY_t3050	RED15	DIAG_CLEAR	ANY	3	3050	-1	0	20	
RED15_DIAG_CLEAR_ANY_t3075	RED15	DIAG_CLEAR	ANY	3	3075	-1	0	20	
RED15_DIAG_CLEAR_ANY_t3100	RED15	DIAG_CLEAR	ANY	3	3100	-1	0	20	
RED15_DIAG_CLEAR_ANY_t3125	RED15	DIAG_CLEAR	ANY	3	3125	-1	0	20	
RED15_DIAG_CLEAR_ANY_t3150	RED15	DIAG_CLEAR	ANY	3	3150	-1	0	20	
RED15_DIAG_CLEAR_ANY_t3175	RED15	DIAG_CLEAR	ANY	3	3175	-1	0	20	
RED15_DIAG_CLEAR_ANY_t3200	RED15	DIAG_CLEAR	ANY	3	3200	-1	0	20	
RED15_DIAG_CLEAR_ANY_t3225	RED15	DIAG_CLEAR	ANY	3	3225	-1	0	20	
RED15_DIAG_CLEAR_ANY_t3250	RED15	DIAG_CLEAR	ANY	3	3250	-1	0	20	
RED15_DIAG_CLEAR_ANY_t3275	RED15	DIAG_CLEAR	ANY	3	3275	-1	0	20	
RED15_DIAG_CLEAR_ANY_t3300	RED15	DIAG_CLEAR	ANY	3	3300	-1	0	20	
RED15_DIAG_CLEAR_ANY_t3325	RED15	DIAG_CLEAR	ANY	3	3325	-1	0	20	
RED15_DIAG_CLEAR_ANY_t3350	RED15	DIAG_CLEAR	ANY	3	3350	-1	0	20	
RED15_DIAG_CLEAR_ANY_t3375	RED15	DIAG_CLEAR	ANY	3	3375	-1	0	20	
RED15_DIAG_CLEAR_ANY_t3400	RED15	DIAG_CLEAR	ANY	3	3400	-1	0	20	
RED15_DIAG_CLEAR_ANY_t3425	RED15	DIAG_CLEAR	ANY	3	3425	-1	0	20	
RED15_DIAG_CLEAR_ANY_t3450	RED15	DIAG_CLEAR	ANY	3	3450	-1	0	20	
RED15_DIAG_CLEAR_ANY_t3475	RED15	DIAG_CLEAR	ANY	3	3475	-1	0	20	
RED15_DIAG_CLEAR_ANY_t3500	RED15	DIAG_CLEAR	ANY	3	3500	-1	0	20	
RED15_DIAG_CLEAR_ANY_t3525	RED15	DIAG_CLEAR	ANY	3	3525	-1	0	20	
RED15_DIAG_CLEAR_ANY_t3550	RED15	DIAG_CLEAR	ANY	3	3550	-1	0	20	
RED15_DIAG_CLEAR_ANY_t3575	RED15	DIAG_CLEAR	ANY	3	3575	-1	0	20	
RED15_DIAG_CLEAR_ANY_t3600	RED15	DIAG_CLEAR	ANY	3	3600	-1	0	20	
RED15_DIAG_CLEAR_ANY_t3625	RED15	DIAG_CLEAR	ANY	3	3625	-1	0	20	
RED15_DIAG_CLEAR_ANY_t3650	RED15	DIAG_CLEAR	ANY	3	3650	-1	0	20	
RED15_DIAG_CLEAR_ANY_t3675	RED15	DIAG_CLEAR	ANY	3	3675	-1	0	20	
RED15_DIAG_CLEAR_ANY_t3700	RED15	DIAG_CLEAR	ANY	3	3700	-1	0	20	
RED15_DIAG_CLEAR_ANY_t3725	RED15	DIAG_CLEAR	ANY	3	3725	-1	0	20	
RED15_DIAG_CLEAR_ANY_t3750	RED15	DIAG_CLEAR	ANY	3	3750	-1	0	20	
RED15_DIAG_CLEAR_ANY_t3775	RED15	DIAG_CLEAR	ANY	3	3775	-1	0	20	
RED15_DIAG_CLEAR_ANY_t3800	RED15	DIAG_CLEAR	ANY	3	3800	-1	0	20	
RED15_DIAG_CLEAR_ANY_t3825	RED15	DIAG_CLEAR	ANY	3	3825	-1	0	20	
RED15_DIAG_CLEAR_ANY_t3850	RED15	DIAG_CLEAR	ANY	3	3850	-1	0	20	
RED15_DIAG_CLEAR_ANY_t3875	RED15	DIAG_CLEAR	ANY	3	3875	-1	0	20	
RED15_DIAG_CLEAR_ANY_t3900	RED15	DIAG_CLEAR	ANY	3	3900	-1	0	20	
RED15_DIAG_CLEAR_ANY_t3925	RED15	DIAG_CLEAR	ANY	3	3925	-1	0	20	
RED15_DIAG_CLEAR_ANY_t3950	RED15	DIAG_CLEAR	ANY	3	3950	-1	0	20	
RED15_DIAG_CLEAR_ANY_t3975	RED15	DIAG_CLEAR	ANY	3	3975	-1	0	20	
RED15_DIAG_CLEAR_ANY_t4000	RED15	DIAG_CLEAR	ANY	3	4000	-1	0	20	
RED15_DIAG_CLEAR_ANY_t4025	RED15	DIAG_CLEAR	ANY	3	4025	-1	0	20	
RED15_DIAG_CLEAR_ANY_t4050	RED15	DIAG_CLEAR	ANY	3	4050	-1	0	20	
RED15_DIAG_CLEAR_ANY_t4075	RED15	DIAG_CLEAR	ANY	3	4075	-1	0	20	
RED15_DIAG_CLEAR_ANY_t4100	RED15	DIAG_CLEAR	ANY	3	4100	-1	0	20	
RED15_DIAG_CLEAR_ANY_t4125	RED15	DIAG_CLEAR	ANY	3	4125	-1	0	20	
RED15_DIAG_CLEAR_ANY_t4150	RED15	DIAG_CLEAR	ANY	3	4150	-1	0	20	
RED15_DIAG_CLEAR_ANY_t4175	RED15	DIAG_CLEAR	ANY	3	4175	-1	0	20	
RED15_DIAG_CLEAR_ANY_t4200	RED15	DIAG_CLEAR	ANY	3	4200	-1	0	20	
RED15_DIAG_CLEAR_ANY_t4225	RED15	DIAG_CLEAR	ANY	3	4225	-1	0	20	
RED15_DIAG_CLEAR_ANY_t4250	RED15	DIAG_CLEAR	ANY	3	4250	-1	0	20	
RED15_DIAG_CLEAR_ANY_t4275	RED15	DIAG_CLEAR	ANY	3	4275	-1	0	20	
RED15_DIAG_CLEAR_ANY_t4300	RED15	DIAG_CLEAR	ANY	3	4300	-1	0	20	
RED15_DIAG_CLEAR_ANY_t4325	RED15	DIAG_CLEAR	ANY	3	4325	-1	0	20	
RED15_DIAG_CLEAR_ANY_t4350	RED15	DIAG_CLEAR	ANY	3	4350	-1	0	20	
RED15_DIAG_CLEAR_ANY_t4375	RED15	DIAG_CLEAR	ANY	3	4375	-1	0	20	
RED15_DIAG_CLEAR_ANY_t4400	RED15	DIAG_CLEAR	ANY	3	4400	-1	0	20	
RED15_DIAG_CLEAR_ANY_t4425	RED15	DIAG_CLEAR	ANY	3	4425	-1	0	20	
RED15_DIAG_CLEAR_ANY_t4450	RED15	DIAG_CLEAR	ANY	3	4450	-1	0	20	
RED15_DIAG_CLEAR_ANY_t4475	RED15	DIAG_CLEAR	ANY	3	4475	-1	0	20	
RED15_DIAG_CLEAR_ANY_t4499	RED15	DIAG_CLEAR	ANY	3	4499	-1	0	20	
RED15_DIAG_CLEAR_ANY_t4500	RED15	DIAG_CLEAR	ANY	3	4500	-1	0	20	
RED15_DIAG_CLEAR_ANY_t4501	RED15	DIAG_CLEAR	ANY	3	4501	-1	0	20	
RED15_DIAG_CLEAR_ANY_t4502	RED15	DIAG_CLEAR	ANY	3	4502	-1	0	20	
RED15_DIAG_CLEAR_ANY_t4503	RED15	DIAG_CLEAR	ANY	3	4503	-1	0	20	
RED15_DIAG_CLEAR_ANY_t4525	RED15	DIAG_CLEAR	ANY	3	4525	-1	0	20	
RED15_DIAG_CLEAR_ANY_t4550	RED15	DIAG_CLEAR	ANY	3	4550	-1	0	20	
RED15_DIAG_CLEAR_ANY_t4575	RED15	DIAG_CLEAR	ANY	3	4575	-1	0	20	
RED15_DIAG_CLEAR_ANY_t4600	RED15	DIAG_CLEAR	ANY	3	4600	-1	0	20	
RED15_DIAG_CLEAR_ANY_t4625	RED15	DIAG_CLEAR	ANY	3	4625	-1	0	20	
RED15_DIAG_CLEAR_ANY_t4650	RED15	DIAG_CLEAR	ANY	3	4650	-1	0	20	
RED15_DIAG_CLEAR_ANY_t4675	RED15	DIAG_CLEAR	ANY	3	4675	-1	0	20	
RED15_DIAG_CLEAR_ANY_t4700	RED15	DIAG_CLEAR	ANY	3	4700	-1	0	20	
RED15_DIAG_CLEAR_ANY_t4725	RED15	DIAG_CLEAR	ANY	3	4725	-1	0	20	
RED15_DIAG_CLEAR_ANY_t4750	RED15	DIAG_CLEAR	ANY	3	4750	-1	0	20	
RED15_DIAG_CLEAR_ANY_t4760	RED15	DIAG_CLEAR	ANY	3	4760	-1	0	20	
RED15_DIAG_CLEAR_ANY_t4775	RED15	DIAG_CLEAR	ANY	3	4775	-1	0	20	
RED15_DIAG_CLEAR_ANY_t4800	RED15	DIAG_CLEAR	ANY	3	4800	-1	0	20	
RED15_DIAG_CLEAR_ANY_t4808	RED15	DIAG_CLEAR	ANY	3	4808	-1	0	20	
RED15_DIAG_CLEAR_ANY_t4809	RED15	DIAG_CLEAR	ANY	3	4809	-1	0	20	
RED15_DIAG_CLEAR_ANY_t4810	RED15	DIAG_CLEAR	ANY	3	4810	-1	0	20	
RED15_DIAG_CLEAR_ANY_t4811	RED15	DIAG_CLEAR	ANY	3	4811	-1	0	20	
RED15_DIAG_CLEAR_ANY_t4812	RED15	DIAG_CLEAR	ANY	3	4812	-1	0	20	
RED15_DIAG_CLEAR_ANY_t4825	RED15	DIAG_CLEAR	ANY	3	4825	-1	0	20	
RED15_DIAG_CLEAR_ANY_t4850	RED15	DIAG_CLEAR	ANY	3	4850	-1	0	20	
RED15_DIAG_CLEAR_ANY_t4875	RED15	DIAG_CLEAR	ANY	3	4875	-1	0	20	
RED15_DIAG_CLEAR_ANY_t4900	RED15	DIAG_CLEAR	ANY	3	4900	-1	0	20	
RED15_DIAG_CLEAR_ANY_t4925	RED15	DIAG_CLEAR	ANY	3	4925	-1	0	20	
RED15_DIAG_CLEAR_ANY_t4950	RED15	DIAG_CLEAR	ANY	3	4950	-1	0	20	
RED15_DIAG_CLEAR_ANY_t4975	RED15	DIAG_CLEAR	ANY	3	4975	-1	0	20	
RED15_DIAG_CLEAR_ANY_t4999	RED15	DIAG_CLEAR	ANY	3	4999	-1	0	20	
RED15_DIAG_CLEAR_ANY_t5000	RED15	DIAG_CLEAR	ANY	4	0	-1	0	20	
RED15_DIAG_CLEAR_ANY_t5001	RED15	DIAG_CLEAR	ANY	4	1	-1	0	20	
RED15_COMMIT_ANY_t0	RED15	COMMIT	ANY	3	0	-1	0	20	
RED15_COMMIT_ANY_t1	RED15	COMMIT	ANY	3	1	-1	0	20	
RED15_COMMIT_ANY_t2	RED15	COMMIT	ANY	3	2	-1	0	20	
RED15_COMMIT_ANY_t25	RED15	COMMIT	ANY	3	25	-1	0	20	
RED15_COMMIT_ANY_t50	RED15	COMMIT	ANY	3	50	-1	0	20	
RED15_COMMIT_ANY_t75	RED15	COMMIT	ANY	3	75	-1	0	20	
RED15_COMMIT_ANY_t100	RED15	COMMIT	ANY	3	100	-1	0	20	
RED15_COMMIT_ANY_t125	RED15	COMMIT	ANY	3	125	-1	0	20	
RED15_COMMIT_ANY_t150	RED15	COMMIT	ANY	3	150	-1	0	20	
RED15_COMMIT_ANY_t160	RED15	COMMIT	ANY	3	160	-1	0	20	
RED15_COMMIT_ANY_t161	RED15	COMMIT	ANY	3	161	-1	0	20	
RED15_COMMIT_ANY_t162	RED15	COMMIT	ANY	3	162	-1	0	20	
RED15_COMMIT_ANY_t175	RED15	COMMIT	ANY	3	175	-1	0	20	
RED15_COMMIT_ANY_t200	RED15	COMMIT	ANY	3	200	-1	0	20	
RED15_COMMIT_ANY_t225	RED15	COMMIT	ANY	3	225	-1	0	20	
RED15_COMMIT_ANY_t248	RED15	COMMIT	ANY	3	248	-1	0	20	
RED15_COMMIT_ANY_t249	RED15	COMMIT	ANY	3	249	-1	0	20	
RED15_COMMIT_ANY_t250	RED15	COMMIT	ANY	3	250	-1	0	20	
RED15_COMMIT_ANY_t266	RED15	COMMIT	ANY	3	266	-1	0	20	
RED15_COMMIT_ANY_t275	RED15	COMMIT	ANY	3	275	-1	0	20	
RED15_COMMIT_ANY_t283	RED15	COMMIT	ANY	3	283	-1	0	20	
RED15_COMMIT_ANY_t284	RED15	COMMIT	ANY	3	284	-1	0	20	
RED15_COMMIT_ANY_t285	RED15	COMMIT	ANY	3	285	-1	0	20	
RED15_COMMIT_ANY_t300	RED15	COMMIT	ANY	3	300	-1	0	20	
RED15_COMMIT_ANY_t309	RED15	COMMIT	ANY	3	309	-1	0	20	
RED15_COMMIT_ANY_t310	RED15	COMMIT	ANY	3	310	-1	0	20	
RED15_COMMIT_ANY_t311	RED15	COMMIT	ANY	3	311	-1	0	20	
RED15_COMMIT_ANY_t325	RED15	COMMIT	ANY	3	325	-1	0	20	
RED15_COMMIT_ANY_t350	RED15	COMMIT	ANY	3	350	-1	0	20	
RED15_COMMIT_ANY_t375	RED15	COMMIT	ANY	3	375	-1	0	20	
RED15_COMMIT_ANY_t385	RED15	COMMIT	ANY	3	385	-1	0	20	
RED15_COMMIT_ANY_t400	RED15	COMMIT	ANY	3	400	-1	0	20	
RED15_COMMIT_ANY_t425	RED15	COMMIT	ANY	3	425	-1	0	20	
RED15_COMMIT_ANY_t443	RED15	COMMIT	ANY	3	443	-1	0	20	
RED15_COMMIT_ANY_t444	RED15	COMMIT	ANY	3	444	-1	0	20	
RED15_COMMIT_ANY_t445	RED15	COMMIT	ANY	3	445	-1	0	20	
RED15_COMMIT_ANY_t450	RED15	COMMIT	ANY	3	450	-1	0	20	
RED15_COMMIT_ANY_t475	RED15	COMMIT	ANY	3	475	-1	0	20	
RED15_COMMIT_ANY_t477	RED15	COMMIT	ANY	3	477	-1	0	20	
RED15_COMMIT_ANY_t478	RED15	COMMIT	ANY	3	478	-1	0	20	
RED15_COMMIT_ANY_t479	RED15	COMMIT	ANY	3	479	-1	0	20	
RED15_COMMIT_ANY_t500	RED15	COMMIT	ANY	3	500	-1	0	20	
RED15_COMMIT_ANY_t525	RED15	COMMIT	ANY	3	525	-1	0	20	
RED15_COMMIT_ANY_t550	RED15	COMMIT	ANY	3	550	-1	0	20	
RED15_COMMIT_ANY_t575	RED15	COMMIT	ANY	3	575	-1	0	20	
RED15_COMMIT_ANY_t600	RED15	COMMIT	ANY	3	600	-1	0	20	
RED15_COMMIT_ANY_t625	RED15	COMMIT	ANY	3	625	-1	0	20	
RED15_COMMIT_ANY_t650	RED15	COMMIT	ANY	3	650	-1	0	20	
RED15_COMMIT_ANY_t675	RED15	COMMIT	ANY	3	675	-1	0	20	
RED15_COMMIT_ANY_t700	RED15	COMMIT	ANY	3	700	-1	0	20	
RED15_COMMIT_ANY_t725	RED15	COMMIT	ANY	3	725	-1	0	20	
RED15_COMMIT_ANY_t750	RED15	COMMIT	ANY	3	750	-1	0	20	
RED15_COMMIT_ANY_t775	RED15	COMMIT	ANY	3	775	-1	0	20	
RED15_COMMIT_ANY_t800	RED15	COMMIT	ANY	3	800	-1	0	20	
RED15_COMMIT_ANY_t825	RED15	COMMIT	ANY	3	825	-1	0	20	
RED15_COMMIT_ANY_t850	RED15	COMMIT	ANY	3	850	-1	0	20	
RED15_COMMIT_ANY_t875	RED15	COMMIT	ANY	3	875	-1	0	20	
RED15_COMMIT_ANY_t900	RED15	COMMIT	ANY	3	900	-1	0	20	
RED15_COMMIT_ANY_t925	RED15	COMMIT	ANY	3	925	-1	0	20	
RED15_COMMIT_ANY_t950	RED15	COMMIT	ANY	3	950	-1	0	20	
RED15_COMMIT_ANY_t975	RED15	COMMIT	ANY	3	975	-1	0	20	
RED15_COMMIT_ANY_t1000	RED15	COMMIT	ANY	3	1000	-1	0	20	
RED15_COMMIT_ANY_t1025	RED15	COMMIT	ANY	3	1025	-1	0	20	
RED15_COMMIT_ANY_t1050	RED15	COMMIT	ANY	3	1050	-1	0	20	
RED15_COMMIT_ANY_t1075	RED15	COMMIT	ANY	3	1075	-1	0	20	
RED15_COMMIT_ANY_t1100	RED15	COMMIT	ANY	3	1100	-1	0	20	
RED15_COMMIT_ANY_t1125	RED15	COMMIT	ANY	3	1125	-1	0	20	
RED15_COMMIT_ANY_t1150	RED15	COMMIT	ANY	3	1150	-1	0	20	
RED15_COMMIT_ANY_t1175	RED15	COMMIT	ANY	3	1175	-1	0	20	
RED15_COMMIT_ANY_t1200	RED15	COMMIT	ANY	3	1200	-1	0	20	
RED15_COMMIT_ANY_t1225	RED15	COMMIT	ANY	3	1225	-1	0	20	
RED15_COMMIT_ANY_t1250	RED15	COMMIT	ANY	3	1250	-1	0	20	
RED15_COMMIT_ANY_t1275	RED15	COMMIT	ANY	3	1275	-1	0	20	
RED15_COMMIT_ANY_t1300	RED15	COMMIT	ANY	3	1300	-1	0	20	
RED15_COMMIT_ANY_t1325	RED15	COMMIT	ANY	3	1325	-1	0	20	
RED15_COMMIT_ANY_t1350	RED15	COMMIT	ANY	3	1350	-1	0	20	
RED15_COMMIT_ANY_t1375	RED15	COMMIT	ANY	3	1375	-1	0	20	
RED15_COMMIT_ANY_t1400	RED15	COMMIT	ANY	3	1400	-1	0	20	
RED15_COMMIT_ANY_t1425	RED15	COMMIT	ANY	3	1425	-1	0	20	
RED15_COMMIT_ANY_t1450	RED15	COMMIT	ANY	3	1450	-1	0	20	
RED15_COMMIT_ANY_t1475	RED15	COMMIT	ANY	3	1475	-1	0	20	
RED15_COMMIT_ANY_t1500	RED15	COMMIT	ANY	3	1500	-1	0	20	
RED15_COMMIT_ANY_t1525	RED15	COMMIT	ANY	3	1525	-1	0	20	
RED15_COMMIT_ANY_t1550	RED15	COMMIT	ANY	3	1550	-1	0	20	
RED15_COMMIT_ANY_t1575	RED15	COMMIT	ANY	3	1575	-1	0	20	
RED15_COMMIT_ANY_t1600	RED15	COMMIT	ANY	3	1600	-1	0	20	
RED15_COMMIT_ANY_t1625	RED15	COMMIT	ANY	3	1625	-1	0	20	
RED15_COMMIT_ANY_t1650	RED15	COMMIT	ANY	3	1650	-1	0	20	
RED15_COMMIT_ANY_t1675	RED15	COMMIT	ANY	3	1675	-1	0	20	
RED15_COMMIT_ANY_t1700	RED15	COMMIT	ANY	3	1700	-1	0	20	
RED15_COMMIT_ANY_t1725	RED15	COMMIT	ANY	3	1725	-1	0	20	
RED15_COMMIT_ANY_t1750	RED15	COMMIT	ANY	3	1750	-1	0	20	
RED15_COMMIT_ANY_t1775	RED15	COMMIT	ANY	3	1775	-1	0	20	
RED15_COMMIT_ANY_t1800	RED15	COMMIT	ANY	3	1800	-1	0	20	
RED15_COMMIT_ANY_t1825	RED15	COMMIT	ANY	3	1825	-1	0	20	
RED15_COMMIT_ANY_t1850	RED15	COMMIT	ANY	3	1850	-1	0	20	
RED15_COMMIT_ANY_t1875	RED15	COMMIT	ANY	3	1875	-1	0	20	
RED15_COMMIT_ANY_t1900	RED15	COMMIT	ANY	3	1900	-1	0	20	
RED15_COMMIT_ANY_t1925	RED15	COMMIT	ANY	3	1925	-1	0	20	
RED15_COMMIT_ANY_t1950	RED15	COMMIT	ANY	3	1950	-1	0	20	
RED15_COMMIT_ANY_t1975	RED15	COMMIT	ANY	3	1975	-1	0	20	
RED15_COMMIT_ANY_t2000	RED15	COMMIT	ANY	3	2000	-1	0	20	
RED15_COMMIT_ANY_t2025	RED15	COMMIT	ANY	3	2025	-1	0	20	
RED15_COMMIT_ANY_t2050	RED15	COMMIT	ANY	3	2050	-1	0	20	
RED15_COMMIT_ANY_t2075	RED15	COMMIT	ANY	3	2075	-1	0	20	
RED15_COMMIT_ANY_t2100	RED15	COMMIT	ANY	3	2100	-1	0	20	
RED15_COMMIT_ANY_t2125	RED15	COMMIT	ANY	3	2125	-1	0	20	
RED15_COMMIT_ANY_t2150	RED15	COMMIT	ANY	3	2150	-1	0	20	
RED15_COMMIT_ANY_t2175	RED15	COMMIT	ANY	3	2175	-1	0	20	
RED15_COMMIT_ANY_t2200	RED15	COMMIT	ANY	3	2200	-1	0	20	
RED15_COMMIT_ANY_t2225	RED15	COMMIT	ANY	3	2225	-1	0	20	
RED15_COMMIT_ANY_t2250	RED15	COMMIT	ANY	3	2250	-1	0	20	
RED15_COMMIT_ANY_t2275	RED15	COMMIT	ANY	3	2275	-1	0	20	
RED15_COMMIT_ANY_t2300	RED15	COMMIT	ANY	3	2300	-1	0	20	
RED15_COMMIT_ANY_t2325	RED15	COMMIT	ANY	3	2325	-1	0	20	
RED15_COMMIT_ANY_t2350	RED15	COMMIT	ANY	3	2350	-1	0	20	
RED15_COMMIT_ANY_t2375	RED15	COMMIT	ANY	3	2375	-1	0	20	
RED15_COMMIT_ANY_t2400	RED15	COMMIT	ANY	3	2400	-1	0	20	
RED15_COMMIT_ANY_t2425	RED15	COMMIT	ANY	3	2425	-1	0	20	
RED15_COMMIT_ANY_t2450	RED15	COMMIT	ANY	3	2450	-1	0	20	
RED15_COMMIT_ANY_t2475	RED15	COMMIT	ANY	3	2475	-1	0	20	
RED15_COMMIT_ANY_t2500	RED15	COMMIT	ANY	3	2500	-1	0	20	
RED15_COMMIT_ANY_t2525	RED15	COMMIT	ANY	3	2525	-1	0	20	
RED15_COMMIT_ANY_t2550	RED15	COMMIT	ANY	3	2550	-1	0	20	
RED15_COMMIT_ANY_t2575	RED15	COMMIT	ANY	3	2575	-1	0	20	
RED15_COMMIT_ANY_t2600	RED15	COMMIT	ANY	3	2600	-1	0	20	
RED15_COMMIT_ANY_t2625	RED15	COMMIT	ANY	3	2625	-1	0	20	
RED15_COMMIT_ANY_t2650	RED15	COMMIT	ANY	3	2650	-1	0	20	
RED15_COMMIT_ANY_t2675	RED15	COMMIT	ANY	3	2675	-1	0	20	
RED15_COMMIT_ANY_t2700	RED15	COMMIT	ANY	3	2700	-1	0	20	
RED15_COMMIT_ANY_t2725	RED15	COMMIT	ANY	3	2725	-1	0	20	
RED15_COMMIT_ANY_t2750	RED15	COMMIT	ANY	3	2750	-1	0	20	
RED15_COMMIT_ANY_t2775	RED15	COMMIT	ANY	3	2775	-1	0	20	
RED15_COMMIT_ANY_t2800	RED15	COMMIT	ANY	3	2800	-1	0	20	
RED15_COMMIT_ANY_t2825	RED15	COMMIT	ANY	3	2825	-1	0	20	
RED15_COMMIT_ANY_t2850	RED15	COMMIT	ANY	3	2850	-1	0	20	
RED15_COMMIT_ANY_t2875	RED15	COMMIT	ANY	3	2875	-1	0	20	
RED15_COMMIT_ANY_t2900	RED15	COMMIT	ANY	3	2900	-1	0	20	
RED15_COMMIT_ANY_t2925	RED15	COMMIT	ANY	3	2925	-1	0	20	
RED15_COMMIT_ANY_t2950	RED15	COMMIT	ANY	3	2950	-1	0	20	
RED15_COMMIT_ANY_t2975	RED15	COMMIT	ANY	3	2975	-1	0	20	
RED15_COMMIT_ANY_t3000	RED15	COMMIT	ANY	3	3000	-1	0	20	
RED15_COMMIT_ANY_t3025	RED15	COMMIT	ANY	3	3025	-1	0	20	
RED15_COMMIT_ANY_t3050	RED15	COMMIT	ANY	3	3050	-1	0	20	
RED15_COMMIT_ANY_t3075	RED15	COMMIT	ANY	3	3075	-1	0	20	
RED15_COMMIT_ANY_t3100	RED15	COMMIT	ANY	3	3100	-1	0	20	
RED15_COMMIT_ANY_t3125	RED15	COMMIT	ANY	3	3125	-1	0	20	
RED15_COMMIT_ANY_t3150	RED15	COMMIT	ANY	3	3150	-1	0	20	
RED15_COMMIT_ANY_t3175	RED15	COMMIT	ANY	3	3175	-1	0	20	
RED15_COMMIT_ANY_t3200	RED15	COMMIT	ANY	3	3200	-1	0	20	
RED15_COMMIT_ANY_t3225	RED15	COMMIT	ANY	3	3225	-1	0	20	
RED15_COMMIT_ANY_t3250	RED15	COMMIT	ANY	3	3250	-1	0	20	
RED15_COMMIT_ANY_t3275	RED15	COMMIT	ANY	3	3275	-1	0	20	
RED15_COMMIT_ANY_t3300	RED15	COMMIT	ANY	3	3300	-1	0	20	
RED15_COMMIT_ANY_t3325	RED15	COMMIT	ANY	3	3325	-1	0	20	
RED15_COMMIT_ANY_t3350	RED15	COMMIT	ANY	3	3350	-1	0	20	
RED15_COMMIT_ANY_t3375	RED15	COMMIT	ANY	3	3375	-1	0	20	
RED15_COMMIT_ANY_t3400	RED15	COMMIT	ANY	3	3400	-1	0	20	
RED15_COMMIT_ANY_t3425	RED15	COMMIT	ANY	3	3425	-1	0	20	
RED15_COMMIT_ANY_t3450	RED15	COMMIT	ANY	3	3450	-1	0	20	
RED15_COMMIT_ANY_t3475	RED15	COMMIT	ANY	3	3475	-1	0	20	
RED15_COMMIT_ANY_t3500	RED15	COMMIT	ANY	3	3500	-1	0	20	
RED15_COMMIT_ANY_t3525	RED15	COMMIT	ANY	3	3525	-1	0	20	
RED15_COMMIT_ANY_t3550	RED15	COMMIT	ANY	3	3550	-1	0	20	
RED15_COMMIT_ANY_t3575	RED15	COMMIT	ANY	3	3575	-1	0	20	
RED15_COMMIT_ANY_t3600	RED15	COMMIT	ANY	3	3600	-1	0	20	
RED15_COMMIT_ANY_t3625	RED15	COMMIT	ANY	3	3625	-1	0	20	
RED15_COMMIT_ANY_t3650	RED15	COMMIT	ANY	3	3650	-1	0	20	
RED15_COMMIT_ANY_t3675	RED15	COMMIT	ANY	3	3675	-1	0	20	
RED15_COMMIT_ANY_t3700	RED15	COMMIT	ANY	3	3700	-1	0	20	
RED15_COMMIT_ANY_t3725	RED15	COMMIT	ANY	3	3725	-1	0	20	
RED15_COMMIT_ANY_t3750	RED15	COMMIT	ANY	3	3750	-1	0	20	
RED15_COMMIT_ANY_t3775	RED15	COMMIT	ANY	3	3775	-1	0	20	
RED15_COMMIT_ANY_t3800	RED15	COMMIT	ANY	3	3800	-1	0	20	
RED15_COMMIT_ANY_t3825	RED15	COMMIT	ANY	3	3825	-1	0	20	
RED15_COMMIT_ANY_t3850	RED15	COMMIT	ANY	3	3850	-1	0	20	
RED15_COMMIT_ANY_t3875	RED15	COMMIT	ANY	3	3875	-1	0	20	
RED15_COMMIT_ANY_t3900	RED15	COMMIT	ANY	3	3900	-1	0	20	
RED15_COMMIT_ANY_t3925	RED15	COMMIT	ANY	3	3925	-1	0	20	
RED15_COMMIT_ANY_t3950	RED15	COMMIT	ANY	3	3950	-1	0	20	
RED15_COMMIT_ANY_t3975	RED15	COMMIT	ANY	3	3975	-1	0	20	
RED15_COMMIT_ANY_t4000	RED15	COMMIT	ANY	3	4000	-1	0	20	
RED15_COMMIT_ANY_t4025	RED15	COMMIT	ANY	3	4025	-1	0	20	
RED15_COMMIT_ANY_t4050	RED15	COMMIT	ANY	3	4050	-1	0	20	
RED15_COMMIT_ANY_t4075	RED15	COMMIT	ANY	3	4075	-1	0	20	
RED15_COMMIT_ANY_t4100	RED15	COMMIT	ANY	3	4100	-1	0	20	
RED15_COMMIT_ANY_t4125	RED15	COMMIT	ANY	3	4125	-1	0	20	
RED15_COMMIT_ANY_t4150	RED15	COMMIT	ANY	3	4150	-1	0	20	
RED15_COMMIT_ANY_t4175	RED15	COMMIT	ANY	3	4175	-1	0	20	
RED15_COMMIT_ANY_t4200	RED15	COMMIT	ANY	3	4200	-1	0	20	
RED15_COMMIT_ANY_t4225	RED15	COMMIT	ANY	3	4225	-1	0	20	
RED15_COMMIT_ANY_t4250	RED15	COMMIT	ANY	3	4250	-1	0	20	
RED15_COMMIT_ANY_t4275	RED15	COMMIT	ANY	3	4275	-1	0	20	
RED15_COMMIT_ANY_t4300	RED15	COMMIT	ANY	3	4300	-1	0	20	
RED15_COMMIT_ANY_t4325	RED15	COMMIT	ANY	3	4325	-1	0	20	
RED15_COMMIT_ANY_t4350	RED15	COMMIT	ANY	3	4350	-1	0	20	
RED15_COMMIT_ANY_t4375	RED15	COMMIT	ANY	3	4375	-1	0	20	
RED15_COMMIT_ANY_t4400	RED15	COMMIT	ANY	3	4400	-1	0	20	
RED15_COMMIT_ANY_t4425	RED15	COMMIT	ANY	3	4425	-1	0	20	
RED15_COMMIT_ANY_t4450	RED15	COMMIT	ANY	3	4450	-1	0	20	
RED15_COMMIT_ANY_t4475	RED15	COMMIT	ANY	3	4475	-1	0	20	
RED15_COMMIT_ANY_t4499	RED15	COMMIT	ANY	3	4499	-1	0	20	
RED15_COMMIT_ANY_t4500	RED15	COMMIT	ANY	3	4500	-1	0	20	
RED15_COMMIT_ANY_t4501	RED15	COMMIT	ANY	3	4501	-1	0	20	
RED15_COMMIT_ANY_t4502	RED15	COMMIT	ANY	3	4502	-1	0	20	
RED15_COMMIT_ANY_t4503	RED15	COMMIT	ANY	3	4503	-1	0	20	
RED15_COMMIT_ANY_t4525	RED15	COMMIT	ANY	3	4525	-1	0	20	
RED15_COMMIT_ANY_t4550	RED15	COMMIT	ANY	3	4550	-1	0	20	
RED15_COMMIT_ANY_t4575	RED15	COMMIT	ANY	3	4575	-1	0	20	
RED15_COMMIT_ANY_t4600	RED15	COMMIT	ANY	3	4600	-1	0	20	
RED15_COMMIT_ANY_t4625	RED15	COMMIT	ANY	3	4625	-1	0	20	
RED15_COMMIT_ANY_t4650	RED15	COMMIT	ANY	3	4650	-1	0	20	
RED15_COMMIT_ANY_t4675	RED15	COMMIT	ANY	3	4675	-1	0	20	
RED15_COMMIT_ANY_t4700	RED15	COMMIT	ANY	3	4700	-1	0	20	
RED15_COMMIT_ANY_t4725	RED15	COMMIT	ANY	3	4725	-1	0	20	
RED15_COMMIT_ANY_t4750	RED15	COMMIT	ANY	3	4750	-1	0	20	
RED15_COMMIT_ANY_t4760	RED15	COMMIT	ANY	3	4760	-1	0	20	
RED15_COMMIT_ANY_t4775	RED15	COMMIT	ANY	3	4775	-1	0	20	
RED15_COMMIT_ANY_t4800	RED15	COMMIT	ANY	3	4800	-1	0	20	
RED15_COMMIT_ANY_t4808	RED15	COMMIT	ANY	3	4808	-1	0	20	
RED15_COMMIT_ANY_t4809	RED15	COMMIT	ANY	3	4809	-1	0	20	
RED15_COMMIT_ANY_t4810	RED15	COMMIT	ANY	3	4810	-1	0	20	
RED15_COMMIT_ANY_t4811	RED15	COMMIT	ANY	3	4811	-1	0	20	
RED15_COMMIT_ANY_t4812	RED15	COMMIT	ANY	3	4812	-1	0	20	
RED15_COMMIT_ANY_t4825	RED15	COMMIT	ANY	3	4825	-1	0	20	
RED15_COMMIT_ANY_t4850	RED15	COMMIT	ANY	3	4850	-1	0	20	
RED15_COMMIT_ANY_t4875	RED15	COMMIT	ANY	3	4875	-1	0	20	
RED15_COMMIT_ANY_t4900	RED15	COMMIT	ANY	3	4900	-1	0	20	
RED15_COMMIT_ANY_t4925	RED15	COMMIT	ANY	3	4925	-1	0	20	
RED15_COMMIT_ANY_t4950	RED15	COMMIT	ANY	3	4950	-1	0	20	
RED15_COMMIT_ANY_t4975	RED15	COMMIT	ANY	3	4975	-1	0	20	
RED15_COMMIT_ANY_t4999	RED15	COMMIT	ANY	3	4999	-1	0	20	
RED15_COMMIT_ANY_t5000	RED15	COMMIT	ANY	4	0	-1	0	20	
RED15_COMMIT_ANY_t5001	RED15	COMMIT	ANY	4	1	-1	0	20	
D0_RED15_START_DELAY_ANY_t0	RED15	START_DELAY	ANY	3	0	-1	0	0	
D0_RED15_START_DELAY_ANY_t1	RED15	START_DELAY	ANY	3	1	-1	0	0	
D0_RED15_START_DELAY_ANY_t2	RED15	START_DELAY	ANY	3	2	-1	0	0	
D0_RED15_START_DELAY_ANY_t25	RED15	START_DELAY	ANY	3	25	-1	0	0	
D0_RED15_START_DELAY_ANY_t50	RED15	START_DELAY	ANY	3	50	-1	0	0	
D0_RED15_START_DELAY_ANY_t75	RED15	START_DELAY	ANY	3	75	-1	0	0	
D0_RED15_START_DELAY_ANY_t100	RED15	START_DELAY	ANY	3	100	-1	0	0	
D0_RED15_START_DELAY_ANY_t125	RED15	START_DELAY	ANY	3	125	-1	0	0	
D0_RED15_START_DELAY_ANY_t150	RED15	START_DELAY	ANY	3	150	-1	0	0	
D0_RED15_START_DELAY_ANY_t160	RED15	START_DELAY	ANY	3	160	-1	0	0	
D0_RED15_START_DELAY_ANY_t161	RED15	START_DELAY	ANY	3	161	-1	0	0	
D0_RED15_START_DELAY_ANY_t162	RED15	START_DELAY	ANY	3	162	-1	0	0	
D0_RED15_START_DELAY_ANY_t175	RED15	START_DELAY	ANY	3	175	-1	0	0	
D0_RED15_START_DELAY_ANY_t200	RED15	START_DELAY	ANY	3	200	-1	0	0	
D0_RED15_START_DELAY_ANY_t225	RED15	START_DELAY	ANY	3	225	-1	0	0	
D0_RED15_START_DELAY_ANY_t248	RED15	START_DELAY	ANY	3	248	-1	0	0	
D0_RED15_START_DELAY_ANY_t249	RED15	START_DELAY	ANY	3	249	-1	0	0	
D0_RED15_START_DELAY_ANY_t250	RED15	START_DELAY	ANY	3	250	-1	0	0	
D0_RED15_START_DELAY_ANY_t266	RED15	START_DELAY	ANY	3	266	-1	0	0	
D0_RED15_START_DELAY_ANY_t275	RED15	START_DELAY	ANY	3	275	-1	0	0	
D0_RED15_START_DELAY_ANY_t283	RED15	START_DELAY	ANY	3	283	-1	0	0	
D0_RED15_START_DELAY_ANY_t284	RED15	START_DELAY	ANY	3	284	-1	0	0	
D0_RED15_START_DELAY_ANY_t285	RED15	START_DELAY	ANY	3	285	-1	0	0	
D0_RED15_START_DELAY_ANY_t300	RED15	START_DELAY	ANY	3	300	-1	0	0	
D0_RED15_START_DELAY_ANY_t309	RED15	START_DELAY	ANY	3	309	-1	0	0	
D0_RED15_START_DELAY_ANY_t310	RED15	START_DELAY	ANY	3	310	-1	0	0	
D0_RED15_START_DELAY_ANY_t311	RED15	START_DELAY	ANY	3	311	-1	0	0	
D0_RED15_START_DELAY_ANY_t325	RED15	START_DELAY	ANY	3	325	-1	0	0	
D0_RED15_START_DELAY_ANY_t350	RED15	START_DELAY	ANY	3	350	-1	0	0	
D0_RED15_START_DELAY_ANY_t375	RED15	START_DELAY	ANY	3	375	-1	0	0	
D0_RED15_START_DELAY_ANY_t385	RED15	START_DELAY	ANY	3	385	-1	0	0	
D0_RED15_START_DELAY_ANY_t400	RED15	START_DELAY	ANY	3	400	-1	0	0	
D0_RED15_START_DELAY_ANY_t425	RED15	START_DELAY	ANY	3	425	-1	0	0	
D0_RED15_START_DELAY_ANY_t443	RED15	START_DELAY	ANY	3	443	-1	0	0	
D0_RED15_START_DELAY_ANY_t444	RED15	START_DELAY	ANY	3	444	-1	0	0	
D0_RED15_START_DELAY_ANY_t445	RED15	START_DELAY	ANY	3	445	-1	0	0	
D0_RED15_START_DELAY_ANY_t450	RED15	START_DELAY	ANY	3	450	-1	0	0	
D0_RED15_START_DELAY_ANY_t475	RED15	START_DELAY	ANY	3	475	-1	0	0	
D0_RED15_START_DELAY_ANY_t477	RED15	START_DELAY	ANY	3	477	-1	0	0	
D0_RED15_START_DELAY_ANY_t478	RED15	START_DELAY	ANY	3	478	-1	0	0	
D0_RED15_START_DELAY_ANY_t479	RED15	START_DELAY	ANY	3	479	-1	0	0	
D0_RED15_START_DELAY_ANY_t500	RED15	START_DELAY	ANY	3	500	-1	0	0	
D0_RED15_START_DELAY_ANY_t525	RED15	START_DELAY	ANY	3	525	-1	0	0	
D0_RED15_START_DELAY_ANY_t550	RED15	START_DELAY	ANY	3	550	-1	0	0	
D0_RED15_START_DELAY_ANY_t575	RED15	START_DELAY	ANY	3	575	-1	0	0	
D0_RED15_START_DELAY_ANY_t600	RED15	START_DELAY	ANY	3	600	-1	0	0	
D0_RED15_START_DELAY_ANY_t625	RED15	START_DELAY	ANY	3	625	-1	0	0	
D0_RED15_START_DELAY_ANY_t650	RED15	START_DELAY	ANY	3	650	-1	0	0	
D0_RED15_START_DELAY_ANY_t675	RED15	START_DELAY	ANY	3	675	-1	0	0	
D0_RED15_START_DELAY_ANY_t700	RED15	START_DELAY	ANY	3	700	-1	0	0	
D0_RED15_START_DELAY_ANY_t725	RED15	START_DELAY	ANY	3	725	-1	0	0	
D0_RED15_START_DELAY_ANY_t750	RED15	START_DELAY	ANY	3	750	-1	0	0	
D0_RED15_START_DELAY_ANY_t775	RED15	START_DELAY	ANY	3	775	-1	0	0	
D0_RED15_START_DELAY_ANY_t800	RED15	START_DELAY	ANY	3	800	-1	0	0	
D0_RED15_START_DELAY_ANY_t825	RED15	START_DELAY	ANY	3	825	-1	0	0	
D0_RED15_START_DELAY_ANY_t850	RED15	START_DELAY	ANY	3	850	-1	0	0	
D0_RED15_START_DELAY_ANY_t875	RED15	START_DELAY	ANY	3	875	-1	0	0	
D0_RED15_START_DELAY_ANY_t900	RED15	START_DELAY	ANY	3	900	-1	0	0	
D0_RED15_START_DELAY_ANY_t925	RED15	START_DELAY	ANY	3	925	-1	0	0	
D0_RED15_START_DELAY_ANY_t950	RED15	START_DELAY	ANY	3	950	-1	0	0	
D0_RED15_START_DELAY_ANY_t975	RED15	START_DELAY	ANY	3	975	-1	0	0	
D0_RED15_START_DELAY_ANY_t1000	RED15	START_DELAY	ANY	3	1000	-1	0	0	
D0_RED15_START_DELAY_ANY_t1025	RED15	START_DELAY	ANY	3	1025	-1	0	0	
D0_RED15_START_DELAY_ANY_t1050	RED15	START_DELAY	ANY	3	1050	-1	0	0	
D0_RED15_START_DELAY_ANY_t1075	RED15	START_DELAY	ANY	3	1075	-1	0	0	
D0_RED15_START_DELAY_ANY_t1100	RED15	START_DELAY	ANY	3	1100	-1	0	0	
D0_RED15_START_DELAY_ANY_t1125	RED15	START_DELAY	ANY	3	1125	-1	0	0	
D0_RED15_START_DELAY_ANY_t1150	RED15	START_DELAY	ANY	3	1150	-1	0	0	
D0_RED15_START_DELAY_ANY_t1175	RED15	START_DELAY	ANY	3	1175	-1	0	0	
D0_RED15_START_DELAY_ANY_t1200	RED15	START_DELAY	ANY	3	1200	-1	0	0	
D0_RED15_START_DELAY_ANY_t1225	RED15	START_DELAY	ANY	3	1225	-1	0	0	
D0_RED15_START_DELAY_ANY_t1250	RED15	START_DELAY	ANY	3	1250	-1	0	0	
D0_RED15_START_DELAY_ANY_t1275	RED15	START_DELAY	ANY	3	1275	-1	0	0	
D0_RED15_START_DELAY_ANY_t1300	RED15	START_DELAY	ANY	3	1300	-1	0	0	
D0_RED15_START_DELAY_ANY_t1325	RED15	START_DELAY	ANY	3	1325	-1	0	0	
D0_RED15_START_DELAY_ANY_t1350	RED15	START_DELAY	ANY	3	1350	-1	0	0	
D0_RED15_START_DELAY_ANY_t1375	RED15	START_DELAY	ANY	3	1375	-1	0	0	
D0_RED15_START_DELAY_ANY_t1400	RED15	START_DELAY	ANY	3	1400	-1	0	0	
D0_RED15_START_DELAY_ANY_t1425	RED15	START_DELAY	ANY	3	1425	-1	0	0	
D0_RED15_START_DELAY_ANY_t1450	RED15	START_DELAY	ANY	3	1450	-1	0	0	
D0_RED15_START_DELAY_ANY_t1475	RED15	START_DELAY	ANY	3	1475	-1	0	0	
D0_RED15_START_DELAY_ANY_t1500	RED15	START_DELAY	ANY	3	1500	-1	0	0	
D0_RED15_START_DELAY_ANY_t1525	RED15	START_DELAY	ANY	3	1525	-1	0	0	
D0_RED15_START_DELAY_ANY_t1550	RED15	START_DELAY	ANY	3	1550	-1	0	0	
D0_RED15_START_DELAY_ANY_t1575	RED15	START_DELAY	ANY	3	1575	-1	0	0	
D0_RED15_START_DELAY_ANY_t1600	RED15	START_DELAY	ANY	3	1600	-1	0	0	
D0_RED15_START_DELAY_ANY_t1625	RED15	START_DELAY	ANY	3	1625	-1	0	0	
D0_RED15_START_DELAY_ANY_t1650	RED15	START_DELAY	ANY	3	1650	-1	0	0	
D0_RED15_START_DELAY_ANY_t1675	RED15	START_DELAY	ANY	3	1675	-1	0	0	
D0_RED15_START_DELAY_ANY_t1700	RED15	START_DELAY	ANY	3	1700	-1	0	0	
D0_RED15_START_DELAY_ANY_t1725	RED15	START_DELAY	ANY	3	1725	-1	0	0	
D0_RED15_START_DELAY_ANY_t1750	RED15	START_DELAY	ANY	3	1750	-1	0	0	
D0_RED15_START_DELAY_ANY_t1775	RED15	START_DELAY	ANY	3	1775	-1	0	0	
D0_RED15_START_DELAY_ANY_t1800	RED15	START_DELAY	ANY	3	1800	-1	0	0	
D0_RED15_START_DELAY_ANY_t1825	RED15	START_DELAY	ANY	3	1825	-1	0	0	
D0_RED15_START_DELAY_ANY_t1850	RED15	START_DELAY	ANY	3	1850	-1	0	0	
D0_RED15_START_DELAY_ANY_t1875	RED15	START_DELAY	ANY	3	1875	-1	0	0	
D0_RED15_START_DELAY_ANY_t1900	RED15	START_DELAY	ANY	3	1900	-1	0	0	
D0_RED15_START_DELAY_ANY_t1925	RED15	START_DELAY	ANY	3	1925	-1	0	0	
D0_RED15_START_DELAY_ANY_t1950	RED15	START_DELAY	ANY	3	1950	-1	0	0	
D0_RED15_START_DELAY_ANY_t1975	RED15	START_DELAY	ANY	3	1975	-1	0	0	
D0_RED15_START_DELAY_ANY_t2000	RED15	START_DELAY	ANY	3	2000	-1	0	0	
D0_RED15_START_DELAY_ANY_t2025	RED15	START_DELAY	ANY	3	2025	-1	0	0	
D0_RED15_START_DELAY_ANY_t2050	RED15	START_DELAY	ANY	3	2050	-1	0	0	
D0_RED15_START_DELAY_ANY_t2075	RED15	START_DELAY	ANY	3	2075	-1	0	0	
D0_RED15_START_DELAY_ANY_t2100	RED15	START_DELAY	ANY	3	2100	-1	0	0	
D0_RED15_START_DELAY_ANY_t2125	RED15	START_DELAY	ANY	3	2125	-1	0	0	
D0_RED15_START_DELAY_ANY_t2150	RED15	START_DELAY	ANY	3	2150	-1	0	0	
D0_RED15_START_DELAY_ANY_t2175	RED15	START_DELAY	ANY	3	2175	-1	0	0	
D0_RED15_START_DELAY_ANY_t2200	RED15	START_DELAY	ANY	3	2200	-1	0	0	
D0_RED15_START_DELAY_ANY_t2225	RED15	START_DELAY	ANY	3	2225	-1	0	0	
D0_RED15_START_DELAY_ANY_t2250	RED15	START_DELAY	ANY	3	2250	-1	0	0	
D0_RED15_START_DELAY_ANY_t2275	RED15	START_DELAY	ANY	3	2275	-1	0	0	
D0_RED15_START_DELAY_ANY_t2300	RED15	START_DELAY	ANY	3	2300	-1	0	0	
D0_RED15_START_DELAY_ANY_t2325	RED15	START_DELAY	ANY	3	2325	-1	0	0	
D0_RED15_START_DELAY_ANY_t2350	RED15	START_DELAY	ANY	3	2350	-1	0	0	
D0_RED15_START_DELAY_ANY_t2375	RED15	START_DELAY	ANY	3	2375	-1	0	0	
D0_RED15_START_DELAY_ANY_t2400	RED15	START_DELAY	ANY	3	2400	-1	0	0	
D0_RED15_START_DELAY_ANY_t2425	RED15	START_DELAY	ANY	3	2425	-1	0	0	
D0_RED15_START_DELAY_ANY_t2450	RED15	START_DELAY	ANY	3	2450	-1	0	0	
D0_RED15_START_DELAY_ANY_t2475	RED15	START_DELAY	ANY	3	2475	-1	0	0	
D0_RED15_START_DELAY_ANY_t2500	RED15	START_DELAY	ANY	3	2500	-1	0	0	
D0_RED15_START_DELAY_ANY_t2525	RED15	START_DELAY	ANY	3	2525	-1	0	0	
D0_RED15_START_DELAY_ANY_t2550	RED15	START_DELAY	ANY	3	2550	-1	0	0	
D0_RED15_START_DELAY_ANY_t2575	RED15	START_DELAY	ANY	3	2575	-1	0	0	
D0_RED15_START_DELAY_ANY_t2600	RED15	START_DELAY	ANY	3	2600	-1	0	0	
D0_RED15_START_DELAY_ANY_t2625	RED15	START_DELAY	ANY	3	2625	-1	0	0	
D0_RED15_START_DELAY_ANY_t2650	RED15	START_DELAY	ANY	3	2650	-1	0	0	
D0_RED15_START_DELAY_ANY_t2675	RED15	START_DELAY	ANY	3	2675	-1	0	0	
D0_RED15_START_DELAY_ANY_t2700	RED15	START_DELAY	ANY	3	2700	-1	0	0	
D0_RED15_START_DELAY_ANY_t2725	RED15	START_DELAY	ANY	3	2725	-1	0	0	
D0_RED15_START_DELAY_ANY_t2750	RED15	START_DELAY	ANY	3	2750	-1	0	0	
D0_RED15_START_DELAY_ANY_t2775	RED15	START_DELAY	ANY	3	2775	-1	0	0	
D0_RED15_START_DELAY_ANY_t2800	RED15	START_DELAY	ANY	3	2800	-1	0	0	
D0_RED15_START_DELAY_ANY_t2825	RED15	START_DELAY	ANY	3	2825	-1	0	0	
D0_RED15_START_DELAY_ANY_t2850	RED15	START_DELAY	ANY	3	2850	-1	0	0	
D0_RED15_START_DELAY_ANY_t2875	RED15	START_DELAY	ANY	3	2875	-1	0	0	
D0_RED15_START_DELAY_ANY_t2900	RED15	START_DELAY	ANY	3	2900	-1	0	0	
D0_RED15_START_DELAY_ANY_t2925	RED15	START_DELAY	ANY	3	2925	-1	0	0	
D0_RED15_START_DELAY_ANY_t2950	RED15	START_DELAY	ANY	3	2950	-1	0	0	
D0_RED15_START_DELAY_ANY_t2975	RED15	START_DELAY	ANY	3	2975	-1	0	0	
D0_RED15_START_DELAY_ANY_t3000	RED15	START_DELAY	ANY	3	3000	-1	0	0	
D0_RED15_START_DELAY_ANY_t3025	RED15	START_DELAY	ANY	3	3025	-1	0	0	
D0_RED15_START_DELAY_ANY_t3050	RED15	START_DELAY	ANY	3	3050	-1	0	0	
D0_RED15_START_DELAY_ANY_t3075	RED15	START_DELAY	ANY	3	3075	-1	0	0	
D0_RED15_START_DELAY_ANY_t3100	RED15	START_DELAY	ANY	3	3100	-1	0	0	
D0_RED15_START_DELAY_ANY_t3125	RED15	START_DELAY	ANY	3	3125	-1	0	0	
D0_RED15_START_DELAY_ANY_t3150	RED15	START_DELAY	ANY	3	3150	-1	0	0	
D0_RED15_START_DELAY_ANY_t3175	RED15	START_DELAY	ANY	3	3175	-1	0	0	
D0_RED15_START_DELAY_ANY_t3200	RED15	START_DELAY	ANY	3	3200	-1	0	0	
D0_RED15_START_DELAY_ANY_t3225	RED15	START_DELAY	ANY	3	3225	-1	0	0	
D0_RED15_START_DELAY_ANY_t3250	RED15	START_DELAY	ANY	3	3250	-1	0	0	
D0_RED15_START_DELAY_ANY_t3275	RED15	START_DELAY	ANY	3	3275	-1	0	0	
D0_RED15_START_DELAY_ANY_t3300	RED15	START_DELAY	ANY	3	3300	-1	0	0	
D0_RED15_START_DELAY_ANY_t3325	RED15	START_DELAY	ANY	3	3325	-1	0	0	
D0_RED15_START_DELAY_ANY_t3350	RED15	START_DELAY	ANY	3	3350	-1	0	0	
D0_RED15_START_DELAY_ANY_t3375	RED15	START_DELAY	ANY	3	3375	-1	0	0	
D0_RED15_START_DELAY_ANY_t3400	RED15	START_DELAY	ANY	3	3400	-1	0	0	
D0_RED15_START_DELAY_ANY_t3425	RED15	START_DELAY	ANY	3	3425	-1	0	0	
D0_RED15_START_DELAY_ANY_t3450	RED15	START_DELAY	ANY	3	3450	-1	0	0	
D0_RED15_START_DELAY_ANY_t3475	RED15	START_DELAY	ANY	3	3475	-1	0	0	
D0_RED15_START_DELAY_ANY_t3500	RED15	START_DELAY	ANY	3	3500	-1	0	0	
D0_RED15_START_DELAY_ANY_t3525	RED15	START_DELAY	ANY	3	3525	-1	0	0	
D0_RED15_START_DELAY_ANY_t3550	RED15	START_DELAY	ANY	3	3550	-1	0	0	
D0_RED15_START_DELAY_ANY_t3575	RED15	START_DELAY	ANY	3	3575	-1	0	0	
D0_RED15_START_DELAY_ANY_t3600	RED15	START_DELAY	ANY	3	3600	-1	0	0	
D0_RED15_START_DELAY_ANY_t3625	RED15	START_DELAY	ANY	3	3625	-1	0	0	
D0_RED15_START_DELAY_ANY_t3650	RED15	START_DELAY	ANY	3	3650	-1	0	0	
D0_RED15_START_DELAY_ANY_t3675	RED15	START_DELAY	ANY	3	3675	-1	0	0	
D0_RED15_START_DELAY_ANY_t3700	RED15	START_DELAY	ANY	3	3700	-1	0	0	
D0_RED15_START_DELAY_ANY_t3725	RED15	START_DELAY	ANY	3	3725	-1	0	0	
D0_RED15_START_DELAY_ANY_t3750	RED15	START_DELAY	ANY	3	3750	-1	0	0	
D0_RED15_START_DELAY_ANY_t3775	RED15	START_DELAY	ANY	3	3775	-1	0	0	
D0_RED15_START_DELAY_ANY_t3800	RED15	START_DELAY	ANY	3	3800	-1	0	0	
D0_RED15_START_DELAY_ANY_t3825	RED15	START_DELAY	ANY	3	3825	-1	0	0	
D0_RED15_START_DELAY_ANY_t3850	RED15	START_DELAY	ANY	3	3850	-1	0	0	
D0_RED15_START_DELAY_ANY_t3875	RED15	START_DELAY	ANY	3	3875	-1	0	0	
D0_RED15_START_DELAY_ANY_t3900	RED15	START_DELAY	ANY	3	3900	-1	0	0	
D0_RED15_START_DELAY_ANY_t3925	RED15	START_DELAY	ANY	3	3925	-1	0	0	
D0_RED15_START_DELAY_ANY_t3950	RED15	START_DELAY	ANY	3	3950	-1	0	0	
D0_RED15_START_DELAY_ANY_t3975	RED15	START_DELAY	ANY	3	3975	-1	0	0	
D0_RED15_START_DELAY_ANY_t4000	RED15	START_DELAY	ANY	3	4000	-1	0	0	
D0_RED15_START_DELAY_ANY_t4025	RED15	START_DELAY	ANY	3	4025	-1	0	0	
D0_RED15_START_DELAY_ANY_t4050	RED15	START_DELAY	ANY	3	4050	-1	0	0	
D0_RED15_START_DELAY_ANY_t4075	RED15	START_DELAY	ANY	3	4075	-1	0	0	
D0_RED15_START_DELAY_ANY_t4100	RED15	START_DELAY	ANY	3	4100	-1	0	0	
D0_RED15_START_DELAY_ANY_t4125	RED15	START_DELAY	ANY	3	4125	-1	0	0	
D0_RED15_START_DELAY_ANY_t4150	RED15	START_DELAY	ANY	3	4150	-1	0	0	
D0_RED15_START_DELAY_ANY_t4175	RED15	START_DELAY	ANY	3	4175	-1	0	0	
D0_RED15_START_DELAY_ANY_t4200	RED15	START_DELAY	ANY	3	4200	-1	0	0	
D0_RED15_START_DELAY_ANY_t4225	RED15	START_DELAY	ANY	3	4225	-1	0	0	
D0_RED15_START_DELAY_ANY_t4250	RED15	START_DELAY	ANY	3	4250	-1	0	0	
D0_RED15_START_DELAY_ANY_t4275	RED15	START_DELAY	ANY	3	4275	-1	0	0	
D0_RED15_START_DELAY_ANY_t4300	RED15	START_DELAY	ANY	3	4300	-1	0	0	
D0_RED15_START_DELAY_ANY_t4325	RED15	START_DELAY	ANY	3	4325	-1	0	0	
D0_RED15_START_DELAY_ANY_t4350	RED15	START_DELAY	ANY	3	4350	-1	0	0	
D0_RED15_START_DELAY_ANY_t4375	RED15	START_DELAY	ANY	3	4375	-1	0	0	
D0_RED15_START_DELAY_ANY_t4400	RED15	START_DELAY	ANY	3	4400	-1	0	0	
D0_RED15_START_DELAY_ANY_t4425	RED15	START_DELAY	ANY	3	4425	-1	0	0	
D0_RED15_START_DELAY_ANY_t4450	RED15	START_DELAY	ANY	3	4450	-1	0	0	
D0_RED15_START_DELAY_ANY_t4475	RED15	START_DELAY	ANY	3	4475	-1	0	0	
D0_RED15_START_DELAY_ANY_t4499	RED15	START_DELAY	ANY	3	4499	-1	0	0	
D0_RED15_START_DELAY_ANY_t4500	RED15	START_DELAY	ANY	3	4500	-1	0	0	
D0_RED15_START_DELAY_ANY_t4501	RED15	START_DELAY	ANY	3	4501	-1	0	0	
D0_RED15_START_DELAY_ANY_t4502	RED15	START_DELAY	ANY	3	4502	-1	0	0	
D0_RED15_START_DELAY_ANY_t4503	RED15	START_DELAY	ANY	3	4503	-1	0	0	
D0_RED15_START_DELAY_ANY_t4525	RED15	START_DELAY	ANY	3	4525	-1	0	0	
D0_RED15_START_DELAY_ANY_t4550	RED15	START_DELAY	ANY	3	4550	-1	0	0	
D0_RED15_START_DELAY_ANY_t4575	RED15	START_DELAY	ANY	3	4575	-1	0	0	
D0_RED15_START_DELAY_ANY_t4600	RED15	START_DELAY	ANY	3	4600	-1	0	0	
D0_RED15_START_DELAY_ANY_t4625	RED15	START_DELAY	ANY	3	4625	-1	0	0	
D0_RED15_START_DELAY_ANY_t4650	RED15	START_DELAY	ANY	3	4650	-1	0	0	
D0_RED15_START_DELAY_ANY_t4675	RED15	START_DELAY	ANY	3	4675	-1	0	0	
D0_RED15_START_DELAY_ANY_t4700	RED15	START_DELAY	ANY	3	4700	-1	0	0	
D0_RED15_START_DELAY_ANY_t4725	RED15	START_DELAY	ANY	3	4725	-1	0	0	
D0_RED15_START_DELAY_ANY_t4750	RED15	START_DELAY	ANY	3	4750	-1	0	0	
D0_RED15_START_DELAY_ANY_t4760	RED15	START_DELAY	ANY	3	4760	-1	0	0	
D0_RED15_START_DELAY_ANY_t4775	RED15	START_DELAY	ANY	3	4775	-1	0	0	
D0_RED15_START_DELAY_ANY_t4800	RED15	START_DELAY	ANY	3	4800	-1	0	0	
D0_RED15_START_DELAY_ANY_t4808	RED15	START_DELAY	ANY	3	4808	-1	0	0	
D0_RED15_START_DELAY_ANY_t4809	RED15	START_DELAY	ANY	3	4809	-1	0	0	
D0_RED15_START_DELAY_ANY_t4810	RED15	START_DELAY	ANY	3	4810	-1	0	0	
D0_RED15_START_DELAY_ANY_t4811	RED15	START_DELAY	ANY	3	4811	-1	0	0	
D0_RED15_START_DELAY_ANY_t4812	RED15	START_DELAY	ANY	3	4812	-1	0	0	
D0_RED15_START_DELAY_ANY_t4825	RED15	START_DELAY	ANY	3	4825	-1	0	0	
D0_RED15_START_DELAY_ANY_t4850	RED15	START_DELAY	ANY	3	4850	-1	0	0	
D0_RED15_START_DELAY_ANY_t4875	RED15	START_DELAY	ANY	3	4875	-1	0	0	
D0_RED15_START_DELAY_ANY_t4900	RED15	START_DELAY	ANY	3	4900	-1	0	0	
D0_RED15_START_DELAY_ANY_t4925	RED15	START_DELAY	ANY	3	4925	-1	0	0	
D0_RED15_START_DELAY_ANY_t4950	RED15	START_DELAY	ANY	3	4950	-1	0	0	
D0_RED15_START_DELAY_ANY_t4975	RED15	START_DELAY	ANY	3	4975	-1	0	0	
D0_RED15_START_DELAY_ANY_t4999	RED15	START_DELAY	ANY	3	4999	-1	0	0	
D0_RED15_START_DELAY_ANY_t5000	RED15	START_DELAY	ANY	4	0	-1	0	0	
D0_RED15_START_DELAY_ANY_t5001	RED15	START_DELAY	ANY	4	1	-1	0	0	
D100_RED15_START_DELAY_ANY_t0	RED15	START_DELAY	ANY	3	0	-1	0	100	
D100_RED15_START_DELAY_ANY_t1	RED15	START_DELAY	ANY	3	1	-1	0	100	
D100_RED15_START_DELAY_ANY_t2	RED15	START_DELAY	ANY	3	2	-1	0	100	
D100_RED15_START_DELAY_ANY_t25	RED15	START_DELAY	ANY	3	25	-1	0	100	
D100_RED15_START_DELAY_ANY_t50	RED15	START_DELAY	ANY	3	50	-1	0	100	
D100_RED15_START_DELAY_ANY_t75	RED15	START_DELAY	ANY	3	75	-1	0	100	
D100_RED15_START_DELAY_ANY_t100	RED15	START_DELAY	ANY	3	100	-1	0	100	
D100_RED15_START_DELAY_ANY_t125	RED15	START_DELAY	ANY	3	125	-1	0	100	
D100_RED15_START_DELAY_ANY_t150	RED15	START_DELAY	ANY	3	150	-1	0	100	
D100_RED15_START_DELAY_ANY_t160	RED15	START_DELAY	ANY	3	160	-1	0	100	
D100_RED15_START_DELAY_ANY_t161	RED15	START_DELAY	ANY	3	161	-1	0	100	
D100_RED15_START_DELAY_ANY_t162	RED15	START_DELAY	ANY	3	162	-1	0	100	
D100_RED15_START_DELAY_ANY_t175	RED15	START_DELAY	ANY	3	175	-1	0	100	
D100_RED15_START_DELAY_ANY_t200	RED15	START_DELAY	ANY	3	200	-1	0	100	
D100_RED15_START_DELAY_ANY_t225	RED15	START_DELAY	ANY	3	225	-1	0	100	
D100_RED15_START_DELAY_ANY_t248	RED15	START_DELAY	ANY	3	248	-1	0	100	
D100_RED15_START_DELAY_ANY_t249	RED15	START_DELAY	ANY	3	249	-1	0	100	
D100_RED15_START_DELAY_ANY_t250	RED15	START_DELAY	ANY	3	250	-1	0	100	
D100_RED15_START_DELAY_ANY_t266	RED15	START_DELAY	ANY	3	266	-1	0	100	
D100_RED15_START_DELAY_ANY_t275	RED15	START_DELAY	ANY	3	275	-1	0	100	
D100_RED15_START_DELAY_ANY_t283	RED15	START_DELAY	ANY	3	283	-1	0	100	
D100_RED15_START_DELAY_ANY_t284	RED15	START_DELAY	ANY	3	284	-1	0	100	
D100_RED15_START_DELAY_ANY_t285	RED15	START_DELAY	ANY	3	285	-1	0	100	
D100_RED15_START_DELAY_ANY_t300	RED15	START_DELAY	ANY	3	300	-1	0	100	
D100_RED15_START_DELAY_ANY_t309	RED15	START_DELAY	ANY	3	309	-1	0	100	
D100_RED15_START_DELAY_ANY_t310	RED15	START_DELAY	ANY	3	310	-1	0	100	
D100_RED15_START_DELAY_ANY_t311	RED15	START_DELAY	ANY	3	311	-1	0	100	
D100_RED15_START_DELAY_ANY_t325	RED15	START_DELAY	ANY	3	325	-1	0	100	
D100_RED15_START_DELAY_ANY_t350	RED15	START_DELAY	ANY	3	350	-1	0	100	
D100_RED15_START_DELAY_ANY_t375	RED15	START_DELAY	ANY	3	375	-1	0	100	
D100_RED15_START_DELAY_ANY_t385	RED15	START_DELAY	ANY	3	385	-1	0	100	
D100_RED15_START_DELAY_ANY_t400	RED15	START_DELAY	ANY	3	400	-1	0	100	
D100_RED15_START_DELAY_ANY_t425	RED15	START_DELAY	ANY	3	425	-1	0	100	
D100_RED15_START_DELAY_ANY_t443	RED15	START_DELAY	ANY	3	443	-1	0	100	
D100_RED15_START_DELAY_ANY_t444	RED15	START_DELAY	ANY	3	444	-1	0	100	
D100_RED15_START_DELAY_ANY_t445	RED15	START_DELAY	ANY	3	445	-1	0	100	
D100_RED15_START_DELAY_ANY_t450	RED15	START_DELAY	ANY	3	450	-1	0	100	
D100_RED15_START_DELAY_ANY_t475	RED15	START_DELAY	ANY	3	475	-1	0	100	
D100_RED15_START_DELAY_ANY_t477	RED15	START_DELAY	ANY	3	477	-1	0	100	
D100_RED15_START_DELAY_ANY_t478	RED15	START_DELAY	ANY	3	478	-1	0	100	
D100_RED15_START_DELAY_ANY_t479	RED15	START_DELAY	ANY	3	479	-1	0	100	
D100_RED15_START_DELAY_ANY_t500	RED15	START_DELAY	ANY	3	500	-1	0	100	
D100_RED15_START_DELAY_ANY_t525	RED15	START_DELAY	ANY	3	525	-1	0	100	
D100_RED15_START_DELAY_ANY_t550	RED15	START_DELAY	ANY	3	550	-1	0	100	
D100_RED15_START_DELAY_ANY_t575	RED15	START_DELAY	ANY	3	575	-1	0	100	
D100_RED15_START_DELAY_ANY_t600	RED15	START_DELAY	ANY	3	600	-1	0	100	
D100_RED15_START_DELAY_ANY_t625	RED15	START_DELAY	ANY	3	625	-1	0	100	
D100_RED15_START_DELAY_ANY_t650	RED15	START_DELAY	ANY	3	650	-1	0	100	
D100_RED15_START_DELAY_ANY_t675	RED15	START_DELAY	ANY	3	675	-1	0	100	
D100_RED15_START_DELAY_ANY_t700	RED15	START_DELAY	ANY	3	700	-1	0	100	
D100_RED15_START_DELAY_ANY_t725	RED15	START_DELAY	ANY	3	725	-1	0	100	
D100_RED15_START_DELAY_ANY_t750	RED15	START_DELAY	ANY	3	750	-1	0	100	
D100_RED15_START_DELAY_ANY_t775	RED15	START_DELAY	ANY	3	775	-1	0	100	
D100_RED15_START_DELAY_ANY_t800	RED15	START_DELAY	ANY	3	800	-1	0	100	
D100_RED15_START_DELAY_ANY_t825	RED15	START_DELAY	ANY	3	825	-1	0	100	
D100_RED15_START_DELAY_ANY_t850	RED15	START_DELAY	ANY	3	850	-1	0	100	
D100_RED15_START_DELAY_ANY_t875	RED15	START_DELAY	ANY	3	875	-1	0	100	
D100_RED15_START_DELAY_ANY_t900	RED15	START_DELAY	ANY	3	900	-1	0	100	
D100_RED15_START_DELAY_ANY_t925	RED15	START_DELAY	ANY	3	925	-1	0	100	
D100_RED15_START_DELAY_ANY_t950	RED15	START_DELAY	ANY	3	950	-1	0	100	
D100_RED15_START_DELAY_ANY_t975	RED15	START_DELAY	ANY	3	975	-1	0	100	
D100_RED15_START_DELAY_ANY_t1000	RED15	START_DELAY	ANY	3	1000	-1	0	100	
D100_RED15_START_DELAY_ANY_t1025	RED15	START_DELAY	ANY	3	1025	-1	0	100	
D100_RED15_START_DELAY_ANY_t1050	RED15	START_DELAY	ANY	3	1050	-1	0	100	
D100_RED15_START_DELAY_ANY_t1075	RED15	START_DELAY	ANY	3	1075	-1	0	100	
D100_RED15_START_DELAY_ANY_t1100	RED15	START_DELAY	ANY	3	1100	-1	0	100	
D100_RED15_START_DELAY_ANY_t1125	RED15	START_DELAY	ANY	3	1125	-1	0	100	
D100_RED15_START_DELAY_ANY_t1150	RED15	START_DELAY	ANY	3	1150	-1	0	100	
D100_RED15_START_DELAY_ANY_t1175	RED15	START_DELAY	ANY	3	1175	-1	0	100	
D100_RED15_START_DELAY_ANY_t1200	RED15	START_DELAY	ANY	3	1200	-1	0	100	
D100_RED15_START_DELAY_ANY_t1225	RED15	START_DELAY	ANY	3	1225	-1	0	100	
D100_RED15_START_DELAY_ANY_t1250	RED15	START_DELAY	ANY	3	1250	-1	0	100	
D100_RED15_START_DELAY_ANY_t1275	RED15	START_DELAY	ANY	3	1275	-1	0	100	
D100_RED15_START_DELAY_ANY_t1300	RED15	START_DELAY	ANY	3	1300	-1	0	100	
D100_RED15_START_DELAY_ANY_t1325	RED15	START_DELAY	ANY	3	1325	-1	0	100	
D100_RED15_START_DELAY_ANY_t1350	RED15	START_DELAY	ANY	3	1350	-1	0	100	
D100_RED15_START_DELAY_ANY_t1375	RED15	START_DELAY	ANY	3	1375	-1	0	100	
D100_RED15_START_DELAY_ANY_t1400	RED15	START_DELAY	ANY	3	1400	-1	0	100	
D100_RED15_START_DELAY_ANY_t1425	RED15	START_DELAY	ANY	3	1425	-1	0	100	
D100_RED15_START_DELAY_ANY_t1450	RED15	START_DELAY	ANY	3	1450	-1	0	100	
D100_RED15_START_DELAY_ANY_t1475	RED15	START_DELAY	ANY	3	1475	-1	0	100	
D100_RED15_START_DELAY_ANY_t1500	RED15	START_DELAY	ANY	3	1500	-1	0	100	
D100_RED15_START_DELAY_ANY_t1525	RED15	START_DELAY	ANY	3	1525	-1	0	100	
D100_RED15_START_DELAY_ANY_t1550	RED15	START_DELAY	ANY	3	1550	-1	0	100	
D100_RED15_START_DELAY_ANY_t1575	RED15	START_DELAY	ANY	3	1575	-1	0	100	
D100_RED15_START_DELAY_ANY_t1600	RED15	START_DELAY	ANY	3	1600	-1	0	100	
D100_RED15_START_DELAY_ANY_t1625	RED15	START_DELAY	ANY	3	1625	-1	0	100	
D100_RED15_START_DELAY_ANY_t1650	RED15	START_DELAY	ANY	3	1650	-1	0	100	
D100_RED15_START_DELAY_ANY_t1675	RED15	START_DELAY	ANY	3	1675	-1	0	100	
D100_RED15_START_DELAY_ANY_t1700	RED15	START_DELAY	ANY	3	1700	-1	0	100	
D100_RED15_START_DELAY_ANY_t1725	RED15	START_DELAY	ANY	3	1725	-1	0	100	
D100_RED15_START_DELAY_ANY_t1750	RED15	START_DELAY	ANY	3	1750	-1	0	100	
D100_RED15_START_DELAY_ANY_t1775	RED15	START_DELAY	ANY	3	1775	-1	0	100	
D100_RED15_START_DELAY_ANY_t1800	RED15	START_DELAY	ANY	3	1800	-1	0	100	
D100_RED15_START_DELAY_ANY_t1825	RED15	START_DELAY	ANY	3	1825	-1	0	100	
D100_RED15_START_DELAY_ANY_t1850	RED15	START_DELAY	ANY	3	1850	-1	0	100	
D100_RED15_START_DELAY_ANY_t1875	RED15	START_DELAY	ANY	3	1875	-1	0	100	
D100_RED15_START_DELAY_ANY_t1900	RED15	START_DELAY	ANY	3	1900	-1	0	100	
D100_RED15_START_DELAY_ANY_t1925	RED15	START_DELAY	ANY	3	1925	-1	0	100	
D100_RED15_START_DELAY_ANY_t1950	RED15	START_DELAY	ANY	3	1950	-1	0	100	
D100_RED15_START_DELAY_ANY_t1975	RED15	START_DELAY	ANY	3	1975	-1	0	100	
D100_RED15_START_DELAY_ANY_t2000	RED15	START_DELAY	ANY	3	2000	-1	0	100	
D100_RED15_START_DELAY_ANY_t2025	RED15	START_DELAY	ANY	3	2025	-1	0	100	
D100_RED15_START_DELAY_ANY_t2050	RED15	START_DELAY	ANY	3	2050	-1	0	100	
D100_RED15_START_DELAY_ANY_t2075	RED15	START_DELAY	ANY	3	2075	-1	0	100	
D100_RED15_START_DELAY_ANY_t2100	RED15	START_DELAY	ANY	3	2100	-1	0	100	
D100_RED15_START_DELAY_ANY_t2125	RED15	START_DELAY	ANY	3	2125	-1	0	100	
D100_RED15_START_DELAY_ANY_t2150	RED15	START_DELAY	ANY	3	2150	-1	0	100	
D100_RED15_START_DELAY_ANY_t2175	RED15	START_DELAY	ANY	3	2175	-1	0	100	
D100_RED15_START_DELAY_ANY_t2200	RED15	START_DELAY	ANY	3	2200	-1	0	100	
D100_RED15_START_DELAY_ANY_t2225	RED15	START_DELAY	ANY	3	2225	-1	0	100	
D100_RED15_START_DELAY_ANY_t2250	RED15	START_DELAY	ANY	3	2250	-1	0	100	
D100_RED15_START_DELAY_ANY_t2275	RED15	START_DELAY	ANY	3	2275	-1	0	100	
D100_RED15_START_DELAY_ANY_t2300	RED15	START_DELAY	ANY	3	2300	-1	0	100	
D100_RED15_START_DELAY_ANY_t2325	RED15	START_DELAY	ANY	3	2325	-1	0	100	
D100_RED15_START_DELAY_ANY_t2350	RED15	START_DELAY	ANY	3	2350	-1	0	100	
D100_RED15_START_DELAY_ANY_t2375	RED15	START_DELAY	ANY	3	2375	-1	0	100	
D100_RED15_START_DELAY_ANY_t2400	RED15	START_DELAY	ANY	3	2400	-1	0	100	
D100_RED15_START_DELAY_ANY_t2425	RED15	START_DELAY	ANY	3	2425	-1	0	100	
D100_RED15_START_DELAY_ANY_t2450	RED15	START_DELAY	ANY	3	2450	-1	0	100	
D100_RED15_START_DELAY_ANY_t2475	RED15	START_DELAY	ANY	3	2475	-1	0	100	
D100_RED15_START_DELAY_ANY_t2500	RED15	START_DELAY	ANY	3	2500	-1	0	100	
D100_RED15_START_DELAY_ANY_t2525	RED15	START_DELAY	ANY	3	2525	-1	0	100	
D100_RED15_START_DELAY_ANY_t2550	RED15	START_DELAY	ANY	3	2550	-1	0	100	
D100_RED15_START_DELAY_ANY_t2575	RED15	START_DELAY	ANY	3	2575	-1	0	100	
D100_RED15_START_DELAY_ANY_t2600	RED15	START_DELAY	ANY	3	2600	-1	0	100	
D100_RED15_START_DELAY_ANY_t2625	RED15	START_DELAY	ANY	3	2625	-1	0	100	
D100_RED15_START_DELAY_ANY_t2650	RED15	START_DELAY	ANY	3	2650	-1	0	100	
D100_RED15_START_DELAY_ANY_t2675	RED15	START_DELAY	ANY	3	2675	-1	0	100	
D100_RED15_START_DELAY_ANY_t2700	RED15	START_DELAY	ANY	3	2700	-1	0	100	
D100_RED15_START_DELAY_ANY_t2725	RED15	START_DELAY	ANY	3	2725	-1	0	100	
D100_RED15_START_DELAY_ANY_t2750	RED15	START_DELAY	ANY	3	2750	-1	0	100	
D100_RED15_START_DELAY_ANY_t2775	RED15	START_DELAY	ANY	3	2775	-1	0	100	
D100_RED15_START_DELAY_ANY_t2800	RED15	START_DELAY	ANY	3	2800	-1	0	100	
D100_RED15_START_DELAY_ANY_t2825	RED15	START_DELAY	ANY	3	2825	-1	0	100	
D100_RED15_START_DELAY_ANY_t2850	RED15	START_DELAY	ANY	3	2850	-1	0	100	
D100_RED15_START_DELAY_ANY_t2875	RED15	START_DELAY	ANY	3	2875	-1	0	100	
D100_RED15_START_DELAY_ANY_t2900	RED15	START_DELAY	ANY	3	2900	-1	0	100	
D100_RED15_START_DELAY_ANY_t2925	RED15	START_DELAY	ANY	3	2925	-1	0	100	
D100_RED15_START_DELAY_ANY_t2950	RED15	START_DELAY	ANY	3	2950	-1	0	100	
D100_RED15_START_DELAY_ANY_t2975	RED15	START_DELAY	ANY	3	2975	-1	0	100	
D100_RED15_START_DELAY_ANY_t3000	RED15	START_DELAY	ANY	3	3000	-1	0	100	
D100_RED15_START_DELAY_ANY_t3025	RED15	START_DELAY	ANY	3	3025	-1	0	100	
D100_RED15_START_DELAY_ANY_t3050	RED15	START_DELAY	ANY	3	3050	-1	0	100	
D100_RED15_START_DELAY_ANY_t3075	RED15	START_DELAY	ANY	3	3075	-1	0	100	
D100_RED15_START_DELAY_ANY_t3100	RED15	START_DELAY	ANY	3	3100	-1	0	100	
D100_RED15_START_DELAY_ANY_t3125	RED15	START_DELAY	ANY	3	3125	-1	0	100	
D100_RED15_START_DELAY_ANY_t3150	RED15	START_DELAY	ANY	3	3150	-1	0	100	
D100_RED15_START_DELAY_ANY_t3175	RED15	START_DELAY	ANY	3	3175	-1	0	100	
D100_RED15_START_DELAY_ANY_t3200	RED15	START_DELAY	ANY	3	3200	-1	0	100	
D100_RED15_START_DELAY_ANY_t3225	RED15	START_DELAY	ANY	3	3225	-1	0	100	
D100_RED15_START_DELAY_ANY_t3250	RED15	START_DELAY	ANY	3	3250	-1	0	100	
D100_RED15_START_DELAY_ANY_t3275	RED15	START_DELAY	ANY	3	3275	-1	0	100	
D100_RED15_START_DELAY_ANY_t3300	RED15	START_DELAY	ANY	3	3300	-1	0	100	
D100_RED15_START_DELAY_ANY_t3325	RED15	START_DELAY	ANY	3	3325	-1	0	100	
D100_RED15_START_DELAY_ANY_t3350	RED15	START_DELAY	ANY	3	3350	-1	0	100	
D100_RED15_START_DELAY_ANY_t3375	RED15	START_DELAY	ANY	3	3375	-1	0	100	
D100_RED15_START_DELAY_ANY_t3400	RED15	START_DELAY	ANY	3	3400	-1	0	100	
D100_RED15_START_DELAY_ANY_t3425	RED15	START_DELAY	ANY	3	3425	-1	0	100	
D100_RED15_START_DELAY_ANY_t3450	RED15	START_DELAY	ANY	3	3450	-1	0	100	
D100_RED15_START_DELAY_ANY_t3475	RED15	START_DELAY	ANY	3	3475	-1	0	100	
D100_RED15_START_DELAY_ANY_t3500	RED15	START_DELAY	ANY	3	3500	-1	0	100	
D100_RED15_START_DELAY_ANY_t3525	RED15	START_DELAY	ANY	3	3525	-1	0	100	
D100_RED15_START_DELAY_ANY_t3550	RED15	START_DELAY	ANY	3	3550	-1	0	100	
D100_RED15_START_DELAY_ANY_t3575	RED15	START_DELAY	ANY	3	3575	-1	0	100	
D100_RED15_START_DELAY_ANY_t3600	RED15	START_DELAY	ANY	3	3600	-1	0	100	
D100_RED15_START_DELAY_ANY_t3625	RED15	START_DELAY	ANY	3	3625	-1	0	100	
D100_RED15_START_DELAY_ANY_t3650	RED15	START_DELAY	ANY	3	3650	-1	0	100	
D100_RED15_START_DELAY_ANY_t3675	RED15	START_DELAY	ANY	3	3675	-1	0	100	
D100_RED15_START_DELAY_ANY_t3700	RED15	START_DELAY	ANY	3	3700	-1	0	100	
D100_RED15_START_DELAY_ANY_t3725	RED15	START_DELAY	ANY	3	3725	-1	0	100	
D100_RED15_START_DELAY_ANY_t3750	RED15	START_DELAY	ANY	3	3750	-1	0	100	
D100_RED15_START_DELAY_ANY_t3775	RED15	START_DELAY	ANY	3	3775	-1	0	100	
D100_RED15_START_DELAY_ANY_t3800	RED15	START_DELAY	ANY	3	3800	-1	0	100	
D100_RED15_START_DELAY_ANY_t3825	RED15	START_DELAY	ANY	3	3825	-1	0	100	
D100_RED15_START_DELAY_ANY_t3850	RED15	START_DELAY	ANY	3	3850	-1	0	100	
D100_RED15_START_DELAY_ANY_t3875	RED15	START_DELAY	ANY	3	3875	-1	0	100	
D100_RED15_START_DELAY_ANY_t3900	RED15	START_DELAY	ANY	3	3900	-1	0	100	
D100_RED15_START_DELAY_ANY_t3925	RED15	START_DELAY	ANY	3	3925	-1	0	100	
D100_RED15_START_DELAY_ANY_t3950	RED15	START_DELAY	ANY	3	3950	-1	0	100	
D100_RED15_START_DELAY_ANY_t3975	RED15	START_DELAY	ANY	3	3975	-1	0	100	
D100_RED15_START_DELAY_ANY_t4000	RED15	START_DELAY	ANY	3	4000	-1	0	100	
D100_RED15_START_DELAY_ANY_t4025	RED15	START_DELAY	ANY	3	4025	-1	0	100	
D100_RED15_START_DELAY_ANY_t4050	RED15	START_DELAY	ANY	3	4050	-1	0	100	
D100_RED15_START_DELAY_ANY_t4075	RED15	START_DELAY	ANY	3	4075	-1	0	100	
D100_RED15_START_DELAY_ANY_t4100	RED15	START_DELAY	ANY	3	4100	-1	0	100	
D100_RED15_START_DELAY_ANY_t4125	RED15	START_DELAY	ANY	3	4125	-1	0	100	
D100_RED15_START_DELAY_ANY_t4150	RED15	START_DELAY	ANY	3	4150	-1	0	100	
D100_RED15_START_DELAY_ANY_t4175	RED15	START_DELAY	ANY	3	4175	-1	0	100	
D100_RED15_START_DELAY_ANY_t4200	RED15	START_DELAY	ANY	3	4200	-1	0	100	
D100_RED15_START_DELAY_ANY_t4225	RED15	START_DELAY	ANY	3	4225	-1	0	100	
D100_RED15_START_DELAY_ANY_t4250	RED15	START_DELAY	ANY	3	4250	-1	0	100	
D100_RED15_START_DELAY_ANY_t4275	RED15	START_DELAY	ANY	3	4275	-1	0	100	
D100_RED15_START_DELAY_ANY_t4300	RED15	START_DELAY	ANY	3	4300	-1	0	100	
D100_RED15_START_DELAY_ANY_t4325	RED15	START_DELAY	ANY	3	4325	-1	0	100	
D100_RED15_START_DELAY_ANY_t4350	RED15	START_DELAY	ANY	3	4350	-1	0	100	
D100_RED15_START_DELAY_ANY_t4375	RED15	START_DELAY	ANY	3	4375	-1	0	100	
D100_RED15_START_DELAY_ANY_t4400	RED15	START_DELAY	ANY	3	4400	-1	0	100	
D100_RED15_START_DELAY_ANY_t4425	RED15	START_DELAY	ANY	3	4425	-1	0	100	
D100_RED15_START_DELAY_ANY_t4450	RED15	START_DELAY	ANY	3	4450	-1	0	100	
D100_RED15_START_DELAY_ANY_t4475	RED15	START_DELAY	ANY	3	4475	-1	0	100	
D100_RED15_START_DELAY_ANY_t4499	RED15	START_DELAY	ANY	3	4499	-1	0	100	
D100_RED15_START_DELAY_ANY_t4500	RED15	START_DELAY	ANY	3	4500	-1	0	100	
D100_RED15_START_DELAY_ANY_t4501	RED15	START_DELAY	ANY	3	4501	-1	0	100	
D100_RED15_START_DELAY_ANY_t4502	RED15	START_DELAY	ANY	3	4502	-1	0	100	
D100_RED15_START_DELAY_ANY_t4503	RED15	START_DELAY	ANY	3	4503	-1	0	100	
D100_RED15_START_DELAY_ANY_t4525	RED15	START_DELAY	ANY	3	4525	-1	0	100	
D100_RED15_START_DELAY_ANY_t4550	RED15	START_DELAY	ANY	3	4550	-1	0	100	
D100_RED15_START_DELAY_ANY_t4575	RED15	START_DELAY	ANY	3	4575	-1	0	100	
D100_RED15_START_DELAY_ANY_t4600	RED15	START_DELAY	ANY	3	4600	-1	0	100	
D100_RED15_START_DELAY_ANY_t4625	RED15	START_DELAY	ANY	3	4625	-1	0	100	
D100_RED15_START_DELAY_ANY_t4650	RED15	START_DELAY	ANY	3	4650	-1	0	100	
D100_RED15_START_DELAY_ANY_t4675	RED15	START_DELAY	ANY	3	4675	-1	0	100	
D100_RED15_START_DELAY_ANY_t4700	RED15	START_DELAY	ANY	3	4700	-1	0	100	
D100_RED15_START_DELAY_ANY_t4725	RED15	START_DELAY	ANY	3	4725	-1	0	100	
D100_RED15_START_DELAY_ANY_t4750	RED15	START_DELAY	ANY	3	4750	-1	0	100	
D100_RED15_START_DELAY_ANY_t4760	RED15	START_DELAY	ANY	3	4760	-1	0	100	
D100_RED15_START_DELAY_ANY_t4775	RED15	START_DELAY	ANY	3	4775	-1	0	100	
D100_RED15_START_DELAY_ANY_t4800	RED15	START_DELAY	ANY	3	4800	-1	0	100	
D100_RED15_START_DELAY_ANY_t4808	RED15	START_DELAY	ANY	3	4808	-1	0	100	
D100_RED15_START_DELAY_ANY_t4809	RED15	START_DELAY	ANY	3	4809	-1	0	100	
D100_RED15_START_DELAY_ANY_t4810	RED15	START_DELAY	ANY	3	4810	-1	0	100	
D100_RED15_START_DELAY_ANY_t4811	RED15	START_DELAY	ANY	3	4811	-1	0	100	
D100_RED15_START_DELAY_ANY_t4812	RED15	START_DELAY	ANY	3	4812	-1	0	100	
D100_RED15_START_DELAY_ANY_t4825	RED15	START_DELAY	ANY	3	4825	-1	0	100	
D100_RED15_START_DELAY_ANY_t4850	RED15	START_DELAY	ANY	3	4850	-1	0	100	
D100_RED15_START_DELAY_ANY_t4875	RED15	START_DELAY	ANY	3	4875	-1	0	100	
D100_RED15_START_DELAY_ANY_t4900	RED15	START_DELAY	ANY	3	4900	-1	0	100	
D100_RED15_START_DELAY_ANY_t4925	RED15	START_DELAY	ANY	3	4925	-1	0	100	
D100_RED15_START_DELAY_ANY_t4950	RED15	START_DELAY	ANY	3	4950	-1	0	100	
D100_RED15_START_DELAY_ANY_t4975	RED15	START_DELAY	ANY	3	4975	-1	0	100	
D100_RED15_START_DELAY_ANY_t4999	RED15	START_DELAY	ANY	3	4999	-1	0	100	
D100_RED15_START_DELAY_ANY_t5000	RED15	START_DELAY	ANY	4	0	-1	0	100	
D100_RED15_START_DELAY_ANY_t5001	RED15	START_DELAY	ANY	4	1	-1	0	100	
D200_RED15_START_DELAY_ANY_t0	RED15	START_DELAY	ANY	3	0	-1	0	200	
D200_RED15_START_DELAY_ANY_t1	RED15	START_DELAY	ANY	3	1	-1	0	200	
D200_RED15_START_DELAY_ANY_t2	RED15	START_DELAY	ANY	3	2	-1	0	200	
D200_RED15_START_DELAY_ANY_t25	RED15	START_DELAY	ANY	3	25	-1	0	200	
D200_RED15_START_DELAY_ANY_t50	RED15	START_DELAY	ANY	3	50	-1	0	200	
D200_RED15_START_DELAY_ANY_t75	RED15	START_DELAY	ANY	3	75	-1	0	200	
D200_RED15_START_DELAY_ANY_t100	RED15	START_DELAY	ANY	3	100	-1	0	200	
D200_RED15_START_DELAY_ANY_t125	RED15	START_DELAY	ANY	3	125	-1	0	200	
D200_RED15_START_DELAY_ANY_t150	RED15	START_DELAY	ANY	3	150	-1	0	200	
D200_RED15_START_DELAY_ANY_t160	RED15	START_DELAY	ANY	3	160	-1	0	200	
D200_RED15_START_DELAY_ANY_t161	RED15	START_DELAY	ANY	3	161	-1	0	200	
D200_RED15_START_DELAY_ANY_t162	RED15	START_DELAY	ANY	3	162	-1	0	200	
D200_RED15_START_DELAY_ANY_t175	RED15	START_DELAY	ANY	3	175	-1	0	200	
D200_RED15_START_DELAY_ANY_t200	RED15	START_DELAY	ANY	3	200	-1	0	200	
D200_RED15_START_DELAY_ANY_t225	RED15	START_DELAY	ANY	3	225	-1	0	200	
D200_RED15_START_DELAY_ANY_t248	RED15	START_DELAY	ANY	3	248	-1	0	200	
D200_RED15_START_DELAY_ANY_t249	RED15	START_DELAY	ANY	3	249	-1	0	200	
D200_RED15_START_DELAY_ANY_t250	RED15	START_DELAY	ANY	3	250	-1	0	200	
D200_RED15_START_DELAY_ANY_t266	RED15	START_DELAY	ANY	3	266	-1	0	200	
D200_RED15_START_DELAY_ANY_t275	RED15	START_DELAY	ANY	3	275	-1	0	200	
D200_RED15_START_DELAY_ANY_t283	RED15	START_DELAY	ANY	3	283	-1	0	200	
D200_RED15_START_DELAY_ANY_t284	RED15	START_DELAY	ANY	3	284	-1	0	200	
D200_RED15_START_DELAY_ANY_t285	RED15	START_DELAY	ANY	3	285	-1	0	200	
D200_RED15_START_DELAY_ANY_t300	RED15	START_DELAY	ANY	3	300	-1	0	200	
D200_RED15_START_DELAY_ANY_t309	RED15	START_DELAY	ANY	3	309	-1	0	200	
D200_RED15_START_DELAY_ANY_t310	RED15	START_DELAY	ANY	3	310	-1	0	200	
D200_RED15_START_DELAY_ANY_t311	RED15	START_DELAY	ANY	3	311	-1	0	200	
D200_RED15_START_DELAY_ANY_t325	RED15	START_DELAY	ANY	3	325	-1	0	200	
D200_RED15_START_DELAY_ANY_t350	RED15	START_DELAY	ANY	3	350	-1	0	200	
D200_RED15_START_DELAY_ANY_t375	RED15	START_DELAY	ANY	3	375	-1	0	200	
D200_RED15_START_DELAY_ANY_t385	RED15	START_DELAY	ANY	3	385	-1	0	200	
D200_RED15_START_DELAY_ANY_t400	RED15	START_DELAY	ANY	3	400	-1	0	200	
D200_RED15_START_DELAY_ANY_t425	RED15	START_DELAY	ANY	3	425	-1	0	200	
D200_RED15_START_DELAY_ANY_t443	RED15	START_DELAY	ANY	3	443	-1	0	200	
D200_RED15_START_DELAY_ANY_t444	RED15	START_DELAY	ANY	3	444	-1	0	200	
D200_RED15_START_DELAY_ANY_t445	RED15	START_DELAY	ANY	3	445	-1	0	200	
D200_RED15_START_DELAY_ANY_t450	RED15	START_DELAY	ANY	3	450	-1	0	200	
D200_RED15_START_DELAY_ANY_t475	RED15	START_DELAY	ANY	3	475	-1	0	200	
D200_RED15_START_DELAY_ANY_t477	RED15	START_DELAY	ANY	3	477	-1	0	200	
D200_RED15_START_DELAY_ANY_t478	RED15	START_DELAY	ANY	3	478	-1	0	200	
D200_RED15_START_DELAY_ANY_t479	RED15	START_DELAY	ANY	3	479	-1	0	200	
D200_RED15_START_DELAY_ANY_t500	RED15	START_DELAY	ANY	3	500	-1	0	200	
D200_RED15_START_DELAY_ANY_t525	RED15	START_DELAY	ANY	3	525	-1	0	200	
D200_RED15_START_DELAY_ANY_t550	RED15	START_DELAY	ANY	3	550	-1	0	200	
D200_RED15_START_DELAY_ANY_t575	RED15	START_DELAY	ANY	3	575	-1	0	200	
D200_RED15_START_DELAY_ANY_t600	RED15	START_DELAY	ANY	3	600	-1	0	200	
D200_RED15_START_DELAY_ANY_t625	RED15	START_DELAY	ANY	3	625	-1	0	200	
D200_RED15_START_DELAY_ANY_t650	RED15	START_DELAY	ANY	3	650	-1	0	200	
D200_RED15_START_DELAY_ANY_t675	RED15	START_DELAY	ANY	3	675	-1	0	200	
D200_RED15_START_DELAY_ANY_t700	RED15	START_DELAY	ANY	3	700	-1	0	200	
D200_RED15_START_DELAY_ANY_t725	RED15	START_DELAY	ANY	3	725	-1	0	200	
D200_RED15_START_DELAY_ANY_t750	RED15	START_DELAY	ANY	3	750	-1	0	200	
D200_RED15_START_DELAY_ANY_t775	RED15	START_DELAY	ANY	3	775	-1	0	200	
D200_RED15_START_DELAY_ANY_t800	RED15	START_DELAY	ANY	3	800	-1	0	200	
D200_RED15_START_DELAY_ANY_t825	RED15	START_DELAY	ANY	3	825	-1	0	200	
D200_RED15_START_DELAY_ANY_t850	RED15	START_DELAY	ANY	3	850	-1	0	200	
D200_RED15_START_DELAY_ANY_t875	RED15	START_DELAY	ANY	3	875	-1	0	200	
D200_RED15_START_DELAY_ANY_t900	RED15	START_DELAY	ANY	3	900	-1	0	200	
D200_RED15_START_DELAY_ANY_t925	RED15	START_DELAY	ANY	3	925	-1	0	200	
D200_RED15_START_DELAY_ANY_t950	RED15	START_DELAY	ANY	3	950	-1	0	200	
D200_RED15_START_DELAY_ANY_t975	RED15	START_DELAY	ANY	3	975	-1	0	200	
D200_RED15_START_DELAY_ANY_t1000	RED15	START_DELAY	ANY	3	1000	-1	0	200	
D200_RED15_START_DELAY_ANY_t1025	RED15	START_DELAY	ANY	3	1025	-1	0	200	
D200_RED15_START_DELAY_ANY_t1050	RED15	START_DELAY	ANY	3	1050	-1	0	200	
D200_RED15_START_DELAY_ANY_t1075	RED15	START_DELAY	ANY	3	1075	-1	0	200	
D200_RED15_START_DELAY_ANY_t1100	RED15	START_DELAY	ANY	3	1100	-1	0	200	
D200_RED15_START_DELAY_ANY_t1125	RED15	START_DELAY	ANY	3	1125	-1	0	200	
D200_RED15_START_DELAY_ANY_t1150	RED15	START_DELAY	ANY	3	1150	-1	0	200	
D200_RED15_START_DELAY_ANY_t1175	RED15	START_DELAY	ANY	3	1175	-1	0	200	
D200_RED15_START_DELAY_ANY_t1200	RED15	START_DELAY	ANY	3	1200	-1	0	200	
D200_RED15_START_DELAY_ANY_t1225	RED15	START_DELAY	ANY	3	1225	-1	0	200	
D200_RED15_START_DELAY_ANY_t1250	RED15	START_DELAY	ANY	3	1250	-1	0	200	
D200_RED15_START_DELAY_ANY_t1275	RED15	START_DELAY	ANY	3	1275	-1	0	200	
D200_RED15_START_DELAY_ANY_t1300	RED15	START_DELAY	ANY	3	1300	-1	0	200	
D200_RED15_START_DELAY_ANY_t1325	RED15	START_DELAY	ANY	3	1325	-1	0	200	
D200_RED15_START_DELAY_ANY_t1350	RED15	START_DELAY	ANY	3	1350	-1	0	200	
D200_RED15_START_DELAY_ANY_t1375	RED15	START_DELAY	ANY	3	1375	-1	0	200	
D200_RED15_START_DELAY_ANY_t1400	RED15	START_DELAY	ANY	3	1400	-1	0	200	
D200_RED15_START_DELAY_ANY_t1425	RED15	START_DELAY	ANY	3	1425	-1	0	200	
D200_RED15_START_DELAY_ANY_t1450	RED15	START_DELAY	ANY	3	1450	-1	0	200	
D200_RED15_START_DELAY_ANY_t1475	RED15	START_DELAY	ANY	3	1475	-1	0	200	
D200_RED15_START_DELAY_ANY_t1500	RED15	START_DELAY	ANY	3	1500	-1	0	200	
D200_RED15_START_DELAY_ANY_t1525	RED15	START_DELAY	ANY	3	1525	-1	0	200	
D200_RED15_START_DELAY_ANY_t1550	RED15	START_DELAY	ANY	3	1550	-1	0	200	
D200_RED15_START_DELAY_ANY_t1575	RED15	START_DELAY	ANY	3	1575	-1	0	200	
D200_RED15_START_DELAY_ANY_t1600	RED15	START_DELAY	ANY	3	1600	-1	0	200	
D200_RED15_START_DELAY_ANY_t1625	RED15	START_DELAY	ANY	3	1625	-1	0	200	
D200_RED15_START_DELAY_ANY_t1650	RED15	START_DELAY	ANY	3	1650	-1	0	200	
D200_RED15_START_DELAY_ANY_t1675	RED15	START_DELAY	ANY	3	1675	-1	0	200	
D200_RED15_START_DELAY_ANY_t1700	RED15	START_DELAY	ANY	3	1700	-1	0	200	
D200_RED15_START_DELAY_ANY_t1725	RED15	START_DELAY	ANY	3	1725	-1	0	200	
D200_RED15_START_DELAY_ANY_t1750	RED15	START_DELAY	ANY	3	1750	-1	0	200	
D200_RED15_START_DELAY_ANY_t1775	RED15	START_DELAY	ANY	3	1775	-1	0	200	
D200_RED15_START_DELAY_ANY_t1800	RED15	START_DELAY	ANY	3	1800	-1	0	200	
D200_RED15_START_DELAY_ANY_t1825	RED15	START_DELAY	ANY	3	1825	-1	0	200	
D200_RED15_START_DELAY_ANY_t1850	RED15	START_DELAY	ANY	3	1850	-1	0	200	
D200_RED15_START_DELAY_ANY_t1875	RED15	START_DELAY	ANY	3	1875	-1	0	200	
D200_RED15_START_DELAY_ANY_t1900	RED15	START_DELAY	ANY	3	1900	-1	0	200	
D200_RED15_START_DELAY_ANY_t1925	RED15	START_DELAY	ANY	3	1925	-1	0	200	
D200_RED15_START_DELAY_ANY_t1950	RED15	START_DELAY	ANY	3	1950	-1	0	200	
D200_RED15_START_DELAY_ANY_t1975	RED15	START_DELAY	ANY	3	1975	-1	0	200	
D200_RED15_START_DELAY_ANY_t2000	RED15	START_DELAY	ANY	3	2000	-1	0	200	
D200_RED15_START_DELAY_ANY_t2025	RED15	START_DELAY	ANY	3	2025	-1	0	200	
D200_RED15_START_DELAY_ANY_t2050	RED15	START_DELAY	ANY	3	2050	-1	0	200	
D200_RED15_START_DELAY_ANY_t2075	RED15	START_DELAY	ANY	3	2075	-1	0	200	
D200_RED15_START_DELAY_ANY_t2100	RED15	START_DELAY	ANY	3	2100	-1	0	200	
D200_RED15_START_DELAY_ANY_t2125	RED15	START_DELAY	ANY	3	2125	-1	0	200	
D200_RED15_START_DELAY_ANY_t2150	RED15	START_DELAY	ANY	3	2150	-1	0	200	
D200_RED15_START_DELAY_ANY_t2175	RED15	START_DELAY	ANY	3	2175	-1	0	200	
D200_RED15_START_DELAY_ANY_t2200	RED15	START_DELAY	ANY	3	2200	-1	0	200	
D200_RED15_START_DELAY_ANY_t2225	RED15	START_DELAY	ANY	3	2225	-1	0	200	
D200_RED15_START_DELAY_ANY_t2250	RED15	START_DELAY	ANY	3	2250	-1	0	200	
D200_RED15_START_DELAY_ANY_t2275	RED15	START_DELAY	ANY	3	2275	-1	0	200	
D200_RED15_START_DELAY_ANY_t2300	RED15	START_DELAY	ANY	3	2300	-1	0	200	
D200_RED15_START_DELAY_ANY_t2325	RED15	START_DELAY	ANY	3	2325	-1	0	200	
D200_RED15_START_DELAY_ANY_t2350	RED15	START_DELAY	ANY	3	2350	-1	0	200	
D200_RED15_START_DELAY_ANY_t2375	RED15	START_DELAY	ANY	3	2375	-1	0	200	
D200_RED15_START_DELAY_ANY_t2400	RED15	START_DELAY	ANY	3	2400	-1	0	200	
D200_RED15_START_DELAY_ANY_t2425	RED15	START_DELAY	ANY	3	2425	-1	0	200	
D200_RED15_START_DELAY_ANY_t2450	RED15	START_DELAY	ANY	3	2450	-1	0	200	
D200_RED15_START_DELAY_ANY_t2475	RED15	START_DELAY	ANY	3	2475	-1	0	200	
D200_RED15_START_DELAY_ANY_t2500	RED15	START_DELAY	ANY	3	2500	-1	0	200	
D200_RED15_START_DELAY_ANY_t2525	RED15	START_DELAY	ANY	3	2525	-1	0	200	
D200_RED15_START_DELAY_ANY_t2550	RED15	START_DELAY	ANY	3	2550	-1	0	200	
D200_RED15_START_DELAY_ANY_t2575	RED15	START_DELAY	ANY	3	2575	-1	0	200	
D200_RED15_START_DELAY_ANY_t2600	RED15	START_DELAY	ANY	3	2600	-1	0	200	
D200_RED15_START_DELAY_ANY_t2625	RED15	START_DELAY	ANY	3	2625	-1	0	200	
D200_RED15_START_DELAY_ANY_t2650	RED15	START_DELAY	ANY	3	2650	-1	0	200	
D200_RED15_START_DELAY_ANY_t2675	RED15	START_DELAY	ANY	3	2675	-1	0	200	
D200_RED15_START_DELAY_ANY_t2700	RED15	START_DELAY	ANY	3	2700	-1	0	200	
D200_RED15_START_DELAY_ANY_t2725	RED15	START_DELAY	ANY	3	2725	-1	0	200	
D200_RED15_START_DELAY_ANY_t2750	RED15	START_DELAY	ANY	3	2750	-1	0	200	
D200_RED15_START_DELAY_ANY_t2775	RED15	START_DELAY	ANY	3	2775	-1	0	200	
D200_RED15_START_DELAY_ANY_t2800	RED15	START_DELAY	ANY	3	2800	-1	0	200	
D200_RED15_START_DELAY_ANY_t2825	RED15	START_DELAY	ANY	3	2825	-1	0	200	
D200_RED15_START_DELAY_ANY_t2850	RED15	START_DELAY	ANY	3	2850	-1	0	200	
D200_RED15_START_DELAY_ANY_t2875	RED15	START_DELAY	ANY	3	2875	-1	0	200	
D200_RED15_START_DELAY_ANY_t2900	RED15	START_DELAY	ANY	3	2900	-1	0	200	
D200_RED15_START_DELAY_ANY_t2925	RED15	START_DELAY	ANY	3	2925	-1	0	200	
D200_RED15_START_DELAY_ANY_t2950	RED15	START_DELAY	ANY	3	2950	-1	0	200	
D200_RED15_START_DELAY_ANY_t2975	RED15	START_DELAY	ANY	3	2975	-1	0	200	
D200_RED15_START_DELAY_ANY_t3000	RED15	START_DELAY	ANY	3	3000	-1	0	200	
D200_RED15_START_DELAY_ANY_t3025	RED15	START_DELAY	ANY	3	3025	-1	0	200	
D200_RED15_START_DELAY_ANY_t3050	RED15	START_DELAY	ANY	3	3050	-1	0	200	
D200_RED15_START_DELAY_ANY_t3075	RED15	START_DELAY	ANY	3	3075	-1	0	200	
D200_RED15_START_DELAY_ANY_t3100	RED15	START_DELAY	ANY	3	3100	-1	0	200	
D200_RED15_START_DELAY_ANY_t3125	RED15	START_DELAY	ANY	3	3125	-1	0	200	
D200_RED15_START_DELAY_ANY_t3150	RED15	START_DELAY	ANY	3	3150	-1	0	200	
D200_RED15_START_DELAY_ANY_t3175	RED15	START_DELAY	ANY	3	3175	-1	0	200	
D200_RED15_START_DELAY_ANY_t3200	RED15	START_DELAY	ANY	3	3200	-1	0	200	
D200_RED15_START_DELAY_ANY_t3225	RED15	START_DELAY	ANY	3	3225	-1	0	200	
D200_RED15_START_DELAY_ANY_t3250	RED15	START_DELAY	ANY	3	3250	-1	0	200	
D200_RED15_START_DELAY_ANY_t3275	RED15	START_DELAY	ANY	3	3275	-1	0	200	
D200_RED15_START_DELAY_ANY_t3300	RED15	START_DELAY	ANY	3	3300	-1	0	200	
D200_RED15_START_DELAY_ANY_t3325	RED15	START_DELAY	ANY	3	3325	-1	0	200	
D200_RED15_START_DELAY_ANY_t3350	RED15	START_DELAY	ANY	3	3350	-1	0	200	
D200_RED15_START_DELAY_ANY_t3375	RED15	START_DELAY	ANY	3	3375	-1	0	200	
D200_RED15_START_DELAY_ANY_t3400	RED15	START_DELAY	ANY	3	3400	-1	0	200	
D200_RED15_START_DELAY_ANY_t3425	RED15	START_DELAY	ANY	3	3425	-1	0	200	
D200_RED15_START_DELAY_ANY_t3450	RED15	START_DELAY	ANY	3	3450	-1	0	200	
D200_RED15_START_DELAY_ANY_t3475	RED15	START_DELAY	ANY	3	3475	-1	0	200	
D200_RED15_START_DELAY_ANY_t3500	RED15	START_DELAY	ANY	3	3500	-1	0	200	
D200_RED15_START_DELAY_ANY_t3525	RED15	START_DELAY	ANY	3	3525	-1	0	200	
D200_RED15_START_DELAY_ANY_t3550	RED15	START_DELAY	ANY	3	3550	-1	0	200	
D200_RED15_START_DELAY_ANY_t3575	RED15	START_DELAY	ANY	3	3575	-1	0	200	
D200_RED15_START_DELAY_ANY_t3600	RED15	START_DELAY	ANY	3	3600	-1	0	200	
D200_RED15_START_DELAY_ANY_t3625	RED15	START_DELAY	ANY	3	3625	-1	0	200	
D200_RED15_START_DELAY_ANY_t3650	RED15	START_DELAY	ANY	3	3650	-1	0	200	
D200_RED15_START_DELAY_ANY_t3675	RED15	START_DELAY	ANY	3	3675	-1	0	200	
D200_RED15_START_DELAY_ANY_t3700	RED15	START_DELAY	ANY	3	3700	-1	0	200	
D200_RED15_START_DELAY_ANY_t3725	RED15	START_DELAY	ANY	3	3725	-1	0	200	
D200_RED15_START_DELAY_ANY_t3750	RED15	START_DELAY	ANY	3	3750	-1	0	200	
D200_RED15_START_DELAY_ANY_t3775	RED15	START_DELAY	ANY	3	3775	-1	0	200	
D200_RED15_START_DELAY_ANY_t3800	RED15	START_DELAY	ANY	3	3800	-1	0	200	
D200_RED15_START_DELAY_ANY_t3825	RED15	START_DELAY	ANY	3	3825	-1	0	200	
D200_RED15_START_DELAY_ANY_t3850	RED15	START_DELAY	ANY	3	3850	-1	0	200	
D200_RED15_START_DELAY_ANY_t3875	RED15	START_DELAY	ANY	3	3875	-1	0	200	
D200_RED15_START_DELAY_ANY_t3900	RED15	START_DELAY	ANY	3	3900	-1	0	200	
D200_RED15_START_DELAY_ANY_t3925	RED15	START_DELAY	ANY	3	3925	-1	0	200	
D200_RED15_START_DELAY_ANY_t3950	RED15	START_DELAY	ANY	3	3950	-1	0	200	
D200_RED15_START_DELAY_ANY_t3975	RED15	START_DELAY	ANY	3	3975	-1	0	200	
D200_RED15_START_DELAY_ANY_t4000	RED15	START_DELAY	ANY	3	4000	-1	0	200	
D200_RED15_START_DELAY_ANY_t4025	RED15	START_DELAY	ANY	3	4025	-1	0	200	
D200_RED15_START_DELAY_ANY_t4050	RED15	START_DELAY	ANY	3	4050	-1	0	200	
D200_RED15_START_DELAY_ANY_t4075	RED15	START_DELAY	ANY	3	4075	-1	0	200	
D200_RED15_START_DELAY_ANY_t4100	RED15	START_DELAY	ANY	3	4100	-1	0	200	
D200_RED15_START_DELAY_ANY_t4125	RED15	START_DELAY	ANY	3	4125	-1	0	200	
D200_RED15_START_DELAY_ANY_t4150	RED15	START_DELAY	ANY	3	4150	-1	0	200	
D200_RED15_START_DELAY_ANY_t4175	RED15	START_DELAY	ANY	3	4175	-1	0	200	
D200_RED15_START_DELAY_ANY_t4200	RED15	START_DELAY	ANY	3	4200	-1	0	200	
D200_RED15_START_DELAY_ANY_t4225	RED15	START_DELAY	ANY	3	4225	-1	0	200	
D200_RED15_START_DELAY_ANY_t4250	RED15	START_DELAY	ANY	3	4250	-1	0	200	
D200_RED15_START_DELAY_ANY_t4275	RED15	START_DELAY	ANY	3	4275	-1	0	200	
D200_RED15_START_DELAY_ANY_t4300	RED15	START_DELAY	ANY	3	4300	-1	0	200	
D200_RED15_START_DELAY_ANY_t4325	RED15	START_DELAY	ANY	3	4325	-1	0	200	
D200_RED15_START_DELAY_ANY_t4350	RED15	START_DELAY	ANY	3	4350	-1	0	200	
D200_RED15_START_DELAY_ANY_t4375	RED15	START_DELAY	ANY	3	4375	-1	0	200	
D200_RED15_START_DELAY_ANY_t4400	RED15	START_DELAY	ANY	3	4400	-1	0	200	
D200_RED15_START_DELAY_ANY_t4425	RED15	START_DELAY	ANY	3	4425	-1	0	200	
D200_RED15_START_DELAY_ANY_t4450	RED15	START_DELAY	ANY	3	4450	-1	0	200	
D200_RED15_START_DELAY_ANY_t4475	RED15	START_DELAY	ANY	3	4475	-1	0	200	
D200_RED15_START_DELAY_ANY_t4499	RED15	START_DELAY	ANY	3	4499	-1	0	200	
D200_RED15_START_DELAY_ANY_t4500	RED15	START_DELAY	ANY	3	4500	-1	0	200	
D200_RED15_START_DELAY_ANY_t4501	RED15	START_DELAY	ANY	3	4501	-1	0	200	
D200_RED15_START_DELAY_ANY_t4502	RED15	START_DELAY	ANY	3	4502	-1	0	200	
D200_RED15_START_DELAY_ANY_t4503	RED15	START_DELAY	ANY	3	4503	-1	0	200	
D200_RED15_START_DELAY_ANY_t4525	RED15	START_DELAY	ANY	3	4525	-1	0	200	
D200_RED15_START_DELAY_ANY_t4550	RED15	START_DELAY	ANY	3	4550	-1	0	200	
D200_RED15_START_DELAY_ANY_t4575	RED15	START_DELAY	ANY	3	4575	-1	0	200	
D200_RED15_START_DELAY_ANY_t4600	RED15	START_DELAY	ANY	3	4600	-1	0	200	
D200_RED15_START_DELAY_ANY_t4625	RED15	START_DELAY	ANY	3	4625	-1	0	200	
D200_RED15_START_DELAY_ANY_t4650	RED15	START_DELAY	ANY	3	4650	-1	0	200	
D200_RED15_START_DELAY_ANY_t4675	RED15	START_DELAY	ANY	3	4675	-1	0	200	
D200_RED15_START_DELAY_ANY_t4700	RED15	START_DELAY	ANY	3	4700	-1	0	200	
D200_RED15_START_DELAY_ANY_t4725	RED15	START_DELAY	ANY	3	4725	-1	0	200	
D200_RED15_START_DELAY_ANY_t4750	RED15	START_DELAY	ANY	3	4750	-1	0	200	
D200_RED15_START_DELAY_ANY_t4760	RED15	START_DELAY	ANY	3	4760	-1	0	200	
D200_RED15_START_DELAY_ANY_t4775	RED15	START_DELAY	ANY	3	4775	-1	0	200	
D200_RED15_START_DELAY_ANY_t4800	RED15	START_DELAY	ANY	3	4800	-1	0	200	
D200_RED15_START_DELAY_ANY_t4808	RED15	START_DELAY	ANY	3	4808	-1	0	200	
D200_RED15_START_DELAY_ANY_t4809	RED15	START_DELAY	ANY	3	4809	-1	0	200	
D200_RED15_START_DELAY_ANY_t4810	RED15	START_DELAY	ANY	3	4810	-1	0	200	
D200_RED15_START_DELAY_ANY_t4811	RED15	START_DELAY	ANY	3	4811	-1	0	200	
D200_RED15_START_DELAY_ANY_t4812	RED15	START_DELAY	ANY	3	4812	-1	0	200	
D200_RED15_START_DELAY_ANY_t4825	RED15	START_DELAY	ANY	3	4825	-1	0	200	
D200_RED15_START_DELAY_ANY_t4850	RED15	START_DELAY	ANY	3	4850	-1	0	200	
D200_RED15_START_DELAY_ANY_t4875	RED15	START_DELAY	ANY	3	4875	-1	0	200	
D200_RED15_START_DELAY_ANY_t4900	RED15	START_DELAY	ANY	3	4900	-1	0	200	
D200_RED15_START_DELAY_ANY_t4925	RED15	START_DELAY	ANY	3	4925	-1	0	200	
D200_RED15_START_DELAY_ANY_t4950	RED15	START_DELAY	ANY	3	4950	-1	0	200	
D200_RED15_START_DELAY_ANY_t4975	RED15	START_DELAY	ANY	3	4975	-1	0	200	
D200_RED15_START_DELAY_ANY_t4999	RED15	START_DELAY	ANY	3	4999	-1	0	200	
D200_RED15_START_DELAY_ANY_t5000	RED15	START_DELAY	ANY	4	0	-1	0	200	
D200_RED15_START_DELAY_ANY_t5001	RED15	START_DELAY	ANY	4	1	-1	0	200	
D400_RED15_START_DELAY_ANY_t0	RED15	START_DELAY	ANY	3	0	-1	0	400	
D400_RED15_START_DELAY_ANY_t1	RED15	START_DELAY	ANY	3	1	-1	0	400	
D400_RED15_START_DELAY_ANY_t2	RED15	START_DELAY	ANY	3	2	-1	0	400	
D400_RED15_START_DELAY_ANY_t25	RED15	START_DELAY	ANY	3	25	-1	0	400	
D400_RED15_START_DELAY_ANY_t50	RED15	START_DELAY	ANY	3	50	-1	0	400	
D400_RED15_START_DELAY_ANY_t75	RED15	START_DELAY	ANY	3	75	-1	0	400	
D400_RED15_START_DELAY_ANY_t100	RED15	START_DELAY	ANY	3	100	-1	0	400	
D400_RED15_START_DELAY_ANY_t125	RED15	START_DELAY	ANY	3	125	-1	0	400	
D400_RED15_START_DELAY_ANY_t150	RED15	START_DELAY	ANY	3	150	-1	0	400	
D400_RED15_START_DELAY_ANY_t160	RED15	START_DELAY	ANY	3	160	-1	0	400	
D400_RED15_START_DELAY_ANY_t161	RED15	START_DELAY	ANY	3	161	-1	0	400	
D400_RED15_START_DELAY_ANY_t162	RED15	START_DELAY	ANY	3	162	-1	0	400	
D400_RED15_START_DELAY_ANY_t175	RED15	START_DELAY	ANY	3	175	-1	0	400	
D400_RED15_START_DELAY_ANY_t200	RED15	START_DELAY	ANY	3	200	-1	0	400	
D400_RED15_START_DELAY_ANY_t225	RED15	START_DELAY	ANY	3	225	-1	0	400	
D400_RED15_START_DELAY_ANY_t248	RED15	START_DELAY	ANY	3	248	-1	0	400	
D400_RED15_START_DELAY_ANY_t249	RED15	START_DELAY	ANY	3	249	-1	0	400	
D400_RED15_START_DELAY_ANY_t250	RED15	START_DELAY	ANY	3	250	-1	0	400	
D400_RED15_START_DELAY_ANY_t266	RED15	START_DELAY	ANY	3	266	-1	0	400	
D400_RED15_START_DELAY_ANY_t275	RED15	START_DELAY	ANY	3	275	-1	0	400	
D400_RED15_START_DELAY_ANY_t283	RED15	START_DELAY	ANY	3	283	-1	0	400	
D400_RED15_START_DELAY_ANY_t284	RED15	START_DELAY	ANY	3	284	-1	0	400	
D400_RED15_START_DELAY_ANY_t285	RED15	START_DELAY	ANY	3	285	-1	0	400	
D400_RED15_START_DELAY_ANY_t300	RED15	START_DELAY	ANY	3	300	-1	0	400	
D400_RED15_START_DELAY_ANY_t309	RED15	START_DELAY	ANY	3	309	-1	0	400	
D400_RED15_START_DELAY_ANY_t310	RED15	START_DELAY	ANY	3	310	-1	0	400	
D400_RED15_START_DELAY_ANY_t311	RED15	START_DELAY	ANY	3	311	-1	0	400	
D400_RED15_START_DELAY_ANY_t325	RED15	START_DELAY	ANY	3	325	-1	0	400	
D400_RED15_START_DELAY_ANY_t350	RED15	START_DELAY	ANY	3	350	-1	0	400	
D400_RED15_START_DELAY_ANY_t375	RED15	START_DELAY	ANY	3	375	-1	0	400	
D400_RED15_START_DELAY_ANY_t385	RED15	START_DELAY	ANY	3	385	-1	0	400	
D400_RED15_START_DELAY_ANY_t400	RED15	START_DELAY	ANY	3	400	-1	0	400	
D400_RED15_START_DELAY_ANY_t425	RED15	START_DELAY	ANY	3	425	-1	0	400	
D400_RED15_START_DELAY_ANY_t443	RED15	START_DELAY	ANY	3	443	-1	0	400	
D400_RED15_START_DELAY_ANY_t444	RED15	START_DELAY	ANY	3	444	-1	0	400	
D400_RED15_START_DELAY_ANY_t445	RED15	START_DELAY	ANY	3	445	-1	0	400	
D400_RED15_START_DELAY_ANY_t450	RED15	START_DELAY	ANY	3	450	-1	0	400	
D400_RED15_START_DELAY_ANY_t475	RED15	START_DELAY	ANY	3	475	-1	0	400	
D400_RED15_START_DELAY_ANY_t477	RED15	START_DELAY	ANY	3	477	-1	0	400	
D400_RED15_START_DELAY_ANY_t478	RED15	START_DELAY	ANY	3	478	-1	0	400	
D400_RED15_START_DELAY_ANY_t479	RED15	START_DELAY	ANY	3	479	-1	0	400	
D400_RED15_START_DELAY_ANY_t500	RED15	START_DELAY	ANY	3	500	-1	0	400	
D400_RED15_START_DELAY_ANY_t525	RED15	START_DELAY	ANY	3	525	-1	0	400	
D400_RED15_START_DELAY_ANY_t550	RED15	START_DELAY	ANY	3	550	-1	0	400	
D400_RED15_START_DELAY_ANY_t575	RED15	START_DELAY	ANY	3	575	-1	0	400	
D400_RED15_START_DELAY_ANY_t600	RED15	START_DELAY	ANY	3	600	-1	0	400	
D400_RED15_START_DELAY_ANY_t625	RED15	START_DELAY	ANY	3	625	-1	0	400	
D400_RED15_START_DELAY_ANY_t650	RED15	START_DELAY	ANY	3	650	-1	0	400	
D400_RED15_START_DELAY_ANY_t675	RED15	START_DELAY	ANY	3	675	-1	0	400	
D400_RED15_START_DELAY_ANY_t700	RED15	START_DELAY	ANY	3	700	-1	0	400	
D400_RED15_START_DELAY_ANY_t725	RED15	START_DELAY	ANY	3	725	-1	0	400	
D400_RED15_START_DELAY_ANY_t750	RED15	START_DELAY	ANY	3	750	-1	0	400	
D400_RED15_START_DELAY_ANY_t775	RED15	START_DELAY	ANY	3	775	-1	0	400	
D400_RED15_START_DELAY_ANY_t800	RED15	START_DELAY	ANY	3	800	-1	0	400	
D400_RED15_START_DELAY_ANY_t825	RED15	START_DELAY	ANY	3	825	-1	0	400	
D400_RED15_START_DELAY_ANY_t850	RED15	START_DELAY	ANY	3	850	-1	0	400	
D400_RED15_START_DELAY_ANY_t875	RED15	START_DELAY	ANY	3	875	-1	0	400	
D400_RED15_START_DELAY_ANY_t900	RED15	START_DELAY	ANY	3	900	-1	0	400	
D400_RED15_START_DELAY_ANY_t925	RED15	START_DELAY	ANY	3	925	-1	0	400	
D400_RED15_START_DELAY_ANY_t950	RED15	START_DELAY	ANY	3	950	-1	0	400	
D400_RED15_START_DELAY_ANY_t975	RED15	START_DELAY	ANY	3	975	-1	0	400	
D400_RED15_START_DELAY_ANY_t1000	RED15	START_DELAY	ANY	3	1000	-1	0	400	
D400_RED15_START_DELAY_ANY_t1025	RED15	START_DELAY	ANY	3	1025	-1	0	400	
D400_RED15_START_DELAY_ANY_t1050	RED15	START_DELAY	ANY	3	1050	-1	0	400	
D400_RED15_START_DELAY_ANY_t1075	RED15	START_DELAY	ANY	3	1075	-1	0	400	
D400_RED15_START_DELAY_ANY_t1100	RED15	START_DELAY	ANY	3	1100	-1	0	400	
D400_RED15_START_DELAY_ANY_t1125	RED15	START_DELAY	ANY	3	1125	-1	0	400	
D400_RED15_START_DELAY_ANY_t1150	RED15	START_DELAY	ANY	3	1150	-1	0	400	
D400_RED15_START_DELAY_ANY_t1175	RED15	START_DELAY	ANY	3	1175	-1	0	400	
D400_RED15_START_DELAY_ANY_t1200	RED15	START_DELAY	ANY	3	1200	-1	0	400	
D400_RED15_START_DELAY_ANY_t1225	RED15	START_DELAY	ANY	3	1225	-1	0	400	
D400_RED15_START_DELAY_ANY_t1250	RED15	START_DELAY	ANY	3	1250	-1	0	400	
D400_RED15_START_DELAY_ANY_t1275	RED15	START_DELAY	ANY	3	1275	-1	0	400	
D400_RED15_START_DELAY_ANY_t1300	RED15	START_DELAY	ANY	3	1300	-1	0	400	
D400_RED15_START_DELAY_ANY_t1325	RED15	START_DELAY	ANY	3	1325	-1	0	400	
D400_RED15_START_DELAY_ANY_t1350	RED15	START_DELAY	ANY	3	1350	-1	0	400	
D400_RED15_START_DELAY_ANY_t1375	RED15	START_DELAY	ANY	3	1375	-1	0	400	
D400_RED15_START_DELAY_ANY_t1400	RED15	START_DELAY	ANY	3	1400	-1	0	400	
D400_RED15_START_DELAY_ANY_t1425	RED15	START_DELAY	ANY	3	1425	-1	0	400	
D400_RED15_START_DELAY_ANY_t1450	RED15	START_DELAY	ANY	3	1450	-1	0	400	
D400_RED15_START_DELAY_ANY_t1475	RED15	START_DELAY	ANY	3	1475	-1	0	400	
D400_RED15_START_DELAY_ANY_t1500	RED15	START_DELAY	ANY	3	1500	-1	0	400	
D400_RED15_START_DELAY_ANY_t1525	RED15	START_DELAY	ANY	3	1525	-1	0	400	
D400_RED15_START_DELAY_ANY_t1550	RED15	START_DELAY	ANY	3	1550	-1	0	400	
D400_RED15_START_DELAY_ANY_t1575	RED15	START_DELAY	ANY	3	1575	-1	0	400	
D400_RED15_START_DELAY_ANY_t1600	RED15	START_DELAY	ANY	3	1600	-1	0	400	
D400_RED15_START_DELAY_ANY_t1625	RED15	START_DELAY	ANY	3	1625	-1	0	400	
D400_RED15_START_DELAY_ANY_t1650	RED15	START_DELAY	ANY	3	1650	-1	0	400	
D400_RED15_START_DELAY_ANY_t1675	RED15	START_DELAY	ANY	3	1675	-1	0	400	
D400_RED15_START_DELAY_ANY_t1700	RED15	START_DELAY	ANY	3	1700	-1	0	400	
D400_RED15_START_DELAY_ANY_t1725	RED15	START_DELAY	ANY	3	1725	-1	0	400	
D400_RED15_START_DELAY_ANY_t1750	RED15	START_DELAY	ANY	3	1750	-1	0	400	
D400_RED15_START_DELAY_ANY_t1775	RED15	START_DELAY	ANY	3	1775	-1	0	400	
D400_RED15_START_DELAY_ANY_t1800	RED15	START_DELAY	ANY	3	1800	-1	0	400	
D400_RED15_START_DELAY_ANY_t1825	RED15	START_DELAY	ANY	3	1825	-1	0	400	
D400_RED15_START_DELAY_ANY_t1850	RED15	START_DELAY	ANY	3	1850	-1	0	400	
D400_RED15_START_DELAY_ANY_t1875	RED15	START_DELAY	ANY	3	1875	-1	0	400	
D400_RED15_START_DELAY_ANY_t1900	RED15	START_DELAY	ANY	3	1900	-1	0	400	
D400_RED15_START_DELAY_ANY_t1925	RED15	START_DELAY	ANY	3	1925	-1	0	400	
D400_RED15_START_DELAY_ANY_t1950	RED15	START_DELAY	ANY	3	1950	-1	0	400	
D400_RED15_START_DELAY_ANY_t1975	RED15	START_DELAY	ANY	3	1975	-1	0	400	
D400_RED15_START_DELAY_ANY_t2000	RED15	START_DELAY	ANY	3	2000	-1	0	400	
D400_RED15_START_DELAY_ANY_t2025	RED15	START_DELAY	ANY	3	2025	-1	0	400	
D400_RED15_START_DELAY_ANY_t2050	RED15	START_DELAY	ANY	3	2050	-1	0	400	
D400_RED15_START_DELAY_ANY_t2075	RED15	START_DELAY	ANY	3	2075	-1	0	400	
D400_RED15_START_DELAY_ANY_t2100	RED15	START_DELAY	ANY	3	2100	-1	0	400	
D400_RED15_START_DELAY_ANY_t2125	RED15	START_DELAY	ANY	3	2125	-1	0	400	
D400_RED15_START_DELAY_ANY_t2150	RED15	START_DELAY	ANY	3	2150	-1	0	400	
D400_RED15_START_DELAY_ANY_t2175	RED15	START_DELAY	ANY	3	2175	-1	0	400	
D400_RED15_START_DELAY_ANY_t2200	RED15	START_DELAY	ANY	3	2200	-1	0	400	
D400_RED15_START_DELAY_ANY_t2225	RED15	START_DELAY	ANY	3	2225	-1	0	400	
D400_RED15_START_DELAY_ANY_t2250	RED15	START_DELAY	ANY	3	2250	-1	0	400	
D400_RED15_START_DELAY_ANY_t2275	RED15	START_DELAY	ANY	3	2275	-1	0	400	
D400_RED15_START_DELAY_ANY_t2300	RED15	START_DELAY	ANY	3	2300	-1	0	400	
D400_RED15_START_DELAY_ANY_t2325	RED15	START_DELAY	ANY	3	2325	-1	0	400	
D400_RED15_START_DELAY_ANY_t2350	RED15	START_DELAY	ANY	3	2350	-1	0	400	
D400_RED15_START_DELAY_ANY_t2375	RED15	START_DELAY	ANY	3	2375	-1	0	400	
D400_RED15_START_DELAY_ANY_t2400	RED15	START_DELAY	ANY	3	2400	-1	0	400	
D400_RED15_START_DELAY_ANY_t2425	RED15	START_DELAY	ANY	3	2425	-1	0	400	
D400_RED15_START_DELAY_ANY_t2450	RED15	START_DELAY	ANY	3	2450	-1	0	400	
D400_RED15_START_DELAY_ANY_t2475	RED15	START_DELAY	ANY	3	2475	-1	0	400	
D400_RED15_START_DELAY_ANY_t2500	RED15	START_DELAY	ANY	3	2500	-1	0	400	
D400_RED15_START_DELAY_ANY_t2525	RED15	START_DELAY	ANY	3	2525	-1	0	400	
D400_RED15_START_DELAY_ANY_t2550	RED15	START_DELAY	ANY	3	2550	-1	0	400	
D400_RED15_START_DELAY_ANY_t2575	RED15	START_DELAY	ANY	3	2575	-1	0	400	
D400_RED15_START_DELAY_ANY_t2600	RED15	START_DELAY	ANY	3	2600	-1	0	400	
D400_RED15_START_DELAY_ANY_t2625	RED15	START_DELAY	ANY	3	2625	-1	0	400	
D400_RED15_START_DELAY_ANY_t2650	RED15	START_DELAY	ANY	3	2650	-1	0	400	
D400_RED15_START_DELAY_ANY_t2675	RED15	START_DELAY	ANY	3	2675	-1	0	400	
D400_RED15_START_DELAY_ANY_t2700	RED15	START_DELAY	ANY	3	2700	-1	0	400	
D400_RED15_START_DELAY_ANY_t2725	RED15	START_DELAY	ANY	3	2725	-1	0	400	
D400_RED15_START_DELAY_ANY_t2750	RED15	START_DELAY	ANY	3	2750	-1	0	400	
D400_RED15_START_DELAY_ANY_t2775	RED15	START_DELAY	ANY	3	2775	-1	0	400	
D400_RED15_START_DELAY_ANY_t2800	RED15	START_DELAY	ANY	3	2800	-1	0	400	
D400_RED15_START_DELAY_ANY_t2825	RED15	START_DELAY	ANY	3	2825	-1	0	400	
D400_RED15_START_DELAY_ANY_t2850	RED15	START_DELAY	ANY	3	2850	-1	0	400	
D400_RED15_START_DELAY_ANY_t2875	RED15	START_DELAY	ANY	3	2875	-1	0	400	
D400_RED15_START_DELAY_ANY_t2900	RED15	START_DELAY	ANY	3	2900	-1	0	400	
D400_RED15_START_DELAY_ANY_t2925	RED15	START_DELAY	ANY	3	2925	-1	0	400	
D400_RED15_START_DELAY_ANY_t2950	RED15	START_DELAY	ANY	3	2950	-1	0	400	
D400_RED15_START_DELAY_ANY_t2975	RED15	START_DELAY	ANY	3	2975	-1	0	400	
D400_RED15_START_DELAY_ANY_t3000	RED15	START_DELAY	ANY	3	3000	-1	0	400	
D400_RED15_START_DELAY_ANY_t3025	RED15	START_DELAY	ANY	3	3025	-1	0	400	
D400_RED15_START_DELAY_ANY_t3050	RED15	START_DELAY	ANY	3	3050	-1	0	400	
D400_RED15_START_DELAY_ANY_t3075	RED15	START_DELAY	ANY	3	3075	-1	0	400	
D400_RED15_START_DELAY_ANY_t3100	RED15	START_DELAY	ANY	3	3100	-1	0	400	
D400_RED15_START_DELAY_ANY_t3125	RED15	START_DELAY	ANY	3	3125	-1	0	400	
D400_RED15_START_DELAY_ANY_t3150	RED15	START_DELAY	ANY	3	3150	-1	0	400	
D400_RED15_START_DELAY_ANY_t3175	RED15	START_DELAY	ANY	3	3175	-1	0	400	
D400_RED15_START_DELAY_ANY_t3200	RED15	START_DELAY	ANY	3	3200	-1	0	400	
D400_RED15_START_DELAY_ANY_t3225	RED15	START_DELAY	ANY	3	3225	-1	0	400	
D400_RED15_START_DELAY_ANY_t3250	RED15	START_DELAY	ANY	3	3250	-1	0	400	
D400_RED15_START_DELAY_ANY_t3275	RED15	START_DELAY	ANY	3	3275	-1	0	400	
D400_RED15_START_DELAY_ANY_t3300	RED15	START_DELAY	ANY	3	3300	-1	0	400	
D400_RED15_START_DELAY_ANY_t3325	RED15	START_DELAY	ANY	3	3325	-1	0	400	
D400_RED15_START_DELAY_ANY_t3350	RED15	START_DELAY	ANY	3	3350	-1	0	400	
D400_RED15_START_DELAY_ANY_t3375	RED15	START_DELAY	ANY	3	3375	-1	0	400	
D400_RED15_START_DELAY_ANY_t3400	RED15	START_DELAY	ANY	3	3400	-1	0	400	
D400_RED15_START_DELAY_ANY_t3425	RED15	START_DELAY	ANY	3	3425	-1	0	400	
D400_RED15_START_DELAY_ANY_t3450	RED15	START_DELAY	ANY	3	3450	-1	0	400	
D400_RED15_START_DELAY_ANY_t3475	RED15	START_DELAY	ANY	3	3475	-1	0	400	
D400_RED15_START_DELAY_ANY_t3500	RED15	START_DELAY	ANY	3	3500	-1	0	400	
D400_RED15_START_DELAY_ANY_t3525	RED15	START_DELAY	ANY	3	3525	-1	0	400	
D400_RED15_START_DELAY_ANY_t3550	RED15	START_DELAY	ANY	3	3550	-1	0	400	
D400_RED15_START_DELAY_ANY_t3575	RED15	START_DELAY	ANY	3	3575	-1	0	400	
D400_RED15_START_DELAY_ANY_t3600	RED15	START_DELAY	ANY	3	3600	-1	0	400	
D400_RED15_START_DELAY_ANY_t3625	RED15	START_DELAY	ANY	3	3625	-1	0	400	
D400_RED15_START_DELAY_ANY_t3650	RED15	START_DELAY	ANY	3	3650	-1	0	400	
D400_RED15_START_DELAY_ANY_t3675	RED15	START_DELAY	ANY	3	3675	-1	0	400	
D400_RED15_START_DELAY_ANY_t3700	RED15	START_DELAY	ANY	3	3700	-1	0	400	
D400_RED15_START_DELAY_ANY_t3725	RED15	START_DELAY	ANY	3	3725	-1	0	400	
D400_RED15_START_DELAY_ANY_t3750	RED15	START_DELAY	ANY	3	3750	-1	0	400	
D400_RED15_START_DELAY_ANY_t3775	RED15	START_DELAY	ANY	3	3775	-1	0	400	
D400_RED15_START_DELAY_ANY_t3800	RED15	START_DELAY	ANY	3	3800	-1	0	400	
D400_RED15_START_DELAY_ANY_t3825	RED15	START_DELAY	ANY	3	3825	-1	0	400	
D400_RED15_START_DELAY_ANY_t3850	RED15	START_DELAY	ANY	3	3850	-1	0	400	
D400_RED15_START_DELAY_ANY_t3875	RED15	START_DELAY	ANY	3	3875	-1	0	400	
D400_RED15_START_DELAY_ANY_t3900	RED15	START_DELAY	ANY	3	3900	-1	0	400	
D400_RED15_START_DELAY_ANY_t3925	RED15	START_DELAY	ANY	3	3925	-1	0	400	
D400_RED15_START_DELAY_ANY_t3950	RED15	START_DELAY	ANY	3	3950	-1	0	400	
D400_RED15_START_DELAY_ANY_t3975	RED15	START_DELAY	ANY	3	3975	-1	0	400	
D400_RED15_START_DELAY_ANY_t4000	RED15	START_DELAY	ANY	3	4000	-1	0	400	
D400_RED15_START_DELAY_ANY_t4025	RED15	START_DELAY	ANY	3	4025	-1	0	400	
D400_RED15_START_DELAY_ANY_t4050	RED15	START_DELAY	ANY	3	4050	-1	0	400	
D400_RED15_START_DELAY_ANY_t4075	RED15	START_DELAY	ANY	3	4075	-1	0	400	
D400_RED15_START_DELAY_ANY_t4100	RED15	START_DELAY	ANY	3	4100	-1	0	400	
D400_RED15_START_DELAY_ANY_t4125	RED15	START_DELAY	ANY	3	4125	-1	0	400	
D400_RED15_START_DELAY_ANY_t4150	RED15	START_DELAY	ANY	3	4150	-1	0	400	
D400_RED15_START_DELAY_ANY_t4175	RED15	START_DELAY	ANY	3	4175	-1	0	400	
D400_RED15_START_DELAY_ANY_t4200	RED15	START_DELAY	ANY	3	4200	-1	0	400	
D400_RED15_START_DELAY_ANY_t4225	RED15	START_DELAY	ANY	3	4225	-1	0	400	
D400_RED15_START_DELAY_ANY_t4250	RED15	START_DELAY	ANY	3	4250	-1	0	400	
D400_RED15_START_DELAY_ANY_t4275	RED15	START_DELAY	ANY	3	4275	-1	0	400	
D400_RED15_START_DELAY_ANY_t4300	RED15	START_DELAY	ANY	3	4300	-1	0	400	
D400_RED15_START_DELAY_ANY_t4325	RED15	START_DELAY	ANY	3	4325	-1	0	400	
D400_RED15_START_DELAY_ANY_t4350	RED15	START_DELAY	ANY	3	4350	-1	0	400	
D400_RED15_START_DELAY_ANY_t4375	RED15	START_DELAY	ANY	3	4375	-1	0	400	
D400_RED15_START_DELAY_ANY_t4400	RED15	START_DELAY	ANY	3	4400	-1	0	400	
D400_RED15_START_DELAY_ANY_t4425	RED15	START_DELAY	ANY	3	4425	-1	0	400	
D400_RED15_START_DELAY_ANY_t4450	RED15	START_DELAY	ANY	3	4450	-1	0	400	
D400_RED15_START_DELAY_ANY_t4475	RED15	START_DELAY	ANY	3	4475	-1	0	400	
D400_RED15_START_DELAY_ANY_t4499	RED15	START_DELAY	ANY	3	4499	-1	0	400	
D400_RED15_START_DELAY_ANY_t4500	RED15	START_DELAY	ANY	3	4500	-1	0	400	
D400_RED15_START_DELAY_ANY_t4501	RED15	START_DELAY	ANY	3	4501	-1	0	400	
D400_RED15_START_DELAY_ANY_t4502	RED15	START_DELAY	ANY	3	4502	-1	0	400	
D400_RED15_START_DELAY_ANY_t4503	RED15	START_DELAY	ANY	3	4503	-1	0	400	
D400_RED15_START_DELAY_ANY_t4525	RED15	START_DELAY	ANY	3	4525	-1	0	400	
D400_RED15_START_DELAY_ANY_t4550	RED15	START_DELAY	ANY	3	4550	-1	0	400	
D400_RED15_START_DELAY_ANY_t4575	RED15	START_DELAY	ANY	3	4575	-1	0	400	
D400_RED15_START_DELAY_ANY_t4600	RED15	START_DELAY	ANY	3	4600	-1	0	400	
D400_RED15_START_DELAY_ANY_t4625	RED15	START_DELAY	ANY	3	4625	-1	0	400	
D400_RED15_START_DELAY_ANY_t4650	RED15	START_DELAY	ANY	3	4650	-1	0	400	
D400_RED15_START_DELAY_ANY_t4675	RED15	START_DELAY	ANY	3	4675	-1	0	400	
D400_RED15_START_DELAY_ANY_t4700	RED15	START_DELAY	ANY	3	4700	-1	0	400	
D400_RED15_START_DELAY_ANY_t4725	RED15	START_DELAY	ANY	3	4725	-1	0	400	
D400_RED15_START_DELAY_ANY_t4750	RED15	START_DELAY	ANY	3	4750	-1	0	400	
D400_RED15_START_DELAY_ANY_t4760	RED15	START_DELAY	ANY	3	4760	-1	0	400	
D400_RED15_START_DELAY_ANY_t4775	RED15	START_DELAY	ANY	3	4775	-1	0	400	
D400_RED15_START_DELAY_ANY_t4800	RED15	START_DELAY	ANY	3	4800	-1	0	400	
D400_RED15_START_DELAY_ANY_t4808	RED15	START_DELAY	ANY	3	4808	-1	0	400	
D400_RED15_START_DELAY_ANY_t4809	RED15	START_DELAY	ANY	3	4809	-1	0	400	
D400_RED15_START_DELAY_ANY_t4810	RED15	START_DELAY	ANY	3	4810	-1	0	400	
D400_RED15_START_DELAY_ANY_t4811	RED15	START_DELAY	ANY	3	4811	-1	0	400	
D400_RED15_START_DELAY_ANY_t4812	RED15	START_DELAY	ANY	3	4812	-1	0	400	
D400_RED15_START_DELAY_ANY_t4825	RED15	START_DELAY	ANY	3	4825	-1	0	400	
D400_RED15_START_DELAY_ANY_t4850	RED15	START_DELAY	ANY	3	4850	-1	0	400	
D400_RED15_START_DELAY_ANY_t4875	RED15	START_DELAY	ANY	3	4875	-1	0	400	
D400_RED15_START_DELAY_ANY_t4900	RED15	START_DELAY	ANY	3	4900	-1	0	400	
D400_RED15_START_DELAY_ANY_t4925	RED15	START_DELAY	ANY	3	4925	-1	0	400	
D400_RED15_START_DELAY_ANY_t4950	RED15	START_DELAY	ANY	3	4950	-1	0	400	
D400_RED15_START_DELAY_ANY_t4975	RED15	START_DELAY	ANY	3	4975	-1	0	400	
D400_RED15_START_DELAY_ANY_t4999	RED15	START_DELAY	ANY	3	4999	-1	0	400	
D400_RED15_START_DELAY_ANY_t5000	RED15	START_DELAY	ANY	4	0	-1	0	400	
D400_RED15_START_DELAY_ANY_t5001	RED15	START_DELAY	ANY	4	1	-1	0	400	
