doc	base_line	line	old	result	detail
PPG_CONTRACT_CLOSURE_MATRIX.md	923	941	`:1315`	forward	`ppg_adc_measurement_idac_integration.v` `@satisfies: P01`
PPG_CONTRACT_CLOSURE_MATRIX.md	923	941	ppg_adc_measurement_idac_integration.v:1024	forward	`ppg_adc_measurement_idac_integration.v` `@satisfies: P01`
PPG_CONTRACT_CLOSURE_MATRIX.md	924	942	`:522`	forward	`ppg_precision_window_integration.v` `detection_datapath_empty_o`
PPG_CONTRACT_CLOSURE_MATRIX.md	924	942	ppg_precision_window_integration.v:443	forward	`ppg_precision_window_integration.v` `@satisfies: K04`
PPG_CONTRACT_CLOSURE_MATRIX.md	924	942	ppg_adc_measurement_idac_integration.v:967	forward	`ppg_adc_measurement_idac_integration.v` `flag_ami_fault_dispatch_03`
PPG_CONTRACT_CLOSURE_MATRIX.md	925	943	ppg_control_top.v:368-375	forward	`ppg_control_top.v` `ppg_system_fault_abort_supervisor`、`o_system_stop_request_event`
PPG_CONTRACT_CLOSURE_MATRIX.md	925	943	ppg_control_top.v:350-357	forward	`ppg_control_top.v` `ppg_system_fault_abort_supervisor`、`o_system_stop_request_event`
PPG_CONTRACT_CLOSURE_MATRIX.md	926	944	ppg_system_fault_abort_supervisor.v:201-230,296-405	forward	`ppg_system_fault_abort_supervisor.v` `flag_capture_watchdog`、`flag_capture_ami`、`flag_capture_scheduler`、`flag_capture_ssw`
PPG_CONTRACT_CLOSURE_MATRIX.md	927	945	ppg_system_fault_abort_supervisor.v:54-55,136,190-192,433-441	forward	`ppg_system_fault_abort_supervisor.v` `C_ADC_DRAIN_WATCHDOG_CYCLES`、`C_ADC_DRAIN_WATCHDOG_COUNTER_WIDTH`、`cnt_adc_drain_watchdog`、`flag_watchdog_window_active`
PPG_CONTRACT_CLOSURE_MATRIX.md	928	946	ppg_adc_measurement_idac_integration.v:1569	forward	`ppg_adc_measurement_idac_integration.v` `@satisfies: P06`
PPG_CONTRACT_CLOSURE_MATRIX.md	928	946	ppg_adc_measurement_idac_integration.v:1185	forward	`ppg_adc_measurement_idac_integration.v` `integration_protocol_error_sticky_o`
PPG_CONTRACT_CLOSURE_MATRIX.md	930	948	ppg_adc_measurement_idac_integration.v:434-462,1602-1620,913	forward	`ppg_adc_measurement_idac_integration.v` `reg_held_start_dc_code`、`reg_held_start_amb_epoch`、`reg_held_start_dc_epoch`、`reg_adc_inflight_sample_index`
PPG_CONTRACT_CLOSURE_MATRIX.md	931	949	ppg_system_fault_abort_supervisor.v:170,174-183,184,185,419-428	forward	`ppg_system_fault_abort_supervisor.v` `system_fault_blocking_o`、`system_fault_cause_valid_o`、`system_fault_cause_o`、`system_fault_source_o`
PPG_CONTRACT_CLOSURE_MATRIX.md	931	949	tb_ppg_control_top_lifecycle_fault_adc_anomaly.v:1543-1557	forward	`tb_ppg_control_top_lifecycle_fault_adc_anomaly.v` `"先held住"`
PPG_CONTRACT_CLOSURE_MATRIX.md	932	950	ppg_system_fault_abort_supervisor.v:129-133,217-230	forward	`ppg_system_fault_abort_supervisor.v` `SOURCE_AMI`、`SOURCE_SCHEDULER`、`SOURCE_SSW`、`SOURCE_SUPERVISOR`
PPG_CONTRACT_CLOSURE_MATRIX.md	933	951	ppg_control_top.v:128-133	forward	`ppg_control_top.v` `i_test_inject_enable`、`i_test_identity_inject_valid`、`i_test_identity_inject_sample_index`、`i_test_invalid_sample_valid`
PPG_CONTRACT_CLOSURE_MATRIX.md	934	952	ppg_control_top.v:295-299	forward	`ppg_control_top.v` `C_ADC_DRAIN_WATCHDOG_CYCLES`
PPG_CONTRACT_CLOSURE_MATRIX.md	935	953	ppg_normal_transaction_fork.v:285,298	forward	`ppg_normal_transaction_fork.v` `@satisfies: P13`
PPG_CONTRACT_CLOSURE_MATRIX.md	936	954	ppg_adc_measurement_idac_integration.v:1223,1620,913	forward	`ppg_adc_measurement_idac_integration.v` `flag_adc_completion_abort_release`
PPG_CONTRACT_CLOSURE_MATRIX.md	937	955	ppg_control_top.v:1378-1439	forward	`ppg_control_top.v` `ppg_system_fault_abort_supervisor_Inst`
PPG_CONTRACT_CLOSURE_MATRIX.md	939	957	ppg_control_top.v:414	forward	`ppg_control_top.v` `i_adc_physical_idle`
PPG_CONTRACT_CLOSURE_MATRIX.md	940	958	ppg_adc_measurement_idac_integration.v:967	forward	`ppg_adc_measurement_idac_integration.v` `@satisfies: P02, N01`
PPG_CONTRACT_CLOSURE_MATRIX.md	941	959	ppg_system_config_manager.v:528-538	forward	`ppg_system_config_manager.v` `run_generation_o`
PPG_CONTRACT_CLOSURE_MATRIX.md	942	960	ppg_system_fault_abort_supervisor.v:201-205,184	forward	`ppg_system_fault_abort_supervisor.v` `flag_capture_watchdog`、`flag_capture_ami`、`flag_capture_scheduler`、`flag_capture_ssw`
PPG_CONTRACT_CLOSURE_MATRIX.md	943	961	ppg_control_top.v:316-336	forward	`ppg_control_top.v` `flag_diag_clear_event`、`flag_status_clear_event`
PPG_CONTRACT_CLOSURE_MATRIX.md	944	962	ppg_adc_measurement_idac_integration.v:905,1009-1010,2356,2611	forward	`ppg_adc_measurement_idac_integration.v` `C_ENABLE_TEST_INJECTION`
PPG_CONTRACT_CLOSURE_MATRIX.md	944	962	ppg_control_top.v:377-396	forward	`ppg_control_top.v` `flag_test_inject_mode_latched`、`wrapper_run_enable_o`、`wrapper_stop_ack_event_o`
PPG_CONTRACT_CLOSURE_MATRIX.md	945	963	ppg_system_fault_abort_supervisor.v:198	forward	`ppg_system_fault_abort_supervisor.v` `flag_episode_open_edge`
PPG_CONTRACT_CLOSURE_MATRIX.md	947	965	ppg_adc_measurement_idac_integration.v:978	forward	`ppg_adc_measurement_idac_integration.v` `@satisfies: N08`
PPG_CONTRACT_CLOSURE_MATRIX.md	965	983	ppg_system_config_manager.v:528-538	revert	`ppg_system_config_manager.v:528-538`
PPG_CONTRACT_CLOSURE_MATRIX.md	1237	1255	ppg_system_config_manager_semantic_contract.md:101-141	forward	ppg_system_config_manager_semantic_contract.md §2.1
PPG_CONTRACT_CLOSURE_MATRIX.md	1322	1340	ppg_active_v4_control_plane_integration.v:79	forward	`ppg_active_v4_control_plane_integration.v` `o_active_valid`
PPG_CONTRACT_CLOSURE_MATRIX.md	1322	1340	ppg_control_top.v:747	forward	`ppg_control_top.v` `o_active_valid`
PPG_CONTRACT_CLOSURE_MATRIX.md	1322	1340	ppg_adc_measurement_idac_integration.v:99	forward	`ppg_adc_measurement_idac_integration.v` `i_active_config_valid`
PPG_CONTRACT_CLOSURE_MATRIX.md	1322	1340	ppg_control_top.v:1107	forward	`ppg_control_top.v` `i_active_config_valid`
PPG_CONTRACT_CLOSURE_MATRIX.md	1322	1340	ppg_active_v4_control_plane_integration.v:79	forward	`ppg_active_v4_control_plane_integration.v` `o_active_valid`
PPG_CONTRACT_CLOSURE_MATRIX.md	1322	1340	ppg_control_top.v:747	forward	`ppg_control_top.v` `o_active_valid`
PPG_CONTRACT_CLOSURE_MATRIX.md	1322	1340	ppg_400hz_frame_calibration_scheduler.v:82	forward	`ppg_400hz_frame_calibration_scheduler.v` `i_active_config_valid`
PPG_CONTRACT_CLOSURE_MATRIX.md	1322	1340	ppg_control_top.v:869	forward	`ppg_control_top.v` `i_active_config_valid`
PPG_CONTRACT_CLOSURE_MATRIX.md	1323	1341	ppg_adc_measurement_idac_integration.v:306	forward	`ppg_adc_measurement_idac_integration.v` `o_active_precision_mode`
PPG_CONTRACT_CLOSURE_MATRIX.md	1323	1341	ppg_control_top.v:1288	forward	`ppg_control_top.v` `o_active_precision_mode`
PPG_CONTRACT_CLOSURE_MATRIX.md	1323	1341	ppg_400hz_frame_calibration_scheduler.v:95	forward	`ppg_400hz_frame_calibration_scheduler.v` `i_active_precision_mode`
PPG_CONTRACT_CLOSURE_MATRIX.md	1323	1341	ppg_control_top.v:880	forward	`ppg_control_top.v` `i_active_precision_mode`
PPG_CONTRACT_CLOSURE_MATRIX.md	1324	1342	ppg_system_fault_abort_supervisor.v:100	forward	`ppg_system_fault_abort_supervisor.v` `i_adc_physical_idle`
PPG_CONTRACT_CLOSURE_MATRIX.md	1324	1342	ppg_control_top.v:1420	forward	`ppg_control_top.v` `i_adc_physical_idle`
PPG_CONTRACT_CLOSURE_MATRIX.md	1324	1342	ppg_adc_measurement_idac_integration.v:141	forward	`ppg_adc_measurement_idac_integration.v` `i_adc_idle`
PPG_CONTRACT_CLOSURE_MATRIX.md	1324	1342	ppg_control_top.v:1139	forward	`ppg_control_top.v` `i_adc_idle`
PPG_CONTRACT_CLOSURE_MATRIX.md	1324	1342	ppg_sar9_sar15_safe_selection_wrapper.v:129	forward	`ppg_sar9_sar15_safe_selection_wrapper.v` `i_adc_idle`
PPG_CONTRACT_CLOSURE_MATRIX.md	1324	1342	ppg_control_top.v:1037	forward	`ppg_control_top.v` `i_adc_idle`
PPG_CONTRACT_CLOSURE_MATRIX.md	1324	1342	ppg_400hz_frame_calibration_scheduler.v:164	forward	`ppg_400hz_frame_calibration_scheduler.v` `i_adc_idle`
PPG_CONTRACT_CLOSURE_MATRIX.md	1324	1342	ppg_control_top.v:939	forward	`ppg_control_top.v` `i_adc_idle`
PPG_CONTRACT_CLOSURE_MATRIX.md	1324	1342	ppg_active_v4_control_plane_integration.v:66	forward	`ppg_active_v4_control_plane_integration.v` `i_adc_idle`
PPG_CONTRACT_CLOSURE_MATRIX.md	1324	1342	ppg_control_top.v:738	forward	`ppg_control_top.v` `i_adc_idle`
PPG_CONTRACT_CLOSURE_MATRIX.md	1324	1342	`:414`	forward	`ppg_control_top.v` `flag_adc_physical_idle`
PPG_CONTRACT_CLOSURE_MATRIX.md	1324	1342	ppg_control_top.v:121	forward	`ppg_control_top.v` `i_adc_physical_idle`
PPG_CONTRACT_CLOSURE_MATRIX.md	1325	1343	ppg_characterization_control_cdc.v:64	forward	`ppg_characterization_control_cdc.v` `o_static_characterization_enable`
PPG_CONTRACT_CLOSURE_MATRIX.md	1325	1343	ppg_control_top.v:848	forward	`ppg_control_top.v` `o_static_characterization_enable`
PPG_CONTRACT_CLOSURE_MATRIX.md	1325	1343	ppg_active_v4_control_plane_integration.v:89	forward	`ppg_active_v4_control_plane_integration.v` `o_allow_new_transaction`
PPG_CONTRACT_CLOSURE_MATRIX.md	1325	1343	ppg_control_top.v:755	forward	`ppg_control_top.v` `o_allow_new_transaction`
PPG_CONTRACT_CLOSURE_MATRIX.md	1325	1343	`:410`	forward	`ppg_control_top.v` `measurement_allow_new_transaction`
PPG_CONTRACT_CLOSURE_MATRIX.md	1325	1343	ppg_adc_measurement_idac_integration.v:101	forward	`ppg_adc_measurement_idac_integration.v` `i_allow_new_transaction`
PPG_CONTRACT_CLOSURE_MATRIX.md	1325	1343	ppg_control_top.v:1109	forward	`ppg_control_top.v` `i_allow_new_transaction`
PPG_CONTRACT_CLOSURE_MATRIX.md	1325	1343	ppg_characterization_control_cdc.v:64	forward	`ppg_characterization_control_cdc.v` `o_static_characterization_enable`
PPG_CONTRACT_CLOSURE_MATRIX.md	1325	1343	ppg_control_top.v:848	forward	`ppg_control_top.v` `o_static_characterization_enable`
PPG_CONTRACT_CLOSURE_MATRIX.md	1325	1343	ppg_active_v4_control_plane_integration.v:89	forward	`ppg_active_v4_control_plane_integration.v` `o_allow_new_transaction`
PPG_CONTRACT_CLOSURE_MATRIX.md	1325	1343	ppg_control_top.v:755	forward	`ppg_control_top.v` `o_allow_new_transaction`
PPG_CONTRACT_CLOSURE_MATRIX.md	1325	1343	`:410`	forward	`ppg_control_top.v` `measurement_allow_new_transaction`
PPG_CONTRACT_CLOSURE_MATRIX.md	1325	1343	ppg_400hz_frame_calibration_scheduler.v:84	forward	`ppg_400hz_frame_calibration_scheduler.v` `i_allow_new_transaction`
PPG_CONTRACT_CLOSURE_MATRIX.md	1325	1343	ppg_control_top.v:871	forward	`ppg_control_top.v` `i_allow_new_transaction`
PPG_CONTRACT_CLOSURE_MATRIX.md	1326	1344	ppg_adc_measurement_idac_integration.v:350	forward	`ppg_adc_measurement_idac_integration.v` `o_wrapper_fault_blocking`
PPG_CONTRACT_CLOSURE_MATRIX.md	1326	1344	ppg_control_top.v:1328	forward	`ppg_control_top.v` `o_wrapper_fault_blocking`
PPG_CONTRACT_CLOSURE_MATRIX.md	1326	1344	ppg_400hz_frame_calibration_scheduler.v:98	forward	`ppg_400hz_frame_calibration_scheduler.v` `i_ami_fault_blocking`
PPG_CONTRACT_CLOSURE_MATRIX.md	1326	1344	ppg_control_top.v:883	forward	`ppg_control_top.v` `i_ami_fault_blocking`
PPG_CONTRACT_CLOSURE_MATRIX.md	1327	1345	ppg_sar9_sar15_safe_selection_wrapper.v:162	forward	`ppg_sar9_sar15_safe_selection_wrapper.v` `o_analog_safe`
PPG_CONTRACT_CLOSURE_MATRIX.md	1327	1345	ppg_control_top.v:1066	forward	`ppg_control_top.v` `o_analog_safe`
PPG_CONTRACT_CLOSURE_MATRIX.md	1327	1345	ppg_adc_measurement_idac_integration.v:142	forward	`ppg_adc_measurement_idac_integration.v` `i_analog_safe`
PPG_CONTRACT_CLOSURE_MATRIX.md	1327	1345	ppg_control_top.v:1140	forward	`ppg_control_top.v` `i_analog_safe`
PPG_CONTRACT_CLOSURE_MATRIX.md	1327	1345	ppg_sar9_sar15_safe_selection_wrapper.v:162	forward	`ppg_sar9_sar15_safe_selection_wrapper.v` `o_analog_safe`
PPG_CONTRACT_CLOSURE_MATRIX.md	1327	1345	ppg_control_top.v:1066	forward	`ppg_control_top.v` `o_analog_safe`
PPG_CONTRACT_CLOSURE_MATRIX.md	1327	1345	ppg_400hz_frame_calibration_scheduler.v:165	forward	`ppg_400hz_frame_calibration_scheduler.v` `i_analog_safe`
PPG_CONTRACT_CLOSURE_MATRIX.md	1327	1345	ppg_control_top.v:940	forward	`ppg_control_top.v` `i_analog_safe`
PPG_CONTRACT_CLOSURE_MATRIX.md	1327	1345	ppg_sar9_sar15_safe_selection_wrapper.v:162	forward	`ppg_sar9_sar15_safe_selection_wrapper.v` `o_analog_safe`
PPG_CONTRACT_CLOSURE_MATRIX.md	1327	1345	ppg_control_top.v:1066	forward	`ppg_control_top.v` `o_analog_safe`
PPG_CONTRACT_CLOSURE_MATRIX.md	1327	1345	ppg_active_v4_control_plane_integration.v:69	forward	`ppg_active_v4_control_plane_integration.v` `i_analog_safe`
PPG_CONTRACT_CLOSURE_MATRIX.md	1327	1345	ppg_control_top.v:741	forward	`ppg_control_top.v` `i_analog_safe`
PPG_CONTRACT_CLOSURE_MATRIX.md	1328	1346	ppg_400hz_frame_calibration_scheduler.v:183	forward	`ppg_400hz_frame_calibration_scheduler.v` `o_calibration_frame_active`
PPG_CONTRACT_CLOSURE_MATRIX.md	1328	1346	ppg_control_top.v:954	forward	`ppg_control_top.v` `o_calibration_frame_active`
PPG_CONTRACT_CLOSURE_MATRIX.md	1328	1346	ppg_sar9_sar15_safe_selection_wrapper.v:81	forward	`ppg_sar9_sar15_safe_selection_wrapper.v` `i_calibration_frame_active`
PPG_CONTRACT_CLOSURE_MATRIX.md	1328	1346	ppg_control_top.v:999	forward	`ppg_control_top.v` `i_calibration_frame_active`
PPG_CONTRACT_CLOSURE_MATRIX.md	1329	1347	ppg_400hz_frame_calibration_scheduler.v:176	forward	`ppg_400hz_frame_calibration_scheduler.v` `o_calibration_local_tick`
PPG_CONTRACT_CLOSURE_MATRIX.md	1329	1347	ppg_control_top.v:949	forward	`ppg_control_top.v` `o_calibration_local_tick`
PPG_CONTRACT_CLOSURE_MATRIX.md	1329	1347	ppg_sar9_sar15_safe_selection_wrapper.v:79	forward	`ppg_sar9_sar15_safe_selection_wrapper.v` `i_calibration_local_tick`
PPG_CONTRACT_CLOSURE_MATRIX.md	1329	1347	ppg_control_top.v:997	forward	`ppg_control_top.v` `i_calibration_local_tick`
PPG_CONTRACT_CLOSURE_MATRIX.md	1330	1348	ppg_400hz_frame_calibration_scheduler.v:175	forward	`ppg_400hz_frame_calibration_scheduler.v` `o_calibration_subframe_index`
PPG_CONTRACT_CLOSURE_MATRIX.md	1330	1348	ppg_control_top.v:948	forward	`ppg_control_top.v` `o_calibration_subframe_index`
PPG_CONTRACT_CLOSURE_MATRIX.md	1330	1348	ppg_sar9_sar15_safe_selection_wrapper.v:78	forward	`ppg_sar9_sar15_safe_selection_wrapper.v` `i_calibration_subframe_index`
PPG_CONTRACT_CLOSURE_MATRIX.md	1330	1348	ppg_control_top.v:996	forward	`ppg_control_top.v` `i_calibration_subframe_index`
PPG_CONTRACT_CLOSURE_MATRIX.md	1331	1349	ppg_system_fault_abort_supervisor.v:59	forward	`ppg_system_fault_abort_supervisor.v` `i_clk`
PPG_CONTRACT_CLOSURE_MATRIX.md	1331	1349	ppg_control_top.v:1387	forward	`ppg_control_top.v` `i_clk`
PPG_CONTRACT_CLOSURE_MATRIX.md	1331	1349	ppg_adc_measurement_idac_integration.v:95	forward	`ppg_adc_measurement_idac_integration.v` `i_clk`
PPG_CONTRACT_CLOSURE_MATRIX.md	1331	1349	ppg_control_top.v:1105	forward	`ppg_control_top.v` `i_clk`
PPG_CONTRACT_CLOSURE_MATRIX.md	1331	1349	ppg_sar9_sar15_safe_selection_wrapper.v:67	forward	`ppg_sar9_sar15_safe_selection_wrapper.v` `i_clk`
PPG_CONTRACT_CLOSURE_MATRIX.md	1331	1349	ppg_control_top.v:987	forward	`ppg_control_top.v` `i_clk`
PPG_CONTRACT_CLOSURE_MATRIX.md	1331	1349	ppg_400hz_frame_calibration_scheduler.v:78	forward	`ppg_400hz_frame_calibration_scheduler.v` `i_clk`
PPG_CONTRACT_CLOSURE_MATRIX.md	1331	1349	ppg_control_top.v:867	forward	`ppg_control_top.v` `i_clk`
PPG_CONTRACT_CLOSURE_MATRIX.md	1331	1349	ppg_characterization_control_cdc.v:48	forward	`ppg_characterization_control_cdc.v` `i_clk`
PPG_CONTRACT_CLOSURE_MATRIX.md	1331	1349	ppg_control_top.v:840	forward	`ppg_control_top.v` `i_clk`
PPG_CONTRACT_CLOSURE_MATRIX.md	1331	1349	ppg_active_v4_control_plane_integration.v:58	forward	`ppg_active_v4_control_plane_integration.v` `i_clk`
PPG_CONTRACT_CLOSURE_MATRIX.md	1331	1349	ppg_control_top.v:732	forward	`ppg_control_top.v` `i_clk`
PPG_CONTRACT_CLOSURE_MATRIX.md	1331	1349	ppg_control_top.v:96	forward	`ppg_control_top.v` `i_clk`
PPG_CONTRACT_CLOSURE_MATRIX.md	1332	1350	ppg_active_v4_control_plane_integration.v:61	forward	`ppg_active_v4_control_plane_integration.v` `i_stop_event`
PPG_CONTRACT_CLOSURE_MATRIX.md	1332	1350	ppg_control_top.v:735	forward	`ppg_control_top.v` `i_stop_event`
PPG_CONTRACT_CLOSURE_MATRIX.md	1332	1350	`:373`	forward	`ppg_control_top.v` `flag_stop_request_event`
PPG_CONTRACT_CLOSURE_MATRIX.md	1332	1350	`:364`	forward	`ppg_control_top.v` `flag_abort_drain_stop_request`
PPG_CONTRACT_CLOSURE_MATRIX.md	1332	1350	ppg_adc_measurement_idac_integration.v:104	forward	`ppg_adc_measurement_idac_integration.v` `i_control_abort_event`
PPG_CONTRACT_CLOSURE_MATRIX.md	1332	1350	ppg_control_top.v:1112	forward	`ppg_control_top.v` `i_control_abort_event`
PPG_CONTRACT_CLOSURE_MATRIX.md	1332	1350	ppg_sar9_sar15_safe_selection_wrapper.v:72	forward	`ppg_sar9_sar15_safe_selection_wrapper.v` `i_control_abort_event`
PPG_CONTRACT_CLOSURE_MATRIX.md	1332	1350	ppg_control_top.v:992	forward	`ppg_control_top.v` `i_control_abort_event`
PPG_CONTRACT_CLOSURE_MATRIX.md	1332	1350	ppg_400hz_frame_calibration_scheduler.v:87	forward	`ppg_400hz_frame_calibration_scheduler.v` `i_control_abort_event`
PPG_CONTRACT_CLOSURE_MATRIX.md	1332	1350	ppg_control_top.v:874	forward	`ppg_control_top.v` `i_control_abort_event`
PPG_CONTRACT_CLOSURE_MATRIX.md	1332	1350	`:355`	forward	`ppg_control_top.v` `flag_owner_abort_event`
PPG_CONTRACT_CLOSURE_MATRIX.md	1332	1350	ppg_control_top.v:114	forward	`ppg_control_top.v` `i_control_abort_event`
PPG_CONTRACT_CLOSURE_MATRIX.md	1333	1351	ppg_adc_measurement_idac_integration.v:355	forward	`ppg_adc_measurement_idac_integration.v` `o_datapath_empty`
PPG_CONTRACT_CLOSURE_MATRIX.md	1333	1351	ppg_control_top.v:1333	forward	`ppg_control_top.v` `o_datapath_empty`
PPG_CONTRACT_CLOSURE_MATRIX.md	1333	1351	ppg_active_v4_control_plane_integration.v:67	forward	`ppg_active_v4_control_plane_integration.v` `i_datapath_empty`
PPG_CONTRACT_CLOSURE_MATRIX.md	1333	1351	ppg_control_top.v:739	forward	`ppg_control_top.v` `i_datapath_empty`
PPG_CONTRACT_CLOSURE_MATRIX.md	1334	1352	`:515`	forward	C01 §5.2
PPG_CONTRACT_CLOSURE_MATRIX.md	1334	1352	`:355`	forward	§4.1 V1.10 final system boundary
PPG_CONTRACT_CLOSURE_MATRIX.md	1334	1352	`:846`	forward	`ppg_characterization_control_cdc.v` `i_diag_clear_event`
PPG_CONTRACT_CLOSURE_MATRIX.md	1334	1352	ppg_active_v4_control_plane_integration.v:62	forward	`ppg_active_v4_control_plane_integration.v` `i_status_clear_event`
PPG_CONTRACT_CLOSURE_MATRIX.md	1334	1352	ppg_control_top.v:736	forward	`ppg_control_top.v` `i_status_clear_event`
PPG_CONTRACT_CLOSURE_MATRIX.md	1334	1352	`:336`	forward	`ppg_control_top.v` `flag_status_clear_event`
PPG_CONTRACT_CLOSURE_MATRIX.md	1334	1352	ppg_system_fault_abort_supervisor.v:101	forward	`ppg_system_fault_abort_supervisor.v` `i_diag_clear_event`
PPG_CONTRACT_CLOSURE_MATRIX.md	1334	1352	ppg_control_top.v:1421	forward	`ppg_control_top.v` `i_diag_clear_event`
PPG_CONTRACT_CLOSURE_MATRIX.md	1334	1352	ppg_adc_measurement_idac_integration.v:105	forward	`ppg_adc_measurement_idac_integration.v` `i_diag_clear_event`
PPG_CONTRACT_CLOSURE_MATRIX.md	1334	1352	ppg_control_top.v:1113	forward	`ppg_control_top.v` `i_diag_clear_event`
PPG_CONTRACT_CLOSURE_MATRIX.md	1334	1352	ppg_sar9_sar15_safe_selection_wrapper.v:73	forward	`ppg_sar9_sar15_safe_selection_wrapper.v` `i_diag_clear_event`
PPG_CONTRACT_CLOSURE_MATRIX.md	1334	1352	ppg_control_top.v:993	forward	`ppg_control_top.v` `i_diag_clear_event`
PPG_CONTRACT_CLOSURE_MATRIX.md	1334	1352	ppg_400hz_frame_calibration_scheduler.v:88	forward	`ppg_400hz_frame_calibration_scheduler.v` `i_diag_clear_event`
PPG_CONTRACT_CLOSURE_MATRIX.md	1334	1352	ppg_control_top.v:875	forward	`ppg_control_top.v` `i_diag_clear_event`
PPG_CONTRACT_CLOSURE_MATRIX.md	1334	1352	ppg_characterization_control_cdc.v:58	forward	`ppg_characterization_control_cdc.v` `i_diag_clear_event`
PPG_CONTRACT_CLOSURE_MATRIX.md	1334	1352	ppg_control_top.v:846	forward	`ppg_control_top.v` `i_diag_clear_event`
PPG_CONTRACT_CLOSURE_MATRIX.md	1334	1352	`:327`	forward	`ppg_control_top.v` `flag_diag_clear_event`
PPG_CONTRACT_CLOSURE_MATRIX.md	1334	1352	ppg_control_top.v:113	forward	`ppg_control_top.v` `i_diag_clear_event`
PPG_CONTRACT_CLOSURE_MATRIX.md	1335	1353	ppg_400hz_frame_calibration_scheduler.v:171	forward	`ppg_400hz_frame_calibration_scheduler.v` `o_idac_code_safe_boundary`
PPG_CONTRACT_CLOSURE_MATRIX.md	1335	1353	ppg_control_top.v:944	forward	`ppg_control_top.v` `o_idac_code_safe_boundary`
PPG_CONTRACT_CLOSURE_MATRIX.md	1335	1353	ppg_adc_measurement_idac_integration.v:144	forward	`ppg_adc_measurement_idac_integration.v` `i_idac_code_safe_boundary`
PPG_CONTRACT_CLOSURE_MATRIX.md	1335	1353	ppg_control_top.v:1142	forward	`ppg_control_top.v` `i_idac_code_safe_boundary`
PPG_CONTRACT_CLOSURE_MATRIX.md	1335	1353	ppg_400hz_frame_calibration_scheduler.v:171	forward	`ppg_400hz_frame_calibration_scheduler.v` `o_idac_code_safe_boundary`
PPG_CONTRACT_CLOSURE_MATRIX.md	1335	1353	ppg_control_top.v:944	forward	`ppg_control_top.v` `o_idac_code_safe_boundary`
PPG_CONTRACT_CLOSURE_MATRIX.md	1335	1353	ppg_sar9_sar15_safe_selection_wrapper.v:83	forward	`ppg_sar9_sar15_safe_selection_wrapper.v` `i_idac_code_safe_boundary`
PPG_CONTRACT_CLOSURE_MATRIX.md	1335	1353	ppg_control_top.v:1001	forward	`ppg_control_top.v` `i_idac_code_safe_boundary`
PPG_CONTRACT_CLOSURE_MATRIX.md	1336	1354	ppg_adc_measurement_idac_integration.v:303	forward	`ppg_adc_measurement_idac_integration.v` `o_idac_idle`
PPG_CONTRACT_CLOSURE_MATRIX.md	1336	1354	ppg_control_top.v:1287	forward	`ppg_control_top.v` `o_idac_idle`
PPG_CONTRACT_CLOSURE_MATRIX.md	1336	1354	ppg_active_v4_control_plane_integration.v:68	forward	`ppg_active_v4_control_plane_integration.v` `i_idac_idle`
PPG_CONTRACT_CLOSURE_MATRIX.md	1336	1354	ppg_control_top.v:740	forward	`ppg_control_top.v` `i_idac_idle`
PPG_CONTRACT_CLOSURE_MATRIX.md	1337	1355	ppg_active_v4_control_plane_integration.v:108	forward	`ppg_active_v4_control_plane_integration.v` `o_initial_precision`
PPG_CONTRACT_CLOSURE_MATRIX.md	1337	1355	ppg_control_top.v:770	forward	`ppg_control_top.v` `o_initial_precision`
PPG_CONTRACT_CLOSURE_MATRIX.md	1337	1355	ppg_adc_measurement_idac_integration.v:245	forward	`ppg_adc_measurement_idac_integration.v` `i_initial_precision`
PPG_CONTRACT_CLOSURE_MATRIX.md	1337	1355	ppg_control_top.v:1231	forward	`ppg_control_top.v` `i_initial_precision`
PPG_CONTRACT_CLOSURE_MATRIX.md	1338	1356	ppg_active_v4_control_plane_integration.v:105	forward	`ppg_active_v4_control_plane_integration.v` `o_input_source`
PPG_CONTRACT_CLOSURE_MATRIX.md	1338	1356	ppg_control_top.v:767	forward	`ppg_control_top.v` `o_input_source`
PPG_CONTRACT_CLOSURE_MATRIX.md	1338	1356	ppg_sar9_sar15_safe_selection_wrapper.v:87	forward	`ppg_sar9_sar15_safe_selection_wrapper.v` `i_input_source`
PPG_CONTRACT_CLOSURE_MATRIX.md	1338	1356	ppg_control_top.v:1003	forward	`ppg_control_top.v` `i_input_source`
PPG_CONTRACT_CLOSURE_MATRIX.md	1338	1356	ppg_active_v4_control_plane_integration.v:105	forward	`ppg_active_v4_control_plane_integration.v` `o_input_source`
PPG_CONTRACT_CLOSURE_MATRIX.md	1338	1356	ppg_control_top.v:767	forward	`ppg_control_top.v` `o_input_source`
PPG_CONTRACT_CLOSURE_MATRIX.md	1338	1356	ppg_400hz_frame_calibration_scheduler.v:93	forward	`ppg_400hz_frame_calibration_scheduler.v` `i_input_source`
PPG_CONTRACT_CLOSURE_MATRIX.md	1338	1356	ppg_control_top.v:878	forward	`ppg_control_top.v` `i_input_source`
PPG_CONTRACT_CLOSURE_MATRIX.md	1339	1357	ppg_400hz_frame_calibration_scheduler.v:170	forward	`ppg_400hz_frame_calibration_scheduler.v` `o_macro_frame_safe_boundary`
PPG_CONTRACT_CLOSURE_MATRIX.md	1339	1357	ppg_control_top.v:943	forward	`ppg_control_top.v` `o_macro_frame_safe_boundary`
PPG_CONTRACT_CLOSURE_MATRIX.md	1339	1357	ppg_adc_measurement_idac_integration.v:143	forward	`ppg_adc_measurement_idac_integration.v` `i_macro_frame_safe_boundary`
PPG_CONTRACT_CLOSURE_MATRIX.md	1339	1357	ppg_control_top.v:1141	forward	`ppg_control_top.v` `i_macro_frame_safe_boundary`
PPG_CONTRACT_CLOSURE_MATRIX.md	1339	1357	ppg_400hz_frame_calibration_scheduler.v:170	forward	`ppg_400hz_frame_calibration_scheduler.v` `o_macro_frame_safe_boundary`
PPG_CONTRACT_CLOSURE_MATRIX.md	1339	1357	ppg_control_top.v:943	forward	`ppg_control_top.v` `o_macro_frame_safe_boundary`
PPG_CONTRACT_CLOSURE_MATRIX.md	1339	1357	ppg_sar9_sar15_safe_selection_wrapper.v:82	forward	`ppg_sar9_sar15_safe_selection_wrapper.v` `i_macro_frame_safe_boundary`
PPG_CONTRACT_CLOSURE_MATRIX.md	1339	1357	ppg_control_top.v:1000	forward	`ppg_control_top.v` `i_macro_frame_safe_boundary`
PPG_CONTRACT_CLOSURE_MATRIX.md	1340	1358	ppg_400hz_frame_calibration_scheduler.v:174	forward	`ppg_400hz_frame_calibration_scheduler.v` `o_macro_tick`
PPG_CONTRACT_CLOSURE_MATRIX.md	1340	1358	ppg_control_top.v:947	forward	`ppg_control_top.v` `o_macro_tick`
PPG_CONTRACT_CLOSURE_MATRIX.md	1340	1358	ppg_sar9_sar15_safe_selection_wrapper.v:77	forward	`ppg_sar9_sar15_safe_selection_wrapper.v` `i_macro_tick`
PPG_CONTRACT_CLOSURE_MATRIX.md	1340	1358	ppg_control_top.v:995	forward	`ppg_control_top.v` `i_macro_tick`
PPG_CONTRACT_CLOSURE_MATRIX.md	1341	1359	ppg_adc_measurement_idac_integration.v:187	forward	`ppg_adc_measurement_idac_integration.v` `o_measurement_result_discard_event`
PPG_CONTRACT_CLOSURE_MATRIX.md	1341	1359	ppg_control_top.v:1181	forward	`ppg_control_top.v` `o_measurement_result_discard_event`
PPG_CONTRACT_CLOSURE_MATRIX.md	1341	1359	ppg_system_fault_abort_supervisor.v:102	forward	`ppg_system_fault_abort_supervisor.v` `i_measurement_result_discard_event`
PPG_CONTRACT_CLOSURE_MATRIX.md	1341	1359	ppg_control_top.v:1422	forward	`ppg_control_top.v` `i_measurement_result_discard_event`
PPG_CONTRACT_CLOSURE_MATRIX.md	1342	1360	ppg_400hz_frame_calibration_scheduler.v:182	forward	`ppg_400hz_frame_calibration_scheduler.v` `o_normal_frame_active`
PPG_CONTRACT_CLOSURE_MATRIX.md	1342	1360	ppg_control_top.v:953	forward	`ppg_control_top.v` `o_normal_frame_active`
PPG_CONTRACT_CLOSURE_MATRIX.md	1342	1360	ppg_sar9_sar15_safe_selection_wrapper.v:80	forward	`ppg_sar9_sar15_safe_selection_wrapper.v` `i_normal_frame_active`
PPG_CONTRACT_CLOSURE_MATRIX.md	1342	1360	ppg_control_top.v:998	forward	`ppg_control_top.v` `i_normal_frame_active`
PPG_CONTRACT_CLOSURE_MATRIX.md	1343	1361	ppg_adc_measurement_idac_integration.v:351	forward	`ppg_adc_measurement_idac_integration.v` `o_normal_measurement_eligible`
PPG_CONTRACT_CLOSURE_MATRIX.md	1343	1361	ppg_control_top.v:1329	forward	`ppg_control_top.v` `o_normal_measurement_eligible`
PPG_CONTRACT_CLOSURE_MATRIX.md	1343	1361	ppg_400hz_frame_calibration_scheduler.v:96	forward	`ppg_400hz_frame_calibration_scheduler.v` `i_normal_measurement_eligible`
PPG_CONTRACT_CLOSURE_MATRIX.md	1343	1361	ppg_control_top.v:881	forward	`ppg_control_top.v` `i_normal_measurement_eligible`
PPG_CONTRACT_CLOSURE_MATRIX.md	1344	1362	ppg_active_v4_control_plane_integration.v:107	forward	`ppg_active_v4_control_plane_integration.v` `o_optical_mode`
PPG_CONTRACT_CLOSURE_MATRIX.md	1344	1362	ppg_control_top.v:769	forward	`ppg_control_top.v` `o_optical_mode`
PPG_CONTRACT_CLOSURE_MATRIX.md	1344	1362	ppg_sar9_sar15_safe_selection_wrapper.v:88	forward	`ppg_sar9_sar15_safe_selection_wrapper.v` `i_optical_mode`
PPG_CONTRACT_CLOSURE_MATRIX.md	1344	1362	ppg_control_top.v:1004	forward	`ppg_control_top.v` `i_optical_mode`
PPG_CONTRACT_CLOSURE_MATRIX.md	1344	1362	ppg_active_v4_control_plane_integration.v:107	forward	`ppg_active_v4_control_plane_integration.v` `o_optical_mode`
PPG_CONTRACT_CLOSURE_MATRIX.md	1344	1362	ppg_control_top.v:769	forward	`ppg_control_top.v` `o_optical_mode`
PPG_CONTRACT_CLOSURE_MATRIX.md	1344	1362	ppg_400hz_frame_calibration_scheduler.v:94	forward	`ppg_400hz_frame_calibration_scheduler.v` `i_optical_mode`
PPG_CONTRACT_CLOSURE_MATRIX.md	1344	1362	ppg_control_top.v:879	forward	`ppg_control_top.v` `i_optical_mode`
PPG_CONTRACT_CLOSURE_MATRIX.md	1345	1363	ppg_adc_measurement_idac_integration.v:306	forward	`ppg_adc_measurement_idac_integration.v` `o_active_precision_mode`
PPG_CONTRACT_CLOSURE_MATRIX.md	1345	1363	ppg_control_top.v:1288	forward	`ppg_control_top.v` `o_active_precision_mode`
PPG_CONTRACT_CLOSURE_MATRIX.md	1345	1363	ppg_sar9_sar15_safe_selection_wrapper.v:89	forward	`ppg_sar9_sar15_safe_selection_wrapper.v` `i_precision_mode_committed`
PPG_CONTRACT_CLOSURE_MATRIX.md	1345	1363	ppg_control_top.v:1005	forward	`ppg_control_top.v` `i_precision_mode_committed`
PPG_CONTRACT_CLOSURE_MATRIX.md	1346	1364	ppg_system_fault_abort_supervisor.v:60	forward	`ppg_system_fault_abort_supervisor.v` `i_rstn`
PPG_CONTRACT_CLOSURE_MATRIX.md	1346	1364	ppg_control_top.v:1388	forward	`ppg_control_top.v` `i_rstn`
PPG_CONTRACT_CLOSURE_MATRIX.md	1346	1364	ppg_adc_measurement_idac_integration.v:96	forward	`ppg_adc_measurement_idac_integration.v` `i_rstn`
PPG_CONTRACT_CLOSURE_MATRIX.md	1346	1364	ppg_control_top.v:1106	forward	`ppg_control_top.v` `i_rstn`
PPG_CONTRACT_CLOSURE_MATRIX.md	1346	1364	ppg_sar9_sar15_safe_selection_wrapper.v:68	forward	`ppg_sar9_sar15_safe_selection_wrapper.v` `i_rstn`
PPG_CONTRACT_CLOSURE_MATRIX.md	1346	1364	ppg_control_top.v:988	forward	`ppg_control_top.v` `i_rstn`
PPG_CONTRACT_CLOSURE_MATRIX.md	1346	1364	ppg_400hz_frame_calibration_scheduler.v:79	forward	`ppg_400hz_frame_calibration_scheduler.v` `i_rstn`
PPG_CONTRACT_CLOSURE_MATRIX.md	1346	1364	ppg_control_top.v:868	forward	`ppg_control_top.v` `i_rstn`
PPG_CONTRACT_CLOSURE_MATRIX.md	1346	1364	ppg_characterization_control_cdc.v:49	forward	`ppg_characterization_control_cdc.v` `i_rstn`
PPG_CONTRACT_CLOSURE_MATRIX.md	1346	1364	ppg_control_top.v:841	forward	`ppg_control_top.v` `i_rstn`
PPG_CONTRACT_CLOSURE_MATRIX.md	1346	1364	ppg_active_v4_control_plane_integration.v:59	forward	`ppg_active_v4_control_plane_integration.v` `i_rstn`
PPG_CONTRACT_CLOSURE_MATRIX.md	1346	1364	ppg_control_top.v:733	forward	`ppg_control_top.v` `i_rstn`
PPG_CONTRACT_CLOSURE_MATRIX.md	1346	1364	ppg_control_top.v:97	forward	`ppg_control_top.v` `i_rstn`
PPG_CONTRACT_CLOSURE_MATRIX.md	1347	1365	ppg_active_v4_control_plane_integration.v:88	forward	`ppg_active_v4_control_plane_integration.v` `o_run_enable`
PPG_CONTRACT_CLOSURE_MATRIX.md	1347	1365	ppg_control_top.v:754	forward	`ppg_control_top.v` `o_run_enable`
PPG_CONTRACT_CLOSURE_MATRIX.md	1347	1365	ppg_characterization_control_cdc.v:64	forward	`ppg_characterization_control_cdc.v` `o_static_characterization_enable`
PPG_CONTRACT_CLOSURE_MATRIX.md	1347	1365	ppg_control_top.v:848	forward	`ppg_control_top.v` `o_static_characterization_enable`
PPG_CONTRACT_CLOSURE_MATRIX.md	1347	1365	`:409`	forward	`ppg_control_top.v` `i_run_enable`
PPG_CONTRACT_CLOSURE_MATRIX.md	1347	1365	ppg_adc_measurement_idac_integration.v:100	forward	`ppg_adc_measurement_idac_integration.v` `i_run_enable`
PPG_CONTRACT_CLOSURE_MATRIX.md	1347	1365	ppg_control_top.v:1108	forward	`ppg_control_top.v` `i_run_enable`
PPG_CONTRACT_CLOSURE_MATRIX.md	1347	1365	ppg_active_v4_control_plane_integration.v:88	forward	`ppg_active_v4_control_plane_integration.v` `o_run_enable`
PPG_CONTRACT_CLOSURE_MATRIX.md	1347	1365	ppg_control_top.v:754	forward	`ppg_control_top.v` `o_run_enable`
PPG_CONTRACT_CLOSURE_MATRIX.md	1347	1365	`:408`	forward	`ppg_control_top.v` `wrapper_run_enable_o`、`measurement_run_enable`
PPG_CONTRACT_CLOSURE_MATRIX.md	1347	1365	ppg_sar9_sar15_safe_selection_wrapper.v:69	forward	`ppg_sar9_sar15_safe_selection_wrapper.v` `i_run_enable`
PPG_CONTRACT_CLOSURE_MATRIX.md	1347	1365	ppg_control_top.v:989	forward	`ppg_control_top.v` `i_run_enable`
PPG_CONTRACT_CLOSURE_MATRIX.md	1347	1365	ppg_active_v4_control_plane_integration.v:88	forward	`ppg_active_v4_control_plane_integration.v` `o_run_enable`
PPG_CONTRACT_CLOSURE_MATRIX.md	1347	1365	ppg_control_top.v:754	forward	`ppg_control_top.v` `o_run_enable`
PPG_CONTRACT_CLOSURE_MATRIX.md	1347	1365	ppg_characterization_control_cdc.v:64	forward	`ppg_characterization_control_cdc.v` `o_static_characterization_enable`
PPG_CONTRACT_CLOSURE_MATRIX.md	1347	1365	ppg_control_top.v:848	forward	`ppg_control_top.v` `o_static_characterization_enable`
PPG_CONTRACT_CLOSURE_MATRIX.md	1347	1365	`:409`	forward	`ppg_control_top.v` `i_run_enable`
PPG_CONTRACT_CLOSURE_MATRIX.md	1347	1365	ppg_400hz_frame_calibration_scheduler.v:83	forward	`ppg_400hz_frame_calibration_scheduler.v` `i_run_enable`
PPG_CONTRACT_CLOSURE_MATRIX.md	1347	1365	ppg_control_top.v:870	forward	`ppg_control_top.v` `i_run_enable`
PPG_CONTRACT_CLOSURE_MATRIX.md	1347	1365	ppg_active_v4_control_plane_integration.v:88	forward	`ppg_active_v4_control_plane_integration.v` `o_run_enable`
PPG_CONTRACT_CLOSURE_MATRIX.md	1347	1365	ppg_control_top.v:754	forward	`ppg_control_top.v` `o_run_enable`
PPG_CONTRACT_CLOSURE_MATRIX.md	1347	1365	ppg_characterization_control_cdc.v:57	forward	`ppg_characterization_control_cdc.v` `i_run_enable`
PPG_CONTRACT_CLOSURE_MATRIX.md	1347	1365	ppg_control_top.v:845	forward	`ppg_control_top.v` `i_run_enable`
PPG_CONTRACT_CLOSURE_MATRIX.md	1348	1366	ppg_active_v4_control_plane_integration.v:90	forward	`ppg_active_v4_control_plane_integration.v` `o_run_generation`
PPG_CONTRACT_CLOSURE_MATRIX.md	1348	1366	ppg_control_top.v:756	forward	`ppg_control_top.v` `o_run_generation`
PPG_CONTRACT_CLOSURE_MATRIX.md	1348	1366	ppg_adc_measurement_idac_integration.v:106	forward	`ppg_adc_measurement_idac_integration.v` `i_run_generation`
PPG_CONTRACT_CLOSURE_MATRIX.md	1348	1366	ppg_control_top.v:1114	forward	`ppg_control_top.v` `i_run_generation`
PPG_CONTRACT_CLOSURE_MATRIX.md	1348	1366	ppg_active_v4_control_plane_integration.v:90	forward	`ppg_active_v4_control_plane_integration.v` `o_run_generation`
PPG_CONTRACT_CLOSURE_MATRIX.md	1348	1366	ppg_control_top.v:756	forward	`ppg_control_top.v` `o_run_generation`
PPG_CONTRACT_CLOSURE_MATRIX.md	1348	1366	ppg_sar9_sar15_safe_selection_wrapper.v:74	forward	`ppg_sar9_sar15_safe_selection_wrapper.v` `i_run_generation`
PPG_CONTRACT_CLOSURE_MATRIX.md	1348	1366	ppg_control_top.v:994	forward	`ppg_control_top.v` `i_run_generation`
PPG_CONTRACT_CLOSURE_MATRIX.md	1348	1366	ppg_active_v4_control_plane_integration.v:90	forward	`ppg_active_v4_control_plane_integration.v` `o_run_generation`
PPG_CONTRACT_CLOSURE_MATRIX.md	1348	1366	ppg_control_top.v:756	forward	`ppg_control_top.v` `o_run_generation`
PPG_CONTRACT_CLOSURE_MATRIX.md	1348	1366	ppg_400hz_frame_calibration_scheduler.v:89	forward	`ppg_400hz_frame_calibration_scheduler.v` `i_run_generation`
PPG_CONTRACT_CLOSURE_MATRIX.md	1348	1366	ppg_control_top.v:876	forward	`ppg_control_top.v` `i_run_generation`
PPG_CONTRACT_CLOSURE_MATRIX.md	1349	1367	ppg_active_v4_control_plane_integration.v:104	forward	`ppg_active_v4_control_plane_integration.v` `o_run_profile`
PPG_CONTRACT_CLOSURE_MATRIX.md	1349	1367	ppg_control_top.v:766	forward	`ppg_control_top.v` `o_run_profile`
PPG_CONTRACT_CLOSURE_MATRIX.md	1349	1367	ppg_adc_measurement_idac_integration.v:244	forward	`ppg_adc_measurement_idac_integration.v` `i_run_profile`
PPG_CONTRACT_CLOSURE_MATRIX.md	1349	1367	ppg_control_top.v:1230	forward	`ppg_control_top.v` `i_run_profile`
PPG_CONTRACT_CLOSURE_MATRIX.md	1349	1367	ppg_active_v4_control_plane_integration.v:104	forward	`ppg_active_v4_control_plane_integration.v` `o_run_profile`
PPG_CONTRACT_CLOSURE_MATRIX.md	1349	1367	ppg_control_top.v:766	forward	`ppg_control_top.v` `o_run_profile`
PPG_CONTRACT_CLOSURE_MATRIX.md	1349	1367	ppg_sar9_sar15_safe_selection_wrapper.v:86	forward	`ppg_sar9_sar15_safe_selection_wrapper.v` `i_run_profile`
PPG_CONTRACT_CLOSURE_MATRIX.md	1349	1367	ppg_control_top.v:1002	forward	`ppg_control_top.v` `i_run_profile`
PPG_CONTRACT_CLOSURE_MATRIX.md	1349	1367	ppg_active_v4_control_plane_integration.v:104	forward	`ppg_active_v4_control_plane_integration.v` `o_run_profile`
PPG_CONTRACT_CLOSURE_MATRIX.md	1349	1367	ppg_control_top.v:766	forward	`ppg_control_top.v` `o_run_profile`
PPG_CONTRACT_CLOSURE_MATRIX.md	1349	1367	ppg_400hz_frame_calibration_scheduler.v:92	forward	`ppg_400hz_frame_calibration_scheduler.v` `i_run_profile`
PPG_CONTRACT_CLOSURE_MATRIX.md	1349	1367	ppg_control_top.v:877	forward	`ppg_control_top.v` `i_run_profile`
PPG_CONTRACT_CLOSURE_MATRIX.md	1350	1368	ppg_400hz_frame_calibration_scheduler.v:173	forward	`ppg_400hz_frame_calibration_scheduler.v` `o_safe_frame_id`
PPG_CONTRACT_CLOSURE_MATRIX.md	1350	1368	ppg_control_top.v:946	forward	`ppg_control_top.v` `o_safe_frame_id`
PPG_CONTRACT_CLOSURE_MATRIX.md	1350	1368	ppg_adc_measurement_idac_integration.v:145	forward	`ppg_adc_measurement_idac_integration.v` `i_safe_frame_id`
PPG_CONTRACT_CLOSURE_MATRIX.md	1350	1368	ppg_control_top.v:1143	forward	`ppg_control_top.v` `i_safe_frame_id`
PPG_CONTRACT_CLOSURE_MATRIX.md	1351	1369	ppg_sar9_sar15_safe_selection_wrapper.v:163	forward	`ppg_sar9_sar15_safe_selection_wrapper.v` `o_sar_timing_idle`
PPG_CONTRACT_CLOSURE_MATRIX.md	1351	1369	ppg_control_top.v:1067	forward	`ppg_control_top.v` `o_sar_timing_idle`
PPG_CONTRACT_CLOSURE_MATRIX.md	1351	1369	ppg_400hz_frame_calibration_scheduler.v:166	forward	`ppg_400hz_frame_calibration_scheduler.v` `i_sar_timing_idle`
PPG_CONTRACT_CLOSURE_MATRIX.md	1351	1369	ppg_control_top.v:941	forward	`ppg_control_top.v` `i_sar_timing_idle`
PPG_CONTRACT_CLOSURE_MATRIX.md	1352	1370	ppg_characterization_control_cdc.v:52	forward	`ppg_characterization_control_cdc.v` `i_source_update_valid`
PPG_CONTRACT_CLOSURE_MATRIX.md	1352	1370	ppg_control_top.v:842	forward	`ppg_control_top.v` `i_source_update_valid`
PPG_CONTRACT_CLOSURE_MATRIX.md	1352	1370	ppg_control_top.v:106	forward	`ppg_control_top.v` `i_source_characterization_update_valid`
PPG_CONTRACT_CLOSURE_MATRIX.md	1353	1371	`:98`	forward	`ppg_characterization_control_cdc.v` `i_source_clk`
PPG_CONTRACT_CLOSURE_MATRIX.md	1353	1371	`:201`	forward	§4.1 输入
PPG_CONTRACT_CLOSURE_MATRIX.md	1353	1371	`:838`	forward	`ppg_characterization_control_cdc.v` `i_source_clk`
PPG_CONTRACT_CLOSURE_MATRIX.md	1353	1371	ppg_characterization_control_cdc.v:46	forward	`ppg_characterization_control_cdc.v` `i_source_clk`
PPG_CONTRACT_CLOSURE_MATRIX.md	1353	1371	ppg_control_top.v:838	forward	`ppg_control_top.v` `i_source_clk`
PPG_CONTRACT_CLOSURE_MATRIX.md	1353	1371	ppg_active_v4_control_plane_integration.v:52	forward	`ppg_active_v4_control_plane_integration.v` `i_source_clk`
PPG_CONTRACT_CLOSURE_MATRIX.md	1353	1371	ppg_control_top.v:728	forward	`ppg_control_top.v` `i_source_clk`
PPG_CONTRACT_CLOSURE_MATRIX.md	1353	1371	ppg_control_top.v:98	forward	`ppg_control_top.v` `i_source_clk`
PPG_CONTRACT_CLOSURE_MATRIX.md	1354	1372	`:839`	forward	`ppg_characterization_control_cdc.v` `i_source_rstn`
PPG_CONTRACT_CLOSURE_MATRIX.md	1354	1372	ppg_characterization_control_cdc.v:47	forward	`ppg_characterization_control_cdc.v` `i_source_rstn`
PPG_CONTRACT_CLOSURE_MATRIX.md	1354	1372	ppg_control_top.v:839	forward	`ppg_control_top.v` `i_source_rstn`
PPG_CONTRACT_CLOSURE_MATRIX.md	1354	1372	ppg_active_v4_control_plane_integration.v:53	forward	`ppg_active_v4_control_plane_integration.v` `i_source_rstn`
PPG_CONTRACT_CLOSURE_MATRIX.md	1354	1372	ppg_control_top.v:729	forward	`ppg_control_top.v` `i_source_rstn`
PPG_CONTRACT_CLOSURE_MATRIX.md	1354	1372	ppg_control_top.v:99	forward	`ppg_control_top.v` `i_source_rstn`
PPG_CONTRACT_CLOSURE_MATRIX.md	1355	1373	ppg_characterization_control_cdc.v:53	forward	`ppg_characterization_control_cdc.v` `i_source_static_characterization_enable`
PPG_CONTRACT_CLOSURE_MATRIX.md	1355	1373	ppg_control_top.v:843	forward	`ppg_control_top.v` `i_source_static_characterization_enable`
PPG_CONTRACT_CLOSURE_MATRIX.md	1355	1373	ppg_control_top.v:107	forward	`ppg_control_top.v` `i_source_static_characterization_enable`
PPG_CONTRACT_CLOSURE_MATRIX.md	1356	1374	`:106`	forward	`ppg_characterization_control_cdc.v` `i_source_update_valid`
PPG_CONTRACT_CLOSURE_MATRIX.md	1356	1374	ppg_characterization_control_cdc.v:52	forward	`ppg_characterization_control_cdc.v` `i_source_update_valid`
PPG_CONTRACT_CLOSURE_MATRIX.md	1356	1374	ppg_control_top.v:842	forward	`ppg_control_top.v` `i_source_update_valid`
PPG_CONTRACT_CLOSURE_MATRIX.md	1357	1375	ppg_sar9_sar15_safe_selection_wrapper.v:173	forward	`ppg_sar9_sar15_safe_selection_wrapper.v` `o_wrapper_fault_blocking`
PPG_CONTRACT_CLOSURE_MATRIX.md	1357	1375	ppg_control_top.v:1077	forward	`ppg_control_top.v` `o_wrapper_fault_blocking`
PPG_CONTRACT_CLOSURE_MATRIX.md	1357	1375	ppg_400hz_frame_calibration_scheduler.v:99	forward	`ppg_400hz_frame_calibration_scheduler.v` `i_ssw_fault_blocking`
PPG_CONTRACT_CLOSURE_MATRIX.md	1357	1375	ppg_control_top.v:884	forward	`ppg_control_top.v` `i_ssw_fault_blocking`
PPG_CONTRACT_CLOSURE_MATRIX.md	1358	1376	ppg_characterization_control_cdc.v:64	forward	`ppg_characterization_control_cdc.v` `o_static_characterization_enable`
PPG_CONTRACT_CLOSURE_MATRIX.md	1358	1376	ppg_control_top.v:848	forward	`ppg_control_top.v` `o_static_characterization_enable`
PPG_CONTRACT_CLOSURE_MATRIX.md	1358	1376	ppg_active_v4_control_plane_integration.v:95	forward	`ppg_active_v4_control_plane_integration.v` `o_start_ack_event`
PPG_CONTRACT_CLOSURE_MATRIX.md	1358	1376	ppg_control_top.v:759	forward	`ppg_control_top.v` `o_start_ack_event`
PPG_CONTRACT_CLOSURE_MATRIX.md	1358	1376	`:412`	forward	`ppg_control_top.v` `flag_measurement_start_ack_event`、`flag_analog_start_ack_event`
PPG_CONTRACT_CLOSURE_MATRIX.md	1358	1376	ppg_adc_measurement_idac_integration.v:102	forward	`ppg_adc_measurement_idac_integration.v` `i_start_ack_event`
PPG_CONTRACT_CLOSURE_MATRIX.md	1358	1376	ppg_control_top.v:1110	forward	`ppg_control_top.v` `i_start_ack_event`
PPG_CONTRACT_CLOSURE_MATRIX.md	1358	1376	ppg_active_v4_control_plane_integration.v:95	forward	`ppg_active_v4_control_plane_integration.v` `o_start_ack_event`
PPG_CONTRACT_CLOSURE_MATRIX.md	1358	1376	ppg_control_top.v:759	forward	`ppg_control_top.v` `o_start_ack_event`
PPG_CONTRACT_CLOSURE_MATRIX.md	1358	1376	`:411`	forward	`ppg_control_top.v` `flag_measurement_start_ack_event`、`flag_analog_start_ack_event`
PPG_CONTRACT_CLOSURE_MATRIX.md	1358	1376	ppg_sar9_sar15_safe_selection_wrapper.v:70	forward	`ppg_sar9_sar15_safe_selection_wrapper.v` `i_start_ack_event`
PPG_CONTRACT_CLOSURE_MATRIX.md	1358	1376	ppg_control_top.v:990	forward	`ppg_control_top.v` `i_start_ack_event`
PPG_CONTRACT_CLOSURE_MATRIX.md	1358	1376	ppg_characterization_control_cdc.v:64	forward	`ppg_characterization_control_cdc.v` `o_static_characterization_enable`
PPG_CONTRACT_CLOSURE_MATRIX.md	1358	1376	ppg_control_top.v:848	forward	`ppg_control_top.v` `o_static_characterization_enable`
PPG_CONTRACT_CLOSURE_MATRIX.md	1358	1376	ppg_active_v4_control_plane_integration.v:95	forward	`ppg_active_v4_control_plane_integration.v` `o_start_ack_event`
PPG_CONTRACT_CLOSURE_MATRIX.md	1358	1376	ppg_control_top.v:759	forward	`ppg_control_top.v` `o_start_ack_event`
PPG_CONTRACT_CLOSURE_MATRIX.md	1358	1376	`:412`	forward	`ppg_control_top.v` `flag_measurement_start_ack_event`、`flag_analog_start_ack_event`
PPG_CONTRACT_CLOSURE_MATRIX.md	1358	1376	ppg_400hz_frame_calibration_scheduler.v:85	forward	`ppg_400hz_frame_calibration_scheduler.v` `i_start_ack_event`
PPG_CONTRACT_CLOSURE_MATRIX.md	1358	1376	ppg_control_top.v:872	forward	`ppg_control_top.v` `i_start_ack_event`
PPG_CONTRACT_CLOSURE_MATRIX.md	1359	1377	ppg_characterization_control_cdc.v:64	forward	`ppg_characterization_control_cdc.v` `o_static_characterization_enable`
PPG_CONTRACT_CLOSURE_MATRIX.md	1359	1377	ppg_control_top.v:848	forward	`ppg_control_top.v` `o_static_characterization_enable`
PPG_CONTRACT_CLOSURE_MATRIX.md	1359	1377	ppg_sar9_sar15_safe_selection_wrapper.v:90	forward	`ppg_sar9_sar15_safe_selection_wrapper.v` `i_static_characterization_enable`
PPG_CONTRACT_CLOSURE_MATRIX.md	1359	1377	ppg_control_top.v:1006	forward	`ppg_control_top.v` `i_static_characterization_enable`
PPG_CONTRACT_CLOSURE_MATRIX.md	1359	1377	ppg_characterization_control_cdc.v:64	forward	`ppg_characterization_control_cdc.v` `o_static_characterization_enable`
PPG_CONTRACT_CLOSURE_MATRIX.md	1359	1377	ppg_control_top.v:848	forward	`ppg_control_top.v` `o_static_characterization_enable`
PPG_CONTRACT_CLOSURE_MATRIX.md	1359	1377	ppg_active_v4_control_plane_integration.v:71	forward	`ppg_active_v4_control_plane_integration.v` `i_static_characterization_enable`
PPG_CONTRACT_CLOSURE_MATRIX.md	1359	1377	ppg_control_top.v:743	forward	`ppg_control_top.v` `i_static_characterization_enable`
PPG_CONTRACT_CLOSURE_MATRIX.md	1360	1378	ppg_active_v4_control_plane_integration.v:96	forward	`ppg_active_v4_control_plane_integration.v` `o_stop_ack_event`
PPG_CONTRACT_CLOSURE_MATRIX.md	1360	1378	ppg_control_top.v:760	forward	`ppg_control_top.v` `o_stop_ack_event`
PPG_CONTRACT_CLOSURE_MATRIX.md	1360	1378	ppg_adc_measurement_idac_integration.v:103	forward	`ppg_adc_measurement_idac_integration.v` `i_stop_ack_event`
PPG_CONTRACT_CLOSURE_MATRIX.md	1360	1378	ppg_control_top.v:1111	forward	`ppg_control_top.v` `i_stop_ack_event`
PPG_CONTRACT_CLOSURE_MATRIX.md	1360	1378	ppg_active_v4_control_plane_integration.v:96	forward	`ppg_active_v4_control_plane_integration.v` `o_stop_ack_event`
PPG_CONTRACT_CLOSURE_MATRIX.md	1360	1378	ppg_control_top.v:760	forward	`ppg_control_top.v` `o_stop_ack_event`
PPG_CONTRACT_CLOSURE_MATRIX.md	1360	1378	ppg_sar9_sar15_safe_selection_wrapper.v:71	forward	`ppg_sar9_sar15_safe_selection_wrapper.v` `i_stop_ack_event`
PPG_CONTRACT_CLOSURE_MATRIX.md	1360	1378	ppg_control_top.v:991	forward	`ppg_control_top.v` `i_stop_ack_event`
PPG_CONTRACT_CLOSURE_MATRIX.md	1360	1378	ppg_active_v4_control_plane_integration.v:96	forward	`ppg_active_v4_control_plane_integration.v` `o_stop_ack_event`
PPG_CONTRACT_CLOSURE_MATRIX.md	1360	1378	ppg_control_top.v:760	forward	`ppg_control_top.v` `o_stop_ack_event`
PPG_CONTRACT_CLOSURE_MATRIX.md	1360	1378	ppg_400hz_frame_calibration_scheduler.v:86	forward	`ppg_400hz_frame_calibration_scheduler.v` `i_stop_ack_event`
PPG_CONTRACT_CLOSURE_MATRIX.md	1360	1378	ppg_control_top.v:873	forward	`ppg_control_top.v` `i_stop_ack_event`
PPG_CONTRACT_CLOSURE_MATRIX.md	1361	1379	ppg_active_v4_control_plane_integration.v:91	forward	`ppg_active_v4_control_plane_integration.v` `o_stop_episode_active`
PPG_CONTRACT_CLOSURE_MATRIX.md	1361	1379	ppg_control_top.v:757	forward	`ppg_control_top.v` `o_stop_episode_active`
PPG_CONTRACT_CLOSURE_MATRIX.md	1361	1379	ppg_system_fault_abort_supervisor.v:99	forward	`ppg_system_fault_abort_supervisor.v` `i_stop_episode_active`
PPG_CONTRACT_CLOSURE_MATRIX.md	1361	1379	ppg_control_top.v:1419	forward	`ppg_control_top.v` `i_stop_episode_active`
PPG_CONTRACT_CLOSURE_MATRIX.md	1362	1380	`:345`	forward	`ppg_active_v4_control_plane_integration.v` `i_stop_event`
PPG_CONTRACT_CLOSURE_MATRIX.md	1362	1380	`:735`	forward	`ppg_active_v4_control_plane_integration.v` `i_stop_event`
PPG_CONTRACT_CLOSURE_MATRIX.md	1362	1380	ppg_active_v4_control_plane_integration.v:61	forward	`ppg_active_v4_control_plane_integration.v` `i_stop_event`
PPG_CONTRACT_CLOSURE_MATRIX.md	1362	1380	ppg_control_top.v:735	forward	`ppg_control_top.v` `i_stop_event`
PPG_CONTRACT_CLOSURE_MATRIX.md	1362	1380	`:373`	forward	`ppg_control_top.v` `flag_stop_request_event`
PPG_CONTRACT_CLOSURE_MATRIX.md	1362	1380	ppg_control_top.v:112	forward	`ppg_control_top.v` `i_stop_event`
PPG_CONTRACT_CLOSURE_MATRIX.md	1363	1381	ppg_adc_measurement_idac_integration.v:313	forward	`ppg_adc_measurement_idac_integration.v` `o_switch_hold_new_transaction`
PPG_CONTRACT_CLOSURE_MATRIX.md	1363	1381	ppg_control_top.v:1295	forward	`ppg_control_top.v` `o_switch_hold_new_transaction`
PPG_CONTRACT_CLOSURE_MATRIX.md	1363	1381	ppg_400hz_frame_calibration_scheduler.v:97	forward	`ppg_400hz_frame_calibration_scheduler.v` `i_switch_hold_new_transaction`
PPG_CONTRACT_CLOSURE_MATRIX.md	1363	1381	ppg_control_top.v:882	forward	`ppg_control_top.v` `i_switch_hold_new_transaction`
PPG_CONTRACT_CLOSURE_MATRIX.md	1364	1382	ppg_system_fault_abort_supervisor.v:105	forward	`ppg_system_fault_abort_supervisor.v` `o_system_fault_blocking`
PPG_CONTRACT_CLOSURE_MATRIX.md	1364	1382	ppg_control_top.v:1423	forward	`ppg_control_top.v` `o_system_fault_blocking`
PPG_CONTRACT_CLOSURE_MATRIX.md	1364	1382	ppg_active_v4_control_plane_integration.v:70	forward	`ppg_active_v4_control_plane_integration.v` `i_system_fault_blocking`
PPG_CONTRACT_CLOSURE_MATRIX.md	1364	1382	ppg_control_top.v:742	forward	`ppg_control_top.v` `i_system_fault_blocking`
PPG_CONTRACT_CLOSURE_MATRIX.md	1365	1383	ppg_adc_measurement_idac_integration.v:390	forward	`ppg_adc_measurement_idac_integration.v` `i_test_identity_inject_sample_index`
PPG_CONTRACT_CLOSURE_MATRIX.md	1365	1383	ppg_control_top.v:1362	forward	`ppg_control_top.v` `i_test_identity_inject_sample_index`
PPG_CONTRACT_CLOSURE_MATRIX.md	1365	1383	ppg_control_top.v:130	forward	`ppg_control_top.v` `i_test_identity_inject_sample_index`
PPG_CONTRACT_CLOSURE_MATRIX.md	1365	1383	ppg_control_top.v:130	rewrite	`ppg_control_top.v` `i_test_identity_inject_sample_index`
PPG_CONTRACT_CLOSURE_MATRIX.md	1366	1384	ppg_adc_measurement_idac_integration.v:388	forward	`ppg_adc_measurement_idac_integration.v` `i_test_identity_inject_valid`
PPG_CONTRACT_CLOSURE_MATRIX.md	1366	1384	ppg_control_top.v:1360	forward	`ppg_control_top.v` `i_test_identity_inject_valid`
PPG_CONTRACT_CLOSURE_MATRIX.md	1366	1384	ppg_control_top.v:129	forward	`ppg_control_top.v` `i_test_identity_inject_valid`
PPG_CONTRACT_CLOSURE_MATRIX.md	1367	1385	ppg_adc_measurement_idac_integration.v:387	forward	`ppg_adc_measurement_idac_integration.v` `i_test_inject_enable`
PPG_CONTRACT_CLOSURE_MATRIX.md	1367	1385	ppg_control_top.v:1359	forward	`ppg_control_top.v` `i_test_inject_enable`
PPG_CONTRACT_CLOSURE_MATRIX.md	1367	1385	ppg_sar9_sar15_safe_selection_wrapper.v:94	forward	`ppg_sar9_sar15_safe_selection_wrapper.v` `i_test_inject_enable`
PPG_CONTRACT_CLOSURE_MATRIX.md	1367	1385	ppg_control_top.v:1008	forward	`ppg_control_top.v` `i_test_inject_enable`
PPG_CONTRACT_CLOSURE_MATRIX.md	1367	1385	`:396`	forward	`ppg_control_top.v` `flag_test_inject_effective`
PPG_CONTRACT_CLOSURE_MATRIX.md	1367	1385	`:391`	forward	`ppg_control_top.v` `flag_test_inject_mode_latched`
PPG_CONTRACT_CLOSURE_MATRIX.md	1367	1385	ppg_control_top.v:128	forward	`ppg_control_top.v` `i_test_inject_enable`
PPG_CONTRACT_CLOSURE_MATRIX.md	1368	1386	ppg_adc_measurement_idac_integration.v:391	forward	`ppg_adc_measurement_idac_integration.v` `i_test_invalid_sample_valid`
PPG_CONTRACT_CLOSURE_MATRIX.md	1368	1386	ppg_control_top.v:1363	forward	`ppg_control_top.v` `i_test_invalid_sample_valid`
PPG_CONTRACT_CLOSURE_MATRIX.md	1368	1386	ppg_control_top.v:131	forward	`ppg_control_top.v` `i_test_invalid_sample_valid`
PPG_CONTRACT_CLOSURE_MATRIX.md	1369	1387	ppg_400hz_frame_calibration_scheduler.v:145	forward	`ppg_400hz_frame_calibration_scheduler.v` `o_transaction_amb_code_epoch`
PPG_CONTRACT_CLOSURE_MATRIX.md	1369	1387	ppg_control_top.v:922	forward	`ppg_control_top.v` `o_transaction_amb_code_epoch`
PPG_CONTRACT_CLOSURE_MATRIX.md	1369	1387	ppg_adc_measurement_idac_integration.v:133	forward	`ppg_adc_measurement_idac_integration.v` `i_transaction_amb_code_epoch`
PPG_CONTRACT_CLOSURE_MATRIX.md	1369	1387	ppg_control_top.v:1133	forward	`ppg_control_top.v` `i_transaction_amb_code_epoch`
PPG_CONTRACT_CLOSURE_MATRIX.md	1370	1388	ppg_400hz_frame_calibration_scheduler.v:143	forward	`ppg_400hz_frame_calibration_scheduler.v` `o_transaction_amb_code_snapshot`
PPG_CONTRACT_CLOSURE_MATRIX.md	1370	1388	ppg_control_top.v:920	forward	`ppg_control_top.v` `o_transaction_amb_code_snapshot`
PPG_CONTRACT_CLOSURE_MATRIX.md	1370	1388	ppg_adc_measurement_idac_integration.v:131	forward	`ppg_adc_measurement_idac_integration.v` `i_transaction_amb_code_snapshot`
PPG_CONTRACT_CLOSURE_MATRIX.md	1370	1388	ppg_control_top.v:1131	forward	`ppg_control_top.v` `i_transaction_amb_code_snapshot`
PPG_CONTRACT_CLOSURE_MATRIX.md	1371	1389	ppg_400hz_frame_calibration_scheduler.v:141	forward	`ppg_400hz_frame_calibration_scheduler.v` `o_transaction_color_ir`
PPG_CONTRACT_CLOSURE_MATRIX.md	1371	1389	ppg_control_top.v:918	forward	`ppg_control_top.v` `o_transaction_color_ir`
PPG_CONTRACT_CLOSURE_MATRIX.md	1371	1389	ppg_adc_measurement_idac_integration.v:129	forward	`ppg_adc_measurement_idac_integration.v` `i_transaction_color_ir`
PPG_CONTRACT_CLOSURE_MATRIX.md	1371	1389	ppg_control_top.v:1129	forward	`ppg_control_top.v` `i_transaction_color_ir`
PPG_CONTRACT_CLOSURE_MATRIX.md	1372	1390	ppg_400hz_frame_calibration_scheduler.v:146	forward	`ppg_400hz_frame_calibration_scheduler.v` `o_transaction_dc_code_epoch`
PPG_CONTRACT_CLOSURE_MATRIX.md	1372	1390	ppg_control_top.v:923	forward	`ppg_control_top.v` `o_transaction_dc_code_epoch`
PPG_CONTRACT_CLOSURE_MATRIX.md	1372	1390	ppg_adc_measurement_idac_integration.v:134	forward	`ppg_adc_measurement_idac_integration.v` `i_transaction_dc_code_epoch`
PPG_CONTRACT_CLOSURE_MATRIX.md	1372	1390	ppg_control_top.v:1134	forward	`ppg_control_top.v` `i_transaction_dc_code_epoch`
PPG_CONTRACT_CLOSURE_MATRIX.md	1373	1391	ppg_400hz_frame_calibration_scheduler.v:144	forward	`ppg_400hz_frame_calibration_scheduler.v` `o_transaction_dc_code_snapshot`
PPG_CONTRACT_CLOSURE_MATRIX.md	1373	1391	ppg_control_top.v:921	forward	`ppg_control_top.v` `o_transaction_dc_code_snapshot`
PPG_CONTRACT_CLOSURE_MATRIX.md	1373	1391	ppg_adc_measurement_idac_integration.v:132	forward	`ppg_adc_measurement_idac_integration.v` `i_transaction_dc_code_snapshot`
PPG_CONTRACT_CLOSURE_MATRIX.md	1373	1391	ppg_control_top.v:1132	forward	`ppg_control_top.v` `i_transaction_dc_code_snapshot`
PPG_CONTRACT_CLOSURE_MATRIX.md	1374	1392	ppg_400hz_frame_calibration_scheduler.v:139	forward	`ppg_400hz_frame_calibration_scheduler.v` `o_transaction_frame_id`
PPG_CONTRACT_CLOSURE_MATRIX.md	1374	1392	ppg_control_top.v:916	forward	`ppg_control_top.v` `o_transaction_frame_id`
PPG_CONTRACT_CLOSURE_MATRIX.md	1374	1392	ppg_adc_measurement_idac_integration.v:127	forward	`ppg_adc_measurement_idac_integration.v` `i_transaction_frame_id`
PPG_CONTRACT_CLOSURE_MATRIX.md	1374	1392	ppg_control_top.v:1127	forward	`ppg_control_top.v` `i_transaction_frame_id`
PPG_CONTRACT_CLOSURE_MATRIX.md	1375	1393	ppg_400hz_frame_calibration_scheduler.v:142	forward	`ppg_400hz_frame_calibration_scheduler.v` `o_transaction_frame_type`
PPG_CONTRACT_CLOSURE_MATRIX.md	1375	1393	ppg_control_top.v:919	forward	`ppg_control_top.v` `o_transaction_frame_type`
PPG_CONTRACT_CLOSURE_MATRIX.md	1375	1393	ppg_adc_measurement_idac_integration.v:130	forward	`ppg_adc_measurement_idac_integration.v` `i_transaction_frame_type`
PPG_CONTRACT_CLOSURE_MATRIX.md	1375	1393	ppg_control_top.v:1130	forward	`ppg_control_top.v` `i_transaction_frame_type`
PPG_CONTRACT_CLOSURE_MATRIX.md	1376	1394	ppg_400hz_frame_calibration_scheduler.v:138	forward	`ppg_400hz_frame_calibration_scheduler.v` `o_transaction_precision_mode`
PPG_CONTRACT_CLOSURE_MATRIX.md	1376	1394	ppg_control_top.v:915	forward	`ppg_control_top.v` `o_transaction_precision_mode`
PPG_CONTRACT_CLOSURE_MATRIX.md	1376	1394	ppg_adc_measurement_idac_integration.v:126	forward	`ppg_adc_measurement_idac_integration.v` `i_transaction_precision_mode`
PPG_CONTRACT_CLOSURE_MATRIX.md	1376	1394	ppg_control_top.v:1126	forward	`ppg_control_top.v` `i_transaction_precision_mode`
PPG_CONTRACT_CLOSURE_MATRIX.md	1377	1395	ppg_400hz_frame_calibration_scheduler.v:140	forward	`ppg_400hz_frame_calibration_scheduler.v` `o_transaction_sample_index`
PPG_CONTRACT_CLOSURE_MATRIX.md	1377	1395	ppg_control_top.v:917	forward	`ppg_control_top.v` `o_transaction_sample_index`
PPG_CONTRACT_CLOSURE_MATRIX.md	1377	1395	ppg_adc_measurement_idac_integration.v:128	forward	`ppg_adc_measurement_idac_integration.v` `i_transaction_sample_index`
PPG_CONTRACT_CLOSURE_MATRIX.md	1377	1395	ppg_control_top.v:1128	forward	`ppg_control_top.v` `i_transaction_sample_index`
PPG_CONTRACT_CLOSURE_MATRIX.md	1378	1396	ppg_400hz_frame_calibration_scheduler.v:135	forward	`ppg_400hz_frame_calibration_scheduler.v` `o_transaction_start_valid`
PPG_CONTRACT_CLOSURE_MATRIX.md	1378	1396	ppg_control_top.v:912	forward	`ppg_control_top.v` `o_transaction_start_valid`
PPG_CONTRACT_CLOSURE_MATRIX.md	1378	1396	ppg_adc_measurement_idac_integration.v:118	forward	`ppg_adc_measurement_idac_integration.v` `i_transaction_start_valid`
PPG_CONTRACT_CLOSURE_MATRIX.md	1378	1396	ppg_control_top.v:1120	forward	`ppg_control_top.v` `i_transaction_start_valid`
PPG_CONTRACT_CLOSURE_MATRIX.md	1379	1397	ppg_adc_measurement_idac_integration.v:306	forward	`ppg_adc_measurement_idac_integration.v` `o_active_precision_mode`
PPG_CONTRACT_CLOSURE_MATRIX.md	1379	1397	ppg_control_top.v:1288	forward	`ppg_control_top.v` `o_active_precision_mode`
PPG_CONTRACT_CLOSURE_MATRIX.md	1379	1397	`:1526`	forward	`ppg_control_top.v` `o_active_precision_mode`
PPG_CONTRACT_CLOSURE_MATRIX.md	1379	1397	ppg_control_top.v:220	forward	`ppg_control_top.v` `o_active_precision_mode`
PPG_CONTRACT_CLOSURE_MATRIX.md	1380	1398	ppg_adc_measurement_idac_integration.v:99	forward	`ppg_adc_measurement_idac_integration.v` `i_active_config_valid`
PPG_CONTRACT_CLOSURE_MATRIX.md	1380	1398	ppg_control_top.v:1107	forward	`ppg_control_top.v` `i_active_config_valid`
PPG_CONTRACT_CLOSURE_MATRIX.md	1380	1398	ppg_400hz_frame_calibration_scheduler.v:82	forward	`ppg_400hz_frame_calibration_scheduler.v` `i_active_config_valid`
PPG_CONTRACT_CLOSURE_MATRIX.md	1380	1398	ppg_control_top.v:869	forward	`ppg_control_top.v` `i_active_config_valid`
PPG_CONTRACT_CLOSURE_MATRIX.md	1380	1398	ppg_active_v4_control_plane_integration.v:79	forward	`ppg_active_v4_control_plane_integration.v` `o_active_valid`
PPG_CONTRACT_CLOSURE_MATRIX.md	1380	1398	ppg_control_top.v:747	forward	`ppg_control_top.v` `o_active_valid`
PPG_CONTRACT_CLOSURE_MATRIX.md	1381	1399	ppg_adc_measurement_idac_integration.v:101	forward	`ppg_adc_measurement_idac_integration.v` `i_allow_new_transaction`
PPG_CONTRACT_CLOSURE_MATRIX.md	1381	1399	ppg_control_top.v:1109	forward	`ppg_control_top.v` `i_allow_new_transaction`
PPG_CONTRACT_CLOSURE_MATRIX.md	1381	1399	ppg_400hz_frame_calibration_scheduler.v:84	forward	`ppg_400hz_frame_calibration_scheduler.v` `i_allow_new_transaction`
PPG_CONTRACT_CLOSURE_MATRIX.md	1381	1399	ppg_control_top.v:871	forward	`ppg_control_top.v` `i_allow_new_transaction`
PPG_CONTRACT_CLOSURE_MATRIX.md	1381	1399	`:410`	forward	`ppg_control_top.v` `measurement_allow_new_transaction`
PPG_CONTRACT_CLOSURE_MATRIX.md	1381	1399	ppg_active_v4_control_plane_integration.v:89	forward	`ppg_active_v4_control_plane_integration.v` `o_allow_new_transaction`
PPG_CONTRACT_CLOSURE_MATRIX.md	1381	1399	ppg_control_top.v:755	forward	`ppg_control_top.v` `o_allow_new_transaction`
PPG_CONTRACT_CLOSURE_MATRIX.md	1382	1400	ppg_adc_measurement_idac_integration.v:142	forward	`ppg_adc_measurement_idac_integration.v` `i_analog_safe`
PPG_CONTRACT_CLOSURE_MATRIX.md	1382	1400	ppg_control_top.v:1140	forward	`ppg_control_top.v` `i_analog_safe`
PPG_CONTRACT_CLOSURE_MATRIX.md	1382	1400	ppg_400hz_frame_calibration_scheduler.v:165	forward	`ppg_400hz_frame_calibration_scheduler.v` `i_analog_safe`
PPG_CONTRACT_CLOSURE_MATRIX.md	1382	1400	ppg_control_top.v:940	forward	`ppg_control_top.v` `i_analog_safe`
PPG_CONTRACT_CLOSURE_MATRIX.md	1382	1400	ppg_active_v4_control_plane_integration.v:69	forward	`ppg_active_v4_control_plane_integration.v` `i_analog_safe`
PPG_CONTRACT_CLOSURE_MATRIX.md	1382	1400	ppg_control_top.v:741	forward	`ppg_control_top.v` `i_analog_safe`
PPG_CONTRACT_CLOSURE_MATRIX.md	1382	1400	ppg_sar9_sar15_safe_selection_wrapper.v:162	forward	`ppg_sar9_sar15_safe_selection_wrapper.v` `o_analog_safe`
PPG_CONTRACT_CLOSURE_MATRIX.md	1382	1400	ppg_control_top.v:1066	forward	`ppg_control_top.v` `o_analog_safe`
PPG_CONTRACT_CLOSURE_MATRIX.md	1383	1401	ppg_sar9_sar15_safe_selection_wrapper.v:81	forward	`ppg_sar9_sar15_safe_selection_wrapper.v` `i_calibration_frame_active`
PPG_CONTRACT_CLOSURE_MATRIX.md	1383	1401	ppg_control_top.v:999	forward	`ppg_control_top.v` `i_calibration_frame_active`
PPG_CONTRACT_CLOSURE_MATRIX.md	1383	1401	ppg_400hz_frame_calibration_scheduler.v:183	forward	`ppg_400hz_frame_calibration_scheduler.v` `o_calibration_frame_active`
PPG_CONTRACT_CLOSURE_MATRIX.md	1383	1401	ppg_control_top.v:954	forward	`ppg_control_top.v` `o_calibration_frame_active`
PPG_CONTRACT_CLOSURE_MATRIX.md	1384	1402	ppg_sar9_sar15_safe_selection_wrapper.v:79	forward	`ppg_sar9_sar15_safe_selection_wrapper.v` `i_calibration_local_tick`
PPG_CONTRACT_CLOSURE_MATRIX.md	1384	1402	ppg_control_top.v:997	forward	`ppg_control_top.v` `i_calibration_local_tick`
PPG_CONTRACT_CLOSURE_MATRIX.md	1384	1402	ppg_400hz_frame_calibration_scheduler.v:176	forward	`ppg_400hz_frame_calibration_scheduler.v` `o_calibration_local_tick`
PPG_CONTRACT_CLOSURE_MATRIX.md	1384	1402	ppg_control_top.v:949	forward	`ppg_control_top.v` `o_calibration_local_tick`
PPG_CONTRACT_CLOSURE_MATRIX.md	1385	1403	ppg_adc_measurement_idac_integration.v:150	forward	`ppg_adc_measurement_idac_integration.v` `i_calibration_sample_ready`
PPG_CONTRACT_CLOSURE_MATRIX.md	1385	1403	ppg_control_top.v:1146	forward	`ppg_control_top.v` `i_calibration_sample_ready`
PPG_CONTRACT_CLOSURE_MATRIX.md	1385	1403	ppg_400hz_frame_calibration_scheduler.v:111	forward	`ppg_400hz_frame_calibration_scheduler.v` `o_calibration_sample_ready`
PPG_CONTRACT_CLOSURE_MATRIX.md	1385	1403	ppg_control_top.v:894	forward	`ppg_control_top.v` `o_calibration_sample_ready`
PPG_CONTRACT_CLOSURE_MATRIX.md	1386	1404	ppg_400hz_frame_calibration_scheduler.v:110	forward	`ppg_400hz_frame_calibration_scheduler.v` `i_calibration_sample_valid`
PPG_CONTRACT_CLOSURE_MATRIX.md	1386	1404	ppg_control_top.v:893	forward	`ppg_control_top.v` `i_calibration_sample_valid`
PPG_CONTRACT_CLOSURE_MATRIX.md	1386	1404	ppg_adc_measurement_idac_integration.v:151	forward	`ppg_adc_measurement_idac_integration.v` `o_calibration_sample_valid`
PPG_CONTRACT_CLOSURE_MATRIX.md	1386	1404	ppg_control_top.v:1147	forward	`ppg_control_top.v` `o_calibration_sample_valid`
PPG_CONTRACT_CLOSURE_MATRIX.md	1387	1405	ppg_sar9_sar15_safe_selection_wrapper.v:78	forward	`ppg_sar9_sar15_safe_selection_wrapper.v` `i_calibration_subframe_index`
PPG_CONTRACT_CLOSURE_MATRIX.md	1387	1405	ppg_control_top.v:996	forward	`ppg_control_top.v` `i_calibration_subframe_index`
PPG_CONTRACT_CLOSURE_MATRIX.md	1387	1405	ppg_400hz_frame_calibration_scheduler.v:175	forward	`ppg_400hz_frame_calibration_scheduler.v` `o_calibration_subframe_index`
PPG_CONTRACT_CLOSURE_MATRIX.md	1387	1405	ppg_control_top.v:948	forward	`ppg_control_top.v` `o_calibration_subframe_index`
PPG_CONTRACT_CLOSURE_MATRIX.md	1388	1406	ppg_characterization_control_cdc.v:68	forward	`ppg_characterization_control_cdc.v` `o_control_reject_event`
PPG_CONTRACT_CLOSURE_MATRIX.md	1388	1406	ppg_control_top.v:852	forward	`ppg_control_top.v` `o_control_reject_event`
PPG_CONTRACT_CLOSURE_MATRIX.md	1388	1406	`:1539`	forward	`ppg_control_top.v` `o_characterization_control_reject_event`
PPG_CONTRACT_CLOSURE_MATRIX.md	1388	1406	ppg_control_top.v:233	forward	`ppg_control_top.v` `o_characterization_control_reject_event`
PPG_CONTRACT_CLOSURE_MATRIX.md	1389	1407	ppg_characterization_control_cdc.v:67	forward	`ppg_characterization_control_cdc.v` `o_control_update_event`
PPG_CONTRACT_CLOSURE_MATRIX.md	1389	1407	ppg_control_top.v:851	forward	`ppg_control_top.v` `o_control_update_event`
PPG_CONTRACT_CLOSURE_MATRIX.md	1389	1407	`:1538`	forward	`ppg_control_top.v` `o_characterization_control_update_event`
PPG_CONTRACT_CLOSURE_MATRIX.md	1389	1407	ppg_control_top.v:232	forward	`ppg_control_top.v` `o_characterization_control_update_event`
PPG_CONTRACT_CLOSURE_MATRIX.md	1390	1408	ppg_characterization_control_cdc.v:66	forward	`ppg_characterization_control_cdc.v` `o_control_valid`
PPG_CONTRACT_CLOSURE_MATRIX.md	1390	1408	ppg_control_top.v:850	forward	`ppg_control_top.v` `o_control_valid`
PPG_CONTRACT_CLOSURE_MATRIX.md	1390	1408	`:1537`	forward	`ppg_control_top.v` `o_control_valid`、`ccc_control_valid_o`
PPG_CONTRACT_CLOSURE_MATRIX.md	1390	1408	ppg_control_top.v:231	forward	`ppg_control_top.v` `o_characterization_control_valid`
PPG_CONTRACT_CLOSURE_MATRIX.md	1391	1409	ppg_characterization_control_cdc.v:69	forward	`ppg_characterization_control_cdc.v` `o_protocol_error_sticky`
PPG_CONTRACT_CLOSURE_MATRIX.md	1391	1409	ppg_control_top.v:853	forward	`ppg_control_top.v` `o_protocol_error_sticky`
PPG_CONTRACT_CLOSURE_MATRIX.md	1391	1409	`:1540`	forward	`ppg_control_top.v` `o_protocol_error_sticky`、`ccc_protocol_error_sticky_o`
PPG_CONTRACT_CLOSURE_MATRIX.md	1391	1409	ppg_control_top.v:234	forward	`ppg_control_top.v` `o_characterization_protocol_error_sticky`
PPG_CONTRACT_CLOSURE_MATRIX.md	1392	1410	`:233`	forward	`ppg_control_top.v` `o_characterization_control_reject_event`
PPG_CONTRACT_CLOSURE_MATRIX.md	1392	1410	`:1539`	forward	`ppg_control_top.v` `o_characterization_control_reject_event`
PPG_CONTRACT_CLOSURE_MATRIX.md	1392	1410	ppg_characterization_control_cdc.v:68	forward	`ppg_characterization_control_cdc.v` `o_control_reject_event`
PPG_CONTRACT_CLOSURE_MATRIX.md	1392	1410	ppg_control_top.v:852	forward	`ppg_control_top.v` `o_control_reject_event`
PPG_CONTRACT_CLOSURE_MATRIX.md	1393	1411	`:232`	forward	`ppg_control_top.v` `o_characterization_control_update_event`
PPG_CONTRACT_CLOSURE_MATRIX.md	1393	1411	`:1538`	forward	`ppg_control_top.v` `o_characterization_control_update_event`
PPG_CONTRACT_CLOSURE_MATRIX.md	1393	1411	ppg_characterization_control_cdc.v:67	forward	`ppg_characterization_control_cdc.v` `o_control_update_event`
PPG_CONTRACT_CLOSURE_MATRIX.md	1393	1411	ppg_control_top.v:851	forward	`ppg_control_top.v` `o_control_update_event`
PPG_CONTRACT_CLOSURE_MATRIX.md	1394	1412	ppg_system_config_manager.v:370-376	forward	`ppg_system_config_manager.v` `flag_snapshot_static_bias_valid`、`flag_start_static_bias_valid`、`@satisfies: ILM-08, ILM-15`
PPG_CONTRACT_CLOSURE_MATRIX.md	1394	1412	`:152-153`	forward	`ppg_characterization_control_cdc.v` `flag_destination_control_accept`、`control_valid_o`
PPG_CONTRACT_CLOSURE_MATRIX.md	1394	1412	ppg_characterization_control_cdc.v:130-131	forward	`ppg_characterization_control_cdc.v` `flag_destination_control_accept`、`static_characterization_enable_o`
PPG_CONTRACT_CLOSURE_MATRIX.md	1394	1412	`:231`	forward	`ppg_control_top.v` `o_characterization_control_valid`
PPG_CONTRACT_CLOSURE_MATRIX.md	1394	1412	`:1537`	forward	`ppg_control_top.v` `o_characterization_control_valid`
PPG_CONTRACT_CLOSURE_MATRIX.md	1394	1412	ppg_characterization_control_cdc.v:66	forward	`ppg_characterization_control_cdc.v` `o_control_valid`
PPG_CONTRACT_CLOSURE_MATRIX.md	1394	1412	ppg_control_top.v:850	forward	`ppg_control_top.v` `o_control_valid`
PPG_CONTRACT_CLOSURE_MATRIX.md	1395	1413	`:218`	forward	`ppg_control_top.v` `o_ami_datapath_empty`
PPG_CONTRACT_CLOSURE_MATRIX.md	1395	1413	`:1524`	forward	`ppg_control_top.v` `o_ami_datapath_empty`
PPG_CONTRACT_CLOSURE_MATRIX.md	1395	1413	ppg_active_v4_control_plane_integration.v:67	forward	`ppg_active_v4_control_plane_integration.v` `i_datapath_empty`
PPG_CONTRACT_CLOSURE_MATRIX.md	1395	1413	ppg_control_top.v:739	forward	`ppg_control_top.v` `i_datapath_empty`
PPG_CONTRACT_CLOSURE_MATRIX.md	1395	1413	ppg_adc_measurement_idac_integration.v:355	forward	`ppg_adc_measurement_idac_integration.v` `o_datapath_empty`
PPG_CONTRACT_CLOSURE_MATRIX.md	1395	1413	ppg_control_top.v:1333	forward	`ppg_control_top.v` `o_datapath_empty`
PPG_CONTRACT_CLOSURE_MATRIX.md	1396	1414	ppg_adc_measurement_idac_integration.v:370	forward	`ppg_adc_measurement_idac_integration.v` `o_detection_discard_event`
PPG_CONTRACT_CLOSURE_MATRIX.md	1396	1414	ppg_control_top.v:1344	forward	`ppg_control_top.v` `o_detection_discard_event`
PPG_CONTRACT_CLOSURE_MATRIX.md	1396	1414	`:1579`	forward	`ppg_control_top.v` `o_detection_discard_event`
PPG_CONTRACT_CLOSURE_MATRIX.md	1396	1414	ppg_control_top.v:273	forward	`ppg_control_top.v` `o_detection_discard_event`
PPG_CONTRACT_CLOSURE_MATRIX.md	1397	1415	ppg_adc_measurement_idac_integration.v:144	forward	`ppg_adc_measurement_idac_integration.v` `i_idac_code_safe_boundary`
PPG_CONTRACT_CLOSURE_MATRIX.md	1397	1415	ppg_control_top.v:1142	forward	`ppg_control_top.v` `i_idac_code_safe_boundary`
PPG_CONTRACT_CLOSURE_MATRIX.md	1397	1415	ppg_sar9_sar15_safe_selection_wrapper.v:83	forward	`ppg_sar9_sar15_safe_selection_wrapper.v` `i_idac_code_safe_boundary`
PPG_CONTRACT_CLOSURE_MATRIX.md	1397	1415	ppg_control_top.v:1001	forward	`ppg_control_top.v` `i_idac_code_safe_boundary`
PPG_CONTRACT_CLOSURE_MATRIX.md	1397	1415	ppg_400hz_frame_calibration_scheduler.v:171	forward	`ppg_400hz_frame_calibration_scheduler.v` `o_idac_code_safe_boundary`
PPG_CONTRACT_CLOSURE_MATRIX.md	1397	1415	ppg_control_top.v:944	forward	`ppg_control_top.v` `o_idac_code_safe_boundary`
PPG_CONTRACT_CLOSURE_MATRIX.md	1398	1416	`:219`	forward	`ppg_control_top.v` `o_ami_idac_idle`
PPG_CONTRACT_CLOSURE_MATRIX.md	1398	1416	`:1525`	forward	`ppg_control_top.v` `o_ami_idac_idle`
PPG_CONTRACT_CLOSURE_MATRIX.md	1398	1416	ppg_active_v4_control_plane_integration.v:68	forward	`ppg_active_v4_control_plane_integration.v` `i_idac_idle`
PPG_CONTRACT_CLOSURE_MATRIX.md	1398	1416	ppg_control_top.v:740	forward	`ppg_control_top.v` `i_idac_idle`
PPG_CONTRACT_CLOSURE_MATRIX.md	1398	1416	ppg_adc_measurement_idac_integration.v:303	forward	`ppg_adc_measurement_idac_integration.v` `o_idac_idle`
PPG_CONTRACT_CLOSURE_MATRIX.md	1398	1416	ppg_control_top.v:1287	forward	`ppg_control_top.v` `o_idac_idle`
PPG_CONTRACT_CLOSURE_MATRIX.md	1399	1417	ppg_adc_measurement_idac_integration.v:245	forward	`ppg_adc_measurement_idac_integration.v` `i_initial_precision`
PPG_CONTRACT_CLOSURE_MATRIX.md	1399	1417	ppg_control_top.v:1231	forward	`ppg_control_top.v` `i_initial_precision`
PPG_CONTRACT_CLOSURE_MATRIX.md	1399	1417	ppg_active_v4_control_plane_integration.v:108	forward	`ppg_active_v4_control_plane_integration.v` `o_initial_precision`
PPG_CONTRACT_CLOSURE_MATRIX.md	1399	1417	ppg_control_top.v:770	forward	`ppg_control_top.v` `o_initial_precision`
PPG_CONTRACT_CLOSURE_MATRIX.md	1400	1418	ppg_sar9_sar15_safe_selection_wrapper.v:87	forward	`ppg_sar9_sar15_safe_selection_wrapper.v` `i_input_source`
PPG_CONTRACT_CLOSURE_MATRIX.md	1400	1418	ppg_control_top.v:1003	forward	`ppg_control_top.v` `i_input_source`
PPG_CONTRACT_CLOSURE_MATRIX.md	1400	1418	ppg_400hz_frame_calibration_scheduler.v:93	forward	`ppg_400hz_frame_calibration_scheduler.v` `i_input_source`
PPG_CONTRACT_CLOSURE_MATRIX.md	1400	1418	ppg_control_top.v:878	forward	`ppg_control_top.v` `i_input_source`
PPG_CONTRACT_CLOSURE_MATRIX.md	1400	1418	ppg_active_v4_control_plane_integration.v:105	forward	`ppg_active_v4_control_plane_integration.v` `o_input_source`
PPG_CONTRACT_CLOSURE_MATRIX.md	1400	1418	ppg_control_top.v:767	forward	`ppg_control_top.v` `o_input_source`
PPG_CONTRACT_CLOSURE_MATRIX.md	1401	1419	ppg_adc_measurement_idac_integration.v:143	forward	`ppg_adc_measurement_idac_integration.v` `i_macro_frame_safe_boundary`
PPG_CONTRACT_CLOSURE_MATRIX.md	1401	1419	ppg_control_top.v:1141	forward	`ppg_control_top.v` `i_macro_frame_safe_boundary`
PPG_CONTRACT_CLOSURE_MATRIX.md	1401	1419	ppg_sar9_sar15_safe_selection_wrapper.v:82	forward	`ppg_sar9_sar15_safe_selection_wrapper.v` `i_macro_frame_safe_boundary`
PPG_CONTRACT_CLOSURE_MATRIX.md	1401	1419	ppg_control_top.v:1000	forward	`ppg_control_top.v` `i_macro_frame_safe_boundary`
PPG_CONTRACT_CLOSURE_MATRIX.md	1401	1419	ppg_400hz_frame_calibration_scheduler.v:170	forward	`ppg_400hz_frame_calibration_scheduler.v` `o_macro_frame_safe_boundary`
PPG_CONTRACT_CLOSURE_MATRIX.md	1401	1419	ppg_control_top.v:943	forward	`ppg_control_top.v` `o_macro_frame_safe_boundary`
PPG_CONTRACT_CLOSURE_MATRIX.md	1402	1420	ppg_sar9_sar15_safe_selection_wrapper.v:77	forward	`ppg_sar9_sar15_safe_selection_wrapper.v` `i_macro_tick`
PPG_CONTRACT_CLOSURE_MATRIX.md	1402	1420	ppg_control_top.v:995	forward	`ppg_control_top.v` `i_macro_tick`
PPG_CONTRACT_CLOSURE_MATRIX.md	1402	1420	ppg_400hz_frame_calibration_scheduler.v:174	forward	`ppg_400hz_frame_calibration_scheduler.v` `o_macro_tick`
PPG_CONTRACT_CLOSURE_MATRIX.md	1402	1420	ppg_control_top.v:947	forward	`ppg_control_top.v` `o_macro_tick`
PPG_CONTRACT_CLOSURE_MATRIX.md	1403	1421	ppg_adc_measurement_idac_integration.v:187	forward	`ppg_adc_measurement_idac_integration.v` `o_measurement_result_discard_event`
PPG_CONTRACT_CLOSURE_MATRIX.md	1403	1421	ppg_control_top.v:1181	forward	`ppg_control_top.v` `o_measurement_result_discard_event`
PPG_CONTRACT_CLOSURE_MATRIX.md	1403	1421	`:1567`	forward	`ppg_control_top.v` `o_measurement_result_discard_event`
PPG_CONTRACT_CLOSURE_MATRIX.md	1403	1421	ppg_control_top.v:261	forward	`ppg_control_top.v` `o_measurement_result_discard_event`
PPG_CONTRACT_CLOSURE_MATRIX.md	1404	1422	ppg_sar9_sar15_safe_selection_wrapper.v:80	forward	`ppg_sar9_sar15_safe_selection_wrapper.v` `i_normal_frame_active`
PPG_CONTRACT_CLOSURE_MATRIX.md	1404	1422	ppg_control_top.v:998	forward	`ppg_control_top.v` `i_normal_frame_active`
PPG_CONTRACT_CLOSURE_MATRIX.md	1404	1422	ppg_400hz_frame_calibration_scheduler.v:182	forward	`ppg_400hz_frame_calibration_scheduler.v` `o_normal_frame_active`
PPG_CONTRACT_CLOSURE_MATRIX.md	1404	1422	ppg_control_top.v:953	forward	`ppg_control_top.v` `o_normal_frame_active`
PPG_CONTRACT_CLOSURE_MATRIX.md	1405	1423	ppg_400hz_frame_calibration_scheduler.v:96	forward	`ppg_400hz_frame_calibration_scheduler.v` `i_normal_measurement_eligible`
PPG_CONTRACT_CLOSURE_MATRIX.md	1405	1423	ppg_control_top.v:881	forward	`ppg_control_top.v` `i_normal_measurement_eligible`
PPG_CONTRACT_CLOSURE_MATRIX.md	1405	1423	ppg_adc_measurement_idac_integration.v:351	forward	`ppg_adc_measurement_idac_integration.v` `o_normal_measurement_eligible`
PPG_CONTRACT_CLOSURE_MATRIX.md	1405	1423	ppg_control_top.v:1329	forward	`ppg_control_top.v` `o_normal_measurement_eligible`
PPG_CONTRACT_CLOSURE_MATRIX.md	1406	1424	ppg_sar9_sar15_safe_selection_wrapper.v:88	forward	`ppg_sar9_sar15_safe_selection_wrapper.v` `i_optical_mode`
PPG_CONTRACT_CLOSURE_MATRIX.md	1406	1424	ppg_control_top.v:1004	forward	`ppg_control_top.v` `i_optical_mode`
PPG_CONTRACT_CLOSURE_MATRIX.md	1406	1424	ppg_400hz_frame_calibration_scheduler.v:94	forward	`ppg_400hz_frame_calibration_scheduler.v` `i_optical_mode`
PPG_CONTRACT_CLOSURE_MATRIX.md	1406	1424	ppg_control_top.v:879	forward	`ppg_control_top.v` `i_optical_mode`
PPG_CONTRACT_CLOSURE_MATRIX.md	1406	1424	ppg_active_v4_control_plane_integration.v:107	forward	`ppg_active_v4_control_plane_integration.v` `o_optical_mode`
PPG_CONTRACT_CLOSURE_MATRIX.md	1406	1424	ppg_control_top.v:769	forward	`ppg_control_top.v` `o_optical_mode`
PPG_CONTRACT_CLOSURE_MATRIX.md	1407	1425	`:217`	forward	`ppg_control_top.v` `o_scheduler_protocol_error_sticky`
PPG_CONTRACT_CLOSURE_MATRIX.md	1407	1425	`:1523`	forward	`ppg_control_top.v` `o_scheduler_protocol_error_sticky`
PPG_CONTRACT_CLOSURE_MATRIX.md	1407	1425	ppg_400hz_frame_calibration_scheduler.v:190	forward	`ppg_400hz_frame_calibration_scheduler.v` `o_protocol_error_sticky`
PPG_CONTRACT_CLOSURE_MATRIX.md	1407	1425	ppg_control_top.v:961	forward	`ppg_control_top.v` `o_protocol_error_sticky`
PPG_CONTRACT_CLOSURE_MATRIX.md	1407	1425	`:234`	forward	`ppg_control_top.v` `o_characterization_protocol_error_sticky`
PPG_CONTRACT_CLOSURE_MATRIX.md	1407	1425	`:1540`	forward	`ppg_control_top.v` `o_characterization_protocol_error_sticky`
PPG_CONTRACT_CLOSURE_MATRIX.md	1407	1425	ppg_characterization_control_cdc.v:69	forward	`ppg_characterization_control_cdc.v` `o_protocol_error_sticky`
PPG_CONTRACT_CLOSURE_MATRIX.md	1407	1425	ppg_control_top.v:853	forward	`ppg_control_top.v` `o_protocol_error_sticky`
PPG_CONTRACT_CLOSURE_MATRIX.md	1408	1426	ppg_system_fault_abort_supervisor.v:124	forward	`ppg_system_fault_abort_supervisor.v` `o_result_discard_summary_sticky`
PPG_CONTRACT_CLOSURE_MATRIX.md	1408	1426	ppg_control_top.v:1438	forward	`ppg_control_top.v` `o_result_discard_summary_sticky`
PPG_CONTRACT_CLOSURE_MATRIX.md	1408	1426	`:1564`	forward	`ppg_control_top.v` `o_result_discard_summary_sticky`
PPG_CONTRACT_CLOSURE_MATRIX.md	1408	1426	ppg_control_top.v:258	forward	`ppg_control_top.v` `o_result_discard_summary_sticky`
PPG_CONTRACT_CLOSURE_MATRIX.md	1409	1427	ppg_adc_measurement_idac_integration.v:397	forward	`ppg_adc_measurement_idac_integration.v` `o_result_sample_valid`
PPG_CONTRACT_CLOSURE_MATRIX.md	1409	1427	ppg_control_top.v:1369	forward	`ppg_control_top.v` `o_result_sample_valid`
PPG_CONTRACT_CLOSURE_MATRIX.md	1409	1427	`:1500`	forward	`ppg_control_top.v` `o_result_sample_valid`
PPG_CONTRACT_CLOSURE_MATRIX.md	1409	1427	ppg_control_top.v:194	forward	`ppg_control_top.v` `o_result_sample_valid`
PPG_CONTRACT_CLOSURE_MATRIX.md	1410	1428	ppg_adc_measurement_idac_integration.v:100	forward	`ppg_adc_measurement_idac_integration.v` `i_run_enable`
PPG_CONTRACT_CLOSURE_MATRIX.md	1410	1428	ppg_control_top.v:1108	forward	`ppg_control_top.v` `i_run_enable`
PPG_CONTRACT_CLOSURE_MATRIX.md	1410	1428	ppg_400hz_frame_calibration_scheduler.v:83	forward	`ppg_400hz_frame_calibration_scheduler.v` `i_run_enable`
PPG_CONTRACT_CLOSURE_MATRIX.md	1410	1428	ppg_control_top.v:870	forward	`ppg_control_top.v` `i_run_enable`
PPG_CONTRACT_CLOSURE_MATRIX.md	1410	1428	`:409`	forward	`ppg_control_top.v` `measurement_run_enable`
PPG_CONTRACT_CLOSURE_MATRIX.md	1410	1428	ppg_sar9_sar15_safe_selection_wrapper.v:69	forward	`ppg_sar9_sar15_safe_selection_wrapper.v` `i_run_enable`
PPG_CONTRACT_CLOSURE_MATRIX.md	1410	1428	ppg_control_top.v:989	forward	`ppg_control_top.v` `i_run_enable`
PPG_CONTRACT_CLOSURE_MATRIX.md	1410	1428	`:408`	forward	`ppg_control_top.v` `analog_run_enable`
PPG_CONTRACT_CLOSURE_MATRIX.md	1410	1428	ppg_characterization_control_cdc.v:57	forward	`ppg_characterization_control_cdc.v` `i_run_enable`
PPG_CONTRACT_CLOSURE_MATRIX.md	1410	1428	ppg_control_top.v:845	forward	`ppg_control_top.v` `i_run_enable`
PPG_CONTRACT_CLOSURE_MATRIX.md	1410	1428	ppg_active_v4_control_plane_integration.v:88	forward	`ppg_active_v4_control_plane_integration.v` `o_run_enable`
PPG_CONTRACT_CLOSURE_MATRIX.md	1410	1428	ppg_control_top.v:754	forward	`ppg_control_top.v` `o_run_enable`
PPG_CONTRACT_CLOSURE_MATRIX.md	1411	1429	ppg_adc_measurement_idac_integration.v:106	forward	`ppg_adc_measurement_idac_integration.v` `i_run_generation`
PPG_CONTRACT_CLOSURE_MATRIX.md	1411	1429	ppg_control_top.v:1114	forward	`ppg_control_top.v` `i_run_generation`
PPG_CONTRACT_CLOSURE_MATRIX.md	1411	1429	ppg_sar9_sar15_safe_selection_wrapper.v:74	forward	`ppg_sar9_sar15_safe_selection_wrapper.v` `i_run_generation`
PPG_CONTRACT_CLOSURE_MATRIX.md	1411	1429	ppg_control_top.v:994	forward	`ppg_control_top.v` `i_run_generation`
PPG_CONTRACT_CLOSURE_MATRIX.md	1411	1429	ppg_400hz_frame_calibration_scheduler.v:89	forward	`ppg_400hz_frame_calibration_scheduler.v` `i_run_generation`
PPG_CONTRACT_CLOSURE_MATRIX.md	1411	1429	ppg_control_top.v:876	forward	`ppg_control_top.v` `i_run_generation`
PPG_CONTRACT_CLOSURE_MATRIX.md	1411	1429	ppg_active_v4_control_plane_integration.v:90	forward	`ppg_active_v4_control_plane_integration.v` `o_run_generation`
PPG_CONTRACT_CLOSURE_MATRIX.md	1411	1429	ppg_control_top.v:756	forward	`ppg_control_top.v` `o_run_generation`
PPG_CONTRACT_CLOSURE_MATRIX.md	1412	1430	ppg_adc_measurement_idac_integration.v:244	forward	`ppg_adc_measurement_idac_integration.v` `i_run_profile`
PPG_CONTRACT_CLOSURE_MATRIX.md	1412	1430	ppg_control_top.v:1230	forward	`ppg_control_top.v` `i_run_profile`
PPG_CONTRACT_CLOSURE_MATRIX.md	1412	1430	ppg_sar9_sar15_safe_selection_wrapper.v:86	forward	`ppg_sar9_sar15_safe_selection_wrapper.v` `i_run_profile`
PPG_CONTRACT_CLOSURE_MATRIX.md	1412	1430	ppg_control_top.v:1002	forward	`ppg_control_top.v` `i_run_profile`
PPG_CONTRACT_CLOSURE_MATRIX.md	1412	1430	ppg_400hz_frame_calibration_scheduler.v:92	forward	`ppg_400hz_frame_calibration_scheduler.v` `i_run_profile`
PPG_CONTRACT_CLOSURE_MATRIX.md	1412	1430	ppg_control_top.v:877	forward	`ppg_control_top.v` `i_run_profile`
PPG_CONTRACT_CLOSURE_MATRIX.md	1412	1430	ppg_active_v4_control_plane_integration.v:104	forward	`ppg_active_v4_control_plane_integration.v` `o_run_profile`
PPG_CONTRACT_CLOSURE_MATRIX.md	1412	1430	ppg_control_top.v:766	forward	`ppg_control_top.v` `o_run_profile`
PPG_CONTRACT_CLOSURE_MATRIX.md	1413	1431	ppg_adc_measurement_idac_integration.v:145	forward	`ppg_adc_measurement_idac_integration.v` `i_safe_frame_id`
PPG_CONTRACT_CLOSURE_MATRIX.md	1413	1431	ppg_control_top.v:1143	forward	`ppg_control_top.v` `i_safe_frame_id`
PPG_CONTRACT_CLOSURE_MATRIX.md	1413	1431	ppg_400hz_frame_calibration_scheduler.v:173	forward	`ppg_400hz_frame_calibration_scheduler.v` `o_safe_frame_id`
PPG_CONTRACT_CLOSURE_MATRIX.md	1413	1431	ppg_control_top.v:946	forward	`ppg_control_top.v` `o_safe_frame_id`
PPG_CONTRACT_CLOSURE_MATRIX.md	1414	1432	ppg_400hz_frame_calibration_scheduler.v:166	forward	`ppg_400hz_frame_calibration_scheduler.v` `i_sar_timing_idle`
PPG_CONTRACT_CLOSURE_MATRIX.md	1414	1432	ppg_control_top.v:941	forward	`ppg_control_top.v` `i_sar_timing_idle`
PPG_CONTRACT_CLOSURE_MATRIX.md	1414	1432	ppg_sar9_sar15_safe_selection_wrapper.v:163	forward	`ppg_sar9_sar15_safe_selection_wrapper.v` `o_sar_timing_idle`
PPG_CONTRACT_CLOSURE_MATRIX.md	1414	1432	ppg_control_top.v:1067	forward	`ppg_control_top.v` `o_sar_timing_idle`
PPG_CONTRACT_CLOSURE_MATRIX.md	1415	1433	ppg_characterization_control_cdc.v:61	forward	`ppg_characterization_control_cdc.v` `o_source_update_ready`
PPG_CONTRACT_CLOSURE_MATRIX.md	1415	1433	ppg_control_top.v:847	forward	`ppg_control_top.v` `o_source_update_ready`
PPG_CONTRACT_CLOSURE_MATRIX.md	1415	1433	`:1536`	forward	`ppg_control_top.v` `o_source_update_ready`、`ccc_source_update_ready_o`
PPG_CONTRACT_CLOSURE_MATRIX.md	1415	1433	ppg_control_top.v:230	forward	`ppg_control_top.v` `o_source_characterization_update_ready`
PPG_CONTRACT_CLOSURE_MATRIX.md	1416	1434	`:230`	forward	`ppg_control_top.v` `o_source_characterization_update_ready`
PPG_CONTRACT_CLOSURE_MATRIX.md	1416	1434	`:1536`	forward	`ppg_control_top.v` `o_source_characterization_update_ready`
PPG_CONTRACT_CLOSURE_MATRIX.md	1416	1434	ppg_characterization_control_cdc.v:61	forward	`ppg_characterization_control_cdc.v` `o_source_update_ready`
PPG_CONTRACT_CLOSURE_MATRIX.md	1416	1434	ppg_control_top.v:847	forward	`ppg_control_top.v` `o_source_update_ready`
PPG_CONTRACT_CLOSURE_MATRIX.md	1417	1435	ppg_active_v4_control_plane_integration.v:95	forward	`ppg_active_v4_control_plane_integration.v` `o_start_ack_event`
PPG_CONTRACT_CLOSURE_MATRIX.md	1417	1435	ppg_control_top.v:759	forward	`ppg_control_top.v` `o_start_ack_event`
PPG_CONTRACT_CLOSURE_MATRIX.md	1417	1435	`:1506`	forward	`ppg_control_top.v` `o_start_ack_event`
PPG_CONTRACT_CLOSURE_MATRIX.md	1417	1435	ppg_control_top.v:200	forward	`ppg_control_top.v` `o_start_ack_event`
PPG_CONTRACT_CLOSURE_MATRIX.md	1418	1436	ppg_adc_measurement_idac_integration.v:102	forward	`ppg_adc_measurement_idac_integration.v` `i_start_ack_event`
PPG_CONTRACT_CLOSURE_MATRIX.md	1418	1436	ppg_control_top.v:1110	forward	`ppg_control_top.v` `i_start_ack_event`
PPG_CONTRACT_CLOSURE_MATRIX.md	1418	1436	ppg_400hz_frame_calibration_scheduler.v:85	forward	`ppg_400hz_frame_calibration_scheduler.v` `i_start_ack_event`
PPG_CONTRACT_CLOSURE_MATRIX.md	1418	1436	ppg_control_top.v:872	forward	`ppg_control_top.v` `i_start_ack_event`
PPG_CONTRACT_CLOSURE_MATRIX.md	1418	1436	`:412`	forward	`ppg_control_top.v` `flag_measurement_start_ack_event`
PPG_CONTRACT_CLOSURE_MATRIX.md	1418	1436	ppg_adc_measurement_idac_integration.v:101	forward	`ppg_adc_measurement_idac_integration.v` `i_allow_new_transaction`
PPG_CONTRACT_CLOSURE_MATRIX.md	1418	1436	ppg_control_top.v:1109	forward	`ppg_control_top.v` `i_allow_new_transaction`
PPG_CONTRACT_CLOSURE_MATRIX.md	1418	1436	ppg_400hz_frame_calibration_scheduler.v:84	forward	`ppg_400hz_frame_calibration_scheduler.v` `i_allow_new_transaction`
PPG_CONTRACT_CLOSURE_MATRIX.md	1418	1436	ppg_control_top.v:871	forward	`ppg_control_top.v` `i_allow_new_transaction`
PPG_CONTRACT_CLOSURE_MATRIX.md	1418	1436	`:410`	forward	`ppg_control_top.v` `measurement_allow_new_transaction`
PPG_CONTRACT_CLOSURE_MATRIX.md	1418	1436	ppg_adc_measurement_idac_integration.v:100	forward	`ppg_adc_measurement_idac_integration.v` `i_run_enable`
PPG_CONTRACT_CLOSURE_MATRIX.md	1418	1436	ppg_control_top.v:1108	forward	`ppg_control_top.v` `i_run_enable`
PPG_CONTRACT_CLOSURE_MATRIX.md	1418	1436	ppg_400hz_frame_calibration_scheduler.v:83	forward	`ppg_400hz_frame_calibration_scheduler.v` `i_run_enable`
PPG_CONTRACT_CLOSURE_MATRIX.md	1418	1436	ppg_control_top.v:870	forward	`ppg_control_top.v` `i_run_enable`
PPG_CONTRACT_CLOSURE_MATRIX.md	1418	1436	`:409`	forward	`ppg_control_top.v` `measurement_run_enable`
PPG_CONTRACT_CLOSURE_MATRIX.md	1418	1436	ppg_sar9_sar15_safe_selection_wrapper.v:90	forward	`ppg_sar9_sar15_safe_selection_wrapper.v` `i_static_characterization_enable`
PPG_CONTRACT_CLOSURE_MATRIX.md	1418	1436	ppg_control_top.v:1006	forward	`ppg_control_top.v` `i_static_characterization_enable`
PPG_CONTRACT_CLOSURE_MATRIX.md	1418	1436	ppg_active_v4_control_plane_integration.v:71	forward	`ppg_active_v4_control_plane_integration.v` `i_static_characterization_enable`
PPG_CONTRACT_CLOSURE_MATRIX.md	1418	1436	ppg_control_top.v:743	forward	`ppg_control_top.v` `i_static_characterization_enable`
PPG_CONTRACT_CLOSURE_MATRIX.md	1418	1436	ppg_characterization_control_cdc.v:64	forward	`ppg_characterization_control_cdc.v` `o_static_characterization_enable`
PPG_CONTRACT_CLOSURE_MATRIX.md	1418	1436	ppg_control_top.v:848	forward	`ppg_control_top.v` `o_static_characterization_enable`
PPG_CONTRACT_CLOSURE_MATRIX.md	1419	1437	`:1111`	forward	`ppg_adc_measurement_idac_integration.v` `i_stop_ack_event`
PPG_CONTRACT_CLOSURE_MATRIX.md	1419	1437	`:991`	forward	`ppg_adc_measurement_idac_integration.v` `i_stop_ack_event`
PPG_CONTRACT_CLOSURE_MATRIX.md	1419	1437	`:873`	forward	`ppg_adc_measurement_idac_integration.v` `i_stop_ack_event`
PPG_CONTRACT_CLOSURE_MATRIX.md	1419	1437	ppg_active_v4_control_plane_integration.v:96	forward	`ppg_active_v4_control_plane_integration.v` `o_stop_ack_event`
PPG_CONTRACT_CLOSURE_MATRIX.md	1419	1437	ppg_control_top.v:760	forward	`ppg_control_top.v` `o_stop_ack_event`
PPG_CONTRACT_CLOSURE_MATRIX.md	1419	1437	`:1507`	forward	`ppg_control_top.v` `o_stop_ack_event`
PPG_CONTRACT_CLOSURE_MATRIX.md	1419	1437	ppg_control_top.v:201	forward	`ppg_control_top.v` `o_stop_ack_event`
PPG_CONTRACT_CLOSURE_MATRIX.md	1420	1438	ppg_system_fault_abort_supervisor.v:99	forward	`ppg_system_fault_abort_supervisor.v` `i_stop_episode_active`
PPG_CONTRACT_CLOSURE_MATRIX.md	1420	1438	ppg_control_top.v:1419	forward	`ppg_control_top.v` `i_stop_episode_active`
PPG_CONTRACT_CLOSURE_MATRIX.md	1420	1438	ppg_active_v4_control_plane_integration.v:91	forward	`ppg_active_v4_control_plane_integration.v` `o_stop_episode_active`
PPG_CONTRACT_CLOSURE_MATRIX.md	1420	1438	ppg_control_top.v:757	forward	`ppg_control_top.v` `o_stop_episode_active`
PPG_CONTRACT_CLOSURE_MATRIX.md	1421	1439	ppg_400hz_frame_calibration_scheduler.v:97	forward	`ppg_400hz_frame_calibration_scheduler.v` `i_switch_hold_new_transaction`
PPG_CONTRACT_CLOSURE_MATRIX.md	1421	1439	ppg_control_top.v:882	forward	`ppg_control_top.v` `i_switch_hold_new_transaction`
PPG_CONTRACT_CLOSURE_MATRIX.md	1421	1439	ppg_adc_measurement_idac_integration.v:313	forward	`ppg_adc_measurement_idac_integration.v` `o_switch_hold_new_transaction`
PPG_CONTRACT_CLOSURE_MATRIX.md	1421	1439	ppg_control_top.v:1295	forward	`ppg_control_top.v` `o_switch_hold_new_transaction`
PPG_CONTRACT_CLOSURE_MATRIX.md	1422	1440	ppg_system_fault_abort_supervisor.v:106	forward	`ppg_system_fault_abort_supervisor.v` `o_system_abort_event`
PPG_CONTRACT_CLOSURE_MATRIX.md	1422	1440	ppg_control_top.v:1424	forward	`ppg_control_top.v` `o_system_abort_event`
PPG_CONTRACT_CLOSURE_MATRIX.md	1422	1440	`:1550`	forward	`ppg_control_top.v` `o_system_abort_event`
PPG_CONTRACT_CLOSURE_MATRIX.md	1422	1440	ppg_control_top.v:244	forward	`ppg_control_top.v` `o_system_abort_event`
PPG_CONTRACT_CLOSURE_MATRIX.md	1423	1441	ppg_system_fault_abort_supervisor.v:105	forward	`ppg_system_fault_abort_supervisor.v` `o_system_fault_blocking`
PPG_CONTRACT_CLOSURE_MATRIX.md	1423	1441	ppg_control_top.v:1423	forward	`ppg_control_top.v` `o_system_fault_blocking`
PPG_CONTRACT_CLOSURE_MATRIX.md	1423	1441	`:1549`	forward	`ppg_control_top.v` `o_system_fault_blocking`
PPG_CONTRACT_CLOSURE_MATRIX.md	1423	1441	ppg_control_top.v:243	forward	`ppg_control_top.v` `o_system_fault_blocking`
PPG_CONTRACT_CLOSURE_MATRIX.md	1424	1442	ppg_system_fault_abort_supervisor.v:112	forward	`ppg_system_fault_abort_supervisor.v` `o_system_fault_cause`
PPG_CONTRACT_CLOSURE_MATRIX.md	1424	1442	ppg_control_top.v:1428	forward	`ppg_control_top.v` `o_system_fault_cause`
PPG_CONTRACT_CLOSURE_MATRIX.md	1424	1442	`:1554`	forward	`ppg_control_top.v` `o_system_fault_cause`
PPG_CONTRACT_CLOSURE_MATRIX.md	1424	1442	ppg_control_top.v:248	forward	`ppg_control_top.v` `o_system_fault_cause`
PPG_CONTRACT_CLOSURE_MATRIX.md	1425	1443	ppg_system_fault_abort_supervisor.v:111	forward	`ppg_system_fault_abort_supervisor.v` `o_system_fault_cause_valid`
PPG_CONTRACT_CLOSURE_MATRIX.md	1425	1443	ppg_control_top.v:1427	forward	`ppg_control_top.v` `o_system_fault_cause_valid`
PPG_CONTRACT_CLOSURE_MATRIX.md	1425	1443	`:1553`	forward	`ppg_control_top.v` `o_system_fault_cause_valid`
PPG_CONTRACT_CLOSURE_MATRIX.md	1425	1443	ppg_control_top.v:247	forward	`ppg_control_top.v` `o_system_fault_cause_valid`
PPG_CONTRACT_CLOSURE_MATRIX.md	1426	1444	ppg_system_fault_abort_supervisor.v:117	forward	`ppg_system_fault_abort_supervisor.v` `o_system_fault_color_ir`
PPG_CONTRACT_CLOSURE_MATRIX.md	1426	1444	ppg_control_top.v:1433	forward	`ppg_control_top.v` `o_system_fault_color_ir`
PPG_CONTRACT_CLOSURE_MATRIX.md	1426	1444	`:1559`	forward	`ppg_control_top.v` `o_system_fault_color_ir`
PPG_CONTRACT_CLOSURE_MATRIX.md	1426	1444	ppg_control_top.v:253	forward	`ppg_control_top.v` `o_system_fault_color_ir`
PPG_CONTRACT_CLOSURE_MATRIX.md	1427	1445	ppg_system_fault_abort_supervisor.v:108	forward	`ppg_system_fault_abort_supervisor.v` `o_system_fault_discard_event`
PPG_CONTRACT_CLOSURE_MATRIX.md	1427	1445	ppg_control_top.v:1426	forward	`ppg_control_top.v` `o_system_fault_discard_event`
PPG_CONTRACT_CLOSURE_MATRIX.md	1427	1445	`:1552`	forward	`ppg_control_top.v` `o_system_fault_discard_event`
PPG_CONTRACT_CLOSURE_MATRIX.md	1427	1445	ppg_control_top.v:246	forward	`ppg_control_top.v` `o_system_fault_discard_event`
PPG_CONTRACT_CLOSURE_MATRIX.md	1428	1446	ppg_system_fault_abort_supervisor.v:115	forward	`ppg_system_fault_abort_supervisor.v` `o_system_fault_frame_id`
PPG_CONTRACT_CLOSURE_MATRIX.md	1428	1446	ppg_control_top.v:1431	forward	`ppg_control_top.v` `o_system_fault_frame_id`
PPG_CONTRACT_CLOSURE_MATRIX.md	1428	1446	`:1557`	forward	`ppg_control_top.v` `o_system_fault_frame_id`
PPG_CONTRACT_CLOSURE_MATRIX.md	1428	1446	ppg_control_top.v:251	forward	`ppg_control_top.v` `o_system_fault_frame_id`
PPG_CONTRACT_CLOSURE_MATRIX.md	1429	1447	ppg_system_fault_abort_supervisor.v:118	forward	`ppg_system_fault_abort_supervisor.v` `o_system_fault_frame_type`
PPG_CONTRACT_CLOSURE_MATRIX.md	1429	1447	ppg_control_top.v:1434	forward	`ppg_control_top.v` `o_system_fault_frame_type`
PPG_CONTRACT_CLOSURE_MATRIX.md	1429	1447	`:1560`	forward	`ppg_control_top.v` `o_system_fault_frame_type`
PPG_CONTRACT_CLOSURE_MATRIX.md	1429	1447	ppg_control_top.v:254	forward	`ppg_control_top.v` `o_system_fault_frame_type`
PPG_CONTRACT_CLOSURE_MATRIX.md	1430	1448	ppg_system_fault_abort_supervisor.v:114	forward	`ppg_system_fault_abort_supervisor.v` `o_system_fault_identity_valid`
PPG_CONTRACT_CLOSURE_MATRIX.md	1430	1448	ppg_control_top.v:1430	forward	`ppg_control_top.v` `o_system_fault_identity_valid`
PPG_CONTRACT_CLOSURE_MATRIX.md	1430	1448	`:1556`	forward	`ppg_control_top.v` `o_system_fault_identity_valid`
PPG_CONTRACT_CLOSURE_MATRIX.md	1430	1448	ppg_control_top.v:250	forward	`ppg_control_top.v` `o_system_fault_identity_valid`
PPG_CONTRACT_CLOSURE_MATRIX.md	1431	1449	ppg_system_fault_abort_supervisor.v:119	forward	`ppg_system_fault_abort_supervisor.v` `o_system_fault_precision`
PPG_CONTRACT_CLOSURE_MATRIX.md	1431	1449	ppg_control_top.v:1435	forward	`ppg_control_top.v` `o_system_fault_precision`
PPG_CONTRACT_CLOSURE_MATRIX.md	1431	1449	`:1561`	forward	`ppg_control_top.v` `o_system_fault_precision`
PPG_CONTRACT_CLOSURE_MATRIX.md	1431	1449	ppg_control_top.v:255	forward	`ppg_control_top.v` `o_system_fault_precision`
PPG_CONTRACT_CLOSURE_MATRIX.md	1432	1450	ppg_system_fault_abort_supervisor.v:120	forward	`ppg_system_fault_abort_supervisor.v` `o_system_fault_run_generation`
PPG_CONTRACT_CLOSURE_MATRIX.md	1432	1450	ppg_control_top.v:1436	forward	`ppg_control_top.v` `o_system_fault_run_generation`
PPG_CONTRACT_CLOSURE_MATRIX.md	1432	1450	`:1562`	forward	`ppg_control_top.v` `o_system_fault_run_generation`
PPG_CONTRACT_CLOSURE_MATRIX.md	1432	1450	ppg_control_top.v:256	forward	`ppg_control_top.v` `o_system_fault_run_generation`
PPG_CONTRACT_CLOSURE_MATRIX.md	1433	1451	ppg_system_fault_abort_supervisor.v:116	forward	`ppg_system_fault_abort_supervisor.v` `o_system_fault_sample_index`
PPG_CONTRACT_CLOSURE_MATRIX.md	1433	1451	ppg_control_top.v:1432	forward	`ppg_control_top.v` `o_system_fault_sample_index`
PPG_CONTRACT_CLOSURE_MATRIX.md	1433	1451	`:1558`	forward	`ppg_control_top.v` `o_system_fault_sample_index`
PPG_CONTRACT_CLOSURE_MATRIX.md	1433	1451	ppg_control_top.v:252	forward	`ppg_control_top.v` `o_system_fault_sample_index`
PPG_CONTRACT_CLOSURE_MATRIX.md	1434	1452	ppg_system_fault_abort_supervisor.v:113	forward	`ppg_system_fault_abort_supervisor.v` `o_system_fault_source`
PPG_CONTRACT_CLOSURE_MATRIX.md	1434	1452	ppg_control_top.v:1429	forward	`ppg_control_top.v` `o_system_fault_source`
PPG_CONTRACT_CLOSURE_MATRIX.md	1434	1452	`:1555`	forward	`ppg_control_top.v` `o_system_fault_source`
PPG_CONTRACT_CLOSURE_MATRIX.md	1434	1452	ppg_control_top.v:249	forward	`ppg_control_top.v` `o_system_fault_source`
PPG_CONTRACT_CLOSURE_MATRIX.md	1435	1453	ppg_system_fault_abort_supervisor.v:123	forward	`ppg_system_fault_abort_supervisor.v` `o_system_fault_summary`
PPG_CONTRACT_CLOSURE_MATRIX.md	1435	1453	ppg_control_top.v:1437	forward	`ppg_control_top.v` `o_system_fault_summary`
PPG_CONTRACT_CLOSURE_MATRIX.md	1435	1453	`:1563`	forward	`ppg_control_top.v` `o_system_fault_summary`
PPG_CONTRACT_CLOSURE_MATRIX.md	1435	1453	ppg_control_top.v:257	forward	`ppg_control_top.v` `o_system_fault_summary`
PPG_CONTRACT_CLOSURE_MATRIX.md	1436	1454	ppg_system_fault_abort_supervisor.v:107	forward	`ppg_system_fault_abort_supervisor.v` `o_system_stop_request_event`
PPG_CONTRACT_CLOSURE_MATRIX.md	1436	1454	ppg_control_top.v:1425	forward	`ppg_control_top.v` `o_system_stop_request_event`
PPG_CONTRACT_CLOSURE_MATRIX.md	1436	1454	`:1551`	forward	`ppg_control_top.v` `o_system_stop_request_event`
PPG_CONTRACT_CLOSURE_MATRIX.md	1436	1454	ppg_control_top.v:245	forward	`ppg_control_top.v` `o_system_stop_request_event`
PPG_CONTRACT_CLOSURE_MATRIX.md	1437	1455	ppg_adc_measurement_idac_integration.v:389	forward	`ppg_adc_measurement_idac_integration.v` `o_test_identity_inject_ready`
PPG_CONTRACT_CLOSURE_MATRIX.md	1437	1455	ppg_control_top.v:1361	forward	`ppg_control_top.v` `o_test_identity_inject_ready`
PPG_CONTRACT_CLOSURE_MATRIX.md	1437	1455	`:1543`	forward	`ppg_control_top.v` `o_test_identity_inject_ready`
PPG_CONTRACT_CLOSURE_MATRIX.md	1437	1455	ppg_control_top.v:237	forward	`ppg_control_top.v` `o_test_identity_inject_ready`
PPG_CONTRACT_CLOSURE_MATRIX.md	1438	1456	ppg_adc_measurement_idac_integration.v:392	forward	`ppg_adc_measurement_idac_integration.v` `o_test_invalid_sample_ready`
PPG_CONTRACT_CLOSURE_MATRIX.md	1438	1456	ppg_control_top.v:1364	forward	`ppg_control_top.v` `o_test_invalid_sample_ready`
PPG_CONTRACT_CLOSURE_MATRIX.md	1438	1456	`:1544`	forward	`ppg_control_top.v` `o_test_invalid_sample_ready`
PPG_CONTRACT_CLOSURE_MATRIX.md	1438	1456	ppg_control_top.v:238	forward	`ppg_control_top.v` `o_test_invalid_sample_ready`
PPG_CONTRACT_CLOSURE_MATRIX.md	1439	1457	ppg_adc_measurement_idac_integration.v:133	forward	`ppg_adc_measurement_idac_integration.v` `i_transaction_amb_code_epoch`
PPG_CONTRACT_CLOSURE_MATRIX.md	1439	1457	ppg_control_top.v:1133	forward	`ppg_control_top.v` `i_transaction_amb_code_epoch`
PPG_CONTRACT_CLOSURE_MATRIX.md	1439	1457	ppg_400hz_frame_calibration_scheduler.v:145	forward	`ppg_400hz_frame_calibration_scheduler.v` `o_transaction_amb_code_epoch`
PPG_CONTRACT_CLOSURE_MATRIX.md	1439	1457	ppg_control_top.v:922	forward	`ppg_control_top.v` `o_transaction_amb_code_epoch`
PPG_CONTRACT_CLOSURE_MATRIX.md	1440	1458	ppg_adc_measurement_idac_integration.v:131	forward	`ppg_adc_measurement_idac_integration.v` `i_transaction_amb_code_snapshot`
PPG_CONTRACT_CLOSURE_MATRIX.md	1440	1458	ppg_control_top.v:1131	forward	`ppg_control_top.v` `i_transaction_amb_code_snapshot`
PPG_CONTRACT_CLOSURE_MATRIX.md	1440	1458	ppg_400hz_frame_calibration_scheduler.v:143	forward	`ppg_400hz_frame_calibration_scheduler.v` `o_transaction_amb_code_snapshot`
PPG_CONTRACT_CLOSURE_MATRIX.md	1440	1458	ppg_control_top.v:920	forward	`ppg_control_top.v` `o_transaction_amb_code_snapshot`
PPG_CONTRACT_CLOSURE_MATRIX.md	1441	1459	ppg_adc_measurement_idac_integration.v:129	forward	`ppg_adc_measurement_idac_integration.v` `i_transaction_color_ir`
PPG_CONTRACT_CLOSURE_MATRIX.md	1441	1459	ppg_control_top.v:1129	forward	`ppg_control_top.v` `i_transaction_color_ir`
PPG_CONTRACT_CLOSURE_MATRIX.md	1441	1459	ppg_400hz_frame_calibration_scheduler.v:141	forward	`ppg_400hz_frame_calibration_scheduler.v` `o_transaction_color_ir`
PPG_CONTRACT_CLOSURE_MATRIX.md	1441	1459	ppg_control_top.v:918	forward	`ppg_control_top.v` `o_transaction_color_ir`
PPG_CONTRACT_CLOSURE_MATRIX.md	1442	1460	ppg_adc_measurement_idac_integration.v:134	forward	`ppg_adc_measurement_idac_integration.v` `i_transaction_dc_code_epoch`
PPG_CONTRACT_CLOSURE_MATRIX.md	1442	1460	ppg_control_top.v:1134	forward	`ppg_control_top.v` `i_transaction_dc_code_epoch`
PPG_CONTRACT_CLOSURE_MATRIX.md	1442	1460	ppg_400hz_frame_calibration_scheduler.v:146	forward	`ppg_400hz_frame_calibration_scheduler.v` `o_transaction_dc_code_epoch`
PPG_CONTRACT_CLOSURE_MATRIX.md	1442	1460	ppg_control_top.v:923	forward	`ppg_control_top.v` `o_transaction_dc_code_epoch`
PPG_CONTRACT_CLOSURE_MATRIX.md	1443	1461	ppg_adc_measurement_idac_integration.v:132	forward	`ppg_adc_measurement_idac_integration.v` `i_transaction_dc_code_snapshot`
PPG_CONTRACT_CLOSURE_MATRIX.md	1443	1461	ppg_control_top.v:1132	forward	`ppg_control_top.v` `i_transaction_dc_code_snapshot`
PPG_CONTRACT_CLOSURE_MATRIX.md	1443	1461	ppg_400hz_frame_calibration_scheduler.v:144	forward	`ppg_400hz_frame_calibration_scheduler.v` `o_transaction_dc_code_snapshot`
PPG_CONTRACT_CLOSURE_MATRIX.md	1443	1461	ppg_control_top.v:921	forward	`ppg_control_top.v` `o_transaction_dc_code_snapshot`
PPG_CONTRACT_CLOSURE_MATRIX.md	1444	1462	ppg_adc_measurement_idac_integration.v:127	forward	`ppg_adc_measurement_idac_integration.v` `i_transaction_frame_id`
PPG_CONTRACT_CLOSURE_MATRIX.md	1444	1462	ppg_control_top.v:1127	forward	`ppg_control_top.v` `i_transaction_frame_id`
PPG_CONTRACT_CLOSURE_MATRIX.md	1444	1462	ppg_400hz_frame_calibration_scheduler.v:139	forward	`ppg_400hz_frame_calibration_scheduler.v` `o_transaction_frame_id`
PPG_CONTRACT_CLOSURE_MATRIX.md	1444	1462	ppg_control_top.v:916	forward	`ppg_control_top.v` `o_transaction_frame_id`
PPG_CONTRACT_CLOSURE_MATRIX.md	1445	1463	ppg_adc_measurement_idac_integration.v:130	forward	`ppg_adc_measurement_idac_integration.v` `i_transaction_frame_type`
PPG_CONTRACT_CLOSURE_MATRIX.md	1445	1463	ppg_control_top.v:1130	forward	`ppg_control_top.v` `i_transaction_frame_type`
PPG_CONTRACT_CLOSURE_MATRIX.md	1445	1463	ppg_400hz_frame_calibration_scheduler.v:142	forward	`ppg_400hz_frame_calibration_scheduler.v` `o_transaction_frame_type`
PPG_CONTRACT_CLOSURE_MATRIX.md	1445	1463	ppg_control_top.v:919	forward	`ppg_control_top.v` `o_transaction_frame_type`
PPG_CONTRACT_CLOSURE_MATRIX.md	1446	1464	ppg_adc_measurement_idac_integration.v:126	forward	`ppg_adc_measurement_idac_integration.v` `i_transaction_precision_mode`
PPG_CONTRACT_CLOSURE_MATRIX.md	1446	1464	ppg_control_top.v:1126	forward	`ppg_control_top.v` `i_transaction_precision_mode`
PPG_CONTRACT_CLOSURE_MATRIX.md	1446	1464	ppg_400hz_frame_calibration_scheduler.v:138	forward	`ppg_400hz_frame_calibration_scheduler.v` `o_transaction_precision_mode`
PPG_CONTRACT_CLOSURE_MATRIX.md	1446	1464	ppg_control_top.v:915	forward	`ppg_control_top.v` `o_transaction_precision_mode`
PPG_CONTRACT_CLOSURE_MATRIX.md	1447	1465	ppg_adc_measurement_idac_integration.v:128	forward	`ppg_adc_measurement_idac_integration.v` `i_transaction_sample_index`
PPG_CONTRACT_CLOSURE_MATRIX.md	1447	1465	ppg_control_top.v:1128	forward	`ppg_control_top.v` `i_transaction_sample_index`
PPG_CONTRACT_CLOSURE_MATRIX.md	1447	1465	ppg_400hz_frame_calibration_scheduler.v:140	forward	`ppg_400hz_frame_calibration_scheduler.v` `o_transaction_sample_index`
PPG_CONTRACT_CLOSURE_MATRIX.md	1447	1465	ppg_control_top.v:917	forward	`ppg_control_top.v` `o_transaction_sample_index`
PPG_CONTRACT_CLOSURE_MATRIX.md	1448	1466	ppg_adc_measurement_idac_integration.v:118	forward	`ppg_adc_measurement_idac_integration.v` `i_transaction_start_valid`
PPG_CONTRACT_CLOSURE_MATRIX.md	1448	1466	ppg_control_top.v:1120	forward	`ppg_control_top.v` `i_transaction_start_valid`
PPG_CONTRACT_CLOSURE_MATRIX.md	1448	1466	ppg_400hz_frame_calibration_scheduler.v:135	forward	`ppg_400hz_frame_calibration_scheduler.v` `o_transaction_start_valid`
PPG_CONTRACT_CLOSURE_MATRIX.md	1448	1466	ppg_control_top.v:912	forward	`ppg_control_top.v` `o_transaction_start_valid`
PPG_CONTRACT_CLOSURE_MATRIX.md	1449	1467	ppg_400hz_frame_calibration_scheduler.v:98	forward	`ppg_400hz_frame_calibration_scheduler.v` `i_ami_fault_blocking`
PPG_CONTRACT_CLOSURE_MATRIX.md	1449	1467	ppg_control_top.v:883	forward	`ppg_control_top.v` `i_ami_fault_blocking`
PPG_CONTRACT_CLOSURE_MATRIX.md	1449	1467	ppg_adc_measurement_idac_integration.v:350	forward	`ppg_adc_measurement_idac_integration.v` `o_wrapper_fault_blocking`
PPG_CONTRACT_CLOSURE_MATRIX.md	1449	1467	ppg_control_top.v:1328	forward	`ppg_control_top.v` `o_wrapper_fault_blocking`
PPG_CONTRACT_CLOSURE_MATRIX.md	1449	1467	ppg_400hz_frame_calibration_scheduler.v:99	forward	`ppg_400hz_frame_calibration_scheduler.v` `i_ssw_fault_blocking`
PPG_CONTRACT_CLOSURE_MATRIX.md	1449	1467	ppg_control_top.v:884	forward	`ppg_control_top.v` `i_ssw_fault_blocking`
PPG_CONTRACT_CLOSURE_MATRIX.md	1449	1467	ppg_sar9_sar15_safe_selection_wrapper.v:173	forward	`ppg_sar9_sar15_safe_selection_wrapper.v` `o_wrapper_fault_blocking`
PPG_CONTRACT_CLOSURE_MATRIX.md	1449	1467	ppg_control_top.v:1077	forward	`ppg_control_top.v` `o_wrapper_fault_blocking`
PPG_CONTRACT_CLOSURE_MATRIX.md	1450	1468	ppg_active_v4_control_plane_integration.v:54	forward	`ppg_active_v4_control_plane_integration.v` `i_source_config_snapshot`
PPG_CONTRACT_CLOSURE_MATRIX.md	1450	1468	ppg_control_top.v:730	forward	`ppg_control_top.v` `i_source_config_snapshot`
PPG_CONTRACT_CLOSURE_MATRIX.md	1450	1468	ppg_control_top.v:102	forward	`ppg_control_top.v` `i_source_config_snapshot`
PPG_CONTRACT_CLOSURE_MATRIX.md	1451	1469	ppg_active_v4_control_plane_integration.v:55	forward	`ppg_active_v4_control_plane_integration.v` `i_source_config_update_event`
PPG_CONTRACT_CLOSURE_MATRIX.md	1451	1469	ppg_control_top.v:731	forward	`ppg_control_top.v` `i_source_config_update_event`
PPG_CONTRACT_CLOSURE_MATRIX.md	1451	1469	ppg_control_top.v:103	forward	`ppg_control_top.v` `i_source_config_update_event`
PPG_CONTRACT_CLOSURE_MATRIX.md	1452	1470	ppg_active_v4_control_plane_integration.v:60	forward	`ppg_active_v4_control_plane_integration.v` `i_start_event`
PPG_CONTRACT_CLOSURE_MATRIX.md	1452	1470	ppg_control_top.v:734	forward	`ppg_control_top.v` `i_start_event`
PPG_CONTRACT_CLOSURE_MATRIX.md	1452	1470	ppg_control_top.v:111	forward	`ppg_control_top.v` `i_start_event`
PPG_CONTRACT_CLOSURE_MATRIX.md	1453	1471	`:74-77`	forward	`ppg_control_top.v`
PPG_CONTRACT_CLOSURE_MATRIX.md	1453	1471	ppg_active_v4_control_plane_integration.v:65	forward	`ppg_active_v4_control_plane_integration.v` `i_analog_ready`
PPG_CONTRACT_CLOSURE_MATRIX.md	1453	1471	ppg_control_top.v:737	forward	`ppg_control_top.v` `i_analog_ready`
PPG_CONTRACT_CLOSURE_MATRIX.md	1453	1471	ppg_control_top.v:122	forward	`ppg_control_top.v` `i_analog_ready`
PPG_CONTRACT_CLOSURE_MATRIX.md	1454	1472	ppg_active_v4_control_plane_integration.v:86	forward	`ppg_active_v4_control_plane_integration.v` `o_lifecycle_state`
PPG_CONTRACT_CLOSURE_MATRIX.md	1454	1472	ppg_control_top.v:752	forward	`ppg_control_top.v` `o_lifecycle_state`
PPG_CONTRACT_CLOSURE_MATRIX.md	1454	1472	`:1503`	forward	`ppg_control_top.v` `o_lifecycle_state`
PPG_CONTRACT_CLOSURE_MATRIX.md	1454	1472	ppg_control_top.v:197	forward	`ppg_control_top.v` `o_lifecycle_state`
PPG_CONTRACT_CLOSURE_MATRIX.md	1455	1473	ppg_active_v4_control_plane_integration.v:87	forward	`ppg_active_v4_control_plane_integration.v` `o_start_ready`
PPG_CONTRACT_CLOSURE_MATRIX.md	1455	1473	ppg_control_top.v:753	forward	`ppg_control_top.v` `o_start_ready`
PPG_CONTRACT_CLOSURE_MATRIX.md	1455	1473	`:1504`	forward	`ppg_control_top.v` `o_start_ready`
PPG_CONTRACT_CLOSURE_MATRIX.md	1455	1473	ppg_control_top.v:198	forward	`ppg_control_top.v` `o_start_ready`
PPG_CONTRACT_CLOSURE_MATRIX.md	1456	1474	ppg_active_v4_control_plane_integration.v:94	forward	`ppg_active_v4_control_plane_integration.v` `o_commit_ack_event`
PPG_CONTRACT_CLOSURE_MATRIX.md	1456	1474	ppg_control_top.v:758	forward	`ppg_control_top.v` `o_commit_ack_event`
PPG_CONTRACT_CLOSURE_MATRIX.md	1456	1474	`:1505`	forward	`ppg_control_top.v` `o_commit_ack_event`
PPG_CONTRACT_CLOSURE_MATRIX.md	1456	1474	ppg_control_top.v:199	forward	`ppg_control_top.v` `o_commit_ack_event`
PPG_CONTRACT_CLOSURE_MATRIX.md	1457	1475	ppg_active_v4_control_plane_integration.v:97	forward	`ppg_active_v4_control_plane_integration.v` `o_error_event`
PPG_CONTRACT_CLOSURE_MATRIX.md	1457	1475	ppg_control_top.v:761	forward	`ppg_control_top.v` `o_error_event`
PPG_CONTRACT_CLOSURE_MATRIX.md	1457	1475	`:1508`	forward	`ppg_control_top.v` `o_error_event`
PPG_CONTRACT_CLOSURE_MATRIX.md	1457	1475	ppg_control_top.v:202	forward	`ppg_control_top.v` `o_error_event`
PPG_CONTRACT_CLOSURE_MATRIX.md	1458	1476	ppg_active_v4_control_plane_integration.v:98	forward	`ppg_active_v4_control_plane_integration.v` `o_commit_ack_sticky`
PPG_CONTRACT_CLOSURE_MATRIX.md	1458	1476	ppg_control_top.v:762	forward	`ppg_control_top.v` `o_commit_ack_sticky`
PPG_CONTRACT_CLOSURE_MATRIX.md	1458	1476	`:1509`	forward	`ppg_control_top.v` `o_commit_ack_sticky`
PPG_CONTRACT_CLOSURE_MATRIX.md	1458	1476	ppg_control_top.v:203	forward	`ppg_control_top.v` `o_commit_ack_sticky`
PPG_CONTRACT_CLOSURE_MATRIX.md	1459	1477	ppg_active_v4_control_plane_integration.v:99	forward	`ppg_active_v4_control_plane_integration.v` `o_error_sticky`
PPG_CONTRACT_CLOSURE_MATRIX.md	1459	1477	ppg_control_top.v:763	forward	`ppg_control_top.v` `o_error_sticky`
PPG_CONTRACT_CLOSURE_MATRIX.md	1459	1477	`:1510`	forward	`ppg_control_top.v` `o_error_sticky`
PPG_CONTRACT_CLOSURE_MATRIX.md	1459	1477	ppg_control_top.v:204	forward	`ppg_control_top.v` `o_error_sticky`
PPG_CONTRACT_CLOSURE_MATRIX.md	1460	1478	ppg_active_v4_control_plane_integration.v:100	forward	`ppg_active_v4_control_plane_integration.v` `o_last_error_code`
PPG_CONTRACT_CLOSURE_MATRIX.md	1460	1478	ppg_control_top.v:764	forward	`ppg_control_top.v` `o_last_error_code`
PPG_CONTRACT_CLOSURE_MATRIX.md	1460	1478	`:1511`	forward	`ppg_control_top.v` `o_last_error_code`
PPG_CONTRACT_CLOSURE_MATRIX.md	1460	1478	ppg_control_top.v:205	forward	`ppg_control_top.v` `o_last_error_code`
PPG_CONTRACT_CLOSURE_MATRIX.md	1461	1479	ppg_active_v4_control_plane_integration.v:103	forward	`ppg_active_v4_control_plane_integration.v` `o_schema_version`
PPG_CONTRACT_CLOSURE_MATRIX.md	1461	1479	ppg_control_top.v:765	forward	`ppg_control_top.v` `o_schema_version`
PPG_CONTRACT_CLOSURE_MATRIX.md	1461	1479	`:1512`	forward	`ppg_control_top.v` `o_schema_version`
PPG_CONTRACT_CLOSURE_MATRIX.md	1461	1479	ppg_control_top.v:206	forward	`ppg_control_top.v` `o_schema_version`
PPG_CONTRACT_CLOSURE_MATRIX.md	1462	1480	ppg_active_v4_control_plane_integration.v:80	forward	`ppg_active_v4_control_plane_integration.v` `o_config_epoch`
PPG_CONTRACT_CLOSURE_MATRIX.md	1462	1480	ppg_control_top.v:748	forward	`ppg_control_top.v` `o_config_epoch`
PPG_CONTRACT_CLOSURE_MATRIX.md	1462	1480	`:1513`	forward	`ppg_control_top.v` `o_config_epoch`
PPG_CONTRACT_CLOSURE_MATRIX.md	1462	1480	ppg_control_top.v:207	forward	`ppg_control_top.v` `o_config_epoch`
PPG_CONTRACT_CLOSURE_MATRIX.md	1463	1481	ppg_active_v4_control_plane_integration.v:81	forward	`ppg_active_v4_control_plane_integration.v` `o_coef_epoch`
PPG_CONTRACT_CLOSURE_MATRIX.md	1463	1481	ppg_control_top.v:749	forward	`ppg_control_top.v` `o_coef_epoch`
PPG_CONTRACT_CLOSURE_MATRIX.md	1463	1481	`:1514`	forward	`ppg_control_top.v` `o_coef_epoch`
PPG_CONTRACT_CLOSURE_MATRIX.md	1463	1481	ppg_control_top.v:208	forward	`ppg_control_top.v` `o_coef_epoch`
PPG_CONTRACT_CLOSURE_MATRIX.md	1464	1482	ppg_active_v4_control_plane_integration.v:82	forward	`ppg_active_v4_control_plane_integration.v` `o_stage2_coef_epoch`
PPG_CONTRACT_CLOSURE_MATRIX.md	1464	1482	ppg_control_top.v:750	forward	`ppg_control_top.v` `o_stage2_coef_epoch`
PPG_CONTRACT_CLOSURE_MATRIX.md	1464	1482	`:1515`	forward	`ppg_control_top.v` `o_stage2_coef_epoch`
PPG_CONTRACT_CLOSURE_MATRIX.md	1464	1482	ppg_control_top.v:209	forward	`ppg_control_top.v` `o_stage2_coef_epoch`
PPG_CONTRACT_CLOSURE_MATRIX.md	1465	1483	ppg_active_v4_control_plane_integration.v:83	forward	`ppg_active_v4_control_plane_integration.v` `o_dc_recovery_coef_epoch`
PPG_CONTRACT_CLOSURE_MATRIX.md	1465	1483	ppg_control_top.v:751	forward	`ppg_control_top.v` `o_dc_recovery_coef_epoch`
PPG_CONTRACT_CLOSURE_MATRIX.md	1465	1483	`:1516`	forward	`ppg_control_top.v` `o_dc_recovery_coef_epoch`
PPG_CONTRACT_CLOSURE_MATRIX.md	1465	1483	ppg_control_top.v:210	forward	`ppg_control_top.v` `o_dc_recovery_coef_epoch`
PPG_CONTRACT_CLOSURE_MATRIX.md	1466	1484	ppg_active_v4_control_plane_integration.v:74	forward	`ppg_active_v4_control_plane_integration.v` `o_config_transport_busy`
PPG_CONTRACT_CLOSURE_MATRIX.md	1466	1484	ppg_control_top.v:744	forward	`ppg_control_top.v` `o_config_transport_busy`
PPG_CONTRACT_CLOSURE_MATRIX.md	1466	1484	`:1535`	forward	`ppg_control_top.v` `o_source_config_update_ready`、`o_config_transport_busy`
PPG_CONTRACT_CLOSURE_MATRIX.md	1466	1484	ppg_control_top.v:229	forward	`ppg_control_top.v` `o_source_config_update_ready`
PPG_CONTRACT_CLOSURE_MATRIX.md	1467	1485	ppg_characterization_control_cdc.v:54	forward	`ppg_characterization_control_cdc.v` `i_source_test_mux_ctrl`
PPG_CONTRACT_CLOSURE_MATRIX.md	1467	1485	ppg_control_top.v:844	forward	`ppg_control_top.v` `i_source_test_mux_ctrl`
PPG_CONTRACT_CLOSURE_MATRIX.md	1467	1485	ppg_control_top.v:108	forward	`ppg_control_top.v` `i_source_test_mux_ctrl`
PPG_CONTRACT_CLOSURE_MATRIX.md	1467	1485	ppg_control_top.v:108	rewrite	`ppg_control_top.v` `i_source_test_mux_ctrl`
PPG_CONTRACT_CLOSURE_MATRIX.md	1468	1486	`:1008`	forward	`ppg_sar9_sar15_safe_selection_wrapper.v` `i_test_inject_enable`
PPG_CONTRACT_CLOSURE_MATRIX.md	1468	1486	ppg_sar9_sar15_safe_selection_wrapper.v:95	forward	`ppg_sar9_sar15_safe_selection_wrapper.v` `i_context_handover_stall_request`
PPG_CONTRACT_CLOSURE_MATRIX.md	1468	1486	ppg_control_top.v:1009	forward	`ppg_control_top.v` `i_context_handover_stall_request`
PPG_CONTRACT_CLOSURE_MATRIX.md	1468	1486	ppg_control_top.v:134	forward	`ppg_control_top.v` `i_context_handover_stall_request`
PPG_CONTRACT_CLOSURE_MATRIX.md	1469	1487	ppg_sar9_sar15_safe_selection_wrapper.v:132	forward	`ppg_sar9_sar15_safe_selection_wrapper.v` `o_en_tia_low`
PPG_CONTRACT_CLOSURE_MATRIX.md	1469	1487	ppg_control_top.v:1038	forward	`ppg_control_top.v` `o_en_tia_low`
PPG_CONTRACT_CLOSURE_MATRIX.md	1469	1487	`:1443`	forward	`ppg_control_top.v` `o_en_tia_low`、`ssw_en_tia_low_o`
PPG_CONTRACT_CLOSURE_MATRIX.md	1469	1487	ppg_control_top.v:137	forward	`ppg_control_top.v` `o_en_tia_low`
PPG_CONTRACT_CLOSURE_MATRIX.md	1470	1488	ppg_sar9_sar15_safe_selection_wrapper.v:133	forward	`ppg_sar9_sar15_safe_selection_wrapper.v` `o_leddac`
PPG_CONTRACT_CLOSURE_MATRIX.md	1470	1488	ppg_control_top.v:1039	forward	`ppg_control_top.v` `o_leddac`
PPG_CONTRACT_CLOSURE_MATRIX.md	1470	1488	`:1444`	forward	`ppg_control_top.v` `o_leddac`
PPG_CONTRACT_CLOSURE_MATRIX.md	1470	1488	ppg_control_top.v:138	forward	`ppg_control_top.v` `o_leddac`
PPG_CONTRACT_CLOSURE_MATRIX.md	1471	1489	ppg_sar9_sar15_safe_selection_wrapper.v:134	forward	`ppg_sar9_sar15_safe_selection_wrapper.v` `o_leden1_low`
PPG_CONTRACT_CLOSURE_MATRIX.md	1471	1489	ppg_control_top.v:1040	forward	`ppg_control_top.v` `o_leden1_low`
PPG_CONTRACT_CLOSURE_MATRIX.md	1471	1489	`:1445`	forward	`ppg_control_top.v` `o_leden1_low`
PPG_CONTRACT_CLOSURE_MATRIX.md	1471	1489	ppg_control_top.v:139	forward	`ppg_control_top.v` `o_leden1_low`
PPG_CONTRACT_CLOSURE_MATRIX.md	1472	1490	ppg_sar9_sar15_safe_selection_wrapper.v:135	forward	`ppg_sar9_sar15_safe_selection_wrapper.v` `o_leden2_low`
PPG_CONTRACT_CLOSURE_MATRIX.md	1472	1490	ppg_control_top.v:1041	forward	`ppg_control_top.v` `o_leden2_low`
PPG_CONTRACT_CLOSURE_MATRIX.md	1472	1490	`:1446`	forward	`ppg_control_top.v` `o_leden2_low`
PPG_CONTRACT_CLOSURE_MATRIX.md	1472	1490	ppg_control_top.v:140	forward	`ppg_control_top.v` `o_leden2_low`
PPG_CONTRACT_CLOSURE_MATRIX.md	1473	1491	ppg_sar9_sar15_safe_selection_wrapper.v:136	forward	`ppg_sar9_sar15_safe_selection_wrapper.v` `o_en_test`
PPG_CONTRACT_CLOSURE_MATRIX.md	1473	1491	ppg_control_top.v:1042	forward	`ppg_control_top.v` `o_en_test`
PPG_CONTRACT_CLOSURE_MATRIX.md	1473	1491	`:1447`	forward	`ppg_control_top.v` `o_en_test`
PPG_CONTRACT_CLOSURE_MATRIX.md	1473	1491	ppg_control_top.v:141	forward	`ppg_control_top.v` `o_en_test`
PPG_CONTRACT_CLOSURE_MATRIX.md	1474	1492	ppg_sar9_sar15_safe_selection_wrapper.v:137	forward	`ppg_sar9_sar15_safe_selection_wrapper.v` `o_clk_buf_low`
PPG_CONTRACT_CLOSURE_MATRIX.md	1474	1492	ppg_control_top.v:1043	forward	`ppg_control_top.v` `o_clk_buf_low`
PPG_CONTRACT_CLOSURE_MATRIX.md	1474	1492	`:1448`	forward	`ppg_control_top.v` `o_clk_buf_low`
PPG_CONTRACT_CLOSURE_MATRIX.md	1474	1492	ppg_control_top.v:142	forward	`ppg_control_top.v` `o_clk_buf_low`
PPG_CONTRACT_CLOSURE_MATRIX.md	1475	1493	ppg_sar9_sar15_safe_selection_wrapper.v:138	forward	`ppg_sar9_sar15_safe_selection_wrapper.v` `o_clk_iref_idac_low`
PPG_CONTRACT_CLOSURE_MATRIX.md	1475	1493	ppg_control_top.v:1044	forward	`ppg_control_top.v` `o_clk_iref_idac_low`
PPG_CONTRACT_CLOSURE_MATRIX.md	1475	1493	`:1449`	forward	`ppg_control_top.v` `o_clk_iref_idac_low`
PPG_CONTRACT_CLOSURE_MATRIX.md	1475	1493	ppg_control_top.v:143	forward	`ppg_control_top.v` `o_clk_iref_idac_low`
PPG_CONTRACT_CLOSURE_MATRIX.md	1476	1494	ppg_sar9_sar15_safe_selection_wrapper.v:139	forward	`ppg_sar9_sar15_safe_selection_wrapper.v` `o_clk_9q1_low`
PPG_CONTRACT_CLOSURE_MATRIX.md	1476	1494	ppg_control_top.v:1045	forward	`ppg_control_top.v` `o_clk_9q1_low`
PPG_CONTRACT_CLOSURE_MATRIX.md	1476	1494	`:1450`	forward	`ppg_control_top.v` `o_clk_9q1_low`
PPG_CONTRACT_CLOSURE_MATRIX.md	1476	1494	ppg_control_top.v:144	forward	`ppg_control_top.v` `o_clk_9q1_low`
PPG_CONTRACT_CLOSURE_MATRIX.md	1477	1495	ppg_sar9_sar15_safe_selection_wrapper.v:140	forward	`ppg_sar9_sar15_safe_selection_wrapper.v` `o_clk_15q1_low`
PPG_CONTRACT_CLOSURE_MATRIX.md	1477	1495	ppg_control_top.v:1046	forward	`ppg_control_top.v` `o_clk_15q1_low`
PPG_CONTRACT_CLOSURE_MATRIX.md	1477	1495	`:1451`	forward	`ppg_control_top.v` `o_clk_15q1_low`
PPG_CONTRACT_CLOSURE_MATRIX.md	1477	1495	ppg_control_top.v:145	forward	`ppg_control_top.v` `o_clk_15q1_low`
PPG_CONTRACT_CLOSURE_MATRIX.md	1478	1496	ppg_sar9_sar15_safe_selection_wrapper.v:141	forward	`ppg_sar9_sar15_safe_selection_wrapper.v` `o_clk_aferst_low`
PPG_CONTRACT_CLOSURE_MATRIX.md	1478	1496	ppg_control_top.v:1047	forward	`ppg_control_top.v` `o_clk_aferst_low`
PPG_CONTRACT_CLOSURE_MATRIX.md	1478	1496	`:1452`	forward	`ppg_control_top.v` `o_clk_aferst_low`
PPG_CONTRACT_CLOSURE_MATRIX.md	1478	1496	ppg_control_top.v:146	forward	`ppg_control_top.v` `o_clk_aferst_low`
PPG_CONTRACT_CLOSURE_MATRIX.md	1479	1497	ppg_sar9_sar15_safe_selection_wrapper.v:142	forward	`ppg_sar9_sar15_safe_selection_wrapper.v` `o_clk_iref_idac_sar9_low`
PPG_CONTRACT_CLOSURE_MATRIX.md	1479	1497	ppg_control_top.v:1048	forward	`ppg_control_top.v` `o_clk_iref_idac_sar9_low`
PPG_CONTRACT_CLOSURE_MATRIX.md	1479	1497	`:1453`	forward	`ppg_control_top.v` `o_clk_iref_idac_sar9_low`
PPG_CONTRACT_CLOSURE_MATRIX.md	1479	1497	ppg_control_top.v:147	forward	`ppg_control_top.v` `o_clk_iref_idac_sar9_low`
PPG_CONTRACT_CLOSURE_MATRIX.md	1480	1498	ppg_sar9_sar15_safe_selection_wrapper.v:143	forward	`ppg_sar9_sar15_safe_selection_wrapper.v` `o_clk_iref_idac_sar15_low`
PPG_CONTRACT_CLOSURE_MATRIX.md	1480	1498	ppg_control_top.v:1049	forward	`ppg_control_top.v` `o_clk_iref_idac_sar15_low`
PPG_CONTRACT_CLOSURE_MATRIX.md	1480	1498	`:1454`	forward	`ppg_control_top.v` `o_clk_iref_idac_sar15_low`
PPG_CONTRACT_CLOSURE_MATRIX.md	1480	1498	ppg_control_top.v:148	forward	`ppg_control_top.v` `o_clk_iref_idac_sar15_low`
PPG_CONTRACT_CLOSURE_MATRIX.md	1481	1499	ppg_sar9_sar15_safe_selection_wrapper.v:144	forward	`ppg_sar9_sar15_safe_selection_wrapper.v` `o_clk_q2_low`
PPG_CONTRACT_CLOSURE_MATRIX.md	1481	1499	ppg_control_top.v:1050	forward	`ppg_control_top.v` `o_clk_q2_low`
PPG_CONTRACT_CLOSURE_MATRIX.md	1481	1499	`:1455`	forward	`ppg_control_top.v` `o_clk_q2_low`
PPG_CONTRACT_CLOSURE_MATRIX.md	1481	1499	ppg_control_top.v:149	forward	`ppg_control_top.v` `o_clk_q2_low`
PPG_CONTRACT_CLOSURE_MATRIX.md	1482	1500	ppg_sar9_sar15_safe_selection_wrapper.v:145	forward	`ppg_sar9_sar15_safe_selection_wrapper.v` `o_clk_q3_low`
PPG_CONTRACT_CLOSURE_MATRIX.md	1482	1500	ppg_control_top.v:1051	forward	`ppg_control_top.v` `o_clk_q3_low`
PPG_CONTRACT_CLOSURE_MATRIX.md	1482	1500	`:1456`	forward	`ppg_control_top.v` `o_clk_q3_low`
PPG_CONTRACT_CLOSURE_MATRIX.md	1482	1500	ppg_control_top.v:150	forward	`ppg_control_top.v` `o_clk_q3_low`
PPG_CONTRACT_CLOSURE_MATRIX.md	1483	1501	ppg_sar9_sar15_safe_selection_wrapper.v:146	forward	`ppg_sar9_sar15_safe_selection_wrapper.v` `o_clk_tiaen_low`
PPG_CONTRACT_CLOSURE_MATRIX.md	1483	1501	ppg_control_top.v:1052	forward	`ppg_control_top.v` `o_clk_tiaen_low`
PPG_CONTRACT_CLOSURE_MATRIX.md	1483	1501	`:1457`	forward	`ppg_control_top.v` `o_clk_tiaen_low`
PPG_CONTRACT_CLOSURE_MATRIX.md	1483	1501	ppg_control_top.v:151	forward	`ppg_control_top.v` `o_clk_tiaen_low`
PPG_CONTRACT_CLOSURE_MATRIX.md	1484	1502	ppg_sar9_sar15_safe_selection_wrapper.v:147	forward	`ppg_sar9_sar15_safe_selection_wrapper.v` `o_en_15sar_low`
PPG_CONTRACT_CLOSURE_MATRIX.md	1484	1502	ppg_control_top.v:1053	forward	`ppg_control_top.v` `o_en_15sar_low`
PPG_CONTRACT_CLOSURE_MATRIX.md	1484	1502	`:1458`	forward	`ppg_control_top.v` `o_en_15sar_low`
PPG_CONTRACT_CLOSURE_MATRIX.md	1484	1502	ppg_control_top.v:152	forward	`ppg_control_top.v` `o_en_15sar_low`
PPG_CONTRACT_CLOSURE_MATRIX.md	1485	1503	ppg_sar9_sar15_safe_selection_wrapper.v:148	forward	`ppg_sar9_sar15_safe_selection_wrapper.v` `o_en_sar9_amb_low`
PPG_CONTRACT_CLOSURE_MATRIX.md	1485	1503	ppg_control_top.v:1054	forward	`ppg_control_top.v` `o_en_sar9_amb_low`
PPG_CONTRACT_CLOSURE_MATRIX.md	1485	1503	`:1459`	forward	`ppg_control_top.v` `o_en_sar9_amb_low`
PPG_CONTRACT_CLOSURE_MATRIX.md	1485	1503	ppg_control_top.v:153	forward	`ppg_control_top.v` `o_en_sar9_amb_low`
PPG_CONTRACT_CLOSURE_MATRIX.md	1486	1504	ppg_sar9_sar15_safe_selection_wrapper.v:149	forward	`ppg_sar9_sar15_safe_selection_wrapper.v` `o_en_sar9_dc_low`
PPG_CONTRACT_CLOSURE_MATRIX.md	1486	1504	ppg_control_top.v:1055	forward	`ppg_control_top.v` `o_en_sar9_dc_low`
PPG_CONTRACT_CLOSURE_MATRIX.md	1486	1504	`:1460`	forward	`ppg_control_top.v` `o_en_sar9_dc_low`
PPG_CONTRACT_CLOSURE_MATRIX.md	1486	1504	ppg_control_top.v:154	forward	`ppg_control_top.v` `o_en_sar9_dc_low`
PPG_CONTRACT_CLOSURE_MATRIX.md	1487	1505	ppg_sar9_sar15_safe_selection_wrapper.v:150	forward	`ppg_sar9_sar15_safe_selection_wrapper.v` `o_en_sar9_iref`
PPG_CONTRACT_CLOSURE_MATRIX.md	1487	1505	ppg_control_top.v:1056	forward	`ppg_control_top.v` `o_en_sar9_iref`
PPG_CONTRACT_CLOSURE_MATRIX.md	1487	1505	`:1461`	forward	`ppg_control_top.v` `o_en_sar9_iref`
PPG_CONTRACT_CLOSURE_MATRIX.md	1487	1505	ppg_control_top.v:155	forward	`ppg_control_top.v` `o_en_sar9_iref`
PPG_CONTRACT_CLOSURE_MATRIX.md	1488	1506	ppg_sar9_sar15_safe_selection_wrapper.v:151	forward	`ppg_sar9_sar15_safe_selection_wrapper.v` `o_en_sar15_amb_low`
PPG_CONTRACT_CLOSURE_MATRIX.md	1488	1506	ppg_control_top.v:1057	forward	`ppg_control_top.v` `o_en_sar15_amb_low`
PPG_CONTRACT_CLOSURE_MATRIX.md	1488	1506	`:1462`	forward	`ppg_control_top.v` `o_en_sar15_amb_low`
PPG_CONTRACT_CLOSURE_MATRIX.md	1488	1506	ppg_control_top.v:156	forward	`ppg_control_top.v` `o_en_sar15_amb_low`
PPG_CONTRACT_CLOSURE_MATRIX.md	1489	1507	ppg_sar9_sar15_safe_selection_wrapper.v:152	forward	`ppg_sar9_sar15_safe_selection_wrapper.v` `o_en_sar15_dc_low`
PPG_CONTRACT_CLOSURE_MATRIX.md	1489	1507	ppg_control_top.v:1058	forward	`ppg_control_top.v` `o_en_sar15_dc_low`
PPG_CONTRACT_CLOSURE_MATRIX.md	1489	1507	`:1463`	forward	`ppg_control_top.v` `o_en_sar15_dc_low`
PPG_CONTRACT_CLOSURE_MATRIX.md	1489	1507	ppg_control_top.v:157	forward	`ppg_control_top.v` `o_en_sar15_dc_low`
PPG_CONTRACT_CLOSURE_MATRIX.md	1490	1508	ppg_sar9_sar15_safe_selection_wrapper.v:153	forward	`ppg_sar9_sar15_safe_selection_wrapper.v` `o_en_sar15_iref`
PPG_CONTRACT_CLOSURE_MATRIX.md	1490	1508	ppg_control_top.v:1059	forward	`ppg_control_top.v` `o_en_sar15_iref`
PPG_CONTRACT_CLOSURE_MATRIX.md	1490	1508	`:1464`	forward	`ppg_control_top.v` `o_en_sar15_iref`
PPG_CONTRACT_CLOSURE_MATRIX.md	1490	1508	ppg_control_top.v:158	forward	`ppg_control_top.v` `o_en_sar15_iref`
PPG_CONTRACT_CLOSURE_MATRIX.md	1491	1509	ppg_sar9_sar15_safe_selection_wrapper.v:154	forward	`ppg_sar9_sar15_safe_selection_wrapper.v` `o_idac_sar9ambn_low`
PPG_CONTRACT_CLOSURE_MATRIX.md	1491	1509	ppg_control_top.v:1060	forward	`ppg_control_top.v` `o_idac_sar9ambn_low`
PPG_CONTRACT_CLOSURE_MATRIX.md	1491	1509	`:1465`	forward	`ppg_control_top.v` `o_idac_sar9ambn_low`
PPG_CONTRACT_CLOSURE_MATRIX.md	1491	1509	ppg_control_top.v:159	forward	`ppg_control_top.v` `o_idac_sar9ambn_low`
PPG_CONTRACT_CLOSURE_MATRIX.md	1492	1510	ppg_sar9_sar15_safe_selection_wrapper.v:155	forward	`ppg_sar9_sar15_safe_selection_wrapper.v` `o_idac_sar9dcn_low`
PPG_CONTRACT_CLOSURE_MATRIX.md	1492	1510	ppg_control_top.v:1061	forward	`ppg_control_top.v` `o_idac_sar9dcn_low`
PPG_CONTRACT_CLOSURE_MATRIX.md	1492	1510	`:1466`	forward	`ppg_control_top.v` `o_idac_sar9dcn_low`
PPG_CONTRACT_CLOSURE_MATRIX.md	1492	1510	ppg_control_top.v:160	forward	`ppg_control_top.v` `o_idac_sar9dcn_low`
PPG_CONTRACT_CLOSURE_MATRIX.md	1493	1511	ppg_sar9_sar15_safe_selection_wrapper.v:156	forward	`ppg_sar9_sar15_safe_selection_wrapper.v` `o_idac_sar15ambn_low`
PPG_CONTRACT_CLOSURE_MATRIX.md	1493	1511	ppg_control_top.v:1062	forward	`ppg_control_top.v` `o_idac_sar15ambn_low`
PPG_CONTRACT_CLOSURE_MATRIX.md	1493	1511	`:1467`	forward	`ppg_control_top.v` `o_idac_sar15ambn_low`
PPG_CONTRACT_CLOSURE_MATRIX.md	1493	1511	ppg_control_top.v:161	forward	`ppg_control_top.v` `o_idac_sar15ambn_low`
PPG_CONTRACT_CLOSURE_MATRIX.md	1494	1512	ppg_sar9_sar15_safe_selection_wrapper.v:157	forward	`ppg_sar9_sar15_safe_selection_wrapper.v` `o_idac_sar15dcn_low`
PPG_CONTRACT_CLOSURE_MATRIX.md	1494	1512	ppg_control_top.v:1063	forward	`ppg_control_top.v` `o_idac_sar15dcn_low`
PPG_CONTRACT_CLOSURE_MATRIX.md	1494	1512	`:1468`	forward	`ppg_control_top.v` `o_idac_sar15dcn_low`
PPG_CONTRACT_CLOSURE_MATRIX.md	1494	1512	ppg_control_top.v:162	forward	`ppg_control_top.v` `o_idac_sar15dcn_low`
PPG_CONTRACT_CLOSURE_MATRIX.md	1495	1513	ppg_sar9_sar15_safe_selection_wrapper.v:158	forward	`ppg_sar9_sar15_safe_selection_wrapper.v` `o_s_in`
PPG_CONTRACT_CLOSURE_MATRIX.md	1495	1513	ppg_control_top.v:1064	forward	`ppg_control_top.v` `o_s_in`
PPG_CONTRACT_CLOSURE_MATRIX.md	1495	1513	`:1469`	forward	`ppg_control_top.v` `o_s_in`
PPG_CONTRACT_CLOSURE_MATRIX.md	1495	1513	ppg_control_top.v:163	forward	`ppg_control_top.v` `o_s_in`
PPG_CONTRACT_CLOSURE_MATRIX.md	1496	1514	ppg_sar9_sar15_safe_selection_wrapper.v:159	forward	`ppg_sar9_sar15_safe_selection_wrapper.v` `o_clk_2m`
PPG_CONTRACT_CLOSURE_MATRIX.md	1496	1514	ppg_control_top.v:1065	forward	`ppg_control_top.v` `o_clk_2m`
PPG_CONTRACT_CLOSURE_MATRIX.md	1496	1514	`:1470`	forward	`ppg_control_top.v` `o_clk_2m`
PPG_CONTRACT_CLOSURE_MATRIX.md	1496	1514	ppg_control_top.v:164	forward	`ppg_control_top.v` `o_clk_2m`
PPG_CONTRACT_CLOSURE_MATRIX.md	1497	1515	`:634`	forward	`ppg_400hz_frame_calibration_scheduler.v` `o_scheduler_idle`、`i_adc_idle`
PPG_CONTRACT_CLOSURE_MATRIX.md	1497	1515	`:632`	forward	§6.2.1
PPG_CONTRACT_CLOSURE_MATRIX.md	1497	1515	ppg_400hz_frame_calibration_scheduler.v:181	forward	`ppg_400hz_frame_calibration_scheduler.v` `o_scheduler_idle`
PPG_CONTRACT_CLOSURE_MATRIX.md	1497	1515	ppg_control_top.v:952	forward	`ppg_control_top.v` `o_scheduler_idle`
PPG_CONTRACT_CLOSURE_MATRIX.md	1497	1515	`:1519`	forward	`ppg_control_top.v` `o_scheduler_idle`、`sched_idle_o`
PPG_CONTRACT_CLOSURE_MATRIX.md	1497	1515	ppg_control_top.v:213	forward	`ppg_control_top.v` `o_scheduler_idle`
PPG_CONTRACT_CLOSURE_MATRIX.md	1498	1516	ppg_400hz_frame_calibration_scheduler.v:187	forward	`ppg_400hz_frame_calibration_scheduler.v` `o_launch_timeout_sticky`
PPG_CONTRACT_CLOSURE_MATRIX.md	1498	1516	ppg_control_top.v:958	forward	`ppg_control_top.v` `o_launch_timeout_sticky`
PPG_CONTRACT_CLOSURE_MATRIX.md	1498	1516	`:1520`	forward	`ppg_control_top.v` `o_launch_timeout_sticky`、`sched_launch_timeout_sticky_o`
PPG_CONTRACT_CLOSURE_MATRIX.md	1498	1516	ppg_control_top.v:214	forward	`ppg_control_top.v` `o_scheduler_launch_timeout_sticky`
PPG_CONTRACT_CLOSURE_MATRIX.md	1499	1517	ppg_400hz_frame_calibration_scheduler.v:188	forward	`ppg_400hz_frame_calibration_scheduler.v` `o_owner_deadline_timeout_sticky`
PPG_CONTRACT_CLOSURE_MATRIX.md	1499	1517	ppg_control_top.v:959	forward	`ppg_control_top.v` `o_owner_deadline_timeout_sticky`
PPG_CONTRACT_CLOSURE_MATRIX.md	1499	1517	`:1521`	forward	`ppg_control_top.v` `o_owner_deadline_timeout_sticky`、`sched_owner_deadline_timeout_sticky_o`
PPG_CONTRACT_CLOSURE_MATRIX.md	1499	1517	ppg_control_top.v:215	forward	`ppg_control_top.v` `o_scheduler_owner_deadline_timeout_sticky`
PPG_CONTRACT_CLOSURE_MATRIX.md	1500	1518	ppg_400hz_frame_calibration_scheduler.v:189	forward	`ppg_400hz_frame_calibration_scheduler.v` `o_completion_mismatch_sticky`
PPG_CONTRACT_CLOSURE_MATRIX.md	1500	1518	ppg_control_top.v:960	forward	`ppg_control_top.v` `o_completion_mismatch_sticky`
PPG_CONTRACT_CLOSURE_MATRIX.md	1500	1518	`:1522`	forward	`ppg_control_top.v` `o_scheduler_completion_mismatch_sticky`
PPG_CONTRACT_CLOSURE_MATRIX.md	1500	1518	ppg_control_top.v:216	forward	`ppg_control_top.v` `o_scheduler_completion_mismatch_sticky`
PPG_CONTRACT_CLOSURE_MATRIX.md	1501	1519	ppg_400hz_frame_calibration_scheduler.v:190	forward	`ppg_400hz_frame_calibration_scheduler.v` `o_protocol_error_sticky`
PPG_CONTRACT_CLOSURE_MATRIX.md	1501	1519	ppg_control_top.v:961	forward	`ppg_control_top.v` `o_protocol_error_sticky`
PPG_CONTRACT_CLOSURE_MATRIX.md	1501	1519	`:1523`	forward	`ppg_control_top.v` `o_scheduler_protocol_error_sticky`
PPG_CONTRACT_CLOSURE_MATRIX.md	1501	1519	ppg_control_top.v:217	forward	`ppg_control_top.v` `o_scheduler_protocol_error_sticky`
PPG_CONTRACT_CLOSURE_MATRIX.md	1502	1520	`:624`	forward	§6.2.1
PPG_CONTRACT_CLOSURE_MATRIX.md	1502	1520	ppg_sar9_sar15_safe_selection_wrapper.v:164	forward	`ppg_sar9_sar15_safe_selection_wrapper.v` `o_wrapper_idle`
PPG_CONTRACT_CLOSURE_MATRIX.md	1502	1520	ppg_control_top.v:1068	forward	`ppg_control_top.v` `o_wrapper_idle`
PPG_CONTRACT_CLOSURE_MATRIX.md	1502	1520	`:1528`	forward	`ppg_control_top.v` `o_wrapper_idle`、`ssw_wrapper_idle_o`
PPG_CONTRACT_CLOSURE_MATRIX.md	1502	1520	ppg_control_top.v:222	forward	`ppg_control_top.v` `o_ssw_wrapper_idle`
PPG_CONTRACT_CLOSURE_MATRIX.md	1503	1521	ppg_sar9_sar15_safe_selection_wrapper.v:169	forward	`ppg_sar9_sar15_safe_selection_wrapper.v` `o_switch_protocol_error_sticky`
PPG_CONTRACT_CLOSURE_MATRIX.md	1503	1521	ppg_control_top.v:1073	forward	`ppg_control_top.v` `o_switch_protocol_error_sticky`
PPG_CONTRACT_CLOSURE_MATRIX.md	1503	1521	`:1529`	forward	`ppg_control_top.v` `o_switch_protocol_error_sticky`、`ssw_switch_protocol_error_sticky_o`
PPG_CONTRACT_CLOSURE_MATRIX.md	1503	1521	ppg_control_top.v:223	forward	`ppg_control_top.v` `o_ssw_switch_protocol_error_sticky`
PPG_CONTRACT_CLOSURE_MATRIX.md	1504	1522	ppg_sar9_sar15_safe_selection_wrapper.v:170	forward	`ppg_sar9_sar15_safe_selection_wrapper.v` `o_transaction_mismatch_sticky`
PPG_CONTRACT_CLOSURE_MATRIX.md	1504	1522	ppg_control_top.v:1074	forward	`ppg_control_top.v` `o_transaction_mismatch_sticky`
PPG_CONTRACT_CLOSURE_MATRIX.md	1504	1522	`:1530`	forward	`ppg_control_top.v` `o_transaction_mismatch_sticky`、`ssw_transaction_mismatch_sticky_o`
PPG_CONTRACT_CLOSURE_MATRIX.md	1504	1522	ppg_control_top.v:224	forward	`ppg_control_top.v` `o_ssw_transaction_mismatch_sticky`
PPG_CONTRACT_CLOSURE_MATRIX.md	1505	1523	ppg_sar9_sar15_safe_selection_wrapper.v:171	forward	`ppg_sar9_sar15_safe_selection_wrapper.v` `o_owner_deadline_timeout_sticky`
PPG_CONTRACT_CLOSURE_MATRIX.md	1505	1523	ppg_control_top.v:1075	forward	`ppg_control_top.v` `o_owner_deadline_timeout_sticky`
PPG_CONTRACT_CLOSURE_MATRIX.md	1505	1523	`:1531`	forward	`ppg_control_top.v` `o_owner_deadline_timeout_sticky`、`ssw_owner_deadline_timeout_sticky_o`
PPG_CONTRACT_CLOSURE_MATRIX.md	1505	1523	ppg_control_top.v:225	forward	`ppg_control_top.v` `o_ssw_owner_deadline_timeout_sticky`
PPG_CONTRACT_CLOSURE_MATRIX.md	1506	1524	ppg_sar9_sar15_safe_selection_wrapper.v:172	forward	`ppg_sar9_sar15_safe_selection_wrapper.v` `o_calibration_timeout_sticky`
PPG_CONTRACT_CLOSURE_MATRIX.md	1506	1524	ppg_control_top.v:1076	forward	`ppg_control_top.v` `o_calibration_timeout_sticky`
PPG_CONTRACT_CLOSURE_MATRIX.md	1506	1524	`:1532`	forward	`ppg_control_top.v` `o_calibration_timeout_sticky`、`ssw_calibration_timeout_sticky_o`
PPG_CONTRACT_CLOSURE_MATRIX.md	1506	1524	ppg_control_top.v:226	forward	`ppg_control_top.v` `o_ssw_calibration_timeout_sticky`
PPG_CONTRACT_CLOSURE_MATRIX.md	1507	1525	ppg_adc_measurement_idac_integration.v:137	forward	`ppg_adc_measurement_idac_integration.v` `i_dout_stage1_low`
PPG_CONTRACT_CLOSURE_MATRIX.md	1507	1525	ppg_control_top.v:1135	forward	`ppg_control_top.v` `i_dout_stage1_low`
PPG_CONTRACT_CLOSURE_MATRIX.md	1507	1525	ppg_control_top.v:117	forward	`ppg_control_top.v` `i_dout_stage1_low`
PPG_CONTRACT_CLOSURE_MATRIX.md	1508	1526	ppg_adc_measurement_idac_integration.v:138	forward	`ppg_adc_measurement_idac_integration.v` `i_clk_stage1_dout_low_async`
PPG_CONTRACT_CLOSURE_MATRIX.md	1508	1526	ppg_control_top.v:1136	forward	`ppg_control_top.v` `i_clk_stage1_dout_low_async`
PPG_CONTRACT_CLOSURE_MATRIX.md	1508	1526	ppg_control_top.v:118	forward	`ppg_control_top.v` `i_clk_stage1_dout_low_async`
PPG_CONTRACT_CLOSURE_MATRIX.md	1509	1527	ppg_adc_measurement_idac_integration.v:139	forward	`ppg_adc_measurement_idac_integration.v` `i_dout_stage2_low`
PPG_CONTRACT_CLOSURE_MATRIX.md	1509	1527	ppg_control_top.v:1137	forward	`ppg_control_top.v` `i_dout_stage2_low`
PPG_CONTRACT_CLOSURE_MATRIX.md	1509	1527	ppg_control_top.v:119	forward	`ppg_control_top.v` `i_dout_stage2_low`
PPG_CONTRACT_CLOSURE_MATRIX.md	1509	1527	ppg_control_top.v:119	rewrite	`ppg_control_top.v` `i_dout_stage2_low`
PPG_CONTRACT_CLOSURE_MATRIX.md	1510	1528	ppg_adc_measurement_idac_integration.v:140	forward	`ppg_adc_measurement_idac_integration.v` `i_clk_stage2_dout_low_async`
PPG_CONTRACT_CLOSURE_MATRIX.md	1510	1528	ppg_control_top.v:1138	forward	`ppg_control_top.v` `i_clk_stage2_dout_low_async`
PPG_CONTRACT_CLOSURE_MATRIX.md	1510	1528	ppg_control_top.v:120	forward	`ppg_control_top.v` `i_clk_stage2_dout_low_async`
PPG_CONTRACT_CLOSURE_MATRIX.md	1511	1529	ppg_adc_measurement_idac_integration.v:159	forward	`ppg_adc_measurement_idac_integration.v` `i_measurement_result_ready`
PPG_CONTRACT_CLOSURE_MATRIX.md	1511	1529	ppg_control_top.v:1153	forward	`ppg_control_top.v` `i_measurement_result_ready`
PPG_CONTRACT_CLOSURE_MATRIX.md	1511	1529	ppg_control_top.v:125	forward	`ppg_control_top.v` `i_measurement_result_ready`
PPG_CONTRACT_CLOSURE_MATRIX.md	1512	1530	ppg_adc_measurement_idac_integration.v:393	forward	`ppg_adc_measurement_idac_integration.v` `i_test_saturation_inject_valid`
PPG_CONTRACT_CLOSURE_MATRIX.md	1512	1530	ppg_control_top.v:1365	forward	`ppg_control_top.v` `i_test_saturation_inject_valid`
PPG_CONTRACT_CLOSURE_MATRIX.md	1512	1530	ppg_control_top.v:132	forward	`ppg_control_top.v` `i_test_saturation_inject_valid`
PPG_CONTRACT_CLOSURE_MATRIX.md	1513	1531	ppg_adc_measurement_idac_integration.v:395	forward	`ppg_adc_measurement_idac_integration.v` `i_test_calibration_loss_inject_valid`
PPG_CONTRACT_CLOSURE_MATRIX.md	1513	1531	ppg_control_top.v:1367	forward	`ppg_control_top.v` `i_test_calibration_loss_inject_valid`
PPG_CONTRACT_CLOSURE_MATRIX.md	1513	1531	ppg_control_top.v:133	forward	`ppg_control_top.v` `i_test_calibration_loss_inject_valid`
PPG_CONTRACT_CLOSURE_MATRIX.md	1514	1532	ppg_adc_measurement_idac_integration.v:160	forward	`ppg_adc_measurement_idac_integration.v` `o_measurement_result_valid`
PPG_CONTRACT_CLOSURE_MATRIX.md	1514	1532	ppg_control_top.v:1154	forward	`ppg_control_top.v` `o_measurement_result_valid`
PPG_CONTRACT_CLOSURE_MATRIX.md	1514	1532	`:1473`	forward	`ppg_control_top.v` `o_measurement_result_valid`
PPG_CONTRACT_CLOSURE_MATRIX.md	1514	1532	ppg_control_top.v:167	forward	`ppg_control_top.v` `o_measurement_result_valid`
PPG_CONTRACT_CLOSURE_MATRIX.md	1515	1533	ppg_adc_measurement_idac_integration.v:161	forward	`ppg_adc_measurement_idac_integration.v` `o_coarse_ppg_value`
PPG_CONTRACT_CLOSURE_MATRIX.md	1515	1533	ppg_control_top.v:1155	forward	`ppg_control_top.v` `o_coarse_ppg_value`
PPG_CONTRACT_CLOSURE_MATRIX.md	1515	1533	`:1474`	forward	`ppg_control_top.v` `o_coarse_ppg_value`
PPG_CONTRACT_CLOSURE_MATRIX.md	1515	1533	ppg_control_top.v:168	forward	`ppg_control_top.v` `o_coarse_ppg_value`
PPG_CONTRACT_CLOSURE_MATRIX.md	1516	1534	ppg_adc_measurement_idac_integration.v:162	forward	`ppg_adc_measurement_idac_integration.v` `o_coarse_valid`
PPG_CONTRACT_CLOSURE_MATRIX.md	1516	1534	ppg_control_top.v:1156	forward	`ppg_control_top.v` `o_coarse_valid`
PPG_CONTRACT_CLOSURE_MATRIX.md	1516	1534	`:1475`	forward	`ppg_control_top.v` `o_coarse_valid`
PPG_CONTRACT_CLOSURE_MATRIX.md	1516	1534	ppg_control_top.v:169	forward	`ppg_control_top.v` `o_coarse_valid`
PPG_CONTRACT_CLOSURE_MATRIX.md	1517	1535	ppg_adc_measurement_idac_integration.v:163	forward	`ppg_adc_measurement_idac_integration.v` `o_coarse_recovery_calibrated`
PPG_CONTRACT_CLOSURE_MATRIX.md	1517	1535	ppg_control_top.v:1157	forward	`ppg_control_top.v` `o_coarse_recovery_calibrated`
PPG_CONTRACT_CLOSURE_MATRIX.md	1517	1535	`:1476`	forward	`ppg_control_top.v` `o_coarse_recovery_calibrated`
PPG_CONTRACT_CLOSURE_MATRIX.md	1517	1535	ppg_control_top.v:170	forward	`ppg_control_top.v` `o_coarse_recovery_calibrated`
PPG_CONTRACT_CLOSURE_MATRIX.md	1518	1536	ppg_adc_measurement_idac_integration.v:164	forward	`ppg_adc_measurement_idac_integration.v` `o_coarse_saturation_low`
PPG_CONTRACT_CLOSURE_MATRIX.md	1518	1536	ppg_control_top.v:1158	forward	`ppg_control_top.v` `o_coarse_saturation_low`
PPG_CONTRACT_CLOSURE_MATRIX.md	1518	1536	`:1477`	forward	`ppg_control_top.v` `o_coarse_saturation_low`
PPG_CONTRACT_CLOSURE_MATRIX.md	1518	1536	ppg_control_top.v:171	forward	`ppg_control_top.v` `o_coarse_saturation_low`
PPG_CONTRACT_CLOSURE_MATRIX.md	1519	1537	ppg_adc_measurement_idac_integration.v:165	forward	`ppg_adc_measurement_idac_integration.v` `o_coarse_saturation_high`
PPG_CONTRACT_CLOSURE_MATRIX.md	1519	1537	ppg_control_top.v:1159	forward	`ppg_control_top.v` `o_coarse_saturation_high`
PPG_CONTRACT_CLOSURE_MATRIX.md	1519	1537	`:1478`	forward	`ppg_control_top.v` `o_coarse_saturation_high`
PPG_CONTRACT_CLOSURE_MATRIX.md	1519	1537	ppg_control_top.v:172	forward	`ppg_control_top.v` `o_coarse_saturation_high`
PPG_CONTRACT_CLOSURE_MATRIX.md	1520	1538	ppg_adc_measurement_idac_integration.v:166	forward	`ppg_adc_measurement_idac_integration.v` `o_fine_ppg_value`
PPG_CONTRACT_CLOSURE_MATRIX.md	1520	1538	ppg_control_top.v:1160	forward	`ppg_control_top.v` `o_fine_ppg_value`
PPG_CONTRACT_CLOSURE_MATRIX.md	1520	1538	`:1479`	forward	`ppg_control_top.v` `o_fine_ppg_value`
PPG_CONTRACT_CLOSURE_MATRIX.md	1520	1538	ppg_control_top.v:173	forward	`ppg_control_top.v` `o_fine_ppg_value`
PPG_CONTRACT_CLOSURE_MATRIX.md	1521	1539	ppg_adc_measurement_idac_integration.v:167	forward	`ppg_adc_measurement_idac_integration.v` `o_fine_valid`
PPG_CONTRACT_CLOSURE_MATRIX.md	1521	1539	ppg_control_top.v:1161	forward	`ppg_control_top.v` `o_fine_valid`
PPG_CONTRACT_CLOSURE_MATRIX.md	1521	1539	`:1480`	forward	`ppg_control_top.v` `o_fine_valid`
PPG_CONTRACT_CLOSURE_MATRIX.md	1521	1539	ppg_control_top.v:174	forward	`ppg_control_top.v` `o_fine_valid`
PPG_CONTRACT_CLOSURE_MATRIX.md	1522	1540	ppg_adc_measurement_idac_integration.v:168	forward	`ppg_adc_measurement_idac_integration.v` `o_fine_recovery_calibrated`
PPG_CONTRACT_CLOSURE_MATRIX.md	1522	1540	ppg_control_top.v:1162	forward	`ppg_control_top.v` `o_fine_recovery_calibrated`
PPG_CONTRACT_CLOSURE_MATRIX.md	1522	1540	`:1481`	forward	`ppg_control_top.v` `o_fine_recovery_calibrated`
PPG_CONTRACT_CLOSURE_MATRIX.md	1522	1540	ppg_control_top.v:175	forward	`ppg_control_top.v` `o_fine_recovery_calibrated`
PPG_CONTRACT_CLOSURE_MATRIX.md	1523	1541	ppg_adc_measurement_idac_integration.v:169	forward	`ppg_adc_measurement_idac_integration.v` `o_fine_saturation_low`
PPG_CONTRACT_CLOSURE_MATRIX.md	1523	1541	ppg_control_top.v:1163	forward	`ppg_control_top.v` `o_fine_saturation_low`
PPG_CONTRACT_CLOSURE_MATRIX.md	1523	1541	`:1482`	forward	`ppg_control_top.v` `o_fine_saturation_low`
PPG_CONTRACT_CLOSURE_MATRIX.md	1523	1541	ppg_control_top.v:176	forward	`ppg_control_top.v` `o_fine_saturation_low`
PPG_CONTRACT_CLOSURE_MATRIX.md	1524	1542	ppg_adc_measurement_idac_integration.v:170	forward	`ppg_adc_measurement_idac_integration.v` `o_fine_saturation_high`
PPG_CONTRACT_CLOSURE_MATRIX.md	1524	1542	ppg_control_top.v:1164	forward	`ppg_control_top.v` `o_fine_saturation_high`
PPG_CONTRACT_CLOSURE_MATRIX.md	1524	1542	`:1483`	forward	`ppg_control_top.v` `o_fine_saturation_high`
PPG_CONTRACT_CLOSURE_MATRIX.md	1524	1542	ppg_control_top.v:177	forward	`ppg_control_top.v` `o_fine_saturation_high`
PPG_CONTRACT_CLOSURE_MATRIX.md	1525	1543	ppg_adc_measurement_idac_integration.v:171	forward	`ppg_adc_measurement_idac_integration.v` `o_calibrated_s1_value`
PPG_CONTRACT_CLOSURE_MATRIX.md	1525	1543	ppg_control_top.v:1165	forward	`ppg_control_top.v` `o_calibrated_s1_value`
PPG_CONTRACT_CLOSURE_MATRIX.md	1525	1543	`:1484`	forward	`ppg_control_top.v` `o_calibrated_s1_value`
PPG_CONTRACT_CLOSURE_MATRIX.md	1525	1543	ppg_control_top.v:178	forward	`ppg_control_top.v` `o_calibrated_s1_value`
PPG_CONTRACT_CLOSURE_MATRIX.md	1526	1544	ppg_adc_measurement_idac_integration.v:172	forward	`ppg_adc_measurement_idac_integration.v` `o_programmable_15_code`
PPG_CONTRACT_CLOSURE_MATRIX.md	1526	1544	ppg_control_top.v:1166	forward	`ppg_control_top.v` `o_programmable_15_code`
PPG_CONTRACT_CLOSURE_MATRIX.md	1526	1544	`:1485`	forward	`ppg_control_top.v` `o_programmable_15_code`
PPG_CONTRACT_CLOSURE_MATRIX.md	1526	1544	ppg_control_top.v:179	forward	`ppg_control_top.v` `o_programmable_15_code`
PPG_CONTRACT_CLOSURE_MATRIX.md	1527	1545	ppg_adc_measurement_idac_integration.v:173	forward	`ppg_adc_measurement_idac_integration.v` `o_programmable_15_valid`
PPG_CONTRACT_CLOSURE_MATRIX.md	1527	1545	ppg_control_top.v:1167	forward	`ppg_control_top.v` `o_programmable_15_valid`
PPG_CONTRACT_CLOSURE_MATRIX.md	1527	1545	`:1486`	forward	`ppg_control_top.v` `o_programmable_15_valid`
PPG_CONTRACT_CLOSURE_MATRIX.md	1527	1545	ppg_control_top.v:180	forward	`ppg_control_top.v` `o_programmable_15_valid`
PPG_CONTRACT_CLOSURE_MATRIX.md	1528	1546	ppg_adc_measurement_idac_integration.v:174	forward	`ppg_adc_measurement_idac_integration.v` `o_config_epoch`
PPG_CONTRACT_CLOSURE_MATRIX.md	1528	1546	ppg_control_top.v:1168	forward	`ppg_control_top.v` `o_config_epoch`
PPG_CONTRACT_CLOSURE_MATRIX.md	1528	1546	`:1487`	forward	`ppg_control_top.v` `o_result_config_epoch`
PPG_CONTRACT_CLOSURE_MATRIX.md	1528	1546	ppg_control_top.v:181	forward	`ppg_control_top.v` `o_result_config_epoch`
PPG_CONTRACT_CLOSURE_MATRIX.md	1529	1547	ppg_adc_measurement_idac_integration.v:175	forward	`ppg_adc_measurement_idac_integration.v` `o_coef_epoch`
PPG_CONTRACT_CLOSURE_MATRIX.md	1529	1547	ppg_control_top.v:1169	forward	`ppg_control_top.v` `o_coef_epoch`
PPG_CONTRACT_CLOSURE_MATRIX.md	1529	1547	`:1488`	forward	`ppg_control_top.v` `o_result_coef_epoch`
PPG_CONTRACT_CLOSURE_MATRIX.md	1529	1547	ppg_control_top.v:182	forward	`ppg_control_top.v` `o_result_coef_epoch`
PPG_CONTRACT_CLOSURE_MATRIX.md	1530	1548	ppg_adc_measurement_idac_integration.v:176	forward	`ppg_adc_measurement_idac_integration.v` `o_stage2_result_coef_epoch`
PPG_CONTRACT_CLOSURE_MATRIX.md	1530	1548	ppg_control_top.v:1170	forward	`ppg_control_top.v` `o_stage2_result_coef_epoch`
PPG_CONTRACT_CLOSURE_MATRIX.md	1530	1548	`:1489`	forward	`ppg_control_top.v` `o_result_stage2_coef_epoch`
PPG_CONTRACT_CLOSURE_MATRIX.md	1530	1548	ppg_control_top.v:183	forward	`ppg_control_top.v` `o_result_stage2_coef_epoch`
PPG_CONTRACT_CLOSURE_MATRIX.md	1531	1549	ppg_adc_measurement_idac_integration.v:177	forward	`ppg_adc_measurement_idac_integration.v` `o_dc_result_coef_epoch`
PPG_CONTRACT_CLOSURE_MATRIX.md	1531	1549	ppg_control_top.v:1171	forward	`ppg_control_top.v` `o_dc_result_coef_epoch`
PPG_CONTRACT_CLOSURE_MATRIX.md	1531	1549	`:1490`	forward	`ppg_control_top.v` `o_result_dc_coef_epoch`
PPG_CONTRACT_CLOSURE_MATRIX.md	1531	1549	ppg_control_top.v:184	forward	`ppg_control_top.v` `o_result_dc_coef_epoch`
PPG_CONTRACT_CLOSURE_MATRIX.md	1532	1550	ppg_adc_measurement_idac_integration.v:178	forward	`ppg_adc_measurement_idac_integration.v` `o_result_precision_mode`
PPG_CONTRACT_CLOSURE_MATRIX.md	1532	1550	ppg_control_top.v:1172	forward	`ppg_control_top.v` `o_result_precision_mode`
PPG_CONTRACT_CLOSURE_MATRIX.md	1532	1550	`:1491`	forward	`ppg_control_top.v` `o_result_precision_mode`
PPG_CONTRACT_CLOSURE_MATRIX.md	1532	1550	ppg_control_top.v:185	forward	`ppg_control_top.v` `o_result_precision_mode`
PPG_CONTRACT_CLOSURE_MATRIX.md	1533	1551	ppg_adc_measurement_idac_integration.v:179	forward	`ppg_adc_measurement_idac_integration.v` `o_result_frame_id`
PPG_CONTRACT_CLOSURE_MATRIX.md	1533	1551	ppg_control_top.v:1173	forward	`ppg_control_top.v` `o_result_frame_id`
PPG_CONTRACT_CLOSURE_MATRIX.md	1533	1551	`:1492`	forward	`ppg_control_top.v` `o_result_frame_id`
PPG_CONTRACT_CLOSURE_MATRIX.md	1533	1551	ppg_control_top.v:186	forward	`ppg_control_top.v` `o_result_frame_id`
PPG_CONTRACT_CLOSURE_MATRIX.md	1534	1552	ppg_adc_measurement_idac_integration.v:180	forward	`ppg_adc_measurement_idac_integration.v` `o_result_sample_index`
PPG_CONTRACT_CLOSURE_MATRIX.md	1534	1552	ppg_control_top.v:1174	forward	`ppg_control_top.v` `o_result_sample_index`
PPG_CONTRACT_CLOSURE_MATRIX.md	1534	1552	`:1493`	forward	`ppg_control_top.v` `o_result_sample_index`
PPG_CONTRACT_CLOSURE_MATRIX.md	1534	1552	ppg_control_top.v:187	forward	`ppg_control_top.v` `o_result_sample_index`
PPG_CONTRACT_CLOSURE_MATRIX.md	1535	1553	ppg_adc_measurement_idac_integration.v:181	forward	`ppg_adc_measurement_idac_integration.v` `o_result_color_ir`
PPG_CONTRACT_CLOSURE_MATRIX.md	1535	1553	ppg_control_top.v:1175	forward	`ppg_control_top.v` `o_result_color_ir`
PPG_CONTRACT_CLOSURE_MATRIX.md	1535	1553	`:1494`	forward	`ppg_control_top.v` `o_result_color_ir`
PPG_CONTRACT_CLOSURE_MATRIX.md	1535	1553	ppg_control_top.v:188	forward	`ppg_control_top.v` `o_result_color_ir`
PPG_CONTRACT_CLOSURE_MATRIX.md	1536	1554	ppg_adc_measurement_idac_integration.v:182	forward	`ppg_adc_measurement_idac_integration.v` `o_result_frame_type`
PPG_CONTRACT_CLOSURE_MATRIX.md	1536	1554	ppg_control_top.v:1176	forward	`ppg_control_top.v` `o_result_frame_type`
PPG_CONTRACT_CLOSURE_MATRIX.md	1536	1554	`:1495`	forward	`ppg_control_top.v` `o_result_frame_type`
PPG_CONTRACT_CLOSURE_MATRIX.md	1536	1554	ppg_control_top.v:189	forward	`ppg_control_top.v` `o_result_frame_type`
PPG_CONTRACT_CLOSURE_MATRIX.md	1537	1555	ppg_adc_measurement_idac_integration.v:183	forward	`ppg_adc_measurement_idac_integration.v` `o_result_amb_code_snapshot`
PPG_CONTRACT_CLOSURE_MATRIX.md	1537	1555	ppg_control_top.v:1177	forward	`ppg_control_top.v` `o_result_amb_code_snapshot`
PPG_CONTRACT_CLOSURE_MATRIX.md	1537	1555	`:1496`	forward	`ppg_control_top.v` `o_result_amb_code_snapshot`
PPG_CONTRACT_CLOSURE_MATRIX.md	1537	1555	ppg_control_top.v:190	forward	`ppg_control_top.v` `o_result_amb_code_snapshot`
PPG_CONTRACT_CLOSURE_MATRIX.md	1538	1556	ppg_adc_measurement_idac_integration.v:184	forward	`ppg_adc_measurement_idac_integration.v` `o_result_dc_code_snapshot`
PPG_CONTRACT_CLOSURE_MATRIX.md	1538	1556	ppg_control_top.v:1178	forward	`ppg_control_top.v` `o_result_dc_code_snapshot`
PPG_CONTRACT_CLOSURE_MATRIX.md	1538	1556	`:1497`	forward	`ppg_control_top.v` `o_result_dc_code_snapshot`
PPG_CONTRACT_CLOSURE_MATRIX.md	1538	1556	ppg_control_top.v:191	forward	`ppg_control_top.v` `o_result_dc_code_snapshot`
PPG_CONTRACT_CLOSURE_MATRIX.md	1539	1557	ppg_adc_measurement_idac_integration.v:185	forward	`ppg_adc_measurement_idac_integration.v` `o_result_amb_code_epoch`
PPG_CONTRACT_CLOSURE_MATRIX.md	1539	1557	ppg_control_top.v:1179	forward	`ppg_control_top.v` `o_result_amb_code_epoch`
PPG_CONTRACT_CLOSURE_MATRIX.md	1539	1557	`:1498`	forward	`ppg_control_top.v` `o_result_amb_code_epoch`
PPG_CONTRACT_CLOSURE_MATRIX.md	1539	1557	ppg_control_top.v:192	forward	`ppg_control_top.v` `o_result_amb_code_epoch`
PPG_CONTRACT_CLOSURE_MATRIX.md	1540	1558	ppg_adc_measurement_idac_integration.v:186	forward	`ppg_adc_measurement_idac_integration.v` `o_result_dc_code_epoch`
PPG_CONTRACT_CLOSURE_MATRIX.md	1540	1558	ppg_control_top.v:1180	forward	`ppg_control_top.v` `o_result_dc_code_epoch`
PPG_CONTRACT_CLOSURE_MATRIX.md	1540	1558	`:1499`	forward	`ppg_control_top.v` `o_result_dc_code_epoch`
PPG_CONTRACT_CLOSURE_MATRIX.md	1540	1558	ppg_control_top.v:193	forward	`ppg_control_top.v` `o_result_dc_code_epoch`
PPG_CONTRACT_CLOSURE_MATRIX.md	1541	1559	ppg_adc_measurement_idac_integration.v:355	forward	`ppg_adc_measurement_idac_integration.v` `o_datapath_empty`
PPG_CONTRACT_CLOSURE_MATRIX.md	1541	1559	ppg_control_top.v:1333	forward	`ppg_control_top.v` `o_datapath_empty`
PPG_CONTRACT_CLOSURE_MATRIX.md	1541	1559	`:1524`	forward	`ppg_control_top.v` `o_ami_datapath_empty`
PPG_CONTRACT_CLOSURE_MATRIX.md	1541	1559	ppg_control_top.v:218	forward	`ppg_control_top.v` `o_ami_datapath_empty`
PPG_CONTRACT_CLOSURE_MATRIX.md	1542	1560	ppg_adc_measurement_idac_integration.v:303	forward	`ppg_adc_measurement_idac_integration.v` `o_idac_idle`
PPG_CONTRACT_CLOSURE_MATRIX.md	1542	1560	ppg_control_top.v:1287	forward	`ppg_control_top.v` `o_idac_idle`
PPG_CONTRACT_CLOSURE_MATRIX.md	1542	1560	`:1525`	forward	`ppg_control_top.v` `o_ami_idac_idle`
PPG_CONTRACT_CLOSURE_MATRIX.md	1542	1560	ppg_control_top.v:219	forward	`ppg_control_top.v` `o_ami_idac_idle`
PPG_CONTRACT_CLOSURE_MATRIX.md	1543	1561	ppg_adc_measurement_idac_integration.v:349	forward	`ppg_adc_measurement_idac_integration.v` `o_integration_protocol_error_sticky`
PPG_CONTRACT_CLOSURE_MATRIX.md	1543	1561	ppg_control_top.v:1327	forward	`ppg_control_top.v` `o_integration_protocol_error_sticky`
PPG_CONTRACT_CLOSURE_MATRIX.md	1543	1561	`:1527`	forward	`ppg_control_top.v` `o_ami_integration_protocol_error_sticky`
PPG_CONTRACT_CLOSURE_MATRIX.md	1543	1561	ppg_control_top.v:221	forward	`ppg_control_top.v` `o_ami_integration_protocol_error_sticky`
PPG_CONTRACT_CLOSURE_MATRIX.md	1544	1562	ppg_adc_measurement_idac_integration.v:394	forward	`ppg_adc_measurement_idac_integration.v` `o_test_saturation_inject_ready`
PPG_CONTRACT_CLOSURE_MATRIX.md	1544	1562	ppg_control_top.v:1366	forward	`ppg_control_top.v` `o_test_saturation_inject_ready`
PPG_CONTRACT_CLOSURE_MATRIX.md	1544	1562	`:1545`	forward	`ppg_control_top.v` `o_test_saturation_inject_ready`
PPG_CONTRACT_CLOSURE_MATRIX.md	1544	1562	ppg_control_top.v:239	forward	`ppg_control_top.v` `o_test_saturation_inject_ready`
PPG_CONTRACT_CLOSURE_MATRIX.md	1545	1563	ppg_adc_measurement_idac_integration.v:396	forward	`ppg_adc_measurement_idac_integration.v` `o_test_calibration_loss_inject_ready`
PPG_CONTRACT_CLOSURE_MATRIX.md	1545	1563	ppg_control_top.v:1368	forward	`ppg_control_top.v` `o_test_calibration_loss_inject_ready`
PPG_CONTRACT_CLOSURE_MATRIX.md	1545	1563	`:1546`	forward	`ppg_control_top.v` `o_test_calibration_loss_inject_ready`
PPG_CONTRACT_CLOSURE_MATRIX.md	1545	1563	ppg_control_top.v:240	forward	`ppg_control_top.v` `o_test_calibration_loss_inject_ready`
PPG_CONTRACT_CLOSURE_MATRIX.md	1546	1564	ppg_adc_measurement_idac_integration.v:188	forward	`ppg_adc_measurement_idac_integration.v` `o_measurement_result_discard_reason`
PPG_CONTRACT_CLOSURE_MATRIX.md	1546	1564	ppg_control_top.v:1182	forward	`ppg_control_top.v` `o_measurement_result_discard_reason`
PPG_CONTRACT_CLOSURE_MATRIX.md	1546	1564	`:1568`	forward	`ppg_control_top.v` `o_measurement_result_discard_reason`
PPG_CONTRACT_CLOSURE_MATRIX.md	1546	1564	ppg_control_top.v:262	forward	`ppg_control_top.v` `o_measurement_result_discard_reason`
PPG_CONTRACT_CLOSURE_MATRIX.md	1547	1565	ppg_adc_measurement_idac_integration.v:189	forward	`ppg_adc_measurement_idac_integration.v` `o_measurement_result_discard_identity_valid`
PPG_CONTRACT_CLOSURE_MATRIX.md	1547	1565	ppg_control_top.v:1183	forward	`ppg_control_top.v` `o_measurement_result_discard_identity_valid`
PPG_CONTRACT_CLOSURE_MATRIX.md	1547	1565	`:1569`	forward	`ppg_control_top.v` `o_measurement_result_discard_identity_valid`
PPG_CONTRACT_CLOSURE_MATRIX.md	1547	1565	ppg_control_top.v:263	forward	`ppg_control_top.v` `o_measurement_result_discard_identity_valid`
PPG_CONTRACT_CLOSURE_MATRIX.md	1548	1566	ppg_adc_measurement_idac_integration.v:190	forward	`ppg_adc_measurement_idac_integration.v` `o_measurement_result_discard_sample_valid`
PPG_CONTRACT_CLOSURE_MATRIX.md	1548	1566	ppg_control_top.v:1184	forward	`ppg_control_top.v` `o_measurement_result_discard_sample_valid`
PPG_CONTRACT_CLOSURE_MATRIX.md	1548	1566	`:1570`	forward	`ppg_control_top.v` `o_measurement_result_discard_sample_valid`
PPG_CONTRACT_CLOSURE_MATRIX.md	1548	1566	ppg_control_top.v:264	forward	`ppg_control_top.v` `o_measurement_result_discard_sample_valid`
PPG_CONTRACT_CLOSURE_MATRIX.md	1549	1567	ppg_adc_measurement_idac_integration.v:191	forward	`ppg_adc_measurement_idac_integration.v` `o_measurement_result_discard_frame_id`
PPG_CONTRACT_CLOSURE_MATRIX.md	1549	1567	ppg_control_top.v:1185	forward	`ppg_control_top.v` `o_measurement_result_discard_frame_id`
PPG_CONTRACT_CLOSURE_MATRIX.md	1549	1567	`:1571`	forward	`ppg_control_top.v` `o_measurement_result_discard_frame_id`
PPG_CONTRACT_CLOSURE_MATRIX.md	1549	1567	ppg_control_top.v:265	forward	`ppg_control_top.v` `o_measurement_result_discard_frame_id`
PPG_CONTRACT_CLOSURE_MATRIX.md	1550	1568	ppg_adc_measurement_idac_integration.v:192	forward	`ppg_adc_measurement_idac_integration.v` `o_measurement_result_discard_sample_index`
PPG_CONTRACT_CLOSURE_MATRIX.md	1550	1568	ppg_control_top.v:1186	forward	`ppg_control_top.v` `o_measurement_result_discard_sample_index`
PPG_CONTRACT_CLOSURE_MATRIX.md	1550	1568	`:1572`	forward	`ppg_control_top.v` `o_measurement_result_discard_sample_index`
PPG_CONTRACT_CLOSURE_MATRIX.md	1550	1568	ppg_control_top.v:266	forward	`ppg_control_top.v` `o_measurement_result_discard_sample_index`
PPG_CONTRACT_CLOSURE_MATRIX.md	1551	1569	ppg_adc_measurement_idac_integration.v:193	forward	`ppg_adc_measurement_idac_integration.v` `o_measurement_result_discard_color_ir`
PPG_CONTRACT_CLOSURE_MATRIX.md	1551	1569	ppg_control_top.v:1187	forward	`ppg_control_top.v` `o_measurement_result_discard_color_ir`
PPG_CONTRACT_CLOSURE_MATRIX.md	1551	1569	`:1573`	forward	`ppg_control_top.v` `o_measurement_result_discard_color_ir`
PPG_CONTRACT_CLOSURE_MATRIX.md	1551	1569	ppg_control_top.v:267	forward	`ppg_control_top.v` `o_measurement_result_discard_color_ir`
PPG_CONTRACT_CLOSURE_MATRIX.md	1552	1570	ppg_adc_measurement_idac_integration.v:194	forward	`ppg_adc_measurement_idac_integration.v` `o_measurement_result_discard_frame_type`
PPG_CONTRACT_CLOSURE_MATRIX.md	1552	1570	ppg_control_top.v:1188	forward	`ppg_control_top.v` `o_measurement_result_discard_frame_type`
PPG_CONTRACT_CLOSURE_MATRIX.md	1552	1570	`:1574`	forward	`ppg_control_top.v` `o_measurement_result_discard_frame_type`
PPG_CONTRACT_CLOSURE_MATRIX.md	1552	1570	ppg_control_top.v:268	forward	`ppg_control_top.v` `o_measurement_result_discard_frame_type`
PPG_CONTRACT_CLOSURE_MATRIX.md	1553	1571	ppg_adc_measurement_idac_integration.v:195	forward	`ppg_adc_measurement_idac_integration.v` `o_measurement_result_discard_precision`
PPG_CONTRACT_CLOSURE_MATRIX.md	1553	1571	ppg_control_top.v:1189	forward	`ppg_control_top.v` `o_measurement_result_discard_precision`
PPG_CONTRACT_CLOSURE_MATRIX.md	1553	1571	`:1575`	forward	`ppg_control_top.v` `o_measurement_result_discard_precision`
PPG_CONTRACT_CLOSURE_MATRIX.md	1553	1571	ppg_control_top.v:269	forward	`ppg_control_top.v` `o_measurement_result_discard_precision`
PPG_CONTRACT_CLOSURE_MATRIX.md	1554	1572	ppg_adc_measurement_idac_integration.v:196	forward	`ppg_adc_measurement_idac_integration.v` `o_measurement_result_discard_run_generation`
PPG_CONTRACT_CLOSURE_MATRIX.md	1554	1572	ppg_control_top.v:1190	forward	`ppg_control_top.v` `o_measurement_result_discard_run_generation`
PPG_CONTRACT_CLOSURE_MATRIX.md	1554	1572	`:1576`	forward	`ppg_control_top.v` `o_measurement_result_discard_run_generation`
PPG_CONTRACT_CLOSURE_MATRIX.md	1554	1572	ppg_control_top.v:270	forward	`ppg_control_top.v` `o_measurement_result_discard_run_generation`
PPG_CONTRACT_CLOSURE_MATRIX.md	1555	1573	ppg_adc_measurement_idac_integration.v:371	forward	`ppg_adc_measurement_idac_integration.v` `o_detection_discard_reason`
PPG_CONTRACT_CLOSURE_MATRIX.md	1555	1573	ppg_control_top.v:1345	forward	`ppg_control_top.v` `o_detection_discard_reason`
PPG_CONTRACT_CLOSURE_MATRIX.md	1555	1573	`:1580`	forward	`ppg_control_top.v` `o_detection_discard_reason`
PPG_CONTRACT_CLOSURE_MATRIX.md	1555	1573	ppg_control_top.v:274	forward	`ppg_control_top.v` `o_detection_discard_reason`
PPG_CONTRACT_CLOSURE_MATRIX.md	1556	1574	ppg_adc_measurement_idac_integration.v:372	forward	`ppg_adc_measurement_idac_integration.v` `o_detection_discard_identity_valid`
PPG_CONTRACT_CLOSURE_MATRIX.md	1556	1574	ppg_control_top.v:1346	forward	`ppg_control_top.v` `o_detection_discard_identity_valid`
PPG_CONTRACT_CLOSURE_MATRIX.md	1556	1574	`:1581`	forward	`ppg_control_top.v` `o_detection_discard_identity_valid`
PPG_CONTRACT_CLOSURE_MATRIX.md	1556	1574	ppg_control_top.v:275	forward	`ppg_control_top.v` `o_detection_discard_identity_valid`
PPG_CONTRACT_CLOSURE_MATRIX.md	1557	1575	ppg_adc_measurement_idac_integration.v:373	forward	`ppg_adc_measurement_idac_integration.v` `o_detection_discard_sample_valid`
PPG_CONTRACT_CLOSURE_MATRIX.md	1557	1575	ppg_control_top.v:1347	forward	`ppg_control_top.v` `o_detection_discard_sample_valid`
PPG_CONTRACT_CLOSURE_MATRIX.md	1557	1575	`:1582`	forward	`ppg_control_top.v` `o_detection_discard_sample_valid`
PPG_CONTRACT_CLOSURE_MATRIX.md	1557	1575	ppg_control_top.v:276	forward	`ppg_control_top.v` `o_detection_discard_sample_valid`
PPG_CONTRACT_CLOSURE_MATRIX.md	1558	1576	ppg_adc_measurement_idac_integration.v:374	forward	`ppg_adc_measurement_idac_integration.v` `o_detection_discard_frame_id`
PPG_CONTRACT_CLOSURE_MATRIX.md	1558	1576	ppg_control_top.v:1348	forward	`ppg_control_top.v` `o_detection_discard_frame_id`
PPG_CONTRACT_CLOSURE_MATRIX.md	1558	1576	`:1583`	forward	`ppg_control_top.v` `o_detection_discard_frame_id`
PPG_CONTRACT_CLOSURE_MATRIX.md	1558	1576	ppg_control_top.v:277	forward	`ppg_control_top.v` `o_detection_discard_frame_id`
PPG_CONTRACT_CLOSURE_MATRIX.md	1559	1577	ppg_adc_measurement_idac_integration.v:375	forward	`ppg_adc_measurement_idac_integration.v` `o_detection_discard_sample_index`
PPG_CONTRACT_CLOSURE_MATRIX.md	1559	1577	ppg_control_top.v:1349	forward	`ppg_control_top.v` `o_detection_discard_sample_index`
PPG_CONTRACT_CLOSURE_MATRIX.md	1559	1577	`:1584`	forward	`ppg_control_top.v` `o_detection_discard_sample_index`
PPG_CONTRACT_CLOSURE_MATRIX.md	1559	1577	ppg_control_top.v:278	forward	`ppg_control_top.v` `o_detection_discard_sample_index`
PPG_CONTRACT_CLOSURE_MATRIX.md	1560	1578	ppg_adc_measurement_idac_integration.v:376	forward	`ppg_adc_measurement_idac_integration.v` `o_detection_discard_color_ir`
PPG_CONTRACT_CLOSURE_MATRIX.md	1560	1578	ppg_control_top.v:1350	forward	`ppg_control_top.v` `o_detection_discard_color_ir`
PPG_CONTRACT_CLOSURE_MATRIX.md	1560	1578	`:1585`	forward	`ppg_control_top.v` `o_detection_discard_color_ir`
PPG_CONTRACT_CLOSURE_MATRIX.md	1560	1578	ppg_control_top.v:279	forward	`ppg_control_top.v` `o_detection_discard_color_ir`
PPG_CONTRACT_CLOSURE_MATRIX.md	1561	1579	ppg_adc_measurement_idac_integration.v:377	forward	`ppg_adc_measurement_idac_integration.v` `o_detection_discard_frame_type`
PPG_CONTRACT_CLOSURE_MATRIX.md	1561	1579	ppg_control_top.v:1351	forward	`ppg_control_top.v` `o_detection_discard_frame_type`
PPG_CONTRACT_CLOSURE_MATRIX.md	1561	1579	`:1586`	forward	`ppg_control_top.v` `o_detection_discard_frame_type`
PPG_CONTRACT_CLOSURE_MATRIX.md	1561	1579	ppg_control_top.v:280	forward	`ppg_control_top.v` `o_detection_discard_frame_type`
PPG_CONTRACT_CLOSURE_MATRIX.md	1562	1580	ppg_adc_measurement_idac_integration.v:378	forward	`ppg_adc_measurement_idac_integration.v` `o_detection_discard_precision`
PPG_CONTRACT_CLOSURE_MATRIX.md	1562	1580	ppg_control_top.v:1352	forward	`ppg_control_top.v` `o_detection_discard_precision`
PPG_CONTRACT_CLOSURE_MATRIX.md	1562	1580	`:1587`	forward	`ppg_control_top.v` `o_detection_discard_precision`
PPG_CONTRACT_CLOSURE_MATRIX.md	1562	1580	ppg_control_top.v:281	forward	`ppg_control_top.v` `o_detection_discard_precision`
PPG_CONTRACT_CLOSURE_MATRIX.md	1563	1581	ppg_adc_measurement_idac_integration.v:379	forward	`ppg_adc_measurement_idac_integration.v` `o_detection_discard_config_epoch`
PPG_CONTRACT_CLOSURE_MATRIX.md	1563	1581	ppg_control_top.v:1353	forward	`ppg_control_top.v` `o_detection_discard_config_epoch`
PPG_CONTRACT_CLOSURE_MATRIX.md	1563	1581	`:1588`	forward	`ppg_control_top.v` `o_detection_discard_config_epoch`
PPG_CONTRACT_CLOSURE_MATRIX.md	1563	1581	ppg_control_top.v:282	forward	`ppg_control_top.v` `o_detection_discard_config_epoch`
PPG_CONTRACT_CLOSURE_MATRIX.md	1564	1582	ppg_adc_measurement_idac_integration.v:380	forward	`ppg_adc_measurement_idac_integration.v` `o_detection_discard_coef_epoch`
PPG_CONTRACT_CLOSURE_MATRIX.md	1564	1582	ppg_control_top.v:1354	forward	`ppg_control_top.v` `o_detection_discard_coef_epoch`
PPG_CONTRACT_CLOSURE_MATRIX.md	1564	1582	`:1589`	forward	`ppg_control_top.v` `o_detection_discard_coef_epoch`
PPG_CONTRACT_CLOSURE_MATRIX.md	1564	1582	ppg_control_top.v:283	forward	`ppg_control_top.v` `o_detection_discard_coef_epoch`
PPG_CONTRACT_CLOSURE_MATRIX.md	1565	1583	ppg_adc_measurement_idac_integration.v:381	forward	`ppg_adc_measurement_idac_integration.v` `o_detection_discard_dc_recovery_epoch`
PPG_CONTRACT_CLOSURE_MATRIX.md	1565	1583	ppg_control_top.v:1355	forward	`ppg_control_top.v` `o_detection_discard_dc_recovery_epoch`
PPG_CONTRACT_CLOSURE_MATRIX.md	1565	1583	`:1590`	forward	`ppg_control_top.v` `o_detection_discard_dc_recovery_epoch`
PPG_CONTRACT_CLOSURE_MATRIX.md	1565	1583	ppg_control_top.v:284	forward	`ppg_control_top.v` `o_detection_discard_dc_recovery_epoch`
PPG_CONTRACT_CLOSURE_MATRIX.md	1566	1584	ppg_adc_measurement_idac_integration.v:382	forward	`ppg_adc_measurement_idac_integration.v` `o_detection_discard_amb_code_epoch`
PPG_CONTRACT_CLOSURE_MATRIX.md	1566	1584	ppg_control_top.v:1356	forward	`ppg_control_top.v` `o_detection_discard_amb_code_epoch`
PPG_CONTRACT_CLOSURE_MATRIX.md	1566	1584	`:1591`	forward	`ppg_control_top.v` `o_detection_discard_amb_code_epoch`
PPG_CONTRACT_CLOSURE_MATRIX.md	1566	1584	ppg_control_top.v:285	forward	`ppg_control_top.v` `o_detection_discard_amb_code_epoch`
PPG_CONTRACT_CLOSURE_MATRIX.md	1567	1585	ppg_adc_measurement_idac_integration.v:383	forward	`ppg_adc_measurement_idac_integration.v` `o_detection_discard_dc_code_epoch`
PPG_CONTRACT_CLOSURE_MATRIX.md	1567	1585	ppg_control_top.v:1357	forward	`ppg_control_top.v` `o_detection_discard_dc_code_epoch`
PPG_CONTRACT_CLOSURE_MATRIX.md	1567	1585	`:1592`	forward	`ppg_control_top.v` `o_detection_discard_dc_code_epoch`
PPG_CONTRACT_CLOSURE_MATRIX.md	1567	1585	ppg_control_top.v:286	forward	`ppg_control_top.v` `o_detection_discard_dc_code_epoch`
PPG_CONTRACT_CLOSURE_MATRIX.md	1568	1586	ppg_adc_measurement_idac_integration.v:384	forward	`ppg_adc_measurement_idac_integration.v` `o_detection_discard_run_generation`
PPG_CONTRACT_CLOSURE_MATRIX.md	1568	1586	ppg_control_top.v:1358	forward	`ppg_control_top.v` `o_detection_discard_run_generation`
PPG_CONTRACT_CLOSURE_MATRIX.md	1568	1586	`:1593`	forward	`ppg_control_top.v` `o_detection_discard_run_generation`
PPG_CONTRACT_CLOSURE_MATRIX.md	1568	1586	ppg_control_top.v:287	forward	`ppg_control_top.v` `o_detection_discard_run_generation`
PPG_CONTRACT_CLOSURE_MATRIX.md	1569	1587	ppg_adc_measurement_idac_integration.v:400	forward	`ppg_adc_measurement_idac_integration.v` `o_s1_calibration_applied`
PPG_CONTRACT_CLOSURE_MATRIX.md	1569	1587	ppg_control_top.v:1370	forward	`ppg_control_top.v` `o_s1_calibration_applied`
PPG_CONTRACT_CLOSURE_MATRIX.md	1569	1587	`:1596`	forward	`ppg_control_top.v` `o_s1_calibration_applied`
PPG_CONTRACT_CLOSURE_MATRIX.md	1569	1587	ppg_control_top.v:290	forward	`ppg_control_top.v` `o_s1_calibration_applied`
PPG_CONTRACT_CLOSURE_MATRIX.md	1570	1588	ppg_adc_measurement_idac_integration.v:401	forward	`ppg_adc_measurement_idac_integration.v` `o_s1_raw`
PPG_CONTRACT_CLOSURE_MATRIX.md	1570	1588	ppg_control_top.v:1371	forward	`ppg_control_top.v` `o_s1_raw`
PPG_CONTRACT_CLOSURE_MATRIX.md	1570	1588	`:1597`	forward	`ppg_control_top.v` `o_s1_raw`
PPG_CONTRACT_CLOSURE_MATRIX.md	1570	1588	ppg_control_top.v:291	forward	`ppg_control_top.v` `o_s1_raw`
PPG_CONTRACT_CLOSURE_MATRIX.md	1571	1589	`:1151`	forward	`ppg_control_top.v` `sched_cal_owner_deadline_event_o`
PPG_CONTRACT_CLOSURE_MATRIX.md	1571	1589	`:963`	forward	`ppg_control_top.v` `sched_cal_owner_deadline_event_o`
PPG_CONTRACT_CLOSURE_MATRIX.md	1571	1589	ppg_control_top.v:553	forward	`ppg_control_top.v` `sched_cal_owner_deadline_event_o`
PPG_CONTRACT_CLOSURE_MATRIX.md	1571	1589	ppg_adc_measurement_idac_integration.v:402	forward	`ppg_adc_measurement_idac_integration.v` `o_s2_raw`
PPG_CONTRACT_CLOSURE_MATRIX.md	1571	1589	ppg_control_top.v:1372	forward	`ppg_control_top.v` `o_s2_raw`
PPG_CONTRACT_CLOSURE_MATRIX.md	1571	1589	`:1598`	forward	`ppg_control_top.v` `o_s2_raw`、`sched_cal_owner_deadline_event_o`
PPG_CONTRACT_CLOSURE_MATRIX.md	1571	1589	ppg_control_top.v:292	forward	`ppg_control_top.v` `o_s2_raw`
PPG_CONTRACT_CLOSURE_MATRIX.md	1571	1589	ppg_control_top.v:292	rewrite	`ppg_control_top.v` `o_s2_raw`
PPG_CONTRACT_CLOSURE_MATRIX.md	1924	1942	ppg_400hz_frame_calibration_scheduler.v:191	forward	`ppg_400hz_frame_calibration_scheduler.v` `o_cal_owner_deadline_event`
PPG_CONTRACT_CLOSURE_MATRIX.md	2036	2054	`:204`	forward	`ppg_idac_code_controller.v` `i_idac_mode`
PPG_CONTRACT_CLOSURE_MATRIX.md	2036	2054	`:203`	forward	`ppg_idac_code_controller.v` `i_idac_mode`
PPG_CONTRACT_CLOSURE_MATRIX.md	2036	2054	`:202`	forward	`ppg_idac_code_controller.v` `i_idac_mode`
PPG_CONTRACT_CLOSURE_MATRIX.md	2036	2054	`:199`	forward	`ppg_idac_code_controller.v` `i_idac_mode`
PPG_CONTRACT_CLOSURE_MATRIX.md	2036	2054	`:198`	forward	`ppg_idac_code_controller.v` `i_idac_mode`
PPG_CONTRACT_CLOSURE_MATRIX.md	2036	2054	`:197`	forward	`ppg_idac_code_controller.v` `i_idac_mode`
PPG_CONTRACT_CLOSURE_MATRIX.md	2036	2054	`:197`	forward	`ppg_idac_code_controller.v` `i_idac_mode`
PPG_CONTRACT_CLOSURE_MATRIX.md	2036	2054	`:221`	forward	`ppg_idac_code_controller.v` `i_idac_mode`
PPG_CONTRACT_CLOSURE_MATRIX.md	2036	2054	`:202`	forward	`ppg_idac_code_controller.v` `i_idac_mode`
PPG_CONTRACT_CLOSURE_MATRIX.md	2036	2054	`:202`	forward	`ppg_idac_code_controller.v` `i_idac_mode`
PPG_CONTRACT_CLOSURE_MATRIX.md	2036	2054	`:201`	forward	`ppg_idac_code_controller.v` `i_idac_mode`
PPG_CONTRACT_CLOSURE_MATRIX.md	2097	2115	`:2392`	forward	`ppg_adc_measurement_idac_integration.v` `flag_idac_amb_seq_busy`
PPG_CONTRACT_CLOSURE_MATRIX.md	2097	2115	`:593`	forward	`ppg_adc_measurement_idac_integration.v` `flag_idac_amb_seq_busy`
PPG_CONTRACT_CLOSURE_MATRIX.md	2097	2115	ppg_adc_measurement_idac_integration.v:2392	forward	`ppg_adc_measurement_idac_integration.v` `flag_idac_amb_seq_busy`
PPG_CONTRACT_CLOSURE_MATRIX.md	2104	2122	`:2399`	forward	`ppg_adc_measurement_idac_integration.v` `flag_idac_dcs_revalidate_busy`
PPG_CONTRACT_CLOSURE_MATRIX.md	2104	2122	`:556`	forward	`ppg_adc_measurement_idac_integration.v` `flag_idac_dcs_revalidate_busy`
PPG_CONTRACT_CLOSURE_MATRIX.md	2104	2122	`:2399`	forward	`ppg_adc_measurement_idac_integration.v` `flag_idac_dcs_revalidate_busy`
PPG_CONTRACT_CLOSURE_MATRIX.md	2113	2131	`:1066`	forward	`ppg_idac_code_controller.v` `o_amb_code_update`
PPG_CONTRACT_CLOSURE_MATRIX.md	2113	2131	`:2408`	forward	`ppg_idac_code_controller.v` `o_amb_code_update`
PPG_CONTRACT_CLOSURE_MATRIX.md	2113	2131	`:803`	forward	`ppg_idac_code_controller.v` `reg_context`、`o_amb_code_update`
PPG_CONTRACT_CLOSURE_MATRIX.md	2113	2131	`:2408`	forward	`ppg_adc_measurement_idac_integration.v` `amb_code_update_o`
PPG_CONTRACT_CLOSURE_MATRIX.md	2114	2132	`:1067`	forward	`ppg_idac_code_controller.v` `o_dcs_r_code_update`
PPG_CONTRACT_CLOSURE_MATRIX.md	2114	2132	`:2409`	forward	`ppg_idac_code_controller.v` `o_dcs_r_code_update`
PPG_CONTRACT_CLOSURE_MATRIX.md	2114	2132	`:804`	forward	`ppg_idac_code_controller.v` `o_dcs_r_code_update`
PPG_CONTRACT_CLOSURE_MATRIX.md	2114	2132	`:2409`	forward	`ppg_adc_measurement_idac_integration.v` `dcs_r_code_update_o`
PPG_CONTRACT_CLOSURE_MATRIX.md	2115	2133	`:1068`	forward	`ppg_idac_code_controller.v` `o_dcs_ir_code_update`
PPG_CONTRACT_CLOSURE_MATRIX.md	2115	2133	`:2410`	forward	`ppg_idac_code_controller.v` `o_dcs_ir_code_update`
PPG_CONTRACT_CLOSURE_MATRIX.md	2115	2133	`:805`	forward	`ppg_idac_code_controller.v` `o_dcs_ir_code_update`
PPG_CONTRACT_CLOSURE_MATRIX.md	2115	2133	`:2410`	forward	`ppg_adc_measurement_idac_integration.v` `dcs_ir_code_update_o`
PPG_CONTRACT_CLOSURE_MATRIX.md	2116	2134	`:1069`	forward	`ppg_idac_code_controller.v` `o_dcs_r_track_adjust`
PPG_CONTRACT_CLOSURE_MATRIX.md	2116	2134	`:2411`	forward	`ppg_idac_code_controller.v` `o_dcs_r_track_adjust`
PPG_CONTRACT_CLOSURE_MATRIX.md	2116	2134	`:806`	forward	`ppg_idac_code_controller.v` `o_dcs_r_track_adjust`
PPG_CONTRACT_CLOSURE_MATRIX.md	2116	2134	`:2411`	forward	`ppg_adc_measurement_idac_integration.v` `dcs_r_track_adjust_o`
PPG_CONTRACT_CLOSURE_MATRIX.md	2117	2135	`:1070`	forward	`ppg_idac_code_controller.v` `o_dcs_ir_track_adjust`
PPG_CONTRACT_CLOSURE_MATRIX.md	2117	2135	`:2412`	forward	`ppg_idac_code_controller.v` `o_dcs_ir_track_adjust`
PPG_CONTRACT_CLOSURE_MATRIX.md	2117	2135	`:807`	forward	`ppg_idac_code_controller.v` `o_dcs_ir_track_adjust`
PPG_CONTRACT_CLOSURE_MATRIX.md	2117	2135	`:2412`	forward	`ppg_adc_measurement_idac_integration.v` `dcs_ir_track_adjust_o`
PPG_CONTRACT_CLOSURE_MATRIX.md	2118	2136	`:1071`	forward	`ppg_idac_code_controller.v` `o_amb_search_done`
PPG_CONTRACT_CLOSURE_MATRIX.md	2118	2136	`:2413`	forward	`ppg_idac_code_controller.v` `o_amb_search_done`
PPG_CONTRACT_CLOSURE_MATRIX.md	2118	2136	`:808`	forward	`ppg_idac_code_controller.v` `o_amb_search_done`
PPG_CONTRACT_CLOSURE_MATRIX.md	2118	2136	`:2413`	forward	`ppg_adc_measurement_idac_integration.v` `amb_search_done_o`
PPG_CONTRACT_CLOSURE_MATRIX.md	2119	2137	`:1072`	forward	`ppg_idac_code_controller.v` `o_dcs_r_search_done`
PPG_CONTRACT_CLOSURE_MATRIX.md	2119	2137	`:2414`	forward	`ppg_idac_code_controller.v` `o_dcs_r_search_done`
PPG_CONTRACT_CLOSURE_MATRIX.md	2119	2137	`:809`	forward	`ppg_idac_code_controller.v` `o_dcs_r_search_done`
PPG_CONTRACT_CLOSURE_MATRIX.md	2119	2137	`:2414`	forward	`ppg_adc_measurement_idac_integration.v` `dcs_r_search_done_o`
PPG_CONTRACT_CLOSURE_MATRIX.md	2120	2138	`:1073`	forward	`ppg_idac_code_controller.v` `o_dcs_ir_search_done`
PPG_CONTRACT_CLOSURE_MATRIX.md	2120	2138	`:2415`	forward	`ppg_idac_code_controller.v` `o_dcs_ir_search_done`
PPG_CONTRACT_CLOSURE_MATRIX.md	2120	2138	`:810`	forward	`ppg_idac_code_controller.v` `o_dcs_ir_search_done`
PPG_CONTRACT_CLOSURE_MATRIX.md	2120	2138	`:2415`	forward	`ppg_adc_measurement_idac_integration.v` `dcs_ir_search_done_o`
PPG_CONTRACT_CLOSURE_MATRIX.md	2147	2165	`:2442`	forward	`ppg_idac_code_controller.v` `o_idac_idle`
PPG_CONTRACT_CLOSURE_MATRIX.md	2147	2165	`:2427`	forward	`ppg_idac_code_controller.v` `o_idac_idle`
PPG_CONTRACT_CLOSURE_MATRIX.md	2147	2165	`:2321`	forward	`ppg_idac_code_controller.v` `o_idac_idle`
PPG_CONTRACT_CLOSURE_MATRIX.md	2147	2165	`:2306`	forward	`ppg_idac_code_controller.v` `o_idac_idle`
PPG_CONTRACT_CLOSURE_MATRIX.md	2147	2165	`:2427`	forward	`ppg_idac_code_controller.v` `o_idac_idle`
PPG_CONTRACT_CLOSURE_MATRIX.md	2147	2165	`:2306`	forward	`ppg_idac_code_controller.v` `o_idac_idle`
PPG_CONTRACT_CLOSURE_MATRIX.md	2147	2165	`:602-682`	forward	`ppg_idac_code_controller.v` `o_idac_idle`
PPG_CONTRACT_CLOSURE_MATRIX.md	2147	2165	ppg_idac_code_controller.v:67-207	forward	`ppg_idac_code_controller.v` `o_idac_idle`
PPG_CONTRACT_CLOSURE_MATRIX.md	2147	2165	`:2442`	forward	`ppg_adc_measurement_idac_integration.v` `idac_idle_o`
PPG_CONTRACT_CLOSURE_MATRIX.md	2182	2200	`:1400-1410`	forward	`ppg_adc_measurement_idac_integration.v` `calibration_request_reason_o`、`calibration_sample_valid_o`、`flag_recheck_request_source`、`flag_startup_request_source`
PPG_CONTRACT_CLOSURE_MATRIX.md	2182	2200	`:1387-1397`	forward	`ppg_adc_measurement_idac_integration.v` `calibration_frame_type_o`、`calibration_sample_valid_o`、`flag_recheck_request_source`、`flag_startup_request_source`
PPG_CONTRACT_CLOSURE_MATRIX.md	2182	2200	`:1374-1384`	forward	`ppg_adc_measurement_idac_integration.v` `calibration_color_ir_o`、`calibration_sample_valid_o`、`flag_recheck_request_source`、`flag_startup_request_source`
PPG_CONTRACT_CLOSURE_MATRIX.md	2182	2200	`:928`	forward	`ppg_adc_measurement_idac_integration.v` `flag_recheck_request_source`
PPG_CONTRACT_CLOSURE_MATRIX.md	2182	2200	`:925`	forward	`ppg_adc_measurement_idac_integration.v` `assign`
PPG_CONTRACT_CLOSURE_MATRIX.md	2182	2200	`:1359-1377`	forward	`ppg_adc_measurement_idac_integration.v` `calibration_sample_valid_o`、`flag_recheck_request_source`、`flag_startup_request_source`、`calibration_color_ir_o`
PPG_CONTRACT_CLOSURE_MATRIX.md	2182	2200	`:1366`	forward	`ppg_adc_measurement_idac_integration.v` `calibration_sample_valid_o`
PPG_CONTRACT_CLOSURE_MATRIX.md	2182	2200	`:1356`	forward	`ppg_adc_measurement_idac_integration.v` `o_calibration_sample_valid`
PPG_CONTRACT_CLOSURE_MATRIX.md	2182	2200	`:1357-1371`	forward	`ppg_adc_measurement_idac_integration.v` `calibration_sample_valid_o`、`flag_recheck_request_source`、`flag_startup_request_source`
PPG_CONTRACT_CLOSURE_MATRIX.md	2185	2203	`:1021`	forward	`ppg_adc_measurement_idac_integration.v` `o_calibration_precision_mode`
PPG_CONTRACT_CLOSURE_MATRIX.md	2185	2203	ppg_adc_measurement_idac_integration.v:2564	forward	`ppg_adc_measurement_idac_integration.v` `o_calibration_precision_mode`
PPG_CONTRACT_CLOSURE_MATRIX.md	2185	2203	ppg_precision_window_integration.v:458	forward	`ppg_precision_window_integration.v` `o_calibration_precision_mode`
PPG_CONTRACT_CLOSURE_MATRIX.md	2195	2213	`:203-224`	forward	`ppg_amb_recheck_scheduler.v` `o_amb_sequence_start`、`o_dcs_revalidate_accept`、`o_calibration_sample_valid`、`o_calibration_frame_type`
PPG_CONTRACT_CLOSURE_MATRIX.md	2195	2213	`:55-116`	forward	`ppg_amb_recheck_scheduler.v` `o_scheduler_idle`
PPG_CONTRACT_CLOSURE_MATRIX.md	2195	2213	`:1029`	forward	`ppg_amb_recheck_scheduler.v` `o_scheduler_idle`
PPG_CONTRACT_CLOSURE_MATRIX.md	2195	2213	`:981`	forward	`ppg_amb_recheck_scheduler.v` `o_scheduler_idle`
PPG_CONTRACT_CLOSURE_MATRIX.md	2195	2213	ppg_amb_recheck_scheduler.v:55-116	forward	`ppg_amb_recheck_scheduler.v` `o_scheduler_idle`
PPG_CONTRACT_CLOSURE_MATRIX.md	2196	2214	`:918-920`	forward	`ppg_precision_window_integration.v` `i_idac_mode`、`i_amb_enable`
PPG_CONTRACT_CLOSURE_MATRIX.md	2196	2214	ppg_precision_window_integration.v:988-990	forward	`ppg_precision_window_integration.v` `i_idac_mode`、`i_amb_enable`、`i_dcs_enable`
PPG_CONTRACT_CLOSURE_MATRIX.md	2196	2214	`:2513-2515`	forward	`ppg_adc_measurement_idac_integration.v` `i_idac_mode`、`i_amb_enable`、`i_dcs_enable`
PPG_CONTRACT_CLOSURE_MATRIX.md	2196	2214	ppg_adc_measurement_idac_integration.v:2331-2333	forward	`ppg_adc_measurement_idac_integration.v` `i_idac_mode`、`i_amb_enable`、`i_dcs_enable`
PPG_CONTRACT_CLOSURE_MATRIX.md	2843	2861	`:2373`	forward	`ppg_normal_transaction_fork.v` `o_track_valid`
PPG_CONTRACT_CLOSURE_MATRIX.md	2843	2861	`:924`	forward	`ppg_normal_transaction_fork.v` `o_track_valid`
PPG_CONTRACT_CLOSURE_MATRIX.md	2843	2861	`:919`	forward	`ppg_normal_transaction_fork.v` `o_track_valid`
PPG_CONTRACT_CLOSURE_MATRIX.md	2843	2861	`:912`	forward	`ppg_normal_transaction_fork.v` `o_track_valid`
PPG_CONTRACT_CLOSURE_MATRIX.md	2860	2878	`:2092,2005`	forward	`ppg_normal_transaction_fork.v` `o_local_empty`
PPG_CONTRACT_CLOSURE_MATRIX.md	2860	2878	`:2005,2092`	forward	`ppg_normal_transaction_fork.v` `o_local_empty`
PPG_CONTRACT_CLOSURE_MATRIX.md	2860	2878	`:1336`	forward	`ppg_normal_transaction_fork.v` `o_local_empty`
PPG_CONTRACT_CLOSURE_MATRIX.md	2860	2878	`:912`	forward	`ppg_normal_transaction_fork.v` `o_local_empty`
PPG_CONTRACT_CLOSURE_MATRIX.md	2860	2878	`:919`	forward	`ppg_normal_transaction_fork.v` `o_local_empty`
PPG_CONTRACT_CLOSURE_MATRIX.md	2860	2878	`:912`	forward	`ppg_normal_transaction_fork.v` `o_local_empty`
PPG_CONTRACT_CLOSURE_MATRIX.md	2860	2878	`:1351`	forward	`ppg_normal_transaction_fork.v` `o_local_empty`
PPG_CONTRACT_CLOSURE_MATRIX.md	2860	2878	`:1336`	forward	`ppg_normal_transaction_fork.v` `o_local_empty`
PPG_CONTRACT_CLOSURE_MATRIX.md	2860	2878	`:2389`	forward	`ppg_normal_transaction_fork.v` `o_local_empty`
PPG_CONTRACT_CLOSURE_MATRIX.md	2860	2878	`:2374`	forward	`ppg_normal_transaction_fork.v` `o_local_empty`
PPG_CONTRACT_CLOSURE_MATRIX.md	2860	2878	`:2374`	forward	`ppg_normal_transaction_fork.v` `o_local_empty`
PPG_CONTRACT_CLOSURE_MATRIX.md	2860	2878	`:2359`	forward	`ppg_normal_transaction_fork.v` `o_local_empty`
PPG_CONTRACT_CLOSURE_MATRIX.md	2860	2878	`:2135`	forward	`ppg_normal_transaction_fork.v` `o_local_empty`
PPG_CONTRACT_CLOSURE_MATRIX.md	2860	2878	`:2074`	forward	`ppg_normal_transaction_fork.v` `o_local_empty`
PPG_CONTRACT_CLOSURE_MATRIX.md	2860	2878	`:2107`	forward	`ppg_normal_transaction_fork.v` `o_local_empty`
PPG_CONTRACT_CLOSURE_MATRIX.md	2860	2878	`:2105`	forward	`ppg_normal_transaction_fork.v` `o_local_empty`
PPG_CONTRACT_CLOSURE_MATRIX.md	2860	2878	`:2086`	forward	`ppg_normal_transaction_fork.v` `o_local_empty`
PPG_CONTRACT_CLOSURE_MATRIX.md	2860	2878	`:2092`	forward	`ppg_normal_transaction_fork.v` `o_local_empty`
PPG_CONTRACT_CLOSURE_MATRIX.md	2860	2878	`:2090`	forward	`ppg_normal_transaction_fork.v` `o_local_empty`
PPG_CONTRACT_CLOSURE_MATRIX.md	2860	2878	`:2071`	forward	`ppg_normal_transaction_fork.v` `o_local_empty`
PPG_CONTRACT_CLOSURE_MATRIX.md	2860	2878	`:2040`	forward	`ppg_normal_transaction_fork.v` `o_local_empty`
PPG_CONTRACT_CLOSURE_MATRIX.md	2860	2878	`:2020`	forward	`ppg_normal_transaction_fork.v` `o_local_empty`
PPG_CONTRACT_CLOSURE_MATRIX.md	2860	2878	`:2025`	forward	`ppg_normal_transaction_fork.v` `o_local_empty`
PPG_CONTRACT_CLOSURE_MATRIX.md	2860	2878	`:2005`	forward	`ppg_normal_transaction_fork.v` `o_local_empty`
PPG_CONTRACT_CLOSURE_MATRIX.md	2860	2878	`:1998`	forward	`ppg_normal_transaction_fork.v` `o_local_empty`
PPG_CONTRACT_CLOSURE_MATRIX.md	2860	2878	`:1983`	forward	`ppg_normal_transaction_fork.v` `o_local_empty`
PPG_CONTRACT_CLOSURE_MATRIX.md	2860	2878	`:1987`	forward	`ppg_normal_transaction_fork.v` `o_local_empty`
PPG_CONTRACT_CLOSURE_MATRIX.md	2860	2878	`:1972`	forward	`ppg_normal_transaction_fork.v` `o_local_empty`
PPG_CONTRACT_CLOSURE_MATRIX.md	2860	2878	`:2005`	forward	`ppg_normal_transaction_fork.v` `o_local_empty`
PPG_CONTRACT_CLOSURE_MATRIX.md	2860	2878	`:1972`	forward	`ppg_normal_transaction_fork.v` `o_local_empty`
PPG_CONTRACT_CLOSURE_MATRIX.md	2860	2878	`:61-146`	forward	`ppg_normal_transaction_fork.v` `o_local_empty`
PPG_CONTRACT_CLOSURE_MATRIX.md	2860	2878	ppg_normal_transaction_fork.v:61-146	forward	`ppg_normal_transaction_fork.v` `o_local_empty`
PPG_CONTRACT_CLOSURE_MATRIX.md	3066	3084	`:2290`	forward	`ppg_adc_dc_recovery.v` `o_nominal_saturated`
PPG_CONTRACT_CLOSURE_MATRIX.md	3066	3084	ppg_adc_dc_recovery.v:145	forward	`ppg_adc_dc_recovery.v` `o_nominal_saturated`
PPG_CONTRACT_CLOSURE_MATRIX.md	3189	3207	ppg_adc_measurement_idac_integration.v:403-405	forward	`ppg_adc_measurement_idac_integration.v` `o_s1_calibration_applied`、`o_s1_raw`、`o_s2_raw`
PPG_CONTRACT_CLOSURE_MATRIX.md	3189	3207	ppg_adc_measurement_idac_integration.v:153	forward	`ppg_adc_measurement_idac_integration.v` `i_cal_owner_deadline_event`
PPG_CONTRACT_CLOSURE_MATRIX.md	3242	3260	ppg_control_top.v:1068-1069	forward	`ppg_control_top.v` `ssw_fault_cause_o`、`o_ssw_fault_valid`
PPG_CONTRACT_CLOSURE_MATRIX.md	3242	3260	`:480`	forward	`ppg_sar9_sar15_safe_selection_wrapper.v` `o_analog_safe`
PPG_CONTRACT_CLOSURE_MATRIX.md	3408	3426	tb_ppg_precision_window_controller.v:737-758	forward	`tb_ppg_precision_window_controller.v` `"PWC-41 new legal START preserves protocol sticky"`
PPG_CONTRACT_CLOSURE_MATRIX.md	3408	3426	C23:954	forward	C23 §21
PPG_CONTRACT_CLOSURE_MATRIX.md	3408	3426	`:492-502`	forward	C23 §11.3–§11.4
PPG_CONTRACT_CLOSURE_MATRIX.md	3408	3426	C23:732	forward	C23 §17.1
PPG_CONTRACT_CLOSURE_MATRIX.md	3408	3426	C23:206	forward	C23 §6.2
PPG_CONTRACT_CLOSURE_MATRIX.md	3408	3426	`:507`	forward	`ppg_precision_window_controller.v` `protocol_error_sticky_o`
PPG_CONTRACT_CLOSURE_MATRIX.md	3408	3426	`:508-509`	forward	`ppg_precision_window_controller.v` `i_diag_clear_event`
PPG_CONTRACT_CLOSURE_MATRIX.md	3408	3426	ppg_precision_window_controller.v:505-515	forward	`ppg_precision_window_controller.v` `protocol_error_sticky_o`、`i_diag_clear_event`、`flag_protocol_error_event`
PPG_CONTRACT_CLOSURE_MATRIX.md	3623	3641	C22:679	revert	C22:679
PPG_CONTRACT_CLOSURE_MATRIX.md	3623	3641	C20:781	revert	C20:781
PPG_CONTRACT_CLOSURE_MATRIX.md	3623	3641	C10:257	revert	C10:257
PPG_CONTRACT_CLOSURE_MATRIX.md	3623	3641	C05:94	revert	C05:94
PPG_CONTRACT_CLOSURE_MATRIX.md	3623	3641	C03:249	revert	C03:249
PPG_CONTRACT_CLOSURE_MATRIX.md	3624	3642	C23:786	revert	C23:786
PPG_CONTRACT_CLOSURE_MATRIX.md	3657	3675	ppg_peak_valley_window_detector.v:111,351,354,465	revert	`ppg_peak_valley_window_detector.v:111,351,354,465`
PPG_CONTRACT_CLOSURE_MATRIX.md	3668	3686	ppg_system_config_manager.v:457	revert	`ppg_system_config_manager.v:457`
PPG_CONTRACT_CLOSURE_MATRIX.md	3880	3901	PPG_DIGITAL_TOP_INTERFACE_CONNECTION_CONTRACT.md:946	revert	`PPG_DIGITAL_TOP_INTERFACE_CONNECTION_CONTRACT.md:946`
PPG_CONTRACT_CLOSURE_MATRIX.md	3891	3912	ppg_adc_s1_programmable_calibrator.v:232-233	revert	`ppg_adc_s1_programmable_calibrator.v:232-233`
PPG_ALIAS_MAPPING_TABLE.md	28	30	ppg_sar9_sar15_safe_selection_wrapper.v:604	forward	`ppg_sar9_sar15_safe_selection_wrapper.v` `o_s_in`
PPG_ALIAS_MAPPING_TABLE.md	29	31	ppg_system_config_manager.v:340	forward	`ppg_system_config_manager.v` `dec_v5_reserved`
PPG_ALIAS_MAPPING_TABLE.md	36	38	ppg_adc_measurement_idac_integration.v:949	forward	`ppg_adc_measurement_idac_integration.v` `flag_measurement_result_discard_fire`
PPG_ALIAS_MAPPING_TABLE.md	43	45	ppg_control_top.v:408	forward	`ppg_control_top.v` `measurement_run_enable`、`analog_run_enable`
PPG_ALIAS_MAPPING_TABLE.md	90	92	:12	forward	PPG_CONTRACT_CLOSURE_MATRIX.md §12
PPG_ALIAS_MAPPING_TABLE.md	96	98	ppg_sar9_sar15_safe_selection_wrapper.v:440,495-496	forward	`ppg_sar9_sar15_safe_selection_wrapper.v` `o_analog_safe`、`o_ssw_fault_cause`
PPG_ALIAS_MAPPING_TABLE.md	96	98	ppg_sar9_sar15_safe_selection_wrapper.v:480	forward	`ppg_sar9_sar15_safe_selection_wrapper.v` `o_analog_safe`
PPG_ALIAS_MAPPING_TABLE.md	96	98	ppg_control_top.v:120	forward	`ppg_control_top.v` `i_analog_ready`、`o_analog_safe`
PPG_ALIAS_MAPPING_TABLE.md	109	111	:2968	forward	PPG_CONTRACT_CLOSURE_MATRIX.md §12.5 C14行
PPG_ALIAS_MAPPING_TABLE.md	110	112	:2970	forward	PPG_CONTRACT_CLOSURE_MATRIX.md §12.5 C14行
PPG_ALIAS_MAPPING_TABLE.md	116	118	ppg_characterization_control_cdc.v:210	forward	`ppg_characterization_control_cdc.v` `C_CONFIG_WIDTH`
PPG_ALIAS_MAPPING_TABLE.md	116	118	ppg_active_v4_control_plane_integration.v:379	forward	`ppg_active_v4_control_plane_integration.v` `C_CONFIG_WIDTH`
PPG_ALIAS_MAPPING_TABLE.md	116	118	ppg_characterization_control_cdc.v:210	forward	`ppg_characterization_control_cdc.v` `C_CONFIG_WIDTH`
PPG_ALIAS_MAPPING_TABLE.md	116	118	ppg_dual_precision_top.v:338	forward	`ppg_dual_precision_top.v` `C_CONFIG_WIDTH`
PPG_ALIAS_MAPPING_TABLE.md	116	118	:72-74	forward	`ppg_active_v4_control_plane_integration.v` `C_CONFIG_WIDTH`
PPG_ALIAS_MAPPING_TABLE.md	116	118	:76-78	forward	`ppg_active_v4_control_plane_integration.v` `C_CONFIG_WIDTH`
PPG_ALIAS_MAPPING_TABLE.md	116	118	:163-179	forward	`ppg_active_v4_control_plane_integration.v` `C_CONFIG_WIDTH`
PPG_ALIAS_MAPPING_TABLE.md	116	118	:112-120	forward	`ppg_active_v4_control_plane_integration.v` `C_CONFIG_WIDTH`
PPG_ALIAS_MAPPING_TABLE.md	116	118	:124-132	forward	`ppg_active_v4_control_plane_integration.v` `C_CONFIG_WIDTH`
PPG_ALIAS_MAPPING_TABLE.md	116	118	:66	forward	`ppg_config_cdc_bridge.v` `reg_source_config`
PPG_ALIAS_MAPPING_TABLE.md	116	118	ppg_active_v4_control_plane_integration.v:379	forward	`ppg_active_v4_control_plane_integration.v` `C_CONFIG_WIDTH`
PPG_ALIAS_MAPPING_TABLE.md	135	137	tb_ppg_jnt_baseline_prefix.vh:297	forward	`tb_ppg_jnt_baseline_prefix.vh` `"IR波形上下文在RED owner未释放时已真实预建立"`
PPG_ALIAS_MAPPING_TABLE.md	137	139	`:1569`	forward	`ppg_adc_measurement_idac_integration.v` `flag_test_identity_hold`
PPG_ALIAS_MAPPING_TABLE.md	137	139	ppg_adc_measurement_idac_integration.v:908	forward	`ppg_adc_measurement_idac_integration.v` `dec_completion_sample_index`
PPG_ALIAS_MAPPING_TABLE.md	137	139	`:279`	forward	`ppg_idac_code_controller.v` `ST_AMB_WAIT`
PPG_ALIAS_MAPPING_TABLE.md	137	139	ppg_idac_code_controller.v:279	forward	`ppg_idac_code_controller.v` `ST_AMB_WAIT`
PPG_ALIAS_MAPPING_TABLE.md	142	144	`:1362`	forward	`tb_ppg_control_top_startup_idac_calibration.v` `"SID-05-DCIR"`
PPG_ALIAS_MAPPING_TABLE.md	142	144	tb_ppg_control_top_startup_idac_calibration.v:1218	forward	`tb_ppg_control_top_startup_idac_calibration.v` `"SID-05-DCR"`
PPG_ALIAS_MAPPING_TABLE.md	143	145	tb_ppg_control_top_startup_idac_calibration.v:1278-1305	forward	`tb_ppg_control_top_startup_idac_calibration.v` `"PASS SID-06 next-subframe waveform snapshot correctly reflects"`
PPG_ALIAS_MAPPING_TABLE.md	143	145	tb_ppg_control_top_startup_idac_calibration.v:1178	forward	`tb_ppg_control_top_startup_idac_calibration.v` `"PASS SID-04 AMB stage converged to target code 64 with real physical candidates "`
PPG_ALIAS_MAPPING_TABLE.md	166	168	ppg_sar9_sar15_safe_selection_wrapper.v:93,390,438	forward	`ppg_sar9_sar15_safe_selection_wrapper.v` `flag_switch_protocol_error_condition`
PPG_ALIAS_MAPPING_TABLE.md	179	181	ppg_adc_measurement_idac_integration.v:1010	forward	`ppg_adc_measurement_idac_integration.v` `@satisfies: TOP-23`
PPG_ALIAS_MAPPING_TABLE.md	190	192	ppg_idac_code_controller.v:285	forward	`ppg_idac_code_controller.v` `ST_AMB_RECHECK`
PPG_ALIAS_MAPPING_TABLE.md	260	262	ppg_idac_code_controller.v:440	forward	`ppg_idac_code_controller.v` `i_track_calibrated_s1_value`
PPG_ALIAS_MAPPING_TABLE.md	260	262	ppg_adc_measurement_idac_integration.v:1745	forward	`ppg_adc_measurement_idac_integration.v` `reg_result_fork_payload`
PPG_ALIAS_MAPPING_TABLE.md	277	279	`:747`	forward	`ppg_sar9_sar15_safe_selection_wrapper.v` `reg_cal_dc_code`
PPG_ALIAS_MAPPING_TABLE.md	277	279	`:745`	forward	`ppg_sar9_sar15_safe_selection_wrapper.v` `CTRL_EN_9_DC`
PPG_ALIAS_MAPPING_TABLE.md	277	279	`:742`	forward	`ppg_sar9_sar15_safe_selection_wrapper.v` `reg_cal_amb_code`
PPG_ALIAS_MAPPING_TABLE.md	277	279	`:615`	forward	`ppg_sar9_sar15_safe_selection_wrapper.v` `reg_control_next`
PPG_ALIAS_MAPPING_TABLE.md	277	279	`:642,652`	forward	`ppg_sar9_sar15_safe_selection_wrapper.v` `@satisfies: ISE-07`
PPG_ALIAS_MAPPING_TABLE.md	277	279	`:642,644,692,694`	forward	`ppg_sar9_sar15_safe_selection_wrapper.v` `@satisfies: ISE-05`
PPG_ALIAS_MAPPING_TABLE.md	277	279	`:652,654,702,704`	forward	`ppg_sar9_sar15_safe_selection_wrapper.v` `@satisfies: ISE-04`
PPG_ALIAS_MAPPING_TABLE.md	277	279	`:893`	forward	`ppg_idac_code_controller.v` `flag_dcs_ir_commit`
PPG_ALIAS_MAPPING_TABLE.md	277	279	ppg_idac_code_controller.v:878	forward	`ppg_idac_code_controller.v` `flag_dcs_r_commit`
PPG_ALIAS_MAPPING_TABLE.md	277	279	`:847`	forward	`ppg_sar9_sar15_safe_selection_wrapper.v` `reg_cal_dc_code`
PPG_ALIAS_MAPPING_TABLE.md	277	279	`:808`	forward	`ppg_sar9_sar15_safe_selection_wrapper.v` `reg_cal_amb_code`
PPG_ALIAS_MAPPING_TABLE.md	277	279	`:597`	forward	`ppg_idac_code_controller.v` `@satisfies: ISE-09`
PPG_ALIAS_MAPPING_TABLE.md	277	279	ppg_idac_code_controller.v:879	forward	`ppg_idac_code_controller.v` `@satisfies: ISE-10`
PPG_ALIAS_MAPPING_TABLE.md	297	299	ppg_adc_measurement_idac_integration.v:416-418	forward	`ppg_adc_measurement_idac_integration.v` `i_run_generation`、`o_local_empty`
PPG_ALIAS_MAPPING_TABLE.md	317	319	tb_ppg_peak_valley_window_detector.v:615	forward	`tb_ppg_peak_valley_window_detector.v` `"PVW-09-WRAP"`
PPG_ALIAS_MAPPING_TABLE.md	340	342	tb_ppg_peak_valley_window_detector.v:875	forward	`tb_ppg_peak_valley_window_detector.v` `"PVW-32-BUSY"`
PPG_ALIAS_MAPPING_TABLE.md	341	343	:346`	forward	`tb_ppg_peak_valley_window_detector.v` `"诊断标记+仍执行清除"`
PPG_ALIAS_MAPPING_TABLE.md	341	343	tb_ppg_peak_valley_window_detector.v:893	forward	`tb_ppg_peak_valley_window_detector.v` `"诊断标记+仍执行清除"`
PPG_ALIAS_MAPPING_TABLE.md	347	349	tb_ppg_peak_valley_window_detector.v:636	forward	`tb_ppg_peak_valley_window_detector.v` `"PVW-39-WRAP"`
PPG_ALIAS_MAPPING_TABLE.md	369	371	`:857`	forward	`ppg_precision_window_controller.v` `flag_characterization_request`
PPG_ALIAS_MAPPING_TABLE.md	369	371	`:282`	forward	`ppg_precision_window_controller.v` `o_return_9bit_ready`
PPG_ALIAS_MAPPING_TABLE.md	369	371	ppg_precision_window_controller.v:279	forward	`ppg_precision_window_controller.v` `o_cross_ready`
PPG_ALIAS_MAPPING_TABLE.md	369	371	`:439`	forward	`tb_ppg_precision_window_controller.v` `"PWC-04 characterization safely consumes return without formal window"`
PPG_ALIAS_MAPPING_TABLE.md	369	371	tb_ppg_precision_window_controller.v:435	forward	`tb_ppg_precision_window_controller.v` `"PWC-04 characterization safely consumes cross without formal window"`
PPG_ALIAS_MAPPING_TABLE.md	380	382	tb_ppg_precision_window_controller.v:507	forward	`tb_ppg_precision_window_controller.v` `"PWC-15 valley normal return still no reacquire one cycle later"`
PPG_ALIAS_MAPPING_TABLE.md	386	388	tb_ppg_precision_window_controller.v:546	forward	`tb_ppg_precision_window_controller.v` `"PWC-21 recheck busy keeps 9bit"`
PPG_ALIAS_MAPPING_TABLE.md	391	393	`:587`	forward	`tb_ppg_precision_window_controller.v` `"PWC-26 switch timeout reports exactly one fault pulse"`
PPG_ALIAS_MAPPING_TABLE.md	391	393	tb_ppg_precision_window_controller.v:114	forward	`tb_ppg_precision_window_controller.v` `"PWC-26 switch timeout fault"`
PPG_ALIAS_MAPPING_TABLE.md	399	401	ppg_precision_window_controller.v:294	forward	`ppg_precision_window_controller.v` `o_mode_fault_active`
PPG_ALIAS_MAPPING_TABLE.md	399	401	tb_ppg_precision_window_controller.v:685	forward	`tb_ppg_precision_window_controller.v` `"PWC-34 diagnostic clear does not release active fault hold"`
PPG_ALIAS_MAPPING_TABLE.md	400	402	tb_ppg_precision_window_controller.v:693	forward	`tb_ppg_precision_window_controller.v` `"PWC-35 controller idle excludes pending switch"`
PPG_ALIAS_MAPPING_TABLE.md	406	408	`:734`	forward	`ppg_precision_window_controller.v` `switch_timeout_sticky_o`、`protocol_error_sticky_o`
PPG_ALIAS_MAPPING_TABLE.md	406	408	`:722`	forward	`ppg_precision_window_controller.v` `switch_timeout_sticky_o`、`protocol_error_sticky_o`
PPG_ALIAS_MAPPING_TABLE.md	416	418	`:729-730`	forward	`tb_ppg_coarse_detection_fir.v` `"FIR-01 payload and diagnostics freeze to reset value"`、`"FIR-01 sample counts exactly zero after reset"`
PPG_ALIAS_MAPPING_TABLE.md	416	418	`:725`	forward	`tb_ppg_coarse_detection_fir.v` `"FIR-01 asynchronous reset"`
PPG_ALIAS_MAPPING_TABLE.md	416	418	tb_ppg_coarse_detection_fir.v:724	forward	`tb_ppg_coarse_detection_fir.v` `"FIR-01 asynchronous reset"`
PPG_ALIAS_MAPPING_TABLE.md	427	429	tb_ppg_coarse_detection_fir.v:800	forward	`tb_ppg_coarse_detection_fir.v` `"FIR-09 center metadata x[n-10]"`
PPG_ALIAS_MAPPING_TABLE.md	434	436	tb_ppg_coarse_detection_fir.v:852	forward	`tb_ppg_coarse_detection_fir.v` `"FIR-19 non-NORMAL input ignored"`、`"自检TB必须报告该错误"`
PPG_ALIAS_MAPPING_TABLE.md	434	436	tb_ppg_coarse_detection_fir.v:153	forward	`tb_ppg_coarse_detection_fir.v` `"FIR-19 non-NORMAL input ignored"`、`"自检TB必须报告该错误"`
PPG_ALIAS_MAPPING_TABLE.md	434	436	`:95`	forward	PPG_COARSE_DETECTION_FIR_INTERFACE_CONTRACT.md §3.2
PPG_ALIAS_MAPPING_TABLE.md	436	438	`:887`	forward	`tb_ppg_coarse_detection_fir.v` `"FIR-21 bounded input backpressure"`
PPG_ALIAS_MAPPING_TABLE.md	436	438	tb_ppg_coarse_detection_fir.v:874-878	forward	`tb_ppg_coarse_detection_fir.v` `"FIR-21 bounded input backpressure"`
PPG_ALIAS_MAPPING_TABLE.md	436	438	ppg_coarse_detection_fir.v:406	forward	`ppg_coarse_detection_fir.v` `o_result_ready`
PPG_ALIAS_MAPPING_TABLE.md	436	438	`:855`	forward	PPG_COARSE_DETECTION_FIR_INTERFACE_CONTRACT.md §18
PPG_ALIAS_MAPPING_TABLE.md	523	525	ppg_system_config_manager.v:457	revert	`ppg_system_config_manager.v:457`
