"module","rtl_path","line","direction","signed","width","port","contract","contract_path","status","evidence","limit"
"ppg_adc_async_stage_capture","C:/Users/DAWN/.codex/visualizations/2026/10/02/01a0fd16-9489-7e50-a7b6-a1178fd92bf1/ppg_audit/snapshot/rtl/ppg_adc_async_stage_capture/ppg_adc_async_stage_capture.v","55","input","false","","i_clk","C10","C:/Users/DAWN/.codex/visualizations/2026/10/02/01a0fd16-9489-7e50-a7b6-a1178fd92bf1/ppg_audit/snapshot/contracts/PPG_ADC_MEASUREMENT_AND_IDAC_INTEGRATION_WRAPPER_INTERFACE_CONTRACT.md","完成","formatter-AST结构+全文端口/打包/消费者语义人工核对；C002/C006及已接受豁免详见报告","固定合同域；默认IDAC8/epoch4，未泛化为任意参数数值签核"
"ppg_adc_async_stage_capture","C:/Users/DAWN/.codex/visualizations/2026/10/02/01a0fd16-9489-7e50-a7b6-a1178fd92bf1/ppg_audit/snapshot/rtl/ppg_adc_async_stage_capture/ppg_adc_async_stage_capture.v","56","input","false","","i_rstn","C10","C:/Users/DAWN/.codex/visualizations/2026/10/02/01a0fd16-9489-7e50-a7b6-a1178fd92bf1/ppg_audit/snapshot/contracts/PPG_ADC_MEASUREMENT_AND_IDAC_INTEGRATION_WRAPPER_INTERFACE_CONTRACT.md","完成","formatter-AST结构+全文端口/打包/消费者语义人工核对；C002/C006及已接受豁免详见报告","固定合同域；默认IDAC8/epoch4，未泛化为任意参数数值签核"
"ppg_adc_async_stage_capture","C:/Users/DAWN/.codex/visualizations/2026/10/02/01a0fd16-9489-7e50-a7b6-a1178fd92bf1/ppg_audit/snapshot/rtl/ppg_adc_async_stage_capture/ppg_adc_async_stage_capture.v","59","input","false","","i_adc_transaction_start","C10","C:/Users/DAWN/.codex/visualizations/2026/10/02/01a0fd16-9489-7e50-a7b6-a1178fd92bf1/ppg_audit/snapshot/contracts/PPG_ADC_MEASUREMENT_AND_IDAC_INTEGRATION_WRAPPER_INTERFACE_CONTRACT.md","完成","formatter-AST结构+全文端口/打包/消费者语义人工核对；C002/C006及已接受豁免详见报告","固定合同域；默认IDAC8/epoch4，未泛化为任意参数数值签核"
"ppg_adc_async_stage_capture","C:/Users/DAWN/.codex/visualizations/2026/10/02/01a0fd16-9489-7e50-a7b6-a1178fd92bf1/ppg_audit/snapshot/rtl/ppg_adc_async_stage_capture/ppg_adc_async_stage_capture.v","60","input","false","","i_precision_mode_committed","C10","C:/Users/DAWN/.codex/visualizations/2026/10/02/01a0fd16-9489-7e50-a7b6-a1178fd92bf1/ppg_audit/snapshot/contracts/PPG_ADC_MEASUREMENT_AND_IDAC_INTEGRATION_WRAPPER_INTERFACE_CONTRACT.md","完成","formatter-AST结构+全文端口/打包/消费者语义人工核对；C002/C006及已接受豁免详见报告","固定合同域；默认IDAC8/epoch4，未泛化为任意参数数值签核"
"ppg_adc_async_stage_capture","C:/Users/DAWN/.codex/visualizations/2026/10/02/01a0fd16-9489-7e50-a7b6-a1178fd92bf1/ppg_audit/snapshot/rtl/ppg_adc_async_stage_capture/ppg_adc_async_stage_capture.v","63","input","false","[C_RAW_WIDTH - 1:0]","i_dout_stage1_low","C10","C:/Users/DAWN/.codex/visualizations/2026/10/02/01a0fd16-9489-7e50-a7b6-a1178fd92bf1/ppg_audit/snapshot/contracts/PPG_ADC_MEASUREMENT_AND_IDAC_INTEGRATION_WRAPPER_INTERFACE_CONTRACT.md","完成","formatter-AST结构+全文端口/打包/消费者语义人工核对；C002/C006及已接受豁免详见报告","固定合同域；默认IDAC8/epoch4，未泛化为任意参数数值签核"
"ppg_adc_async_stage_capture","C:/Users/DAWN/.codex/visualizations/2026/10/02/01a0fd16-9489-7e50-a7b6-a1178fd92bf1/ppg_audit/snapshot/rtl/ppg_adc_async_stage_capture/ppg_adc_async_stage_capture.v","64","input","false","","i_clk_stage1_dout_low_async","C10","C:/Users/DAWN/.codex/visualizations/2026/10/02/01a0fd16-9489-7e50-a7b6-a1178fd92bf1/ppg_audit/snapshot/contracts/PPG_ADC_MEASUREMENT_AND_IDAC_INTEGRATION_WRAPPER_INTERFACE_CONTRACT.md","完成","formatter-AST结构+全文端口/打包/消费者语义人工核对；C002/C006及已接受豁免详见报告","固定合同域；默认IDAC8/epoch4，未泛化为任意参数数值签核"
"ppg_adc_async_stage_capture","C:/Users/DAWN/.codex/visualizations/2026/10/02/01a0fd16-9489-7e50-a7b6-a1178fd92bf1/ppg_audit/snapshot/rtl/ppg_adc_async_stage_capture/ppg_adc_async_stage_capture.v","65","input","false","[C_RAW_WIDTH - 1:0]","i_dout_stage2_low","C10","C:/Users/DAWN/.codex/visualizations/2026/10/02/01a0fd16-9489-7e50-a7b6-a1178fd92bf1/ppg_audit/snapshot/contracts/PPG_ADC_MEASUREMENT_AND_IDAC_INTEGRATION_WRAPPER_INTERFACE_CONTRACT.md","完成","formatter-AST结构+全文端口/打包/消费者语义人工核对；C002/C006及已接受豁免详见报告","固定合同域；默认IDAC8/epoch4，未泛化为任意参数数值签核"
"ppg_adc_async_stage_capture","C:/Users/DAWN/.codex/visualizations/2026/10/02/01a0fd16-9489-7e50-a7b6-a1178fd92bf1/ppg_audit/snapshot/rtl/ppg_adc_async_stage_capture/ppg_adc_async_stage_capture.v","66","input","false","","i_clk_stage2_dout_low_async","C10","C:/Users/DAWN/.codex/visualizations/2026/10/02/01a0fd16-9489-7e50-a7b6-a1178fd92bf1/ppg_audit/snapshot/contracts/PPG_ADC_MEASUREMENT_AND_IDAC_INTEGRATION_WRAPPER_INTERFACE_CONTRACT.md","完成","formatter-AST结构+全文端口/打包/消费者语义人工核对；C002/C006及已接受豁免详见报告","固定合同域；默认IDAC8/epoch4，未泛化为任意参数数值签核"
"ppg_adc_async_stage_capture","C:/Users/DAWN/.codex/visualizations/2026/10/02/01a0fd16-9489-7e50-a7b6-a1178fd92bf1/ppg_audit/snapshot/rtl/ppg_adc_async_stage_capture/ppg_adc_async_stage_capture.v","69","input","false","","i_capture_ready","C10","C:/Users/DAWN/.codex/visualizations/2026/10/02/01a0fd16-9489-7e50-a7b6-a1178fd92bf1/ppg_audit/snapshot/contracts/PPG_ADC_MEASUREMENT_AND_IDAC_INTEGRATION_WRAPPER_INTERFACE_CONTRACT.md","完成","formatter-AST结构+全文端口/打包/消费者语义人工核对；C002/C006及已接受豁免详见报告","固定合同域；默认IDAC8/epoch4，未泛化为任意参数数值签核"
"ppg_adc_async_stage_capture","C:/Users/DAWN/.codex/visualizations/2026/10/02/01a0fd16-9489-7e50-a7b6-a1178fd92bf1/ppg_audit/snapshot/rtl/ppg_adc_async_stage_capture/ppg_adc_async_stage_capture.v","70","output","false","[C_RAW_WIDTH - 1:0]","o_capture_stage1_raw","C10","C:/Users/DAWN/.codex/visualizations/2026/10/02/01a0fd16-9489-7e50-a7b6-a1178fd92bf1/ppg_audit/snapshot/contracts/PPG_ADC_MEASUREMENT_AND_IDAC_INTEGRATION_WRAPPER_INTERFACE_CONTRACT.md","完成","formatter-AST结构+全文端口/打包/消费者语义人工核对；C002/C006及已接受豁免详见报告","固定合同域；默认IDAC8/epoch4，未泛化为任意参数数值签核"
"ppg_adc_async_stage_capture","C:/Users/DAWN/.codex/visualizations/2026/10/02/01a0fd16-9489-7e50-a7b6-a1178fd92bf1/ppg_audit/snapshot/rtl/ppg_adc_async_stage_capture/ppg_adc_async_stage_capture.v","71","output","false","[C_RAW_WIDTH - 1:0]","o_capture_stage2_raw","C10","C:/Users/DAWN/.codex/visualizations/2026/10/02/01a0fd16-9489-7e50-a7b6-a1178fd92bf1/ppg_audit/snapshot/contracts/PPG_ADC_MEASUREMENT_AND_IDAC_INTEGRATION_WRAPPER_INTERFACE_CONTRACT.md","完成","formatter-AST结构+全文端口/打包/消费者语义人工核对；C002/C006及已接受豁免详见报告","固定合同域；默认IDAC8/epoch4，未泛化为任意参数数值签核"
"ppg_adc_async_stage_capture","C:/Users/DAWN/.codex/visualizations/2026/10/02/01a0fd16-9489-7e50-a7b6-a1178fd92bf1/ppg_audit/snapshot/rtl/ppg_adc_async_stage_capture/ppg_adc_async_stage_capture.v","72","output","false","","o_capture_precision_mode","C10","C:/Users/DAWN/.codex/visualizations/2026/10/02/01a0fd16-9489-7e50-a7b6-a1178fd92bf1/ppg_audit/snapshot/contracts/PPG_ADC_MEASUREMENT_AND_IDAC_INTEGRATION_WRAPPER_INTERFACE_CONTRACT.md","完成","formatter-AST结构+全文端口/打包/消费者语义人工核对；C002/C006及已接受豁免详见报告","固定合同域；默认IDAC8/epoch4，未泛化为任意参数数值签核"
"ppg_adc_async_stage_capture","C:/Users/DAWN/.codex/visualizations/2026/10/02/01a0fd16-9489-7e50-a7b6-a1178fd92bf1/ppg_audit/snapshot/rtl/ppg_adc_async_stage_capture/ppg_adc_async_stage_capture.v","73","output","false","","o_capture_valid","C10","C:/Users/DAWN/.codex/visualizations/2026/10/02/01a0fd16-9489-7e50-a7b6-a1178fd92bf1/ppg_audit/snapshot/contracts/PPG_ADC_MEASUREMENT_AND_IDAC_INTEGRATION_WRAPPER_INTERFACE_CONTRACT.md","完成","formatter-AST结构+全文端口/打包/消费者语义人工核对；C002/C006及已接受豁免详见报告","固定合同域；默认IDAC8/epoch4，未泛化为任意参数数值签核"
"ppg_adc_dc_recovery","C:/Users/DAWN/.codex/visualizations/2026/10/02/01a0fd16-9489-7e50-a7b6-a1178fd92bf1/ppg_audit/snapshot/rtl/ppg_adc_dc_recovery/ppg_adc_dc_recovery.v","55","input","false","","i_clk","C15","C:/Users/DAWN/.codex/visualizations/2026/10/02/01a0fd16-9489-7e50-a7b6-a1178fd92bf1/ppg_audit/snapshot/contracts/PPG_ADC_DC_RECOVERY_INTERFACE_CONTRACT.md","完成","formatter-AST结构+全文端口/打包/消费者语义人工核对；C002/C006及已接受豁免详见报告","固定合同域；默认IDAC8/epoch4，未泛化为任意参数数值签核"
"ppg_adc_dc_recovery","C:/Users/DAWN/.codex/visualizations/2026/10/02/01a0fd16-9489-7e50-a7b6-a1178fd92bf1/ppg_audit/snapshot/rtl/ppg_adc_dc_recovery/ppg_adc_dc_recovery.v","56","input","false","","i_rstn","C15","C:/Users/DAWN/.codex/visualizations/2026/10/02/01a0fd16-9489-7e50-a7b6-a1178fd92bf1/ppg_audit/snapshot/contracts/PPG_ADC_DC_RECOVERY_INTERFACE_CONTRACT.md","完成","formatter-AST结构+全文端口/打包/消费者语义人工核对；C002/C006及已接受豁免详见报告","固定合同域；默认IDAC8/epoch4，未泛化为任意参数数值签核"
"ppg_adc_dc_recovery","C:/Users/DAWN/.codex/visualizations/2026/10/02/01a0fd16-9489-7e50-a7b6-a1178fd92bf1/ppg_audit/snapshot/rtl/ppg_adc_dc_recovery/ppg_adc_dc_recovery.v","59","input","false","","i_active_valid","C15","C:/Users/DAWN/.codex/visualizations/2026/10/02/01a0fd16-9489-7e50-a7b6-a1178fd92bf1/ppg_audit/snapshot/contracts/PPG_ADC_DC_RECOVERY_INTERFACE_CONTRACT.md","完成","formatter-AST结构+全文端口/打包/消费者语义人工核对；C002/C006及已接受豁免详见报告","固定合同域；默认IDAC8/epoch4，未泛化为任意参数数值签核"
"ppg_adc_dc_recovery","C:/Users/DAWN/.codex/visualizations/2026/10/02/01a0fd16-9489-7e50-a7b6-a1178fd92bf1/ppg_audit/snapshot/rtl/ppg_adc_dc_recovery/ppg_adc_dc_recovery.v","60","input","false","","i_dc9_recovery_valid","C15","C:/Users/DAWN/.codex/visualizations/2026/10/02/01a0fd16-9489-7e50-a7b6-a1178fd92bf1/ppg_audit/snapshot/contracts/PPG_ADC_DC_RECOVERY_INTERFACE_CONTRACT.md","完成","formatter-AST结构+全文端口/打包/消费者语义人工核对；C002/C006及已接受豁免详见报告","固定合同域；默认IDAC8/epoch4，未泛化为任意参数数值签核"
"ppg_adc_dc_recovery","C:/Users/DAWN/.codex/visualizations/2026/10/02/01a0fd16-9489-7e50-a7b6-a1178fd92bf1/ppg_audit/snapshot/rtl/ppg_adc_dc_recovery/ppg_adc_dc_recovery.v","61","input","false","","i_dc15_recovery_valid","C15","C:/Users/DAWN/.codex/visualizations/2026/10/02/01a0fd16-9489-7e50-a7b6-a1178fd92bf1/ppg_audit/snapshot/contracts/PPG_ADC_DC_RECOVERY_INTERFACE_CONTRACT.md","完成","formatter-AST结构+全文端口/打包/消费者语义人工核对；C002/C006及已接受豁免详见报告","固定合同域；默认IDAC8/epoch4，未泛化为任意参数数值签核"
"ppg_adc_dc_recovery","C:/Users/DAWN/.codex/visualizations/2026/10/02/01a0fd16-9489-7e50-a7b6-a1178fd92bf1/ppg_audit/snapshot/rtl/ppg_adc_dc_recovery/ppg_adc_dc_recovery.v","62","input","true","[31:0]","i_dc9_recovery_gain_q16","C15","C:/Users/DAWN/.codex/visualizations/2026/10/02/01a0fd16-9489-7e50-a7b6-a1178fd92bf1/ppg_audit/snapshot/contracts/PPG_ADC_DC_RECOVERY_INTERFACE_CONTRACT.md","完成","formatter-AST结构+全文端口/打包/消费者语义人工核对；C002/C006及已接受豁免详见报告","固定合同域；默认IDAC8/epoch4，未泛化为任意参数数值签核"
"ppg_adc_dc_recovery","C:/Users/DAWN/.codex/visualizations/2026/10/02/01a0fd16-9489-7e50-a7b6-a1178fd92bf1/ppg_audit/snapshot/rtl/ppg_adc_dc_recovery/ppg_adc_dc_recovery.v","63","input","true","[31:0]","i_dc15_recovery_gain_q16","C15","C:/Users/DAWN/.codex/visualizations/2026/10/02/01a0fd16-9489-7e50-a7b6-a1178fd92bf1/ppg_audit/snapshot/contracts/PPG_ADC_DC_RECOVERY_INTERFACE_CONTRACT.md","完成","formatter-AST结构+全文端口/打包/消费者语义人工核对；C002/C006及已接受豁免详见报告","固定合同域；默认IDAC8/epoch4，未泛化为任意参数数值签核"
"ppg_adc_dc_recovery","C:/Users/DAWN/.codex/visualizations/2026/10/02/01a0fd16-9489-7e50-a7b6-a1178fd92bf1/ppg_audit/snapshot/rtl/ppg_adc_dc_recovery/ppg_adc_dc_recovery.v","64","input","false","[C_DC_RECOVERY_EPOCH_WIDTH - 1:0]","i_dc_recovery_coef_epoch","C15","C:/Users/DAWN/.codex/visualizations/2026/10/02/01a0fd16-9489-7e50-a7b6-a1178fd92bf1/ppg_audit/snapshot/contracts/PPG_ADC_DC_RECOVERY_INTERFACE_CONTRACT.md","完成","formatter-AST结构+全文端口/打包/消费者语义人工核对；C002/C006及已接受豁免详见报告","固定合同域；默认IDAC8/epoch4，未泛化为任意参数数值签核"
"ppg_adc_dc_recovery","C:/Users/DAWN/.codex/visualizations/2026/10/02/01a0fd16-9489-7e50-a7b6-a1178fd92bf1/ppg_audit/snapshot/rtl/ppg_adc_dc_recovery/ppg_adc_dc_recovery.v","69","input","false","","i_result_valid","C15","C:/Users/DAWN/.codex/visualizations/2026/10/02/01a0fd16-9489-7e50-a7b6-a1178fd92bf1/ppg_audit/snapshot/contracts/PPG_ADC_DC_RECOVERY_INTERFACE_CONTRACT.md","完成","formatter-AST结构+全文端口/打包/消费者语义人工核对；C002/C006及已接受豁免详见报告","固定合同域；默认IDAC8/epoch4，未泛化为任意参数数值签核"
"ppg_adc_dc_recovery","C:/Users/DAWN/.codex/visualizations/2026/10/02/01a0fd16-9489-7e50-a7b6-a1178fd92bf1/ppg_audit/snapshot/rtl/ppg_adc_dc_recovery/ppg_adc_dc_recovery.v","70","output","false","","o_result_ready","C15","C:/Users/DAWN/.codex/visualizations/2026/10/02/01a0fd16-9489-7e50-a7b6-a1178fd92bf1/ppg_audit/snapshot/contracts/PPG_ADC_DC_RECOVERY_INTERFACE_CONTRACT.md","完成","formatter-AST结构+全文端口/打包/消费者语义人工核对；C002/C006及已接受豁免详见报告","固定合同域；默认IDAC8/epoch4，未泛化为任意参数数值签核"
"ppg_adc_dc_recovery","C:/Users/DAWN/.codex/visualizations/2026/10/02/01a0fd16-9489-7e50-a7b6-a1178fd92bf1/ppg_audit/snapshot/rtl/ppg_adc_dc_recovery/ppg_adc_dc_recovery.v","71","input","false","","i_result_ready","C15","C:/Users/DAWN/.codex/visualizations/2026/10/02/01a0fd16-9489-7e50-a7b6-a1178fd92bf1/ppg_audit/snapshot/contracts/PPG_ADC_DC_RECOVERY_INTERFACE_CONTRACT.md","完成","formatter-AST结构+全文端口/打包/消费者语义人工核对；C002/C006及已接受豁免详见报告","固定合同域；默认IDAC8/epoch4，未泛化为任意参数数值签核"
"ppg_adc_dc_recovery","C:/Users/DAWN/.codex/visualizations/2026/10/02/01a0fd16-9489-7e50-a7b6-a1178fd92bf1/ppg_audit/snapshot/rtl/ppg_adc_dc_recovery/ppg_adc_dc_recovery.v","72","input","true","[11:0]","i_calibrated_s1_value","C15","C:/Users/DAWN/.codex/visualizations/2026/10/02/01a0fd16-9489-7e50-a7b6-a1178fd92bf1/ppg_audit/snapshot/contracts/PPG_ADC_DC_RECOVERY_INTERFACE_CONTRACT.md","完成","formatter-AST结构+全文端口/打包/消费者语义人工核对；C002/C006及已接受豁免详见报告","固定合同域；默认IDAC8/epoch4，未泛化为任意参数数值签核"
"ppg_adc_dc_recovery","C:/Users/DAWN/.codex/visualizations/2026/10/02/01a0fd16-9489-7e50-a7b6-a1178fd92bf1/ppg_audit/snapshot/rtl/ppg_adc_dc_recovery/ppg_adc_dc_recovery.v","73","input","false","","i_calibration_applied","C15","C:/Users/DAWN/.codex/visualizations/2026/10/02/01a0fd16-9489-7e50-a7b6-a1178fd92bf1/ppg_audit/snapshot/contracts/PPG_ADC_DC_RECOVERY_INTERFACE_CONTRACT.md","完成","formatter-AST结构+全文端口/打包/消费者语义人工核对；C002/C006及已接受豁免详见报告","固定合同域；默认IDAC8/epoch4，未泛化为任意参数数值签核"
"ppg_adc_dc_recovery","C:/Users/DAWN/.codex/visualizations/2026/10/02/01a0fd16-9489-7e50-a7b6-a1178fd92bf1/ppg_audit/snapshot/rtl/ppg_adc_dc_recovery/ppg_adc_dc_recovery.v","74","input","false","","i_stage1_saturation_low","C15","C:/Users/DAWN/.codex/visualizations/2026/10/02/01a0fd16-9489-7e50-a7b6-a1178fd92bf1/ppg_audit/snapshot/contracts/PPG_ADC_DC_RECOVERY_INTERFACE_CONTRACT.md","完成","formatter-AST结构+全文端口/打包/消费者语义人工核对；C002/C006及已接受豁免详见报告","固定合同域；默认IDAC8/epoch4，未泛化为任意参数数值签核"
"ppg_adc_dc_recovery","C:/Users/DAWN/.codex/visualizations/2026/10/02/01a0fd16-9489-7e50-a7b6-a1178fd92bf1/ppg_audit/snapshot/rtl/ppg_adc_dc_recovery/ppg_adc_dc_recovery.v","75","input","false","","i_stage1_saturation_high","C15","C:/Users/DAWN/.codex/visualizations/2026/10/02/01a0fd16-9489-7e50-a7b6-a1178fd92bf1/ppg_audit/snapshot/contracts/PPG_ADC_DC_RECOVERY_INTERFACE_CONTRACT.md","完成","formatter-AST结构+全文端口/打包/消费者语义人工核对；C002/C006及已接受豁免详见报告","固定合同域；默认IDAC8/epoch4，未泛化为任意参数数值签核"
"ppg_adc_dc_recovery","C:/Users/DAWN/.codex/visualizations/2026/10/02/01a0fd16-9489-7e50-a7b6-a1178fd92bf1/ppg_audit/snapshot/rtl/ppg_adc_dc_recovery/ppg_adc_dc_recovery.v","76","input","true","[14:0]","i_programmable_15_code","C15","C:/Users/DAWN/.codex/visualizations/2026/10/02/01a0fd16-9489-7e50-a7b6-a1178fd92bf1/ppg_audit/snapshot/contracts/PPG_ADC_DC_RECOVERY_INTERFACE_CONTRACT.md","完成","formatter-AST结构+全文端口/打包/消费者语义人工核对；C002/C006及已接受豁免详见报告","固定合同域；默认IDAC8/epoch4，未泛化为任意参数数值签核"
"ppg_adc_dc_recovery","C:/Users/DAWN/.codex/visualizations/2026/10/02/01a0fd16-9489-7e50-a7b6-a1178fd92bf1/ppg_audit/snapshot/rtl/ppg_adc_dc_recovery/ppg_adc_dc_recovery.v","77","input","false","","i_programmable_15_valid","C15","C:/Users/DAWN/.codex/visualizations/2026/10/02/01a0fd16-9489-7e50-a7b6-a1178fd92bf1/ppg_audit/snapshot/contracts/PPG_ADC_DC_RECOVERY_INTERFACE_CONTRACT.md","完成","formatter-AST结构+全文端口/打包/消费者语义人工核对；C002/C006及已接受豁免详见报告","固定合同域；默认IDAC8/epoch4，未泛化为任意参数数值签核"
"ppg_adc_dc_recovery","C:/Users/DAWN/.codex/visualizations/2026/10/02/01a0fd16-9489-7e50-a7b6-a1178fd92bf1/ppg_audit/snapshot/rtl/ppg_adc_dc_recovery/ppg_adc_dc_recovery.v","78","input","false","","i_programmable_15_calibration_applied","C15","C:/Users/DAWN/.codex/visualizations/2026/10/02/01a0fd16-9489-7e50-a7b6-a1178fd92bf1/ppg_audit/snapshot/contracts/PPG_ADC_DC_RECOVERY_INTERFACE_CONTRACT.md","完成","formatter-AST结构+全文端口/打包/消费者语义人工核对；C002/C006及已接受豁免详见报告","固定合同域；默认IDAC8/epoch4，未泛化为任意参数数值签核"
"ppg_adc_dc_recovery","C:/Users/DAWN/.codex/visualizations/2026/10/02/01a0fd16-9489-7e50-a7b6-a1178fd92bf1/ppg_audit/snapshot/rtl/ppg_adc_dc_recovery/ppg_adc_dc_recovery.v","79","input","false","","i_programmable_saturation_low","C15","C:/Users/DAWN/.codex/visualizations/2026/10/02/01a0fd16-9489-7e50-a7b6-a1178fd92bf1/ppg_audit/snapshot/contracts/PPG_ADC_DC_RECOVERY_INTERFACE_CONTRACT.md","完成","formatter-AST结构+全文端口/打包/消费者语义人工核对；C002/C006及已接受豁免详见报告","固定合同域；默认IDAC8/epoch4，未泛化为任意参数数值签核"
"ppg_adc_dc_recovery","C:/Users/DAWN/.codex/visualizations/2026/10/02/01a0fd16-9489-7e50-a7b6-a1178fd92bf1/ppg_audit/snapshot/rtl/ppg_adc_dc_recovery/ppg_adc_dc_recovery.v","80","input","false","","i_programmable_saturation_high","C15","C:/Users/DAWN/.codex/visualizations/2026/10/02/01a0fd16-9489-7e50-a7b6-a1178fd92bf1/ppg_audit/snapshot/contracts/PPG_ADC_DC_RECOVERY_INTERFACE_CONTRACT.md","完成","formatter-AST结构+全文端口/打包/消费者语义人工核对；C002/C006及已接受豁免详见报告","固定合同域；默认IDAC8/epoch4，未泛化为任意参数数值签核"
"ppg_adc_dc_recovery","C:/Users/DAWN/.codex/visualizations/2026/10/02/01a0fd16-9489-7e50-a7b6-a1178fd92bf1/ppg_audit/snapshot/rtl/ppg_adc_dc_recovery/ppg_adc_dc_recovery.v","81","input","false","[C_CONFIG_EPOCH_WIDTH - 1:0]","i_config_epoch","C15","C:/Users/DAWN/.codex/visualizations/2026/10/02/01a0fd16-9489-7e50-a7b6-a1178fd92bf1/ppg_audit/snapshot/contracts/PPG_ADC_DC_RECOVERY_INTERFACE_CONTRACT.md","完成","formatter-AST结构+全文端口/打包/消费者语义人工核对；C002/C006及已接受豁免详见报告","固定合同域；默认IDAC8/epoch4，未泛化为任意参数数值签核"
"ppg_adc_dc_recovery","C:/Users/DAWN/.codex/visualizations/2026/10/02/01a0fd16-9489-7e50-a7b6-a1178fd92bf1/ppg_audit/snapshot/rtl/ppg_adc_dc_recovery/ppg_adc_dc_recovery.v","82","input","false","[C_COEF_EPOCH_WIDTH - 1:0]","i_coef_epoch","C15","C:/Users/DAWN/.codex/visualizations/2026/10/02/01a0fd16-9489-7e50-a7b6-a1178fd92bf1/ppg_audit/snapshot/contracts/PPG_ADC_DC_RECOVERY_INTERFACE_CONTRACT.md","完成","formatter-AST结构+全文端口/打包/消费者语义人工核对；C002/C006及已接受豁免详见报告","固定合同域；默认IDAC8/epoch4，未泛化为任意参数数值签核"
"ppg_adc_dc_recovery","C:/Users/DAWN/.codex/visualizations/2026/10/02/01a0fd16-9489-7e50-a7b6-a1178fd92bf1/ppg_audit/snapshot/rtl/ppg_adc_dc_recovery/ppg_adc_dc_recovery.v","83","input","false","[C_COEF_EPOCH_WIDTH - 1:0]","i_stage2_coef_epoch","C15","C:/Users/DAWN/.codex/visualizations/2026/10/02/01a0fd16-9489-7e50-a7b6-a1178fd92bf1/ppg_audit/snapshot/contracts/PPG_ADC_DC_RECOVERY_INTERFACE_CONTRACT.md","完成","formatter-AST结构+全文端口/打包/消费者语义人工核对；C002/C006及已接受豁免详见报告","固定合同域；默认IDAC8/epoch4，未泛化为任意参数数值签核"
"ppg_adc_dc_recovery","C:/Users/DAWN/.codex/visualizations/2026/10/02/01a0fd16-9489-7e50-a7b6-a1178fd92bf1/ppg_audit/snapshot/rtl/ppg_adc_dc_recovery/ppg_adc_dc_recovery.v","84","input","false","","i_precision_mode","C15","C:/Users/DAWN/.codex/visualizations/2026/10/02/01a0fd16-9489-7e50-a7b6-a1178fd92bf1/ppg_audit/snapshot/contracts/PPG_ADC_DC_RECOVERY_INTERFACE_CONTRACT.md","完成","formatter-AST结构+全文端口/打包/消费者语义人工核对；C002/C006及已接受豁免详见报告","固定合同域；默认IDAC8/epoch4，未泛化为任意参数数值签核"
"ppg_adc_dc_recovery","C:/Users/DAWN/.codex/visualizations/2026/10/02/01a0fd16-9489-7e50-a7b6-a1178fd92bf1/ppg_audit/snapshot/rtl/ppg_adc_dc_recovery/ppg_adc_dc_recovery.v","85","input","false","[C_FRAME_ID_WIDTH - 1:0]","i_frame_id","C15","C:/Users/DAWN/.codex/visualizations/2026/10/02/01a0fd16-9489-7e50-a7b6-a1178fd92bf1/ppg_audit/snapshot/contracts/PPG_ADC_DC_RECOVERY_INTERFACE_CONTRACT.md","完成","formatter-AST结构+全文端口/打包/消费者语义人工核对；C002/C006及已接受豁免详见报告","固定合同域；默认IDAC8/epoch4，未泛化为任意参数数值签核"
"ppg_adc_dc_recovery","C:/Users/DAWN/.codex/visualizations/2026/10/02/01a0fd16-9489-7e50-a7b6-a1178fd92bf1/ppg_audit/snapshot/rtl/ppg_adc_dc_recovery/ppg_adc_dc_recovery.v","86","input","false","[C_SAMPLE_INDEX_WIDTH - 1:0]","i_sample_index","C15","C:/Users/DAWN/.codex/visualizations/2026/10/02/01a0fd16-9489-7e50-a7b6-a1178fd92bf1/ppg_audit/snapshot/contracts/PPG_ADC_DC_RECOVERY_INTERFACE_CONTRACT.md","完成","formatter-AST结构+全文端口/打包/消费者语义人工核对；C002/C006及已接受豁免详见报告","固定合同域；默认IDAC8/epoch4，未泛化为任意参数数值签核"
"ppg_adc_dc_recovery","C:/Users/DAWN/.codex/visualizations/2026/10/02/01a0fd16-9489-7e50-a7b6-a1178fd92bf1/ppg_audit/snapshot/rtl/ppg_adc_dc_recovery/ppg_adc_dc_recovery.v","87","input","false","","i_color_ir","C15","C:/Users/DAWN/.codex/visualizations/2026/10/02/01a0fd16-9489-7e50-a7b6-a1178fd92bf1/ppg_audit/snapshot/contracts/PPG_ADC_DC_RECOVERY_INTERFACE_CONTRACT.md","完成","formatter-AST结构+全文端口/打包/消费者语义人工核对；C002/C006及已接受豁免详见报告","固定合同域；默认IDAC8/epoch4，未泛化为任意参数数值签核"
"ppg_adc_dc_recovery","C:/Users/DAWN/.codex/visualizations/2026/10/02/01a0fd16-9489-7e50-a7b6-a1178fd92bf1/ppg_audit/snapshot/rtl/ppg_adc_dc_recovery/ppg_adc_dc_recovery.v","88","input","false","[1:0]","i_frame_type","C15","C:/Users/DAWN/.codex/visualizations/2026/10/02/01a0fd16-9489-7e50-a7b6-a1178fd92bf1/ppg_audit/snapshot/contracts/PPG_ADC_DC_RECOVERY_INTERFACE_CONTRACT.md","完成","formatter-AST结构+全文端口/打包/消费者语义人工核对；C002/C006及已接受豁免详见报告","固定合同域；默认IDAC8/epoch4，未泛化为任意参数数值签核"
"ppg_adc_dc_recovery","C:/Users/DAWN/.codex/visualizations/2026/10/02/01a0fd16-9489-7e50-a7b6-a1178fd92bf1/ppg_audit/snapshot/rtl/ppg_adc_dc_recovery/ppg_adc_dc_recovery.v","89","input","false","[C_IDAC_CODE_WIDTH - 1:0]","i_amb_code_snapshot","C15","C:/Users/DAWN/.codex/visualizations/2026/10/02/01a0fd16-9489-7e50-a7b6-a1178fd92bf1/ppg_audit/snapshot/contracts/PPG_ADC_DC_RECOVERY_INTERFACE_CONTRACT.md","完成","formatter-AST结构+全文端口/打包/消费者语义人工核对；C002/C006及已接受豁免详见报告","固定合同域；默认IDAC8/epoch4，未泛化为任意参数数值签核"
"ppg_adc_dc_recovery","C:/Users/DAWN/.codex/visualizations/2026/10/02/01a0fd16-9489-7e50-a7b6-a1178fd92bf1/ppg_audit/snapshot/rtl/ppg_adc_dc_recovery/ppg_adc_dc_recovery.v","90","input","false","[C_IDAC_CODE_WIDTH - 1:0]","i_dc_code_snapshot","C15","C:/Users/DAWN/.codex/visualizations/2026/10/02/01a0fd16-9489-7e50-a7b6-a1178fd92bf1/ppg_audit/snapshot/contracts/PPG_ADC_DC_RECOVERY_INTERFACE_CONTRACT.md","完成","formatter-AST结构+全文端口/打包/消费者语义人工核对；C002/C006及已接受豁免详见报告","固定合同域；默认IDAC8/epoch4，未泛化为任意参数数值签核"
"ppg_adc_dc_recovery","C:/Users/DAWN/.codex/visualizations/2026/10/02/01a0fd16-9489-7e50-a7b6-a1178fd92bf1/ppg_audit/snapshot/rtl/ppg_adc_dc_recovery/ppg_adc_dc_recovery.v","91","input","false","[C_CODE_EPOCH_WIDTH - 1:0]","i_amb_code_epoch","C15","C:/Users/DAWN/.codex/visualizations/2026/10/02/01a0fd16-9489-7e50-a7b6-a1178fd92bf1/ppg_audit/snapshot/contracts/PPG_ADC_DC_RECOVERY_INTERFACE_CONTRACT.md","完成","formatter-AST结构+全文端口/打包/消费者语义人工核对；C002/C006及已接受豁免详见报告","固定合同域；默认IDAC8/epoch4，未泛化为任意参数数值签核"
"ppg_adc_dc_recovery","C:/Users/DAWN/.codex/visualizations/2026/10/02/01a0fd16-9489-7e50-a7b6-a1178fd92bf1/ppg_audit/snapshot/rtl/ppg_adc_dc_recovery/ppg_adc_dc_recovery.v","92","input","false","[C_CODE_EPOCH_WIDTH - 1:0]","i_dc_code_epoch","C15","C:/Users/DAWN/.codex/visualizations/2026/10/02/01a0fd16-9489-7e50-a7b6-a1178fd92bf1/ppg_audit/snapshot/contracts/PPG_ADC_DC_RECOVERY_INTERFACE_CONTRACT.md","完成","formatter-AST结构+全文端口/打包/消费者语义人工核对；C002/C006及已接受豁免详见报告","固定合同域；默认IDAC8/epoch4，未泛化为任意参数数值签核"
"ppg_adc_dc_recovery","C:/Users/DAWN/.codex/visualizations/2026/10/02/01a0fd16-9489-7e50-a7b6-a1178fd92bf1/ppg_audit/snapshot/rtl/ppg_adc_dc_recovery/ppg_adc_dc_recovery.v","93","input","false","[8:0]","i_detect_code","C15","C:/Users/DAWN/.codex/visualizations/2026/10/02/01a0fd16-9489-7e50-a7b6-a1178fd92bf1/ppg_audit/snapshot/contracts/PPG_ADC_DC_RECOVERY_INTERFACE_CONTRACT.md","完成","formatter-AST结构+全文端口/打包/消费者语义人工核对；C002/C006及已接受豁免详见报告","固定合同域；默认IDAC8/epoch4，未泛化为任意参数数值签核"
"ppg_adc_dc_recovery","C:/Users/DAWN/.codex/visualizations/2026/10/02/01a0fd16-9489-7e50-a7b6-a1178fd92bf1/ppg_audit/snapshot/rtl/ppg_adc_dc_recovery/ppg_adc_dc_recovery.v","94","input","false","[9:0]","i_stage1_raw","C15","C:/Users/DAWN/.codex/visualizations/2026/10/02/01a0fd16-9489-7e50-a7b6-a1178fd92bf1/ppg_audit/snapshot/contracts/PPG_ADC_DC_RECOVERY_INTERFACE_CONTRACT.md","完成","formatter-AST结构+全文端口/打包/消费者语义人工核对；C002/C006及已接受豁免详见报告","固定合同域；默认IDAC8/epoch4，未泛化为任意参数数值签核"
"ppg_adc_dc_recovery","C:/Users/DAWN/.codex/visualizations/2026/10/02/01a0fd16-9489-7e50-a7b6-a1178fd92bf1/ppg_audit/snapshot/rtl/ppg_adc_dc_recovery/ppg_adc_dc_recovery.v","95","input","true","[10:0]","i_stage1_code_ext","C15","C:/Users/DAWN/.codex/visualizations/2026/10/02/01a0fd16-9489-7e50-a7b6-a1178fd92bf1/ppg_audit/snapshot/contracts/PPG_ADC_DC_RECOVERY_INTERFACE_CONTRACT.md","完成","formatter-AST结构+全文端口/打包/消费者语义人工核对；C002/C006及已接受豁免详见报告","固定合同域；默认IDAC8/epoch4，未泛化为任意参数数值签核"
"ppg_adc_dc_recovery","C:/Users/DAWN/.codex/visualizations/2026/10/02/01a0fd16-9489-7e50-a7b6-a1178fd92bf1/ppg_audit/snapshot/rtl/ppg_adc_dc_recovery/ppg_adc_dc_recovery.v","96","input","false","[9:0]","i_stage2_raw","C15","C:/Users/DAWN/.codex/visualizations/2026/10/02/01a0fd16-9489-7e50-a7b6-a1178fd92bf1/ppg_audit/snapshot/contracts/PPG_ADC_DC_RECOVERY_INTERFACE_CONTRACT.md","完成","formatter-AST结构+全文端口/打包/消费者语义人工核对；C002/C006及已接受豁免详见报告","固定合同域；默认IDAC8/epoch4，未泛化为任意参数数值签核"
"ppg_adc_dc_recovery","C:/Users/DAWN/.codex/visualizations/2026/10/02/01a0fd16-9489-7e50-a7b6-a1178fd92bf1/ppg_audit/snapshot/rtl/ppg_adc_dc_recovery/ppg_adc_dc_recovery.v","97","input","true","[10:0]","i_stage2_code_ext","C15","C:/Users/DAWN/.codex/visualizations/2026/10/02/01a0fd16-9489-7e50-a7b6-a1178fd92bf1/ppg_audit/snapshot/contracts/PPG_ADC_DC_RECOVERY_INTERFACE_CONTRACT.md","完成","formatter-AST结构+全文端口/打包/消费者语义人工核对；C002/C006及已接受豁免详见报告","固定合同域；默认IDAC8/epoch4，未泛化为任意参数数值签核"
"ppg_adc_dc_recovery","C:/Users/DAWN/.codex/visualizations/2026/10/02/01a0fd16-9489-7e50-a7b6-a1178fd92bf1/ppg_audit/snapshot/rtl/ppg_adc_dc_recovery/ppg_adc_dc_recovery.v","98","input","true","[14:0]","i_nominal_15_code","C15","C:/Users/DAWN/.codex/visualizations/2026/10/02/01a0fd16-9489-7e50-a7b6-a1178fd92bf1/ppg_audit/snapshot/contracts/PPG_ADC_DC_RECOVERY_INTERFACE_CONTRACT.md","完成","formatter-AST结构+全文端口/打包/消费者语义人工核对；C002/C006及已接受豁免详见报告","固定合同域；默认IDAC8/epoch4，未泛化为任意参数数值签核"
"ppg_adc_dc_recovery","C:/Users/DAWN/.codex/visualizations/2026/10/02/01a0fd16-9489-7e50-a7b6-a1178fd92bf1/ppg_audit/snapshot/rtl/ppg_adc_dc_recovery/ppg_adc_dc_recovery.v","99","input","false","","i_nominal_15_valid","C15","C:/Users/DAWN/.codex/visualizations/2026/10/02/01a0fd16-9489-7e50-a7b6-a1178fd92bf1/ppg_audit/snapshot/contracts/PPG_ADC_DC_RECOVERY_INTERFACE_CONTRACT.md","完成","formatter-AST结构+全文端口/打包/消费者语义人工核对；C002/C006及已接受豁免详见报告","固定合同域；默认IDAC8/epoch4，未泛化为任意参数数值签核"
"ppg_adc_dc_recovery","C:/Users/DAWN/.codex/visualizations/2026/10/02/01a0fd16-9489-7e50-a7b6-a1178fd92bf1/ppg_audit/snapshot/rtl/ppg_adc_dc_recovery/ppg_adc_dc_recovery.v","100","input","false","","i_nominal_saturated","C15","C:/Users/DAWN/.codex/visualizations/2026/10/02/01a0fd16-9489-7e50-a7b6-a1178fd92bf1/ppg_audit/snapshot/contracts/PPG_ADC_DC_RECOVERY_INTERFACE_CONTRACT.md","完成","formatter-AST结构+全文端口/打包/消费者语义人工核对；C002/C006及已接受豁免详见报告","固定合同域；默认IDAC8/epoch4，未泛化为任意参数数值签核"
"ppg_adc_dc_recovery","C:/Users/DAWN/.codex/visualizations/2026/10/02/01a0fd16-9489-7e50-a7b6-a1178fd92bf1/ppg_audit/snapshot/rtl/ppg_adc_dc_recovery/ppg_adc_dc_recovery.v","103","output","false","","o_result_valid","C15","C:/Users/DAWN/.codex/visualizations/2026/10/02/01a0fd16-9489-7e50-a7b6-a1178fd92bf1/ppg_audit/snapshot/contracts/PPG_ADC_DC_RECOVERY_INTERFACE_CONTRACT.md","完成","formatter-AST结构+全文端口/打包/消费者语义人工核对；C002/C006及已接受豁免详见报告","固定合同域；默认IDAC8/epoch4，未泛化为任意参数数值签核"
"ppg_adc_dc_recovery","C:/Users/DAWN/.codex/visualizations/2026/10/02/01a0fd16-9489-7e50-a7b6-a1178fd92bf1/ppg_audit/snapshot/rtl/ppg_adc_dc_recovery/ppg_adc_dc_recovery.v","104","output","true","[23:0]","o_coarse_ppg_value","C15","C:/Users/DAWN/.codex/visualizations/2026/10/02/01a0fd16-9489-7e50-a7b6-a1178fd92bf1/ppg_audit/snapshot/contracts/PPG_ADC_DC_RECOVERY_INTERFACE_CONTRACT.md","完成","formatter-AST结构+全文端口/打包/消费者语义人工核对；C002/C006及已接受豁免详见报告","固定合同域；默认IDAC8/epoch4，未泛化为任意参数数值签核"
"ppg_adc_dc_recovery","C:/Users/DAWN/.codex/visualizations/2026/10/02/01a0fd16-9489-7e50-a7b6-a1178fd92bf1/ppg_audit/snapshot/rtl/ppg_adc_dc_recovery/ppg_adc_dc_recovery.v","105","output","false","","o_coarse_valid","C15","C:/Users/DAWN/.codex/visualizations/2026/10/02/01a0fd16-9489-7e50-a7b6-a1178fd92bf1/ppg_audit/snapshot/contracts/PPG_ADC_DC_RECOVERY_INTERFACE_CONTRACT.md","完成","formatter-AST结构+全文端口/打包/消费者语义人工核对；C002/C006及已接受豁免详见报告","固定合同域；默认IDAC8/epoch4，未泛化为任意参数数值签核"
"ppg_adc_dc_recovery","C:/Users/DAWN/.codex/visualizations/2026/10/02/01a0fd16-9489-7e50-a7b6-a1178fd92bf1/ppg_audit/snapshot/rtl/ppg_adc_dc_recovery/ppg_adc_dc_recovery.v","106","output","false","","o_coarse_recovery_calibrated","C15","C:/Users/DAWN/.codex/visualizations/2026/10/02/01a0fd16-9489-7e50-a7b6-a1178fd92bf1/ppg_audit/snapshot/contracts/PPG_ADC_DC_RECOVERY_INTERFACE_CONTRACT.md","完成","formatter-AST结构+全文端口/打包/消费者语义人工核对；C002/C006及已接受豁免详见报告","固定合同域；默认IDAC8/epoch4，未泛化为任意参数数值签核"
"ppg_adc_dc_recovery","C:/Users/DAWN/.codex/visualizations/2026/10/02/01a0fd16-9489-7e50-a7b6-a1178fd92bf1/ppg_audit/snapshot/rtl/ppg_adc_dc_recovery/ppg_adc_dc_recovery.v","107","output","false","","o_coarse_saturation_low","C15","C:/Users/DAWN/.codex/visualizations/2026/10/02/01a0fd16-9489-7e50-a7b6-a1178fd92bf1/ppg_audit/snapshot/contracts/PPG_ADC_DC_RECOVERY_INTERFACE_CONTRACT.md","完成","formatter-AST结构+全文端口/打包/消费者语义人工核对；C002/C006及已接受豁免详见报告","固定合同域；默认IDAC8/epoch4，未泛化为任意参数数值签核"
"ppg_adc_dc_recovery","C:/Users/DAWN/.codex/visualizations/2026/10/02/01a0fd16-9489-7e50-a7b6-a1178fd92bf1/ppg_audit/snapshot/rtl/ppg_adc_dc_recovery/ppg_adc_dc_recovery.v","108","output","false","","o_coarse_saturation_high","C15","C:/Users/DAWN/.codex/visualizations/2026/10/02/01a0fd16-9489-7e50-a7b6-a1178fd92bf1/ppg_audit/snapshot/contracts/PPG_ADC_DC_RECOVERY_INTERFACE_CONTRACT.md","完成","formatter-AST结构+全文端口/打包/消费者语义人工核对；C002/C006及已接受豁免详见报告","固定合同域；默认IDAC8/epoch4，未泛化为任意参数数值签核"
"ppg_adc_dc_recovery","C:/Users/DAWN/.codex/visualizations/2026/10/02/01a0fd16-9489-7e50-a7b6-a1178fd92bf1/ppg_audit/snapshot/rtl/ppg_adc_dc_recovery/ppg_adc_dc_recovery.v","109","output","true","[23:0]","o_fine_ppg_value","C15","C:/Users/DAWN/.codex/visualizations/2026/10/02/01a0fd16-9489-7e50-a7b6-a1178fd92bf1/ppg_audit/snapshot/contracts/PPG_ADC_DC_RECOVERY_INTERFACE_CONTRACT.md","完成","formatter-AST结构+全文端口/打包/消费者语义人工核对；C002/C006及已接受豁免详见报告","固定合同域；默认IDAC8/epoch4，未泛化为任意参数数值签核"
"ppg_adc_dc_recovery","C:/Users/DAWN/.codex/visualizations/2026/10/02/01a0fd16-9489-7e50-a7b6-a1178fd92bf1/ppg_audit/snapshot/rtl/ppg_adc_dc_recovery/ppg_adc_dc_recovery.v","110","output","false","","o_fine_valid","C15","C:/Users/DAWN/.codex/visualizations/2026/10/02/01a0fd16-9489-7e50-a7b6-a1178fd92bf1/ppg_audit/snapshot/contracts/PPG_ADC_DC_RECOVERY_INTERFACE_CONTRACT.md","完成","formatter-AST结构+全文端口/打包/消费者语义人工核对；C002/C006及已接受豁免详见报告","固定合同域；默认IDAC8/epoch4，未泛化为任意参数数值签核"
"ppg_adc_dc_recovery","C:/Users/DAWN/.codex/visualizations/2026/10/02/01a0fd16-9489-7e50-a7b6-a1178fd92bf1/ppg_audit/snapshot/rtl/ppg_adc_dc_recovery/ppg_adc_dc_recovery.v","111","output","false","","o_fine_recovery_calibrated","C15","C:/Users/DAWN/.codex/visualizations/2026/10/02/01a0fd16-9489-7e50-a7b6-a1178fd92bf1/ppg_audit/snapshot/contracts/PPG_ADC_DC_RECOVERY_INTERFACE_CONTRACT.md","完成","formatter-AST结构+全文端口/打包/消费者语义人工核对；C002/C006及已接受豁免详见报告","固定合同域；默认IDAC8/epoch4，未泛化为任意参数数值签核"
"ppg_adc_dc_recovery","C:/Users/DAWN/.codex/visualizations/2026/10/02/01a0fd16-9489-7e50-a7b6-a1178fd92bf1/ppg_audit/snapshot/rtl/ppg_adc_dc_recovery/ppg_adc_dc_recovery.v","112","output","false","","o_fine_saturation_low","C15","C:/Users/DAWN/.codex/visualizations/2026/10/02/01a0fd16-9489-7e50-a7b6-a1178fd92bf1/ppg_audit/snapshot/contracts/PPG_ADC_DC_RECOVERY_INTERFACE_CONTRACT.md","完成","formatter-AST结构+全文端口/打包/消费者语义人工核对；C002/C006及已接受豁免详见报告","固定合同域；默认IDAC8/epoch4，未泛化为任意参数数值签核"
"ppg_adc_dc_recovery","C:/Users/DAWN/.codex/visualizations/2026/10/02/01a0fd16-9489-7e50-a7b6-a1178fd92bf1/ppg_audit/snapshot/rtl/ppg_adc_dc_recovery/ppg_adc_dc_recovery.v","113","output","false","","o_fine_saturation_high","C15","C:/Users/DAWN/.codex/visualizations/2026/10/02/01a0fd16-9489-7e50-a7b6-a1178fd92bf1/ppg_audit/snapshot/contracts/PPG_ADC_DC_RECOVERY_INTERFACE_CONTRACT.md","完成","formatter-AST结构+全文端口/打包/消费者语义人工核对；C002/C006及已接受豁免详见报告","固定合同域；默认IDAC8/epoch4，未泛化为任意参数数值签核"
"ppg_adc_dc_recovery","C:/Users/DAWN/.codex/visualizations/2026/10/02/01a0fd16-9489-7e50-a7b6-a1178fd92bf1/ppg_audit/snapshot/rtl/ppg_adc_dc_recovery/ppg_adc_dc_recovery.v","114","output","false","[C_DC_RECOVERY_EPOCH_WIDTH - 1:0]","o_dc_recovery_coef_epoch","C15","C:/Users/DAWN/.codex/visualizations/2026/10/02/01a0fd16-9489-7e50-a7b6-a1178fd92bf1/ppg_audit/snapshot/contracts/PPG_ADC_DC_RECOVERY_INTERFACE_CONTRACT.md","完成","formatter-AST结构+全文端口/打包/消费者语义人工核对；C002/C006及已接受豁免详见报告","固定合同域；默认IDAC8/epoch4，未泛化为任意参数数值签核"
"ppg_adc_dc_recovery","C:/Users/DAWN/.codex/visualizations/2026/10/02/01a0fd16-9489-7e50-a7b6-a1178fd92bf1/ppg_audit/snapshot/rtl/ppg_adc_dc_recovery/ppg_adc_dc_recovery.v","117","output","true","[11:0]","o_calibrated_s1_value","C15","C:/Users/DAWN/.codex/visualizations/2026/10/02/01a0fd16-9489-7e50-a7b6-a1178fd92bf1/ppg_audit/snapshot/contracts/PPG_ADC_DC_RECOVERY_INTERFACE_CONTRACT.md","完成","formatter-AST结构+全文端口/打包/消费者语义人工核对；C002/C006及已接受豁免详见报告","固定合同域；默认IDAC8/epoch4，未泛化为任意参数数值签核"
"ppg_adc_dc_recovery","C:/Users/DAWN/.codex/visualizations/2026/10/02/01a0fd16-9489-7e50-a7b6-a1178fd92bf1/ppg_audit/snapshot/rtl/ppg_adc_dc_recovery/ppg_adc_dc_recovery.v","118","output","false","","o_calibration_applied","C15","C:/Users/DAWN/.codex/visualizations/2026/10/02/01a0fd16-9489-7e50-a7b6-a1178fd92bf1/ppg_audit/snapshot/contracts/PPG_ADC_DC_RECOVERY_INTERFACE_CONTRACT.md","完成","formatter-AST结构+全文端口/打包/消费者语义人工核对；C002/C006及已接受豁免详见报告","固定合同域；默认IDAC8/epoch4，未泛化为任意参数数值签核"
"ppg_adc_dc_recovery","C:/Users/DAWN/.codex/visualizations/2026/10/02/01a0fd16-9489-7e50-a7b6-a1178fd92bf1/ppg_audit/snapshot/rtl/ppg_adc_dc_recovery/ppg_adc_dc_recovery.v","119","output","false","","o_stage1_saturation_low","C15","C:/Users/DAWN/.codex/visualizations/2026/10/02/01a0fd16-9489-7e50-a7b6-a1178fd92bf1/ppg_audit/snapshot/contracts/PPG_ADC_DC_RECOVERY_INTERFACE_CONTRACT.md","完成","formatter-AST结构+全文端口/打包/消费者语义人工核对；C002/C006及已接受豁免详见报告","固定合同域；默认IDAC8/epoch4，未泛化为任意参数数值签核"
"ppg_adc_dc_recovery","C:/Users/DAWN/.codex/visualizations/2026/10/02/01a0fd16-9489-7e50-a7b6-a1178fd92bf1/ppg_audit/snapshot/rtl/ppg_adc_dc_recovery/ppg_adc_dc_recovery.v","120","output","false","","o_stage1_saturation_high","C15","C:/Users/DAWN/.codex/visualizations/2026/10/02/01a0fd16-9489-7e50-a7b6-a1178fd92bf1/ppg_audit/snapshot/contracts/PPG_ADC_DC_RECOVERY_INTERFACE_CONTRACT.md","完成","formatter-AST结构+全文端口/打包/消费者语义人工核对；C002/C006及已接受豁免详见报告","固定合同域；默认IDAC8/epoch4，未泛化为任意参数数值签核"
"ppg_adc_dc_recovery","C:/Users/DAWN/.codex/visualizations/2026/10/02/01a0fd16-9489-7e50-a7b6-a1178fd92bf1/ppg_audit/snapshot/rtl/ppg_adc_dc_recovery/ppg_adc_dc_recovery.v","121","output","true","[14:0]","o_programmable_15_code","C15","C:/Users/DAWN/.codex/visualizations/2026/10/02/01a0fd16-9489-7e50-a7b6-a1178fd92bf1/ppg_audit/snapshot/contracts/PPG_ADC_DC_RECOVERY_INTERFACE_CONTRACT.md","完成","formatter-AST结构+全文端口/打包/消费者语义人工核对；C002/C006及已接受豁免详见报告","固定合同域；默认IDAC8/epoch4，未泛化为任意参数数值签核"
"ppg_adc_dc_recovery","C:/Users/DAWN/.codex/visualizations/2026/10/02/01a0fd16-9489-7e50-a7b6-a1178fd92bf1/ppg_audit/snapshot/rtl/ppg_adc_dc_recovery/ppg_adc_dc_recovery.v","122","output","false","","o_programmable_15_valid","C15","C:/Users/DAWN/.codex/visualizations/2026/10/02/01a0fd16-9489-7e50-a7b6-a1178fd92bf1/ppg_audit/snapshot/contracts/PPG_ADC_DC_RECOVERY_INTERFACE_CONTRACT.md","完成","formatter-AST结构+全文端口/打包/消费者语义人工核对；C002/C006及已接受豁免详见报告","固定合同域；默认IDAC8/epoch4，未泛化为任意参数数值签核"
"ppg_adc_dc_recovery","C:/Users/DAWN/.codex/visualizations/2026/10/02/01a0fd16-9489-7e50-a7b6-a1178fd92bf1/ppg_audit/snapshot/rtl/ppg_adc_dc_recovery/ppg_adc_dc_recovery.v","123","output","false","","o_programmable_15_calibration_applied","C15","C:/Users/DAWN/.codex/visualizations/2026/10/02/01a0fd16-9489-7e50-a7b6-a1178fd92bf1/ppg_audit/snapshot/contracts/PPG_ADC_DC_RECOVERY_INTERFACE_CONTRACT.md","完成","formatter-AST结构+全文端口/打包/消费者语义人工核对；C002/C006及已接受豁免详见报告","固定合同域；默认IDAC8/epoch4，未泛化为任意参数数值签核"
"ppg_adc_dc_recovery","C:/Users/DAWN/.codex/visualizations/2026/10/02/01a0fd16-9489-7e50-a7b6-a1178fd92bf1/ppg_audit/snapshot/rtl/ppg_adc_dc_recovery/ppg_adc_dc_recovery.v","124","output","false","","o_programmable_saturation_low","C15","C:/Users/DAWN/.codex/visualizations/2026/10/02/01a0fd16-9489-7e50-a7b6-a1178fd92bf1/ppg_audit/snapshot/contracts/PPG_ADC_DC_RECOVERY_INTERFACE_CONTRACT.md","完成","formatter-AST结构+全文端口/打包/消费者语义人工核对；C002/C006及已接受豁免详见报告","固定合同域；默认IDAC8/epoch4，未泛化为任意参数数值签核"
"ppg_adc_dc_recovery","C:/Users/DAWN/.codex/visualizations/2026/10/02/01a0fd16-9489-7e50-a7b6-a1178fd92bf1/ppg_audit/snapshot/rtl/ppg_adc_dc_recovery/ppg_adc_dc_recovery.v","125","output","false","","o_programmable_saturation_high","C15","C:/Users/DAWN/.codex/visualizations/2026/10/02/01a0fd16-9489-7e50-a7b6-a1178fd92bf1/ppg_audit/snapshot/contracts/PPG_ADC_DC_RECOVERY_INTERFACE_CONTRACT.md","完成","formatter-AST结构+全文端口/打包/消费者语义人工核对；C002/C006及已接受豁免详见报告","固定合同域；默认IDAC8/epoch4，未泛化为任意参数数值签核"
"ppg_adc_dc_recovery","C:/Users/DAWN/.codex/visualizations/2026/10/02/01a0fd16-9489-7e50-a7b6-a1178fd92bf1/ppg_audit/snapshot/rtl/ppg_adc_dc_recovery/ppg_adc_dc_recovery.v","126","output","false","[C_CONFIG_EPOCH_WIDTH - 1:0]","o_config_epoch","C15","C:/Users/DAWN/.codex/visualizations/2026/10/02/01a0fd16-9489-7e50-a7b6-a1178fd92bf1/ppg_audit/snapshot/contracts/PPG_ADC_DC_RECOVERY_INTERFACE_CONTRACT.md","完成","formatter-AST结构+全文端口/打包/消费者语义人工核对；C002/C006及已接受豁免详见报告","固定合同域；默认IDAC8/epoch4，未泛化为任意参数数值签核"
"ppg_adc_dc_recovery","C:/Users/DAWN/.codex/visualizations/2026/10/02/01a0fd16-9489-7e50-a7b6-a1178fd92bf1/ppg_audit/snapshot/rtl/ppg_adc_dc_recovery/ppg_adc_dc_recovery.v","127","output","false","[C_COEF_EPOCH_WIDTH - 1:0]","o_coef_epoch","C15","C:/Users/DAWN/.codex/visualizations/2026/10/02/01a0fd16-9489-7e50-a7b6-a1178fd92bf1/ppg_audit/snapshot/contracts/PPG_ADC_DC_RECOVERY_INTERFACE_CONTRACT.md","完成","formatter-AST结构+全文端口/打包/消费者语义人工核对；C002/C006及已接受豁免详见报告","固定合同域；默认IDAC8/epoch4，未泛化为任意参数数值签核"
"ppg_adc_dc_recovery","C:/Users/DAWN/.codex/visualizations/2026/10/02/01a0fd16-9489-7e50-a7b6-a1178fd92bf1/ppg_audit/snapshot/rtl/ppg_adc_dc_recovery/ppg_adc_dc_recovery.v","128","output","false","[C_COEF_EPOCH_WIDTH - 1:0]","o_stage2_coef_epoch","C15","C:/Users/DAWN/.codex/visualizations/2026/10/02/01a0fd16-9489-7e50-a7b6-a1178fd92bf1/ppg_audit/snapshot/contracts/PPG_ADC_DC_RECOVERY_INTERFACE_CONTRACT.md","完成","formatter-AST结构+全文端口/打包/消费者语义人工核对；C002/C006及已接受豁免详见报告","固定合同域；默认IDAC8/epoch4，未泛化为任意参数数值签核"
"ppg_adc_dc_recovery","C:/Users/DAWN/.codex/visualizations/2026/10/02/01a0fd16-9489-7e50-a7b6-a1178fd92bf1/ppg_audit/snapshot/rtl/ppg_adc_dc_recovery/ppg_adc_dc_recovery.v","129","output","false","","o_precision_mode","C15","C:/Users/DAWN/.codex/visualizations/2026/10/02/01a0fd16-9489-7e50-a7b6-a1178fd92bf1/ppg_audit/snapshot/contracts/PPG_ADC_DC_RECOVERY_INTERFACE_CONTRACT.md","完成","formatter-AST结构+全文端口/打包/消费者语义人工核对；C002/C006及已接受豁免详见报告","固定合同域；默认IDAC8/epoch4，未泛化为任意参数数值签核"
"ppg_adc_dc_recovery","C:/Users/DAWN/.codex/visualizations/2026/10/02/01a0fd16-9489-7e50-a7b6-a1178fd92bf1/ppg_audit/snapshot/rtl/ppg_adc_dc_recovery/ppg_adc_dc_recovery.v","130","output","false","[C_FRAME_ID_WIDTH - 1:0]","o_frame_id","C15","C:/Users/DAWN/.codex/visualizations/2026/10/02/01a0fd16-9489-7e50-a7b6-a1178fd92bf1/ppg_audit/snapshot/contracts/PPG_ADC_DC_RECOVERY_INTERFACE_CONTRACT.md","完成","formatter-AST结构+全文端口/打包/消费者语义人工核对；C002/C006及已接受豁免详见报告","固定合同域；默认IDAC8/epoch4，未泛化为任意参数数值签核"
"ppg_adc_dc_recovery","C:/Users/DAWN/.codex/visualizations/2026/10/02/01a0fd16-9489-7e50-a7b6-a1178fd92bf1/ppg_audit/snapshot/rtl/ppg_adc_dc_recovery/ppg_adc_dc_recovery.v","131","output","false","[C_SAMPLE_INDEX_WIDTH - 1:0]","o_sample_index","C15","C:/Users/DAWN/.codex/visualizations/2026/10/02/01a0fd16-9489-7e50-a7b6-a1178fd92bf1/ppg_audit/snapshot/contracts/PPG_ADC_DC_RECOVERY_INTERFACE_CONTRACT.md","完成","formatter-AST结构+全文端口/打包/消费者语义人工核对；C002/C006及已接受豁免详见报告","固定合同域；默认IDAC8/epoch4，未泛化为任意参数数值签核"
"ppg_adc_dc_recovery","C:/Users/DAWN/.codex/visualizations/2026/10/02/01a0fd16-9489-7e50-a7b6-a1178fd92bf1/ppg_audit/snapshot/rtl/ppg_adc_dc_recovery/ppg_adc_dc_recovery.v","132","output","false","","o_color_ir","C15","C:/Users/DAWN/.codex/visualizations/2026/10/02/01a0fd16-9489-7e50-a7b6-a1178fd92bf1/ppg_audit/snapshot/contracts/PPG_ADC_DC_RECOVERY_INTERFACE_CONTRACT.md","完成","formatter-AST结构+全文端口/打包/消费者语义人工核对；C002/C006及已接受豁免详见报告","固定合同域；默认IDAC8/epoch4，未泛化为任意参数数值签核"
"ppg_adc_dc_recovery","C:/Users/DAWN/.codex/visualizations/2026/10/02/01a0fd16-9489-7e50-a7b6-a1178fd92bf1/ppg_audit/snapshot/rtl/ppg_adc_dc_recovery/ppg_adc_dc_recovery.v","133","output","false","[1:0]","o_frame_type","C15","C:/Users/DAWN/.codex/visualizations/2026/10/02/01a0fd16-9489-7e50-a7b6-a1178fd92bf1/ppg_audit/snapshot/contracts/PPG_ADC_DC_RECOVERY_INTERFACE_CONTRACT.md","完成","formatter-AST结构+全文端口/打包/消费者语义人工核对；C002/C006及已接受豁免详见报告","固定合同域；默认IDAC8/epoch4，未泛化为任意参数数值签核"
"ppg_adc_dc_recovery","C:/Users/DAWN/.codex/visualizations/2026/10/02/01a0fd16-9489-7e50-a7b6-a1178fd92bf1/ppg_audit/snapshot/rtl/ppg_adc_dc_recovery/ppg_adc_dc_recovery.v","134","output","false","[C_IDAC_CODE_WIDTH - 1:0]","o_amb_code_snapshot","C15","C:/Users/DAWN/.codex/visualizations/2026/10/02/01a0fd16-9489-7e50-a7b6-a1178fd92bf1/ppg_audit/snapshot/contracts/PPG_ADC_DC_RECOVERY_INTERFACE_CONTRACT.md","完成","formatter-AST结构+全文端口/打包/消费者语义人工核对；C002/C006及已接受豁免详见报告","固定合同域；默认IDAC8/epoch4，未泛化为任意参数数值签核"
"ppg_adc_dc_recovery","C:/Users/DAWN/.codex/visualizations/2026/10/02/01a0fd16-9489-7e50-a7b6-a1178fd92bf1/ppg_audit/snapshot/rtl/ppg_adc_dc_recovery/ppg_adc_dc_recovery.v","135","output","false","[C_IDAC_CODE_WIDTH - 1:0]","o_dc_code_snapshot","C15","C:/Users/DAWN/.codex/visualizations/2026/10/02/01a0fd16-9489-7e50-a7b6-a1178fd92bf1/ppg_audit/snapshot/contracts/PPG_ADC_DC_RECOVERY_INTERFACE_CONTRACT.md","完成","formatter-AST结构+全文端口/打包/消费者语义人工核对；C002/C006及已接受豁免详见报告","固定合同域；默认IDAC8/epoch4，未泛化为任意参数数值签核"
"ppg_adc_dc_recovery","C:/Users/DAWN/.codex/visualizations/2026/10/02/01a0fd16-9489-7e50-a7b6-a1178fd92bf1/ppg_audit/snapshot/rtl/ppg_adc_dc_recovery/ppg_adc_dc_recovery.v","136","output","false","[C_CODE_EPOCH_WIDTH - 1:0]","o_amb_code_epoch","C15","C:/Users/DAWN/.codex/visualizations/2026/10/02/01a0fd16-9489-7e50-a7b6-a1178fd92bf1/ppg_audit/snapshot/contracts/PPG_ADC_DC_RECOVERY_INTERFACE_CONTRACT.md","完成","formatter-AST结构+全文端口/打包/消费者语义人工核对；C002/C006及已接受豁免详见报告","固定合同域；默认IDAC8/epoch4，未泛化为任意参数数值签核"
"ppg_adc_dc_recovery","C:/Users/DAWN/.codex/visualizations/2026/10/02/01a0fd16-9489-7e50-a7b6-a1178fd92bf1/ppg_audit/snapshot/rtl/ppg_adc_dc_recovery/ppg_adc_dc_recovery.v","137","output","false","[C_CODE_EPOCH_WIDTH - 1:0]","o_dc_code_epoch","C15","C:/Users/DAWN/.codex/visualizations/2026/10/02/01a0fd16-9489-7e50-a7b6-a1178fd92bf1/ppg_audit/snapshot/contracts/PPG_ADC_DC_RECOVERY_INTERFACE_CONTRACT.md","完成","formatter-AST结构+全文端口/打包/消费者语义人工核对；C002/C006及已接受豁免详见报告","固定合同域；默认IDAC8/epoch4，未泛化为任意参数数值签核"
"ppg_adc_dc_recovery","C:/Users/DAWN/.codex/visualizations/2026/10/02/01a0fd16-9489-7e50-a7b6-a1178fd92bf1/ppg_audit/snapshot/rtl/ppg_adc_dc_recovery/ppg_adc_dc_recovery.v","138","output","false","[8:0]","o_detect_code","C15","C:/Users/DAWN/.codex/visualizations/2026/10/02/01a0fd16-9489-7e50-a7b6-a1178fd92bf1/ppg_audit/snapshot/contracts/PPG_ADC_DC_RECOVERY_INTERFACE_CONTRACT.md","完成","formatter-AST结构+全文端口/打包/消费者语义人工核对；C002/C006及已接受豁免详见报告","固定合同域；默认IDAC8/epoch4，未泛化为任意参数数值签核"
"ppg_adc_dc_recovery","C:/Users/DAWN/.codex/visualizations/2026/10/02/01a0fd16-9489-7e50-a7b6-a1178fd92bf1/ppg_audit/snapshot/rtl/ppg_adc_dc_recovery/ppg_adc_dc_recovery.v","139","output","false","[9:0]","o_stage1_raw","C15","C:/Users/DAWN/.codex/visualizations/2026/10/02/01a0fd16-9489-7e50-a7b6-a1178fd92bf1/ppg_audit/snapshot/contracts/PPG_ADC_DC_RECOVERY_INTERFACE_CONTRACT.md","完成","formatter-AST结构+全文端口/打包/消费者语义人工核对；C002/C006及已接受豁免详见报告","固定合同域；默认IDAC8/epoch4，未泛化为任意参数数值签核"
"ppg_adc_dc_recovery","C:/Users/DAWN/.codex/visualizations/2026/10/02/01a0fd16-9489-7e50-a7b6-a1178fd92bf1/ppg_audit/snapshot/rtl/ppg_adc_dc_recovery/ppg_adc_dc_recovery.v","140","output","true","[10:0]","o_stage1_code_ext","C15","C:/Users/DAWN/.codex/visualizations/2026/10/02/01a0fd16-9489-7e50-a7b6-a1178fd92bf1/ppg_audit/snapshot/contracts/PPG_ADC_DC_RECOVERY_INTERFACE_CONTRACT.md","完成","formatter-AST结构+全文端口/打包/消费者语义人工核对；C002/C006及已接受豁免详见报告","固定合同域；默认IDAC8/epoch4，未泛化为任意参数数值签核"
"ppg_adc_dc_recovery","C:/Users/DAWN/.codex/visualizations/2026/10/02/01a0fd16-9489-7e50-a7b6-a1178fd92bf1/ppg_audit/snapshot/rtl/ppg_adc_dc_recovery/ppg_adc_dc_recovery.v","141","output","false","[9:0]","o_stage2_raw","C15","C:/Users/DAWN/.codex/visualizations/2026/10/02/01a0fd16-9489-7e50-a7b6-a1178fd92bf1/ppg_audit/snapshot/contracts/PPG_ADC_DC_RECOVERY_INTERFACE_CONTRACT.md","完成","formatter-AST结构+全文端口/打包/消费者语义人工核对；C002/C006及已接受豁免详见报告","固定合同域；默认IDAC8/epoch4，未泛化为任意参数数值签核"
"ppg_adc_dc_recovery","C:/Users/DAWN/.codex/visualizations/2026/10/02/01a0fd16-9489-7e50-a7b6-a1178fd92bf1/ppg_audit/snapshot/rtl/ppg_adc_dc_recovery/ppg_adc_dc_recovery.v","142","output","true","[10:0]","o_stage2_code_ext","C15","C:/Users/DAWN/.codex/visualizations/2026/10/02/01a0fd16-9489-7e50-a7b6-a1178fd92bf1/ppg_audit/snapshot/contracts/PPG_ADC_DC_RECOVERY_INTERFACE_CONTRACT.md","完成","formatter-AST结构+全文端口/打包/消费者语义人工核对；C002/C006及已接受豁免详见报告","固定合同域；默认IDAC8/epoch4，未泛化为任意参数数值签核"
"ppg_adc_dc_recovery","C:/Users/DAWN/.codex/visualizations/2026/10/02/01a0fd16-9489-7e50-a7b6-a1178fd92bf1/ppg_audit/snapshot/rtl/ppg_adc_dc_recovery/ppg_adc_dc_recovery.v","143","output","true","[14:0]","o_nominal_15_code","C15","C:/Users/DAWN/.codex/visualizations/2026/10/02/01a0fd16-9489-7e50-a7b6-a1178fd92bf1/ppg_audit/snapshot/contracts/PPG_ADC_DC_RECOVERY_INTERFACE_CONTRACT.md","完成","formatter-AST结构+全文端口/打包/消费者语义人工核对；C002/C006及已接受豁免详见报告","固定合同域；默认IDAC8/epoch4，未泛化为任意参数数值签核"
"ppg_adc_dc_recovery","C:/Users/DAWN/.codex/visualizations/2026/10/02/01a0fd16-9489-7e50-a7b6-a1178fd92bf1/ppg_audit/snapshot/rtl/ppg_adc_dc_recovery/ppg_adc_dc_recovery.v","144","output","false","","o_nominal_15_valid","C15","C:/Users/DAWN/.codex/visualizations/2026/10/02/01a0fd16-9489-7e50-a7b6-a1178fd92bf1/ppg_audit/snapshot/contracts/PPG_ADC_DC_RECOVERY_INTERFACE_CONTRACT.md","完成","formatter-AST结构+全文端口/打包/消费者语义人工核对；C002/C006及已接受豁免详见报告","固定合同域；默认IDAC8/epoch4，未泛化为任意参数数值签核"
"ppg_adc_dc_recovery","C:/Users/DAWN/.codex/visualizations/2026/10/02/01a0fd16-9489-7e50-a7b6-a1178fd92bf1/ppg_audit/snapshot/rtl/ppg_adc_dc_recovery/ppg_adc_dc_recovery.v","145","output","false","","o_nominal_saturated","C15","C:/Users/DAWN/.codex/visualizations/2026/10/02/01a0fd16-9489-7e50-a7b6-a1178fd92bf1/ppg_audit/snapshot/contracts/PPG_ADC_DC_RECOVERY_INTERFACE_CONTRACT.md","完成","formatter-AST结构+全文端口/打包/消费者语义人工核对；C002/C006及已接受豁免详见报告","固定合同域；默认IDAC8/epoch4，未泛化为任意参数数值签核"
"ppg_adc_pipeline_overlap_corrector","C:/Users/DAWN/.codex/visualizations/2026/10/02/01a0fd16-9489-7e50-a7b6-a1178fd92bf1/ppg_audit/snapshot/rtl/ppg_adc_pipeline_overlap_corrector/ppg_adc_pipeline_overlap_corrector.v","65","input","false","","i_clk","C13","C:/Users/DAWN/.codex/visualizations/2026/10/02/01a0fd16-9489-7e50-a7b6-a1178fd92bf1/ppg_audit/snapshot/contracts/PPG_ADC_ROUTER_TO_PIPELINE_OVERLAP_INTERFACE_CONTRACT.md","完成","formatter-AST结构+全文端口/打包/消费者语义人工核对；C002/C006及已接受豁免详见报告","固定合同域；默认IDAC8/epoch4，未泛化为任意参数数值签核"
"ppg_adc_pipeline_overlap_corrector","C:/Users/DAWN/.codex/visualizations/2026/10/02/01a0fd16-9489-7e50-a7b6-a1178fd92bf1/ppg_audit/snapshot/rtl/ppg_adc_pipeline_overlap_corrector/ppg_adc_pipeline_overlap_corrector.v","66","input","false","","i_rstn","C13","C:/Users/DAWN/.codex/visualizations/2026/10/02/01a0fd16-9489-7e50-a7b6-a1178fd92bf1/ppg_audit/snapshot/contracts/PPG_ADC_ROUTER_TO_PIPELINE_OVERLAP_INTERFACE_CONTRACT.md","完成","formatter-AST结构+全文端口/打包/消费者语义人工核对；C002/C006及已接受豁免详见报告","固定合同域；默认IDAC8/epoch4，未泛化为任意参数数值签核"
"ppg_adc_pipeline_overlap_corrector","C:/Users/DAWN/.codex/visualizations/2026/10/02/01a0fd16-9489-7e50-a7b6-a1178fd92bf1/ppg_audit/snapshot/rtl/ppg_adc_pipeline_overlap_corrector/ppg_adc_pipeline_overlap_corrector.v","69","input","false","","i_datapath_discard_event","C13","C:/Users/DAWN/.codex/visualizations/2026/10/02/01a0fd16-9489-7e50-a7b6-a1178fd92bf1/ppg_audit/snapshot/contracts/PPG_ADC_ROUTER_TO_PIPELINE_OVERLAP_INTERFACE_CONTRACT.md","完成","formatter-AST结构+全文端口/打包/消费者语义人工核对；C002/C006及已接受豁免详见报告","固定合同域；默认IDAC8/epoch4，未泛化为任意参数数值签核"
"ppg_adc_pipeline_overlap_corrector","C:/Users/DAWN/.codex/visualizations/2026/10/02/01a0fd16-9489-7e50-a7b6-a1178fd92bf1/ppg_audit/snapshot/rtl/ppg_adc_pipeline_overlap_corrector/ppg_adc_pipeline_overlap_corrector.v","70","input","false","[1:0]","i_datapath_discard_reason","C13","C:/Users/DAWN/.codex/visualizations/2026/10/02/01a0fd16-9489-7e50-a7b6-a1178fd92bf1/ppg_audit/snapshot/contracts/PPG_ADC_ROUTER_TO_PIPELINE_OVERLAP_INTERFACE_CONTRACT.md","完成","formatter-AST结构+全文端口/打包/消费者语义人工核对；C002/C006及已接受豁免详见报告","固定合同域；默认IDAC8/epoch4，未泛化为任意参数数值签核"
"ppg_adc_pipeline_overlap_corrector","C:/Users/DAWN/.codex/visualizations/2026/10/02/01a0fd16-9489-7e50-a7b6-a1178fd92bf1/ppg_audit/snapshot/rtl/ppg_adc_pipeline_overlap_corrector/ppg_adc_pipeline_overlap_corrector.v","71","input","false","","i_datapath_discard_identity_valid","C13","C:/Users/DAWN/.codex/visualizations/2026/10/02/01a0fd16-9489-7e50-a7b6-a1178fd92bf1/ppg_audit/snapshot/contracts/PPG_ADC_ROUTER_TO_PIPELINE_OVERLAP_INTERFACE_CONTRACT.md","完成","formatter-AST结构+全文端口/打包/消费者语义人工核对；C002/C006及已接受豁免详见报告","固定合同域；默认IDAC8/epoch4，未泛化为任意参数数值签核"
"ppg_adc_pipeline_overlap_corrector","C:/Users/DAWN/.codex/visualizations/2026/10/02/01a0fd16-9489-7e50-a7b6-a1178fd92bf1/ppg_audit/snapshot/rtl/ppg_adc_pipeline_overlap_corrector/ppg_adc_pipeline_overlap_corrector.v","72","input","false","[C_FRAME_ID_WIDTH - 1:0]","i_datapath_discard_frame_id","C13","C:/Users/DAWN/.codex/visualizations/2026/10/02/01a0fd16-9489-7e50-a7b6-a1178fd92bf1/ppg_audit/snapshot/contracts/PPG_ADC_ROUTER_TO_PIPELINE_OVERLAP_INTERFACE_CONTRACT.md","完成","formatter-AST结构+全文端口/打包/消费者语义人工核对；C002/C006及已接受豁免详见报告","固定合同域；默认IDAC8/epoch4，未泛化为任意参数数值签核"
"ppg_adc_pipeline_overlap_corrector","C:/Users/DAWN/.codex/visualizations/2026/10/02/01a0fd16-9489-7e50-a7b6-a1178fd92bf1/ppg_audit/snapshot/rtl/ppg_adc_pipeline_overlap_corrector/ppg_adc_pipeline_overlap_corrector.v","73","input","false","[C_SAMPLE_INDEX_WIDTH - 1:0]","i_datapath_discard_sample_index","C13","C:/Users/DAWN/.codex/visualizations/2026/10/02/01a0fd16-9489-7e50-a7b6-a1178fd92bf1/ppg_audit/snapshot/contracts/PPG_ADC_ROUTER_TO_PIPELINE_OVERLAP_INTERFACE_CONTRACT.md","完成","formatter-AST结构+全文端口/打包/消费者语义人工核对；C002/C006及已接受豁免详见报告","固定合同域；默认IDAC8/epoch4，未泛化为任意参数数值签核"
"ppg_adc_pipeline_overlap_corrector","C:/Users/DAWN/.codex/visualizations/2026/10/02/01a0fd16-9489-7e50-a7b6-a1178fd92bf1/ppg_audit/snapshot/rtl/ppg_adc_pipeline_overlap_corrector/ppg_adc_pipeline_overlap_corrector.v","74","input","false","","i_datapath_discard_color_ir","C13","C:/Users/DAWN/.codex/visualizations/2026/10/02/01a0fd16-9489-7e50-a7b6-a1178fd92bf1/ppg_audit/snapshot/contracts/PPG_ADC_ROUTER_TO_PIPELINE_OVERLAP_INTERFACE_CONTRACT.md","完成","formatter-AST结构+全文端口/打包/消费者语义人工核对；C002/C006及已接受豁免详见报告","固定合同域；默认IDAC8/epoch4，未泛化为任意参数数值签核"
"ppg_adc_pipeline_overlap_corrector","C:/Users/DAWN/.codex/visualizations/2026/10/02/01a0fd16-9489-7e50-a7b6-a1178fd92bf1/ppg_audit/snapshot/rtl/ppg_adc_pipeline_overlap_corrector/ppg_adc_pipeline_overlap_corrector.v","75","input","false","[1:0]","i_datapath_discard_frame_type","C13","C:/Users/DAWN/.codex/visualizations/2026/10/02/01a0fd16-9489-7e50-a7b6-a1178fd92bf1/ppg_audit/snapshot/contracts/PPG_ADC_ROUTER_TO_PIPELINE_OVERLAP_INTERFACE_CONTRACT.md","完成","formatter-AST结构+全文端口/打包/消费者语义人工核对；C002/C006及已接受豁免详见报告","固定合同域；默认IDAC8/epoch4，未泛化为任意参数数值签核"
"ppg_adc_pipeline_overlap_corrector","C:/Users/DAWN/.codex/visualizations/2026/10/02/01a0fd16-9489-7e50-a7b6-a1178fd92bf1/ppg_audit/snapshot/rtl/ppg_adc_pipeline_overlap_corrector/ppg_adc_pipeline_overlap_corrector.v","76","input","false","","i_datapath_discard_precision","C13","C:/Users/DAWN/.codex/visualizations/2026/10/02/01a0fd16-9489-7e50-a7b6-a1178fd92bf1/ppg_audit/snapshot/contracts/PPG_ADC_ROUTER_TO_PIPELINE_OVERLAP_INTERFACE_CONTRACT.md","完成","formatter-AST结构+全文端口/打包/消费者语义人工核对；C002/C006及已接受豁免详见报告","固定合同域；默认IDAC8/epoch4，未泛化为任意参数数值签核"
"ppg_adc_pipeline_overlap_corrector","C:/Users/DAWN/.codex/visualizations/2026/10/02/01a0fd16-9489-7e50-a7b6-a1178fd92bf1/ppg_audit/snapshot/rtl/ppg_adc_pipeline_overlap_corrector/ppg_adc_pipeline_overlap_corrector.v","77","input","false","[C_RUN_GENERATION_WIDTH - 1:0]","i_datapath_discard_run_generation","C13","C:/Users/DAWN/.codex/visualizations/2026/10/02/01a0fd16-9489-7e50-a7b6-a1178fd92bf1/ppg_audit/snapshot/contracts/PPG_ADC_ROUTER_TO_PIPELINE_OVERLAP_INTERFACE_CONTRACT.md","完成","formatter-AST结构+全文端口/打包/消费者语义人工核对；C002/C006及已接受豁免详见报告","固定合同域；默认IDAC8/epoch4，未泛化为任意参数数值签核"
"ppg_adc_pipeline_overlap_corrector","C:/Users/DAWN/.codex/visualizations/2026/10/02/01a0fd16-9489-7e50-a7b6-a1178fd92bf1/ppg_audit/snapshot/rtl/ppg_adc_pipeline_overlap_corrector/ppg_adc_pipeline_overlap_corrector.v","80","input","false","","i_normal_valid","C13","C:/Users/DAWN/.codex/visualizations/2026/10/02/01a0fd16-9489-7e50-a7b6-a1178fd92bf1/ppg_audit/snapshot/contracts/PPG_ADC_ROUTER_TO_PIPELINE_OVERLAP_INTERFACE_CONTRACT.md","完成","formatter-AST结构+全文端口/打包/消费者语义人工核对；C002/C006及已接受豁免详见报告","固定合同域；默认IDAC8/epoch4，未泛化为任意参数数值签核"
"ppg_adc_pipeline_overlap_corrector","C:/Users/DAWN/.codex/visualizations/2026/10/02/01a0fd16-9489-7e50-a7b6-a1178fd92bf1/ppg_audit/snapshot/rtl/ppg_adc_pipeline_overlap_corrector/ppg_adc_pipeline_overlap_corrector.v","81","input","true","[11:0]","i_calibrated_s1_value","C13","C:/Users/DAWN/.codex/visualizations/2026/10/02/01a0fd16-9489-7e50-a7b6-a1178fd92bf1/ppg_audit/snapshot/contracts/PPG_ADC_ROUTER_TO_PIPELINE_OVERLAP_INTERFACE_CONTRACT.md","完成","formatter-AST结构+全文端口/打包/消费者语义人工核对；C002/C006及已接受豁免详见报告","固定合同域；默认IDAC8/epoch4，未泛化为任意参数数值签核"
"ppg_adc_pipeline_overlap_corrector","C:/Users/DAWN/.codex/visualizations/2026/10/02/01a0fd16-9489-7e50-a7b6-a1178fd92bf1/ppg_audit/snapshot/rtl/ppg_adc_pipeline_overlap_corrector/ppg_adc_pipeline_overlap_corrector.v","82","input","false","","i_calibration_applied","C13","C:/Users/DAWN/.codex/visualizations/2026/10/02/01a0fd16-9489-7e50-a7b6-a1178fd92bf1/ppg_audit/snapshot/contracts/PPG_ADC_ROUTER_TO_PIPELINE_OVERLAP_INTERFACE_CONTRACT.md","完成","formatter-AST结构+全文端口/打包/消费者语义人工核对；C002/C006及已接受豁免详见报告","固定合同域；默认IDAC8/epoch4，未泛化为任意参数数值签核"
"ppg_adc_pipeline_overlap_corrector","C:/Users/DAWN/.codex/visualizations/2026/10/02/01a0fd16-9489-7e50-a7b6-a1178fd92bf1/ppg_audit/snapshot/rtl/ppg_adc_pipeline_overlap_corrector/ppg_adc_pipeline_overlap_corrector.v","83","input","false","","i_saturation_low","C13","C:/Users/DAWN/.codex/visualizations/2026/10/02/01a0fd16-9489-7e50-a7b6-a1178fd92bf1/ppg_audit/snapshot/contracts/PPG_ADC_ROUTER_TO_PIPELINE_OVERLAP_INTERFACE_CONTRACT.md","完成","formatter-AST结构+全文端口/打包/消费者语义人工核对；C002/C006及已接受豁免详见报告","固定合同域；默认IDAC8/epoch4，未泛化为任意参数数值签核"
"ppg_adc_pipeline_overlap_corrector","C:/Users/DAWN/.codex/visualizations/2026/10/02/01a0fd16-9489-7e50-a7b6-a1178fd92bf1/ppg_audit/snapshot/rtl/ppg_adc_pipeline_overlap_corrector/ppg_adc_pipeline_overlap_corrector.v","84","input","false","","i_saturation_high","C13","C:/Users/DAWN/.codex/visualizations/2026/10/02/01a0fd16-9489-7e50-a7b6-a1178fd92bf1/ppg_audit/snapshot/contracts/PPG_ADC_ROUTER_TO_PIPELINE_OVERLAP_INTERFACE_CONTRACT.md","完成","formatter-AST结构+全文端口/打包/消费者语义人工核对；C002/C006及已接受豁免详见报告","固定合同域；默认IDAC8/epoch4，未泛化为任意参数数值签核"
"ppg_adc_pipeline_overlap_corrector","C:/Users/DAWN/.codex/visualizations/2026/10/02/01a0fd16-9489-7e50-a7b6-a1178fd92bf1/ppg_audit/snapshot/rtl/ppg_adc_pipeline_overlap_corrector/ppg_adc_pipeline_overlap_corrector.v","85","input","false","[C_CONFIG_EPOCH_WIDTH - 1:0]","i_config_epoch","C13","C:/Users/DAWN/.codex/visualizations/2026/10/02/01a0fd16-9489-7e50-a7b6-a1178fd92bf1/ppg_audit/snapshot/contracts/PPG_ADC_ROUTER_TO_PIPELINE_OVERLAP_INTERFACE_CONTRACT.md","完成","formatter-AST结构+全文端口/打包/消费者语义人工核对；C002/C006及已接受豁免详见报告","固定合同域；默认IDAC8/epoch4，未泛化为任意参数数值签核"
"ppg_adc_pipeline_overlap_corrector","C:/Users/DAWN/.codex/visualizations/2026/10/02/01a0fd16-9489-7e50-a7b6-a1178fd92bf1/ppg_audit/snapshot/rtl/ppg_adc_pipeline_overlap_corrector/ppg_adc_pipeline_overlap_corrector.v","86","input","false","[C_COEF_EPOCH_WIDTH - 1:0]","i_coef_epoch","C13","C:/Users/DAWN/.codex/visualizations/2026/10/02/01a0fd16-9489-7e50-a7b6-a1178fd92bf1/ppg_audit/snapshot/contracts/PPG_ADC_ROUTER_TO_PIPELINE_OVERLAP_INTERFACE_CONTRACT.md","完成","formatter-AST结构+全文端口/打包/消费者语义人工核对；C002/C006及已接受豁免详见报告","固定合同域；默认IDAC8/epoch4，未泛化为任意参数数值签核"
"ppg_adc_pipeline_overlap_corrector","C:/Users/DAWN/.codex/visualizations/2026/10/02/01a0fd16-9489-7e50-a7b6-a1178fd92bf1/ppg_audit/snapshot/rtl/ppg_adc_pipeline_overlap_corrector/ppg_adc_pipeline_overlap_corrector.v","87","input","false","[8:0]","i_detect_code","C13","C:/Users/DAWN/.codex/visualizations/2026/10/02/01a0fd16-9489-7e50-a7b6-a1178fd92bf1/ppg_audit/snapshot/contracts/PPG_ADC_ROUTER_TO_PIPELINE_OVERLAP_INTERFACE_CONTRACT.md","完成","formatter-AST结构+全文端口/打包/消费者语义人工核对；C002/C006及已接受豁免详见报告","固定合同域；默认IDAC8/epoch4，未泛化为任意参数数值签核"
"ppg_adc_pipeline_overlap_corrector","C:/Users/DAWN/.codex/visualizations/2026/10/02/01a0fd16-9489-7e50-a7b6-a1178fd92bf1/ppg_audit/snapshot/rtl/ppg_adc_pipeline_overlap_corrector/ppg_adc_pipeline_overlap_corrector.v","88","input","false","[9:0]","i_stage1_raw","C13","C:/Users/DAWN/.codex/visualizations/2026/10/02/01a0fd16-9489-7e50-a7b6-a1178fd92bf1/ppg_audit/snapshot/contracts/PPG_ADC_ROUTER_TO_PIPELINE_OVERLAP_INTERFACE_CONTRACT.md","完成","formatter-AST结构+全文端口/打包/消费者语义人工核对；C002/C006及已接受豁免详见报告","固定合同域；默认IDAC8/epoch4，未泛化为任意参数数值签核"
"ppg_adc_pipeline_overlap_corrector","C:/Users/DAWN/.codex/visualizations/2026/10/02/01a0fd16-9489-7e50-a7b6-a1178fd92bf1/ppg_audit/snapshot/rtl/ppg_adc_pipeline_overlap_corrector/ppg_adc_pipeline_overlap_corrector.v","89","input","true","[10:0]","i_stage1_code_ext","C13","C:/Users/DAWN/.codex/visualizations/2026/10/02/01a0fd16-9489-7e50-a7b6-a1178fd92bf1/ppg_audit/snapshot/contracts/PPG_ADC_ROUTER_TO_PIPELINE_OVERLAP_INTERFACE_CONTRACT.md","完成","formatter-AST结构+全文端口/打包/消费者语义人工核对；C002/C006及已接受豁免详见报告","固定合同域；默认IDAC8/epoch4，未泛化为任意参数数值签核"
"ppg_adc_pipeline_overlap_corrector","C:/Users/DAWN/.codex/visualizations/2026/10/02/01a0fd16-9489-7e50-a7b6-a1178fd92bf1/ppg_audit/snapshot/rtl/ppg_adc_pipeline_overlap_corrector/ppg_adc_pipeline_overlap_corrector.v","90","input","false","[9:0]","i_stage2_raw","C13","C:/Users/DAWN/.codex/visualizations/2026/10/02/01a0fd16-9489-7e50-a7b6-a1178fd92bf1/ppg_audit/snapshot/contracts/PPG_ADC_ROUTER_TO_PIPELINE_OVERLAP_INTERFACE_CONTRACT.md","完成","formatter-AST结构+全文端口/打包/消费者语义人工核对；C002/C006及已接受豁免详见报告","固定合同域；默认IDAC8/epoch4，未泛化为任意参数数值签核"
"ppg_adc_pipeline_overlap_corrector","C:/Users/DAWN/.codex/visualizations/2026/10/02/01a0fd16-9489-7e50-a7b6-a1178fd92bf1/ppg_audit/snapshot/rtl/ppg_adc_pipeline_overlap_corrector/ppg_adc_pipeline_overlap_corrector.v","91","input","false","","i_precision_mode","C13","C:/Users/DAWN/.codex/visualizations/2026/10/02/01a0fd16-9489-7e50-a7b6-a1178fd92bf1/ppg_audit/snapshot/contracts/PPG_ADC_ROUTER_TO_PIPELINE_OVERLAP_INTERFACE_CONTRACT.md","完成","formatter-AST结构+全文端口/打包/消费者语义人工核对；C002/C006及已接受豁免详见报告","固定合同域；默认IDAC8/epoch4，未泛化为任意参数数值签核"
"ppg_adc_pipeline_overlap_corrector","C:/Users/DAWN/.codex/visualizations/2026/10/02/01a0fd16-9489-7e50-a7b6-a1178fd92bf1/ppg_audit/snapshot/rtl/ppg_adc_pipeline_overlap_corrector/ppg_adc_pipeline_overlap_corrector.v","92","input","false","[C_FRAME_ID_WIDTH - 1:0]","i_frame_id","C13","C:/Users/DAWN/.codex/visualizations/2026/10/02/01a0fd16-9489-7e50-a7b6-a1178fd92bf1/ppg_audit/snapshot/contracts/PPG_ADC_ROUTER_TO_PIPELINE_OVERLAP_INTERFACE_CONTRACT.md","完成","formatter-AST结构+全文端口/打包/消费者语义人工核对；C002/C006及已接受豁免详见报告","固定合同域；默认IDAC8/epoch4，未泛化为任意参数数值签核"
"ppg_adc_pipeline_overlap_corrector","C:/Users/DAWN/.codex/visualizations/2026/10/02/01a0fd16-9489-7e50-a7b6-a1178fd92bf1/ppg_audit/snapshot/rtl/ppg_adc_pipeline_overlap_corrector/ppg_adc_pipeline_overlap_corrector.v","93","input","false","[C_SAMPLE_INDEX_WIDTH - 1:0]","i_sample_index","C13","C:/Users/DAWN/.codex/visualizations/2026/10/02/01a0fd16-9489-7e50-a7b6-a1178fd92bf1/ppg_audit/snapshot/contracts/PPG_ADC_ROUTER_TO_PIPELINE_OVERLAP_INTERFACE_CONTRACT.md","完成","formatter-AST结构+全文端口/打包/消费者语义人工核对；C002/C006及已接受豁免详见报告","固定合同域；默认IDAC8/epoch4，未泛化为任意参数数值签核"
"ppg_adc_pipeline_overlap_corrector","C:/Users/DAWN/.codex/visualizations/2026/10/02/01a0fd16-9489-7e50-a7b6-a1178fd92bf1/ppg_audit/snapshot/rtl/ppg_adc_pipeline_overlap_corrector/ppg_adc_pipeline_overlap_corrector.v","94","input","false","","i_color_ir","C13","C:/Users/DAWN/.codex/visualizations/2026/10/02/01a0fd16-9489-7e50-a7b6-a1178fd92bf1/ppg_audit/snapshot/contracts/PPG_ADC_ROUTER_TO_PIPELINE_OVERLAP_INTERFACE_CONTRACT.md","完成","formatter-AST结构+全文端口/打包/消费者语义人工核对；C002/C006及已接受豁免详见报告","固定合同域；默认IDAC8/epoch4，未泛化为任意参数数值签核"
"ppg_adc_pipeline_overlap_corrector","C:/Users/DAWN/.codex/visualizations/2026/10/02/01a0fd16-9489-7e50-a7b6-a1178fd92bf1/ppg_audit/snapshot/rtl/ppg_adc_pipeline_overlap_corrector/ppg_adc_pipeline_overlap_corrector.v","95","input","false","[1:0]","i_frame_type","C13","C:/Users/DAWN/.codex/visualizations/2026/10/02/01a0fd16-9489-7e50-a7b6-a1178fd92bf1/ppg_audit/snapshot/contracts/PPG_ADC_ROUTER_TO_PIPELINE_OVERLAP_INTERFACE_CONTRACT.md","完成","formatter-AST结构+全文端口/打包/消费者语义人工核对；C002/C006及已接受豁免详见报告","固定合同域；默认IDAC8/epoch4，未泛化为任意参数数值签核"
"ppg_adc_pipeline_overlap_corrector","C:/Users/DAWN/.codex/visualizations/2026/10/02/01a0fd16-9489-7e50-a7b6-a1178fd92bf1/ppg_audit/snapshot/rtl/ppg_adc_pipeline_overlap_corrector/ppg_adc_pipeline_overlap_corrector.v","96","input","false","[C_IDAC_CODE_WIDTH - 1:0]","i_amb_code_snapshot","C13","C:/Users/DAWN/.codex/visualizations/2026/10/02/01a0fd16-9489-7e50-a7b6-a1178fd92bf1/ppg_audit/snapshot/contracts/PPG_ADC_ROUTER_TO_PIPELINE_OVERLAP_INTERFACE_CONTRACT.md","完成","formatter-AST结构+全文端口/打包/消费者语义人工核对；C002/C006及已接受豁免详见报告","固定合同域；默认IDAC8/epoch4，未泛化为任意参数数值签核"
"ppg_adc_pipeline_overlap_corrector","C:/Users/DAWN/.codex/visualizations/2026/10/02/01a0fd16-9489-7e50-a7b6-a1178fd92bf1/ppg_audit/snapshot/rtl/ppg_adc_pipeline_overlap_corrector/ppg_adc_pipeline_overlap_corrector.v","97","input","false","[C_IDAC_CODE_WIDTH - 1:0]","i_dc_code_snapshot","C13","C:/Users/DAWN/.codex/visualizations/2026/10/02/01a0fd16-9489-7e50-a7b6-a1178fd92bf1/ppg_audit/snapshot/contracts/PPG_ADC_ROUTER_TO_PIPELINE_OVERLAP_INTERFACE_CONTRACT.md","完成","formatter-AST结构+全文端口/打包/消费者语义人工核对；C002/C006及已接受豁免详见报告","固定合同域；默认IDAC8/epoch4，未泛化为任意参数数值签核"
"ppg_adc_pipeline_overlap_corrector","C:/Users/DAWN/.codex/visualizations/2026/10/02/01a0fd16-9489-7e50-a7b6-a1178fd92bf1/ppg_audit/snapshot/rtl/ppg_adc_pipeline_overlap_corrector/ppg_adc_pipeline_overlap_corrector.v","98","input","false","[C_CODE_EPOCH_WIDTH - 1:0]","i_amb_code_epoch","C13","C:/Users/DAWN/.codex/visualizations/2026/10/02/01a0fd16-9489-7e50-a7b6-a1178fd92bf1/ppg_audit/snapshot/contracts/PPG_ADC_ROUTER_TO_PIPELINE_OVERLAP_INTERFACE_CONTRACT.md","完成","formatter-AST结构+全文端口/打包/消费者语义人工核对；C002/C006及已接受豁免详见报告","固定合同域；默认IDAC8/epoch4，未泛化为任意参数数值签核"
"ppg_adc_pipeline_overlap_corrector","C:/Users/DAWN/.codex/visualizations/2026/10/02/01a0fd16-9489-7e50-a7b6-a1178fd92bf1/ppg_audit/snapshot/rtl/ppg_adc_pipeline_overlap_corrector/ppg_adc_pipeline_overlap_corrector.v","99","input","false","[C_CODE_EPOCH_WIDTH - 1:0]","i_dc_code_epoch","C13","C:/Users/DAWN/.codex/visualizations/2026/10/02/01a0fd16-9489-7e50-a7b6-a1178fd92bf1/ppg_audit/snapshot/contracts/PPG_ADC_ROUTER_TO_PIPELINE_OVERLAP_INTERFACE_CONTRACT.md","完成","formatter-AST结构+全文端口/打包/消费者语义人工核对；C002/C006及已接受豁免详见报告","固定合同域；默认IDAC8/epoch4，未泛化为任意参数数值签核"
"ppg_adc_pipeline_overlap_corrector","C:/Users/DAWN/.codex/visualizations/2026/10/02/01a0fd16-9489-7e50-a7b6-a1178fd92bf1/ppg_audit/snapshot/rtl/ppg_adc_pipeline_overlap_corrector/ppg_adc_pipeline_overlap_corrector.v","100","input","false","[C_RUN_GENERATION_WIDTH - 1:0]","i_run_generation","C13","C:/Users/DAWN/.codex/visualizations/2026/10/02/01a0fd16-9489-7e50-a7b6-a1178fd92bf1/ppg_audit/snapshot/contracts/PPG_ADC_ROUTER_TO_PIPELINE_OVERLAP_INTERFACE_CONTRACT.md","完成","formatter-AST结构+全文端口/打包/消费者语义人工核对；C002/C006及已接受豁免详见报告","固定合同域；默认IDAC8/epoch4，未泛化为任意参数数值签核"
"ppg_adc_pipeline_overlap_corrector","C:/Users/DAWN/.codex/visualizations/2026/10/02/01a0fd16-9489-7e50-a7b6-a1178fd92bf1/ppg_audit/snapshot/rtl/ppg_adc_pipeline_overlap_corrector/ppg_adc_pipeline_overlap_corrector.v","101","output","false","","o_normal_ready","C13","C:/Users/DAWN/.codex/visualizations/2026/10/02/01a0fd16-9489-7e50-a7b6-a1178fd92bf1/ppg_audit/snapshot/contracts/PPG_ADC_ROUTER_TO_PIPELINE_OVERLAP_INTERFACE_CONTRACT.md","完成","formatter-AST结构+全文端口/打包/消费者语义人工核对；C002/C006及已接受豁免详见报告","固定合同域；默认IDAC8/epoch4，未泛化为任意参数数值签核"
"ppg_adc_pipeline_overlap_corrector","C:/Users/DAWN/.codex/visualizations/2026/10/02/01a0fd16-9489-7e50-a7b6-a1178fd92bf1/ppg_audit/snapshot/rtl/ppg_adc_pipeline_overlap_corrector/ppg_adc_pipeline_overlap_corrector.v","104","input","false","","i_result_ready","C13","C:/Users/DAWN/.codex/visualizations/2026/10/02/01a0fd16-9489-7e50-a7b6-a1178fd92bf1/ppg_audit/snapshot/contracts/PPG_ADC_ROUTER_TO_PIPELINE_OVERLAP_INTERFACE_CONTRACT.md","完成","formatter-AST结构+全文端口/打包/消费者语义人工核对；C002/C006及已接受豁免详见报告","固定合同域；默认IDAC8/epoch4，未泛化为任意参数数值签核"
"ppg_adc_pipeline_overlap_corrector","C:/Users/DAWN/.codex/visualizations/2026/10/02/01a0fd16-9489-7e50-a7b6-a1178fd92bf1/ppg_audit/snapshot/rtl/ppg_adc_pipeline_overlap_corrector/ppg_adc_pipeline_overlap_corrector.v","105","output","false","","o_result_valid","C13","C:/Users/DAWN/.codex/visualizations/2026/10/02/01a0fd16-9489-7e50-a7b6-a1178fd92bf1/ppg_audit/snapshot/contracts/PPG_ADC_ROUTER_TO_PIPELINE_OVERLAP_INTERFACE_CONTRACT.md","完成","formatter-AST结构+全文端口/打包/消费者语义人工核对；C002/C006及已接受豁免详见报告","固定合同域；默认IDAC8/epoch4，未泛化为任意参数数值签核"
"ppg_adc_pipeline_overlap_corrector","C:/Users/DAWN/.codex/visualizations/2026/10/02/01a0fd16-9489-7e50-a7b6-a1178fd92bf1/ppg_audit/snapshot/rtl/ppg_adc_pipeline_overlap_corrector/ppg_adc_pipeline_overlap_corrector.v","106","output","true","[11:0]","o_calibrated_s1_value","C13","C:/Users/DAWN/.codex/visualizations/2026/10/02/01a0fd16-9489-7e50-a7b6-a1178fd92bf1/ppg_audit/snapshot/contracts/PPG_ADC_ROUTER_TO_PIPELINE_OVERLAP_INTERFACE_CONTRACT.md","完成","formatter-AST结构+全文端口/打包/消费者语义人工核对；C002/C006及已接受豁免详见报告","固定合同域；默认IDAC8/epoch4，未泛化为任意参数数值签核"
"ppg_adc_pipeline_overlap_corrector","C:/Users/DAWN/.codex/visualizations/2026/10/02/01a0fd16-9489-7e50-a7b6-a1178fd92bf1/ppg_audit/snapshot/rtl/ppg_adc_pipeline_overlap_corrector/ppg_adc_pipeline_overlap_corrector.v","107","output","false","","o_calibration_applied","C13","C:/Users/DAWN/.codex/visualizations/2026/10/02/01a0fd16-9489-7e50-a7b6-a1178fd92bf1/ppg_audit/snapshot/contracts/PPG_ADC_ROUTER_TO_PIPELINE_OVERLAP_INTERFACE_CONTRACT.md","完成","formatter-AST结构+全文端口/打包/消费者语义人工核对；C002/C006及已接受豁免详见报告","固定合同域；默认IDAC8/epoch4，未泛化为任意参数数值签核"
"ppg_adc_pipeline_overlap_corrector","C:/Users/DAWN/.codex/visualizations/2026/10/02/01a0fd16-9489-7e50-a7b6-a1178fd92bf1/ppg_audit/snapshot/rtl/ppg_adc_pipeline_overlap_corrector/ppg_adc_pipeline_overlap_corrector.v","108","output","false","","o_saturation_low","C13","C:/Users/DAWN/.codex/visualizations/2026/10/02/01a0fd16-9489-7e50-a7b6-a1178fd92bf1/ppg_audit/snapshot/contracts/PPG_ADC_ROUTER_TO_PIPELINE_OVERLAP_INTERFACE_CONTRACT.md","完成","formatter-AST结构+全文端口/打包/消费者语义人工核对；C002/C006及已接受豁免详见报告","固定合同域；默认IDAC8/epoch4，未泛化为任意参数数值签核"
"ppg_adc_pipeline_overlap_corrector","C:/Users/DAWN/.codex/visualizations/2026/10/02/01a0fd16-9489-7e50-a7b6-a1178fd92bf1/ppg_audit/snapshot/rtl/ppg_adc_pipeline_overlap_corrector/ppg_adc_pipeline_overlap_corrector.v","109","output","false","","o_saturation_high","C13","C:/Users/DAWN/.codex/visualizations/2026/10/02/01a0fd16-9489-7e50-a7b6-a1178fd92bf1/ppg_audit/snapshot/contracts/PPG_ADC_ROUTER_TO_PIPELINE_OVERLAP_INTERFACE_CONTRACT.md","完成","formatter-AST结构+全文端口/打包/消费者语义人工核对；C002/C006及已接受豁免详见报告","固定合同域；默认IDAC8/epoch4，未泛化为任意参数数值签核"
"ppg_adc_pipeline_overlap_corrector","C:/Users/DAWN/.codex/visualizations/2026/10/02/01a0fd16-9489-7e50-a7b6-a1178fd92bf1/ppg_audit/snapshot/rtl/ppg_adc_pipeline_overlap_corrector/ppg_adc_pipeline_overlap_corrector.v","110","output","false","[C_CONFIG_EPOCH_WIDTH - 1:0]","o_config_epoch","C13","C:/Users/DAWN/.codex/visualizations/2026/10/02/01a0fd16-9489-7e50-a7b6-a1178fd92bf1/ppg_audit/snapshot/contracts/PPG_ADC_ROUTER_TO_PIPELINE_OVERLAP_INTERFACE_CONTRACT.md","完成","formatter-AST结构+全文端口/打包/消费者语义人工核对；C002/C006及已接受豁免详见报告","固定合同域；默认IDAC8/epoch4，未泛化为任意参数数值签核"
"ppg_adc_pipeline_overlap_corrector","C:/Users/DAWN/.codex/visualizations/2026/10/02/01a0fd16-9489-7e50-a7b6-a1178fd92bf1/ppg_audit/snapshot/rtl/ppg_adc_pipeline_overlap_corrector/ppg_adc_pipeline_overlap_corrector.v","111","output","false","[C_COEF_EPOCH_WIDTH - 1:0]","o_coef_epoch","C13","C:/Users/DAWN/.codex/visualizations/2026/10/02/01a0fd16-9489-7e50-a7b6-a1178fd92bf1/ppg_audit/snapshot/contracts/PPG_ADC_ROUTER_TO_PIPELINE_OVERLAP_INTERFACE_CONTRACT.md","完成","formatter-AST结构+全文端口/打包/消费者语义人工核对；C002/C006及已接受豁免详见报告","固定合同域；默认IDAC8/epoch4，未泛化为任意参数数值签核"
"ppg_adc_pipeline_overlap_corrector","C:/Users/DAWN/.codex/visualizations/2026/10/02/01a0fd16-9489-7e50-a7b6-a1178fd92bf1/ppg_audit/snapshot/rtl/ppg_adc_pipeline_overlap_corrector/ppg_adc_pipeline_overlap_corrector.v","112","output","false","[8:0]","o_detect_code","C13","C:/Users/DAWN/.codex/visualizations/2026/10/02/01a0fd16-9489-7e50-a7b6-a1178fd92bf1/ppg_audit/snapshot/contracts/PPG_ADC_ROUTER_TO_PIPELINE_OVERLAP_INTERFACE_CONTRACT.md","完成","formatter-AST结构+全文端口/打包/消费者语义人工核对；C002/C006及已接受豁免详见报告","固定合同域；默认IDAC8/epoch4，未泛化为任意参数数值签核"
"ppg_adc_pipeline_overlap_corrector","C:/Users/DAWN/.codex/visualizations/2026/10/02/01a0fd16-9489-7e50-a7b6-a1178fd92bf1/ppg_audit/snapshot/rtl/ppg_adc_pipeline_overlap_corrector/ppg_adc_pipeline_overlap_corrector.v","113","output","false","[9:0]","o_stage1_raw","C13","C:/Users/DAWN/.codex/visualizations/2026/10/02/01a0fd16-9489-7e50-a7b6-a1178fd92bf1/ppg_audit/snapshot/contracts/PPG_ADC_ROUTER_TO_PIPELINE_OVERLAP_INTERFACE_CONTRACT.md","完成","formatter-AST结构+全文端口/打包/消费者语义人工核对；C002/C006及已接受豁免详见报告","固定合同域；默认IDAC8/epoch4，未泛化为任意参数数值签核"
"ppg_adc_pipeline_overlap_corrector","C:/Users/DAWN/.codex/visualizations/2026/10/02/01a0fd16-9489-7e50-a7b6-a1178fd92bf1/ppg_audit/snapshot/rtl/ppg_adc_pipeline_overlap_corrector/ppg_adc_pipeline_overlap_corrector.v","114","output","true","[10:0]","o_stage1_code_ext","C13","C:/Users/DAWN/.codex/visualizations/2026/10/02/01a0fd16-9489-7e50-a7b6-a1178fd92bf1/ppg_audit/snapshot/contracts/PPG_ADC_ROUTER_TO_PIPELINE_OVERLAP_INTERFACE_CONTRACT.md","完成","formatter-AST结构+全文端口/打包/消费者语义人工核对；C002/C006及已接受豁免详见报告","固定合同域；默认IDAC8/epoch4，未泛化为任意参数数值签核"
"ppg_adc_pipeline_overlap_corrector","C:/Users/DAWN/.codex/visualizations/2026/10/02/01a0fd16-9489-7e50-a7b6-a1178fd92bf1/ppg_audit/snapshot/rtl/ppg_adc_pipeline_overlap_corrector/ppg_adc_pipeline_overlap_corrector.v","115","output","false","[9:0]","o_stage2_raw","C13","C:/Users/DAWN/.codex/visualizations/2026/10/02/01a0fd16-9489-7e50-a7b6-a1178fd92bf1/ppg_audit/snapshot/contracts/PPG_ADC_ROUTER_TO_PIPELINE_OVERLAP_INTERFACE_CONTRACT.md","完成","formatter-AST结构+全文端口/打包/消费者语义人工核对；C002/C006及已接受豁免详见报告","固定合同域；默认IDAC8/epoch4，未泛化为任意参数数值签核"
"ppg_adc_pipeline_overlap_corrector","C:/Users/DAWN/.codex/visualizations/2026/10/02/01a0fd16-9489-7e50-a7b6-a1178fd92bf1/ppg_audit/snapshot/rtl/ppg_adc_pipeline_overlap_corrector/ppg_adc_pipeline_overlap_corrector.v","116","output","true","[10:0]","o_stage2_code_ext","C13","C:/Users/DAWN/.codex/visualizations/2026/10/02/01a0fd16-9489-7e50-a7b6-a1178fd92bf1/ppg_audit/snapshot/contracts/PPG_ADC_ROUTER_TO_PIPELINE_OVERLAP_INTERFACE_CONTRACT.md","完成","formatter-AST结构+全文端口/打包/消费者语义人工核对；C002/C006及已接受豁免详见报告","固定合同域；默认IDAC8/epoch4，未泛化为任意参数数值签核"
"ppg_adc_pipeline_overlap_corrector","C:/Users/DAWN/.codex/visualizations/2026/10/02/01a0fd16-9489-7e50-a7b6-a1178fd92bf1/ppg_audit/snapshot/rtl/ppg_adc_pipeline_overlap_corrector/ppg_adc_pipeline_overlap_corrector.v","117","output","true","[14:0]","o_nominal_15_code","C13","C:/Users/DAWN/.codex/visualizations/2026/10/02/01a0fd16-9489-7e50-a7b6-a1178fd92bf1/ppg_audit/snapshot/contracts/PPG_ADC_ROUTER_TO_PIPELINE_OVERLAP_INTERFACE_CONTRACT.md","完成","formatter-AST结构+全文端口/打包/消费者语义人工核对；C002/C006及已接受豁免详见报告","固定合同域；默认IDAC8/epoch4，未泛化为任意参数数值签核"
"ppg_adc_pipeline_overlap_corrector","C:/Users/DAWN/.codex/visualizations/2026/10/02/01a0fd16-9489-7e50-a7b6-a1178fd92bf1/ppg_audit/snapshot/rtl/ppg_adc_pipeline_overlap_corrector/ppg_adc_pipeline_overlap_corrector.v","118","output","false","","o_nominal_15_valid","C13","C:/Users/DAWN/.codex/visualizations/2026/10/02/01a0fd16-9489-7e50-a7b6-a1178fd92bf1/ppg_audit/snapshot/contracts/PPG_ADC_ROUTER_TO_PIPELINE_OVERLAP_INTERFACE_CONTRACT.md","完成","formatter-AST结构+全文端口/打包/消费者语义人工核对；C002/C006及已接受豁免详见报告","固定合同域；默认IDAC8/epoch4，未泛化为任意参数数值签核"
"ppg_adc_pipeline_overlap_corrector","C:/Users/DAWN/.codex/visualizations/2026/10/02/01a0fd16-9489-7e50-a7b6-a1178fd92bf1/ppg_audit/snapshot/rtl/ppg_adc_pipeline_overlap_corrector/ppg_adc_pipeline_overlap_corrector.v","119","output","false","","o_nominal_saturated","C13","C:/Users/DAWN/.codex/visualizations/2026/10/02/01a0fd16-9489-7e50-a7b6-a1178fd92bf1/ppg_audit/snapshot/contracts/PPG_ADC_ROUTER_TO_PIPELINE_OVERLAP_INTERFACE_CONTRACT.md","完成","formatter-AST结构+全文端口/打包/消费者语义人工核对；C002/C006及已接受豁免详见报告","固定合同域；默认IDAC8/epoch4，未泛化为任意参数数值签核"
"ppg_adc_pipeline_overlap_corrector","C:/Users/DAWN/.codex/visualizations/2026/10/02/01a0fd16-9489-7e50-a7b6-a1178fd92bf1/ppg_audit/snapshot/rtl/ppg_adc_pipeline_overlap_corrector/ppg_adc_pipeline_overlap_corrector.v","120","output","false","","o_precision_mode","C13","C:/Users/DAWN/.codex/visualizations/2026/10/02/01a0fd16-9489-7e50-a7b6-a1178fd92bf1/ppg_audit/snapshot/contracts/PPG_ADC_ROUTER_TO_PIPELINE_OVERLAP_INTERFACE_CONTRACT.md","完成","formatter-AST结构+全文端口/打包/消费者语义人工核对；C002/C006及已接受豁免详见报告","固定合同域；默认IDAC8/epoch4，未泛化为任意参数数值签核"
"ppg_adc_pipeline_overlap_corrector","C:/Users/DAWN/.codex/visualizations/2026/10/02/01a0fd16-9489-7e50-a7b6-a1178fd92bf1/ppg_audit/snapshot/rtl/ppg_adc_pipeline_overlap_corrector/ppg_adc_pipeline_overlap_corrector.v","121","output","false","[C_FRAME_ID_WIDTH - 1:0]","o_frame_id","C13","C:/Users/DAWN/.codex/visualizations/2026/10/02/01a0fd16-9489-7e50-a7b6-a1178fd92bf1/ppg_audit/snapshot/contracts/PPG_ADC_ROUTER_TO_PIPELINE_OVERLAP_INTERFACE_CONTRACT.md","完成","formatter-AST结构+全文端口/打包/消费者语义人工核对；C002/C006及已接受豁免详见报告","固定合同域；默认IDAC8/epoch4，未泛化为任意参数数值签核"
"ppg_adc_pipeline_overlap_corrector","C:/Users/DAWN/.codex/visualizations/2026/10/02/01a0fd16-9489-7e50-a7b6-a1178fd92bf1/ppg_audit/snapshot/rtl/ppg_adc_pipeline_overlap_corrector/ppg_adc_pipeline_overlap_corrector.v","122","output","false","[C_SAMPLE_INDEX_WIDTH - 1:0]","o_sample_index","C13","C:/Users/DAWN/.codex/visualizations/2026/10/02/01a0fd16-9489-7e50-a7b6-a1178fd92bf1/ppg_audit/snapshot/contracts/PPG_ADC_ROUTER_TO_PIPELINE_OVERLAP_INTERFACE_CONTRACT.md","完成","formatter-AST结构+全文端口/打包/消费者语义人工核对；C002/C006及已接受豁免详见报告","固定合同域；默认IDAC8/epoch4，未泛化为任意参数数值签核"
"ppg_adc_pipeline_overlap_corrector","C:/Users/DAWN/.codex/visualizations/2026/10/02/01a0fd16-9489-7e50-a7b6-a1178fd92bf1/ppg_audit/snapshot/rtl/ppg_adc_pipeline_overlap_corrector/ppg_adc_pipeline_overlap_corrector.v","123","output","false","","o_color_ir","C13","C:/Users/DAWN/.codex/visualizations/2026/10/02/01a0fd16-9489-7e50-a7b6-a1178fd92bf1/ppg_audit/snapshot/contracts/PPG_ADC_ROUTER_TO_PIPELINE_OVERLAP_INTERFACE_CONTRACT.md","完成","formatter-AST结构+全文端口/打包/消费者语义人工核对；C002/C006及已接受豁免详见报告","固定合同域；默认IDAC8/epoch4，未泛化为任意参数数值签核"
"ppg_adc_pipeline_overlap_corrector","C:/Users/DAWN/.codex/visualizations/2026/10/02/01a0fd16-9489-7e50-a7b6-a1178fd92bf1/ppg_audit/snapshot/rtl/ppg_adc_pipeline_overlap_corrector/ppg_adc_pipeline_overlap_corrector.v","124","output","false","[1:0]","o_frame_type","C13","C:/Users/DAWN/.codex/visualizations/2026/10/02/01a0fd16-9489-7e50-a7b6-a1178fd92bf1/ppg_audit/snapshot/contracts/PPG_ADC_ROUTER_TO_PIPELINE_OVERLAP_INTERFACE_CONTRACT.md","完成","formatter-AST结构+全文端口/打包/消费者语义人工核对；C002/C006及已接受豁免详见报告","固定合同域；默认IDAC8/epoch4，未泛化为任意参数数值签核"
"ppg_adc_pipeline_overlap_corrector","C:/Users/DAWN/.codex/visualizations/2026/10/02/01a0fd16-9489-7e50-a7b6-a1178fd92bf1/ppg_audit/snapshot/rtl/ppg_adc_pipeline_overlap_corrector/ppg_adc_pipeline_overlap_corrector.v","125","output","false","[C_IDAC_CODE_WIDTH - 1:0]","o_amb_code_snapshot","C13","C:/Users/DAWN/.codex/visualizations/2026/10/02/01a0fd16-9489-7e50-a7b6-a1178fd92bf1/ppg_audit/snapshot/contracts/PPG_ADC_ROUTER_TO_PIPELINE_OVERLAP_INTERFACE_CONTRACT.md","完成","formatter-AST结构+全文端口/打包/消费者语义人工核对；C002/C006及已接受豁免详见报告","固定合同域；默认IDAC8/epoch4，未泛化为任意参数数值签核"
"ppg_adc_pipeline_overlap_corrector","C:/Users/DAWN/.codex/visualizations/2026/10/02/01a0fd16-9489-7e50-a7b6-a1178fd92bf1/ppg_audit/snapshot/rtl/ppg_adc_pipeline_overlap_corrector/ppg_adc_pipeline_overlap_corrector.v","126","output","false","[C_IDAC_CODE_WIDTH - 1:0]","o_dc_code_snapshot","C13","C:/Users/DAWN/.codex/visualizations/2026/10/02/01a0fd16-9489-7e50-a7b6-a1178fd92bf1/ppg_audit/snapshot/contracts/PPG_ADC_ROUTER_TO_PIPELINE_OVERLAP_INTERFACE_CONTRACT.md","完成","formatter-AST结构+全文端口/打包/消费者语义人工核对；C002/C006及已接受豁免详见报告","固定合同域；默认IDAC8/epoch4，未泛化为任意参数数值签核"
"ppg_adc_pipeline_overlap_corrector","C:/Users/DAWN/.codex/visualizations/2026/10/02/01a0fd16-9489-7e50-a7b6-a1178fd92bf1/ppg_audit/snapshot/rtl/ppg_adc_pipeline_overlap_corrector/ppg_adc_pipeline_overlap_corrector.v","127","output","false","[C_CODE_EPOCH_WIDTH - 1:0]","o_amb_code_epoch","C13","C:/Users/DAWN/.codex/visualizations/2026/10/02/01a0fd16-9489-7e50-a7b6-a1178fd92bf1/ppg_audit/snapshot/contracts/PPG_ADC_ROUTER_TO_PIPELINE_OVERLAP_INTERFACE_CONTRACT.md","完成","formatter-AST结构+全文端口/打包/消费者语义人工核对；C002/C006及已接受豁免详见报告","固定合同域；默认IDAC8/epoch4，未泛化为任意参数数值签核"
"ppg_adc_pipeline_overlap_corrector","C:/Users/DAWN/.codex/visualizations/2026/10/02/01a0fd16-9489-7e50-a7b6-a1178fd92bf1/ppg_audit/snapshot/rtl/ppg_adc_pipeline_overlap_corrector/ppg_adc_pipeline_overlap_corrector.v","128","output","false","[C_CODE_EPOCH_WIDTH - 1:0]","o_dc_code_epoch","C13","C:/Users/DAWN/.codex/visualizations/2026/10/02/01a0fd16-9489-7e50-a7b6-a1178fd92bf1/ppg_audit/snapshot/contracts/PPG_ADC_ROUTER_TO_PIPELINE_OVERLAP_INTERFACE_CONTRACT.md","完成","formatter-AST结构+全文端口/打包/消费者语义人工核对；C002/C006及已接受豁免详见报告","固定合同域；默认IDAC8/epoch4，未泛化为任意参数数值签核"
"ppg_adc_pipeline_overlap_corrector","C:/Users/DAWN/.codex/visualizations/2026/10/02/01a0fd16-9489-7e50-a7b6-a1178fd92bf1/ppg_audit/snapshot/rtl/ppg_adc_pipeline_overlap_corrector/ppg_adc_pipeline_overlap_corrector.v","129","output","false","[C_RUN_GENERATION_WIDTH - 1:0]","o_run_generation","C13","C:/Users/DAWN/.codex/visualizations/2026/10/02/01a0fd16-9489-7e50-a7b6-a1178fd92bf1/ppg_audit/snapshot/contracts/PPG_ADC_ROUTER_TO_PIPELINE_OVERLAP_INTERFACE_CONTRACT.md","完成","formatter-AST结构+全文端口/打包/消费者语义人工核对；C002/C006及已接受豁免详见报告","固定合同域；默认IDAC8/epoch4，未泛化为任意参数数值签核"
"ppg_adc_pipeline_overlap_corrector","C:/Users/DAWN/.codex/visualizations/2026/10/02/01a0fd16-9489-7e50-a7b6-a1178fd92bf1/ppg_audit/snapshot/rtl/ppg_adc_pipeline_overlap_corrector/ppg_adc_pipeline_overlap_corrector.v","132","output","false","","o_local_empty","C13","C:/Users/DAWN/.codex/visualizations/2026/10/02/01a0fd16-9489-7e50-a7b6-a1178fd92bf1/ppg_audit/snapshot/contracts/PPG_ADC_ROUTER_TO_PIPELINE_OVERLAP_INTERFACE_CONTRACT.md","完成","formatter-AST结构+全文端口/打包/消费者语义人工核对；C002/C006及已接受豁免详见报告","固定合同域；默认IDAC8/epoch4，未泛化为任意参数数值签核"
"ppg_adc_programmable_reconstructor","C:/Users/DAWN/.codex/visualizations/2026/10/02/01a0fd16-9489-7e50-a7b6-a1178fd92bf1/ppg_audit/snapshot/rtl/ppg_adc_programmable_reconstructor/ppg_adc_programmable_reconstructor.v","54","input","false","","i_clk","C14","C:/Users/DAWN/.codex/visualizations/2026/10/02/01a0fd16-9489-7e50-a7b6-a1178fd92bf1/ppg_audit/snapshot/contracts/PPG_ADC_PROGRAMMABLE_RECONSTRUCTOR_INTERFACE_CONTRACT.md","完成","formatter-AST结构+全文端口/打包/消费者语义人工核对；C002/C006及已接受豁免详见报告","固定合同域；默认IDAC8/epoch4，未泛化为任意参数数值签核"
"ppg_adc_programmable_reconstructor","C:/Users/DAWN/.codex/visualizations/2026/10/02/01a0fd16-9489-7e50-a7b6-a1178fd92bf1/ppg_audit/snapshot/rtl/ppg_adc_programmable_reconstructor/ppg_adc_programmable_reconstructor.v","55","input","false","","i_rstn","C14","C:/Users/DAWN/.codex/visualizations/2026/10/02/01a0fd16-9489-7e50-a7b6-a1178fd92bf1/ppg_audit/snapshot/contracts/PPG_ADC_PROGRAMMABLE_RECONSTRUCTOR_INTERFACE_CONTRACT.md","完成","formatter-AST结构+全文端口/打包/消费者语义人工核对；C002/C006及已接受豁免详见报告","固定合同域；默认IDAC8/epoch4，未泛化为任意参数数值签核"
"ppg_adc_programmable_reconstructor","C:/Users/DAWN/.codex/visualizations/2026/10/02/01a0fd16-9489-7e50-a7b6-a1178fd92bf1/ppg_audit/snapshot/rtl/ppg_adc_programmable_reconstructor/ppg_adc_programmable_reconstructor.v","58","input","false","","i_active_valid","C14","C:/Users/DAWN/.codex/visualizations/2026/10/02/01a0fd16-9489-7e50-a7b6-a1178fd92bf1/ppg_audit/snapshot/contracts/PPG_ADC_PROGRAMMABLE_RECONSTRUCTOR_INTERFACE_CONTRACT.md","完成","formatter-AST结构+全文端口/打包/消费者语义人工核对；C002/C006及已接受豁免详见报告","固定合同域；默认IDAC8/epoch4，未泛化为任意参数数值签核"
"ppg_adc_programmable_reconstructor","C:/Users/DAWN/.codex/visualizations/2026/10/02/01a0fd16-9489-7e50-a7b6-a1178fd92bf1/ppg_audit/snapshot/rtl/ppg_adc_programmable_reconstructor/ppg_adc_programmable_reconstructor.v","59","input","false","","i_stage2_calibration_valid","C14","C:/Users/DAWN/.codex/visualizations/2026/10/02/01a0fd16-9489-7e50-a7b6-a1178fd92bf1/ppg_audit/snapshot/contracts/PPG_ADC_PROGRAMMABLE_RECONSTRUCTOR_INTERFACE_CONTRACT.md","完成","formatter-AST结构+全文端口/打包/消费者语义人工核对；C002/C006及已接受豁免详见报告","固定合同域；默认IDAC8/epoch4，未泛化为任意参数数值签核"
"ppg_adc_programmable_reconstructor","C:/Users/DAWN/.codex/visualizations/2026/10/02/01a0fd16-9489-7e50-a7b6-a1178fd92bf1/ppg_audit/snapshot/rtl/ppg_adc_programmable_reconstructor/ppg_adc_programmable_reconstructor.v","60","input","true","[19:0]","i_stage2_gain_q16","C14","C:/Users/DAWN/.codex/visualizations/2026/10/02/01a0fd16-9489-7e50-a7b6-a1178fd92bf1/ppg_audit/snapshot/contracts/PPG_ADC_PROGRAMMABLE_RECONSTRUCTOR_INTERFACE_CONTRACT.md","完成","formatter-AST结构+全文端口/打包/消费者语义人工核对；C002/C006及已接受豁免详见报告","固定合同域；默认IDAC8/epoch4，未泛化为任意参数数值签核"
"ppg_adc_programmable_reconstructor","C:/Users/DAWN/.codex/visualizations/2026/10/02/01a0fd16-9489-7e50-a7b6-a1178fd92bf1/ppg_audit/snapshot/rtl/ppg_adc_programmable_reconstructor/ppg_adc_programmable_reconstructor.v","61","input","true","[31:0]","i_stage2_offset_q16","C14","C:/Users/DAWN/.codex/visualizations/2026/10/02/01a0fd16-9489-7e50-a7b6-a1178fd92bf1/ppg_audit/snapshot/contracts/PPG_ADC_PROGRAMMABLE_RECONSTRUCTOR_INTERFACE_CONTRACT.md","完成","formatter-AST结构+全文端口/打包/消费者语义人工核对；C002/C006及已接受豁免详见报告","固定合同域；默认IDAC8/epoch4，未泛化为任意参数数值签核"
"ppg_adc_programmable_reconstructor","C:/Users/DAWN/.codex/visualizations/2026/10/02/01a0fd16-9489-7e50-a7b6-a1178fd92bf1/ppg_audit/snapshot/rtl/ppg_adc_programmable_reconstructor/ppg_adc_programmable_reconstructor.v","62","input","false","[C_COEF_EPOCH_WIDTH - 1:0]","i_stage2_coef_epoch","C14","C:/Users/DAWN/.codex/visualizations/2026/10/02/01a0fd16-9489-7e50-a7b6-a1178fd92bf1/ppg_audit/snapshot/contracts/PPG_ADC_PROGRAMMABLE_RECONSTRUCTOR_INTERFACE_CONTRACT.md","完成","formatter-AST结构+全文端口/打包/消费者语义人工核对；C002/C006及已接受豁免详见报告","固定合同域；默认IDAC8/epoch4，未泛化为任意参数数值签核"
"ppg_adc_programmable_reconstructor","C:/Users/DAWN/.codex/visualizations/2026/10/02/01a0fd16-9489-7e50-a7b6-a1178fd92bf1/ppg_audit/snapshot/rtl/ppg_adc_programmable_reconstructor/ppg_adc_programmable_reconstructor.v","65","input","false","","i_result_valid","C14","C:/Users/DAWN/.codex/visualizations/2026/10/02/01a0fd16-9489-7e50-a7b6-a1178fd92bf1/ppg_audit/snapshot/contracts/PPG_ADC_PROGRAMMABLE_RECONSTRUCTOR_INTERFACE_CONTRACT.md","完成","formatter-AST结构+全文端口/打包/消费者语义人工核对；C002/C006及已接受豁免详见报告","固定合同域；默认IDAC8/epoch4，未泛化为任意参数数值签核"
"ppg_adc_programmable_reconstructor","C:/Users/DAWN/.codex/visualizations/2026/10/02/01a0fd16-9489-7e50-a7b6-a1178fd92bf1/ppg_audit/snapshot/rtl/ppg_adc_programmable_reconstructor/ppg_adc_programmable_reconstructor.v","66","input","true","[11:0]","i_calibrated_s1_value","C14","C:/Users/DAWN/.codex/visualizations/2026/10/02/01a0fd16-9489-7e50-a7b6-a1178fd92bf1/ppg_audit/snapshot/contracts/PPG_ADC_PROGRAMMABLE_RECONSTRUCTOR_INTERFACE_CONTRACT.md","完成","formatter-AST结构+全文端口/打包/消费者语义人工核对；C002/C006及已接受豁免详见报告","固定合同域；默认IDAC8/epoch4，未泛化为任意参数数值签核"
"ppg_adc_programmable_reconstructor","C:/Users/DAWN/.codex/visualizations/2026/10/02/01a0fd16-9489-7e50-a7b6-a1178fd92bf1/ppg_audit/snapshot/rtl/ppg_adc_programmable_reconstructor/ppg_adc_programmable_reconstructor.v","67","input","false","","i_calibration_applied","C14","C:/Users/DAWN/.codex/visualizations/2026/10/02/01a0fd16-9489-7e50-a7b6-a1178fd92bf1/ppg_audit/snapshot/contracts/PPG_ADC_PROGRAMMABLE_RECONSTRUCTOR_INTERFACE_CONTRACT.md","完成","formatter-AST结构+全文端口/打包/消费者语义人工核对；C002/C006及已接受豁免详见报告","固定合同域；默认IDAC8/epoch4，未泛化为任意参数数值签核"
"ppg_adc_programmable_reconstructor","C:/Users/DAWN/.codex/visualizations/2026/10/02/01a0fd16-9489-7e50-a7b6-a1178fd92bf1/ppg_audit/snapshot/rtl/ppg_adc_programmable_reconstructor/ppg_adc_programmable_reconstructor.v","68","input","false","","i_saturation_low","C14","C:/Users/DAWN/.codex/visualizations/2026/10/02/01a0fd16-9489-7e50-a7b6-a1178fd92bf1/ppg_audit/snapshot/contracts/PPG_ADC_PROGRAMMABLE_RECONSTRUCTOR_INTERFACE_CONTRACT.md","完成","formatter-AST结构+全文端口/打包/消费者语义人工核对；C002/C006及已接受豁免详见报告","固定合同域；默认IDAC8/epoch4，未泛化为任意参数数值签核"
"ppg_adc_programmable_reconstructor","C:/Users/DAWN/.codex/visualizations/2026/10/02/01a0fd16-9489-7e50-a7b6-a1178fd92bf1/ppg_audit/snapshot/rtl/ppg_adc_programmable_reconstructor/ppg_adc_programmable_reconstructor.v","69","input","false","","i_saturation_high","C14","C:/Users/DAWN/.codex/visualizations/2026/10/02/01a0fd16-9489-7e50-a7b6-a1178fd92bf1/ppg_audit/snapshot/contracts/PPG_ADC_PROGRAMMABLE_RECONSTRUCTOR_INTERFACE_CONTRACT.md","完成","formatter-AST结构+全文端口/打包/消费者语义人工核对；C002/C006及已接受豁免详见报告","固定合同域；默认IDAC8/epoch4，未泛化为任意参数数值签核"
"ppg_adc_programmable_reconstructor","C:/Users/DAWN/.codex/visualizations/2026/10/02/01a0fd16-9489-7e50-a7b6-a1178fd92bf1/ppg_audit/snapshot/rtl/ppg_adc_programmable_reconstructor/ppg_adc_programmable_reconstructor.v","70","input","false","[C_CONFIG_EPOCH_WIDTH - 1:0]","i_config_epoch","C14","C:/Users/DAWN/.codex/visualizations/2026/10/02/01a0fd16-9489-7e50-a7b6-a1178fd92bf1/ppg_audit/snapshot/contracts/PPG_ADC_PROGRAMMABLE_RECONSTRUCTOR_INTERFACE_CONTRACT.md","完成","formatter-AST结构+全文端口/打包/消费者语义人工核对；C002/C006及已接受豁免详见报告","固定合同域；默认IDAC8/epoch4，未泛化为任意参数数值签核"
"ppg_adc_programmable_reconstructor","C:/Users/DAWN/.codex/visualizations/2026/10/02/01a0fd16-9489-7e50-a7b6-a1178fd92bf1/ppg_audit/snapshot/rtl/ppg_adc_programmable_reconstructor/ppg_adc_programmable_reconstructor.v","71","input","false","[C_COEF_EPOCH_WIDTH - 1:0]","i_coef_epoch","C14","C:/Users/DAWN/.codex/visualizations/2026/10/02/01a0fd16-9489-7e50-a7b6-a1178fd92bf1/ppg_audit/snapshot/contracts/PPG_ADC_PROGRAMMABLE_RECONSTRUCTOR_INTERFACE_CONTRACT.md","完成","formatter-AST结构+全文端口/打包/消费者语义人工核对；C002/C006及已接受豁免详见报告","固定合同域；默认IDAC8/epoch4，未泛化为任意参数数值签核"
"ppg_adc_programmable_reconstructor","C:/Users/DAWN/.codex/visualizations/2026/10/02/01a0fd16-9489-7e50-a7b6-a1178fd92bf1/ppg_audit/snapshot/rtl/ppg_adc_programmable_reconstructor/ppg_adc_programmable_reconstructor.v","72","input","false","[8:0]","i_detect_code","C14","C:/Users/DAWN/.codex/visualizations/2026/10/02/01a0fd16-9489-7e50-a7b6-a1178fd92bf1/ppg_audit/snapshot/contracts/PPG_ADC_PROGRAMMABLE_RECONSTRUCTOR_INTERFACE_CONTRACT.md","完成","formatter-AST结构+全文端口/打包/消费者语义人工核对；C002/C006及已接受豁免详见报告","固定合同域；默认IDAC8/epoch4，未泛化为任意参数数值签核"
"ppg_adc_programmable_reconstructor","C:/Users/DAWN/.codex/visualizations/2026/10/02/01a0fd16-9489-7e50-a7b6-a1178fd92bf1/ppg_audit/snapshot/rtl/ppg_adc_programmable_reconstructor/ppg_adc_programmable_reconstructor.v","73","input","false","[9:0]","i_stage1_raw","C14","C:/Users/DAWN/.codex/visualizations/2026/10/02/01a0fd16-9489-7e50-a7b6-a1178fd92bf1/ppg_audit/snapshot/contracts/PPG_ADC_PROGRAMMABLE_RECONSTRUCTOR_INTERFACE_CONTRACT.md","完成","formatter-AST结构+全文端口/打包/消费者语义人工核对；C002/C006及已接受豁免详见报告","固定合同域；默认IDAC8/epoch4，未泛化为任意参数数值签核"
"ppg_adc_programmable_reconstructor","C:/Users/DAWN/.codex/visualizations/2026/10/02/01a0fd16-9489-7e50-a7b6-a1178fd92bf1/ppg_audit/snapshot/rtl/ppg_adc_programmable_reconstructor/ppg_adc_programmable_reconstructor.v","74","input","true","[10:0]","i_stage1_code_ext","C14","C:/Users/DAWN/.codex/visualizations/2026/10/02/01a0fd16-9489-7e50-a7b6-a1178fd92bf1/ppg_audit/snapshot/contracts/PPG_ADC_PROGRAMMABLE_RECONSTRUCTOR_INTERFACE_CONTRACT.md","完成","formatter-AST结构+全文端口/打包/消费者语义人工核对；C002/C006及已接受豁免详见报告","固定合同域；默认IDAC8/epoch4，未泛化为任意参数数值签核"
"ppg_adc_programmable_reconstructor","C:/Users/DAWN/.codex/visualizations/2026/10/02/01a0fd16-9489-7e50-a7b6-a1178fd92bf1/ppg_audit/snapshot/rtl/ppg_adc_programmable_reconstructor/ppg_adc_programmable_reconstructor.v","75","input","false","[9:0]","i_stage2_raw","C14","C:/Users/DAWN/.codex/visualizations/2026/10/02/01a0fd16-9489-7e50-a7b6-a1178fd92bf1/ppg_audit/snapshot/contracts/PPG_ADC_PROGRAMMABLE_RECONSTRUCTOR_INTERFACE_CONTRACT.md","完成","formatter-AST结构+全文端口/打包/消费者语义人工核对；C002/C006及已接受豁免详见报告","固定合同域；默认IDAC8/epoch4，未泛化为任意参数数值签核"
"ppg_adc_programmable_reconstructor","C:/Users/DAWN/.codex/visualizations/2026/10/02/01a0fd16-9489-7e50-a7b6-a1178fd92bf1/ppg_audit/snapshot/rtl/ppg_adc_programmable_reconstructor/ppg_adc_programmable_reconstructor.v","76","input","true","[10:0]","i_stage2_code_ext","C14","C:/Users/DAWN/.codex/visualizations/2026/10/02/01a0fd16-9489-7e50-a7b6-a1178fd92bf1/ppg_audit/snapshot/contracts/PPG_ADC_PROGRAMMABLE_RECONSTRUCTOR_INTERFACE_CONTRACT.md","完成","formatter-AST结构+全文端口/打包/消费者语义人工核对；C002/C006及已接受豁免详见报告","固定合同域；默认IDAC8/epoch4，未泛化为任意参数数值签核"
"ppg_adc_programmable_reconstructor","C:/Users/DAWN/.codex/visualizations/2026/10/02/01a0fd16-9489-7e50-a7b6-a1178fd92bf1/ppg_audit/snapshot/rtl/ppg_adc_programmable_reconstructor/ppg_adc_programmable_reconstructor.v","77","input","true","[14:0]","i_nominal_15_code","C14","C:/Users/DAWN/.codex/visualizations/2026/10/02/01a0fd16-9489-7e50-a7b6-a1178fd92bf1/ppg_audit/snapshot/contracts/PPG_ADC_PROGRAMMABLE_RECONSTRUCTOR_INTERFACE_CONTRACT.md","完成","formatter-AST结构+全文端口/打包/消费者语义人工核对；C002/C006及已接受豁免详见报告","固定合同域；默认IDAC8/epoch4，未泛化为任意参数数值签核"
"ppg_adc_programmable_reconstructor","C:/Users/DAWN/.codex/visualizations/2026/10/02/01a0fd16-9489-7e50-a7b6-a1178fd92bf1/ppg_audit/snapshot/rtl/ppg_adc_programmable_reconstructor/ppg_adc_programmable_reconstructor.v","78","input","false","","i_nominal_15_valid","C14","C:/Users/DAWN/.codex/visualizations/2026/10/02/01a0fd16-9489-7e50-a7b6-a1178fd92bf1/ppg_audit/snapshot/contracts/PPG_ADC_PROGRAMMABLE_RECONSTRUCTOR_INTERFACE_CONTRACT.md","完成","formatter-AST结构+全文端口/打包/消费者语义人工核对；C002/C006及已接受豁免详见报告","固定合同域；默认IDAC8/epoch4，未泛化为任意参数数值签核"
"ppg_adc_programmable_reconstructor","C:/Users/DAWN/.codex/visualizations/2026/10/02/01a0fd16-9489-7e50-a7b6-a1178fd92bf1/ppg_audit/snapshot/rtl/ppg_adc_programmable_reconstructor/ppg_adc_programmable_reconstructor.v","79","input","false","","i_nominal_saturated","C14","C:/Users/DAWN/.codex/visualizations/2026/10/02/01a0fd16-9489-7e50-a7b6-a1178fd92bf1/ppg_audit/snapshot/contracts/PPG_ADC_PROGRAMMABLE_RECONSTRUCTOR_INTERFACE_CONTRACT.md","完成","formatter-AST结构+全文端口/打包/消费者语义人工核对；C002/C006及已接受豁免详见报告","固定合同域；默认IDAC8/epoch4，未泛化为任意参数数值签核"
"ppg_adc_programmable_reconstructor","C:/Users/DAWN/.codex/visualizations/2026/10/02/01a0fd16-9489-7e50-a7b6-a1178fd92bf1/ppg_audit/snapshot/rtl/ppg_adc_programmable_reconstructor/ppg_adc_programmable_reconstructor.v","80","input","false","","i_precision_mode","C14","C:/Users/DAWN/.codex/visualizations/2026/10/02/01a0fd16-9489-7e50-a7b6-a1178fd92bf1/ppg_audit/snapshot/contracts/PPG_ADC_PROGRAMMABLE_RECONSTRUCTOR_INTERFACE_CONTRACT.md","完成","formatter-AST结构+全文端口/打包/消费者语义人工核对；C002/C006及已接受豁免详见报告","固定合同域；默认IDAC8/epoch4，未泛化为任意参数数值签核"
"ppg_adc_programmable_reconstructor","C:/Users/DAWN/.codex/visualizations/2026/10/02/01a0fd16-9489-7e50-a7b6-a1178fd92bf1/ppg_audit/snapshot/rtl/ppg_adc_programmable_reconstructor/ppg_adc_programmable_reconstructor.v","81","input","false","[C_FRAME_ID_WIDTH - 1:0]","i_frame_id","C14","C:/Users/DAWN/.codex/visualizations/2026/10/02/01a0fd16-9489-7e50-a7b6-a1178fd92bf1/ppg_audit/snapshot/contracts/PPG_ADC_PROGRAMMABLE_RECONSTRUCTOR_INTERFACE_CONTRACT.md","完成","formatter-AST结构+全文端口/打包/消费者语义人工核对；C002/C006及已接受豁免详见报告","固定合同域；默认IDAC8/epoch4，未泛化为任意参数数值签核"
"ppg_adc_programmable_reconstructor","C:/Users/DAWN/.codex/visualizations/2026/10/02/01a0fd16-9489-7e50-a7b6-a1178fd92bf1/ppg_audit/snapshot/rtl/ppg_adc_programmable_reconstructor/ppg_adc_programmable_reconstructor.v","82","input","false","[C_SAMPLE_INDEX_WIDTH - 1:0]","i_sample_index","C14","C:/Users/DAWN/.codex/visualizations/2026/10/02/01a0fd16-9489-7e50-a7b6-a1178fd92bf1/ppg_audit/snapshot/contracts/PPG_ADC_PROGRAMMABLE_RECONSTRUCTOR_INTERFACE_CONTRACT.md","完成","formatter-AST结构+全文端口/打包/消费者语义人工核对；C002/C006及已接受豁免详见报告","固定合同域；默认IDAC8/epoch4，未泛化为任意参数数值签核"
"ppg_adc_programmable_reconstructor","C:/Users/DAWN/.codex/visualizations/2026/10/02/01a0fd16-9489-7e50-a7b6-a1178fd92bf1/ppg_audit/snapshot/rtl/ppg_adc_programmable_reconstructor/ppg_adc_programmable_reconstructor.v","83","input","false","","i_color_ir","C14","C:/Users/DAWN/.codex/visualizations/2026/10/02/01a0fd16-9489-7e50-a7b6-a1178fd92bf1/ppg_audit/snapshot/contracts/PPG_ADC_PROGRAMMABLE_RECONSTRUCTOR_INTERFACE_CONTRACT.md","完成","formatter-AST结构+全文端口/打包/消费者语义人工核对；C002/C006及已接受豁免详见报告","固定合同域；默认IDAC8/epoch4，未泛化为任意参数数值签核"
"ppg_adc_programmable_reconstructor","C:/Users/DAWN/.codex/visualizations/2026/10/02/01a0fd16-9489-7e50-a7b6-a1178fd92bf1/ppg_audit/snapshot/rtl/ppg_adc_programmable_reconstructor/ppg_adc_programmable_reconstructor.v","84","input","false","[1:0]","i_frame_type","C14","C:/Users/DAWN/.codex/visualizations/2026/10/02/01a0fd16-9489-7e50-a7b6-a1178fd92bf1/ppg_audit/snapshot/contracts/PPG_ADC_PROGRAMMABLE_RECONSTRUCTOR_INTERFACE_CONTRACT.md","完成","formatter-AST结构+全文端口/打包/消费者语义人工核对；C002/C006及已接受豁免详见报告","固定合同域；默认IDAC8/epoch4，未泛化为任意参数数值签核"
"ppg_adc_programmable_reconstructor","C:/Users/DAWN/.codex/visualizations/2026/10/02/01a0fd16-9489-7e50-a7b6-a1178fd92bf1/ppg_audit/snapshot/rtl/ppg_adc_programmable_reconstructor/ppg_adc_programmable_reconstructor.v","85","input","false","[C_IDAC_CODE_WIDTH - 1:0]","i_amb_code_snapshot","C14","C:/Users/DAWN/.codex/visualizations/2026/10/02/01a0fd16-9489-7e50-a7b6-a1178fd92bf1/ppg_audit/snapshot/contracts/PPG_ADC_PROGRAMMABLE_RECONSTRUCTOR_INTERFACE_CONTRACT.md","完成","formatter-AST结构+全文端口/打包/消费者语义人工核对；C002/C006及已接受豁免详见报告","固定合同域；默认IDAC8/epoch4，未泛化为任意参数数值签核"
"ppg_adc_programmable_reconstructor","C:/Users/DAWN/.codex/visualizations/2026/10/02/01a0fd16-9489-7e50-a7b6-a1178fd92bf1/ppg_audit/snapshot/rtl/ppg_adc_programmable_reconstructor/ppg_adc_programmable_reconstructor.v","86","input","false","[C_IDAC_CODE_WIDTH - 1:0]","i_dc_code_snapshot","C14","C:/Users/DAWN/.codex/visualizations/2026/10/02/01a0fd16-9489-7e50-a7b6-a1178fd92bf1/ppg_audit/snapshot/contracts/PPG_ADC_PROGRAMMABLE_RECONSTRUCTOR_INTERFACE_CONTRACT.md","完成","formatter-AST结构+全文端口/打包/消费者语义人工核对；C002/C006及已接受豁免详见报告","固定合同域；默认IDAC8/epoch4，未泛化为任意参数数值签核"
"ppg_adc_programmable_reconstructor","C:/Users/DAWN/.codex/visualizations/2026/10/02/01a0fd16-9489-7e50-a7b6-a1178fd92bf1/ppg_audit/snapshot/rtl/ppg_adc_programmable_reconstructor/ppg_adc_programmable_reconstructor.v","87","input","false","[C_CODE_EPOCH_WIDTH - 1:0]","i_amb_code_epoch","C14","C:/Users/DAWN/.codex/visualizations/2026/10/02/01a0fd16-9489-7e50-a7b6-a1178fd92bf1/ppg_audit/snapshot/contracts/PPG_ADC_PROGRAMMABLE_RECONSTRUCTOR_INTERFACE_CONTRACT.md","完成","formatter-AST结构+全文端口/打包/消费者语义人工核对；C002/C006及已接受豁免详见报告","固定合同域；默认IDAC8/epoch4，未泛化为任意参数数值签核"
"ppg_adc_programmable_reconstructor","C:/Users/DAWN/.codex/visualizations/2026/10/02/01a0fd16-9489-7e50-a7b6-a1178fd92bf1/ppg_audit/snapshot/rtl/ppg_adc_programmable_reconstructor/ppg_adc_programmable_reconstructor.v","88","input","false","[C_CODE_EPOCH_WIDTH - 1:0]","i_dc_code_epoch","C14","C:/Users/DAWN/.codex/visualizations/2026/10/02/01a0fd16-9489-7e50-a7b6-a1178fd92bf1/ppg_audit/snapshot/contracts/PPG_ADC_PROGRAMMABLE_RECONSTRUCTOR_INTERFACE_CONTRACT.md","完成","formatter-AST结构+全文端口/打包/消费者语义人工核对；C002/C006及已接受豁免详见报告","固定合同域；默认IDAC8/epoch4，未泛化为任意参数数值签核"
"ppg_adc_programmable_reconstructor","C:/Users/DAWN/.codex/visualizations/2026/10/02/01a0fd16-9489-7e50-a7b6-a1178fd92bf1/ppg_audit/snapshot/rtl/ppg_adc_programmable_reconstructor/ppg_adc_programmable_reconstructor.v","89","output","false","","o_result_ready","C14","C:/Users/DAWN/.codex/visualizations/2026/10/02/01a0fd16-9489-7e50-a7b6-a1178fd92bf1/ppg_audit/snapshot/contracts/PPG_ADC_PROGRAMMABLE_RECONSTRUCTOR_INTERFACE_CONTRACT.md","完成","formatter-AST结构+全文端口/打包/消费者语义人工核对；C002/C006及已接受豁免详见报告","固定合同域；默认IDAC8/epoch4，未泛化为任意参数数值签核"
"ppg_adc_programmable_reconstructor","C:/Users/DAWN/.codex/visualizations/2026/10/02/01a0fd16-9489-7e50-a7b6-a1178fd92bf1/ppg_audit/snapshot/rtl/ppg_adc_programmable_reconstructor/ppg_adc_programmable_reconstructor.v","92","input","false","","i_result_ready","C14","C:/Users/DAWN/.codex/visualizations/2026/10/02/01a0fd16-9489-7e50-a7b6-a1178fd92bf1/ppg_audit/snapshot/contracts/PPG_ADC_PROGRAMMABLE_RECONSTRUCTOR_INTERFACE_CONTRACT.md","完成","formatter-AST结构+全文端口/打包/消费者语义人工核对；C002/C006及已接受豁免详见报告","固定合同域；默认IDAC8/epoch4，未泛化为任意参数数值签核"
"ppg_adc_programmable_reconstructor","C:/Users/DAWN/.codex/visualizations/2026/10/02/01a0fd16-9489-7e50-a7b6-a1178fd92bf1/ppg_audit/snapshot/rtl/ppg_adc_programmable_reconstructor/ppg_adc_programmable_reconstructor.v","93","output","false","","o_result_valid","C14","C:/Users/DAWN/.codex/visualizations/2026/10/02/01a0fd16-9489-7e50-a7b6-a1178fd92bf1/ppg_audit/snapshot/contracts/PPG_ADC_PROGRAMMABLE_RECONSTRUCTOR_INTERFACE_CONTRACT.md","完成","formatter-AST结构+全文端口/打包/消费者语义人工核对；C002/C006及已接受豁免详见报告","固定合同域；默认IDAC8/epoch4，未泛化为任意参数数值签核"
"ppg_adc_programmable_reconstructor","C:/Users/DAWN/.codex/visualizations/2026/10/02/01a0fd16-9489-7e50-a7b6-a1178fd92bf1/ppg_audit/snapshot/rtl/ppg_adc_programmable_reconstructor/ppg_adc_programmable_reconstructor.v","94","output","true","[14:0]","o_programmable_15_code","C14","C:/Users/DAWN/.codex/visualizations/2026/10/02/01a0fd16-9489-7e50-a7b6-a1178fd92bf1/ppg_audit/snapshot/contracts/PPG_ADC_PROGRAMMABLE_RECONSTRUCTOR_INTERFACE_CONTRACT.md","完成","formatter-AST结构+全文端口/打包/消费者语义人工核对；C002/C006及已接受豁免详见报告","固定合同域；默认IDAC8/epoch4，未泛化为任意参数数值签核"
"ppg_adc_programmable_reconstructor","C:/Users/DAWN/.codex/visualizations/2026/10/02/01a0fd16-9489-7e50-a7b6-a1178fd92bf1/ppg_audit/snapshot/rtl/ppg_adc_programmable_reconstructor/ppg_adc_programmable_reconstructor.v","95","output","false","","o_programmable_15_valid","C14","C:/Users/DAWN/.codex/visualizations/2026/10/02/01a0fd16-9489-7e50-a7b6-a1178fd92bf1/ppg_audit/snapshot/contracts/PPG_ADC_PROGRAMMABLE_RECONSTRUCTOR_INTERFACE_CONTRACT.md","完成","formatter-AST结构+全文端口/打包/消费者语义人工核对；C002/C006及已接受豁免详见报告","固定合同域；默认IDAC8/epoch4，未泛化为任意参数数值签核"
"ppg_adc_programmable_reconstructor","C:/Users/DAWN/.codex/visualizations/2026/10/02/01a0fd16-9489-7e50-a7b6-a1178fd92bf1/ppg_audit/snapshot/rtl/ppg_adc_programmable_reconstructor/ppg_adc_programmable_reconstructor.v","96","output","false","","o_programmable_15_calibration_applied","C14","C:/Users/DAWN/.codex/visualizations/2026/10/02/01a0fd16-9489-7e50-a7b6-a1178fd92bf1/ppg_audit/snapshot/contracts/PPG_ADC_PROGRAMMABLE_RECONSTRUCTOR_INTERFACE_CONTRACT.md","完成","formatter-AST结构+全文端口/打包/消费者语义人工核对；C002/C006及已接受豁免详见报告","固定合同域；默认IDAC8/epoch4，未泛化为任意参数数值签核"
"ppg_adc_programmable_reconstructor","C:/Users/DAWN/.codex/visualizations/2026/10/02/01a0fd16-9489-7e50-a7b6-a1178fd92bf1/ppg_audit/snapshot/rtl/ppg_adc_programmable_reconstructor/ppg_adc_programmable_reconstructor.v","97","output","false","","o_programmable_saturation_low","C14","C:/Users/DAWN/.codex/visualizations/2026/10/02/01a0fd16-9489-7e50-a7b6-a1178fd92bf1/ppg_audit/snapshot/contracts/PPG_ADC_PROGRAMMABLE_RECONSTRUCTOR_INTERFACE_CONTRACT.md","完成","formatter-AST结构+全文端口/打包/消费者语义人工核对；C002/C006及已接受豁免详见报告","固定合同域；默认IDAC8/epoch4，未泛化为任意参数数值签核"
"ppg_adc_programmable_reconstructor","C:/Users/DAWN/.codex/visualizations/2026/10/02/01a0fd16-9489-7e50-a7b6-a1178fd92bf1/ppg_audit/snapshot/rtl/ppg_adc_programmable_reconstructor/ppg_adc_programmable_reconstructor.v","98","output","false","","o_programmable_saturation_high","C14","C:/Users/DAWN/.codex/visualizations/2026/10/02/01a0fd16-9489-7e50-a7b6-a1178fd92bf1/ppg_audit/snapshot/contracts/PPG_ADC_PROGRAMMABLE_RECONSTRUCTOR_INTERFACE_CONTRACT.md","完成","formatter-AST结构+全文端口/打包/消费者语义人工核对；C002/C006及已接受豁免详见报告","固定合同域；默认IDAC8/epoch4，未泛化为任意参数数值签核"
"ppg_adc_programmable_reconstructor","C:/Users/DAWN/.codex/visualizations/2026/10/02/01a0fd16-9489-7e50-a7b6-a1178fd92bf1/ppg_audit/snapshot/rtl/ppg_adc_programmable_reconstructor/ppg_adc_programmable_reconstructor.v","99","output","false","[C_COEF_EPOCH_WIDTH - 1:0]","o_stage2_coef_epoch","C14","C:/Users/DAWN/.codex/visualizations/2026/10/02/01a0fd16-9489-7e50-a7b6-a1178fd92bf1/ppg_audit/snapshot/contracts/PPG_ADC_PROGRAMMABLE_RECONSTRUCTOR_INTERFACE_CONTRACT.md","完成","formatter-AST结构+全文端口/打包/消费者语义人工核对；C002/C006及已接受豁免详见报告","固定合同域；默认IDAC8/epoch4，未泛化为任意参数数值签核"
"ppg_adc_programmable_reconstructor","C:/Users/DAWN/.codex/visualizations/2026/10/02/01a0fd16-9489-7e50-a7b6-a1178fd92bf1/ppg_audit/snapshot/rtl/ppg_adc_programmable_reconstructor/ppg_adc_programmable_reconstructor.v","100","output","true","[11:0]","o_calibrated_s1_value","C14","C:/Users/DAWN/.codex/visualizations/2026/10/02/01a0fd16-9489-7e50-a7b6-a1178fd92bf1/ppg_audit/snapshot/contracts/PPG_ADC_PROGRAMMABLE_RECONSTRUCTOR_INTERFACE_CONTRACT.md","完成","formatter-AST结构+全文端口/打包/消费者语义人工核对；C002/C006及已接受豁免详见报告","固定合同域；默认IDAC8/epoch4，未泛化为任意参数数值签核"
"ppg_adc_programmable_reconstructor","C:/Users/DAWN/.codex/visualizations/2026/10/02/01a0fd16-9489-7e50-a7b6-a1178fd92bf1/ppg_audit/snapshot/rtl/ppg_adc_programmable_reconstructor/ppg_adc_programmable_reconstructor.v","101","output","false","","o_calibration_applied","C14","C:/Users/DAWN/.codex/visualizations/2026/10/02/01a0fd16-9489-7e50-a7b6-a1178fd92bf1/ppg_audit/snapshot/contracts/PPG_ADC_PROGRAMMABLE_RECONSTRUCTOR_INTERFACE_CONTRACT.md","完成","formatter-AST结构+全文端口/打包/消费者语义人工核对；C002/C006及已接受豁免详见报告","固定合同域；默认IDAC8/epoch4，未泛化为任意参数数值签核"
"ppg_adc_programmable_reconstructor","C:/Users/DAWN/.codex/visualizations/2026/10/02/01a0fd16-9489-7e50-a7b6-a1178fd92bf1/ppg_audit/snapshot/rtl/ppg_adc_programmable_reconstructor/ppg_adc_programmable_reconstructor.v","102","output","false","","o_stage1_saturation_low","C14","C:/Users/DAWN/.codex/visualizations/2026/10/02/01a0fd16-9489-7e50-a7b6-a1178fd92bf1/ppg_audit/snapshot/contracts/PPG_ADC_PROGRAMMABLE_RECONSTRUCTOR_INTERFACE_CONTRACT.md","完成","formatter-AST结构+全文端口/打包/消费者语义人工核对；C002/C006及已接受豁免详见报告","固定合同域；默认IDAC8/epoch4，未泛化为任意参数数值签核"
"ppg_adc_programmable_reconstructor","C:/Users/DAWN/.codex/visualizations/2026/10/02/01a0fd16-9489-7e50-a7b6-a1178fd92bf1/ppg_audit/snapshot/rtl/ppg_adc_programmable_reconstructor/ppg_adc_programmable_reconstructor.v","103","output","false","","o_stage1_saturation_high","C14","C:/Users/DAWN/.codex/visualizations/2026/10/02/01a0fd16-9489-7e50-a7b6-a1178fd92bf1/ppg_audit/snapshot/contracts/PPG_ADC_PROGRAMMABLE_RECONSTRUCTOR_INTERFACE_CONTRACT.md","完成","formatter-AST结构+全文端口/打包/消费者语义人工核对；C002/C006及已接受豁免详见报告","固定合同域；默认IDAC8/epoch4，未泛化为任意参数数值签核"
"ppg_adc_programmable_reconstructor","C:/Users/DAWN/.codex/visualizations/2026/10/02/01a0fd16-9489-7e50-a7b6-a1178fd92bf1/ppg_audit/snapshot/rtl/ppg_adc_programmable_reconstructor/ppg_adc_programmable_reconstructor.v","104","output","false","[C_CONFIG_EPOCH_WIDTH - 1:0]","o_config_epoch","C14","C:/Users/DAWN/.codex/visualizations/2026/10/02/01a0fd16-9489-7e50-a7b6-a1178fd92bf1/ppg_audit/snapshot/contracts/PPG_ADC_PROGRAMMABLE_RECONSTRUCTOR_INTERFACE_CONTRACT.md","完成","formatter-AST结构+全文端口/打包/消费者语义人工核对；C002/C006及已接受豁免详见报告","固定合同域；默认IDAC8/epoch4，未泛化为任意参数数值签核"
"ppg_adc_programmable_reconstructor","C:/Users/DAWN/.codex/visualizations/2026/10/02/01a0fd16-9489-7e50-a7b6-a1178fd92bf1/ppg_audit/snapshot/rtl/ppg_adc_programmable_reconstructor/ppg_adc_programmable_reconstructor.v","105","output","false","[C_COEF_EPOCH_WIDTH - 1:0]","o_coef_epoch","C14","C:/Users/DAWN/.codex/visualizations/2026/10/02/01a0fd16-9489-7e50-a7b6-a1178fd92bf1/ppg_audit/snapshot/contracts/PPG_ADC_PROGRAMMABLE_RECONSTRUCTOR_INTERFACE_CONTRACT.md","完成","formatter-AST结构+全文端口/打包/消费者语义人工核对；C002/C006及已接受豁免详见报告","固定合同域；默认IDAC8/epoch4，未泛化为任意参数数值签核"
"ppg_adc_programmable_reconstructor","C:/Users/DAWN/.codex/visualizations/2026/10/02/01a0fd16-9489-7e50-a7b6-a1178fd92bf1/ppg_audit/snapshot/rtl/ppg_adc_programmable_reconstructor/ppg_adc_programmable_reconstructor.v","106","output","false","[8:0]","o_detect_code","C14","C:/Users/DAWN/.codex/visualizations/2026/10/02/01a0fd16-9489-7e50-a7b6-a1178fd92bf1/ppg_audit/snapshot/contracts/PPG_ADC_PROGRAMMABLE_RECONSTRUCTOR_INTERFACE_CONTRACT.md","完成","formatter-AST结构+全文端口/打包/消费者语义人工核对；C002/C006及已接受豁免详见报告","固定合同域；默认IDAC8/epoch4，未泛化为任意参数数值签核"
"ppg_adc_programmable_reconstructor","C:/Users/DAWN/.codex/visualizations/2026/10/02/01a0fd16-9489-7e50-a7b6-a1178fd92bf1/ppg_audit/snapshot/rtl/ppg_adc_programmable_reconstructor/ppg_adc_programmable_reconstructor.v","107","output","false","[9:0]","o_stage1_raw","C14","C:/Users/DAWN/.codex/visualizations/2026/10/02/01a0fd16-9489-7e50-a7b6-a1178fd92bf1/ppg_audit/snapshot/contracts/PPG_ADC_PROGRAMMABLE_RECONSTRUCTOR_INTERFACE_CONTRACT.md","完成","formatter-AST结构+全文端口/打包/消费者语义人工核对；C002/C006及已接受豁免详见报告","固定合同域；默认IDAC8/epoch4，未泛化为任意参数数值签核"
"ppg_adc_programmable_reconstructor","C:/Users/DAWN/.codex/visualizations/2026/10/02/01a0fd16-9489-7e50-a7b6-a1178fd92bf1/ppg_audit/snapshot/rtl/ppg_adc_programmable_reconstructor/ppg_adc_programmable_reconstructor.v","108","output","true","[10:0]","o_stage1_code_ext","C14","C:/Users/DAWN/.codex/visualizations/2026/10/02/01a0fd16-9489-7e50-a7b6-a1178fd92bf1/ppg_audit/snapshot/contracts/PPG_ADC_PROGRAMMABLE_RECONSTRUCTOR_INTERFACE_CONTRACT.md","完成","formatter-AST结构+全文端口/打包/消费者语义人工核对；C002/C006及已接受豁免详见报告","固定合同域；默认IDAC8/epoch4，未泛化为任意参数数值签核"
"ppg_adc_programmable_reconstructor","C:/Users/DAWN/.codex/visualizations/2026/10/02/01a0fd16-9489-7e50-a7b6-a1178fd92bf1/ppg_audit/snapshot/rtl/ppg_adc_programmable_reconstructor/ppg_adc_programmable_reconstructor.v","109","output","false","[9:0]","o_stage2_raw","C14","C:/Users/DAWN/.codex/visualizations/2026/10/02/01a0fd16-9489-7e50-a7b6-a1178fd92bf1/ppg_audit/snapshot/contracts/PPG_ADC_PROGRAMMABLE_RECONSTRUCTOR_INTERFACE_CONTRACT.md","完成","formatter-AST结构+全文端口/打包/消费者语义人工核对；C002/C006及已接受豁免详见报告","固定合同域；默认IDAC8/epoch4，未泛化为任意参数数值签核"
"ppg_adc_programmable_reconstructor","C:/Users/DAWN/.codex/visualizations/2026/10/02/01a0fd16-9489-7e50-a7b6-a1178fd92bf1/ppg_audit/snapshot/rtl/ppg_adc_programmable_reconstructor/ppg_adc_programmable_reconstructor.v","110","output","true","[10:0]","o_stage2_code_ext","C14","C:/Users/DAWN/.codex/visualizations/2026/10/02/01a0fd16-9489-7e50-a7b6-a1178fd92bf1/ppg_audit/snapshot/contracts/PPG_ADC_PROGRAMMABLE_RECONSTRUCTOR_INTERFACE_CONTRACT.md","完成","formatter-AST结构+全文端口/打包/消费者语义人工核对；C002/C006及已接受豁免详见报告","固定合同域；默认IDAC8/epoch4，未泛化为任意参数数值签核"
"ppg_adc_programmable_reconstructor","C:/Users/DAWN/.codex/visualizations/2026/10/02/01a0fd16-9489-7e50-a7b6-a1178fd92bf1/ppg_audit/snapshot/rtl/ppg_adc_programmable_reconstructor/ppg_adc_programmable_reconstructor.v","111","output","true","[14:0]","o_nominal_15_code","C14","C:/Users/DAWN/.codex/visualizations/2026/10/02/01a0fd16-9489-7e50-a7b6-a1178fd92bf1/ppg_audit/snapshot/contracts/PPG_ADC_PROGRAMMABLE_RECONSTRUCTOR_INTERFACE_CONTRACT.md","完成","formatter-AST结构+全文端口/打包/消费者语义人工核对；C002/C006及已接受豁免详见报告","固定合同域；默认IDAC8/epoch4，未泛化为任意参数数值签核"
"ppg_adc_programmable_reconstructor","C:/Users/DAWN/.codex/visualizations/2026/10/02/01a0fd16-9489-7e50-a7b6-a1178fd92bf1/ppg_audit/snapshot/rtl/ppg_adc_programmable_reconstructor/ppg_adc_programmable_reconstructor.v","112","output","false","","o_nominal_15_valid","C14","C:/Users/DAWN/.codex/visualizations/2026/10/02/01a0fd16-9489-7e50-a7b6-a1178fd92bf1/ppg_audit/snapshot/contracts/PPG_ADC_PROGRAMMABLE_RECONSTRUCTOR_INTERFACE_CONTRACT.md","完成","formatter-AST结构+全文端口/打包/消费者语义人工核对；C002/C006及已接受豁免详见报告","固定合同域；默认IDAC8/epoch4，未泛化为任意参数数值签核"
"ppg_adc_programmable_reconstructor","C:/Users/DAWN/.codex/visualizations/2026/10/02/01a0fd16-9489-7e50-a7b6-a1178fd92bf1/ppg_audit/snapshot/rtl/ppg_adc_programmable_reconstructor/ppg_adc_programmable_reconstructor.v","113","output","false","","o_nominal_saturated","C14","C:/Users/DAWN/.codex/visualizations/2026/10/02/01a0fd16-9489-7e50-a7b6-a1178fd92bf1/ppg_audit/snapshot/contracts/PPG_ADC_PROGRAMMABLE_RECONSTRUCTOR_INTERFACE_CONTRACT.md","完成","formatter-AST结构+全文端口/打包/消费者语义人工核对；C002/C006及已接受豁免详见报告","固定合同域；默认IDAC8/epoch4，未泛化为任意参数数值签核"
"ppg_adc_programmable_reconstructor","C:/Users/DAWN/.codex/visualizations/2026/10/02/01a0fd16-9489-7e50-a7b6-a1178fd92bf1/ppg_audit/snapshot/rtl/ppg_adc_programmable_reconstructor/ppg_adc_programmable_reconstructor.v","114","output","false","","o_precision_mode","C14","C:/Users/DAWN/.codex/visualizations/2026/10/02/01a0fd16-9489-7e50-a7b6-a1178fd92bf1/ppg_audit/snapshot/contracts/PPG_ADC_PROGRAMMABLE_RECONSTRUCTOR_INTERFACE_CONTRACT.md","完成","formatter-AST结构+全文端口/打包/消费者语义人工核对；C002/C006及已接受豁免详见报告","固定合同域；默认IDAC8/epoch4，未泛化为任意参数数值签核"
"ppg_adc_programmable_reconstructor","C:/Users/DAWN/.codex/visualizations/2026/10/02/01a0fd16-9489-7e50-a7b6-a1178fd92bf1/ppg_audit/snapshot/rtl/ppg_adc_programmable_reconstructor/ppg_adc_programmable_reconstructor.v","115","output","false","[C_FRAME_ID_WIDTH - 1:0]","o_frame_id","C14","C:/Users/DAWN/.codex/visualizations/2026/10/02/01a0fd16-9489-7e50-a7b6-a1178fd92bf1/ppg_audit/snapshot/contracts/PPG_ADC_PROGRAMMABLE_RECONSTRUCTOR_INTERFACE_CONTRACT.md","完成","formatter-AST结构+全文端口/打包/消费者语义人工核对；C002/C006及已接受豁免详见报告","固定合同域；默认IDAC8/epoch4，未泛化为任意参数数值签核"
"ppg_adc_programmable_reconstructor","C:/Users/DAWN/.codex/visualizations/2026/10/02/01a0fd16-9489-7e50-a7b6-a1178fd92bf1/ppg_audit/snapshot/rtl/ppg_adc_programmable_reconstructor/ppg_adc_programmable_reconstructor.v","116","output","false","[C_SAMPLE_INDEX_WIDTH - 1:0]","o_sample_index","C14","C:/Users/DAWN/.codex/visualizations/2026/10/02/01a0fd16-9489-7e50-a7b6-a1178fd92bf1/ppg_audit/snapshot/contracts/PPG_ADC_PROGRAMMABLE_RECONSTRUCTOR_INTERFACE_CONTRACT.md","完成","formatter-AST结构+全文端口/打包/消费者语义人工核对；C002/C006及已接受豁免详见报告","固定合同域；默认IDAC8/epoch4，未泛化为任意参数数值签核"
"ppg_adc_programmable_reconstructor","C:/Users/DAWN/.codex/visualizations/2026/10/02/01a0fd16-9489-7e50-a7b6-a1178fd92bf1/ppg_audit/snapshot/rtl/ppg_adc_programmable_reconstructor/ppg_adc_programmable_reconstructor.v","117","output","false","","o_color_ir","C14","C:/Users/DAWN/.codex/visualizations/2026/10/02/01a0fd16-9489-7e50-a7b6-a1178fd92bf1/ppg_audit/snapshot/contracts/PPG_ADC_PROGRAMMABLE_RECONSTRUCTOR_INTERFACE_CONTRACT.md","完成","formatter-AST结构+全文端口/打包/消费者语义人工核对；C002/C006及已接受豁免详见报告","固定合同域；默认IDAC8/epoch4，未泛化为任意参数数值签核"
"ppg_adc_programmable_reconstructor","C:/Users/DAWN/.codex/visualizations/2026/10/02/01a0fd16-9489-7e50-a7b6-a1178fd92bf1/ppg_audit/snapshot/rtl/ppg_adc_programmable_reconstructor/ppg_adc_programmable_reconstructor.v","118","output","false","[1:0]","o_frame_type","C14","C:/Users/DAWN/.codex/visualizations/2026/10/02/01a0fd16-9489-7e50-a7b6-a1178fd92bf1/ppg_audit/snapshot/contracts/PPG_ADC_PROGRAMMABLE_RECONSTRUCTOR_INTERFACE_CONTRACT.md","完成","formatter-AST结构+全文端口/打包/消费者语义人工核对；C002/C006及已接受豁免详见报告","固定合同域；默认IDAC8/epoch4，未泛化为任意参数数值签核"
"ppg_adc_programmable_reconstructor","C:/Users/DAWN/.codex/visualizations/2026/10/02/01a0fd16-9489-7e50-a7b6-a1178fd92bf1/ppg_audit/snapshot/rtl/ppg_adc_programmable_reconstructor/ppg_adc_programmable_reconstructor.v","119","output","false","[C_IDAC_CODE_WIDTH - 1:0]","o_amb_code_snapshot","C14","C:/Users/DAWN/.codex/visualizations/2026/10/02/01a0fd16-9489-7e50-a7b6-a1178fd92bf1/ppg_audit/snapshot/contracts/PPG_ADC_PROGRAMMABLE_RECONSTRUCTOR_INTERFACE_CONTRACT.md","完成","formatter-AST结构+全文端口/打包/消费者语义人工核对；C002/C006及已接受豁免详见报告","固定合同域；默认IDAC8/epoch4，未泛化为任意参数数值签核"
"ppg_adc_programmable_reconstructor","C:/Users/DAWN/.codex/visualizations/2026/10/02/01a0fd16-9489-7e50-a7b6-a1178fd92bf1/ppg_audit/snapshot/rtl/ppg_adc_programmable_reconstructor/ppg_adc_programmable_reconstructor.v","120","output","false","[C_IDAC_CODE_WIDTH - 1:0]","o_dc_code_snapshot","C14","C:/Users/DAWN/.codex/visualizations/2026/10/02/01a0fd16-9489-7e50-a7b6-a1178fd92bf1/ppg_audit/snapshot/contracts/PPG_ADC_PROGRAMMABLE_RECONSTRUCTOR_INTERFACE_CONTRACT.md","完成","formatter-AST结构+全文端口/打包/消费者语义人工核对；C002/C006及已接受豁免详见报告","固定合同域；默认IDAC8/epoch4，未泛化为任意参数数值签核"
"ppg_adc_programmable_reconstructor","C:/Users/DAWN/.codex/visualizations/2026/10/02/01a0fd16-9489-7e50-a7b6-a1178fd92bf1/ppg_audit/snapshot/rtl/ppg_adc_programmable_reconstructor/ppg_adc_programmable_reconstructor.v","121","output","false","[C_CODE_EPOCH_WIDTH - 1:0]","o_amb_code_epoch","C14","C:/Users/DAWN/.codex/visualizations/2026/10/02/01a0fd16-9489-7e50-a7b6-a1178fd92bf1/ppg_audit/snapshot/contracts/PPG_ADC_PROGRAMMABLE_RECONSTRUCTOR_INTERFACE_CONTRACT.md","完成","formatter-AST结构+全文端口/打包/消费者语义人工核对；C002/C006及已接受豁免详见报告","固定合同域；默认IDAC8/epoch4，未泛化为任意参数数值签核"
"ppg_adc_programmable_reconstructor","C:/Users/DAWN/.codex/visualizations/2026/10/02/01a0fd16-9489-7e50-a7b6-a1178fd92bf1/ppg_audit/snapshot/rtl/ppg_adc_programmable_reconstructor/ppg_adc_programmable_reconstructor.v","122","output","false","[C_CODE_EPOCH_WIDTH - 1:0]","o_dc_code_epoch","C14","C:/Users/DAWN/.codex/visualizations/2026/10/02/01a0fd16-9489-7e50-a7b6-a1178fd92bf1/ppg_audit/snapshot/contracts/PPG_ADC_PROGRAMMABLE_RECONSTRUCTOR_INTERFACE_CONTRACT.md","完成","formatter-AST结构+全文端口/打包/消费者语义人工核对；C002/C006及已接受豁免详见报告","固定合同域；默认IDAC8/epoch4，未泛化为任意参数数值签核"
"ppg_adc_result_router","C:/Users/DAWN/.codex/visualizations/2026/10/02/01a0fd16-9489-7e50-a7b6-a1178fd92bf1/ppg_audit/snapshot/rtl/ppg_adc_result_router/ppg_adc_result_router.v","65","input","false","","i_rstn","C12/C13","C:/Users/DAWN/.codex/visualizations/2026/10/02/01a0fd16-9489-7e50-a7b6-a1178fd92bf1/ppg_audit/snapshot/contracts/PPG_ADC_S1_CALIBRATOR_TO_ROUTER_INTERFACE_CONTRACT.md","完成","formatter-AST结构+全文端口/打包/消费者语义人工核对；C002/C006及已接受豁免详见报告","固定合同域；默认IDAC8/epoch4，未泛化为任意参数数值签核"
"ppg_adc_result_router","C:/Users/DAWN/.codex/visualizations/2026/10/02/01a0fd16-9489-7e50-a7b6-a1178fd92bf1/ppg_audit/snapshot/rtl/ppg_adc_result_router/ppg_adc_result_router.v","68","input","false","","i_result_valid","C12/C13","C:/Users/DAWN/.codex/visualizations/2026/10/02/01a0fd16-9489-7e50-a7b6-a1178fd92bf1/ppg_audit/snapshot/contracts/PPG_ADC_S1_CALIBRATOR_TO_ROUTER_INTERFACE_CONTRACT.md","完成","formatter-AST结构+全文端口/打包/消费者语义人工核对；C002/C006及已接受豁免详见报告","固定合同域；默认IDAC8/epoch4，未泛化为任意参数数值签核"
"ppg_adc_result_router","C:/Users/DAWN/.codex/visualizations/2026/10/02/01a0fd16-9489-7e50-a7b6-a1178fd92bf1/ppg_audit/snapshot/rtl/ppg_adc_result_router/ppg_adc_result_router.v","69","input","true","[11:0]","i_calibrated_s1_value","C12/C13","C:/Users/DAWN/.codex/visualizations/2026/10/02/01a0fd16-9489-7e50-a7b6-a1178fd92bf1/ppg_audit/snapshot/contracts/PPG_ADC_S1_CALIBRATOR_TO_ROUTER_INTERFACE_CONTRACT.md","完成","formatter-AST结构+全文端口/打包/消费者语义人工核对；C002/C006及已接受豁免详见报告","固定合同域；默认IDAC8/epoch4，未泛化为任意参数数值签核"
"ppg_adc_result_router","C:/Users/DAWN/.codex/visualizations/2026/10/02/01a0fd16-9489-7e50-a7b6-a1178fd92bf1/ppg_audit/snapshot/rtl/ppg_adc_result_router/ppg_adc_result_router.v","70","input","false","","i_calibration_applied","C12/C13","C:/Users/DAWN/.codex/visualizations/2026/10/02/01a0fd16-9489-7e50-a7b6-a1178fd92bf1/ppg_audit/snapshot/contracts/PPG_ADC_S1_CALIBRATOR_TO_ROUTER_INTERFACE_CONTRACT.md","完成","formatter-AST结构+全文端口/打包/消费者语义人工核对；C002/C006及已接受豁免详见报告","固定合同域；默认IDAC8/epoch4，未泛化为任意参数数值签核"
"ppg_adc_result_router","C:/Users/DAWN/.codex/visualizations/2026/10/02/01a0fd16-9489-7e50-a7b6-a1178fd92bf1/ppg_audit/snapshot/rtl/ppg_adc_result_router/ppg_adc_result_router.v","71","input","false","","i_saturation_low","C12/C13","C:/Users/DAWN/.codex/visualizations/2026/10/02/01a0fd16-9489-7e50-a7b6-a1178fd92bf1/ppg_audit/snapshot/contracts/PPG_ADC_S1_CALIBRATOR_TO_ROUTER_INTERFACE_CONTRACT.md","完成","formatter-AST结构+全文端口/打包/消费者语义人工核对；C002/C006及已接受豁免详见报告","固定合同域；默认IDAC8/epoch4，未泛化为任意参数数值签核"
"ppg_adc_result_router","C:/Users/DAWN/.codex/visualizations/2026/10/02/01a0fd16-9489-7e50-a7b6-a1178fd92bf1/ppg_audit/snapshot/rtl/ppg_adc_result_router/ppg_adc_result_router.v","72","input","false","","i_saturation_high","C12/C13","C:/Users/DAWN/.codex/visualizations/2026/10/02/01a0fd16-9489-7e50-a7b6-a1178fd92bf1/ppg_audit/snapshot/contracts/PPG_ADC_S1_CALIBRATOR_TO_ROUTER_INTERFACE_CONTRACT.md","完成","formatter-AST结构+全文端口/打包/消费者语义人工核对；C002/C006及已接受豁免详见报告","固定合同域；默认IDAC8/epoch4，未泛化为任意参数数值签核"
"ppg_adc_result_router","C:/Users/DAWN/.codex/visualizations/2026/10/02/01a0fd16-9489-7e50-a7b6-a1178fd92bf1/ppg_audit/snapshot/rtl/ppg_adc_result_router/ppg_adc_result_router.v","73","input","false","[C_CONFIG_EPOCH_WIDTH - 1:0]","i_config_epoch","C12/C13","C:/Users/DAWN/.codex/visualizations/2026/10/02/01a0fd16-9489-7e50-a7b6-a1178fd92bf1/ppg_audit/snapshot/contracts/PPG_ADC_S1_CALIBRATOR_TO_ROUTER_INTERFACE_CONTRACT.md","完成","formatter-AST结构+全文端口/打包/消费者语义人工核对；C002/C006及已接受豁免详见报告","固定合同域；默认IDAC8/epoch4，未泛化为任意参数数值签核"
"ppg_adc_result_router","C:/Users/DAWN/.codex/visualizations/2026/10/02/01a0fd16-9489-7e50-a7b6-a1178fd92bf1/ppg_audit/snapshot/rtl/ppg_adc_result_router/ppg_adc_result_router.v","74","input","false","[C_COEF_EPOCH_WIDTH - 1:0]","i_coef_epoch","C12/C13","C:/Users/DAWN/.codex/visualizations/2026/10/02/01a0fd16-9489-7e50-a7b6-a1178fd92bf1/ppg_audit/snapshot/contracts/PPG_ADC_S1_CALIBRATOR_TO_ROUTER_INTERFACE_CONTRACT.md","完成","formatter-AST结构+全文端口/打包/消费者语义人工核对；C002/C006及已接受豁免详见报告","固定合同域；默认IDAC8/epoch4，未泛化为任意参数数值签核"
"ppg_adc_result_router","C:/Users/DAWN/.codex/visualizations/2026/10/02/01a0fd16-9489-7e50-a7b6-a1178fd92bf1/ppg_audit/snapshot/rtl/ppg_adc_result_router/ppg_adc_result_router.v","75","input","false","[8:0]","i_detect_code","C12/C13","C:/Users/DAWN/.codex/visualizations/2026/10/02/01a0fd16-9489-7e50-a7b6-a1178fd92bf1/ppg_audit/snapshot/contracts/PPG_ADC_S1_CALIBRATOR_TO_ROUTER_INTERFACE_CONTRACT.md","完成","formatter-AST结构+全文端口/打包/消费者语义人工核对；C002/C006及已接受豁免详见报告","固定合同域；默认IDAC8/epoch4，未泛化为任意参数数值签核"
"ppg_adc_result_router","C:/Users/DAWN/.codex/visualizations/2026/10/02/01a0fd16-9489-7e50-a7b6-a1178fd92bf1/ppg_audit/snapshot/rtl/ppg_adc_result_router/ppg_adc_result_router.v","76","input","false","[9:0]","i_stage1_raw","C12/C13","C:/Users/DAWN/.codex/visualizations/2026/10/02/01a0fd16-9489-7e50-a7b6-a1178fd92bf1/ppg_audit/snapshot/contracts/PPG_ADC_S1_CALIBRATOR_TO_ROUTER_INTERFACE_CONTRACT.md","完成","formatter-AST结构+全文端口/打包/消费者语义人工核对；C002/C006及已接受豁免详见报告","固定合同域；默认IDAC8/epoch4，未泛化为任意参数数值签核"
"ppg_adc_result_router","C:/Users/DAWN/.codex/visualizations/2026/10/02/01a0fd16-9489-7e50-a7b6-a1178fd92bf1/ppg_audit/snapshot/rtl/ppg_adc_result_router/ppg_adc_result_router.v","77","input","true","[10:0]","i_stage1_code_ext","C12/C13","C:/Users/DAWN/.codex/visualizations/2026/10/02/01a0fd16-9489-7e50-a7b6-a1178fd92bf1/ppg_audit/snapshot/contracts/PPG_ADC_S1_CALIBRATOR_TO_ROUTER_INTERFACE_CONTRACT.md","完成","formatter-AST结构+全文端口/打包/消费者语义人工核对；C002/C006及已接受豁免详见报告","固定合同域；默认IDAC8/epoch4，未泛化为任意参数数值签核"
"ppg_adc_result_router","C:/Users/DAWN/.codex/visualizations/2026/10/02/01a0fd16-9489-7e50-a7b6-a1178fd92bf1/ppg_audit/snapshot/rtl/ppg_adc_result_router/ppg_adc_result_router.v","78","input","false","[9:0]","i_stage2_raw","C12/C13","C:/Users/DAWN/.codex/visualizations/2026/10/02/01a0fd16-9489-7e50-a7b6-a1178fd92bf1/ppg_audit/snapshot/contracts/PPG_ADC_S1_CALIBRATOR_TO_ROUTER_INTERFACE_CONTRACT.md","完成","formatter-AST结构+全文端口/打包/消费者语义人工核对；C002/C006及已接受豁免详见报告","固定合同域；默认IDAC8/epoch4，未泛化为任意参数数值签核"
"ppg_adc_result_router","C:/Users/DAWN/.codex/visualizations/2026/10/02/01a0fd16-9489-7e50-a7b6-a1178fd92bf1/ppg_audit/snapshot/rtl/ppg_adc_result_router/ppg_adc_result_router.v","79","input","false","","i_precision_mode","C12/C13","C:/Users/DAWN/.codex/visualizations/2026/10/02/01a0fd16-9489-7e50-a7b6-a1178fd92bf1/ppg_audit/snapshot/contracts/PPG_ADC_S1_CALIBRATOR_TO_ROUTER_INTERFACE_CONTRACT.md","完成","formatter-AST结构+全文端口/打包/消费者语义人工核对；C002/C006及已接受豁免详见报告","固定合同域；默认IDAC8/epoch4，未泛化为任意参数数值签核"
"ppg_adc_result_router","C:/Users/DAWN/.codex/visualizations/2026/10/02/01a0fd16-9489-7e50-a7b6-a1178fd92bf1/ppg_audit/snapshot/rtl/ppg_adc_result_router/ppg_adc_result_router.v","80","input","false","[C_FRAME_ID_WIDTH - 1:0]","i_frame_id","C12/C13","C:/Users/DAWN/.codex/visualizations/2026/10/02/01a0fd16-9489-7e50-a7b6-a1178fd92bf1/ppg_audit/snapshot/contracts/PPG_ADC_S1_CALIBRATOR_TO_ROUTER_INTERFACE_CONTRACT.md","完成","formatter-AST结构+全文端口/打包/消费者语义人工核对；C002/C006及已接受豁免详见报告","固定合同域；默认IDAC8/epoch4，未泛化为任意参数数值签核"
"ppg_adc_result_router","C:/Users/DAWN/.codex/visualizations/2026/10/02/01a0fd16-9489-7e50-a7b6-a1178fd92bf1/ppg_audit/snapshot/rtl/ppg_adc_result_router/ppg_adc_result_router.v","81","input","false","[C_SAMPLE_INDEX_WIDTH - 1:0]","i_sample_index","C12/C13","C:/Users/DAWN/.codex/visualizations/2026/10/02/01a0fd16-9489-7e50-a7b6-a1178fd92bf1/ppg_audit/snapshot/contracts/PPG_ADC_S1_CALIBRATOR_TO_ROUTER_INTERFACE_CONTRACT.md","完成","formatter-AST结构+全文端口/打包/消费者语义人工核对；C002/C006及已接受豁免详见报告","固定合同域；默认IDAC8/epoch4，未泛化为任意参数数值签核"
"ppg_adc_result_router","C:/Users/DAWN/.codex/visualizations/2026/10/02/01a0fd16-9489-7e50-a7b6-a1178fd92bf1/ppg_audit/snapshot/rtl/ppg_adc_result_router/ppg_adc_result_router.v","82","input","false","","i_color_ir","C12/C13","C:/Users/DAWN/.codex/visualizations/2026/10/02/01a0fd16-9489-7e50-a7b6-a1178fd92bf1/ppg_audit/snapshot/contracts/PPG_ADC_S1_CALIBRATOR_TO_ROUTER_INTERFACE_CONTRACT.md","完成","formatter-AST结构+全文端口/打包/消费者语义人工核对；C002/C006及已接受豁免详见报告","固定合同域；默认IDAC8/epoch4，未泛化为任意参数数值签核"
"ppg_adc_result_router","C:/Users/DAWN/.codex/visualizations/2026/10/02/01a0fd16-9489-7e50-a7b6-a1178fd92bf1/ppg_audit/snapshot/rtl/ppg_adc_result_router/ppg_adc_result_router.v","83","input","false","[1:0]","i_frame_type","C12/C13","C:/Users/DAWN/.codex/visualizations/2026/10/02/01a0fd16-9489-7e50-a7b6-a1178fd92bf1/ppg_audit/snapshot/contracts/PPG_ADC_S1_CALIBRATOR_TO_ROUTER_INTERFACE_CONTRACT.md","完成","formatter-AST结构+全文端口/打包/消费者语义人工核对；C002/C006及已接受豁免详见报告","固定合同域；默认IDAC8/epoch4，未泛化为任意参数数值签核"
"ppg_adc_result_router","C:/Users/DAWN/.codex/visualizations/2026/10/02/01a0fd16-9489-7e50-a7b6-a1178fd92bf1/ppg_audit/snapshot/rtl/ppg_adc_result_router/ppg_adc_result_router.v","84","input","false","[C_IDAC_CODE_WIDTH - 1:0]","i_amb_code_snapshot","C12/C13","C:/Users/DAWN/.codex/visualizations/2026/10/02/01a0fd16-9489-7e50-a7b6-a1178fd92bf1/ppg_audit/snapshot/contracts/PPG_ADC_S1_CALIBRATOR_TO_ROUTER_INTERFACE_CONTRACT.md","完成","formatter-AST结构+全文端口/打包/消费者语义人工核对；C002/C006及已接受豁免详见报告","固定合同域；默认IDAC8/epoch4，未泛化为任意参数数值签核"
"ppg_adc_result_router","C:/Users/DAWN/.codex/visualizations/2026/10/02/01a0fd16-9489-7e50-a7b6-a1178fd92bf1/ppg_audit/snapshot/rtl/ppg_adc_result_router/ppg_adc_result_router.v","85","input","false","[C_IDAC_CODE_WIDTH - 1:0]","i_dc_code_snapshot","C12/C13","C:/Users/DAWN/.codex/visualizations/2026/10/02/01a0fd16-9489-7e50-a7b6-a1178fd92bf1/ppg_audit/snapshot/contracts/PPG_ADC_S1_CALIBRATOR_TO_ROUTER_INTERFACE_CONTRACT.md","完成","formatter-AST结构+全文端口/打包/消费者语义人工核对；C002/C006及已接受豁免详见报告","固定合同域；默认IDAC8/epoch4，未泛化为任意参数数值签核"
"ppg_adc_result_router","C:/Users/DAWN/.codex/visualizations/2026/10/02/01a0fd16-9489-7e50-a7b6-a1178fd92bf1/ppg_audit/snapshot/rtl/ppg_adc_result_router/ppg_adc_result_router.v","86","input","false","[C_CODE_EPOCH_WIDTH - 1:0]","i_amb_code_epoch","C12/C13","C:/Users/DAWN/.codex/visualizations/2026/10/02/01a0fd16-9489-7e50-a7b6-a1178fd92bf1/ppg_audit/snapshot/contracts/PPG_ADC_S1_CALIBRATOR_TO_ROUTER_INTERFACE_CONTRACT.md","完成","formatter-AST结构+全文端口/打包/消费者语义人工核对；C002/C006及已接受豁免详见报告","固定合同域；默认IDAC8/epoch4，未泛化为任意参数数值签核"
"ppg_adc_result_router","C:/Users/DAWN/.codex/visualizations/2026/10/02/01a0fd16-9489-7e50-a7b6-a1178fd92bf1/ppg_audit/snapshot/rtl/ppg_adc_result_router/ppg_adc_result_router.v","87","input","false","[C_CODE_EPOCH_WIDTH - 1:0]","i_dc_code_epoch","C12/C13","C:/Users/DAWN/.codex/visualizations/2026/10/02/01a0fd16-9489-7e50-a7b6-a1178fd92bf1/ppg_audit/snapshot/contracts/PPG_ADC_S1_CALIBRATOR_TO_ROUTER_INTERFACE_CONTRACT.md","完成","formatter-AST结构+全文端口/打包/消费者语义人工核对；C002/C006及已接受豁免详见报告","固定合同域；默认IDAC8/epoch4，未泛化为任意参数数值签核"
"ppg_adc_result_router","C:/Users/DAWN/.codex/visualizations/2026/10/02/01a0fd16-9489-7e50-a7b6-a1178fd92bf1/ppg_audit/snapshot/rtl/ppg_adc_result_router/ppg_adc_result_router.v","88","input","false","[C_RUN_GENERATION_WIDTH - 1:0]","i_run_generation","C12/C13","C:/Users/DAWN/.codex/visualizations/2026/10/02/01a0fd16-9489-7e50-a7b6-a1178fd92bf1/ppg_audit/snapshot/contracts/PPG_ADC_S1_CALIBRATOR_TO_ROUTER_INTERFACE_CONTRACT.md","完成","formatter-AST结构+全文端口/打包/消费者语义人工核对；C002/C006及已接受豁免详见报告","固定合同域；默认IDAC8/epoch4，未泛化为任意参数数值签核"
"ppg_adc_result_router","C:/Users/DAWN/.codex/visualizations/2026/10/02/01a0fd16-9489-7e50-a7b6-a1178fd92bf1/ppg_audit/snapshot/rtl/ppg_adc_result_router/ppg_adc_result_router.v","91","input","false","","i_amb_cal_ready","C12/C13","C:/Users/DAWN/.codex/visualizations/2026/10/02/01a0fd16-9489-7e50-a7b6-a1178fd92bf1/ppg_audit/snapshot/contracts/PPG_ADC_S1_CALIBRATOR_TO_ROUTER_INTERFACE_CONTRACT.md","完成","formatter-AST结构+全文端口/打包/消费者语义人工核对；C002/C006及已接受豁免详见报告","固定合同域；默认IDAC8/epoch4，未泛化为任意参数数值签核"
"ppg_adc_result_router","C:/Users/DAWN/.codex/visualizations/2026/10/02/01a0fd16-9489-7e50-a7b6-a1178fd92bf1/ppg_audit/snapshot/rtl/ppg_adc_result_router/ppg_adc_result_router.v","92","input","false","","i_dc_cal_ready","C12/C13","C:/Users/DAWN/.codex/visualizations/2026/10/02/01a0fd16-9489-7e50-a7b6-a1178fd92bf1/ppg_audit/snapshot/contracts/PPG_ADC_S1_CALIBRATOR_TO_ROUTER_INTERFACE_CONTRACT.md","完成","formatter-AST结构+全文端口/打包/消费者语义人工核对；C002/C006及已接受豁免详见报告","固定合同域；默认IDAC8/epoch4，未泛化为任意参数数值签核"
"ppg_adc_result_router","C:/Users/DAWN/.codex/visualizations/2026/10/02/01a0fd16-9489-7e50-a7b6-a1178fd92bf1/ppg_audit/snapshot/rtl/ppg_adc_result_router/ppg_adc_result_router.v","93","input","false","","i_normal_ready","C12/C13","C:/Users/DAWN/.codex/visualizations/2026/10/02/01a0fd16-9489-7e50-a7b6-a1178fd92bf1/ppg_audit/snapshot/contracts/PPG_ADC_S1_CALIBRATOR_TO_ROUTER_INTERFACE_CONTRACT.md","完成","formatter-AST结构+全文端口/打包/消费者语义人工核对；C002/C006及已接受豁免详见报告","固定合同域；默认IDAC8/epoch4，未泛化为任意参数数值签核"
"ppg_adc_result_router","C:/Users/DAWN/.codex/visualizations/2026/10/02/01a0fd16-9489-7e50-a7b6-a1178fd92bf1/ppg_audit/snapshot/rtl/ppg_adc_result_router/ppg_adc_result_router.v","96","output","false","","o_result_ready","C12/C13","C:/Users/DAWN/.codex/visualizations/2026/10/02/01a0fd16-9489-7e50-a7b6-a1178fd92bf1/ppg_audit/snapshot/contracts/PPG_ADC_S1_CALIBRATOR_TO_ROUTER_INTERFACE_CONTRACT.md","完成","formatter-AST结构+全文端口/打包/消费者语义人工核对；C002/C006及已接受豁免详见报告","固定合同域；默认IDAC8/epoch4，未泛化为任意参数数值签核"
"ppg_adc_result_router","C:/Users/DAWN/.codex/visualizations/2026/10/02/01a0fd16-9489-7e50-a7b6-a1178fd92bf1/ppg_audit/snapshot/rtl/ppg_adc_result_router/ppg_adc_result_router.v","99","output","false","","o_amb_cal_valid","C12/C13","C:/Users/DAWN/.codex/visualizations/2026/10/02/01a0fd16-9489-7e50-a7b6-a1178fd92bf1/ppg_audit/snapshot/contracts/PPG_ADC_S1_CALIBRATOR_TO_ROUTER_INTERFACE_CONTRACT.md","完成","formatter-AST结构+全文端口/打包/消费者语义人工核对；C002/C006及已接受豁免详见报告","固定合同域；默认IDAC8/epoch4，未泛化为任意参数数值签核"
"ppg_adc_result_router","C:/Users/DAWN/.codex/visualizations/2026/10/02/01a0fd16-9489-7e50-a7b6-a1178fd92bf1/ppg_audit/snapshot/rtl/ppg_adc_result_router/ppg_adc_result_router.v","100","output","false","","o_dc_cal_valid","C12/C13","C:/Users/DAWN/.codex/visualizations/2026/10/02/01a0fd16-9489-7e50-a7b6-a1178fd92bf1/ppg_audit/snapshot/contracts/PPG_ADC_S1_CALIBRATOR_TO_ROUTER_INTERFACE_CONTRACT.md","完成","formatter-AST结构+全文端口/打包/消费者语义人工核对；C002/C006及已接受豁免详见报告","固定合同域；默认IDAC8/epoch4，未泛化为任意参数数值签核"
"ppg_adc_result_router","C:/Users/DAWN/.codex/visualizations/2026/10/02/01a0fd16-9489-7e50-a7b6-a1178fd92bf1/ppg_audit/snapshot/rtl/ppg_adc_result_router/ppg_adc_result_router.v","101","output","false","","o_normal_valid","C12/C13","C:/Users/DAWN/.codex/visualizations/2026/10/02/01a0fd16-9489-7e50-a7b6-a1178fd92bf1/ppg_audit/snapshot/contracts/PPG_ADC_S1_CALIBRATOR_TO_ROUTER_INTERFACE_CONTRACT.md","完成","formatter-AST结构+全文端口/打包/消费者语义人工核对；C002/C006及已接受豁免详见报告","固定合同域；默认IDAC8/epoch4，未泛化为任意参数数值签核"
"ppg_adc_result_router","C:/Users/DAWN/.codex/visualizations/2026/10/02/01a0fd16-9489-7e50-a7b6-a1178fd92bf1/ppg_audit/snapshot/rtl/ppg_adc_result_router/ppg_adc_result_router.v","102","output","false","","o_frame_type_error","C12/C13","C:/Users/DAWN/.codex/visualizations/2026/10/02/01a0fd16-9489-7e50-a7b6-a1178fd92bf1/ppg_audit/snapshot/contracts/PPG_ADC_S1_CALIBRATOR_TO_ROUTER_INTERFACE_CONTRACT.md","完成","formatter-AST结构+全文端口/打包/消费者语义人工核对；C002/C006及已接受豁免详见报告","固定合同域；默认IDAC8/epoch4，未泛化为任意参数数值签核"
"ppg_adc_result_router","C:/Users/DAWN/.codex/visualizations/2026/10/02/01a0fd16-9489-7e50-a7b6-a1178fd92bf1/ppg_audit/snapshot/rtl/ppg_adc_result_router/ppg_adc_result_router.v","105","output","true","[11:0]","o_calibrated_s1_value","C12/C13","C:/Users/DAWN/.codex/visualizations/2026/10/02/01a0fd16-9489-7e50-a7b6-a1178fd92bf1/ppg_audit/snapshot/contracts/PPG_ADC_S1_CALIBRATOR_TO_ROUTER_INTERFACE_CONTRACT.md","完成","formatter-AST结构+全文端口/打包/消费者语义人工核对；C002/C006及已接受豁免详见报告","固定合同域；默认IDAC8/epoch4，未泛化为任意参数数值签核"
"ppg_adc_result_router","C:/Users/DAWN/.codex/visualizations/2026/10/02/01a0fd16-9489-7e50-a7b6-a1178fd92bf1/ppg_audit/snapshot/rtl/ppg_adc_result_router/ppg_adc_result_router.v","106","output","false","","o_calibration_applied","C12/C13","C:/Users/DAWN/.codex/visualizations/2026/10/02/01a0fd16-9489-7e50-a7b6-a1178fd92bf1/ppg_audit/snapshot/contracts/PPG_ADC_S1_CALIBRATOR_TO_ROUTER_INTERFACE_CONTRACT.md","完成","formatter-AST结构+全文端口/打包/消费者语义人工核对；C002/C006及已接受豁免详见报告","固定合同域；默认IDAC8/epoch4，未泛化为任意参数数值签核"
"ppg_adc_result_router","C:/Users/DAWN/.codex/visualizations/2026/10/02/01a0fd16-9489-7e50-a7b6-a1178fd92bf1/ppg_audit/snapshot/rtl/ppg_adc_result_router/ppg_adc_result_router.v","107","output","false","","o_saturation_low","C12/C13","C:/Users/DAWN/.codex/visualizations/2026/10/02/01a0fd16-9489-7e50-a7b6-a1178fd92bf1/ppg_audit/snapshot/contracts/PPG_ADC_S1_CALIBRATOR_TO_ROUTER_INTERFACE_CONTRACT.md","完成","formatter-AST结构+全文端口/打包/消费者语义人工核对；C002/C006及已接受豁免详见报告","固定合同域；默认IDAC8/epoch4，未泛化为任意参数数值签核"
"ppg_adc_result_router","C:/Users/DAWN/.codex/visualizations/2026/10/02/01a0fd16-9489-7e50-a7b6-a1178fd92bf1/ppg_audit/snapshot/rtl/ppg_adc_result_router/ppg_adc_result_router.v","108","output","false","","o_saturation_high","C12/C13","C:/Users/DAWN/.codex/visualizations/2026/10/02/01a0fd16-9489-7e50-a7b6-a1178fd92bf1/ppg_audit/snapshot/contracts/PPG_ADC_S1_CALIBRATOR_TO_ROUTER_INTERFACE_CONTRACT.md","完成","formatter-AST结构+全文端口/打包/消费者语义人工核对；C002/C006及已接受豁免详见报告","固定合同域；默认IDAC8/epoch4，未泛化为任意参数数值签核"
"ppg_adc_result_router","C:/Users/DAWN/.codex/visualizations/2026/10/02/01a0fd16-9489-7e50-a7b6-a1178fd92bf1/ppg_audit/snapshot/rtl/ppg_adc_result_router/ppg_adc_result_router.v","109","output","false","[C_CONFIG_EPOCH_WIDTH - 1:0]","o_config_epoch","C12/C13","C:/Users/DAWN/.codex/visualizations/2026/10/02/01a0fd16-9489-7e50-a7b6-a1178fd92bf1/ppg_audit/snapshot/contracts/PPG_ADC_S1_CALIBRATOR_TO_ROUTER_INTERFACE_CONTRACT.md","完成","formatter-AST结构+全文端口/打包/消费者语义人工核对；C002/C006及已接受豁免详见报告","固定合同域；默认IDAC8/epoch4，未泛化为任意参数数值签核"
"ppg_adc_result_router","C:/Users/DAWN/.codex/visualizations/2026/10/02/01a0fd16-9489-7e50-a7b6-a1178fd92bf1/ppg_audit/snapshot/rtl/ppg_adc_result_router/ppg_adc_result_router.v","110","output","false","[C_COEF_EPOCH_WIDTH - 1:0]","o_coef_epoch","C12/C13","C:/Users/DAWN/.codex/visualizations/2026/10/02/01a0fd16-9489-7e50-a7b6-a1178fd92bf1/ppg_audit/snapshot/contracts/PPG_ADC_S1_CALIBRATOR_TO_ROUTER_INTERFACE_CONTRACT.md","完成","formatter-AST结构+全文端口/打包/消费者语义人工核对；C002/C006及已接受豁免详见报告","固定合同域；默认IDAC8/epoch4，未泛化为任意参数数值签核"
"ppg_adc_result_router","C:/Users/DAWN/.codex/visualizations/2026/10/02/01a0fd16-9489-7e50-a7b6-a1178fd92bf1/ppg_audit/snapshot/rtl/ppg_adc_result_router/ppg_adc_result_router.v","111","output","false","[8:0]","o_detect_code","C12/C13","C:/Users/DAWN/.codex/visualizations/2026/10/02/01a0fd16-9489-7e50-a7b6-a1178fd92bf1/ppg_audit/snapshot/contracts/PPG_ADC_S1_CALIBRATOR_TO_ROUTER_INTERFACE_CONTRACT.md","完成","formatter-AST结构+全文端口/打包/消费者语义人工核对；C002/C006及已接受豁免详见报告","固定合同域；默认IDAC8/epoch4，未泛化为任意参数数值签核"
"ppg_adc_result_router","C:/Users/DAWN/.codex/visualizations/2026/10/02/01a0fd16-9489-7e50-a7b6-a1178fd92bf1/ppg_audit/snapshot/rtl/ppg_adc_result_router/ppg_adc_result_router.v","112","output","false","[9:0]","o_stage1_raw","C12/C13","C:/Users/DAWN/.codex/visualizations/2026/10/02/01a0fd16-9489-7e50-a7b6-a1178fd92bf1/ppg_audit/snapshot/contracts/PPG_ADC_S1_CALIBRATOR_TO_ROUTER_INTERFACE_CONTRACT.md","完成","formatter-AST结构+全文端口/打包/消费者语义人工核对；C002/C006及已接受豁免详见报告","固定合同域；默认IDAC8/epoch4，未泛化为任意参数数值签核"
"ppg_adc_result_router","C:/Users/DAWN/.codex/visualizations/2026/10/02/01a0fd16-9489-7e50-a7b6-a1178fd92bf1/ppg_audit/snapshot/rtl/ppg_adc_result_router/ppg_adc_result_router.v","113","output","true","[10:0]","o_stage1_code_ext","C12/C13","C:/Users/DAWN/.codex/visualizations/2026/10/02/01a0fd16-9489-7e50-a7b6-a1178fd92bf1/ppg_audit/snapshot/contracts/PPG_ADC_S1_CALIBRATOR_TO_ROUTER_INTERFACE_CONTRACT.md","完成","formatter-AST结构+全文端口/打包/消费者语义人工核对；C002/C006及已接受豁免详见报告","固定合同域；默认IDAC8/epoch4，未泛化为任意参数数值签核"
"ppg_adc_result_router","C:/Users/DAWN/.codex/visualizations/2026/10/02/01a0fd16-9489-7e50-a7b6-a1178fd92bf1/ppg_audit/snapshot/rtl/ppg_adc_result_router/ppg_adc_result_router.v","114","output","false","[9:0]","o_stage2_raw","C12/C13","C:/Users/DAWN/.codex/visualizations/2026/10/02/01a0fd16-9489-7e50-a7b6-a1178fd92bf1/ppg_audit/snapshot/contracts/PPG_ADC_S1_CALIBRATOR_TO_ROUTER_INTERFACE_CONTRACT.md","完成","formatter-AST结构+全文端口/打包/消费者语义人工核对；C002/C006及已接受豁免详见报告","固定合同域；默认IDAC8/epoch4，未泛化为任意参数数值签核"
"ppg_adc_result_router","C:/Users/DAWN/.codex/visualizations/2026/10/02/01a0fd16-9489-7e50-a7b6-a1178fd92bf1/ppg_audit/snapshot/rtl/ppg_adc_result_router/ppg_adc_result_router.v","115","output","false","","o_precision_mode","C12/C13","C:/Users/DAWN/.codex/visualizations/2026/10/02/01a0fd16-9489-7e50-a7b6-a1178fd92bf1/ppg_audit/snapshot/contracts/PPG_ADC_S1_CALIBRATOR_TO_ROUTER_INTERFACE_CONTRACT.md","完成","formatter-AST结构+全文端口/打包/消费者语义人工核对；C002/C006及已接受豁免详见报告","固定合同域；默认IDAC8/epoch4，未泛化为任意参数数值签核"
"ppg_adc_result_router","C:/Users/DAWN/.codex/visualizations/2026/10/02/01a0fd16-9489-7e50-a7b6-a1178fd92bf1/ppg_audit/snapshot/rtl/ppg_adc_result_router/ppg_adc_result_router.v","116","output","false","[C_FRAME_ID_WIDTH - 1:0]","o_frame_id","C12/C13","C:/Users/DAWN/.codex/visualizations/2026/10/02/01a0fd16-9489-7e50-a7b6-a1178fd92bf1/ppg_audit/snapshot/contracts/PPG_ADC_S1_CALIBRATOR_TO_ROUTER_INTERFACE_CONTRACT.md","完成","formatter-AST结构+全文端口/打包/消费者语义人工核对；C002/C006及已接受豁免详见报告","固定合同域；默认IDAC8/epoch4，未泛化为任意参数数值签核"
"ppg_adc_result_router","C:/Users/DAWN/.codex/visualizations/2026/10/02/01a0fd16-9489-7e50-a7b6-a1178fd92bf1/ppg_audit/snapshot/rtl/ppg_adc_result_router/ppg_adc_result_router.v","117","output","false","[C_SAMPLE_INDEX_WIDTH - 1:0]","o_sample_index","C12/C13","C:/Users/DAWN/.codex/visualizations/2026/10/02/01a0fd16-9489-7e50-a7b6-a1178fd92bf1/ppg_audit/snapshot/contracts/PPG_ADC_S1_CALIBRATOR_TO_ROUTER_INTERFACE_CONTRACT.md","完成","formatter-AST结构+全文端口/打包/消费者语义人工核对；C002/C006及已接受豁免详见报告","固定合同域；默认IDAC8/epoch4，未泛化为任意参数数值签核"
"ppg_adc_result_router","C:/Users/DAWN/.codex/visualizations/2026/10/02/01a0fd16-9489-7e50-a7b6-a1178fd92bf1/ppg_audit/snapshot/rtl/ppg_adc_result_router/ppg_adc_result_router.v","118","output","false","","o_color_ir","C12/C13","C:/Users/DAWN/.codex/visualizations/2026/10/02/01a0fd16-9489-7e50-a7b6-a1178fd92bf1/ppg_audit/snapshot/contracts/PPG_ADC_S1_CALIBRATOR_TO_ROUTER_INTERFACE_CONTRACT.md","完成","formatter-AST结构+全文端口/打包/消费者语义人工核对；C002/C006及已接受豁免详见报告","固定合同域；默认IDAC8/epoch4，未泛化为任意参数数值签核"
"ppg_adc_result_router","C:/Users/DAWN/.codex/visualizations/2026/10/02/01a0fd16-9489-7e50-a7b6-a1178fd92bf1/ppg_audit/snapshot/rtl/ppg_adc_result_router/ppg_adc_result_router.v","119","output","false","[1:0]","o_frame_type","C12/C13","C:/Users/DAWN/.codex/visualizations/2026/10/02/01a0fd16-9489-7e50-a7b6-a1178fd92bf1/ppg_audit/snapshot/contracts/PPG_ADC_S1_CALIBRATOR_TO_ROUTER_INTERFACE_CONTRACT.md","完成","formatter-AST结构+全文端口/打包/消费者语义人工核对；C002/C006及已接受豁免详见报告","固定合同域；默认IDAC8/epoch4，未泛化为任意参数数值签核"
"ppg_adc_result_router","C:/Users/DAWN/.codex/visualizations/2026/10/02/01a0fd16-9489-7e50-a7b6-a1178fd92bf1/ppg_audit/snapshot/rtl/ppg_adc_result_router/ppg_adc_result_router.v","120","output","false","[C_IDAC_CODE_WIDTH - 1:0]","o_amb_code_snapshot","C12/C13","C:/Users/DAWN/.codex/visualizations/2026/10/02/01a0fd16-9489-7e50-a7b6-a1178fd92bf1/ppg_audit/snapshot/contracts/PPG_ADC_S1_CALIBRATOR_TO_ROUTER_INTERFACE_CONTRACT.md","完成","formatter-AST结构+全文端口/打包/消费者语义人工核对；C002/C006及已接受豁免详见报告","固定合同域；默认IDAC8/epoch4，未泛化为任意参数数值签核"
"ppg_adc_result_router","C:/Users/DAWN/.codex/visualizations/2026/10/02/01a0fd16-9489-7e50-a7b6-a1178fd92bf1/ppg_audit/snapshot/rtl/ppg_adc_result_router/ppg_adc_result_router.v","121","output","false","[C_IDAC_CODE_WIDTH - 1:0]","o_dc_code_snapshot","C12/C13","C:/Users/DAWN/.codex/visualizations/2026/10/02/01a0fd16-9489-7e50-a7b6-a1178fd92bf1/ppg_audit/snapshot/contracts/PPG_ADC_S1_CALIBRATOR_TO_ROUTER_INTERFACE_CONTRACT.md","完成","formatter-AST结构+全文端口/打包/消费者语义人工核对；C002/C006及已接受豁免详见报告","固定合同域；默认IDAC8/epoch4，未泛化为任意参数数值签核"
"ppg_adc_result_router","C:/Users/DAWN/.codex/visualizations/2026/10/02/01a0fd16-9489-7e50-a7b6-a1178fd92bf1/ppg_audit/snapshot/rtl/ppg_adc_result_router/ppg_adc_result_router.v","122","output","false","[C_CODE_EPOCH_WIDTH - 1:0]","o_amb_code_epoch","C12/C13","C:/Users/DAWN/.codex/visualizations/2026/10/02/01a0fd16-9489-7e50-a7b6-a1178fd92bf1/ppg_audit/snapshot/contracts/PPG_ADC_S1_CALIBRATOR_TO_ROUTER_INTERFACE_CONTRACT.md","完成","formatter-AST结构+全文端口/打包/消费者语义人工核对；C002/C006及已接受豁免详见报告","固定合同域；默认IDAC8/epoch4，未泛化为任意参数数值签核"
"ppg_adc_result_router","C:/Users/DAWN/.codex/visualizations/2026/10/02/01a0fd16-9489-7e50-a7b6-a1178fd92bf1/ppg_audit/snapshot/rtl/ppg_adc_result_router/ppg_adc_result_router.v","123","output","false","[C_CODE_EPOCH_WIDTH - 1:0]","o_dc_code_epoch","C12/C13","C:/Users/DAWN/.codex/visualizations/2026/10/02/01a0fd16-9489-7e50-a7b6-a1178fd92bf1/ppg_audit/snapshot/contracts/PPG_ADC_S1_CALIBRATOR_TO_ROUTER_INTERFACE_CONTRACT.md","完成","formatter-AST结构+全文端口/打包/消费者语义人工核对；C002/C006及已接受豁免详见报告","固定合同域；默认IDAC8/epoch4，未泛化为任意参数数值签核"
"ppg_adc_result_router","C:/Users/DAWN/.codex/visualizations/2026/10/02/01a0fd16-9489-7e50-a7b6-a1178fd92bf1/ppg_audit/snapshot/rtl/ppg_adc_result_router/ppg_adc_result_router.v","124","output","false","[C_RUN_GENERATION_WIDTH - 1:0]","o_run_generation","C12/C13","C:/Users/DAWN/.codex/visualizations/2026/10/02/01a0fd16-9489-7e50-a7b6-a1178fd92bf1/ppg_audit/snapshot/contracts/PPG_ADC_S1_CALIBRATOR_TO_ROUTER_INTERFACE_CONTRACT.md","完成","formatter-AST结构+全文端口/打包/消费者语义人工核对；C002/C006及已接受豁免详见报告","固定合同域；默认IDAC8/epoch4，未泛化为任意参数数值签核"
"ppg_adc_s1_programmable_calibrator","C:/Users/DAWN/.codex/visualizations/2026/10/02/01a0fd16-9489-7e50-a7b6-a1178fd92bf1/ppg_audit/snapshot/rtl/ppg_adc_s1_programmable_calibrator/ppg_adc_s1_programmable_calibrator.v","58","input","false","","i_clk","C11","C:/Users/DAWN/.codex/visualizations/2026/10/02/01a0fd16-9489-7e50-a7b6-a1178fd92bf1/ppg_audit/snapshot/contracts/PPG_ADC_S1_PROGRAMMABLE_CALIBRATOR_CONTRACT.md","完成","formatter-AST结构+全文端口/打包/消费者语义人工核对；C002/C006及已接受豁免详见报告","固定合同域；默认IDAC8/epoch4，未泛化为任意参数数值签核"
"ppg_adc_s1_programmable_calibrator","C:/Users/DAWN/.codex/visualizations/2026/10/02/01a0fd16-9489-7e50-a7b6-a1178fd92bf1/ppg_audit/snapshot/rtl/ppg_adc_s1_programmable_calibrator/ppg_adc_s1_programmable_calibrator.v","59","input","false","","i_rstn","C11","C:/Users/DAWN/.codex/visualizations/2026/10/02/01a0fd16-9489-7e50-a7b6-a1178fd92bf1/ppg_audit/snapshot/contracts/PPG_ADC_S1_PROGRAMMABLE_CALIBRATOR_CONTRACT.md","完成","formatter-AST结构+全文端口/打包/消费者语义人工核对；C002/C006及已接受豁免详见报告","固定合同域；默认IDAC8/epoch4，未泛化为任意参数数值签核"
"ppg_adc_s1_programmable_calibrator","C:/Users/DAWN/.codex/visualizations/2026/10/02/01a0fd16-9489-7e50-a7b6-a1178fd92bf1/ppg_audit/snapshot/rtl/ppg_adc_s1_programmable_calibrator/ppg_adc_s1_programmable_calibrator.v","62","input","false","","i_active_valid","C11","C:/Users/DAWN/.codex/visualizations/2026/10/02/01a0fd16-9489-7e50-a7b6-a1178fd92bf1/ppg_audit/snapshot/contracts/PPG_ADC_S1_PROGRAMMABLE_CALIBRATOR_CONTRACT.md","完成","formatter-AST结构+全文端口/打包/消费者语义人工核对；C002/C006及已接受豁免详见报告","固定合同域；默认IDAC8/epoch4，未泛化为任意参数数值签核"
"ppg_adc_s1_programmable_calibrator","C:/Users/DAWN/.codex/visualizations/2026/10/02/01a0fd16-9489-7e50-a7b6-a1178fd92bf1/ppg_audit/snapshot/rtl/ppg_adc_s1_programmable_calibrator/ppg_adc_s1_programmable_calibrator.v","63","input","false","","i_stage1_calibration_valid","C11","C:/Users/DAWN/.codex/visualizations/2026/10/02/01a0fd16-9489-7e50-a7b6-a1178fd92bf1/ppg_audit/snapshot/contracts/PPG_ADC_S1_PROGRAMMABLE_CALIBRATOR_CONTRACT.md","完成","formatter-AST结构+全文端口/打包/消费者语义人工核对；C002/C006及已接受豁免详见报告","固定合同域；默认IDAC8/epoch4，未泛化为任意参数数值签核"
"ppg_adc_s1_programmable_calibrator","C:/Users/DAWN/.codex/visualizations/2026/10/02/01a0fd16-9489-7e50-a7b6-a1178fd92bf1/ppg_audit/snapshot/rtl/ppg_adc_s1_programmable_calibrator/ppg_adc_s1_programmable_calibrator.v","64","input","false","[C_CONFIG_EPOCH_WIDTH - 1:0]","i_config_epoch","C11","C:/Users/DAWN/.codex/visualizations/2026/10/02/01a0fd16-9489-7e50-a7b6-a1178fd92bf1/ppg_audit/snapshot/contracts/PPG_ADC_S1_PROGRAMMABLE_CALIBRATOR_CONTRACT.md","完成","formatter-AST结构+全文端口/打包/消费者语义人工核对；C002/C006及已接受豁免详见报告","固定合同域；默认IDAC8/epoch4，未泛化为任意参数数值签核"
"ppg_adc_s1_programmable_calibrator","C:/Users/DAWN/.codex/visualizations/2026/10/02/01a0fd16-9489-7e50-a7b6-a1178fd92bf1/ppg_audit/snapshot/rtl/ppg_adc_s1_programmable_calibrator/ppg_adc_s1_programmable_calibrator.v","65","input","false","[C_COEF_EPOCH_WIDTH - 1:0]","i_coef_epoch","C11","C:/Users/DAWN/.codex/visualizations/2026/10/02/01a0fd16-9489-7e50-a7b6-a1178fd92bf1/ppg_audit/snapshot/contracts/PPG_ADC_S1_PROGRAMMABLE_CALIBRATOR_CONTRACT.md","完成","formatter-AST结构+全文端口/打包/消费者语义人工核对；C002/C006及已接受豁免详见报告","固定合同域；默认IDAC8/epoch4，未泛化为任意参数数值签核"
"ppg_adc_s1_programmable_calibrator","C:/Users/DAWN/.codex/visualizations/2026/10/02/01a0fd16-9489-7e50-a7b6-a1178fd92bf1/ppg_audit/snapshot/rtl/ppg_adc_s1_programmable_calibrator/ppg_adc_s1_programmable_calibrator.v","66","input","true","[25:0]","i_stage1_weight_q16_0","C11","C:/Users/DAWN/.codex/visualizations/2026/10/02/01a0fd16-9489-7e50-a7b6-a1178fd92bf1/ppg_audit/snapshot/contracts/PPG_ADC_S1_PROGRAMMABLE_CALIBRATOR_CONTRACT.md","完成","formatter-AST结构+全文端口/打包/消费者语义人工核对；C002/C006及已接受豁免详见报告","固定合同域；默认IDAC8/epoch4，未泛化为任意参数数值签核"
"ppg_adc_s1_programmable_calibrator","C:/Users/DAWN/.codex/visualizations/2026/10/02/01a0fd16-9489-7e50-a7b6-a1178fd92bf1/ppg_audit/snapshot/rtl/ppg_adc_s1_programmable_calibrator/ppg_adc_s1_programmable_calibrator.v","67","input","true","[25:0]","i_stage1_weight_q16_1","C11","C:/Users/DAWN/.codex/visualizations/2026/10/02/01a0fd16-9489-7e50-a7b6-a1178fd92bf1/ppg_audit/snapshot/contracts/PPG_ADC_S1_PROGRAMMABLE_CALIBRATOR_CONTRACT.md","完成","formatter-AST结构+全文端口/打包/消费者语义人工核对；C002/C006及已接受豁免详见报告","固定合同域；默认IDAC8/epoch4，未泛化为任意参数数值签核"
"ppg_adc_s1_programmable_calibrator","C:/Users/DAWN/.codex/visualizations/2026/10/02/01a0fd16-9489-7e50-a7b6-a1178fd92bf1/ppg_audit/snapshot/rtl/ppg_adc_s1_programmable_calibrator/ppg_adc_s1_programmable_calibrator.v","68","input","true","[25:0]","i_stage1_weight_q16_2","C11","C:/Users/DAWN/.codex/visualizations/2026/10/02/01a0fd16-9489-7e50-a7b6-a1178fd92bf1/ppg_audit/snapshot/contracts/PPG_ADC_S1_PROGRAMMABLE_CALIBRATOR_CONTRACT.md","完成","formatter-AST结构+全文端口/打包/消费者语义人工核对；C002/C006及已接受豁免详见报告","固定合同域；默认IDAC8/epoch4，未泛化为任意参数数值签核"
"ppg_adc_s1_programmable_calibrator","C:/Users/DAWN/.codex/visualizations/2026/10/02/01a0fd16-9489-7e50-a7b6-a1178fd92bf1/ppg_audit/snapshot/rtl/ppg_adc_s1_programmable_calibrator/ppg_adc_s1_programmable_calibrator.v","69","input","true","[25:0]","i_stage1_weight_q16_3","C11","C:/Users/DAWN/.codex/visualizations/2026/10/02/01a0fd16-9489-7e50-a7b6-a1178fd92bf1/ppg_audit/snapshot/contracts/PPG_ADC_S1_PROGRAMMABLE_CALIBRATOR_CONTRACT.md","完成","formatter-AST结构+全文端口/打包/消费者语义人工核对；C002/C006及已接受豁免详见报告","固定合同域；默认IDAC8/epoch4，未泛化为任意参数数值签核"
"ppg_adc_s1_programmable_calibrator","C:/Users/DAWN/.codex/visualizations/2026/10/02/01a0fd16-9489-7e50-a7b6-a1178fd92bf1/ppg_audit/snapshot/rtl/ppg_adc_s1_programmable_calibrator/ppg_adc_s1_programmable_calibrator.v","70","input","true","[25:0]","i_stage1_weight_q16_4","C11","C:/Users/DAWN/.codex/visualizations/2026/10/02/01a0fd16-9489-7e50-a7b6-a1178fd92bf1/ppg_audit/snapshot/contracts/PPG_ADC_S1_PROGRAMMABLE_CALIBRATOR_CONTRACT.md","完成","formatter-AST结构+全文端口/打包/消费者语义人工核对；C002/C006及已接受豁免详见报告","固定合同域；默认IDAC8/epoch4，未泛化为任意参数数值签核"
"ppg_adc_s1_programmable_calibrator","C:/Users/DAWN/.codex/visualizations/2026/10/02/01a0fd16-9489-7e50-a7b6-a1178fd92bf1/ppg_audit/snapshot/rtl/ppg_adc_s1_programmable_calibrator/ppg_adc_s1_programmable_calibrator.v","71","input","true","[25:0]","i_stage1_weight_q16_5","C11","C:/Users/DAWN/.codex/visualizations/2026/10/02/01a0fd16-9489-7e50-a7b6-a1178fd92bf1/ppg_audit/snapshot/contracts/PPG_ADC_S1_PROGRAMMABLE_CALIBRATOR_CONTRACT.md","完成","formatter-AST结构+全文端口/打包/消费者语义人工核对；C002/C006及已接受豁免详见报告","固定合同域；默认IDAC8/epoch4，未泛化为任意参数数值签核"
"ppg_adc_s1_programmable_calibrator","C:/Users/DAWN/.codex/visualizations/2026/10/02/01a0fd16-9489-7e50-a7b6-a1178fd92bf1/ppg_audit/snapshot/rtl/ppg_adc_s1_programmable_calibrator/ppg_adc_s1_programmable_calibrator.v","72","input","true","[25:0]","i_stage1_weight_q16_6","C11","C:/Users/DAWN/.codex/visualizations/2026/10/02/01a0fd16-9489-7e50-a7b6-a1178fd92bf1/ppg_audit/snapshot/contracts/PPG_ADC_S1_PROGRAMMABLE_CALIBRATOR_CONTRACT.md","完成","formatter-AST结构+全文端口/打包/消费者语义人工核对；C002/C006及已接受豁免详见报告","固定合同域；默认IDAC8/epoch4，未泛化为任意参数数值签核"
"ppg_adc_s1_programmable_calibrator","C:/Users/DAWN/.codex/visualizations/2026/10/02/01a0fd16-9489-7e50-a7b6-a1178fd92bf1/ppg_audit/snapshot/rtl/ppg_adc_s1_programmable_calibrator/ppg_adc_s1_programmable_calibrator.v","73","input","true","[25:0]","i_stage1_weight_q16_7","C11","C:/Users/DAWN/.codex/visualizations/2026/10/02/01a0fd16-9489-7e50-a7b6-a1178fd92bf1/ppg_audit/snapshot/contracts/PPG_ADC_S1_PROGRAMMABLE_CALIBRATOR_CONTRACT.md","完成","formatter-AST结构+全文端口/打包/消费者语义人工核对；C002/C006及已接受豁免详见报告","固定合同域；默认IDAC8/epoch4，未泛化为任意参数数值签核"
"ppg_adc_s1_programmable_calibrator","C:/Users/DAWN/.codex/visualizations/2026/10/02/01a0fd16-9489-7e50-a7b6-a1178fd92bf1/ppg_audit/snapshot/rtl/ppg_adc_s1_programmable_calibrator/ppg_adc_s1_programmable_calibrator.v","74","input","true","[25:0]","i_stage1_weight_q16_8","C11","C:/Users/DAWN/.codex/visualizations/2026/10/02/01a0fd16-9489-7e50-a7b6-a1178fd92bf1/ppg_audit/snapshot/contracts/PPG_ADC_S1_PROGRAMMABLE_CALIBRATOR_CONTRACT.md","完成","formatter-AST结构+全文端口/打包/消费者语义人工核对；C002/C006及已接受豁免详见报告","固定合同域；默认IDAC8/epoch4，未泛化为任意参数数值签核"
"ppg_adc_s1_programmable_calibrator","C:/Users/DAWN/.codex/visualizations/2026/10/02/01a0fd16-9489-7e50-a7b6-a1178fd92bf1/ppg_audit/snapshot/rtl/ppg_adc_s1_programmable_calibrator/ppg_adc_s1_programmable_calibrator.v","75","input","true","[25:0]","i_stage1_weight_q16_9","C11","C:/Users/DAWN/.codex/visualizations/2026/10/02/01a0fd16-9489-7e50-a7b6-a1178fd92bf1/ppg_audit/snapshot/contracts/PPG_ADC_S1_PROGRAMMABLE_CALIBRATOR_CONTRACT.md","完成","formatter-AST结构+全文端口/打包/消费者语义人工核对；C002/C006及已接受豁免详见报告","固定合同域；默认IDAC8/epoch4，未泛化为任意参数数值签核"
"ppg_adc_s1_programmable_calibrator","C:/Users/DAWN/.codex/visualizations/2026/10/02/01a0fd16-9489-7e50-a7b6-a1178fd92bf1/ppg_audit/snapshot/rtl/ppg_adc_s1_programmable_calibrator/ppg_adc_s1_programmable_calibrator.v","76","input","true","[31:0]","i_stage1_offset_q16","C11","C:/Users/DAWN/.codex/visualizations/2026/10/02/01a0fd16-9489-7e50-a7b6-a1178fd92bf1/ppg_audit/snapshot/contracts/PPG_ADC_S1_PROGRAMMABLE_CALIBRATOR_CONTRACT.md","完成","formatter-AST结构+全文端口/打包/消费者语义人工核对；C002/C006及已接受豁免详见报告","固定合同域；默认IDAC8/epoch4，未泛化为任意参数数值签核"
"ppg_adc_s1_programmable_calibrator","C:/Users/DAWN/.codex/visualizations/2026/10/02/01a0fd16-9489-7e50-a7b6-a1178fd92bf1/ppg_audit/snapshot/rtl/ppg_adc_s1_programmable_calibrator/ppg_adc_s1_programmable_calibrator.v","79","input","false","","i_result_valid","C11","C:/Users/DAWN/.codex/visualizations/2026/10/02/01a0fd16-9489-7e50-a7b6-a1178fd92bf1/ppg_audit/snapshot/contracts/PPG_ADC_S1_PROGRAMMABLE_CALIBRATOR_CONTRACT.md","完成","formatter-AST结构+全文端口/打包/消费者语义人工核对；C002/C006及已接受豁免详见报告","固定合同域；默认IDAC8/epoch4，未泛化为任意参数数值签核"
"ppg_adc_s1_programmable_calibrator","C:/Users/DAWN/.codex/visualizations/2026/10/02/01a0fd16-9489-7e50-a7b6-a1178fd92bf1/ppg_audit/snapshot/rtl/ppg_adc_s1_programmable_calibrator/ppg_adc_s1_programmable_calibrator.v","80","input","false","[9:0]","i_stage1_raw","C11","C:/Users/DAWN/.codex/visualizations/2026/10/02/01a0fd16-9489-7e50-a7b6-a1178fd92bf1/ppg_audit/snapshot/contracts/PPG_ADC_S1_PROGRAMMABLE_CALIBRATOR_CONTRACT.md","完成","formatter-AST结构+全文端口/打包/消费者语义人工核对；C002/C006及已接受豁免详见报告","固定合同域；默认IDAC8/epoch4，未泛化为任意参数数值签核"
"ppg_adc_s1_programmable_calibrator","C:/Users/DAWN/.codex/visualizations/2026/10/02/01a0fd16-9489-7e50-a7b6-a1178fd92bf1/ppg_audit/snapshot/rtl/ppg_adc_s1_programmable_calibrator/ppg_adc_s1_programmable_calibrator.v","81","input","false","[8:0]","i_detect_code","C11","C:/Users/DAWN/.codex/visualizations/2026/10/02/01a0fd16-9489-7e50-a7b6-a1178fd92bf1/ppg_audit/snapshot/contracts/PPG_ADC_S1_PROGRAMMABLE_CALIBRATOR_CONTRACT.md","完成","formatter-AST结构+全文端口/打包/消费者语义人工核对；C002/C006及已接受豁免详见报告","固定合同域；默认IDAC8/epoch4，未泛化为任意参数数值签核"
"ppg_adc_s1_programmable_calibrator","C:/Users/DAWN/.codex/visualizations/2026/10/02/01a0fd16-9489-7e50-a7b6-a1178fd92bf1/ppg_audit/snapshot/rtl/ppg_adc_s1_programmable_calibrator/ppg_adc_s1_programmable_calibrator.v","82","input","true","[10:0]","i_stage1_code_ext","C11","C:/Users/DAWN/.codex/visualizations/2026/10/02/01a0fd16-9489-7e50-a7b6-a1178fd92bf1/ppg_audit/snapshot/contracts/PPG_ADC_S1_PROGRAMMABLE_CALIBRATOR_CONTRACT.md","完成","formatter-AST结构+全文端口/打包/消费者语义人工核对；C002/C006及已接受豁免详见报告","固定合同域；默认IDAC8/epoch4，未泛化为任意参数数值签核"
"ppg_adc_s1_programmable_calibrator","C:/Users/DAWN/.codex/visualizations/2026/10/02/01a0fd16-9489-7e50-a7b6-a1178fd92bf1/ppg_audit/snapshot/rtl/ppg_adc_s1_programmable_calibrator/ppg_adc_s1_programmable_calibrator.v","83","input","false","[9:0]","i_stage2_raw","C11","C:/Users/DAWN/.codex/visualizations/2026/10/02/01a0fd16-9489-7e50-a7b6-a1178fd92bf1/ppg_audit/snapshot/contracts/PPG_ADC_S1_PROGRAMMABLE_CALIBRATOR_CONTRACT.md","完成","formatter-AST结构+全文端口/打包/消费者语义人工核对；C002/C006及已接受豁免详见报告","固定合同域；默认IDAC8/epoch4，未泛化为任意参数数值签核"
"ppg_adc_s1_programmable_calibrator","C:/Users/DAWN/.codex/visualizations/2026/10/02/01a0fd16-9489-7e50-a7b6-a1178fd92bf1/ppg_audit/snapshot/rtl/ppg_adc_s1_programmable_calibrator/ppg_adc_s1_programmable_calibrator.v","84","input","false","","i_precision_mode","C11","C:/Users/DAWN/.codex/visualizations/2026/10/02/01a0fd16-9489-7e50-a7b6-a1178fd92bf1/ppg_audit/snapshot/contracts/PPG_ADC_S1_PROGRAMMABLE_CALIBRATOR_CONTRACT.md","完成","formatter-AST结构+全文端口/打包/消费者语义人工核对；C002/C006及已接受豁免详见报告","固定合同域；默认IDAC8/epoch4，未泛化为任意参数数值签核"
"ppg_adc_s1_programmable_calibrator","C:/Users/DAWN/.codex/visualizations/2026/10/02/01a0fd16-9489-7e50-a7b6-a1178fd92bf1/ppg_audit/snapshot/rtl/ppg_adc_s1_programmable_calibrator/ppg_adc_s1_programmable_calibrator.v","85","input","false","[C_FRAME_ID_WIDTH - 1:0]","i_frame_id","C11","C:/Users/DAWN/.codex/visualizations/2026/10/02/01a0fd16-9489-7e50-a7b6-a1178fd92bf1/ppg_audit/snapshot/contracts/PPG_ADC_S1_PROGRAMMABLE_CALIBRATOR_CONTRACT.md","完成","formatter-AST结构+全文端口/打包/消费者语义人工核对；C002/C006及已接受豁免详见报告","固定合同域；默认IDAC8/epoch4，未泛化为任意参数数值签核"
"ppg_adc_s1_programmable_calibrator","C:/Users/DAWN/.codex/visualizations/2026/10/02/01a0fd16-9489-7e50-a7b6-a1178fd92bf1/ppg_audit/snapshot/rtl/ppg_adc_s1_programmable_calibrator/ppg_adc_s1_programmable_calibrator.v","86","input","false","[C_SAMPLE_INDEX_WIDTH - 1:0]","i_sample_index","C11","C:/Users/DAWN/.codex/visualizations/2026/10/02/01a0fd16-9489-7e50-a7b6-a1178fd92bf1/ppg_audit/snapshot/contracts/PPG_ADC_S1_PROGRAMMABLE_CALIBRATOR_CONTRACT.md","完成","formatter-AST结构+全文端口/打包/消费者语义人工核对；C002/C006及已接受豁免详见报告","固定合同域；默认IDAC8/epoch4，未泛化为任意参数数值签核"
"ppg_adc_s1_programmable_calibrator","C:/Users/DAWN/.codex/visualizations/2026/10/02/01a0fd16-9489-7e50-a7b6-a1178fd92bf1/ppg_audit/snapshot/rtl/ppg_adc_s1_programmable_calibrator/ppg_adc_s1_programmable_calibrator.v","87","input","false","","i_color_ir","C11","C:/Users/DAWN/.codex/visualizations/2026/10/02/01a0fd16-9489-7e50-a7b6-a1178fd92bf1/ppg_audit/snapshot/contracts/PPG_ADC_S1_PROGRAMMABLE_CALIBRATOR_CONTRACT.md","完成","formatter-AST结构+全文端口/打包/消费者语义人工核对；C002/C006及已接受豁免详见报告","固定合同域；默认IDAC8/epoch4，未泛化为任意参数数值签核"
"ppg_adc_s1_programmable_calibrator","C:/Users/DAWN/.codex/visualizations/2026/10/02/01a0fd16-9489-7e50-a7b6-a1178fd92bf1/ppg_audit/snapshot/rtl/ppg_adc_s1_programmable_calibrator/ppg_adc_s1_programmable_calibrator.v","88","input","false","[1:0]","i_frame_type","C11","C:/Users/DAWN/.codex/visualizations/2026/10/02/01a0fd16-9489-7e50-a7b6-a1178fd92bf1/ppg_audit/snapshot/contracts/PPG_ADC_S1_PROGRAMMABLE_CALIBRATOR_CONTRACT.md","完成","formatter-AST结构+全文端口/打包/消费者语义人工核对；C002/C006及已接受豁免详见报告","固定合同域；默认IDAC8/epoch4，未泛化为任意参数数值签核"
"ppg_adc_s1_programmable_calibrator","C:/Users/DAWN/.codex/visualizations/2026/10/02/01a0fd16-9489-7e50-a7b6-a1178fd92bf1/ppg_audit/snapshot/rtl/ppg_adc_s1_programmable_calibrator/ppg_adc_s1_programmable_calibrator.v","89","input","false","[C_IDAC_CODE_WIDTH - 1:0]","i_amb_code_snapshot","C11","C:/Users/DAWN/.codex/visualizations/2026/10/02/01a0fd16-9489-7e50-a7b6-a1178fd92bf1/ppg_audit/snapshot/contracts/PPG_ADC_S1_PROGRAMMABLE_CALIBRATOR_CONTRACT.md","完成","formatter-AST结构+全文端口/打包/消费者语义人工核对；C002/C006及已接受豁免详见报告","固定合同域；默认IDAC8/epoch4，未泛化为任意参数数值签核"
"ppg_adc_s1_programmable_calibrator","C:/Users/DAWN/.codex/visualizations/2026/10/02/01a0fd16-9489-7e50-a7b6-a1178fd92bf1/ppg_audit/snapshot/rtl/ppg_adc_s1_programmable_calibrator/ppg_adc_s1_programmable_calibrator.v","90","input","false","[C_IDAC_CODE_WIDTH - 1:0]","i_dc_code_snapshot","C11","C:/Users/DAWN/.codex/visualizations/2026/10/02/01a0fd16-9489-7e50-a7b6-a1178fd92bf1/ppg_audit/snapshot/contracts/PPG_ADC_S1_PROGRAMMABLE_CALIBRATOR_CONTRACT.md","完成","formatter-AST结构+全文端口/打包/消费者语义人工核对；C002/C006及已接受豁免详见报告","固定合同域；默认IDAC8/epoch4，未泛化为任意参数数值签核"
"ppg_adc_s1_programmable_calibrator","C:/Users/DAWN/.codex/visualizations/2026/10/02/01a0fd16-9489-7e50-a7b6-a1178fd92bf1/ppg_audit/snapshot/rtl/ppg_adc_s1_programmable_calibrator/ppg_adc_s1_programmable_calibrator.v","91","input","false","[C_CODE_EPOCH_WIDTH - 1:0]","i_amb_code_epoch","C11","C:/Users/DAWN/.codex/visualizations/2026/10/02/01a0fd16-9489-7e50-a7b6-a1178fd92bf1/ppg_audit/snapshot/contracts/PPG_ADC_S1_PROGRAMMABLE_CALIBRATOR_CONTRACT.md","完成","formatter-AST结构+全文端口/打包/消费者语义人工核对；C002/C006及已接受豁免详见报告","固定合同域；默认IDAC8/epoch4，未泛化为任意参数数值签核"
"ppg_adc_s1_programmable_calibrator","C:/Users/DAWN/.codex/visualizations/2026/10/02/01a0fd16-9489-7e50-a7b6-a1178fd92bf1/ppg_audit/snapshot/rtl/ppg_adc_s1_programmable_calibrator/ppg_adc_s1_programmable_calibrator.v","92","input","false","[C_CODE_EPOCH_WIDTH - 1:0]","i_dc_code_epoch","C11","C:/Users/DAWN/.codex/visualizations/2026/10/02/01a0fd16-9489-7e50-a7b6-a1178fd92bf1/ppg_audit/snapshot/contracts/PPG_ADC_S1_PROGRAMMABLE_CALIBRATOR_CONTRACT.md","完成","formatter-AST结构+全文端口/打包/消费者语义人工核对；C002/C006及已接受豁免详见报告","固定合同域；默认IDAC8/epoch4，未泛化为任意参数数值签核"
"ppg_adc_s1_programmable_calibrator","C:/Users/DAWN/.codex/visualizations/2026/10/02/01a0fd16-9489-7e50-a7b6-a1178fd92bf1/ppg_audit/snapshot/rtl/ppg_adc_s1_programmable_calibrator/ppg_adc_s1_programmable_calibrator.v","93","output","false","","o_result_ready","C11","C:/Users/DAWN/.codex/visualizations/2026/10/02/01a0fd16-9489-7e50-a7b6-a1178fd92bf1/ppg_audit/snapshot/contracts/PPG_ADC_S1_PROGRAMMABLE_CALIBRATOR_CONTRACT.md","完成","formatter-AST结构+全文端口/打包/消费者语义人工核对；C002/C006及已接受豁免详见报告","固定合同域；默认IDAC8/epoch4，未泛化为任意参数数值签核"
"ppg_adc_s1_programmable_calibrator","C:/Users/DAWN/.codex/visualizations/2026/10/02/01a0fd16-9489-7e50-a7b6-a1178fd92bf1/ppg_audit/snapshot/rtl/ppg_adc_s1_programmable_calibrator/ppg_adc_s1_programmable_calibrator.v","96","input","false","","i_calibrated_ready","C11","C:/Users/DAWN/.codex/visualizations/2026/10/02/01a0fd16-9489-7e50-a7b6-a1178fd92bf1/ppg_audit/snapshot/contracts/PPG_ADC_S1_PROGRAMMABLE_CALIBRATOR_CONTRACT.md","完成","formatter-AST结构+全文端口/打包/消费者语义人工核对；C002/C006及已接受豁免详见报告","固定合同域；默认IDAC8/epoch4，未泛化为任意参数数值签核"
"ppg_adc_s1_programmable_calibrator","C:/Users/DAWN/.codex/visualizations/2026/10/02/01a0fd16-9489-7e50-a7b6-a1178fd92bf1/ppg_audit/snapshot/rtl/ppg_adc_s1_programmable_calibrator/ppg_adc_s1_programmable_calibrator.v","97","output","false","","o_calibrated_valid","C11","C:/Users/DAWN/.codex/visualizations/2026/10/02/01a0fd16-9489-7e50-a7b6-a1178fd92bf1/ppg_audit/snapshot/contracts/PPG_ADC_S1_PROGRAMMABLE_CALIBRATOR_CONTRACT.md","完成","formatter-AST结构+全文端口/打包/消费者语义人工核对；C002/C006及已接受豁免详见报告","固定合同域；默认IDAC8/epoch4，未泛化为任意参数数值签核"
"ppg_adc_s1_programmable_calibrator","C:/Users/DAWN/.codex/visualizations/2026/10/02/01a0fd16-9489-7e50-a7b6-a1178fd92bf1/ppg_audit/snapshot/rtl/ppg_adc_s1_programmable_calibrator/ppg_adc_s1_programmable_calibrator.v","98","output","true","[11:0]","o_calibrated_s1_value","C11","C:/Users/DAWN/.codex/visualizations/2026/10/02/01a0fd16-9489-7e50-a7b6-a1178fd92bf1/ppg_audit/snapshot/contracts/PPG_ADC_S1_PROGRAMMABLE_CALIBRATOR_CONTRACT.md","完成","formatter-AST结构+全文端口/打包/消费者语义人工核对；C002/C006及已接受豁免详见报告","固定合同域；默认IDAC8/epoch4，未泛化为任意参数数值签核"
"ppg_adc_s1_programmable_calibrator","C:/Users/DAWN/.codex/visualizations/2026/10/02/01a0fd16-9489-7e50-a7b6-a1178fd92bf1/ppg_audit/snapshot/rtl/ppg_adc_s1_programmable_calibrator/ppg_adc_s1_programmable_calibrator.v","99","output","false","","o_calibration_applied","C11","C:/Users/DAWN/.codex/visualizations/2026/10/02/01a0fd16-9489-7e50-a7b6-a1178fd92bf1/ppg_audit/snapshot/contracts/PPG_ADC_S1_PROGRAMMABLE_CALIBRATOR_CONTRACT.md","完成","formatter-AST结构+全文端口/打包/消费者语义人工核对；C002/C006及已接受豁免详见报告","固定合同域；默认IDAC8/epoch4，未泛化为任意参数数值签核"
"ppg_adc_s1_programmable_calibrator","C:/Users/DAWN/.codex/visualizations/2026/10/02/01a0fd16-9489-7e50-a7b6-a1178fd92bf1/ppg_audit/snapshot/rtl/ppg_adc_s1_programmable_calibrator/ppg_adc_s1_programmable_calibrator.v","100","output","false","","o_saturation_low","C11","C:/Users/DAWN/.codex/visualizations/2026/10/02/01a0fd16-9489-7e50-a7b6-a1178fd92bf1/ppg_audit/snapshot/contracts/PPG_ADC_S1_PROGRAMMABLE_CALIBRATOR_CONTRACT.md","完成","formatter-AST结构+全文端口/打包/消费者语义人工核对；C002/C006及已接受豁免详见报告","固定合同域；默认IDAC8/epoch4，未泛化为任意参数数值签核"
"ppg_adc_s1_programmable_calibrator","C:/Users/DAWN/.codex/visualizations/2026/10/02/01a0fd16-9489-7e50-a7b6-a1178fd92bf1/ppg_audit/snapshot/rtl/ppg_adc_s1_programmable_calibrator/ppg_adc_s1_programmable_calibrator.v","101","output","false","","o_saturation_high","C11","C:/Users/DAWN/.codex/visualizations/2026/10/02/01a0fd16-9489-7e50-a7b6-a1178fd92bf1/ppg_audit/snapshot/contracts/PPG_ADC_S1_PROGRAMMABLE_CALIBRATOR_CONTRACT.md","完成","formatter-AST结构+全文端口/打包/消费者语义人工核对；C002/C006及已接受豁免详见报告","固定合同域；默认IDAC8/epoch4，未泛化为任意参数数值签核"
"ppg_adc_s1_programmable_calibrator","C:/Users/DAWN/.codex/visualizations/2026/10/02/01a0fd16-9489-7e50-a7b6-a1178fd92bf1/ppg_audit/snapshot/rtl/ppg_adc_s1_programmable_calibrator/ppg_adc_s1_programmable_calibrator.v","102","output","false","[C_CONFIG_EPOCH_WIDTH - 1:0]","o_config_epoch","C11","C:/Users/DAWN/.codex/visualizations/2026/10/02/01a0fd16-9489-7e50-a7b6-a1178fd92bf1/ppg_audit/snapshot/contracts/PPG_ADC_S1_PROGRAMMABLE_CALIBRATOR_CONTRACT.md","完成","formatter-AST结构+全文端口/打包/消费者语义人工核对；C002/C006及已接受豁免详见报告","固定合同域；默认IDAC8/epoch4，未泛化为任意参数数值签核"
"ppg_adc_s1_programmable_calibrator","C:/Users/DAWN/.codex/visualizations/2026/10/02/01a0fd16-9489-7e50-a7b6-a1178fd92bf1/ppg_audit/snapshot/rtl/ppg_adc_s1_programmable_calibrator/ppg_adc_s1_programmable_calibrator.v","103","output","false","[C_COEF_EPOCH_WIDTH - 1:0]","o_coef_epoch","C11","C:/Users/DAWN/.codex/visualizations/2026/10/02/01a0fd16-9489-7e50-a7b6-a1178fd92bf1/ppg_audit/snapshot/contracts/PPG_ADC_S1_PROGRAMMABLE_CALIBRATOR_CONTRACT.md","完成","formatter-AST结构+全文端口/打包/消费者语义人工核对；C002/C006及已接受豁免详见报告","固定合同域；默认IDAC8/epoch4，未泛化为任意参数数值签核"
"ppg_adc_s1_programmable_calibrator","C:/Users/DAWN/.codex/visualizations/2026/10/02/01a0fd16-9489-7e50-a7b6-a1178fd92bf1/ppg_audit/snapshot/rtl/ppg_adc_s1_programmable_calibrator/ppg_adc_s1_programmable_calibrator.v","104","output","false","[9:0]","o_stage1_raw","C11","C:/Users/DAWN/.codex/visualizations/2026/10/02/01a0fd16-9489-7e50-a7b6-a1178fd92bf1/ppg_audit/snapshot/contracts/PPG_ADC_S1_PROGRAMMABLE_CALIBRATOR_CONTRACT.md","完成","formatter-AST结构+全文端口/打包/消费者语义人工核对；C002/C006及已接受豁免详见报告","固定合同域；默认IDAC8/epoch4，未泛化为任意参数数值签核"
"ppg_adc_s1_programmable_calibrator","C:/Users/DAWN/.codex/visualizations/2026/10/02/01a0fd16-9489-7e50-a7b6-a1178fd92bf1/ppg_audit/snapshot/rtl/ppg_adc_s1_programmable_calibrator/ppg_adc_s1_programmable_calibrator.v","105","output","false","[8:0]","o_detect_code","C11","C:/Users/DAWN/.codex/visualizations/2026/10/02/01a0fd16-9489-7e50-a7b6-a1178fd92bf1/ppg_audit/snapshot/contracts/PPG_ADC_S1_PROGRAMMABLE_CALIBRATOR_CONTRACT.md","完成","formatter-AST结构+全文端口/打包/消费者语义人工核对；C002/C006及已接受豁免详见报告","固定合同域；默认IDAC8/epoch4，未泛化为任意参数数值签核"
"ppg_adc_s1_programmable_calibrator","C:/Users/DAWN/.codex/visualizations/2026/10/02/01a0fd16-9489-7e50-a7b6-a1178fd92bf1/ppg_audit/snapshot/rtl/ppg_adc_s1_programmable_calibrator/ppg_adc_s1_programmable_calibrator.v","106","output","true","[10:0]","o_stage1_code_ext","C11","C:/Users/DAWN/.codex/visualizations/2026/10/02/01a0fd16-9489-7e50-a7b6-a1178fd92bf1/ppg_audit/snapshot/contracts/PPG_ADC_S1_PROGRAMMABLE_CALIBRATOR_CONTRACT.md","完成","formatter-AST结构+全文端口/打包/消费者语义人工核对；C002/C006及已接受豁免详见报告","固定合同域；默认IDAC8/epoch4，未泛化为任意参数数值签核"
"ppg_adc_s1_programmable_calibrator","C:/Users/DAWN/.codex/visualizations/2026/10/02/01a0fd16-9489-7e50-a7b6-a1178fd92bf1/ppg_audit/snapshot/rtl/ppg_adc_s1_programmable_calibrator/ppg_adc_s1_programmable_calibrator.v","107","output","false","[9:0]","o_stage2_raw","C11","C:/Users/DAWN/.codex/visualizations/2026/10/02/01a0fd16-9489-7e50-a7b6-a1178fd92bf1/ppg_audit/snapshot/contracts/PPG_ADC_S1_PROGRAMMABLE_CALIBRATOR_CONTRACT.md","完成","formatter-AST结构+全文端口/打包/消费者语义人工核对；C002/C006及已接受豁免详见报告","固定合同域；默认IDAC8/epoch4，未泛化为任意参数数值签核"
"ppg_adc_s1_programmable_calibrator","C:/Users/DAWN/.codex/visualizations/2026/10/02/01a0fd16-9489-7e50-a7b6-a1178fd92bf1/ppg_audit/snapshot/rtl/ppg_adc_s1_programmable_calibrator/ppg_adc_s1_programmable_calibrator.v","108","output","false","","o_precision_mode","C11","C:/Users/DAWN/.codex/visualizations/2026/10/02/01a0fd16-9489-7e50-a7b6-a1178fd92bf1/ppg_audit/snapshot/contracts/PPG_ADC_S1_PROGRAMMABLE_CALIBRATOR_CONTRACT.md","完成","formatter-AST结构+全文端口/打包/消费者语义人工核对；C002/C006及已接受豁免详见报告","固定合同域；默认IDAC8/epoch4，未泛化为任意参数数值签核"
"ppg_adc_s1_programmable_calibrator","C:/Users/DAWN/.codex/visualizations/2026/10/02/01a0fd16-9489-7e50-a7b6-a1178fd92bf1/ppg_audit/snapshot/rtl/ppg_adc_s1_programmable_calibrator/ppg_adc_s1_programmable_calibrator.v","109","output","false","[C_FRAME_ID_WIDTH - 1:0]","o_frame_id","C11","C:/Users/DAWN/.codex/visualizations/2026/10/02/01a0fd16-9489-7e50-a7b6-a1178fd92bf1/ppg_audit/snapshot/contracts/PPG_ADC_S1_PROGRAMMABLE_CALIBRATOR_CONTRACT.md","完成","formatter-AST结构+全文端口/打包/消费者语义人工核对；C002/C006及已接受豁免详见报告","固定合同域；默认IDAC8/epoch4，未泛化为任意参数数值签核"
"ppg_adc_s1_programmable_calibrator","C:/Users/DAWN/.codex/visualizations/2026/10/02/01a0fd16-9489-7e50-a7b6-a1178fd92bf1/ppg_audit/snapshot/rtl/ppg_adc_s1_programmable_calibrator/ppg_adc_s1_programmable_calibrator.v","110","output","false","[C_SAMPLE_INDEX_WIDTH - 1:0]","o_sample_index","C11","C:/Users/DAWN/.codex/visualizations/2026/10/02/01a0fd16-9489-7e50-a7b6-a1178fd92bf1/ppg_audit/snapshot/contracts/PPG_ADC_S1_PROGRAMMABLE_CALIBRATOR_CONTRACT.md","完成","formatter-AST结构+全文端口/打包/消费者语义人工核对；C002/C006及已接受豁免详见报告","固定合同域；默认IDAC8/epoch4，未泛化为任意参数数值签核"
"ppg_adc_s1_programmable_calibrator","C:/Users/DAWN/.codex/visualizations/2026/10/02/01a0fd16-9489-7e50-a7b6-a1178fd92bf1/ppg_audit/snapshot/rtl/ppg_adc_s1_programmable_calibrator/ppg_adc_s1_programmable_calibrator.v","111","output","false","","o_color_ir","C11","C:/Users/DAWN/.codex/visualizations/2026/10/02/01a0fd16-9489-7e50-a7b6-a1178fd92bf1/ppg_audit/snapshot/contracts/PPG_ADC_S1_PROGRAMMABLE_CALIBRATOR_CONTRACT.md","完成","formatter-AST结构+全文端口/打包/消费者语义人工核对；C002/C006及已接受豁免详见报告","固定合同域；默认IDAC8/epoch4，未泛化为任意参数数值签核"
"ppg_adc_s1_programmable_calibrator","C:/Users/DAWN/.codex/visualizations/2026/10/02/01a0fd16-9489-7e50-a7b6-a1178fd92bf1/ppg_audit/snapshot/rtl/ppg_adc_s1_programmable_calibrator/ppg_adc_s1_programmable_calibrator.v","112","output","false","[1:0]","o_frame_type","C11","C:/Users/DAWN/.codex/visualizations/2026/10/02/01a0fd16-9489-7e50-a7b6-a1178fd92bf1/ppg_audit/snapshot/contracts/PPG_ADC_S1_PROGRAMMABLE_CALIBRATOR_CONTRACT.md","完成","formatter-AST结构+全文端口/打包/消费者语义人工核对；C002/C006及已接受豁免详见报告","固定合同域；默认IDAC8/epoch4，未泛化为任意参数数值签核"
"ppg_adc_s1_programmable_calibrator","C:/Users/DAWN/.codex/visualizations/2026/10/02/01a0fd16-9489-7e50-a7b6-a1178fd92bf1/ppg_audit/snapshot/rtl/ppg_adc_s1_programmable_calibrator/ppg_adc_s1_programmable_calibrator.v","113","output","false","[C_IDAC_CODE_WIDTH - 1:0]","o_amb_code_snapshot","C11","C:/Users/DAWN/.codex/visualizations/2026/10/02/01a0fd16-9489-7e50-a7b6-a1178fd92bf1/ppg_audit/snapshot/contracts/PPG_ADC_S1_PROGRAMMABLE_CALIBRATOR_CONTRACT.md","完成","formatter-AST结构+全文端口/打包/消费者语义人工核对；C002/C006及已接受豁免详见报告","固定合同域；默认IDAC8/epoch4，未泛化为任意参数数值签核"
"ppg_adc_s1_programmable_calibrator","C:/Users/DAWN/.codex/visualizations/2026/10/02/01a0fd16-9489-7e50-a7b6-a1178fd92bf1/ppg_audit/snapshot/rtl/ppg_adc_s1_programmable_calibrator/ppg_adc_s1_programmable_calibrator.v","114","output","false","[C_IDAC_CODE_WIDTH - 1:0]","o_dc_code_snapshot","C11","C:/Users/DAWN/.codex/visualizations/2026/10/02/01a0fd16-9489-7e50-a7b6-a1178fd92bf1/ppg_audit/snapshot/contracts/PPG_ADC_S1_PROGRAMMABLE_CALIBRATOR_CONTRACT.md","完成","formatter-AST结构+全文端口/打包/消费者语义人工核对；C002/C006及已接受豁免详见报告","固定合同域；默认IDAC8/epoch4，未泛化为任意参数数值签核"
"ppg_adc_s1_programmable_calibrator","C:/Users/DAWN/.codex/visualizations/2026/10/02/01a0fd16-9489-7e50-a7b6-a1178fd92bf1/ppg_audit/snapshot/rtl/ppg_adc_s1_programmable_calibrator/ppg_adc_s1_programmable_calibrator.v","115","output","false","[C_CODE_EPOCH_WIDTH - 1:0]","o_amb_code_epoch","C11","C:/Users/DAWN/.codex/visualizations/2026/10/02/01a0fd16-9489-7e50-a7b6-a1178fd92bf1/ppg_audit/snapshot/contracts/PPG_ADC_S1_PROGRAMMABLE_CALIBRATOR_CONTRACT.md","完成","formatter-AST结构+全文端口/打包/消费者语义人工核对；C002/C006及已接受豁免详见报告","固定合同域；默认IDAC8/epoch4，未泛化为任意参数数值签核"
"ppg_adc_s1_programmable_calibrator","C:/Users/DAWN/.codex/visualizations/2026/10/02/01a0fd16-9489-7e50-a7b6-a1178fd92bf1/ppg_audit/snapshot/rtl/ppg_adc_s1_programmable_calibrator/ppg_adc_s1_programmable_calibrator.v","116","output","false","[C_CODE_EPOCH_WIDTH - 1:0]","o_dc_code_epoch","C11","C:/Users/DAWN/.codex/visualizations/2026/10/02/01a0fd16-9489-7e50-a7b6-a1178fd92bf1/ppg_audit/snapshot/contracts/PPG_ADC_S1_PROGRAMMABLE_CALIBRATOR_CONTRACT.md","完成","formatter-AST结构+全文端口/打包/消费者语义人工核对；C002/C006及已接受豁免详见报告","固定合同域；默认IDAC8/epoch4，未泛化为任意参数数值签核"
"ppg_adc_s1_redundancy_corrector","C:/Users/DAWN/.codex/visualizations/2026/10/02/01a0fd16-9489-7e50-a7b6-a1178fd92bf1/ppg_audit/snapshot/rtl/ppg_adc_s1_redundancy_corrector/ppg_adc_s1_redundancy_corrector.v","58","input","false","","i_clk","C10/C11","C:/Users/DAWN/.codex/visualizations/2026/10/02/01a0fd16-9489-7e50-a7b6-a1178fd92bf1/ppg_audit/snapshot/contracts/PPG_ADC_S1_PROGRAMMABLE_CALIBRATOR_CONTRACT.md","完成","formatter-AST结构+全文端口/打包/消费者语义人工核对；C002/C006及已接受豁免详见报告","固定合同域；默认IDAC8/epoch4，未泛化为任意参数数值签核"
"ppg_adc_s1_redundancy_corrector","C:/Users/DAWN/.codex/visualizations/2026/10/02/01a0fd16-9489-7e50-a7b6-a1178fd92bf1/ppg_audit/snapshot/rtl/ppg_adc_s1_redundancy_corrector/ppg_adc_s1_redundancy_corrector.v","59","input","false","","i_rstn","C10/C11","C:/Users/DAWN/.codex/visualizations/2026/10/02/01a0fd16-9489-7e50-a7b6-a1178fd92bf1/ppg_audit/snapshot/contracts/PPG_ADC_S1_PROGRAMMABLE_CALIBRATOR_CONTRACT.md","完成","formatter-AST结构+全文端口/打包/消费者语义人工核对；C002/C006及已接受豁免详见报告","固定合同域；默认IDAC8/epoch4，未泛化为任意参数数值签核"
"ppg_adc_s1_redundancy_corrector","C:/Users/DAWN/.codex/visualizations/2026/10/02/01a0fd16-9489-7e50-a7b6-a1178fd92bf1/ppg_audit/snapshot/rtl/ppg_adc_s1_redundancy_corrector/ppg_adc_s1_redundancy_corrector.v","62","input","false","","i_adc_transaction_start","C10/C11","C:/Users/DAWN/.codex/visualizations/2026/10/02/01a0fd16-9489-7e50-a7b6-a1178fd92bf1/ppg_audit/snapshot/contracts/PPG_ADC_S1_PROGRAMMABLE_CALIBRATOR_CONTRACT.md","完成","formatter-AST结构+全文端口/打包/消费者语义人工核对；C002/C006及已接受豁免详见报告","固定合同域；默认IDAC8/epoch4，未泛化为任意参数数值签核"
"ppg_adc_s1_redundancy_corrector","C:/Users/DAWN/.codex/visualizations/2026/10/02/01a0fd16-9489-7e50-a7b6-a1178fd92bf1/ppg_audit/snapshot/rtl/ppg_adc_s1_redundancy_corrector/ppg_adc_s1_redundancy_corrector.v","63","input","false","[C_FRAME_ID_WIDTH - 1:0]","i_frame_id","C10/C11","C:/Users/DAWN/.codex/visualizations/2026/10/02/01a0fd16-9489-7e50-a7b6-a1178fd92bf1/ppg_audit/snapshot/contracts/PPG_ADC_S1_PROGRAMMABLE_CALIBRATOR_CONTRACT.md","完成","formatter-AST结构+全文端口/打包/消费者语义人工核对；C002/C006及已接受豁免详见报告","固定合同域；默认IDAC8/epoch4，未泛化为任意参数数值签核"
"ppg_adc_s1_redundancy_corrector","C:/Users/DAWN/.codex/visualizations/2026/10/02/01a0fd16-9489-7e50-a7b6-a1178fd92bf1/ppg_audit/snapshot/rtl/ppg_adc_s1_redundancy_corrector/ppg_adc_s1_redundancy_corrector.v","64","input","false","[C_SAMPLE_INDEX_WIDTH - 1:0]","i_sample_index","C10/C11","C:/Users/DAWN/.codex/visualizations/2026/10/02/01a0fd16-9489-7e50-a7b6-a1178fd92bf1/ppg_audit/snapshot/contracts/PPG_ADC_S1_PROGRAMMABLE_CALIBRATOR_CONTRACT.md","完成","formatter-AST结构+全文端口/打包/消费者语义人工核对；C002/C006及已接受豁免详见报告","固定合同域；默认IDAC8/epoch4，未泛化为任意参数数值签核"
"ppg_adc_s1_redundancy_corrector","C:/Users/DAWN/.codex/visualizations/2026/10/02/01a0fd16-9489-7e50-a7b6-a1178fd92bf1/ppg_audit/snapshot/rtl/ppg_adc_s1_redundancy_corrector/ppg_adc_s1_redundancy_corrector.v","65","input","false","","i_color_ir","C10/C11","C:/Users/DAWN/.codex/visualizations/2026/10/02/01a0fd16-9489-7e50-a7b6-a1178fd92bf1/ppg_audit/snapshot/contracts/PPG_ADC_S1_PROGRAMMABLE_CALIBRATOR_CONTRACT.md","完成","formatter-AST结构+全文端口/打包/消费者语义人工核对；C002/C006及已接受豁免详见报告","固定合同域；默认IDAC8/epoch4，未泛化为任意参数数值签核"
"ppg_adc_s1_redundancy_corrector","C:/Users/DAWN/.codex/visualizations/2026/10/02/01a0fd16-9489-7e50-a7b6-a1178fd92bf1/ppg_audit/snapshot/rtl/ppg_adc_s1_redundancy_corrector/ppg_adc_s1_redundancy_corrector.v","66","input","false","[1:0]","i_frame_type","C10/C11","C:/Users/DAWN/.codex/visualizations/2026/10/02/01a0fd16-9489-7e50-a7b6-a1178fd92bf1/ppg_audit/snapshot/contracts/PPG_ADC_S1_PROGRAMMABLE_CALIBRATOR_CONTRACT.md","完成","formatter-AST结构+全文端口/打包/消费者语义人工核对；C002/C006及已接受豁免详见报告","固定合同域；默认IDAC8/epoch4，未泛化为任意参数数值签核"
"ppg_adc_s1_redundancy_corrector","C:/Users/DAWN/.codex/visualizations/2026/10/02/01a0fd16-9489-7e50-a7b6-a1178fd92bf1/ppg_audit/snapshot/rtl/ppg_adc_s1_redundancy_corrector/ppg_adc_s1_redundancy_corrector.v","67","input","false","[C_IDAC_CODE_WIDTH - 1:0]","i_amb_code_snapshot","C10/C11","C:/Users/DAWN/.codex/visualizations/2026/10/02/01a0fd16-9489-7e50-a7b6-a1178fd92bf1/ppg_audit/snapshot/contracts/PPG_ADC_S1_PROGRAMMABLE_CALIBRATOR_CONTRACT.md","完成","formatter-AST结构+全文端口/打包/消费者语义人工核对；C002/C006及已接受豁免详见报告","固定合同域；默认IDAC8/epoch4，未泛化为任意参数数值签核"
"ppg_adc_s1_redundancy_corrector","C:/Users/DAWN/.codex/visualizations/2026/10/02/01a0fd16-9489-7e50-a7b6-a1178fd92bf1/ppg_audit/snapshot/rtl/ppg_adc_s1_redundancy_corrector/ppg_adc_s1_redundancy_corrector.v","68","input","false","[C_IDAC_CODE_WIDTH - 1:0]","i_dc_code_snapshot","C10/C11","C:/Users/DAWN/.codex/visualizations/2026/10/02/01a0fd16-9489-7e50-a7b6-a1178fd92bf1/ppg_audit/snapshot/contracts/PPG_ADC_S1_PROGRAMMABLE_CALIBRATOR_CONTRACT.md","完成","formatter-AST结构+全文端口/打包/消费者语义人工核对；C002/C006及已接受豁免详见报告","固定合同域；默认IDAC8/epoch4，未泛化为任意参数数值签核"
"ppg_adc_s1_redundancy_corrector","C:/Users/DAWN/.codex/visualizations/2026/10/02/01a0fd16-9489-7e50-a7b6-a1178fd92bf1/ppg_audit/snapshot/rtl/ppg_adc_s1_redundancy_corrector/ppg_adc_s1_redundancy_corrector.v","69","input","false","[C_CODE_EPOCH_WIDTH - 1:0]","i_amb_code_epoch","C10/C11","C:/Users/DAWN/.codex/visualizations/2026/10/02/01a0fd16-9489-7e50-a7b6-a1178fd92bf1/ppg_audit/snapshot/contracts/PPG_ADC_S1_PROGRAMMABLE_CALIBRATOR_CONTRACT.md","完成","formatter-AST结构+全文端口/打包/消费者语义人工核对；C002/C006及已接受豁免详见报告","固定合同域；默认IDAC8/epoch4，未泛化为任意参数数值签核"
"ppg_adc_s1_redundancy_corrector","C:/Users/DAWN/.codex/visualizations/2026/10/02/01a0fd16-9489-7e50-a7b6-a1178fd92bf1/ppg_audit/snapshot/rtl/ppg_adc_s1_redundancy_corrector/ppg_adc_s1_redundancy_corrector.v","70","input","false","[C_CODE_EPOCH_WIDTH - 1:0]","i_dc_code_epoch","C10/C11","C:/Users/DAWN/.codex/visualizations/2026/10/02/01a0fd16-9489-7e50-a7b6-a1178fd92bf1/ppg_audit/snapshot/contracts/PPG_ADC_S1_PROGRAMMABLE_CALIBRATOR_CONTRACT.md","完成","formatter-AST结构+全文端口/打包/消费者语义人工核对；C002/C006及已接受豁免详见报告","固定合同域；默认IDAC8/epoch4，未泛化为任意参数数值签核"
"ppg_adc_s1_redundancy_corrector","C:/Users/DAWN/.codex/visualizations/2026/10/02/01a0fd16-9489-7e50-a7b6-a1178fd92bf1/ppg_audit/snapshot/rtl/ppg_adc_s1_redundancy_corrector/ppg_adc_s1_redundancy_corrector.v","73","input","false","[9:0]","i_capture_stage1_raw","C10/C11","C:/Users/DAWN/.codex/visualizations/2026/10/02/01a0fd16-9489-7e50-a7b6-a1178fd92bf1/ppg_audit/snapshot/contracts/PPG_ADC_S1_PROGRAMMABLE_CALIBRATOR_CONTRACT.md","完成","formatter-AST结构+全文端口/打包/消费者语义人工核对；C002/C006及已接受豁免详见报告","固定合同域；默认IDAC8/epoch4，未泛化为任意参数数值签核"
"ppg_adc_s1_redundancy_corrector","C:/Users/DAWN/.codex/visualizations/2026/10/02/01a0fd16-9489-7e50-a7b6-a1178fd92bf1/ppg_audit/snapshot/rtl/ppg_adc_s1_redundancy_corrector/ppg_adc_s1_redundancy_corrector.v","74","input","false","[9:0]","i_capture_stage2_raw","C10/C11","C:/Users/DAWN/.codex/visualizations/2026/10/02/01a0fd16-9489-7e50-a7b6-a1178fd92bf1/ppg_audit/snapshot/contracts/PPG_ADC_S1_PROGRAMMABLE_CALIBRATOR_CONTRACT.md","完成","formatter-AST结构+全文端口/打包/消费者语义人工核对；C002/C006及已接受豁免详见报告","固定合同域；默认IDAC8/epoch4，未泛化为任意参数数值签核"
"ppg_adc_s1_redundancy_corrector","C:/Users/DAWN/.codex/visualizations/2026/10/02/01a0fd16-9489-7e50-a7b6-a1178fd92bf1/ppg_audit/snapshot/rtl/ppg_adc_s1_redundancy_corrector/ppg_adc_s1_redundancy_corrector.v","75","input","false","","i_capture_precision_mode","C10/C11","C:/Users/DAWN/.codex/visualizations/2026/10/02/01a0fd16-9489-7e50-a7b6-a1178fd92bf1/ppg_audit/snapshot/contracts/PPG_ADC_S1_PROGRAMMABLE_CALIBRATOR_CONTRACT.md","完成","formatter-AST结构+全文端口/打包/消费者语义人工核对；C002/C006及已接受豁免详见报告","固定合同域；默认IDAC8/epoch4，未泛化为任意参数数值签核"
"ppg_adc_s1_redundancy_corrector","C:/Users/DAWN/.codex/visualizations/2026/10/02/01a0fd16-9489-7e50-a7b6-a1178fd92bf1/ppg_audit/snapshot/rtl/ppg_adc_s1_redundancy_corrector/ppg_adc_s1_redundancy_corrector.v","76","input","false","","i_capture_valid","C10/C11","C:/Users/DAWN/.codex/visualizations/2026/10/02/01a0fd16-9489-7e50-a7b6-a1178fd92bf1/ppg_audit/snapshot/contracts/PPG_ADC_S1_PROGRAMMABLE_CALIBRATOR_CONTRACT.md","完成","formatter-AST结构+全文端口/打包/消费者语义人工核对；C002/C006及已接受豁免详见报告","固定合同域；默认IDAC8/epoch4，未泛化为任意参数数值签核"
"ppg_adc_s1_redundancy_corrector","C:/Users/DAWN/.codex/visualizations/2026/10/02/01a0fd16-9489-7e50-a7b6-a1178fd92bf1/ppg_audit/snapshot/rtl/ppg_adc_s1_redundancy_corrector/ppg_adc_s1_redundancy_corrector.v","79","input","false","","i_detect_ready","C10/C11","C:/Users/DAWN/.codex/visualizations/2026/10/02/01a0fd16-9489-7e50-a7b6-a1178fd92bf1/ppg_audit/snapshot/contracts/PPG_ADC_S1_PROGRAMMABLE_CALIBRATOR_CONTRACT.md","完成","formatter-AST结构+全文端口/打包/消费者语义人工核对；C002/C006及已接受豁免详见报告","固定合同域；默认IDAC8/epoch4，未泛化为任意参数数值签核"
"ppg_adc_s1_redundancy_corrector","C:/Users/DAWN/.codex/visualizations/2026/10/02/01a0fd16-9489-7e50-a7b6-a1178fd92bf1/ppg_audit/snapshot/rtl/ppg_adc_s1_redundancy_corrector/ppg_adc_s1_redundancy_corrector.v","82","output","false","","o_transaction_ready","C10/C11","C:/Users/DAWN/.codex/visualizations/2026/10/02/01a0fd16-9489-7e50-a7b6-a1178fd92bf1/ppg_audit/snapshot/contracts/PPG_ADC_S1_PROGRAMMABLE_CALIBRATOR_CONTRACT.md","完成","formatter-AST结构+全文端口/打包/消费者语义人工核对；C002/C006及已接受豁免详见报告","固定合同域；默认IDAC8/epoch4，未泛化为任意参数数值签核"
"ppg_adc_s1_redundancy_corrector","C:/Users/DAWN/.codex/visualizations/2026/10/02/01a0fd16-9489-7e50-a7b6-a1178fd92bf1/ppg_audit/snapshot/rtl/ppg_adc_s1_redundancy_corrector/ppg_adc_s1_redundancy_corrector.v","85","output","false","","o_capture_ready","C10/C11","C:/Users/DAWN/.codex/visualizations/2026/10/02/01a0fd16-9489-7e50-a7b6-a1178fd92bf1/ppg_audit/snapshot/contracts/PPG_ADC_S1_PROGRAMMABLE_CALIBRATOR_CONTRACT.md","完成","formatter-AST结构+全文端口/打包/消费者语义人工核对；C002/C006及已接受豁免详见报告","固定合同域；默认IDAC8/epoch4，未泛化为任意参数数值签核"
"ppg_adc_s1_redundancy_corrector","C:/Users/DAWN/.codex/visualizations/2026/10/02/01a0fd16-9489-7e50-a7b6-a1178fd92bf1/ppg_audit/snapshot/rtl/ppg_adc_s1_redundancy_corrector/ppg_adc_s1_redundancy_corrector.v","88","output","false","[8:0]","o_detect_code","C10/C11","C:/Users/DAWN/.codex/visualizations/2026/10/02/01a0fd16-9489-7e50-a7b6-a1178fd92bf1/ppg_audit/snapshot/contracts/PPG_ADC_S1_PROGRAMMABLE_CALIBRATOR_CONTRACT.md","完成","formatter-AST结构+全文端口/打包/消费者语义人工核对；C002/C006及已接受豁免详见报告","固定合同域；默认IDAC8/epoch4，未泛化为任意参数数值签核"
"ppg_adc_s1_redundancy_corrector","C:/Users/DAWN/.codex/visualizations/2026/10/02/01a0fd16-9489-7e50-a7b6-a1178fd92bf1/ppg_audit/snapshot/rtl/ppg_adc_s1_redundancy_corrector/ppg_adc_s1_redundancy_corrector.v","89","output","false","[9:0]","o_stage1_raw","C10/C11","C:/Users/DAWN/.codex/visualizations/2026/10/02/01a0fd16-9489-7e50-a7b6-a1178fd92bf1/ppg_audit/snapshot/contracts/PPG_ADC_S1_PROGRAMMABLE_CALIBRATOR_CONTRACT.md","完成","formatter-AST结构+全文端口/打包/消费者语义人工核对；C002/C006及已接受豁免详见报告","固定合同域；默认IDAC8/epoch4，未泛化为任意参数数值签核"
"ppg_adc_s1_redundancy_corrector","C:/Users/DAWN/.codex/visualizations/2026/10/02/01a0fd16-9489-7e50-a7b6-a1178fd92bf1/ppg_audit/snapshot/rtl/ppg_adc_s1_redundancy_corrector/ppg_adc_s1_redundancy_corrector.v","90","output","true","[10:0]","o_stage1_code_ext","C10/C11","C:/Users/DAWN/.codex/visualizations/2026/10/02/01a0fd16-9489-7e50-a7b6-a1178fd92bf1/ppg_audit/snapshot/contracts/PPG_ADC_S1_PROGRAMMABLE_CALIBRATOR_CONTRACT.md","完成","formatter-AST结构+全文端口/打包/消费者语义人工核对；C002/C006及已接受豁免详见报告","固定合同域；默认IDAC8/epoch4，未泛化为任意参数数值签核"
"ppg_adc_s1_redundancy_corrector","C:/Users/DAWN/.codex/visualizations/2026/10/02/01a0fd16-9489-7e50-a7b6-a1178fd92bf1/ppg_audit/snapshot/rtl/ppg_adc_s1_redundancy_corrector/ppg_adc_s1_redundancy_corrector.v","91","output","false","[9:0]","o_stage2_raw","C10/C11","C:/Users/DAWN/.codex/visualizations/2026/10/02/01a0fd16-9489-7e50-a7b6-a1178fd92bf1/ppg_audit/snapshot/contracts/PPG_ADC_S1_PROGRAMMABLE_CALIBRATOR_CONTRACT.md","完成","formatter-AST结构+全文端口/打包/消费者语义人工核对；C002/C006及已接受豁免详见报告","固定合同域；默认IDAC8/epoch4，未泛化为任意参数数值签核"
"ppg_adc_s1_redundancy_corrector","C:/Users/DAWN/.codex/visualizations/2026/10/02/01a0fd16-9489-7e50-a7b6-a1178fd92bf1/ppg_audit/snapshot/rtl/ppg_adc_s1_redundancy_corrector/ppg_adc_s1_redundancy_corrector.v","92","output","false","","o_precision_mode","C10/C11","C:/Users/DAWN/.codex/visualizations/2026/10/02/01a0fd16-9489-7e50-a7b6-a1178fd92bf1/ppg_audit/snapshot/contracts/PPG_ADC_S1_PROGRAMMABLE_CALIBRATOR_CONTRACT.md","完成","formatter-AST结构+全文端口/打包/消费者语义人工核对；C002/C006及已接受豁免详见报告","固定合同域；默认IDAC8/epoch4，未泛化为任意参数数值签核"
"ppg_adc_s1_redundancy_corrector","C:/Users/DAWN/.codex/visualizations/2026/10/02/01a0fd16-9489-7e50-a7b6-a1178fd92bf1/ppg_audit/snapshot/rtl/ppg_adc_s1_redundancy_corrector/ppg_adc_s1_redundancy_corrector.v","93","output","false","","o_detect_valid","C10/C11","C:/Users/DAWN/.codex/visualizations/2026/10/02/01a0fd16-9489-7e50-a7b6-a1178fd92bf1/ppg_audit/snapshot/contracts/PPG_ADC_S1_PROGRAMMABLE_CALIBRATOR_CONTRACT.md","完成","formatter-AST结构+全文端口/打包/消费者语义人工核对；C002/C006及已接受豁免详见报告","固定合同域；默认IDAC8/epoch4，未泛化为任意参数数值签核"
"ppg_adc_s1_redundancy_corrector","C:/Users/DAWN/.codex/visualizations/2026/10/02/01a0fd16-9489-7e50-a7b6-a1178fd92bf1/ppg_audit/snapshot/rtl/ppg_adc_s1_redundancy_corrector/ppg_adc_s1_redundancy_corrector.v","96","output","false","[C_FRAME_ID_WIDTH - 1:0]","o_frame_id","C10/C11","C:/Users/DAWN/.codex/visualizations/2026/10/02/01a0fd16-9489-7e50-a7b6-a1178fd92bf1/ppg_audit/snapshot/contracts/PPG_ADC_S1_PROGRAMMABLE_CALIBRATOR_CONTRACT.md","完成","formatter-AST结构+全文端口/打包/消费者语义人工核对；C002/C006及已接受豁免详见报告","固定合同域；默认IDAC8/epoch4，未泛化为任意参数数值签核"
"ppg_adc_s1_redundancy_corrector","C:/Users/DAWN/.codex/visualizations/2026/10/02/01a0fd16-9489-7e50-a7b6-a1178fd92bf1/ppg_audit/snapshot/rtl/ppg_adc_s1_redundancy_corrector/ppg_adc_s1_redundancy_corrector.v","97","output","false","[C_SAMPLE_INDEX_WIDTH - 1:0]","o_sample_index","C10/C11","C:/Users/DAWN/.codex/visualizations/2026/10/02/01a0fd16-9489-7e50-a7b6-a1178fd92bf1/ppg_audit/snapshot/contracts/PPG_ADC_S1_PROGRAMMABLE_CALIBRATOR_CONTRACT.md","完成","formatter-AST结构+全文端口/打包/消费者语义人工核对；C002/C006及已接受豁免详见报告","固定合同域；默认IDAC8/epoch4，未泛化为任意参数数值签核"
"ppg_adc_s1_redundancy_corrector","C:/Users/DAWN/.codex/visualizations/2026/10/02/01a0fd16-9489-7e50-a7b6-a1178fd92bf1/ppg_audit/snapshot/rtl/ppg_adc_s1_redundancy_corrector/ppg_adc_s1_redundancy_corrector.v","98","output","false","","o_color_ir","C10/C11","C:/Users/DAWN/.codex/visualizations/2026/10/02/01a0fd16-9489-7e50-a7b6-a1178fd92bf1/ppg_audit/snapshot/contracts/PPG_ADC_S1_PROGRAMMABLE_CALIBRATOR_CONTRACT.md","完成","formatter-AST结构+全文端口/打包/消费者语义人工核对；C002/C006及已接受豁免详见报告","固定合同域；默认IDAC8/epoch4，未泛化为任意参数数值签核"
"ppg_adc_s1_redundancy_corrector","C:/Users/DAWN/.codex/visualizations/2026/10/02/01a0fd16-9489-7e50-a7b6-a1178fd92bf1/ppg_audit/snapshot/rtl/ppg_adc_s1_redundancy_corrector/ppg_adc_s1_redundancy_corrector.v","99","output","false","[1:0]","o_frame_type","C10/C11","C:/Users/DAWN/.codex/visualizations/2026/10/02/01a0fd16-9489-7e50-a7b6-a1178fd92bf1/ppg_audit/snapshot/contracts/PPG_ADC_S1_PROGRAMMABLE_CALIBRATOR_CONTRACT.md","完成","formatter-AST结构+全文端口/打包/消费者语义人工核对；C002/C006及已接受豁免详见报告","固定合同域；默认IDAC8/epoch4，未泛化为任意参数数值签核"
"ppg_adc_s1_redundancy_corrector","C:/Users/DAWN/.codex/visualizations/2026/10/02/01a0fd16-9489-7e50-a7b6-a1178fd92bf1/ppg_audit/snapshot/rtl/ppg_adc_s1_redundancy_corrector/ppg_adc_s1_redundancy_corrector.v","100","output","false","[C_IDAC_CODE_WIDTH - 1:0]","o_amb_code_snapshot","C10/C11","C:/Users/DAWN/.codex/visualizations/2026/10/02/01a0fd16-9489-7e50-a7b6-a1178fd92bf1/ppg_audit/snapshot/contracts/PPG_ADC_S1_PROGRAMMABLE_CALIBRATOR_CONTRACT.md","完成","formatter-AST结构+全文端口/打包/消费者语义人工核对；C002/C006及已接受豁免详见报告","固定合同域；默认IDAC8/epoch4，未泛化为任意参数数值签核"
"ppg_adc_s1_redundancy_corrector","C:/Users/DAWN/.codex/visualizations/2026/10/02/01a0fd16-9489-7e50-a7b6-a1178fd92bf1/ppg_audit/snapshot/rtl/ppg_adc_s1_redundancy_corrector/ppg_adc_s1_redundancy_corrector.v","101","output","false","[C_IDAC_CODE_WIDTH - 1:0]","o_dc_code_snapshot","C10/C11","C:/Users/DAWN/.codex/visualizations/2026/10/02/01a0fd16-9489-7e50-a7b6-a1178fd92bf1/ppg_audit/snapshot/contracts/PPG_ADC_S1_PROGRAMMABLE_CALIBRATOR_CONTRACT.md","完成","formatter-AST结构+全文端口/打包/消费者语义人工核对；C002/C006及已接受豁免详见报告","固定合同域；默认IDAC8/epoch4，未泛化为任意参数数值签核"
"ppg_adc_s1_redundancy_corrector","C:/Users/DAWN/.codex/visualizations/2026/10/02/01a0fd16-9489-7e50-a7b6-a1178fd92bf1/ppg_audit/snapshot/rtl/ppg_adc_s1_redundancy_corrector/ppg_adc_s1_redundancy_corrector.v","102","output","false","[C_CODE_EPOCH_WIDTH - 1:0]","o_amb_code_epoch","C10/C11","C:/Users/DAWN/.codex/visualizations/2026/10/02/01a0fd16-9489-7e50-a7b6-a1178fd92bf1/ppg_audit/snapshot/contracts/PPG_ADC_S1_PROGRAMMABLE_CALIBRATOR_CONTRACT.md","完成","formatter-AST结构+全文端口/打包/消费者语义人工核对；C002/C006及已接受豁免详见报告","固定合同域；默认IDAC8/epoch4，未泛化为任意参数数值签核"
"ppg_adc_s1_redundancy_corrector","C:/Users/DAWN/.codex/visualizations/2026/10/02/01a0fd16-9489-7e50-a7b6-a1178fd92bf1/ppg_audit/snapshot/rtl/ppg_adc_s1_redundancy_corrector/ppg_adc_s1_redundancy_corrector.v","103","output","false","[C_CODE_EPOCH_WIDTH - 1:0]","o_dc_code_epoch","C10/C11","C:/Users/DAWN/.codex/visualizations/2026/10/02/01a0fd16-9489-7e50-a7b6-a1178fd92bf1/ppg_audit/snapshot/contracts/PPG_ADC_S1_PROGRAMMABLE_CALIBRATOR_CONTRACT.md","完成","formatter-AST结构+全文端口/打包/消费者语义人工核对；C002/C006及已接受豁免详见报告","固定合同域；默认IDAC8/epoch4，未泛化为任意参数数值签核"
"ppg_coarse_detection_fir","C:/Users/DAWN/.codex/visualizations/2026/10/02/01a0fd16-9489-7e50-a7b6-a1178fd92bf1/ppg_audit/snapshot/rtl/ppg_coarse_detection_fir/ppg_coarse_detection_fir.v","67","input","false","","i_clk","C19","C:/Users/DAWN/.codex/visualizations/2026/10/02/01a0fd16-9489-7e50-a7b6-a1178fd92bf1/ppg_audit/snapshot/contracts/PPG_COARSE_DETECTION_FIR_INTERFACE_CONTRACT.md","完成","formatter-AST结构+全文端口/打包/消费者语义人工核对；C002/C006及已接受豁免详见报告","固定合同域；默认IDAC8/epoch4，未泛化为任意参数数值签核"
"ppg_coarse_detection_fir","C:/Users/DAWN/.codex/visualizations/2026/10/02/01a0fd16-9489-7e50-a7b6-a1178fd92bf1/ppg_audit/snapshot/rtl/ppg_coarse_detection_fir/ppg_coarse_detection_fir.v","68","input","false","","i_rstn","C19","C:/Users/DAWN/.codex/visualizations/2026/10/02/01a0fd16-9489-7e50-a7b6-a1178fd92bf1/ppg_audit/snapshot/contracts/PPG_COARSE_DETECTION_FIR_INTERFACE_CONTRACT.md","完成","formatter-AST结构+全文端口/打包/消费者语义人工核对；C002/C006及已接受豁免详见报告","固定合同域；默认IDAC8/epoch4，未泛化为任意参数数值签核"
"ppg_coarse_detection_fir","C:/Users/DAWN/.codex/visualizations/2026/10/02/01a0fd16-9489-7e50-a7b6-a1178fd92bf1/ppg_audit/snapshot/rtl/ppg_coarse_detection_fir/ppg_coarse_detection_fir.v","71","input","false","","i_run_enable","C19","C:/Users/DAWN/.codex/visualizations/2026/10/02/01a0fd16-9489-7e50-a7b6-a1178fd92bf1/ppg_audit/snapshot/contracts/PPG_COARSE_DETECTION_FIR_INTERFACE_CONTRACT.md","完成","formatter-AST结构+全文端口/打包/消费者语义人工核对；C002/C006及已接受豁免详见报告","固定合同域；默认IDAC8/epoch4，未泛化为任意参数数值签核"
"ppg_coarse_detection_fir","C:/Users/DAWN/.codex/visualizations/2026/10/02/01a0fd16-9489-7e50-a7b6-a1178fd92bf1/ppg_audit/snapshot/rtl/ppg_coarse_detection_fir/ppg_coarse_detection_fir.v","72","input","false","","i_start_ack_event","C19","C:/Users/DAWN/.codex/visualizations/2026/10/02/01a0fd16-9489-7e50-a7b6-a1178fd92bf1/ppg_audit/snapshot/contracts/PPG_COARSE_DETECTION_FIR_INTERFACE_CONTRACT.md","完成","formatter-AST结构+全文端口/打包/消费者语义人工核对；C002/C006及已接受豁免详见报告","固定合同域；默认IDAC8/epoch4，未泛化为任意参数数值签核"
"ppg_coarse_detection_fir","C:/Users/DAWN/.codex/visualizations/2026/10/02/01a0fd16-9489-7e50-a7b6-a1178fd92bf1/ppg_audit/snapshot/rtl/ppg_coarse_detection_fir/ppg_coarse_detection_fir.v","73","input","false","","i_recheck_accept_event","C19","C:/Users/DAWN/.codex/visualizations/2026/10/02/01a0fd16-9489-7e50-a7b6-a1178fd92bf1/ppg_audit/snapshot/contracts/PPG_COARSE_DETECTION_FIR_INTERFACE_CONTRACT.md","完成","formatter-AST结构+全文端口/打包/消费者语义人工核对；C002/C006及已接受豁免详见报告","固定合同域；默认IDAC8/epoch4，未泛化为任意参数数值签核"
"ppg_coarse_detection_fir","C:/Users/DAWN/.codex/visualizations/2026/10/02/01a0fd16-9489-7e50-a7b6-a1178fd92bf1/ppg_audit/snapshot/rtl/ppg_coarse_detection_fir/ppg_coarse_detection_fir.v","74","input","false","","i_recheck_busy","C19","C:/Users/DAWN/.codex/visualizations/2026/10/02/01a0fd16-9489-7e50-a7b6-a1178fd92bf1/ppg_audit/snapshot/contracts/PPG_COARSE_DETECTION_FIR_INTERFACE_CONTRACT.md","完成","formatter-AST结构+全文端口/打包/消费者语义人工核对；C002/C006及已接受豁免详见报告","固定合同域；默认IDAC8/epoch4，未泛化为任意参数数值签核"
"ppg_coarse_detection_fir","C:/Users/DAWN/.codex/visualizations/2026/10/02/01a0fd16-9489-7e50-a7b6-a1178fd92bf1/ppg_audit/snapshot/rtl/ppg_coarse_detection_fir/ppg_coarse_detection_fir.v","77","input","false","","i_detection_discard_event","C19","C:/Users/DAWN/.codex/visualizations/2026/10/02/01a0fd16-9489-7e50-a7b6-a1178fd92bf1/ppg_audit/snapshot/contracts/PPG_COARSE_DETECTION_FIR_INTERFACE_CONTRACT.md","完成","formatter-AST结构+全文端口/打包/消费者语义人工核对；C002/C006及已接受豁免详见报告","固定合同域；默认IDAC8/epoch4，未泛化为任意参数数值签核"
"ppg_coarse_detection_fir","C:/Users/DAWN/.codex/visualizations/2026/10/02/01a0fd16-9489-7e50-a7b6-a1178fd92bf1/ppg_audit/snapshot/rtl/ppg_coarse_detection_fir/ppg_coarse_detection_fir.v","78","input","false","[1:0]","i_detection_discard_reason","C19","C:/Users/DAWN/.codex/visualizations/2026/10/02/01a0fd16-9489-7e50-a7b6-a1178fd92bf1/ppg_audit/snapshot/contracts/PPG_COARSE_DETECTION_FIR_INTERFACE_CONTRACT.md","完成","formatter-AST结构+全文端口/打包/消费者语义人工核对；C002/C006及已接受豁免详见报告","固定合同域；默认IDAC8/epoch4，未泛化为任意参数数值签核"
"ppg_coarse_detection_fir","C:/Users/DAWN/.codex/visualizations/2026/10/02/01a0fd16-9489-7e50-a7b6-a1178fd92bf1/ppg_audit/snapshot/rtl/ppg_coarse_detection_fir/ppg_coarse_detection_fir.v","79","input","false","","i_detection_discard_identity_valid","C19","C:/Users/DAWN/.codex/visualizations/2026/10/02/01a0fd16-9489-7e50-a7b6-a1178fd92bf1/ppg_audit/snapshot/contracts/PPG_COARSE_DETECTION_FIR_INTERFACE_CONTRACT.md","完成","formatter-AST结构+全文端口/打包/消费者语义人工核对；C002/C006及已接受豁免详见报告","固定合同域；默认IDAC8/epoch4，未泛化为任意参数数值签核"
"ppg_coarse_detection_fir","C:/Users/DAWN/.codex/visualizations/2026/10/02/01a0fd16-9489-7e50-a7b6-a1178fd92bf1/ppg_audit/snapshot/rtl/ppg_coarse_detection_fir/ppg_coarse_detection_fir.v","80","input","false","","i_detection_discard_sample_valid","C19","C:/Users/DAWN/.codex/visualizations/2026/10/02/01a0fd16-9489-7e50-a7b6-a1178fd92bf1/ppg_audit/snapshot/contracts/PPG_COARSE_DETECTION_FIR_INTERFACE_CONTRACT.md","完成","formatter-AST结构+全文端口/打包/消费者语义人工核对；C002/C006及已接受豁免详见报告","固定合同域；默认IDAC8/epoch4，未泛化为任意参数数值签核"
"ppg_coarse_detection_fir","C:/Users/DAWN/.codex/visualizations/2026/10/02/01a0fd16-9489-7e50-a7b6-a1178fd92bf1/ppg_audit/snapshot/rtl/ppg_coarse_detection_fir/ppg_coarse_detection_fir.v","81","input","false","[C_FRAME_ID_WIDTH - 1:0]","i_detection_discard_frame_id","C19","C:/Users/DAWN/.codex/visualizations/2026/10/02/01a0fd16-9489-7e50-a7b6-a1178fd92bf1/ppg_audit/snapshot/contracts/PPG_COARSE_DETECTION_FIR_INTERFACE_CONTRACT.md","完成","formatter-AST结构+全文端口/打包/消费者语义人工核对；C002/C006及已接受豁免详见报告","固定合同域；默认IDAC8/epoch4，未泛化为任意参数数值签核"
"ppg_coarse_detection_fir","C:/Users/DAWN/.codex/visualizations/2026/10/02/01a0fd16-9489-7e50-a7b6-a1178fd92bf1/ppg_audit/snapshot/rtl/ppg_coarse_detection_fir/ppg_coarse_detection_fir.v","82","input","false","[C_SAMPLE_INDEX_WIDTH - 1:0]","i_detection_discard_sample_index","C19","C:/Users/DAWN/.codex/visualizations/2026/10/02/01a0fd16-9489-7e50-a7b6-a1178fd92bf1/ppg_audit/snapshot/contracts/PPG_COARSE_DETECTION_FIR_INTERFACE_CONTRACT.md","完成","formatter-AST结构+全文端口/打包/消费者语义人工核对；C002/C006及已接受豁免详见报告","固定合同域；默认IDAC8/epoch4，未泛化为任意参数数值签核"
"ppg_coarse_detection_fir","C:/Users/DAWN/.codex/visualizations/2026/10/02/01a0fd16-9489-7e50-a7b6-a1178fd92bf1/ppg_audit/snapshot/rtl/ppg_coarse_detection_fir/ppg_coarse_detection_fir.v","83","input","false","","i_detection_discard_color_ir","C19","C:/Users/DAWN/.codex/visualizations/2026/10/02/01a0fd16-9489-7e50-a7b6-a1178fd92bf1/ppg_audit/snapshot/contracts/PPG_COARSE_DETECTION_FIR_INTERFACE_CONTRACT.md","完成","formatter-AST结构+全文端口/打包/消费者语义人工核对；C002/C006及已接受豁免详见报告","固定合同域；默认IDAC8/epoch4，未泛化为任意参数数值签核"
"ppg_coarse_detection_fir","C:/Users/DAWN/.codex/visualizations/2026/10/02/01a0fd16-9489-7e50-a7b6-a1178fd92bf1/ppg_audit/snapshot/rtl/ppg_coarse_detection_fir/ppg_coarse_detection_fir.v","84","input","false","[1:0]","i_detection_discard_frame_type","C19","C:/Users/DAWN/.codex/visualizations/2026/10/02/01a0fd16-9489-7e50-a7b6-a1178fd92bf1/ppg_audit/snapshot/contracts/PPG_COARSE_DETECTION_FIR_INTERFACE_CONTRACT.md","完成","formatter-AST结构+全文端口/打包/消费者语义人工核对；C002/C006及已接受豁免详见报告","固定合同域；默认IDAC8/epoch4，未泛化为任意参数数值签核"
"ppg_coarse_detection_fir","C:/Users/DAWN/.codex/visualizations/2026/10/02/01a0fd16-9489-7e50-a7b6-a1178fd92bf1/ppg_audit/snapshot/rtl/ppg_coarse_detection_fir/ppg_coarse_detection_fir.v","85","input","false","","i_detection_discard_precision","C19","C:/Users/DAWN/.codex/visualizations/2026/10/02/01a0fd16-9489-7e50-a7b6-a1178fd92bf1/ppg_audit/snapshot/contracts/PPG_COARSE_DETECTION_FIR_INTERFACE_CONTRACT.md","完成","formatter-AST结构+全文端口/打包/消费者语义人工核对；C002/C006及已接受豁免详见报告","固定合同域；默认IDAC8/epoch4，未泛化为任意参数数值签核"
"ppg_coarse_detection_fir","C:/Users/DAWN/.codex/visualizations/2026/10/02/01a0fd16-9489-7e50-a7b6-a1178fd92bf1/ppg_audit/snapshot/rtl/ppg_coarse_detection_fir/ppg_coarse_detection_fir.v","86","input","false","[C_CONFIG_EPOCH_WIDTH - 1:0]","i_detection_discard_config_epoch","C19","C:/Users/DAWN/.codex/visualizations/2026/10/02/01a0fd16-9489-7e50-a7b6-a1178fd92bf1/ppg_audit/snapshot/contracts/PPG_COARSE_DETECTION_FIR_INTERFACE_CONTRACT.md","完成","formatter-AST结构+全文端口/打包/消费者语义人工核对；C002/C006及已接受豁免详见报告","固定合同域；默认IDAC8/epoch4，未泛化为任意参数数值签核"
"ppg_coarse_detection_fir","C:/Users/DAWN/.codex/visualizations/2026/10/02/01a0fd16-9489-7e50-a7b6-a1178fd92bf1/ppg_audit/snapshot/rtl/ppg_coarse_detection_fir/ppg_coarse_detection_fir.v","87","input","false","[C_COEF_EPOCH_WIDTH - 1:0]","i_detection_discard_coef_epoch","C19","C:/Users/DAWN/.codex/visualizations/2026/10/02/01a0fd16-9489-7e50-a7b6-a1178fd92bf1/ppg_audit/snapshot/contracts/PPG_COARSE_DETECTION_FIR_INTERFACE_CONTRACT.md","完成","formatter-AST结构+全文端口/打包/消费者语义人工核对；C002/C006及已接受豁免详见报告","固定合同域；默认IDAC8/epoch4，未泛化为任意参数数值签核"
"ppg_coarse_detection_fir","C:/Users/DAWN/.codex/visualizations/2026/10/02/01a0fd16-9489-7e50-a7b6-a1178fd92bf1/ppg_audit/snapshot/rtl/ppg_coarse_detection_fir/ppg_coarse_detection_fir.v","88","input","false","[C_DC_RECOVERY_EPOCH_WIDTH - 1:0]","i_detection_discard_dc_recovery_epoch","C19","C:/Users/DAWN/.codex/visualizations/2026/10/02/01a0fd16-9489-7e50-a7b6-a1178fd92bf1/ppg_audit/snapshot/contracts/PPG_COARSE_DETECTION_FIR_INTERFACE_CONTRACT.md","完成","formatter-AST结构+全文端口/打包/消费者语义人工核对；C002/C006及已接受豁免详见报告","固定合同域；默认IDAC8/epoch4，未泛化为任意参数数值签核"
"ppg_coarse_detection_fir","C:/Users/DAWN/.codex/visualizations/2026/10/02/01a0fd16-9489-7e50-a7b6-a1178fd92bf1/ppg_audit/snapshot/rtl/ppg_coarse_detection_fir/ppg_coarse_detection_fir.v","89","input","false","[C_CODE_EPOCH_WIDTH - 1:0]","i_detection_discard_amb_code_epoch","C19","C:/Users/DAWN/.codex/visualizations/2026/10/02/01a0fd16-9489-7e50-a7b6-a1178fd92bf1/ppg_audit/snapshot/contracts/PPG_COARSE_DETECTION_FIR_INTERFACE_CONTRACT.md","完成","formatter-AST结构+全文端口/打包/消费者语义人工核对；C002/C006及已接受豁免详见报告","固定合同域；默认IDAC8/epoch4，未泛化为任意参数数值签核"
"ppg_coarse_detection_fir","C:/Users/DAWN/.codex/visualizations/2026/10/02/01a0fd16-9489-7e50-a7b6-a1178fd92bf1/ppg_audit/snapshot/rtl/ppg_coarse_detection_fir/ppg_coarse_detection_fir.v","90","input","false","[C_CODE_EPOCH_WIDTH - 1:0]","i_detection_discard_dc_code_epoch","C19","C:/Users/DAWN/.codex/visualizations/2026/10/02/01a0fd16-9489-7e50-a7b6-a1178fd92bf1/ppg_audit/snapshot/contracts/PPG_COARSE_DETECTION_FIR_INTERFACE_CONTRACT.md","完成","formatter-AST结构+全文端口/打包/消费者语义人工核对；C002/C006及已接受豁免详见报告","固定合同域；默认IDAC8/epoch4，未泛化为任意参数数值签核"
"ppg_coarse_detection_fir","C:/Users/DAWN/.codex/visualizations/2026/10/02/01a0fd16-9489-7e50-a7b6-a1178fd92bf1/ppg_audit/snapshot/rtl/ppg_coarse_detection_fir/ppg_coarse_detection_fir.v","91","input","false","[C_RUN_GENERATION_WIDTH - 1:0]","i_detection_discard_run_generation","C19","C:/Users/DAWN/.codex/visualizations/2026/10/02/01a0fd16-9489-7e50-a7b6-a1178fd92bf1/ppg_audit/snapshot/contracts/PPG_COARSE_DETECTION_FIR_INTERFACE_CONTRACT.md","完成","formatter-AST结构+全文端口/打包/消费者语义人工核对；C002/C006及已接受豁免详见报告","固定合同域；默认IDAC8/epoch4，未泛化为任意参数数值签核"
"ppg_coarse_detection_fir","C:/Users/DAWN/.codex/visualizations/2026/10/02/01a0fd16-9489-7e50-a7b6-a1178fd92bf1/ppg_audit/snapshot/rtl/ppg_coarse_detection_fir/ppg_coarse_detection_fir.v","92","input","false","[C_RUN_GENERATION_WIDTH - 1:0]","i_run_generation","C19","C:/Users/DAWN/.codex/visualizations/2026/10/02/01a0fd16-9489-7e50-a7b6-a1178fd92bf1/ppg_audit/snapshot/contracts/PPG_COARSE_DETECTION_FIR_INTERFACE_CONTRACT.md","完成","formatter-AST结构+全文端口/打包/消费者语义人工核对；C002/C006及已接受豁免详见报告","固定合同域；默认IDAC8/epoch4，未泛化为任意参数数值签核"
"ppg_coarse_detection_fir","C:/Users/DAWN/.codex/visualizations/2026/10/02/01a0fd16-9489-7e50-a7b6-a1178fd92bf1/ppg_audit/snapshot/rtl/ppg_coarse_detection_fir/ppg_coarse_detection_fir.v","93","output","false","","o_local_empty","C19","C:/Users/DAWN/.codex/visualizations/2026/10/02/01a0fd16-9489-7e50-a7b6-a1178fd92bf1/ppg_audit/snapshot/contracts/PPG_COARSE_DETECTION_FIR_INTERFACE_CONTRACT.md","完成","formatter-AST结构+全文端口/打包/消费者语义人工核对；C002/C006及已接受豁免详见报告","固定合同域；默认IDAC8/epoch4，未泛化为任意参数数值签核"
"ppg_coarse_detection_fir","C:/Users/DAWN/.codex/visualizations/2026/10/02/01a0fd16-9489-7e50-a7b6-a1178fd92bf1/ppg_audit/snapshot/rtl/ppg_coarse_detection_fir/ppg_coarse_detection_fir.v","96","input","false","","i_result_valid","C19","C:/Users/DAWN/.codex/visualizations/2026/10/02/01a0fd16-9489-7e50-a7b6-a1178fd92bf1/ppg_audit/snapshot/contracts/PPG_COARSE_DETECTION_FIR_INTERFACE_CONTRACT.md","完成","formatter-AST结构+全文端口/打包/消费者语义人工核对；C002/C006及已接受豁免详见报告","固定合同域；默认IDAC8/epoch4，未泛化为任意参数数值签核"
"ppg_coarse_detection_fir","C:/Users/DAWN/.codex/visualizations/2026/10/02/01a0fd16-9489-7e50-a7b6-a1178fd92bf1/ppg_audit/snapshot/rtl/ppg_coarse_detection_fir/ppg_coarse_detection_fir.v","97","output","false","","o_result_ready","C19","C:/Users/DAWN/.codex/visualizations/2026/10/02/01a0fd16-9489-7e50-a7b6-a1178fd92bf1/ppg_audit/snapshot/contracts/PPG_COARSE_DETECTION_FIR_INTERFACE_CONTRACT.md","完成","formatter-AST结构+全文端口/打包/消费者语义人工核对；C002/C006及已接受豁免详见报告","固定合同域；默认IDAC8/epoch4，未泛化为任意参数数值签核"
"ppg_coarse_detection_fir","C:/Users/DAWN/.codex/visualizations/2026/10/02/01a0fd16-9489-7e50-a7b6-a1178fd92bf1/ppg_audit/snapshot/rtl/ppg_coarse_detection_fir/ppg_coarse_detection_fir.v","98","input","false","","i_sample_valid","C19","C:/Users/DAWN/.codex/visualizations/2026/10/02/01a0fd16-9489-7e50-a7b6-a1178fd92bf1/ppg_audit/snapshot/contracts/PPG_COARSE_DETECTION_FIR_INTERFACE_CONTRACT.md","完成","formatter-AST结构+全文端口/打包/消费者语义人工核对；C002/C006及已接受豁免详见报告","固定合同域；默认IDAC8/epoch4，未泛化为任意参数数值签核"
"ppg_coarse_detection_fir","C:/Users/DAWN/.codex/visualizations/2026/10/02/01a0fd16-9489-7e50-a7b6-a1178fd92bf1/ppg_audit/snapshot/rtl/ppg_coarse_detection_fir/ppg_coarse_detection_fir.v","99","input","true","[23:0]","i_coarse_ppg_value","C19","C:/Users/DAWN/.codex/visualizations/2026/10/02/01a0fd16-9489-7e50-a7b6-a1178fd92bf1/ppg_audit/snapshot/contracts/PPG_COARSE_DETECTION_FIR_INTERFACE_CONTRACT.md","完成","formatter-AST结构+全文端口/打包/消费者语义人工核对；C002/C006及已接受豁免详见报告","固定合同域；默认IDAC8/epoch4，未泛化为任意参数数值签核"
"ppg_coarse_detection_fir","C:/Users/DAWN/.codex/visualizations/2026/10/02/01a0fd16-9489-7e50-a7b6-a1178fd92bf1/ppg_audit/snapshot/rtl/ppg_coarse_detection_fir/ppg_coarse_detection_fir.v","100","input","false","","i_coarse_valid","C19","C:/Users/DAWN/.codex/visualizations/2026/10/02/01a0fd16-9489-7e50-a7b6-a1178fd92bf1/ppg_audit/snapshot/contracts/PPG_COARSE_DETECTION_FIR_INTERFACE_CONTRACT.md","完成","formatter-AST结构+全文端口/打包/消费者语义人工核对；C002/C006及已接受豁免详见报告","固定合同域；默认IDAC8/epoch4，未泛化为任意参数数值签核"
"ppg_coarse_detection_fir","C:/Users/DAWN/.codex/visualizations/2026/10/02/01a0fd16-9489-7e50-a7b6-a1178fd92bf1/ppg_audit/snapshot/rtl/ppg_coarse_detection_fir/ppg_coarse_detection_fir.v","101","input","false","","i_coarse_recovery_calibrated","C19","C:/Users/DAWN/.codex/visualizations/2026/10/02/01a0fd16-9489-7e50-a7b6-a1178fd92bf1/ppg_audit/snapshot/contracts/PPG_COARSE_DETECTION_FIR_INTERFACE_CONTRACT.md","完成","formatter-AST结构+全文端口/打包/消费者语义人工核对；C002/C006及已接受豁免详见报告","固定合同域；默认IDAC8/epoch4，未泛化为任意参数数值签核"
"ppg_coarse_detection_fir","C:/Users/DAWN/.codex/visualizations/2026/10/02/01a0fd16-9489-7e50-a7b6-a1178fd92bf1/ppg_audit/snapshot/rtl/ppg_coarse_detection_fir/ppg_coarse_detection_fir.v","102","input","false","","i_stage1_saturation_low","C19","C:/Users/DAWN/.codex/visualizations/2026/10/02/01a0fd16-9489-7e50-a7b6-a1178fd92bf1/ppg_audit/snapshot/contracts/PPG_COARSE_DETECTION_FIR_INTERFACE_CONTRACT.md","完成","formatter-AST结构+全文端口/打包/消费者语义人工核对；C002/C006及已接受豁免详见报告","固定合同域；默认IDAC8/epoch4，未泛化为任意参数数值签核"
"ppg_coarse_detection_fir","C:/Users/DAWN/.codex/visualizations/2026/10/02/01a0fd16-9489-7e50-a7b6-a1178fd92bf1/ppg_audit/snapshot/rtl/ppg_coarse_detection_fir/ppg_coarse_detection_fir.v","103","input","false","","i_stage1_saturation_high","C19","C:/Users/DAWN/.codex/visualizations/2026/10/02/01a0fd16-9489-7e50-a7b6-a1178fd92bf1/ppg_audit/snapshot/contracts/PPG_COARSE_DETECTION_FIR_INTERFACE_CONTRACT.md","完成","formatter-AST结构+全文端口/打包/消费者语义人工核对；C002/C006及已接受豁免详见报告","固定合同域；默认IDAC8/epoch4，未泛化为任意参数数值签核"
"ppg_coarse_detection_fir","C:/Users/DAWN/.codex/visualizations/2026/10/02/01a0fd16-9489-7e50-a7b6-a1178fd92bf1/ppg_audit/snapshot/rtl/ppg_coarse_detection_fir/ppg_coarse_detection_fir.v","104","input","false","","i_coarse_saturation_low","C19","C:/Users/DAWN/.codex/visualizations/2026/10/02/01a0fd16-9489-7e50-a7b6-a1178fd92bf1/ppg_audit/snapshot/contracts/PPG_COARSE_DETECTION_FIR_INTERFACE_CONTRACT.md","完成","formatter-AST结构+全文端口/打包/消费者语义人工核对；C002/C006及已接受豁免详见报告","固定合同域；默认IDAC8/epoch4，未泛化为任意参数数值签核"
"ppg_coarse_detection_fir","C:/Users/DAWN/.codex/visualizations/2026/10/02/01a0fd16-9489-7e50-a7b6-a1178fd92bf1/ppg_audit/snapshot/rtl/ppg_coarse_detection_fir/ppg_coarse_detection_fir.v","105","input","false","","i_coarse_saturation_high","C19","C:/Users/DAWN/.codex/visualizations/2026/10/02/01a0fd16-9489-7e50-a7b6-a1178fd92bf1/ppg_audit/snapshot/contracts/PPG_COARSE_DETECTION_FIR_INTERFACE_CONTRACT.md","完成","formatter-AST结构+全文端口/打包/消费者语义人工核对；C002/C006及已接受豁免详见报告","固定合同域；默认IDAC8/epoch4，未泛化为任意参数数值签核"
"ppg_coarse_detection_fir","C:/Users/DAWN/.codex/visualizations/2026/10/02/01a0fd16-9489-7e50-a7b6-a1178fd92bf1/ppg_audit/snapshot/rtl/ppg_coarse_detection_fir/ppg_coarse_detection_fir.v","106","input","false","[C_CONFIG_EPOCH_WIDTH - 1:0]","i_config_epoch","C19","C:/Users/DAWN/.codex/visualizations/2026/10/02/01a0fd16-9489-7e50-a7b6-a1178fd92bf1/ppg_audit/snapshot/contracts/PPG_COARSE_DETECTION_FIR_INTERFACE_CONTRACT.md","完成","formatter-AST结构+全文端口/打包/消费者语义人工核对；C002/C006及已接受豁免详见报告","固定合同域；默认IDAC8/epoch4，未泛化为任意参数数值签核"
"ppg_coarse_detection_fir","C:/Users/DAWN/.codex/visualizations/2026/10/02/01a0fd16-9489-7e50-a7b6-a1178fd92bf1/ppg_audit/snapshot/rtl/ppg_coarse_detection_fir/ppg_coarse_detection_fir.v","107","input","false","[C_COEF_EPOCH_WIDTH - 1:0]","i_coef_epoch","C19","C:/Users/DAWN/.codex/visualizations/2026/10/02/01a0fd16-9489-7e50-a7b6-a1178fd92bf1/ppg_audit/snapshot/contracts/PPG_COARSE_DETECTION_FIR_INTERFACE_CONTRACT.md","完成","formatter-AST结构+全文端口/打包/消费者语义人工核对；C002/C006及已接受豁免详见报告","固定合同域；默认IDAC8/epoch4，未泛化为任意参数数值签核"
"ppg_coarse_detection_fir","C:/Users/DAWN/.codex/visualizations/2026/10/02/01a0fd16-9489-7e50-a7b6-a1178fd92bf1/ppg_audit/snapshot/rtl/ppg_coarse_detection_fir/ppg_coarse_detection_fir.v","108","input","false","[C_DC_RECOVERY_EPOCH_WIDTH - 1:0]","i_dc_recovery_coef_epoch","C19","C:/Users/DAWN/.codex/visualizations/2026/10/02/01a0fd16-9489-7e50-a7b6-a1178fd92bf1/ppg_audit/snapshot/contracts/PPG_COARSE_DETECTION_FIR_INTERFACE_CONTRACT.md","完成","formatter-AST结构+全文端口/打包/消费者语义人工核对；C002/C006及已接受豁免详见报告","固定合同域；默认IDAC8/epoch4，未泛化为任意参数数值签核"
"ppg_coarse_detection_fir","C:/Users/DAWN/.codex/visualizations/2026/10/02/01a0fd16-9489-7e50-a7b6-a1178fd92bf1/ppg_audit/snapshot/rtl/ppg_coarse_detection_fir/ppg_coarse_detection_fir.v","109","input","false","","i_precision_mode","C19","C:/Users/DAWN/.codex/visualizations/2026/10/02/01a0fd16-9489-7e50-a7b6-a1178fd92bf1/ppg_audit/snapshot/contracts/PPG_COARSE_DETECTION_FIR_INTERFACE_CONTRACT.md","完成","formatter-AST结构+全文端口/打包/消费者语义人工核对；C002/C006及已接受豁免详见报告","固定合同域；默认IDAC8/epoch4，未泛化为任意参数数值签核"
"ppg_coarse_detection_fir","C:/Users/DAWN/.codex/visualizations/2026/10/02/01a0fd16-9489-7e50-a7b6-a1178fd92bf1/ppg_audit/snapshot/rtl/ppg_coarse_detection_fir/ppg_coarse_detection_fir.v","110","input","false","[C_FRAME_ID_WIDTH - 1:0]","i_frame_id","C19","C:/Users/DAWN/.codex/visualizations/2026/10/02/01a0fd16-9489-7e50-a7b6-a1178fd92bf1/ppg_audit/snapshot/contracts/PPG_COARSE_DETECTION_FIR_INTERFACE_CONTRACT.md","完成","formatter-AST结构+全文端口/打包/消费者语义人工核对；C002/C006及已接受豁免详见报告","固定合同域；默认IDAC8/epoch4，未泛化为任意参数数值签核"
"ppg_coarse_detection_fir","C:/Users/DAWN/.codex/visualizations/2026/10/02/01a0fd16-9489-7e50-a7b6-a1178fd92bf1/ppg_audit/snapshot/rtl/ppg_coarse_detection_fir/ppg_coarse_detection_fir.v","111","input","false","[C_SAMPLE_INDEX_WIDTH - 1:0]","i_sample_index","C19","C:/Users/DAWN/.codex/visualizations/2026/10/02/01a0fd16-9489-7e50-a7b6-a1178fd92bf1/ppg_audit/snapshot/contracts/PPG_COARSE_DETECTION_FIR_INTERFACE_CONTRACT.md","完成","formatter-AST结构+全文端口/打包/消费者语义人工核对；C002/C006及已接受豁免详见报告","固定合同域；默认IDAC8/epoch4，未泛化为任意参数数值签核"
"ppg_coarse_detection_fir","C:/Users/DAWN/.codex/visualizations/2026/10/02/01a0fd16-9489-7e50-a7b6-a1178fd92bf1/ppg_audit/snapshot/rtl/ppg_coarse_detection_fir/ppg_coarse_detection_fir.v","112","input","false","","i_color_ir","C19","C:/Users/DAWN/.codex/visualizations/2026/10/02/01a0fd16-9489-7e50-a7b6-a1178fd92bf1/ppg_audit/snapshot/contracts/PPG_COARSE_DETECTION_FIR_INTERFACE_CONTRACT.md","完成","formatter-AST结构+全文端口/打包/消费者语义人工核对；C002/C006及已接受豁免详见报告","固定合同域；默认IDAC8/epoch4，未泛化为任意参数数值签核"
"ppg_coarse_detection_fir","C:/Users/DAWN/.codex/visualizations/2026/10/02/01a0fd16-9489-7e50-a7b6-a1178fd92bf1/ppg_audit/snapshot/rtl/ppg_coarse_detection_fir/ppg_coarse_detection_fir.v","113","input","false","[1:0]","i_frame_type","C19","C:/Users/DAWN/.codex/visualizations/2026/10/02/01a0fd16-9489-7e50-a7b6-a1178fd92bf1/ppg_audit/snapshot/contracts/PPG_COARSE_DETECTION_FIR_INTERFACE_CONTRACT.md","完成","formatter-AST结构+全文端口/打包/消费者语义人工核对；C002/C006及已接受豁免详见报告","固定合同域；默认IDAC8/epoch4，未泛化为任意参数数值签核"
"ppg_coarse_detection_fir","C:/Users/DAWN/.codex/visualizations/2026/10/02/01a0fd16-9489-7e50-a7b6-a1178fd92bf1/ppg_audit/snapshot/rtl/ppg_coarse_detection_fir/ppg_coarse_detection_fir.v","114","input","false","[C_IDAC_CODE_WIDTH - 1:0]","i_amb_code_snapshot","C19","C:/Users/DAWN/.codex/visualizations/2026/10/02/01a0fd16-9489-7e50-a7b6-a1178fd92bf1/ppg_audit/snapshot/contracts/PPG_COARSE_DETECTION_FIR_INTERFACE_CONTRACT.md","完成","formatter-AST结构+全文端口/打包/消费者语义人工核对；C002/C006及已接受豁免详见报告","固定合同域；默认IDAC8/epoch4，未泛化为任意参数数值签核"
"ppg_coarse_detection_fir","C:/Users/DAWN/.codex/visualizations/2026/10/02/01a0fd16-9489-7e50-a7b6-a1178fd92bf1/ppg_audit/snapshot/rtl/ppg_coarse_detection_fir/ppg_coarse_detection_fir.v","115","input","false","[C_IDAC_CODE_WIDTH - 1:0]","i_dc_code_snapshot","C19","C:/Users/DAWN/.codex/visualizations/2026/10/02/01a0fd16-9489-7e50-a7b6-a1178fd92bf1/ppg_audit/snapshot/contracts/PPG_COARSE_DETECTION_FIR_INTERFACE_CONTRACT.md","完成","formatter-AST结构+全文端口/打包/消费者语义人工核对；C002/C006及已接受豁免详见报告","固定合同域；默认IDAC8/epoch4，未泛化为任意参数数值签核"
"ppg_coarse_detection_fir","C:/Users/DAWN/.codex/visualizations/2026/10/02/01a0fd16-9489-7e50-a7b6-a1178fd92bf1/ppg_audit/snapshot/rtl/ppg_coarse_detection_fir/ppg_coarse_detection_fir.v","116","input","false","[C_CODE_EPOCH_WIDTH - 1:0]","i_amb_code_epoch","C19","C:/Users/DAWN/.codex/visualizations/2026/10/02/01a0fd16-9489-7e50-a7b6-a1178fd92bf1/ppg_audit/snapshot/contracts/PPG_COARSE_DETECTION_FIR_INTERFACE_CONTRACT.md","完成","formatter-AST结构+全文端口/打包/消费者语义人工核对；C002/C006及已接受豁免详见报告","固定合同域；默认IDAC8/epoch4，未泛化为任意参数数值签核"
"ppg_coarse_detection_fir","C:/Users/DAWN/.codex/visualizations/2026/10/02/01a0fd16-9489-7e50-a7b6-a1178fd92bf1/ppg_audit/snapshot/rtl/ppg_coarse_detection_fir/ppg_coarse_detection_fir.v","117","input","false","[C_CODE_EPOCH_WIDTH - 1:0]","i_dc_code_epoch","C19","C:/Users/DAWN/.codex/visualizations/2026/10/02/01a0fd16-9489-7e50-a7b6-a1178fd92bf1/ppg_audit/snapshot/contracts/PPG_COARSE_DETECTION_FIR_INTERFACE_CONTRACT.md","完成","formatter-AST结构+全文端口/打包/消费者语义人工核对；C002/C006及已接受豁免详见报告","固定合同域；默认IDAC8/epoch4，未泛化为任意参数数值签核"
"ppg_coarse_detection_fir","C:/Users/DAWN/.codex/visualizations/2026/10/02/01a0fd16-9489-7e50-a7b6-a1178fd92bf1/ppg_audit/snapshot/rtl/ppg_coarse_detection_fir/ppg_coarse_detection_fir.v","120","input","false","","i_test_inject_enable","C19","C:/Users/DAWN/.codex/visualizations/2026/10/02/01a0fd16-9489-7e50-a7b6-a1178fd92bf1/ppg_audit/snapshot/contracts/PPG_COARSE_DETECTION_FIR_INTERFACE_CONTRACT.md","完成","formatter-AST结构+全文端口/打包/消费者语义人工核对；C002/C006及已接受豁免详见报告","固定合同域；默认IDAC8/epoch4，未泛化为任意参数数值签核"
"ppg_coarse_detection_fir","C:/Users/DAWN/.codex/visualizations/2026/10/02/01a0fd16-9489-7e50-a7b6-a1178fd92bf1/ppg_audit/snapshot/rtl/ppg_coarse_detection_fir/ppg_coarse_detection_fir.v","121","input","false","","i_test_calibration_loss_inject_valid","C19","C:/Users/DAWN/.codex/visualizations/2026/10/02/01a0fd16-9489-7e50-a7b6-a1178fd92bf1/ppg_audit/snapshot/contracts/PPG_COARSE_DETECTION_FIR_INTERFACE_CONTRACT.md","完成","formatter-AST结构+全文端口/打包/消费者语义人工核对；C002/C006及已接受豁免详见报告","固定合同域；默认IDAC8/epoch4，未泛化为任意参数数值签核"
"ppg_coarse_detection_fir","C:/Users/DAWN/.codex/visualizations/2026/10/02/01a0fd16-9489-7e50-a7b6-a1178fd92bf1/ppg_audit/snapshot/rtl/ppg_coarse_detection_fir/ppg_coarse_detection_fir.v","122","output","false","","o_test_calibration_loss_inject_ready","C19","C:/Users/DAWN/.codex/visualizations/2026/10/02/01a0fd16-9489-7e50-a7b6-a1178fd92bf1/ppg_audit/snapshot/contracts/PPG_COARSE_DETECTION_FIR_INTERFACE_CONTRACT.md","完成","formatter-AST结构+全文端口/打包/消费者语义人工核对；C002/C006及已接受豁免详见报告","固定合同域；默认IDAC8/epoch4，未泛化为任意参数数值签核"
"ppg_coarse_detection_fir","C:/Users/DAWN/.codex/visualizations/2026/10/02/01a0fd16-9489-7e50-a7b6-a1178fd92bf1/ppg_audit/snapshot/rtl/ppg_coarse_detection_fir/ppg_coarse_detection_fir.v","125","input","false","","i_result_ready","C19","C:/Users/DAWN/.codex/visualizations/2026/10/02/01a0fd16-9489-7e50-a7b6-a1178fd92bf1/ppg_audit/snapshot/contracts/PPG_COARSE_DETECTION_FIR_INTERFACE_CONTRACT.md","完成","formatter-AST结构+全文端口/打包/消费者语义人工核对；C002/C006及已接受豁免详见报告","固定合同域；默认IDAC8/epoch4，未泛化为任意参数数值签核"
"ppg_coarse_detection_fir","C:/Users/DAWN/.codex/visualizations/2026/10/02/01a0fd16-9489-7e50-a7b6-a1178fd92bf1/ppg_audit/snapshot/rtl/ppg_coarse_detection_fir/ppg_coarse_detection_fir.v","126","output","false","","o_result_valid","C19","C:/Users/DAWN/.codex/visualizations/2026/10/02/01a0fd16-9489-7e50-a7b6-a1178fd92bf1/ppg_audit/snapshot/contracts/PPG_COARSE_DETECTION_FIR_INTERFACE_CONTRACT.md","完成","formatter-AST结构+全文端口/打包/消费者语义人工核对；C002/C006及已接受豁免详见报告","固定合同域；默认IDAC8/epoch4，未泛化为任意参数数值签核"
"ppg_coarse_detection_fir","C:/Users/DAWN/.codex/visualizations/2026/10/02/01a0fd16-9489-7e50-a7b6-a1178fd92bf1/ppg_audit/snapshot/rtl/ppg_coarse_detection_fir/ppg_coarse_detection_fir.v","127","output","true","[23:0]","o_filtered_ppg_value","C19","C:/Users/DAWN/.codex/visualizations/2026/10/02/01a0fd16-9489-7e50-a7b6-a1178fd92bf1/ppg_audit/snapshot/contracts/PPG_COARSE_DETECTION_FIR_INTERFACE_CONTRACT.md","完成","formatter-AST结构+全文端口/打包/消费者语义人工核对；C002/C006及已接受豁免详见报告","固定合同域；默认IDAC8/epoch4，未泛化为任意参数数值签核"
"ppg_coarse_detection_fir","C:/Users/DAWN/.codex/visualizations/2026/10/02/01a0fd16-9489-7e50-a7b6-a1178fd92bf1/ppg_audit/snapshot/rtl/ppg_coarse_detection_fir/ppg_coarse_detection_fir.v","128","output","false","","o_detection_qualified","C19","C:/Users/DAWN/.codex/visualizations/2026/10/02/01a0fd16-9489-7e50-a7b6-a1178fd92bf1/ppg_audit/snapshot/contracts/PPG_COARSE_DETECTION_FIR_INTERFACE_CONTRACT.md","完成","formatter-AST结构+全文端口/打包/消费者语义人工核对；C002/C006及已接受豁免详见报告","固定合同域；默认IDAC8/epoch4，未泛化为任意参数数值签核"
"ppg_coarse_detection_fir","C:/Users/DAWN/.codex/visualizations/2026/10/02/01a0fd16-9489-7e50-a7b6-a1178fd92bf1/ppg_audit/snapshot/rtl/ppg_coarse_detection_fir/ppg_coarse_detection_fir.v","129","output","false","","o_window_saturation_low","C19","C:/Users/DAWN/.codex/visualizations/2026/10/02/01a0fd16-9489-7e50-a7b6-a1178fd92bf1/ppg_audit/snapshot/contracts/PPG_COARSE_DETECTION_FIR_INTERFACE_CONTRACT.md","完成","formatter-AST结构+全文端口/打包/消费者语义人工核对；C002/C006及已接受豁免详见报告","固定合同域；默认IDAC8/epoch4，未泛化为任意参数数值签核"
"ppg_coarse_detection_fir","C:/Users/DAWN/.codex/visualizations/2026/10/02/01a0fd16-9489-7e50-a7b6-a1178fd92bf1/ppg_audit/snapshot/rtl/ppg_coarse_detection_fir/ppg_coarse_detection_fir.v","130","output","false","","o_window_saturation_high","C19","C:/Users/DAWN/.codex/visualizations/2026/10/02/01a0fd16-9489-7e50-a7b6-a1178fd92bf1/ppg_audit/snapshot/contracts/PPG_COARSE_DETECTION_FIR_INTERFACE_CONTRACT.md","完成","formatter-AST结构+全文端口/打包/消费者语义人工核对；C002/C006及已接受豁免详见报告","固定合同域；默认IDAC8/epoch4，未泛化为任意参数数值签核"
"ppg_coarse_detection_fir","C:/Users/DAWN/.codex/visualizations/2026/10/02/01a0fd16-9489-7e50-a7b6-a1178fd92bf1/ppg_audit/snapshot/rtl/ppg_coarse_detection_fir/ppg_coarse_detection_fir.v","131","output","false","","o_fir_saturation_low","C19","C:/Users/DAWN/.codex/visualizations/2026/10/02/01a0fd16-9489-7e50-a7b6-a1178fd92bf1/ppg_audit/snapshot/contracts/PPG_COARSE_DETECTION_FIR_INTERFACE_CONTRACT.md","完成","formatter-AST结构+全文端口/打包/消费者语义人工核对；C002/C006及已接受豁免详见报告","固定合同域；默认IDAC8/epoch4，未泛化为任意参数数值签核"
"ppg_coarse_detection_fir","C:/Users/DAWN/.codex/visualizations/2026/10/02/01a0fd16-9489-7e50-a7b6-a1178fd92bf1/ppg_audit/snapshot/rtl/ppg_coarse_detection_fir/ppg_coarse_detection_fir.v","132","output","false","","o_fir_saturation_high","C19","C:/Users/DAWN/.codex/visualizations/2026/10/02/01a0fd16-9489-7e50-a7b6-a1178fd92bf1/ppg_audit/snapshot/contracts/PPG_COARSE_DETECTION_FIR_INTERFACE_CONTRACT.md","完成","formatter-AST结构+全文端口/打包/消费者语义人工核对；C002/C006及已接受豁免详见报告","固定合同域；默认IDAC8/epoch4，未泛化为任意参数数值签核"
"ppg_coarse_detection_fir","C:/Users/DAWN/.codex/visualizations/2026/10/02/01a0fd16-9489-7e50-a7b6-a1178fd92bf1/ppg_audit/snapshot/rtl/ppg_coarse_detection_fir/ppg_coarse_detection_fir.v","133","output","false","","o_history_full_r","C19","C:/Users/DAWN/.codex/visualizations/2026/10/02/01a0fd16-9489-7e50-a7b6-a1178fd92bf1/ppg_audit/snapshot/contracts/PPG_COARSE_DETECTION_FIR_INTERFACE_CONTRACT.md","完成","formatter-AST结构+全文端口/打包/消费者语义人工核对；C002/C006及已接受豁免详见报告","固定合同域；默认IDAC8/epoch4，未泛化为任意参数数值签核"
"ppg_coarse_detection_fir","C:/Users/DAWN/.codex/visualizations/2026/10/02/01a0fd16-9489-7e50-a7b6-a1178fd92bf1/ppg_audit/snapshot/rtl/ppg_coarse_detection_fir/ppg_coarse_detection_fir.v","134","output","false","","o_history_full_ir","C19","C:/Users/DAWN/.codex/visualizations/2026/10/02/01a0fd16-9489-7e50-a7b6-a1178fd92bf1/ppg_audit/snapshot/contracts/PPG_COARSE_DETECTION_FIR_INTERFACE_CONTRACT.md","完成","formatter-AST结构+全文端口/打包/消费者语义人工核对；C002/C006及已接受豁免详见报告","固定合同域；默认IDAC8/epoch4，未泛化为任意参数数值签核"
"ppg_coarse_detection_fir","C:/Users/DAWN/.codex/visualizations/2026/10/02/01a0fd16-9489-7e50-a7b6-a1178fd92bf1/ppg_audit/snapshot/rtl/ppg_coarse_detection_fir/ppg_coarse_detection_fir.v","135","output","false","","o_fir_idle","C19","C:/Users/DAWN/.codex/visualizations/2026/10/02/01a0fd16-9489-7e50-a7b6-a1178fd92bf1/ppg_audit/snapshot/contracts/PPG_COARSE_DETECTION_FIR_INTERFACE_CONTRACT.md","完成","formatter-AST结构+全文端口/打包/消费者语义人工核对；C002/C006及已接受豁免详见报告","固定合同域；默认IDAC8/epoch4，未泛化为任意参数数值签核"
"ppg_coarse_detection_fir","C:/Users/DAWN/.codex/visualizations/2026/10/02/01a0fd16-9489-7e50-a7b6-a1178fd92bf1/ppg_audit/snapshot/rtl/ppg_coarse_detection_fir/ppg_coarse_detection_fir.v","138","output","false","[C_CONFIG_EPOCH_WIDTH - 1:0]","o_config_epoch","C19","C:/Users/DAWN/.codex/visualizations/2026/10/02/01a0fd16-9489-7e50-a7b6-a1178fd92bf1/ppg_audit/snapshot/contracts/PPG_COARSE_DETECTION_FIR_INTERFACE_CONTRACT.md","完成","formatter-AST结构+全文端口/打包/消费者语义人工核对；C002/C006及已接受豁免详见报告","固定合同域；默认IDAC8/epoch4，未泛化为任意参数数值签核"
"ppg_coarse_detection_fir","C:/Users/DAWN/.codex/visualizations/2026/10/02/01a0fd16-9489-7e50-a7b6-a1178fd92bf1/ppg_audit/snapshot/rtl/ppg_coarse_detection_fir/ppg_coarse_detection_fir.v","139","output","false","[C_COEF_EPOCH_WIDTH - 1:0]","o_coef_epoch","C19","C:/Users/DAWN/.codex/visualizations/2026/10/02/01a0fd16-9489-7e50-a7b6-a1178fd92bf1/ppg_audit/snapshot/contracts/PPG_COARSE_DETECTION_FIR_INTERFACE_CONTRACT.md","完成","formatter-AST结构+全文端口/打包/消费者语义人工核对；C002/C006及已接受豁免详见报告","固定合同域；默认IDAC8/epoch4，未泛化为任意参数数值签核"
"ppg_coarse_detection_fir","C:/Users/DAWN/.codex/visualizations/2026/10/02/01a0fd16-9489-7e50-a7b6-a1178fd92bf1/ppg_audit/snapshot/rtl/ppg_coarse_detection_fir/ppg_coarse_detection_fir.v","140","output","false","[C_DC_RECOVERY_EPOCH_WIDTH - 1:0]","o_dc_recovery_coef_epoch","C19","C:/Users/DAWN/.codex/visualizations/2026/10/02/01a0fd16-9489-7e50-a7b6-a1178fd92bf1/ppg_audit/snapshot/contracts/PPG_COARSE_DETECTION_FIR_INTERFACE_CONTRACT.md","完成","formatter-AST结构+全文端口/打包/消费者语义人工核对；C002/C006及已接受豁免详见报告","固定合同域；默认IDAC8/epoch4，未泛化为任意参数数值签核"
"ppg_coarse_detection_fir","C:/Users/DAWN/.codex/visualizations/2026/10/02/01a0fd16-9489-7e50-a7b6-a1178fd92bf1/ppg_audit/snapshot/rtl/ppg_coarse_detection_fir/ppg_coarse_detection_fir.v","141","output","false","","o_precision_mode","C19","C:/Users/DAWN/.codex/visualizations/2026/10/02/01a0fd16-9489-7e50-a7b6-a1178fd92bf1/ppg_audit/snapshot/contracts/PPG_COARSE_DETECTION_FIR_INTERFACE_CONTRACT.md","完成","formatter-AST结构+全文端口/打包/消费者语义人工核对；C002/C006及已接受豁免详见报告","固定合同域；默认IDAC8/epoch4，未泛化为任意参数数值签核"
"ppg_coarse_detection_fir","C:/Users/DAWN/.codex/visualizations/2026/10/02/01a0fd16-9489-7e50-a7b6-a1178fd92bf1/ppg_audit/snapshot/rtl/ppg_coarse_detection_fir/ppg_coarse_detection_fir.v","142","output","false","[C_FRAME_ID_WIDTH - 1:0]","o_frame_id","C19","C:/Users/DAWN/.codex/visualizations/2026/10/02/01a0fd16-9489-7e50-a7b6-a1178fd92bf1/ppg_audit/snapshot/contracts/PPG_COARSE_DETECTION_FIR_INTERFACE_CONTRACT.md","完成","formatter-AST结构+全文端口/打包/消费者语义人工核对；C002/C006及已接受豁免详见报告","固定合同域；默认IDAC8/epoch4，未泛化为任意参数数值签核"
"ppg_coarse_detection_fir","C:/Users/DAWN/.codex/visualizations/2026/10/02/01a0fd16-9489-7e50-a7b6-a1178fd92bf1/ppg_audit/snapshot/rtl/ppg_coarse_detection_fir/ppg_coarse_detection_fir.v","143","output","false","[C_SAMPLE_INDEX_WIDTH - 1:0]","o_sample_index","C19","C:/Users/DAWN/.codex/visualizations/2026/10/02/01a0fd16-9489-7e50-a7b6-a1178fd92bf1/ppg_audit/snapshot/contracts/PPG_COARSE_DETECTION_FIR_INTERFACE_CONTRACT.md","完成","formatter-AST结构+全文端口/打包/消费者语义人工核对；C002/C006及已接受豁免详见报告","固定合同域；默认IDAC8/epoch4，未泛化为任意参数数值签核"
"ppg_coarse_detection_fir","C:/Users/DAWN/.codex/visualizations/2026/10/02/01a0fd16-9489-7e50-a7b6-a1178fd92bf1/ppg_audit/snapshot/rtl/ppg_coarse_detection_fir/ppg_coarse_detection_fir.v","144","output","false","","o_color_ir","C19","C:/Users/DAWN/.codex/visualizations/2026/10/02/01a0fd16-9489-7e50-a7b6-a1178fd92bf1/ppg_audit/snapshot/contracts/PPG_COARSE_DETECTION_FIR_INTERFACE_CONTRACT.md","完成","formatter-AST结构+全文端口/打包/消费者语义人工核对；C002/C006及已接受豁免详见报告","固定合同域；默认IDAC8/epoch4，未泛化为任意参数数值签核"
"ppg_coarse_detection_fir","C:/Users/DAWN/.codex/visualizations/2026/10/02/01a0fd16-9489-7e50-a7b6-a1178fd92bf1/ppg_audit/snapshot/rtl/ppg_coarse_detection_fir/ppg_coarse_detection_fir.v","145","output","false","[1:0]","o_frame_type","C19","C:/Users/DAWN/.codex/visualizations/2026/10/02/01a0fd16-9489-7e50-a7b6-a1178fd92bf1/ppg_audit/snapshot/contracts/PPG_COARSE_DETECTION_FIR_INTERFACE_CONTRACT.md","完成","formatter-AST结构+全文端口/打包/消费者语义人工核对；C002/C006及已接受豁免详见报告","固定合同域；默认IDAC8/epoch4，未泛化为任意参数数值签核"
"ppg_coarse_detection_fir","C:/Users/DAWN/.codex/visualizations/2026/10/02/01a0fd16-9489-7e50-a7b6-a1178fd92bf1/ppg_audit/snapshot/rtl/ppg_coarse_detection_fir/ppg_coarse_detection_fir.v","146","output","false","[C_IDAC_CODE_WIDTH - 1:0]","o_amb_code_snapshot","C19","C:/Users/DAWN/.codex/visualizations/2026/10/02/01a0fd16-9489-7e50-a7b6-a1178fd92bf1/ppg_audit/snapshot/contracts/PPG_COARSE_DETECTION_FIR_INTERFACE_CONTRACT.md","完成","formatter-AST结构+全文端口/打包/消费者语义人工核对；C002/C006及已接受豁免详见报告","固定合同域；默认IDAC8/epoch4，未泛化为任意参数数值签核"
"ppg_coarse_detection_fir","C:/Users/DAWN/.codex/visualizations/2026/10/02/01a0fd16-9489-7e50-a7b6-a1178fd92bf1/ppg_audit/snapshot/rtl/ppg_coarse_detection_fir/ppg_coarse_detection_fir.v","147","output","false","[C_IDAC_CODE_WIDTH - 1:0]","o_dc_code_snapshot","C19","C:/Users/DAWN/.codex/visualizations/2026/10/02/01a0fd16-9489-7e50-a7b6-a1178fd92bf1/ppg_audit/snapshot/contracts/PPG_COARSE_DETECTION_FIR_INTERFACE_CONTRACT.md","完成","formatter-AST结构+全文端口/打包/消费者语义人工核对；C002/C006及已接受豁免详见报告","固定合同域；默认IDAC8/epoch4，未泛化为任意参数数值签核"
"ppg_coarse_detection_fir","C:/Users/DAWN/.codex/visualizations/2026/10/02/01a0fd16-9489-7e50-a7b6-a1178fd92bf1/ppg_audit/snapshot/rtl/ppg_coarse_detection_fir/ppg_coarse_detection_fir.v","148","output","false","[C_CODE_EPOCH_WIDTH - 1:0]","o_amb_code_epoch","C19","C:/Users/DAWN/.codex/visualizations/2026/10/02/01a0fd16-9489-7e50-a7b6-a1178fd92bf1/ppg_audit/snapshot/contracts/PPG_COARSE_DETECTION_FIR_INTERFACE_CONTRACT.md","完成","formatter-AST结构+全文端口/打包/消费者语义人工核对；C002/C006及已接受豁免详见报告","固定合同域；默认IDAC8/epoch4，未泛化为任意参数数值签核"
"ppg_coarse_detection_fir","C:/Users/DAWN/.codex/visualizations/2026/10/02/01a0fd16-9489-7e50-a7b6-a1178fd92bf1/ppg_audit/snapshot/rtl/ppg_coarse_detection_fir/ppg_coarse_detection_fir.v","149","output","false","[C_CODE_EPOCH_WIDTH - 1:0]","o_dc_code_epoch","C19","C:/Users/DAWN/.codex/visualizations/2026/10/02/01a0fd16-9489-7e50-a7b6-a1178fd92bf1/ppg_audit/snapshot/contracts/PPG_COARSE_DETECTION_FIR_INTERFACE_CONTRACT.md","完成","formatter-AST结构+全文端口/打包/消费者语义人工核对；C002/C006及已接受豁免详见报告","固定合同域；默认IDAC8/epoch4，未泛化为任意参数数值签核"
"ppg_dynamic_baseline_cross_detector","C:/Users/DAWN/.codex/visualizations/2026/10/02/01a0fd16-9489-7e50-a7b6-a1178fd92bf1/ppg_audit/snapshot/rtl/ppg_dynamic_baseline_cross_detector/ppg_dynamic_baseline_cross_detector.v","71","input","false","","i_clk","C20/C21","C:/Users/DAWN/.codex/visualizations/2026/10/02/01a0fd16-9489-7e50-a7b6-a1178fd92bf1/ppg_audit/snapshot/contracts/PPG_DYNAMIC_BASELINE_SLOPE_AND_UPWARD_CROSSING_INTERFACE_CONTRACT.md","完成","formatter-AST结构+全文端口/打包/消费者语义人工核对；C002/C006及已接受豁免详见报告","固定合同域；默认IDAC8/epoch4，未泛化为任意参数数值签核"
"ppg_dynamic_baseline_cross_detector","C:/Users/DAWN/.codex/visualizations/2026/10/02/01a0fd16-9489-7e50-a7b6-a1178fd92bf1/ppg_audit/snapshot/rtl/ppg_dynamic_baseline_cross_detector/ppg_dynamic_baseline_cross_detector.v","72","input","false","","i_rstn","C20/C21","C:/Users/DAWN/.codex/visualizations/2026/10/02/01a0fd16-9489-7e50-a7b6-a1178fd92bf1/ppg_audit/snapshot/contracts/PPG_DYNAMIC_BASELINE_SLOPE_AND_UPWARD_CROSSING_INTERFACE_CONTRACT.md","完成","formatter-AST结构+全文端口/打包/消费者语义人工核对；C002/C006及已接受豁免详见报告","固定合同域；默认IDAC8/epoch4，未泛化为任意参数数值签核"
"ppg_dynamic_baseline_cross_detector","C:/Users/DAWN/.codex/visualizations/2026/10/02/01a0fd16-9489-7e50-a7b6-a1178fd92bf1/ppg_audit/snapshot/rtl/ppg_dynamic_baseline_cross_detector/ppg_dynamic_baseline_cross_detector.v","75","input","false","","i_run_enable","C20/C21","C:/Users/DAWN/.codex/visualizations/2026/10/02/01a0fd16-9489-7e50-a7b6-a1178fd92bf1/ppg_audit/snapshot/contracts/PPG_DYNAMIC_BASELINE_SLOPE_AND_UPWARD_CROSSING_INTERFACE_CONTRACT.md","完成","formatter-AST结构+全文端口/打包/消费者语义人工核对；C002/C006及已接受豁免详见报告","固定合同域；默认IDAC8/epoch4，未泛化为任意参数数值签核"
"ppg_dynamic_baseline_cross_detector","C:/Users/DAWN/.codex/visualizations/2026/10/02/01a0fd16-9489-7e50-a7b6-a1178fd92bf1/ppg_audit/snapshot/rtl/ppg_dynamic_baseline_cross_detector/ppg_dynamic_baseline_cross_detector.v","76","input","false","","i_start_ack_event","C20/C21","C:/Users/DAWN/.codex/visualizations/2026/10/02/01a0fd16-9489-7e50-a7b6-a1178fd92bf1/ppg_audit/snapshot/contracts/PPG_DYNAMIC_BASELINE_SLOPE_AND_UPWARD_CROSSING_INTERFACE_CONTRACT.md","完成","formatter-AST结构+全文端口/打包/消费者语义人工核对；C002/C006及已接受豁免详见报告","固定合同域；默认IDAC8/epoch4，未泛化为任意参数数值签核"
"ppg_dynamic_baseline_cross_detector","C:/Users/DAWN/.codex/visualizations/2026/10/02/01a0fd16-9489-7e50-a7b6-a1178fd92bf1/ppg_audit/snapshot/rtl/ppg_dynamic_baseline_cross_detector/ppg_dynamic_baseline_cross_detector.v","77","input","false","","i_fine_window_active","C20/C21","C:/Users/DAWN/.codex/visualizations/2026/10/02/01a0fd16-9489-7e50-a7b6-a1178fd92bf1/ppg_audit/snapshot/contracts/PPG_DYNAMIC_BASELINE_SLOPE_AND_UPWARD_CROSSING_INTERFACE_CONTRACT.md","完成","formatter-AST结构+全文端口/打包/消费者语义人工核对；C002/C006及已接受豁免详见报告","固定合同域；默认IDAC8/epoch4，未泛化为任意参数数值签核"
"ppg_dynamic_baseline_cross_detector","C:/Users/DAWN/.codex/visualizations/2026/10/02/01a0fd16-9489-7e50-a7b6-a1178fd92bf1/ppg_audit/snapshot/rtl/ppg_dynamic_baseline_cross_detector/ppg_dynamic_baseline_cross_detector.v","78","input","false","","i_reacquire_request_event","C20/C21","C:/Users/DAWN/.codex/visualizations/2026/10/02/01a0fd16-9489-7e50-a7b6-a1178fd92bf1/ppg_audit/snapshot/contracts/PPG_DYNAMIC_BASELINE_SLOPE_AND_UPWARD_CROSSING_INTERFACE_CONTRACT.md","完成","formatter-AST结构+全文端口/打包/消费者语义人工核对；C002/C006及已接受豁免详见报告","固定合同域；默认IDAC8/epoch4，未泛化为任意参数数值签核"
"ppg_dynamic_baseline_cross_detector","C:/Users/DAWN/.codex/visualizations/2026/10/02/01a0fd16-9489-7e50-a7b6-a1178fd92bf1/ppg_audit/snapshot/rtl/ppg_dynamic_baseline_cross_detector/ppg_dynamic_baseline_cross_detector.v","79","input","false","","i_recheck_accept_event","C20/C21","C:/Users/DAWN/.codex/visualizations/2026/10/02/01a0fd16-9489-7e50-a7b6-a1178fd92bf1/ppg_audit/snapshot/contracts/PPG_DYNAMIC_BASELINE_SLOPE_AND_UPWARD_CROSSING_INTERFACE_CONTRACT.md","完成","formatter-AST结构+全文端口/打包/消费者语义人工核对；C002/C006及已接受豁免详见报告","固定合同域；默认IDAC8/epoch4，未泛化为任意参数数值签核"
"ppg_dynamic_baseline_cross_detector","C:/Users/DAWN/.codex/visualizations/2026/10/02/01a0fd16-9489-7e50-a7b6-a1178fd92bf1/ppg_audit/snapshot/rtl/ppg_dynamic_baseline_cross_detector/ppg_dynamic_baseline_cross_detector.v","80","input","false","","i_recheck_busy","C20/C21","C:/Users/DAWN/.codex/visualizations/2026/10/02/01a0fd16-9489-7e50-a7b6-a1178fd92bf1/ppg_audit/snapshot/contracts/PPG_DYNAMIC_BASELINE_SLOPE_AND_UPWARD_CROSSING_INTERFACE_CONTRACT.md","完成","formatter-AST结构+全文端口/打包/消费者语义人工核对；C002/C006及已接受豁免详见报告","固定合同域；默认IDAC8/epoch4，未泛化为任意参数数值签核"
"ppg_dynamic_baseline_cross_detector","C:/Users/DAWN/.codex/visualizations/2026/10/02/01a0fd16-9489-7e50-a7b6-a1178fd92bf1/ppg_audit/snapshot/rtl/ppg_dynamic_baseline_cross_detector/ppg_dynamic_baseline_cross_detector.v","81","input","false","","i_recheck_done_event","C20/C21","C:/Users/DAWN/.codex/visualizations/2026/10/02/01a0fd16-9489-7e50-a7b6-a1178fd92bf1/ppg_audit/snapshot/contracts/PPG_DYNAMIC_BASELINE_SLOPE_AND_UPWARD_CROSSING_INTERFACE_CONTRACT.md","完成","formatter-AST结构+全文端口/打包/消费者语义人工核对；C002/C006及已接受豁免详见报告","固定合同域；默认IDAC8/epoch4，未泛化为任意参数数值签核"
"ppg_dynamic_baseline_cross_detector","C:/Users/DAWN/.codex/visualizations/2026/10/02/01a0fd16-9489-7e50-a7b6-a1178fd92bf1/ppg_audit/snapshot/rtl/ppg_dynamic_baseline_cross_detector/ppg_dynamic_baseline_cross_detector.v","82","input","false","","i_recheck_success","C20/C21","C:/Users/DAWN/.codex/visualizations/2026/10/02/01a0fd16-9489-7e50-a7b6-a1178fd92bf1/ppg_audit/snapshot/contracts/PPG_DYNAMIC_BASELINE_SLOPE_AND_UPWARD_CROSSING_INTERFACE_CONTRACT.md","完成","formatter-AST结构+全文端口/打包/消费者语义人工核对；C002/C006及已接受豁免详见报告","固定合同域；默认IDAC8/epoch4，未泛化为任意参数数值签核"
"ppg_dynamic_baseline_cross_detector","C:/Users/DAWN/.codex/visualizations/2026/10/02/01a0fd16-9489-7e50-a7b6-a1178fd92bf1/ppg_audit/snapshot/rtl/ppg_dynamic_baseline_cross_detector/ppg_dynamic_baseline_cross_detector.v","85","input","false","","i_detection_discard_event","C20/C21","C:/Users/DAWN/.codex/visualizations/2026/10/02/01a0fd16-9489-7e50-a7b6-a1178fd92bf1/ppg_audit/snapshot/contracts/PPG_DYNAMIC_BASELINE_SLOPE_AND_UPWARD_CROSSING_INTERFACE_CONTRACT.md","完成","formatter-AST结构+全文端口/打包/消费者语义人工核对；C002/C006及已接受豁免详见报告","固定合同域；默认IDAC8/epoch4，未泛化为任意参数数值签核"
"ppg_dynamic_baseline_cross_detector","C:/Users/DAWN/.codex/visualizations/2026/10/02/01a0fd16-9489-7e50-a7b6-a1178fd92bf1/ppg_audit/snapshot/rtl/ppg_dynamic_baseline_cross_detector/ppg_dynamic_baseline_cross_detector.v","86","input","false","[1:0]","i_detection_discard_reason","C20/C21","C:/Users/DAWN/.codex/visualizations/2026/10/02/01a0fd16-9489-7e50-a7b6-a1178fd92bf1/ppg_audit/snapshot/contracts/PPG_DYNAMIC_BASELINE_SLOPE_AND_UPWARD_CROSSING_INTERFACE_CONTRACT.md","完成","formatter-AST结构+全文端口/打包/消费者语义人工核对；C002/C006及已接受豁免详见报告","固定合同域；默认IDAC8/epoch4，未泛化为任意参数数值签核"
"ppg_dynamic_baseline_cross_detector","C:/Users/DAWN/.codex/visualizations/2026/10/02/01a0fd16-9489-7e50-a7b6-a1178fd92bf1/ppg_audit/snapshot/rtl/ppg_dynamic_baseline_cross_detector/ppg_dynamic_baseline_cross_detector.v","87","input","false","","i_detection_discard_identity_valid","C20/C21","C:/Users/DAWN/.codex/visualizations/2026/10/02/01a0fd16-9489-7e50-a7b6-a1178fd92bf1/ppg_audit/snapshot/contracts/PPG_DYNAMIC_BASELINE_SLOPE_AND_UPWARD_CROSSING_INTERFACE_CONTRACT.md","完成","formatter-AST结构+全文端口/打包/消费者语义人工核对；C002/C006及已接受豁免详见报告","固定合同域；默认IDAC8/epoch4，未泛化为任意参数数值签核"
"ppg_dynamic_baseline_cross_detector","C:/Users/DAWN/.codex/visualizations/2026/10/02/01a0fd16-9489-7e50-a7b6-a1178fd92bf1/ppg_audit/snapshot/rtl/ppg_dynamic_baseline_cross_detector/ppg_dynamic_baseline_cross_detector.v","88","input","false","","i_detection_discard_sample_valid","C20/C21","C:/Users/DAWN/.codex/visualizations/2026/10/02/01a0fd16-9489-7e50-a7b6-a1178fd92bf1/ppg_audit/snapshot/contracts/PPG_DYNAMIC_BASELINE_SLOPE_AND_UPWARD_CROSSING_INTERFACE_CONTRACT.md","完成","formatter-AST结构+全文端口/打包/消费者语义人工核对；C002/C006及已接受豁免详见报告","固定合同域；默认IDAC8/epoch4，未泛化为任意参数数值签核"
"ppg_dynamic_baseline_cross_detector","C:/Users/DAWN/.codex/visualizations/2026/10/02/01a0fd16-9489-7e50-a7b6-a1178fd92bf1/ppg_audit/snapshot/rtl/ppg_dynamic_baseline_cross_detector/ppg_dynamic_baseline_cross_detector.v","89","input","false","[C_FRAME_ID_WIDTH - 1:0]","i_detection_discard_frame_id","C20/C21","C:/Users/DAWN/.codex/visualizations/2026/10/02/01a0fd16-9489-7e50-a7b6-a1178fd92bf1/ppg_audit/snapshot/contracts/PPG_DYNAMIC_BASELINE_SLOPE_AND_UPWARD_CROSSING_INTERFACE_CONTRACT.md","完成","formatter-AST结构+全文端口/打包/消费者语义人工核对；C002/C006及已接受豁免详见报告","固定合同域；默认IDAC8/epoch4，未泛化为任意参数数值签核"
"ppg_dynamic_baseline_cross_detector","C:/Users/DAWN/.codex/visualizations/2026/10/02/01a0fd16-9489-7e50-a7b6-a1178fd92bf1/ppg_audit/snapshot/rtl/ppg_dynamic_baseline_cross_detector/ppg_dynamic_baseline_cross_detector.v","90","input","false","[C_SAMPLE_INDEX_WIDTH - 1:0]","i_detection_discard_sample_index","C20/C21","C:/Users/DAWN/.codex/visualizations/2026/10/02/01a0fd16-9489-7e50-a7b6-a1178fd92bf1/ppg_audit/snapshot/contracts/PPG_DYNAMIC_BASELINE_SLOPE_AND_UPWARD_CROSSING_INTERFACE_CONTRACT.md","完成","formatter-AST结构+全文端口/打包/消费者语义人工核对；C002/C006及已接受豁免详见报告","固定合同域；默认IDAC8/epoch4，未泛化为任意参数数值签核"
"ppg_dynamic_baseline_cross_detector","C:/Users/DAWN/.codex/visualizations/2026/10/02/01a0fd16-9489-7e50-a7b6-a1178fd92bf1/ppg_audit/snapshot/rtl/ppg_dynamic_baseline_cross_detector/ppg_dynamic_baseline_cross_detector.v","91","input","false","","i_detection_discard_color_ir","C20/C21","C:/Users/DAWN/.codex/visualizations/2026/10/02/01a0fd16-9489-7e50-a7b6-a1178fd92bf1/ppg_audit/snapshot/contracts/PPG_DYNAMIC_BASELINE_SLOPE_AND_UPWARD_CROSSING_INTERFACE_CONTRACT.md","完成","formatter-AST结构+全文端口/打包/消费者语义人工核对；C002/C006及已接受豁免详见报告","固定合同域；默认IDAC8/epoch4，未泛化为任意参数数值签核"
"ppg_dynamic_baseline_cross_detector","C:/Users/DAWN/.codex/visualizations/2026/10/02/01a0fd16-9489-7e50-a7b6-a1178fd92bf1/ppg_audit/snapshot/rtl/ppg_dynamic_baseline_cross_detector/ppg_dynamic_baseline_cross_detector.v","92","input","false","[1:0]","i_detection_discard_frame_type","C20/C21","C:/Users/DAWN/.codex/visualizations/2026/10/02/01a0fd16-9489-7e50-a7b6-a1178fd92bf1/ppg_audit/snapshot/contracts/PPG_DYNAMIC_BASELINE_SLOPE_AND_UPWARD_CROSSING_INTERFACE_CONTRACT.md","完成","formatter-AST结构+全文端口/打包/消费者语义人工核对；C002/C006及已接受豁免详见报告","固定合同域；默认IDAC8/epoch4，未泛化为任意参数数值签核"
"ppg_dynamic_baseline_cross_detector","C:/Users/DAWN/.codex/visualizations/2026/10/02/01a0fd16-9489-7e50-a7b6-a1178fd92bf1/ppg_audit/snapshot/rtl/ppg_dynamic_baseline_cross_detector/ppg_dynamic_baseline_cross_detector.v","93","input","false","","i_detection_discard_precision","C20/C21","C:/Users/DAWN/.codex/visualizations/2026/10/02/01a0fd16-9489-7e50-a7b6-a1178fd92bf1/ppg_audit/snapshot/contracts/PPG_DYNAMIC_BASELINE_SLOPE_AND_UPWARD_CROSSING_INTERFACE_CONTRACT.md","完成","formatter-AST结构+全文端口/打包/消费者语义人工核对；C002/C006及已接受豁免详见报告","固定合同域；默认IDAC8/epoch4，未泛化为任意参数数值签核"
"ppg_dynamic_baseline_cross_detector","C:/Users/DAWN/.codex/visualizations/2026/10/02/01a0fd16-9489-7e50-a7b6-a1178fd92bf1/ppg_audit/snapshot/rtl/ppg_dynamic_baseline_cross_detector/ppg_dynamic_baseline_cross_detector.v","94","input","false","[C_CONFIG_EPOCH_WIDTH - 1:0]","i_detection_discard_config_epoch","C20/C21","C:/Users/DAWN/.codex/visualizations/2026/10/02/01a0fd16-9489-7e50-a7b6-a1178fd92bf1/ppg_audit/snapshot/contracts/PPG_DYNAMIC_BASELINE_SLOPE_AND_UPWARD_CROSSING_INTERFACE_CONTRACT.md","完成","formatter-AST结构+全文端口/打包/消费者语义人工核对；C002/C006及已接受豁免详见报告","固定合同域；默认IDAC8/epoch4，未泛化为任意参数数值签核"
"ppg_dynamic_baseline_cross_detector","C:/Users/DAWN/.codex/visualizations/2026/10/02/01a0fd16-9489-7e50-a7b6-a1178fd92bf1/ppg_audit/snapshot/rtl/ppg_dynamic_baseline_cross_detector/ppg_dynamic_baseline_cross_detector.v","95","input","false","[C_COEF_EPOCH_WIDTH - 1:0]","i_detection_discard_coef_epoch","C20/C21","C:/Users/DAWN/.codex/visualizations/2026/10/02/01a0fd16-9489-7e50-a7b6-a1178fd92bf1/ppg_audit/snapshot/contracts/PPG_DYNAMIC_BASELINE_SLOPE_AND_UPWARD_CROSSING_INTERFACE_CONTRACT.md","完成","formatter-AST结构+全文端口/打包/消费者语义人工核对；C002/C006及已接受豁免详见报告","固定合同域；默认IDAC8/epoch4，未泛化为任意参数数值签核"
"ppg_dynamic_baseline_cross_detector","C:/Users/DAWN/.codex/visualizations/2026/10/02/01a0fd16-9489-7e50-a7b6-a1178fd92bf1/ppg_audit/snapshot/rtl/ppg_dynamic_baseline_cross_detector/ppg_dynamic_baseline_cross_detector.v","96","input","false","[C_DC_RECOVERY_EPOCH_WIDTH - 1:0]","i_detection_discard_dc_recovery_epoch","C20/C21","C:/Users/DAWN/.codex/visualizations/2026/10/02/01a0fd16-9489-7e50-a7b6-a1178fd92bf1/ppg_audit/snapshot/contracts/PPG_DYNAMIC_BASELINE_SLOPE_AND_UPWARD_CROSSING_INTERFACE_CONTRACT.md","完成","formatter-AST结构+全文端口/打包/消费者语义人工核对；C002/C006及已接受豁免详见报告","固定合同域；默认IDAC8/epoch4，未泛化为任意参数数值签核"
"ppg_dynamic_baseline_cross_detector","C:/Users/DAWN/.codex/visualizations/2026/10/02/01a0fd16-9489-7e50-a7b6-a1178fd92bf1/ppg_audit/snapshot/rtl/ppg_dynamic_baseline_cross_detector/ppg_dynamic_baseline_cross_detector.v","97","input","false","[C_CODE_EPOCH_WIDTH - 1:0]","i_detection_discard_amb_code_epoch","C20/C21","C:/Users/DAWN/.codex/visualizations/2026/10/02/01a0fd16-9489-7e50-a7b6-a1178fd92bf1/ppg_audit/snapshot/contracts/PPG_DYNAMIC_BASELINE_SLOPE_AND_UPWARD_CROSSING_INTERFACE_CONTRACT.md","完成","formatter-AST结构+全文端口/打包/消费者语义人工核对；C002/C006及已接受豁免详见报告","固定合同域；默认IDAC8/epoch4，未泛化为任意参数数值签核"
"ppg_dynamic_baseline_cross_detector","C:/Users/DAWN/.codex/visualizations/2026/10/02/01a0fd16-9489-7e50-a7b6-a1178fd92bf1/ppg_audit/snapshot/rtl/ppg_dynamic_baseline_cross_detector/ppg_dynamic_baseline_cross_detector.v","98","input","false","[C_CODE_EPOCH_WIDTH - 1:0]","i_detection_discard_dc_code_epoch","C20/C21","C:/Users/DAWN/.codex/visualizations/2026/10/02/01a0fd16-9489-7e50-a7b6-a1178fd92bf1/ppg_audit/snapshot/contracts/PPG_DYNAMIC_BASELINE_SLOPE_AND_UPWARD_CROSSING_INTERFACE_CONTRACT.md","完成","formatter-AST结构+全文端口/打包/消费者语义人工核对；C002/C006及已接受豁免详见报告","固定合同域；默认IDAC8/epoch4，未泛化为任意参数数值签核"
"ppg_dynamic_baseline_cross_detector","C:/Users/DAWN/.codex/visualizations/2026/10/02/01a0fd16-9489-7e50-a7b6-a1178fd92bf1/ppg_audit/snapshot/rtl/ppg_dynamic_baseline_cross_detector/ppg_dynamic_baseline_cross_detector.v","99","input","false","[C_RUN_GENERATION_WIDTH - 1:0]","i_detection_discard_run_generation","C20/C21","C:/Users/DAWN/.codex/visualizations/2026/10/02/01a0fd16-9489-7e50-a7b6-a1178fd92bf1/ppg_audit/snapshot/contracts/PPG_DYNAMIC_BASELINE_SLOPE_AND_UPWARD_CROSSING_INTERFACE_CONTRACT.md","完成","formatter-AST结构+全文端口/打包/消费者语义人工核对；C002/C006及已接受豁免详见报告","固定合同域；默认IDAC8/epoch4，未泛化为任意参数数值签核"
"ppg_dynamic_baseline_cross_detector","C:/Users/DAWN/.codex/visualizations/2026/10/02/01a0fd16-9489-7e50-a7b6-a1178fd92bf1/ppg_audit/snapshot/rtl/ppg_dynamic_baseline_cross_detector/ppg_dynamic_baseline_cross_detector.v","100","input","false","[C_RUN_GENERATION_WIDTH - 1:0]","i_run_generation","C20/C21","C:/Users/DAWN/.codex/visualizations/2026/10/02/01a0fd16-9489-7e50-a7b6-a1178fd92bf1/ppg_audit/snapshot/contracts/PPG_DYNAMIC_BASELINE_SLOPE_AND_UPWARD_CROSSING_INTERFACE_CONTRACT.md","完成","formatter-AST结构+全文端口/打包/消费者语义人工核对；C002/C006及已接受豁免详见报告","固定合同域；默认IDAC8/epoch4，未泛化为任意参数数值签核"
"ppg_dynamic_baseline_cross_detector","C:/Users/DAWN/.codex/visualizations/2026/10/02/01a0fd16-9489-7e50-a7b6-a1178fd92bf1/ppg_audit/snapshot/rtl/ppg_dynamic_baseline_cross_detector/ppg_dynamic_baseline_cross_detector.v","101","output","false","","o_local_empty","C20/C21","C:/Users/DAWN/.codex/visualizations/2026/10/02/01a0fd16-9489-7e50-a7b6-a1178fd92bf1/ppg_audit/snapshot/contracts/PPG_DYNAMIC_BASELINE_SLOPE_AND_UPWARD_CROSSING_INTERFACE_CONTRACT.md","完成","formatter-AST结构+全文端口/打包/消费者语义人工核对；C002/C006及已接受豁免详见报告","固定合同域；默认IDAC8/epoch4，未泛化为任意参数数值签核"
"ppg_dynamic_baseline_cross_detector","C:/Users/DAWN/.codex/visualizations/2026/10/02/01a0fd16-9489-7e50-a7b6-a1178fd92bf1/ppg_audit/snapshot/rtl/ppg_dynamic_baseline_cross_detector/ppg_dynamic_baseline_cross_detector.v","104","input","false","","i_result_valid","C20/C21","C:/Users/DAWN/.codex/visualizations/2026/10/02/01a0fd16-9489-7e50-a7b6-a1178fd92bf1/ppg_audit/snapshot/contracts/PPG_DYNAMIC_BASELINE_SLOPE_AND_UPWARD_CROSSING_INTERFACE_CONTRACT.md","完成","formatter-AST结构+全文端口/打包/消费者语义人工核对；C002/C006及已接受豁免详见报告","固定合同域；默认IDAC8/epoch4，未泛化为任意参数数值签核"
"ppg_dynamic_baseline_cross_detector","C:/Users/DAWN/.codex/visualizations/2026/10/02/01a0fd16-9489-7e50-a7b6-a1178fd92bf1/ppg_audit/snapshot/rtl/ppg_dynamic_baseline_cross_detector/ppg_dynamic_baseline_cross_detector.v","105","output","false","","o_result_ready","C20/C21","C:/Users/DAWN/.codex/visualizations/2026/10/02/01a0fd16-9489-7e50-a7b6-a1178fd92bf1/ppg_audit/snapshot/contracts/PPG_DYNAMIC_BASELINE_SLOPE_AND_UPWARD_CROSSING_INTERFACE_CONTRACT.md","完成","formatter-AST结构+全文端口/打包/消费者语义人工核对；C002/C006及已接受豁免详见报告","固定合同域；默认IDAC8/epoch4，未泛化为任意参数数值签核"
"ppg_dynamic_baseline_cross_detector","C:/Users/DAWN/.codex/visualizations/2026/10/02/01a0fd16-9489-7e50-a7b6-a1178fd92bf1/ppg_audit/snapshot/rtl/ppg_dynamic_baseline_cross_detector/ppg_dynamic_baseline_cross_detector.v","106","input","true","[23:0]","i_filtered_ppg_value","C20/C21","C:/Users/DAWN/.codex/visualizations/2026/10/02/01a0fd16-9489-7e50-a7b6-a1178fd92bf1/ppg_audit/snapshot/contracts/PPG_DYNAMIC_BASELINE_SLOPE_AND_UPWARD_CROSSING_INTERFACE_CONTRACT.md","完成","formatter-AST结构+全文端口/打包/消费者语义人工核对；C002/C006及已接受豁免详见报告","固定合同域；默认IDAC8/epoch4，未泛化为任意参数数值签核"
"ppg_dynamic_baseline_cross_detector","C:/Users/DAWN/.codex/visualizations/2026/10/02/01a0fd16-9489-7e50-a7b6-a1178fd92bf1/ppg_audit/snapshot/rtl/ppg_dynamic_baseline_cross_detector/ppg_dynamic_baseline_cross_detector.v","107","input","false","","i_detection_qualified","C20/C21","C:/Users/DAWN/.codex/visualizations/2026/10/02/01a0fd16-9489-7e50-a7b6-a1178fd92bf1/ppg_audit/snapshot/contracts/PPG_DYNAMIC_BASELINE_SLOPE_AND_UPWARD_CROSSING_INTERFACE_CONTRACT.md","完成","formatter-AST结构+全文端口/打包/消费者语义人工核对；C002/C006及已接受豁免详见报告","固定合同域；默认IDAC8/epoch4，未泛化为任意参数数值签核"
"ppg_dynamic_baseline_cross_detector","C:/Users/DAWN/.codex/visualizations/2026/10/02/01a0fd16-9489-7e50-a7b6-a1178fd92bf1/ppg_audit/snapshot/rtl/ppg_dynamic_baseline_cross_detector/ppg_dynamic_baseline_cross_detector.v","108","input","false","","i_window_saturation_low","C20/C21","C:/Users/DAWN/.codex/visualizations/2026/10/02/01a0fd16-9489-7e50-a7b6-a1178fd92bf1/ppg_audit/snapshot/contracts/PPG_DYNAMIC_BASELINE_SLOPE_AND_UPWARD_CROSSING_INTERFACE_CONTRACT.md","完成","formatter-AST结构+全文端口/打包/消费者语义人工核对；C002/C006及已接受豁免详见报告","固定合同域；默认IDAC8/epoch4，未泛化为任意参数数值签核"
"ppg_dynamic_baseline_cross_detector","C:/Users/DAWN/.codex/visualizations/2026/10/02/01a0fd16-9489-7e50-a7b6-a1178fd92bf1/ppg_audit/snapshot/rtl/ppg_dynamic_baseline_cross_detector/ppg_dynamic_baseline_cross_detector.v","109","input","false","","i_window_saturation_high","C20/C21","C:/Users/DAWN/.codex/visualizations/2026/10/02/01a0fd16-9489-7e50-a7b6-a1178fd92bf1/ppg_audit/snapshot/contracts/PPG_DYNAMIC_BASELINE_SLOPE_AND_UPWARD_CROSSING_INTERFACE_CONTRACT.md","完成","formatter-AST结构+全文端口/打包/消费者语义人工核对；C002/C006及已接受豁免详见报告","固定合同域；默认IDAC8/epoch4，未泛化为任意参数数值签核"
"ppg_dynamic_baseline_cross_detector","C:/Users/DAWN/.codex/visualizations/2026/10/02/01a0fd16-9489-7e50-a7b6-a1178fd92bf1/ppg_audit/snapshot/rtl/ppg_dynamic_baseline_cross_detector/ppg_dynamic_baseline_cross_detector.v","110","input","false","","i_fir_saturation_low","C20/C21","C:/Users/DAWN/.codex/visualizations/2026/10/02/01a0fd16-9489-7e50-a7b6-a1178fd92bf1/ppg_audit/snapshot/contracts/PPG_DYNAMIC_BASELINE_SLOPE_AND_UPWARD_CROSSING_INTERFACE_CONTRACT.md","完成","formatter-AST结构+全文端口/打包/消费者语义人工核对；C002/C006及已接受豁免详见报告","固定合同域；默认IDAC8/epoch4，未泛化为任意参数数值签核"
"ppg_dynamic_baseline_cross_detector","C:/Users/DAWN/.codex/visualizations/2026/10/02/01a0fd16-9489-7e50-a7b6-a1178fd92bf1/ppg_audit/snapshot/rtl/ppg_dynamic_baseline_cross_detector/ppg_dynamic_baseline_cross_detector.v","111","input","false","","i_fir_saturation_high","C20/C21","C:/Users/DAWN/.codex/visualizations/2026/10/02/01a0fd16-9489-7e50-a7b6-a1178fd92bf1/ppg_audit/snapshot/contracts/PPG_DYNAMIC_BASELINE_SLOPE_AND_UPWARD_CROSSING_INTERFACE_CONTRACT.md","完成","formatter-AST结构+全文端口/打包/消费者语义人工核对；C002/C006及已接受豁免详见报告","固定合同域；默认IDAC8/epoch4，未泛化为任意参数数值签核"
"ppg_dynamic_baseline_cross_detector","C:/Users/DAWN/.codex/visualizations/2026/10/02/01a0fd16-9489-7e50-a7b6-a1178fd92bf1/ppg_audit/snapshot/rtl/ppg_dynamic_baseline_cross_detector/ppg_dynamic_baseline_cross_detector.v","112","input","false","[C_CONFIG_EPOCH_WIDTH - 1:0]","i_config_epoch","C20/C21","C:/Users/DAWN/.codex/visualizations/2026/10/02/01a0fd16-9489-7e50-a7b6-a1178fd92bf1/ppg_audit/snapshot/contracts/PPG_DYNAMIC_BASELINE_SLOPE_AND_UPWARD_CROSSING_INTERFACE_CONTRACT.md","完成","formatter-AST结构+全文端口/打包/消费者语义人工核对；C002/C006及已接受豁免详见报告","固定合同域；默认IDAC8/epoch4，未泛化为任意参数数值签核"
"ppg_dynamic_baseline_cross_detector","C:/Users/DAWN/.codex/visualizations/2026/10/02/01a0fd16-9489-7e50-a7b6-a1178fd92bf1/ppg_audit/snapshot/rtl/ppg_dynamic_baseline_cross_detector/ppg_dynamic_baseline_cross_detector.v","113","input","false","[C_COEF_EPOCH_WIDTH - 1:0]","i_coef_epoch","C20/C21","C:/Users/DAWN/.codex/visualizations/2026/10/02/01a0fd16-9489-7e50-a7b6-a1178fd92bf1/ppg_audit/snapshot/contracts/PPG_DYNAMIC_BASELINE_SLOPE_AND_UPWARD_CROSSING_INTERFACE_CONTRACT.md","完成","formatter-AST结构+全文端口/打包/消费者语义人工核对；C002/C006及已接受豁免详见报告","固定合同域；默认IDAC8/epoch4，未泛化为任意参数数值签核"
"ppg_dynamic_baseline_cross_detector","C:/Users/DAWN/.codex/visualizations/2026/10/02/01a0fd16-9489-7e50-a7b6-a1178fd92bf1/ppg_audit/snapshot/rtl/ppg_dynamic_baseline_cross_detector/ppg_dynamic_baseline_cross_detector.v","114","input","false","[C_DC_RECOVERY_EPOCH_WIDTH - 1:0]","i_dc_recovery_coef_epoch","C20/C21","C:/Users/DAWN/.codex/visualizations/2026/10/02/01a0fd16-9489-7e50-a7b6-a1178fd92bf1/ppg_audit/snapshot/contracts/PPG_DYNAMIC_BASELINE_SLOPE_AND_UPWARD_CROSSING_INTERFACE_CONTRACT.md","完成","formatter-AST结构+全文端口/打包/消费者语义人工核对；C002/C006及已接受豁免详见报告","固定合同域；默认IDAC8/epoch4，未泛化为任意参数数值签核"
"ppg_dynamic_baseline_cross_detector","C:/Users/DAWN/.codex/visualizations/2026/10/02/01a0fd16-9489-7e50-a7b6-a1178fd92bf1/ppg_audit/snapshot/rtl/ppg_dynamic_baseline_cross_detector/ppg_dynamic_baseline_cross_detector.v","115","input","false","","i_precision_mode","C20/C21","C:/Users/DAWN/.codex/visualizations/2026/10/02/01a0fd16-9489-7e50-a7b6-a1178fd92bf1/ppg_audit/snapshot/contracts/PPG_DYNAMIC_BASELINE_SLOPE_AND_UPWARD_CROSSING_INTERFACE_CONTRACT.md","完成","formatter-AST结构+全文端口/打包/消费者语义人工核对；C002/C006及已接受豁免详见报告","固定合同域；默认IDAC8/epoch4，未泛化为任意参数数值签核"
"ppg_dynamic_baseline_cross_detector","C:/Users/DAWN/.codex/visualizations/2026/10/02/01a0fd16-9489-7e50-a7b6-a1178fd92bf1/ppg_audit/snapshot/rtl/ppg_dynamic_baseline_cross_detector/ppg_dynamic_baseline_cross_detector.v","116","input","false","[C_FRAME_ID_WIDTH - 1:0]","i_frame_id","C20/C21","C:/Users/DAWN/.codex/visualizations/2026/10/02/01a0fd16-9489-7e50-a7b6-a1178fd92bf1/ppg_audit/snapshot/contracts/PPG_DYNAMIC_BASELINE_SLOPE_AND_UPWARD_CROSSING_INTERFACE_CONTRACT.md","完成","formatter-AST结构+全文端口/打包/消费者语义人工核对；C002/C006及已接受豁免详见报告","固定合同域；默认IDAC8/epoch4，未泛化为任意参数数值签核"
"ppg_dynamic_baseline_cross_detector","C:/Users/DAWN/.codex/visualizations/2026/10/02/01a0fd16-9489-7e50-a7b6-a1178fd92bf1/ppg_audit/snapshot/rtl/ppg_dynamic_baseline_cross_detector/ppg_dynamic_baseline_cross_detector.v","117","input","false","[C_SAMPLE_INDEX_WIDTH - 1:0]","i_sample_index","C20/C21","C:/Users/DAWN/.codex/visualizations/2026/10/02/01a0fd16-9489-7e50-a7b6-a1178fd92bf1/ppg_audit/snapshot/contracts/PPG_DYNAMIC_BASELINE_SLOPE_AND_UPWARD_CROSSING_INTERFACE_CONTRACT.md","完成","formatter-AST结构+全文端口/打包/消费者语义人工核对；C002/C006及已接受豁免详见报告","固定合同域；默认IDAC8/epoch4，未泛化为任意参数数值签核"
"ppg_dynamic_baseline_cross_detector","C:/Users/DAWN/.codex/visualizations/2026/10/02/01a0fd16-9489-7e50-a7b6-a1178fd92bf1/ppg_audit/snapshot/rtl/ppg_dynamic_baseline_cross_detector/ppg_dynamic_baseline_cross_detector.v","118","input","false","","i_color_ir","C20/C21","C:/Users/DAWN/.codex/visualizations/2026/10/02/01a0fd16-9489-7e50-a7b6-a1178fd92bf1/ppg_audit/snapshot/contracts/PPG_DYNAMIC_BASELINE_SLOPE_AND_UPWARD_CROSSING_INTERFACE_CONTRACT.md","完成","formatter-AST结构+全文端口/打包/消费者语义人工核对；C002/C006及已接受豁免详见报告","固定合同域；默认IDAC8/epoch4，未泛化为任意参数数值签核"
"ppg_dynamic_baseline_cross_detector","C:/Users/DAWN/.codex/visualizations/2026/10/02/01a0fd16-9489-7e50-a7b6-a1178fd92bf1/ppg_audit/snapshot/rtl/ppg_dynamic_baseline_cross_detector/ppg_dynamic_baseline_cross_detector.v","119","input","false","[1:0]","i_frame_type","C20/C21","C:/Users/DAWN/.codex/visualizations/2026/10/02/01a0fd16-9489-7e50-a7b6-a1178fd92bf1/ppg_audit/snapshot/contracts/PPG_DYNAMIC_BASELINE_SLOPE_AND_UPWARD_CROSSING_INTERFACE_CONTRACT.md","完成","formatter-AST结构+全文端口/打包/消费者语义人工核对；C002/C006及已接受豁免详见报告","固定合同域；默认IDAC8/epoch4，未泛化为任意参数数值签核"
"ppg_dynamic_baseline_cross_detector","C:/Users/DAWN/.codex/visualizations/2026/10/02/01a0fd16-9489-7e50-a7b6-a1178fd92bf1/ppg_audit/snapshot/rtl/ppg_dynamic_baseline_cross_detector/ppg_dynamic_baseline_cross_detector.v","124","input","false","","i_peak_valid","C20/C21","C:/Users/DAWN/.codex/visualizations/2026/10/02/01a0fd16-9489-7e50-a7b6-a1178fd92bf1/ppg_audit/snapshot/contracts/PPG_DYNAMIC_BASELINE_SLOPE_AND_UPWARD_CROSSING_INTERFACE_CONTRACT.md","完成","formatter-AST结构+全文端口/打包/消费者语义人工核对；C002/C006及已接受豁免详见报告","固定合同域；默认IDAC8/epoch4，未泛化为任意参数数值签核"
"ppg_dynamic_baseline_cross_detector","C:/Users/DAWN/.codex/visualizations/2026/10/02/01a0fd16-9489-7e50-a7b6-a1178fd92bf1/ppg_audit/snapshot/rtl/ppg_dynamic_baseline_cross_detector/ppg_dynamic_baseline_cross_detector.v","125","output","false","","o_peak_ready","C20/C21","C:/Users/DAWN/.codex/visualizations/2026/10/02/01a0fd16-9489-7e50-a7b6-a1178fd92bf1/ppg_audit/snapshot/contracts/PPG_DYNAMIC_BASELINE_SLOPE_AND_UPWARD_CROSSING_INTERFACE_CONTRACT.md","完成","formatter-AST结构+全文端口/打包/消费者语义人工核对；C002/C006及已接受豁免详见报告","固定合同域；默认IDAC8/epoch4，未泛化为任意参数数值签核"
"ppg_dynamic_baseline_cross_detector","C:/Users/DAWN/.codex/visualizations/2026/10/02/01a0fd16-9489-7e50-a7b6-a1178fd92bf1/ppg_audit/snapshot/rtl/ppg_dynamic_baseline_cross_detector/ppg_dynamic_baseline_cross_detector.v","126","input","true","[23:0]","i_peak_value","C20/C21","C:/Users/DAWN/.codex/visualizations/2026/10/02/01a0fd16-9489-7e50-a7b6-a1178fd92bf1/ppg_audit/snapshot/contracts/PPG_DYNAMIC_BASELINE_SLOPE_AND_UPWARD_CROSSING_INTERFACE_CONTRACT.md","完成","formatter-AST结构+全文端口/打包/消费者语义人工核对；C002/C006及已接受豁免详见报告","固定合同域；默认IDAC8/epoch4，未泛化为任意参数数值签核"
"ppg_dynamic_baseline_cross_detector","C:/Users/DAWN/.codex/visualizations/2026/10/02/01a0fd16-9489-7e50-a7b6-a1178fd92bf1/ppg_audit/snapshot/rtl/ppg_dynamic_baseline_cross_detector/ppg_dynamic_baseline_cross_detector.v","127","input","false","[C_FRAME_ID_WIDTH - 1:0]","i_peak_frame_id","C20/C21","C:/Users/DAWN/.codex/visualizations/2026/10/02/01a0fd16-9489-7e50-a7b6-a1178fd92bf1/ppg_audit/snapshot/contracts/PPG_DYNAMIC_BASELINE_SLOPE_AND_UPWARD_CROSSING_INTERFACE_CONTRACT.md","完成","formatter-AST结构+全文端口/打包/消费者语义人工核对；C002/C006及已接受豁免详见报告","固定合同域；默认IDAC8/epoch4，未泛化为任意参数数值签核"
"ppg_dynamic_baseline_cross_detector","C:/Users/DAWN/.codex/visualizations/2026/10/02/01a0fd16-9489-7e50-a7b6-a1178fd92bf1/ppg_audit/snapshot/rtl/ppg_dynamic_baseline_cross_detector/ppg_dynamic_baseline_cross_detector.v","128","input","false","[C_SAMPLE_INDEX_WIDTH - 1:0]","i_peak_sample_index","C20/C21","C:/Users/DAWN/.codex/visualizations/2026/10/02/01a0fd16-9489-7e50-a7b6-a1178fd92bf1/ppg_audit/snapshot/contracts/PPG_DYNAMIC_BASELINE_SLOPE_AND_UPWARD_CROSSING_INTERFACE_CONTRACT.md","完成","formatter-AST结构+全文端口/打包/消费者语义人工核对；C002/C006及已接受豁免详见报告","固定合同域；默认IDAC8/epoch4，未泛化为任意参数数值签核"
"ppg_dynamic_baseline_cross_detector","C:/Users/DAWN/.codex/visualizations/2026/10/02/01a0fd16-9489-7e50-a7b6-a1178fd92bf1/ppg_audit/snapshot/rtl/ppg_dynamic_baseline_cross_detector/ppg_dynamic_baseline_cross_detector.v","129","input","false","[C_CONFIG_EPOCH_WIDTH - 1:0]","i_peak_config_epoch","C20/C21","C:/Users/DAWN/.codex/visualizations/2026/10/02/01a0fd16-9489-7e50-a7b6-a1178fd92bf1/ppg_audit/snapshot/contracts/PPG_DYNAMIC_BASELINE_SLOPE_AND_UPWARD_CROSSING_INTERFACE_CONTRACT.md","完成","formatter-AST结构+全文端口/打包/消费者语义人工核对；C002/C006及已接受豁免详见报告","固定合同域；默认IDAC8/epoch4，未泛化为任意参数数值签核"
"ppg_dynamic_baseline_cross_detector","C:/Users/DAWN/.codex/visualizations/2026/10/02/01a0fd16-9489-7e50-a7b6-a1178fd92bf1/ppg_audit/snapshot/rtl/ppg_dynamic_baseline_cross_detector/ppg_dynamic_baseline_cross_detector.v","130","input","false","[C_COEF_EPOCH_WIDTH - 1:0]","i_peak_coef_epoch","C20/C21","C:/Users/DAWN/.codex/visualizations/2026/10/02/01a0fd16-9489-7e50-a7b6-a1178fd92bf1/ppg_audit/snapshot/contracts/PPG_DYNAMIC_BASELINE_SLOPE_AND_UPWARD_CROSSING_INTERFACE_CONTRACT.md","完成","formatter-AST结构+全文端口/打包/消费者语义人工核对；C002/C006及已接受豁免详见报告","固定合同域；默认IDAC8/epoch4，未泛化为任意参数数值签核"
"ppg_dynamic_baseline_cross_detector","C:/Users/DAWN/.codex/visualizations/2026/10/02/01a0fd16-9489-7e50-a7b6-a1178fd92bf1/ppg_audit/snapshot/rtl/ppg_dynamic_baseline_cross_detector/ppg_dynamic_baseline_cross_detector.v","131","input","false","[C_DC_RECOVERY_EPOCH_WIDTH - 1:0]","i_peak_dc_recovery_coef_epoch","C20/C21","C:/Users/DAWN/.codex/visualizations/2026/10/02/01a0fd16-9489-7e50-a7b6-a1178fd92bf1/ppg_audit/snapshot/contracts/PPG_DYNAMIC_BASELINE_SLOPE_AND_UPWARD_CROSSING_INTERFACE_CONTRACT.md","完成","formatter-AST结构+全文端口/打包/消费者语义人工核对；C002/C006及已接受豁免详见报告","固定合同域；默认IDAC8/epoch4，未泛化为任意参数数值签核"
"ppg_dynamic_baseline_cross_detector","C:/Users/DAWN/.codex/visualizations/2026/10/02/01a0fd16-9489-7e50-a7b6-a1178fd92bf1/ppg_audit/snapshot/rtl/ppg_dynamic_baseline_cross_detector/ppg_dynamic_baseline_cross_detector.v","136","input","false","","i_valley_valid","C20/C21","C:/Users/DAWN/.codex/visualizations/2026/10/02/01a0fd16-9489-7e50-a7b6-a1178fd92bf1/ppg_audit/snapshot/contracts/PPG_DYNAMIC_BASELINE_SLOPE_AND_UPWARD_CROSSING_INTERFACE_CONTRACT.md","完成","formatter-AST结构+全文端口/打包/消费者语义人工核对；C002/C006及已接受豁免详见报告","固定合同域；默认IDAC8/epoch4，未泛化为任意参数数值签核"
"ppg_dynamic_baseline_cross_detector","C:/Users/DAWN/.codex/visualizations/2026/10/02/01a0fd16-9489-7e50-a7b6-a1178fd92bf1/ppg_audit/snapshot/rtl/ppg_dynamic_baseline_cross_detector/ppg_dynamic_baseline_cross_detector.v","137","output","false","","o_valley_ready","C20/C21","C:/Users/DAWN/.codex/visualizations/2026/10/02/01a0fd16-9489-7e50-a7b6-a1178fd92bf1/ppg_audit/snapshot/contracts/PPG_DYNAMIC_BASELINE_SLOPE_AND_UPWARD_CROSSING_INTERFACE_CONTRACT.md","完成","formatter-AST结构+全文端口/打包/消费者语义人工核对；C002/C006及已接受豁免详见报告","固定合同域；默认IDAC8/epoch4，未泛化为任意参数数值签核"
"ppg_dynamic_baseline_cross_detector","C:/Users/DAWN/.codex/visualizations/2026/10/02/01a0fd16-9489-7e50-a7b6-a1178fd92bf1/ppg_audit/snapshot/rtl/ppg_dynamic_baseline_cross_detector/ppg_dynamic_baseline_cross_detector.v","138","input","true","[23:0]","i_valley_value","C20/C21","C:/Users/DAWN/.codex/visualizations/2026/10/02/01a0fd16-9489-7e50-a7b6-a1178fd92bf1/ppg_audit/snapshot/contracts/PPG_DYNAMIC_BASELINE_SLOPE_AND_UPWARD_CROSSING_INTERFACE_CONTRACT.md","完成","formatter-AST结构+全文端口/打包/消费者语义人工核对；C002/C006及已接受豁免详见报告","固定合同域；默认IDAC8/epoch4，未泛化为任意参数数值签核"
"ppg_dynamic_baseline_cross_detector","C:/Users/DAWN/.codex/visualizations/2026/10/02/01a0fd16-9489-7e50-a7b6-a1178fd92bf1/ppg_audit/snapshot/rtl/ppg_dynamic_baseline_cross_detector/ppg_dynamic_baseline_cross_detector.v","139","input","false","[C_FRAME_ID_WIDTH - 1:0]","i_valley_frame_id","C20/C21","C:/Users/DAWN/.codex/visualizations/2026/10/02/01a0fd16-9489-7e50-a7b6-a1178fd92bf1/ppg_audit/snapshot/contracts/PPG_DYNAMIC_BASELINE_SLOPE_AND_UPWARD_CROSSING_INTERFACE_CONTRACT.md","完成","formatter-AST结构+全文端口/打包/消费者语义人工核对；C002/C006及已接受豁免详见报告","固定合同域；默认IDAC8/epoch4，未泛化为任意参数数值签核"
"ppg_dynamic_baseline_cross_detector","C:/Users/DAWN/.codex/visualizations/2026/10/02/01a0fd16-9489-7e50-a7b6-a1178fd92bf1/ppg_audit/snapshot/rtl/ppg_dynamic_baseline_cross_detector/ppg_dynamic_baseline_cross_detector.v","140","input","false","[C_SAMPLE_INDEX_WIDTH - 1:0]","i_valley_sample_index","C20/C21","C:/Users/DAWN/.codex/visualizations/2026/10/02/01a0fd16-9489-7e50-a7b6-a1178fd92bf1/ppg_audit/snapshot/contracts/PPG_DYNAMIC_BASELINE_SLOPE_AND_UPWARD_CROSSING_INTERFACE_CONTRACT.md","完成","formatter-AST结构+全文端口/打包/消费者语义人工核对；C002/C006及已接受豁免详见报告","固定合同域；默认IDAC8/epoch4，未泛化为任意参数数值签核"
"ppg_dynamic_baseline_cross_detector","C:/Users/DAWN/.codex/visualizations/2026/10/02/01a0fd16-9489-7e50-a7b6-a1178fd92bf1/ppg_audit/snapshot/rtl/ppg_dynamic_baseline_cross_detector/ppg_dynamic_baseline_cross_detector.v","141","input","false","[C_CONFIG_EPOCH_WIDTH - 1:0]","i_valley_config_epoch","C20/C21","C:/Users/DAWN/.codex/visualizations/2026/10/02/01a0fd16-9489-7e50-a7b6-a1178fd92bf1/ppg_audit/snapshot/contracts/PPG_DYNAMIC_BASELINE_SLOPE_AND_UPWARD_CROSSING_INTERFACE_CONTRACT.md","完成","formatter-AST结构+全文端口/打包/消费者语义人工核对；C002/C006及已接受豁免详见报告","固定合同域；默认IDAC8/epoch4，未泛化为任意参数数值签核"
"ppg_dynamic_baseline_cross_detector","C:/Users/DAWN/.codex/visualizations/2026/10/02/01a0fd16-9489-7e50-a7b6-a1178fd92bf1/ppg_audit/snapshot/rtl/ppg_dynamic_baseline_cross_detector/ppg_dynamic_baseline_cross_detector.v","142","input","false","[C_COEF_EPOCH_WIDTH - 1:0]","i_valley_coef_epoch","C20/C21","C:/Users/DAWN/.codex/visualizations/2026/10/02/01a0fd16-9489-7e50-a7b6-a1178fd92bf1/ppg_audit/snapshot/contracts/PPG_DYNAMIC_BASELINE_SLOPE_AND_UPWARD_CROSSING_INTERFACE_CONTRACT.md","完成","formatter-AST结构+全文端口/打包/消费者语义人工核对；C002/C006及已接受豁免详见报告","固定合同域；默认IDAC8/epoch4，未泛化为任意参数数值签核"
"ppg_dynamic_baseline_cross_detector","C:/Users/DAWN/.codex/visualizations/2026/10/02/01a0fd16-9489-7e50-a7b6-a1178fd92bf1/ppg_audit/snapshot/rtl/ppg_dynamic_baseline_cross_detector/ppg_dynamic_baseline_cross_detector.v","143","input","false","[C_DC_RECOVERY_EPOCH_WIDTH - 1:0]","i_valley_dc_recovery_coef_epoch","C20/C21","C:/Users/DAWN/.codex/visualizations/2026/10/02/01a0fd16-9489-7e50-a7b6-a1178fd92bf1/ppg_audit/snapshot/contracts/PPG_DYNAMIC_BASELINE_SLOPE_AND_UPWARD_CROSSING_INTERFACE_CONTRACT.md","完成","formatter-AST结构+全文端口/打包/消费者语义人工核对；C002/C006及已接受豁免详见报告","固定合同域；默认IDAC8/epoch4，未泛化为任意参数数值签核"
"ppg_dynamic_baseline_cross_detector","C:/Users/DAWN/.codex/visualizations/2026/10/02/01a0fd16-9489-7e50-a7b6-a1178fd92bf1/ppg_audit/snapshot/rtl/ppg_dynamic_baseline_cross_detector/ppg_dynamic_baseline_cross_detector.v","146","input","false","","i_slope_mode","C20/C21","C:/Users/DAWN/.codex/visualizations/2026/10/02/01a0fd16-9489-7e50-a7b6-a1178fd92bf1/ppg_audit/snapshot/contracts/PPG_DYNAMIC_BASELINE_SLOPE_AND_UPWARD_CROSSING_INTERFACE_CONTRACT.md","完成","formatter-AST结构+全文端口/打包/消费者语义人工核对；C002/C006及已接受豁免详见报告","固定合同域；默认IDAC8/epoch4，未泛化为任意参数数值签核"
"ppg_dynamic_baseline_cross_detector","C:/Users/DAWN/.codex/visualizations/2026/10/02/01a0fd16-9489-7e50-a7b6-a1178fd92bf1/ppg_audit/snapshot/rtl/ppg_dynamic_baseline_cross_detector/ppg_dynamic_baseline_cross_detector.v","147","input","true","[C_SLOPE_WIDTH - 1:0]","i_fixed_slope_q16","C20/C21","C:/Users/DAWN/.codex/visualizations/2026/10/02/01a0fd16-9489-7e50-a7b6-a1178fd92bf1/ppg_audit/snapshot/contracts/PPG_DYNAMIC_BASELINE_SLOPE_AND_UPWARD_CROSSING_INTERFACE_CONTRACT.md","完成","formatter-AST结构+全文端口/打包/消费者语义人工核对；C002/C006及已接受豁免详见报告","固定合同域；默认IDAC8/epoch4，未泛化为任意参数数值签核"
"ppg_dynamic_baseline_cross_detector","C:/Users/DAWN/.codex/visualizations/2026/10/02/01a0fd16-9489-7e50-a7b6-a1178fd92bf1/ppg_audit/snapshot/rtl/ppg_dynamic_baseline_cross_detector/ppg_dynamic_baseline_cross_detector.v","148","input","false","[C_RATIO_WIDTH - 1:0]","i_alpha_q15","C20/C21","C:/Users/DAWN/.codex/visualizations/2026/10/02/01a0fd16-9489-7e50-a7b6-a1178fd92bf1/ppg_audit/snapshot/contracts/PPG_DYNAMIC_BASELINE_SLOPE_AND_UPWARD_CROSSING_INTERFACE_CONTRACT.md","完成","formatter-AST结构+全文端口/打包/消费者语义人工核对；C002/C006及已接受豁免详见报告","固定合同域；默认IDAC8/epoch4，未泛化为任意参数数值签核"
"ppg_dynamic_baseline_cross_detector","C:/Users/DAWN/.codex/visualizations/2026/10/02/01a0fd16-9489-7e50-a7b6-a1178fd92bf1/ppg_audit/snapshot/rtl/ppg_dynamic_baseline_cross_detector/ppg_dynamic_baseline_cross_detector.v","149","input","false","[C_RATIO_WIDTH - 1:0]","i_beta_q15","C20/C21","C:/Users/DAWN/.codex/visualizations/2026/10/02/01a0fd16-9489-7e50-a7b6-a1178fd92bf1/ppg_audit/snapshot/contracts/PPG_DYNAMIC_BASELINE_SLOPE_AND_UPWARD_CROSSING_INTERFACE_CONTRACT.md","完成","formatter-AST结构+全文端口/打包/消费者语义人工核对；C002/C006及已接受豁免详见报告","固定合同域；默认IDAC8/epoch4，未泛化为任意参数数值签核"
"ppg_dynamic_baseline_cross_detector","C:/Users/DAWN/.codex/visualizations/2026/10/02/01a0fd16-9489-7e50-a7b6-a1178fd92bf1/ppg_audit/snapshot/rtl/ppg_dynamic_baseline_cross_detector/ppg_dynamic_baseline_cross_detector.v","150","input","false","[C_RATIO_WIDTH - 1:0]","i_timing_adjust_ratio_q15","C20/C21","C:/Users/DAWN/.codex/visualizations/2026/10/02/01a0fd16-9489-7e50-a7b6-a1178fd92bf1/ppg_audit/snapshot/contracts/PPG_DYNAMIC_BASELINE_SLOPE_AND_UPWARD_CROSSING_INTERFACE_CONTRACT.md","完成","formatter-AST结构+全文端口/打包/消费者语义人工核对；C002/C006及已接受豁免详见报告","固定合同域；默认IDAC8/epoch4，未泛化为任意参数数值签核"
"ppg_dynamic_baseline_cross_detector","C:/Users/DAWN/.codex/visualizations/2026/10/02/01a0fd16-9489-7e50-a7b6-a1178fd92bf1/ppg_audit/snapshot/rtl/ppg_dynamic_baseline_cross_detector/ppg_dynamic_baseline_cross_detector.v","151","input","true","[C_SLOPE_WIDTH - 1:0]","i_slope_min_q16","C20/C21","C:/Users/DAWN/.codex/visualizations/2026/10/02/01a0fd16-9489-7e50-a7b6-a1178fd92bf1/ppg_audit/snapshot/contracts/PPG_DYNAMIC_BASELINE_SLOPE_AND_UPWARD_CROSSING_INTERFACE_CONTRACT.md","完成","formatter-AST结构+全文端口/打包/消费者语义人工核对；C002/C006及已接受豁免详见报告","固定合同域；默认IDAC8/epoch4，未泛化为任意参数数值签核"
"ppg_dynamic_baseline_cross_detector","C:/Users/DAWN/.codex/visualizations/2026/10/02/01a0fd16-9489-7e50-a7b6-a1178fd92bf1/ppg_audit/snapshot/rtl/ppg_dynamic_baseline_cross_detector/ppg_dynamic_baseline_cross_detector.v","152","input","true","[C_SLOPE_WIDTH - 1:0]","i_slope_max_q16","C20/C21","C:/Users/DAWN/.codex/visualizations/2026/10/02/01a0fd16-9489-7e50-a7b6-a1178fd92bf1/ppg_audit/snapshot/contracts/PPG_DYNAMIC_BASELINE_SLOPE_AND_UPWARD_CROSSING_INTERFACE_CONTRACT.md","完成","formatter-AST结构+全文端口/打包/消费者语义人工核对；C002/C006及已接受豁免详见报告","固定合同域；默认IDAC8/epoch4，未泛化为任意参数数值签核"
"ppg_dynamic_baseline_cross_detector","C:/Users/DAWN/.codex/visualizations/2026/10/02/01a0fd16-9489-7e50-a7b6-a1178fd92bf1/ppg_audit/snapshot/rtl/ppg_dynamic_baseline_cross_detector/ppg_dynamic_baseline_cross_detector.v","153","input","true","[C_SLOPE_WIDTH - 1:0]","i_baseline_delta_q16","C20/C21","C:/Users/DAWN/.codex/visualizations/2026/10/02/01a0fd16-9489-7e50-a7b6-a1178fd92bf1/ppg_audit/snapshot/contracts/PPG_DYNAMIC_BASELINE_SLOPE_AND_UPWARD_CROSSING_INTERFACE_CONTRACT.md","完成","formatter-AST结构+全文端口/打包/消费者语义人工核对；C002/C006及已接受豁免详见报告","固定合同域；默认IDAC8/epoch4，未泛化为任意参数数值签核"
"ppg_dynamic_baseline_cross_detector","C:/Users/DAWN/.codex/visualizations/2026/10/02/01a0fd16-9489-7e50-a7b6-a1178fd92bf1/ppg_audit/snapshot/rtl/ppg_dynamic_baseline_cross_detector/ppg_dynamic_baseline_cross_detector.v","154","input","false","[C_SLOPE_WIDTH - 1:0]","i_cross_hysteresis_q16","C20/C21","C:/Users/DAWN/.codex/visualizations/2026/10/02/01a0fd16-9489-7e50-a7b6-a1178fd92bf1/ppg_audit/snapshot/contracts/PPG_DYNAMIC_BASELINE_SLOPE_AND_UPWARD_CROSSING_INTERFACE_CONTRACT.md","完成","formatter-AST结构+全文端口/打包/消费者语义人工核对；C002/C006及已接受豁免详见报告","固定合同域；默认IDAC8/epoch4，未泛化为任意参数数值签核"
"ppg_dynamic_baseline_cross_detector","C:/Users/DAWN/.codex/visualizations/2026/10/02/01a0fd16-9489-7e50-a7b6-a1178fd92bf1/ppg_audit/snapshot/rtl/ppg_dynamic_baseline_cross_detector/ppg_dynamic_baseline_cross_detector.v","155","input","false","[C_FRAME_ID_WIDTH - 1:0]","i_lead_min_frames","C20/C21","C:/Users/DAWN/.codex/visualizations/2026/10/02/01a0fd16-9489-7e50-a7b6-a1178fd92bf1/ppg_audit/snapshot/contracts/PPG_DYNAMIC_BASELINE_SLOPE_AND_UPWARD_CROSSING_INTERFACE_CONTRACT.md","完成","formatter-AST结构+全文端口/打包/消费者语义人工核对；C002/C006及已接受豁免详见报告","固定合同域；默认IDAC8/epoch4，未泛化为任意参数数值签核"
"ppg_dynamic_baseline_cross_detector","C:/Users/DAWN/.codex/visualizations/2026/10/02/01a0fd16-9489-7e50-a7b6-a1178fd92bf1/ppg_audit/snapshot/rtl/ppg_dynamic_baseline_cross_detector/ppg_dynamic_baseline_cross_detector.v","156","input","false","[C_FRAME_ID_WIDTH - 1:0]","i_lead_max_frames","C20/C21","C:/Users/DAWN/.codex/visualizations/2026/10/02/01a0fd16-9489-7e50-a7b6-a1178fd92bf1/ppg_audit/snapshot/contracts/PPG_DYNAMIC_BASELINE_SLOPE_AND_UPWARD_CROSSING_INTERFACE_CONTRACT.md","完成","formatter-AST结构+全文端口/打包/消费者语义人工核对；C002/C006及已接受豁免详见报告","固定合同域；默认IDAC8/epoch4，未泛化为任意参数数值签核"
"ppg_dynamic_baseline_cross_detector","C:/Users/DAWN/.codex/visualizations/2026/10/02/01a0fd16-9489-7e50-a7b6-a1178fd92bf1/ppg_audit/snapshot/rtl/ppg_dynamic_baseline_cross_detector/ppg_dynamic_baseline_cross_detector.v","157","input","false","[3:0]","i_cross_confirm_count","C20/C21","C:/Users/DAWN/.codex/visualizations/2026/10/02/01a0fd16-9489-7e50-a7b6-a1178fd92bf1/ppg_audit/snapshot/contracts/PPG_DYNAMIC_BASELINE_SLOPE_AND_UPWARD_CROSSING_INTERFACE_CONTRACT.md","完成","formatter-AST结构+全文端口/打包/消费者语义人工核对；C002/C006及已接受豁免详见报告","固定合同域；默认IDAC8/epoch4，未泛化为任意参数数值签核"
"ppg_dynamic_baseline_cross_detector","C:/Users/DAWN/.codex/visualizations/2026/10/02/01a0fd16-9489-7e50-a7b6-a1178fd92bf1/ppg_audit/snapshot/rtl/ppg_dynamic_baseline_cross_detector/ppg_dynamic_baseline_cross_detector.v","158","input","false","[3:0]","i_no_cross_limit","C20/C21","C:/Users/DAWN/.codex/visualizations/2026/10/02/01a0fd16-9489-7e50-a7b6-a1178fd92bf1/ppg_audit/snapshot/contracts/PPG_DYNAMIC_BASELINE_SLOPE_AND_UPWARD_CROSSING_INTERFACE_CONTRACT.md","完成","formatter-AST结构+全文端口/打包/消费者语义人工核对；C002/C006及已接受豁免详见报告","固定合同域；默认IDAC8/epoch4，未泛化为任意参数数值签核"
"ppg_dynamic_baseline_cross_detector","C:/Users/DAWN/.codex/visualizations/2026/10/02/01a0fd16-9489-7e50-a7b6-a1178fd92bf1/ppg_audit/snapshot/rtl/ppg_dynamic_baseline_cross_detector/ppg_dynamic_baseline_cross_detector.v","159","input","false","","i_peak_valley_config_valid","C20/C21","C:/Users/DAWN/.codex/visualizations/2026/10/02/01a0fd16-9489-7e50-a7b6-a1178fd92bf1/ppg_audit/snapshot/contracts/PPG_DYNAMIC_BASELINE_SLOPE_AND_UPWARD_CROSSING_INTERFACE_CONTRACT.md","完成","formatter-AST结构+全文端口/打包/消费者语义人工核对；C002/C006及已接受豁免详见报告","固定合同域；默认IDAC8/epoch4，未泛化为任意参数数值签核"
"ppg_dynamic_baseline_cross_detector","C:/Users/DAWN/.codex/visualizations/2026/10/02/01a0fd16-9489-7e50-a7b6-a1178fd92bf1/ppg_audit/snapshot/rtl/ppg_dynamic_baseline_cross_detector/ppg_dynamic_baseline_cross_detector.v","162","input","false","","i_cross_ready","C20/C21","C:/Users/DAWN/.codex/visualizations/2026/10/02/01a0fd16-9489-7e50-a7b6-a1178fd92bf1/ppg_audit/snapshot/contracts/PPG_DYNAMIC_BASELINE_SLOPE_AND_UPWARD_CROSSING_INTERFACE_CONTRACT.md","完成","formatter-AST结构+全文端口/打包/消费者语义人工核对；C002/C006及已接受豁免详见报告","固定合同域；默认IDAC8/epoch4，未泛化为任意参数数值签核"
"ppg_dynamic_baseline_cross_detector","C:/Users/DAWN/.codex/visualizations/2026/10/02/01a0fd16-9489-7e50-a7b6-a1178fd92bf1/ppg_audit/snapshot/rtl/ppg_dynamic_baseline_cross_detector/ppg_dynamic_baseline_cross_detector.v","163","output","false","","o_cross_valid","C20/C21","C:/Users/DAWN/.codex/visualizations/2026/10/02/01a0fd16-9489-7e50-a7b6-a1178fd92bf1/ppg_audit/snapshot/contracts/PPG_DYNAMIC_BASELINE_SLOPE_AND_UPWARD_CROSSING_INTERFACE_CONTRACT.md","完成","formatter-AST结构+全文端口/打包/消费者语义人工核对；C002/C006及已接受豁免详见报告","固定合同域；默认IDAC8/epoch4，未泛化为任意参数数值签核"
"ppg_dynamic_baseline_cross_detector","C:/Users/DAWN/.codex/visualizations/2026/10/02/01a0fd16-9489-7e50-a7b6-a1178fd92bf1/ppg_audit/snapshot/rtl/ppg_dynamic_baseline_cross_detector/ppg_dynamic_baseline_cross_detector.v","164","output","false","[C_FRAME_ID_WIDTH - 1:0]","o_cross_frame_id","C20/C21","C:/Users/DAWN/.codex/visualizations/2026/10/02/01a0fd16-9489-7e50-a7b6-a1178fd92bf1/ppg_audit/snapshot/contracts/PPG_DYNAMIC_BASELINE_SLOPE_AND_UPWARD_CROSSING_INTERFACE_CONTRACT.md","完成","formatter-AST结构+全文端口/打包/消费者语义人工核对；C002/C006及已接受豁免详见报告","固定合同域；默认IDAC8/epoch4，未泛化为任意参数数值签核"
"ppg_dynamic_baseline_cross_detector","C:/Users/DAWN/.codex/visualizations/2026/10/02/01a0fd16-9489-7e50-a7b6-a1178fd92bf1/ppg_audit/snapshot/rtl/ppg_dynamic_baseline_cross_detector/ppg_dynamic_baseline_cross_detector.v","165","output","false","[C_SAMPLE_INDEX_WIDTH - 1:0]","o_cross_sample_index","C20/C21","C:/Users/DAWN/.codex/visualizations/2026/10/02/01a0fd16-9489-7e50-a7b6-a1178fd92bf1/ppg_audit/snapshot/contracts/PPG_DYNAMIC_BASELINE_SLOPE_AND_UPWARD_CROSSING_INTERFACE_CONTRACT.md","完成","formatter-AST结构+全文端口/打包/消费者语义人工核对；C002/C006及已接受豁免详见报告","固定合同域；默认IDAC8/epoch4，未泛化为任意参数数值签核"
"ppg_dynamic_baseline_cross_detector","C:/Users/DAWN/.codex/visualizations/2026/10/02/01a0fd16-9489-7e50-a7b6-a1178fd92bf1/ppg_audit/snapshot/rtl/ppg_dynamic_baseline_cross_detector/ppg_dynamic_baseline_cross_detector.v","166","output","false","","o_cross_time_unknown","C20/C21","C:/Users/DAWN/.codex/visualizations/2026/10/02/01a0fd16-9489-7e50-a7b6-a1178fd92bf1/ppg_audit/snapshot/contracts/PPG_DYNAMIC_BASELINE_SLOPE_AND_UPWARD_CROSSING_INTERFACE_CONTRACT.md","完成","formatter-AST结构+全文端口/打包/消费者语义人工核对；C002/C006及已接受豁免详见报告","固定合同域；默认IDAC8/epoch4，未泛化为任意参数数值签核"
"ppg_dynamic_baseline_cross_detector","C:/Users/DAWN/.codex/visualizations/2026/10/02/01a0fd16-9489-7e50-a7b6-a1178fd92bf1/ppg_audit/snapshot/rtl/ppg_dynamic_baseline_cross_detector/ppg_dynamic_baseline_cross_detector.v","167","output","false","[C_CONFIG_EPOCH_WIDTH - 1:0]","o_cross_config_epoch","C20/C21","C:/Users/DAWN/.codex/visualizations/2026/10/02/01a0fd16-9489-7e50-a7b6-a1178fd92bf1/ppg_audit/snapshot/contracts/PPG_DYNAMIC_BASELINE_SLOPE_AND_UPWARD_CROSSING_INTERFACE_CONTRACT.md","完成","formatter-AST结构+全文端口/打包/消费者语义人工核对；C002/C006及已接受豁免详见报告","固定合同域；默认IDAC8/epoch4，未泛化为任意参数数值签核"
"ppg_dynamic_baseline_cross_detector","C:/Users/DAWN/.codex/visualizations/2026/10/02/01a0fd16-9489-7e50-a7b6-a1178fd92bf1/ppg_audit/snapshot/rtl/ppg_dynamic_baseline_cross_detector/ppg_dynamic_baseline_cross_detector.v","168","output","false","[C_COEF_EPOCH_WIDTH - 1:0]","o_cross_coef_epoch","C20/C21","C:/Users/DAWN/.codex/visualizations/2026/10/02/01a0fd16-9489-7e50-a7b6-a1178fd92bf1/ppg_audit/snapshot/contracts/PPG_DYNAMIC_BASELINE_SLOPE_AND_UPWARD_CROSSING_INTERFACE_CONTRACT.md","完成","formatter-AST结构+全文端口/打包/消费者语义人工核对；C002/C006及已接受豁免详见报告","固定合同域；默认IDAC8/epoch4，未泛化为任意参数数值签核"
"ppg_dynamic_baseline_cross_detector","C:/Users/DAWN/.codex/visualizations/2026/10/02/01a0fd16-9489-7e50-a7b6-a1178fd92bf1/ppg_audit/snapshot/rtl/ppg_dynamic_baseline_cross_detector/ppg_dynamic_baseline_cross_detector.v","169","output","false","[C_DC_RECOVERY_EPOCH_WIDTH - 1:0]","o_cross_dc_recovery_coef_epoch","C20/C21","C:/Users/DAWN/.codex/visualizations/2026/10/02/01a0fd16-9489-7e50-a7b6-a1178fd92bf1/ppg_audit/snapshot/contracts/PPG_DYNAMIC_BASELINE_SLOPE_AND_UPWARD_CROSSING_INTERFACE_CONTRACT.md","完成","formatter-AST结构+全文端口/打包/消费者语义人工核对；C002/C006及已接受豁免详见报告","固定合同域；默认IDAC8/epoch4，未泛化为任意参数数值签核"
"ppg_dynamic_baseline_cross_detector","C:/Users/DAWN/.codex/visualizations/2026/10/02/01a0fd16-9489-7e50-a7b6-a1178fd92bf1/ppg_audit/snapshot/rtl/ppg_dynamic_baseline_cross_detector/ppg_dynamic_baseline_cross_detector.v","170","output","true","[C_SLOPE_WIDTH - 1:0]","o_cross_slope_q16","C20/C21","C:/Users/DAWN/.codex/visualizations/2026/10/02/01a0fd16-9489-7e50-a7b6-a1178fd92bf1/ppg_audit/snapshot/contracts/PPG_DYNAMIC_BASELINE_SLOPE_AND_UPWARD_CROSSING_INTERFACE_CONTRACT.md","完成","formatter-AST结构+全文端口/打包/消费者语义人工核对；C002/C006及已接受豁免详见报告","固定合同域；默认IDAC8/epoch4，未泛化为任意参数数值签核"
"ppg_dynamic_baseline_cross_detector","C:/Users/DAWN/.codex/visualizations/2026/10/02/01a0fd16-9489-7e50-a7b6-a1178fd92bf1/ppg_audit/snapshot/rtl/ppg_dynamic_baseline_cross_detector/ppg_dynamic_baseline_cross_detector.v","171","output","true","[C_BASELINE_WIDTH - 1:0]","o_cross_baseline_q16","C20/C21","C:/Users/DAWN/.codex/visualizations/2026/10/02/01a0fd16-9489-7e50-a7b6-a1178fd92bf1/ppg_audit/snapshot/contracts/PPG_DYNAMIC_BASELINE_SLOPE_AND_UPWARD_CROSSING_INTERFACE_CONTRACT.md","完成","formatter-AST结构+全文端口/打包/消费者语义人工核对；C002/C006及已接受豁免详见报告","固定合同域；默认IDAC8/epoch4，未泛化为任意参数数值签核"
"ppg_dynamic_baseline_cross_detector","C:/Users/DAWN/.codex/visualizations/2026/10/02/01a0fd16-9489-7e50-a7b6-a1178fd92bf1/ppg_audit/snapshot/rtl/ppg_dynamic_baseline_cross_detector/ppg_dynamic_baseline_cross_detector.v","174","output","false","","o_baseline_valid","C20/C21","C:/Users/DAWN/.codex/visualizations/2026/10/02/01a0fd16-9489-7e50-a7b6-a1178fd92bf1/ppg_audit/snapshot/contracts/PPG_DYNAMIC_BASELINE_SLOPE_AND_UPWARD_CROSSING_INTERFACE_CONTRACT.md","完成","formatter-AST结构+全文端口/打包/消费者语义人工核对；C002/C006及已接受豁免详见报告","固定合同域；默认IDAC8/epoch4，未泛化为任意参数数值签核"
"ppg_dynamic_baseline_cross_detector","C:/Users/DAWN/.codex/visualizations/2026/10/02/01a0fd16-9489-7e50-a7b6-a1178fd92bf1/ppg_audit/snapshot/rtl/ppg_dynamic_baseline_cross_detector/ppg_dynamic_baseline_cross_detector.v","175","output","false","","o_adaptive_slope_valid","C20/C21","C:/Users/DAWN/.codex/visualizations/2026/10/02/01a0fd16-9489-7e50-a7b6-a1178fd92bf1/ppg_audit/snapshot/contracts/PPG_DYNAMIC_BASELINE_SLOPE_AND_UPWARD_CROSSING_INTERFACE_CONTRACT.md","完成","formatter-AST结构+全文端口/打包/消费者语义人工核对；C002/C006及已接受豁免详见报告","固定合同域；默认IDAC8/epoch4，未泛化为任意参数数值签核"
"ppg_dynamic_baseline_cross_detector","C:/Users/DAWN/.codex/visualizations/2026/10/02/01a0fd16-9489-7e50-a7b6-a1178fd92bf1/ppg_audit/snapshot/rtl/ppg_dynamic_baseline_cross_detector/ppg_dynamic_baseline_cross_detector.v","176","output","true","[C_SLOPE_WIDTH - 1:0]","o_slope_current_q16","C20/C21","C:/Users/DAWN/.codex/visualizations/2026/10/02/01a0fd16-9489-7e50-a7b6-a1178fd92bf1/ppg_audit/snapshot/contracts/PPG_DYNAMIC_BASELINE_SLOPE_AND_UPWARD_CROSSING_INTERFACE_CONTRACT.md","完成","formatter-AST结构+全文端口/打包/消费者语义人工核对；C002/C006及已接受豁免详见报告","固定合同域；默认IDAC8/epoch4，未泛化为任意参数数值签核"
"ppg_dynamic_baseline_cross_detector","C:/Users/DAWN/.codex/visualizations/2026/10/02/01a0fd16-9489-7e50-a7b6-a1178fd92bf1/ppg_audit/snapshot/rtl/ppg_dynamic_baseline_cross_detector/ppg_dynamic_baseline_cross_detector.v","177","output","true","[C_SLOPE_WIDTH - 1:0]","o_slope_base_q16","C20/C21","C:/Users/DAWN/.codex/visualizations/2026/10/02/01a0fd16-9489-7e50-a7b6-a1178fd92bf1/ppg_audit/snapshot/contracts/PPG_DYNAMIC_BASELINE_SLOPE_AND_UPWARD_CROSSING_INTERFACE_CONTRACT.md","完成","formatter-AST结构+全文端口/打包/消费者语义人工核对；C002/C006及已接受豁免详见报告","固定合同域；默认IDAC8/epoch4，未泛化为任意参数数值签核"
"ppg_dynamic_baseline_cross_detector","C:/Users/DAWN/.codex/visualizations/2026/10/02/01a0fd16-9489-7e50-a7b6-a1178fd92bf1/ppg_audit/snapshot/rtl/ppg_dynamic_baseline_cross_detector/ppg_dynamic_baseline_cross_detector.v","178","output","false","[C_FRAME_ID_WIDTH - 1:0]","o_last_lead_frames","C20/C21","C:/Users/DAWN/.codex/visualizations/2026/10/02/01a0fd16-9489-7e50-a7b6-a1178fd92bf1/ppg_audit/snapshot/contracts/PPG_DYNAMIC_BASELINE_SLOPE_AND_UPWARD_CROSSING_INTERFACE_CONTRACT.md","完成","formatter-AST结构+全文端口/打包/消费者语义人工核对；C002/C006及已接受豁免详见报告","固定合同域；默认IDAC8/epoch4，未泛化为任意参数数值签核"
"ppg_dynamic_baseline_cross_detector","C:/Users/DAWN/.codex/visualizations/2026/10/02/01a0fd16-9489-7e50-a7b6-a1178fd92bf1/ppg_audit/snapshot/rtl/ppg_dynamic_baseline_cross_detector/ppg_dynamic_baseline_cross_detector.v","179","output","false","[3:0]","o_no_cross_count","C20/C21","C:/Users/DAWN/.codex/visualizations/2026/10/02/01a0fd16-9489-7e50-a7b6-a1178fd92bf1/ppg_audit/snapshot/contracts/PPG_DYNAMIC_BASELINE_SLOPE_AND_UPWARD_CROSSING_INTERFACE_CONTRACT.md","完成","formatter-AST结构+全文端口/打包/消费者语义人工核对；C002/C006及已接受豁免详见报告","固定合同域；默认IDAC8/epoch4，未泛化为任意参数数值签核"
"ppg_dynamic_baseline_cross_detector","C:/Users/DAWN/.codex/visualizations/2026/10/02/01a0fd16-9489-7e50-a7b6-a1178fd92bf1/ppg_audit/snapshot/rtl/ppg_dynamic_baseline_cross_detector/ppg_dynamic_baseline_cross_detector.v","180","output","false","","o_reacquire_active","C20/C21","C:/Users/DAWN/.codex/visualizations/2026/10/02/01a0fd16-9489-7e50-a7b6-a1178fd92bf1/ppg_audit/snapshot/contracts/PPG_DYNAMIC_BASELINE_SLOPE_AND_UPWARD_CROSSING_INTERFACE_CONTRACT.md","完成","formatter-AST结构+全文端口/打包/消费者语义人工核对；C002/C006及已接受豁免详见报告","固定合同域；默认IDAC8/epoch4，未泛化为任意参数数值签核"
"ppg_dynamic_baseline_cross_detector","C:/Users/DAWN/.codex/visualizations/2026/10/02/01a0fd16-9489-7e50-a7b6-a1178fd92bf1/ppg_audit/snapshot/rtl/ppg_dynamic_baseline_cross_detector/ppg_dynamic_baseline_cross_detector.v","181","output","false","","o_slope_saturation_min","C20/C21","C:/Users/DAWN/.codex/visualizations/2026/10/02/01a0fd16-9489-7e50-a7b6-a1178fd92bf1/ppg_audit/snapshot/contracts/PPG_DYNAMIC_BASELINE_SLOPE_AND_UPWARD_CROSSING_INTERFACE_CONTRACT.md","完成","formatter-AST结构+全文端口/打包/消费者语义人工核对；C002/C006及已接受豁免详见报告","固定合同域；默认IDAC8/epoch4，未泛化为任意参数数值签核"
"ppg_dynamic_baseline_cross_detector","C:/Users/DAWN/.codex/visualizations/2026/10/02/01a0fd16-9489-7e50-a7b6-a1178fd92bf1/ppg_audit/snapshot/rtl/ppg_dynamic_baseline_cross_detector/ppg_dynamic_baseline_cross_detector.v","182","output","false","","o_slope_saturation_max","C20/C21","C:/Users/DAWN/.codex/visualizations/2026/10/02/01a0fd16-9489-7e50-a7b6-a1178fd92bf1/ppg_audit/snapshot/contracts/PPG_DYNAMIC_BASELINE_SLOPE_AND_UPWARD_CROSSING_INTERFACE_CONTRACT.md","完成","formatter-AST结构+全文端口/打包/消费者语义人工核对；C002/C006及已接受豁免详见报告","固定合同域；默认IDAC8/epoch4，未泛化为任意参数数值签核"
"ppg_dynamic_baseline_cross_detector","C:/Users/DAWN/.codex/visualizations/2026/10/02/01a0fd16-9489-7e50-a7b6-a1178fd92bf1/ppg_audit/snapshot/rtl/ppg_dynamic_baseline_cross_detector/ppg_dynamic_baseline_cross_detector.v","183","output","false","","o_baseline_saturation_low","C20/C21","C:/Users/DAWN/.codex/visualizations/2026/10/02/01a0fd16-9489-7e50-a7b6-a1178fd92bf1/ppg_audit/snapshot/contracts/PPG_DYNAMIC_BASELINE_SLOPE_AND_UPWARD_CROSSING_INTERFACE_CONTRACT.md","完成","formatter-AST结构+全文端口/打包/消费者语义人工核对；C002/C006及已接受豁免详见报告","固定合同域；默认IDAC8/epoch4，未泛化为任意参数数值签核"
"ppg_dynamic_baseline_cross_detector","C:/Users/DAWN/.codex/visualizations/2026/10/02/01a0fd16-9489-7e50-a7b6-a1178fd92bf1/ppg_audit/snapshot/rtl/ppg_dynamic_baseline_cross_detector/ppg_dynamic_baseline_cross_detector.v","184","output","false","","o_baseline_saturation_high","C20/C21","C:/Users/DAWN/.codex/visualizations/2026/10/02/01a0fd16-9489-7e50-a7b6-a1178fd92bf1/ppg_audit/snapshot/contracts/PPG_DYNAMIC_BASELINE_SLOPE_AND_UPWARD_CROSSING_INTERFACE_CONTRACT.md","完成","formatter-AST结构+全文端口/打包/消费者语义人工核对；C002/C006及已接受豁免详见报告","固定合同域；默认IDAC8/epoch4，未泛化为任意参数数值签核"
"ppg_dynamic_baseline_cross_detector","C:/Users/DAWN/.codex/visualizations/2026/10/02/01a0fd16-9489-7e50-a7b6-a1178fd92bf1/ppg_audit/snapshot/rtl/ppg_dynamic_baseline_cross_detector/ppg_dynamic_baseline_cross_detector.v","185","output","false","","o_protocol_error_sticky","C20/C21","C:/Users/DAWN/.codex/visualizations/2026/10/02/01a0fd16-9489-7e50-a7b6-a1178fd92bf1/ppg_audit/snapshot/contracts/PPG_DYNAMIC_BASELINE_SLOPE_AND_UPWARD_CROSSING_INTERFACE_CONTRACT.md","完成","formatter-AST结构+全文端口/打包/消费者语义人工核对；C002/C006及已接受豁免详见报告","固定合同域；默认IDAC8/epoch4，未泛化为任意参数数值签核"
"ppg_idac_code_controller","C:/Users/DAWN/.codex/visualizations/2026/10/02/01a0fd16-9489-7e50-a7b6-a1178fd92bf1/ppg_audit/snapshot/rtl/ppg_idac_code_controller/ppg_idac_code_controller.v","67","input","false","","i_clk","C17/C16","C:/Users/DAWN/.codex/visualizations/2026/10/02/01a0fd16-9489-7e50-a7b6-a1178fd92bf1/ppg_audit/snapshot/contracts/PPG_IDAC_CODE_CONTROLLER_V2_INTERFACE_CONTRACT.md","完成","formatter-AST结构+全文端口/打包/消费者语义人工核对；C002/C006及已接受豁免详见报告","固定合同域；默认IDAC8/epoch4，未泛化为任意参数数值签核"
"ppg_idac_code_controller","C:/Users/DAWN/.codex/visualizations/2026/10/02/01a0fd16-9489-7e50-a7b6-a1178fd92bf1/ppg_audit/snapshot/rtl/ppg_idac_code_controller/ppg_idac_code_controller.v","68","input","false","","i_rstn","C17/C16","C:/Users/DAWN/.codex/visualizations/2026/10/02/01a0fd16-9489-7e50-a7b6-a1178fd92bf1/ppg_audit/snapshot/contracts/PPG_IDAC_CODE_CONTROLLER_V2_INTERFACE_CONTRACT.md","完成","formatter-AST结构+全文端口/打包/消费者语义人工核对；C002/C006及已接受豁免详见报告","固定合同域；默认IDAC8/epoch4，未泛化为任意参数数值签核"
"ppg_idac_code_controller","C:/Users/DAWN/.codex/visualizations/2026/10/02/01a0fd16-9489-7e50-a7b6-a1178fd92bf1/ppg_audit/snapshot/rtl/ppg_idac_code_controller/ppg_idac_code_controller.v","69","input","false","[C_RUN_GENERATION_WIDTH - 1:0]","i_run_generation","C17/C16","C:/Users/DAWN/.codex/visualizations/2026/10/02/01a0fd16-9489-7e50-a7b6-a1178fd92bf1/ppg_audit/snapshot/contracts/PPG_IDAC_CODE_CONTROLLER_V2_INTERFACE_CONTRACT.md","完成","formatter-AST结构+全文端口/打包/消费者语义人工核对；C002/C006及已接受豁免详见报告","固定合同域；默认IDAC8/epoch4，未泛化为任意参数数值签核"
"ppg_idac_code_controller","C:/Users/DAWN/.codex/visualizations/2026/10/02/01a0fd16-9489-7e50-a7b6-a1178fd92bf1/ppg_audit/snapshot/rtl/ppg_idac_code_controller/ppg_idac_code_controller.v","72","input","false","","i_run_enable","C17/C16","C:/Users/DAWN/.codex/visualizations/2026/10/02/01a0fd16-9489-7e50-a7b6-a1178fd92bf1/ppg_audit/snapshot/contracts/PPG_IDAC_CODE_CONTROLLER_V2_INTERFACE_CONTRACT.md","完成","formatter-AST结构+全文端口/打包/消费者语义人工核对；C002/C006及已接受豁免详见报告","固定合同域；默认IDAC8/epoch4，未泛化为任意参数数值签核"
"ppg_idac_code_controller","C:/Users/DAWN/.codex/visualizations/2026/10/02/01a0fd16-9489-7e50-a7b6-a1178fd92bf1/ppg_audit/snapshot/rtl/ppg_idac_code_controller/ppg_idac_code_controller.v","73","input","false","","i_start_ack_event","C17/C16","C:/Users/DAWN/.codex/visualizations/2026/10/02/01a0fd16-9489-7e50-a7b6-a1178fd92bf1/ppg_audit/snapshot/contracts/PPG_IDAC_CODE_CONTROLLER_V2_INTERFACE_CONTRACT.md","完成","formatter-AST结构+全文端口/打包/消费者语义人工核对；C002/C006及已接受豁免详见报告","固定合同域；默认IDAC8/epoch4，未泛化为任意参数数值签核"
"ppg_idac_code_controller","C:/Users/DAWN/.codex/visualizations/2026/10/02/01a0fd16-9489-7e50-a7b6-a1178fd92bf1/ppg_audit/snapshot/rtl/ppg_idac_code_controller/ppg_idac_code_controller.v","74","input","false","","i_stop_ack_event","C17/C16","C:/Users/DAWN/.codex/visualizations/2026/10/02/01a0fd16-9489-7e50-a7b6-a1178fd92bf1/ppg_audit/snapshot/contracts/PPG_IDAC_CODE_CONTROLLER_V2_INTERFACE_CONTRACT.md","完成","formatter-AST结构+全文端口/打包/消费者语义人工核对；C002/C006及已接受豁免详见报告","固定合同域；默认IDAC8/epoch4，未泛化为任意参数数值签核"
"ppg_idac_code_controller","C:/Users/DAWN/.codex/visualizations/2026/10/02/01a0fd16-9489-7e50-a7b6-a1178fd92bf1/ppg_audit/snapshot/rtl/ppg_idac_code_controller/ppg_idac_code_controller.v","75","input","false","","i_status_clear_event","C17/C16","C:/Users/DAWN/.codex/visualizations/2026/10/02/01a0fd16-9489-7e50-a7b6-a1178fd92bf1/ppg_audit/snapshot/contracts/PPG_IDAC_CODE_CONTROLLER_V2_INTERFACE_CONTRACT.md","完成","formatter-AST结构+全文端口/打包/消费者语义人工核对；C002/C006及已接受豁免详见报告","固定合同域；默认IDAC8/epoch4，未泛化为任意参数数值签核"
"ppg_idac_code_controller","C:/Users/DAWN/.codex/visualizations/2026/10/02/01a0fd16-9489-7e50-a7b6-a1178fd92bf1/ppg_audit/snapshot/rtl/ppg_idac_code_controller/ppg_idac_code_controller.v","76","input","false","","i_control_abort_event","C17/C16","C:/Users/DAWN/.codex/visualizations/2026/10/02/01a0fd16-9489-7e50-a7b6-a1178fd92bf1/ppg_audit/snapshot/contracts/PPG_IDAC_CODE_CONTROLLER_V2_INTERFACE_CONTRACT.md","完成","formatter-AST结构+全文端口/打包/消费者语义人工核对；C002/C006及已接受豁免详见报告","固定合同域；默认IDAC8/epoch4，未泛化为任意参数数值签核"
"ppg_idac_code_controller","C:/Users/DAWN/.codex/visualizations/2026/10/02/01a0fd16-9489-7e50-a7b6-a1178fd92bf1/ppg_audit/snapshot/rtl/ppg_idac_code_controller/ppg_idac_code_controller.v","77","input","false","","i_frame_safe_boundary","C17/C16","C:/Users/DAWN/.codex/visualizations/2026/10/02/01a0fd16-9489-7e50-a7b6-a1178fd92bf1/ppg_audit/snapshot/contracts/PPG_IDAC_CODE_CONTROLLER_V2_INTERFACE_CONTRACT.md","完成","formatter-AST结构+全文端口/打包/消费者语义人工核对；C002/C006及已接受豁免详见报告","固定合同域；默认IDAC8/epoch4，未泛化为任意参数数值签核"
"ppg_idac_code_controller","C:/Users/DAWN/.codex/visualizations/2026/10/02/01a0fd16-9489-7e50-a7b6-a1178fd92bf1/ppg_audit/snapshot/rtl/ppg_idac_code_controller/ppg_idac_code_controller.v","78","input","false","[C_CONFIG_EPOCH_WIDTH - 1:0]","i_active_config_epoch","C17/C16","C:/Users/DAWN/.codex/visualizations/2026/10/02/01a0fd16-9489-7e50-a7b6-a1178fd92bf1/ppg_audit/snapshot/contracts/PPG_IDAC_CODE_CONTROLLER_V2_INTERFACE_CONTRACT.md","完成","formatter-AST结构+全文端口/打包/消费者语义人工核对；C002/C006及已接受豁免详见报告","固定合同域；默认IDAC8/epoch4，未泛化为任意参数数值签核"
"ppg_idac_code_controller","C:/Users/DAWN/.codex/visualizations/2026/10/02/01a0fd16-9489-7e50-a7b6-a1178fd92bf1/ppg_audit/snapshot/rtl/ppg_idac_code_controller/ppg_idac_code_controller.v","81","input","false","[1:0]","i_idac_mode","C17/C16","C:/Users/DAWN/.codex/visualizations/2026/10/02/01a0fd16-9489-7e50-a7b6-a1178fd92bf1/ppg_audit/snapshot/contracts/PPG_IDAC_CODE_CONTROLLER_V2_INTERFACE_CONTRACT.md","完成","formatter-AST结构+全文端口/打包/消费者语义人工核对；C002/C006及已接受豁免详见报告","固定合同域；默认IDAC8/epoch4，未泛化为任意参数数值签核"
"ppg_idac_code_controller","C:/Users/DAWN/.codex/visualizations/2026/10/02/01a0fd16-9489-7e50-a7b6-a1178fd92bf1/ppg_audit/snapshot/rtl/ppg_idac_code_controller/ppg_idac_code_controller.v","82","input","false","","i_amb_enable","C17/C16","C:/Users/DAWN/.codex/visualizations/2026/10/02/01a0fd16-9489-7e50-a7b6-a1178fd92bf1/ppg_audit/snapshot/contracts/PPG_IDAC_CODE_CONTROLLER_V2_INTERFACE_CONTRACT.md","完成","formatter-AST结构+全文端口/打包/消费者语义人工核对；C002/C006及已接受豁免详见报告","固定合同域；默认IDAC8/epoch4，未泛化为任意参数数值签核"
"ppg_idac_code_controller","C:/Users/DAWN/.codex/visualizations/2026/10/02/01a0fd16-9489-7e50-a7b6-a1178fd92bf1/ppg_audit/snapshot/rtl/ppg_idac_code_controller/ppg_idac_code_controller.v","83","input","false","","i_dcs_enable","C17/C16","C:/Users/DAWN/.codex/visualizations/2026/10/02/01a0fd16-9489-7e50-a7b6-a1178fd92bf1/ppg_audit/snapshot/contracts/PPG_IDAC_CODE_CONTROLLER_V2_INTERFACE_CONTRACT.md","完成","formatter-AST结构+全文端口/打包/消费者语义人工核对；C002/C006及已接受豁免详见报告","固定合同域；默认IDAC8/epoch4，未泛化为任意参数数值签核"
"ppg_idac_code_controller","C:/Users/DAWN/.codex/visualizations/2026/10/02/01a0fd16-9489-7e50-a7b6-a1178fd92bf1/ppg_audit/snapshot/rtl/ppg_idac_code_controller/ppg_idac_code_controller.v","84","input","false","","i_amb_polarity","C17/C16","C:/Users/DAWN/.codex/visualizations/2026/10/02/01a0fd16-9489-7e50-a7b6-a1178fd92bf1/ppg_audit/snapshot/contracts/PPG_IDAC_CODE_CONTROLLER_V2_INTERFACE_CONTRACT.md","完成","formatter-AST结构+全文端口/打包/消费者语义人工核对；C002/C006及已接受豁免详见报告","固定合同域；默认IDAC8/epoch4，未泛化为任意参数数值签核"
"ppg_idac_code_controller","C:/Users/DAWN/.codex/visualizations/2026/10/02/01a0fd16-9489-7e50-a7b6-a1178fd92bf1/ppg_audit/snapshot/rtl/ppg_idac_code_controller/ppg_idac_code_controller.v","85","input","false","","i_dcs_polarity","C17/C16","C:/Users/DAWN/.codex/visualizations/2026/10/02/01a0fd16-9489-7e50-a7b6-a1178fd92bf1/ppg_audit/snapshot/contracts/PPG_IDAC_CODE_CONTROLLER_V2_INTERFACE_CONTRACT.md","完成","formatter-AST结构+全文端口/打包/消费者语义人工核对；C002/C006及已接受豁免详见报告","固定合同域；默认IDAC8/epoch4，未泛化为任意参数数值签核"
"ppg_idac_code_controller","C:/Users/DAWN/.codex/visualizations/2026/10/02/01a0fd16-9489-7e50-a7b6-a1178fd92bf1/ppg_audit/snapshot/rtl/ppg_idac_code_controller/ppg_idac_code_controller.v","86","input","false","[C_IDAC_CODE_WIDTH - 1:0]","i_amb_manual_code","C17/C16","C:/Users/DAWN/.codex/visualizations/2026/10/02/01a0fd16-9489-7e50-a7b6-a1178fd92bf1/ppg_audit/snapshot/contracts/PPG_IDAC_CODE_CONTROLLER_V2_INTERFACE_CONTRACT.md","完成","formatter-AST结构+全文端口/打包/消费者语义人工核对；C002/C006及已接受豁免详见报告","固定合同域；默认IDAC8/epoch4，未泛化为任意参数数值签核"
"ppg_idac_code_controller","C:/Users/DAWN/.codex/visualizations/2026/10/02/01a0fd16-9489-7e50-a7b6-a1178fd92bf1/ppg_audit/snapshot/rtl/ppg_idac_code_controller/ppg_idac_code_controller.v","87","input","false","[C_IDAC_CODE_WIDTH - 1:0]","i_amb_code_min","C17/C16","C:/Users/DAWN/.codex/visualizations/2026/10/02/01a0fd16-9489-7e50-a7b6-a1178fd92bf1/ppg_audit/snapshot/contracts/PPG_IDAC_CODE_CONTROLLER_V2_INTERFACE_CONTRACT.md","完成","formatter-AST结构+全文端口/打包/消费者语义人工核对；C002/C006及已接受豁免详见报告","固定合同域；默认IDAC8/epoch4，未泛化为任意参数数值签核"
"ppg_idac_code_controller","C:/Users/DAWN/.codex/visualizations/2026/10/02/01a0fd16-9489-7e50-a7b6-a1178fd92bf1/ppg_audit/snapshot/rtl/ppg_idac_code_controller/ppg_idac_code_controller.v","88","input","false","[C_IDAC_CODE_WIDTH - 1:0]","i_amb_code_max","C17/C16","C:/Users/DAWN/.codex/visualizations/2026/10/02/01a0fd16-9489-7e50-a7b6-a1178fd92bf1/ppg_audit/snapshot/contracts/PPG_IDAC_CODE_CONTROLLER_V2_INTERFACE_CONTRACT.md","完成","formatter-AST结构+全文端口/打包/消费者语义人工核对；C002/C006及已接受豁免详见报告","固定合同域；默认IDAC8/epoch4，未泛化为任意参数数值签核"
"ppg_idac_code_controller","C:/Users/DAWN/.codex/visualizations/2026/10/02/01a0fd16-9489-7e50-a7b6-a1178fd92bf1/ppg_audit/snapshot/rtl/ppg_idac_code_controller/ppg_idac_code_controller.v","89","input","false","[C_IDAC_CODE_WIDTH - 1:0]","i_dcs_r_manual_code","C17/C16","C:/Users/DAWN/.codex/visualizations/2026/10/02/01a0fd16-9489-7e50-a7b6-a1178fd92bf1/ppg_audit/snapshot/contracts/PPG_IDAC_CODE_CONTROLLER_V2_INTERFACE_CONTRACT.md","完成","formatter-AST结构+全文端口/打包/消费者语义人工核对；C002/C006及已接受豁免详见报告","固定合同域；默认IDAC8/epoch4，未泛化为任意参数数值签核"
"ppg_idac_code_controller","C:/Users/DAWN/.codex/visualizations/2026/10/02/01a0fd16-9489-7e50-a7b6-a1178fd92bf1/ppg_audit/snapshot/rtl/ppg_idac_code_controller/ppg_idac_code_controller.v","90","input","false","[C_IDAC_CODE_WIDTH - 1:0]","i_dcs_r_code_min","C17/C16","C:/Users/DAWN/.codex/visualizations/2026/10/02/01a0fd16-9489-7e50-a7b6-a1178fd92bf1/ppg_audit/snapshot/contracts/PPG_IDAC_CODE_CONTROLLER_V2_INTERFACE_CONTRACT.md","完成","formatter-AST结构+全文端口/打包/消费者语义人工核对；C002/C006及已接受豁免详见报告","固定合同域；默认IDAC8/epoch4，未泛化为任意参数数值签核"
"ppg_idac_code_controller","C:/Users/DAWN/.codex/visualizations/2026/10/02/01a0fd16-9489-7e50-a7b6-a1178fd92bf1/ppg_audit/snapshot/rtl/ppg_idac_code_controller/ppg_idac_code_controller.v","91","input","false","[C_IDAC_CODE_WIDTH - 1:0]","i_dcs_r_code_max","C17/C16","C:/Users/DAWN/.codex/visualizations/2026/10/02/01a0fd16-9489-7e50-a7b6-a1178fd92bf1/ppg_audit/snapshot/contracts/PPG_IDAC_CODE_CONTROLLER_V2_INTERFACE_CONTRACT.md","完成","formatter-AST结构+全文端口/打包/消费者语义人工核对；C002/C006及已接受豁免详见报告","固定合同域；默认IDAC8/epoch4，未泛化为任意参数数值签核"
"ppg_idac_code_controller","C:/Users/DAWN/.codex/visualizations/2026/10/02/01a0fd16-9489-7e50-a7b6-a1178fd92bf1/ppg_audit/snapshot/rtl/ppg_idac_code_controller/ppg_idac_code_controller.v","92","input","false","[C_IDAC_CODE_WIDTH - 1:0]","i_dcs_ir_manual_code","C17/C16","C:/Users/DAWN/.codex/visualizations/2026/10/02/01a0fd16-9489-7e50-a7b6-a1178fd92bf1/ppg_audit/snapshot/contracts/PPG_IDAC_CODE_CONTROLLER_V2_INTERFACE_CONTRACT.md","完成","formatter-AST结构+全文端口/打包/消费者语义人工核对；C002/C006及已接受豁免详见报告","固定合同域；默认IDAC8/epoch4，未泛化为任意参数数值签核"
"ppg_idac_code_controller","C:/Users/DAWN/.codex/visualizations/2026/10/02/01a0fd16-9489-7e50-a7b6-a1178fd92bf1/ppg_audit/snapshot/rtl/ppg_idac_code_controller/ppg_idac_code_controller.v","93","input","false","[C_IDAC_CODE_WIDTH - 1:0]","i_dcs_ir_code_min","C17/C16","C:/Users/DAWN/.codex/visualizations/2026/10/02/01a0fd16-9489-7e50-a7b6-a1178fd92bf1/ppg_audit/snapshot/contracts/PPG_IDAC_CODE_CONTROLLER_V2_INTERFACE_CONTRACT.md","完成","formatter-AST结构+全文端口/打包/消费者语义人工核对；C002/C006及已接受豁免详见报告","固定合同域；默认IDAC8/epoch4，未泛化为任意参数数值签核"
"ppg_idac_code_controller","C:/Users/DAWN/.codex/visualizations/2026/10/02/01a0fd16-9489-7e50-a7b6-a1178fd92bf1/ppg_audit/snapshot/rtl/ppg_idac_code_controller/ppg_idac_code_controller.v","94","input","false","[C_IDAC_CODE_WIDTH - 1:0]","i_dcs_ir_code_max","C17/C16","C:/Users/DAWN/.codex/visualizations/2026/10/02/01a0fd16-9489-7e50-a7b6-a1178fd92bf1/ppg_audit/snapshot/contracts/PPG_IDAC_CODE_CONTROLLER_V2_INTERFACE_CONTRACT.md","完成","formatter-AST结构+全文端口/打包/消费者语义人工核对；C002/C006及已接受豁免详见报告","固定合同域；默认IDAC8/epoch4，未泛化为任意参数数值签核"
"ppg_idac_code_controller","C:/Users/DAWN/.codex/visualizations/2026/10/02/01a0fd16-9489-7e50-a7b6-a1178fd92bf1/ppg_audit/snapshot/rtl/ppg_idac_code_controller/ppg_idac_code_controller.v","95","input","true","[11:0]","i_amb_threshold_low","C17/C16","C:/Users/DAWN/.codex/visualizations/2026/10/02/01a0fd16-9489-7e50-a7b6-a1178fd92bf1/ppg_audit/snapshot/contracts/PPG_IDAC_CODE_CONTROLLER_V2_INTERFACE_CONTRACT.md","完成","formatter-AST结构+全文端口/打包/消费者语义人工核对；C002/C006及已接受豁免详见报告","固定合同域；默认IDAC8/epoch4，未泛化为任意参数数值签核"
"ppg_idac_code_controller","C:/Users/DAWN/.codex/visualizations/2026/10/02/01a0fd16-9489-7e50-a7b6-a1178fd92bf1/ppg_audit/snapshot/rtl/ppg_idac_code_controller/ppg_idac_code_controller.v","96","input","true","[11:0]","i_amb_threshold_high","C17/C16","C:/Users/DAWN/.codex/visualizations/2026/10/02/01a0fd16-9489-7e50-a7b6-a1178fd92bf1/ppg_audit/snapshot/contracts/PPG_IDAC_CODE_CONTROLLER_V2_INTERFACE_CONTRACT.md","完成","formatter-AST结构+全文端口/打包/消费者语义人工核对；C002/C006及已接受豁免详见报告","固定合同域；默认IDAC8/epoch4，未泛化为任意参数数值签核"
"ppg_idac_code_controller","C:/Users/DAWN/.codex/visualizations/2026/10/02/01a0fd16-9489-7e50-a7b6-a1178fd92bf1/ppg_audit/snapshot/rtl/ppg_idac_code_controller/ppg_idac_code_controller.v","97","input","true","[11:0]","i_dcs_threshold_low","C17/C16","C:/Users/DAWN/.codex/visualizations/2026/10/02/01a0fd16-9489-7e50-a7b6-a1178fd92bf1/ppg_audit/snapshot/contracts/PPG_IDAC_CODE_CONTROLLER_V2_INTERFACE_CONTRACT.md","完成","formatter-AST结构+全文端口/打包/消费者语义人工核对；C002/C006及已接受豁免详见报告","固定合同域；默认IDAC8/epoch4，未泛化为任意参数数值签核"
"ppg_idac_code_controller","C:/Users/DAWN/.codex/visualizations/2026/10/02/01a0fd16-9489-7e50-a7b6-a1178fd92bf1/ppg_audit/snapshot/rtl/ppg_idac_code_controller/ppg_idac_code_controller.v","98","input","true","[11:0]","i_dcs_threshold_high","C17/C16","C:/Users/DAWN/.codex/visualizations/2026/10/02/01a0fd16-9489-7e50-a7b6-a1178fd92bf1/ppg_audit/snapshot/contracts/PPG_IDAC_CODE_CONTROLLER_V2_INTERFACE_CONTRACT.md","完成","formatter-AST结构+全文端口/打包/消费者语义人工核对；C002/C006及已接受豁免详见报告","固定合同域；默认IDAC8/epoch4，未泛化为任意参数数值签核"
"ppg_idac_code_controller","C:/Users/DAWN/.codex/visualizations/2026/10/02/01a0fd16-9489-7e50-a7b6-a1178fd92bf1/ppg_audit/snapshot/rtl/ppg_idac_code_controller/ppg_idac_code_controller.v","99","input","false","[7:0]","i_amb_confirm_count","C17/C16","C:/Users/DAWN/.codex/visualizations/2026/10/02/01a0fd16-9489-7e50-a7b6-a1178fd92bf1/ppg_audit/snapshot/contracts/PPG_IDAC_CODE_CONTROLLER_V2_INTERFACE_CONTRACT.md","完成","formatter-AST结构+全文端口/打包/消费者语义人工核对；C002/C006及已接受豁免详见报告","固定合同域；默认IDAC8/epoch4，未泛化为任意参数数值签核"
"ppg_idac_code_controller","C:/Users/DAWN/.codex/visualizations/2026/10/02/01a0fd16-9489-7e50-a7b6-a1178fd92bf1/ppg_audit/snapshot/rtl/ppg_idac_code_controller/ppg_idac_code_controller.v","100","input","false","[7:0]","i_dcs_confirm_count","C17/C16","C:/Users/DAWN/.codex/visualizations/2026/10/02/01a0fd16-9489-7e50-a7b6-a1178fd92bf1/ppg_audit/snapshot/contracts/PPG_IDAC_CODE_CONTROLLER_V2_INTERFACE_CONTRACT.md","完成","formatter-AST结构+全文端口/打包/消费者语义人工核对；C002/C006及已接受豁免详见报告","固定合同域；默认IDAC8/epoch4，未泛化为任意参数数值签核"
"ppg_idac_code_controller","C:/Users/DAWN/.codex/visualizations/2026/10/02/01a0fd16-9489-7e50-a7b6-a1178fd92bf1/ppg_audit/snapshot/rtl/ppg_idac_code_controller/ppg_idac_code_controller.v","103","input","false","","i_search_amb_valid","C17/C16","C:/Users/DAWN/.codex/visualizations/2026/10/02/01a0fd16-9489-7e50-a7b6-a1178fd92bf1/ppg_audit/snapshot/contracts/PPG_IDAC_CODE_CONTROLLER_V2_INTERFACE_CONTRACT.md","完成","formatter-AST结构+全文端口/打包/消费者语义人工核对；C002/C006及已接受豁免详见报告","固定合同域；默认IDAC8/epoch4，未泛化为任意参数数值签核"
"ppg_idac_code_controller","C:/Users/DAWN/.codex/visualizations/2026/10/02/01a0fd16-9489-7e50-a7b6-a1178fd92bf1/ppg_audit/snapshot/rtl/ppg_idac_code_controller/ppg_idac_code_controller.v","104","output","false","","o_search_amb_ready","C17/C16","C:/Users/DAWN/.codex/visualizations/2026/10/02/01a0fd16-9489-7e50-a7b6-a1178fd92bf1/ppg_audit/snapshot/contracts/PPG_IDAC_CODE_CONTROLLER_V2_INTERFACE_CONTRACT.md","完成","formatter-AST结构+全文端口/打包/消费者语义人工核对；C002/C006及已接受豁免详见报告","固定合同域；默认IDAC8/epoch4，未泛化为任意参数数值签核"
"ppg_idac_code_controller","C:/Users/DAWN/.codex/visualizations/2026/10/02/01a0fd16-9489-7e50-a7b6-a1178fd92bf1/ppg_audit/snapshot/rtl/ppg_idac_code_controller/ppg_idac_code_controller.v","105","input","false","","i_search_dcs_valid","C17/C16","C:/Users/DAWN/.codex/visualizations/2026/10/02/01a0fd16-9489-7e50-a7b6-a1178fd92bf1/ppg_audit/snapshot/contracts/PPG_IDAC_CODE_CONTROLLER_V2_INTERFACE_CONTRACT.md","完成","formatter-AST结构+全文端口/打包/消费者语义人工核对；C002/C006及已接受豁免详见报告","固定合同域；默认IDAC8/epoch4，未泛化为任意参数数值签核"
"ppg_idac_code_controller","C:/Users/DAWN/.codex/visualizations/2026/10/02/01a0fd16-9489-7e50-a7b6-a1178fd92bf1/ppg_audit/snapshot/rtl/ppg_idac_code_controller/ppg_idac_code_controller.v","106","output","false","","o_search_dcs_ready","C17/C16","C:/Users/DAWN/.codex/visualizations/2026/10/02/01a0fd16-9489-7e50-a7b6-a1178fd92bf1/ppg_audit/snapshot/contracts/PPG_IDAC_CODE_CONTROLLER_V2_INTERFACE_CONTRACT.md","完成","formatter-AST结构+全文端口/打包/消费者语义人工核对；C002/C006及已接受豁免详见报告","固定合同域；默认IDAC8/epoch4，未泛化为任意参数数值签核"
"ppg_idac_code_controller","C:/Users/DAWN/.codex/visualizations/2026/10/02/01a0fd16-9489-7e50-a7b6-a1178fd92bf1/ppg_audit/snapshot/rtl/ppg_idac_code_controller/ppg_idac_code_controller.v","107","input","true","[11:0]","i_search_calibrated_s1_value","C17/C16","C:/Users/DAWN/.codex/visualizations/2026/10/02/01a0fd16-9489-7e50-a7b6-a1178fd92bf1/ppg_audit/snapshot/contracts/PPG_IDAC_CODE_CONTROLLER_V2_INTERFACE_CONTRACT.md","完成","formatter-AST结构+全文端口/打包/消费者语义人工核对；C002/C006及已接受豁免详见报告","固定合同域；默认IDAC8/epoch4，未泛化为任意参数数值签核"
"ppg_idac_code_controller","C:/Users/DAWN/.codex/visualizations/2026/10/02/01a0fd16-9489-7e50-a7b6-a1178fd92bf1/ppg_audit/snapshot/rtl/ppg_idac_code_controller/ppg_idac_code_controller.v","108","input","false","","i_search_calibration_applied","C17/C16","C:/Users/DAWN/.codex/visualizations/2026/10/02/01a0fd16-9489-7e50-a7b6-a1178fd92bf1/ppg_audit/snapshot/contracts/PPG_IDAC_CODE_CONTROLLER_V2_INTERFACE_CONTRACT.md","完成","formatter-AST结构+全文端口/打包/消费者语义人工核对；C002/C006及已接受豁免详见报告","固定合同域；默认IDAC8/epoch4，未泛化为任意参数数值签核"
"ppg_idac_code_controller","C:/Users/DAWN/.codex/visualizations/2026/10/02/01a0fd16-9489-7e50-a7b6-a1178fd92bf1/ppg_audit/snapshot/rtl/ppg_idac_code_controller/ppg_idac_code_controller.v","109","input","false","","i_search_saturation_low","C17/C16","C:/Users/DAWN/.codex/visualizations/2026/10/02/01a0fd16-9489-7e50-a7b6-a1178fd92bf1/ppg_audit/snapshot/contracts/PPG_IDAC_CODE_CONTROLLER_V2_INTERFACE_CONTRACT.md","完成","formatter-AST结构+全文端口/打包/消费者语义人工核对；C002/C006及已接受豁免详见报告","固定合同域；默认IDAC8/epoch4，未泛化为任意参数数值签核"
"ppg_idac_code_controller","C:/Users/DAWN/.codex/visualizations/2026/10/02/01a0fd16-9489-7e50-a7b6-a1178fd92bf1/ppg_audit/snapshot/rtl/ppg_idac_code_controller/ppg_idac_code_controller.v","110","input","false","","i_search_saturation_high","C17/C16","C:/Users/DAWN/.codex/visualizations/2026/10/02/01a0fd16-9489-7e50-a7b6-a1178fd92bf1/ppg_audit/snapshot/contracts/PPG_IDAC_CODE_CONTROLLER_V2_INTERFACE_CONTRACT.md","完成","formatter-AST结构+全文端口/打包/消费者语义人工核对；C002/C006及已接受豁免详见报告","固定合同域；默认IDAC8/epoch4，未泛化为任意参数数值签核"
"ppg_idac_code_controller","C:/Users/DAWN/.codex/visualizations/2026/10/02/01a0fd16-9489-7e50-a7b6-a1178fd92bf1/ppg_audit/snapshot/rtl/ppg_idac_code_controller/ppg_idac_code_controller.v","111","input","false","[C_CONFIG_EPOCH_WIDTH - 1:0]","i_search_config_epoch","C17/C16","C:/Users/DAWN/.codex/visualizations/2026/10/02/01a0fd16-9489-7e50-a7b6-a1178fd92bf1/ppg_audit/snapshot/contracts/PPG_IDAC_CODE_CONTROLLER_V2_INTERFACE_CONTRACT.md","完成","formatter-AST结构+全文端口/打包/消费者语义人工核对；C002/C006及已接受豁免详见报告","固定合同域；默认IDAC8/epoch4，未泛化为任意参数数值签核"
"ppg_idac_code_controller","C:/Users/DAWN/.codex/visualizations/2026/10/02/01a0fd16-9489-7e50-a7b6-a1178fd92bf1/ppg_audit/snapshot/rtl/ppg_idac_code_controller/ppg_idac_code_controller.v","112","input","false","[C_COEF_EPOCH_WIDTH - 1:0]","i_search_coef_epoch","C17/C16","C:/Users/DAWN/.codex/visualizations/2026/10/02/01a0fd16-9489-7e50-a7b6-a1178fd92bf1/ppg_audit/snapshot/contracts/PPG_IDAC_CODE_CONTROLLER_V2_INTERFACE_CONTRACT.md","完成","formatter-AST结构+全文端口/打包/消费者语义人工核对；C002/C006及已接受豁免详见报告","固定合同域；默认IDAC8/epoch4，未泛化为任意参数数值签核"
"ppg_idac_code_controller","C:/Users/DAWN/.codex/visualizations/2026/10/02/01a0fd16-9489-7e50-a7b6-a1178fd92bf1/ppg_audit/snapshot/rtl/ppg_idac_code_controller/ppg_idac_code_controller.v","113","input","false","","i_search_precision_mode","C17/C16","C:/Users/DAWN/.codex/visualizations/2026/10/02/01a0fd16-9489-7e50-a7b6-a1178fd92bf1/ppg_audit/snapshot/contracts/PPG_IDAC_CODE_CONTROLLER_V2_INTERFACE_CONTRACT.md","完成","formatter-AST结构+全文端口/打包/消费者语义人工核对；C002/C006及已接受豁免详见报告","固定合同域；默认IDAC8/epoch4，未泛化为任意参数数值签核"
"ppg_idac_code_controller","C:/Users/DAWN/.codex/visualizations/2026/10/02/01a0fd16-9489-7e50-a7b6-a1178fd92bf1/ppg_audit/snapshot/rtl/ppg_idac_code_controller/ppg_idac_code_controller.v","114","input","false","[C_FRAME_ID_WIDTH - 1:0]","i_search_frame_id","C17/C16","C:/Users/DAWN/.codex/visualizations/2026/10/02/01a0fd16-9489-7e50-a7b6-a1178fd92bf1/ppg_audit/snapshot/contracts/PPG_IDAC_CODE_CONTROLLER_V2_INTERFACE_CONTRACT.md","完成","formatter-AST结构+全文端口/打包/消费者语义人工核对；C002/C006及已接受豁免详见报告","固定合同域；默认IDAC8/epoch4，未泛化为任意参数数值签核"
"ppg_idac_code_controller","C:/Users/DAWN/.codex/visualizations/2026/10/02/01a0fd16-9489-7e50-a7b6-a1178fd92bf1/ppg_audit/snapshot/rtl/ppg_idac_code_controller/ppg_idac_code_controller.v","115","input","false","[C_SAMPLE_INDEX_WIDTH - 1:0]","i_search_sample_index","C17/C16","C:/Users/DAWN/.codex/visualizations/2026/10/02/01a0fd16-9489-7e50-a7b6-a1178fd92bf1/ppg_audit/snapshot/contracts/PPG_IDAC_CODE_CONTROLLER_V2_INTERFACE_CONTRACT.md","完成","formatter-AST结构+全文端口/打包/消费者语义人工核对；C002/C006及已接受豁免详见报告","固定合同域；默认IDAC8/epoch4，未泛化为任意参数数值签核"
"ppg_idac_code_controller","C:/Users/DAWN/.codex/visualizations/2026/10/02/01a0fd16-9489-7e50-a7b6-a1178fd92bf1/ppg_audit/snapshot/rtl/ppg_idac_code_controller/ppg_idac_code_controller.v","116","input","false","","i_search_color_ir","C17/C16","C:/Users/DAWN/.codex/visualizations/2026/10/02/01a0fd16-9489-7e50-a7b6-a1178fd92bf1/ppg_audit/snapshot/contracts/PPG_IDAC_CODE_CONTROLLER_V2_INTERFACE_CONTRACT.md","完成","formatter-AST结构+全文端口/打包/消费者语义人工核对；C002/C006及已接受豁免详见报告","固定合同域；默认IDAC8/epoch4，未泛化为任意参数数值签核"
"ppg_idac_code_controller","C:/Users/DAWN/.codex/visualizations/2026/10/02/01a0fd16-9489-7e50-a7b6-a1178fd92bf1/ppg_audit/snapshot/rtl/ppg_idac_code_controller/ppg_idac_code_controller.v","117","input","false","[1:0]","i_search_frame_type","C17/C16","C:/Users/DAWN/.codex/visualizations/2026/10/02/01a0fd16-9489-7e50-a7b6-a1178fd92bf1/ppg_audit/snapshot/contracts/PPG_IDAC_CODE_CONTROLLER_V2_INTERFACE_CONTRACT.md","完成","formatter-AST结构+全文端口/打包/消费者语义人工核对；C002/C006及已接受豁免详见报告","固定合同域；默认IDAC8/epoch4，未泛化为任意参数数值签核"
"ppg_idac_code_controller","C:/Users/DAWN/.codex/visualizations/2026/10/02/01a0fd16-9489-7e50-a7b6-a1178fd92bf1/ppg_audit/snapshot/rtl/ppg_idac_code_controller/ppg_idac_code_controller.v","118","input","false","[C_IDAC_CODE_WIDTH - 1:0]","i_search_amb_code_snapshot","C17/C16","C:/Users/DAWN/.codex/visualizations/2026/10/02/01a0fd16-9489-7e50-a7b6-a1178fd92bf1/ppg_audit/snapshot/contracts/PPG_IDAC_CODE_CONTROLLER_V2_INTERFACE_CONTRACT.md","完成","formatter-AST结构+全文端口/打包/消费者语义人工核对；C002/C006及已接受豁免详见报告","固定合同域；默认IDAC8/epoch4，未泛化为任意参数数值签核"
"ppg_idac_code_controller","C:/Users/DAWN/.codex/visualizations/2026/10/02/01a0fd16-9489-7e50-a7b6-a1178fd92bf1/ppg_audit/snapshot/rtl/ppg_idac_code_controller/ppg_idac_code_controller.v","119","input","false","[C_IDAC_CODE_WIDTH - 1:0]","i_search_dc_code_snapshot","C17/C16","C:/Users/DAWN/.codex/visualizations/2026/10/02/01a0fd16-9489-7e50-a7b6-a1178fd92bf1/ppg_audit/snapshot/contracts/PPG_IDAC_CODE_CONTROLLER_V2_INTERFACE_CONTRACT.md","完成","formatter-AST结构+全文端口/打包/消费者语义人工核对；C002/C006及已接受豁免详见报告","固定合同域；默认IDAC8/epoch4，未泛化为任意参数数值签核"
"ppg_idac_code_controller","C:/Users/DAWN/.codex/visualizations/2026/10/02/01a0fd16-9489-7e50-a7b6-a1178fd92bf1/ppg_audit/snapshot/rtl/ppg_idac_code_controller/ppg_idac_code_controller.v","120","input","false","[C_CODE_EPOCH_WIDTH - 1:0]","i_search_amb_code_epoch","C17/C16","C:/Users/DAWN/.codex/visualizations/2026/10/02/01a0fd16-9489-7e50-a7b6-a1178fd92bf1/ppg_audit/snapshot/contracts/PPG_IDAC_CODE_CONTROLLER_V2_INTERFACE_CONTRACT.md","完成","formatter-AST结构+全文端口/打包/消费者语义人工核对；C002/C006及已接受豁免详见报告","固定合同域；默认IDAC8/epoch4，未泛化为任意参数数值签核"
"ppg_idac_code_controller","C:/Users/DAWN/.codex/visualizations/2026/10/02/01a0fd16-9489-7e50-a7b6-a1178fd92bf1/ppg_audit/snapshot/rtl/ppg_idac_code_controller/ppg_idac_code_controller.v","121","input","false","[C_CODE_EPOCH_WIDTH - 1:0]","i_search_dc_code_epoch","C17/C16","C:/Users/DAWN/.codex/visualizations/2026/10/02/01a0fd16-9489-7e50-a7b6-a1178fd92bf1/ppg_audit/snapshot/contracts/PPG_IDAC_CODE_CONTROLLER_V2_INTERFACE_CONTRACT.md","完成","formatter-AST结构+全文端口/打包/消费者语义人工核对；C002/C006及已接受豁免详见报告","固定合同域；默认IDAC8/epoch4，未泛化为任意参数数值签核"
"ppg_idac_code_controller","C:/Users/DAWN/.codex/visualizations/2026/10/02/01a0fd16-9489-7e50-a7b6-a1178fd92bf1/ppg_audit/snapshot/rtl/ppg_idac_code_controller/ppg_idac_code_controller.v","124","input","false","","i_test_inject_enable","C17/C16","C:/Users/DAWN/.codex/visualizations/2026/10/02/01a0fd16-9489-7e50-a7b6-a1178fd92bf1/ppg_audit/snapshot/contracts/PPG_IDAC_CODE_CONTROLLER_V2_INTERFACE_CONTRACT.md","完成","formatter-AST结构+全文端口/打包/消费者语义人工核对；C002/C006及已接受豁免详见报告","固定合同域；默认IDAC8/epoch4，未泛化为任意参数数值签核"
"ppg_idac_code_controller","C:/Users/DAWN/.codex/visualizations/2026/10/02/01a0fd16-9489-7e50-a7b6-a1178fd92bf1/ppg_audit/snapshot/rtl/ppg_idac_code_controller/ppg_idac_code_controller.v","125","input","false","","i_test_saturation_inject_valid","C17/C16","C:/Users/DAWN/.codex/visualizations/2026/10/02/01a0fd16-9489-7e50-a7b6-a1178fd92bf1/ppg_audit/snapshot/contracts/PPG_IDAC_CODE_CONTROLLER_V2_INTERFACE_CONTRACT.md","完成","formatter-AST结构+全文端口/打包/消费者语义人工核对；C002/C006及已接受豁免详见报告","固定合同域；默认IDAC8/epoch4，未泛化为任意参数数值签核"
"ppg_idac_code_controller","C:/Users/DAWN/.codex/visualizations/2026/10/02/01a0fd16-9489-7e50-a7b6-a1178fd92bf1/ppg_audit/snapshot/rtl/ppg_idac_code_controller/ppg_idac_code_controller.v","126","output","false","","o_test_saturation_inject_ready","C17/C16","C:/Users/DAWN/.codex/visualizations/2026/10/02/01a0fd16-9489-7e50-a7b6-a1178fd92bf1/ppg_audit/snapshot/contracts/PPG_IDAC_CODE_CONTROLLER_V2_INTERFACE_CONTRACT.md","完成","formatter-AST结构+全文端口/打包/消费者语义人工核对；C002/C006及已接受豁免详见报告","固定合同域；默认IDAC8/epoch4，未泛化为任意参数数值签核"
"ppg_idac_code_controller","C:/Users/DAWN/.codex/visualizations/2026/10/02/01a0fd16-9489-7e50-a7b6-a1178fd92bf1/ppg_audit/snapshot/rtl/ppg_idac_code_controller/ppg_idac_code_controller.v","129","input","false","","i_track_valid","C17/C16","C:/Users/DAWN/.codex/visualizations/2026/10/02/01a0fd16-9489-7e50-a7b6-a1178fd92bf1/ppg_audit/snapshot/contracts/PPG_IDAC_CODE_CONTROLLER_V2_INTERFACE_CONTRACT.md","完成","formatter-AST结构+全文端口/打包/消费者语义人工核对；C002/C006及已接受豁免详见报告","固定合同域；默认IDAC8/epoch4，未泛化为任意参数数值签核"
"ppg_idac_code_controller","C:/Users/DAWN/.codex/visualizations/2026/10/02/01a0fd16-9489-7e50-a7b6-a1178fd92bf1/ppg_audit/snapshot/rtl/ppg_idac_code_controller/ppg_idac_code_controller.v","130","output","false","","o_track_ready","C17/C16","C:/Users/DAWN/.codex/visualizations/2026/10/02/01a0fd16-9489-7e50-a7b6-a1178fd92bf1/ppg_audit/snapshot/contracts/PPG_IDAC_CODE_CONTROLLER_V2_INTERFACE_CONTRACT.md","完成","formatter-AST结构+全文端口/打包/消费者语义人工核对；C002/C006及已接受豁免详见报告","固定合同域；默认IDAC8/epoch4，未泛化为任意参数数值签核"
"ppg_idac_code_controller","C:/Users/DAWN/.codex/visualizations/2026/10/02/01a0fd16-9489-7e50-a7b6-a1178fd92bf1/ppg_audit/snapshot/rtl/ppg_idac_code_controller/ppg_idac_code_controller.v","131","input","true","[11:0]","i_track_calibrated_s1_value","C17/C16","C:/Users/DAWN/.codex/visualizations/2026/10/02/01a0fd16-9489-7e50-a7b6-a1178fd92bf1/ppg_audit/snapshot/contracts/PPG_IDAC_CODE_CONTROLLER_V2_INTERFACE_CONTRACT.md","完成","formatter-AST结构+全文端口/打包/消费者语义人工核对；C002/C006及已接受豁免详见报告","固定合同域；默认IDAC8/epoch4，未泛化为任意参数数值签核"
"ppg_idac_code_controller","C:/Users/DAWN/.codex/visualizations/2026/10/02/01a0fd16-9489-7e50-a7b6-a1178fd92bf1/ppg_audit/snapshot/rtl/ppg_idac_code_controller/ppg_idac_code_controller.v","132","input","false","","i_track_calibration_applied","C17/C16","C:/Users/DAWN/.codex/visualizations/2026/10/02/01a0fd16-9489-7e50-a7b6-a1178fd92bf1/ppg_audit/snapshot/contracts/PPG_IDAC_CODE_CONTROLLER_V2_INTERFACE_CONTRACT.md","完成","formatter-AST结构+全文端口/打包/消费者语义人工核对；C002/C006及已接受豁免详见报告","固定合同域；默认IDAC8/epoch4，未泛化为任意参数数值签核"
"ppg_idac_code_controller","C:/Users/DAWN/.codex/visualizations/2026/10/02/01a0fd16-9489-7e50-a7b6-a1178fd92bf1/ppg_audit/snapshot/rtl/ppg_idac_code_controller/ppg_idac_code_controller.v","133","input","false","","i_track_saturation_low","C17/C16","C:/Users/DAWN/.codex/visualizations/2026/10/02/01a0fd16-9489-7e50-a7b6-a1178fd92bf1/ppg_audit/snapshot/contracts/PPG_IDAC_CODE_CONTROLLER_V2_INTERFACE_CONTRACT.md","完成","formatter-AST结构+全文端口/打包/消费者语义人工核对；C002/C006及已接受豁免详见报告","固定合同域；默认IDAC8/epoch4，未泛化为任意参数数值签核"
"ppg_idac_code_controller","C:/Users/DAWN/.codex/visualizations/2026/10/02/01a0fd16-9489-7e50-a7b6-a1178fd92bf1/ppg_audit/snapshot/rtl/ppg_idac_code_controller/ppg_idac_code_controller.v","134","input","false","","i_track_saturation_high","C17/C16","C:/Users/DAWN/.codex/visualizations/2026/10/02/01a0fd16-9489-7e50-a7b6-a1178fd92bf1/ppg_audit/snapshot/contracts/PPG_IDAC_CODE_CONTROLLER_V2_INTERFACE_CONTRACT.md","完成","formatter-AST结构+全文端口/打包/消费者语义人工核对；C002/C006及已接受豁免详见报告","固定合同域；默认IDAC8/epoch4，未泛化为任意参数数值签核"
"ppg_idac_code_controller","C:/Users/DAWN/.codex/visualizations/2026/10/02/01a0fd16-9489-7e50-a7b6-a1178fd92bf1/ppg_audit/snapshot/rtl/ppg_idac_code_controller/ppg_idac_code_controller.v","135","input","false","[C_CONFIG_EPOCH_WIDTH - 1:0]","i_track_config_epoch","C17/C16","C:/Users/DAWN/.codex/visualizations/2026/10/02/01a0fd16-9489-7e50-a7b6-a1178fd92bf1/ppg_audit/snapshot/contracts/PPG_IDAC_CODE_CONTROLLER_V2_INTERFACE_CONTRACT.md","完成","formatter-AST结构+全文端口/打包/消费者语义人工核对；C002/C006及已接受豁免详见报告","固定合同域；默认IDAC8/epoch4，未泛化为任意参数数值签核"
"ppg_idac_code_controller","C:/Users/DAWN/.codex/visualizations/2026/10/02/01a0fd16-9489-7e50-a7b6-a1178fd92bf1/ppg_audit/snapshot/rtl/ppg_idac_code_controller/ppg_idac_code_controller.v","136","input","false","[C_COEF_EPOCH_WIDTH - 1:0]","i_track_coef_epoch","C17/C16","C:/Users/DAWN/.codex/visualizations/2026/10/02/01a0fd16-9489-7e50-a7b6-a1178fd92bf1/ppg_audit/snapshot/contracts/PPG_IDAC_CODE_CONTROLLER_V2_INTERFACE_CONTRACT.md","完成","formatter-AST结构+全文端口/打包/消费者语义人工核对；C002/C006及已接受豁免详见报告","固定合同域；默认IDAC8/epoch4，未泛化为任意参数数值签核"
"ppg_idac_code_controller","C:/Users/DAWN/.codex/visualizations/2026/10/02/01a0fd16-9489-7e50-a7b6-a1178fd92bf1/ppg_audit/snapshot/rtl/ppg_idac_code_controller/ppg_idac_code_controller.v","137","input","false","","i_track_precision_mode","C17/C16","C:/Users/DAWN/.codex/visualizations/2026/10/02/01a0fd16-9489-7e50-a7b6-a1178fd92bf1/ppg_audit/snapshot/contracts/PPG_IDAC_CODE_CONTROLLER_V2_INTERFACE_CONTRACT.md","完成","formatter-AST结构+全文端口/打包/消费者语义人工核对；C002/C006及已接受豁免详见报告","固定合同域；默认IDAC8/epoch4，未泛化为任意参数数值签核"
"ppg_idac_code_controller","C:/Users/DAWN/.codex/visualizations/2026/10/02/01a0fd16-9489-7e50-a7b6-a1178fd92bf1/ppg_audit/snapshot/rtl/ppg_idac_code_controller/ppg_idac_code_controller.v","138","input","false","[C_FRAME_ID_WIDTH - 1:0]","i_track_frame_id","C17/C16","C:/Users/DAWN/.codex/visualizations/2026/10/02/01a0fd16-9489-7e50-a7b6-a1178fd92bf1/ppg_audit/snapshot/contracts/PPG_IDAC_CODE_CONTROLLER_V2_INTERFACE_CONTRACT.md","完成","formatter-AST结构+全文端口/打包/消费者语义人工核对；C002/C006及已接受豁免详见报告","固定合同域；默认IDAC8/epoch4，未泛化为任意参数数值签核"
"ppg_idac_code_controller","C:/Users/DAWN/.codex/visualizations/2026/10/02/01a0fd16-9489-7e50-a7b6-a1178fd92bf1/ppg_audit/snapshot/rtl/ppg_idac_code_controller/ppg_idac_code_controller.v","139","input","false","[C_SAMPLE_INDEX_WIDTH - 1:0]","i_track_sample_index","C17/C16","C:/Users/DAWN/.codex/visualizations/2026/10/02/01a0fd16-9489-7e50-a7b6-a1178fd92bf1/ppg_audit/snapshot/contracts/PPG_IDAC_CODE_CONTROLLER_V2_INTERFACE_CONTRACT.md","完成","formatter-AST结构+全文端口/打包/消费者语义人工核对；C002/C006及已接受豁免详见报告","固定合同域；默认IDAC8/epoch4，未泛化为任意参数数值签核"
"ppg_idac_code_controller","C:/Users/DAWN/.codex/visualizations/2026/10/02/01a0fd16-9489-7e50-a7b6-a1178fd92bf1/ppg_audit/snapshot/rtl/ppg_idac_code_controller/ppg_idac_code_controller.v","140","input","false","","i_track_color_ir","C17/C16","C:/Users/DAWN/.codex/visualizations/2026/10/02/01a0fd16-9489-7e50-a7b6-a1178fd92bf1/ppg_audit/snapshot/contracts/PPG_IDAC_CODE_CONTROLLER_V2_INTERFACE_CONTRACT.md","完成","formatter-AST结构+全文端口/打包/消费者语义人工核对；C002/C006及已接受豁免详见报告","固定合同域；默认IDAC8/epoch4，未泛化为任意参数数值签核"
"ppg_idac_code_controller","C:/Users/DAWN/.codex/visualizations/2026/10/02/01a0fd16-9489-7e50-a7b6-a1178fd92bf1/ppg_audit/snapshot/rtl/ppg_idac_code_controller/ppg_idac_code_controller.v","141","input","false","[1:0]","i_track_frame_type","C17/C16","C:/Users/DAWN/.codex/visualizations/2026/10/02/01a0fd16-9489-7e50-a7b6-a1178fd92bf1/ppg_audit/snapshot/contracts/PPG_IDAC_CODE_CONTROLLER_V2_INTERFACE_CONTRACT.md","完成","formatter-AST结构+全文端口/打包/消费者语义人工核对；C002/C006及已接受豁免详见报告","固定合同域；默认IDAC8/epoch4，未泛化为任意参数数值签核"
"ppg_idac_code_controller","C:/Users/DAWN/.codex/visualizations/2026/10/02/01a0fd16-9489-7e50-a7b6-a1178fd92bf1/ppg_audit/snapshot/rtl/ppg_idac_code_controller/ppg_idac_code_controller.v","142","input","false","[C_IDAC_CODE_WIDTH - 1:0]","i_track_amb_code_snapshot","C17/C16","C:/Users/DAWN/.codex/visualizations/2026/10/02/01a0fd16-9489-7e50-a7b6-a1178fd92bf1/ppg_audit/snapshot/contracts/PPG_IDAC_CODE_CONTROLLER_V2_INTERFACE_CONTRACT.md","完成","formatter-AST结构+全文端口/打包/消费者语义人工核对；C002/C006及已接受豁免详见报告","固定合同域；默认IDAC8/epoch4，未泛化为任意参数数值签核"
"ppg_idac_code_controller","C:/Users/DAWN/.codex/visualizations/2026/10/02/01a0fd16-9489-7e50-a7b6-a1178fd92bf1/ppg_audit/snapshot/rtl/ppg_idac_code_controller/ppg_idac_code_controller.v","143","input","false","[C_IDAC_CODE_WIDTH - 1:0]","i_track_dc_code_snapshot","C17/C16","C:/Users/DAWN/.codex/visualizations/2026/10/02/01a0fd16-9489-7e50-a7b6-a1178fd92bf1/ppg_audit/snapshot/contracts/PPG_IDAC_CODE_CONTROLLER_V2_INTERFACE_CONTRACT.md","完成","formatter-AST结构+全文端口/打包/消费者语义人工核对；C002/C006及已接受豁免详见报告","固定合同域；默认IDAC8/epoch4，未泛化为任意参数数值签核"
"ppg_idac_code_controller","C:/Users/DAWN/.codex/visualizations/2026/10/02/01a0fd16-9489-7e50-a7b6-a1178fd92bf1/ppg_audit/snapshot/rtl/ppg_idac_code_controller/ppg_idac_code_controller.v","144","input","false","[C_CODE_EPOCH_WIDTH - 1:0]","i_track_amb_code_epoch","C17/C16","C:/Users/DAWN/.codex/visualizations/2026/10/02/01a0fd16-9489-7e50-a7b6-a1178fd92bf1/ppg_audit/snapshot/contracts/PPG_IDAC_CODE_CONTROLLER_V2_INTERFACE_CONTRACT.md","完成","formatter-AST结构+全文端口/打包/消费者语义人工核对；C002/C006及已接受豁免详见报告","固定合同域；默认IDAC8/epoch4，未泛化为任意参数数值签核"
"ppg_idac_code_controller","C:/Users/DAWN/.codex/visualizations/2026/10/02/01a0fd16-9489-7e50-a7b6-a1178fd92bf1/ppg_audit/snapshot/rtl/ppg_idac_code_controller/ppg_idac_code_controller.v","145","input","false","[C_CODE_EPOCH_WIDTH - 1:0]","i_track_dc_code_epoch","C17/C16","C:/Users/DAWN/.codex/visualizations/2026/10/02/01a0fd16-9489-7e50-a7b6-a1178fd92bf1/ppg_audit/snapshot/contracts/PPG_IDAC_CODE_CONTROLLER_V2_INTERFACE_CONTRACT.md","完成","formatter-AST结构+全文端口/打包/消费者语义人工核对；C002/C006及已接受豁免详见报告","固定合同域；默认IDAC8/epoch4，未泛化为任意参数数值签核"
"ppg_idac_code_controller","C:/Users/DAWN/.codex/visualizations/2026/10/02/01a0fd16-9489-7e50-a7b6-a1178fd92bf1/ppg_audit/snapshot/rtl/ppg_idac_code_controller/ppg_idac_code_controller.v","148","input","false","","i_amb_sequence_start","C17/C16","C:/Users/DAWN/.codex/visualizations/2026/10/02/01a0fd16-9489-7e50-a7b6-a1178fd92bf1/ppg_audit/snapshot/contracts/PPG_IDAC_CODE_CONTROLLER_V2_INTERFACE_CONTRACT.md","完成","formatter-AST结构+全文端口/打包/消费者语义人工核对；C002/C006及已接受豁免详见报告","固定合同域；默认IDAC8/epoch4，未泛化为任意参数数值签核"
"ppg_idac_code_controller","C:/Users/DAWN/.codex/visualizations/2026/10/02/01a0fd16-9489-7e50-a7b6-a1178fd92bf1/ppg_audit/snapshot/rtl/ppg_idac_code_controller/ppg_idac_code_controller.v","149","output","false","","o_amb_sample_request","C17/C16","C:/Users/DAWN/.codex/visualizations/2026/10/02/01a0fd16-9489-7e50-a7b6-a1178fd92bf1/ppg_audit/snapshot/contracts/PPG_IDAC_CODE_CONTROLLER_V2_INTERFACE_CONTRACT.md","完成","formatter-AST结构+全文端口/打包/消费者语义人工核对；C002/C006及已接受豁免详见报告","固定合同域；默认IDAC8/epoch4，未泛化为任意参数数值签核"
"ppg_idac_code_controller","C:/Users/DAWN/.codex/visualizations/2026/10/02/01a0fd16-9489-7e50-a7b6-a1178fd92bf1/ppg_audit/snapshot/rtl/ppg_idac_code_controller/ppg_idac_code_controller.v","150","output","false","","o_amb_sequence_busy","C17/C16","C:/Users/DAWN/.codex/visualizations/2026/10/02/01a0fd16-9489-7e50-a7b6-a1178fd92bf1/ppg_audit/snapshot/contracts/PPG_IDAC_CODE_CONTROLLER_V2_INTERFACE_CONTRACT.md","完成","formatter-AST结构+全文端口/打包/消费者语义人工核对；C002/C006及已接受豁免详见报告","固定合同域；默认IDAC8/epoch4，未泛化为任意参数数值签核"
"ppg_idac_code_controller","C:/Users/DAWN/.codex/visualizations/2026/10/02/01a0fd16-9489-7e50-a7b6-a1178fd92bf1/ppg_audit/snapshot/rtl/ppg_idac_code_controller/ppg_idac_code_controller.v","151","output","false","","o_amb_sequence_done","C17/C16","C:/Users/DAWN/.codex/visualizations/2026/10/02/01a0fd16-9489-7e50-a7b6-a1178fd92bf1/ppg_audit/snapshot/contracts/PPG_IDAC_CODE_CONTROLLER_V2_INTERFACE_CONTRACT.md","完成","formatter-AST结构+全文端口/打包/消费者语义人工核对；C002/C006及已接受豁免详见报告","固定合同域；默认IDAC8/epoch4，未泛化为任意参数数值签核"
"ppg_idac_code_controller","C:/Users/DAWN/.codex/visualizations/2026/10/02/01a0fd16-9489-7e50-a7b6-a1178fd92bf1/ppg_audit/snapshot/rtl/ppg_idac_code_controller/ppg_idac_code_controller.v","152","output","false","","o_amb_sequence_failed","C17/C16","C:/Users/DAWN/.codex/visualizations/2026/10/02/01a0fd16-9489-7e50-a7b6-a1178fd92bf1/ppg_audit/snapshot/contracts/PPG_IDAC_CODE_CONTROLLER_V2_INTERFACE_CONTRACT.md","完成","formatter-AST结构+全文端口/打包/消费者语义人工核对；C002/C006及已接受豁免详见报告","固定合同域；默认IDAC8/epoch4，未泛化为任意参数数值签核"
"ppg_idac_code_controller","C:/Users/DAWN/.codex/visualizations/2026/10/02/01a0fd16-9489-7e50-a7b6-a1178fd92bf1/ppg_audit/snapshot/rtl/ppg_idac_code_controller/ppg_idac_code_controller.v","153","output","false","","o_dcs_sample_request","C17/C16","C:/Users/DAWN/.codex/visualizations/2026/10/02/01a0fd16-9489-7e50-a7b6-a1178fd92bf1/ppg_audit/snapshot/contracts/PPG_IDAC_CODE_CONTROLLER_V2_INTERFACE_CONTRACT.md","完成","formatter-AST结构+全文端口/打包/消费者语义人工核对；C002/C006及已接受豁免详见报告","固定合同域；默认IDAC8/epoch4，未泛化为任意参数数值签核"
"ppg_idac_code_controller","C:/Users/DAWN/.codex/visualizations/2026/10/02/01a0fd16-9489-7e50-a7b6-a1178fd92bf1/ppg_audit/snapshot/rtl/ppg_idac_code_controller/ppg_idac_code_controller.v","154","output","false","","o_dcs_sample_color_ir","C17/C16","C:/Users/DAWN/.codex/visualizations/2026/10/02/01a0fd16-9489-7e50-a7b6-a1178fd92bf1/ppg_audit/snapshot/contracts/PPG_IDAC_CODE_CONTROLLER_V2_INTERFACE_CONTRACT.md","完成","formatter-AST结构+全文端口/打包/消费者语义人工核对；C002/C006及已接受豁免详见报告","固定合同域；默认IDAC8/epoch4，未泛化为任意参数数值签核"
"ppg_idac_code_controller","C:/Users/DAWN/.codex/visualizations/2026/10/02/01a0fd16-9489-7e50-a7b6-a1178fd92bf1/ppg_audit/snapshot/rtl/ppg_idac_code_controller/ppg_idac_code_controller.v","155","output","false","","o_dcs_revalidate_request","C17/C16","C:/Users/DAWN/.codex/visualizations/2026/10/02/01a0fd16-9489-7e50-a7b6-a1178fd92bf1/ppg_audit/snapshot/contracts/PPG_IDAC_CODE_CONTROLLER_V2_INTERFACE_CONTRACT.md","完成","formatter-AST结构+全文端口/打包/消费者语义人工核对；C002/C006及已接受豁免详见报告","固定合同域；默认IDAC8/epoch4，未泛化为任意参数数值签核"
"ppg_idac_code_controller","C:/Users/DAWN/.codex/visualizations/2026/10/02/01a0fd16-9489-7e50-a7b6-a1178fd92bf1/ppg_audit/snapshot/rtl/ppg_idac_code_controller/ppg_idac_code_controller.v","156","input","false","","i_dcs_revalidate_accept","C17/C16","C:/Users/DAWN/.codex/visualizations/2026/10/02/01a0fd16-9489-7e50-a7b6-a1178fd92bf1/ppg_audit/snapshot/contracts/PPG_IDAC_CODE_CONTROLLER_V2_INTERFACE_CONTRACT.md","完成","formatter-AST结构+全文端口/打包/消费者语义人工核对；C002/C006及已接受豁免详见报告","固定合同域；默认IDAC8/epoch4，未泛化为任意参数数值签核"
"ppg_idac_code_controller","C:/Users/DAWN/.codex/visualizations/2026/10/02/01a0fd16-9489-7e50-a7b6-a1178fd92bf1/ppg_audit/snapshot/rtl/ppg_idac_code_controller/ppg_idac_code_controller.v","157","output","false","","o_dcs_revalidate_busy","C17/C16","C:/Users/DAWN/.codex/visualizations/2026/10/02/01a0fd16-9489-7e50-a7b6-a1178fd92bf1/ppg_audit/snapshot/contracts/PPG_IDAC_CODE_CONTROLLER_V2_INTERFACE_CONTRACT.md","完成","formatter-AST结构+全文端口/打包/消费者语义人工核对；C002/C006及已接受豁免详见报告","固定合同域；默认IDAC8/epoch4，未泛化为任意参数数值签核"
"ppg_idac_code_controller","C:/Users/DAWN/.codex/visualizations/2026/10/02/01a0fd16-9489-7e50-a7b6-a1178fd92bf1/ppg_audit/snapshot/rtl/ppg_idac_code_controller/ppg_idac_code_controller.v","158","output","false","","o_dcs_revalidate_done","C17/C16","C:/Users/DAWN/.codex/visualizations/2026/10/02/01a0fd16-9489-7e50-a7b6-a1178fd92bf1/ppg_audit/snapshot/contracts/PPG_IDAC_CODE_CONTROLLER_V2_INTERFACE_CONTRACT.md","完成","formatter-AST结构+全文端口/打包/消费者语义人工核对；C002/C006及已接受豁免详见报告","固定合同域；默认IDAC8/epoch4，未泛化为任意参数数值签核"
"ppg_idac_code_controller","C:/Users/DAWN/.codex/visualizations/2026/10/02/01a0fd16-9489-7e50-a7b6-a1178fd92bf1/ppg_audit/snapshot/rtl/ppg_idac_code_controller/ppg_idac_code_controller.v","159","output","false","","o_dcs_revalidate_failed","C17/C16","C:/Users/DAWN/.codex/visualizations/2026/10/02/01a0fd16-9489-7e50-a7b6-a1178fd92bf1/ppg_audit/snapshot/contracts/PPG_IDAC_CODE_CONTROLLER_V2_INTERFACE_CONTRACT.md","完成","formatter-AST结构+全文端口/打包/消费者语义人工核对；C002/C006及已接受豁免详见报告","固定合同域；默认IDAC8/epoch4，未泛化为任意参数数值签核"
"ppg_idac_code_controller","C:/Users/DAWN/.codex/visualizations/2026/10/02/01a0fd16-9489-7e50-a7b6-a1178fd92bf1/ppg_audit/snapshot/rtl/ppg_idac_code_controller/ppg_idac_code_controller.v","162","output","false","[C_IDAC_CODE_WIDTH - 1:0]","o_amb_code","C17/C16","C:/Users/DAWN/.codex/visualizations/2026/10/02/01a0fd16-9489-7e50-a7b6-a1178fd92bf1/ppg_audit/snapshot/contracts/PPG_IDAC_CODE_CONTROLLER_V2_INTERFACE_CONTRACT.md","完成","formatter-AST结构+全文端口/打包/消费者语义人工核对；C002/C006及已接受豁免详见报告","固定合同域；默认IDAC8/epoch4，未泛化为任意参数数值签核"
"ppg_idac_code_controller","C:/Users/DAWN/.codex/visualizations/2026/10/02/01a0fd16-9489-7e50-a7b6-a1178fd92bf1/ppg_audit/snapshot/rtl/ppg_idac_code_controller/ppg_idac_code_controller.v","163","output","false","[C_IDAC_CODE_WIDTH - 1:0]","o_dcs_r_code","C17/C16","C:/Users/DAWN/.codex/visualizations/2026/10/02/01a0fd16-9489-7e50-a7b6-a1178fd92bf1/ppg_audit/snapshot/contracts/PPG_IDAC_CODE_CONTROLLER_V2_INTERFACE_CONTRACT.md","完成","formatter-AST结构+全文端口/打包/消费者语义人工核对；C002/C006及已接受豁免详见报告","固定合同域；默认IDAC8/epoch4，未泛化为任意参数数值签核"
"ppg_idac_code_controller","C:/Users/DAWN/.codex/visualizations/2026/10/02/01a0fd16-9489-7e50-a7b6-a1178fd92bf1/ppg_audit/snapshot/rtl/ppg_idac_code_controller/ppg_idac_code_controller.v","164","output","false","[C_IDAC_CODE_WIDTH - 1:0]","o_dcs_ir_code","C17/C16","C:/Users/DAWN/.codex/visualizations/2026/10/02/01a0fd16-9489-7e50-a7b6-a1178fd92bf1/ppg_audit/snapshot/contracts/PPG_IDAC_CODE_CONTROLLER_V2_INTERFACE_CONTRACT.md","完成","formatter-AST结构+全文端口/打包/消费者语义人工核对；C002/C006及已接受豁免详见报告","固定合同域；默认IDAC8/epoch4，未泛化为任意参数数值签核"
"ppg_idac_code_controller","C:/Users/DAWN/.codex/visualizations/2026/10/02/01a0fd16-9489-7e50-a7b6-a1178fd92bf1/ppg_audit/snapshot/rtl/ppg_idac_code_controller/ppg_idac_code_controller.v","165","output","false","[C_CODE_EPOCH_WIDTH - 1:0]","o_amb_code_epoch","C17/C16","C:/Users/DAWN/.codex/visualizations/2026/10/02/01a0fd16-9489-7e50-a7b6-a1178fd92bf1/ppg_audit/snapshot/contracts/PPG_IDAC_CODE_CONTROLLER_V2_INTERFACE_CONTRACT.md","完成","formatter-AST结构+全文端口/打包/消费者语义人工核对；C002/C006及已接受豁免详见报告","固定合同域；默认IDAC8/epoch4，未泛化为任意参数数值签核"
"ppg_idac_code_controller","C:/Users/DAWN/.codex/visualizations/2026/10/02/01a0fd16-9489-7e50-a7b6-a1178fd92bf1/ppg_audit/snapshot/rtl/ppg_idac_code_controller/ppg_idac_code_controller.v","166","output","false","[C_CODE_EPOCH_WIDTH - 1:0]","o_dcs_r_code_epoch","C17/C16","C:/Users/DAWN/.codex/visualizations/2026/10/02/01a0fd16-9489-7e50-a7b6-a1178fd92bf1/ppg_audit/snapshot/contracts/PPG_IDAC_CODE_CONTROLLER_V2_INTERFACE_CONTRACT.md","完成","formatter-AST结构+全文端口/打包/消费者语义人工核对；C002/C006及已接受豁免详见报告","固定合同域；默认IDAC8/epoch4，未泛化为任意参数数值签核"
"ppg_idac_code_controller","C:/Users/DAWN/.codex/visualizations/2026/10/02/01a0fd16-9489-7e50-a7b6-a1178fd92bf1/ppg_audit/snapshot/rtl/ppg_idac_code_controller/ppg_idac_code_controller.v","167","output","false","[C_CODE_EPOCH_WIDTH - 1:0]","o_dcs_ir_code_epoch","C17/C16","C:/Users/DAWN/.codex/visualizations/2026/10/02/01a0fd16-9489-7e50-a7b6-a1178fd92bf1/ppg_audit/snapshot/contracts/PPG_IDAC_CODE_CONTROLLER_V2_INTERFACE_CONTRACT.md","完成","formatter-AST结构+全文端口/打包/消费者语义人工核对；C002/C006及已接受豁免详见报告","固定合同域；默认IDAC8/epoch4，未泛化为任意参数数值签核"
"ppg_idac_code_controller","C:/Users/DAWN/.codex/visualizations/2026/10/02/01a0fd16-9489-7e50-a7b6-a1178fd92bf1/ppg_audit/snapshot/rtl/ppg_idac_code_controller/ppg_idac_code_controller.v","168","output","false","","o_amb_code_update","C17/C16","C:/Users/DAWN/.codex/visualizations/2026/10/02/01a0fd16-9489-7e50-a7b6-a1178fd92bf1/ppg_audit/snapshot/contracts/PPG_IDAC_CODE_CONTROLLER_V2_INTERFACE_CONTRACT.md","完成","formatter-AST结构+全文端口/打包/消费者语义人工核对；C002/C006及已接受豁免详见报告","固定合同域；默认IDAC8/epoch4，未泛化为任意参数数值签核"
"ppg_idac_code_controller","C:/Users/DAWN/.codex/visualizations/2026/10/02/01a0fd16-9489-7e50-a7b6-a1178fd92bf1/ppg_audit/snapshot/rtl/ppg_idac_code_controller/ppg_idac_code_controller.v","169","output","false","","o_dcs_r_code_update","C17/C16","C:/Users/DAWN/.codex/visualizations/2026/10/02/01a0fd16-9489-7e50-a7b6-a1178fd92bf1/ppg_audit/snapshot/contracts/PPG_IDAC_CODE_CONTROLLER_V2_INTERFACE_CONTRACT.md","完成","formatter-AST结构+全文端口/打包/消费者语义人工核对；C002/C006及已接受豁免详见报告","固定合同域；默认IDAC8/epoch4，未泛化为任意参数数值签核"
"ppg_idac_code_controller","C:/Users/DAWN/.codex/visualizations/2026/10/02/01a0fd16-9489-7e50-a7b6-a1178fd92bf1/ppg_audit/snapshot/rtl/ppg_idac_code_controller/ppg_idac_code_controller.v","170","output","false","","o_dcs_ir_code_update","C17/C16","C:/Users/DAWN/.codex/visualizations/2026/10/02/01a0fd16-9489-7e50-a7b6-a1178fd92bf1/ppg_audit/snapshot/contracts/PPG_IDAC_CODE_CONTROLLER_V2_INTERFACE_CONTRACT.md","完成","formatter-AST结构+全文端口/打包/消费者语义人工核对；C002/C006及已接受豁免详见报告","固定合同域；默认IDAC8/epoch4，未泛化为任意参数数值签核"
"ppg_idac_code_controller","C:/Users/DAWN/.codex/visualizations/2026/10/02/01a0fd16-9489-7e50-a7b6-a1178fd92bf1/ppg_audit/snapshot/rtl/ppg_idac_code_controller/ppg_idac_code_controller.v","171","output","false","","o_dcs_r_track_adjust","C17/C16","C:/Users/DAWN/.codex/visualizations/2026/10/02/01a0fd16-9489-7e50-a7b6-a1178fd92bf1/ppg_audit/snapshot/contracts/PPG_IDAC_CODE_CONTROLLER_V2_INTERFACE_CONTRACT.md","完成","formatter-AST结构+全文端口/打包/消费者语义人工核对；C002/C006及已接受豁免详见报告","固定合同域；默认IDAC8/epoch4，未泛化为任意参数数值签核"
"ppg_idac_code_controller","C:/Users/DAWN/.codex/visualizations/2026/10/02/01a0fd16-9489-7e50-a7b6-a1178fd92bf1/ppg_audit/snapshot/rtl/ppg_idac_code_controller/ppg_idac_code_controller.v","172","output","false","","o_dcs_ir_track_adjust","C17/C16","C:/Users/DAWN/.codex/visualizations/2026/10/02/01a0fd16-9489-7e50-a7b6-a1178fd92bf1/ppg_audit/snapshot/contracts/PPG_IDAC_CODE_CONTROLLER_V2_INTERFACE_CONTRACT.md","完成","formatter-AST结构+全文端口/打包/消费者语义人工核对；C002/C006及已接受豁免详见报告","固定合同域；默认IDAC8/epoch4，未泛化为任意参数数值签核"
"ppg_idac_code_controller","C:/Users/DAWN/.codex/visualizations/2026/10/02/01a0fd16-9489-7e50-a7b6-a1178fd92bf1/ppg_audit/snapshot/rtl/ppg_idac_code_controller/ppg_idac_code_controller.v","175","output","false","","o_amb_search_done","C17/C16","C:/Users/DAWN/.codex/visualizations/2026/10/02/01a0fd16-9489-7e50-a7b6-a1178fd92bf1/ppg_audit/snapshot/contracts/PPG_IDAC_CODE_CONTROLLER_V2_INTERFACE_CONTRACT.md","完成","formatter-AST结构+全文端口/打包/消费者语义人工核对；C002/C006及已接受豁免详见报告","固定合同域；默认IDAC8/epoch4，未泛化为任意参数数值签核"
"ppg_idac_code_controller","C:/Users/DAWN/.codex/visualizations/2026/10/02/01a0fd16-9489-7e50-a7b6-a1178fd92bf1/ppg_audit/snapshot/rtl/ppg_idac_code_controller/ppg_idac_code_controller.v","176","output","false","","o_dcs_r_search_done","C17/C16","C:/Users/DAWN/.codex/visualizations/2026/10/02/01a0fd16-9489-7e50-a7b6-a1178fd92bf1/ppg_audit/snapshot/contracts/PPG_IDAC_CODE_CONTROLLER_V2_INTERFACE_CONTRACT.md","完成","formatter-AST结构+全文端口/打包/消费者语义人工核对；C002/C006及已接受豁免详见报告","固定合同域；默认IDAC8/epoch4，未泛化为任意参数数值签核"
"ppg_idac_code_controller","C:/Users/DAWN/.codex/visualizations/2026/10/02/01a0fd16-9489-7e50-a7b6-a1178fd92bf1/ppg_audit/snapshot/rtl/ppg_idac_code_controller/ppg_idac_code_controller.v","177","output","false","","o_dcs_ir_search_done","C17/C16","C:/Users/DAWN/.codex/visualizations/2026/10/02/01a0fd16-9489-7e50-a7b6-a1178fd92bf1/ppg_audit/snapshot/contracts/PPG_IDAC_CODE_CONTROLLER_V2_INTERFACE_CONTRACT.md","完成","formatter-AST结构+全文端口/打包/消费者语义人工核对；C002/C006及已接受豁免详见报告","固定合同域；默认IDAC8/epoch4，未泛化为任意参数数值签核"
"ppg_idac_code_controller","C:/Users/DAWN/.codex/visualizations/2026/10/02/01a0fd16-9489-7e50-a7b6-a1178fd92bf1/ppg_audit/snapshot/rtl/ppg_idac_code_controller/ppg_idac_code_controller.v","178","output","false","","o_amb_search_exhausted","C17/C16","C:/Users/DAWN/.codex/visualizations/2026/10/02/01a0fd16-9489-7e50-a7b6-a1178fd92bf1/ppg_audit/snapshot/contracts/PPG_IDAC_CODE_CONTROLLER_V2_INTERFACE_CONTRACT.md","完成","formatter-AST结构+全文端口/打包/消费者语义人工核对；C002/C006及已接受豁免详见报告","固定合同域；默认IDAC8/epoch4，未泛化为任意参数数值签核"
"ppg_idac_code_controller","C:/Users/DAWN/.codex/visualizations/2026/10/02/01a0fd16-9489-7e50-a7b6-a1178fd92bf1/ppg_audit/snapshot/rtl/ppg_idac_code_controller/ppg_idac_code_controller.v","179","output","false","","o_dcs_r_search_exhausted","C17/C16","C:/Users/DAWN/.codex/visualizations/2026/10/02/01a0fd16-9489-7e50-a7b6-a1178fd92bf1/ppg_audit/snapshot/contracts/PPG_IDAC_CODE_CONTROLLER_V2_INTERFACE_CONTRACT.md","完成","formatter-AST结构+全文端口/打包/消费者语义人工核对；C002/C006及已接受豁免详见报告","固定合同域；默认IDAC8/epoch4，未泛化为任意参数数值签核"
"ppg_idac_code_controller","C:/Users/DAWN/.codex/visualizations/2026/10/02/01a0fd16-9489-7e50-a7b6-a1178fd92bf1/ppg_audit/snapshot/rtl/ppg_idac_code_controller/ppg_idac_code_controller.v","180","output","false","","o_dcs_ir_search_exhausted","C17/C16","C:/Users/DAWN/.codex/visualizations/2026/10/02/01a0fd16-9489-7e50-a7b6-a1178fd92bf1/ppg_audit/snapshot/contracts/PPG_IDAC_CODE_CONTROLLER_V2_INTERFACE_CONTRACT.md","完成","formatter-AST结构+全文端口/打包/消费者语义人工核对；C002/C006及已接受豁免详见报告","固定合同域；默认IDAC8/epoch4，未泛化为任意参数数值签核"
"ppg_idac_code_controller","C:/Users/DAWN/.codex/visualizations/2026/10/02/01a0fd16-9489-7e50-a7b6-a1178fd92bf1/ppg_audit/snapshot/rtl/ppg_idac_code_controller/ppg_idac_code_controller.v","181","output","false","","o_amb_pending_valid","C17/C16","C:/Users/DAWN/.codex/visualizations/2026/10/02/01a0fd16-9489-7e50-a7b6-a1178fd92bf1/ppg_audit/snapshot/contracts/PPG_IDAC_CODE_CONTROLLER_V2_INTERFACE_CONTRACT.md","完成","formatter-AST结构+全文端口/打包/消费者语义人工核对；C002/C006及已接受豁免详见报告","固定合同域；默认IDAC8/epoch4，未泛化为任意参数数值签核"
"ppg_idac_code_controller","C:/Users/DAWN/.codex/visualizations/2026/10/02/01a0fd16-9489-7e50-a7b6-a1178fd92bf1/ppg_audit/snapshot/rtl/ppg_idac_code_controller/ppg_idac_code_controller.v","182","output","false","","o_dcs_r_pending_valid","C17/C16","C:/Users/DAWN/.codex/visualizations/2026/10/02/01a0fd16-9489-7e50-a7b6-a1178fd92bf1/ppg_audit/snapshot/contracts/PPG_IDAC_CODE_CONTROLLER_V2_INTERFACE_CONTRACT.md","完成","formatter-AST结构+全文端口/打包/消费者语义人工核对；C002/C006及已接受豁免详见报告","固定合同域；默认IDAC8/epoch4，未泛化为任意参数数值签核"
"ppg_idac_code_controller","C:/Users/DAWN/.codex/visualizations/2026/10/02/01a0fd16-9489-7e50-a7b6-a1178fd92bf1/ppg_audit/snapshot/rtl/ppg_idac_code_controller/ppg_idac_code_controller.v","183","output","false","","o_dcs_ir_pending_valid","C17/C16","C:/Users/DAWN/.codex/visualizations/2026/10/02/01a0fd16-9489-7e50-a7b6-a1178fd92bf1/ppg_audit/snapshot/contracts/PPG_IDAC_CODE_CONTROLLER_V2_INTERFACE_CONTRACT.md","完成","formatter-AST结构+全文端口/打包/消费者语义人工核对；C002/C006及已接受豁免详见报告","固定合同域；默认IDAC8/epoch4，未泛化为任意参数数值签核"
"ppg_idac_code_controller","C:/Users/DAWN/.codex/visualizations/2026/10/02/01a0fd16-9489-7e50-a7b6-a1178fd92bf1/ppg_audit/snapshot/rtl/ppg_idac_code_controller/ppg_idac_code_controller.v","184","output","false","","o_amb_code_at_min","C17/C16","C:/Users/DAWN/.codex/visualizations/2026/10/02/01a0fd16-9489-7e50-a7b6-a1178fd92bf1/ppg_audit/snapshot/contracts/PPG_IDAC_CODE_CONTROLLER_V2_INTERFACE_CONTRACT.md","完成","formatter-AST结构+全文端口/打包/消费者语义人工核对；C002/C006及已接受豁免详见报告","固定合同域；默认IDAC8/epoch4，未泛化为任意参数数值签核"
"ppg_idac_code_controller","C:/Users/DAWN/.codex/visualizations/2026/10/02/01a0fd16-9489-7e50-a7b6-a1178fd92bf1/ppg_audit/snapshot/rtl/ppg_idac_code_controller/ppg_idac_code_controller.v","185","output","false","","o_amb_code_at_max","C17/C16","C:/Users/DAWN/.codex/visualizations/2026/10/02/01a0fd16-9489-7e50-a7b6-a1178fd92bf1/ppg_audit/snapshot/contracts/PPG_IDAC_CODE_CONTROLLER_V2_INTERFACE_CONTRACT.md","完成","formatter-AST结构+全文端口/打包/消费者语义人工核对；C002/C006及已接受豁免详见报告","固定合同域；默认IDAC8/epoch4，未泛化为任意参数数值签核"
"ppg_idac_code_controller","C:/Users/DAWN/.codex/visualizations/2026/10/02/01a0fd16-9489-7e50-a7b6-a1178fd92bf1/ppg_audit/snapshot/rtl/ppg_idac_code_controller/ppg_idac_code_controller.v","186","output","false","","o_dcs_r_code_at_min","C17/C16","C:/Users/DAWN/.codex/visualizations/2026/10/02/01a0fd16-9489-7e50-a7b6-a1178fd92bf1/ppg_audit/snapshot/contracts/PPG_IDAC_CODE_CONTROLLER_V2_INTERFACE_CONTRACT.md","完成","formatter-AST结构+全文端口/打包/消费者语义人工核对；C002/C006及已接受豁免详见报告","固定合同域；默认IDAC8/epoch4，未泛化为任意参数数值签核"
"ppg_idac_code_controller","C:/Users/DAWN/.codex/visualizations/2026/10/02/01a0fd16-9489-7e50-a7b6-a1178fd92bf1/ppg_audit/snapshot/rtl/ppg_idac_code_controller/ppg_idac_code_controller.v","187","output","false","","o_dcs_r_code_at_max","C17/C16","C:/Users/DAWN/.codex/visualizations/2026/10/02/01a0fd16-9489-7e50-a7b6-a1178fd92bf1/ppg_audit/snapshot/contracts/PPG_IDAC_CODE_CONTROLLER_V2_INTERFACE_CONTRACT.md","完成","formatter-AST结构+全文端口/打包/消费者语义人工核对；C002/C006及已接受豁免详见报告","固定合同域；默认IDAC8/epoch4，未泛化为任意参数数值签核"
"ppg_idac_code_controller","C:/Users/DAWN/.codex/visualizations/2026/10/02/01a0fd16-9489-7e50-a7b6-a1178fd92bf1/ppg_audit/snapshot/rtl/ppg_idac_code_controller/ppg_idac_code_controller.v","188","output","false","","o_dcs_ir_code_at_min","C17/C16","C:/Users/DAWN/.codex/visualizations/2026/10/02/01a0fd16-9489-7e50-a7b6-a1178fd92bf1/ppg_audit/snapshot/contracts/PPG_IDAC_CODE_CONTROLLER_V2_INTERFACE_CONTRACT.md","完成","formatter-AST结构+全文端口/打包/消费者语义人工核对；C002/C006及已接受豁免详见报告","固定合同域；默认IDAC8/epoch4，未泛化为任意参数数值签核"
"ppg_idac_code_controller","C:/Users/DAWN/.codex/visualizations/2026/10/02/01a0fd16-9489-7e50-a7b6-a1178fd92bf1/ppg_audit/snapshot/rtl/ppg_idac_code_controller/ppg_idac_code_controller.v","189","output","false","","o_dcs_ir_code_at_max","C17/C16","C:/Users/DAWN/.codex/visualizations/2026/10/02/01a0fd16-9489-7e50-a7b6-a1178fd92bf1/ppg_audit/snapshot/contracts/PPG_IDAC_CODE_CONTROLLER_V2_INTERFACE_CONTRACT.md","完成","formatter-AST结构+全文端口/打包/消费者语义人工核对；C002/C006及已接受豁免详见报告","固定合同域；默认IDAC8/epoch4，未泛化为任意参数数值签核"
"ppg_idac_code_controller","C:/Users/DAWN/.codex/visualizations/2026/10/02/01a0fd16-9489-7e50-a7b6-a1178fd92bf1/ppg_audit/snapshot/rtl/ppg_idac_code_controller/ppg_idac_code_controller.v","190","output","false","","o_amb_fault","C17/C16","C:/Users/DAWN/.codex/visualizations/2026/10/02/01a0fd16-9489-7e50-a7b6-a1178fd92bf1/ppg_audit/snapshot/contracts/PPG_IDAC_CODE_CONTROLLER_V2_INTERFACE_CONTRACT.md","完成","formatter-AST结构+全文端口/打包/消费者语义人工核对；C002/C006及已接受豁免详见报告","固定合同域；默认IDAC8/epoch4，未泛化为任意参数数值签核"
"ppg_idac_code_controller","C:/Users/DAWN/.codex/visualizations/2026/10/02/01a0fd16-9489-7e50-a7b6-a1178fd92bf1/ppg_audit/snapshot/rtl/ppg_idac_code_controller/ppg_idac_code_controller.v","191","output","false","","o_dcs_r_fault","C17/C16","C:/Users/DAWN/.codex/visualizations/2026/10/02/01a0fd16-9489-7e50-a7b6-a1178fd92bf1/ppg_audit/snapshot/contracts/PPG_IDAC_CODE_CONTROLLER_V2_INTERFACE_CONTRACT.md","完成","formatter-AST结构+全文端口/打包/消费者语义人工核对；C002/C006及已接受豁免详见报告","固定合同域；默认IDAC8/epoch4，未泛化为任意参数数值签核"
"ppg_idac_code_controller","C:/Users/DAWN/.codex/visualizations/2026/10/02/01a0fd16-9489-7e50-a7b6-a1178fd92bf1/ppg_audit/snapshot/rtl/ppg_idac_code_controller/ppg_idac_code_controller.v","192","output","false","","o_dcs_ir_fault","C17/C16","C:/Users/DAWN/.codex/visualizations/2026/10/02/01a0fd16-9489-7e50-a7b6-a1178fd92bf1/ppg_audit/snapshot/contracts/PPG_IDAC_CODE_CONTROLLER_V2_INTERFACE_CONTRACT.md","完成","formatter-AST结构+全文端口/打包/消费者语义人工核对；C002/C006及已接受豁免详见报告","固定合同域；默认IDAC8/epoch4，未泛化为任意参数数值签核"
"ppg_idac_code_controller","C:/Users/DAWN/.codex/visualizations/2026/10/02/01a0fd16-9489-7e50-a7b6-a1178fd92bf1/ppg_audit/snapshot/rtl/ppg_idac_code_controller/ppg_idac_code_controller.v","193","output","false","","o_controller_fault_blocking","C17/C16","C:/Users/DAWN/.codex/visualizations/2026/10/02/01a0fd16-9489-7e50-a7b6-a1178fd92bf1/ppg_audit/snapshot/contracts/PPG_IDAC_CODE_CONTROLLER_V2_INTERFACE_CONTRACT.md","完成","formatter-AST结构+全文端口/打包/消费者语义人工核对；C002/C006及已接受豁免详见报告","固定合同域；默认IDAC8/epoch4，未泛化为任意参数数值签核"
"ppg_idac_code_controller","C:/Users/DAWN/.codex/visualizations/2026/10/02/01a0fd16-9489-7e50-a7b6-a1178fd92bf1/ppg_audit/snapshot/rtl/ppg_idac_code_controller/ppg_idac_code_controller.v","196","output","false","","o_controller_fault_event","C17/C16","C:/Users/DAWN/.codex/visualizations/2026/10/02/01a0fd16-9489-7e50-a7b6-a1178fd92bf1/ppg_audit/snapshot/contracts/PPG_IDAC_CODE_CONTROLLER_V2_INTERFACE_CONTRACT.md","完成","formatter-AST结构+全文端口/打包/消费者语义人工核对；C002/C006及已接受豁免详见报告","固定合同域；默认IDAC8/epoch4，未泛化为任意参数数值签核"
"ppg_idac_code_controller","C:/Users/DAWN/.codex/visualizations/2026/10/02/01a0fd16-9489-7e50-a7b6-a1178fd92bf1/ppg_audit/snapshot/rtl/ppg_idac_code_controller/ppg_idac_code_controller.v","197","output","false","","o_controller_fault_identity_valid","C17/C16","C:/Users/DAWN/.codex/visualizations/2026/10/02/01a0fd16-9489-7e50-a7b6-a1178fd92bf1/ppg_audit/snapshot/contracts/PPG_IDAC_CODE_CONTROLLER_V2_INTERFACE_CONTRACT.md","完成","formatter-AST结构+全文端口/打包/消费者语义人工核对；C002/C006及已接受豁免详见报告","固定合同域；默认IDAC8/epoch4，未泛化为任意参数数值签核"
"ppg_idac_code_controller","C:/Users/DAWN/.codex/visualizations/2026/10/02/01a0fd16-9489-7e50-a7b6-a1178fd92bf1/ppg_audit/snapshot/rtl/ppg_idac_code_controller/ppg_idac_code_controller.v","198","output","false","[C_FRAME_ID_WIDTH - 1:0]","o_controller_fault_frame_id","C17/C16","C:/Users/DAWN/.codex/visualizations/2026/10/02/01a0fd16-9489-7e50-a7b6-a1178fd92bf1/ppg_audit/snapshot/contracts/PPG_IDAC_CODE_CONTROLLER_V2_INTERFACE_CONTRACT.md","完成","formatter-AST结构+全文端口/打包/消费者语义人工核对；C002/C006及已接受豁免详见报告","固定合同域；默认IDAC8/epoch4，未泛化为任意参数数值签核"
"ppg_idac_code_controller","C:/Users/DAWN/.codex/visualizations/2026/10/02/01a0fd16-9489-7e50-a7b6-a1178fd92bf1/ppg_audit/snapshot/rtl/ppg_idac_code_controller/ppg_idac_code_controller.v","199","output","false","[C_SAMPLE_INDEX_WIDTH - 1:0]","o_controller_fault_sample_index","C17/C16","C:/Users/DAWN/.codex/visualizations/2026/10/02/01a0fd16-9489-7e50-a7b6-a1178fd92bf1/ppg_audit/snapshot/contracts/PPG_IDAC_CODE_CONTROLLER_V2_INTERFACE_CONTRACT.md","完成","formatter-AST结构+全文端口/打包/消费者语义人工核对；C002/C006及已接受豁免详见报告","固定合同域；默认IDAC8/epoch4，未泛化为任意参数数值签核"
"ppg_idac_code_controller","C:/Users/DAWN/.codex/visualizations/2026/10/02/01a0fd16-9489-7e50-a7b6-a1178fd92bf1/ppg_audit/snapshot/rtl/ppg_idac_code_controller/ppg_idac_code_controller.v","200","output","false","","o_controller_fault_color_ir","C17/C16","C:/Users/DAWN/.codex/visualizations/2026/10/02/01a0fd16-9489-7e50-a7b6-a1178fd92bf1/ppg_audit/snapshot/contracts/PPG_IDAC_CODE_CONTROLLER_V2_INTERFACE_CONTRACT.md","完成","formatter-AST结构+全文端口/打包/消费者语义人工核对；C002/C006及已接受豁免详见报告","固定合同域；默认IDAC8/epoch4，未泛化为任意参数数值签核"
"ppg_idac_code_controller","C:/Users/DAWN/.codex/visualizations/2026/10/02/01a0fd16-9489-7e50-a7b6-a1178fd92bf1/ppg_audit/snapshot/rtl/ppg_idac_code_controller/ppg_idac_code_controller.v","201","output","false","[1:0]","o_controller_fault_frame_type","C17/C16","C:/Users/DAWN/.codex/visualizations/2026/10/02/01a0fd16-9489-7e50-a7b6-a1178fd92bf1/ppg_audit/snapshot/contracts/PPG_IDAC_CODE_CONTROLLER_V2_INTERFACE_CONTRACT.md","完成","formatter-AST结构+全文端口/打包/消费者语义人工核对；C002/C006及已接受豁免详见报告","固定合同域；默认IDAC8/epoch4，未泛化为任意参数数值签核"
"ppg_idac_code_controller","C:/Users/DAWN/.codex/visualizations/2026/10/02/01a0fd16-9489-7e50-a7b6-a1178fd92bf1/ppg_audit/snapshot/rtl/ppg_idac_code_controller/ppg_idac_code_controller.v","202","output","false","","o_controller_fault_precision","C17/C16","C:/Users/DAWN/.codex/visualizations/2026/10/02/01a0fd16-9489-7e50-a7b6-a1178fd92bf1/ppg_audit/snapshot/contracts/PPG_IDAC_CODE_CONTROLLER_V2_INTERFACE_CONTRACT.md","完成","formatter-AST结构+全文端口/打包/消费者语义人工核对；C002/C006及已接受豁免详见报告","固定合同域；默认IDAC8/epoch4，未泛化为任意参数数值签核"
"ppg_idac_code_controller","C:/Users/DAWN/.codex/visualizations/2026/10/02/01a0fd16-9489-7e50-a7b6-a1178fd92bf1/ppg_audit/snapshot/rtl/ppg_idac_code_controller/ppg_idac_code_controller.v","203","output","false","[C_RUN_GENERATION_WIDTH - 1:0]","o_controller_fault_run_generation","C17/C16","C:/Users/DAWN/.codex/visualizations/2026/10/02/01a0fd16-9489-7e50-a7b6-a1178fd92bf1/ppg_audit/snapshot/contracts/PPG_IDAC_CODE_CONTROLLER_V2_INTERFACE_CONTRACT.md","完成","formatter-AST结构+全文端口/打包/消费者语义人工核对；C002/C006及已接受豁免详见报告","固定合同域；默认IDAC8/epoch4，未泛化为任意参数数值签核"
"ppg_idac_code_controller","C:/Users/DAWN/.codex/visualizations/2026/10/02/01a0fd16-9489-7e50-a7b6-a1178fd92bf1/ppg_audit/snapshot/rtl/ppg_idac_code_controller/ppg_idac_code_controller.v","205","output","false","","o_protocol_error_sticky","C17/C16","C:/Users/DAWN/.codex/visualizations/2026/10/02/01a0fd16-9489-7e50-a7b6-a1178fd92bf1/ppg_audit/snapshot/contracts/PPG_IDAC_CODE_CONTROLLER_V2_INTERFACE_CONTRACT.md","完成","formatter-AST结构+全文端口/打包/消费者语义人工核对；C002/C006及已接受豁免详见报告","固定合同域；默认IDAC8/epoch4，未泛化为任意参数数值签核"
"ppg_idac_code_controller","C:/Users/DAWN/.codex/visualizations/2026/10/02/01a0fd16-9489-7e50-a7b6-a1178fd92bf1/ppg_audit/snapshot/rtl/ppg_idac_code_controller/ppg_idac_code_controller.v","206","output","false","","o_startup_search_complete","C17/C16","C:/Users/DAWN/.codex/visualizations/2026/10/02/01a0fd16-9489-7e50-a7b6-a1178fd92bf1/ppg_audit/snapshot/contracts/PPG_IDAC_CODE_CONTROLLER_V2_INTERFACE_CONTRACT.md","完成","formatter-AST结构+全文端口/打包/消费者语义人工核对；C002/C006及已接受豁免详见报告","固定合同域；默认IDAC8/epoch4，未泛化为任意参数数值签核"
"ppg_idac_code_controller","C:/Users/DAWN/.codex/visualizations/2026/10/02/01a0fd16-9489-7e50-a7b6-a1178fd92bf1/ppg_audit/snapshot/rtl/ppg_idac_code_controller/ppg_idac_code_controller.v","207","output","false","","o_idac_idle","C17/C16","C:/Users/DAWN/.codex/visualizations/2026/10/02/01a0fd16-9489-7e50-a7b6-a1178fd92bf1/ppg_audit/snapshot/contracts/PPG_IDAC_CODE_CONTROLLER_V2_INTERFACE_CONTRACT.md","完成","formatter-AST结构+全文端口/打包/消费者语义人工核对；C002/C006及已接受豁免详见报告","固定合同域；默认IDAC8/epoch4，未泛化为任意参数数值签核"
"ppg_normal_transaction_fork","C:/Users/DAWN/.codex/visualizations/2026/10/02/01a0fd16-9489-7e50-a7b6-a1178fd92bf1/ppg_audit/snapshot/rtl/ppg_normal_transaction_fork/ppg_normal_transaction_fork.v","61","input","false","","i_clk","C16","C:/Users/DAWN/.codex/visualizations/2026/10/02/01a0fd16-9489-7e50-a7b6-a1178fd92bf1/ppg_audit/snapshot/contracts/PPG_NORMAL_FORK_IDAC_TRACKING_AMB_RECHECK_INTERFACE_CONTRACT.md","完成","formatter-AST结构+全文端口/打包/消费者语义人工核对；C002/C006及已接受豁免详见报告","固定合同域；默认IDAC8/epoch4，未泛化为任意参数数值签核"
"ppg_normal_transaction_fork","C:/Users/DAWN/.codex/visualizations/2026/10/02/01a0fd16-9489-7e50-a7b6-a1178fd92bf1/ppg_audit/snapshot/rtl/ppg_normal_transaction_fork/ppg_normal_transaction_fork.v","62","input","false","","i_rstn","C16","C:/Users/DAWN/.codex/visualizations/2026/10/02/01a0fd16-9489-7e50-a7b6-a1178fd92bf1/ppg_audit/snapshot/contracts/PPG_NORMAL_FORK_IDAC_TRACKING_AMB_RECHECK_INTERFACE_CONTRACT.md","完成","formatter-AST结构+全文端口/打包/消费者语义人工核对；C002/C006及已接受豁免详见报告","固定合同域；默认IDAC8/epoch4，未泛化为任意参数数值签核"
"ppg_normal_transaction_fork","C:/Users/DAWN/.codex/visualizations/2026/10/02/01a0fd16-9489-7e50-a7b6-a1178fd92bf1/ppg_audit/snapshot/rtl/ppg_normal_transaction_fork/ppg_normal_transaction_fork.v","63","input","false","[C_RUN_GENERATION_WIDTH - 1:0]","i_run_generation","C16","C:/Users/DAWN/.codex/visualizations/2026/10/02/01a0fd16-9489-7e50-a7b6-a1178fd92bf1/ppg_audit/snapshot/contracts/PPG_NORMAL_FORK_IDAC_TRACKING_AMB_RECHECK_INTERFACE_CONTRACT.md","完成","formatter-AST结构+全文端口/打包/消费者语义人工核对；C002/C006及已接受豁免详见报告","固定合同域；默认IDAC8/epoch4，未泛化为任意参数数值签核"
"ppg_normal_transaction_fork","C:/Users/DAWN/.codex/visualizations/2026/10/02/01a0fd16-9489-7e50-a7b6-a1178fd92bf1/ppg_audit/snapshot/rtl/ppg_normal_transaction_fork/ppg_normal_transaction_fork.v","66","input","false","","i_datapath_discard_event","C16","C:/Users/DAWN/.codex/visualizations/2026/10/02/01a0fd16-9489-7e50-a7b6-a1178fd92bf1/ppg_audit/snapshot/contracts/PPG_NORMAL_FORK_IDAC_TRACKING_AMB_RECHECK_INTERFACE_CONTRACT.md","完成","formatter-AST结构+全文端口/打包/消费者语义人工核对；C002/C006及已接受豁免详见报告","固定合同域；默认IDAC8/epoch4，未泛化为任意参数数值签核"
"ppg_normal_transaction_fork","C:/Users/DAWN/.codex/visualizations/2026/10/02/01a0fd16-9489-7e50-a7b6-a1178fd92bf1/ppg_audit/snapshot/rtl/ppg_normal_transaction_fork/ppg_normal_transaction_fork.v","67","input","false","[1:0]","i_datapath_discard_reason","C16","C:/Users/DAWN/.codex/visualizations/2026/10/02/01a0fd16-9489-7e50-a7b6-a1178fd92bf1/ppg_audit/snapshot/contracts/PPG_NORMAL_FORK_IDAC_TRACKING_AMB_RECHECK_INTERFACE_CONTRACT.md","完成","formatter-AST结构+全文端口/打包/消费者语义人工核对；C002/C006及已接受豁免详见报告","固定合同域；默认IDAC8/epoch4，未泛化为任意参数数值签核"
"ppg_normal_transaction_fork","C:/Users/DAWN/.codex/visualizations/2026/10/02/01a0fd16-9489-7e50-a7b6-a1178fd92bf1/ppg_audit/snapshot/rtl/ppg_normal_transaction_fork/ppg_normal_transaction_fork.v","68","input","false","","i_datapath_discard_identity_valid","C16","C:/Users/DAWN/.codex/visualizations/2026/10/02/01a0fd16-9489-7e50-a7b6-a1178fd92bf1/ppg_audit/snapshot/contracts/PPG_NORMAL_FORK_IDAC_TRACKING_AMB_RECHECK_INTERFACE_CONTRACT.md","完成","formatter-AST结构+全文端口/打包/消费者语义人工核对；C002/C006及已接受豁免详见报告","固定合同域；默认IDAC8/epoch4，未泛化为任意参数数值签核"
"ppg_normal_transaction_fork","C:/Users/DAWN/.codex/visualizations/2026/10/02/01a0fd16-9489-7e50-a7b6-a1178fd92bf1/ppg_audit/snapshot/rtl/ppg_normal_transaction_fork/ppg_normal_transaction_fork.v","69","input","false","[C_FRAME_ID_WIDTH - 1:0]","i_datapath_discard_frame_id","C16","C:/Users/DAWN/.codex/visualizations/2026/10/02/01a0fd16-9489-7e50-a7b6-a1178fd92bf1/ppg_audit/snapshot/contracts/PPG_NORMAL_FORK_IDAC_TRACKING_AMB_RECHECK_INTERFACE_CONTRACT.md","完成","formatter-AST结构+全文端口/打包/消费者语义人工核对；C002/C006及已接受豁免详见报告","固定合同域；默认IDAC8/epoch4，未泛化为任意参数数值签核"
"ppg_normal_transaction_fork","C:/Users/DAWN/.codex/visualizations/2026/10/02/01a0fd16-9489-7e50-a7b6-a1178fd92bf1/ppg_audit/snapshot/rtl/ppg_normal_transaction_fork/ppg_normal_transaction_fork.v","70","input","false","[C_SAMPLE_INDEX_WIDTH - 1:0]","i_datapath_discard_sample_index","C16","C:/Users/DAWN/.codex/visualizations/2026/10/02/01a0fd16-9489-7e50-a7b6-a1178fd92bf1/ppg_audit/snapshot/contracts/PPG_NORMAL_FORK_IDAC_TRACKING_AMB_RECHECK_INTERFACE_CONTRACT.md","完成","formatter-AST结构+全文端口/打包/消费者语义人工核对；C002/C006及已接受豁免详见报告","固定合同域；默认IDAC8/epoch4，未泛化为任意参数数值签核"
"ppg_normal_transaction_fork","C:/Users/DAWN/.codex/visualizations/2026/10/02/01a0fd16-9489-7e50-a7b6-a1178fd92bf1/ppg_audit/snapshot/rtl/ppg_normal_transaction_fork/ppg_normal_transaction_fork.v","71","input","false","","i_datapath_discard_color_ir","C16","C:/Users/DAWN/.codex/visualizations/2026/10/02/01a0fd16-9489-7e50-a7b6-a1178fd92bf1/ppg_audit/snapshot/contracts/PPG_NORMAL_FORK_IDAC_TRACKING_AMB_RECHECK_INTERFACE_CONTRACT.md","完成","formatter-AST结构+全文端口/打包/消费者语义人工核对；C002/C006及已接受豁免详见报告","固定合同域；默认IDAC8/epoch4，未泛化为任意参数数值签核"
"ppg_normal_transaction_fork","C:/Users/DAWN/.codex/visualizations/2026/10/02/01a0fd16-9489-7e50-a7b6-a1178fd92bf1/ppg_audit/snapshot/rtl/ppg_normal_transaction_fork/ppg_normal_transaction_fork.v","72","input","false","[1:0]","i_datapath_discard_frame_type","C16","C:/Users/DAWN/.codex/visualizations/2026/10/02/01a0fd16-9489-7e50-a7b6-a1178fd92bf1/ppg_audit/snapshot/contracts/PPG_NORMAL_FORK_IDAC_TRACKING_AMB_RECHECK_INTERFACE_CONTRACT.md","完成","formatter-AST结构+全文端口/打包/消费者语义人工核对；C002/C006及已接受豁免详见报告","固定合同域；默认IDAC8/epoch4，未泛化为任意参数数值签核"
"ppg_normal_transaction_fork","C:/Users/DAWN/.codex/visualizations/2026/10/02/01a0fd16-9489-7e50-a7b6-a1178fd92bf1/ppg_audit/snapshot/rtl/ppg_normal_transaction_fork/ppg_normal_transaction_fork.v","73","input","false","","i_datapath_discard_precision","C16","C:/Users/DAWN/.codex/visualizations/2026/10/02/01a0fd16-9489-7e50-a7b6-a1178fd92bf1/ppg_audit/snapshot/contracts/PPG_NORMAL_FORK_IDAC_TRACKING_AMB_RECHECK_INTERFACE_CONTRACT.md","完成","formatter-AST结构+全文端口/打包/消费者语义人工核对；C002/C006及已接受豁免详见报告","固定合同域；默认IDAC8/epoch4，未泛化为任意参数数值签核"
"ppg_normal_transaction_fork","C:/Users/DAWN/.codex/visualizations/2026/10/02/01a0fd16-9489-7e50-a7b6-a1178fd92bf1/ppg_audit/snapshot/rtl/ppg_normal_transaction_fork/ppg_normal_transaction_fork.v","74","input","false","[C_RUN_GENERATION_WIDTH - 1:0]","i_datapath_discard_run_generation","C16","C:/Users/DAWN/.codex/visualizations/2026/10/02/01a0fd16-9489-7e50-a7b6-a1178fd92bf1/ppg_audit/snapshot/contracts/PPG_NORMAL_FORK_IDAC_TRACKING_AMB_RECHECK_INTERFACE_CONTRACT.md","完成","formatter-AST结构+全文端口/打包/消费者语义人工核对；C002/C006及已接受豁免详见报告","固定合同域；默认IDAC8/epoch4，未泛化为任意参数数值签核"
"ppg_normal_transaction_fork","C:/Users/DAWN/.codex/visualizations/2026/10/02/01a0fd16-9489-7e50-a7b6-a1178fd92bf1/ppg_audit/snapshot/rtl/ppg_normal_transaction_fork/ppg_normal_transaction_fork.v","77","input","false","","i_normal_valid","C16","C:/Users/DAWN/.codex/visualizations/2026/10/02/01a0fd16-9489-7e50-a7b6-a1178fd92bf1/ppg_audit/snapshot/contracts/PPG_NORMAL_FORK_IDAC_TRACKING_AMB_RECHECK_INTERFACE_CONTRACT.md","完成","formatter-AST结构+全文端口/打包/消费者语义人工核对；C002/C006及已接受豁免详见报告","固定合同域；默认IDAC8/epoch4，未泛化为任意参数数值签核"
"ppg_normal_transaction_fork","C:/Users/DAWN/.codex/visualizations/2026/10/02/01a0fd16-9489-7e50-a7b6-a1178fd92bf1/ppg_audit/snapshot/rtl/ppg_normal_transaction_fork/ppg_normal_transaction_fork.v","78","input","true","[11:0]","i_calibrated_s1_value","C16","C:/Users/DAWN/.codex/visualizations/2026/10/02/01a0fd16-9489-7e50-a7b6-a1178fd92bf1/ppg_audit/snapshot/contracts/PPG_NORMAL_FORK_IDAC_TRACKING_AMB_RECHECK_INTERFACE_CONTRACT.md","完成","formatter-AST结构+全文端口/打包/消费者语义人工核对；C002/C006及已接受豁免详见报告","固定合同域；默认IDAC8/epoch4，未泛化为任意参数数值签核"
"ppg_normal_transaction_fork","C:/Users/DAWN/.codex/visualizations/2026/10/02/01a0fd16-9489-7e50-a7b6-a1178fd92bf1/ppg_audit/snapshot/rtl/ppg_normal_transaction_fork/ppg_normal_transaction_fork.v","79","input","false","","i_calibration_applied","C16","C:/Users/DAWN/.codex/visualizations/2026/10/02/01a0fd16-9489-7e50-a7b6-a1178fd92bf1/ppg_audit/snapshot/contracts/PPG_NORMAL_FORK_IDAC_TRACKING_AMB_RECHECK_INTERFACE_CONTRACT.md","完成","formatter-AST结构+全文端口/打包/消费者语义人工核对；C002/C006及已接受豁免详见报告","固定合同域；默认IDAC8/epoch4，未泛化为任意参数数值签核"
"ppg_normal_transaction_fork","C:/Users/DAWN/.codex/visualizations/2026/10/02/01a0fd16-9489-7e50-a7b6-a1178fd92bf1/ppg_audit/snapshot/rtl/ppg_normal_transaction_fork/ppg_normal_transaction_fork.v","80","input","false","","i_saturation_low","C16","C:/Users/DAWN/.codex/visualizations/2026/10/02/01a0fd16-9489-7e50-a7b6-a1178fd92bf1/ppg_audit/snapshot/contracts/PPG_NORMAL_FORK_IDAC_TRACKING_AMB_RECHECK_INTERFACE_CONTRACT.md","完成","formatter-AST结构+全文端口/打包/消费者语义人工核对；C002/C006及已接受豁免详见报告","固定合同域；默认IDAC8/epoch4，未泛化为任意参数数值签核"
"ppg_normal_transaction_fork","C:/Users/DAWN/.codex/visualizations/2026/10/02/01a0fd16-9489-7e50-a7b6-a1178fd92bf1/ppg_audit/snapshot/rtl/ppg_normal_transaction_fork/ppg_normal_transaction_fork.v","81","input","false","","i_saturation_high","C16","C:/Users/DAWN/.codex/visualizations/2026/10/02/01a0fd16-9489-7e50-a7b6-a1178fd92bf1/ppg_audit/snapshot/contracts/PPG_NORMAL_FORK_IDAC_TRACKING_AMB_RECHECK_INTERFACE_CONTRACT.md","完成","formatter-AST结构+全文端口/打包/消费者语义人工核对；C002/C006及已接受豁免详见报告","固定合同域；默认IDAC8/epoch4，未泛化为任意参数数值签核"
"ppg_normal_transaction_fork","C:/Users/DAWN/.codex/visualizations/2026/10/02/01a0fd16-9489-7e50-a7b6-a1178fd92bf1/ppg_audit/snapshot/rtl/ppg_normal_transaction_fork/ppg_normal_transaction_fork.v","82","input","false","[C_CONFIG_EPOCH_WIDTH - 1:0]","i_config_epoch","C16","C:/Users/DAWN/.codex/visualizations/2026/10/02/01a0fd16-9489-7e50-a7b6-a1178fd92bf1/ppg_audit/snapshot/contracts/PPG_NORMAL_FORK_IDAC_TRACKING_AMB_RECHECK_INTERFACE_CONTRACT.md","完成","formatter-AST结构+全文端口/打包/消费者语义人工核对；C002/C006及已接受豁免详见报告","固定合同域；默认IDAC8/epoch4，未泛化为任意参数数值签核"
"ppg_normal_transaction_fork","C:/Users/DAWN/.codex/visualizations/2026/10/02/01a0fd16-9489-7e50-a7b6-a1178fd92bf1/ppg_audit/snapshot/rtl/ppg_normal_transaction_fork/ppg_normal_transaction_fork.v","83","input","false","[C_COEF_EPOCH_WIDTH - 1:0]","i_coef_epoch","C16","C:/Users/DAWN/.codex/visualizations/2026/10/02/01a0fd16-9489-7e50-a7b6-a1178fd92bf1/ppg_audit/snapshot/contracts/PPG_NORMAL_FORK_IDAC_TRACKING_AMB_RECHECK_INTERFACE_CONTRACT.md","完成","formatter-AST结构+全文端口/打包/消费者语义人工核对；C002/C006及已接受豁免详见报告","固定合同域；默认IDAC8/epoch4，未泛化为任意参数数值签核"
"ppg_normal_transaction_fork","C:/Users/DAWN/.codex/visualizations/2026/10/02/01a0fd16-9489-7e50-a7b6-a1178fd92bf1/ppg_audit/snapshot/rtl/ppg_normal_transaction_fork/ppg_normal_transaction_fork.v","84","input","false","[8:0]","i_detect_code","C16","C:/Users/DAWN/.codex/visualizations/2026/10/02/01a0fd16-9489-7e50-a7b6-a1178fd92bf1/ppg_audit/snapshot/contracts/PPG_NORMAL_FORK_IDAC_TRACKING_AMB_RECHECK_INTERFACE_CONTRACT.md","完成","formatter-AST结构+全文端口/打包/消费者语义人工核对；C002/C006及已接受豁免详见报告","固定合同域；默认IDAC8/epoch4，未泛化为任意参数数值签核"
"ppg_normal_transaction_fork","C:/Users/DAWN/.codex/visualizations/2026/10/02/01a0fd16-9489-7e50-a7b6-a1178fd92bf1/ppg_audit/snapshot/rtl/ppg_normal_transaction_fork/ppg_normal_transaction_fork.v","85","input","false","[9:0]","i_stage1_raw","C16","C:/Users/DAWN/.codex/visualizations/2026/10/02/01a0fd16-9489-7e50-a7b6-a1178fd92bf1/ppg_audit/snapshot/contracts/PPG_NORMAL_FORK_IDAC_TRACKING_AMB_RECHECK_INTERFACE_CONTRACT.md","完成","formatter-AST结构+全文端口/打包/消费者语义人工核对；C002/C006及已接受豁免详见报告","固定合同域；默认IDAC8/epoch4，未泛化为任意参数数值签核"
"ppg_normal_transaction_fork","C:/Users/DAWN/.codex/visualizations/2026/10/02/01a0fd16-9489-7e50-a7b6-a1178fd92bf1/ppg_audit/snapshot/rtl/ppg_normal_transaction_fork/ppg_normal_transaction_fork.v","86","input","true","[10:0]","i_stage1_code_ext","C16","C:/Users/DAWN/.codex/visualizations/2026/10/02/01a0fd16-9489-7e50-a7b6-a1178fd92bf1/ppg_audit/snapshot/contracts/PPG_NORMAL_FORK_IDAC_TRACKING_AMB_RECHECK_INTERFACE_CONTRACT.md","完成","formatter-AST结构+全文端口/打包/消费者语义人工核对；C002/C006及已接受豁免详见报告","固定合同域；默认IDAC8/epoch4，未泛化为任意参数数值签核"
"ppg_normal_transaction_fork","C:/Users/DAWN/.codex/visualizations/2026/10/02/01a0fd16-9489-7e50-a7b6-a1178fd92bf1/ppg_audit/snapshot/rtl/ppg_normal_transaction_fork/ppg_normal_transaction_fork.v","87","input","false","[9:0]","i_stage2_raw","C16","C:/Users/DAWN/.codex/visualizations/2026/10/02/01a0fd16-9489-7e50-a7b6-a1178fd92bf1/ppg_audit/snapshot/contracts/PPG_NORMAL_FORK_IDAC_TRACKING_AMB_RECHECK_INTERFACE_CONTRACT.md","完成","formatter-AST结构+全文端口/打包/消费者语义人工核对；C002/C006及已接受豁免详见报告","固定合同域；默认IDAC8/epoch4，未泛化为任意参数数值签核"
"ppg_normal_transaction_fork","C:/Users/DAWN/.codex/visualizations/2026/10/02/01a0fd16-9489-7e50-a7b6-a1178fd92bf1/ppg_audit/snapshot/rtl/ppg_normal_transaction_fork/ppg_normal_transaction_fork.v","88","input","false","","i_precision_mode","C16","C:/Users/DAWN/.codex/visualizations/2026/10/02/01a0fd16-9489-7e50-a7b6-a1178fd92bf1/ppg_audit/snapshot/contracts/PPG_NORMAL_FORK_IDAC_TRACKING_AMB_RECHECK_INTERFACE_CONTRACT.md","完成","formatter-AST结构+全文端口/打包/消费者语义人工核对；C002/C006及已接受豁免详见报告","固定合同域；默认IDAC8/epoch4，未泛化为任意参数数值签核"
"ppg_normal_transaction_fork","C:/Users/DAWN/.codex/visualizations/2026/10/02/01a0fd16-9489-7e50-a7b6-a1178fd92bf1/ppg_audit/snapshot/rtl/ppg_normal_transaction_fork/ppg_normal_transaction_fork.v","89","input","false","[C_FRAME_ID_WIDTH - 1:0]","i_frame_id","C16","C:/Users/DAWN/.codex/visualizations/2026/10/02/01a0fd16-9489-7e50-a7b6-a1178fd92bf1/ppg_audit/snapshot/contracts/PPG_NORMAL_FORK_IDAC_TRACKING_AMB_RECHECK_INTERFACE_CONTRACT.md","完成","formatter-AST结构+全文端口/打包/消费者语义人工核对；C002/C006及已接受豁免详见报告","固定合同域；默认IDAC8/epoch4，未泛化为任意参数数值签核"
"ppg_normal_transaction_fork","C:/Users/DAWN/.codex/visualizations/2026/10/02/01a0fd16-9489-7e50-a7b6-a1178fd92bf1/ppg_audit/snapshot/rtl/ppg_normal_transaction_fork/ppg_normal_transaction_fork.v","90","input","false","[C_SAMPLE_INDEX_WIDTH - 1:0]","i_sample_index","C16","C:/Users/DAWN/.codex/visualizations/2026/10/02/01a0fd16-9489-7e50-a7b6-a1178fd92bf1/ppg_audit/snapshot/contracts/PPG_NORMAL_FORK_IDAC_TRACKING_AMB_RECHECK_INTERFACE_CONTRACT.md","完成","formatter-AST结构+全文端口/打包/消费者语义人工核对；C002/C006及已接受豁免详见报告","固定合同域；默认IDAC8/epoch4，未泛化为任意参数数值签核"
"ppg_normal_transaction_fork","C:/Users/DAWN/.codex/visualizations/2026/10/02/01a0fd16-9489-7e50-a7b6-a1178fd92bf1/ppg_audit/snapshot/rtl/ppg_normal_transaction_fork/ppg_normal_transaction_fork.v","91","input","false","","i_color_ir","C16","C:/Users/DAWN/.codex/visualizations/2026/10/02/01a0fd16-9489-7e50-a7b6-a1178fd92bf1/ppg_audit/snapshot/contracts/PPG_NORMAL_FORK_IDAC_TRACKING_AMB_RECHECK_INTERFACE_CONTRACT.md","完成","formatter-AST结构+全文端口/打包/消费者语义人工核对；C002/C006及已接受豁免详见报告","固定合同域；默认IDAC8/epoch4，未泛化为任意参数数值签核"
"ppg_normal_transaction_fork","C:/Users/DAWN/.codex/visualizations/2026/10/02/01a0fd16-9489-7e50-a7b6-a1178fd92bf1/ppg_audit/snapshot/rtl/ppg_normal_transaction_fork/ppg_normal_transaction_fork.v","92","input","false","[1:0]","i_frame_type","C16","C:/Users/DAWN/.codex/visualizations/2026/10/02/01a0fd16-9489-7e50-a7b6-a1178fd92bf1/ppg_audit/snapshot/contracts/PPG_NORMAL_FORK_IDAC_TRACKING_AMB_RECHECK_INTERFACE_CONTRACT.md","完成","formatter-AST结构+全文端口/打包/消费者语义人工核对；C002/C006及已接受豁免详见报告","固定合同域；默认IDAC8/epoch4，未泛化为任意参数数值签核"
"ppg_normal_transaction_fork","C:/Users/DAWN/.codex/visualizations/2026/10/02/01a0fd16-9489-7e50-a7b6-a1178fd92bf1/ppg_audit/snapshot/rtl/ppg_normal_transaction_fork/ppg_normal_transaction_fork.v","93","input","false","[C_IDAC_CODE_WIDTH - 1:0]","i_amb_code_snapshot","C16","C:/Users/DAWN/.codex/visualizations/2026/10/02/01a0fd16-9489-7e50-a7b6-a1178fd92bf1/ppg_audit/snapshot/contracts/PPG_NORMAL_FORK_IDAC_TRACKING_AMB_RECHECK_INTERFACE_CONTRACT.md","完成","formatter-AST结构+全文端口/打包/消费者语义人工核对；C002/C006及已接受豁免详见报告","固定合同域；默认IDAC8/epoch4，未泛化为任意参数数值签核"
"ppg_normal_transaction_fork","C:/Users/DAWN/.codex/visualizations/2026/10/02/01a0fd16-9489-7e50-a7b6-a1178fd92bf1/ppg_audit/snapshot/rtl/ppg_normal_transaction_fork/ppg_normal_transaction_fork.v","94","input","false","[C_IDAC_CODE_WIDTH - 1:0]","i_dc_code_snapshot","C16","C:/Users/DAWN/.codex/visualizations/2026/10/02/01a0fd16-9489-7e50-a7b6-a1178fd92bf1/ppg_audit/snapshot/contracts/PPG_NORMAL_FORK_IDAC_TRACKING_AMB_RECHECK_INTERFACE_CONTRACT.md","完成","formatter-AST结构+全文端口/打包/消费者语义人工核对；C002/C006及已接受豁免详见报告","固定合同域；默认IDAC8/epoch4，未泛化为任意参数数值签核"
"ppg_normal_transaction_fork","C:/Users/DAWN/.codex/visualizations/2026/10/02/01a0fd16-9489-7e50-a7b6-a1178fd92bf1/ppg_audit/snapshot/rtl/ppg_normal_transaction_fork/ppg_normal_transaction_fork.v","95","input","false","[C_CODE_EPOCH_WIDTH - 1:0]","i_amb_code_epoch","C16","C:/Users/DAWN/.codex/visualizations/2026/10/02/01a0fd16-9489-7e50-a7b6-a1178fd92bf1/ppg_audit/snapshot/contracts/PPG_NORMAL_FORK_IDAC_TRACKING_AMB_RECHECK_INTERFACE_CONTRACT.md","完成","formatter-AST结构+全文端口/打包/消费者语义人工核对；C002/C006及已接受豁免详见报告","固定合同域；默认IDAC8/epoch4，未泛化为任意参数数值签核"
"ppg_normal_transaction_fork","C:/Users/DAWN/.codex/visualizations/2026/10/02/01a0fd16-9489-7e50-a7b6-a1178fd92bf1/ppg_audit/snapshot/rtl/ppg_normal_transaction_fork/ppg_normal_transaction_fork.v","96","input","false","[C_CODE_EPOCH_WIDTH - 1:0]","i_dc_code_epoch","C16","C:/Users/DAWN/.codex/visualizations/2026/10/02/01a0fd16-9489-7e50-a7b6-a1178fd92bf1/ppg_audit/snapshot/contracts/PPG_NORMAL_FORK_IDAC_TRACKING_AMB_RECHECK_INTERFACE_CONTRACT.md","完成","formatter-AST结构+全文端口/打包/消费者语义人工核对；C002/C006及已接受豁免详见报告","固定合同域；默认IDAC8/epoch4，未泛化为任意参数数值签核"
"ppg_normal_transaction_fork","C:/Users/DAWN/.codex/visualizations/2026/10/02/01a0fd16-9489-7e50-a7b6-a1178fd92bf1/ppg_audit/snapshot/rtl/ppg_normal_transaction_fork/ppg_normal_transaction_fork.v","97","output","false","","o_normal_ready","C16","C:/Users/DAWN/.codex/visualizations/2026/10/02/01a0fd16-9489-7e50-a7b6-a1178fd92bf1/ppg_audit/snapshot/contracts/PPG_NORMAL_FORK_IDAC_TRACKING_AMB_RECHECK_INTERFACE_CONTRACT.md","完成","formatter-AST结构+全文端口/打包/消费者语义人工核对；C002/C006及已接受豁免详见报告","固定合同域；默认IDAC8/epoch4，未泛化为任意参数数值签核"
"ppg_normal_transaction_fork","C:/Users/DAWN/.codex/visualizations/2026/10/02/01a0fd16-9489-7e50-a7b6-a1178fd92bf1/ppg_audit/snapshot/rtl/ppg_normal_transaction_fork/ppg_normal_transaction_fork.v","100","input","false","","i_measurement_ready","C16","C:/Users/DAWN/.codex/visualizations/2026/10/02/01a0fd16-9489-7e50-a7b6-a1178fd92bf1/ppg_audit/snapshot/contracts/PPG_NORMAL_FORK_IDAC_TRACKING_AMB_RECHECK_INTERFACE_CONTRACT.md","完成","formatter-AST结构+全文端口/打包/消费者语义人工核对；C002/C006及已接受豁免详见报告","固定合同域；默认IDAC8/epoch4，未泛化为任意参数数值签核"
"ppg_normal_transaction_fork","C:/Users/DAWN/.codex/visualizations/2026/10/02/01a0fd16-9489-7e50-a7b6-a1178fd92bf1/ppg_audit/snapshot/rtl/ppg_normal_transaction_fork/ppg_normal_transaction_fork.v","101","output","false","","o_measurement_valid","C16","C:/Users/DAWN/.codex/visualizations/2026/10/02/01a0fd16-9489-7e50-a7b6-a1178fd92bf1/ppg_audit/snapshot/contracts/PPG_NORMAL_FORK_IDAC_TRACKING_AMB_RECHECK_INTERFACE_CONTRACT.md","完成","formatter-AST结构+全文端口/打包/消费者语义人工核对；C002/C006及已接受豁免详见报告","固定合同域；默认IDAC8/epoch4，未泛化为任意参数数值签核"
"ppg_normal_transaction_fork","C:/Users/DAWN/.codex/visualizations/2026/10/02/01a0fd16-9489-7e50-a7b6-a1178fd92bf1/ppg_audit/snapshot/rtl/ppg_normal_transaction_fork/ppg_normal_transaction_fork.v","104","output","true","[11:0]","o_measurement_calibrated_s1_value","C16","C:/Users/DAWN/.codex/visualizations/2026/10/02/01a0fd16-9489-7e50-a7b6-a1178fd92bf1/ppg_audit/snapshot/contracts/PPG_NORMAL_FORK_IDAC_TRACKING_AMB_RECHECK_INTERFACE_CONTRACT.md","完成","formatter-AST结构+全文端口/打包/消费者语义人工核对；C002/C006及已接受豁免详见报告","固定合同域；默认IDAC8/epoch4，未泛化为任意参数数值签核"
"ppg_normal_transaction_fork","C:/Users/DAWN/.codex/visualizations/2026/10/02/01a0fd16-9489-7e50-a7b6-a1178fd92bf1/ppg_audit/snapshot/rtl/ppg_normal_transaction_fork/ppg_normal_transaction_fork.v","105","output","false","","o_measurement_calibration_applied","C16","C:/Users/DAWN/.codex/visualizations/2026/10/02/01a0fd16-9489-7e50-a7b6-a1178fd92bf1/ppg_audit/snapshot/contracts/PPG_NORMAL_FORK_IDAC_TRACKING_AMB_RECHECK_INTERFACE_CONTRACT.md","完成","formatter-AST结构+全文端口/打包/消费者语义人工核对；C002/C006及已接受豁免详见报告","固定合同域；默认IDAC8/epoch4，未泛化为任意参数数值签核"
"ppg_normal_transaction_fork","C:/Users/DAWN/.codex/visualizations/2026/10/02/01a0fd16-9489-7e50-a7b6-a1178fd92bf1/ppg_audit/snapshot/rtl/ppg_normal_transaction_fork/ppg_normal_transaction_fork.v","106","output","false","","o_measurement_saturation_low","C16","C:/Users/DAWN/.codex/visualizations/2026/10/02/01a0fd16-9489-7e50-a7b6-a1178fd92bf1/ppg_audit/snapshot/contracts/PPG_NORMAL_FORK_IDAC_TRACKING_AMB_RECHECK_INTERFACE_CONTRACT.md","完成","formatter-AST结构+全文端口/打包/消费者语义人工核对；C002/C006及已接受豁免详见报告","固定合同域；默认IDAC8/epoch4，未泛化为任意参数数值签核"
"ppg_normal_transaction_fork","C:/Users/DAWN/.codex/visualizations/2026/10/02/01a0fd16-9489-7e50-a7b6-a1178fd92bf1/ppg_audit/snapshot/rtl/ppg_normal_transaction_fork/ppg_normal_transaction_fork.v","107","output","false","","o_measurement_saturation_high","C16","C:/Users/DAWN/.codex/visualizations/2026/10/02/01a0fd16-9489-7e50-a7b6-a1178fd92bf1/ppg_audit/snapshot/contracts/PPG_NORMAL_FORK_IDAC_TRACKING_AMB_RECHECK_INTERFACE_CONTRACT.md","完成","formatter-AST结构+全文端口/打包/消费者语义人工核对；C002/C006及已接受豁免详见报告","固定合同域；默认IDAC8/epoch4，未泛化为任意参数数值签核"
"ppg_normal_transaction_fork","C:/Users/DAWN/.codex/visualizations/2026/10/02/01a0fd16-9489-7e50-a7b6-a1178fd92bf1/ppg_audit/snapshot/rtl/ppg_normal_transaction_fork/ppg_normal_transaction_fork.v","108","output","false","[C_CONFIG_EPOCH_WIDTH - 1:0]","o_measurement_config_epoch","C16","C:/Users/DAWN/.codex/visualizations/2026/10/02/01a0fd16-9489-7e50-a7b6-a1178fd92bf1/ppg_audit/snapshot/contracts/PPG_NORMAL_FORK_IDAC_TRACKING_AMB_RECHECK_INTERFACE_CONTRACT.md","完成","formatter-AST结构+全文端口/打包/消费者语义人工核对；C002/C006及已接受豁免详见报告","固定合同域；默认IDAC8/epoch4，未泛化为任意参数数值签核"
"ppg_normal_transaction_fork","C:/Users/DAWN/.codex/visualizations/2026/10/02/01a0fd16-9489-7e50-a7b6-a1178fd92bf1/ppg_audit/snapshot/rtl/ppg_normal_transaction_fork/ppg_normal_transaction_fork.v","109","output","false","[C_COEF_EPOCH_WIDTH - 1:0]","o_measurement_coef_epoch","C16","C:/Users/DAWN/.codex/visualizations/2026/10/02/01a0fd16-9489-7e50-a7b6-a1178fd92bf1/ppg_audit/snapshot/contracts/PPG_NORMAL_FORK_IDAC_TRACKING_AMB_RECHECK_INTERFACE_CONTRACT.md","完成","formatter-AST结构+全文端口/打包/消费者语义人工核对；C002/C006及已接受豁免详见报告","固定合同域；默认IDAC8/epoch4，未泛化为任意参数数值签核"
"ppg_normal_transaction_fork","C:/Users/DAWN/.codex/visualizations/2026/10/02/01a0fd16-9489-7e50-a7b6-a1178fd92bf1/ppg_audit/snapshot/rtl/ppg_normal_transaction_fork/ppg_normal_transaction_fork.v","110","output","false","[8:0]","o_measurement_detect_code","C16","C:/Users/DAWN/.codex/visualizations/2026/10/02/01a0fd16-9489-7e50-a7b6-a1178fd92bf1/ppg_audit/snapshot/contracts/PPG_NORMAL_FORK_IDAC_TRACKING_AMB_RECHECK_INTERFACE_CONTRACT.md","完成","formatter-AST结构+全文端口/打包/消费者语义人工核对；C002/C006及已接受豁免详见报告","固定合同域；默认IDAC8/epoch4，未泛化为任意参数数值签核"
"ppg_normal_transaction_fork","C:/Users/DAWN/.codex/visualizations/2026/10/02/01a0fd16-9489-7e50-a7b6-a1178fd92bf1/ppg_audit/snapshot/rtl/ppg_normal_transaction_fork/ppg_normal_transaction_fork.v","111","output","false","[9:0]","o_measurement_stage1_raw","C16","C:/Users/DAWN/.codex/visualizations/2026/10/02/01a0fd16-9489-7e50-a7b6-a1178fd92bf1/ppg_audit/snapshot/contracts/PPG_NORMAL_FORK_IDAC_TRACKING_AMB_RECHECK_INTERFACE_CONTRACT.md","完成","formatter-AST结构+全文端口/打包/消费者语义人工核对；C002/C006及已接受豁免详见报告","固定合同域；默认IDAC8/epoch4，未泛化为任意参数数值签核"
"ppg_normal_transaction_fork","C:/Users/DAWN/.codex/visualizations/2026/10/02/01a0fd16-9489-7e50-a7b6-a1178fd92bf1/ppg_audit/snapshot/rtl/ppg_normal_transaction_fork/ppg_normal_transaction_fork.v","112","output","true","[10:0]","o_measurement_stage1_code_ext","C16","C:/Users/DAWN/.codex/visualizations/2026/10/02/01a0fd16-9489-7e50-a7b6-a1178fd92bf1/ppg_audit/snapshot/contracts/PPG_NORMAL_FORK_IDAC_TRACKING_AMB_RECHECK_INTERFACE_CONTRACT.md","完成","formatter-AST结构+全文端口/打包/消费者语义人工核对；C002/C006及已接受豁免详见报告","固定合同域；默认IDAC8/epoch4，未泛化为任意参数数值签核"
"ppg_normal_transaction_fork","C:/Users/DAWN/.codex/visualizations/2026/10/02/01a0fd16-9489-7e50-a7b6-a1178fd92bf1/ppg_audit/snapshot/rtl/ppg_normal_transaction_fork/ppg_normal_transaction_fork.v","113","output","false","[9:0]","o_measurement_stage2_raw","C16","C:/Users/DAWN/.codex/visualizations/2026/10/02/01a0fd16-9489-7e50-a7b6-a1178fd92bf1/ppg_audit/snapshot/contracts/PPG_NORMAL_FORK_IDAC_TRACKING_AMB_RECHECK_INTERFACE_CONTRACT.md","完成","formatter-AST结构+全文端口/打包/消费者语义人工核对；C002/C006及已接受豁免详见报告","固定合同域；默认IDAC8/epoch4，未泛化为任意参数数值签核"
"ppg_normal_transaction_fork","C:/Users/DAWN/.codex/visualizations/2026/10/02/01a0fd16-9489-7e50-a7b6-a1178fd92bf1/ppg_audit/snapshot/rtl/ppg_normal_transaction_fork/ppg_normal_transaction_fork.v","114","output","false","","o_measurement_precision_mode","C16","C:/Users/DAWN/.codex/visualizations/2026/10/02/01a0fd16-9489-7e50-a7b6-a1178fd92bf1/ppg_audit/snapshot/contracts/PPG_NORMAL_FORK_IDAC_TRACKING_AMB_RECHECK_INTERFACE_CONTRACT.md","完成","formatter-AST结构+全文端口/打包/消费者语义人工核对；C002/C006及已接受豁免详见报告","固定合同域；默认IDAC8/epoch4，未泛化为任意参数数值签核"
"ppg_normal_transaction_fork","C:/Users/DAWN/.codex/visualizations/2026/10/02/01a0fd16-9489-7e50-a7b6-a1178fd92bf1/ppg_audit/snapshot/rtl/ppg_normal_transaction_fork/ppg_normal_transaction_fork.v","115","output","false","[C_FRAME_ID_WIDTH - 1:0]","o_measurement_frame_id","C16","C:/Users/DAWN/.codex/visualizations/2026/10/02/01a0fd16-9489-7e50-a7b6-a1178fd92bf1/ppg_audit/snapshot/contracts/PPG_NORMAL_FORK_IDAC_TRACKING_AMB_RECHECK_INTERFACE_CONTRACT.md","完成","formatter-AST结构+全文端口/打包/消费者语义人工核对；C002/C006及已接受豁免详见报告","固定合同域；默认IDAC8/epoch4，未泛化为任意参数数值签核"
"ppg_normal_transaction_fork","C:/Users/DAWN/.codex/visualizations/2026/10/02/01a0fd16-9489-7e50-a7b6-a1178fd92bf1/ppg_audit/snapshot/rtl/ppg_normal_transaction_fork/ppg_normal_transaction_fork.v","116","output","false","[C_SAMPLE_INDEX_WIDTH - 1:0]","o_measurement_sample_index","C16","C:/Users/DAWN/.codex/visualizations/2026/10/02/01a0fd16-9489-7e50-a7b6-a1178fd92bf1/ppg_audit/snapshot/contracts/PPG_NORMAL_FORK_IDAC_TRACKING_AMB_RECHECK_INTERFACE_CONTRACT.md","完成","formatter-AST结构+全文端口/打包/消费者语义人工核对；C002/C006及已接受豁免详见报告","固定合同域；默认IDAC8/epoch4，未泛化为任意参数数值签核"
"ppg_normal_transaction_fork","C:/Users/DAWN/.codex/visualizations/2026/10/02/01a0fd16-9489-7e50-a7b6-a1178fd92bf1/ppg_audit/snapshot/rtl/ppg_normal_transaction_fork/ppg_normal_transaction_fork.v","117","output","false","","o_measurement_color_ir","C16","C:/Users/DAWN/.codex/visualizations/2026/10/02/01a0fd16-9489-7e50-a7b6-a1178fd92bf1/ppg_audit/snapshot/contracts/PPG_NORMAL_FORK_IDAC_TRACKING_AMB_RECHECK_INTERFACE_CONTRACT.md","完成","formatter-AST结构+全文端口/打包/消费者语义人工核对；C002/C006及已接受豁免详见报告","固定合同域；默认IDAC8/epoch4，未泛化为任意参数数值签核"
"ppg_normal_transaction_fork","C:/Users/DAWN/.codex/visualizations/2026/10/02/01a0fd16-9489-7e50-a7b6-a1178fd92bf1/ppg_audit/snapshot/rtl/ppg_normal_transaction_fork/ppg_normal_transaction_fork.v","118","output","false","[1:0]","o_measurement_frame_type","C16","C:/Users/DAWN/.codex/visualizations/2026/10/02/01a0fd16-9489-7e50-a7b6-a1178fd92bf1/ppg_audit/snapshot/contracts/PPG_NORMAL_FORK_IDAC_TRACKING_AMB_RECHECK_INTERFACE_CONTRACT.md","完成","formatter-AST结构+全文端口/打包/消费者语义人工核对；C002/C006及已接受豁免详见报告","固定合同域；默认IDAC8/epoch4，未泛化为任意参数数值签核"
"ppg_normal_transaction_fork","C:/Users/DAWN/.codex/visualizations/2026/10/02/01a0fd16-9489-7e50-a7b6-a1178fd92bf1/ppg_audit/snapshot/rtl/ppg_normal_transaction_fork/ppg_normal_transaction_fork.v","119","output","false","[C_IDAC_CODE_WIDTH - 1:0]","o_measurement_amb_code_snapshot","C16","C:/Users/DAWN/.codex/visualizations/2026/10/02/01a0fd16-9489-7e50-a7b6-a1178fd92bf1/ppg_audit/snapshot/contracts/PPG_NORMAL_FORK_IDAC_TRACKING_AMB_RECHECK_INTERFACE_CONTRACT.md","完成","formatter-AST结构+全文端口/打包/消费者语义人工核对；C002/C006及已接受豁免详见报告","固定合同域；默认IDAC8/epoch4，未泛化为任意参数数值签核"
"ppg_normal_transaction_fork","C:/Users/DAWN/.codex/visualizations/2026/10/02/01a0fd16-9489-7e50-a7b6-a1178fd92bf1/ppg_audit/snapshot/rtl/ppg_normal_transaction_fork/ppg_normal_transaction_fork.v","120","output","false","[C_IDAC_CODE_WIDTH - 1:0]","o_measurement_dc_code_snapshot","C16","C:/Users/DAWN/.codex/visualizations/2026/10/02/01a0fd16-9489-7e50-a7b6-a1178fd92bf1/ppg_audit/snapshot/contracts/PPG_NORMAL_FORK_IDAC_TRACKING_AMB_RECHECK_INTERFACE_CONTRACT.md","完成","formatter-AST结构+全文端口/打包/消费者语义人工核对；C002/C006及已接受豁免详见报告","固定合同域；默认IDAC8/epoch4，未泛化为任意参数数值签核"
"ppg_normal_transaction_fork","C:/Users/DAWN/.codex/visualizations/2026/10/02/01a0fd16-9489-7e50-a7b6-a1178fd92bf1/ppg_audit/snapshot/rtl/ppg_normal_transaction_fork/ppg_normal_transaction_fork.v","121","output","false","[C_CODE_EPOCH_WIDTH - 1:0]","o_measurement_amb_code_epoch","C16","C:/Users/DAWN/.codex/visualizations/2026/10/02/01a0fd16-9489-7e50-a7b6-a1178fd92bf1/ppg_audit/snapshot/contracts/PPG_NORMAL_FORK_IDAC_TRACKING_AMB_RECHECK_INTERFACE_CONTRACT.md","完成","formatter-AST结构+全文端口/打包/消费者语义人工核对；C002/C006及已接受豁免详见报告","固定合同域；默认IDAC8/epoch4，未泛化为任意参数数值签核"
"ppg_normal_transaction_fork","C:/Users/DAWN/.codex/visualizations/2026/10/02/01a0fd16-9489-7e50-a7b6-a1178fd92bf1/ppg_audit/snapshot/rtl/ppg_normal_transaction_fork/ppg_normal_transaction_fork.v","122","output","false","[C_CODE_EPOCH_WIDTH - 1:0]","o_measurement_dc_code_epoch","C16","C:/Users/DAWN/.codex/visualizations/2026/10/02/01a0fd16-9489-7e50-a7b6-a1178fd92bf1/ppg_audit/snapshot/contracts/PPG_NORMAL_FORK_IDAC_TRACKING_AMB_RECHECK_INTERFACE_CONTRACT.md","完成","formatter-AST结构+全文端口/打包/消费者语义人工核对；C002/C006及已接受豁免详见报告","固定合同域；默认IDAC8/epoch4，未泛化为任意参数数值签核"
"ppg_normal_transaction_fork","C:/Users/DAWN/.codex/visualizations/2026/10/02/01a0fd16-9489-7e50-a7b6-a1178fd92bf1/ppg_audit/snapshot/rtl/ppg_normal_transaction_fork/ppg_normal_transaction_fork.v","123","output","false","[C_RUN_GENERATION_WIDTH - 1:0]","o_measurement_run_generation","C16","C:/Users/DAWN/.codex/visualizations/2026/10/02/01a0fd16-9489-7e50-a7b6-a1178fd92bf1/ppg_audit/snapshot/contracts/PPG_NORMAL_FORK_IDAC_TRACKING_AMB_RECHECK_INTERFACE_CONTRACT.md","完成","formatter-AST结构+全文端口/打包/消费者语义人工核对；C002/C006及已接受豁免详见报告","固定合同域；默认IDAC8/epoch4，未泛化为任意参数数值签核"
"ppg_normal_transaction_fork","C:/Users/DAWN/.codex/visualizations/2026/10/02/01a0fd16-9489-7e50-a7b6-a1178fd92bf1/ppg_audit/snapshot/rtl/ppg_normal_transaction_fork/ppg_normal_transaction_fork.v","126","input","false","","i_track_ready","C16","C:/Users/DAWN/.codex/visualizations/2026/10/02/01a0fd16-9489-7e50-a7b6-a1178fd92bf1/ppg_audit/snapshot/contracts/PPG_NORMAL_FORK_IDAC_TRACKING_AMB_RECHECK_INTERFACE_CONTRACT.md","完成","formatter-AST结构+全文端口/打包/消费者语义人工核对；C002/C006及已接受豁免详见报告","固定合同域；默认IDAC8/epoch4，未泛化为任意参数数值签核"
"ppg_normal_transaction_fork","C:/Users/DAWN/.codex/visualizations/2026/10/02/01a0fd16-9489-7e50-a7b6-a1178fd92bf1/ppg_audit/snapshot/rtl/ppg_normal_transaction_fork/ppg_normal_transaction_fork.v","127","output","false","","o_track_valid","C16","C:/Users/DAWN/.codex/visualizations/2026/10/02/01a0fd16-9489-7e50-a7b6-a1178fd92bf1/ppg_audit/snapshot/contracts/PPG_NORMAL_FORK_IDAC_TRACKING_AMB_RECHECK_INTERFACE_CONTRACT.md","完成","formatter-AST结构+全文端口/打包/消费者语义人工核对；C002/C006及已接受豁免详见报告","固定合同域；默认IDAC8/epoch4，未泛化为任意参数数值签核"
"ppg_normal_transaction_fork","C:/Users/DAWN/.codex/visualizations/2026/10/02/01a0fd16-9489-7e50-a7b6-a1178fd92bf1/ppg_audit/snapshot/rtl/ppg_normal_transaction_fork/ppg_normal_transaction_fork.v","128","output","true","[11:0]","o_track_calibrated_s1_value","C16","C:/Users/DAWN/.codex/visualizations/2026/10/02/01a0fd16-9489-7e50-a7b6-a1178fd92bf1/ppg_audit/snapshot/contracts/PPG_NORMAL_FORK_IDAC_TRACKING_AMB_RECHECK_INTERFACE_CONTRACT.md","完成","formatter-AST结构+全文端口/打包/消费者语义人工核对；C002/C006及已接受豁免详见报告","固定合同域；默认IDAC8/epoch4，未泛化为任意参数数值签核"
"ppg_normal_transaction_fork","C:/Users/DAWN/.codex/visualizations/2026/10/02/01a0fd16-9489-7e50-a7b6-a1178fd92bf1/ppg_audit/snapshot/rtl/ppg_normal_transaction_fork/ppg_normal_transaction_fork.v","129","output","false","","o_track_calibration_applied","C16","C:/Users/DAWN/.codex/visualizations/2026/10/02/01a0fd16-9489-7e50-a7b6-a1178fd92bf1/ppg_audit/snapshot/contracts/PPG_NORMAL_FORK_IDAC_TRACKING_AMB_RECHECK_INTERFACE_CONTRACT.md","完成","formatter-AST结构+全文端口/打包/消费者语义人工核对；C002/C006及已接受豁免详见报告","固定合同域；默认IDAC8/epoch4，未泛化为任意参数数值签核"
"ppg_normal_transaction_fork","C:/Users/DAWN/.codex/visualizations/2026/10/02/01a0fd16-9489-7e50-a7b6-a1178fd92bf1/ppg_audit/snapshot/rtl/ppg_normal_transaction_fork/ppg_normal_transaction_fork.v","130","output","false","","o_track_saturation_low","C16","C:/Users/DAWN/.codex/visualizations/2026/10/02/01a0fd16-9489-7e50-a7b6-a1178fd92bf1/ppg_audit/snapshot/contracts/PPG_NORMAL_FORK_IDAC_TRACKING_AMB_RECHECK_INTERFACE_CONTRACT.md","完成","formatter-AST结构+全文端口/打包/消费者语义人工核对；C002/C006及已接受豁免详见报告","固定合同域；默认IDAC8/epoch4，未泛化为任意参数数值签核"
"ppg_normal_transaction_fork","C:/Users/DAWN/.codex/visualizations/2026/10/02/01a0fd16-9489-7e50-a7b6-a1178fd92bf1/ppg_audit/snapshot/rtl/ppg_normal_transaction_fork/ppg_normal_transaction_fork.v","131","output","false","","o_track_saturation_high","C16","C:/Users/DAWN/.codex/visualizations/2026/10/02/01a0fd16-9489-7e50-a7b6-a1178fd92bf1/ppg_audit/snapshot/contracts/PPG_NORMAL_FORK_IDAC_TRACKING_AMB_RECHECK_INTERFACE_CONTRACT.md","完成","formatter-AST结构+全文端口/打包/消费者语义人工核对；C002/C006及已接受豁免详见报告","固定合同域；默认IDAC8/epoch4，未泛化为任意参数数值签核"
"ppg_normal_transaction_fork","C:/Users/DAWN/.codex/visualizations/2026/10/02/01a0fd16-9489-7e50-a7b6-a1178fd92bf1/ppg_audit/snapshot/rtl/ppg_normal_transaction_fork/ppg_normal_transaction_fork.v","132","output","false","[C_CONFIG_EPOCH_WIDTH - 1:0]","o_track_config_epoch","C16","C:/Users/DAWN/.codex/visualizations/2026/10/02/01a0fd16-9489-7e50-a7b6-a1178fd92bf1/ppg_audit/snapshot/contracts/PPG_NORMAL_FORK_IDAC_TRACKING_AMB_RECHECK_INTERFACE_CONTRACT.md","完成","formatter-AST结构+全文端口/打包/消费者语义人工核对；C002/C006及已接受豁免详见报告","固定合同域；默认IDAC8/epoch4，未泛化为任意参数数值签核"
"ppg_normal_transaction_fork","C:/Users/DAWN/.codex/visualizations/2026/10/02/01a0fd16-9489-7e50-a7b6-a1178fd92bf1/ppg_audit/snapshot/rtl/ppg_normal_transaction_fork/ppg_normal_transaction_fork.v","133","output","false","[C_COEF_EPOCH_WIDTH - 1:0]","o_track_coef_epoch","C16","C:/Users/DAWN/.codex/visualizations/2026/10/02/01a0fd16-9489-7e50-a7b6-a1178fd92bf1/ppg_audit/snapshot/contracts/PPG_NORMAL_FORK_IDAC_TRACKING_AMB_RECHECK_INTERFACE_CONTRACT.md","完成","formatter-AST结构+全文端口/打包/消费者语义人工核对；C002/C006及已接受豁免详见报告","固定合同域；默认IDAC8/epoch4，未泛化为任意参数数值签核"
"ppg_normal_transaction_fork","C:/Users/DAWN/.codex/visualizations/2026/10/02/01a0fd16-9489-7e50-a7b6-a1178fd92bf1/ppg_audit/snapshot/rtl/ppg_normal_transaction_fork/ppg_normal_transaction_fork.v","134","output","false","","o_track_precision_mode","C16","C:/Users/DAWN/.codex/visualizations/2026/10/02/01a0fd16-9489-7e50-a7b6-a1178fd92bf1/ppg_audit/snapshot/contracts/PPG_NORMAL_FORK_IDAC_TRACKING_AMB_RECHECK_INTERFACE_CONTRACT.md","完成","formatter-AST结构+全文端口/打包/消费者语义人工核对；C002/C006及已接受豁免详见报告","固定合同域；默认IDAC8/epoch4，未泛化为任意参数数值签核"
"ppg_normal_transaction_fork","C:/Users/DAWN/.codex/visualizations/2026/10/02/01a0fd16-9489-7e50-a7b6-a1178fd92bf1/ppg_audit/snapshot/rtl/ppg_normal_transaction_fork/ppg_normal_transaction_fork.v","135","output","false","[C_FRAME_ID_WIDTH - 1:0]","o_track_frame_id","C16","C:/Users/DAWN/.codex/visualizations/2026/10/02/01a0fd16-9489-7e50-a7b6-a1178fd92bf1/ppg_audit/snapshot/contracts/PPG_NORMAL_FORK_IDAC_TRACKING_AMB_RECHECK_INTERFACE_CONTRACT.md","完成","formatter-AST结构+全文端口/打包/消费者语义人工核对；C002/C006及已接受豁免详见报告","固定合同域；默认IDAC8/epoch4，未泛化为任意参数数值签核"
"ppg_normal_transaction_fork","C:/Users/DAWN/.codex/visualizations/2026/10/02/01a0fd16-9489-7e50-a7b6-a1178fd92bf1/ppg_audit/snapshot/rtl/ppg_normal_transaction_fork/ppg_normal_transaction_fork.v","136","output","false","[C_SAMPLE_INDEX_WIDTH - 1:0]","o_track_sample_index","C16","C:/Users/DAWN/.codex/visualizations/2026/10/02/01a0fd16-9489-7e50-a7b6-a1178fd92bf1/ppg_audit/snapshot/contracts/PPG_NORMAL_FORK_IDAC_TRACKING_AMB_RECHECK_INTERFACE_CONTRACT.md","完成","formatter-AST结构+全文端口/打包/消费者语义人工核对；C002/C006及已接受豁免详见报告","固定合同域；默认IDAC8/epoch4，未泛化为任意参数数值签核"
"ppg_normal_transaction_fork","C:/Users/DAWN/.codex/visualizations/2026/10/02/01a0fd16-9489-7e50-a7b6-a1178fd92bf1/ppg_audit/snapshot/rtl/ppg_normal_transaction_fork/ppg_normal_transaction_fork.v","137","output","false","","o_track_color_ir","C16","C:/Users/DAWN/.codex/visualizations/2026/10/02/01a0fd16-9489-7e50-a7b6-a1178fd92bf1/ppg_audit/snapshot/contracts/PPG_NORMAL_FORK_IDAC_TRACKING_AMB_RECHECK_INTERFACE_CONTRACT.md","完成","formatter-AST结构+全文端口/打包/消费者语义人工核对；C002/C006及已接受豁免详见报告","固定合同域；默认IDAC8/epoch4，未泛化为任意参数数值签核"
"ppg_normal_transaction_fork","C:/Users/DAWN/.codex/visualizations/2026/10/02/01a0fd16-9489-7e50-a7b6-a1178fd92bf1/ppg_audit/snapshot/rtl/ppg_normal_transaction_fork/ppg_normal_transaction_fork.v","138","output","false","[1:0]","o_track_frame_type","C16","C:/Users/DAWN/.codex/visualizations/2026/10/02/01a0fd16-9489-7e50-a7b6-a1178fd92bf1/ppg_audit/snapshot/contracts/PPG_NORMAL_FORK_IDAC_TRACKING_AMB_RECHECK_INTERFACE_CONTRACT.md","完成","formatter-AST结构+全文端口/打包/消费者语义人工核对；C002/C006及已接受豁免详见报告","固定合同域；默认IDAC8/epoch4，未泛化为任意参数数值签核"
"ppg_normal_transaction_fork","C:/Users/DAWN/.codex/visualizations/2026/10/02/01a0fd16-9489-7e50-a7b6-a1178fd92bf1/ppg_audit/snapshot/rtl/ppg_normal_transaction_fork/ppg_normal_transaction_fork.v","139","output","false","[C_IDAC_CODE_WIDTH - 1:0]","o_track_amb_code_snapshot","C16","C:/Users/DAWN/.codex/visualizations/2026/10/02/01a0fd16-9489-7e50-a7b6-a1178fd92bf1/ppg_audit/snapshot/contracts/PPG_NORMAL_FORK_IDAC_TRACKING_AMB_RECHECK_INTERFACE_CONTRACT.md","完成","formatter-AST结构+全文端口/打包/消费者语义人工核对；C002/C006及已接受豁免详见报告","固定合同域；默认IDAC8/epoch4，未泛化为任意参数数值签核"
"ppg_normal_transaction_fork","C:/Users/DAWN/.codex/visualizations/2026/10/02/01a0fd16-9489-7e50-a7b6-a1178fd92bf1/ppg_audit/snapshot/rtl/ppg_normal_transaction_fork/ppg_normal_transaction_fork.v","140","output","false","[C_IDAC_CODE_WIDTH - 1:0]","o_track_dc_code_snapshot","C16","C:/Users/DAWN/.codex/visualizations/2026/10/02/01a0fd16-9489-7e50-a7b6-a1178fd92bf1/ppg_audit/snapshot/contracts/PPG_NORMAL_FORK_IDAC_TRACKING_AMB_RECHECK_INTERFACE_CONTRACT.md","完成","formatter-AST结构+全文端口/打包/消费者语义人工核对；C002/C006及已接受豁免详见报告","固定合同域；默认IDAC8/epoch4，未泛化为任意参数数值签核"
"ppg_normal_transaction_fork","C:/Users/DAWN/.codex/visualizations/2026/10/02/01a0fd16-9489-7e50-a7b6-a1178fd92bf1/ppg_audit/snapshot/rtl/ppg_normal_transaction_fork/ppg_normal_transaction_fork.v","141","output","false","[C_CODE_EPOCH_WIDTH - 1:0]","o_track_amb_code_epoch","C16","C:/Users/DAWN/.codex/visualizations/2026/10/02/01a0fd16-9489-7e50-a7b6-a1178fd92bf1/ppg_audit/snapshot/contracts/PPG_NORMAL_FORK_IDAC_TRACKING_AMB_RECHECK_INTERFACE_CONTRACT.md","完成","formatter-AST结构+全文端口/打包/消费者语义人工核对；C002/C006及已接受豁免详见报告","固定合同域；默认IDAC8/epoch4，未泛化为任意参数数值签核"
"ppg_normal_transaction_fork","C:/Users/DAWN/.codex/visualizations/2026/10/02/01a0fd16-9489-7e50-a7b6-a1178fd92bf1/ppg_audit/snapshot/rtl/ppg_normal_transaction_fork/ppg_normal_transaction_fork.v","142","output","false","[C_CODE_EPOCH_WIDTH - 1:0]","o_track_dc_code_epoch","C16","C:/Users/DAWN/.codex/visualizations/2026/10/02/01a0fd16-9489-7e50-a7b6-a1178fd92bf1/ppg_audit/snapshot/contracts/PPG_NORMAL_FORK_IDAC_TRACKING_AMB_RECHECK_INTERFACE_CONTRACT.md","完成","formatter-AST结构+全文端口/打包/消费者语义人工核对；C002/C006及已接受豁免详见报告","固定合同域；默认IDAC8/epoch4，未泛化为任意参数数值签核"
"ppg_normal_transaction_fork","C:/Users/DAWN/.codex/visualizations/2026/10/02/01a0fd16-9489-7e50-a7b6-a1178fd92bf1/ppg_audit/snapshot/rtl/ppg_normal_transaction_fork/ppg_normal_transaction_fork.v","143","output","false","[C_RUN_GENERATION_WIDTH - 1:0]","o_tracking_run_generation","C16","C:/Users/DAWN/.codex/visualizations/2026/10/02/01a0fd16-9489-7e50-a7b6-a1178fd92bf1/ppg_audit/snapshot/contracts/PPG_NORMAL_FORK_IDAC_TRACKING_AMB_RECHECK_INTERFACE_CONTRACT.md","完成","formatter-AST结构+全文端口/打包/消费者语义人工核对；C002/C006及已接受豁免详见报告","固定合同域；默认IDAC8/epoch4，未泛化为任意参数数值签核"
"ppg_normal_transaction_fork","C:/Users/DAWN/.codex/visualizations/2026/10/02/01a0fd16-9489-7e50-a7b6-a1178fd92bf1/ppg_audit/snapshot/rtl/ppg_normal_transaction_fork/ppg_normal_transaction_fork.v","146","output","false","","o_local_empty","C16","C:/Users/DAWN/.codex/visualizations/2026/10/02/01a0fd16-9489-7e50-a7b6-a1178fd92bf1/ppg_audit/snapshot/contracts/PPG_NORMAL_FORK_IDAC_TRACKING_AMB_RECHECK_INTERFACE_CONTRACT.md","完成","formatter-AST结构+全文端口/打包/消费者语义人工核对；C002/C006及已接受豁免详见报告","固定合同域；默认IDAC8/epoch4，未泛化为任意参数数值签核"
"ppg_peak_valley_window_detector","C:/Users/DAWN/.codex/visualizations/2026/10/02/01a0fd16-9489-7e50-a7b6-a1178fd92bf1/ppg_audit/snapshot/rtl/ppg_peak_valley_window_detector/ppg_peak_valley_window_detector.v","70","input","false","","i_clk","C22","C:/Users/DAWN/.codex/visualizations/2026/10/02/01a0fd16-9489-7e50-a7b6-a1178fd92bf1/ppg_audit/snapshot/contracts/PPG_PEAK_VALLEY_WINDOW_DETECTOR_INTERFACE_CONTRACT.md","完成","formatter-AST结构+全文端口/打包/消费者语义人工核对；C002/C006及已接受豁免详见报告","固定合同域；默认IDAC8/epoch4，未泛化为任意参数数值签核"
"ppg_peak_valley_window_detector","C:/Users/DAWN/.codex/visualizations/2026/10/02/01a0fd16-9489-7e50-a7b6-a1178fd92bf1/ppg_audit/snapshot/rtl/ppg_peak_valley_window_detector/ppg_peak_valley_window_detector.v","71","input","false","","i_rstn","C22","C:/Users/DAWN/.codex/visualizations/2026/10/02/01a0fd16-9489-7e50-a7b6-a1178fd92bf1/ppg_audit/snapshot/contracts/PPG_PEAK_VALLEY_WINDOW_DETECTOR_INTERFACE_CONTRACT.md","完成","formatter-AST结构+全文端口/打包/消费者语义人工核对；C002/C006及已接受豁免详见报告","固定合同域；默认IDAC8/epoch4，未泛化为任意参数数值签核"
"ppg_peak_valley_window_detector","C:/Users/DAWN/.codex/visualizations/2026/10/02/01a0fd16-9489-7e50-a7b6-a1178fd92bf1/ppg_audit/snapshot/rtl/ppg_peak_valley_window_detector/ppg_peak_valley_window_detector.v","74","input","false","","i_run_enable","C22","C:/Users/DAWN/.codex/visualizations/2026/10/02/01a0fd16-9489-7e50-a7b6-a1178fd92bf1/ppg_audit/snapshot/contracts/PPG_PEAK_VALLEY_WINDOW_DETECTOR_INTERFACE_CONTRACT.md","完成","formatter-AST结构+全文端口/打包/消费者语义人工核对；C002/C006及已接受豁免详见报告","固定合同域；默认IDAC8/epoch4，未泛化为任意参数数值签核"
"ppg_peak_valley_window_detector","C:/Users/DAWN/.codex/visualizations/2026/10/02/01a0fd16-9489-7e50-a7b6-a1178fd92bf1/ppg_audit/snapshot/rtl/ppg_peak_valley_window_detector/ppg_peak_valley_window_detector.v","75","input","false","","i_start_ack_event","C22","C:/Users/DAWN/.codex/visualizations/2026/10/02/01a0fd16-9489-7e50-a7b6-a1178fd92bf1/ppg_audit/snapshot/contracts/PPG_PEAK_VALLEY_WINDOW_DETECTOR_INTERFACE_CONTRACT.md","完成","formatter-AST结构+全文端口/打包/消费者语义人工核对；C002/C006及已接受豁免详见报告","固定合同域；默认IDAC8/epoch4，未泛化为任意参数数值签核"
"ppg_peak_valley_window_detector","C:/Users/DAWN/.codex/visualizations/2026/10/02/01a0fd16-9489-7e50-a7b6-a1178fd92bf1/ppg_audit/snapshot/rtl/ppg_peak_valley_window_detector/ppg_peak_valley_window_detector.v","76","input","false","","i_diag_clear_event","C22","C:/Users/DAWN/.codex/visualizations/2026/10/02/01a0fd16-9489-7e50-a7b6-a1178fd92bf1/ppg_audit/snapshot/contracts/PPG_PEAK_VALLEY_WINDOW_DETECTOR_INTERFACE_CONTRACT.md","完成","formatter-AST结构+全文端口/打包/消费者语义人工核对；C002/C006及已接受豁免详见报告","固定合同域；默认IDAC8/epoch4，未泛化为任意参数数值签核"
"ppg_peak_valley_window_detector","C:/Users/DAWN/.codex/visualizations/2026/10/02/01a0fd16-9489-7e50-a7b6-a1178fd92bf1/ppg_audit/snapshot/rtl/ppg_peak_valley_window_detector/ppg_peak_valley_window_detector.v","77","input","false","","i_recheck_accept_event","C22","C:/Users/DAWN/.codex/visualizations/2026/10/02/01a0fd16-9489-7e50-a7b6-a1178fd92bf1/ppg_audit/snapshot/contracts/PPG_PEAK_VALLEY_WINDOW_DETECTOR_INTERFACE_CONTRACT.md","完成","formatter-AST结构+全文端口/打包/消费者语义人工核对；C002/C006及已接受豁免详见报告","固定合同域；默认IDAC8/epoch4，未泛化为任意参数数值签核"
"ppg_peak_valley_window_detector","C:/Users/DAWN/.codex/visualizations/2026/10/02/01a0fd16-9489-7e50-a7b6-a1178fd92bf1/ppg_audit/snapshot/rtl/ppg_peak_valley_window_detector/ppg_peak_valley_window_detector.v","78","input","false","","i_recheck_busy","C22","C:/Users/DAWN/.codex/visualizations/2026/10/02/01a0fd16-9489-7e50-a7b6-a1178fd92bf1/ppg_audit/snapshot/contracts/PPG_PEAK_VALLEY_WINDOW_DETECTOR_INTERFACE_CONTRACT.md","完成","formatter-AST结构+全文端口/打包/消费者语义人工核对；C002/C006及已接受豁免详见报告","固定合同域；默认IDAC8/epoch4，未泛化为任意参数数值签核"
"ppg_peak_valley_window_detector","C:/Users/DAWN/.codex/visualizations/2026/10/02/01a0fd16-9489-7e50-a7b6-a1178fd92bf1/ppg_audit/snapshot/rtl/ppg_peak_valley_window_detector/ppg_peak_valley_window_detector.v","79","input","false","","i_recheck_done_event","C22","C:/Users/DAWN/.codex/visualizations/2026/10/02/01a0fd16-9489-7e50-a7b6-a1178fd92bf1/ppg_audit/snapshot/contracts/PPG_PEAK_VALLEY_WINDOW_DETECTOR_INTERFACE_CONTRACT.md","完成","formatter-AST结构+全文端口/打包/消费者语义人工核对；C002/C006及已接受豁免详见报告","固定合同域；默认IDAC8/epoch4，未泛化为任意参数数值签核"
"ppg_peak_valley_window_detector","C:/Users/DAWN/.codex/visualizations/2026/10/02/01a0fd16-9489-7e50-a7b6-a1178fd92bf1/ppg_audit/snapshot/rtl/ppg_peak_valley_window_detector/ppg_peak_valley_window_detector.v","80","input","false","","i_recheck_success","C22","C:/Users/DAWN/.codex/visualizations/2026/10/02/01a0fd16-9489-7e50-a7b6-a1178fd92bf1/ppg_audit/snapshot/contracts/PPG_PEAK_VALLEY_WINDOW_DETECTOR_INTERFACE_CONTRACT.md","完成","formatter-AST结构+全文端口/打包/消费者语义人工核对；C002/C006及已接受豁免详见报告","固定合同域；默认IDAC8/epoch4，未泛化为任意参数数值签核"
"ppg_peak_valley_window_detector","C:/Users/DAWN/.codex/visualizations/2026/10/02/01a0fd16-9489-7e50-a7b6-a1178fd92bf1/ppg_audit/snapshot/rtl/ppg_peak_valley_window_detector/ppg_peak_valley_window_detector.v","81","input","false","","i_reacquire_active","C22","C:/Users/DAWN/.codex/visualizations/2026/10/02/01a0fd16-9489-7e50-a7b6-a1178fd92bf1/ppg_audit/snapshot/contracts/PPG_PEAK_VALLEY_WINDOW_DETECTOR_INTERFACE_CONTRACT.md","完成","formatter-AST结构+全文端口/打包/消费者语义人工核对；C002/C006及已接受豁免详见报告","固定合同域；默认IDAC8/epoch4，未泛化为任意参数数值签核"
"ppg_peak_valley_window_detector","C:/Users/DAWN/.codex/visualizations/2026/10/02/01a0fd16-9489-7e50-a7b6-a1178fd92bf1/ppg_audit/snapshot/rtl/ppg_peak_valley_window_detector/ppg_peak_valley_window_detector.v","84","input","false","","i_detection_discard_event","C22","C:/Users/DAWN/.codex/visualizations/2026/10/02/01a0fd16-9489-7e50-a7b6-a1178fd92bf1/ppg_audit/snapshot/contracts/PPG_PEAK_VALLEY_WINDOW_DETECTOR_INTERFACE_CONTRACT.md","完成","formatter-AST结构+全文端口/打包/消费者语义人工核对；C002/C006及已接受豁免详见报告","固定合同域；默认IDAC8/epoch4，未泛化为任意参数数值签核"
"ppg_peak_valley_window_detector","C:/Users/DAWN/.codex/visualizations/2026/10/02/01a0fd16-9489-7e50-a7b6-a1178fd92bf1/ppg_audit/snapshot/rtl/ppg_peak_valley_window_detector/ppg_peak_valley_window_detector.v","85","input","false","[1:0]","i_detection_discard_reason","C22","C:/Users/DAWN/.codex/visualizations/2026/10/02/01a0fd16-9489-7e50-a7b6-a1178fd92bf1/ppg_audit/snapshot/contracts/PPG_PEAK_VALLEY_WINDOW_DETECTOR_INTERFACE_CONTRACT.md","完成","formatter-AST结构+全文端口/打包/消费者语义人工核对；C002/C006及已接受豁免详见报告","固定合同域；默认IDAC8/epoch4，未泛化为任意参数数值签核"
"ppg_peak_valley_window_detector","C:/Users/DAWN/.codex/visualizations/2026/10/02/01a0fd16-9489-7e50-a7b6-a1178fd92bf1/ppg_audit/snapshot/rtl/ppg_peak_valley_window_detector/ppg_peak_valley_window_detector.v","86","input","false","","i_detection_discard_identity_valid","C22","C:/Users/DAWN/.codex/visualizations/2026/10/02/01a0fd16-9489-7e50-a7b6-a1178fd92bf1/ppg_audit/snapshot/contracts/PPG_PEAK_VALLEY_WINDOW_DETECTOR_INTERFACE_CONTRACT.md","完成","formatter-AST结构+全文端口/打包/消费者语义人工核对；C002/C006及已接受豁免详见报告","固定合同域；默认IDAC8/epoch4，未泛化为任意参数数值签核"
"ppg_peak_valley_window_detector","C:/Users/DAWN/.codex/visualizations/2026/10/02/01a0fd16-9489-7e50-a7b6-a1178fd92bf1/ppg_audit/snapshot/rtl/ppg_peak_valley_window_detector/ppg_peak_valley_window_detector.v","87","input","false","","i_detection_discard_sample_valid","C22","C:/Users/DAWN/.codex/visualizations/2026/10/02/01a0fd16-9489-7e50-a7b6-a1178fd92bf1/ppg_audit/snapshot/contracts/PPG_PEAK_VALLEY_WINDOW_DETECTOR_INTERFACE_CONTRACT.md","完成","formatter-AST结构+全文端口/打包/消费者语义人工核对；C002/C006及已接受豁免详见报告","固定合同域；默认IDAC8/epoch4，未泛化为任意参数数值签核"
"ppg_peak_valley_window_detector","C:/Users/DAWN/.codex/visualizations/2026/10/02/01a0fd16-9489-7e50-a7b6-a1178fd92bf1/ppg_audit/snapshot/rtl/ppg_peak_valley_window_detector/ppg_peak_valley_window_detector.v","88","input","false","[C_FRAME_ID_WIDTH - 1:0]","i_detection_discard_frame_id","C22","C:/Users/DAWN/.codex/visualizations/2026/10/02/01a0fd16-9489-7e50-a7b6-a1178fd92bf1/ppg_audit/snapshot/contracts/PPG_PEAK_VALLEY_WINDOW_DETECTOR_INTERFACE_CONTRACT.md","完成","formatter-AST结构+全文端口/打包/消费者语义人工核对；C002/C006及已接受豁免详见报告","固定合同域；默认IDAC8/epoch4，未泛化为任意参数数值签核"
"ppg_peak_valley_window_detector","C:/Users/DAWN/.codex/visualizations/2026/10/02/01a0fd16-9489-7e50-a7b6-a1178fd92bf1/ppg_audit/snapshot/rtl/ppg_peak_valley_window_detector/ppg_peak_valley_window_detector.v","89","input","false","[C_SAMPLE_INDEX_WIDTH - 1:0]","i_detection_discard_sample_index","C22","C:/Users/DAWN/.codex/visualizations/2026/10/02/01a0fd16-9489-7e50-a7b6-a1178fd92bf1/ppg_audit/snapshot/contracts/PPG_PEAK_VALLEY_WINDOW_DETECTOR_INTERFACE_CONTRACT.md","完成","formatter-AST结构+全文端口/打包/消费者语义人工核对；C002/C006及已接受豁免详见报告","固定合同域；默认IDAC8/epoch4，未泛化为任意参数数值签核"
"ppg_peak_valley_window_detector","C:/Users/DAWN/.codex/visualizations/2026/10/02/01a0fd16-9489-7e50-a7b6-a1178fd92bf1/ppg_audit/snapshot/rtl/ppg_peak_valley_window_detector/ppg_peak_valley_window_detector.v","90","input","false","","i_detection_discard_color_ir","C22","C:/Users/DAWN/.codex/visualizations/2026/10/02/01a0fd16-9489-7e50-a7b6-a1178fd92bf1/ppg_audit/snapshot/contracts/PPG_PEAK_VALLEY_WINDOW_DETECTOR_INTERFACE_CONTRACT.md","完成","formatter-AST结构+全文端口/打包/消费者语义人工核对；C002/C006及已接受豁免详见报告","固定合同域；默认IDAC8/epoch4，未泛化为任意参数数值签核"
"ppg_peak_valley_window_detector","C:/Users/DAWN/.codex/visualizations/2026/10/02/01a0fd16-9489-7e50-a7b6-a1178fd92bf1/ppg_audit/snapshot/rtl/ppg_peak_valley_window_detector/ppg_peak_valley_window_detector.v","91","input","false","[1:0]","i_detection_discard_frame_type","C22","C:/Users/DAWN/.codex/visualizations/2026/10/02/01a0fd16-9489-7e50-a7b6-a1178fd92bf1/ppg_audit/snapshot/contracts/PPG_PEAK_VALLEY_WINDOW_DETECTOR_INTERFACE_CONTRACT.md","完成","formatter-AST结构+全文端口/打包/消费者语义人工核对；C002/C006及已接受豁免详见报告","固定合同域；默认IDAC8/epoch4，未泛化为任意参数数值签核"
"ppg_peak_valley_window_detector","C:/Users/DAWN/.codex/visualizations/2026/10/02/01a0fd16-9489-7e50-a7b6-a1178fd92bf1/ppg_audit/snapshot/rtl/ppg_peak_valley_window_detector/ppg_peak_valley_window_detector.v","92","input","false","","i_detection_discard_precision","C22","C:/Users/DAWN/.codex/visualizations/2026/10/02/01a0fd16-9489-7e50-a7b6-a1178fd92bf1/ppg_audit/snapshot/contracts/PPG_PEAK_VALLEY_WINDOW_DETECTOR_INTERFACE_CONTRACT.md","完成","formatter-AST结构+全文端口/打包/消费者语义人工核对；C002/C006及已接受豁免详见报告","固定合同域；默认IDAC8/epoch4，未泛化为任意参数数值签核"
"ppg_peak_valley_window_detector","C:/Users/DAWN/.codex/visualizations/2026/10/02/01a0fd16-9489-7e50-a7b6-a1178fd92bf1/ppg_audit/snapshot/rtl/ppg_peak_valley_window_detector/ppg_peak_valley_window_detector.v","93","input","false","[C_CONFIG_EPOCH_WIDTH - 1:0]","i_detection_discard_config_epoch","C22","C:/Users/DAWN/.codex/visualizations/2026/10/02/01a0fd16-9489-7e50-a7b6-a1178fd92bf1/ppg_audit/snapshot/contracts/PPG_PEAK_VALLEY_WINDOW_DETECTOR_INTERFACE_CONTRACT.md","完成","formatter-AST结构+全文端口/打包/消费者语义人工核对；C002/C006及已接受豁免详见报告","固定合同域；默认IDAC8/epoch4，未泛化为任意参数数值签核"
"ppg_peak_valley_window_detector","C:/Users/DAWN/.codex/visualizations/2026/10/02/01a0fd16-9489-7e50-a7b6-a1178fd92bf1/ppg_audit/snapshot/rtl/ppg_peak_valley_window_detector/ppg_peak_valley_window_detector.v","94","input","false","[C_COEF_EPOCH_WIDTH - 1:0]","i_detection_discard_coef_epoch","C22","C:/Users/DAWN/.codex/visualizations/2026/10/02/01a0fd16-9489-7e50-a7b6-a1178fd92bf1/ppg_audit/snapshot/contracts/PPG_PEAK_VALLEY_WINDOW_DETECTOR_INTERFACE_CONTRACT.md","完成","formatter-AST结构+全文端口/打包/消费者语义人工核对；C002/C006及已接受豁免详见报告","固定合同域；默认IDAC8/epoch4，未泛化为任意参数数值签核"
"ppg_peak_valley_window_detector","C:/Users/DAWN/.codex/visualizations/2026/10/02/01a0fd16-9489-7e50-a7b6-a1178fd92bf1/ppg_audit/snapshot/rtl/ppg_peak_valley_window_detector/ppg_peak_valley_window_detector.v","95","input","false","[C_DC_RECOVERY_EPOCH_WIDTH - 1:0]","i_detection_discard_dc_recovery_epoch","C22","C:/Users/DAWN/.codex/visualizations/2026/10/02/01a0fd16-9489-7e50-a7b6-a1178fd92bf1/ppg_audit/snapshot/contracts/PPG_PEAK_VALLEY_WINDOW_DETECTOR_INTERFACE_CONTRACT.md","完成","formatter-AST结构+全文端口/打包/消费者语义人工核对；C002/C006及已接受豁免详见报告","固定合同域；默认IDAC8/epoch4，未泛化为任意参数数值签核"
"ppg_peak_valley_window_detector","C:/Users/DAWN/.codex/visualizations/2026/10/02/01a0fd16-9489-7e50-a7b6-a1178fd92bf1/ppg_audit/snapshot/rtl/ppg_peak_valley_window_detector/ppg_peak_valley_window_detector.v","96","input","false","[C_CODE_EPOCH_WIDTH - 1:0]","i_detection_discard_amb_code_epoch","C22","C:/Users/DAWN/.codex/visualizations/2026/10/02/01a0fd16-9489-7e50-a7b6-a1178fd92bf1/ppg_audit/snapshot/contracts/PPG_PEAK_VALLEY_WINDOW_DETECTOR_INTERFACE_CONTRACT.md","完成","formatter-AST结构+全文端口/打包/消费者语义人工核对；C002/C006及已接受豁免详见报告","固定合同域；默认IDAC8/epoch4，未泛化为任意参数数值签核"
"ppg_peak_valley_window_detector","C:/Users/DAWN/.codex/visualizations/2026/10/02/01a0fd16-9489-7e50-a7b6-a1178fd92bf1/ppg_audit/snapshot/rtl/ppg_peak_valley_window_detector/ppg_peak_valley_window_detector.v","97","input","false","[C_CODE_EPOCH_WIDTH - 1:0]","i_detection_discard_dc_code_epoch","C22","C:/Users/DAWN/.codex/visualizations/2026/10/02/01a0fd16-9489-7e50-a7b6-a1178fd92bf1/ppg_audit/snapshot/contracts/PPG_PEAK_VALLEY_WINDOW_DETECTOR_INTERFACE_CONTRACT.md","完成","formatter-AST结构+全文端口/打包/消费者语义人工核对；C002/C006及已接受豁免详见报告","固定合同域；默认IDAC8/epoch4，未泛化为任意参数数值签核"
"ppg_peak_valley_window_detector","C:/Users/DAWN/.codex/visualizations/2026/10/02/01a0fd16-9489-7e50-a7b6-a1178fd92bf1/ppg_audit/snapshot/rtl/ppg_peak_valley_window_detector/ppg_peak_valley_window_detector.v","98","input","false","[C_RUN_GENERATION_WIDTH - 1:0]","i_detection_discard_run_generation","C22","C:/Users/DAWN/.codex/visualizations/2026/10/02/01a0fd16-9489-7e50-a7b6-a1178fd92bf1/ppg_audit/snapshot/contracts/PPG_PEAK_VALLEY_WINDOW_DETECTOR_INTERFACE_CONTRACT.md","完成","formatter-AST结构+全文端口/打包/消费者语义人工核对；C002/C006及已接受豁免详见报告","固定合同域；默认IDAC8/epoch4，未泛化为任意参数数值签核"
"ppg_peak_valley_window_detector","C:/Users/DAWN/.codex/visualizations/2026/10/02/01a0fd16-9489-7e50-a7b6-a1178fd92bf1/ppg_audit/snapshot/rtl/ppg_peak_valley_window_detector/ppg_peak_valley_window_detector.v","99","input","false","[C_RUN_GENERATION_WIDTH - 1:0]","i_run_generation","C22","C:/Users/DAWN/.codex/visualizations/2026/10/02/01a0fd16-9489-7e50-a7b6-a1178fd92bf1/ppg_audit/snapshot/contracts/PPG_PEAK_VALLEY_WINDOW_DETECTOR_INTERFACE_CONTRACT.md","完成","formatter-AST结构+全文端口/打包/消费者语义人工核对；C002/C006及已接受豁免详见报告","固定合同域；默认IDAC8/epoch4，未泛化为任意参数数值签核"
"ppg_peak_valley_window_detector","C:/Users/DAWN/.codex/visualizations/2026/10/02/01a0fd16-9489-7e50-a7b6-a1178fd92bf1/ppg_audit/snapshot/rtl/ppg_peak_valley_window_detector/ppg_peak_valley_window_detector.v","100","output","false","","o_local_empty","C22","C:/Users/DAWN/.codex/visualizations/2026/10/02/01a0fd16-9489-7e50-a7b6-a1178fd92bf1/ppg_audit/snapshot/contracts/PPG_PEAK_VALLEY_WINDOW_DETECTOR_INTERFACE_CONTRACT.md","完成","formatter-AST结构+全文端口/打包/消费者语义人工核对；C002/C006及已接受豁免详见报告","固定合同域；默认IDAC8/epoch4，未泛化为任意参数数值签核"
"ppg_peak_valley_window_detector","C:/Users/DAWN/.codex/visualizations/2026/10/02/01a0fd16-9489-7e50-a7b6-a1178fd92bf1/ppg_audit/snapshot/rtl/ppg_peak_valley_window_detector/ppg_peak_valley_window_detector.v","103","input","false","[C_CONFIRM_COUNT_WIDTH - 1:0]","i_peak_confirm_count","C22","C:/Users/DAWN/.codex/visualizations/2026/10/02/01a0fd16-9489-7e50-a7b6-a1178fd92bf1/ppg_audit/snapshot/contracts/PPG_PEAK_VALLEY_WINDOW_DETECTOR_INTERFACE_CONTRACT.md","完成","formatter-AST结构+全文端口/打包/消费者语义人工核对；C002/C006及已接受豁免详见报告","固定合同域；默认IDAC8/epoch4，未泛化为任意参数数值签核"
"ppg_peak_valley_window_detector","C:/Users/DAWN/.codex/visualizations/2026/10/02/01a0fd16-9489-7e50-a7b6-a1178fd92bf1/ppg_audit/snapshot/rtl/ppg_peak_valley_window_detector/ppg_peak_valley_window_detector.v","104","input","false","[C_CONFIRM_COUNT_WIDTH - 1:0]","i_valley_confirm_count","C22","C:/Users/DAWN/.codex/visualizations/2026/10/02/01a0fd16-9489-7e50-a7b6-a1178fd92bf1/ppg_audit/snapshot/contracts/PPG_PEAK_VALLEY_WINDOW_DETECTOR_INTERFACE_CONTRACT.md","完成","formatter-AST结构+全文端口/打包/消费者语义人工核对；C002/C006及已接受豁免详见报告","固定合同域；默认IDAC8/epoch4，未泛化为任意参数数值签核"
"ppg_peak_valley_window_detector","C:/Users/DAWN/.codex/visualizations/2026/10/02/01a0fd16-9489-7e50-a7b6-a1178fd92bf1/ppg_audit/snapshot/rtl/ppg_peak_valley_window_detector/ppg_peak_valley_window_detector.v","105","input","false","[C_DATA_WIDTH - 1:0]","i_direction_deadband","C22","C:/Users/DAWN/.codex/visualizations/2026/10/02/01a0fd16-9489-7e50-a7b6-a1178fd92bf1/ppg_audit/snapshot/contracts/PPG_PEAK_VALLEY_WINDOW_DETECTOR_INTERFACE_CONTRACT.md","完成","formatter-AST结构+全文端口/打包/消费者语义人工核对；C002/C006及已接受豁免详见报告","固定合同域；默认IDAC8/epoch4，未泛化为任意参数数值签核"
"ppg_peak_valley_window_detector","C:/Users/DAWN/.codex/visualizations/2026/10/02/01a0fd16-9489-7e50-a7b6-a1178fd92bf1/ppg_audit/snapshot/rtl/ppg_peak_valley_window_detector/ppg_peak_valley_window_detector.v","106","input","false","[C_DATA_WIDTH - 1:0]","i_min_peak_valley_amplitude","C22","C:/Users/DAWN/.codex/visualizations/2026/10/02/01a0fd16-9489-7e50-a7b6-a1178fd92bf1/ppg_audit/snapshot/contracts/PPG_PEAK_VALLEY_WINDOW_DETECTOR_INTERFACE_CONTRACT.md","完成","formatter-AST结构+全文端口/打包/消费者语义人工核对；C002/C006及已接受豁免详见报告","固定合同域；默认IDAC8/epoch4，未泛化为任意参数数值签核"
"ppg_peak_valley_window_detector","C:/Users/DAWN/.codex/visualizations/2026/10/02/01a0fd16-9489-7e50-a7b6-a1178fd92bf1/ppg_audit/snapshot/rtl/ppg_peak_valley_window_detector/ppg_peak_valley_window_detector.v","107","input","false","[C_INTERVAL_WIDTH - 1:0]","i_min_peak_to_valley_frames","C22","C:/Users/DAWN/.codex/visualizations/2026/10/02/01a0fd16-9489-7e50-a7b6-a1178fd92bf1/ppg_audit/snapshot/contracts/PPG_PEAK_VALLEY_WINDOW_DETECTOR_INTERFACE_CONTRACT.md","完成","formatter-AST结构+全文端口/打包/消费者语义人工核对；C002/C006及已接受豁免详见报告","固定合同域；默认IDAC8/epoch4，未泛化为任意参数数值签核"
"ppg_peak_valley_window_detector","C:/Users/DAWN/.codex/visualizations/2026/10/02/01a0fd16-9489-7e50-a7b6-a1178fd92bf1/ppg_audit/snapshot/rtl/ppg_peak_valley_window_detector/ppg_peak_valley_window_detector.v","108","input","false","[C_INTERVAL_WIDTH - 1:0]","i_min_peak_to_peak_frames","C22","C:/Users/DAWN/.codex/visualizations/2026/10/02/01a0fd16-9489-7e50-a7b6-a1178fd92bf1/ppg_audit/snapshot/contracts/PPG_PEAK_VALLEY_WINDOW_DETECTOR_INTERFACE_CONTRACT.md","完成","formatter-AST结构+全文端口/打包/消费者语义人工核对；C002/C006及已接受豁免详见报告","固定合同域；默认IDAC8/epoch4，未泛化为任意参数数值签核"
"ppg_peak_valley_window_detector","C:/Users/DAWN/.codex/visualizations/2026/10/02/01a0fd16-9489-7e50-a7b6-a1178fd92bf1/ppg_audit/snapshot/rtl/ppg_peak_valley_window_detector/ppg_peak_valley_window_detector.v","109","input","false","[C_INTERVAL_WIDTH - 1:0]","i_max_fine_window_frames","C22","C:/Users/DAWN/.codex/visualizations/2026/10/02/01a0fd16-9489-7e50-a7b6-a1178fd92bf1/ppg_audit/snapshot/contracts/PPG_PEAK_VALLEY_WINDOW_DETECTOR_INTERFACE_CONTRACT.md","完成","formatter-AST结构+全文端口/打包/消费者语义人工核对；C002/C006及已接受豁免详见报告","固定合同域；默认IDAC8/epoch4，未泛化为任意参数数值签核"
"ppg_peak_valley_window_detector","C:/Users/DAWN/.codex/visualizations/2026/10/02/01a0fd16-9489-7e50-a7b6-a1178fd92bf1/ppg_audit/snapshot/rtl/ppg_peak_valley_window_detector/ppg_peak_valley_window_detector.v","110","input","false","[C_INTERVAL_WIDTH - 1:0]","i_max_reacquire_frames","C22","C:/Users/DAWN/.codex/visualizations/2026/10/02/01a0fd16-9489-7e50-a7b6-a1178fd92bf1/ppg_audit/snapshot/contracts/PPG_PEAK_VALLEY_WINDOW_DETECTOR_INTERFACE_CONTRACT.md","完成","formatter-AST结构+全文端口/打包/消费者语义人工核对；C002/C006及已接受豁免详见报告","固定合同域；默认IDAC8/epoch4，未泛化为任意参数数值签核"
"ppg_peak_valley_window_detector","C:/Users/DAWN/.codex/visualizations/2026/10/02/01a0fd16-9489-7e50-a7b6-a1178fd92bf1/ppg_audit/snapshot/rtl/ppg_peak_valley_window_detector/ppg_peak_valley_window_detector.v","111","input","false","","i_peak_valley_config_valid","C22","C:/Users/DAWN/.codex/visualizations/2026/10/02/01a0fd16-9489-7e50-a7b6-a1178fd92bf1/ppg_audit/snapshot/contracts/PPG_PEAK_VALLEY_WINDOW_DETECTOR_INTERFACE_CONTRACT.md","完成","formatter-AST结构+全文端口/打包/消费者语义人工核对；C002/C006及已接受豁免详见报告","固定合同域；默认IDAC8/epoch4，未泛化为任意参数数值签核"
"ppg_peak_valley_window_detector","C:/Users/DAWN/.codex/visualizations/2026/10/02/01a0fd16-9489-7e50-a7b6-a1178fd92bf1/ppg_audit/snapshot/rtl/ppg_peak_valley_window_detector/ppg_peak_valley_window_detector.v","112","input","false","","i_characterization_mode","C22","C:/Users/DAWN/.codex/visualizations/2026/10/02/01a0fd16-9489-7e50-a7b6-a1178fd92bf1/ppg_audit/snapshot/contracts/PPG_PEAK_VALLEY_WINDOW_DETECTOR_INTERFACE_CONTRACT.md","完成","formatter-AST结构+全文端口/打包/消费者语义人工核对；C002/C006及已接受豁免详见报告","固定合同域；默认IDAC8/epoch4，未泛化为任意参数数值签核"
"ppg_peak_valley_window_detector","C:/Users/DAWN/.codex/visualizations/2026/10/02/01a0fd16-9489-7e50-a7b6-a1178fd92bf1/ppg_audit/snapshot/rtl/ppg_peak_valley_window_detector/ppg_peak_valley_window_detector.v","115","input","false","","i_result_valid","C22","C:/Users/DAWN/.codex/visualizations/2026/10/02/01a0fd16-9489-7e50-a7b6-a1178fd92bf1/ppg_audit/snapshot/contracts/PPG_PEAK_VALLEY_WINDOW_DETECTOR_INTERFACE_CONTRACT.md","完成","formatter-AST结构+全文端口/打包/消费者语义人工核对；C002/C006及已接受豁免详见报告","固定合同域；默认IDAC8/epoch4，未泛化为任意参数数值签核"
"ppg_peak_valley_window_detector","C:/Users/DAWN/.codex/visualizations/2026/10/02/01a0fd16-9489-7e50-a7b6-a1178fd92bf1/ppg_audit/snapshot/rtl/ppg_peak_valley_window_detector/ppg_peak_valley_window_detector.v","116","output","false","","o_result_ready","C22","C:/Users/DAWN/.codex/visualizations/2026/10/02/01a0fd16-9489-7e50-a7b6-a1178fd92bf1/ppg_audit/snapshot/contracts/PPG_PEAK_VALLEY_WINDOW_DETECTOR_INTERFACE_CONTRACT.md","完成","formatter-AST结构+全文端口/打包/消费者语义人工核对；C002/C006及已接受豁免详见报告","固定合同域；默认IDAC8/epoch4，未泛化为任意参数数值签核"
"ppg_peak_valley_window_detector","C:/Users/DAWN/.codex/visualizations/2026/10/02/01a0fd16-9489-7e50-a7b6-a1178fd92bf1/ppg_audit/snapshot/rtl/ppg_peak_valley_window_detector/ppg_peak_valley_window_detector.v","117","input","true","[C_DATA_WIDTH - 1:0]","i_filtered_ppg_value","C22","C:/Users/DAWN/.codex/visualizations/2026/10/02/01a0fd16-9489-7e50-a7b6-a1178fd92bf1/ppg_audit/snapshot/contracts/PPG_PEAK_VALLEY_WINDOW_DETECTOR_INTERFACE_CONTRACT.md","完成","formatter-AST结构+全文端口/打包/消费者语义人工核对；C002/C006及已接受豁免详见报告","固定合同域；默认IDAC8/epoch4，未泛化为任意参数数值签核"
"ppg_peak_valley_window_detector","C:/Users/DAWN/.codex/visualizations/2026/10/02/01a0fd16-9489-7e50-a7b6-a1178fd92bf1/ppg_audit/snapshot/rtl/ppg_peak_valley_window_detector/ppg_peak_valley_window_detector.v","118","input","false","","i_detection_qualified","C22","C:/Users/DAWN/.codex/visualizations/2026/10/02/01a0fd16-9489-7e50-a7b6-a1178fd92bf1/ppg_audit/snapshot/contracts/PPG_PEAK_VALLEY_WINDOW_DETECTOR_INTERFACE_CONTRACT.md","完成","formatter-AST结构+全文端口/打包/消费者语义人工核对；C002/C006及已接受豁免详见报告","固定合同域；默认IDAC8/epoch4，未泛化为任意参数数值签核"
"ppg_peak_valley_window_detector","C:/Users/DAWN/.codex/visualizations/2026/10/02/01a0fd16-9489-7e50-a7b6-a1178fd92bf1/ppg_audit/snapshot/rtl/ppg_peak_valley_window_detector/ppg_peak_valley_window_detector.v","119","input","false","","i_window_saturation_low","C22","C:/Users/DAWN/.codex/visualizations/2026/10/02/01a0fd16-9489-7e50-a7b6-a1178fd92bf1/ppg_audit/snapshot/contracts/PPG_PEAK_VALLEY_WINDOW_DETECTOR_INTERFACE_CONTRACT.md","完成","formatter-AST结构+全文端口/打包/消费者语义人工核对；C002/C006及已接受豁免详见报告","固定合同域；默认IDAC8/epoch4，未泛化为任意参数数值签核"
"ppg_peak_valley_window_detector","C:/Users/DAWN/.codex/visualizations/2026/10/02/01a0fd16-9489-7e50-a7b6-a1178fd92bf1/ppg_audit/snapshot/rtl/ppg_peak_valley_window_detector/ppg_peak_valley_window_detector.v","120","input","false","","i_window_saturation_high","C22","C:/Users/DAWN/.codex/visualizations/2026/10/02/01a0fd16-9489-7e50-a7b6-a1178fd92bf1/ppg_audit/snapshot/contracts/PPG_PEAK_VALLEY_WINDOW_DETECTOR_INTERFACE_CONTRACT.md","完成","formatter-AST结构+全文端口/打包/消费者语义人工核对；C002/C006及已接受豁免详见报告","固定合同域；默认IDAC8/epoch4，未泛化为任意参数数值签核"
"ppg_peak_valley_window_detector","C:/Users/DAWN/.codex/visualizations/2026/10/02/01a0fd16-9489-7e50-a7b6-a1178fd92bf1/ppg_audit/snapshot/rtl/ppg_peak_valley_window_detector/ppg_peak_valley_window_detector.v","121","input","false","","i_fir_saturation_low","C22","C:/Users/DAWN/.codex/visualizations/2026/10/02/01a0fd16-9489-7e50-a7b6-a1178fd92bf1/ppg_audit/snapshot/contracts/PPG_PEAK_VALLEY_WINDOW_DETECTOR_INTERFACE_CONTRACT.md","完成","formatter-AST结构+全文端口/打包/消费者语义人工核对；C002/C006及已接受豁免详见报告","固定合同域；默认IDAC8/epoch4，未泛化为任意参数数值签核"
"ppg_peak_valley_window_detector","C:/Users/DAWN/.codex/visualizations/2026/10/02/01a0fd16-9489-7e50-a7b6-a1178fd92bf1/ppg_audit/snapshot/rtl/ppg_peak_valley_window_detector/ppg_peak_valley_window_detector.v","122","input","false","","i_fir_saturation_high","C22","C:/Users/DAWN/.codex/visualizations/2026/10/02/01a0fd16-9489-7e50-a7b6-a1178fd92bf1/ppg_audit/snapshot/contracts/PPG_PEAK_VALLEY_WINDOW_DETECTOR_INTERFACE_CONTRACT.md","完成","formatter-AST结构+全文端口/打包/消费者语义人工核对；C002/C006及已接受豁免详见报告","固定合同域；默认IDAC8/epoch4，未泛化为任意参数数值签核"
"ppg_peak_valley_window_detector","C:/Users/DAWN/.codex/visualizations/2026/10/02/01a0fd16-9489-7e50-a7b6-a1178fd92bf1/ppg_audit/snapshot/rtl/ppg_peak_valley_window_detector/ppg_peak_valley_window_detector.v","123","input","false","[C_CONFIG_EPOCH_WIDTH - 1:0]","i_config_epoch","C22","C:/Users/DAWN/.codex/visualizations/2026/10/02/01a0fd16-9489-7e50-a7b6-a1178fd92bf1/ppg_audit/snapshot/contracts/PPG_PEAK_VALLEY_WINDOW_DETECTOR_INTERFACE_CONTRACT.md","完成","formatter-AST结构+全文端口/打包/消费者语义人工核对；C002/C006及已接受豁免详见报告","固定合同域；默认IDAC8/epoch4，未泛化为任意参数数值签核"
"ppg_peak_valley_window_detector","C:/Users/DAWN/.codex/visualizations/2026/10/02/01a0fd16-9489-7e50-a7b6-a1178fd92bf1/ppg_audit/snapshot/rtl/ppg_peak_valley_window_detector/ppg_peak_valley_window_detector.v","124","input","false","[C_COEF_EPOCH_WIDTH - 1:0]","i_coef_epoch","C22","C:/Users/DAWN/.codex/visualizations/2026/10/02/01a0fd16-9489-7e50-a7b6-a1178fd92bf1/ppg_audit/snapshot/contracts/PPG_PEAK_VALLEY_WINDOW_DETECTOR_INTERFACE_CONTRACT.md","完成","formatter-AST结构+全文端口/打包/消费者语义人工核对；C002/C006及已接受豁免详见报告","固定合同域；默认IDAC8/epoch4，未泛化为任意参数数值签核"
"ppg_peak_valley_window_detector","C:/Users/DAWN/.codex/visualizations/2026/10/02/01a0fd16-9489-7e50-a7b6-a1178fd92bf1/ppg_audit/snapshot/rtl/ppg_peak_valley_window_detector/ppg_peak_valley_window_detector.v","125","input","false","[C_DC_RECOVERY_EPOCH_WIDTH - 1:0]","i_dc_recovery_coef_epoch","C22","C:/Users/DAWN/.codex/visualizations/2026/10/02/01a0fd16-9489-7e50-a7b6-a1178fd92bf1/ppg_audit/snapshot/contracts/PPG_PEAK_VALLEY_WINDOW_DETECTOR_INTERFACE_CONTRACT.md","完成","formatter-AST结构+全文端口/打包/消费者语义人工核对；C002/C006及已接受豁免详见报告","固定合同域；默认IDAC8/epoch4，未泛化为任意参数数值签核"
"ppg_peak_valley_window_detector","C:/Users/DAWN/.codex/visualizations/2026/10/02/01a0fd16-9489-7e50-a7b6-a1178fd92bf1/ppg_audit/snapshot/rtl/ppg_peak_valley_window_detector/ppg_peak_valley_window_detector.v","126","input","false","","i_precision_mode","C22","C:/Users/DAWN/.codex/visualizations/2026/10/02/01a0fd16-9489-7e50-a7b6-a1178fd92bf1/ppg_audit/snapshot/contracts/PPG_PEAK_VALLEY_WINDOW_DETECTOR_INTERFACE_CONTRACT.md","完成","formatter-AST结构+全文端口/打包/消费者语义人工核对；C002/C006及已接受豁免详见报告","固定合同域；默认IDAC8/epoch4，未泛化为任意参数数值签核"
"ppg_peak_valley_window_detector","C:/Users/DAWN/.codex/visualizations/2026/10/02/01a0fd16-9489-7e50-a7b6-a1178fd92bf1/ppg_audit/snapshot/rtl/ppg_peak_valley_window_detector/ppg_peak_valley_window_detector.v","127","input","false","[C_FRAME_ID_WIDTH - 1:0]","i_frame_id","C22","C:/Users/DAWN/.codex/visualizations/2026/10/02/01a0fd16-9489-7e50-a7b6-a1178fd92bf1/ppg_audit/snapshot/contracts/PPG_PEAK_VALLEY_WINDOW_DETECTOR_INTERFACE_CONTRACT.md","完成","formatter-AST结构+全文端口/打包/消费者语义人工核对；C002/C006及已接受豁免详见报告","固定合同域；默认IDAC8/epoch4，未泛化为任意参数数值签核"
"ppg_peak_valley_window_detector","C:/Users/DAWN/.codex/visualizations/2026/10/02/01a0fd16-9489-7e50-a7b6-a1178fd92bf1/ppg_audit/snapshot/rtl/ppg_peak_valley_window_detector/ppg_peak_valley_window_detector.v","128","input","false","[C_SAMPLE_INDEX_WIDTH - 1:0]","i_sample_index","C22","C:/Users/DAWN/.codex/visualizations/2026/10/02/01a0fd16-9489-7e50-a7b6-a1178fd92bf1/ppg_audit/snapshot/contracts/PPG_PEAK_VALLEY_WINDOW_DETECTOR_INTERFACE_CONTRACT.md","完成","formatter-AST结构+全文端口/打包/消费者语义人工核对；C002/C006及已接受豁免详见报告","固定合同域；默认IDAC8/epoch4，未泛化为任意参数数值签核"
"ppg_peak_valley_window_detector","C:/Users/DAWN/.codex/visualizations/2026/10/02/01a0fd16-9489-7e50-a7b6-a1178fd92bf1/ppg_audit/snapshot/rtl/ppg_peak_valley_window_detector/ppg_peak_valley_window_detector.v","129","input","false","","i_color_ir","C22","C:/Users/DAWN/.codex/visualizations/2026/10/02/01a0fd16-9489-7e50-a7b6-a1178fd92bf1/ppg_audit/snapshot/contracts/PPG_PEAK_VALLEY_WINDOW_DETECTOR_INTERFACE_CONTRACT.md","完成","formatter-AST结构+全文端口/打包/消费者语义人工核对；C002/C006及已接受豁免详见报告","固定合同域；默认IDAC8/epoch4，未泛化为任意参数数值签核"
"ppg_peak_valley_window_detector","C:/Users/DAWN/.codex/visualizations/2026/10/02/01a0fd16-9489-7e50-a7b6-a1178fd92bf1/ppg_audit/snapshot/rtl/ppg_peak_valley_window_detector/ppg_peak_valley_window_detector.v","130","input","false","[1:0]","i_frame_type","C22","C:/Users/DAWN/.codex/visualizations/2026/10/02/01a0fd16-9489-7e50-a7b6-a1178fd92bf1/ppg_audit/snapshot/contracts/PPG_PEAK_VALLEY_WINDOW_DETECTOR_INTERFACE_CONTRACT.md","完成","formatter-AST结构+全文端口/打包/消费者语义人工核对；C002/C006及已接受豁免详见报告","固定合同域；默认IDAC8/epoch4，未泛化为任意参数数值签核"
"ppg_peak_valley_window_detector","C:/Users/DAWN/.codex/visualizations/2026/10/02/01a0fd16-9489-7e50-a7b6-a1178fd92bf1/ppg_audit/snapshot/rtl/ppg_peak_valley_window_detector/ppg_peak_valley_window_detector.v","133","input","false","","i_fine_window_start_event","C22","C:/Users/DAWN/.codex/visualizations/2026/10/02/01a0fd16-9489-7e50-a7b6-a1178fd92bf1/ppg_audit/snapshot/contracts/PPG_PEAK_VALLEY_WINDOW_DETECTOR_INTERFACE_CONTRACT.md","完成","formatter-AST结构+全文端口/打包/消费者语义人工核对；C002/C006及已接受豁免详见报告","固定合同域；默认IDAC8/epoch4，未泛化为任意参数数值签核"
"ppg_peak_valley_window_detector","C:/Users/DAWN/.codex/visualizations/2026/10/02/01a0fd16-9489-7e50-a7b6-a1178fd92bf1/ppg_audit/snapshot/rtl/ppg_peak_valley_window_detector/ppg_peak_valley_window_detector.v","134","input","false","[C_FRAME_ID_WIDTH - 1:0]","i_fine_window_start_frame_id","C22","C:/Users/DAWN/.codex/visualizations/2026/10/02/01a0fd16-9489-7e50-a7b6-a1178fd92bf1/ppg_audit/snapshot/contracts/PPG_PEAK_VALLEY_WINDOW_DETECTOR_INTERFACE_CONTRACT.md","完成","formatter-AST结构+全文端口/打包/消费者语义人工核对；C002/C006及已接受豁免详见报告","固定合同域；默认IDAC8/epoch4，未泛化为任意参数数值签核"
"ppg_peak_valley_window_detector","C:/Users/DAWN/.codex/visualizations/2026/10/02/01a0fd16-9489-7e50-a7b6-a1178fd92bf1/ppg_audit/snapshot/rtl/ppg_peak_valley_window_detector/ppg_peak_valley_window_detector.v","135","input","false","","i_active_precision_mode","C22","C:/Users/DAWN/.codex/visualizations/2026/10/02/01a0fd16-9489-7e50-a7b6-a1178fd92bf1/ppg_audit/snapshot/contracts/PPG_PEAK_VALLEY_WINDOW_DETECTOR_INTERFACE_CONTRACT.md","完成","formatter-AST结构+全文端口/打包/消费者语义人工核对；C002/C006及已接受豁免详见报告","固定合同域；默认IDAC8/epoch4，未泛化为任意参数数值签核"
"ppg_peak_valley_window_detector","C:/Users/DAWN/.codex/visualizations/2026/10/02/01a0fd16-9489-7e50-a7b6-a1178fd92bf1/ppg_audit/snapshot/rtl/ppg_peak_valley_window_detector/ppg_peak_valley_window_detector.v","136","output","false","","o_return_9bit_valid","C22","C:/Users/DAWN/.codex/visualizations/2026/10/02/01a0fd16-9489-7e50-a7b6-a1178fd92bf1/ppg_audit/snapshot/contracts/PPG_PEAK_VALLEY_WINDOW_DETECTOR_INTERFACE_CONTRACT.md","完成","formatter-AST结构+全文端口/打包/消费者语义人工核对；C002/C006及已接受豁免详见报告","固定合同域；默认IDAC8/epoch4，未泛化为任意参数数值签核"
"ppg_peak_valley_window_detector","C:/Users/DAWN/.codex/visualizations/2026/10/02/01a0fd16-9489-7e50-a7b6-a1178fd92bf1/ppg_audit/snapshot/rtl/ppg_peak_valley_window_detector/ppg_peak_valley_window_detector.v","137","input","false","","i_return_9bit_ready","C22","C:/Users/DAWN/.codex/visualizations/2026/10/02/01a0fd16-9489-7e50-a7b6-a1178fd92bf1/ppg_audit/snapshot/contracts/PPG_PEAK_VALLEY_WINDOW_DETECTOR_INTERFACE_CONTRACT.md","完成","formatter-AST结构+全文端口/打包/消费者语义人工核对；C002/C006及已接受豁免详见报告","固定合同域；默认IDAC8/epoch4，未泛化为任意参数数值签核"
"ppg_peak_valley_window_detector","C:/Users/DAWN/.codex/visualizations/2026/10/02/01a0fd16-9489-7e50-a7b6-a1178fd92bf1/ppg_audit/snapshot/rtl/ppg_peak_valley_window_detector/ppg_peak_valley_window_detector.v","138","output","false","[1:0]","o_return_reason","C22","C:/Users/DAWN/.codex/visualizations/2026/10/02/01a0fd16-9489-7e50-a7b6-a1178fd92bf1/ppg_audit/snapshot/contracts/PPG_PEAK_VALLEY_WINDOW_DETECTOR_INTERFACE_CONTRACT.md","完成","formatter-AST结构+全文端口/打包/消费者语义人工核对；C002/C006及已接受豁免详见报告","固定合同域；默认IDAC8/epoch4，未泛化为任意参数数值签核"
"ppg_peak_valley_window_detector","C:/Users/DAWN/.codex/visualizations/2026/10/02/01a0fd16-9489-7e50-a7b6-a1178fd92bf1/ppg_audit/snapshot/rtl/ppg_peak_valley_window_detector/ppg_peak_valley_window_detector.v","139","output","false","[C_FRAME_ID_WIDTH - 1:0]","o_return_frame_id","C22","C:/Users/DAWN/.codex/visualizations/2026/10/02/01a0fd16-9489-7e50-a7b6-a1178fd92bf1/ppg_audit/snapshot/contracts/PPG_PEAK_VALLEY_WINDOW_DETECTOR_INTERFACE_CONTRACT.md","完成","formatter-AST结构+全文端口/打包/消费者语义人工核对；C002/C006及已接受豁免详见报告","固定合同域；默认IDAC8/epoch4，未泛化为任意参数数值签核"
"ppg_peak_valley_window_detector","C:/Users/DAWN/.codex/visualizations/2026/10/02/01a0fd16-9489-7e50-a7b6-a1178fd92bf1/ppg_audit/snapshot/rtl/ppg_peak_valley_window_detector/ppg_peak_valley_window_detector.v","144","output","false","","o_peak_valid","C22","C:/Users/DAWN/.codex/visualizations/2026/10/02/01a0fd16-9489-7e50-a7b6-a1178fd92bf1/ppg_audit/snapshot/contracts/PPG_PEAK_VALLEY_WINDOW_DETECTOR_INTERFACE_CONTRACT.md","完成","formatter-AST结构+全文端口/打包/消费者语义人工核对；C002/C006及已接受豁免详见报告","固定合同域；默认IDAC8/epoch4，未泛化为任意参数数值签核"
"ppg_peak_valley_window_detector","C:/Users/DAWN/.codex/visualizations/2026/10/02/01a0fd16-9489-7e50-a7b6-a1178fd92bf1/ppg_audit/snapshot/rtl/ppg_peak_valley_window_detector/ppg_peak_valley_window_detector.v","145","input","false","","i_peak_ready","C22","C:/Users/DAWN/.codex/visualizations/2026/10/02/01a0fd16-9489-7e50-a7b6-a1178fd92bf1/ppg_audit/snapshot/contracts/PPG_PEAK_VALLEY_WINDOW_DETECTOR_INTERFACE_CONTRACT.md","完成","formatter-AST结构+全文端口/打包/消费者语义人工核对；C002/C006及已接受豁免详见报告","固定合同域；默认IDAC8/epoch4，未泛化为任意参数数值签核"
"ppg_peak_valley_window_detector","C:/Users/DAWN/.codex/visualizations/2026/10/02/01a0fd16-9489-7e50-a7b6-a1178fd92bf1/ppg_audit/snapshot/rtl/ppg_peak_valley_window_detector/ppg_peak_valley_window_detector.v","146","output","true","[C_DATA_WIDTH - 1:0]","o_peak_value","C22","C:/Users/DAWN/.codex/visualizations/2026/10/02/01a0fd16-9489-7e50-a7b6-a1178fd92bf1/ppg_audit/snapshot/contracts/PPG_PEAK_VALLEY_WINDOW_DETECTOR_INTERFACE_CONTRACT.md","完成","formatter-AST结构+全文端口/打包/消费者语义人工核对；C002/C006及已接受豁免详见报告","固定合同域；默认IDAC8/epoch4，未泛化为任意参数数值签核"
"ppg_peak_valley_window_detector","C:/Users/DAWN/.codex/visualizations/2026/10/02/01a0fd16-9489-7e50-a7b6-a1178fd92bf1/ppg_audit/snapshot/rtl/ppg_peak_valley_window_detector/ppg_peak_valley_window_detector.v","147","output","false","[C_FRAME_ID_WIDTH - 1:0]","o_peak_frame_id","C22","C:/Users/DAWN/.codex/visualizations/2026/10/02/01a0fd16-9489-7e50-a7b6-a1178fd92bf1/ppg_audit/snapshot/contracts/PPG_PEAK_VALLEY_WINDOW_DETECTOR_INTERFACE_CONTRACT.md","完成","formatter-AST结构+全文端口/打包/消费者语义人工核对；C002/C006及已接受豁免详见报告","固定合同域；默认IDAC8/epoch4，未泛化为任意参数数值签核"
"ppg_peak_valley_window_detector","C:/Users/DAWN/.codex/visualizations/2026/10/02/01a0fd16-9489-7e50-a7b6-a1178fd92bf1/ppg_audit/snapshot/rtl/ppg_peak_valley_window_detector/ppg_peak_valley_window_detector.v","148","output","false","[C_SAMPLE_INDEX_WIDTH - 1:0]","o_peak_sample_index","C22","C:/Users/DAWN/.codex/visualizations/2026/10/02/01a0fd16-9489-7e50-a7b6-a1178fd92bf1/ppg_audit/snapshot/contracts/PPG_PEAK_VALLEY_WINDOW_DETECTOR_INTERFACE_CONTRACT.md","完成","formatter-AST结构+全文端口/打包/消费者语义人工核对；C002/C006及已接受豁免详见报告","固定合同域；默认IDAC8/epoch4，未泛化为任意参数数值签核"
"ppg_peak_valley_window_detector","C:/Users/DAWN/.codex/visualizations/2026/10/02/01a0fd16-9489-7e50-a7b6-a1178fd92bf1/ppg_audit/snapshot/rtl/ppg_peak_valley_window_detector/ppg_peak_valley_window_detector.v","149","output","false","[C_CONFIG_EPOCH_WIDTH - 1:0]","o_peak_config_epoch","C22","C:/Users/DAWN/.codex/visualizations/2026/10/02/01a0fd16-9489-7e50-a7b6-a1178fd92bf1/ppg_audit/snapshot/contracts/PPG_PEAK_VALLEY_WINDOW_DETECTOR_INTERFACE_CONTRACT.md","完成","formatter-AST结构+全文端口/打包/消费者语义人工核对；C002/C006及已接受豁免详见报告","固定合同域；默认IDAC8/epoch4，未泛化为任意参数数值签核"
"ppg_peak_valley_window_detector","C:/Users/DAWN/.codex/visualizations/2026/10/02/01a0fd16-9489-7e50-a7b6-a1178fd92bf1/ppg_audit/snapshot/rtl/ppg_peak_valley_window_detector/ppg_peak_valley_window_detector.v","150","output","false","[C_COEF_EPOCH_WIDTH - 1:0]","o_peak_coef_epoch","C22","C:/Users/DAWN/.codex/visualizations/2026/10/02/01a0fd16-9489-7e50-a7b6-a1178fd92bf1/ppg_audit/snapshot/contracts/PPG_PEAK_VALLEY_WINDOW_DETECTOR_INTERFACE_CONTRACT.md","完成","formatter-AST结构+全文端口/打包/消费者语义人工核对；C002/C006及已接受豁免详见报告","固定合同域；默认IDAC8/epoch4，未泛化为任意参数数值签核"
"ppg_peak_valley_window_detector","C:/Users/DAWN/.codex/visualizations/2026/10/02/01a0fd16-9489-7e50-a7b6-a1178fd92bf1/ppg_audit/snapshot/rtl/ppg_peak_valley_window_detector/ppg_peak_valley_window_detector.v","151","output","false","[C_DC_RECOVERY_EPOCH_WIDTH - 1:0]","o_peak_dc_recovery_coef_epoch","C22","C:/Users/DAWN/.codex/visualizations/2026/10/02/01a0fd16-9489-7e50-a7b6-a1178fd92bf1/ppg_audit/snapshot/contracts/PPG_PEAK_VALLEY_WINDOW_DETECTOR_INTERFACE_CONTRACT.md","完成","formatter-AST结构+全文端口/打包/消费者语义人工核对；C002/C006及已接受豁免详见报告","固定合同域；默认IDAC8/epoch4，未泛化为任意参数数值签核"
"ppg_peak_valley_window_detector","C:/Users/DAWN/.codex/visualizations/2026/10/02/01a0fd16-9489-7e50-a7b6-a1178fd92bf1/ppg_audit/snapshot/rtl/ppg_peak_valley_window_detector/ppg_peak_valley_window_detector.v","156","output","false","","o_valley_valid","C22","C:/Users/DAWN/.codex/visualizations/2026/10/02/01a0fd16-9489-7e50-a7b6-a1178fd92bf1/ppg_audit/snapshot/contracts/PPG_PEAK_VALLEY_WINDOW_DETECTOR_INTERFACE_CONTRACT.md","完成","formatter-AST结构+全文端口/打包/消费者语义人工核对；C002/C006及已接受豁免详见报告","固定合同域；默认IDAC8/epoch4，未泛化为任意参数数值签核"
"ppg_peak_valley_window_detector","C:/Users/DAWN/.codex/visualizations/2026/10/02/01a0fd16-9489-7e50-a7b6-a1178fd92bf1/ppg_audit/snapshot/rtl/ppg_peak_valley_window_detector/ppg_peak_valley_window_detector.v","157","input","false","","i_valley_ready","C22","C:/Users/DAWN/.codex/visualizations/2026/10/02/01a0fd16-9489-7e50-a7b6-a1178fd92bf1/ppg_audit/snapshot/contracts/PPG_PEAK_VALLEY_WINDOW_DETECTOR_INTERFACE_CONTRACT.md","完成","formatter-AST结构+全文端口/打包/消费者语义人工核对；C002/C006及已接受豁免详见报告","固定合同域；默认IDAC8/epoch4，未泛化为任意参数数值签核"
"ppg_peak_valley_window_detector","C:/Users/DAWN/.codex/visualizations/2026/10/02/01a0fd16-9489-7e50-a7b6-a1178fd92bf1/ppg_audit/snapshot/rtl/ppg_peak_valley_window_detector/ppg_peak_valley_window_detector.v","158","output","true","[C_DATA_WIDTH - 1:0]","o_valley_value","C22","C:/Users/DAWN/.codex/visualizations/2026/10/02/01a0fd16-9489-7e50-a7b6-a1178fd92bf1/ppg_audit/snapshot/contracts/PPG_PEAK_VALLEY_WINDOW_DETECTOR_INTERFACE_CONTRACT.md","完成","formatter-AST结构+全文端口/打包/消费者语义人工核对；C002/C006及已接受豁免详见报告","固定合同域；默认IDAC8/epoch4，未泛化为任意参数数值签核"
"ppg_peak_valley_window_detector","C:/Users/DAWN/.codex/visualizations/2026/10/02/01a0fd16-9489-7e50-a7b6-a1178fd92bf1/ppg_audit/snapshot/rtl/ppg_peak_valley_window_detector/ppg_peak_valley_window_detector.v","159","output","false","[C_FRAME_ID_WIDTH - 1:0]","o_valley_frame_id","C22","C:/Users/DAWN/.codex/visualizations/2026/10/02/01a0fd16-9489-7e50-a7b6-a1178fd92bf1/ppg_audit/snapshot/contracts/PPG_PEAK_VALLEY_WINDOW_DETECTOR_INTERFACE_CONTRACT.md","完成","formatter-AST结构+全文端口/打包/消费者语义人工核对；C002/C006及已接受豁免详见报告","固定合同域；默认IDAC8/epoch4，未泛化为任意参数数值签核"
"ppg_peak_valley_window_detector","C:/Users/DAWN/.codex/visualizations/2026/10/02/01a0fd16-9489-7e50-a7b6-a1178fd92bf1/ppg_audit/snapshot/rtl/ppg_peak_valley_window_detector/ppg_peak_valley_window_detector.v","160","output","false","[C_SAMPLE_INDEX_WIDTH - 1:0]","o_valley_sample_index","C22","C:/Users/DAWN/.codex/visualizations/2026/10/02/01a0fd16-9489-7e50-a7b6-a1178fd92bf1/ppg_audit/snapshot/contracts/PPG_PEAK_VALLEY_WINDOW_DETECTOR_INTERFACE_CONTRACT.md","完成","formatter-AST结构+全文端口/打包/消费者语义人工核对；C002/C006及已接受豁免详见报告","固定合同域；默认IDAC8/epoch4，未泛化为任意参数数值签核"
"ppg_peak_valley_window_detector","C:/Users/DAWN/.codex/visualizations/2026/10/02/01a0fd16-9489-7e50-a7b6-a1178fd92bf1/ppg_audit/snapshot/rtl/ppg_peak_valley_window_detector/ppg_peak_valley_window_detector.v","161","output","false","[C_CONFIG_EPOCH_WIDTH - 1:0]","o_valley_config_epoch","C22","C:/Users/DAWN/.codex/visualizations/2026/10/02/01a0fd16-9489-7e50-a7b6-a1178fd92bf1/ppg_audit/snapshot/contracts/PPG_PEAK_VALLEY_WINDOW_DETECTOR_INTERFACE_CONTRACT.md","完成","formatter-AST结构+全文端口/打包/消费者语义人工核对；C002/C006及已接受豁免详见报告","固定合同域；默认IDAC8/epoch4，未泛化为任意参数数值签核"
"ppg_peak_valley_window_detector","C:/Users/DAWN/.codex/visualizations/2026/10/02/01a0fd16-9489-7e50-a7b6-a1178fd92bf1/ppg_audit/snapshot/rtl/ppg_peak_valley_window_detector/ppg_peak_valley_window_detector.v","162","output","false","[C_COEF_EPOCH_WIDTH - 1:0]","o_valley_coef_epoch","C22","C:/Users/DAWN/.codex/visualizations/2026/10/02/01a0fd16-9489-7e50-a7b6-a1178fd92bf1/ppg_audit/snapshot/contracts/PPG_PEAK_VALLEY_WINDOW_DETECTOR_INTERFACE_CONTRACT.md","完成","formatter-AST结构+全文端口/打包/消费者语义人工核对；C002/C006及已接受豁免详见报告","固定合同域；默认IDAC8/epoch4，未泛化为任意参数数值签核"
"ppg_peak_valley_window_detector","C:/Users/DAWN/.codex/visualizations/2026/10/02/01a0fd16-9489-7e50-a7b6-a1178fd92bf1/ppg_audit/snapshot/rtl/ppg_peak_valley_window_detector/ppg_peak_valley_window_detector.v","163","output","false","[C_DC_RECOVERY_EPOCH_WIDTH - 1:0]","o_valley_dc_recovery_coef_epoch","C22","C:/Users/DAWN/.codex/visualizations/2026/10/02/01a0fd16-9489-7e50-a7b6-a1178fd92bf1/ppg_audit/snapshot/contracts/PPG_PEAK_VALLEY_WINDOW_DETECTOR_INTERFACE_CONTRACT.md","完成","formatter-AST结构+全文端口/打包/消费者语义人工核对；C002/C006及已接受豁免详见报告","固定合同域；默认IDAC8/epoch4，未泛化为任意参数数值签核"
"ppg_peak_valley_window_detector","C:/Users/DAWN/.codex/visualizations/2026/10/02/01a0fd16-9489-7e50-a7b6-a1178fd92bf1/ppg_audit/snapshot/rtl/ppg_peak_valley_window_detector/ppg_peak_valley_window_detector.v","166","output","false","","o_detector_idle","C22","C:/Users/DAWN/.codex/visualizations/2026/10/02/01a0fd16-9489-7e50-a7b6-a1178fd92bf1/ppg_audit/snapshot/contracts/PPG_PEAK_VALLEY_WINDOW_DETECTOR_INTERFACE_CONTRACT.md","完成","formatter-AST结构+全文端口/打包/消费者语义人工核对；C002/C006及已接受豁免详见报告","固定合同域；默认IDAC8/epoch4，未泛化为任意参数数值签核"
"ppg_peak_valley_window_detector","C:/Users/DAWN/.codex/visualizations/2026/10/02/01a0fd16-9489-7e50-a7b6-a1178fd92bf1/ppg_audit/snapshot/rtl/ppg_peak_valley_window_detector/ppg_peak_valley_window_detector.v","167","output","false","","o_fine_window_active","C22","C:/Users/DAWN/.codex/visualizations/2026/10/02/01a0fd16-9489-7e50-a7b6-a1178fd92bf1/ppg_audit/snapshot/contracts/PPG_PEAK_VALLEY_WINDOW_DETECTOR_INTERFACE_CONTRACT.md","完成","formatter-AST结构+全文端口/打包/消费者语义人工核对；C002/C006及已接受豁免详见报告","固定合同域；默认IDAC8/epoch4，未泛化为任意参数数值签核"
"ppg_peak_valley_window_detector","C:/Users/DAWN/.codex/visualizations/2026/10/02/01a0fd16-9489-7e50-a7b6-a1178fd92bf1/ppg_audit/snapshot/rtl/ppg_peak_valley_window_detector/ppg_peak_valley_window_detector.v","168","output","false","","o_reacquire_search_active","C22","C:/Users/DAWN/.codex/visualizations/2026/10/02/01a0fd16-9489-7e50-a7b6-a1178fd92bf1/ppg_audit/snapshot/contracts/PPG_PEAK_VALLEY_WINDOW_DETECTOR_INTERFACE_CONTRACT.md","完成","formatter-AST结构+全文端口/打包/消费者语义人工核对；C002/C006及已接受豁免详见报告","固定合同域；默认IDAC8/epoch4，未泛化为任意参数数值签核"
"ppg_peak_valley_window_detector","C:/Users/DAWN/.codex/visualizations/2026/10/02/01a0fd16-9489-7e50-a7b6-a1178fd92bf1/ppg_audit/snapshot/rtl/ppg_peak_valley_window_detector/ppg_peak_valley_window_detector.v","169","output","false","","o_fine_window_timeout_sticky","C22","C:/Users/DAWN/.codex/visualizations/2026/10/02/01a0fd16-9489-7e50-a7b6-a1178fd92bf1/ppg_audit/snapshot/contracts/PPG_PEAK_VALLEY_WINDOW_DETECTOR_INTERFACE_CONTRACT.md","完成","formatter-AST结构+全文端口/打包/消费者语义人工核对；C002/C006及已接受豁免详见报告","固定合同域；默认IDAC8/epoch4，未泛化为任意参数数值签核"
"ppg_peak_valley_window_detector","C:/Users/DAWN/.codex/visualizations/2026/10/02/01a0fd16-9489-7e50-a7b6-a1178fd92bf1/ppg_audit/snapshot/rtl/ppg_peak_valley_window_detector/ppg_peak_valley_window_detector.v","170","output","false","","o_reacquire_timeout_sticky","C22","C:/Users/DAWN/.codex/visualizations/2026/10/02/01a0fd16-9489-7e50-a7b6-a1178fd92bf1/ppg_audit/snapshot/contracts/PPG_PEAK_VALLEY_WINDOW_DETECTOR_INTERFACE_CONTRACT.md","完成","formatter-AST结构+全文端口/打包/消费者语义人工核对；C002/C006及已接受豁免详见报告","固定合同域；默认IDAC8/epoch4，未泛化为任意参数数值签核"
"ppg_peak_valley_window_detector","C:/Users/DAWN/.codex/visualizations/2026/10/02/01a0fd16-9489-7e50-a7b6-a1178fd92bf1/ppg_audit/snapshot/rtl/ppg_peak_valley_window_detector/ppg_peak_valley_window_detector.v","171","output","false","","o_protocol_error_sticky","C22","C:/Users/DAWN/.codex/visualizations/2026/10/02/01a0fd16-9489-7e50-a7b6-a1178fd92bf1/ppg_audit/snapshot/contracts/PPG_PEAK_VALLEY_WINDOW_DETECTOR_INTERFACE_CONTRACT.md","完成","formatter-AST结构+全文端口/打包/消费者语义人工核对；C002/C006及已接受豁免详见报告","固定合同域；默认IDAC8/epoch4，未泛化为任意参数数值签核"
