source,source_line,reference,resolved_file,line_token,kind,expected,status,target
contracts/PPG_CONTRACT_CLOSURE_MATRIX.md,1324,ppg_control_top.v:121,ppg_control_top.v,121,explicit,i_adc_physical_idle,text_mismatch,"		input [9:0] i_dout_stage2_low,                       // Stage2物理判决码，进入AMI（STAGE2）（二级）"
contracts/PPG_CONTRACT_CLOSURE_MATRIX.md,1331,ppg_control_top.v:96,ppg_control_top.v,96,explicit,i_clk,text_mismatch,	(
contracts/PPG_CONTRACT_CLOSURE_MATRIX.md,1332,ppg_control_top.v:114,ppg_control_top.v,114,explicit,i_control_abort_event,text_mismatch,"		input i_stop_event,                                     // 已同步STOP事件，参与唯一flag_stop_request_event合并"
contracts/PPG_CONTRACT_CLOSURE_MATRIX.md,1334,ppg_control_top.v:113,ppg_control_top.v,113,explicit,i_diag_clear_event,text_mismatch,"		input i_start_event,                                    // 已同步START事件，只进入V4控制平面"
contracts/PPG_CONTRACT_CLOSURE_MATRIX.md,1346,ppg_control_top.v:97,ppg_control_top.v,97,explicit,i_rstn,text_mismatch,		//-----------------全局时钟与复位-----------------//
contracts/PPG_CONTRACT_CLOSURE_MATRIX.md,1352,ppg_control_top.v:106,ppg_control_top.v,106,explicit,i_source_characterization_update_valid,text_mismatch,
contracts/PPG_CONTRACT_CLOSURE_MATRIX.md,1353,ppg_control_top.v:98,ppg_control_top.v,98,explicit,i_source_clk,text_mismatch,"		input i_clk,                                      // 唯一2 MHz数字系统域工作时钟"
contracts/PPG_CONTRACT_CLOSURE_MATRIX.md,1354,ppg_control_top.v:99,ppg_control_top.v,99,explicit,i_source_rstn,text_mismatch,"		input i_rstn,                                     // 2 MHz域低有效复位"
contracts/PPG_CONTRACT_CLOSURE_MATRIX.md,1355,ppg_control_top.v:107,ppg_control_top.v,107,explicit,i_source_static_characterization_enable,text_mismatch,		//---------------表征SPI source保持型接口---------------//
contracts/PPG_CONTRACT_CLOSURE_MATRIX.md,1362,ppg_control_top.v:112,ppg_control_top.v,112,explicit,i_stop_event,text_mismatch,		//---------------已同步生命周期与诊断输入---------------//
contracts/PPG_CONTRACT_CLOSURE_MATRIX.md,1365,ppg_control_top.v:130,ppg_control_top.v,130,explicit,i_test_identity_inject_sample_index,text_mismatch,"		input i_test_inject_enable,                         // 验证构建CONFIG/READY期间的注入模式请求，与C_ENABLE_TEST_INJECTION共同限定"
contracts/PPG_CONTRACT_CLOSURE_MATRIX.md,1366,ppg_control_top.v:129,ppg_control_top.v,129,explicit,i_test_identity_inject_valid,text_mismatch,		//---------------验证专用异常注入输入---------------//
contracts/PPG_CONTRACT_CLOSURE_MATRIX.md,1367,ppg_control_top.v:128,ppg_control_top.v,128,explicit,i_test_inject_enable,text_mismatch,
contracts/PPG_CONTRACT_CLOSURE_MATRIX.md,1368,ppg_control_top.v:131,ppg_control_top.v,131,explicit,i_test_invalid_sample_valid,text_mismatch,"		input i_test_identity_inject_valid,                 // 保持型one-shot错误完成身份请求"
contracts/PPG_CONTRACT_CLOSURE_MATRIX.md,1379,ppg_control_top.v:220,ppg_control_top.v,220,explicit,o_active_precision_mode,text_mismatch,"		output o_ami_datapath_empty,                              // AMI保持型数据链已经排空"
contracts/PPG_CONTRACT_CLOSURE_MATRIX.md,1388,ppg_control_top.v:233,ppg_control_top.v,233,explicit,o_characterization_control_reject_event,text_mismatch,"		output o_characterization_control_valid,                    // 复位后已存在一笔合法提交控制"
contracts/PPG_CONTRACT_CLOSURE_MATRIX.md,1389,ppg_control_top.v:232,ppg_control_top.v,232,explicit,o_characterization_control_update_event,text_mismatch,"		output o_source_characterization_update_ready,              // 独立CDC邮箱可接受一笔完整6-bit事务"
contracts/PPG_CONTRACT_CLOSURE_MATRIX.md,1390,ppg_control_top.v:231,ppg_control_top.v,231,explicit,o_characterization_control_valid,text_mismatch,"		output o_source_config_update_ready,                        // V4+V5联合ACTIVE的source侧CDC邮箱可接受下一笔快照，与config_transport_busy互为反相"
contracts/PPG_CONTRACT_CLOSURE_MATRIX.md,1391,ppg_control_top.v:234,ppg_control_top.v,234,explicit,o_characterization_protocol_error_sticky,text_mismatch,"		output o_characterization_control_update_event,             // 完整控制快照被目标域接受的单拍事件"
contracts/PPG_CONTRACT_CLOSURE_MATRIX.md,1396,ppg_control_top.v:273,ppg_control_top.v,273,explicit,o_detection_discard_event,text_mismatch,
contracts/PPG_CONTRACT_CLOSURE_MATRIX.md,1403,ppg_control_top.v:261,ppg_control_top.v,261,explicit,o_measurement_result_discard_event,text_mismatch,
contracts/PPG_CONTRACT_CLOSURE_MATRIX.md,1408,ppg_control_top.v:258,ppg_control_top.v,258,explicit,o_result_discard_summary_sticky,text_mismatch,"		output [C_RUN_GENERATION_WIDTH - 1:0] o_system_fault_run_generation, // first-fault所属RUN代际"
contracts/PPG_CONTRACT_CLOSURE_MATRIX.md,1409,ppg_control_top.v:194,ppg_control_top.v,194,explicit,o_result_sample_valid,text_mismatch,"		output [C_CODE_EPOCH_WIDTH - 1:0] o_result_amb_code_epoch, // 本笔结果AMB码版本"
contracts/PPG_CONTRACT_CLOSURE_MATRIX.md,1415,ppg_control_top.v:230,ppg_control_top.v,230,explicit,o_source_characterization_update_ready,text_mismatch,		//---------------表征控制source握手与诊断输出---------------//
contracts/PPG_CONTRACT_CLOSURE_MATRIX.md,1417,ppg_control_top.v:200,ppg_control_top.v,200,explicit,o_start_ack_event,text_mismatch,"		output o_start_ready,                                     // READY且所有启动资格满足"
contracts/PPG_CONTRACT_CLOSURE_MATRIX.md,1419,ppg_control_top.v:201,ppg_control_top.v,201,explicit,o_stop_ack_event,text_mismatch,"		output o_commit_ack_event,                                // 合法配置成为ACTIVE的单周期应答"
contracts/PPG_CONTRACT_CLOSURE_MATRIX.md,1422,ppg_control_top.v:244,ppg_control_top.v,244,explicit,o_system_abort_event,text_mismatch,		//---------------注册式系统故障/abort监督输出---------------//
contracts/PPG_CONTRACT_CLOSURE_MATRIX.md,1423,ppg_control_top.v:243,ppg_control_top.v,243,explicit,o_system_fault_blocking,text_mismatch,
contracts/PPG_CONTRACT_CLOSURE_MATRIX.md,1424,ppg_control_top.v:248,ppg_control_top.v,248,explicit,o_system_fault_cause,text_mismatch,"		output o_system_fault_discard_event,                        // supervisor产生的注册式单周期fault-discard选择事件"
contracts/PPG_CONTRACT_CLOSURE_MATRIX.md,1425,ppg_control_top.v:247,ppg_control_top.v,247,explicit,o_system_fault_cause_valid,text_mismatch,"		output o_system_stop_request_event,                         // supervisor产生的注册式单周期STOP请求观测"
contracts/PPG_CONTRACT_CLOSURE_MATRIX.md,1426,ppg_control_top.v:253,ppg_control_top.v,253,explicit,o_system_fault_color_ir,text_mismatch,"		output [C_FRAME_ID_WIDTH - 1:0] o_system_fault_frame_id,    // first-fault物理帧身份"
contracts/PPG_CONTRACT_CLOSURE_MATRIX.md,1427,ppg_control_top.v:246,ppg_control_top.v,246,explicit,o_system_fault_discard_event,text_mismatch,"		output o_system_abort_event,                                // 注册式单周期系统abort诊断/扇出事件"
contracts/PPG_CONTRACT_CLOSURE_MATRIX.md,1428,ppg_control_top.v:251,ppg_control_top.v,251,explicit,o_system_fault_frame_id,text_mismatch,"		output [3:0] o_system_fault_source,                         // 固定blocking source编码（SOURCE）（来源类）"
contracts/PPG_CONTRACT_CLOSURE_MATRIX.md,1429,ppg_control_top.v:254,ppg_control_top.v,254,explicit,o_system_fault_frame_type,text_mismatch,"		output [C_SAMPLE_INDEX_WIDTH - 1:0] o_system_fault_sample_index, // first-fault事务序号"
contracts/PPG_CONTRACT_CLOSURE_MATRIX.md,1430,ppg_control_top.v:250,ppg_control_top.v,250,explicit,o_system_fault_identity_valid,text_mismatch,"		output [7:0] o_system_fault_cause,                          // 固定blocking cause编码"
contracts/PPG_CONTRACT_CLOSURE_MATRIX.md,1431,ppg_control_top.v:255,ppg_control_top.v,255,explicit,o_system_fault_precision,text_mismatch,"		output o_system_fault_color_ir,                             // first-fault颜色身份"
contracts/PPG_CONTRACT_CLOSURE_MATRIX.md,1432,ppg_control_top.v:256,ppg_control_top.v,256,explicit,o_system_fault_run_generation,text_mismatch,"		output [1:0] o_system_fault_frame_type,                     // first-fault事务类型"
contracts/PPG_CONTRACT_CLOSURE_MATRIX.md,1433,ppg_control_top.v:252,ppg_control_top.v,252,explicit,o_system_fault_sample_index,text_mismatch,"		output o_system_fault_identity_valid,                       // first-fault身份字段有效位"
contracts/PPG_CONTRACT_CLOSURE_MATRIX.md,1434,ppg_control_top.v:249,ppg_control_top.v,249,explicit,o_system_fault_source,text_mismatch,"		output o_system_fault_cause_valid,                          // first-fault快照有效位"
contracts/PPG_CONTRACT_CLOSURE_MATRIX.md,1435,ppg_control_top.v:257,ppg_control_top.v,257,explicit,o_system_fault_summary,text_mismatch,"		output o_system_fault_precision,                            // first-fault精度身份"
contracts/PPG_CONTRACT_CLOSURE_MATRIX.md,1436,ppg_control_top.v:245,ppg_control_top.v,245,explicit,o_system_stop_request_event,text_mismatch,"		output o_system_fault_blocking,                             // 注册式系统阻断故障汇总状态"
contracts/PPG_CONTRACT_CLOSURE_MATRIX.md,1437,ppg_control_top.v:237,ppg_control_top.v,237,explicit,o_test_identity_inject_ready,text_mismatch,
contracts/PPG_CONTRACT_CLOSURE_MATRIX.md,1438,ppg_control_top.v:238,ppg_control_top.v,238,explicit,o_test_invalid_sample_ready,text_mismatch,		//---------------验证专用异常注入应答输出---------------//
contracts/PPG_CONTRACT_CLOSURE_MATRIX.md,1450,ppg_control_top.v:102,ppg_control_top.v,102,explicit,i_source_config_snapshot,text_mismatch,
contracts/PPG_CONTRACT_CLOSURE_MATRIX.md,1451,ppg_control_top.v:103,ppg_control_top.v,103,explicit,i_source_config_update_event,text_mismatch,		//---------------V4+V5联合ACTIVE源域接口---------------//
contracts/PPG_CONTRACT_CLOSURE_MATRIX.md,1452,ppg_control_top.v:111,ppg_control_top.v,111,explicit,i_start_event,text_mismatch,
contracts/PPG_CONTRACT_CLOSURE_MATRIX.md,1453,ppg_control_top.v:122,ppg_control_top.v,122,explicit,i_analog_ready,text_mismatch,"		input i_clk_stage2_dout_low_async,                   // Stage2异步完成保持电平，进入AMI（STAGE2）（二级）"
contracts/PPG_CONTRACT_CLOSURE_MATRIX.md,1454,ppg_control_top.v:197,ppg_control_top.v,197,explicit,o_lifecycle_state,text_mismatch,
contracts/PPG_CONTRACT_CLOSURE_MATRIX.md,1455,ppg_control_top.v:198,ppg_control_top.v,198,explicit,o_start_ready,text_mismatch,		//---------------V4/V5生命周期ACK与错误输出---------------//
contracts/PPG_CONTRACT_CLOSURE_MATRIX.md,1456,ppg_control_top.v:199,ppg_control_top.v,199,explicit,o_commit_ack_event,text_mismatch,"		output [1:0] o_lifecycle_state,                           // CONFIG、READY、RUN或STOPPING"
contracts/PPG_CONTRACT_CLOSURE_MATRIX.md,1457,ppg_control_top.v:202,ppg_control_top.v,202,explicit,o_error_event,text_mismatch,"		output o_start_ack_event,                                 // START合法接受的单周期应答"
contracts/PPG_CONTRACT_CLOSURE_MATRIX.md,1458,ppg_control_top.v:203,ppg_control_top.v,203,explicit,o_commit_ack_sticky,text_mismatch,"		output o_stop_ack_event,                                  // STOP接受或幂等处理的单周期应答"
contracts/PPG_CONTRACT_CLOSURE_MATRIX.md,1459,ppg_control_top.v:204,ppg_control_top.v,204,explicit,o_error_sticky,text_mismatch,"		output o_error_event,                                     // 当前配置或命令被拒绝的单周期事件"
contracts/PPG_CONTRACT_CLOSURE_MATRIX.md,1460,ppg_control_top.v:205,ppg_control_top.v,205,explicit,o_last_error_code,text_mismatch,"		output o_commit_ack_sticky,                               // 配置成功sticky状态"
contracts/PPG_CONTRACT_CLOSURE_MATRIX.md,1461,ppg_control_top.v:206,ppg_control_top.v,206,explicit,o_schema_version,text_mismatch,"		output o_error_sticky,                                    // 错误汇总sticky状态"
contracts/PPG_CONTRACT_CLOSURE_MATRIX.md,1462,ppg_control_top.v:207,ppg_control_top.v,207,explicit,o_config_epoch,text_mismatch,"		output [7:0] o_last_error_code,                           // 最近一次错误分类码"
contracts/PPG_CONTRACT_CLOSURE_MATRIX.md,1463,ppg_control_top.v:208,ppg_control_top.v,208,explicit,o_coef_epoch,text_mismatch,"		output [7:0] o_schema_version,                            // V4快照格式版本"
contracts/PPG_CONTRACT_CLOSURE_MATRIX.md,1464,ppg_control_top.v:209,ppg_control_top.v,209,explicit,o_stage2_coef_epoch,text_mismatch,"		output [7:0] o_config_epoch,                              // 完整配置版本"
contracts/PPG_CONTRACT_CLOSURE_MATRIX.md,1465,ppg_control_top.v:210,ppg_control_top.v,210,explicit,o_dc_recovery_coef_epoch,text_mismatch,"		output [7:0] o_coef_epoch,                                // Stage1系数版本"
contracts/PPG_CONTRACT_CLOSURE_MATRIX.md,1466,ppg_control_top.v:229,ppg_control_top.v,229,explicit,o_source_config_update_ready,text_mismatch,
contracts/PPG_CONTRACT_CLOSURE_MATRIX.md,1467,ppg_control_top.v:108,ppg_control_top.v,108,explicit,i_source_test_mux_ctrl,text_mismatch,"		input i_source_characterization_update_valid,           // 保持型source表征控制更新请求，直到CDC握手接受"
contracts/PPG_CONTRACT_CLOSURE_MATRIX.md,1468,ppg_control_top.v:134,ppg_control_top.v,134,explicit,i_context_handover_stall_request,text_mismatch,"		input i_test_saturation_inject_valid,               // 保持型one-shot饱和注入请求，透传给内部IDAC控制器"
contracts/PPG_CONTRACT_CLOSURE_MATRIX.md,1469,ppg_control_top.v:137,ppg_control_top.v,137,explicit,o_en_tia_low,text_mismatch,
contracts/PPG_CONTRACT_CLOSURE_MATRIX.md,1470,ppg_control_top.v:138,ppg_control_top.v,138,explicit,o_leddac,text_mismatch,		//---------------SSW模拟控制原样输出---------------//
contracts/PPG_CONTRACT_CLOSURE_MATRIX.md,1471,ppg_control_top.v:139,ppg_control_top.v,139,explicit,o_leden1_low,text_mismatch,"		output o_en_tia_low,                               // 跨阻放大使能，低有效"
contracts/PPG_CONTRACT_CLOSURE_MATRIX.md,1472,ppg_control_top.v:140,ppg_control_top.v,140,explicit,o_leden2_low,text_mismatch,"		output [7:0] o_leddac,                             // LED驱动数模码"
contracts/PPG_CONTRACT_CLOSURE_MATRIX.md,1473,ppg_control_top.v:141,ppg_control_top.v,141,explicit,o_en_test,text_mismatch,"		output o_leden1_low,                               // 红光LED选择，低有效"
contracts/PPG_CONTRACT_CLOSURE_MATRIX.md,1474,ppg_control_top.v:142,ppg_control_top.v,142,explicit,o_clk_buf_low,text_mismatch,"		output o_leden2_low,                               // 红外LED选择，低有效"
contracts/PPG_CONTRACT_CLOSURE_MATRIX.md,1475,ppg_control_top.v:143,ppg_control_top.v,143,explicit,o_clk_iref_idac_low,text_mismatch,"		output o_en_test,                                  // 模拟测试模式使能"
contracts/PPG_CONTRACT_CLOSURE_MATRIX.md,1476,ppg_control_top.v:144,ppg_control_top.v,144,explicit,o_clk_9q1_low,text_mismatch,"		output o_clk_buf_low,                              // 时钟缓冲，低有效"
contracts/PPG_CONTRACT_CLOSURE_MATRIX.md,1477,ppg_control_top.v:145,ppg_control_top.v,145,explicit,o_clk_15q1_low,text_mismatch,"		output o_clk_iref_idac_low,                        // 参考电流IDAC时钟，低有效"
contracts/PPG_CONTRACT_CLOSURE_MATRIX.md,1478,ppg_control_top.v:146,ppg_control_top.v,146,explicit,o_clk_aferst_low,text_mismatch,"		output o_clk_9q1_low,                              // 九位第一相位时钟，低有效"
contracts/PPG_CONTRACT_CLOSURE_MATRIX.md,1479,ppg_control_top.v:147,ppg_control_top.v,147,explicit,o_clk_iref_idac_sar9_low,text_mismatch,"		output o_clk_15q1_low,                             // 十五位第一相位时钟，低有效"
contracts/PPG_CONTRACT_CLOSURE_MATRIX.md,1480,ppg_control_top.v:148,ppg_control_top.v,148,explicit,o_clk_iref_idac_sar15_low,text_mismatch,"		output o_clk_aferst_low,                           // 前端复位时钟，低有效"
contracts/PPG_CONTRACT_CLOSURE_MATRIX.md,1481,ppg_control_top.v:149,ppg_control_top.v,149,explicit,o_clk_q2_low,text_mismatch,"		output o_clk_iref_idac_sar9_low,                   // 九位转换参考电流IDAC时钟，低有效"
contracts/PPG_CONTRACT_CLOSURE_MATRIX.md,1482,ppg_control_top.v:150,ppg_control_top.v,150,explicit,o_clk_q3_low,text_mismatch,"		output o_clk_iref_idac_sar15_low,                  // 十五位转换参考电流IDAC时钟，低有效"
contracts/PPG_CONTRACT_CLOSURE_MATRIX.md,1483,ppg_control_top.v:151,ppg_control_top.v,151,explicit,o_clk_tiaen_low,text_mismatch,"		output o_clk_q2_low,                               // 第二相位时钟，低有效"
contracts/PPG_CONTRACT_CLOSURE_MATRIX.md,1484,ppg_control_top.v:152,ppg_control_top.v,152,explicit,o_en_15sar_low,text_mismatch,"		output o_clk_q3_low,                               // 第三相位采样中心时钟，低有效"
contracts/PPG_CONTRACT_CLOSURE_MATRIX.md,1485,ppg_control_top.v:153,ppg_control_top.v,153,explicit,o_en_sar9_amb_low,text_mismatch,"		output o_clk_tiaen_low,                            // 跨阻放大使能时钟，低有效"
contracts/PPG_CONTRACT_CLOSURE_MATRIX.md,1486,ppg_control_top.v:154,ppg_control_top.v,154,explicit,o_en_sar9_dc_low,text_mismatch,"		output o_en_15sar_low,                             // 十五位SAR使能，低有效"
contracts/PPG_CONTRACT_CLOSURE_MATRIX.md,1487,ppg_control_top.v:155,ppg_control_top.v,155,explicit,o_en_sar9_iref,text_mismatch,"		output o_en_sar9_amb_low,                          // 九位AMB通路使能，低有效"
contracts/PPG_CONTRACT_CLOSURE_MATRIX.md,1488,ppg_control_top.v:156,ppg_control_top.v,156,explicit,o_en_sar15_amb_low,text_mismatch,"		output o_en_sar9_dc_low,                           // 九位DC通路使能，低有效（DC）（直流）"
contracts/PPG_CONTRACT_CLOSURE_MATRIX.md,1489,ppg_control_top.v:157,ppg_control_top.v,157,explicit,o_en_sar15_dc_low,text_mismatch,"		output o_en_sar9_iref,                             // 九位参考电流使能"
contracts/PPG_CONTRACT_CLOSURE_MATRIX.md,1490,ppg_control_top.v:158,ppg_control_top.v,158,explicit,o_en_sar15_iref,text_mismatch,"		output o_en_sar15_amb_low,                         // 十五位AMB通路使能，低有效"
contracts/PPG_CONTRACT_CLOSURE_MATRIX.md,1491,ppg_control_top.v:159,ppg_control_top.v,159,explicit,o_idac_sar9ambn_low,text_mismatch,"		output o_en_sar15_dc_low,                          // 十五位DC通路使能，低有效（DC）（直流）"
contracts/PPG_CONTRACT_CLOSURE_MATRIX.md,1492,ppg_control_top.v:160,ppg_control_top.v,160,explicit,o_idac_sar9dcn_low,text_mismatch,"		output o_en_sar15_iref,                            // 十五位参考电流使能"
contracts/PPG_CONTRACT_CLOSURE_MATRIX.md,1493,ppg_control_top.v:161,ppg_control_top.v,161,explicit,o_idac_sar15ambn_low,text_mismatch,"		output [7:0] o_idac_sar9ambn_low,                  // 九位AMB电流数模总线，低有效"
contracts/PPG_CONTRACT_CLOSURE_MATRIX.md,1494,ppg_control_top.v:162,ppg_control_top.v,162,explicit,o_idac_sar15dcn_low,text_mismatch,"		output [7:0] o_idac_sar9dcn_low,                   // 九位DC电流数模总线，低有效（SAR9DCN）（九位直流总线）"
contracts/PPG_CONTRACT_CLOSURE_MATRIX.md,1495,ppg_control_top.v:163,ppg_control_top.v,163,explicit,o_s_in,text_mismatch,"		output [7:0] o_idac_sar15ambn_low,                 // 十五位AMB电流数模总线，低有效"
contracts/PPG_CONTRACT_CLOSURE_MATRIX.md,1496,ppg_control_top.v:164,ppg_control_top.v,164,explicit,o_clk_2m,text_mismatch,"		output [7:0] o_idac_sar15dcn_low,                  // 十五位DC电流数模总线，低有效（SAR15DCN）（十五位直流总线）"
contracts/PPG_CONTRACT_CLOSURE_MATRIX.md,1497,ppg_control_top.v:213,ppg_control_top.v,213,explicit,o_scheduler_idle,text_mismatch,
contracts/PPG_CONTRACT_CLOSURE_MATRIX.md,1498,ppg_control_top.v:214,ppg_control_top.v,214,explicit,o_scheduler_launch_timeout_sticky,text_mismatch,		//---------------调度器/AMI/SSW只读诊断输出---------------//
contracts/PPG_CONTRACT_CLOSURE_MATRIX.md,1499,ppg_control_top.v:215,ppg_control_top.v,215,explicit,o_scheduler_owner_deadline_timeout_sticky,text_mismatch,"		output o_scheduler_idle,                                  // 调度器数字与物理时序均排空"
contracts/PPG_CONTRACT_CLOSURE_MATRIX.md,1500,ppg_control_top.v:216,ppg_control_top.v,216,explicit,o_scheduler_completion_mismatch_sticky,text_mismatch,"		output o_scheduler_launch_timeout_sticky,                 // 调度器波形接管错过诊断"
contracts/PPG_CONTRACT_CLOSURE_MATRIX.md,1501,ppg_control_top.v:217,ppg_control_top.v,217,explicit,o_scheduler_protocol_error_sticky,text_mismatch,"		output o_scheduler_owner_deadline_timeout_sticky,         // 调度器ADC owner截止错过诊断"
contracts/PPG_CONTRACT_CLOSURE_MATRIX.md,1502,ppg_control_top.v:222,ppg_control_top.v,222,explicit,o_ssw_wrapper_idle,text_mismatch,"		output o_active_precision_mode,                           // 系统唯一committed采集精度实时电平，供片外glue顶层选择物理ADC Stage1/Stage2 DONE并随P2S固定字段外发"
contracts/PPG_CONTRACT_CLOSURE_MATRIX.md,1503,ppg_control_top.v:223,ppg_control_top.v,223,explicit,o_ssw_switch_protocol_error_sticky,text_mismatch,"		output o_ami_integration_protocol_error_sticky,           // AMI集成协议异常历史诊断"
contracts/PPG_CONTRACT_CLOSURE_MATRIX.md,1504,ppg_control_top.v:224,ppg_control_top.v,224,explicit,o_ssw_transaction_mismatch_sticky,text_mismatch,"		output o_ssw_wrapper_idle,                                // SSW封装完整空闲状态"
contracts/PPG_CONTRACT_CLOSURE_MATRIX.md,1505,ppg_control_top.v:225,ppg_control_top.v,225,explicit,o_ssw_owner_deadline_timeout_sticky,text_mismatch,"		output o_ssw_switch_protocol_error_sticky,                // SSW切换协议错误保持"
contracts/PPG_CONTRACT_CLOSURE_MATRIX.md,1506,ppg_control_top.v:226,ppg_control_top.v,226,explicit,o_ssw_calibration_timeout_sticky,text_mismatch,"		output o_ssw_transaction_mismatch_sticky,                 // SSW事务失配保持"
contracts/PPG_CONTRACT_CLOSURE_MATRIX.md,1507,ppg_system_integration/PPG_DIGITAL_TOP_INTERFACE_CONNECTION_CONTRACT.md:211,ppg_system_integration/PPG_DIGITAL_TOP_INTERFACE_CONNECTION_CONTRACT.md,211,explicit,i_dout_stage1_low,text_mismatch,| ADC物理接口 | 两路RAW码和两路`CLK_DOUT`异步完成电平进入AMI；2 MHz域物理空闲输入`i_adc_physical_idle`形成唯一内部网`flag_adc_physical_idle`并同源扇出 |
contracts/PPG_CONTRACT_CLOSURE_MATRIX.md,1507,ppg_control_top.v:117,ppg_control_top.v,117,explicit,i_dout_stage1_low,text_mismatch,
contracts/PPG_CONTRACT_CLOSURE_MATRIX.md,1508,ppg_system_integration/PPG_DIGITAL_TOP_INTERFACE_CONNECTION_CONTRACT.md:211,ppg_system_integration/PPG_DIGITAL_TOP_INTERFACE_CONNECTION_CONTRACT.md,211,explicit,i_clk_stage1_dout_low_async,text_mismatch,| ADC物理接口 | 两路RAW码和两路`CLK_DOUT`异步完成电平进入AMI；2 MHz域物理空闲输入`i_adc_physical_idle`形成唯一内部网`flag_adc_physical_idle`并同源扇出 |
contracts/PPG_CONTRACT_CLOSURE_MATRIX.md,1508,ppg_control_top.v:118,ppg_control_top.v,118,explicit,i_clk_stage1_dout_low_async,text_mismatch,		//---------------物理ADC与模拟边界输入---------------//
contracts/PPG_CONTRACT_CLOSURE_MATRIX.md,1509,ppg_system_integration/PPG_DIGITAL_TOP_INTERFACE_CONNECTION_CONTRACT.md:211,ppg_system_integration/PPG_DIGITAL_TOP_INTERFACE_CONNECTION_CONTRACT.md,211,explicit,i_dout_stage2_low,text_mismatch,| ADC物理接口 | 两路RAW码和两路`CLK_DOUT`异步完成电平进入AMI；2 MHz域物理空闲输入`i_adc_physical_idle`形成唯一内部网`flag_adc_physical_idle`并同源扇出 |
contracts/PPG_CONTRACT_CLOSURE_MATRIX.md,1509,ppg_control_top.v:119,ppg_control_top.v,119,explicit,i_dout_stage2_low,text_mismatch,"		input [9:0] i_dout_stage1_low,                       // Stage1物理判决码，进入AMI"
contracts/PPG_CONTRACT_CLOSURE_MATRIX.md,1510,ppg_system_integration/PPG_DIGITAL_TOP_INTERFACE_CONNECTION_CONTRACT.md:211,ppg_system_integration/PPG_DIGITAL_TOP_INTERFACE_CONNECTION_CONTRACT.md,211,explicit,i_clk_stage2_dout_low_async,text_mismatch,| ADC物理接口 | 两路RAW码和两路`CLK_DOUT`异步完成电平进入AMI；2 MHz域物理空闲输入`i_adc_physical_idle`形成唯一内部网`flag_adc_physical_idle`并同源扇出 |
contracts/PPG_CONTRACT_CLOSURE_MATRIX.md,1510,ppg_control_top.v:120,ppg_control_top.v,120,explicit,i_clk_stage2_dout_low_async,text_mismatch,"		input i_clk_stage1_dout_low_async,                   // Stage1异步完成保持电平，进入AMI"
contracts/PPG_CONTRACT_CLOSURE_MATRIX.md,1511,ppg_system_integration/PPG_DIGITAL_TOP_INTERFACE_CONNECTION_CONTRACT.md:212,ppg_system_integration/PPG_DIGITAL_TOP_INTERFACE_CONNECTION_CONTRACT.md,212,explicit,i_measurement_result_ready,text_mismatch,| 正式结果消费者ready | 只接AMI测量结果输出 |
contracts/PPG_CONTRACT_CLOSURE_MATRIX.md,1511,ppg_control_top.v:125,ppg_control_top.v,125,explicit,i_measurement_result_ready,text_mismatch,
contracts/PPG_CONTRACT_CLOSURE_MATRIX.md,1512,ppg_system_integration/PPG_DIGITAL_TOP_INTERFACE_CONNECTION_CONTRACT.md:213,ppg_system_integration/PPG_DIGITAL_TOP_INTERFACE_CONNECTION_CONTRACT.md,213,explicit,i_test_saturation_inject_valid,text_mismatch,| 验证专用异常注入 | `i_test_inject_enable`、`i_test_identity_inject_valid`、`i_test_identity_inject_sample_index[C_SAMPLE_INDEX_WIDTH-1:0]`和`i_test_invalid_sample_valid`；只有验证构建可用，生产构建必须静态关闭；V1.16勘误补记`i_test_calibration_loss_inject_valid`（PRC-09/10），同样只在验证构建可用 |
contracts/PPG_CONTRACT_CLOSURE_MATRIX.md,1512,ppg_control_top.v:132,ppg_control_top.v,132,explicit,i_test_saturation_inject_valid,text_mismatch,"		input [C_SAMPLE_INDEX_WIDTH - 1:0] i_test_identity_inject_sample_index, // 显式错误完成sample index payload"
contracts/PPG_CONTRACT_CLOSURE_MATRIX.md,1513,ppg_control_top.v:133,ppg_control_top.v,133,explicit,i_test_calibration_loss_inject_valid,text_mismatch,"		input i_test_invalid_sample_valid,                  // 保持型one-shot invalid-sample请求"
contracts/PPG_CONTRACT_CLOSURE_MATRIX.md,1514,ppg_system_integration/PPG_DIGITAL_TOP_INTERFACE_CONNECTION_CONTRACT.md:221,ppg_system_integration/PPG_DIGITAL_TOP_INTERFACE_CONNECTION_CONTRACT.md,221,explicit,o_measurement_result_valid,text_mismatch,顶层还应输出AMI正式测量结果、V4生命周期ACK/错误、ACTIVE版本、调度器/AMI/SSW诊断和只读空闲状态。
contracts/PPG_CONTRACT_CLOSURE_MATRIX.md,1514,ppg_control_top.v:167,ppg_control_top.v,167,explicit,o_measurement_result_valid,text_mismatch,
contracts/PPG_CONTRACT_CLOSURE_MATRIX.md,1515,ppg_system_integration/PPG_DIGITAL_TOP_INTERFACE_CONNECTION_CONTRACT.md:221,ppg_system_integration/PPG_DIGITAL_TOP_INTERFACE_CONNECTION_CONTRACT.md,221,explicit,o_coarse_ppg_value,text_mismatch,顶层还应输出AMI正式测量结果、V4生命周期ACK/错误、ACTIVE版本、调度器/AMI/SSW诊断和只读空闲状态。
contracts/PPG_CONTRACT_CLOSURE_MATRIX.md,1515,ppg_control_top.v:168,ppg_control_top.v,168,explicit,o_coarse_ppg_value,text_mismatch,		//---------------AMI正式测量结果输出---------------//
contracts/PPG_CONTRACT_CLOSURE_MATRIX.md,1516,ppg_system_integration/PPG_DIGITAL_TOP_INTERFACE_CONNECTION_CONTRACT.md:221,ppg_system_integration/PPG_DIGITAL_TOP_INTERFACE_CONNECTION_CONTRACT.md,221,explicit,o_coarse_valid,text_mismatch,顶层还应输出AMI正式测量结果、V4生命周期ACK/错误、ACTIVE版本、调度器/AMI/SSW诊断和只读空闲状态。
contracts/PPG_CONTRACT_CLOSURE_MATRIX.md,1516,ppg_control_top.v:169,ppg_control_top.v,169,explicit,o_coarse_valid,text_mismatch,"		output o_measurement_result_valid,                 // 正式结果保持有效至消费"
contracts/PPG_CONTRACT_CLOSURE_MATRIX.md,1517,ppg_system_integration/PPG_DIGITAL_TOP_INTERFACE_CONNECTION_CONTRACT.md:221,ppg_system_integration/PPG_DIGITAL_TOP_INTERFACE_CONNECTION_CONTRACT.md,221,explicit,o_coarse_recovery_calibrated,text_mismatch,顶层还应输出AMI正式测量结果、V4生命周期ACK/错误、ACTIVE版本、调度器/AMI/SSW诊断和只读空闲状态。
contracts/PPG_CONTRACT_CLOSURE_MATRIX.md,1517,ppg_control_top.v:170,ppg_control_top.v,170,explicit,o_coarse_recovery_calibrated,text_mismatch,"		output signed [23:0] o_coarse_ppg_value,           // DC恢复后粗PPG值"
contracts/PPG_CONTRACT_CLOSURE_MATRIX.md,1518,ppg_system_integration/PPG_DIGITAL_TOP_INTERFACE_CONNECTION_CONTRACT.md:221,ppg_system_integration/PPG_DIGITAL_TOP_INTERFACE_CONNECTION_CONTRACT.md,221,explicit,o_coarse_saturation_low,text_mismatch,顶层还应输出AMI正式测量结果、V4生命周期ACK/错误、ACTIVE版本、调度器/AMI/SSW诊断和只读空闲状态。
contracts/PPG_CONTRACT_CLOSURE_MATRIX.md,1518,ppg_control_top.v:171,ppg_control_top.v,171,explicit,o_coarse_saturation_low,text_mismatch,"		output o_coarse_valid,                             // 粗结果有效资格"
contracts/PPG_CONTRACT_CLOSURE_MATRIX.md,1519,ppg_system_integration/PPG_DIGITAL_TOP_INTERFACE_CONNECTION_CONTRACT.md:221,ppg_system_integration/PPG_DIGITAL_TOP_INTERFACE_CONNECTION_CONTRACT.md,221,explicit,o_coarse_saturation_high,text_mismatch,顶层还应输出AMI正式测量结果、V4生命周期ACK/错误、ACTIVE版本、调度器/AMI/SSW诊断和只读空闲状态。
contracts/PPG_CONTRACT_CLOSURE_MATRIX.md,1519,ppg_control_top.v:172,ppg_control_top.v,172,explicit,o_coarse_saturation_high,text_mismatch,"		output o_coarse_recovery_calibrated,               // 粗结果正式恢复资格"
contracts/PPG_CONTRACT_CLOSURE_MATRIX.md,1520,ppg_system_integration/PPG_DIGITAL_TOP_INTERFACE_CONNECTION_CONTRACT.md:221,ppg_system_integration/PPG_DIGITAL_TOP_INTERFACE_CONNECTION_CONTRACT.md,221,explicit,o_fine_ppg_value,text_mismatch,顶层还应输出AMI正式测量结果、V4生命周期ACK/错误、ACTIVE版本、调度器/AMI/SSW诊断和只读空闲状态。
contracts/PPG_CONTRACT_CLOSURE_MATRIX.md,1520,ppg_control_top.v:173,ppg_control_top.v,173,explicit,o_fine_ppg_value,text_mismatch,"		output o_coarse_saturation_low,                    // 粗结果负向饱和诊断"
contracts/PPG_CONTRACT_CLOSURE_MATRIX.md,1521,ppg_system_integration/PPG_DIGITAL_TOP_INTERFACE_CONNECTION_CONTRACT.md:221,ppg_system_integration/PPG_DIGITAL_TOP_INTERFACE_CONNECTION_CONTRACT.md,221,explicit,o_fine_valid,text_mismatch,顶层还应输出AMI正式测量结果、V4生命周期ACK/错误、ACTIVE版本、调度器/AMI/SSW诊断和只读空闲状态。
contracts/PPG_CONTRACT_CLOSURE_MATRIX.md,1521,ppg_control_top.v:174,ppg_control_top.v,174,explicit,o_fine_valid,text_mismatch,"		output o_coarse_saturation_high,                   // 粗结果正向饱和诊断"
contracts/PPG_CONTRACT_CLOSURE_MATRIX.md,1522,ppg_system_integration/PPG_DIGITAL_TOP_INTERFACE_CONNECTION_CONTRACT.md:221,ppg_system_integration/PPG_DIGITAL_TOP_INTERFACE_CONNECTION_CONTRACT.md,221,explicit,o_fine_recovery_calibrated,text_mismatch,顶层还应输出AMI正式测量结果、V4生命周期ACK/错误、ACTIVE版本、调度器/AMI/SSW诊断和只读空闲状态。
contracts/PPG_CONTRACT_CLOSURE_MATRIX.md,1522,ppg_control_top.v:175,ppg_control_top.v,175,explicit,o_fine_recovery_calibrated,text_mismatch,"		output signed [23:0] o_fine_ppg_value,             // DC恢复后精细PPG值"
contracts/PPG_CONTRACT_CLOSURE_MATRIX.md,1523,ppg_system_integration/PPG_DIGITAL_TOP_INTERFACE_CONNECTION_CONTRACT.md:221,ppg_system_integration/PPG_DIGITAL_TOP_INTERFACE_CONNECTION_CONTRACT.md,221,explicit,o_fine_saturation_low,text_mismatch,顶层还应输出AMI正式测量结果、V4生命周期ACK/错误、ACTIVE版本、调度器/AMI/SSW诊断和只读空闲状态。
contracts/PPG_CONTRACT_CLOSURE_MATRIX.md,1523,ppg_control_top.v:176,ppg_control_top.v,176,explicit,o_fine_saturation_low,text_mismatch,"		output o_fine_valid,                               // 精细结果有效资格"
contracts/PPG_CONTRACT_CLOSURE_MATRIX.md,1524,ppg_system_integration/PPG_DIGITAL_TOP_INTERFACE_CONNECTION_CONTRACT.md:221,ppg_system_integration/PPG_DIGITAL_TOP_INTERFACE_CONNECTION_CONTRACT.md,221,explicit,o_fine_saturation_high,text_mismatch,顶层还应输出AMI正式测量结果、V4生命周期ACK/错误、ACTIVE版本、调度器/AMI/SSW诊断和只读空闲状态。
contracts/PPG_CONTRACT_CLOSURE_MATRIX.md,1524,ppg_control_top.v:177,ppg_control_top.v,177,explicit,o_fine_saturation_high,text_mismatch,"		output o_fine_recovery_calibrated,                 // 精细结果正式恢复资格"
contracts/PPG_CONTRACT_CLOSURE_MATRIX.md,1525,ppg_system_integration/PPG_DIGITAL_TOP_INTERFACE_CONNECTION_CONTRACT.md:221,ppg_system_integration/PPG_DIGITAL_TOP_INTERFACE_CONNECTION_CONTRACT.md,221,explicit,o_calibrated_s1_value,text_mismatch,顶层还应输出AMI正式测量结果、V4生命周期ACK/错误、ACTIVE版本、调度器/AMI/SSW诊断和只读空闲状态。
contracts/PPG_CONTRACT_CLOSURE_MATRIX.md,1525,ppg_control_top.v:178,ppg_control_top.v,178,explicit,o_calibrated_s1_value,text_mismatch,"		output o_fine_saturation_low,                      // 精细结果负向饱和诊断"
contracts/PPG_CONTRACT_CLOSURE_MATRIX.md,1526,ppg_system_integration/PPG_DIGITAL_TOP_INTERFACE_CONNECTION_CONTRACT.md:221,ppg_system_integration/PPG_DIGITAL_TOP_INTERFACE_CONNECTION_CONTRACT.md,221,explicit,o_programmable_15_code,text_mismatch,顶层还应输出AMI正式测量结果、V4生命周期ACK/错误、ACTIVE版本、调度器/AMI/SSW诊断和只读空闲状态。
contracts/PPG_CONTRACT_CLOSURE_MATRIX.md,1526,ppg_control_top.v:179,ppg_control_top.v,179,explicit,o_programmable_15_code,text_mismatch,"		output o_fine_saturation_high,                     // 精细结果正向饱和诊断"
contracts/PPG_CONTRACT_CLOSURE_MATRIX.md,1527,ppg_system_integration/PPG_DIGITAL_TOP_INTERFACE_CONNECTION_CONTRACT.md:221,ppg_system_integration/PPG_DIGITAL_TOP_INTERFACE_CONNECTION_CONTRACT.md,221,explicit,o_programmable_15_valid,text_mismatch,顶层还应输出AMI正式测量结果、V4生命周期ACK/错误、ACTIVE版本、调度器/AMI/SSW诊断和只读空闲状态。
contracts/PPG_CONTRACT_CLOSURE_MATRIX.md,1527,ppg_control_top.v:180,ppg_control_top.v,180,explicit,o_programmable_15_valid,text_mismatch,"		output signed [11:0] o_calibrated_s1_value,        // 正式Stage1校准残差"
contracts/PPG_CONTRACT_CLOSURE_MATRIX.md,1528,ppg_system_integration/PPG_DIGITAL_TOP_INTERFACE_CONNECTION_CONTRACT.md:221,ppg_system_integration/PPG_DIGITAL_TOP_INTERFACE_CONNECTION_CONTRACT.md,221,explicit,o_result_config_epoch,text_mismatch,顶层还应输出AMI正式测量结果、V4生命周期ACK/错误、ACTIVE版本、调度器/AMI/SSW诊断和只读空闲状态。
contracts/PPG_CONTRACT_CLOSURE_MATRIX.md,1528,ppg_control_top.v:181,ppg_control_top.v,181,explicit,o_result_config_epoch,text_mismatch,"		output signed [14:0] o_programmable_15_code,       // 正式可编程15-bit残差"
contracts/PPG_CONTRACT_CLOSURE_MATRIX.md,1529,ppg_system_integration/PPG_DIGITAL_TOP_INTERFACE_CONNECTION_CONTRACT.md:221,ppg_system_integration/PPG_DIGITAL_TOP_INTERFACE_CONNECTION_CONTRACT.md,221,explicit,o_result_coef_epoch,text_mismatch,顶层还应输出AMI正式测量结果、V4生命周期ACK/错误、ACTIVE版本、调度器/AMI/SSW诊断和只读空闲状态。
contracts/PPG_CONTRACT_CLOSURE_MATRIX.md,1529,ppg_control_top.v:182,ppg_control_top.v,182,explicit,o_result_coef_epoch,text_mismatch,"		output o_programmable_15_valid,                    // 可编程精细结果资格"
contracts/PPG_CONTRACT_CLOSURE_MATRIX.md,1530,ppg_system_integration/PPG_DIGITAL_TOP_INTERFACE_CONNECTION_CONTRACT.md:221,ppg_system_integration/PPG_DIGITAL_TOP_INTERFACE_CONNECTION_CONTRACT.md,221,explicit,o_result_stage2_coef_epoch,text_mismatch,顶层还应输出AMI正式测量结果、V4生命周期ACK/错误、ACTIVE版本、调度器/AMI/SSW诊断和只读空闲状态。
contracts/PPG_CONTRACT_CLOSURE_MATRIX.md,1530,ppg_control_top.v:183,ppg_control_top.v,183,explicit,o_result_stage2_coef_epoch,text_mismatch,"		output [C_CONFIG_EPOCH_WIDTH - 1:0] o_result_config_epoch, // 本笔结果ACTIVE版本"
contracts/PPG_CONTRACT_CLOSURE_MATRIX.md,1531,ppg_system_integration/PPG_DIGITAL_TOP_INTERFACE_CONNECTION_CONTRACT.md:221,ppg_system_integration/PPG_DIGITAL_TOP_INTERFACE_CONNECTION_CONTRACT.md,221,explicit,o_result_dc_coef_epoch,text_mismatch,顶层还应输出AMI正式测量结果、V4生命周期ACK/错误、ACTIVE版本、调度器/AMI/SSW诊断和只读空闲状态。
contracts/PPG_CONTRACT_CLOSURE_MATRIX.md,1531,ppg_control_top.v:184,ppg_control_top.v,184,explicit,o_result_dc_coef_epoch,text_mismatch,"		output [C_COEF_EPOCH_WIDTH - 1:0] o_result_coef_epoch, // 本笔结果Stage1系数版本"
contracts/PPG_CONTRACT_CLOSURE_MATRIX.md,1532,ppg_system_integration/PPG_DIGITAL_TOP_INTERFACE_CONNECTION_CONTRACT.md:221,ppg_system_integration/PPG_DIGITAL_TOP_INTERFACE_CONNECTION_CONTRACT.md,221,explicit,o_result_precision_mode,text_mismatch,顶层还应输出AMI正式测量结果、V4生命周期ACK/错误、ACTIVE版本、调度器/AMI/SSW诊断和只读空闲状态。
contracts/PPG_CONTRACT_CLOSURE_MATRIX.md,1532,ppg_control_top.v:185,ppg_control_top.v,185,explicit,o_result_precision_mode,text_mismatch,"		output [C_COEF_EPOCH_WIDTH - 1:0] o_result_stage2_coef_epoch, // 本笔结果Stage2系数版本（STAGE2）（二级）"
contracts/PPG_CONTRACT_CLOSURE_MATRIX.md,1533,ppg_system_integration/PPG_DIGITAL_TOP_INTERFACE_CONNECTION_CONTRACT.md:221,ppg_system_integration/PPG_DIGITAL_TOP_INTERFACE_CONNECTION_CONTRACT.md,221,explicit,o_result_frame_id,text_mismatch,顶层还应输出AMI正式测量结果、V4生命周期ACK/错误、ACTIVE版本、调度器/AMI/SSW诊断和只读空闲状态。
contracts/PPG_CONTRACT_CLOSURE_MATRIX.md,1533,ppg_control_top.v:186,ppg_control_top.v,186,explicit,o_result_frame_id,text_mismatch,"		output [C_DC_RECOVERY_EPOCH_WIDTH - 1:0] o_result_dc_coef_epoch, // 本笔结果DC恢复版本"
contracts/PPG_CONTRACT_CLOSURE_MATRIX.md,1534,ppg_system_integration/PPG_DIGITAL_TOP_INTERFACE_CONNECTION_CONTRACT.md:221,ppg_system_integration/PPG_DIGITAL_TOP_INTERFACE_CONNECTION_CONTRACT.md,221,explicit,o_result_sample_index,text_mismatch,顶层还应输出AMI正式测量结果、V4生命周期ACK/错误、ACTIVE版本、调度器/AMI/SSW诊断和只读空闲状态。
contracts/PPG_CONTRACT_CLOSURE_MATRIX.md,1534,ppg_control_top.v:187,ppg_control_top.v,187,explicit,o_result_sample_index,text_mismatch,"		output o_result_precision_mode,                    // 本笔结果精度快照"
contracts/PPG_CONTRACT_CLOSURE_MATRIX.md,1535,ppg_system_integration/PPG_DIGITAL_TOP_INTERFACE_CONNECTION_CONTRACT.md:221,ppg_system_integration/PPG_DIGITAL_TOP_INTERFACE_CONNECTION_CONTRACT.md,221,explicit,o_result_color_ir,text_mismatch,顶层还应输出AMI正式测量结果、V4生命周期ACK/错误、ACTIVE版本、调度器/AMI/SSW诊断和只读空闲状态。
contracts/PPG_CONTRACT_CLOSURE_MATRIX.md,1535,ppg_control_top.v:188,ppg_control_top.v,188,explicit,o_result_color_ir,text_mismatch,"		output [C_FRAME_ID_WIDTH - 1:0] o_result_frame_id, // 本笔结果物理帧号"
contracts/PPG_CONTRACT_CLOSURE_MATRIX.md,1536,ppg_system_integration/PPG_DIGITAL_TOP_INTERFACE_CONNECTION_CONTRACT.md:221,ppg_system_integration/PPG_DIGITAL_TOP_INTERFACE_CONNECTION_CONTRACT.md,221,explicit,o_result_frame_type,text_mismatch,顶层还应输出AMI正式测量结果、V4生命周期ACK/错误、ACTIVE版本、调度器/AMI/SSW诊断和只读空闲状态。
contracts/PPG_CONTRACT_CLOSURE_MATRIX.md,1536,ppg_control_top.v:189,ppg_control_top.v,189,explicit,o_result_frame_type,text_mismatch,"		output [C_SAMPLE_INDEX_WIDTH - 1:0] o_result_sample_index, // 本笔结果全局序号"
contracts/PPG_CONTRACT_CLOSURE_MATRIX.md,1537,ppg_system_integration/PPG_DIGITAL_TOP_INTERFACE_CONNECTION_CONTRACT.md:221,ppg_system_integration/PPG_DIGITAL_TOP_INTERFACE_CONNECTION_CONTRACT.md,221,explicit,o_result_amb_code_snapshot,text_mismatch,顶层还应输出AMI正式测量结果、V4生命周期ACK/错误、ACTIVE版本、调度器/AMI/SSW诊断和只读空闲状态。
contracts/PPG_CONTRACT_CLOSURE_MATRIX.md,1537,ppg_control_top.v:190,ppg_control_top.v,190,explicit,o_result_amb_code_snapshot,text_mismatch,"		output o_result_color_ir,                          // 本笔结果颜色身份"
contracts/PPG_CONTRACT_CLOSURE_MATRIX.md,1538,ppg_system_integration/PPG_DIGITAL_TOP_INTERFACE_CONNECTION_CONTRACT.md:221,ppg_system_integration/PPG_DIGITAL_TOP_INTERFACE_CONNECTION_CONTRACT.md,221,explicit,o_result_dc_code_snapshot,text_mismatch,顶层还应输出AMI正式测量结果、V4生命周期ACK/错误、ACTIVE版本、调度器/AMI/SSW诊断和只读空闲状态。
contracts/PPG_CONTRACT_CLOSURE_MATRIX.md,1538,ppg_control_top.v:191,ppg_control_top.v,191,explicit,o_result_dc_code_snapshot,text_mismatch,"		output [1:0] o_result_frame_type,                  // 本笔结果帧类型编码"
contracts/PPG_CONTRACT_CLOSURE_MATRIX.md,1539,ppg_system_integration/PPG_DIGITAL_TOP_INTERFACE_CONNECTION_CONTRACT.md:221,ppg_system_integration/PPG_DIGITAL_TOP_INTERFACE_CONNECTION_CONTRACT.md,221,explicit,o_result_amb_code_epoch,text_mismatch,顶层还应输出AMI正式测量结果、V4生命周期ACK/错误、ACTIVE版本、调度器/AMI/SSW诊断和只读空闲状态。
contracts/PPG_CONTRACT_CLOSURE_MATRIX.md,1539,ppg_control_top.v:192,ppg_control_top.v,192,explicit,o_result_amb_code_epoch,text_mismatch,"		output [7:0] o_result_amb_code_snapshot,           // 本笔结果AMB码快照"
contracts/PPG_CONTRACT_CLOSURE_MATRIX.md,1540,ppg_system_integration/PPG_DIGITAL_TOP_INTERFACE_CONNECTION_CONTRACT.md:221,ppg_system_integration/PPG_DIGITAL_TOP_INTERFACE_CONNECTION_CONTRACT.md,221,explicit,o_result_dc_code_epoch,text_mismatch,顶层还应输出AMI正式测量结果、V4生命周期ACK/错误、ACTIVE版本、调度器/AMI/SSW诊断和只读空闲状态。
contracts/PPG_CONTRACT_CLOSURE_MATRIX.md,1540,ppg_control_top.v:193,ppg_control_top.v,193,explicit,o_result_dc_code_epoch,text_mismatch,"		output [7:0] o_result_dc_code_snapshot,            // 本笔结果颜色DC码快照"
contracts/PPG_CONTRACT_CLOSURE_MATRIX.md,1541,ppg_system_integration/PPG_DIGITAL_TOP_INTERFACE_CONNECTION_CONTRACT.md:221,ppg_system_integration/PPG_DIGITAL_TOP_INTERFACE_CONNECTION_CONTRACT.md,221,explicit,o_ami_datapath_empty,text_mismatch,顶层还应输出AMI正式测量结果、V4生命周期ACK/错误、ACTIVE版本、调度器/AMI/SSW诊断和只读空闲状态。
contracts/PPG_CONTRACT_CLOSURE_MATRIX.md,1541,ppg_control_top.v:218,ppg_control_top.v,218,explicit,o_ami_datapath_empty,text_mismatch,"		output o_scheduler_completion_mismatch_sticky,            // 调度器DONE身份错配诊断"
contracts/PPG_CONTRACT_CLOSURE_MATRIX.md,1542,ppg_system_integration/PPG_DIGITAL_TOP_INTERFACE_CONNECTION_CONTRACT.md:221,ppg_system_integration/PPG_DIGITAL_TOP_INTERFACE_CONNECTION_CONTRACT.md,221,explicit,o_ami_idac_idle,text_mismatch,顶层还应输出AMI正式测量结果、V4生命周期ACK/错误、ACTIVE版本、调度器/AMI/SSW诊断和只读空闲状态。
contracts/PPG_CONTRACT_CLOSURE_MATRIX.md,1542,ppg_control_top.v:219,ppg_control_top.v,219,explicit,o_ami_idac_idle,text_mismatch,"		output o_scheduler_protocol_error_sticky,                 // 调度器握手或编码协议诊断"
contracts/PPG_CONTRACT_CLOSURE_MATRIX.md,1543,ppg_system_integration/PPG_DIGITAL_TOP_INTERFACE_CONNECTION_CONTRACT.md:221,ppg_system_integration/PPG_DIGITAL_TOP_INTERFACE_CONNECTION_CONTRACT.md,221,explicit,o_ami_integration_protocol_error_sticky,text_mismatch,顶层还应输出AMI正式测量结果、V4生命周期ACK/错误、ACTIVE版本、调度器/AMI/SSW诊断和只读空闲状态。
contracts/PPG_CONTRACT_CLOSURE_MATRIX.md,1543,ppg_control_top.v:221,ppg_control_top.v,221,explicit,o_ami_integration_protocol_error_sticky,text_mismatch,"		output o_ami_idac_idle,                                   // AMI IDAC控制器真实空闲状态"
contracts/PPG_CONTRACT_CLOSURE_MATRIX.md,1544,ppg_system_integration/PPG_DIGITAL_TOP_INTERFACE_CONNECTION_CONTRACT.md:213,ppg_system_integration/PPG_DIGITAL_TOP_INTERFACE_CONNECTION_CONTRACT.md,213,explicit,o_test_saturation_inject_ready,text_mismatch,| 验证专用异常注入 | `i_test_inject_enable`、`i_test_identity_inject_valid`、`i_test_identity_inject_sample_index[C_SAMPLE_INDEX_WIDTH-1:0]`和`i_test_invalid_sample_valid`；只有验证构建可用，生产构建必须静态关闭；V1.16勘误补记`i_test_calibration_loss_inject_valid`（PRC-09/10），同样只在验证构建可用 |
contracts/PPG_CONTRACT_CLOSURE_MATRIX.md,1544,ppg_control_top.v:239,ppg_control_top.v,239,explicit,o_test_saturation_inject_ready,text_mismatch,"		output o_test_identity_inject_ready,                    // AMI当前可原子绑定identity请求"
contracts/PPG_CONTRACT_CLOSURE_MATRIX.md,1545,ppg_system_integration/PPG_DIGITAL_TOP_INTERFACE_CONNECTION_CONTRACT.md:213,ppg_system_integration/PPG_DIGITAL_TOP_INTERFACE_CONNECTION_CONTRACT.md,213,explicit,o_test_calibration_loss_inject_ready,text_mismatch,| 验证专用异常注入 | `i_test_inject_enable`、`i_test_identity_inject_valid`、`i_test_identity_inject_sample_index[C_SAMPLE_INDEX_WIDTH-1:0]`和`i_test_invalid_sample_valid`；只有验证构建可用，生产构建必须静态关闭；V1.16勘误补记`i_test_calibration_loss_inject_valid`（PRC-09/10），同样只在验证构建可用 |
contracts/PPG_CONTRACT_CLOSURE_MATRIX.md,1545,ppg_control_top.v:240,ppg_control_top.v,240,explicit,o_test_calibration_loss_inject_ready,text_mismatch,"		output o_test_invalid_sample_ready,                     // AMI当前可原子绑定invalid请求（INVALID_SAMPLE）（无效类采样类）"
contracts/PPG_CONTRACT_CLOSURE_MATRIX.md,1546,ppg_system_integration/PPG_DIGITAL_TOP_INTERFACE_CONNECTION_CONTRACT.md:290,ppg_system_integration/PPG_DIGITAL_TOP_INTERFACE_CONNECTION_CONTRACT.md,290,explicit,o_measurement_result_discard_reason,text_mismatch,| output | `o_measurement_result_discard_event` / `reason` / `identity_valid` / `sample_valid` / `<TXN_ID>` | `1/2/1/1/each field` | AMI正式结果discard公开观测；identity-valid必须为1，完整字段在事件采样沿稳定，且不产生成功transfer |
contracts/PPG_CONTRACT_CLOSURE_MATRIX.md,1546,ppg_control_top.v:262,ppg_control_top.v,262,explicit,o_measurement_result_discard_reason,text_mismatch,		//---------------AMI正式结果discard公开观测输出---------------//
contracts/PPG_CONTRACT_CLOSURE_MATRIX.md,1547,ppg_system_integration/PPG_DIGITAL_TOP_INTERFACE_CONNECTION_CONTRACT.md:290,ppg_system_integration/PPG_DIGITAL_TOP_INTERFACE_CONNECTION_CONTRACT.md,290,explicit,o_measurement_result_discard_identity_valid,text_mismatch,| output | `o_measurement_result_discard_event` / `reason` / `identity_valid` / `sample_valid` / `<TXN_ID>` | `1/2/1/1/each field` | AMI正式结果discard公开观测；identity-valid必须为1，完整字段在事件采样沿稳定，且不产生成功transfer |
contracts/PPG_CONTRACT_CLOSURE_MATRIX.md,1547,ppg_control_top.v:263,ppg_control_top.v,263,explicit,o_measurement_result_discard_identity_valid,text_mismatch,"		output o_measurement_result_discard_event,                    // 正式结果生命周期丢弃单拍观测"
contracts/PPG_CONTRACT_CLOSURE_MATRIX.md,1548,ppg_system_integration/PPG_DIGITAL_TOP_INTERFACE_CONNECTION_CONTRACT.md:290,ppg_system_integration/PPG_DIGITAL_TOP_INTERFACE_CONNECTION_CONTRACT.md,290,explicit,o_measurement_result_discard_sample_valid,text_mismatch,| output | `o_measurement_result_discard_event` / `reason` / `identity_valid` / `sample_valid` / `<TXN_ID>` | `1/2/1/1/each field` | AMI正式结果discard公开观测；identity-valid必须为1，完整字段在事件采样沿稳定，且不产生成功transfer |
contracts/PPG_CONTRACT_CLOSURE_MATRIX.md,1548,ppg_control_top.v:264,ppg_control_top.v,264,explicit,o_measurement_result_discard_sample_valid,text_mismatch,"		output [1:0] o_measurement_result_discard_reason,             // STOP、abort或系统故障三态丢弃原因"
contracts/PPG_CONTRACT_CLOSURE_MATRIX.md,1549,ppg_system_integration/PPG_DIGITAL_TOP_INTERFACE_CONNECTION_CONTRACT.md:290,ppg_system_integration/PPG_DIGITAL_TOP_INTERFACE_CONNECTION_CONTRACT.md,290,explicit,o_measurement_result_discard_frame_id,text_mismatch,| output | `o_measurement_result_discard_event` / `reason` / `identity_valid` / `sample_valid` / `<TXN_ID>` | `1/2/1/1/each field` | AMI正式结果discard公开观测；identity-valid必须为1，完整字段在事件采样沿稳定，且不产生成功transfer |
contracts/PPG_CONTRACT_CLOSURE_MATRIX.md,1549,ppg_control_top.v:265,ppg_control_top.v,265,explicit,o_measurement_result_discard_frame_id,text_mismatch,"		output o_measurement_result_discard_identity_valid,           // 事件为高时恒为1"
contracts/PPG_CONTRACT_CLOSURE_MATRIX.md,1550,ppg_system_integration/PPG_DIGITAL_TOP_INTERFACE_CONNECTION_CONTRACT.md:290,ppg_system_integration/PPG_DIGITAL_TOP_INTERFACE_CONNECTION_CONTRACT.md,290,explicit,o_measurement_result_discard_sample_index,text_mismatch,| output | `o_measurement_result_discard_event` / `reason` / `identity_valid` / `sample_valid` / `<TXN_ID>` | `1/2/1/1/each field` | AMI正式结果discard公开观测；identity-valid必须为1，完整字段在事件采样沿稳定，且不产生成功transfer |
contracts/PPG_CONTRACT_CLOSURE_MATRIX.md,1550,ppg_control_top.v:266,ppg_control_top.v,266,explicit,o_measurement_result_discard_sample_index,text_mismatch,"		output o_measurement_result_discard_sample_valid,             // 被丢弃正式结果的独立样本资格快照"
contracts/PPG_CONTRACT_CLOSURE_MATRIX.md,1551,ppg_system_integration/PPG_DIGITAL_TOP_INTERFACE_CONNECTION_CONTRACT.md:290,ppg_system_integration/PPG_DIGITAL_TOP_INTERFACE_CONNECTION_CONTRACT.md,290,explicit,o_measurement_result_discard_color_ir,text_mismatch,| output | `o_measurement_result_discard_event` / `reason` / `identity_valid` / `sample_valid` / `<TXN_ID>` | `1/2/1/1/each field` | AMI正式结果discard公开观测；identity-valid必须为1，完整字段在事件采样沿稳定，且不产生成功transfer |
contracts/PPG_CONTRACT_CLOSURE_MATRIX.md,1551,ppg_control_top.v:267,ppg_control_top.v,267,explicit,o_measurement_result_discard_color_ir,text_mismatch,"		output [C_FRAME_ID_WIDTH - 1:0] o_measurement_result_discard_frame_id, // 被丢弃事务的真实物理帧号"
contracts/PPG_CONTRACT_CLOSURE_MATRIX.md,1552,ppg_system_integration/PPG_DIGITAL_TOP_INTERFACE_CONNECTION_CONTRACT.md:290,ppg_system_integration/PPG_DIGITAL_TOP_INTERFACE_CONNECTION_CONTRACT.md,290,explicit,o_measurement_result_discard_frame_type,text_mismatch,| output | `o_measurement_result_discard_event` / `reason` / `identity_valid` / `sample_valid` / `<TXN_ID>` | `1/2/1/1/each field` | AMI正式结果discard公开观测；identity-valid必须为1，完整字段在事件采样沿稳定，且不产生成功transfer |
contracts/PPG_CONTRACT_CLOSURE_MATRIX.md,1552,ppg_control_top.v:268,ppg_control_top.v,268,explicit,o_measurement_result_discard_frame_type,text_mismatch,"		output [C_SAMPLE_INDEX_WIDTH - 1:0] o_measurement_result_discard_sample_index, // 被丢弃事务的全局顺序编号"
contracts/PPG_CONTRACT_CLOSURE_MATRIX.md,1553,ppg_system_integration/PPG_DIGITAL_TOP_INTERFACE_CONNECTION_CONTRACT.md:290,ppg_system_integration/PPG_DIGITAL_TOP_INTERFACE_CONNECTION_CONTRACT.md,290,explicit,o_measurement_result_discard_precision,text_mismatch,| output | `o_measurement_result_discard_event` / `reason` / `identity_valid` / `sample_valid` / `<TXN_ID>` | `1/2/1/1/each field` | AMI正式结果discard公开观测；identity-valid必须为1，完整字段在事件采样沿稳定，且不产生成功transfer |
contracts/PPG_CONTRACT_CLOSURE_MATRIX.md,1553,ppg_control_top.v:269,ppg_control_top.v,269,explicit,o_measurement_result_discard_precision,text_mismatch,"		output o_measurement_result_discard_color_ir,                 // 被丢弃事务的颜色身份"
contracts/PPG_CONTRACT_CLOSURE_MATRIX.md,1554,ppg_system_integration/PPG_DIGITAL_TOP_INTERFACE_CONNECTION_CONTRACT.md:290,ppg_system_integration/PPG_DIGITAL_TOP_INTERFACE_CONNECTION_CONTRACT.md,290,explicit,o_measurement_result_discard_run_generation,text_mismatch,| output | `o_measurement_result_discard_event` / `reason` / `identity_valid` / `sample_valid` / `<TXN_ID>` | `1/2/1/1/each field` | AMI正式结果discard公开观测；identity-valid必须为1，完整字段在事件采样沿稳定，且不产生成功transfer |
contracts/PPG_CONTRACT_CLOSURE_MATRIX.md,1554,ppg_control_top.v:270,ppg_control_top.v,270,explicit,o_measurement_result_discard_run_generation,text_mismatch,"		output [1:0] o_measurement_result_discard_frame_type,         // 被丢弃事务的帧类型编码"
contracts/PPG_CONTRACT_CLOSURE_MATRIX.md,1555,ppg_system_integration/PPG_DIGITAL_TOP_INTERFACE_CONNECTION_CONTRACT.md:291,ppg_system_integration/PPG_DIGITAL_TOP_INTERFACE_CONNECTION_CONTRACT.md,291,explicit,o_detection_discard_reason,text_mismatch,| output | `o_detection_discard_event` / `reason` / `identity_valid` / `sample_valid` / `<TXN_ID>` | `1/2/1/1/each field` | AMI检测generation-scoped discard公开观测；identity-valid为0时除目标`run_generation`外的触发身份与sample-valid为0，PWI内部无ready广播使用同一稳定字段 |
contracts/PPG_CONTRACT_CLOSURE_MATRIX.md,1555,ppg_control_top.v:274,ppg_control_top.v,274,explicit,o_detection_discard_reason,text_mismatch,		//---------------AMI检测代际清空公开观测输出---------------//
contracts/PPG_CONTRACT_CLOSURE_MATRIX.md,1556,ppg_system_integration/PPG_DIGITAL_TOP_INTERFACE_CONNECTION_CONTRACT.md:291,ppg_system_integration/PPG_DIGITAL_TOP_INTERFACE_CONNECTION_CONTRACT.md,291,explicit,o_detection_discard_identity_valid,text_mismatch,| output | `o_detection_discard_event` / `reason` / `identity_valid` / `sample_valid` / `<TXN_ID>` | `1/2/1/1/each field` | AMI检测generation-scoped discard公开观测；identity-valid为0时除目标`run_generation`外的触发身份与sample-valid为0，PWI内部无ready广播使用同一稳定字段 |
contracts/PPG_CONTRACT_CLOSURE_MATRIX.md,1556,ppg_control_top.v:275,ppg_control_top.v,275,explicit,o_detection_discard_identity_valid,text_mismatch,"		output o_detection_discard_event,                          // 检测代际清空广播的公开单拍观测"
contracts/PPG_CONTRACT_CLOSURE_MATRIX.md,1557,ppg_system_integration/PPG_DIGITAL_TOP_INTERFACE_CONNECTION_CONTRACT.md:291,ppg_system_integration/PPG_DIGITAL_TOP_INTERFACE_CONNECTION_CONTRACT.md,291,explicit,o_detection_discard_sample_valid,text_mismatch,| output | `o_detection_discard_event` / `reason` / `identity_valid` / `sample_valid` / `<TXN_ID>` | `1/2/1/1/each field` | AMI检测generation-scoped discard公开观测；identity-valid为0时除目标`run_generation`外的触发身份与sample-valid为0，PWI内部无ready广播使用同一稳定字段 |
contracts/PPG_CONTRACT_CLOSURE_MATRIX.md,1557,ppg_control_top.v:276,ppg_control_top.v,276,explicit,o_detection_discard_sample_valid,text_mismatch,"		output [1:0] o_detection_discard_reason,                   // STOP、abort或系统故障三态原因编码"
contracts/PPG_CONTRACT_CLOSURE_MATRIX.md,1558,ppg_system_integration/PPG_DIGITAL_TOP_INTERFACE_CONNECTION_CONTRACT.md:291,ppg_system_integration/PPG_DIGITAL_TOP_INTERFACE_CONNECTION_CONTRACT.md,291,explicit,o_detection_discard_frame_id,text_mismatch,| output | `o_detection_discard_event` / `reason` / `identity_valid` / `sample_valid` / `<TXN_ID>` | `1/2/1/1/each field` | AMI检测generation-scoped discard公开观测；identity-valid为0时除目标`run_generation`外的触发身份与sample-valid为0，PWI内部无ready广播使用同一稳定字段 |
contracts/PPG_CONTRACT_CLOSURE_MATRIX.md,1558,ppg_control_top.v:277,ppg_control_top.v,277,explicit,o_detection_discard_frame_id,text_mismatch,"		output o_detection_discard_identity_valid,                 // 触发广播时是否命中真实保留检测分支事务"
contracts/PPG_CONTRACT_CLOSURE_MATRIX.md,1559,ppg_system_integration/PPG_DIGITAL_TOP_INTERFACE_CONNECTION_CONTRACT.md:291,ppg_system_integration/PPG_DIGITAL_TOP_INTERFACE_CONNECTION_CONTRACT.md,291,explicit,o_detection_discard_sample_index,text_mismatch,| output | `o_detection_discard_event` / `reason` / `identity_valid` / `sample_valid` / `<TXN_ID>` | `1/2/1/1/each field` | AMI检测generation-scoped discard公开观测；identity-valid为0时除目标`run_generation`外的触发身份与sample-valid为0，PWI内部无ready广播使用同一稳定字段 |
contracts/PPG_CONTRACT_CLOSURE_MATRIX.md,1559,ppg_control_top.v:278,ppg_control_top.v,278,explicit,o_detection_discard_sample_index,text_mismatch,"		output o_detection_discard_sample_valid,                   // 触发事务的独立样本资格快照"
contracts/PPG_CONTRACT_CLOSURE_MATRIX.md,1560,ppg_system_integration/PPG_DIGITAL_TOP_INTERFACE_CONNECTION_CONTRACT.md:291,ppg_system_integration/PPG_DIGITAL_TOP_INTERFACE_CONNECTION_CONTRACT.md,291,explicit,o_detection_discard_color_ir,text_mismatch,| output | `o_detection_discard_event` / `reason` / `identity_valid` / `sample_valid` / `<TXN_ID>` | `1/2/1/1/each field` | AMI检测generation-scoped discard公开观测；identity-valid为0时除目标`run_generation`外的触发身份与sample-valid为0，PWI内部无ready广播使用同一稳定字段 |
contracts/PPG_CONTRACT_CLOSURE_MATRIX.md,1560,ppg_control_top.v:279,ppg_control_top.v,279,explicit,o_detection_discard_color_ir,text_mismatch,"		output [C_FRAME_ID_WIDTH - 1:0] o_detection_discard_frame_id, // 触发事务的真实物理帧号"
contracts/PPG_CONTRACT_CLOSURE_MATRIX.md,1561,ppg_system_integration/PPG_DIGITAL_TOP_INTERFACE_CONNECTION_CONTRACT.md:291,ppg_system_integration/PPG_DIGITAL_TOP_INTERFACE_CONNECTION_CONTRACT.md,291,explicit,o_detection_discard_frame_type,text_mismatch,| output | `o_detection_discard_event` / `reason` / `identity_valid` / `sample_valid` / `<TXN_ID>` | `1/2/1/1/each field` | AMI检测generation-scoped discard公开观测；identity-valid为0时除目标`run_generation`外的触发身份与sample-valid为0，PWI内部无ready广播使用同一稳定字段 |
contracts/PPG_CONTRACT_CLOSURE_MATRIX.md,1561,ppg_control_top.v:280,ppg_control_top.v,280,explicit,o_detection_discard_frame_type,text_mismatch,"		output [C_SAMPLE_INDEX_WIDTH - 1:0] o_detection_discard_sample_index, // 触发事务的全局顺序编号"
contracts/PPG_CONTRACT_CLOSURE_MATRIX.md,1562,ppg_system_integration/PPG_DIGITAL_TOP_INTERFACE_CONNECTION_CONTRACT.md:291,ppg_system_integration/PPG_DIGITAL_TOP_INTERFACE_CONNECTION_CONTRACT.md,291,explicit,o_detection_discard_precision,text_mismatch,| output | `o_detection_discard_event` / `reason` / `identity_valid` / `sample_valid` / `<TXN_ID>` | `1/2/1/1/each field` | AMI检测generation-scoped discard公开观测；identity-valid为0时除目标`run_generation`外的触发身份与sample-valid为0，PWI内部无ready广播使用同一稳定字段 |
contracts/PPG_CONTRACT_CLOSURE_MATRIX.md,1562,ppg_control_top.v:281,ppg_control_top.v,281,explicit,o_detection_discard_precision,text_mismatch,"		output o_detection_discard_color_ir,                       // 触发事务的颜色身份"
contracts/PPG_CONTRACT_CLOSURE_MATRIX.md,1563,ppg_system_integration/PPG_DIGITAL_TOP_INTERFACE_CONNECTION_CONTRACT.md:291,ppg_system_integration/PPG_DIGITAL_TOP_INTERFACE_CONNECTION_CONTRACT.md,291,explicit,o_detection_discard_config_epoch,text_mismatch,| output | `o_detection_discard_event` / `reason` / `identity_valid` / `sample_valid` / `<TXN_ID>` | `1/2/1/1/each field` | AMI检测generation-scoped discard公开观测；identity-valid为0时除目标`run_generation`外的触发身份与sample-valid为0，PWI内部无ready广播使用同一稳定字段 |
contracts/PPG_CONTRACT_CLOSURE_MATRIX.md,1563,ppg_control_top.v:282,ppg_control_top.v,282,explicit,o_detection_discard_config_epoch,text_mismatch,"		output [1:0] o_detection_discard_frame_type,               // 触发事务的帧类型编码"
contracts/PPG_CONTRACT_CLOSURE_MATRIX.md,1564,ppg_system_integration/PPG_DIGITAL_TOP_INTERFACE_CONNECTION_CONTRACT.md:291,ppg_system_integration/PPG_DIGITAL_TOP_INTERFACE_CONNECTION_CONTRACT.md,291,explicit,o_detection_discard_coef_epoch,text_mismatch,| output | `o_detection_discard_event` / `reason` / `identity_valid` / `sample_valid` / `<TXN_ID>` | `1/2/1/1/each field` | AMI检测generation-scoped discard公开观测；identity-valid为0时除目标`run_generation`外的触发身份与sample-valid为0，PWI内部无ready广播使用同一稳定字段 |
contracts/PPG_CONTRACT_CLOSURE_MATRIX.md,1564,ppg_control_top.v:283,ppg_control_top.v,283,explicit,o_detection_discard_coef_epoch,text_mismatch,"		output o_detection_discard_precision,                      // 触发事务建立时所属的精度模式"
contracts/PPG_CONTRACT_CLOSURE_MATRIX.md,1565,ppg_system_integration/PPG_DIGITAL_TOP_INTERFACE_CONNECTION_CONTRACT.md:291,ppg_system_integration/PPG_DIGITAL_TOP_INTERFACE_CONNECTION_CONTRACT.md,291,explicit,o_detection_discard_dc_recovery_epoch,text_mismatch,| output | `o_detection_discard_event` / `reason` / `identity_valid` / `sample_valid` / `<TXN_ID>` | `1/2/1/1/each field` | AMI检测generation-scoped discard公开观测；identity-valid为0时除目标`run_generation`外的触发身份与sample-valid为0，PWI内部无ready广播使用同一稳定字段 |
contracts/PPG_CONTRACT_CLOSURE_MATRIX.md,1565,ppg_control_top.v:284,ppg_control_top.v,284,explicit,o_detection_discard_dc_recovery_epoch,text_mismatch,"		output [C_CONFIG_EPOCH_WIDTH - 1:0] o_detection_discard_config_epoch, // 触发事务ACTIVE配置版本"
contracts/PPG_CONTRACT_CLOSURE_MATRIX.md,1566,ppg_system_integration/PPG_DIGITAL_TOP_INTERFACE_CONNECTION_CONTRACT.md:291,ppg_system_integration/PPG_DIGITAL_TOP_INTERFACE_CONNECTION_CONTRACT.md,291,explicit,o_detection_discard_amb_code_epoch,text_mismatch,| output | `o_detection_discard_event` / `reason` / `identity_valid` / `sample_valid` / `<TXN_ID>` | `1/2/1/1/each field` | AMI检测generation-scoped discard公开观测；identity-valid为0时除目标`run_generation`外的触发身份与sample-valid为0，PWI内部无ready广播使用同一稳定字段 |
contracts/PPG_CONTRACT_CLOSURE_MATRIX.md,1566,ppg_control_top.v:285,ppg_control_top.v,285,explicit,o_detection_discard_amb_code_epoch,text_mismatch,"		output [C_COEF_EPOCH_WIDTH - 1:0] o_detection_discard_coef_epoch, // 触发事务Stage1系数版本"
contracts/PPG_CONTRACT_CLOSURE_MATRIX.md,1567,ppg_system_integration/PPG_DIGITAL_TOP_INTERFACE_CONNECTION_CONTRACT.md:291,ppg_system_integration/PPG_DIGITAL_TOP_INTERFACE_CONNECTION_CONTRACT.md,291,explicit,o_detection_discard_dc_code_epoch,text_mismatch,| output | `o_detection_discard_event` / `reason` / `identity_valid` / `sample_valid` / `<TXN_ID>` | `1/2/1/1/each field` | AMI检测generation-scoped discard公开观测；identity-valid为0时除目标`run_generation`外的触发身份与sample-valid为0，PWI内部无ready广播使用同一稳定字段 |
contracts/PPG_CONTRACT_CLOSURE_MATRIX.md,1567,ppg_control_top.v:286,ppg_control_top.v,286,explicit,o_detection_discard_dc_code_epoch,text_mismatch,"		output [C_DC_RECOVERY_EPOCH_WIDTH - 1:0] o_detection_discard_dc_recovery_epoch, // 触发事务DC恢复版本"
contracts/PPG_CONTRACT_CLOSURE_MATRIX.md,1568,ppg_system_integration/PPG_DIGITAL_TOP_INTERFACE_CONNECTION_CONTRACT.md:291,ppg_system_integration/PPG_DIGITAL_TOP_INTERFACE_CONNECTION_CONTRACT.md,291,explicit,o_detection_discard_run_generation,text_mismatch,| output | `o_detection_discard_event` / `reason` / `identity_valid` / `sample_valid` / `<TXN_ID>` | `1/2/1/1/each field` | AMI检测generation-scoped discard公开观测；identity-valid为0时除目标`run_generation`外的触发身份与sample-valid为0，PWI内部无ready广播使用同一稳定字段 |
contracts/PPG_CONTRACT_CLOSURE_MATRIX.md,1568,ppg_control_top.v:287,ppg_control_top.v,287,explicit,o_detection_discard_run_generation,text_mismatch,"		output [C_CODE_EPOCH_WIDTH - 1:0] o_detection_discard_amb_code_epoch, // 触发事务环境光抵消码提交版本"
contracts/PPG_CONTRACT_CLOSURE_MATRIX.md,1569,ppg_control_top.v:68,ppg_control_top.v,68,explicit,o_s1_calibration_applied,text_mismatch,// 2026年08月31日        V1.4          Erie                  同一集成设计会话，第二处端口新增：新增公开输出`o_source_config_update_ready`，是已存在内部wire`wrapper_config_transport_busy_o`（ACTIVE平面`o_config_transport_busy`的纯转发，其本身是`ppg_config_cdc_bridge.o_source_busy`的纯转发；这根wire从V1.0起就已经被Top接住，只是从来没有导出到Top边界）的ready极性取反版本。闭合同一会话发现的SPI/glue顶层两条source域写入通道之间的不对称：表征通道已经有`o_source_characterization_update_ready`让SPI侧glue逻辑知道CDC邮箱能不能接收下一笔6-bit事务，但1024-bit V4+V5 ACTIVE通道原来没有对应信号——glue顶层的SPI从机没有办法知道能不能安全地再拉一次`i_source_config_update_event`，只能猜一个保守延时。用户确认按ready极性导出（跟表征通道那个信号的命名和极性对称），而不是按busy导出，所以这是本文件里少有的一处故意取反：`assign o_source_config_update_ready = !wrapper_config_transport_busy_o;`——本文件其余地方busy信号一律保持busy极性不取反。未改动任何既有端口、assign或例化连接；`wrapper_config_transport_busy_o`本身没有变化，只是多了一处读取它的地方。
contracts/PPG_CONTRACT_CLOSURE_MATRIX.md,1569,ppg_control_top.v:290,ppg_control_top.v,290,explicit,o_s1_calibration_applied,text_mismatch,
contracts/PPG_CONTRACT_CLOSURE_MATRIX.md,1570,ppg_control_top.v:68,ppg_control_top.v,68,explicit,o_s1_raw,text_mismatch,// 2026年08月31日        V1.4          Erie                  同一集成设计会话，第二处端口新增：新增公开输出`o_source_config_update_ready`，是已存在内部wire`wrapper_config_transport_busy_o`（ACTIVE平面`o_config_transport_busy`的纯转发，其本身是`ppg_config_cdc_bridge.o_source_busy`的纯转发；这根wire从V1.0起就已经被Top接住，只是从来没有导出到Top边界）的ready极性取反版本。闭合同一会话发现的SPI/glue顶层两条source域写入通道之间的不对称：表征通道已经有`o_source_characterization_update_ready`让SPI侧glue逻辑知道CDC邮箱能不能接收下一笔6-bit事务，但1024-bit V4+V5 ACTIVE通道原来没有对应信号——glue顶层的SPI从机没有办法知道能不能安全地再拉一次`i_source_config_update_event`，只能猜一个保守延时。用户确认按ready极性导出（跟表征通道那个信号的命名和极性对称），而不是按busy导出，所以这是本文件里少有的一处故意取反：`assign o_source_config_update_ready = !wrapper_config_transport_busy_o;`——本文件其余地方busy信号一律保持busy极性不取反。未改动任何既有端口、assign或例化连接；`wrapper_config_transport_busy_o`本身没有变化，只是多了一处读取它的地方。
contracts/PPG_CONTRACT_CLOSURE_MATRIX.md,1570,ppg_control_top.v:291,ppg_control_top.v,291,explicit,o_s1_raw,text_mismatch,		//---------------P2S遥测边界透传---------------//
contracts/PPG_CONTRACT_CLOSURE_MATRIX.md,1571,ppg_control_top.v:68,ppg_control_top.v,68,explicit,o_s2_raw,text_mismatch,// 2026年08月31日        V1.4          Erie                  同一集成设计会话，第二处端口新增：新增公开输出`o_source_config_update_ready`，是已存在内部wire`wrapper_config_transport_busy_o`（ACTIVE平面`o_config_transport_busy`的纯转发，其本身是`ppg_config_cdc_bridge.o_source_busy`的纯转发；这根wire从V1.0起就已经被Top接住，只是从来没有导出到Top边界）的ready极性取反版本。闭合同一会话发现的SPI/glue顶层两条source域写入通道之间的不对称：表征通道已经有`o_source_characterization_update_ready`让SPI侧glue逻辑知道CDC邮箱能不能接收下一笔6-bit事务，但1024-bit V4+V5 ACTIVE通道原来没有对应信号——glue顶层的SPI从机没有办法知道能不能安全地再拉一次`i_source_config_update_event`，只能猜一个保守延时。用户确认按ready极性导出（跟表征通道那个信号的命名和极性对称），而不是按busy导出，所以这是本文件里少有的一处故意取反：`assign o_source_config_update_ready = !wrapper_config_transport_busy_o;`——本文件其余地方busy信号一律保持busy极性不取反。未改动任何既有端口、assign或例化连接；`wrapper_config_transport_busy_o`本身没有变化，只是多了一处读取它的地方。
contracts/PPG_CONTRACT_CLOSURE_MATRIX.md,1571,ppg_control_top.v:292,ppg_control_top.v,292,explicit,o_s2_raw,text_mismatch,"		output o_s1_calibration_applied,               // Stage1校准资格，DC恢复自己原子事务载荷重新导出版本，供片外glue顶层P2S固定字段外发"
contracts/PPG_CONTRACT_CLOSURE_MATRIX.md,1593,ppg_system_config_manager/ppg_system_config_manager_semantic_contract.md:297,ppg_system_config_manager/ppg_system_config_manager_semantic_contract.md,297,explicit,o_start_ready,text_mismatch,
contracts/PPG_CONTRACT_CLOSURE_MATRIX.md,1593,semantic_contract.md:297,semantic_contract.md,297,explicit,,missing_file,
contracts/PPG_CONTRACT_CLOSURE_MATRIX.md,1605,ppg_system_integration/PPG_ACTIVE_V4_CONTROL_PLANE_INTEGRATION_WRAPPER_INTERFACE_CONTRACT.md:139,ppg_system_integration/PPG_ACTIVE_V4_CONTROL_PLANE_INTEGRATION_WRAPPER_INTERFACE_CONTRACT.md,139,explicit,i_adc_idle,text_mismatch,CDC传输完成不等于配置COMMIT成功。非法配置时，ACTIVE快照、所有epoch和生命周期状态不得改变。
contracts/PPG_CONTRACT_CLOSURE_MATRIX.md,1606,ppg_system_integration/PPG_ACTIVE_V4_CONTROL_PLANE_INTEGRATION_WRAPPER_INTERFACE_CONTRACT.md:138,ppg_system_integration/PPG_ACTIVE_V4_CONTROL_PLANE_INTEGRATION_WRAPPER_INTERFACE_CONTRACT.md,138,explicit,i_analog_ready,text_mismatch,
contracts/PPG_CONTRACT_CLOSURE_MATRIX.md,1607,ppg_system_integration/PPG_ACTIVE_V4_CONTROL_PLANE_INTEGRATION_WRAPPER_INTERFACE_CONTRACT.md:142,ppg_system_integration/PPG_ACTIVE_V4_CONTROL_PLANE_INTEGRATION_WRAPPER_INTERFACE_CONTRACT.md,142,explicit,i_analog_safe,text_mismatch,非法V5字段、非法V5保留位或V4/V5任一失败时，旧V4、旧V5和旧`config_epoch`全部保持。
contracts/PPG_CONTRACT_CLOSURE_MATRIX.md,1608,ppg_system_integration/PPG_ACTIVE_V4_CONTROL_PLANE_INTEGRATION_WRAPPER_INTERFACE_CONTRACT.md:96,ppg_system_integration/PPG_ACTIVE_V4_CONTROL_PLANE_INTEGRATION_WRAPPER_INTERFACE_CONTRACT.md,96,explicit,i_clk,text_mismatch,```verilog
contracts/PPG_CONTRACT_CLOSURE_MATRIX.md,1609,ppg_system_integration/PPG_ACTIVE_V4_CONTROL_PLANE_INTEGRATION_WRAPPER_INTERFACE_CONTRACT.md:140,ppg_system_integration/PPG_ACTIVE_V4_CONTROL_PLANE_INTEGRATION_WRAPPER_INTERFACE_CONTRACT.md,140,explicit,i_datapath_empty,text_mismatch,
contracts/PPG_CONTRACT_CLOSURE_MATRIX.md,1610,ppg_system_integration/PPG_ACTIVE_V4_CONTROL_PLANE_INTEGRATION_WRAPPER_INTERFACE_CONTRACT.md:141,ppg_system_integration/PPG_ACTIVE_V4_CONTROL_PLANE_INTEGRATION_WRAPPER_INTERFACE_CONTRACT.md,141,explicit,i_idac_idle,text_mismatch,`o_active_config[1023:0]`只允许来自manager的合法联合ACTIVE寄存器，不得来自source shadow快照。
contracts/PPG_CONTRACT_CLOSURE_MATRIX.md,1611,ppg_system_integration/PPG_ACTIVE_V4_CONTROL_PLANE_INTEGRATION_WRAPPER_INTERFACE_CONTRACT.md:97,ppg_system_integration/PPG_ACTIVE_V4_CONTROL_PLANE_INTEGRATION_WRAPPER_INTERFACE_CONTRACT.md,97,explicit,i_rstn,text_mismatch,.C_CONFIG_WIDTH(1024)
contracts/PPG_CONTRACT_CLOSURE_MATRIX.md,1612,ppg_system_integration/PPG_ACTIVE_V4_CONTROL_PLANE_INTEGRATION_WRAPPER_INTERFACE_CONTRACT.md:75,ppg_system_integration/PPG_ACTIVE_V4_CONTROL_PLANE_INTEGRATION_WRAPPER_INTERFACE_CONTRACT.md,75,explicit,i_source_clk,text_mismatch,- Stage1/Stage2/DC算法或IDAC搜索算法；
contracts/PPG_CONTRACT_CLOSURE_MATRIX.md,1613,ppg_system_integration/PPG_ACTIVE_V4_CONTROL_PLANE_INTEGRATION_WRAPPER_INTERFACE_CONTRACT.md:77,ppg_system_integration/PPG_ACTIVE_V4_CONTROL_PLANE_INTEGRATION_WRAPPER_INTERFACE_CONTRACT.md,77,explicit,i_source_config_snapshot,text_mismatch,- AMB专用模拟波形发生器。
contracts/PPG_CONTRACT_CLOSURE_MATRIX.md,1614,ppg_system_integration/PPG_ACTIVE_V4_CONTROL_PLANE_INTEGRATION_WRAPPER_INTERFACE_CONTRACT.md:78,ppg_system_integration/PPG_ACTIVE_V4_CONTROL_PLANE_INTEGRATION_WRAPPER_INTERFACE_CONTRACT.md,78,explicit,i_source_config_update_event,text_mismatch,
contracts/PPG_CONTRACT_CLOSURE_MATRIX.md,1615,ppg_system_integration/PPG_ACTIVE_V4_CONTROL_PLANE_INTEGRATION_WRAPPER_INTERFACE_CONTRACT.md:76,ppg_system_integration/PPG_ACTIVE_V4_CONTROL_PLANE_INTEGRATION_WRAPPER_INTERFACE_CONTRACT.md,76,explicit,i_source_rstn,text_mismatch,- `control_abort_event`故障汇总器；
contracts/PPG_CONTRACT_CLOSURE_MATRIX.md,1616,ppg_system_integration/PPG_ACTIVE_V4_CONTROL_PLANE_INTEGRATION_WRAPPER_INTERFACE_CONTRACT.md:98,ppg_system_integration/PPG_ACTIVE_V4_CONTROL_PLANE_INTEGRATION_WRAPPER_INTERFACE_CONTRACT.md,98,explicit,i_start_event,text_mismatch,```
contracts/PPG_CONTRACT_CLOSURE_MATRIX.md,1617,ppg_system_integration/PPG_ACTIVE_V4_CONTROL_PLANE_INTEGRATION_WRAPPER_INTERFACE_CONTRACT.md:102,ppg_system_integration/PPG_ACTIVE_V4_CONTROL_PLANE_INTEGRATION_WRAPPER_INTERFACE_CONTRACT.md,102,explicit,i_static_characterization_enable,text_mismatch,### 3.2 2 MHz系统域
contracts/PPG_CONTRACT_CLOSURE_MATRIX.md,1618,ppg_system_integration/PPG_ACTIVE_V4_CONTROL_PLANE_INTEGRATION_WRAPPER_INTERFACE_CONTRACT.md:100,ppg_system_integration/PPG_ACTIVE_V4_CONTROL_PLANE_INTEGRATION_WRAPPER_INTERFACE_CONTRACT.md,100,explicit,i_status_clear_event,text_mismatch,不得依赖bridge当前的历史默认宽度123。
contracts/PPG_CONTRACT_CLOSURE_MATRIX.md,1619,ppg_system_integration/PPG_ACTIVE_V4_CONTROL_PLANE_INTEGRATION_WRAPPER_INTERFACE_CONTRACT.md:99,ppg_system_integration/PPG_ACTIVE_V4_CONTROL_PLANE_INTEGRATION_WRAPPER_INTERFACE_CONTRACT.md,99,explicit,i_stop_event,text_mismatch,
contracts/PPG_CONTRACT_CLOSURE_MATRIX.md,1620,ppg_system_integration/PPG_ACTIVE_V4_CONTROL_PLANE_INTEGRATION_WRAPPER_INTERFACE_CONTRACT.md:101,ppg_system_integration/PPG_ACTIVE_V4_CONTROL_PLANE_INTEGRATION_WRAPPER_INTERFACE_CONTRACT.md,101,explicit,i_system_fault_blocking,text_mismatch,
contracts/PPG_CONTRACT_CLOSURE_MATRIX.md,1621,ppg_system_integration/PPG_ACTIVE_V4_CONTROL_PLANE_INTEGRATION_WRAPPER_INTERFACE_CONTRACT.md:214,ppg_system_integration/PPG_ACTIVE_V4_CONTROL_PLANE_INTEGRATION_WRAPPER_INTERFACE_CONTRACT.md,214,explicit,o_active_config,text_mismatch,may be inferred from another. Top's single registered
contracts/PPG_CONTRACT_CLOSURE_MATRIX.md,1622,ppg_system_integration/PPG_ACTIVE_V4_CONTROL_PLANE_INTEGRATION_WRAPPER_INTERFACE_CONTRACT.md:162,ppg_system_integration/PPG_ACTIVE_V4_CONTROL_PLANE_INTEGRATION_WRAPPER_INTERFACE_CONTRACT.md,162,explicit,o_active_valid,text_mismatch,```verilog
contracts/PPG_CONTRACT_CLOSURE_MATRIX.md,1623,ppg_system_integration/PPG_ACTIVE_V4_CONTROL_PLANE_INTEGRATION_WRAPPER_INTERFACE_CONTRACT.md:164,ppg_system_integration/PPG_ACTIVE_V4_CONTROL_PLANE_INTEGRATION_WRAPPER_INTERFACE_CONTRACT.md,164,explicit,o_allow_new_transaction,text_mismatch,```
contracts/PPG_CONTRACT_CLOSURE_MATRIX.md,1624,ppg_system_integration/PPG_ACTIVE_V4_CONTROL_PLANE_INTEGRATION_WRAPPER_INTERFACE_CONTRACT.md:217,ppg_system_integration/PPG_ACTIVE_V4_CONTROL_PLANE_INTEGRATION_WRAPPER_INTERFACE_CONTRACT.md,217,explicit,o_coef_epoch,text_mismatch,"not aggregate faults, implement test CDC, generate generation or calculate the"
contracts/PPG_CONTRACT_CLOSURE_MATRIX.md,1625,ppg_system_integration/PPG_ACTIVE_V4_CONTROL_PLANE_INTEGRATION_WRAPPER_INTERFACE_CONTRACT.md:216,ppg_system_integration/PPG_ACTIVE_V4_CONTROL_PLANE_INTEGRATION_WRAPPER_INTERFACE_CONTRACT.md,216,explicit,o_config_epoch,text_mismatch,"an ACTIVE snapshot, owner, injection request or active fault. The wrapper does"
contracts/PPG_CONTRACT_CLOSURE_MATRIX.md,1626,ppg_system_integration/PPG_ACTIVE_V4_CONTROL_PLANE_INTEGRATION_WRAPPER_INTERFACE_CONTRACT.md:219,ppg_system_integration/PPG_ACTIVE_V4_CONTROL_PLANE_INTEGRATION_WRAPPER_INTERFACE_CONTRACT.md,219,explicit,o_dc_recovery_coef_epoch,text_mismatch,
contracts/PPG_CONTRACT_CLOSURE_MATRIX.md,1627,ppg_system_integration/PPG_ACTIVE_V4_CONTROL_PLANE_INTEGRATION_WRAPPER_INTERFACE_CONTRACT.md:163,ppg_system_integration/PPG_ACTIVE_V4_CONTROL_PLANE_INTEGRATION_WRAPPER_INTERFACE_CONTRACT.md,163,explicit,o_run_enable,text_mismatch,.i_static_characterization_enable(i_static_characterization_enable)
contracts/PPG_CONTRACT_CLOSURE_MATRIX.md,1628,ppg_system_integration/PPG_ACTIVE_V4_CONTROL_PLANE_INTEGRATION_WRAPPER_INTERFACE_CONTRACT.md:167,ppg_system_integration/PPG_ACTIVE_V4_CONTROL_PLANE_INTEGRATION_WRAPPER_INTERFACE_CONTRACT.md,167,explicit,o_run_generation,text_mismatch,
contracts/PPG_CONTRACT_CLOSURE_MATRIX.md,1629,ppg_system_integration/PPG_ACTIVE_V4_CONTROL_PLANE_INTEGRATION_WRAPPER_INTERFACE_CONTRACT.md:218,ppg_system_integration/PPG_ACTIVE_V4_CONTROL_PLANE_INTEGRATION_WRAPPER_INTERFACE_CONTRACT.md,218,explicit,o_stage2_coef_epoch,text_mismatch,watchdog.
contracts/PPG_CONTRACT_CLOSURE_MATRIX.md,1630,ppg_system_integration/PPG_ACTIVE_V4_CONTROL_PLANE_INTEGRATION_WRAPPER_INTERFACE_CONTRACT.md:165,ppg_system_integration/PPG_ACTIVE_V4_CONTROL_PLANE_INTEGRATION_WRAPPER_INTERFACE_CONTRACT.md,165,explicit,o_start_ack_event,text_mismatch,
contracts/PPG_CONTRACT_CLOSURE_MATRIX.md,1631,ppg_system_integration/PPG_ACTIVE_V4_CONTROL_PLANE_INTEGRATION_WRAPPER_INTERFACE_CONTRACT.md:166,ppg_system_integration/PPG_ACTIVE_V4_CONTROL_PLANE_INTEGRATION_WRAPPER_INTERFACE_CONTRACT.md,166,explicit,o_stop_ack_event,text_mismatch,Wrapper不得缓存、反相、脉冲化、重新同步或从640-bit ACTIVE、`run_profile`、`input_source`及source域表征字段重建该信号。该输入只参与manager的配置资格检查，不得占用V4保留位，也不得作为Wrapper输出再次生成第二个所有权副本。
contracts/PPG_CONTRACT_CLOSURE_MATRIX.md,1632,ppg_system_integration/PPG_ACTIVE_V4_CONTROL_PLANE_INTEGRATION_WRAPPER_INTERFACE_CONTRACT.md:168,ppg_system_integration/PPG_ACTIVE_V4_CONTROL_PLANE_INTEGRATION_WRAPPER_INTERFACE_CONTRACT.md,168,explicit,o_stop_episode_active,text_mismatch,## 6. 生命周期、清除和abort边界
contracts/PPG_CONTRACT_CLOSURE_MATRIX.md,1633,ppg_system_integration/PPG_ACTIVE_V4_CONTROL_PLANE_INTEGRATION_WRAPPER_INTERFACE_CONTRACT.md:143,ppg_system_integration/PPG_ACTIVE_V4_CONTROL_PLANE_INTEGRATION_WRAPPER_INTERFACE_CONTRACT.md,143,explicit,o_system_fault_blocking,text_mismatch,
contracts/PPG_CONTRACT_CLOSURE_MATRIX.md,1634,ppg_system_integration/PPG_ACTIVE_V4_CONTROL_PLANE_INTEGRATION_WRAPPER_INTERFACE_CONTRACT.md:97,ppg_system_integration/PPG_ACTIVE_V4_CONTROL_PLANE_INTEGRATION_WRAPPER_INTERFACE_CONTRACT.md,97,explicit,o_commit_ack_event,text_mismatch,.C_CONFIG_WIDTH(1024)
contracts/PPG_CONTRACT_CLOSURE_MATRIX.md,1635,ppg_system_integration/PPG_ACTIVE_V4_CONTROL_PLANE_INTEGRATION_WRAPPER_INTERFACE_CONTRACT.md:279,ppg_system_integration/PPG_ACTIVE_V4_CONTROL_PLANE_INTEGRATION_WRAPPER_INTERFACE_CONTRACT.md,279,explicit,o_commit_ack_sticky,text_mismatch,## 11. 输出状态与错误保持
contracts/PPG_CONTRACT_CLOSURE_MATRIX.md,1636,ppg_system_integration/PPG_ACTIVE_V4_CONTROL_PLANE_INTEGRATION_WRAPPER_INTERFACE_CONTRACT.md:97,ppg_system_integration/PPG_ACTIVE_V4_CONTROL_PLANE_INTEGRATION_WRAPPER_INTERFACE_CONTRACT.md,97,explicit,o_error_event,text_mismatch,.C_CONFIG_WIDTH(1024)
contracts/PPG_CONTRACT_CLOSURE_MATRIX.md,1637,ppg_system_integration/PPG_ACTIVE_V4_CONTROL_PLANE_INTEGRATION_WRAPPER_INTERFACE_CONTRACT.md:279,ppg_system_integration/PPG_ACTIVE_V4_CONTROL_PLANE_INTEGRATION_WRAPPER_INTERFACE_CONTRACT.md,279,explicit,o_error_sticky,text_mismatch,## 11. 输出状态与错误保持
contracts/PPG_CONTRACT_CLOSURE_MATRIX.md,1638,ppg_system_integration/PPG_ACTIVE_V4_CONTROL_PLANE_INTEGRATION_WRAPPER_INTERFACE_CONTRACT.md:279,ppg_system_integration/PPG_ACTIVE_V4_CONTROL_PLANE_INTEGRATION_WRAPPER_INTERFACE_CONTRACT.md,279,explicit,o_last_error_code,text_mismatch,## 11. 输出状态与错误保持
contracts/PPG_CONTRACT_CLOSURE_MATRIX.md,1639,ppg_system_integration/PPG_ACTIVE_V4_CONTROL_PLANE_INTEGRATION_WRAPPER_INTERFACE_CONTRACT.md:220,ppg_system_integration/PPG_ACTIVE_V4_CONTROL_PLANE_INTEGRATION_WRAPPER_INTERFACE_CONTRACT.md,220,explicit,o_lifecycle_state,text_mismatch,## 7. ACTIVE与epoch输出
contracts/PPG_CONTRACT_CLOSURE_MATRIX.md,1640,ppg_system_integration/PPG_ACTIVE_V4_CONTROL_PLANE_INTEGRATION_WRAPPER_INTERFACE_CONTRACT.md:220,ppg_system_integration/PPG_ACTIVE_V4_CONTROL_PLANE_INTEGRATION_WRAPPER_INTERFACE_CONTRACT.md,220,explicit,o_start_ready,text_mismatch,## 7. ACTIVE与epoch输出
contracts/PPG_CONTRACT_CLOSURE_MATRIX.md,1640,semantic_contract.md:297,semantic_contract.md,297,explicit,,missing_file,
contracts/PPG_CONTRACT_CLOSURE_MATRIX.md,1641,ppg_system_integration/PPG_ACTIVE_V4_CONTROL_PLANE_INTEGRATION_WRAPPER_INTERFACE_CONTRACT.md:239,ppg_system_integration/PPG_ACTIVE_V4_CONTROL_PLANE_INTEGRATION_WRAPPER_INTERFACE_CONTRACT.md,239,explicit,o_schema_version,text_mismatch,- `schema_version`、`run_profile`、`input_source`、`idac_mode`、`optical_mode`和`initial_precision`；
contracts/PPG_CONTRACT_CLOSURE_MATRIX.md,1642,ppg_system_integration/PPG_ACTIVE_V4_CONTROL_PLANE_INTEGRATION_WRAPPER_INTERFACE_CONTRACT.md:239,ppg_system_integration/PPG_ACTIVE_V4_CONTROL_PLANE_INTEGRATION_WRAPPER_INTERFACE_CONTRACT.md,239,explicit,o_run_profile,text_mismatch,- `schema_version`、`run_profile`、`input_source`、`idac_mode`、`optical_mode`和`initial_precision`；
contracts/PPG_CONTRACT_CLOSURE_MATRIX.md,1643,ppg_system_integration/PPG_ACTIVE_V4_CONTROL_PLANE_INTEGRATION_WRAPPER_INTERFACE_CONTRACT.md:239,ppg_system_integration/PPG_ACTIVE_V4_CONTROL_PLANE_INTEGRATION_WRAPPER_INTERFACE_CONTRACT.md,239,explicit,o_input_source,text_mismatch,- `schema_version`、`run_profile`、`input_source`、`idac_mode`、`optical_mode`和`initial_precision`；
contracts/PPG_CONTRACT_CLOSURE_MATRIX.md,1644,ppg_system_integration/PPG_ACTIVE_V4_CONTROL_PLANE_INTEGRATION_WRAPPER_INTERFACE_CONTRACT.md:239,ppg_system_integration/PPG_ACTIVE_V4_CONTROL_PLANE_INTEGRATION_WRAPPER_INTERFACE_CONTRACT.md,239,explicit,o_idac_mode,text_mismatch,- `schema_version`、`run_profile`、`input_source`、`idac_mode`、`optical_mode`和`initial_precision`；
contracts/PPG_CONTRACT_CLOSURE_MATRIX.md,1645,ppg_system_integration/PPG_ACTIVE_V4_CONTROL_PLANE_INTEGRATION_WRAPPER_INTERFACE_CONTRACT.md:239,ppg_system_integration/PPG_ACTIVE_V4_CONTROL_PLANE_INTEGRATION_WRAPPER_INTERFACE_CONTRACT.md,239,explicit,o_optical_mode,text_mismatch,- `schema_version`、`run_profile`、`input_source`、`idac_mode`、`optical_mode`和`initial_precision`；
contracts/PPG_CONTRACT_CLOSURE_MATRIX.md,1646,ppg_system_integration/PPG_ACTIVE_V4_CONTROL_PLANE_INTEGRATION_WRAPPER_INTERFACE_CONTRACT.md:239,ppg_system_integration/PPG_ACTIVE_V4_CONTROL_PLANE_INTEGRATION_WRAPPER_INTERFACE_CONTRACT.md,239,explicit,o_initial_precision,text_mismatch,- `schema_version`、`run_profile`、`input_source`、`idac_mode`、`optical_mode`和`initial_precision`；
contracts/PPG_CONTRACT_CLOSURE_MATRIX.md,1647,ppg_system_integration/PPG_ACTIVE_V4_CONTROL_PLANE_INTEGRATION_WRAPPER_INTERFACE_CONTRACT.md:240,ppg_system_integration/PPG_ACTIVE_V4_CONTROL_PLANE_INTEGRATION_WRAPPER_INTERFACE_CONTRACT.md,240,explicit,o_amb_enable,text_mismatch,- AMB/DCS enable、polarity、校准有效标志和AMB重检间隔；
contracts/PPG_CONTRACT_CLOSURE_MATRIX.md,1648,ppg_system_integration/PPG_ACTIVE_V4_CONTROL_PLANE_INTEGRATION_WRAPPER_INTERFACE_CONTRACT.md:240,ppg_system_integration/PPG_ACTIVE_V4_CONTROL_PLANE_INTEGRATION_WRAPPER_INTERFACE_CONTRACT.md,240,explicit,o_dcs_enable,text_mismatch,- AMB/DCS enable、polarity、校准有效标志和AMB重检间隔；
contracts/PPG_CONTRACT_CLOSURE_MATRIX.md,1649,ppg_system_integration/PPG_ACTIVE_V4_CONTROL_PLANE_INTEGRATION_WRAPPER_INTERFACE_CONTRACT.md:240,ppg_system_integration/PPG_ACTIVE_V4_CONTROL_PLANE_INTEGRATION_WRAPPER_INTERFACE_CONTRACT.md,240,explicit,o_amb_polarity,text_mismatch,- AMB/DCS enable、polarity、校准有效标志和AMB重检间隔；
contracts/PPG_CONTRACT_CLOSURE_MATRIX.md,1650,ppg_system_integration/PPG_ACTIVE_V4_CONTROL_PLANE_INTEGRATION_WRAPPER_INTERFACE_CONTRACT.md:240,ppg_system_integration/PPG_ACTIVE_V4_CONTROL_PLANE_INTEGRATION_WRAPPER_INTERFACE_CONTRACT.md,240,explicit,o_dcs_polarity,text_mismatch,- AMB/DCS enable、polarity、校准有效标志和AMB重检间隔；
contracts/PPG_CONTRACT_CLOSURE_MATRIX.md,1651,ppg_system_integration/PPG_ACTIVE_V4_CONTROL_PLANE_INTEGRATION_WRAPPER_INTERFACE_CONTRACT.md:240,ppg_system_integration/PPG_ACTIVE_V4_CONTROL_PLANE_INTEGRATION_WRAPPER_INTERFACE_CONTRACT.md,240,explicit,o_stage1_calibration_valid,text_mismatch,- AMB/DCS enable、polarity、校准有效标志和AMB重检间隔；
contracts/PPG_CONTRACT_CLOSURE_MATRIX.md,1652,ppg_system_integration/PPG_ACTIVE_V4_CONTROL_PLANE_INTEGRATION_WRAPPER_INTERFACE_CONTRACT.md:240,ppg_system_integration/PPG_ACTIVE_V4_CONTROL_PLANE_INTEGRATION_WRAPPER_INTERFACE_CONTRACT.md,240,explicit,o_stage2_calibration_valid,text_mismatch,- AMB/DCS enable、polarity、校准有效标志和AMB重检间隔；
contracts/PPG_CONTRACT_CLOSURE_MATRIX.md,1653,ppg_system_integration/PPG_ACTIVE_V4_CONTROL_PLANE_INTEGRATION_WRAPPER_INTERFACE_CONTRACT.md:240,ppg_system_integration/PPG_ACTIVE_V4_CONTROL_PLANE_INTEGRATION_WRAPPER_INTERFACE_CONTRACT.md,240,explicit,o_dc9_recovery_valid,text_mismatch,- AMB/DCS enable、polarity、校准有效标志和AMB重检间隔；
contracts/PPG_CONTRACT_CLOSURE_MATRIX.md,1654,ppg_system_integration/PPG_ACTIVE_V4_CONTROL_PLANE_INTEGRATION_WRAPPER_INTERFACE_CONTRACT.md:240,ppg_system_integration/PPG_ACTIVE_V4_CONTROL_PLANE_INTEGRATION_WRAPPER_INTERFACE_CONTRACT.md,240,explicit,o_dc15_recovery_valid,text_mismatch,- AMB/DCS enable、polarity、校准有效标志和AMB重检间隔；
contracts/PPG_CONTRACT_CLOSURE_MATRIX.md,1655,ppg_system_integration/PPG_ACTIVE_V4_CONTROL_PLANE_INTEGRATION_WRAPPER_INTERFACE_CONTRACT.md:241,ppg_system_integration/PPG_ACTIVE_V4_CONTROL_PLANE_INTEGRATION_WRAPPER_INTERFACE_CONTRACT.md,241,explicit,o_amb_manual_code,text_mismatch,- AMB、RED DC、IR DC的manual/min/max码；
contracts/PPG_CONTRACT_CLOSURE_MATRIX.md,1656,ppg_system_integration/PPG_ACTIVE_V4_CONTROL_PLANE_INTEGRATION_WRAPPER_INTERFACE_CONTRACT.md:241,ppg_system_integration/PPG_ACTIVE_V4_CONTROL_PLANE_INTEGRATION_WRAPPER_INTERFACE_CONTRACT.md,241,explicit,o_amb_code_min,text_mismatch,- AMB、RED DC、IR DC的manual/min/max码；
contracts/PPG_CONTRACT_CLOSURE_MATRIX.md,1657,ppg_system_integration/PPG_ACTIVE_V4_CONTROL_PLANE_INTEGRATION_WRAPPER_INTERFACE_CONTRACT.md:241,ppg_system_integration/PPG_ACTIVE_V4_CONTROL_PLANE_INTEGRATION_WRAPPER_INTERFACE_CONTRACT.md,241,explicit,o_amb_code_max,text_mismatch,- AMB、RED DC、IR DC的manual/min/max码；
contracts/PPG_CONTRACT_CLOSURE_MATRIX.md,1658,ppg_system_integration/PPG_ACTIVE_V4_CONTROL_PLANE_INTEGRATION_WRAPPER_INTERFACE_CONTRACT.md:241,ppg_system_integration/PPG_ACTIVE_V4_CONTROL_PLANE_INTEGRATION_WRAPPER_INTERFACE_CONTRACT.md,241,explicit,o_dcs_r_manual_code,text_mismatch,- AMB、RED DC、IR DC的manual/min/max码；
contracts/PPG_CONTRACT_CLOSURE_MATRIX.md,1659,ppg_system_integration/PPG_ACTIVE_V4_CONTROL_PLANE_INTEGRATION_WRAPPER_INTERFACE_CONTRACT.md:241,ppg_system_integration/PPG_ACTIVE_V4_CONTROL_PLANE_INTEGRATION_WRAPPER_INTERFACE_CONTRACT.md,241,explicit,o_dcs_r_code_min,text_mismatch,- AMB、RED DC、IR DC的manual/min/max码；
contracts/PPG_CONTRACT_CLOSURE_MATRIX.md,1660,ppg_system_integration/PPG_ACTIVE_V4_CONTROL_PLANE_INTEGRATION_WRAPPER_INTERFACE_CONTRACT.md:241,ppg_system_integration/PPG_ACTIVE_V4_CONTROL_PLANE_INTEGRATION_WRAPPER_INTERFACE_CONTRACT.md,241,explicit,o_dcs_r_code_max,text_mismatch,- AMB、RED DC、IR DC的manual/min/max码；
contracts/PPG_CONTRACT_CLOSURE_MATRIX.md,1661,ppg_system_integration/PPG_ACTIVE_V4_CONTROL_PLANE_INTEGRATION_WRAPPER_INTERFACE_CONTRACT.md:241,ppg_system_integration/PPG_ACTIVE_V4_CONTROL_PLANE_INTEGRATION_WRAPPER_INTERFACE_CONTRACT.md,241,explicit,o_dcs_ir_manual_code,text_mismatch,- AMB、RED DC、IR DC的manual/min/max码；
contracts/PPG_CONTRACT_CLOSURE_MATRIX.md,1662,ppg_system_integration/PPG_ACTIVE_V4_CONTROL_PLANE_INTEGRATION_WRAPPER_INTERFACE_CONTRACT.md:241,ppg_system_integration/PPG_ACTIVE_V4_CONTROL_PLANE_INTEGRATION_WRAPPER_INTERFACE_CONTRACT.md,241,explicit,o_dcs_ir_code_min,text_mismatch,- AMB、RED DC、IR DC的manual/min/max码；
contracts/PPG_CONTRACT_CLOSURE_MATRIX.md,1663,ppg_system_integration/PPG_ACTIVE_V4_CONTROL_PLANE_INTEGRATION_WRAPPER_INTERFACE_CONTRACT.md:241,ppg_system_integration/PPG_ACTIVE_V4_CONTROL_PLANE_INTEGRATION_WRAPPER_INTERFACE_CONTRACT.md,241,explicit,o_dcs_ir_code_max,text_mismatch,- AMB、RED DC、IR DC的manual/min/max码；
contracts/PPG_CONTRACT_CLOSURE_MATRIX.md,1664,ppg_system_integration/PPG_ACTIVE_V4_CONTROL_PLANE_INTEGRATION_WRAPPER_INTERFACE_CONTRACT.md:242,ppg_system_integration/PPG_ACTIVE_V4_CONTROL_PLANE_INTEGRATION_WRAPPER_INTERFACE_CONTRACT.md,242,explicit,o_amb_threshold_low,text_mismatch,- AMB/DCS signed阈值和确认次数；
contracts/PPG_CONTRACT_CLOSURE_MATRIX.md,1665,ppg_system_integration/PPG_ACTIVE_V4_CONTROL_PLANE_INTEGRATION_WRAPPER_INTERFACE_CONTRACT.md:242,ppg_system_integration/PPG_ACTIVE_V4_CONTROL_PLANE_INTEGRATION_WRAPPER_INTERFACE_CONTRACT.md,242,explicit,o_amb_threshold_high,text_mismatch,- AMB/DCS signed阈值和确认次数；
contracts/PPG_CONTRACT_CLOSURE_MATRIX.md,1666,ppg_system_integration/PPG_ACTIVE_V4_CONTROL_PLANE_INTEGRATION_WRAPPER_INTERFACE_CONTRACT.md:242,ppg_system_integration/PPG_ACTIVE_V4_CONTROL_PLANE_INTEGRATION_WRAPPER_INTERFACE_CONTRACT.md,242,explicit,o_dcs_threshold_low,text_mismatch,- AMB/DCS signed阈值和确认次数；
contracts/PPG_CONTRACT_CLOSURE_MATRIX.md,1667,ppg_system_integration/PPG_ACTIVE_V4_CONTROL_PLANE_INTEGRATION_WRAPPER_INTERFACE_CONTRACT.md:242,ppg_system_integration/PPG_ACTIVE_V4_CONTROL_PLANE_INTEGRATION_WRAPPER_INTERFACE_CONTRACT.md,242,explicit,o_dcs_threshold_high,text_mismatch,- AMB/DCS signed阈值和确认次数；
contracts/PPG_CONTRACT_CLOSURE_MATRIX.md,1668,ppg_system_integration/PPG_ACTIVE_V4_CONTROL_PLANE_INTEGRATION_WRAPPER_INTERFACE_CONTRACT.md:242,ppg_system_integration/PPG_ACTIVE_V4_CONTROL_PLANE_INTEGRATION_WRAPPER_INTERFACE_CONTRACT.md,242,explicit,o_amb_confirm_count,text_mismatch,- AMB/DCS signed阈值和确认次数；
contracts/PPG_CONTRACT_CLOSURE_MATRIX.md,1669,ppg_system_integration/PPG_ACTIVE_V4_CONTROL_PLANE_INTEGRATION_WRAPPER_INTERFACE_CONTRACT.md:242,ppg_system_integration/PPG_ACTIVE_V4_CONTROL_PLANE_INTEGRATION_WRAPPER_INTERFACE_CONTRACT.md,242,explicit,o_dcs_confirm_count,text_mismatch,- AMB/DCS signed阈值和确认次数；
contracts/PPG_CONTRACT_CLOSURE_MATRIX.md,1670,ppg_system_integration/PPG_ACTIVE_V4_CONTROL_PLANE_INTEGRATION_WRAPPER_INTERFACE_CONTRACT.md:243,ppg_system_integration/PPG_ACTIVE_V4_CONTROL_PLANE_INTEGRATION_WRAPPER_INTERFACE_CONTRACT.md,243,explicit,o_stage1_weight_q16_0,text_mismatch,- 十个Stage1 Q16权重及offset；
contracts/PPG_CONTRACT_CLOSURE_MATRIX.md,1671,ppg_system_integration/PPG_ACTIVE_V4_CONTROL_PLANE_INTEGRATION_WRAPPER_INTERFACE_CONTRACT.md:243,ppg_system_integration/PPG_ACTIVE_V4_CONTROL_PLANE_INTEGRATION_WRAPPER_INTERFACE_CONTRACT.md,243,explicit,o_stage1_weight_q16_1,text_mismatch,- 十个Stage1 Q16权重及offset；
contracts/PPG_CONTRACT_CLOSURE_MATRIX.md,1672,ppg_system_integration/PPG_ACTIVE_V4_CONTROL_PLANE_INTEGRATION_WRAPPER_INTERFACE_CONTRACT.md:243,ppg_system_integration/PPG_ACTIVE_V4_CONTROL_PLANE_INTEGRATION_WRAPPER_INTERFACE_CONTRACT.md,243,explicit,o_stage1_weight_q16_2,text_mismatch,- 十个Stage1 Q16权重及offset；
contracts/PPG_CONTRACT_CLOSURE_MATRIX.md,1673,ppg_system_integration/PPG_ACTIVE_V4_CONTROL_PLANE_INTEGRATION_WRAPPER_INTERFACE_CONTRACT.md:243,ppg_system_integration/PPG_ACTIVE_V4_CONTROL_PLANE_INTEGRATION_WRAPPER_INTERFACE_CONTRACT.md,243,explicit,o_stage1_weight_q16_3,text_mismatch,- 十个Stage1 Q16权重及offset；
contracts/PPG_CONTRACT_CLOSURE_MATRIX.md,1674,ppg_system_integration/PPG_ACTIVE_V4_CONTROL_PLANE_INTEGRATION_WRAPPER_INTERFACE_CONTRACT.md:243,ppg_system_integration/PPG_ACTIVE_V4_CONTROL_PLANE_INTEGRATION_WRAPPER_INTERFACE_CONTRACT.md,243,explicit,o_stage1_weight_q16_4,text_mismatch,- 十个Stage1 Q16权重及offset；
contracts/PPG_CONTRACT_CLOSURE_MATRIX.md,1675,ppg_system_integration/PPG_ACTIVE_V4_CONTROL_PLANE_INTEGRATION_WRAPPER_INTERFACE_CONTRACT.md:243,ppg_system_integration/PPG_ACTIVE_V4_CONTROL_PLANE_INTEGRATION_WRAPPER_INTERFACE_CONTRACT.md,243,explicit,o_stage1_weight_q16_5,text_mismatch,- 十个Stage1 Q16权重及offset；
contracts/PPG_CONTRACT_CLOSURE_MATRIX.md,1676,ppg_system_integration/PPG_ACTIVE_V4_CONTROL_PLANE_INTEGRATION_WRAPPER_INTERFACE_CONTRACT.md:243,ppg_system_integration/PPG_ACTIVE_V4_CONTROL_PLANE_INTEGRATION_WRAPPER_INTERFACE_CONTRACT.md,243,explicit,o_stage1_weight_q16_6,text_mismatch,- 十个Stage1 Q16权重及offset；
contracts/PPG_CONTRACT_CLOSURE_MATRIX.md,1677,ppg_system_integration/PPG_ACTIVE_V4_CONTROL_PLANE_INTEGRATION_WRAPPER_INTERFACE_CONTRACT.md:243,ppg_system_integration/PPG_ACTIVE_V4_CONTROL_PLANE_INTEGRATION_WRAPPER_INTERFACE_CONTRACT.md,243,explicit,o_stage1_weight_q16_7,text_mismatch,- 十个Stage1 Q16权重及offset；
contracts/PPG_CONTRACT_CLOSURE_MATRIX.md,1678,ppg_system_integration/PPG_ACTIVE_V4_CONTROL_PLANE_INTEGRATION_WRAPPER_INTERFACE_CONTRACT.md:243,ppg_system_integration/PPG_ACTIVE_V4_CONTROL_PLANE_INTEGRATION_WRAPPER_INTERFACE_CONTRACT.md,243,explicit,o_stage1_weight_q16_8,text_mismatch,- 十个Stage1 Q16权重及offset；
contracts/PPG_CONTRACT_CLOSURE_MATRIX.md,1679,ppg_system_integration/PPG_ACTIVE_V4_CONTROL_PLANE_INTEGRATION_WRAPPER_INTERFACE_CONTRACT.md:243,ppg_system_integration/PPG_ACTIVE_V4_CONTROL_PLANE_INTEGRATION_WRAPPER_INTERFACE_CONTRACT.md,243,explicit,o_stage1_weight_q16_9,text_mismatch,- 十个Stage1 Q16权重及offset；
contracts/PPG_CONTRACT_CLOSURE_MATRIX.md,1680,ppg_system_integration/PPG_ACTIVE_V4_CONTROL_PLANE_INTEGRATION_WRAPPER_INTERFACE_CONTRACT.md:243,ppg_system_integration/PPG_ACTIVE_V4_CONTROL_PLANE_INTEGRATION_WRAPPER_INTERFACE_CONTRACT.md,243,explicit,o_stage1_offset_q16,text_mismatch,- 十个Stage1 Q16权重及offset；
contracts/PPG_CONTRACT_CLOSURE_MATRIX.md,1681,ppg_system_integration/PPG_ACTIVE_V4_CONTROL_PLANE_INTEGRATION_WRAPPER_INTERFACE_CONTRACT.md:244,ppg_system_integration/PPG_ACTIVE_V4_CONTROL_PLANE_INTEGRATION_WRAPPER_INTERFACE_CONTRACT.md,244,explicit,o_stage2_gain_q16,text_mismatch,- Stage2 gain/offset；
contracts/PPG_CONTRACT_CLOSURE_MATRIX.md,1682,ppg_system_integration/PPG_ACTIVE_V4_CONTROL_PLANE_INTEGRATION_WRAPPER_INTERFACE_CONTRACT.md:244,ppg_system_integration/PPG_ACTIVE_V4_CONTROL_PLANE_INTEGRATION_WRAPPER_INTERFACE_CONTRACT.md,244,explicit,o_stage2_offset_q16,text_mismatch,- Stage2 gain/offset；
contracts/PPG_CONTRACT_CLOSURE_MATRIX.md,1683,ppg_system_integration/PPG_ACTIVE_V4_CONTROL_PLANE_INTEGRATION_WRAPPER_INTERFACE_CONTRACT.md:245,ppg_system_integration/PPG_ACTIVE_V4_CONTROL_PLANE_INTEGRATION_WRAPPER_INTERFACE_CONTRACT.md,245,explicit,o_dc9_recovery_gain_q16,text_mismatch,- SAR9/SAR15 DC恢复gain。
contracts/PPG_CONTRACT_CLOSURE_MATRIX.md,1684,ppg_system_integration/PPG_ACTIVE_V4_CONTROL_PLANE_INTEGRATION_WRAPPER_INTERFACE_CONTRACT.md:245,ppg_system_integration/PPG_ACTIVE_V4_CONTROL_PLANE_INTEGRATION_WRAPPER_INTERFACE_CONTRACT.md,245,explicit,o_dc15_recovery_gain_q16,text_mismatch,- SAR9/SAR15 DC恢复gain。
contracts/PPG_CONTRACT_CLOSURE_MATRIX.md,1685,ppg_system_integration/PPG_ACTIVE_V4_CONTROL_PLANE_INTEGRATION_WRAPPER_INTERFACE_CONTRACT.md:240,ppg_system_integration/PPG_ACTIVE_V4_CONTROL_PLANE_INTEGRATION_WRAPPER_INTERFACE_CONTRACT.md,240,explicit,o_amb_recheck_interval_frames,text_mismatch,- AMB/DCS enable、polarity、校准有效标志和AMB重检间隔；
contracts/PPG_CONTRACT_CLOSURE_MATRIX.md,1686,ppg_system_integration/PPG_ACTIVE_V4_CONTROL_PLANE_INTEGRATION_WRAPPER_INTERFACE_CONTRACT.md:246,ppg_system_integration/PPG_ACTIVE_V4_CONTROL_PLANE_INTEGRATION_WRAPPER_INTERFACE_CONTRACT.md,246,explicit,o_slope_mode,text_mismatch,- V5检测字段：`slope_mode`、`fixed_slope_q16`、`alpha_q15`、`beta_q15`、
contracts/PPG_CONTRACT_CLOSURE_MATRIX.md,1687,ppg_system_integration/PPG_ACTIVE_V4_CONTROL_PLANE_INTEGRATION_WRAPPER_INTERFACE_CONTRACT.md:246,ppg_system_integration/PPG_ACTIVE_V4_CONTROL_PLANE_INTEGRATION_WRAPPER_INTERFACE_CONTRACT.md,246,explicit,o_fixed_slope_q16,text_mismatch,- V5检测字段：`slope_mode`、`fixed_slope_q16`、`alpha_q15`、`beta_q15`、
contracts/PPG_CONTRACT_CLOSURE_MATRIX.md,1688,ppg_system_integration/PPG_ACTIVE_V4_CONTROL_PLANE_INTEGRATION_WRAPPER_INTERFACE_CONTRACT.md:246,ppg_system_integration/PPG_ACTIVE_V4_CONTROL_PLANE_INTEGRATION_WRAPPER_INTERFACE_CONTRACT.md,246,explicit,o_alpha_q15,text_mismatch,- V5检测字段：`slope_mode`、`fixed_slope_q16`、`alpha_q15`、`beta_q15`、
contracts/PPG_CONTRACT_CLOSURE_MATRIX.md,1689,ppg_system_integration/PPG_ACTIVE_V4_CONTROL_PLANE_INTEGRATION_WRAPPER_INTERFACE_CONTRACT.md:246,ppg_system_integration/PPG_ACTIVE_V4_CONTROL_PLANE_INTEGRATION_WRAPPER_INTERFACE_CONTRACT.md,246,explicit,o_beta_q15,text_mismatch,- V5检测字段：`slope_mode`、`fixed_slope_q16`、`alpha_q15`、`beta_q15`、
contracts/PPG_CONTRACT_CLOSURE_MATRIX.md,1690,ppg_system_integration/PPG_ACTIVE_V4_CONTROL_PLANE_INTEGRATION_WRAPPER_INTERFACE_CONTRACT.md:246,ppg_system_integration/PPG_ACTIVE_V4_CONTROL_PLANE_INTEGRATION_WRAPPER_INTERFACE_CONTRACT.md,246,explicit,o_timing_adjust_ratio_q15,text_mismatch,- V5检测字段：`slope_mode`、`fixed_slope_q16`、`alpha_q15`、`beta_q15`、
contracts/PPG_CONTRACT_CLOSURE_MATRIX.md,1691,ppg_system_integration/PPG_ACTIVE_V4_CONTROL_PLANE_INTEGRATION_WRAPPER_INTERFACE_CONTRACT.md:246,ppg_system_integration/PPG_ACTIVE_V4_CONTROL_PLANE_INTEGRATION_WRAPPER_INTERFACE_CONTRACT.md,246,explicit,o_slope_min_q16,text_mismatch,- V5检测字段：`slope_mode`、`fixed_slope_q16`、`alpha_q15`、`beta_q15`、
contracts/PPG_CONTRACT_CLOSURE_MATRIX.md,1692,ppg_system_integration/PPG_ACTIVE_V4_CONTROL_PLANE_INTEGRATION_WRAPPER_INTERFACE_CONTRACT.md:246,ppg_system_integration/PPG_ACTIVE_V4_CONTROL_PLANE_INTEGRATION_WRAPPER_INTERFACE_CONTRACT.md,246,explicit,o_slope_max_q16,text_mismatch,- V5检测字段：`slope_mode`、`fixed_slope_q16`、`alpha_q15`、`beta_q15`、
contracts/PPG_CONTRACT_CLOSURE_MATRIX.md,1693,ppg_system_integration/PPG_ACTIVE_V4_CONTROL_PLANE_INTEGRATION_WRAPPER_INTERFACE_CONTRACT.md:246,ppg_system_integration/PPG_ACTIVE_V4_CONTROL_PLANE_INTEGRATION_WRAPPER_INTERFACE_CONTRACT.md,246,explicit,o_baseline_delta_q16,text_mismatch,- V5检测字段：`slope_mode`、`fixed_slope_q16`、`alpha_q15`、`beta_q15`、
contracts/PPG_CONTRACT_CLOSURE_MATRIX.md,1694,ppg_system_integration/PPG_ACTIVE_V4_CONTROL_PLANE_INTEGRATION_WRAPPER_INTERFACE_CONTRACT.md:246,ppg_system_integration/PPG_ACTIVE_V4_CONTROL_PLANE_INTEGRATION_WRAPPER_INTERFACE_CONTRACT.md,246,explicit,o_cross_hysteresis_q16,text_mismatch,- V5检测字段：`slope_mode`、`fixed_slope_q16`、`alpha_q15`、`beta_q15`、
contracts/PPG_CONTRACT_CLOSURE_MATRIX.md,1695,ppg_system_integration/PPG_ACTIVE_V4_CONTROL_PLANE_INTEGRATION_WRAPPER_INTERFACE_CONTRACT.md:248,ppg_system_integration/PPG_ACTIVE_V4_CONTROL_PLANE_INTEGRATION_WRAPPER_INTERFACE_CONTRACT.md,248,explicit,o_lead_min_frames,text_mismatch,  `baseline_delta_q16`、`cross_hysteresis_q16`、lead窗口、确认计数、
contracts/PPG_CONTRACT_CLOSURE_MATRIX.md,1696,ppg_system_integration/PPG_ACTIVE_V4_CONTROL_PLANE_INTEGRATION_WRAPPER_INTERFACE_CONTRACT.md:248,ppg_system_integration/PPG_ACTIVE_V4_CONTROL_PLANE_INTEGRATION_WRAPPER_INTERFACE_CONTRACT.md,248,explicit,o_lead_max_frames,text_mismatch,  `baseline_delta_q16`、`cross_hysteresis_q16`、lead窗口、确认计数、
contracts/PPG_CONTRACT_CLOSURE_MATRIX.md,1697,ppg_system_integration/PPG_ACTIVE_V4_CONTROL_PLANE_INTEGRATION_WRAPPER_INTERFACE_CONTRACT.md:248,ppg_system_integration/PPG_ACTIVE_V4_CONTROL_PLANE_INTEGRATION_WRAPPER_INTERFACE_CONTRACT.md,248,explicit,o_cross_confirm_count,text_mismatch,  `baseline_delta_q16`、`cross_hysteresis_q16`、lead窗口、确认计数、
contracts/PPG_CONTRACT_CLOSURE_MATRIX.md,1698,ppg_system_integration/PPG_ACTIVE_V4_CONTROL_PLANE_INTEGRATION_WRAPPER_INTERFACE_CONTRACT.md:248,ppg_system_integration/PPG_ACTIVE_V4_CONTROL_PLANE_INTEGRATION_WRAPPER_INTERFACE_CONTRACT.md,248,explicit,o_no_cross_limit,text_mismatch,  `baseline_delta_q16`、`cross_hysteresis_q16`、lead窗口、确认计数、
contracts/PPG_CONTRACT_CLOSURE_MATRIX.md,1699,ppg_system_integration/PPG_ACTIVE_V4_CONTROL_PLANE_INTEGRATION_WRAPPER_INTERFACE_CONTRACT.md:248,ppg_system_integration/PPG_ACTIVE_V4_CONTROL_PLANE_INTEGRATION_WRAPPER_INTERFACE_CONTRACT.md,248,explicit,o_peak_confirm_count,text_mismatch,  `baseline_delta_q16`、`cross_hysteresis_q16`、lead窗口、确认计数、
contracts/PPG_CONTRACT_CLOSURE_MATRIX.md,1700,ppg_system_integration/PPG_ACTIVE_V4_CONTROL_PLANE_INTEGRATION_WRAPPER_INTERFACE_CONTRACT.md:248,ppg_system_integration/PPG_ACTIVE_V4_CONTROL_PLANE_INTEGRATION_WRAPPER_INTERFACE_CONTRACT.md,248,explicit,o_valley_confirm_count,text_mismatch,  `baseline_delta_q16`、`cross_hysteresis_q16`、lead窗口、确认计数、
contracts/PPG_CONTRACT_CLOSURE_MATRIX.md,1701,ppg_system_integration/PPG_ACTIVE_V4_CONTROL_PLANE_INTEGRATION_WRAPPER_INTERFACE_CONTRACT.md:248,ppg_system_integration/PPG_ACTIVE_V4_CONTROL_PLANE_INTEGRATION_WRAPPER_INTERFACE_CONTRACT.md,248,explicit,o_direction_deadband,text_mismatch,  `baseline_delta_q16`、`cross_hysteresis_q16`、lead窗口、确认计数、
contracts/PPG_CONTRACT_CLOSURE_MATRIX.md,1702,ppg_system_integration/PPG_ACTIVE_V4_CONTROL_PLANE_INTEGRATION_WRAPPER_INTERFACE_CONTRACT.md:248,ppg_system_integration/PPG_ACTIVE_V4_CONTROL_PLANE_INTEGRATION_WRAPPER_INTERFACE_CONTRACT.md,248,explicit,o_min_peak_valley_amplitude,text_mismatch,  `baseline_delta_q16`、`cross_hysteresis_q16`、lead窗口、确认计数、
contracts/PPG_CONTRACT_CLOSURE_MATRIX.md,1703,ppg_system_integration/PPG_ACTIVE_V4_CONTROL_PLANE_INTEGRATION_WRAPPER_INTERFACE_CONTRACT.md:248,ppg_system_integration/PPG_ACTIVE_V4_CONTROL_PLANE_INTEGRATION_WRAPPER_INTERFACE_CONTRACT.md,248,explicit,o_min_peak_to_valley_frames,text_mismatch,  `baseline_delta_q16`、`cross_hysteresis_q16`、lead窗口、确认计数、
contracts/PPG_CONTRACT_CLOSURE_MATRIX.md,1704,ppg_system_integration/PPG_ACTIVE_V4_CONTROL_PLANE_INTEGRATION_WRAPPER_INTERFACE_CONTRACT.md:248,ppg_system_integration/PPG_ACTIVE_V4_CONTROL_PLANE_INTEGRATION_WRAPPER_INTERFACE_CONTRACT.md,248,explicit,o_min_peak_to_peak_frames,text_mismatch,  `baseline_delta_q16`、`cross_hysteresis_q16`、lead窗口、确认计数、
contracts/PPG_CONTRACT_CLOSURE_MATRIX.md,1705,ppg_system_integration/PPG_ACTIVE_V4_CONTROL_PLANE_INTEGRATION_WRAPPER_INTERFACE_CONTRACT.md:249,ppg_system_integration/PPG_ACTIVE_V4_CONTROL_PLANE_INTEGRATION_WRAPPER_INTERFACE_CONTRACT.md,249,explicit,o_max_fine_window_frames,text_mismatch,  峰谷幅度/帧距、fine/reacquire窗口和`peak_valley_config_valid`。
contracts/PPG_CONTRACT_CLOSURE_MATRIX.md,1706,ppg_system_integration/PPG_ACTIVE_V4_CONTROL_PLANE_INTEGRATION_WRAPPER_INTERFACE_CONTRACT.md:249,ppg_system_integration/PPG_ACTIVE_V4_CONTROL_PLANE_INTEGRATION_WRAPPER_INTERFACE_CONTRACT.md,249,explicit,o_max_reacquire_frames,text_mismatch,  峰谷幅度/帧距、fine/reacquire窗口和`peak_valley_config_valid`。
contracts/PPG_CONTRACT_CLOSURE_MATRIX.md,1707,ppg_system_integration/PPG_ACTIVE_V4_CONTROL_PLANE_INTEGRATION_WRAPPER_INTERFACE_CONTRACT.md:249,ppg_system_integration/PPG_ACTIVE_V4_CONTROL_PLANE_INTEGRATION_WRAPPER_INTERFACE_CONTRACT.md,249,explicit,o_peak_valley_config_valid,text_mismatch,  峰谷幅度/帧距、fine/reacquire窗口和`peak_valley_config_valid`。
contracts/PPG_CONTRACT_CLOSURE_MATRIX.md,1725,ppg_active_v4_control_plane_integration.v:784,ppg_active_v4_control_plane_integration.v,784,explicit,,out_of_bounds,
contracts/PPG_CONTRACT_CLOSURE_MATRIX.md,1749,ppg_system_active_config_unpack/ppg_system_active_config_unpack_semantic_contract.md:67,ppg_system_active_config_unpack/ppg_system_active_config_unpack_semantic_contract.md,67,explicit,o_amb_manual_code,text_mismatch,| `[39:32]`、`[47:40]`、`[55:48]` | AMB manual/min/max | unsigned 8-bit |
contracts/PPG_CONTRACT_CLOSURE_MATRIX.md,1750,ppg_system_active_config_unpack/ppg_system_active_config_unpack_semantic_contract.md:67,ppg_system_active_config_unpack/ppg_system_active_config_unpack_semantic_contract.md,67,explicit,o_amb_code_min,text_mismatch,| `[39:32]`、`[47:40]`、`[55:48]` | AMB manual/min/max | unsigned 8-bit |
contracts/PPG_CONTRACT_CLOSURE_MATRIX.md,1751,ppg_system_active_config_unpack/ppg_system_active_config_unpack_semantic_contract.md:67,ppg_system_active_config_unpack/ppg_system_active_config_unpack_semantic_contract.md,67,explicit,o_amb_code_max,text_mismatch,| `[39:32]`、`[47:40]`、`[55:48]` | AMB manual/min/max | unsigned 8-bit |
contracts/PPG_CONTRACT_CLOSURE_MATRIX.md,1752,ppg_system_active_config_unpack/ppg_system_active_config_unpack_semantic_contract.md:68,ppg_system_active_config_unpack/ppg_system_active_config_unpack_semantic_contract.md,68,explicit,o_dcs_r_manual_code,text_mismatch,| `[63:56]`、`[71:64]`、`[79:72]` | 红光DCS manual/min/max | unsigned 8-bit |
contracts/PPG_CONTRACT_CLOSURE_MATRIX.md,1753,ppg_system_active_config_unpack/ppg_system_active_config_unpack_semantic_contract.md:68,ppg_system_active_config_unpack/ppg_system_active_config_unpack_semantic_contract.md,68,explicit,o_dcs_r_code_min,text_mismatch,| `[63:56]`、`[71:64]`、`[79:72]` | 红光DCS manual/min/max | unsigned 8-bit |
contracts/PPG_CONTRACT_CLOSURE_MATRIX.md,1754,ppg_system_active_config_unpack/ppg_system_active_config_unpack_semantic_contract.md:68,ppg_system_active_config_unpack/ppg_system_active_config_unpack_semantic_contract.md,68,explicit,o_dcs_r_code_max,text_mismatch,| `[63:56]`、`[71:64]`、`[79:72]` | 红光DCS manual/min/max | unsigned 8-bit |
contracts/PPG_CONTRACT_CLOSURE_MATRIX.md,1755,ppg_system_active_config_unpack/ppg_system_active_config_unpack_semantic_contract.md:69,ppg_system_active_config_unpack/ppg_system_active_config_unpack_semantic_contract.md,69,explicit,o_dcs_ir_manual_code,text_mismatch,| `[87:80]`、`[95:88]`、`[103:96]` | 红外DCS manual/min/max | unsigned 8-bit |
contracts/PPG_CONTRACT_CLOSURE_MATRIX.md,1756,ppg_system_active_config_unpack/ppg_system_active_config_unpack_semantic_contract.md:69,ppg_system_active_config_unpack/ppg_system_active_config_unpack_semantic_contract.md,69,explicit,o_dcs_ir_code_min,text_mismatch,| `[87:80]`、`[95:88]`、`[103:96]` | 红外DCS manual/min/max | unsigned 8-bit |
contracts/PPG_CONTRACT_CLOSURE_MATRIX.md,1757,ppg_system_active_config_unpack/ppg_system_active_config_unpack_semantic_contract.md:69,ppg_system_active_config_unpack/ppg_system_active_config_unpack_semantic_contract.md,69,explicit,o_dcs_ir_code_max,text_mismatch,| `[87:80]`、`[95:88]`、`[103:96]` | 红外DCS manual/min/max | unsigned 8-bit |
contracts/PPG_CONTRACT_CLOSURE_MATRIX.md,1758,ppg_system_active_config_unpack/ppg_system_active_config_unpack_semantic_contract.md:70,ppg_system_active_config_unpack/ppg_system_active_config_unpack_semantic_contract.md,70,explicit,o_amb_threshold_low,text_mismatch,| `[115:104]`、`[127:116]` | AMB LOW/HIGH | signed 12-bit整数 |
contracts/PPG_CONTRACT_CLOSURE_MATRIX.md,1759,ppg_system_active_config_unpack/ppg_system_active_config_unpack_semantic_contract.md:70,ppg_system_active_config_unpack/ppg_system_active_config_unpack_semantic_contract.md,70,explicit,o_amb_threshold_high,text_mismatch,| `[115:104]`、`[127:116]` | AMB LOW/HIGH | signed 12-bit整数 |
contracts/PPG_CONTRACT_CLOSURE_MATRIX.md,1760,ppg_system_active_config_unpack/ppg_system_active_config_unpack_semantic_contract.md:71,ppg_system_active_config_unpack/ppg_system_active_config_unpack_semantic_contract.md,71,explicit,o_dcs_threshold_low,text_mismatch,| `[139:128]`、`[151:140]` | DCS LOW/HIGH | signed 12-bit整数 |
contracts/PPG_CONTRACT_CLOSURE_MATRIX.md,1761,ppg_system_active_config_unpack/ppg_system_active_config_unpack_semantic_contract.md:71,ppg_system_active_config_unpack/ppg_system_active_config_unpack_semantic_contract.md,71,explicit,o_dcs_threshold_high,text_mismatch,| `[139:128]`、`[151:140]` | DCS LOW/HIGH | signed 12-bit整数 |
contracts/PPG_CONTRACT_CLOSURE_MATRIX.md,1762,ppg_system_active_config_unpack/ppg_system_active_config_unpack_semantic_contract.md:72,ppg_system_active_config_unpack/ppg_system_active_config_unpack_semantic_contract.md,72,explicit,o_amb_confirm_count,text_mismatch,| `[159:152]`、`[167:160]` | AMB/DCS confirm_count | unsigned 8-bit |
contracts/PPG_CONTRACT_CLOSURE_MATRIX.md,1763,ppg_system_active_config_unpack/ppg_system_active_config_unpack_semantic_contract.md:72,ppg_system_active_config_unpack/ppg_system_active_config_unpack_semantic_contract.md,72,explicit,o_dcs_confirm_count,text_mismatch,| `[159:152]`、`[167:160]` | AMB/DCS confirm_count | unsigned 8-bit |
contracts/PPG_CONTRACT_CLOSURE_MATRIX.md,1765,ppg_system_active_config_unpack/ppg_system_active_config_unpack_semantic_contract.md:73,ppg_system_active_config_unpack/ppg_system_active_config_unpack_semantic_contract.md,73,explicit,o_stage1_weight_q16_1,text_mismatch,| `[193:168]`至`[427:402]` | `o_stage1_weight_q16_0`至`_9` | 各signed 26-bit Q16 |
contracts/PPG_CONTRACT_CLOSURE_MATRIX.md,1766,ppg_system_active_config_unpack/ppg_system_active_config_unpack_semantic_contract.md:73,ppg_system_active_config_unpack/ppg_system_active_config_unpack_semantic_contract.md,73,explicit,o_stage1_weight_q16_2,text_mismatch,| `[193:168]`至`[427:402]` | `o_stage1_weight_q16_0`至`_9` | 各signed 26-bit Q16 |
contracts/PPG_CONTRACT_CLOSURE_MATRIX.md,1767,ppg_system_active_config_unpack/ppg_system_active_config_unpack_semantic_contract.md:73,ppg_system_active_config_unpack/ppg_system_active_config_unpack_semantic_contract.md,73,explicit,o_stage1_weight_q16_3,text_mismatch,| `[193:168]`至`[427:402]` | `o_stage1_weight_q16_0`至`_9` | 各signed 26-bit Q16 |
contracts/PPG_CONTRACT_CLOSURE_MATRIX.md,1768,ppg_system_active_config_unpack/ppg_system_active_config_unpack_semantic_contract.md:73,ppg_system_active_config_unpack/ppg_system_active_config_unpack_semantic_contract.md,73,explicit,o_stage1_weight_q16_4,text_mismatch,| `[193:168]`至`[427:402]` | `o_stage1_weight_q16_0`至`_9` | 各signed 26-bit Q16 |
contracts/PPG_CONTRACT_CLOSURE_MATRIX.md,1769,ppg_system_active_config_unpack/ppg_system_active_config_unpack_semantic_contract.md:73,ppg_system_active_config_unpack/ppg_system_active_config_unpack_semantic_contract.md,73,explicit,o_stage1_weight_q16_5,text_mismatch,| `[193:168]`至`[427:402]` | `o_stage1_weight_q16_0`至`_9` | 各signed 26-bit Q16 |
contracts/PPG_CONTRACT_CLOSURE_MATRIX.md,1770,ppg_system_active_config_unpack/ppg_system_active_config_unpack_semantic_contract.md:73,ppg_system_active_config_unpack/ppg_system_active_config_unpack_semantic_contract.md,73,explicit,o_stage1_weight_q16_6,text_mismatch,| `[193:168]`至`[427:402]` | `o_stage1_weight_q16_0`至`_9` | 各signed 26-bit Q16 |
contracts/PPG_CONTRACT_CLOSURE_MATRIX.md,1771,ppg_system_active_config_unpack/ppg_system_active_config_unpack_semantic_contract.md:73,ppg_system_active_config_unpack/ppg_system_active_config_unpack_semantic_contract.md,73,explicit,o_stage1_weight_q16_7,text_mismatch,| `[193:168]`至`[427:402]` | `o_stage1_weight_q16_0`至`_9` | 各signed 26-bit Q16 |
contracts/PPG_CONTRACT_CLOSURE_MATRIX.md,1772,ppg_system_active_config_unpack/ppg_system_active_config_unpack_semantic_contract.md:73,ppg_system_active_config_unpack/ppg_system_active_config_unpack_semantic_contract.md,73,explicit,o_stage1_weight_q16_8,text_mismatch,| `[193:168]`至`[427:402]` | `o_stage1_weight_q16_0`至`_9` | 各signed 26-bit Q16 |
contracts/PPG_CONTRACT_CLOSURE_MATRIX.md,1773,ppg_system_active_config_unpack/ppg_system_active_config_unpack_semantic_contract.md:73,ppg_system_active_config_unpack/ppg_system_active_config_unpack_semantic_contract.md,73,explicit,o_stage1_weight_q16_9,text_mismatch,| `[193:168]`至`[427:402]` | `o_stage1_weight_q16_0`至`_9` | 各signed 26-bit Q16 |
contracts/PPG_CONTRACT_CLOSURE_MATRIX.md,1803,ppg_system_integration/PPG_CHARACTERIZATION_CONTROL_CDC_INTERFACE_CONTRACT.md:95,ppg_system_integration/PPG_CHARACTERIZATION_CONTROL_CDC_INTERFACE_CONTRACT.md,95,explicit,i_source_clk,text_mismatch,### 5.1 SPI配置源域
contracts/PPG_CONTRACT_CLOSURE_MATRIX.md,1804,ppg_system_integration/PPG_CHARACTERIZATION_CONTROL_CDC_INTERFACE_CONTRACT.md:95,ppg_system_integration/PPG_CHARACTERIZATION_CONTROL_CDC_INTERFACE_CONTRACT.md,95,explicit,i_source_rstn,text_mismatch,### 5.1 SPI配置源域
contracts/PPG_CONTRACT_CLOSURE_MATRIX.md,1805,ppg_system_integration/PPG_CHARACTERIZATION_CONTROL_CDC_INTERFACE_CONTRACT.md:106,ppg_system_integration/PPG_CHARACTERIZATION_CONTROL_CDC_INTERFACE_CONTRACT.md,106,explicit,i_clk,text_mismatch,### 5.2 2 MHz目标域
contracts/PPG_CONTRACT_CLOSURE_MATRIX.md,1806,ppg_system_integration/PPG_CHARACTERIZATION_CONTROL_CDC_INTERFACE_CONTRACT.md:106,ppg_system_integration/PPG_CHARACTERIZATION_CONTROL_CDC_INTERFACE_CONTRACT.md,106,explicit,i_rstn,text_mismatch,### 5.2 2 MHz目标域
contracts/PPG_CONTRACT_CLOSURE_MATRIX.md,1807,ppg_system_integration/PPG_CHARACTERIZATION_CONTROL_CDC_INTERFACE_CONTRACT.md:95,ppg_system_integration/PPG_CHARACTERIZATION_CONTROL_CDC_INTERFACE_CONTRACT.md,95,explicit,i_source_update_valid,text_mismatch,### 5.1 SPI配置源域
contracts/PPG_CONTRACT_CLOSURE_MATRIX.md,1808,ppg_system_integration/PPG_CHARACTERIZATION_CONTROL_CDC_INTERFACE_CONTRACT.md:95,ppg_system_integration/PPG_CHARACTERIZATION_CONTROL_CDC_INTERFACE_CONTRACT.md,95,explicit,i_source_static_characterization_enable,text_mismatch,### 5.1 SPI配置源域
contracts/PPG_CONTRACT_CLOSURE_MATRIX.md,1809,ppg_system_integration/PPG_CHARACTERIZATION_CONTROL_CDC_INTERFACE_CONTRACT.md:95,ppg_system_integration/PPG_CHARACTERIZATION_CONTROL_CDC_INTERFACE_CONTRACT.md,95,explicit,i_source_test_mux_ctrl,text_mismatch,### 5.1 SPI配置源域
contracts/PPG_CONTRACT_CLOSURE_MATRIX.md,1810,ppg_system_integration/PPG_CHARACTERIZATION_CONTROL_CDC_INTERFACE_CONTRACT.md:106,ppg_system_integration/PPG_CHARACTERIZATION_CONTROL_CDC_INTERFACE_CONTRACT.md,106,explicit,i_run_enable,text_mismatch,### 5.2 2 MHz目标域
contracts/PPG_CONTRACT_CLOSURE_MATRIX.md,1811,ppg_system_integration/PPG_CHARACTERIZATION_CONTROL_CDC_INTERFACE_CONTRACT.md:106,ppg_system_integration/PPG_CHARACTERIZATION_CONTROL_CDC_INTERFACE_CONTRACT.md,106,explicit,i_diag_clear_event,text_mismatch,### 5.2 2 MHz目标域
contracts/PPG_CONTRACT_CLOSURE_MATRIX.md,1812,ppg_system_integration/PPG_CHARACTERIZATION_CONTROL_CDC_INTERFACE_CONTRACT.md:95,ppg_system_integration/PPG_CHARACTERIZATION_CONTROL_CDC_INTERFACE_CONTRACT.md,95,explicit,o_source_update_ready,text_mismatch,### 5.1 SPI配置源域
contracts/PPG_CONTRACT_CLOSURE_MATRIX.md,1813,ppg_system_integration/PPG_CHARACTERIZATION_CONTROL_CDC_INTERFACE_CONTRACT.md:106,ppg_system_integration/PPG_CHARACTERIZATION_CONTROL_CDC_INTERFACE_CONTRACT.md,106,explicit,o_static_characterization_enable,text_mismatch,### 5.2 2 MHz目标域
contracts/PPG_CONTRACT_CLOSURE_MATRIX.md,1814,ppg_system_integration/PPG_CHARACTERIZATION_CONTROL_CDC_INTERFACE_CONTRACT.md:106,ppg_system_integration/PPG_CHARACTERIZATION_CONTROL_CDC_INTERFACE_CONTRACT.md,106,explicit,o_test_mux_ctrl,text_mismatch,### 5.2 2 MHz目标域
contracts/PPG_CONTRACT_CLOSURE_MATRIX.md,1815,ppg_system_integration/PPG_CHARACTERIZATION_CONTROL_CDC_INTERFACE_CONTRACT.md:106,ppg_system_integration/PPG_CHARACTERIZATION_CONTROL_CDC_INTERFACE_CONTRACT.md,106,explicit,o_control_valid,text_mismatch,### 5.2 2 MHz目标域
contracts/PPG_CONTRACT_CLOSURE_MATRIX.md,1816,ppg_system_integration/PPG_CHARACTERIZATION_CONTROL_CDC_INTERFACE_CONTRACT.md:106,ppg_system_integration/PPG_CHARACTERIZATION_CONTROL_CDC_INTERFACE_CONTRACT.md,106,explicit,o_control_update_event,text_mismatch,### 5.2 2 MHz目标域
contracts/PPG_CONTRACT_CLOSURE_MATRIX.md,1817,ppg_system_integration/PPG_CHARACTERIZATION_CONTROL_CDC_INTERFACE_CONTRACT.md:106,ppg_system_integration/PPG_CHARACTERIZATION_CONTROL_CDC_INTERFACE_CONTRACT.md,106,explicit,o_control_reject_event,text_mismatch,### 5.2 2 MHz目标域
contracts/PPG_CONTRACT_CLOSURE_MATRIX.md,1818,ppg_system_integration/PPG_CHARACTERIZATION_CONTROL_CDC_INTERFACE_CONTRACT.md:106,ppg_system_integration/PPG_CHARACTERIZATION_CONTROL_CDC_INTERFACE_CONTRACT.md,106,explicit,o_protocol_error_sticky,text_mismatch,### 5.2 2 MHz目标域
contracts/PPG_CONTRACT_CLOSURE_MATRIX.md,1819,ppg_system_integration/PPG_400HZ_FRAME_CALIBRATION_SCHEDULER_INTERFACE_CONTRACT.md:839,ppg_system_integration/PPG_400HZ_FRAME_CALIBRATION_SCHEDULER_INTERFACE_CONTRACT.md,839,explicit,i_clk,text_mismatch,### 13.2 全局与生命周期输入
contracts/PPG_CONTRACT_CLOSURE_MATRIX.md,1820,ppg_system_integration/PPG_400HZ_FRAME_CALIBRATION_SCHEDULER_INTERFACE_CONTRACT.md:839,ppg_system_integration/PPG_400HZ_FRAME_CALIBRATION_SCHEDULER_INTERFACE_CONTRACT.md,839,explicit,i_rstn,text_mismatch,### 13.2 全局与生命周期输入
contracts/PPG_CONTRACT_CLOSURE_MATRIX.md,1821,ppg_system_integration/PPG_400HZ_FRAME_CALIBRATION_SCHEDULER_INTERFACE_CONTRACT.md:839,ppg_system_integration/PPG_400HZ_FRAME_CALIBRATION_SCHEDULER_INTERFACE_CONTRACT.md,839,explicit,i_active_config_valid,text_mismatch,### 13.2 全局与生命周期输入
contracts/PPG_CONTRACT_CLOSURE_MATRIX.md,1822,ppg_system_integration/PPG_400HZ_FRAME_CALIBRATION_SCHEDULER_INTERFACE_CONTRACT.md:839,ppg_system_integration/PPG_400HZ_FRAME_CALIBRATION_SCHEDULER_INTERFACE_CONTRACT.md,839,explicit,i_run_enable,text_mismatch,### 13.2 全局与生命周期输入
contracts/PPG_CONTRACT_CLOSURE_MATRIX.md,1823,ppg_system_integration/PPG_400HZ_FRAME_CALIBRATION_SCHEDULER_INTERFACE_CONTRACT.md:839,ppg_system_integration/PPG_400HZ_FRAME_CALIBRATION_SCHEDULER_INTERFACE_CONTRACT.md,839,explicit,i_allow_new_transaction,text_mismatch,### 13.2 全局与生命周期输入
contracts/PPG_CONTRACT_CLOSURE_MATRIX.md,1824,ppg_system_integration/PPG_400HZ_FRAME_CALIBRATION_SCHEDULER_INTERFACE_CONTRACT.md:839,ppg_system_integration/PPG_400HZ_FRAME_CALIBRATION_SCHEDULER_INTERFACE_CONTRACT.md,839,explicit,i_start_ack_event,text_mismatch,### 13.2 全局与生命周期输入
contracts/PPG_CONTRACT_CLOSURE_MATRIX.md,1825,ppg_system_integration/PPG_400HZ_FRAME_CALIBRATION_SCHEDULER_INTERFACE_CONTRACT.md:839,ppg_system_integration/PPG_400HZ_FRAME_CALIBRATION_SCHEDULER_INTERFACE_CONTRACT.md,839,explicit,i_stop_ack_event,text_mismatch,### 13.2 全局与生命周期输入
contracts/PPG_CONTRACT_CLOSURE_MATRIX.md,1826,ppg_system_integration/PPG_400HZ_FRAME_CALIBRATION_SCHEDULER_INTERFACE_CONTRACT.md:839,ppg_system_integration/PPG_400HZ_FRAME_CALIBRATION_SCHEDULER_INTERFACE_CONTRACT.md,839,explicit,i_control_abort_event,text_mismatch,### 13.2 全局与生命周期输入
contracts/PPG_CONTRACT_CLOSURE_MATRIX.md,1827,ppg_system_integration/PPG_400HZ_FRAME_CALIBRATION_SCHEDULER_INTERFACE_CONTRACT.md:839,ppg_system_integration/PPG_400HZ_FRAME_CALIBRATION_SCHEDULER_INTERFACE_CONTRACT.md,839,explicit,i_diag_clear_event,text_mismatch,### 13.2 全局与生命周期输入
contracts/PPG_CONTRACT_CLOSURE_MATRIX.md,1828,ppg_system_integration/PPG_400HZ_FRAME_CALIBRATION_SCHEDULER_INTERFACE_CONTRACT.md:1026,ppg_system_integration/PPG_400HZ_FRAME_CALIBRATION_SCHEDULER_INTERFACE_CONTRACT.md,1026,explicit,i_run_generation,text_mismatch,### 15.1 V1.4 generation and supervisor fault ports
contracts/PPG_CONTRACT_CLOSURE_MATRIX.md,1829,ppg_system_integration/PPG_400HZ_FRAME_CALIBRATION_SCHEDULER_INTERFACE_CONTRACT.md:854,ppg_system_integration/PPG_400HZ_FRAME_CALIBRATION_SCHEDULER_INTERFACE_CONTRACT.md,854,explicit,i_run_profile,text_mismatch,### 13.3 配置和AMI状态输入
contracts/PPG_CONTRACT_CLOSURE_MATRIX.md,1830,ppg_system_integration/PPG_400HZ_FRAME_CALIBRATION_SCHEDULER_INTERFACE_CONTRACT.md:854,ppg_system_integration/PPG_400HZ_FRAME_CALIBRATION_SCHEDULER_INTERFACE_CONTRACT.md,854,explicit,i_input_source,text_mismatch,### 13.3 配置和AMI状态输入
contracts/PPG_CONTRACT_CLOSURE_MATRIX.md,1831,ppg_system_integration/PPG_400HZ_FRAME_CALIBRATION_SCHEDULER_INTERFACE_CONTRACT.md:854,ppg_system_integration/PPG_400HZ_FRAME_CALIBRATION_SCHEDULER_INTERFACE_CONTRACT.md,854,explicit,i_optical_mode,text_mismatch,### 13.3 配置和AMI状态输入
contracts/PPG_CONTRACT_CLOSURE_MATRIX.md,1832,ppg_system_integration/PPG_400HZ_FRAME_CALIBRATION_SCHEDULER_INTERFACE_CONTRACT.md:854,ppg_system_integration/PPG_400HZ_FRAME_CALIBRATION_SCHEDULER_INTERFACE_CONTRACT.md,854,explicit,i_active_precision_mode,text_mismatch,### 13.3 配置和AMI状态输入
contracts/PPG_CONTRACT_CLOSURE_MATRIX.md,1833,ppg_system_integration/PPG_400HZ_FRAME_CALIBRATION_SCHEDULER_INTERFACE_CONTRACT.md:854,ppg_system_integration/PPG_400HZ_FRAME_CALIBRATION_SCHEDULER_INTERFACE_CONTRACT.md,854,explicit,i_normal_measurement_eligible,text_mismatch,### 13.3 配置和AMI状态输入
contracts/PPG_CONTRACT_CLOSURE_MATRIX.md,1834,ppg_system_integration/PPG_400HZ_FRAME_CALIBRATION_SCHEDULER_INTERFACE_CONTRACT.md:854,ppg_system_integration/PPG_400HZ_FRAME_CALIBRATION_SCHEDULER_INTERFACE_CONTRACT.md,854,explicit,i_switch_hold_new_transaction,text_mismatch,### 13.3 配置和AMI状态输入
contracts/PPG_CONTRACT_CLOSURE_MATRIX.md,1835,ppg_system_integration/PPG_400HZ_FRAME_CALIBRATION_SCHEDULER_INTERFACE_CONTRACT.md:854,ppg_system_integration/PPG_400HZ_FRAME_CALIBRATION_SCHEDULER_INTERFACE_CONTRACT.md,854,explicit,i_ami_fault_blocking,text_mismatch,### 13.3 配置和AMI状态输入
contracts/PPG_CONTRACT_CLOSURE_MATRIX.md,1836,ppg_system_integration/PPG_400HZ_FRAME_CALIBRATION_SCHEDULER_INTERFACE_CONTRACT.md:854,ppg_system_integration/PPG_400HZ_FRAME_CALIBRATION_SCHEDULER_INTERFACE_CONTRACT.md,854,explicit,i_ssw_fault_blocking,text_mismatch,### 13.3 配置和AMI状态输入
contracts/PPG_CONTRACT_CLOSURE_MATRIX.md,1837,ppg_system_integration/PPG_400HZ_FRAME_CALIBRATION_SCHEDULER_INTERFACE_CONTRACT.md:854,ppg_system_integration/PPG_400HZ_FRAME_CALIBRATION_SCHEDULER_INTERFACE_CONTRACT.md,854,explicit,i_amb_code,text_mismatch,### 13.3 配置和AMI状态输入
contracts/PPG_CONTRACT_CLOSURE_MATRIX.md,1838,ppg_system_integration/PPG_400HZ_FRAME_CALIBRATION_SCHEDULER_INTERFACE_CONTRACT.md:854,ppg_system_integration/PPG_400HZ_FRAME_CALIBRATION_SCHEDULER_INTERFACE_CONTRACT.md,854,explicit,i_dcs_r_code,text_mismatch,### 13.3 配置和AMI状态输入
contracts/PPG_CONTRACT_CLOSURE_MATRIX.md,1839,ppg_system_integration/PPG_400HZ_FRAME_CALIBRATION_SCHEDULER_INTERFACE_CONTRACT.md:854,ppg_system_integration/PPG_400HZ_FRAME_CALIBRATION_SCHEDULER_INTERFACE_CONTRACT.md,854,explicit,i_dcs_ir_code,text_mismatch,### 13.3 配置和AMI状态输入
contracts/PPG_CONTRACT_CLOSURE_MATRIX.md,1840,ppg_system_integration/PPG_400HZ_FRAME_CALIBRATION_SCHEDULER_INTERFACE_CONTRACT.md:854,ppg_system_integration/PPG_400HZ_FRAME_CALIBRATION_SCHEDULER_INTERFACE_CONTRACT.md,854,explicit,i_amb_code_epoch,text_mismatch,### 13.3 配置和AMI状态输入
contracts/PPG_CONTRACT_CLOSURE_MATRIX.md,1841,ppg_system_integration/PPG_400HZ_FRAME_CALIBRATION_SCHEDULER_INTERFACE_CONTRACT.md:854,ppg_system_integration/PPG_400HZ_FRAME_CALIBRATION_SCHEDULER_INTERFACE_CONTRACT.md,854,explicit,i_dcs_r_code_epoch,text_mismatch,### 13.3 配置和AMI状态输入
contracts/PPG_CONTRACT_CLOSURE_MATRIX.md,1842,ppg_system_integration/PPG_400HZ_FRAME_CALIBRATION_SCHEDULER_INTERFACE_CONTRACT.md:854,ppg_system_integration/PPG_400HZ_FRAME_CALIBRATION_SCHEDULER_INTERFACE_CONTRACT.md,854,explicit,i_dcs_ir_code_epoch,text_mismatch,### 13.3 配置和AMI状态输入
contracts/PPG_CONTRACT_CLOSURE_MATRIX.md,1843,ppg_system_integration/PPG_400HZ_FRAME_CALIBRATION_SCHEDULER_INTERFACE_CONTRACT.md:854,ppg_system_integration/PPG_400HZ_FRAME_CALIBRATION_SCHEDULER_INTERFACE_CONTRACT.md,854,explicit,i_leddac_r_code,text_mismatch,### 13.3 配置和AMI状态输入
contracts/PPG_CONTRACT_CLOSURE_MATRIX.md,1844,ppg_system_integration/PPG_400HZ_FRAME_CALIBRATION_SCHEDULER_INTERFACE_CONTRACT.md:854,ppg_system_integration/PPG_400HZ_FRAME_CALIBRATION_SCHEDULER_INTERFACE_CONTRACT.md,854,explicit,i_leddac_ir_code,text_mismatch,### 13.3 配置和AMI状态输入
contracts/PPG_CONTRACT_CLOSURE_MATRIX.md,1845,ppg_system_integration/PPG_400HZ_FRAME_CALIBRATION_SCHEDULER_INTERFACE_CONTRACT.md:875,ppg_system_integration/PPG_400HZ_FRAME_CALIBRATION_SCHEDULER_INTERFACE_CONTRACT.md,875,explicit,i_calibration_sample_valid,text_mismatch,### 13.4 AMI校准请求输入
contracts/PPG_CONTRACT_CLOSURE_MATRIX.md,1846,ppg_system_integration/PPG_400HZ_FRAME_CALIBRATION_SCHEDULER_INTERFACE_CONTRACT.md:875,ppg_system_integration/PPG_400HZ_FRAME_CALIBRATION_SCHEDULER_INTERFACE_CONTRACT.md,875,explicit,o_calibration_sample_ready,text_mismatch,### 13.4 AMI校准请求输入
contracts/PPG_CONTRACT_CLOSURE_MATRIX.md,1847,ppg_system_integration/PPG_400HZ_FRAME_CALIBRATION_SCHEDULER_INTERFACE_CONTRACT.md:875,ppg_system_integration/PPG_400HZ_FRAME_CALIBRATION_SCHEDULER_INTERFACE_CONTRACT.md,875,explicit,i_calibration_frame_type,text_mismatch,### 13.4 AMI校准请求输入
contracts/PPG_CONTRACT_CLOSURE_MATRIX.md,1848,ppg_system_integration/PPG_400HZ_FRAME_CALIBRATION_SCHEDULER_INTERFACE_CONTRACT.md:875,ppg_system_integration/PPG_400HZ_FRAME_CALIBRATION_SCHEDULER_INTERFACE_CONTRACT.md,875,explicit,i_calibration_color_ir,text_mismatch,### 13.4 AMI校准请求输入
contracts/PPG_CONTRACT_CLOSURE_MATRIX.md,1849,ppg_system_integration/PPG_400HZ_FRAME_CALIBRATION_SCHEDULER_INTERFACE_CONTRACT.md:875,ppg_system_integration/PPG_400HZ_FRAME_CALIBRATION_SCHEDULER_INTERFACE_CONTRACT.md,875,explicit,i_calibration_precision_mode,text_mismatch,### 13.4 AMI校准请求输入
contracts/PPG_CONTRACT_CLOSURE_MATRIX.md,1850,ppg_system_integration/PPG_400HZ_FRAME_CALIBRATION_SCHEDULER_INTERFACE_CONTRACT.md:875,ppg_system_integration/PPG_400HZ_FRAME_CALIBRATION_SCHEDULER_INTERFACE_CONTRACT.md,875,explicit,i_calibration_request_reason,text_mismatch,### 13.4 AMI校准请求输入
contracts/PPG_CONTRACT_CLOSURE_MATRIX.md,1851,ppg_system_integration/PPG_400HZ_FRAME_CALIBRATION_SCHEDULER_INTERFACE_CONTRACT.md:886,ppg_system_integration/PPG_400HZ_FRAME_CALIBRATION_SCHEDULER_INTERFACE_CONTRACT.md,886,explicit,o_waveform_context_valid,text_mismatch,### 13.5 SSW模拟波形上下文输出
contracts/PPG_CONTRACT_CLOSURE_MATRIX.md,1852,ppg_system_integration/PPG_400HZ_FRAME_CALIBRATION_SCHEDULER_INTERFACE_CONTRACT.md:886,ppg_system_integration/PPG_400HZ_FRAME_CALIBRATION_SCHEDULER_INTERFACE_CONTRACT.md,886,explicit,i_waveform_context_ready,text_mismatch,### 13.5 SSW模拟波形上下文输出
contracts/PPG_CONTRACT_CLOSURE_MATRIX.md,1853,ppg_system_integration/PPG_400HZ_FRAME_CALIBRATION_SCHEDULER_INTERFACE_CONTRACT.md:886,ppg_system_integration/PPG_400HZ_FRAME_CALIBRATION_SCHEDULER_INTERFACE_CONTRACT.md,886,explicit,o_waveform_precision_mode,text_mismatch,### 13.5 SSW模拟波形上下文输出
contracts/PPG_CONTRACT_CLOSURE_MATRIX.md,1854,ppg_system_integration/PPG_400HZ_FRAME_CALIBRATION_SCHEDULER_INTERFACE_CONTRACT.md:886,ppg_system_integration/PPG_400HZ_FRAME_CALIBRATION_SCHEDULER_INTERFACE_CONTRACT.md,886,explicit,o_waveform_frame_id,text_mismatch,### 13.5 SSW模拟波形上下文输出
contracts/PPG_CONTRACT_CLOSURE_MATRIX.md,1855,ppg_system_integration/PPG_400HZ_FRAME_CALIBRATION_SCHEDULER_INTERFACE_CONTRACT.md:886,ppg_system_integration/PPG_400HZ_FRAME_CALIBRATION_SCHEDULER_INTERFACE_CONTRACT.md,886,explicit,o_waveform_color_ir,text_mismatch,### 13.5 SSW模拟波形上下文输出
contracts/PPG_CONTRACT_CLOSURE_MATRIX.md,1856,ppg_system_integration/PPG_400HZ_FRAME_CALIBRATION_SCHEDULER_INTERFACE_CONTRACT.md:886,ppg_system_integration/PPG_400HZ_FRAME_CALIBRATION_SCHEDULER_INTERFACE_CONTRACT.md,886,explicit,o_waveform_frame_type,text_mismatch,### 13.5 SSW模拟波形上下文输出
contracts/PPG_CONTRACT_CLOSURE_MATRIX.md,1857,ppg_system_integration/PPG_400HZ_FRAME_CALIBRATION_SCHEDULER_INTERFACE_CONTRACT.md:886,ppg_system_integration/PPG_400HZ_FRAME_CALIBRATION_SCHEDULER_INTERFACE_CONTRACT.md,886,explicit,o_waveform_amb_code_snapshot,text_mismatch,### 13.5 SSW模拟波形上下文输出
contracts/PPG_CONTRACT_CLOSURE_MATRIX.md,1858,ppg_system_integration/PPG_400HZ_FRAME_CALIBRATION_SCHEDULER_INTERFACE_CONTRACT.md:886,ppg_system_integration/PPG_400HZ_FRAME_CALIBRATION_SCHEDULER_INTERFACE_CONTRACT.md,886,explicit,o_waveform_dc_code_snapshot,text_mismatch,### 13.5 SSW模拟波形上下文输出
contracts/PPG_CONTRACT_CLOSURE_MATRIX.md,1859,ppg_system_integration/PPG_400HZ_FRAME_CALIBRATION_SCHEDULER_INTERFACE_CONTRACT.md:886,ppg_system_integration/PPG_400HZ_FRAME_CALIBRATION_SCHEDULER_INTERFACE_CONTRACT.md,886,explicit,o_waveform_amb_code_epoch,text_mismatch,### 13.5 SSW模拟波形上下文输出
contracts/PPG_CONTRACT_CLOSURE_MATRIX.md,1860,ppg_system_integration/PPG_400HZ_FRAME_CALIBRATION_SCHEDULER_INTERFACE_CONTRACT.md:886,ppg_system_integration/PPG_400HZ_FRAME_CALIBRATION_SCHEDULER_INTERFACE_CONTRACT.md,886,explicit,o_waveform_dc_code_epoch,text_mismatch,### 13.5 SSW模拟波形上下文输出
contracts/PPG_CONTRACT_CLOSURE_MATRIX.md,1861,ppg_system_integration/PPG_400HZ_FRAME_CALIBRATION_SCHEDULER_INTERFACE_CONTRACT.md:886,ppg_system_integration/PPG_400HZ_FRAME_CALIBRATION_SCHEDULER_INTERFACE_CONTRACT.md,886,explicit,o_waveform_input_source,text_mismatch,### 13.5 SSW模拟波形上下文输出
contracts/PPG_CONTRACT_CLOSURE_MATRIX.md,1862,ppg_system_integration/PPG_400HZ_FRAME_CALIBRATION_SCHEDULER_INTERFACE_CONTRACT.md:886,ppg_system_integration/PPG_400HZ_FRAME_CALIBRATION_SCHEDULER_INTERFACE_CONTRACT.md,886,explicit,o_waveform_optical_mode,text_mismatch,### 13.5 SSW模拟波形上下文输出
contracts/PPG_CONTRACT_CLOSURE_MATRIX.md,1863,ppg_system_integration/PPG_400HZ_FRAME_CALIBRATION_SCHEDULER_INTERFACE_CONTRACT.md:886,ppg_system_integration/PPG_400HZ_FRAME_CALIBRATION_SCHEDULER_INTERFACE_CONTRACT.md,886,explicit,o_waveform_leddac_code_snapshot,text_mismatch,### 13.5 SSW模拟波形上下文输出
contracts/PPG_CONTRACT_CLOSURE_MATRIX.md,1864,ppg_system_integration/PPG_400HZ_FRAME_CALIBRATION_SCHEDULER_INTERFACE_CONTRACT.md:913,ppg_system_integration/PPG_400HZ_FRAME_CALIBRATION_SCHEDULER_INTERFACE_CONTRACT.md,913,explicit,o_transaction_start_valid,text_mismatch,### 13.6 AMI ADC结果事务输出
contracts/PPG_CONTRACT_CLOSURE_MATRIX.md,1865,ppg_system_integration/PPG_400HZ_FRAME_CALIBRATION_SCHEDULER_INTERFACE_CONTRACT.md:913,ppg_system_integration/PPG_400HZ_FRAME_CALIBRATION_SCHEDULER_INTERFACE_CONTRACT.md,913,explicit,i_transaction_start_ready,text_mismatch,### 13.6 AMI ADC结果事务输出
contracts/PPG_CONTRACT_CLOSURE_MATRIX.md,1866,ppg_system_integration/PPG_400HZ_FRAME_CALIBRATION_SCHEDULER_INTERFACE_CONTRACT.md:913,ppg_system_integration/PPG_400HZ_FRAME_CALIBRATION_SCHEDULER_INTERFACE_CONTRACT.md,913,explicit,i_transaction_start_fire,text_mismatch,### 13.6 AMI ADC结果事务输出
contracts/PPG_CONTRACT_CLOSURE_MATRIX.md,1867,ppg_system_integration/PPG_400HZ_FRAME_CALIBRATION_SCHEDULER_INTERFACE_CONTRACT.md:913,ppg_system_integration/PPG_400HZ_FRAME_CALIBRATION_SCHEDULER_INTERFACE_CONTRACT.md,913,explicit,o_transaction_precision_mode,text_mismatch,### 13.6 AMI ADC结果事务输出
contracts/PPG_CONTRACT_CLOSURE_MATRIX.md,1868,ppg_system_integration/PPG_400HZ_FRAME_CALIBRATION_SCHEDULER_INTERFACE_CONTRACT.md:913,ppg_system_integration/PPG_400HZ_FRAME_CALIBRATION_SCHEDULER_INTERFACE_CONTRACT.md,913,explicit,o_transaction_frame_id,text_mismatch,### 13.6 AMI ADC结果事务输出
contracts/PPG_CONTRACT_CLOSURE_MATRIX.md,1869,ppg_system_integration/PPG_400HZ_FRAME_CALIBRATION_SCHEDULER_INTERFACE_CONTRACT.md:913,ppg_system_integration/PPG_400HZ_FRAME_CALIBRATION_SCHEDULER_INTERFACE_CONTRACT.md,913,explicit,o_transaction_sample_index,text_mismatch,### 13.6 AMI ADC结果事务输出
contracts/PPG_CONTRACT_CLOSURE_MATRIX.md,1870,ppg_system_integration/PPG_400HZ_FRAME_CALIBRATION_SCHEDULER_INTERFACE_CONTRACT.md:913,ppg_system_integration/PPG_400HZ_FRAME_CALIBRATION_SCHEDULER_INTERFACE_CONTRACT.md,913,explicit,o_transaction_color_ir,text_mismatch,### 13.6 AMI ADC结果事务输出
contracts/PPG_CONTRACT_CLOSURE_MATRIX.md,1871,ppg_system_integration/PPG_400HZ_FRAME_CALIBRATION_SCHEDULER_INTERFACE_CONTRACT.md:913,ppg_system_integration/PPG_400HZ_FRAME_CALIBRATION_SCHEDULER_INTERFACE_CONTRACT.md,913,explicit,o_transaction_frame_type,text_mismatch,### 13.6 AMI ADC结果事务输出
contracts/PPG_CONTRACT_CLOSURE_MATRIX.md,1872,ppg_system_integration/PPG_400HZ_FRAME_CALIBRATION_SCHEDULER_INTERFACE_CONTRACT.md:913,ppg_system_integration/PPG_400HZ_FRAME_CALIBRATION_SCHEDULER_INTERFACE_CONTRACT.md,913,explicit,o_transaction_amb_code_snapshot,text_mismatch,### 13.6 AMI ADC结果事务输出
contracts/PPG_CONTRACT_CLOSURE_MATRIX.md,1873,ppg_system_integration/PPG_400HZ_FRAME_CALIBRATION_SCHEDULER_INTERFACE_CONTRACT.md:913,ppg_system_integration/PPG_400HZ_FRAME_CALIBRATION_SCHEDULER_INTERFACE_CONTRACT.md,913,explicit,o_transaction_dc_code_snapshot,text_mismatch,### 13.6 AMI ADC结果事务输出
contracts/PPG_CONTRACT_CLOSURE_MATRIX.md,1874,ppg_system_integration/PPG_400HZ_FRAME_CALIBRATION_SCHEDULER_INTERFACE_CONTRACT.md:913,ppg_system_integration/PPG_400HZ_FRAME_CALIBRATION_SCHEDULER_INTERFACE_CONTRACT.md,913,explicit,o_transaction_amb_code_epoch,text_mismatch,### 13.6 AMI ADC结果事务输出
contracts/PPG_CONTRACT_CLOSURE_MATRIX.md,1875,ppg_system_integration/PPG_400HZ_FRAME_CALIBRATION_SCHEDULER_INTERFACE_CONTRACT.md:913,ppg_system_integration/PPG_400HZ_FRAME_CALIBRATION_SCHEDULER_INTERFACE_CONTRACT.md,913,explicit,o_transaction_dc_code_epoch,text_mismatch,### 13.6 AMI ADC结果事务输出
contracts/PPG_CONTRACT_CLOSURE_MATRIX.md,1876,ppg_system_integration/PPG_400HZ_FRAME_CALIBRATION_SCHEDULER_INTERFACE_CONTRACT.md:939,ppg_system_integration/PPG_400HZ_FRAME_CALIBRATION_SCHEDULER_INTERFACE_CONTRACT.md,939,explicit,i_adc_owner_ready,text_mismatch,### 13.7 SSW owner资格和物理完成接口
contracts/PPG_CONTRACT_CLOSURE_MATRIX.md,1877,ppg_system_integration/PPG_400HZ_FRAME_CALIBRATION_SCHEDULER_INTERFACE_CONTRACT.md:939,ppg_system_integration/PPG_400HZ_FRAME_CALIBRATION_SCHEDULER_INTERFACE_CONTRACT.md,939,explicit,o_adc_owner_commit_event,text_mismatch,### 13.7 SSW owner资格和物理完成接口
contracts/PPG_CONTRACT_CLOSURE_MATRIX.md,1878,ppg_system_integration/PPG_400HZ_FRAME_CALIBRATION_SCHEDULER_INTERFACE_CONTRACT.md:939,ppg_system_integration/PPG_400HZ_FRAME_CALIBRATION_SCHEDULER_INTERFACE_CONTRACT.md,939,explicit,o_adc_owner_precision_mode,text_mismatch,### 13.7 SSW owner资格和物理完成接口
contracts/PPG_CONTRACT_CLOSURE_MATRIX.md,1879,ppg_system_integration/PPG_400HZ_FRAME_CALIBRATION_SCHEDULER_INTERFACE_CONTRACT.md:939,ppg_system_integration/PPG_400HZ_FRAME_CALIBRATION_SCHEDULER_INTERFACE_CONTRACT.md,939,explicit,o_adc_owner_frame_id,text_mismatch,### 13.7 SSW owner资格和物理完成接口
contracts/PPG_CONTRACT_CLOSURE_MATRIX.md,1880,ppg_system_integration/PPG_400HZ_FRAME_CALIBRATION_SCHEDULER_INTERFACE_CONTRACT.md:939,ppg_system_integration/PPG_400HZ_FRAME_CALIBRATION_SCHEDULER_INTERFACE_CONTRACT.md,939,explicit,o_adc_owner_color_ir,text_mismatch,### 13.7 SSW owner资格和物理完成接口
contracts/PPG_CONTRACT_CLOSURE_MATRIX.md,1881,ppg_system_integration/PPG_400HZ_FRAME_CALIBRATION_SCHEDULER_INTERFACE_CONTRACT.md:939,ppg_system_integration/PPG_400HZ_FRAME_CALIBRATION_SCHEDULER_INTERFACE_CONTRACT.md,939,explicit,o_adc_owner_frame_type,text_mismatch,### 13.7 SSW owner资格和物理完成接口
contracts/PPG_CONTRACT_CLOSURE_MATRIX.md,1882,ppg_system_integration/PPG_400HZ_FRAME_CALIBRATION_SCHEDULER_INTERFACE_CONTRACT.md:939,ppg_system_integration/PPG_400HZ_FRAME_CALIBRATION_SCHEDULER_INTERFACE_CONTRACT.md,939,explicit,o_adc_owner_amb_code_snapshot,text_mismatch,### 13.7 SSW owner资格和物理完成接口
contracts/PPG_CONTRACT_CLOSURE_MATRIX.md,1883,ppg_system_integration/PPG_400HZ_FRAME_CALIBRATION_SCHEDULER_INTERFACE_CONTRACT.md:939,ppg_system_integration/PPG_400HZ_FRAME_CALIBRATION_SCHEDULER_INTERFACE_CONTRACT.md,939,explicit,o_adc_owner_dc_code_snapshot,text_mismatch,### 13.7 SSW owner资格和物理完成接口
contracts/PPG_CONTRACT_CLOSURE_MATRIX.md,1884,ppg_system_integration/PPG_400HZ_FRAME_CALIBRATION_SCHEDULER_INTERFACE_CONTRACT.md:939,ppg_system_integration/PPG_400HZ_FRAME_CALIBRATION_SCHEDULER_INTERFACE_CONTRACT.md,939,explicit,o_adc_owner_amb_code_epoch,text_mismatch,### 13.7 SSW owner资格和物理完成接口
contracts/PPG_CONTRACT_CLOSURE_MATRIX.md,1885,ppg_system_integration/PPG_400HZ_FRAME_CALIBRATION_SCHEDULER_INTERFACE_CONTRACT.md:939,ppg_system_integration/PPG_400HZ_FRAME_CALIBRATION_SCHEDULER_INTERFACE_CONTRACT.md,939,explicit,o_adc_owner_dc_code_epoch,text_mismatch,### 13.7 SSW owner资格和物理完成接口
contracts/PPG_CONTRACT_CLOSURE_MATRIX.md,1886,ppg_system_integration/PPG_400HZ_FRAME_CALIBRATION_SCHEDULER_INTERFACE_CONTRACT.md:939,ppg_system_integration/PPG_400HZ_FRAME_CALIBRATION_SCHEDULER_INTERFACE_CONTRACT.md,939,explicit,o_adc_owner_sample_index,text_mismatch,### 13.7 SSW owner资格和物理完成接口
contracts/PPG_CONTRACT_CLOSURE_MATRIX.md,1887,ppg_system_integration/PPG_400HZ_FRAME_CALIBRATION_SCHEDULER_INTERFACE_CONTRACT.md:939,ppg_system_integration/PPG_400HZ_FRAME_CALIBRATION_SCHEDULER_INTERFACE_CONTRACT.md,939,explicit,i_adc_transaction_complete_event,text_mismatch,### 13.7 SSW owner资格和物理完成接口
contracts/PPG_CONTRACT_CLOSURE_MATRIX.md,1888,ppg_system_integration/PPG_400HZ_FRAME_CALIBRATION_SCHEDULER_INTERFACE_CONTRACT.md:939,ppg_system_integration/PPG_400HZ_FRAME_CALIBRATION_SCHEDULER_INTERFACE_CONTRACT.md,939,explicit,i_adc_transaction_success,text_mismatch,### 13.7 SSW owner资格和物理完成接口
contracts/PPG_CONTRACT_CLOSURE_MATRIX.md,1889,ppg_system_integration/PPG_400HZ_FRAME_CALIBRATION_SCHEDULER_INTERFACE_CONTRACT.md:939,ppg_system_integration/PPG_400HZ_FRAME_CALIBRATION_SCHEDULER_INTERFACE_CONTRACT.md,939,explicit,i_adc_complete_sample_index,text_mismatch,### 13.7 SSW owner资格和物理完成接口
contracts/PPG_CONTRACT_CLOSURE_MATRIX.md,1890,ppg_system_integration/PPG_400HZ_FRAME_CALIBRATION_SCHEDULER_INTERFACE_CONTRACT.md:939,ppg_system_integration/PPG_400HZ_FRAME_CALIBRATION_SCHEDULER_INTERFACE_CONTRACT.md,939,explicit,i_owner_q3_window_closed,text_mismatch,### 13.7 SSW owner资格和物理完成接口
contracts/PPG_CONTRACT_CLOSURE_MATRIX.md,1891,ppg_system_integration/PPG_400HZ_FRAME_CALIBRATION_SCHEDULER_INTERFACE_CONTRACT.md:939,ppg_system_integration/PPG_400HZ_FRAME_CALIBRATION_SCHEDULER_INTERFACE_CONTRACT.md,939,explicit,i_adc_idle,text_mismatch,### 13.7 SSW owner资格和物理完成接口
contracts/PPG_CONTRACT_CLOSURE_MATRIX.md,1892,ppg_system_integration/PPG_400HZ_FRAME_CALIBRATION_SCHEDULER_INTERFACE_CONTRACT.md:939,ppg_system_integration/PPG_400HZ_FRAME_CALIBRATION_SCHEDULER_INTERFACE_CONTRACT.md,939,explicit,i_analog_safe,text_mismatch,### 13.7 SSW owner资格和物理完成接口
contracts/PPG_CONTRACT_CLOSURE_MATRIX.md,1893,ppg_system_integration/PPG_400HZ_FRAME_CALIBRATION_SCHEDULER_INTERFACE_CONTRACT.md:939,ppg_system_integration/PPG_400HZ_FRAME_CALIBRATION_SCHEDULER_INTERFACE_CONTRACT.md,939,explicit,i_sar_timing_idle,text_mismatch,### 13.7 SSW owner资格和物理完成接口
contracts/PPG_CONTRACT_CLOSURE_MATRIX.md,1894,ppg_system_integration/PPG_400HZ_FRAME_CALIBRATION_SCHEDULER_INTERFACE_CONTRACT.md:962,ppg_system_integration/PPG_400HZ_FRAME_CALIBRATION_SCHEDULER_INTERFACE_CONTRACT.md,962,explicit,o_macro_frame_start_event,text_mismatch,### 13.8 时间和完成输出
contracts/PPG_CONTRACT_CLOSURE_MATRIX.md,1895,ppg_system_integration/PPG_400HZ_FRAME_CALIBRATION_SCHEDULER_INTERFACE_CONTRACT.md:962,ppg_system_integration/PPG_400HZ_FRAME_CALIBRATION_SCHEDULER_INTERFACE_CONTRACT.md,962,explicit,o_macro_frame_safe_boundary,text_mismatch,### 13.8 时间和完成输出
contracts/PPG_CONTRACT_CLOSURE_MATRIX.md,1896,ppg_system_integration/PPG_400HZ_FRAME_CALIBRATION_SCHEDULER_INTERFACE_CONTRACT.md:962,ppg_system_integration/PPG_400HZ_FRAME_CALIBRATION_SCHEDULER_INTERFACE_CONTRACT.md,962,explicit,o_idac_code_safe_boundary,text_mismatch,### 13.8 时间和完成输出
contracts/PPG_CONTRACT_CLOSURE_MATRIX.md,1897,ppg_system_integration/PPG_400HZ_FRAME_CALIBRATION_SCHEDULER_INTERFACE_CONTRACT.md:962,ppg_system_integration/PPG_400HZ_FRAME_CALIBRATION_SCHEDULER_INTERFACE_CONTRACT.md,962,explicit,o_startup_idac_safe_boundary,text_mismatch,### 13.8 时间和完成输出
contracts/PPG_CONTRACT_CLOSURE_MATRIX.md,1898,ppg_system_integration/PPG_400HZ_FRAME_CALIBRATION_SCHEDULER_INTERFACE_CONTRACT.md:962,ppg_system_integration/PPG_400HZ_FRAME_CALIBRATION_SCHEDULER_INTERFACE_CONTRACT.md,962,explicit,o_safe_frame_id,text_mismatch,### 13.8 时间和完成输出
contracts/PPG_CONTRACT_CLOSURE_MATRIX.md,1899,ppg_system_integration/PPG_400HZ_FRAME_CALIBRATION_SCHEDULER_INTERFACE_CONTRACT.md:962,ppg_system_integration/PPG_400HZ_FRAME_CALIBRATION_SCHEDULER_INTERFACE_CONTRACT.md,962,explicit,o_macro_tick,text_mismatch,### 13.8 时间和完成输出
contracts/PPG_CONTRACT_CLOSURE_MATRIX.md,1900,ppg_system_integration/PPG_400HZ_FRAME_CALIBRATION_SCHEDULER_INTERFACE_CONTRACT.md:962,ppg_system_integration/PPG_400HZ_FRAME_CALIBRATION_SCHEDULER_INTERFACE_CONTRACT.md,962,explicit,o_calibration_subframe_index,text_mismatch,### 13.8 时间和完成输出
contracts/PPG_CONTRACT_CLOSURE_MATRIX.md,1901,ppg_system_integration/PPG_400HZ_FRAME_CALIBRATION_SCHEDULER_INTERFACE_CONTRACT.md:962,ppg_system_integration/PPG_400HZ_FRAME_CALIBRATION_SCHEDULER_INTERFACE_CONTRACT.md,962,explicit,o_calibration_local_tick,text_mismatch,### 13.8 时间和完成输出
contracts/PPG_CONTRACT_CLOSURE_MATRIX.md,1902,ppg_system_integration/PPG_400HZ_FRAME_CALIBRATION_SCHEDULER_INTERFACE_CONTRACT.md:962,ppg_system_integration/PPG_400HZ_FRAME_CALIBRATION_SCHEDULER_INTERFACE_CONTRACT.md,962,explicit,o_normal_frame_complete_event,text_mismatch,### 13.8 时间和完成输出
contracts/PPG_CONTRACT_CLOSURE_MATRIX.md,1903,ppg_system_integration/PPG_400HZ_FRAME_CALIBRATION_SCHEDULER_INTERFACE_CONTRACT.md:962,ppg_system_integration/PPG_400HZ_FRAME_CALIBRATION_SCHEDULER_INTERFACE_CONTRACT.md,962,explicit,o_calibration_frame_complete_event,text_mismatch,### 13.8 时间和完成输出
contracts/PPG_CONTRACT_CLOSURE_MATRIX.md,1904,ppg_system_integration/PPG_400HZ_FRAME_CALIBRATION_SCHEDULER_INTERFACE_CONTRACT.md:977,ppg_system_integration/PPG_400HZ_FRAME_CALIBRATION_SCHEDULER_INTERFACE_CONTRACT.md,977,explicit,o_scheduler_idle,text_mismatch,### 13.9 状态和诊断输出
contracts/PPG_CONTRACT_CLOSURE_MATRIX.md,1905,ppg_system_integration/PPG_400HZ_FRAME_CALIBRATION_SCHEDULER_INTERFACE_CONTRACT.md:977,ppg_system_integration/PPG_400HZ_FRAME_CALIBRATION_SCHEDULER_INTERFACE_CONTRACT.md,977,explicit,o_normal_frame_active,text_mismatch,### 13.9 状态和诊断输出
contracts/PPG_CONTRACT_CLOSURE_MATRIX.md,1906,ppg_system_integration/PPG_400HZ_FRAME_CALIBRATION_SCHEDULER_INTERFACE_CONTRACT.md:977,ppg_system_integration/PPG_400HZ_FRAME_CALIBRATION_SCHEDULER_INTERFACE_CONTRACT.md,977,explicit,o_calibration_frame_active,text_mismatch,### 13.9 状态和诊断输出
contracts/PPG_CONTRACT_CLOSURE_MATRIX.md,1907,ppg_system_integration/PPG_400HZ_FRAME_CALIBRATION_SCHEDULER_INTERFACE_CONTRACT.md:977,ppg_system_integration/PPG_400HZ_FRAME_CALIBRATION_SCHEDULER_INTERFACE_CONTRACT.md,977,explicit,o_transaction_inflight,text_mismatch,### 13.9 状态和诊断输出
contracts/PPG_CONTRACT_CLOSURE_MATRIX.md,1908,ppg_system_integration/PPG_400HZ_FRAME_CALIBRATION_SCHEDULER_INTERFACE_CONTRACT.md:977,ppg_system_integration/PPG_400HZ_FRAME_CALIBRATION_SCHEDULER_INTERFACE_CONTRACT.md,977,explicit,o_current_frame_id,text_mismatch,### 13.9 状态和诊断输出
contracts/PPG_CONTRACT_CLOSURE_MATRIX.md,1909,ppg_system_integration/PPG_400HZ_FRAME_CALIBRATION_SCHEDULER_INTERFACE_CONTRACT.md:977,ppg_system_integration/PPG_400HZ_FRAME_CALIBRATION_SCHEDULER_INTERFACE_CONTRACT.md,977,explicit,o_next_sample_index,text_mismatch,### 13.9 状态和诊断输出
contracts/PPG_CONTRACT_CLOSURE_MATRIX.md,1910,ppg_system_integration/PPG_400HZ_FRAME_CALIBRATION_SCHEDULER_INTERFACE_CONTRACT.md:977,ppg_system_integration/PPG_400HZ_FRAME_CALIBRATION_SCHEDULER_INTERFACE_CONTRACT.md,977,explicit,o_launch_timeout_sticky,text_mismatch,### 13.9 状态和诊断输出
contracts/PPG_CONTRACT_CLOSURE_MATRIX.md,1911,ppg_system_integration/PPG_400HZ_FRAME_CALIBRATION_SCHEDULER_INTERFACE_CONTRACT.md:977,ppg_system_integration/PPG_400HZ_FRAME_CALIBRATION_SCHEDULER_INTERFACE_CONTRACT.md,977,explicit,o_owner_deadline_timeout_sticky,text_mismatch,### 13.9 状态和诊断输出
contracts/PPG_CONTRACT_CLOSURE_MATRIX.md,1912,ppg_system_integration/PPG_400HZ_FRAME_CALIBRATION_SCHEDULER_INTERFACE_CONTRACT.md:977,ppg_system_integration/PPG_400HZ_FRAME_CALIBRATION_SCHEDULER_INTERFACE_CONTRACT.md,977,explicit,o_completion_mismatch_sticky,text_mismatch,### 13.9 状态和诊断输出
contracts/PPG_CONTRACT_CLOSURE_MATRIX.md,1913,ppg_system_integration/PPG_400HZ_FRAME_CALIBRATION_SCHEDULER_INTERFACE_CONTRACT.md:977,ppg_system_integration/PPG_400HZ_FRAME_CALIBRATION_SCHEDULER_INTERFACE_CONTRACT.md,977,explicit,o_protocol_error_sticky,text_mismatch,### 13.9 状态和诊断输出
contracts/PPG_CONTRACT_CLOSURE_MATRIX.md,1914,ppg_system_integration/PPG_400HZ_FRAME_CALIBRATION_SCHEDULER_INTERFACE_CONTRACT.md:977,ppg_system_integration/PPG_400HZ_FRAME_CALIBRATION_SCHEDULER_INTERFACE_CONTRACT.md,977,explicit,o_scheduler_local_fault_blocking,text_mismatch,### 13.9 状态和诊断输出
contracts/PPG_CONTRACT_CLOSURE_MATRIX.md,1915,ppg_system_integration/PPG_400HZ_FRAME_CALIBRATION_SCHEDULER_INTERFACE_CONTRACT.md:1026,ppg_system_integration/PPG_400HZ_FRAME_CALIBRATION_SCHEDULER_INTERFACE_CONTRACT.md,1026,explicit,o_scheduler_fault_valid,text_mismatch,### 15.1 V1.4 generation and supervisor fault ports
contracts/PPG_CONTRACT_CLOSURE_MATRIX.md,1916,ppg_system_integration/PPG_400HZ_FRAME_CALIBRATION_SCHEDULER_INTERFACE_CONTRACT.md:1026,ppg_system_integration/PPG_400HZ_FRAME_CALIBRATION_SCHEDULER_INTERFACE_CONTRACT.md,1026,explicit,o_scheduler_fault_active,text_mismatch,### 15.1 V1.4 generation and supervisor fault ports
contracts/PPG_CONTRACT_CLOSURE_MATRIX.md,1917,ppg_system_integration/PPG_400HZ_FRAME_CALIBRATION_SCHEDULER_INTERFACE_CONTRACT.md:1026,ppg_system_integration/PPG_400HZ_FRAME_CALIBRATION_SCHEDULER_INTERFACE_CONTRACT.md,1026,explicit,o_scheduler_fault_cause,text_mismatch,### 15.1 V1.4 generation and supervisor fault ports
contracts/PPG_CONTRACT_CLOSURE_MATRIX.md,1918,ppg_system_integration/PPG_400HZ_FRAME_CALIBRATION_SCHEDULER_INTERFACE_CONTRACT.md:1026,ppg_system_integration/PPG_400HZ_FRAME_CALIBRATION_SCHEDULER_INTERFACE_CONTRACT.md,1026,explicit,o_scheduler_fault_identity_valid,text_mismatch,### 15.1 V1.4 generation and supervisor fault ports
contracts/PPG_CONTRACT_CLOSURE_MATRIX.md,1919,ppg_system_integration/PPG_400HZ_FRAME_CALIBRATION_SCHEDULER_INTERFACE_CONTRACT.md:1026,ppg_system_integration/PPG_400HZ_FRAME_CALIBRATION_SCHEDULER_INTERFACE_CONTRACT.md,1026,explicit,o_scheduler_fault_frame_id,text_mismatch,### 15.1 V1.4 generation and supervisor fault ports
contracts/PPG_CONTRACT_CLOSURE_MATRIX.md,1920,ppg_system_integration/PPG_400HZ_FRAME_CALIBRATION_SCHEDULER_INTERFACE_CONTRACT.md:1026,ppg_system_integration/PPG_400HZ_FRAME_CALIBRATION_SCHEDULER_INTERFACE_CONTRACT.md,1026,explicit,o_scheduler_fault_sample_index,text_mismatch,### 15.1 V1.4 generation and supervisor fault ports
contracts/PPG_CONTRACT_CLOSURE_MATRIX.md,1921,ppg_system_integration/PPG_400HZ_FRAME_CALIBRATION_SCHEDULER_INTERFACE_CONTRACT.md:1026,ppg_system_integration/PPG_400HZ_FRAME_CALIBRATION_SCHEDULER_INTERFACE_CONTRACT.md,1026,explicit,o_scheduler_fault_color_ir,text_mismatch,### 15.1 V1.4 generation and supervisor fault ports
contracts/PPG_CONTRACT_CLOSURE_MATRIX.md,1922,ppg_system_integration/PPG_400HZ_FRAME_CALIBRATION_SCHEDULER_INTERFACE_CONTRACT.md:1026,ppg_system_integration/PPG_400HZ_FRAME_CALIBRATION_SCHEDULER_INTERFACE_CONTRACT.md,1026,explicit,o_scheduler_fault_frame_type,text_mismatch,### 15.1 V1.4 generation and supervisor fault ports
contracts/PPG_CONTRACT_CLOSURE_MATRIX.md,1923,ppg_system_integration/PPG_400HZ_FRAME_CALIBRATION_SCHEDULER_INTERFACE_CONTRACT.md:1026,ppg_system_integration/PPG_400HZ_FRAME_CALIBRATION_SCHEDULER_INTERFACE_CONTRACT.md,1026,explicit,o_scheduler_fault_precision_mode,text_mismatch,### 15.1 V1.4 generation and supervisor fault ports
contracts/PPG_CONTRACT_CLOSURE_MATRIX.md,1924,ppg_system_integration/PPG_400HZ_FRAME_CALIBRATION_SCHEDULER_INTERFACE_CONTRACT.md:1026,ppg_system_integration/PPG_400HZ_FRAME_CALIBRATION_SCHEDULER_INTERFACE_CONTRACT.md,1026,explicit,o_scheduler_fault_run_generation,text_mismatch,### 15.1 V1.4 generation and supervisor fault ports
contracts/PPG_CONTRACT_CLOSURE_MATRIX.md,1925,ppg_system_integration/PPG_SAR9_SAR15_SAFE_SELECTION_WRAPPER_INTERFACE_CONTRACT.md:446,ppg_system_integration/PPG_SAR9_SAR15_SAFE_SELECTION_WRAPPER_INTERFACE_CONTRACT.md,446,explicit,i_clk,text_mismatch,| `C_FRAME_ID_WIDTH` | 16 | 物理400 Hz帧号宽度 |
contracts/PPG_CONTRACT_CLOSURE_MATRIX.md,1926,ppg_system_integration/PPG_SAR9_SAR15_SAFE_SELECTION_WRAPPER_INTERFACE_CONTRACT.md:446,ppg_system_integration/PPG_SAR9_SAR15_SAFE_SELECTION_WRAPPER_INTERFACE_CONTRACT.md,446,explicit,i_rstn,text_mismatch,| `C_FRAME_ID_WIDTH` | 16 | 物理400 Hz帧号宽度 |
contracts/PPG_CONTRACT_CLOSURE_MATRIX.md,1927,ppg_system_integration/PPG_SAR9_SAR15_SAFE_SELECTION_WRAPPER_INTERFACE_CONTRACT.md:446,ppg_system_integration/PPG_SAR9_SAR15_SAFE_SELECTION_WRAPPER_INTERFACE_CONTRACT.md,446,explicit,i_run_enable,text_mismatch,| `C_FRAME_ID_WIDTH` | 16 | 物理400 Hz帧号宽度 |
contracts/PPG_CONTRACT_CLOSURE_MATRIX.md,1928,ppg_system_integration/PPG_SAR9_SAR15_SAFE_SELECTION_WRAPPER_INTERFACE_CONTRACT.md:446,ppg_system_integration/PPG_SAR9_SAR15_SAFE_SELECTION_WRAPPER_INTERFACE_CONTRACT.md,446,explicit,i_start_ack_event,text_mismatch,| `C_FRAME_ID_WIDTH` | 16 | 物理400 Hz帧号宽度 |
contracts/PPG_CONTRACT_CLOSURE_MATRIX.md,1929,ppg_system_integration/PPG_SAR9_SAR15_SAFE_SELECTION_WRAPPER_INTERFACE_CONTRACT.md:446,ppg_system_integration/PPG_SAR9_SAR15_SAFE_SELECTION_WRAPPER_INTERFACE_CONTRACT.md,446,explicit,i_stop_ack_event,text_mismatch,| `C_FRAME_ID_WIDTH` | 16 | 物理400 Hz帧号宽度 |
contracts/PPG_CONTRACT_CLOSURE_MATRIX.md,1930,ppg_system_integration/PPG_SAR9_SAR15_SAFE_SELECTION_WRAPPER_INTERFACE_CONTRACT.md:446,ppg_system_integration/PPG_SAR9_SAR15_SAFE_SELECTION_WRAPPER_INTERFACE_CONTRACT.md,446,explicit,i_control_abort_event,text_mismatch,| `C_FRAME_ID_WIDTH` | 16 | 物理400 Hz帧号宽度 |
contracts/PPG_CONTRACT_CLOSURE_MATRIX.md,1931,ppg_system_integration/PPG_SAR9_SAR15_SAFE_SELECTION_WRAPPER_INTERFACE_CONTRACT.md:446,ppg_system_integration/PPG_SAR9_SAR15_SAFE_SELECTION_WRAPPER_INTERFACE_CONTRACT.md,446,explicit,i_diag_clear_event,text_mismatch,| `C_FRAME_ID_WIDTH` | 16 | 物理400 Hz帧号宽度 |
contracts/PPG_CONTRACT_CLOSURE_MATRIX.md,1932,ppg_system_integration/PPG_SAR9_SAR15_SAFE_SELECTION_WRAPPER_INTERFACE_CONTRACT.md:600,ppg_system_integration/PPG_SAR9_SAR15_SAFE_SELECTION_WRAPPER_INTERFACE_CONTRACT.md,600,explicit,i_run_generation,text_mismatch,| `o_transaction_mismatch_sticky` | ADC完成的sample_index与在途事务不一致 |
contracts/PPG_CONTRACT_CLOSURE_MATRIX.md,1933,ppg_system_integration/PPG_SAR9_SAR15_SAFE_SELECTION_WRAPPER_INTERFACE_CONTRACT.md:446,ppg_system_integration/PPG_SAR9_SAR15_SAFE_SELECTION_WRAPPER_INTERFACE_CONTRACT.md,446,explicit,i_macro_tick,text_mismatch,| `C_FRAME_ID_WIDTH` | 16 | 物理400 Hz帧号宽度 |
contracts/PPG_CONTRACT_CLOSURE_MATRIX.md,1934,ppg_system_integration/PPG_SAR9_SAR15_SAFE_SELECTION_WRAPPER_INTERFACE_CONTRACT.md:446,ppg_system_integration/PPG_SAR9_SAR15_SAFE_SELECTION_WRAPPER_INTERFACE_CONTRACT.md,446,explicit,i_calibration_subframe_index,text_mismatch,| `C_FRAME_ID_WIDTH` | 16 | 物理400 Hz帧号宽度 |
contracts/PPG_CONTRACT_CLOSURE_MATRIX.md,1935,ppg_system_integration/PPG_SAR9_SAR15_SAFE_SELECTION_WRAPPER_INTERFACE_CONTRACT.md:446,ppg_system_integration/PPG_SAR9_SAR15_SAFE_SELECTION_WRAPPER_INTERFACE_CONTRACT.md,446,explicit,i_calibration_local_tick,text_mismatch,| `C_FRAME_ID_WIDTH` | 16 | 物理400 Hz帧号宽度 |
contracts/PPG_CONTRACT_CLOSURE_MATRIX.md,1936,ppg_system_integration/PPG_SAR9_SAR15_SAFE_SELECTION_WRAPPER_INTERFACE_CONTRACT.md:446,ppg_system_integration/PPG_SAR9_SAR15_SAFE_SELECTION_WRAPPER_INTERFACE_CONTRACT.md,446,explicit,i_normal_frame_active,text_mismatch,| `C_FRAME_ID_WIDTH` | 16 | 物理400 Hz帧号宽度 |
contracts/PPG_CONTRACT_CLOSURE_MATRIX.md,1937,ppg_system_integration/PPG_SAR9_SAR15_SAFE_SELECTION_WRAPPER_INTERFACE_CONTRACT.md:446,ppg_system_integration/PPG_SAR9_SAR15_SAFE_SELECTION_WRAPPER_INTERFACE_CONTRACT.md,446,explicit,i_calibration_frame_active,text_mismatch,| `C_FRAME_ID_WIDTH` | 16 | 物理400 Hz帧号宽度 |
contracts/PPG_CONTRACT_CLOSURE_MATRIX.md,1938,ppg_system_integration/PPG_SAR9_SAR15_SAFE_SELECTION_WRAPPER_INTERFACE_CONTRACT.md:446,ppg_system_integration/PPG_SAR9_SAR15_SAFE_SELECTION_WRAPPER_INTERFACE_CONTRACT.md,446,explicit,i_macro_frame_safe_boundary,text_mismatch,| `C_FRAME_ID_WIDTH` | 16 | 物理400 Hz帧号宽度 |
contracts/PPG_CONTRACT_CLOSURE_MATRIX.md,1939,ppg_system_integration/PPG_SAR9_SAR15_SAFE_SELECTION_WRAPPER_INTERFACE_CONTRACT.md:446,ppg_system_integration/PPG_SAR9_SAR15_SAFE_SELECTION_WRAPPER_INTERFACE_CONTRACT.md,446,explicit,i_idac_code_safe_boundary,text_mismatch,| `C_FRAME_ID_WIDTH` | 16 | 物理400 Hz帧号宽度 |
contracts/PPG_CONTRACT_CLOSURE_MATRIX.md,1940,ppg_system_integration/PPG_SAR9_SAR15_SAFE_SELECTION_WRAPPER_INTERFACE_CONTRACT.md:468,ppg_system_integration/PPG_SAR9_SAR15_SAFE_SELECTION_WRAPPER_INTERFACE_CONTRACT.md,468,explicit,i_run_profile,text_mismatch,| `i_run_generation` | `C_RUN_GENERATION_WIDTH` | manager经ACTIVE wrapper与Top扇出 | 波形和物理owner上下文锁存的唯一RUN代际；陈旧代际不得释放owner或复活波形 |
contracts/PPG_CONTRACT_CLOSURE_MATRIX.md,1941,ppg_system_integration/PPG_SAR9_SAR15_SAFE_SELECTION_WRAPPER_INTERFACE_CONTRACT.md:468,ppg_system_integration/PPG_SAR9_SAR15_SAFE_SELECTION_WRAPPER_INTERFACE_CONTRACT.md,468,explicit,i_input_source,text_mismatch,| `i_run_generation` | `C_RUN_GENERATION_WIDTH` | manager经ACTIVE wrapper与Top扇出 | 波形和物理owner上下文锁存的唯一RUN代际；陈旧代际不得释放owner或复活波形 |
contracts/PPG_CONTRACT_CLOSURE_MATRIX.md,1942,ppg_system_integration/PPG_SAR9_SAR15_SAFE_SELECTION_WRAPPER_INTERFACE_CONTRACT.md:468,ppg_system_integration/PPG_SAR9_SAR15_SAFE_SELECTION_WRAPPER_INTERFACE_CONTRACT.md,468,explicit,i_optical_mode,text_mismatch,| `i_run_generation` | `C_RUN_GENERATION_WIDTH` | manager经ACTIVE wrapper与Top扇出 | 波形和物理owner上下文锁存的唯一RUN代际；陈旧代际不得释放owner或复活波形 |
contracts/PPG_CONTRACT_CLOSURE_MATRIX.md,1943,ppg_system_integration/PPG_SAR9_SAR15_SAFE_SELECTION_WRAPPER_INTERFACE_CONTRACT.md:468,ppg_system_integration/PPG_SAR9_SAR15_SAFE_SELECTION_WRAPPER_INTERFACE_CONTRACT.md,468,explicit,i_precision_mode_committed,text_mismatch,| `i_run_generation` | `C_RUN_GENERATION_WIDTH` | manager经ACTIVE wrapper与Top扇出 | 波形和物理owner上下文锁存的唯一RUN代际；陈旧代际不得释放owner或复活波形 |
contracts/PPG_CONTRACT_CLOSURE_MATRIX.md,1944,ppg_system_integration/PPG_SAR9_SAR15_SAFE_SELECTION_WRAPPER_INTERFACE_CONTRACT.md:468,ppg_system_integration/PPG_SAR9_SAR15_SAFE_SELECTION_WRAPPER_INTERFACE_CONTRACT.md,468,explicit,i_static_characterization_enable,text_mismatch,| `i_run_generation` | `C_RUN_GENERATION_WIDTH` | manager经ACTIVE wrapper与Top扇出 | 波形和物理owner上下文锁存的唯一RUN代际；陈旧代际不得释放owner或复活波形 |
contracts/PPG_CONTRACT_CLOSURE_MATRIX.md,1945,ppg_system_integration/PPG_SAR9_SAR15_SAFE_SELECTION_WRAPPER_INTERFACE_CONTRACT.md:468,ppg_system_integration/PPG_SAR9_SAR15_SAFE_SELECTION_WRAPPER_INTERFACE_CONTRACT.md,468,explicit,i_test_mux_ctrl,text_mismatch,| `i_run_generation` | `C_RUN_GENERATION_WIDTH` | manager经ACTIVE wrapper与Top扇出 | 波形和物理owner上下文锁存的唯一RUN代际；陈旧代际不得释放owner或复活波形 |
contracts/PPG_CONTRACT_CLOSURE_MATRIX.md,1946,ppg_system_integration/PPG_SAR9_SAR15_SAFE_SELECTION_WRAPPER_INTERFACE_CONTRACT.md:446,ppg_system_integration/PPG_SAR9_SAR15_SAFE_SELECTION_WRAPPER_INTERFACE_CONTRACT.md,446,explicit,i_test_inject_enable,text_mismatch,| `C_FRAME_ID_WIDTH` | 16 | 物理400 Hz帧号宽度 |
contracts/PPG_CONTRACT_CLOSURE_MATRIX.md,1947,ppg_system_integration/PPG_SAR9_SAR15_SAFE_SELECTION_WRAPPER_INTERFACE_CONTRACT.md:446,ppg_system_integration/PPG_SAR9_SAR15_SAFE_SELECTION_WRAPPER_INTERFACE_CONTRACT.md,446,explicit,i_context_handover_stall_request,text_mismatch,| `C_FRAME_ID_WIDTH` | 16 | 物理400 Hz帧号宽度 |
contracts/PPG_CONTRACT_CLOSURE_MATRIX.md,1948,ppg_system_integration/PPG_SAR9_SAR15_SAFE_SELECTION_WRAPPER_INTERFACE_CONTRACT.md:483,ppg_system_integration/PPG_SAR9_SAR15_SAFE_SELECTION_WRAPPER_INTERFACE_CONTRACT.md,483,explicit,i_waveform_context_valid,text_mismatch,| `i_run_profile` | 1 | ACTIVE V4解包 | NORMAL_PPG或CHARACTERIZATION |
contracts/PPG_CONTRACT_CLOSURE_MATRIX.md,1949,ppg_system_integration/PPG_SAR9_SAR15_SAFE_SELECTION_WRAPPER_INTERFACE_CONTRACT.md:483,ppg_system_integration/PPG_SAR9_SAR15_SAFE_SELECTION_WRAPPER_INTERFACE_CONTRACT.md,483,explicit,o_waveform_context_ready,text_mismatch,| `i_run_profile` | 1 | ACTIVE V4解包 | NORMAL_PPG或CHARACTERIZATION |
contracts/PPG_CONTRACT_CLOSURE_MATRIX.md,1950,ppg_system_integration/PPG_SAR9_SAR15_SAFE_SELECTION_WRAPPER_INTERFACE_CONTRACT.md:483,ppg_system_integration/PPG_SAR9_SAR15_SAFE_SELECTION_WRAPPER_INTERFACE_CONTRACT.md,483,explicit,i_waveform_precision_mode,text_mismatch,| `i_run_profile` | 1 | ACTIVE V4解包 | NORMAL_PPG或CHARACTERIZATION |
contracts/PPG_CONTRACT_CLOSURE_MATRIX.md,1951,ppg_system_integration/PPG_SAR9_SAR15_SAFE_SELECTION_WRAPPER_INTERFACE_CONTRACT.md:483,ppg_system_integration/PPG_SAR9_SAR15_SAFE_SELECTION_WRAPPER_INTERFACE_CONTRACT.md,483,explicit,i_waveform_frame_id,text_mismatch,| `i_run_profile` | 1 | ACTIVE V4解包 | NORMAL_PPG或CHARACTERIZATION |
contracts/PPG_CONTRACT_CLOSURE_MATRIX.md,1952,ppg_system_integration/PPG_SAR9_SAR15_SAFE_SELECTION_WRAPPER_INTERFACE_CONTRACT.md:483,ppg_system_integration/PPG_SAR9_SAR15_SAFE_SELECTION_WRAPPER_INTERFACE_CONTRACT.md,483,explicit,i_waveform_color_ir,text_mismatch,| `i_run_profile` | 1 | ACTIVE V4解包 | NORMAL_PPG或CHARACTERIZATION |
contracts/PPG_CONTRACT_CLOSURE_MATRIX.md,1953,ppg_system_integration/PPG_SAR9_SAR15_SAFE_SELECTION_WRAPPER_INTERFACE_CONTRACT.md:483,ppg_system_integration/PPG_SAR9_SAR15_SAFE_SELECTION_WRAPPER_INTERFACE_CONTRACT.md,483,explicit,i_waveform_frame_type,text_mismatch,| `i_run_profile` | 1 | ACTIVE V4解包 | NORMAL_PPG或CHARACTERIZATION |
contracts/PPG_CONTRACT_CLOSURE_MATRIX.md,1954,ppg_system_integration/PPG_SAR9_SAR15_SAFE_SELECTION_WRAPPER_INTERFACE_CONTRACT.md:483,ppg_system_integration/PPG_SAR9_SAR15_SAFE_SELECTION_WRAPPER_INTERFACE_CONTRACT.md,483,explicit,i_waveform_amb_code_snapshot,text_mismatch,| `i_run_profile` | 1 | ACTIVE V4解包 | NORMAL_PPG或CHARACTERIZATION |
contracts/PPG_CONTRACT_CLOSURE_MATRIX.md,1955,ppg_system_integration/PPG_SAR9_SAR15_SAFE_SELECTION_WRAPPER_INTERFACE_CONTRACT.md:483,ppg_system_integration/PPG_SAR9_SAR15_SAFE_SELECTION_WRAPPER_INTERFACE_CONTRACT.md,483,explicit,i_waveform_dc_code_snapshot,text_mismatch,| `i_run_profile` | 1 | ACTIVE V4解包 | NORMAL_PPG或CHARACTERIZATION |
contracts/PPG_CONTRACT_CLOSURE_MATRIX.md,1956,ppg_system_integration/PPG_SAR9_SAR15_SAFE_SELECTION_WRAPPER_INTERFACE_CONTRACT.md:483,ppg_system_integration/PPG_SAR9_SAR15_SAFE_SELECTION_WRAPPER_INTERFACE_CONTRACT.md,483,explicit,i_waveform_amb_code_epoch,text_mismatch,| `i_run_profile` | 1 | ACTIVE V4解包 | NORMAL_PPG或CHARACTERIZATION |
contracts/PPG_CONTRACT_CLOSURE_MATRIX.md,1957,ppg_system_integration/PPG_SAR9_SAR15_SAFE_SELECTION_WRAPPER_INTERFACE_CONTRACT.md:483,ppg_system_integration/PPG_SAR9_SAR15_SAFE_SELECTION_WRAPPER_INTERFACE_CONTRACT.md,483,explicit,i_waveform_dc_code_epoch,text_mismatch,| `i_run_profile` | 1 | ACTIVE V4解包 | NORMAL_PPG或CHARACTERIZATION |
contracts/PPG_CONTRACT_CLOSURE_MATRIX.md,1958,ppg_system_integration/PPG_SAR9_SAR15_SAFE_SELECTION_WRAPPER_INTERFACE_CONTRACT.md:483,ppg_system_integration/PPG_SAR9_SAR15_SAFE_SELECTION_WRAPPER_INTERFACE_CONTRACT.md,483,explicit,i_waveform_input_source,text_mismatch,| `i_run_profile` | 1 | ACTIVE V4解包 | NORMAL_PPG或CHARACTERIZATION |
contracts/PPG_CONTRACT_CLOSURE_MATRIX.md,1959,ppg_system_integration/PPG_SAR9_SAR15_SAFE_SELECTION_WRAPPER_INTERFACE_CONTRACT.md:483,ppg_system_integration/PPG_SAR9_SAR15_SAFE_SELECTION_WRAPPER_INTERFACE_CONTRACT.md,483,explicit,i_waveform_optical_mode,text_mismatch,| `i_run_profile` | 1 | ACTIVE V4解包 | NORMAL_PPG或CHARACTERIZATION |
contracts/PPG_CONTRACT_CLOSURE_MATRIX.md,1960,ppg_system_integration/PPG_SAR9_SAR15_SAFE_SELECTION_WRAPPER_INTERFACE_CONTRACT.md:483,ppg_system_integration/PPG_SAR9_SAR15_SAFE_SELECTION_WRAPPER_INTERFACE_CONTRACT.md,483,explicit,i_waveform_leddac_code_snapshot,text_mismatch,| `i_run_profile` | 1 | ACTIVE V4解包 | NORMAL_PPG或CHARACTERIZATION |
contracts/PPG_CONTRACT_CLOSURE_MATRIX.md,1961,ppg_system_integration/PPG_SAR9_SAR15_SAFE_SELECTION_WRAPPER_INTERFACE_CONTRACT.md:508,ppg_system_integration/PPG_SAR9_SAR15_SAFE_SELECTION_WRAPPER_INTERFACE_CONTRACT.md,508,explicit,o_adc_owner_ready,text_mismatch,| `i_waveform_input_source` | 1 | 输入 | 光电二极管或外部固定电流快照 |
contracts/PPG_CONTRACT_CLOSURE_MATRIX.md,1962,ppg_system_integration/PPG_SAR9_SAR15_SAFE_SELECTION_WRAPPER_INTERFACE_CONTRACT.md:508,ppg_system_integration/PPG_SAR9_SAR15_SAFE_SELECTION_WRAPPER_INTERFACE_CONTRACT.md,508,explicit,i_adc_owner_commit_event,text_mismatch,| `i_waveform_input_source` | 1 | 输入 | 光电二极管或外部固定电流快照 |
contracts/PPG_CONTRACT_CLOSURE_MATRIX.md,1963,ppg_system_integration/PPG_SAR9_SAR15_SAFE_SELECTION_WRAPPER_INTERFACE_CONTRACT.md:508,ppg_system_integration/PPG_SAR9_SAR15_SAFE_SELECTION_WRAPPER_INTERFACE_CONTRACT.md,508,explicit,i_adc_owner_precision_mode,text_mismatch,| `i_waveform_input_source` | 1 | 输入 | 光电二极管或外部固定电流快照 |
contracts/PPG_CONTRACT_CLOSURE_MATRIX.md,1964,ppg_system_integration/PPG_SAR9_SAR15_SAFE_SELECTION_WRAPPER_INTERFACE_CONTRACT.md:508,ppg_system_integration/PPG_SAR9_SAR15_SAFE_SELECTION_WRAPPER_INTERFACE_CONTRACT.md,508,explicit,i_adc_owner_frame_id,text_mismatch,| `i_waveform_input_source` | 1 | 输入 | 光电二极管或外部固定电流快照 |
contracts/PPG_CONTRACT_CLOSURE_MATRIX.md,1965,ppg_system_integration/PPG_SAR9_SAR15_SAFE_SELECTION_WRAPPER_INTERFACE_CONTRACT.md:508,ppg_system_integration/PPG_SAR9_SAR15_SAFE_SELECTION_WRAPPER_INTERFACE_CONTRACT.md,508,explicit,i_adc_owner_color_ir,text_mismatch,| `i_waveform_input_source` | 1 | 输入 | 光电二极管或外部固定电流快照 |
contracts/PPG_CONTRACT_CLOSURE_MATRIX.md,1966,ppg_system_integration/PPG_SAR9_SAR15_SAFE_SELECTION_WRAPPER_INTERFACE_CONTRACT.md:508,ppg_system_integration/PPG_SAR9_SAR15_SAFE_SELECTION_WRAPPER_INTERFACE_CONTRACT.md,508,explicit,i_adc_owner_frame_type,text_mismatch,| `i_waveform_input_source` | 1 | 输入 | 光电二极管或外部固定电流快照 |
contracts/PPG_CONTRACT_CLOSURE_MATRIX.md,1967,ppg_system_integration/PPG_SAR9_SAR15_SAFE_SELECTION_WRAPPER_INTERFACE_CONTRACT.md:508,ppg_system_integration/PPG_SAR9_SAR15_SAFE_SELECTION_WRAPPER_INTERFACE_CONTRACT.md,508,explicit,i_adc_owner_amb_code_snapshot,text_mismatch,| `i_waveform_input_source` | 1 | 输入 | 光电二极管或外部固定电流快照 |
contracts/PPG_CONTRACT_CLOSURE_MATRIX.md,1968,ppg_system_integration/PPG_SAR9_SAR15_SAFE_SELECTION_WRAPPER_INTERFACE_CONTRACT.md:508,ppg_system_integration/PPG_SAR9_SAR15_SAFE_SELECTION_WRAPPER_INTERFACE_CONTRACT.md,508,explicit,i_adc_owner_dc_code_snapshot,text_mismatch,| `i_waveform_input_source` | 1 | 输入 | 光电二极管或外部固定电流快照 |
contracts/PPG_CONTRACT_CLOSURE_MATRIX.md,1969,ppg_system_integration/PPG_SAR9_SAR15_SAFE_SELECTION_WRAPPER_INTERFACE_CONTRACT.md:508,ppg_system_integration/PPG_SAR9_SAR15_SAFE_SELECTION_WRAPPER_INTERFACE_CONTRACT.md,508,explicit,i_adc_owner_amb_code_epoch,text_mismatch,| `i_waveform_input_source` | 1 | 输入 | 光电二极管或外部固定电流快照 |
contracts/PPG_CONTRACT_CLOSURE_MATRIX.md,1970,ppg_system_integration/PPG_SAR9_SAR15_SAFE_SELECTION_WRAPPER_INTERFACE_CONTRACT.md:508,ppg_system_integration/PPG_SAR9_SAR15_SAFE_SELECTION_WRAPPER_INTERFACE_CONTRACT.md,508,explicit,i_adc_owner_dc_code_epoch,text_mismatch,| `i_waveform_input_source` | 1 | 输入 | 光电二极管或外部固定电流快照 |
contracts/PPG_CONTRACT_CLOSURE_MATRIX.md,1971,ppg_system_integration/PPG_SAR9_SAR15_SAFE_SELECTION_WRAPPER_INTERFACE_CONTRACT.md:508,ppg_system_integration/PPG_SAR9_SAR15_SAFE_SELECTION_WRAPPER_INTERFACE_CONTRACT.md,508,explicit,i_adc_owner_sample_index,text_mismatch,| `i_waveform_input_source` | 1 | 输入 | 光电二极管或外部固定电流快照 |
contracts/PPG_CONTRACT_CLOSURE_MATRIX.md,1972,ppg_system_integration/PPG_SAR9_SAR15_SAFE_SELECTION_WRAPPER_INTERFACE_CONTRACT.md:526,ppg_system_integration/PPG_SAR9_SAR15_SAFE_SELECTION_WRAPPER_INTERFACE_CONTRACT.md,526,explicit,i_adc_transaction_complete_event,text_mismatch,| `i_adc_owner_frame_id` | `C_FRAME_ID_WIDTH` | 调度器 | AMI事务帧号，必须匹配波形快照 |
contracts/PPG_CONTRACT_CLOSURE_MATRIX.md,1973,ppg_system_integration/PPG_SAR9_SAR15_SAFE_SELECTION_WRAPPER_INTERFACE_CONTRACT.md:526,ppg_system_integration/PPG_SAR9_SAR15_SAFE_SELECTION_WRAPPER_INTERFACE_CONTRACT.md,526,explicit,i_adc_transaction_success,text_mismatch,| `i_adc_owner_frame_id` | `C_FRAME_ID_WIDTH` | 调度器 | AMI事务帧号，必须匹配波形快照 |
contracts/PPG_CONTRACT_CLOSURE_MATRIX.md,1974,ppg_system_integration/PPG_SAR9_SAR15_SAFE_SELECTION_WRAPPER_INTERFACE_CONTRACT.md:526,ppg_system_integration/PPG_SAR9_SAR15_SAFE_SELECTION_WRAPPER_INTERFACE_CONTRACT.md,526,explicit,i_adc_complete_sample_index,text_mismatch,| `i_adc_owner_frame_id` | `C_FRAME_ID_WIDTH` | 调度器 | AMI事务帧号，必须匹配波形快照 |
contracts/PPG_CONTRACT_CLOSURE_MATRIX.md,1975,ppg_system_integration/PPG_SAR9_SAR15_SAFE_SELECTION_WRAPPER_INTERFACE_CONTRACT.md:526,ppg_system_integration/PPG_SAR9_SAR15_SAFE_SELECTION_WRAPPER_INTERFACE_CONTRACT.md,526,explicit,i_adc_idle,text_mismatch,| `i_adc_owner_frame_id` | `C_FRAME_ID_WIDTH` | 调度器 | AMI事务帧号，必须匹配波形快照 |
contracts/PPG_CONTRACT_CLOSURE_MATRIX.md,1976,ppg_system_integration/PPG_SAR9_SAR15_SAFE_SELECTION_WRAPPER_INTERFACE_CONTRACT.md:537,ppg_system_integration/PPG_SAR9_SAR15_SAFE_SELECTION_WRAPPER_INTERFACE_CONTRACT.md,537,explicit,o_en_tia_low,text_mismatch,### 7.6 ADC完成与空闲输入
contracts/PPG_CONTRACT_CLOSURE_MATRIX.md,1977,ppg_system_integration/PPG_SAR9_SAR15_SAFE_SELECTION_WRAPPER_INTERFACE_CONTRACT.md:537,ppg_system_integration/PPG_SAR9_SAR15_SAFE_SELECTION_WRAPPER_INTERFACE_CONTRACT.md,537,explicit,o_leddac,text_mismatch,### 7.6 ADC完成与空闲输入
contracts/PPG_CONTRACT_CLOSURE_MATRIX.md,1978,ppg_system_integration/PPG_SAR9_SAR15_SAFE_SELECTION_WRAPPER_INTERFACE_CONTRACT.md:537,ppg_system_integration/PPG_SAR9_SAR15_SAFE_SELECTION_WRAPPER_INTERFACE_CONTRACT.md,537,explicit,o_leden1_low,text_mismatch,### 7.6 ADC完成与空闲输入
contracts/PPG_CONTRACT_CLOSURE_MATRIX.md,1979,ppg_system_integration/PPG_SAR9_SAR15_SAFE_SELECTION_WRAPPER_INTERFACE_CONTRACT.md:537,ppg_system_integration/PPG_SAR9_SAR15_SAFE_SELECTION_WRAPPER_INTERFACE_CONTRACT.md,537,explicit,o_leden2_low,text_mismatch,### 7.6 ADC完成与空闲输入
contracts/PPG_CONTRACT_CLOSURE_MATRIX.md,1980,ppg_system_integration/PPG_SAR9_SAR15_SAFE_SELECTION_WRAPPER_INTERFACE_CONTRACT.md:537,ppg_system_integration/PPG_SAR9_SAR15_SAFE_SELECTION_WRAPPER_INTERFACE_CONTRACT.md,537,explicit,o_en_test,text_mismatch,### 7.6 ADC完成与空闲输入
contracts/PPG_CONTRACT_CLOSURE_MATRIX.md,1981,ppg_system_integration/PPG_SAR9_SAR15_SAFE_SELECTION_WRAPPER_INTERFACE_CONTRACT.md:537,ppg_system_integration/PPG_SAR9_SAR15_SAFE_SELECTION_WRAPPER_INTERFACE_CONTRACT.md,537,explicit,o_clk_buf_low,text_mismatch,### 7.6 ADC完成与空闲输入
contracts/PPG_CONTRACT_CLOSURE_MATRIX.md,1982,ppg_system_integration/PPG_SAR9_SAR15_SAFE_SELECTION_WRAPPER_INTERFACE_CONTRACT.md:537,ppg_system_integration/PPG_SAR9_SAR15_SAFE_SELECTION_WRAPPER_INTERFACE_CONTRACT.md,537,explicit,o_clk_iref_idac_low,text_mismatch,### 7.6 ADC完成与空闲输入
contracts/PPG_CONTRACT_CLOSURE_MATRIX.md,1983,ppg_system_integration/PPG_SAR9_SAR15_SAFE_SELECTION_WRAPPER_INTERFACE_CONTRACT.md:537,ppg_system_integration/PPG_SAR9_SAR15_SAFE_SELECTION_WRAPPER_INTERFACE_CONTRACT.md,537,explicit,o_clk_9q1_low,text_mismatch,### 7.6 ADC完成与空闲输入
contracts/PPG_CONTRACT_CLOSURE_MATRIX.md,1984,ppg_system_integration/PPG_SAR9_SAR15_SAFE_SELECTION_WRAPPER_INTERFACE_CONTRACT.md:537,ppg_system_integration/PPG_SAR9_SAR15_SAFE_SELECTION_WRAPPER_INTERFACE_CONTRACT.md,537,explicit,o_clk_15q1_low,text_mismatch,### 7.6 ADC完成与空闲输入
contracts/PPG_CONTRACT_CLOSURE_MATRIX.md,1985,ppg_system_integration/PPG_SAR9_SAR15_SAFE_SELECTION_WRAPPER_INTERFACE_CONTRACT.md:537,ppg_system_integration/PPG_SAR9_SAR15_SAFE_SELECTION_WRAPPER_INTERFACE_CONTRACT.md,537,explicit,o_clk_aferst_low,text_mismatch,### 7.6 ADC完成与空闲输入
contracts/PPG_CONTRACT_CLOSURE_MATRIX.md,1986,ppg_system_integration/PPG_SAR9_SAR15_SAFE_SELECTION_WRAPPER_INTERFACE_CONTRACT.md:537,ppg_system_integration/PPG_SAR9_SAR15_SAFE_SELECTION_WRAPPER_INTERFACE_CONTRACT.md,537,explicit,o_clk_iref_idac_sar9_low,text_mismatch,### 7.6 ADC完成与空闲输入
contracts/PPG_CONTRACT_CLOSURE_MATRIX.md,1987,ppg_system_integration/PPG_SAR9_SAR15_SAFE_SELECTION_WRAPPER_INTERFACE_CONTRACT.md:537,ppg_system_integration/PPG_SAR9_SAR15_SAFE_SELECTION_WRAPPER_INTERFACE_CONTRACT.md,537,explicit,o_clk_iref_idac_sar15_low,text_mismatch,### 7.6 ADC完成与空闲输入
contracts/PPG_CONTRACT_CLOSURE_MATRIX.md,1988,ppg_system_integration/PPG_SAR9_SAR15_SAFE_SELECTION_WRAPPER_INTERFACE_CONTRACT.md:537,ppg_system_integration/PPG_SAR9_SAR15_SAFE_SELECTION_WRAPPER_INTERFACE_CONTRACT.md,537,explicit,o_clk_q2_low,text_mismatch,### 7.6 ADC完成与空闲输入
contracts/PPG_CONTRACT_CLOSURE_MATRIX.md,1989,ppg_system_integration/PPG_SAR9_SAR15_SAFE_SELECTION_WRAPPER_INTERFACE_CONTRACT.md:537,ppg_system_integration/PPG_SAR9_SAR15_SAFE_SELECTION_WRAPPER_INTERFACE_CONTRACT.md,537,explicit,o_clk_q3_low,text_mismatch,### 7.6 ADC完成与空闲输入
contracts/PPG_CONTRACT_CLOSURE_MATRIX.md,1990,ppg_system_integration/PPG_SAR9_SAR15_SAFE_SELECTION_WRAPPER_INTERFACE_CONTRACT.md:537,ppg_system_integration/PPG_SAR9_SAR15_SAFE_SELECTION_WRAPPER_INTERFACE_CONTRACT.md,537,explicit,o_clk_tiaen_low,text_mismatch,### 7.6 ADC完成与空闲输入
contracts/PPG_CONTRACT_CLOSURE_MATRIX.md,1991,ppg_system_integration/PPG_SAR9_SAR15_SAFE_SELECTION_WRAPPER_INTERFACE_CONTRACT.md:537,ppg_system_integration/PPG_SAR9_SAR15_SAFE_SELECTION_WRAPPER_INTERFACE_CONTRACT.md,537,explicit,o_en_15sar_low,text_mismatch,### 7.6 ADC完成与空闲输入
contracts/PPG_CONTRACT_CLOSURE_MATRIX.md,1992,ppg_system_integration/PPG_SAR9_SAR15_SAFE_SELECTION_WRAPPER_INTERFACE_CONTRACT.md:537,ppg_system_integration/PPG_SAR9_SAR15_SAFE_SELECTION_WRAPPER_INTERFACE_CONTRACT.md,537,explicit,o_en_sar9_amb_low,text_mismatch,### 7.6 ADC完成与空闲输入
contracts/PPG_CONTRACT_CLOSURE_MATRIX.md,1993,ppg_system_integration/PPG_SAR9_SAR15_SAFE_SELECTION_WRAPPER_INTERFACE_CONTRACT.md:537,ppg_system_integration/PPG_SAR9_SAR15_SAFE_SELECTION_WRAPPER_INTERFACE_CONTRACT.md,537,explicit,o_en_sar9_dc_low,text_mismatch,### 7.6 ADC完成与空闲输入
contracts/PPG_CONTRACT_CLOSURE_MATRIX.md,1994,ppg_system_integration/PPG_SAR9_SAR15_SAFE_SELECTION_WRAPPER_INTERFACE_CONTRACT.md:537,ppg_system_integration/PPG_SAR9_SAR15_SAFE_SELECTION_WRAPPER_INTERFACE_CONTRACT.md,537,explicit,o_en_sar9_iref,text_mismatch,### 7.6 ADC完成与空闲输入
contracts/PPG_CONTRACT_CLOSURE_MATRIX.md,1995,ppg_system_integration/PPG_SAR9_SAR15_SAFE_SELECTION_WRAPPER_INTERFACE_CONTRACT.md:537,ppg_system_integration/PPG_SAR9_SAR15_SAFE_SELECTION_WRAPPER_INTERFACE_CONTRACT.md,537,explicit,o_en_sar15_amb_low,text_mismatch,### 7.6 ADC完成与空闲输入
contracts/PPG_CONTRACT_CLOSURE_MATRIX.md,1996,ppg_system_integration/PPG_SAR9_SAR15_SAFE_SELECTION_WRAPPER_INTERFACE_CONTRACT.md:537,ppg_system_integration/PPG_SAR9_SAR15_SAFE_SELECTION_WRAPPER_INTERFACE_CONTRACT.md,537,explicit,o_en_sar15_dc_low,text_mismatch,### 7.6 ADC完成与空闲输入
contracts/PPG_CONTRACT_CLOSURE_MATRIX.md,1997,ppg_system_integration/PPG_SAR9_SAR15_SAFE_SELECTION_WRAPPER_INTERFACE_CONTRACT.md:537,ppg_system_integration/PPG_SAR9_SAR15_SAFE_SELECTION_WRAPPER_INTERFACE_CONTRACT.md,537,explicit,o_en_sar15_iref,text_mismatch,### 7.6 ADC完成与空闲输入
contracts/PPG_CONTRACT_CLOSURE_MATRIX.md,1998,ppg_system_integration/PPG_SAR9_SAR15_SAFE_SELECTION_WRAPPER_INTERFACE_CONTRACT.md:537,ppg_system_integration/PPG_SAR9_SAR15_SAFE_SELECTION_WRAPPER_INTERFACE_CONTRACT.md,537,explicit,o_idac_sar9ambn_low,text_mismatch,### 7.6 ADC完成与空闲输入
contracts/PPG_CONTRACT_CLOSURE_MATRIX.md,1999,ppg_system_integration/PPG_SAR9_SAR15_SAFE_SELECTION_WRAPPER_INTERFACE_CONTRACT.md:537,ppg_system_integration/PPG_SAR9_SAR15_SAFE_SELECTION_WRAPPER_INTERFACE_CONTRACT.md,537,explicit,o_idac_sar9dcn_low,text_mismatch,### 7.6 ADC完成与空闲输入
contracts/PPG_CONTRACT_CLOSURE_MATRIX.md,2000,ppg_system_integration/PPG_SAR9_SAR15_SAFE_SELECTION_WRAPPER_INTERFACE_CONTRACT.md:537,ppg_system_integration/PPG_SAR9_SAR15_SAFE_SELECTION_WRAPPER_INTERFACE_CONTRACT.md,537,explicit,o_idac_sar15ambn_low,text_mismatch,### 7.6 ADC完成与空闲输入
contracts/PPG_CONTRACT_CLOSURE_MATRIX.md,2001,ppg_system_integration/PPG_SAR9_SAR15_SAFE_SELECTION_WRAPPER_INTERFACE_CONTRACT.md:537,ppg_system_integration/PPG_SAR9_SAR15_SAFE_SELECTION_WRAPPER_INTERFACE_CONTRACT.md,537,explicit,o_idac_sar15dcn_low,text_mismatch,### 7.6 ADC完成与空闲输入
contracts/PPG_CONTRACT_CLOSURE_MATRIX.md,2002,ppg_system_integration/PPG_SAR9_SAR15_SAFE_SELECTION_WRAPPER_INTERFACE_CONTRACT.md:537,ppg_system_integration/PPG_SAR9_SAR15_SAFE_SELECTION_WRAPPER_INTERFACE_CONTRACT.md,537,explicit,o_s_in,text_mismatch,### 7.6 ADC完成与空闲输入
contracts/PPG_CONTRACT_CLOSURE_MATRIX.md,2003,ppg_system_integration/PPG_SAR9_SAR15_SAFE_SELECTION_WRAPPER_INTERFACE_CONTRACT.md:537,ppg_system_integration/PPG_SAR9_SAR15_SAFE_SELECTION_WRAPPER_INTERFACE_CONTRACT.md,537,explicit,o_clk_2m,text_mismatch,### 7.6 ADC完成与空闲输入
contracts/PPG_CONTRACT_CLOSURE_MATRIX.md,2004,ppg_system_integration/PPG_SAR9_SAR15_SAFE_SELECTION_WRAPPER_INTERFACE_CONTRACT.md:578,ppg_system_integration/PPG_SAR9_SAR15_SAFE_SELECTION_WRAPPER_INTERFACE_CONTRACT.md,578,explicit,o_analog_safe,text_mismatch,o_idac_sar15ambn_low[7:0]
contracts/PPG_CONTRACT_CLOSURE_MATRIX.md,2005,ppg_system_integration/PPG_SAR9_SAR15_SAFE_SELECTION_WRAPPER_INTERFACE_CONTRACT.md:578,ppg_system_integration/PPG_SAR9_SAR15_SAFE_SELECTION_WRAPPER_INTERFACE_CONTRACT.md,578,explicit,o_sar_timing_idle,text_mismatch,o_idac_sar15ambn_low[7:0]
contracts/PPG_CONTRACT_CLOSURE_MATRIX.md,2006,ppg_system_integration/PPG_SAR9_SAR15_SAFE_SELECTION_WRAPPER_INTERFACE_CONTRACT.md:578,ppg_system_integration/PPG_SAR9_SAR15_SAFE_SELECTION_WRAPPER_INTERFACE_CONTRACT.md,578,explicit,o_wrapper_idle,text_mismatch,o_idac_sar15ambn_low[7:0]
contracts/PPG_CONTRACT_CLOSURE_MATRIX.md,2007,ppg_system_integration/PPG_SAR9_SAR15_SAFE_SELECTION_WRAPPER_INTERFACE_CONTRACT.md:578,ppg_system_integration/PPG_SAR9_SAR15_SAFE_SELECTION_WRAPPER_INTERFACE_CONTRACT.md,578,explicit,o_precision_active,text_mismatch,o_idac_sar15ambn_low[7:0]
contracts/PPG_CONTRACT_CLOSURE_MATRIX.md,2008,ppg_system_integration/PPG_SAR9_SAR15_SAFE_SELECTION_WRAPPER_INTERFACE_CONTRACT.md:578,ppg_system_integration/PPG_SAR9_SAR15_SAFE_SELECTION_WRAPPER_INTERFACE_CONTRACT.md,578,explicit,o_calibration_wave_active,text_mismatch,o_idac_sar15ambn_low[7:0]
contracts/PPG_CONTRACT_CLOSURE_MATRIX.md,2009,ppg_system_integration/PPG_SAR9_SAR15_SAFE_SELECTION_WRAPPER_INTERFACE_CONTRACT.md:578,ppg_system_integration/PPG_SAR9_SAR15_SAFE_SELECTION_WRAPPER_INTERFACE_CONTRACT.md,578,explicit,o_adc_owner_inflight,text_mismatch,o_idac_sar15ambn_low[7:0]
contracts/PPG_CONTRACT_CLOSURE_MATRIX.md,2010,ppg_system_integration/PPG_SAR9_SAR15_SAFE_SELECTION_WRAPPER_INTERFACE_CONTRACT.md:578,ppg_system_integration/PPG_SAR9_SAR15_SAFE_SELECTION_WRAPPER_INTERFACE_CONTRACT.md,578,explicit,o_owner_q3_window_closed,text_mismatch,o_idac_sar15ambn_low[7:0]
contracts/PPG_CONTRACT_CLOSURE_MATRIX.md,2011,ppg_system_integration/PPG_SAR9_SAR15_SAFE_SELECTION_WRAPPER_INTERFACE_CONTRACT.md:578,ppg_system_integration/PPG_SAR9_SAR15_SAFE_SELECTION_WRAPPER_INTERFACE_CONTRACT.md,578,explicit,o_switch_protocol_error_sticky,text_mismatch,o_idac_sar15ambn_low[7:0]
contracts/PPG_CONTRACT_CLOSURE_MATRIX.md,2012,ppg_system_integration/PPG_SAR9_SAR15_SAFE_SELECTION_WRAPPER_INTERFACE_CONTRACT.md:578,ppg_system_integration/PPG_SAR9_SAR15_SAFE_SELECTION_WRAPPER_INTERFACE_CONTRACT.md,578,explicit,o_transaction_mismatch_sticky,text_mismatch,o_idac_sar15ambn_low[7:0]
contracts/PPG_CONTRACT_CLOSURE_MATRIX.md,2013,ppg_system_integration/PPG_SAR9_SAR15_SAFE_SELECTION_WRAPPER_INTERFACE_CONTRACT.md:578,ppg_system_integration/PPG_SAR9_SAR15_SAFE_SELECTION_WRAPPER_INTERFACE_CONTRACT.md,578,explicit,o_owner_deadline_timeout_sticky,text_mismatch,o_idac_sar15ambn_low[7:0]
contracts/PPG_CONTRACT_CLOSURE_MATRIX.md,2014,ppg_system_integration/PPG_SAR9_SAR15_SAFE_SELECTION_WRAPPER_INTERFACE_CONTRACT.md:578,ppg_system_integration/PPG_SAR9_SAR15_SAFE_SELECTION_WRAPPER_INTERFACE_CONTRACT.md,578,explicit,o_calibration_timeout_sticky,text_mismatch,o_idac_sar15ambn_low[7:0]
contracts/PPG_CONTRACT_CLOSURE_MATRIX.md,2015,ppg_system_integration/PPG_SAR9_SAR15_SAFE_SELECTION_WRAPPER_INTERFACE_CONTRACT.md:578,ppg_system_integration/PPG_SAR9_SAR15_SAFE_SELECTION_WRAPPER_INTERFACE_CONTRACT.md,578,explicit,o_wrapper_fault_blocking,text_mismatch,o_idac_sar15ambn_low[7:0]
contracts/PPG_CONTRACT_CLOSURE_MATRIX.md,2016,ppg_system_integration/PPG_SAR9_SAR15_SAFE_SELECTION_WRAPPER_INTERFACE_CONTRACT.md:600,ppg_system_integration/PPG_SAR9_SAR15_SAFE_SELECTION_WRAPPER_INTERFACE_CONTRACT.md,600,explicit,o_ssw_fault_valid,text_mismatch,| `o_transaction_mismatch_sticky` | ADC完成的sample_index与在途事务不一致 |
contracts/PPG_CONTRACT_CLOSURE_MATRIX.md,2017,ppg_system_integration/PPG_SAR9_SAR15_SAFE_SELECTION_WRAPPER_INTERFACE_CONTRACT.md:600,ppg_system_integration/PPG_SAR9_SAR15_SAFE_SELECTION_WRAPPER_INTERFACE_CONTRACT.md,600,explicit,o_ssw_fault_active,text_mismatch,| `o_transaction_mismatch_sticky` | ADC完成的sample_index与在途事务不一致 |
contracts/PPG_CONTRACT_CLOSURE_MATRIX.md,2018,ppg_system_integration/PPG_SAR9_SAR15_SAFE_SELECTION_WRAPPER_INTERFACE_CONTRACT.md:600,ppg_system_integration/PPG_SAR9_SAR15_SAFE_SELECTION_WRAPPER_INTERFACE_CONTRACT.md,600,explicit,o_ssw_fault_cause,text_mismatch,| `o_transaction_mismatch_sticky` | ADC完成的sample_index与在途事务不一致 |
contracts/PPG_CONTRACT_CLOSURE_MATRIX.md,2019,ppg_system_integration/PPG_SAR9_SAR15_SAFE_SELECTION_WRAPPER_INTERFACE_CONTRACT.md:600,ppg_system_integration/PPG_SAR9_SAR15_SAFE_SELECTION_WRAPPER_INTERFACE_CONTRACT.md,600,explicit,o_ssw_fault_identity_valid,text_mismatch,| `o_transaction_mismatch_sticky` | ADC完成的sample_index与在途事务不一致 |
contracts/PPG_CONTRACT_CLOSURE_MATRIX.md,2020,ppg_system_integration/PPG_SAR9_SAR15_SAFE_SELECTION_WRAPPER_INTERFACE_CONTRACT.md:600,ppg_system_integration/PPG_SAR9_SAR15_SAFE_SELECTION_WRAPPER_INTERFACE_CONTRACT.md,600,explicit,o_ssw_fault_frame_id,text_mismatch,| `o_transaction_mismatch_sticky` | ADC完成的sample_index与在途事务不一致 |
contracts/PPG_CONTRACT_CLOSURE_MATRIX.md,2021,ppg_system_integration/PPG_SAR9_SAR15_SAFE_SELECTION_WRAPPER_INTERFACE_CONTRACT.md:600,ppg_system_integration/PPG_SAR9_SAR15_SAFE_SELECTION_WRAPPER_INTERFACE_CONTRACT.md,600,explicit,o_ssw_fault_sample_index,text_mismatch,| `o_transaction_mismatch_sticky` | ADC完成的sample_index与在途事务不一致 |
contracts/PPG_CONTRACT_CLOSURE_MATRIX.md,2022,ppg_system_integration/PPG_SAR9_SAR15_SAFE_SELECTION_WRAPPER_INTERFACE_CONTRACT.md:600,ppg_system_integration/PPG_SAR9_SAR15_SAFE_SELECTION_WRAPPER_INTERFACE_CONTRACT.md,600,explicit,o_ssw_fault_color_ir,text_mismatch,| `o_transaction_mismatch_sticky` | ADC完成的sample_index与在途事务不一致 |
contracts/PPG_CONTRACT_CLOSURE_MATRIX.md,2023,ppg_system_integration/PPG_SAR9_SAR15_SAFE_SELECTION_WRAPPER_INTERFACE_CONTRACT.md:600,ppg_system_integration/PPG_SAR9_SAR15_SAFE_SELECTION_WRAPPER_INTERFACE_CONTRACT.md,600,explicit,o_ssw_fault_frame_type,text_mismatch,| `o_transaction_mismatch_sticky` | ADC完成的sample_index与在途事务不一致 |
contracts/PPG_CONTRACT_CLOSURE_MATRIX.md,2024,ppg_system_integration/PPG_SAR9_SAR15_SAFE_SELECTION_WRAPPER_INTERFACE_CONTRACT.md:600,ppg_system_integration/PPG_SAR9_SAR15_SAFE_SELECTION_WRAPPER_INTERFACE_CONTRACT.md,600,explicit,o_ssw_fault_precision_mode,text_mismatch,| `o_transaction_mismatch_sticky` | ADC完成的sample_index与在途事务不一致 |
contracts/PPG_CONTRACT_CLOSURE_MATRIX.md,2025,ppg_system_integration/PPG_SAR9_SAR15_SAFE_SELECTION_WRAPPER_INTERFACE_CONTRACT.md:600,ppg_system_integration/PPG_SAR9_SAR15_SAFE_SELECTION_WRAPPER_INTERFACE_CONTRACT.md,600,explicit,o_ssw_fault_run_generation,text_mismatch,| `o_transaction_mismatch_sticky` | ADC完成的sample_index与在途事务不一致 |
contracts/PPG_CONTRACT_CLOSURE_MATRIX.md,2026,ppg_system_integration/PPG_IDAC_CODE_CONTROLLER_V2_INTERFACE_CONTRACT.md:290,ppg_system_integration/PPG_IDAC_CODE_CONTROLLER_V2_INTERFACE_CONTRACT.md,290,explicit,i_clk,text_mismatch,`i_stop_ack_event`和`i_control_abort_event`只取消尚未安全提交的本地IDAC
contracts/PPG_CONTRACT_CLOSURE_MATRIX.md,2027,ppg_system_integration/PPG_IDAC_CODE_CONTROLLER_V2_INTERFACE_CONTRACT.md:290,ppg_system_integration/PPG_IDAC_CODE_CONTROLLER_V2_INTERFACE_CONTRACT.md,290,explicit,i_rstn,text_mismatch,`i_stop_ack_event`和`i_control_abort_event`只取消尚未安全提交的本地IDAC
contracts/PPG_CONTRACT_CLOSURE_MATRIX.md,2028,ppg_system_integration/PPG_IDAC_CODE_CONTROLLER_V2_INTERFACE_CONTRACT.md:277,ppg_system_integration/PPG_IDAC_CODE_CONTROLLER_V2_INTERFACE_CONTRACT.md,277,explicit,i_run_generation,text_mismatch,	output o_idac_idle
contracts/PPG_CONTRACT_CLOSURE_MATRIX.md,2029,ppg_system_integration/PPG_IDAC_CODE_CONTROLLER_V2_INTERFACE_CONTRACT.md:290,ppg_system_integration/PPG_IDAC_CODE_CONTROLLER_V2_INTERFACE_CONTRACT.md,290,explicit,i_run_enable,text_mismatch,`i_stop_ack_event`和`i_control_abort_event`只取消尚未安全提交的本地IDAC
contracts/PPG_CONTRACT_CLOSURE_MATRIX.md,2030,ppg_system_integration/PPG_IDAC_CODE_CONTROLLER_V2_INTERFACE_CONTRACT.md:290,ppg_system_integration/PPG_IDAC_CODE_CONTROLLER_V2_INTERFACE_CONTRACT.md,290,explicit,i_start_ack_event,text_mismatch,`i_stop_ack_event`和`i_control_abort_event`只取消尚未安全提交的本地IDAC
contracts/PPG_CONTRACT_CLOSURE_MATRIX.md,2032,ppg_system_integration/PPG_IDAC_CODE_CONTROLLER_V2_INTERFACE_CONTRACT.md:290,ppg_system_integration/PPG_IDAC_CODE_CONTROLLER_V2_INTERFACE_CONTRACT.md,290,explicit,i_status_clear_event,text_mismatch,`i_stop_ack_event`和`i_control_abort_event`只取消尚未安全提交的本地IDAC
contracts/PPG_CONTRACT_CLOSURE_MATRIX.md,2034,ppg_system_integration/PPG_IDAC_CODE_CONTROLLER_V2_INTERFACE_CONTRACT.md:290,ppg_system_integration/PPG_IDAC_CODE_CONTROLLER_V2_INTERFACE_CONTRACT.md,290,explicit,i_frame_safe_boundary,text_mismatch,`i_stop_ack_event`和`i_control_abort_event`只取消尚未安全提交的本地IDAC
contracts/PPG_CONTRACT_CLOSURE_MATRIX.md,2035,ppg_system_integration/PPG_IDAC_CODE_CONTROLLER_V2_INTERFACE_CONTRACT.md:307,ppg_system_integration/PPG_IDAC_CODE_CONTROLLER_V2_INTERFACE_CONTRACT.md,307,explicit,i_active_config_epoch,text_mismatch,| `i_frame_safe_boundary` | 1 | 帧/模拟调度 | 当前沿允许提交一个或多个pending码 |
contracts/PPG_CONTRACT_CLOSURE_MATRIX.md,2036,ppg_system_integration/PPG_IDAC_CODE_CONTROLLER_V2_INTERFACE_CONTRACT.md:307,ppg_system_integration/PPG_IDAC_CODE_CONTROLLER_V2_INTERFACE_CONTRACT.md,307,explicit,i_idac_mode,text_mismatch,| `i_frame_safe_boundary` | 1 | 帧/模拟调度 | 当前沿允许提交一个或多个pending码 |
contracts/PPG_CONTRACT_CLOSURE_MATRIX.md,2037,ppg_system_integration/PPG_IDAC_CODE_CONTROLLER_V2_INTERFACE_CONTRACT.md:307,ppg_system_integration/PPG_IDAC_CODE_CONTROLLER_V2_INTERFACE_CONTRACT.md,307,explicit,i_amb_enable,text_mismatch,| `i_frame_safe_boundary` | 1 | 帧/模拟调度 | 当前沿允许提交一个或多个pending码 |
contracts/PPG_CONTRACT_CLOSURE_MATRIX.md,2038,ppg_system_integration/PPG_IDAC_CODE_CONTROLLER_V2_INTERFACE_CONTRACT.md:307,ppg_system_integration/PPG_IDAC_CODE_CONTROLLER_V2_INTERFACE_CONTRACT.md,307,explicit,i_dcs_enable,text_mismatch,| `i_frame_safe_boundary` | 1 | 帧/模拟调度 | 当前沿允许提交一个或多个pending码 |
contracts/PPG_CONTRACT_CLOSURE_MATRIX.md,2039,ppg_system_integration/PPG_IDAC_CODE_CONTROLLER_V2_INTERFACE_CONTRACT.md:307,ppg_system_integration/PPG_IDAC_CODE_CONTROLLER_V2_INTERFACE_CONTRACT.md,307,explicit,i_amb_polarity,text_mismatch,| `i_frame_safe_boundary` | 1 | 帧/模拟调度 | 当前沿允许提交一个或多个pending码 |
contracts/PPG_CONTRACT_CLOSURE_MATRIX.md,2040,ppg_system_integration/PPG_IDAC_CODE_CONTROLLER_V2_INTERFACE_CONTRACT.md:307,ppg_system_integration/PPG_IDAC_CODE_CONTROLLER_V2_INTERFACE_CONTRACT.md,307,explicit,i_dcs_polarity,text_mismatch,| `i_frame_safe_boundary` | 1 | 帧/模拟调度 | 当前沿允许提交一个或多个pending码 |
contracts/PPG_CONTRACT_CLOSURE_MATRIX.md,2041,ppg_system_integration/PPG_IDAC_CODE_CONTROLLER_V2_INTERFACE_CONTRACT.md:307,ppg_system_integration/PPG_IDAC_CODE_CONTROLLER_V2_INTERFACE_CONTRACT.md,307,explicit,i_amb_manual_code,text_mismatch,| `i_frame_safe_boundary` | 1 | 帧/模拟调度 | 当前沿允许提交一个或多个pending码 |
contracts/PPG_CONTRACT_CLOSURE_MATRIX.md,2042,ppg_system_integration/PPG_IDAC_CODE_CONTROLLER_V2_INTERFACE_CONTRACT.md:307,ppg_system_integration/PPG_IDAC_CODE_CONTROLLER_V2_INTERFACE_CONTRACT.md,307,explicit,i_amb_code_min,text_mismatch,| `i_frame_safe_boundary` | 1 | 帧/模拟调度 | 当前沿允许提交一个或多个pending码 |
contracts/PPG_CONTRACT_CLOSURE_MATRIX.md,2043,ppg_system_integration/PPG_IDAC_CODE_CONTROLLER_V2_INTERFACE_CONTRACT.md:307,ppg_system_integration/PPG_IDAC_CODE_CONTROLLER_V2_INTERFACE_CONTRACT.md,307,explicit,i_amb_code_max,text_mismatch,| `i_frame_safe_boundary` | 1 | 帧/模拟调度 | 当前沿允许提交一个或多个pending码 |
contracts/PPG_CONTRACT_CLOSURE_MATRIX.md,2044,ppg_system_integration/PPG_IDAC_CODE_CONTROLLER_V2_INTERFACE_CONTRACT.md:307,ppg_system_integration/PPG_IDAC_CODE_CONTROLLER_V2_INTERFACE_CONTRACT.md,307,explicit,i_dcs_r_manual_code,text_mismatch,| `i_frame_safe_boundary` | 1 | 帧/模拟调度 | 当前沿允许提交一个或多个pending码 |
contracts/PPG_CONTRACT_CLOSURE_MATRIX.md,2045,ppg_system_integration/PPG_IDAC_CODE_CONTROLLER_V2_INTERFACE_CONTRACT.md:307,ppg_system_integration/PPG_IDAC_CODE_CONTROLLER_V2_INTERFACE_CONTRACT.md,307,explicit,i_dcs_r_code_min,text_mismatch,| `i_frame_safe_boundary` | 1 | 帧/模拟调度 | 当前沿允许提交一个或多个pending码 |
contracts/PPG_CONTRACT_CLOSURE_MATRIX.md,2046,ppg_system_integration/PPG_IDAC_CODE_CONTROLLER_V2_INTERFACE_CONTRACT.md:307,ppg_system_integration/PPG_IDAC_CODE_CONTROLLER_V2_INTERFACE_CONTRACT.md,307,explicit,i_dcs_r_code_max,text_mismatch,| `i_frame_safe_boundary` | 1 | 帧/模拟调度 | 当前沿允许提交一个或多个pending码 |
contracts/PPG_CONTRACT_CLOSURE_MATRIX.md,2047,ppg_system_integration/PPG_IDAC_CODE_CONTROLLER_V2_INTERFACE_CONTRACT.md:307,ppg_system_integration/PPG_IDAC_CODE_CONTROLLER_V2_INTERFACE_CONTRACT.md,307,explicit,i_dcs_ir_manual_code,text_mismatch,| `i_frame_safe_boundary` | 1 | 帧/模拟调度 | 当前沿允许提交一个或多个pending码 |
contracts/PPG_CONTRACT_CLOSURE_MATRIX.md,2048,ppg_system_integration/PPG_IDAC_CODE_CONTROLLER_V2_INTERFACE_CONTRACT.md:307,ppg_system_integration/PPG_IDAC_CODE_CONTROLLER_V2_INTERFACE_CONTRACT.md,307,explicit,i_dcs_ir_code_min,text_mismatch,| `i_frame_safe_boundary` | 1 | 帧/模拟调度 | 当前沿允许提交一个或多个pending码 |
contracts/PPG_CONTRACT_CLOSURE_MATRIX.md,2049,ppg_system_integration/PPG_IDAC_CODE_CONTROLLER_V2_INTERFACE_CONTRACT.md:307,ppg_system_integration/PPG_IDAC_CODE_CONTROLLER_V2_INTERFACE_CONTRACT.md,307,explicit,i_dcs_ir_code_max,text_mismatch,| `i_frame_safe_boundary` | 1 | 帧/模拟调度 | 当前沿允许提交一个或多个pending码 |
contracts/PPG_CONTRACT_CLOSURE_MATRIX.md,2050,ppg_system_integration/PPG_IDAC_CODE_CONTROLLER_V2_INTERFACE_CONTRACT.md:307,ppg_system_integration/PPG_IDAC_CODE_CONTROLLER_V2_INTERFACE_CONTRACT.md,307,explicit,i_amb_threshold_low,text_mismatch,| `i_frame_safe_boundary` | 1 | 帧/模拟调度 | 当前沿允许提交一个或多个pending码 |
contracts/PPG_CONTRACT_CLOSURE_MATRIX.md,2051,ppg_system_integration/PPG_IDAC_CODE_CONTROLLER_V2_INTERFACE_CONTRACT.md:307,ppg_system_integration/PPG_IDAC_CODE_CONTROLLER_V2_INTERFACE_CONTRACT.md,307,explicit,i_amb_threshold_high,text_mismatch,| `i_frame_safe_boundary` | 1 | 帧/模拟调度 | 当前沿允许提交一个或多个pending码 |
contracts/PPG_CONTRACT_CLOSURE_MATRIX.md,2052,ppg_system_integration/PPG_IDAC_CODE_CONTROLLER_V2_INTERFACE_CONTRACT.md:307,ppg_system_integration/PPG_IDAC_CODE_CONTROLLER_V2_INTERFACE_CONTRACT.md,307,explicit,i_dcs_threshold_low,text_mismatch,| `i_frame_safe_boundary` | 1 | 帧/模拟调度 | 当前沿允许提交一个或多个pending码 |
contracts/PPG_CONTRACT_CLOSURE_MATRIX.md,2053,ppg_system_integration/PPG_IDAC_CODE_CONTROLLER_V2_INTERFACE_CONTRACT.md:307,ppg_system_integration/PPG_IDAC_CODE_CONTROLLER_V2_INTERFACE_CONTRACT.md,307,explicit,i_dcs_threshold_high,text_mismatch,| `i_frame_safe_boundary` | 1 | 帧/模拟调度 | 当前沿允许提交一个或多个pending码 |
contracts/PPG_CONTRACT_CLOSURE_MATRIX.md,2054,ppg_system_integration/PPG_IDAC_CODE_CONTROLLER_V2_INTERFACE_CONTRACT.md:307,ppg_system_integration/PPG_IDAC_CODE_CONTROLLER_V2_INTERFACE_CONTRACT.md,307,explicit,i_amb_confirm_count,text_mismatch,| `i_frame_safe_boundary` | 1 | 帧/模拟调度 | 当前沿允许提交一个或多个pending码 |
contracts/PPG_CONTRACT_CLOSURE_MATRIX.md,2055,ppg_system_integration/PPG_IDAC_CODE_CONTROLLER_V2_INTERFACE_CONTRACT.md:307,ppg_system_integration/PPG_IDAC_CODE_CONTROLLER_V2_INTERFACE_CONTRACT.md,307,explicit,i_dcs_confirm_count,text_mismatch,| `i_frame_safe_boundary` | 1 | 帧/模拟调度 | 当前沿允许提交一个或多个pending码 |
contracts/PPG_CONTRACT_CLOSURE_MATRIX.md,2056,ppg_system_integration/PPG_IDAC_CODE_CONTROLLER_V2_INTERFACE_CONTRACT.md:329,ppg_system_integration/PPG_IDAC_CODE_CONTROLLER_V2_INTERFACE_CONTRACT.md,329,explicit,i_search_amb_valid,text_mismatch,```
contracts/PPG_CONTRACT_CLOSURE_MATRIX.md,2057,ppg_system_integration/PPG_IDAC_CODE_CONTROLLER_V2_INTERFACE_CONTRACT.md:329,ppg_system_integration/PPG_IDAC_CODE_CONTROLLER_V2_INTERFACE_CONTRACT.md,329,explicit,o_search_amb_ready,text_mismatch,```
contracts/PPG_CONTRACT_CLOSURE_MATRIX.md,2058,ppg_system_integration/PPG_IDAC_CODE_CONTROLLER_V2_INTERFACE_CONTRACT.md:329,ppg_system_integration/PPG_IDAC_CODE_CONTROLLER_V2_INTERFACE_CONTRACT.md,329,explicit,i_search_dcs_valid,text_mismatch,```
contracts/PPG_CONTRACT_CLOSURE_MATRIX.md,2059,ppg_system_integration/PPG_IDAC_CODE_CONTROLLER_V2_INTERFACE_CONTRACT.md:329,ppg_system_integration/PPG_IDAC_CODE_CONTROLLER_V2_INTERFACE_CONTRACT.md,329,explicit,o_search_dcs_ready,text_mismatch,```
contracts/PPG_CONTRACT_CLOSURE_MATRIX.md,2060,ppg_system_integration/PPG_IDAC_CODE_CONTROLLER_V2_INTERFACE_CONTRACT.md:350,ppg_system_integration/PPG_IDAC_CODE_CONTROLLER_V2_INTERFACE_CONTRACT.md,350,explicit,i_search_calibrated_s1_value,text_mismatch,```
contracts/PPG_CONTRACT_CLOSURE_MATRIX.md,2061,ppg_system_integration/PPG_IDAC_CODE_CONTROLLER_V2_INTERFACE_CONTRACT.md:350,ppg_system_integration/PPG_IDAC_CODE_CONTROLLER_V2_INTERFACE_CONTRACT.md,350,explicit,i_search_calibration_applied,text_mismatch,```
contracts/PPG_CONTRACT_CLOSURE_MATRIX.md,2062,ppg_system_integration/PPG_IDAC_CODE_CONTROLLER_V2_INTERFACE_CONTRACT.md:350,ppg_system_integration/PPG_IDAC_CODE_CONTROLLER_V2_INTERFACE_CONTRACT.md,350,explicit,i_search_saturation_low,text_mismatch,```
contracts/PPG_CONTRACT_CLOSURE_MATRIX.md,2063,ppg_system_integration/PPG_IDAC_CODE_CONTROLLER_V2_INTERFACE_CONTRACT.md:350,ppg_system_integration/PPG_IDAC_CODE_CONTROLLER_V2_INTERFACE_CONTRACT.md,350,explicit,i_search_saturation_high,text_mismatch,```
contracts/PPG_CONTRACT_CLOSURE_MATRIX.md,2064,ppg_system_integration/PPG_IDAC_CODE_CONTROLLER_V2_INTERFACE_CONTRACT.md:350,ppg_system_integration/PPG_IDAC_CODE_CONTROLLER_V2_INTERFACE_CONTRACT.md,350,explicit,i_search_config_epoch,text_mismatch,```
contracts/PPG_CONTRACT_CLOSURE_MATRIX.md,2065,ppg_system_integration/PPG_IDAC_CODE_CONTROLLER_V2_INTERFACE_CONTRACT.md:350,ppg_system_integration/PPG_IDAC_CODE_CONTROLLER_V2_INTERFACE_CONTRACT.md,350,explicit,i_search_coef_epoch,text_mismatch,```
contracts/PPG_CONTRACT_CLOSURE_MATRIX.md,2066,ppg_system_integration/PPG_IDAC_CODE_CONTROLLER_V2_INTERFACE_CONTRACT.md:350,ppg_system_integration/PPG_IDAC_CODE_CONTROLLER_V2_INTERFACE_CONTRACT.md,350,explicit,i_search_precision_mode,text_mismatch,```
contracts/PPG_CONTRACT_CLOSURE_MATRIX.md,2067,ppg_system_integration/PPG_IDAC_CODE_CONTROLLER_V2_INTERFACE_CONTRACT.md:350,ppg_system_integration/PPG_IDAC_CODE_CONTROLLER_V2_INTERFACE_CONTRACT.md,350,explicit,i_search_frame_id,text_mismatch,```
contracts/PPG_CONTRACT_CLOSURE_MATRIX.md,2068,ppg_system_integration/PPG_IDAC_CODE_CONTROLLER_V2_INTERFACE_CONTRACT.md:350,ppg_system_integration/PPG_IDAC_CODE_CONTROLLER_V2_INTERFACE_CONTRACT.md,350,explicit,i_search_sample_index,text_mismatch,```
contracts/PPG_CONTRACT_CLOSURE_MATRIX.md,2069,ppg_system_integration/PPG_IDAC_CODE_CONTROLLER_V2_INTERFACE_CONTRACT.md:350,ppg_system_integration/PPG_IDAC_CODE_CONTROLLER_V2_INTERFACE_CONTRACT.md,350,explicit,i_search_color_ir,text_mismatch,```
contracts/PPG_CONTRACT_CLOSURE_MATRIX.md,2070,ppg_system_integration/PPG_IDAC_CODE_CONTROLLER_V2_INTERFACE_CONTRACT.md:350,ppg_system_integration/PPG_IDAC_CODE_CONTROLLER_V2_INTERFACE_CONTRACT.md,350,explicit,i_search_frame_type,text_mismatch,```
contracts/PPG_CONTRACT_CLOSURE_MATRIX.md,2071,ppg_system_integration/PPG_IDAC_CODE_CONTROLLER_V2_INTERFACE_CONTRACT.md:350,ppg_system_integration/PPG_IDAC_CODE_CONTROLLER_V2_INTERFACE_CONTRACT.md,350,explicit,i_search_amb_code_snapshot,text_mismatch,```
contracts/PPG_CONTRACT_CLOSURE_MATRIX.md,2072,ppg_system_integration/PPG_IDAC_CODE_CONTROLLER_V2_INTERFACE_CONTRACT.md:350,ppg_system_integration/PPG_IDAC_CODE_CONTROLLER_V2_INTERFACE_CONTRACT.md,350,explicit,i_search_dc_code_snapshot,text_mismatch,```
contracts/PPG_CONTRACT_CLOSURE_MATRIX.md,2073,ppg_system_integration/PPG_IDAC_CODE_CONTROLLER_V2_INTERFACE_CONTRACT.md:350,ppg_system_integration/PPG_IDAC_CODE_CONTROLLER_V2_INTERFACE_CONTRACT.md,350,explicit,i_search_amb_code_epoch,text_mismatch,```
contracts/PPG_CONTRACT_CLOSURE_MATRIX.md,2074,ppg_system_integration/PPG_IDAC_CODE_CONTROLLER_V2_INTERFACE_CONTRACT.md:350,ppg_system_integration/PPG_IDAC_CODE_CONTROLLER_V2_INTERFACE_CONTRACT.md,350,explicit,i_search_dc_code_epoch,text_mismatch,```
contracts/PPG_CONTRACT_CLOSURE_MATRIX.md,2075,ppg_system_integration/PPG_IDAC_CODE_CONTROLLER_V2_INTERFACE_CONTRACT.md:129,ppg_system_integration/PPG_IDAC_CODE_CONTROLLER_V2_INTERFACE_CONTRACT.md,129,explicit,i_test_inject_enable,text_mismatch,### 3.4a `i_amb_threshold_low/high`标定口径说明（2026-09-10）
contracts/PPG_CONTRACT_CLOSURE_MATRIX.md,2076,ppg_system_integration/PPG_IDAC_CODE_CONTROLLER_V2_INTERFACE_CONTRACT.md:129,ppg_system_integration/PPG_IDAC_CODE_CONTROLLER_V2_INTERFACE_CONTRACT.md,129,explicit,i_test_saturation_inject_valid,text_mismatch,### 3.4a `i_amb_threshold_low/high`标定口径说明（2026-09-10）
contracts/PPG_CONTRACT_CLOSURE_MATRIX.md,2077,ppg_system_integration/PPG_IDAC_CODE_CONTROLLER_V2_INTERFACE_CONTRACT.md:129,ppg_system_integration/PPG_IDAC_CODE_CONTROLLER_V2_INTERFACE_CONTRACT.md,129,explicit,o_test_saturation_inject_ready,text_mismatch,### 3.4a `i_amb_threshold_low/high`标定口径说明（2026-09-10）
contracts/PPG_CONTRACT_CLOSURE_MATRIX.md,2078,ppg_system_integration/PPG_IDAC_CODE_CONTROLLER_V2_INTERFACE_CONTRACT.md:382,ppg_system_integration/PPG_IDAC_CODE_CONTROLLER_V2_INTERFACE_CONTRACT.md,382,explicit,i_track_valid,text_mismatch,
contracts/PPG_CONTRACT_CLOSURE_MATRIX.md,2079,ppg_system_integration/PPG_IDAC_CODE_CONTROLLER_V2_INTERFACE_CONTRACT.md:382,ppg_system_integration/PPG_IDAC_CODE_CONTROLLER_V2_INTERFACE_CONTRACT.md,382,explicit,o_track_ready,text_mismatch,
contracts/PPG_CONTRACT_CLOSURE_MATRIX.md,2080,ppg_system_integration/PPG_IDAC_CODE_CONTROLLER_V2_INTERFACE_CONTRACT.md:394,ppg_system_integration/PPG_IDAC_CODE_CONTROLLER_V2_INTERFACE_CONTRACT.md,394,explicit,i_track_calibrated_s1_value,text_mismatch,track_transfer = i_track_valid && o_track_ready
contracts/PPG_CONTRACT_CLOSURE_MATRIX.md,2081,ppg_system_integration/PPG_IDAC_CODE_CONTROLLER_V2_INTERFACE_CONTRACT.md:394,ppg_system_integration/PPG_IDAC_CODE_CONTROLLER_V2_INTERFACE_CONTRACT.md,394,explicit,i_track_calibration_applied,text_mismatch,track_transfer = i_track_valid && o_track_ready
contracts/PPG_CONTRACT_CLOSURE_MATRIX.md,2082,ppg_system_integration/PPG_IDAC_CODE_CONTROLLER_V2_INTERFACE_CONTRACT.md:394,ppg_system_integration/PPG_IDAC_CODE_CONTROLLER_V2_INTERFACE_CONTRACT.md,394,explicit,i_track_saturation_low,text_mismatch,track_transfer = i_track_valid && o_track_ready
contracts/PPG_CONTRACT_CLOSURE_MATRIX.md,2083,ppg_system_integration/PPG_IDAC_CODE_CONTROLLER_V2_INTERFACE_CONTRACT.md:394,ppg_system_integration/PPG_IDAC_CODE_CONTROLLER_V2_INTERFACE_CONTRACT.md,394,explicit,i_track_saturation_high,text_mismatch,track_transfer = i_track_valid && o_track_ready
contracts/PPG_CONTRACT_CLOSURE_MATRIX.md,2084,ppg_system_integration/PPG_IDAC_CODE_CONTROLLER_V2_INTERFACE_CONTRACT.md:394,ppg_system_integration/PPG_IDAC_CODE_CONTROLLER_V2_INTERFACE_CONTRACT.md,394,explicit,i_track_config_epoch,text_mismatch,track_transfer = i_track_valid && o_track_ready
contracts/PPG_CONTRACT_CLOSURE_MATRIX.md,2085,ppg_system_integration/PPG_IDAC_CODE_CONTROLLER_V2_INTERFACE_CONTRACT.md:394,ppg_system_integration/PPG_IDAC_CODE_CONTROLLER_V2_INTERFACE_CONTRACT.md,394,explicit,i_track_coef_epoch,text_mismatch,track_transfer = i_track_valid && o_track_ready
contracts/PPG_CONTRACT_CLOSURE_MATRIX.md,2086,ppg_system_integration/PPG_IDAC_CODE_CONTROLLER_V2_INTERFACE_CONTRACT.md:394,ppg_system_integration/PPG_IDAC_CODE_CONTROLLER_V2_INTERFACE_CONTRACT.md,394,explicit,i_track_precision_mode,text_mismatch,track_transfer = i_track_valid && o_track_ready
contracts/PPG_CONTRACT_CLOSURE_MATRIX.md,2087,ppg_system_integration/PPG_IDAC_CODE_CONTROLLER_V2_INTERFACE_CONTRACT.md:394,ppg_system_integration/PPG_IDAC_CODE_CONTROLLER_V2_INTERFACE_CONTRACT.md,394,explicit,i_track_frame_id,text_mismatch,track_transfer = i_track_valid && o_track_ready
contracts/PPG_CONTRACT_CLOSURE_MATRIX.md,2088,ppg_system_integration/PPG_IDAC_CODE_CONTROLLER_V2_INTERFACE_CONTRACT.md:394,ppg_system_integration/PPG_IDAC_CODE_CONTROLLER_V2_INTERFACE_CONTRACT.md,394,explicit,i_track_sample_index,text_mismatch,track_transfer = i_track_valid && o_track_ready
contracts/PPG_CONTRACT_CLOSURE_MATRIX.md,2089,ppg_system_integration/PPG_IDAC_CODE_CONTROLLER_V2_INTERFACE_CONTRACT.md:394,ppg_system_integration/PPG_IDAC_CODE_CONTROLLER_V2_INTERFACE_CONTRACT.md,394,explicit,i_track_color_ir,text_mismatch,track_transfer = i_track_valid && o_track_ready
contracts/PPG_CONTRACT_CLOSURE_MATRIX.md,2090,ppg_system_integration/PPG_IDAC_CODE_CONTROLLER_V2_INTERFACE_CONTRACT.md:394,ppg_system_integration/PPG_IDAC_CODE_CONTROLLER_V2_INTERFACE_CONTRACT.md,394,explicit,i_track_frame_type,text_mismatch,track_transfer = i_track_valid && o_track_ready
contracts/PPG_CONTRACT_CLOSURE_MATRIX.md,2091,ppg_system_integration/PPG_IDAC_CODE_CONTROLLER_V2_INTERFACE_CONTRACT.md:394,ppg_system_integration/PPG_IDAC_CODE_CONTROLLER_V2_INTERFACE_CONTRACT.md,394,explicit,i_track_amb_code_snapshot,text_mismatch,track_transfer = i_track_valid && o_track_ready
contracts/PPG_CONTRACT_CLOSURE_MATRIX.md,2092,ppg_system_integration/PPG_IDAC_CODE_CONTROLLER_V2_INTERFACE_CONTRACT.md:394,ppg_system_integration/PPG_IDAC_CODE_CONTROLLER_V2_INTERFACE_CONTRACT.md,394,explicit,i_track_dc_code_snapshot,text_mismatch,track_transfer = i_track_valid && o_track_ready
contracts/PPG_CONTRACT_CLOSURE_MATRIX.md,2093,ppg_system_integration/PPG_IDAC_CODE_CONTROLLER_V2_INTERFACE_CONTRACT.md:394,ppg_system_integration/PPG_IDAC_CODE_CONTROLLER_V2_INTERFACE_CONTRACT.md,394,explicit,i_track_amb_code_epoch,text_mismatch,track_transfer = i_track_valid && o_track_ready
contracts/PPG_CONTRACT_CLOSURE_MATRIX.md,2094,ppg_system_integration/PPG_IDAC_CODE_CONTROLLER_V2_INTERFACE_CONTRACT.md:394,ppg_system_integration/PPG_IDAC_CODE_CONTROLLER_V2_INTERFACE_CONTRACT.md,394,explicit,i_track_dc_code_epoch,text_mismatch,track_transfer = i_track_valid && o_track_ready
contracts/PPG_CONTRACT_CLOSURE_MATRIX.md,2095,ppg_system_integration/PPG_IDAC_CODE_CONTROLLER_V2_INTERFACE_CONTRACT.md:462,ppg_system_integration/PPG_IDAC_CODE_CONTROLLER_V2_INTERFACE_CONTRACT.md,462,explicit,i_amb_sequence_start,text_mismatch,  `C_RESET_CODE`；全部处理后置`o_startup_search_complete`；
contracts/PPG_CONTRACT_CLOSURE_MATRIX.md,2096,ppg_system_integration/PPG_IDAC_CODE_CONTROLLER_V2_INTERFACE_CONTRACT.md:441,ppg_system_integration/PPG_IDAC_CODE_CONTROLLER_V2_INTERFACE_CONTRACT.md,441,explicit,o_amb_sample_request,text_mismatch,| 0 | 码减少1 LSB | 码增加1 LSB |
contracts/PPG_CONTRACT_CLOSURE_MATRIX.md,2097,ppg_system_integration/PPG_IDAC_CODE_CONTROLLER_V2_INTERFACE_CONTRACT.md:441,ppg_system_integration/PPG_IDAC_CODE_CONTROLLER_V2_INTERFACE_CONTRACT.md,441,explicit,o_amb_sequence_busy,text_mismatch,| 0 | 码减少1 LSB | 码增加1 LSB |
contracts/PPG_CONTRACT_CLOSURE_MATRIX.md,2098,ppg_system_integration/PPG_IDAC_CODE_CONTROLLER_V2_INTERFACE_CONTRACT.md:441,ppg_system_integration/PPG_IDAC_CODE_CONTROLLER_V2_INTERFACE_CONTRACT.md,441,explicit,o_amb_sequence_done,text_mismatch,| 0 | 码减少1 LSB | 码增加1 LSB |
contracts/PPG_CONTRACT_CLOSURE_MATRIX.md,2099,ppg_system_integration/PPG_IDAC_CODE_CONTROLLER_V2_INTERFACE_CONTRACT.md:441,ppg_system_integration/PPG_IDAC_CODE_CONTROLLER_V2_INTERFACE_CONTRACT.md,441,explicit,o_amb_sequence_failed,text_mismatch,| 0 | 码减少1 LSB | 码增加1 LSB |
contracts/PPG_CONTRACT_CLOSURE_MATRIX.md,2100,ppg_system_integration/PPG_IDAC_CODE_CONTROLLER_V2_INTERFACE_CONTRACT.md:441,ppg_system_integration/PPG_IDAC_CODE_CONTROLLER_V2_INTERFACE_CONTRACT.md,441,explicit,o_dcs_sample_request,text_mismatch,| 0 | 码减少1 LSB | 码增加1 LSB |
contracts/PPG_CONTRACT_CLOSURE_MATRIX.md,2101,ppg_system_integration/PPG_IDAC_CODE_CONTROLLER_V2_INTERFACE_CONTRACT.md:441,ppg_system_integration/PPG_IDAC_CODE_CONTROLLER_V2_INTERFACE_CONTRACT.md,441,explicit,o_dcs_sample_color_ir,text_mismatch,| 0 | 码减少1 LSB | 码增加1 LSB |
contracts/PPG_CONTRACT_CLOSURE_MATRIX.md,2102,ppg_system_integration/PPG_IDAC_CODE_CONTROLLER_V2_INTERFACE_CONTRACT.md:484,ppg_system_integration/PPG_IDAC_CODE_CONTROLLER_V2_INTERFACE_CONTRACT.md,484,explicit,o_dcs_revalidate_request,text_mismatch,- 达到确认次数：从ACTIVE AMB min/max启动受限二分重搜索；
contracts/PPG_CONTRACT_CLOSURE_MATRIX.md,2103,ppg_system_integration/PPG_IDAC_CODE_CONTROLLER_V2_INTERFACE_CONTRACT.md:484,ppg_system_integration/PPG_IDAC_CODE_CONTROLLER_V2_INTERFACE_CONTRACT.md,484,explicit,i_dcs_revalidate_accept,text_mismatch,- 达到确认次数：从ACTIVE AMB min/max启动受限二分重搜索；
contracts/PPG_CONTRACT_CLOSURE_MATRIX.md,2104,ppg_system_integration/PPG_IDAC_CODE_CONTROLLER_V2_INTERFACE_CONTRACT.md:484,ppg_system_integration/PPG_IDAC_CODE_CONTROLLER_V2_INTERFACE_CONTRACT.md,484,explicit,o_dcs_revalidate_busy,text_mismatch,- 达到确认次数：从ACTIVE AMB min/max启动受限二分重搜索；
contracts/PPG_CONTRACT_CLOSURE_MATRIX.md,2105,ppg_system_integration/PPG_IDAC_CODE_CONTROLLER_V2_INTERFACE_CONTRACT.md:484,ppg_system_integration/PPG_IDAC_CODE_CONTROLLER_V2_INTERFACE_CONTRACT.md,484,explicit,o_dcs_revalidate_done,text_mismatch,- 达到确认次数：从ACTIVE AMB min/max启动受限二分重搜索；
contracts/PPG_CONTRACT_CLOSURE_MATRIX.md,2106,ppg_system_integration/PPG_IDAC_CODE_CONTROLLER_V2_INTERFACE_CONTRACT.md:484,ppg_system_integration/PPG_IDAC_CODE_CONTROLLER_V2_INTERFACE_CONTRACT.md,484,explicit,o_dcs_revalidate_failed,text_mismatch,- 达到确认次数：从ACTIVE AMB min/max启动受限二分重搜索；
contracts/PPG_CONTRACT_CLOSURE_MATRIX.md,2107,ppg_system_integration/PPG_IDAC_CODE_CONTROLLER_V2_INTERFACE_CONTRACT.md:538,ppg_system_integration/PPG_IDAC_CODE_CONTROLLER_V2_INTERFACE_CONTRACT.md,538,explicit,o_amb_code,text_mismatch,
contracts/PPG_CONTRACT_CLOSURE_MATRIX.md,2108,ppg_system_integration/PPG_IDAC_CODE_CONTROLLER_V2_INTERFACE_CONTRACT.md:538,ppg_system_integration/PPG_IDAC_CODE_CONTROLLER_V2_INTERFACE_CONTRACT.md,538,explicit,o_dcs_r_code,text_mismatch,
contracts/PPG_CONTRACT_CLOSURE_MATRIX.md,2109,ppg_system_integration/PPG_IDAC_CODE_CONTROLLER_V2_INTERFACE_CONTRACT.md:538,ppg_system_integration/PPG_IDAC_CODE_CONTROLLER_V2_INTERFACE_CONTRACT.md,538,explicit,o_dcs_ir_code,text_mismatch,
contracts/PPG_CONTRACT_CLOSURE_MATRIX.md,2110,ppg_system_integration/PPG_IDAC_CODE_CONTROLLER_V2_INTERFACE_CONTRACT.md:538,ppg_system_integration/PPG_IDAC_CODE_CONTROLLER_V2_INTERFACE_CONTRACT.md,538,explicit,o_amb_code_epoch,text_mismatch,
contracts/PPG_CONTRACT_CLOSURE_MATRIX.md,2111,ppg_system_integration/PPG_IDAC_CODE_CONTROLLER_V2_INTERFACE_CONTRACT.md:538,ppg_system_integration/PPG_IDAC_CODE_CONTROLLER_V2_INTERFACE_CONTRACT.md,538,explicit,o_dcs_r_code_epoch,text_mismatch,
contracts/PPG_CONTRACT_CLOSURE_MATRIX.md,2112,ppg_system_integration/PPG_IDAC_CODE_CONTROLLER_V2_INTERFACE_CONTRACT.md:538,ppg_system_integration/PPG_IDAC_CODE_CONTROLLER_V2_INTERFACE_CONTRACT.md,538,explicit,o_dcs_ir_code_epoch,text_mismatch,
contracts/PPG_CONTRACT_CLOSURE_MATRIX.md,2113,ppg_system_integration/PPG_IDAC_CODE_CONTROLLER_V2_INTERFACE_CONTRACT.md:538,ppg_system_integration/PPG_IDAC_CODE_CONTROLLER_V2_INTERFACE_CONTRACT.md,538,explicit,o_amb_code_update,text_mismatch,
contracts/PPG_CONTRACT_CLOSURE_MATRIX.md,2114,ppg_system_integration/PPG_IDAC_CODE_CONTROLLER_V2_INTERFACE_CONTRACT.md:538,ppg_system_integration/PPG_IDAC_CODE_CONTROLLER_V2_INTERFACE_CONTRACT.md,538,explicit,o_dcs_r_code_update,text_mismatch,
contracts/PPG_CONTRACT_CLOSURE_MATRIX.md,2115,ppg_system_integration/PPG_IDAC_CODE_CONTROLLER_V2_INTERFACE_CONTRACT.md:538,ppg_system_integration/PPG_IDAC_CODE_CONTROLLER_V2_INTERFACE_CONTRACT.md,538,explicit,o_dcs_ir_code_update,text_mismatch,
contracts/PPG_CONTRACT_CLOSURE_MATRIX.md,2116,ppg_system_integration/PPG_IDAC_CODE_CONTROLLER_V2_INTERFACE_CONTRACT.md:538,ppg_system_integration/PPG_IDAC_CODE_CONTROLLER_V2_INTERFACE_CONTRACT.md,538,explicit,o_dcs_r_track_adjust,text_mismatch,
contracts/PPG_CONTRACT_CLOSURE_MATRIX.md,2117,ppg_system_integration/PPG_IDAC_CODE_CONTROLLER_V2_INTERFACE_CONTRACT.md:538,ppg_system_integration/PPG_IDAC_CODE_CONTROLLER_V2_INTERFACE_CONTRACT.md,538,explicit,o_dcs_ir_track_adjust,text_mismatch,
contracts/PPG_CONTRACT_CLOSURE_MATRIX.md,2118,ppg_system_integration/PPG_IDAC_CODE_CONTROLLER_V2_INTERFACE_CONTRACT.md:543,ppg_system_integration/PPG_IDAC_CODE_CONTROLLER_V2_INTERFACE_CONTRACT.md,543,explicit,o_amb_search_done,text_mismatch,
contracts/PPG_CONTRACT_CLOSURE_MATRIX.md,2119,ppg_system_integration/PPG_IDAC_CODE_CONTROLLER_V2_INTERFACE_CONTRACT.md:543,ppg_system_integration/PPG_IDAC_CODE_CONTROLLER_V2_INTERFACE_CONTRACT.md,543,explicit,o_dcs_r_search_done,text_mismatch,
contracts/PPG_CONTRACT_CLOSURE_MATRIX.md,2120,ppg_system_integration/PPG_IDAC_CODE_CONTROLLER_V2_INTERFACE_CONTRACT.md:543,ppg_system_integration/PPG_IDAC_CODE_CONTROLLER_V2_INTERFACE_CONTRACT.md,543,explicit,o_dcs_ir_search_done,text_mismatch,
contracts/PPG_CONTRACT_CLOSURE_MATRIX.md,2121,ppg_system_integration/PPG_IDAC_CODE_CONTROLLER_V2_INTERFACE_CONTRACT.md:543,ppg_system_integration/PPG_IDAC_CODE_CONTROLLER_V2_INTERFACE_CONTRACT.md,543,explicit,o_amb_search_exhausted,text_mismatch,
contracts/PPG_CONTRACT_CLOSURE_MATRIX.md,2122,ppg_system_integration/PPG_IDAC_CODE_CONTROLLER_V2_INTERFACE_CONTRACT.md:543,ppg_system_integration/PPG_IDAC_CODE_CONTROLLER_V2_INTERFACE_CONTRACT.md,543,explicit,o_dcs_r_search_exhausted,text_mismatch,
contracts/PPG_CONTRACT_CLOSURE_MATRIX.md,2123,ppg_system_integration/PPG_IDAC_CODE_CONTROLLER_V2_INTERFACE_CONTRACT.md:543,ppg_system_integration/PPG_IDAC_CODE_CONTROLLER_V2_INTERFACE_CONTRACT.md,543,explicit,o_dcs_ir_search_exhausted,text_mismatch,
contracts/PPG_CONTRACT_CLOSURE_MATRIX.md,2124,ppg_system_integration/PPG_IDAC_CODE_CONTROLLER_V2_INTERFACE_CONTRACT.md:543,ppg_system_integration/PPG_IDAC_CODE_CONTROLLER_V2_INTERFACE_CONTRACT.md,543,explicit,o_amb_pending_valid,text_mismatch,
contracts/PPG_CONTRACT_CLOSURE_MATRIX.md,2125,ppg_system_integration/PPG_IDAC_CODE_CONTROLLER_V2_INTERFACE_CONTRACT.md:543,ppg_system_integration/PPG_IDAC_CODE_CONTROLLER_V2_INTERFACE_CONTRACT.md,543,explicit,o_dcs_r_pending_valid,text_mismatch,
contracts/PPG_CONTRACT_CLOSURE_MATRIX.md,2126,ppg_system_integration/PPG_IDAC_CODE_CONTROLLER_V2_INTERFACE_CONTRACT.md:543,ppg_system_integration/PPG_IDAC_CODE_CONTROLLER_V2_INTERFACE_CONTRACT.md,543,explicit,o_dcs_ir_pending_valid,text_mismatch,
contracts/PPG_CONTRACT_CLOSURE_MATRIX.md,2127,ppg_system_integration/PPG_IDAC_CODE_CONTROLLER_V2_INTERFACE_CONTRACT.md:543,ppg_system_integration/PPG_IDAC_CODE_CONTROLLER_V2_INTERFACE_CONTRACT.md,543,explicit,o_amb_code_at_min,text_mismatch,
contracts/PPG_CONTRACT_CLOSURE_MATRIX.md,2128,ppg_system_integration/PPG_IDAC_CODE_CONTROLLER_V2_INTERFACE_CONTRACT.md:543,ppg_system_integration/PPG_IDAC_CODE_CONTROLLER_V2_INTERFACE_CONTRACT.md,543,explicit,o_amb_code_at_max,text_mismatch,
contracts/PPG_CONTRACT_CLOSURE_MATRIX.md,2129,ppg_system_integration/PPG_IDAC_CODE_CONTROLLER_V2_INTERFACE_CONTRACT.md:543,ppg_system_integration/PPG_IDAC_CODE_CONTROLLER_V2_INTERFACE_CONTRACT.md,543,explicit,o_dcs_r_code_at_min,text_mismatch,
contracts/PPG_CONTRACT_CLOSURE_MATRIX.md,2130,ppg_system_integration/PPG_IDAC_CODE_CONTROLLER_V2_INTERFACE_CONTRACT.md:543,ppg_system_integration/PPG_IDAC_CODE_CONTROLLER_V2_INTERFACE_CONTRACT.md,543,explicit,o_dcs_r_code_at_max,text_mismatch,
contracts/PPG_CONTRACT_CLOSURE_MATRIX.md,2131,ppg_system_integration/PPG_IDAC_CODE_CONTROLLER_V2_INTERFACE_CONTRACT.md:543,ppg_system_integration/PPG_IDAC_CODE_CONTROLLER_V2_INTERFACE_CONTRACT.md,543,explicit,o_dcs_ir_code_at_min,text_mismatch,
contracts/PPG_CONTRACT_CLOSURE_MATRIX.md,2132,ppg_system_integration/PPG_IDAC_CODE_CONTROLLER_V2_INTERFACE_CONTRACT.md:543,ppg_system_integration/PPG_IDAC_CODE_CONTROLLER_V2_INTERFACE_CONTRACT.md,543,explicit,o_dcs_ir_code_at_max,text_mismatch,
contracts/PPG_CONTRACT_CLOSURE_MATRIX.md,2133,ppg_system_integration/PPG_IDAC_CODE_CONTROLLER_V2_INTERFACE_CONTRACT.md:552,ppg_system_integration/PPG_IDAC_CODE_CONTROLLER_V2_INTERFACE_CONTRACT.md,552,explicit,o_amb_fault,text_mismatch,  禁用路径不伪装为search done；
contracts/PPG_CONTRACT_CLOSURE_MATRIX.md,2134,ppg_system_integration/PPG_IDAC_CODE_CONTROLLER_V2_INTERFACE_CONTRACT.md:552,ppg_system_integration/PPG_IDAC_CODE_CONTROLLER_V2_INTERFACE_CONTRACT.md,552,explicit,o_dcs_r_fault,text_mismatch,  禁用路径不伪装为search done；
contracts/PPG_CONTRACT_CLOSURE_MATRIX.md,2135,ppg_system_integration/PPG_IDAC_CODE_CONTROLLER_V2_INTERFACE_CONTRACT.md:552,ppg_system_integration/PPG_IDAC_CODE_CONTROLLER_V2_INTERFACE_CONTRACT.md,552,explicit,o_dcs_ir_fault,text_mismatch,  禁用路径不伪装为search done；
contracts/PPG_CONTRACT_CLOSURE_MATRIX.md,2136,ppg_system_integration/PPG_IDAC_CODE_CONTROLLER_V2_INTERFACE_CONTRACT.md:552,ppg_system_integration/PPG_IDAC_CODE_CONTROLLER_V2_INTERFACE_CONTRACT.md,552,explicit,o_controller_fault_blocking,text_mismatch,  禁用路径不伪装为search done；
contracts/PPG_CONTRACT_CLOSURE_MATRIX.md,2137,ppg_system_integration/PPG_IDAC_CODE_CONTROLLER_V2_INTERFACE_CONTRACT.md:552,ppg_system_integration/PPG_IDAC_CODE_CONTROLLER_V2_INTERFACE_CONTRACT.md,552,explicit,o_controller_fault_event,text_mismatch,  禁用路径不伪装为search done；
contracts/PPG_CONTRACT_CLOSURE_MATRIX.md,2138,ppg_system_integration/PPG_IDAC_CODE_CONTROLLER_V2_INTERFACE_CONTRACT.md:552,ppg_system_integration/PPG_IDAC_CODE_CONTROLLER_V2_INTERFACE_CONTRACT.md,552,explicit,o_controller_fault_identity_valid,text_mismatch,  禁用路径不伪装为search done；
contracts/PPG_CONTRACT_CLOSURE_MATRIX.md,2139,ppg_system_integration/PPG_IDAC_CODE_CONTROLLER_V2_INTERFACE_CONTRACT.md:552,ppg_system_integration/PPG_IDAC_CODE_CONTROLLER_V2_INTERFACE_CONTRACT.md,552,explicit,o_controller_fault_frame_id,text_mismatch,  禁用路径不伪装为search done；
contracts/PPG_CONTRACT_CLOSURE_MATRIX.md,2140,ppg_system_integration/PPG_IDAC_CODE_CONTROLLER_V2_INTERFACE_CONTRACT.md:552,ppg_system_integration/PPG_IDAC_CODE_CONTROLLER_V2_INTERFACE_CONTRACT.md,552,explicit,o_controller_fault_sample_index,text_mismatch,  禁用路径不伪装为search done；
contracts/PPG_CONTRACT_CLOSURE_MATRIX.md,2141,ppg_system_integration/PPG_IDAC_CODE_CONTROLLER_V2_INTERFACE_CONTRACT.md:552,ppg_system_integration/PPG_IDAC_CODE_CONTROLLER_V2_INTERFACE_CONTRACT.md,552,explicit,o_controller_fault_color_ir,text_mismatch,  禁用路径不伪装为search done；
contracts/PPG_CONTRACT_CLOSURE_MATRIX.md,2142,ppg_system_integration/PPG_IDAC_CODE_CONTROLLER_V2_INTERFACE_CONTRACT.md:552,ppg_system_integration/PPG_IDAC_CODE_CONTROLLER_V2_INTERFACE_CONTRACT.md,552,explicit,o_controller_fault_frame_type,text_mismatch,  禁用路径不伪装为search done；
contracts/PPG_CONTRACT_CLOSURE_MATRIX.md,2143,ppg_system_integration/PPG_IDAC_CODE_CONTROLLER_V2_INTERFACE_CONTRACT.md:552,ppg_system_integration/PPG_IDAC_CODE_CONTROLLER_V2_INTERFACE_CONTRACT.md,552,explicit,o_controller_fault_precision,text_mismatch,  禁用路径不伪装为search done；
contracts/PPG_CONTRACT_CLOSURE_MATRIX.md,2144,ppg_system_integration/PPG_IDAC_CODE_CONTROLLER_V2_INTERFACE_CONTRACT.md:552,ppg_system_integration/PPG_IDAC_CODE_CONTROLLER_V2_INTERFACE_CONTRACT.md,552,explicit,o_controller_fault_run_generation,text_mismatch,  禁用路径不伪装为search done；
contracts/PPG_CONTRACT_CLOSURE_MATRIX.md,2145,ppg_system_integration/PPG_IDAC_CODE_CONTROLLER_V2_INTERFACE_CONTRACT.md:564,ppg_system_integration/PPG_IDAC_CODE_CONTROLLER_V2_INTERFACE_CONTRACT.md,564,explicit,o_protocol_error_sticky,text_mismatch,  错误样本被消费并忽略，不自动改变committed码；
contracts/PPG_CONTRACT_CLOSURE_MATRIX.md,2146,ppg_system_integration/PPG_IDAC_CODE_CONTROLLER_V2_INTERFACE_CONTRACT.md:564,ppg_system_integration/PPG_IDAC_CODE_CONTROLLER_V2_INTERFACE_CONTRACT.md,564,explicit,o_startup_search_complete,text_mismatch,  错误样本被消费并忽略，不自动改变committed码；
contracts/PPG_CONTRACT_CLOSURE_MATRIX.md,2147,ppg_system_integration/PPG_IDAC_CODE_CONTROLLER_V2_INTERFACE_CONTRACT.md:564,ppg_system_integration/PPG_IDAC_CODE_CONTROLLER_V2_INTERFACE_CONTRACT.md,564,explicit,o_idac_idle,text_mismatch,  错误样本被消费并忽略，不自动改变committed码；
contracts/PPG_CONTRACT_CLOSURE_MATRIX.md,2148,ppg_system_integration/PPG_NORMAL_FORK_IDAC_TRACKING_AMB_RECHECK_INTERFACE_CONTRACT.md:396,ppg_system_integration/PPG_NORMAL_FORK_IDAC_TRACKING_AMB_RECHECK_INTERFACE_CONTRACT.md,396,explicit,i_clk,text_mismatch,## 9. AMB周期重检合同
contracts/PPG_CONTRACT_CLOSURE_MATRIX.md,2149,ppg_system_integration/PPG_NORMAL_FORK_IDAC_TRACKING_AMB_RECHECK_INTERFACE_CONTRACT.md:396,ppg_system_integration/PPG_NORMAL_FORK_IDAC_TRACKING_AMB_RECHECK_INTERFACE_CONTRACT.md,396,explicit,i_rstn,text_mismatch,## 9. AMB周期重检合同
contracts/PPG_CONTRACT_CLOSURE_MATRIX.md,2150,ppg_system_integration/PPG_NORMAL_FORK_IDAC_TRACKING_AMB_RECHECK_INTERFACE_CONTRACT.md:398,ppg_system_integration/PPG_NORMAL_FORK_IDAC_TRACKING_AMB_RECHECK_INTERFACE_CONTRACT.md,398,explicit,i_run_enable,text_mismatch,### 9.1 启用条件
contracts/PPG_CONTRACT_CLOSURE_MATRIX.md,2151,ppg_system_integration/PPG_NORMAL_FORK_IDAC_TRACKING_AMB_RECHECK_INTERFACE_CONTRACT.md:398,ppg_system_integration/PPG_NORMAL_FORK_IDAC_TRACKING_AMB_RECHECK_INTERFACE_CONTRACT.md,398,explicit,i_start_ack_event,text_mismatch,### 9.1 启用条件
contracts/PPG_CONTRACT_CLOSURE_MATRIX.md,2152,ppg_system_integration/PPG_NORMAL_FORK_IDAC_TRACKING_AMB_RECHECK_INTERFACE_CONTRACT.md:398,ppg_system_integration/PPG_NORMAL_FORK_IDAC_TRACKING_AMB_RECHECK_INTERFACE_CONTRACT.md,398,explicit,i_stop_ack_event,text_mismatch,### 9.1 启用条件
contracts/PPG_CONTRACT_CLOSURE_MATRIX.md,2153,ppg_system_integration/PPG_NORMAL_FORK_IDAC_TRACKING_AMB_RECHECK_INTERFACE_CONTRACT.md:398,ppg_system_integration/PPG_NORMAL_FORK_IDAC_TRACKING_AMB_RECHECK_INTERFACE_CONTRACT.md,398,explicit,i_control_abort_event,text_mismatch,### 9.1 启用条件
contracts/PPG_CONTRACT_CLOSURE_MATRIX.md,2154,ppg_system_integration/PPG_NORMAL_FORK_IDAC_TRACKING_AMB_RECHECK_INTERFACE_CONTRACT.md:398,ppg_system_integration/PPG_NORMAL_FORK_IDAC_TRACKING_AMB_RECHECK_INTERFACE_CONTRACT.md,398,explicit,i_idac_mode,text_mismatch,### 9.1 启用条件
contracts/PPG_CONTRACT_CLOSURE_MATRIX.md,2155,ppg_system_integration/PPG_NORMAL_FORK_IDAC_TRACKING_AMB_RECHECK_INTERFACE_CONTRACT.md:398,ppg_system_integration/PPG_NORMAL_FORK_IDAC_TRACKING_AMB_RECHECK_INTERFACE_CONTRACT.md,398,explicit,i_amb_enable,text_mismatch,### 9.1 启用条件
contracts/PPG_CONTRACT_CLOSURE_MATRIX.md,2156,ppg_system_integration/PPG_NORMAL_FORK_IDAC_TRACKING_AMB_RECHECK_INTERFACE_CONTRACT.md:398,ppg_system_integration/PPG_NORMAL_FORK_IDAC_TRACKING_AMB_RECHECK_INTERFACE_CONTRACT.md,398,explicit,i_dcs_enable,text_mismatch,### 9.1 启用条件
contracts/PPG_CONTRACT_CLOSURE_MATRIX.md,2157,ppg_system_integration/PPG_NORMAL_FORK_IDAC_TRACKING_AMB_RECHECK_INTERFACE_CONTRACT.md:499,ppg_system_integration/PPG_NORMAL_FORK_IDAC_TRACKING_AMB_RECHECK_INTERFACE_CONTRACT.md,499,explicit,i_amb_recheck_interval_frames,text_mismatch,### 9.7 默认间隔
contracts/PPG_CONTRACT_CLOSURE_MATRIX.md,2158,ppg_system_integration/PPG_NORMAL_FORK_IDAC_TRACKING_AMB_RECHECK_INTERFACE_CONTRACT.md:413,ppg_system_integration/PPG_NORMAL_FORK_IDAC_TRACKING_AMB_RECHECK_INTERFACE_CONTRACT.md,413,explicit,i_startup_search_complete,text_mismatch,### 9.2 帧计数
contracts/PPG_CONTRACT_CLOSURE_MATRIX.md,2159,ppg_system_integration/PPG_NORMAL_FORK_IDAC_TRACKING_AMB_RECHECK_INTERFACE_CONTRACT.md:413,ppg_system_integration/PPG_NORMAL_FORK_IDAC_TRACKING_AMB_RECHECK_INTERFACE_CONTRACT.md,413,explicit,i_normal_measurement_active,text_mismatch,### 9.2 帧计数
contracts/PPG_CONTRACT_CLOSURE_MATRIX.md,2160,ppg_system_integration/PPG_NORMAL_FORK_IDAC_TRACKING_AMB_RECHECK_INTERFACE_CONTRACT.md:413,ppg_system_integration/PPG_NORMAL_FORK_IDAC_TRACKING_AMB_RECHECK_INTERFACE_CONTRACT.md,413,explicit,i_normal_frame_complete_event,text_mismatch,### 9.2 帧计数
contracts/PPG_CONTRACT_CLOSURE_MATRIX.md,2161,ppg_system_integration/PPG_NORMAL_FORK_IDAC_TRACKING_AMB_RECHECK_INTERFACE_CONTRACT.md:434,ppg_system_integration/PPG_NORMAL_FORK_IDAC_TRACKING_AMB_RECHECK_INTERFACE_CONTRACT.md,434,explicit,i_precision_15_to_9_event,text_mismatch,### 9.3 调度与控制器握手
contracts/PPG_CONTRACT_CLOSURE_MATRIX.md,2162,ppg_system_integration/PPG_NORMAL_FORK_IDAC_TRACKING_AMB_RECHECK_INTERFACE_CONTRACT.md:434,ppg_system_integration/PPG_NORMAL_FORK_IDAC_TRACKING_AMB_RECHECK_INTERFACE_CONTRACT.md,434,explicit,i_precision_takeover_safe,text_mismatch,### 9.3 调度与控制器握手
contracts/PPG_CONTRACT_CLOSURE_MATRIX.md,2163,ppg_system_integration/PPG_NORMAL_FORK_IDAC_TRACKING_AMB_RECHECK_INTERFACE_CONTRACT.md:434,ppg_system_integration/PPG_NORMAL_FORK_IDAC_TRACKING_AMB_RECHECK_INTERFACE_CONTRACT.md,434,explicit,i_normal_fork_idle,text_mismatch,### 9.3 调度与控制器握手
contracts/PPG_CONTRACT_CLOSURE_MATRIX.md,2164,ppg_system_integration/PPG_NORMAL_FORK_IDAC_TRACKING_AMB_RECHECK_INTERFACE_CONTRACT.md:434,ppg_system_integration/PPG_NORMAL_FORK_IDAC_TRACKING_AMB_RECHECK_INTERFACE_CONTRACT.md,434,explicit,i_idac_idle,text_mismatch,### 9.3 调度与控制器握手
contracts/PPG_CONTRACT_CLOSURE_MATRIX.md,2165,ppg_system_integration/PPG_NORMAL_FORK_IDAC_TRACKING_AMB_RECHECK_INTERFACE_CONTRACT.md:434,ppg_system_integration/PPG_NORMAL_FORK_IDAC_TRACKING_AMB_RECHECK_INTERFACE_CONTRACT.md,434,explicit,i_fir_idle,text_mismatch,### 9.3 调度与控制器握手
contracts/PPG_CONTRACT_CLOSURE_MATRIX.md,2166,ppg_system_integration/PPG_NORMAL_FORK_IDAC_TRACKING_AMB_RECHECK_INTERFACE_CONTRACT.md:434,ppg_system_integration/PPG_NORMAL_FORK_IDAC_TRACKING_AMB_RECHECK_INTERFACE_CONTRACT.md,434,explicit,i_peak_valley_idle,text_mismatch,### 9.3 调度与控制器握手
contracts/PPG_CONTRACT_CLOSURE_MATRIX.md,2167,ppg_system_integration/PPG_NORMAL_FORK_IDAC_TRACKING_AMB_RECHECK_INTERFACE_CONTRACT.md:434,ppg_system_integration/PPG_NORMAL_FORK_IDAC_TRACKING_AMB_RECHECK_INTERFACE_CONTRACT.md,434,explicit,i_frame_safe_boundary,text_mismatch,### 9.3 调度与控制器握手
contracts/PPG_CONTRACT_CLOSURE_MATRIX.md,2168,ppg_system_integration/PPG_NORMAL_FORK_IDAC_TRACKING_AMB_RECHECK_INTERFACE_CONTRACT.md:455,ppg_system_integration/PPG_NORMAL_FORK_IDAC_TRACKING_AMB_RECHECK_INTERFACE_CONTRACT.md,455,explicit,i_calibration_frame_complete_event,text_mismatch,### 9.4 周期检查序列
contracts/PPG_CONTRACT_CLOSURE_MATRIX.md,2169,ppg_system_integration/PPG_NORMAL_FORK_IDAC_TRACKING_AMB_RECHECK_INTERFACE_CONTRACT.md:455,ppg_system_integration/PPG_NORMAL_FORK_IDAC_TRACKING_AMB_RECHECK_INTERFACE_CONTRACT.md,455,explicit,i_amb_sample_request,text_mismatch,### 9.4 周期检查序列
contracts/PPG_CONTRACT_CLOSURE_MATRIX.md,2170,ppg_system_integration/PPG_NORMAL_FORK_IDAC_TRACKING_AMB_RECHECK_INTERFACE_CONTRACT.md:455,ppg_system_integration/PPG_NORMAL_FORK_IDAC_TRACKING_AMB_RECHECK_INTERFACE_CONTRACT.md,455,explicit,i_amb_sequence_done,text_mismatch,### 9.4 周期检查序列
contracts/PPG_CONTRACT_CLOSURE_MATRIX.md,2171,ppg_system_integration/PPG_NORMAL_FORK_IDAC_TRACKING_AMB_RECHECK_INTERFACE_CONTRACT.md:455,ppg_system_integration/PPG_NORMAL_FORK_IDAC_TRACKING_AMB_RECHECK_INTERFACE_CONTRACT.md,455,explicit,i_amb_sequence_failed,text_mismatch,### 9.4 周期检查序列
contracts/PPG_CONTRACT_CLOSURE_MATRIX.md,2172,ppg_system_integration/PPG_NORMAL_FORK_IDAC_TRACKING_AMB_RECHECK_INTERFACE_CONTRACT.md:489,ppg_system_integration/PPG_NORMAL_FORK_IDAC_TRACKING_AMB_RECHECK_INTERFACE_CONTRACT.md,489,explicit,i_dcs_revalidate_request,text_mismatch,1. 产生`dcs_revalidate_request`；
contracts/PPG_CONTRACT_CLOSURE_MATRIX.md,2173,ppg_system_integration/PPG_NORMAL_FORK_IDAC_TRACKING_AMB_RECHECK_INTERFACE_CONTRACT.md:455,ppg_system_integration/PPG_NORMAL_FORK_IDAC_TRACKING_AMB_RECHECK_INTERFACE_CONTRACT.md,455,explicit,i_dcs_sample_request,text_mismatch,### 9.4 周期检查序列
contracts/PPG_CONTRACT_CLOSURE_MATRIX.md,2174,ppg_system_integration/PPG_NORMAL_FORK_IDAC_TRACKING_AMB_RECHECK_INTERFACE_CONTRACT.md:455,ppg_system_integration/PPG_NORMAL_FORK_IDAC_TRACKING_AMB_RECHECK_INTERFACE_CONTRACT.md,455,explicit,i_dcs_sample_color_ir,text_mismatch,### 9.4 周期检查序列
contracts/PPG_CONTRACT_CLOSURE_MATRIX.md,2175,ppg_system_integration/PPG_NORMAL_FORK_IDAC_TRACKING_AMB_RECHECK_INTERFACE_CONTRACT.md:489,ppg_system_integration/PPG_NORMAL_FORK_IDAC_TRACKING_AMB_RECHECK_INTERFACE_CONTRACT.md,489,explicit,i_dcs_revalidate_done,text_mismatch,1. 产生`dcs_revalidate_request`；
contracts/PPG_CONTRACT_CLOSURE_MATRIX.md,2176,ppg_system_integration/PPG_NORMAL_FORK_IDAC_TRACKING_AMB_RECHECK_INTERFACE_CONTRACT.md:489,ppg_system_integration/PPG_NORMAL_FORK_IDAC_TRACKING_AMB_RECHECK_INTERFACE_CONTRACT.md,489,explicit,i_dcs_revalidate_failed,text_mismatch,1. 产生`dcs_revalidate_request`；
contracts/PPG_CONTRACT_CLOSURE_MATRIX.md,2177,ppg_system_integration/PPG_NORMAL_FORK_IDAC_TRACKING_AMB_RECHECK_INTERFACE_CONTRACT.md:455,ppg_system_integration/PPG_NORMAL_FORK_IDAC_TRACKING_AMB_RECHECK_INTERFACE_CONTRACT.md,455,explicit,i_amb_sample_accepted_event,text_mismatch,### 9.4 周期检查序列
contracts/PPG_CONTRACT_CLOSURE_MATRIX.md,2178,ppg_system_integration/PPG_NORMAL_FORK_IDAC_TRACKING_AMB_RECHECK_INTERFACE_CONTRACT.md:455,ppg_system_integration/PPG_NORMAL_FORK_IDAC_TRACKING_AMB_RECHECK_INTERFACE_CONTRACT.md,455,explicit,i_dcs_sample_accepted_event,text_mismatch,### 9.4 周期检查序列
contracts/PPG_CONTRACT_CLOSURE_MATRIX.md,2179,ppg_system_integration/PPG_NORMAL_FORK_IDAC_TRACKING_AMB_RECHECK_INTERFACE_CONTRACT.md:467,ppg_system_integration/PPG_NORMAL_FORK_IDAC_TRACKING_AMB_RECHECK_INTERFACE_CONTRACT.md,467,explicit,o_amb_sequence_start,text_mismatch,
contracts/PPG_CONTRACT_CLOSURE_MATRIX.md,2180,ppg_system_integration/PPG_NORMAL_FORK_IDAC_TRACKING_AMB_RECHECK_INTERFACE_CONTRACT.md:489,ppg_system_integration/PPG_NORMAL_FORK_IDAC_TRACKING_AMB_RECHECK_INTERFACE_CONTRACT.md,489,explicit,o_dcs_revalidate_accept,text_mismatch,1. 产生`dcs_revalidate_request`；
contracts/PPG_CONTRACT_CLOSURE_MATRIX.md,2181,ppg_system_integration/PPG_NORMAL_FORK_IDAC_TRACKING_AMB_RECHECK_INTERFACE_CONTRACT.md:434,ppg_system_integration/PPG_NORMAL_FORK_IDAC_TRACKING_AMB_RECHECK_INTERFACE_CONTRACT.md,434,explicit,i_calibration_sample_ready,text_mismatch,### 9.3 调度与控制器握手
contracts/PPG_CONTRACT_CLOSURE_MATRIX.md,2182,ppg_system_integration/PPG_NORMAL_FORK_IDAC_TRACKING_AMB_RECHECK_INTERFACE_CONTRACT.md:434,ppg_system_integration/PPG_NORMAL_FORK_IDAC_TRACKING_AMB_RECHECK_INTERFACE_CONTRACT.md,434,explicit,o_calibration_sample_valid,text_mismatch,### 9.3 调度与控制器握手
contracts/PPG_CONTRACT_CLOSURE_MATRIX.md,2183,ppg_system_integration/PPG_NORMAL_FORK_IDAC_TRACKING_AMB_RECHECK_INTERFACE_CONTRACT.md:434,ppg_system_integration/PPG_NORMAL_FORK_IDAC_TRACKING_AMB_RECHECK_INTERFACE_CONTRACT.md,434,explicit,o_calibration_frame_type,text_mismatch,### 9.3 调度与控制器握手
contracts/PPG_CONTRACT_CLOSURE_MATRIX.md,2184,ppg_system_integration/PPG_NORMAL_FORK_IDAC_TRACKING_AMB_RECHECK_INTERFACE_CONTRACT.md:434,ppg_system_integration/PPG_NORMAL_FORK_IDAC_TRACKING_AMB_RECHECK_INTERFACE_CONTRACT.md,434,explicit,o_calibration_color_ir,text_mismatch,### 9.3 调度与控制器握手
contracts/PPG_CONTRACT_CLOSURE_MATRIX.md,2185,ppg_system_integration/PPG_NORMAL_FORK_IDAC_TRACKING_AMB_RECHECK_INTERFACE_CONTRACT.md:434,ppg_system_integration/PPG_NORMAL_FORK_IDAC_TRACKING_AMB_RECHECK_INTERFACE_CONTRACT.md,434,explicit,o_calibration_precision_mode,text_mismatch,### 9.3 调度与控制器握手
contracts/PPG_CONTRACT_CLOSURE_MATRIX.md,2186,ppg_system_integration/PPG_NORMAL_FORK_IDAC_TRACKING_AMB_RECHECK_INTERFACE_CONTRACT.md:455,ppg_system_integration/PPG_NORMAL_FORK_IDAC_TRACKING_AMB_RECHECK_INTERFACE_CONTRACT.md,455,explicit,o_calibration_frame_start,text_mismatch,### 9.4 周期检查序列
contracts/PPG_CONTRACT_CLOSURE_MATRIX.md,2187,ppg_system_integration/PPG_NORMAL_FORK_IDAC_TRACKING_AMB_RECHECK_INTERFACE_CONTRACT.md:455,ppg_system_integration/PPG_NORMAL_FORK_IDAC_TRACKING_AMB_RECHECK_INTERFACE_CONTRACT.md,455,explicit,o_calibration_stage,text_mismatch,### 9.4 周期检查序列
contracts/PPG_CONTRACT_CLOSURE_MATRIX.md,2188,ppg_system_integration/PPG_NORMAL_FORK_IDAC_TRACKING_AMB_RECHECK_INTERFACE_CONTRACT.md:413,ppg_system_integration/PPG_NORMAL_FORK_IDAC_TRACKING_AMB_RECHECK_INTERFACE_CONTRACT.md,413,explicit,o_normal_frame_count,text_mismatch,### 9.2 帧计数
contracts/PPG_CONTRACT_CLOSURE_MATRIX.md,2189,ppg_system_integration/PPG_NORMAL_FORK_IDAC_TRACKING_AMB_RECHECK_INTERFACE_CONTRACT.md:413,ppg_system_integration/PPG_NORMAL_FORK_IDAC_TRACKING_AMB_RECHECK_INTERFACE_CONTRACT.md,413,explicit,o_amb_recheck_pending,text_mismatch,### 9.2 帧计数
contracts/PPG_CONTRACT_CLOSURE_MATRIX.md,2190,ppg_system_integration/PPG_NORMAL_FORK_IDAC_TRACKING_AMB_RECHECK_INTERFACE_CONTRACT.md:467,ppg_system_integration/PPG_NORMAL_FORK_IDAC_TRACKING_AMB_RECHECK_INTERFACE_CONTRACT.md,467,explicit,o_amb_recheck_accept,text_mismatch,
contracts/PPG_CONTRACT_CLOSURE_MATRIX.md,2191,ppg_system_integration/PPG_NORMAL_FORK_IDAC_TRACKING_AMB_RECHECK_INTERFACE_CONTRACT.md:413,ppg_system_integration/PPG_NORMAL_FORK_IDAC_TRACKING_AMB_RECHECK_INTERFACE_CONTRACT.md,413,explicit,o_amb_recheck_busy,text_mismatch,### 9.2 帧计数
contracts/PPG_CONTRACT_CLOSURE_MATRIX.md,2192,ppg_system_integration/PPG_NORMAL_FORK_IDAC_TRACKING_AMB_RECHECK_INTERFACE_CONTRACT.md:413,ppg_system_integration/PPG_NORMAL_FORK_IDAC_TRACKING_AMB_RECHECK_INTERFACE_CONTRACT.md,413,explicit,o_normal_output_inhibit,text_mismatch,### 9.2 帧计数
contracts/PPG_CONTRACT_CLOSURE_MATRIX.md,2193,ppg_system_integration/PPG_NORMAL_FORK_IDAC_TRACKING_AMB_RECHECK_INTERFACE_CONTRACT.md:471,ppg_system_integration/PPG_NORMAL_FORK_IDAC_TRACKING_AMB_RECHECK_INTERFACE_CONTRACT.md,471,explicit,o_sequence_done,text_mismatch,### 9.5 检查结果
contracts/PPG_CONTRACT_CLOSURE_MATRIX.md,2194,ppg_system_integration/PPG_NORMAL_FORK_IDAC_TRACKING_AMB_RECHECK_INTERFACE_CONTRACT.md:471,ppg_system_integration/PPG_NORMAL_FORK_IDAC_TRACKING_AMB_RECHECK_INTERFACE_CONTRACT.md,471,explicit,o_sequence_failed,text_mismatch,### 9.5 检查结果
contracts/PPG_CONTRACT_CLOSURE_MATRIX.md,2195,ppg_system_integration/PPG_NORMAL_FORK_IDAC_TRACKING_AMB_RECHECK_INTERFACE_CONTRACT.md:396,ppg_system_integration/PPG_NORMAL_FORK_IDAC_TRACKING_AMB_RECHECK_INTERFACE_CONTRACT.md,396,explicit,o_scheduler_idle,text_mismatch,## 9. AMB周期重检合同
contracts/PPG_CONTRACT_CLOSURE_MATRIX.md,2196,ppg_system_integration/PPG_ADC_MEASUREMENT_AND_IDAC_INTEGRATION_WRAPPER_INTERFACE_CONTRACT.md:537,ppg_system_integration/PPG_ADC_MEASUREMENT_AND_IDAC_INTEGRATION_WRAPPER_INTERFACE_CONTRACT.md,537,explicit,i_idac_mode,text_mismatch,### 6.8 配置输入
contracts/PPG_CONTRACT_CLOSURE_MATRIX.md,2197,ppg_system_integration/PPG_ADC_MEASUREMENT_AND_IDAC_INTEGRATION_WRAPPER_INTERFACE_CONTRACT.md:537,ppg_system_integration/PPG_ADC_MEASUREMENT_AND_IDAC_INTEGRATION_WRAPPER_INTERFACE_CONTRACT.md,537,explicit,i_amb_enable,text_mismatch,### 6.8 配置输入
contracts/PPG_CONTRACT_CLOSURE_MATRIX.md,2198,ppg_system_integration/PPG_ADC_MEASUREMENT_AND_IDAC_INTEGRATION_WRAPPER_INTERFACE_CONTRACT.md:537,ppg_system_integration/PPG_ADC_MEASUREMENT_AND_IDAC_INTEGRATION_WRAPPER_INTERFACE_CONTRACT.md,537,explicit,i_dcs_enable,text_mismatch,### 6.8 配置输入
contracts/PPG_CONTRACT_CLOSURE_MATRIX.md,2199,ppg_system_integration/PPG_ADC_MEASUREMENT_AND_IDAC_INTEGRATION_WRAPPER_INTERFACE_CONTRACT.md:537,ppg_system_integration/PPG_ADC_MEASUREMENT_AND_IDAC_INTEGRATION_WRAPPER_INTERFACE_CONTRACT.md,537,explicit,i_amb_polarity,text_mismatch,### 6.8 配置输入
contracts/PPG_CONTRACT_CLOSURE_MATRIX.md,2200,ppg_system_integration/PPG_ADC_MEASUREMENT_AND_IDAC_INTEGRATION_WRAPPER_INTERFACE_CONTRACT.md:537,ppg_system_integration/PPG_ADC_MEASUREMENT_AND_IDAC_INTEGRATION_WRAPPER_INTERFACE_CONTRACT.md,537,explicit,i_dcs_polarity,text_mismatch,### 6.8 配置输入
contracts/PPG_CONTRACT_CLOSURE_MATRIX.md,2201,ppg_system_integration/PPG_ADC_MEASUREMENT_AND_IDAC_INTEGRATION_WRAPPER_INTERFACE_CONTRACT.md:537,ppg_system_integration/PPG_ADC_MEASUREMENT_AND_IDAC_INTEGRATION_WRAPPER_INTERFACE_CONTRACT.md,537,explicit,i_amb_manual_code,text_mismatch,### 6.8 配置输入
contracts/PPG_CONTRACT_CLOSURE_MATRIX.md,2202,ppg_system_integration/PPG_ADC_MEASUREMENT_AND_IDAC_INTEGRATION_WRAPPER_INTERFACE_CONTRACT.md:537,ppg_system_integration/PPG_ADC_MEASUREMENT_AND_IDAC_INTEGRATION_WRAPPER_INTERFACE_CONTRACT.md,537,explicit,i_amb_code_min,text_mismatch,### 6.8 配置输入
contracts/PPG_CONTRACT_CLOSURE_MATRIX.md,2203,ppg_system_integration/PPG_ADC_MEASUREMENT_AND_IDAC_INTEGRATION_WRAPPER_INTERFACE_CONTRACT.md:537,ppg_system_integration/PPG_ADC_MEASUREMENT_AND_IDAC_INTEGRATION_WRAPPER_INTERFACE_CONTRACT.md,537,explicit,i_amb_code_max,text_mismatch,### 6.8 配置输入
contracts/PPG_CONTRACT_CLOSURE_MATRIX.md,2204,ppg_system_integration/PPG_ADC_MEASUREMENT_AND_IDAC_INTEGRATION_WRAPPER_INTERFACE_CONTRACT.md:537,ppg_system_integration/PPG_ADC_MEASUREMENT_AND_IDAC_INTEGRATION_WRAPPER_INTERFACE_CONTRACT.md,537,explicit,i_dcs_r_manual_code,text_mismatch,### 6.8 配置输入
contracts/PPG_CONTRACT_CLOSURE_MATRIX.md,2205,ppg_system_integration/PPG_ADC_MEASUREMENT_AND_IDAC_INTEGRATION_WRAPPER_INTERFACE_CONTRACT.md:537,ppg_system_integration/PPG_ADC_MEASUREMENT_AND_IDAC_INTEGRATION_WRAPPER_INTERFACE_CONTRACT.md,537,explicit,i_dcs_r_code_min,text_mismatch,### 6.8 配置输入
contracts/PPG_CONTRACT_CLOSURE_MATRIX.md,2206,ppg_system_integration/PPG_ADC_MEASUREMENT_AND_IDAC_INTEGRATION_WRAPPER_INTERFACE_CONTRACT.md:537,ppg_system_integration/PPG_ADC_MEASUREMENT_AND_IDAC_INTEGRATION_WRAPPER_INTERFACE_CONTRACT.md,537,explicit,i_dcs_r_code_max,text_mismatch,### 6.8 配置输入
contracts/PPG_CONTRACT_CLOSURE_MATRIX.md,2207,ppg_system_integration/PPG_ADC_MEASUREMENT_AND_IDAC_INTEGRATION_WRAPPER_INTERFACE_CONTRACT.md:537,ppg_system_integration/PPG_ADC_MEASUREMENT_AND_IDAC_INTEGRATION_WRAPPER_INTERFACE_CONTRACT.md,537,explicit,i_dcs_ir_manual_code,text_mismatch,### 6.8 配置输入
contracts/PPG_CONTRACT_CLOSURE_MATRIX.md,2208,ppg_system_integration/PPG_ADC_MEASUREMENT_AND_IDAC_INTEGRATION_WRAPPER_INTERFACE_CONTRACT.md:537,ppg_system_integration/PPG_ADC_MEASUREMENT_AND_IDAC_INTEGRATION_WRAPPER_INTERFACE_CONTRACT.md,537,explicit,i_dcs_ir_code_min,text_mismatch,### 6.8 配置输入
contracts/PPG_CONTRACT_CLOSURE_MATRIX.md,2209,ppg_system_integration/PPG_ADC_MEASUREMENT_AND_IDAC_INTEGRATION_WRAPPER_INTERFACE_CONTRACT.md:537,ppg_system_integration/PPG_ADC_MEASUREMENT_AND_IDAC_INTEGRATION_WRAPPER_INTERFACE_CONTRACT.md,537,explicit,i_dcs_ir_code_max,text_mismatch,### 6.8 配置输入
contracts/PPG_CONTRACT_CLOSURE_MATRIX.md,2210,ppg_system_integration/PPG_ADC_MEASUREMENT_AND_IDAC_INTEGRATION_WRAPPER_INTERFACE_CONTRACT.md:537,ppg_system_integration/PPG_ADC_MEASUREMENT_AND_IDAC_INTEGRATION_WRAPPER_INTERFACE_CONTRACT.md,537,explicit,i_amb_threshold_low,text_mismatch,### 6.8 配置输入
contracts/PPG_CONTRACT_CLOSURE_MATRIX.md,2211,ppg_system_integration/PPG_ADC_MEASUREMENT_AND_IDAC_INTEGRATION_WRAPPER_INTERFACE_CONTRACT.md:537,ppg_system_integration/PPG_ADC_MEASUREMENT_AND_IDAC_INTEGRATION_WRAPPER_INTERFACE_CONTRACT.md,537,explicit,i_amb_threshold_high,text_mismatch,### 6.8 配置输入
contracts/PPG_CONTRACT_CLOSURE_MATRIX.md,2212,ppg_system_integration/PPG_ADC_MEASUREMENT_AND_IDAC_INTEGRATION_WRAPPER_INTERFACE_CONTRACT.md:537,ppg_system_integration/PPG_ADC_MEASUREMENT_AND_IDAC_INTEGRATION_WRAPPER_INTERFACE_CONTRACT.md,537,explicit,i_dcs_threshold_low,text_mismatch,### 6.8 配置输入
contracts/PPG_CONTRACT_CLOSURE_MATRIX.md,2213,ppg_system_integration/PPG_ADC_MEASUREMENT_AND_IDAC_INTEGRATION_WRAPPER_INTERFACE_CONTRACT.md:537,ppg_system_integration/PPG_ADC_MEASUREMENT_AND_IDAC_INTEGRATION_WRAPPER_INTERFACE_CONTRACT.md,537,explicit,i_dcs_threshold_high,text_mismatch,### 6.8 配置输入
contracts/PPG_CONTRACT_CLOSURE_MATRIX.md,2214,ppg_system_integration/PPG_ADC_MEASUREMENT_AND_IDAC_INTEGRATION_WRAPPER_INTERFACE_CONTRACT.md:537,ppg_system_integration/PPG_ADC_MEASUREMENT_AND_IDAC_INTEGRATION_WRAPPER_INTERFACE_CONTRACT.md,537,explicit,i_amb_confirm_count,text_mismatch,### 6.8 配置输入
contracts/PPG_CONTRACT_CLOSURE_MATRIX.md,2215,ppg_system_integration/PPG_ADC_MEASUREMENT_AND_IDAC_INTEGRATION_WRAPPER_INTERFACE_CONTRACT.md:537,ppg_system_integration/PPG_ADC_MEASUREMENT_AND_IDAC_INTEGRATION_WRAPPER_INTERFACE_CONTRACT.md,537,explicit,i_dcs_confirm_count,text_mismatch,### 6.8 配置输入
contracts/PPG_CONTRACT_CLOSURE_MATRIX.md,2216,ppg_system_integration/PPG_ADC_MEASUREMENT_AND_IDAC_INTEGRATION_WRAPPER_INTERFACE_CONTRACT.md:537,ppg_system_integration/PPG_ADC_MEASUREMENT_AND_IDAC_INTEGRATION_WRAPPER_INTERFACE_CONTRACT.md,537,explicit,i_amb_recheck_interval_frames,text_mismatch,### 6.8 配置输入
contracts/PPG_CONTRACT_CLOSURE_MATRIX.md,2217,ppg_system_integration/PPG_ADC_MEASUREMENT_AND_IDAC_INTEGRATION_WRAPPER_INTERFACE_CONTRACT.md:579,ppg_system_integration/PPG_ADC_MEASUREMENT_AND_IDAC_INTEGRATION_WRAPPER_INTERFACE_CONTRACT.md,579,explicit,i_test_saturation_inject_valid,text_mismatch,"### 6.10 V1.5 retained-transaction, injection and fault ports"
contracts/PPG_CONTRACT_CLOSURE_MATRIX.md,2218,ppg_system_integration/PPG_ADC_MEASUREMENT_AND_IDAC_INTEGRATION_WRAPPER_INTERFACE_CONTRACT.md:579,ppg_system_integration/PPG_ADC_MEASUREMENT_AND_IDAC_INTEGRATION_WRAPPER_INTERFACE_CONTRACT.md,579,explicit,o_test_saturation_inject_ready,text_mismatch,"### 6.10 V1.5 retained-transaction, injection and fault ports"
contracts/PPG_CONTRACT_CLOSURE_MATRIX.md,2219,ppg_system_integration/PPG_ADC_MEASUREMENT_AND_IDAC_INTEGRATION_WRAPPER_INTERFACE_CONTRACT.md:466,ppg_system_integration/PPG_ADC_MEASUREMENT_AND_IDAC_INTEGRATION_WRAPPER_INTERFACE_CONTRACT.md,466,explicit,i_calibration_sample_ready,text_mismatch,### 6.6 校准请求输出
contracts/PPG_CONTRACT_CLOSURE_MATRIX.md,2220,ppg_system_integration/PPG_ADC_MEASUREMENT_AND_IDAC_INTEGRATION_WRAPPER_INTERFACE_CONTRACT.md:466,ppg_system_integration/PPG_ADC_MEASUREMENT_AND_IDAC_INTEGRATION_WRAPPER_INTERFACE_CONTRACT.md,466,explicit,o_calibration_sample_valid,text_mismatch,### 6.6 校准请求输出
contracts/PPG_CONTRACT_CLOSURE_MATRIX.md,2221,ppg_system_integration/PPG_ADC_MEASUREMENT_AND_IDAC_INTEGRATION_WRAPPER_INTERFACE_CONTRACT.md:466,ppg_system_integration/PPG_ADC_MEASUREMENT_AND_IDAC_INTEGRATION_WRAPPER_INTERFACE_CONTRACT.md,466,explicit,o_calibration_frame_type,text_mismatch,### 6.6 校准请求输出
contracts/PPG_CONTRACT_CLOSURE_MATRIX.md,2222,ppg_system_integration/PPG_ADC_MEASUREMENT_AND_IDAC_INTEGRATION_WRAPPER_INTERFACE_CONTRACT.md:466,ppg_system_integration/PPG_ADC_MEASUREMENT_AND_IDAC_INTEGRATION_WRAPPER_INTERFACE_CONTRACT.md,466,explicit,o_calibration_color_ir,text_mismatch,### 6.6 校准请求输出
contracts/PPG_CONTRACT_CLOSURE_MATRIX.md,2223,ppg_system_integration/PPG_ADC_MEASUREMENT_AND_IDAC_INTEGRATION_WRAPPER_INTERFACE_CONTRACT.md:466,ppg_system_integration/PPG_ADC_MEASUREMENT_AND_IDAC_INTEGRATION_WRAPPER_INTERFACE_CONTRACT.md,466,explicit,o_calibration_precision_mode,text_mismatch,### 6.6 校准请求输出
contracts/PPG_CONTRACT_CLOSURE_MATRIX.md,2224,ppg_system_integration/PPG_ADC_MEASUREMENT_AND_IDAC_INTEGRATION_WRAPPER_INTERFACE_CONTRACT.md:466,ppg_system_integration/PPG_ADC_MEASUREMENT_AND_IDAC_INTEGRATION_WRAPPER_INTERFACE_CONTRACT.md,466,explicit,o_calibration_request_reason,text_mismatch,### 6.6 校准请求输出
contracts/PPG_CONTRACT_CLOSURE_MATRIX.md,2225,ppg_system_integration/PPG_ADC_MEASUREMENT_AND_IDAC_INTEGRATION_WRAPPER_INTERFACE_CONTRACT.md:466,ppg_system_integration/PPG_ADC_MEASUREMENT_AND_IDAC_INTEGRATION_WRAPPER_INTERFACE_CONTRACT.md,466,explicit,o_calibration_request_fire,text_mismatch,### 6.6 校准请求输出
contracts/PPG_CONTRACT_CLOSURE_MATRIX.md,2226,ppg_system_integration/PPG_ADC_MEASUREMENT_AND_IDAC_INTEGRATION_WRAPPER_INTERFACE_CONTRACT.md:559,ppg_system_integration/PPG_ADC_MEASUREMENT_AND_IDAC_INTEGRATION_WRAPPER_INTERFACE_CONTRACT.md,559,explicit,o_amb_code,text_mismatch,### 6.9 IDAC、精度和诊断输出
contracts/PPG_CONTRACT_CLOSURE_MATRIX.md,2227,ppg_system_integration/PPG_ADC_MEASUREMENT_AND_IDAC_INTEGRATION_WRAPPER_INTERFACE_CONTRACT.md:559,ppg_system_integration/PPG_ADC_MEASUREMENT_AND_IDAC_INTEGRATION_WRAPPER_INTERFACE_CONTRACT.md,559,explicit,o_dcs_r_code,text_mismatch,### 6.9 IDAC、精度和诊断输出
contracts/PPG_CONTRACT_CLOSURE_MATRIX.md,2228,ppg_system_integration/PPG_ADC_MEASUREMENT_AND_IDAC_INTEGRATION_WRAPPER_INTERFACE_CONTRACT.md:559,ppg_system_integration/PPG_ADC_MEASUREMENT_AND_IDAC_INTEGRATION_WRAPPER_INTERFACE_CONTRACT.md,559,explicit,o_dcs_ir_code,text_mismatch,### 6.9 IDAC、精度和诊断输出
contracts/PPG_CONTRACT_CLOSURE_MATRIX.md,2229,ppg_system_integration/PPG_ADC_MEASUREMENT_AND_IDAC_INTEGRATION_WRAPPER_INTERFACE_CONTRACT.md:559,ppg_system_integration/PPG_ADC_MEASUREMENT_AND_IDAC_INTEGRATION_WRAPPER_INTERFACE_CONTRACT.md,559,explicit,o_amb_code_epoch,text_mismatch,### 6.9 IDAC、精度和诊断输出
contracts/PPG_CONTRACT_CLOSURE_MATRIX.md,2230,ppg_system_integration/PPG_ADC_MEASUREMENT_AND_IDAC_INTEGRATION_WRAPPER_INTERFACE_CONTRACT.md:559,ppg_system_integration/PPG_ADC_MEASUREMENT_AND_IDAC_INTEGRATION_WRAPPER_INTERFACE_CONTRACT.md,559,explicit,o_dcs_r_code_epoch,text_mismatch,### 6.9 IDAC、精度和诊断输出
contracts/PPG_CONTRACT_CLOSURE_MATRIX.md,2231,ppg_system_integration/PPG_ADC_MEASUREMENT_AND_IDAC_INTEGRATION_WRAPPER_INTERFACE_CONTRACT.md:559,ppg_system_integration/PPG_ADC_MEASUREMENT_AND_IDAC_INTEGRATION_WRAPPER_INTERFACE_CONTRACT.md,559,explicit,o_dcs_ir_code_epoch,text_mismatch,### 6.9 IDAC、精度和诊断输出
contracts/PPG_CONTRACT_CLOSURE_MATRIX.md,2232,ppg_system_integration/PPG_ADC_MEASUREMENT_AND_IDAC_INTEGRATION_WRAPPER_INTERFACE_CONTRACT.md:559,ppg_system_integration/PPG_ADC_MEASUREMENT_AND_IDAC_INTEGRATION_WRAPPER_INTERFACE_CONTRACT.md,559,explicit,o_amb_code_update,text_mismatch,### 6.9 IDAC、精度和诊断输出
contracts/PPG_CONTRACT_CLOSURE_MATRIX.md,2233,ppg_system_integration/PPG_ADC_MEASUREMENT_AND_IDAC_INTEGRATION_WRAPPER_INTERFACE_CONTRACT.md:559,ppg_system_integration/PPG_ADC_MEASUREMENT_AND_IDAC_INTEGRATION_WRAPPER_INTERFACE_CONTRACT.md,559,explicit,o_dcs_r_code_update,text_mismatch,### 6.9 IDAC、精度和诊断输出
contracts/PPG_CONTRACT_CLOSURE_MATRIX.md,2234,ppg_system_integration/PPG_ADC_MEASUREMENT_AND_IDAC_INTEGRATION_WRAPPER_INTERFACE_CONTRACT.md:559,ppg_system_integration/PPG_ADC_MEASUREMENT_AND_IDAC_INTEGRATION_WRAPPER_INTERFACE_CONTRACT.md,559,explicit,o_dcs_ir_code_update,text_mismatch,### 6.9 IDAC、精度和诊断输出
contracts/PPG_CONTRACT_CLOSURE_MATRIX.md,2235,ppg_system_integration/PPG_ADC_MEASUREMENT_AND_IDAC_INTEGRATION_WRAPPER_INTERFACE_CONTRACT.md:559,ppg_system_integration/PPG_ADC_MEASUREMENT_AND_IDAC_INTEGRATION_WRAPPER_INTERFACE_CONTRACT.md,559,explicit,o_dcs_r_track_adjust,text_mismatch,### 6.9 IDAC、精度和诊断输出
contracts/PPG_CONTRACT_CLOSURE_MATRIX.md,2236,ppg_system_integration/PPG_ADC_MEASUREMENT_AND_IDAC_INTEGRATION_WRAPPER_INTERFACE_CONTRACT.md:559,ppg_system_integration/PPG_ADC_MEASUREMENT_AND_IDAC_INTEGRATION_WRAPPER_INTERFACE_CONTRACT.md,559,explicit,o_dcs_ir_track_adjust,text_mismatch,### 6.9 IDAC、精度和诊断输出
contracts/PPG_CONTRACT_CLOSURE_MATRIX.md,2237,ppg_system_integration/PPG_ADC_MEASUREMENT_AND_IDAC_INTEGRATION_WRAPPER_INTERFACE_CONTRACT.md:559,ppg_system_integration/PPG_ADC_MEASUREMENT_AND_IDAC_INTEGRATION_WRAPPER_INTERFACE_CONTRACT.md,559,explicit,o_amb_search_done,text_mismatch,### 6.9 IDAC、精度和诊断输出
contracts/PPG_CONTRACT_CLOSURE_MATRIX.md,2238,ppg_system_integration/PPG_ADC_MEASUREMENT_AND_IDAC_INTEGRATION_WRAPPER_INTERFACE_CONTRACT.md:559,ppg_system_integration/PPG_ADC_MEASUREMENT_AND_IDAC_INTEGRATION_WRAPPER_INTERFACE_CONTRACT.md,559,explicit,o_dcs_r_search_done,text_mismatch,### 6.9 IDAC、精度和诊断输出
contracts/PPG_CONTRACT_CLOSURE_MATRIX.md,2239,ppg_system_integration/PPG_ADC_MEASUREMENT_AND_IDAC_INTEGRATION_WRAPPER_INTERFACE_CONTRACT.md:559,ppg_system_integration/PPG_ADC_MEASUREMENT_AND_IDAC_INTEGRATION_WRAPPER_INTERFACE_CONTRACT.md,559,explicit,o_dcs_ir_search_done,text_mismatch,### 6.9 IDAC、精度和诊断输出
contracts/PPG_CONTRACT_CLOSURE_MATRIX.md,2240,ppg_system_integration/PPG_ADC_MEASUREMENT_AND_IDAC_INTEGRATION_WRAPPER_INTERFACE_CONTRACT.md:559,ppg_system_integration/PPG_ADC_MEASUREMENT_AND_IDAC_INTEGRATION_WRAPPER_INTERFACE_CONTRACT.md,559,explicit,o_amb_search_exhausted,text_mismatch,### 6.9 IDAC、精度和诊断输出
contracts/PPG_CONTRACT_CLOSURE_MATRIX.md,2241,ppg_system_integration/PPG_ADC_MEASUREMENT_AND_IDAC_INTEGRATION_WRAPPER_INTERFACE_CONTRACT.md:559,ppg_system_integration/PPG_ADC_MEASUREMENT_AND_IDAC_INTEGRATION_WRAPPER_INTERFACE_CONTRACT.md,559,explicit,o_dcs_r_search_exhausted,text_mismatch,### 6.9 IDAC、精度和诊断输出
contracts/PPG_CONTRACT_CLOSURE_MATRIX.md,2242,ppg_system_integration/PPG_ADC_MEASUREMENT_AND_IDAC_INTEGRATION_WRAPPER_INTERFACE_CONTRACT.md:559,ppg_system_integration/PPG_ADC_MEASUREMENT_AND_IDAC_INTEGRATION_WRAPPER_INTERFACE_CONTRACT.md,559,explicit,o_dcs_ir_search_exhausted,text_mismatch,### 6.9 IDAC、精度和诊断输出
contracts/PPG_CONTRACT_CLOSURE_MATRIX.md,2243,ppg_system_integration/PPG_ADC_MEASUREMENT_AND_IDAC_INTEGRATION_WRAPPER_INTERFACE_CONTRACT.md:559,ppg_system_integration/PPG_ADC_MEASUREMENT_AND_IDAC_INTEGRATION_WRAPPER_INTERFACE_CONTRACT.md,559,explicit,o_amb_pending_valid,text_mismatch,### 6.9 IDAC、精度和诊断输出
contracts/PPG_CONTRACT_CLOSURE_MATRIX.md,2244,ppg_system_integration/PPG_ADC_MEASUREMENT_AND_IDAC_INTEGRATION_WRAPPER_INTERFACE_CONTRACT.md:559,ppg_system_integration/PPG_ADC_MEASUREMENT_AND_IDAC_INTEGRATION_WRAPPER_INTERFACE_CONTRACT.md,559,explicit,o_dcs_r_pending_valid,text_mismatch,### 6.9 IDAC、精度和诊断输出
contracts/PPG_CONTRACT_CLOSURE_MATRIX.md,2245,ppg_system_integration/PPG_ADC_MEASUREMENT_AND_IDAC_INTEGRATION_WRAPPER_INTERFACE_CONTRACT.md:559,ppg_system_integration/PPG_ADC_MEASUREMENT_AND_IDAC_INTEGRATION_WRAPPER_INTERFACE_CONTRACT.md,559,explicit,o_dcs_ir_pending_valid,text_mismatch,### 6.9 IDAC、精度和诊断输出
contracts/PPG_CONTRACT_CLOSURE_MATRIX.md,2246,ppg_system_integration/PPG_ADC_MEASUREMENT_AND_IDAC_INTEGRATION_WRAPPER_INTERFACE_CONTRACT.md:559,ppg_system_integration/PPG_ADC_MEASUREMENT_AND_IDAC_INTEGRATION_WRAPPER_INTERFACE_CONTRACT.md,559,explicit,o_amb_code_at_min,text_mismatch,### 6.9 IDAC、精度和诊断输出
contracts/PPG_CONTRACT_CLOSURE_MATRIX.md,2247,ppg_system_integration/PPG_ADC_MEASUREMENT_AND_IDAC_INTEGRATION_WRAPPER_INTERFACE_CONTRACT.md:559,ppg_system_integration/PPG_ADC_MEASUREMENT_AND_IDAC_INTEGRATION_WRAPPER_INTERFACE_CONTRACT.md,559,explicit,o_amb_code_at_max,text_mismatch,### 6.9 IDAC、精度和诊断输出
contracts/PPG_CONTRACT_CLOSURE_MATRIX.md,2248,ppg_system_integration/PPG_ADC_MEASUREMENT_AND_IDAC_INTEGRATION_WRAPPER_INTERFACE_CONTRACT.md:559,ppg_system_integration/PPG_ADC_MEASUREMENT_AND_IDAC_INTEGRATION_WRAPPER_INTERFACE_CONTRACT.md,559,explicit,o_dcs_r_code_at_min,text_mismatch,### 6.9 IDAC、精度和诊断输出
contracts/PPG_CONTRACT_CLOSURE_MATRIX.md,2249,ppg_system_integration/PPG_ADC_MEASUREMENT_AND_IDAC_INTEGRATION_WRAPPER_INTERFACE_CONTRACT.md:559,ppg_system_integration/PPG_ADC_MEASUREMENT_AND_IDAC_INTEGRATION_WRAPPER_INTERFACE_CONTRACT.md,559,explicit,o_dcs_r_code_at_max,text_mismatch,### 6.9 IDAC、精度和诊断输出
contracts/PPG_CONTRACT_CLOSURE_MATRIX.md,2250,ppg_system_integration/PPG_ADC_MEASUREMENT_AND_IDAC_INTEGRATION_WRAPPER_INTERFACE_CONTRACT.md:559,ppg_system_integration/PPG_ADC_MEASUREMENT_AND_IDAC_INTEGRATION_WRAPPER_INTERFACE_CONTRACT.md,559,explicit,o_dcs_ir_code_at_min,text_mismatch,### 6.9 IDAC、精度和诊断输出
contracts/PPG_CONTRACT_CLOSURE_MATRIX.md,2251,ppg_system_integration/PPG_ADC_MEASUREMENT_AND_IDAC_INTEGRATION_WRAPPER_INTERFACE_CONTRACT.md:559,ppg_system_integration/PPG_ADC_MEASUREMENT_AND_IDAC_INTEGRATION_WRAPPER_INTERFACE_CONTRACT.md,559,explicit,o_dcs_ir_code_at_max,text_mismatch,### 6.9 IDAC、精度和诊断输出
contracts/PPG_CONTRACT_CLOSURE_MATRIX.md,2252,ppg_system_integration/PPG_ADC_MEASUREMENT_AND_IDAC_INTEGRATION_WRAPPER_INTERFACE_CONTRACT.md:559,ppg_system_integration/PPG_ADC_MEASUREMENT_AND_IDAC_INTEGRATION_WRAPPER_INTERFACE_CONTRACT.md,559,explicit,o_amb_fault,text_mismatch,### 6.9 IDAC、精度和诊断输出
contracts/PPG_CONTRACT_CLOSURE_MATRIX.md,2253,ppg_system_integration/PPG_ADC_MEASUREMENT_AND_IDAC_INTEGRATION_WRAPPER_INTERFACE_CONTRACT.md:559,ppg_system_integration/PPG_ADC_MEASUREMENT_AND_IDAC_INTEGRATION_WRAPPER_INTERFACE_CONTRACT.md,559,explicit,o_dcs_r_fault,text_mismatch,### 6.9 IDAC、精度和诊断输出
contracts/PPG_CONTRACT_CLOSURE_MATRIX.md,2254,ppg_system_integration/PPG_ADC_MEASUREMENT_AND_IDAC_INTEGRATION_WRAPPER_INTERFACE_CONTRACT.md:559,ppg_system_integration/PPG_ADC_MEASUREMENT_AND_IDAC_INTEGRATION_WRAPPER_INTERFACE_CONTRACT.md,559,explicit,o_dcs_ir_fault,text_mismatch,### 6.9 IDAC、精度和诊断输出
contracts/PPG_CONTRACT_CLOSURE_MATRIX.md,2255,ppg_system_integration/PPG_ADC_MEASUREMENT_AND_IDAC_INTEGRATION_WRAPPER_INTERFACE_CONTRACT.md:559,ppg_system_integration/PPG_ADC_MEASUREMENT_AND_IDAC_INTEGRATION_WRAPPER_INTERFACE_CONTRACT.md,559,explicit,o_idac_fault_blocking,text_mismatch,### 6.9 IDAC、精度和诊断输出
contracts/PPG_CONTRACT_CLOSURE_MATRIX.md,2256,ppg_system_integration/PPG_ADC_MEASUREMENT_AND_IDAC_INTEGRATION_WRAPPER_INTERFACE_CONTRACT.md:559,ppg_system_integration/PPG_ADC_MEASUREMENT_AND_IDAC_INTEGRATION_WRAPPER_INTERFACE_CONTRACT.md,559,explicit,o_idac_protocol_error_sticky,text_mismatch,### 6.9 IDAC、精度和诊断输出
contracts/PPG_CONTRACT_CLOSURE_MATRIX.md,2257,ppg_system_integration/PPG_ADC_MEASUREMENT_AND_IDAC_INTEGRATION_WRAPPER_INTERFACE_CONTRACT.md:559,ppg_system_integration/PPG_ADC_MEASUREMENT_AND_IDAC_INTEGRATION_WRAPPER_INTERFACE_CONTRACT.md,559,explicit,o_startup_search_complete,text_mismatch,### 6.9 IDAC、精度和诊断输出
contracts/PPG_CONTRACT_CLOSURE_MATRIX.md,2258,ppg_system_integration/PPG_ADC_MEASUREMENT_AND_IDAC_INTEGRATION_WRAPPER_INTERFACE_CONTRACT.md:559,ppg_system_integration/PPG_ADC_MEASUREMENT_AND_IDAC_INTEGRATION_WRAPPER_INTERFACE_CONTRACT.md,559,explicit,o_idac_idle,text_mismatch,### 6.9 IDAC、精度和诊断输出
contracts/PPG_CONTRACT_CLOSURE_MATRIX.md,2259,ppg_system_integration/PPG_ADC_MEASUREMENT_AND_IDAC_INTEGRATION_WRAPPER_INTERFACE_CONTRACT.md:559,ppg_system_integration/PPG_ADC_MEASUREMENT_AND_IDAC_INTEGRATION_WRAPPER_INTERFACE_CONTRACT.md,559,explicit,o_normal_frame_count,text_mismatch,### 6.9 IDAC、精度和诊断输出
contracts/PPG_CONTRACT_CLOSURE_MATRIX.md,2260,ppg_system_integration/PPG_ADC_MEASUREMENT_AND_IDAC_INTEGRATION_WRAPPER_INTERFACE_CONTRACT.md:559,ppg_system_integration/PPG_ADC_MEASUREMENT_AND_IDAC_INTEGRATION_WRAPPER_INTERFACE_CONTRACT.md,559,explicit,o_amb_recheck_pending,text_mismatch,### 6.9 IDAC、精度和诊断输出
contracts/PPG_CONTRACT_CLOSURE_MATRIX.md,2261,ppg_system_integration/PPG_ADC_MEASUREMENT_AND_IDAC_INTEGRATION_WRAPPER_INTERFACE_CONTRACT.md:559,ppg_system_integration/PPG_ADC_MEASUREMENT_AND_IDAC_INTEGRATION_WRAPPER_INTERFACE_CONTRACT.md,559,explicit,o_amb_recheck_accept,text_mismatch,### 6.9 IDAC、精度和诊断输出
contracts/PPG_CONTRACT_CLOSURE_MATRIX.md,2262,ppg_system_integration/PPG_ADC_MEASUREMENT_AND_IDAC_INTEGRATION_WRAPPER_INTERFACE_CONTRACT.md:559,ppg_system_integration/PPG_ADC_MEASUREMENT_AND_IDAC_INTEGRATION_WRAPPER_INTERFACE_CONTRACT.md,559,explicit,o_amb_recheck_busy,text_mismatch,### 6.9 IDAC、精度和诊断输出
contracts/PPG_CONTRACT_CLOSURE_MATRIX.md,2263,ppg_system_integration/PPG_ADC_MEASUREMENT_AND_IDAC_INTEGRATION_WRAPPER_INTERFACE_CONTRACT.md:559,ppg_system_integration/PPG_ADC_MEASUREMENT_AND_IDAC_INTEGRATION_WRAPPER_INTERFACE_CONTRACT.md,559,explicit,o_normal_output_inhibit,text_mismatch,### 6.9 IDAC、精度和诊断输出
contracts/PPG_CONTRACT_CLOSURE_MATRIX.md,2264,ppg_system_integration/PPG_ADC_MEASUREMENT_AND_IDAC_INTEGRATION_WRAPPER_INTERFACE_CONTRACT.md:559,ppg_system_integration/PPG_ADC_MEASUREMENT_AND_IDAC_INTEGRATION_WRAPPER_INTERFACE_CONTRACT.md,559,explicit,o_recheck_sequence_done,text_mismatch,### 6.9 IDAC、精度和诊断输出
contracts/PPG_CONTRACT_CLOSURE_MATRIX.md,2265,ppg_system_integration/PPG_ADC_MEASUREMENT_AND_IDAC_INTEGRATION_WRAPPER_INTERFACE_CONTRACT.md:559,ppg_system_integration/PPG_ADC_MEASUREMENT_AND_IDAC_INTEGRATION_WRAPPER_INTERFACE_CONTRACT.md,559,explicit,o_recheck_sequence_failed,text_mismatch,### 6.9 IDAC、精度和诊断输出
contracts/PPG_CONTRACT_CLOSURE_MATRIX.md,2266,ppg_system_integration/PPG_ADC_MEASUREMENT_AND_IDAC_INTEGRATION_WRAPPER_INTERFACE_CONTRACT.md:559,ppg_system_integration/PPG_ADC_MEASUREMENT_AND_IDAC_INTEGRATION_WRAPPER_INTERFACE_CONTRACT.md,559,explicit,o_scheduler_idle,text_mismatch,### 6.9 IDAC、精度和诊断输出
contracts/PPG_CONTRACT_CLOSURE_MATRIX.md,2267,ppg_system_integration/PPG_DYNAMIC_BASELINE_SLOPE_AND_UPWARD_CROSSING_INTERFACE_CONTRACT.md:728,ppg_system_integration/PPG_DYNAMIC_BASELINE_SLOPE_AND_UPWARD_CROSSING_INTERFACE_CONTRACT.md,728,explicit,i_clk,text_mismatch,### 14.1 生命周期和控制输入
contracts/PPG_CONTRACT_CLOSURE_MATRIX.md,2268,ppg_system_integration/PPG_DYNAMIC_BASELINE_SLOPE_AND_UPWARD_CROSSING_INTERFACE_CONTRACT.md:728,ppg_system_integration/PPG_DYNAMIC_BASELINE_SLOPE_AND_UPWARD_CROSSING_INTERFACE_CONTRACT.md,728,explicit,i_rstn,text_mismatch,### 14.1 生命周期和控制输入
contracts/PPG_CONTRACT_CLOSURE_MATRIX.md,2269,ppg_system_integration/PPG_DYNAMIC_BASELINE_SLOPE_AND_UPWARD_CROSSING_INTERFACE_CONTRACT.md:728,ppg_system_integration/PPG_DYNAMIC_BASELINE_SLOPE_AND_UPWARD_CROSSING_INTERFACE_CONTRACT.md,728,explicit,i_run_enable,text_mismatch,### 14.1 生命周期和控制输入
contracts/PPG_CONTRACT_CLOSURE_MATRIX.md,2270,ppg_system_integration/PPG_DYNAMIC_BASELINE_SLOPE_AND_UPWARD_CROSSING_INTERFACE_CONTRACT.md:728,ppg_system_integration/PPG_DYNAMIC_BASELINE_SLOPE_AND_UPWARD_CROSSING_INTERFACE_CONTRACT.md,728,explicit,i_start_ack_event,text_mismatch,### 14.1 生命周期和控制输入
contracts/PPG_CONTRACT_CLOSURE_MATRIX.md,2271,ppg_system_integration/PPG_DYNAMIC_BASELINE_SLOPE_AND_UPWARD_CROSSING_INTERFACE_CONTRACT.md:728,ppg_system_integration/PPG_DYNAMIC_BASELINE_SLOPE_AND_UPWARD_CROSSING_INTERFACE_CONTRACT.md,728,explicit,i_fine_window_active,text_mismatch,### 14.1 生命周期和控制输入
contracts/PPG_CONTRACT_CLOSURE_MATRIX.md,2272,ppg_system_integration/PPG_DYNAMIC_BASELINE_SLOPE_AND_UPWARD_CROSSING_INTERFACE_CONTRACT.md:728,ppg_system_integration/PPG_DYNAMIC_BASELINE_SLOPE_AND_UPWARD_CROSSING_INTERFACE_CONTRACT.md,728,explicit,i_reacquire_request_event,text_mismatch,### 14.1 生命周期和控制输入
contracts/PPG_CONTRACT_CLOSURE_MATRIX.md,2273,ppg_system_integration/PPG_DYNAMIC_BASELINE_SLOPE_AND_UPWARD_CROSSING_INTERFACE_CONTRACT.md:728,ppg_system_integration/PPG_DYNAMIC_BASELINE_SLOPE_AND_UPWARD_CROSSING_INTERFACE_CONTRACT.md,728,explicit,i_recheck_accept_event,text_mismatch,### 14.1 生命周期和控制输入
contracts/PPG_CONTRACT_CLOSURE_MATRIX.md,2274,ppg_system_integration/PPG_DYNAMIC_BASELINE_SLOPE_AND_UPWARD_CROSSING_INTERFACE_CONTRACT.md:728,ppg_system_integration/PPG_DYNAMIC_BASELINE_SLOPE_AND_UPWARD_CROSSING_INTERFACE_CONTRACT.md,728,explicit,i_recheck_busy,text_mismatch,### 14.1 生命周期和控制输入
contracts/PPG_CONTRACT_CLOSURE_MATRIX.md,2275,ppg_system_integration/PPG_DYNAMIC_BASELINE_SLOPE_AND_UPWARD_CROSSING_INTERFACE_CONTRACT.md:728,ppg_system_integration/PPG_DYNAMIC_BASELINE_SLOPE_AND_UPWARD_CROSSING_INTERFACE_CONTRACT.md,728,explicit,i_recheck_done_event,text_mismatch,### 14.1 生命周期和控制输入
contracts/PPG_CONTRACT_CLOSURE_MATRIX.md,2276,ppg_system_integration/PPG_DYNAMIC_BASELINE_SLOPE_AND_UPWARD_CROSSING_INTERFACE_CONTRACT.md:728,ppg_system_integration/PPG_DYNAMIC_BASELINE_SLOPE_AND_UPWARD_CROSSING_INTERFACE_CONTRACT.md,728,explicit,i_recheck_success,text_mismatch,### 14.1 生命周期和控制输入
contracts/PPG_CONTRACT_CLOSURE_MATRIX.md,2277,ppg_system_integration/PPG_DYNAMIC_BASELINE_SLOPE_AND_UPWARD_CROSSING_INTERFACE_CONTRACT.md:839,ppg_system_integration/PPG_DYNAMIC_BASELINE_SLOPE_AND_UPWARD_CROSSING_INTERFACE_CONTRACT.md,839,explicit,i_detection_discard_event,text_mismatch,### 14.1 V2.3 detection lifecycle ports
contracts/PPG_CONTRACT_CLOSURE_MATRIX.md,2278,ppg_system_integration/PPG_DYNAMIC_BASELINE_SLOPE_AND_UPWARD_CROSSING_INTERFACE_CONTRACT.md:839,ppg_system_integration/PPG_DYNAMIC_BASELINE_SLOPE_AND_UPWARD_CROSSING_INTERFACE_CONTRACT.md,839,explicit,i_detection_discard_reason,text_mismatch,### 14.1 V2.3 detection lifecycle ports
contracts/PPG_CONTRACT_CLOSURE_MATRIX.md,2279,ppg_system_integration/PPG_DYNAMIC_BASELINE_SLOPE_AND_UPWARD_CROSSING_INTERFACE_CONTRACT.md:839,ppg_system_integration/PPG_DYNAMIC_BASELINE_SLOPE_AND_UPWARD_CROSSING_INTERFACE_CONTRACT.md,839,explicit,i_detection_discard_identity_valid,text_mismatch,### 14.1 V2.3 detection lifecycle ports
contracts/PPG_CONTRACT_CLOSURE_MATRIX.md,2280,ppg_system_integration/PPG_DYNAMIC_BASELINE_SLOPE_AND_UPWARD_CROSSING_INTERFACE_CONTRACT.md:839,ppg_system_integration/PPG_DYNAMIC_BASELINE_SLOPE_AND_UPWARD_CROSSING_INTERFACE_CONTRACT.md,839,explicit,i_detection_discard_sample_valid,text_mismatch,### 14.1 V2.3 detection lifecycle ports
contracts/PPG_CONTRACT_CLOSURE_MATRIX.md,2281,ppg_system_integration/PPG_DYNAMIC_BASELINE_SLOPE_AND_UPWARD_CROSSING_INTERFACE_CONTRACT.md:839,ppg_system_integration/PPG_DYNAMIC_BASELINE_SLOPE_AND_UPWARD_CROSSING_INTERFACE_CONTRACT.md,839,explicit,i_detection_discard_frame_id,text_mismatch,### 14.1 V2.3 detection lifecycle ports
contracts/PPG_CONTRACT_CLOSURE_MATRIX.md,2282,ppg_system_integration/PPG_DYNAMIC_BASELINE_SLOPE_AND_UPWARD_CROSSING_INTERFACE_CONTRACT.md:839,ppg_system_integration/PPG_DYNAMIC_BASELINE_SLOPE_AND_UPWARD_CROSSING_INTERFACE_CONTRACT.md,839,explicit,i_detection_discard_sample_index,text_mismatch,### 14.1 V2.3 detection lifecycle ports
contracts/PPG_CONTRACT_CLOSURE_MATRIX.md,2283,ppg_system_integration/PPG_DYNAMIC_BASELINE_SLOPE_AND_UPWARD_CROSSING_INTERFACE_CONTRACT.md:839,ppg_system_integration/PPG_DYNAMIC_BASELINE_SLOPE_AND_UPWARD_CROSSING_INTERFACE_CONTRACT.md,839,explicit,i_detection_discard_color_ir,text_mismatch,### 14.1 V2.3 detection lifecycle ports
contracts/PPG_CONTRACT_CLOSURE_MATRIX.md,2284,ppg_system_integration/PPG_DYNAMIC_BASELINE_SLOPE_AND_UPWARD_CROSSING_INTERFACE_CONTRACT.md:839,ppg_system_integration/PPG_DYNAMIC_BASELINE_SLOPE_AND_UPWARD_CROSSING_INTERFACE_CONTRACT.md,839,explicit,i_detection_discard_frame_type,text_mismatch,### 14.1 V2.3 detection lifecycle ports
contracts/PPG_CONTRACT_CLOSURE_MATRIX.md,2285,ppg_system_integration/PPG_DYNAMIC_BASELINE_SLOPE_AND_UPWARD_CROSSING_INTERFACE_CONTRACT.md:839,ppg_system_integration/PPG_DYNAMIC_BASELINE_SLOPE_AND_UPWARD_CROSSING_INTERFACE_CONTRACT.md,839,explicit,i_detection_discard_precision,text_mismatch,### 14.1 V2.3 detection lifecycle ports
contracts/PPG_CONTRACT_CLOSURE_MATRIX.md,2286,ppg_system_integration/PPG_DYNAMIC_BASELINE_SLOPE_AND_UPWARD_CROSSING_INTERFACE_CONTRACT.md:839,ppg_system_integration/PPG_DYNAMIC_BASELINE_SLOPE_AND_UPWARD_CROSSING_INTERFACE_CONTRACT.md,839,explicit,i_detection_discard_config_epoch,text_mismatch,### 14.1 V2.3 detection lifecycle ports
contracts/PPG_CONTRACT_CLOSURE_MATRIX.md,2287,ppg_system_integration/PPG_DYNAMIC_BASELINE_SLOPE_AND_UPWARD_CROSSING_INTERFACE_CONTRACT.md:839,ppg_system_integration/PPG_DYNAMIC_BASELINE_SLOPE_AND_UPWARD_CROSSING_INTERFACE_CONTRACT.md,839,explicit,i_detection_discard_coef_epoch,text_mismatch,### 14.1 V2.3 detection lifecycle ports
contracts/PPG_CONTRACT_CLOSURE_MATRIX.md,2288,ppg_system_integration/PPG_DYNAMIC_BASELINE_SLOPE_AND_UPWARD_CROSSING_INTERFACE_CONTRACT.md:839,ppg_system_integration/PPG_DYNAMIC_BASELINE_SLOPE_AND_UPWARD_CROSSING_INTERFACE_CONTRACT.md,839,explicit,i_detection_discard_dc_recovery_epoch,text_mismatch,### 14.1 V2.3 detection lifecycle ports
contracts/PPG_CONTRACT_CLOSURE_MATRIX.md,2289,ppg_system_integration/PPG_DYNAMIC_BASELINE_SLOPE_AND_UPWARD_CROSSING_INTERFACE_CONTRACT.md:839,ppg_system_integration/PPG_DYNAMIC_BASELINE_SLOPE_AND_UPWARD_CROSSING_INTERFACE_CONTRACT.md,839,explicit,i_detection_discard_amb_code_epoch,text_mismatch,### 14.1 V2.3 detection lifecycle ports
contracts/PPG_CONTRACT_CLOSURE_MATRIX.md,2290,ppg_system_integration/PPG_DYNAMIC_BASELINE_SLOPE_AND_UPWARD_CROSSING_INTERFACE_CONTRACT.md:839,ppg_system_integration/PPG_DYNAMIC_BASELINE_SLOPE_AND_UPWARD_CROSSING_INTERFACE_CONTRACT.md,839,explicit,i_detection_discard_dc_code_epoch,text_mismatch,### 14.1 V2.3 detection lifecycle ports
contracts/PPG_CONTRACT_CLOSURE_MATRIX.md,2291,ppg_system_integration/PPG_DYNAMIC_BASELINE_SLOPE_AND_UPWARD_CROSSING_INTERFACE_CONTRACT.md:839,ppg_system_integration/PPG_DYNAMIC_BASELINE_SLOPE_AND_UPWARD_CROSSING_INTERFACE_CONTRACT.md,839,explicit,i_detection_discard_run_generation,text_mismatch,### 14.1 V2.3 detection lifecycle ports
contracts/PPG_CONTRACT_CLOSURE_MATRIX.md,2292,ppg_system_integration/PPG_DYNAMIC_BASELINE_SLOPE_AND_UPWARD_CROSSING_INTERFACE_CONTRACT.md:728,ppg_system_integration/PPG_DYNAMIC_BASELINE_SLOPE_AND_UPWARD_CROSSING_INTERFACE_CONTRACT.md,728,explicit,i_run_generation,text_mismatch,### 14.1 生命周期和控制输入
contracts/PPG_CONTRACT_CLOSURE_MATRIX.md,2293,ppg_system_integration/PPG_DYNAMIC_BASELINE_SLOPE_AND_UPWARD_CROSSING_INTERFACE_CONTRACT.md:728,ppg_system_integration/PPG_DYNAMIC_BASELINE_SLOPE_AND_UPWARD_CROSSING_INTERFACE_CONTRACT.md,728,explicit,o_local_empty,text_mismatch,### 14.1 生命周期和控制输入
contracts/PPG_CONTRACT_CLOSURE_MATRIX.md,2294,ppg_system_integration/PPG_DYNAMIC_BASELINE_SLOPE_AND_UPWARD_CROSSING_INTERFACE_CONTRACT.md:744,ppg_system_integration/PPG_DYNAMIC_BASELINE_SLOPE_AND_UPWARD_CROSSING_INTERFACE_CONTRACT.md,744,explicit,i_result_valid,text_mismatch,### 14.2 FIR事务输入
contracts/PPG_CONTRACT_CLOSURE_MATRIX.md,2295,ppg_system_integration/PPG_DYNAMIC_BASELINE_SLOPE_AND_UPWARD_CROSSING_INTERFACE_CONTRACT.md:744,ppg_system_integration/PPG_DYNAMIC_BASELINE_SLOPE_AND_UPWARD_CROSSING_INTERFACE_CONTRACT.md,744,explicit,o_result_ready,text_mismatch,### 14.2 FIR事务输入
contracts/PPG_CONTRACT_CLOSURE_MATRIX.md,2296,ppg_system_integration/PPG_DYNAMIC_BASELINE_SLOPE_AND_UPWARD_CROSSING_INTERFACE_CONTRACT.md:744,ppg_system_integration/PPG_DYNAMIC_BASELINE_SLOPE_AND_UPWARD_CROSSING_INTERFACE_CONTRACT.md,744,explicit,i_filtered_ppg_value,text_mismatch,### 14.2 FIR事务输入
contracts/PPG_CONTRACT_CLOSURE_MATRIX.md,2297,ppg_system_integration/PPG_DYNAMIC_BASELINE_SLOPE_AND_UPWARD_CROSSING_INTERFACE_CONTRACT.md:744,ppg_system_integration/PPG_DYNAMIC_BASELINE_SLOPE_AND_UPWARD_CROSSING_INTERFACE_CONTRACT.md,744,explicit,i_detection_qualified,text_mismatch,### 14.2 FIR事务输入
contracts/PPG_CONTRACT_CLOSURE_MATRIX.md,2298,ppg_system_integration/PPG_DYNAMIC_BASELINE_SLOPE_AND_UPWARD_CROSSING_INTERFACE_CONTRACT.md:744,ppg_system_integration/PPG_DYNAMIC_BASELINE_SLOPE_AND_UPWARD_CROSSING_INTERFACE_CONTRACT.md,744,explicit,i_window_saturation_low,text_mismatch,### 14.2 FIR事务输入
contracts/PPG_CONTRACT_CLOSURE_MATRIX.md,2299,ppg_system_integration/PPG_DYNAMIC_BASELINE_SLOPE_AND_UPWARD_CROSSING_INTERFACE_CONTRACT.md:744,ppg_system_integration/PPG_DYNAMIC_BASELINE_SLOPE_AND_UPWARD_CROSSING_INTERFACE_CONTRACT.md,744,explicit,i_window_saturation_high,text_mismatch,### 14.2 FIR事务输入
contracts/PPG_CONTRACT_CLOSURE_MATRIX.md,2300,ppg_system_integration/PPG_DYNAMIC_BASELINE_SLOPE_AND_UPWARD_CROSSING_INTERFACE_CONTRACT.md:744,ppg_system_integration/PPG_DYNAMIC_BASELINE_SLOPE_AND_UPWARD_CROSSING_INTERFACE_CONTRACT.md,744,explicit,i_fir_saturation_low,text_mismatch,### 14.2 FIR事务输入
contracts/PPG_CONTRACT_CLOSURE_MATRIX.md,2301,ppg_system_integration/PPG_DYNAMIC_BASELINE_SLOPE_AND_UPWARD_CROSSING_INTERFACE_CONTRACT.md:744,ppg_system_integration/PPG_DYNAMIC_BASELINE_SLOPE_AND_UPWARD_CROSSING_INTERFACE_CONTRACT.md,744,explicit,i_fir_saturation_high,text_mismatch,### 14.2 FIR事务输入
contracts/PPG_CONTRACT_CLOSURE_MATRIX.md,2302,ppg_system_integration/PPG_DYNAMIC_BASELINE_SLOPE_AND_UPWARD_CROSSING_INTERFACE_CONTRACT.md:744,ppg_system_integration/PPG_DYNAMIC_BASELINE_SLOPE_AND_UPWARD_CROSSING_INTERFACE_CONTRACT.md,744,explicit,i_config_epoch,text_mismatch,### 14.2 FIR事务输入
contracts/PPG_CONTRACT_CLOSURE_MATRIX.md,2303,ppg_system_integration/PPG_DYNAMIC_BASELINE_SLOPE_AND_UPWARD_CROSSING_INTERFACE_CONTRACT.md:744,ppg_system_integration/PPG_DYNAMIC_BASELINE_SLOPE_AND_UPWARD_CROSSING_INTERFACE_CONTRACT.md,744,explicit,i_coef_epoch,text_mismatch,### 14.2 FIR事务输入
contracts/PPG_CONTRACT_CLOSURE_MATRIX.md,2304,ppg_system_integration/PPG_DYNAMIC_BASELINE_SLOPE_AND_UPWARD_CROSSING_INTERFACE_CONTRACT.md:744,ppg_system_integration/PPG_DYNAMIC_BASELINE_SLOPE_AND_UPWARD_CROSSING_INTERFACE_CONTRACT.md,744,explicit,i_dc_recovery_coef_epoch,text_mismatch,### 14.2 FIR事务输入
contracts/PPG_CONTRACT_CLOSURE_MATRIX.md,2305,ppg_system_integration/PPG_DYNAMIC_BASELINE_SLOPE_AND_UPWARD_CROSSING_INTERFACE_CONTRACT.md:744,ppg_system_integration/PPG_DYNAMIC_BASELINE_SLOPE_AND_UPWARD_CROSSING_INTERFACE_CONTRACT.md,744,explicit,i_precision_mode,text_mismatch,### 14.2 FIR事务输入
contracts/PPG_CONTRACT_CLOSURE_MATRIX.md,2306,ppg_system_integration/PPG_DYNAMIC_BASELINE_SLOPE_AND_UPWARD_CROSSING_INTERFACE_CONTRACT.md:744,ppg_system_integration/PPG_DYNAMIC_BASELINE_SLOPE_AND_UPWARD_CROSSING_INTERFACE_CONTRACT.md,744,explicit,i_frame_id,text_mismatch,### 14.2 FIR事务输入
contracts/PPG_CONTRACT_CLOSURE_MATRIX.md,2307,ppg_system_integration/PPG_DYNAMIC_BASELINE_SLOPE_AND_UPWARD_CROSSING_INTERFACE_CONTRACT.md:744,ppg_system_integration/PPG_DYNAMIC_BASELINE_SLOPE_AND_UPWARD_CROSSING_INTERFACE_CONTRACT.md,744,explicit,i_sample_index,text_mismatch,### 14.2 FIR事务输入
contracts/PPG_CONTRACT_CLOSURE_MATRIX.md,2308,ppg_system_integration/PPG_DYNAMIC_BASELINE_SLOPE_AND_UPWARD_CROSSING_INTERFACE_CONTRACT.md:744,ppg_system_integration/PPG_DYNAMIC_BASELINE_SLOPE_AND_UPWARD_CROSSING_INTERFACE_CONTRACT.md,744,explicit,i_color_ir,text_mismatch,### 14.2 FIR事务输入
contracts/PPG_CONTRACT_CLOSURE_MATRIX.md,2309,ppg_system_integration/PPG_DYNAMIC_BASELINE_SLOPE_AND_UPWARD_CROSSING_INTERFACE_CONTRACT.md:744,ppg_system_integration/PPG_DYNAMIC_BASELINE_SLOPE_AND_UPWARD_CROSSING_INTERFACE_CONTRACT.md,744,explicit,i_frame_type,text_mismatch,### 14.2 FIR事务输入
contracts/PPG_CONTRACT_CLOSURE_MATRIX.md,2310,ppg_system_integration/PPG_DYNAMIC_BASELINE_SLOPE_AND_UPWARD_CROSSING_INTERFACE_CONTRACT.md:763,ppg_system_integration/PPG_DYNAMIC_BASELINE_SLOPE_AND_UPWARD_CROSSING_INTERFACE_CONTRACT.md,763,explicit,i_peak_valid,text_mismatch,### 14.3 峰谷事件输入
contracts/PPG_CONTRACT_CLOSURE_MATRIX.md,2311,ppg_system_integration/PPG_DYNAMIC_BASELINE_SLOPE_AND_UPWARD_CROSSING_INTERFACE_CONTRACT.md:763,ppg_system_integration/PPG_DYNAMIC_BASELINE_SLOPE_AND_UPWARD_CROSSING_INTERFACE_CONTRACT.md,763,explicit,o_peak_ready,text_mismatch,### 14.3 峰谷事件输入
contracts/PPG_CONTRACT_CLOSURE_MATRIX.md,2312,ppg_system_integration/PPG_DYNAMIC_BASELINE_SLOPE_AND_UPWARD_CROSSING_INTERFACE_CONTRACT.md:763,ppg_system_integration/PPG_DYNAMIC_BASELINE_SLOPE_AND_UPWARD_CROSSING_INTERFACE_CONTRACT.md,763,explicit,i_peak_value,text_mismatch,### 14.3 峰谷事件输入
contracts/PPG_CONTRACT_CLOSURE_MATRIX.md,2313,ppg_system_integration/PPG_DYNAMIC_BASELINE_SLOPE_AND_UPWARD_CROSSING_INTERFACE_CONTRACT.md:763,ppg_system_integration/PPG_DYNAMIC_BASELINE_SLOPE_AND_UPWARD_CROSSING_INTERFACE_CONTRACT.md,763,explicit,i_peak_frame_id,text_mismatch,### 14.3 峰谷事件输入
contracts/PPG_CONTRACT_CLOSURE_MATRIX.md,2314,ppg_system_integration/PPG_DYNAMIC_BASELINE_SLOPE_AND_UPWARD_CROSSING_INTERFACE_CONTRACT.md:763,ppg_system_integration/PPG_DYNAMIC_BASELINE_SLOPE_AND_UPWARD_CROSSING_INTERFACE_CONTRACT.md,763,explicit,i_peak_sample_index,text_mismatch,### 14.3 峰谷事件输入
contracts/PPG_CONTRACT_CLOSURE_MATRIX.md,2315,ppg_system_integration/PPG_DYNAMIC_BASELINE_SLOPE_AND_UPWARD_CROSSING_INTERFACE_CONTRACT.md:763,ppg_system_integration/PPG_DYNAMIC_BASELINE_SLOPE_AND_UPWARD_CROSSING_INTERFACE_CONTRACT.md,763,explicit,i_peak_config_epoch,text_mismatch,### 14.3 峰谷事件输入
contracts/PPG_CONTRACT_CLOSURE_MATRIX.md,2316,ppg_system_integration/PPG_DYNAMIC_BASELINE_SLOPE_AND_UPWARD_CROSSING_INTERFACE_CONTRACT.md:763,ppg_system_integration/PPG_DYNAMIC_BASELINE_SLOPE_AND_UPWARD_CROSSING_INTERFACE_CONTRACT.md,763,explicit,i_peak_coef_epoch,text_mismatch,### 14.3 峰谷事件输入
contracts/PPG_CONTRACT_CLOSURE_MATRIX.md,2317,ppg_system_integration/PPG_DYNAMIC_BASELINE_SLOPE_AND_UPWARD_CROSSING_INTERFACE_CONTRACT.md:763,ppg_system_integration/PPG_DYNAMIC_BASELINE_SLOPE_AND_UPWARD_CROSSING_INTERFACE_CONTRACT.md,763,explicit,i_peak_dc_recovery_coef_epoch,text_mismatch,### 14.3 峰谷事件输入
contracts/PPG_CONTRACT_CLOSURE_MATRIX.md,2318,ppg_system_integration/PPG_DYNAMIC_BASELINE_SLOPE_AND_UPWARD_CROSSING_INTERFACE_CONTRACT.md:763,ppg_system_integration/PPG_DYNAMIC_BASELINE_SLOPE_AND_UPWARD_CROSSING_INTERFACE_CONTRACT.md,763,explicit,i_valley_valid,text_mismatch,### 14.3 峰谷事件输入
contracts/PPG_CONTRACT_CLOSURE_MATRIX.md,2319,ppg_system_integration/PPG_DYNAMIC_BASELINE_SLOPE_AND_UPWARD_CROSSING_INTERFACE_CONTRACT.md:763,ppg_system_integration/PPG_DYNAMIC_BASELINE_SLOPE_AND_UPWARD_CROSSING_INTERFACE_CONTRACT.md,763,explicit,o_valley_ready,text_mismatch,### 14.3 峰谷事件输入
contracts/PPG_CONTRACT_CLOSURE_MATRIX.md,2320,ppg_system_integration/PPG_DYNAMIC_BASELINE_SLOPE_AND_UPWARD_CROSSING_INTERFACE_CONTRACT.md:763,ppg_system_integration/PPG_DYNAMIC_BASELINE_SLOPE_AND_UPWARD_CROSSING_INTERFACE_CONTRACT.md,763,explicit,i_valley_value,text_mismatch,### 14.3 峰谷事件输入
contracts/PPG_CONTRACT_CLOSURE_MATRIX.md,2321,ppg_system_integration/PPG_DYNAMIC_BASELINE_SLOPE_AND_UPWARD_CROSSING_INTERFACE_CONTRACT.md:763,ppg_system_integration/PPG_DYNAMIC_BASELINE_SLOPE_AND_UPWARD_CROSSING_INTERFACE_CONTRACT.md,763,explicit,i_valley_frame_id,text_mismatch,### 14.3 峰谷事件输入
contracts/PPG_CONTRACT_CLOSURE_MATRIX.md,2322,ppg_system_integration/PPG_DYNAMIC_BASELINE_SLOPE_AND_UPWARD_CROSSING_INTERFACE_CONTRACT.md:763,ppg_system_integration/PPG_DYNAMIC_BASELINE_SLOPE_AND_UPWARD_CROSSING_INTERFACE_CONTRACT.md,763,explicit,i_valley_sample_index,text_mismatch,### 14.3 峰谷事件输入
contracts/PPG_CONTRACT_CLOSURE_MATRIX.md,2323,ppg_system_integration/PPG_DYNAMIC_BASELINE_SLOPE_AND_UPWARD_CROSSING_INTERFACE_CONTRACT.md:763,ppg_system_integration/PPG_DYNAMIC_BASELINE_SLOPE_AND_UPWARD_CROSSING_INTERFACE_CONTRACT.md,763,explicit,i_valley_config_epoch,text_mismatch,### 14.3 峰谷事件输入
contracts/PPG_CONTRACT_CLOSURE_MATRIX.md,2324,ppg_system_integration/PPG_DYNAMIC_BASELINE_SLOPE_AND_UPWARD_CROSSING_INTERFACE_CONTRACT.md:763,ppg_system_integration/PPG_DYNAMIC_BASELINE_SLOPE_AND_UPWARD_CROSSING_INTERFACE_CONTRACT.md,763,explicit,i_valley_coef_epoch,text_mismatch,### 14.3 峰谷事件输入
contracts/PPG_CONTRACT_CLOSURE_MATRIX.md,2325,ppg_system_integration/PPG_DYNAMIC_BASELINE_SLOPE_AND_UPWARD_CROSSING_INTERFACE_CONTRACT.md:763,ppg_system_integration/PPG_DYNAMIC_BASELINE_SLOPE_AND_UPWARD_CROSSING_INTERFACE_CONTRACT.md,763,explicit,i_valley_dc_recovery_coef_epoch,text_mismatch,### 14.3 峰谷事件输入
contracts/PPG_CONTRACT_CLOSURE_MATRIX.md,2326,ppg_system_integration/PPG_DYNAMIC_BASELINE_SLOPE_AND_UPWARD_CROSSING_INTERFACE_CONTRACT.md:781,ppg_system_integration/PPG_DYNAMIC_BASELINE_SLOPE_AND_UPWARD_CROSSING_INTERFACE_CONTRACT.md,781,explicit,i_slope_mode,text_mismatch,### 14.4 ACTIVE逻辑配置输入
contracts/PPG_CONTRACT_CLOSURE_MATRIX.md,2327,ppg_system_integration/PPG_DYNAMIC_BASELINE_SLOPE_AND_UPWARD_CROSSING_INTERFACE_CONTRACT.md:781,ppg_system_integration/PPG_DYNAMIC_BASELINE_SLOPE_AND_UPWARD_CROSSING_INTERFACE_CONTRACT.md,781,explicit,i_fixed_slope_q16,text_mismatch,### 14.4 ACTIVE逻辑配置输入
contracts/PPG_CONTRACT_CLOSURE_MATRIX.md,2328,ppg_system_integration/PPG_DYNAMIC_BASELINE_SLOPE_AND_UPWARD_CROSSING_INTERFACE_CONTRACT.md:781,ppg_system_integration/PPG_DYNAMIC_BASELINE_SLOPE_AND_UPWARD_CROSSING_INTERFACE_CONTRACT.md,781,explicit,i_alpha_q15,text_mismatch,### 14.4 ACTIVE逻辑配置输入
contracts/PPG_CONTRACT_CLOSURE_MATRIX.md,2329,ppg_system_integration/PPG_DYNAMIC_BASELINE_SLOPE_AND_UPWARD_CROSSING_INTERFACE_CONTRACT.md:781,ppg_system_integration/PPG_DYNAMIC_BASELINE_SLOPE_AND_UPWARD_CROSSING_INTERFACE_CONTRACT.md,781,explicit,i_beta_q15,text_mismatch,### 14.4 ACTIVE逻辑配置输入
contracts/PPG_CONTRACT_CLOSURE_MATRIX.md,2330,ppg_system_integration/PPG_DYNAMIC_BASELINE_SLOPE_AND_UPWARD_CROSSING_INTERFACE_CONTRACT.md:781,ppg_system_integration/PPG_DYNAMIC_BASELINE_SLOPE_AND_UPWARD_CROSSING_INTERFACE_CONTRACT.md,781,explicit,i_timing_adjust_ratio_q15,text_mismatch,### 14.4 ACTIVE逻辑配置输入
contracts/PPG_CONTRACT_CLOSURE_MATRIX.md,2331,ppg_system_integration/PPG_DYNAMIC_BASELINE_SLOPE_AND_UPWARD_CROSSING_INTERFACE_CONTRACT.md:781,ppg_system_integration/PPG_DYNAMIC_BASELINE_SLOPE_AND_UPWARD_CROSSING_INTERFACE_CONTRACT.md,781,explicit,i_slope_min_q16,text_mismatch,### 14.4 ACTIVE逻辑配置输入
contracts/PPG_CONTRACT_CLOSURE_MATRIX.md,2332,ppg_system_integration/PPG_DYNAMIC_BASELINE_SLOPE_AND_UPWARD_CROSSING_INTERFACE_CONTRACT.md:781,ppg_system_integration/PPG_DYNAMIC_BASELINE_SLOPE_AND_UPWARD_CROSSING_INTERFACE_CONTRACT.md,781,explicit,i_slope_max_q16,text_mismatch,### 14.4 ACTIVE逻辑配置输入
contracts/PPG_CONTRACT_CLOSURE_MATRIX.md,2333,ppg_system_integration/PPG_DYNAMIC_BASELINE_SLOPE_AND_UPWARD_CROSSING_INTERFACE_CONTRACT.md:781,ppg_system_integration/PPG_DYNAMIC_BASELINE_SLOPE_AND_UPWARD_CROSSING_INTERFACE_CONTRACT.md,781,explicit,i_baseline_delta_q16,text_mismatch,### 14.4 ACTIVE逻辑配置输入
contracts/PPG_CONTRACT_CLOSURE_MATRIX.md,2334,ppg_system_integration/PPG_DYNAMIC_BASELINE_SLOPE_AND_UPWARD_CROSSING_INTERFACE_CONTRACT.md:781,ppg_system_integration/PPG_DYNAMIC_BASELINE_SLOPE_AND_UPWARD_CROSSING_INTERFACE_CONTRACT.md,781,explicit,i_cross_hysteresis_q16,text_mismatch,### 14.4 ACTIVE逻辑配置输入
contracts/PPG_CONTRACT_CLOSURE_MATRIX.md,2335,ppg_system_integration/PPG_DYNAMIC_BASELINE_SLOPE_AND_UPWARD_CROSSING_INTERFACE_CONTRACT.md:781,ppg_system_integration/PPG_DYNAMIC_BASELINE_SLOPE_AND_UPWARD_CROSSING_INTERFACE_CONTRACT.md,781,explicit,i_lead_min_frames,text_mismatch,### 14.4 ACTIVE逻辑配置输入
contracts/PPG_CONTRACT_CLOSURE_MATRIX.md,2336,ppg_system_integration/PPG_DYNAMIC_BASELINE_SLOPE_AND_UPWARD_CROSSING_INTERFACE_CONTRACT.md:781,ppg_system_integration/PPG_DYNAMIC_BASELINE_SLOPE_AND_UPWARD_CROSSING_INTERFACE_CONTRACT.md,781,explicit,i_lead_max_frames,text_mismatch,### 14.4 ACTIVE逻辑配置输入
contracts/PPG_CONTRACT_CLOSURE_MATRIX.md,2337,ppg_system_integration/PPG_DYNAMIC_BASELINE_SLOPE_AND_UPWARD_CROSSING_INTERFACE_CONTRACT.md:781,ppg_system_integration/PPG_DYNAMIC_BASELINE_SLOPE_AND_UPWARD_CROSSING_INTERFACE_CONTRACT.md,781,explicit,i_cross_confirm_count,text_mismatch,### 14.4 ACTIVE逻辑配置输入
contracts/PPG_CONTRACT_CLOSURE_MATRIX.md,2338,ppg_system_integration/PPG_DYNAMIC_BASELINE_SLOPE_AND_UPWARD_CROSSING_INTERFACE_CONTRACT.md:781,ppg_system_integration/PPG_DYNAMIC_BASELINE_SLOPE_AND_UPWARD_CROSSING_INTERFACE_CONTRACT.md,781,explicit,i_no_cross_limit,text_mismatch,### 14.4 ACTIVE逻辑配置输入
contracts/PPG_CONTRACT_CLOSURE_MATRIX.md,2339,ppg_system_integration/PPG_DYNAMIC_BASELINE_SLOPE_AND_UPWARD_CROSSING_INTERFACE_CONTRACT.md:781,ppg_system_integration/PPG_DYNAMIC_BASELINE_SLOPE_AND_UPWARD_CROSSING_INTERFACE_CONTRACT.md,781,explicit,i_peak_valley_config_valid,text_mismatch,### 14.4 ACTIVE逻辑配置输入
contracts/PPG_CONTRACT_CLOSURE_MATRIX.md,2340,ppg_system_integration/PPG_DYNAMIC_BASELINE_SLOPE_AND_UPWARD_CROSSING_INTERFACE_CONTRACT.md:708,ppg_system_integration/PPG_DYNAMIC_BASELINE_SLOPE_AND_UPWARD_CROSSING_INTERFACE_CONTRACT.md,708,explicit,i_cross_ready,text_mismatch,### 13.3 相交事件输出
contracts/PPG_CONTRACT_CLOSURE_MATRIX.md,2341,ppg_system_integration/PPG_DYNAMIC_BASELINE_SLOPE_AND_UPWARD_CROSSING_INTERFACE_CONTRACT.md:708,ppg_system_integration/PPG_DYNAMIC_BASELINE_SLOPE_AND_UPWARD_CROSSING_INTERFACE_CONTRACT.md,708,explicit,o_cross_valid,text_mismatch,### 13.3 相交事件输出
contracts/PPG_CONTRACT_CLOSURE_MATRIX.md,2341,"ppg_precision_window_integration.v:768,1103",ppg_precision_window_integration.v,"768,1103",explicit,,out_of_bounds,
contracts/PPG_CONTRACT_CLOSURE_MATRIX.md,2342,ppg_system_integration/PPG_DYNAMIC_BASELINE_SLOPE_AND_UPWARD_CROSSING_INTERFACE_CONTRACT.md:708,ppg_system_integration/PPG_DYNAMIC_BASELINE_SLOPE_AND_UPWARD_CROSSING_INTERFACE_CONTRACT.md,708,explicit,o_cross_frame_id,text_mismatch,### 13.3 相交事件输出
contracts/PPG_CONTRACT_CLOSURE_MATRIX.md,2343,ppg_system_integration/PPG_DYNAMIC_BASELINE_SLOPE_AND_UPWARD_CROSSING_INTERFACE_CONTRACT.md:708,ppg_system_integration/PPG_DYNAMIC_BASELINE_SLOPE_AND_UPWARD_CROSSING_INTERFACE_CONTRACT.md,708,explicit,o_cross_sample_index,text_mismatch,### 13.3 相交事件输出
contracts/PPG_CONTRACT_CLOSURE_MATRIX.md,2344,ppg_system_integration/PPG_DYNAMIC_BASELINE_SLOPE_AND_UPWARD_CROSSING_INTERFACE_CONTRACT.md:708,ppg_system_integration/PPG_DYNAMIC_BASELINE_SLOPE_AND_UPWARD_CROSSING_INTERFACE_CONTRACT.md,708,explicit,o_cross_time_unknown,text_mismatch,### 13.3 相交事件输出
contracts/PPG_CONTRACT_CLOSURE_MATRIX.md,2345,ppg_system_integration/PPG_DYNAMIC_BASELINE_SLOPE_AND_UPWARD_CROSSING_INTERFACE_CONTRACT.md:708,ppg_system_integration/PPG_DYNAMIC_BASELINE_SLOPE_AND_UPWARD_CROSSING_INTERFACE_CONTRACT.md,708,explicit,o_cross_config_epoch,text_mismatch,### 13.3 相交事件输出
contracts/PPG_CONTRACT_CLOSURE_MATRIX.md,2346,ppg_system_integration/PPG_DYNAMIC_BASELINE_SLOPE_AND_UPWARD_CROSSING_INTERFACE_CONTRACT.md:708,ppg_system_integration/PPG_DYNAMIC_BASELINE_SLOPE_AND_UPWARD_CROSSING_INTERFACE_CONTRACT.md,708,explicit,o_cross_coef_epoch,text_mismatch,### 13.3 相交事件输出
contracts/PPG_CONTRACT_CLOSURE_MATRIX.md,2347,ppg_system_integration/PPG_DYNAMIC_BASELINE_SLOPE_AND_UPWARD_CROSSING_INTERFACE_CONTRACT.md:708,ppg_system_integration/PPG_DYNAMIC_BASELINE_SLOPE_AND_UPWARD_CROSSING_INTERFACE_CONTRACT.md,708,explicit,o_cross_dc_recovery_coef_epoch,text_mismatch,### 13.3 相交事件输出
contracts/PPG_CONTRACT_CLOSURE_MATRIX.md,2348,ppg_system_integration/PPG_DYNAMIC_BASELINE_SLOPE_AND_UPWARD_CROSSING_INTERFACE_CONTRACT.md:708,ppg_system_integration/PPG_DYNAMIC_BASELINE_SLOPE_AND_UPWARD_CROSSING_INTERFACE_CONTRACT.md,708,explicit,o_cross_slope_q16,text_mismatch,### 13.3 相交事件输出
contracts/PPG_CONTRACT_CLOSURE_MATRIX.md,2349,ppg_system_integration/PPG_DYNAMIC_BASELINE_SLOPE_AND_UPWARD_CROSSING_INTERFACE_CONTRACT.md:708,ppg_system_integration/PPG_DYNAMIC_BASELINE_SLOPE_AND_UPWARD_CROSSING_INTERFACE_CONTRACT.md,708,explicit,o_cross_baseline_q16,text_mismatch,### 13.3 相交事件输出
contracts/PPG_CONTRACT_CLOSURE_MATRIX.md,2350,ppg_system_integration/PPG_DYNAMIC_BASELINE_SLOPE_AND_UPWARD_CROSSING_INTERFACE_CONTRACT.md:806,ppg_system_integration/PPG_DYNAMIC_BASELINE_SLOPE_AND_UPWARD_CROSSING_INTERFACE_CONTRACT.md,806,explicit,o_baseline_valid,text_mismatch,### 14.5 相交和状态输出
contracts/PPG_CONTRACT_CLOSURE_MATRIX.md,2350,"ppg_precision_window_integration.v:777,1107",ppg_precision_window_integration.v,"777,1107",explicit,,out_of_bounds,
contracts/PPG_CONTRACT_CLOSURE_MATRIX.md,2351,ppg_system_integration/PPG_DYNAMIC_BASELINE_SLOPE_AND_UPWARD_CROSSING_INTERFACE_CONTRACT.md:806,ppg_system_integration/PPG_DYNAMIC_BASELINE_SLOPE_AND_UPWARD_CROSSING_INTERFACE_CONTRACT.md,806,explicit,o_adaptive_slope_valid,text_mismatch,### 14.5 相交和状态输出
contracts/PPG_CONTRACT_CLOSURE_MATRIX.md,2352,ppg_system_integration/PPG_DYNAMIC_BASELINE_SLOPE_AND_UPWARD_CROSSING_INTERFACE_CONTRACT.md:806,ppg_system_integration/PPG_DYNAMIC_BASELINE_SLOPE_AND_UPWARD_CROSSING_INTERFACE_CONTRACT.md,806,explicit,o_slope_current_q16,text_mismatch,### 14.5 相交和状态输出
contracts/PPG_CONTRACT_CLOSURE_MATRIX.md,2352,"ppg_precision_window_integration.v:779,1112",ppg_precision_window_integration.v,"779,1112",explicit,,out_of_bounds,
contracts/PPG_CONTRACT_CLOSURE_MATRIX.md,2353,ppg_system_integration/PPG_DYNAMIC_BASELINE_SLOPE_AND_UPWARD_CROSSING_INTERFACE_CONTRACT.md:806,ppg_system_integration/PPG_DYNAMIC_BASELINE_SLOPE_AND_UPWARD_CROSSING_INTERFACE_CONTRACT.md,806,explicit,o_slope_base_q16,text_mismatch,### 14.5 相交和状态输出
contracts/PPG_CONTRACT_CLOSURE_MATRIX.md,2354,ppg_system_integration/PPG_DYNAMIC_BASELINE_SLOPE_AND_UPWARD_CROSSING_INTERFACE_CONTRACT.md:806,ppg_system_integration/PPG_DYNAMIC_BASELINE_SLOPE_AND_UPWARD_CROSSING_INTERFACE_CONTRACT.md,806,explicit,o_last_lead_frames,text_mismatch,### 14.5 相交和状态输出
contracts/PPG_CONTRACT_CLOSURE_MATRIX.md,2355,ppg_system_integration/PPG_DYNAMIC_BASELINE_SLOPE_AND_UPWARD_CROSSING_INTERFACE_CONTRACT.md:806,ppg_system_integration/PPG_DYNAMIC_BASELINE_SLOPE_AND_UPWARD_CROSSING_INTERFACE_CONTRACT.md,806,explicit,o_no_cross_count,text_mismatch,### 14.5 相交和状态输出
contracts/PPG_CONTRACT_CLOSURE_MATRIX.md,2356,ppg_system_integration/PPG_DYNAMIC_BASELINE_SLOPE_AND_UPWARD_CROSSING_INTERFACE_CONTRACT.md:806,ppg_system_integration/PPG_DYNAMIC_BASELINE_SLOPE_AND_UPWARD_CROSSING_INTERFACE_CONTRACT.md,806,explicit,o_reacquire_active,text_mismatch,### 14.5 相交和状态输出
contracts/PPG_CONTRACT_CLOSURE_MATRIX.md,2356,"ppg_precision_window_integration.v:783,1108",ppg_precision_window_integration.v,"783,1108",explicit,,out_of_bounds,
contracts/PPG_CONTRACT_CLOSURE_MATRIX.md,2357,ppg_system_integration/PPG_DYNAMIC_BASELINE_SLOPE_AND_UPWARD_CROSSING_INTERFACE_CONTRACT.md:806,ppg_system_integration/PPG_DYNAMIC_BASELINE_SLOPE_AND_UPWARD_CROSSING_INTERFACE_CONTRACT.md,806,explicit,o_slope_saturation_min,text_mismatch,### 14.5 相交和状态输出
contracts/PPG_CONTRACT_CLOSURE_MATRIX.md,2358,ppg_system_integration/PPG_DYNAMIC_BASELINE_SLOPE_AND_UPWARD_CROSSING_INTERFACE_CONTRACT.md:806,ppg_system_integration/PPG_DYNAMIC_BASELINE_SLOPE_AND_UPWARD_CROSSING_INTERFACE_CONTRACT.md,806,explicit,o_slope_saturation_max,text_mismatch,### 14.5 相交和状态输出
contracts/PPG_CONTRACT_CLOSURE_MATRIX.md,2359,ppg_system_integration/PPG_DYNAMIC_BASELINE_SLOPE_AND_UPWARD_CROSSING_INTERFACE_CONTRACT.md:806,ppg_system_integration/PPG_DYNAMIC_BASELINE_SLOPE_AND_UPWARD_CROSSING_INTERFACE_CONTRACT.md,806,explicit,o_baseline_saturation_low,text_mismatch,### 14.5 相交和状态输出
contracts/PPG_CONTRACT_CLOSURE_MATRIX.md,2360,ppg_system_integration/PPG_DYNAMIC_BASELINE_SLOPE_AND_UPWARD_CROSSING_INTERFACE_CONTRACT.md:806,ppg_system_integration/PPG_DYNAMIC_BASELINE_SLOPE_AND_UPWARD_CROSSING_INTERFACE_CONTRACT.md,806,explicit,o_baseline_saturation_high,text_mismatch,### 14.5 相交和状态输出
contracts/PPG_CONTRACT_CLOSURE_MATRIX.md,2361,ppg_system_integration/PPG_DYNAMIC_BASELINE_SLOPE_AND_UPWARD_CROSSING_INTERFACE_CONTRACT.md:806,ppg_system_integration/PPG_DYNAMIC_BASELINE_SLOPE_AND_UPWARD_CROSSING_INTERFACE_CONTRACT.md,806,explicit,o_protocol_error_sticky,text_mismatch,### 14.5 相交和状态输出
contracts/PPG_CONTRACT_CLOSURE_MATRIX.md,2361,"ppg_precision_window_integration.v:788,1113",ppg_precision_window_integration.v,"788,1113",explicit,,out_of_bounds,
contracts/PPG_CONTRACT_CLOSURE_MATRIX.md,2362,ppg_system_integration/PPG_PEAK_VALLEY_WINDOW_DETECTOR_INTERFACE_CONTRACT.md:664,ppg_system_integration/PPG_PEAK_VALLEY_WINDOW_DETECTOR_INTERFACE_CONTRACT.md,664,explicit,i_clk,text_mismatch,### 14.1 全局和生命周期
contracts/PPG_CONTRACT_CLOSURE_MATRIX.md,2363,ppg_system_integration/PPG_PEAK_VALLEY_WINDOW_DETECTOR_INTERFACE_CONTRACT.md:664,ppg_system_integration/PPG_PEAK_VALLEY_WINDOW_DETECTOR_INTERFACE_CONTRACT.md,664,explicit,i_rstn,text_mismatch,### 14.1 全局和生命周期
contracts/PPG_CONTRACT_CLOSURE_MATRIX.md,2364,ppg_system_integration/PPG_PEAK_VALLEY_WINDOW_DETECTOR_INTERFACE_CONTRACT.md:664,ppg_system_integration/PPG_PEAK_VALLEY_WINDOW_DETECTOR_INTERFACE_CONTRACT.md,664,explicit,i_run_enable,text_mismatch,### 14.1 全局和生命周期
contracts/PPG_CONTRACT_CLOSURE_MATRIX.md,2365,ppg_system_integration/PPG_PEAK_VALLEY_WINDOW_DETECTOR_INTERFACE_CONTRACT.md:664,ppg_system_integration/PPG_PEAK_VALLEY_WINDOW_DETECTOR_INTERFACE_CONTRACT.md,664,explicit,i_start_ack_event,text_mismatch,### 14.1 全局和生命周期
contracts/PPG_CONTRACT_CLOSURE_MATRIX.md,2366,ppg_system_integration/PPG_PEAK_VALLEY_WINDOW_DETECTOR_INTERFACE_CONTRACT.md:664,ppg_system_integration/PPG_PEAK_VALLEY_WINDOW_DETECTOR_INTERFACE_CONTRACT.md,664,explicit,i_diag_clear_event,text_mismatch,### 14.1 全局和生命周期
contracts/PPG_CONTRACT_CLOSURE_MATRIX.md,2367,ppg_system_integration/PPG_PEAK_VALLEY_WINDOW_DETECTOR_INTERFACE_CONTRACT.md:664,ppg_system_integration/PPG_PEAK_VALLEY_WINDOW_DETECTOR_INTERFACE_CONTRACT.md,664,explicit,i_recheck_accept_event,text_mismatch,### 14.1 全局和生命周期
contracts/PPG_CONTRACT_CLOSURE_MATRIX.md,2368,ppg_system_integration/PPG_PEAK_VALLEY_WINDOW_DETECTOR_INTERFACE_CONTRACT.md:664,ppg_system_integration/PPG_PEAK_VALLEY_WINDOW_DETECTOR_INTERFACE_CONTRACT.md,664,explicit,i_recheck_busy,text_mismatch,### 14.1 全局和生命周期
contracts/PPG_CONTRACT_CLOSURE_MATRIX.md,2369,ppg_system_integration/PPG_PEAK_VALLEY_WINDOW_DETECTOR_INTERFACE_CONTRACT.md:664,ppg_system_integration/PPG_PEAK_VALLEY_WINDOW_DETECTOR_INTERFACE_CONTRACT.md,664,explicit,i_recheck_done_event,text_mismatch,### 14.1 全局和生命周期
contracts/PPG_CONTRACT_CLOSURE_MATRIX.md,2370,ppg_system_integration/PPG_PEAK_VALLEY_WINDOW_DETECTOR_INTERFACE_CONTRACT.md:664,ppg_system_integration/PPG_PEAK_VALLEY_WINDOW_DETECTOR_INTERFACE_CONTRACT.md,664,explicit,i_recheck_success,text_mismatch,### 14.1 全局和生命周期
contracts/PPG_CONTRACT_CLOSURE_MATRIX.md,2371,ppg_system_integration/PPG_PEAK_VALLEY_WINDOW_DETECTOR_INTERFACE_CONTRACT.md:664,ppg_system_integration/PPG_PEAK_VALLEY_WINDOW_DETECTOR_INTERFACE_CONTRACT.md,664,explicit,i_reacquire_active,text_mismatch,### 14.1 全局和生命周期
contracts/PPG_CONTRACT_CLOSURE_MATRIX.md,2372,ppg_system_integration/PPG_PEAK_VALLEY_WINDOW_DETECTOR_INTERFACE_CONTRACT.md:765,ppg_system_integration/PPG_PEAK_VALLEY_WINDOW_DETECTOR_INTERFACE_CONTRACT.md,765,explicit,i_detection_discard_event,text_mismatch,### 14.1 V2.3 detection lifecycle ports
contracts/PPG_CONTRACT_CLOSURE_MATRIX.md,2373,ppg_system_integration/PPG_PEAK_VALLEY_WINDOW_DETECTOR_INTERFACE_CONTRACT.md:765,ppg_system_integration/PPG_PEAK_VALLEY_WINDOW_DETECTOR_INTERFACE_CONTRACT.md,765,explicit,i_detection_discard_reason,text_mismatch,### 14.1 V2.3 detection lifecycle ports
contracts/PPG_CONTRACT_CLOSURE_MATRIX.md,2374,ppg_system_integration/PPG_PEAK_VALLEY_WINDOW_DETECTOR_INTERFACE_CONTRACT.md:765,ppg_system_integration/PPG_PEAK_VALLEY_WINDOW_DETECTOR_INTERFACE_CONTRACT.md,765,explicit,i_detection_discard_identity_valid,text_mismatch,### 14.1 V2.3 detection lifecycle ports
contracts/PPG_CONTRACT_CLOSURE_MATRIX.md,2375,ppg_system_integration/PPG_PEAK_VALLEY_WINDOW_DETECTOR_INTERFACE_CONTRACT.md:765,ppg_system_integration/PPG_PEAK_VALLEY_WINDOW_DETECTOR_INTERFACE_CONTRACT.md,765,explicit,i_detection_discard_sample_valid,text_mismatch,### 14.1 V2.3 detection lifecycle ports
contracts/PPG_CONTRACT_CLOSURE_MATRIX.md,2376,ppg_system_integration/PPG_PEAK_VALLEY_WINDOW_DETECTOR_INTERFACE_CONTRACT.md:765,ppg_system_integration/PPG_PEAK_VALLEY_WINDOW_DETECTOR_INTERFACE_CONTRACT.md,765,explicit,i_detection_discard_frame_id,text_mismatch,### 14.1 V2.3 detection lifecycle ports
contracts/PPG_CONTRACT_CLOSURE_MATRIX.md,2377,ppg_system_integration/PPG_PEAK_VALLEY_WINDOW_DETECTOR_INTERFACE_CONTRACT.md:765,ppg_system_integration/PPG_PEAK_VALLEY_WINDOW_DETECTOR_INTERFACE_CONTRACT.md,765,explicit,i_detection_discard_sample_index,text_mismatch,### 14.1 V2.3 detection lifecycle ports
contracts/PPG_CONTRACT_CLOSURE_MATRIX.md,2378,ppg_system_integration/PPG_PEAK_VALLEY_WINDOW_DETECTOR_INTERFACE_CONTRACT.md:765,ppg_system_integration/PPG_PEAK_VALLEY_WINDOW_DETECTOR_INTERFACE_CONTRACT.md,765,explicit,i_detection_discard_color_ir,text_mismatch,### 14.1 V2.3 detection lifecycle ports
contracts/PPG_CONTRACT_CLOSURE_MATRIX.md,2379,ppg_system_integration/PPG_PEAK_VALLEY_WINDOW_DETECTOR_INTERFACE_CONTRACT.md:765,ppg_system_integration/PPG_PEAK_VALLEY_WINDOW_DETECTOR_INTERFACE_CONTRACT.md,765,explicit,i_detection_discard_frame_type,text_mismatch,### 14.1 V2.3 detection lifecycle ports
contracts/PPG_CONTRACT_CLOSURE_MATRIX.md,2380,ppg_system_integration/PPG_PEAK_VALLEY_WINDOW_DETECTOR_INTERFACE_CONTRACT.md:765,ppg_system_integration/PPG_PEAK_VALLEY_WINDOW_DETECTOR_INTERFACE_CONTRACT.md,765,explicit,i_detection_discard_precision,text_mismatch,### 14.1 V2.3 detection lifecycle ports
contracts/PPG_CONTRACT_CLOSURE_MATRIX.md,2381,ppg_system_integration/PPG_PEAK_VALLEY_WINDOW_DETECTOR_INTERFACE_CONTRACT.md:765,ppg_system_integration/PPG_PEAK_VALLEY_WINDOW_DETECTOR_INTERFACE_CONTRACT.md,765,explicit,i_detection_discard_config_epoch,text_mismatch,### 14.1 V2.3 detection lifecycle ports
contracts/PPG_CONTRACT_CLOSURE_MATRIX.md,2382,ppg_system_integration/PPG_PEAK_VALLEY_WINDOW_DETECTOR_INTERFACE_CONTRACT.md:765,ppg_system_integration/PPG_PEAK_VALLEY_WINDOW_DETECTOR_INTERFACE_CONTRACT.md,765,explicit,i_detection_discard_coef_epoch,text_mismatch,### 14.1 V2.3 detection lifecycle ports
contracts/PPG_CONTRACT_CLOSURE_MATRIX.md,2383,ppg_system_integration/PPG_PEAK_VALLEY_WINDOW_DETECTOR_INTERFACE_CONTRACT.md:765,ppg_system_integration/PPG_PEAK_VALLEY_WINDOW_DETECTOR_INTERFACE_CONTRACT.md,765,explicit,i_detection_discard_dc_recovery_epoch,text_mismatch,### 14.1 V2.3 detection lifecycle ports
contracts/PPG_CONTRACT_CLOSURE_MATRIX.md,2384,ppg_system_integration/PPG_PEAK_VALLEY_WINDOW_DETECTOR_INTERFACE_CONTRACT.md:765,ppg_system_integration/PPG_PEAK_VALLEY_WINDOW_DETECTOR_INTERFACE_CONTRACT.md,765,explicit,i_detection_discard_amb_code_epoch,text_mismatch,### 14.1 V2.3 detection lifecycle ports
contracts/PPG_CONTRACT_CLOSURE_MATRIX.md,2385,ppg_system_integration/PPG_PEAK_VALLEY_WINDOW_DETECTOR_INTERFACE_CONTRACT.md:765,ppg_system_integration/PPG_PEAK_VALLEY_WINDOW_DETECTOR_INTERFACE_CONTRACT.md,765,explicit,i_detection_discard_dc_code_epoch,text_mismatch,### 14.1 V2.3 detection lifecycle ports
contracts/PPG_CONTRACT_CLOSURE_MATRIX.md,2386,ppg_system_integration/PPG_PEAK_VALLEY_WINDOW_DETECTOR_INTERFACE_CONTRACT.md:765,ppg_system_integration/PPG_PEAK_VALLEY_WINDOW_DETECTOR_INTERFACE_CONTRACT.md,765,explicit,i_detection_discard_run_generation,text_mismatch,### 14.1 V2.3 detection lifecycle ports
contracts/PPG_CONTRACT_CLOSURE_MATRIX.md,2387,ppg_system_integration/PPG_PEAK_VALLEY_WINDOW_DETECTOR_INTERFACE_CONTRACT.md:664,ppg_system_integration/PPG_PEAK_VALLEY_WINDOW_DETECTOR_INTERFACE_CONTRACT.md,664,explicit,i_run_generation,text_mismatch,### 14.1 全局和生命周期
contracts/PPG_CONTRACT_CLOSURE_MATRIX.md,2388,ppg_system_integration/PPG_PEAK_VALLEY_WINDOW_DETECTOR_INTERFACE_CONTRACT.md:664,ppg_system_integration/PPG_PEAK_VALLEY_WINDOW_DETECTOR_INTERFACE_CONTRACT.md,664,explicit,o_local_empty,text_mismatch,### 14.1 全局和生命周期
contracts/PPG_CONTRACT_CLOSURE_MATRIX.md,2389,ppg_system_integration/PPG_PEAK_VALLEY_WINDOW_DETECTOR_INTERFACE_CONTRACT.md:679,ppg_system_integration/PPG_PEAK_VALLEY_WINDOW_DETECTOR_INTERFACE_CONTRACT.md,679,explicit,i_peak_confirm_count,text_mismatch,### 14.2 ACTIVE配置输入
contracts/PPG_CONTRACT_CLOSURE_MATRIX.md,2390,ppg_system_integration/PPG_PEAK_VALLEY_WINDOW_DETECTOR_INTERFACE_CONTRACT.md:679,ppg_system_integration/PPG_PEAK_VALLEY_WINDOW_DETECTOR_INTERFACE_CONTRACT.md,679,explicit,i_valley_confirm_count,text_mismatch,### 14.2 ACTIVE配置输入
contracts/PPG_CONTRACT_CLOSURE_MATRIX.md,2391,ppg_system_integration/PPG_PEAK_VALLEY_WINDOW_DETECTOR_INTERFACE_CONTRACT.md:679,ppg_system_integration/PPG_PEAK_VALLEY_WINDOW_DETECTOR_INTERFACE_CONTRACT.md,679,explicit,i_direction_deadband,text_mismatch,### 14.2 ACTIVE配置输入
contracts/PPG_CONTRACT_CLOSURE_MATRIX.md,2392,ppg_system_integration/PPG_PEAK_VALLEY_WINDOW_DETECTOR_INTERFACE_CONTRACT.md:679,ppg_system_integration/PPG_PEAK_VALLEY_WINDOW_DETECTOR_INTERFACE_CONTRACT.md,679,explicit,i_min_peak_valley_amplitude,text_mismatch,### 14.2 ACTIVE配置输入
contracts/PPG_CONTRACT_CLOSURE_MATRIX.md,2393,ppg_system_integration/PPG_PEAK_VALLEY_WINDOW_DETECTOR_INTERFACE_CONTRACT.md:679,ppg_system_integration/PPG_PEAK_VALLEY_WINDOW_DETECTOR_INTERFACE_CONTRACT.md,679,explicit,i_min_peak_to_valley_frames,text_mismatch,### 14.2 ACTIVE配置输入
contracts/PPG_CONTRACT_CLOSURE_MATRIX.md,2394,ppg_system_integration/PPG_PEAK_VALLEY_WINDOW_DETECTOR_INTERFACE_CONTRACT.md:679,ppg_system_integration/PPG_PEAK_VALLEY_WINDOW_DETECTOR_INTERFACE_CONTRACT.md,679,explicit,i_min_peak_to_peak_frames,text_mismatch,### 14.2 ACTIVE配置输入
contracts/PPG_CONTRACT_CLOSURE_MATRIX.md,2395,ppg_system_integration/PPG_PEAK_VALLEY_WINDOW_DETECTOR_INTERFACE_CONTRACT.md:679,ppg_system_integration/PPG_PEAK_VALLEY_WINDOW_DETECTOR_INTERFACE_CONTRACT.md,679,explicit,i_max_fine_window_frames,text_mismatch,### 14.2 ACTIVE配置输入
contracts/PPG_CONTRACT_CLOSURE_MATRIX.md,2396,ppg_system_integration/PPG_PEAK_VALLEY_WINDOW_DETECTOR_INTERFACE_CONTRACT.md:679,ppg_system_integration/PPG_PEAK_VALLEY_WINDOW_DETECTOR_INTERFACE_CONTRACT.md,679,explicit,i_max_reacquire_frames,text_mismatch,### 14.2 ACTIVE配置输入
contracts/PPG_CONTRACT_CLOSURE_MATRIX.md,2397,ppg_system_integration/PPG_PEAK_VALLEY_WINDOW_DETECTOR_INTERFACE_CONTRACT.md:679,ppg_system_integration/PPG_PEAK_VALLEY_WINDOW_DETECTOR_INTERFACE_CONTRACT.md,679,explicit,i_peak_valley_config_valid,text_mismatch,### 14.2 ACTIVE配置输入
contracts/PPG_CONTRACT_CLOSURE_MATRIX.md,2398,ppg_system_integration/PPG_PEAK_VALLEY_WINDOW_DETECTOR_INTERFACE_CONTRACT.md:679,ppg_system_integration/PPG_PEAK_VALLEY_WINDOW_DETECTOR_INTERFACE_CONTRACT.md,679,explicit,i_characterization_mode,text_mismatch,### 14.2 ACTIVE配置输入
contracts/PPG_CONTRACT_CLOSURE_MATRIX.md,2399,ppg_system_integration/PPG_PEAK_VALLEY_WINDOW_DETECTOR_INTERFACE_CONTRACT.md:694,ppg_system_integration/PPG_PEAK_VALLEY_WINDOW_DETECTOR_INTERFACE_CONTRACT.md,694,explicit,i_result_valid,text_mismatch,### 14.3 FIR输入事务
contracts/PPG_CONTRACT_CLOSURE_MATRIX.md,2400,ppg_system_integration/PPG_PEAK_VALLEY_WINDOW_DETECTOR_INTERFACE_CONTRACT.md:694,ppg_system_integration/PPG_PEAK_VALLEY_WINDOW_DETECTOR_INTERFACE_CONTRACT.md,694,explicit,o_result_ready,text_mismatch,### 14.3 FIR输入事务
contracts/PPG_CONTRACT_CLOSURE_MATRIX.md,2401,ppg_system_integration/PPG_PEAK_VALLEY_WINDOW_DETECTOR_INTERFACE_CONTRACT.md:694,ppg_system_integration/PPG_PEAK_VALLEY_WINDOW_DETECTOR_INTERFACE_CONTRACT.md,694,explicit,i_filtered_ppg_value,text_mismatch,### 14.3 FIR输入事务
contracts/PPG_CONTRACT_CLOSURE_MATRIX.md,2402,ppg_system_integration/PPG_PEAK_VALLEY_WINDOW_DETECTOR_INTERFACE_CONTRACT.md:694,ppg_system_integration/PPG_PEAK_VALLEY_WINDOW_DETECTOR_INTERFACE_CONTRACT.md,694,explicit,i_detection_qualified,text_mismatch,### 14.3 FIR输入事务
contracts/PPG_CONTRACT_CLOSURE_MATRIX.md,2403,ppg_system_integration/PPG_PEAK_VALLEY_WINDOW_DETECTOR_INTERFACE_CONTRACT.md:694,ppg_system_integration/PPG_PEAK_VALLEY_WINDOW_DETECTOR_INTERFACE_CONTRACT.md,694,explicit,i_window_saturation_low,text_mismatch,### 14.3 FIR输入事务
contracts/PPG_CONTRACT_CLOSURE_MATRIX.md,2404,ppg_system_integration/PPG_PEAK_VALLEY_WINDOW_DETECTOR_INTERFACE_CONTRACT.md:694,ppg_system_integration/PPG_PEAK_VALLEY_WINDOW_DETECTOR_INTERFACE_CONTRACT.md,694,explicit,i_window_saturation_high,text_mismatch,### 14.3 FIR输入事务
contracts/PPG_CONTRACT_CLOSURE_MATRIX.md,2405,ppg_system_integration/PPG_PEAK_VALLEY_WINDOW_DETECTOR_INTERFACE_CONTRACT.md:694,ppg_system_integration/PPG_PEAK_VALLEY_WINDOW_DETECTOR_INTERFACE_CONTRACT.md,694,explicit,i_fir_saturation_low,text_mismatch,### 14.3 FIR输入事务
contracts/PPG_CONTRACT_CLOSURE_MATRIX.md,2406,ppg_system_integration/PPG_PEAK_VALLEY_WINDOW_DETECTOR_INTERFACE_CONTRACT.md:694,ppg_system_integration/PPG_PEAK_VALLEY_WINDOW_DETECTOR_INTERFACE_CONTRACT.md,694,explicit,i_fir_saturation_high,text_mismatch,### 14.3 FIR输入事务
contracts/PPG_CONTRACT_CLOSURE_MATRIX.md,2407,ppg_system_integration/PPG_PEAK_VALLEY_WINDOW_DETECTOR_INTERFACE_CONTRACT.md:694,ppg_system_integration/PPG_PEAK_VALLEY_WINDOW_DETECTOR_INTERFACE_CONTRACT.md,694,explicit,i_config_epoch,text_mismatch,### 14.3 FIR输入事务
contracts/PPG_CONTRACT_CLOSURE_MATRIX.md,2408,ppg_system_integration/PPG_PEAK_VALLEY_WINDOW_DETECTOR_INTERFACE_CONTRACT.md:694,ppg_system_integration/PPG_PEAK_VALLEY_WINDOW_DETECTOR_INTERFACE_CONTRACT.md,694,explicit,i_coef_epoch,text_mismatch,### 14.3 FIR输入事务
contracts/PPG_CONTRACT_CLOSURE_MATRIX.md,2409,ppg_system_integration/PPG_PEAK_VALLEY_WINDOW_DETECTOR_INTERFACE_CONTRACT.md:694,ppg_system_integration/PPG_PEAK_VALLEY_WINDOW_DETECTOR_INTERFACE_CONTRACT.md,694,explicit,i_dc_recovery_coef_epoch,text_mismatch,### 14.3 FIR输入事务
contracts/PPG_CONTRACT_CLOSURE_MATRIX.md,2410,ppg_system_integration/PPG_PEAK_VALLEY_WINDOW_DETECTOR_INTERFACE_CONTRACT.md:694,ppg_system_integration/PPG_PEAK_VALLEY_WINDOW_DETECTOR_INTERFACE_CONTRACT.md,694,explicit,i_precision_mode,text_mismatch,### 14.3 FIR输入事务
contracts/PPG_CONTRACT_CLOSURE_MATRIX.md,2411,ppg_system_integration/PPG_PEAK_VALLEY_WINDOW_DETECTOR_INTERFACE_CONTRACT.md:694,ppg_system_integration/PPG_PEAK_VALLEY_WINDOW_DETECTOR_INTERFACE_CONTRACT.md,694,explicit,i_frame_id,text_mismatch,### 14.3 FIR输入事务
contracts/PPG_CONTRACT_CLOSURE_MATRIX.md,2412,ppg_system_integration/PPG_PEAK_VALLEY_WINDOW_DETECTOR_INTERFACE_CONTRACT.md:694,ppg_system_integration/PPG_PEAK_VALLEY_WINDOW_DETECTOR_INTERFACE_CONTRACT.md,694,explicit,i_sample_index,text_mismatch,### 14.3 FIR输入事务
contracts/PPG_CONTRACT_CLOSURE_MATRIX.md,2413,ppg_system_integration/PPG_PEAK_VALLEY_WINDOW_DETECTOR_INTERFACE_CONTRACT.md:694,ppg_system_integration/PPG_PEAK_VALLEY_WINDOW_DETECTOR_INTERFACE_CONTRACT.md,694,explicit,i_color_ir,text_mismatch,### 14.3 FIR输入事务
contracts/PPG_CONTRACT_CLOSURE_MATRIX.md,2414,ppg_system_integration/PPG_PEAK_VALLEY_WINDOW_DETECTOR_INTERFACE_CONTRACT.md:694,ppg_system_integration/PPG_PEAK_VALLEY_WINDOW_DETECTOR_INTERFACE_CONTRACT.md,694,explicit,i_frame_type,text_mismatch,### 14.3 FIR输入事务
contracts/PPG_CONTRACT_CLOSURE_MATRIX.md,2415,ppg_system_integration/PPG_PEAK_VALLEY_WINDOW_DETECTOR_INTERFACE_CONTRACT.md:713,ppg_system_integration/PPG_PEAK_VALLEY_WINDOW_DETECTOR_INTERFACE_CONTRACT.md,713,explicit,i_fine_window_start_event,text_mismatch,### 14.4 正式窗口控制
contracts/PPG_CONTRACT_CLOSURE_MATRIX.md,2416,ppg_system_integration/PPG_PEAK_VALLEY_WINDOW_DETECTOR_INTERFACE_CONTRACT.md:713,ppg_system_integration/PPG_PEAK_VALLEY_WINDOW_DETECTOR_INTERFACE_CONTRACT.md,713,explicit,i_fine_window_start_frame_id,text_mismatch,### 14.4 正式窗口控制
contracts/PPG_CONTRACT_CLOSURE_MATRIX.md,2417,ppg_system_integration/PPG_PEAK_VALLEY_WINDOW_DETECTOR_INTERFACE_CONTRACT.md:713,ppg_system_integration/PPG_PEAK_VALLEY_WINDOW_DETECTOR_INTERFACE_CONTRACT.md,713,explicit,i_active_precision_mode,text_mismatch,### 14.4 正式窗口控制
contracts/PPG_CONTRACT_CLOSURE_MATRIX.md,2418,ppg_system_integration/PPG_PEAK_VALLEY_WINDOW_DETECTOR_INTERFACE_CONTRACT.md:713,ppg_system_integration/PPG_PEAK_VALLEY_WINDOW_DETECTOR_INTERFACE_CONTRACT.md,713,explicit,o_return_9bit_valid,text_mismatch,### 14.4 正式窗口控制
contracts/PPG_CONTRACT_CLOSURE_MATRIX.md,2419,ppg_system_integration/PPG_PEAK_VALLEY_WINDOW_DETECTOR_INTERFACE_CONTRACT.md:713,ppg_system_integration/PPG_PEAK_VALLEY_WINDOW_DETECTOR_INTERFACE_CONTRACT.md,713,explicit,i_return_9bit_ready,text_mismatch,### 14.4 正式窗口控制
contracts/PPG_CONTRACT_CLOSURE_MATRIX.md,2420,ppg_system_integration/PPG_PEAK_VALLEY_WINDOW_DETECTOR_INTERFACE_CONTRACT.md:713,ppg_system_integration/PPG_PEAK_VALLEY_WINDOW_DETECTOR_INTERFACE_CONTRACT.md,713,explicit,o_return_reason,text_mismatch,### 14.4 正式窗口控制
contracts/PPG_CONTRACT_CLOSURE_MATRIX.md,2421,ppg_system_integration/PPG_PEAK_VALLEY_WINDOW_DETECTOR_INTERFACE_CONTRACT.md:713,ppg_system_integration/PPG_PEAK_VALLEY_WINDOW_DETECTOR_INTERFACE_CONTRACT.md,713,explicit,o_return_frame_id,text_mismatch,### 14.4 正式窗口控制
contracts/PPG_CONTRACT_CLOSURE_MATRIX.md,2422,ppg_system_integration/PPG_PEAK_VALLEY_WINDOW_DETECTOR_INTERFACE_CONTRACT.md:725,ppg_system_integration/PPG_PEAK_VALLEY_WINDOW_DETECTOR_INTERFACE_CONTRACT.md,725,explicit,o_peak_valid,text_mismatch,### 14.5 波峰事件输出
contracts/PPG_CONTRACT_CLOSURE_MATRIX.md,2423,ppg_system_integration/PPG_PEAK_VALLEY_WINDOW_DETECTOR_INTERFACE_CONTRACT.md:725,ppg_system_integration/PPG_PEAK_VALLEY_WINDOW_DETECTOR_INTERFACE_CONTRACT.md,725,explicit,i_peak_ready,text_mismatch,### 14.5 波峰事件输出
contracts/PPG_CONTRACT_CLOSURE_MATRIX.md,2424,ppg_system_integration/PPG_PEAK_VALLEY_WINDOW_DETECTOR_INTERFACE_CONTRACT.md:725,ppg_system_integration/PPG_PEAK_VALLEY_WINDOW_DETECTOR_INTERFACE_CONTRACT.md,725,explicit,o_peak_value,text_mismatch,### 14.5 波峰事件输出
contracts/PPG_CONTRACT_CLOSURE_MATRIX.md,2425,ppg_system_integration/PPG_PEAK_VALLEY_WINDOW_DETECTOR_INTERFACE_CONTRACT.md:725,ppg_system_integration/PPG_PEAK_VALLEY_WINDOW_DETECTOR_INTERFACE_CONTRACT.md,725,explicit,o_peak_frame_id,text_mismatch,### 14.5 波峰事件输出
contracts/PPG_CONTRACT_CLOSURE_MATRIX.md,2426,ppg_system_integration/PPG_PEAK_VALLEY_WINDOW_DETECTOR_INTERFACE_CONTRACT.md:725,ppg_system_integration/PPG_PEAK_VALLEY_WINDOW_DETECTOR_INTERFACE_CONTRACT.md,725,explicit,o_peak_sample_index,text_mismatch,### 14.5 波峰事件输出
contracts/PPG_CONTRACT_CLOSURE_MATRIX.md,2427,ppg_system_integration/PPG_PEAK_VALLEY_WINDOW_DETECTOR_INTERFACE_CONTRACT.md:725,ppg_system_integration/PPG_PEAK_VALLEY_WINDOW_DETECTOR_INTERFACE_CONTRACT.md,725,explicit,o_peak_config_epoch,text_mismatch,### 14.5 波峰事件输出
contracts/PPG_CONTRACT_CLOSURE_MATRIX.md,2428,ppg_system_integration/PPG_PEAK_VALLEY_WINDOW_DETECTOR_INTERFACE_CONTRACT.md:725,ppg_system_integration/PPG_PEAK_VALLEY_WINDOW_DETECTOR_INTERFACE_CONTRACT.md,725,explicit,o_peak_coef_epoch,text_mismatch,### 14.5 波峰事件输出
contracts/PPG_CONTRACT_CLOSURE_MATRIX.md,2429,ppg_system_integration/PPG_PEAK_VALLEY_WINDOW_DETECTOR_INTERFACE_CONTRACT.md:725,ppg_system_integration/PPG_PEAK_VALLEY_WINDOW_DETECTOR_INTERFACE_CONTRACT.md,725,explicit,o_peak_dc_recovery_coef_epoch,text_mismatch,### 14.5 波峰事件输出
contracts/PPG_CONTRACT_CLOSURE_MATRIX.md,2430,ppg_system_integration/PPG_PEAK_VALLEY_WINDOW_DETECTOR_INTERFACE_CONTRACT.md:738,ppg_system_integration/PPG_PEAK_VALLEY_WINDOW_DETECTOR_INTERFACE_CONTRACT.md,738,explicit,o_valley_valid,text_mismatch,### 14.6 波谷事件输出
contracts/PPG_CONTRACT_CLOSURE_MATRIX.md,2431,ppg_system_integration/PPG_PEAK_VALLEY_WINDOW_DETECTOR_INTERFACE_CONTRACT.md:738,ppg_system_integration/PPG_PEAK_VALLEY_WINDOW_DETECTOR_INTERFACE_CONTRACT.md,738,explicit,i_valley_ready,text_mismatch,### 14.6 波谷事件输出
contracts/PPG_CONTRACT_CLOSURE_MATRIX.md,2432,ppg_system_integration/PPG_PEAK_VALLEY_WINDOW_DETECTOR_INTERFACE_CONTRACT.md:738,ppg_system_integration/PPG_PEAK_VALLEY_WINDOW_DETECTOR_INTERFACE_CONTRACT.md,738,explicit,o_valley_value,text_mismatch,### 14.6 波谷事件输出
contracts/PPG_CONTRACT_CLOSURE_MATRIX.md,2433,ppg_system_integration/PPG_PEAK_VALLEY_WINDOW_DETECTOR_INTERFACE_CONTRACT.md:738,ppg_system_integration/PPG_PEAK_VALLEY_WINDOW_DETECTOR_INTERFACE_CONTRACT.md,738,explicit,o_valley_frame_id,text_mismatch,### 14.6 波谷事件输出
contracts/PPG_CONTRACT_CLOSURE_MATRIX.md,2434,ppg_system_integration/PPG_PEAK_VALLEY_WINDOW_DETECTOR_INTERFACE_CONTRACT.md:738,ppg_system_integration/PPG_PEAK_VALLEY_WINDOW_DETECTOR_INTERFACE_CONTRACT.md,738,explicit,o_valley_sample_index,text_mismatch,### 14.6 波谷事件输出
contracts/PPG_CONTRACT_CLOSURE_MATRIX.md,2435,ppg_system_integration/PPG_PEAK_VALLEY_WINDOW_DETECTOR_INTERFACE_CONTRACT.md:738,ppg_system_integration/PPG_PEAK_VALLEY_WINDOW_DETECTOR_INTERFACE_CONTRACT.md,738,explicit,o_valley_config_epoch,text_mismatch,### 14.6 波谷事件输出
contracts/PPG_CONTRACT_CLOSURE_MATRIX.md,2436,ppg_system_integration/PPG_PEAK_VALLEY_WINDOW_DETECTOR_INTERFACE_CONTRACT.md:738,ppg_system_integration/PPG_PEAK_VALLEY_WINDOW_DETECTOR_INTERFACE_CONTRACT.md,738,explicit,o_valley_coef_epoch,text_mismatch,### 14.6 波谷事件输出
contracts/PPG_CONTRACT_CLOSURE_MATRIX.md,2437,ppg_system_integration/PPG_PEAK_VALLEY_WINDOW_DETECTOR_INTERFACE_CONTRACT.md:738,ppg_system_integration/PPG_PEAK_VALLEY_WINDOW_DETECTOR_INTERFACE_CONTRACT.md,738,explicit,o_valley_dc_recovery_coef_epoch,text_mismatch,### 14.6 波谷事件输出
contracts/PPG_CONTRACT_CLOSURE_MATRIX.md,2438,ppg_system_integration/PPG_PEAK_VALLEY_WINDOW_DETECTOR_INTERFACE_CONTRACT.md:751,ppg_system_integration/PPG_PEAK_VALLEY_WINDOW_DETECTOR_INTERFACE_CONTRACT.md,751,explicit,o_detector_idle,text_mismatch,### 14.7 状态和诊断输出
contracts/PPG_CONTRACT_CLOSURE_MATRIX.md,2438,"ppg_precision_window_integration.v:885,1100",ppg_precision_window_integration.v,"885,1100",explicit,,out_of_bounds,
contracts/PPG_CONTRACT_CLOSURE_MATRIX.md,2439,ppg_system_integration/PPG_PEAK_VALLEY_WINDOW_DETECTOR_INTERFACE_CONTRACT.md:751,ppg_system_integration/PPG_PEAK_VALLEY_WINDOW_DETECTOR_INTERFACE_CONTRACT.md,751,explicit,o_fine_window_active,text_mismatch,### 14.7 状态和诊断输出
contracts/PPG_CONTRACT_CLOSURE_MATRIX.md,2439,"ppg_precision_window_integration.v:886,1109",ppg_precision_window_integration.v,"886,1109",explicit,,out_of_bounds,
contracts/PPG_CONTRACT_CLOSURE_MATRIX.md,2440,ppg_system_integration/PPG_PEAK_VALLEY_WINDOW_DETECTOR_INTERFACE_CONTRACT.md:751,ppg_system_integration/PPG_PEAK_VALLEY_WINDOW_DETECTOR_INTERFACE_CONTRACT.md,751,explicit,o_reacquire_search_active,text_mismatch,### 14.7 状态和诊断输出
contracts/PPG_CONTRACT_CLOSURE_MATRIX.md,2441,ppg_system_integration/PPG_PEAK_VALLEY_WINDOW_DETECTOR_INTERFACE_CONTRACT.md:751,ppg_system_integration/PPG_PEAK_VALLEY_WINDOW_DETECTOR_INTERFACE_CONTRACT.md,751,explicit,o_fine_window_timeout_sticky,text_mismatch,### 14.7 状态和诊断输出
contracts/PPG_CONTRACT_CLOSURE_MATRIX.md,2441,"ppg_precision_window_integration.v:888,1114",ppg_precision_window_integration.v,"888,1114",explicit,,out_of_bounds,
contracts/PPG_CONTRACT_CLOSURE_MATRIX.md,2442,ppg_system_integration/PPG_PEAK_VALLEY_WINDOW_DETECTOR_INTERFACE_CONTRACT.md:751,ppg_system_integration/PPG_PEAK_VALLEY_WINDOW_DETECTOR_INTERFACE_CONTRACT.md,751,explicit,o_reacquire_timeout_sticky,text_mismatch,### 14.7 状态和诊断输出
contracts/PPG_CONTRACT_CLOSURE_MATRIX.md,2442,"ppg_precision_window_integration.v:889,1115",ppg_precision_window_integration.v,"889,1115",explicit,,out_of_bounds,
contracts/PPG_CONTRACT_CLOSURE_MATRIX.md,2443,ppg_system_integration/PPG_PEAK_VALLEY_WINDOW_DETECTOR_INTERFACE_CONTRACT.md:751,ppg_system_integration/PPG_PEAK_VALLEY_WINDOW_DETECTOR_INTERFACE_CONTRACT.md,751,explicit,o_protocol_error_sticky,text_mismatch,### 14.7 状态和诊断输出
contracts/PPG_CONTRACT_CLOSURE_MATRIX.md,2443,"ppg_precision_window_integration.v:890,1116",ppg_precision_window_integration.v,"890,1116",explicit,,out_of_bounds,
contracts/PPG_CONTRACT_CLOSURE_MATRIX.md,2466,ppg_system_integration/PPG_ADC_MEASUREMENT_AND_IDAC_INTEGRATION_WRAPPER_INTERFACE_CONTRACT.md:575,ppg_system_integration/PPG_ADC_MEASUREMENT_AND_IDAC_INTEGRATION_WRAPPER_INTERFACE_CONTRACT.md,575,explicit,o_detection_fork_idle,text_mismatch,"| PWI fine-window, recheck and detector diagnostics | declared child widths / reset 0 | PWI and its contained children | Explicit AMI diagnostic/observation endpoint only; no Top, manager or supervisor consumer is implicit. |"
contracts/PPG_CONTRACT_CLOSURE_MATRIX.md,2467,ppg_system_integration/PPG_ADC_MEASUREMENT_AND_IDAC_INTEGRATION_WRAPPER_INTERFACE_CONTRACT.md:575,ppg_system_integration/PPG_ADC_MEASUREMENT_AND_IDAC_INTEGRATION_WRAPPER_INTERFACE_CONTRACT.md,575,explicit,o_detector_idle,text_mismatch,"| PWI fine-window, recheck and detector diagnostics | declared child widths / reset 0 | PWI and its contained children | Explicit AMI diagnostic/observation endpoint only; no Top, manager or supervisor consumer is implicit. |"
contracts/PPG_CONTRACT_CLOSURE_MATRIX.md,2468,ppg_system_integration/PPG_ADC_MEASUREMENT_AND_IDAC_INTEGRATION_WRAPPER_INTERFACE_CONTRACT.md:575,ppg_system_integration/PPG_ADC_MEASUREMENT_AND_IDAC_INTEGRATION_WRAPPER_INTERFACE_CONTRACT.md,575,explicit,o_cross_pending,text_mismatch,"| PWI fine-window, recheck and detector diagnostics | declared child widths / reset 0 | PWI and its contained children | Explicit AMI diagnostic/observation endpoint only; no Top, manager or supervisor consumer is implicit. |"
contracts/PPG_CONTRACT_CLOSURE_MATRIX.md,2469,ppg_system_integration/PPG_ADC_MEASUREMENT_AND_IDAC_INTEGRATION_WRAPPER_INTERFACE_CONTRACT.md:575,ppg_system_integration/PPG_ADC_MEASUREMENT_AND_IDAC_INTEGRATION_WRAPPER_INTERFACE_CONTRACT.md,575,explicit,o_peak_pending,text_mismatch,"| PWI fine-window, recheck and detector diagnostics | declared child widths / reset 0 | PWI and its contained children | Explicit AMI diagnostic/observation endpoint only; no Top, manager or supervisor consumer is implicit. |"
contracts/PPG_CONTRACT_CLOSURE_MATRIX.md,2470,ppg_system_integration/PPG_ADC_MEASUREMENT_AND_IDAC_INTEGRATION_WRAPPER_INTERFACE_CONTRACT.md:575,ppg_system_integration/PPG_ADC_MEASUREMENT_AND_IDAC_INTEGRATION_WRAPPER_INTERFACE_CONTRACT.md,575,explicit,o_valley_pending,text_mismatch,"| PWI fine-window, recheck and detector diagnostics | declared child widths / reset 0 | PWI and its contained children | Explicit AMI diagnostic/observation endpoint only; no Top, manager or supervisor consumer is implicit. |"
contracts/PPG_CONTRACT_CLOSURE_MATRIX.md,2471,ppg_system_integration/PPG_ADC_MEASUREMENT_AND_IDAC_INTEGRATION_WRAPPER_INTERFACE_CONTRACT.md:575,ppg_system_integration/PPG_ADC_MEASUREMENT_AND_IDAC_INTEGRATION_WRAPPER_INTERFACE_CONTRACT.md,575,explicit,o_return_pending,text_mismatch,"| PWI fine-window, recheck and detector diagnostics | declared child widths / reset 0 | PWI and its contained children | Explicit AMI diagnostic/observation endpoint only; no Top, manager or supervisor consumer is implicit. |"
contracts/PPG_CONTRACT_CLOSURE_MATRIX.md,2472,ppg_system_integration/PPG_ADC_MEASUREMENT_AND_IDAC_INTEGRATION_WRAPPER_INTERFACE_CONTRACT.md:575,ppg_system_integration/PPG_ADC_MEASUREMENT_AND_IDAC_INTEGRATION_WRAPPER_INTERFACE_CONTRACT.md,575,explicit,o_baseline_valid,text_mismatch,"| PWI fine-window, recheck and detector diagnostics | declared child widths / reset 0 | PWI and its contained children | Explicit AMI diagnostic/observation endpoint only; no Top, manager or supervisor consumer is implicit. |"
contracts/PPG_CONTRACT_CLOSURE_MATRIX.md,2473,ppg_system_integration/PPG_ADC_MEASUREMENT_AND_IDAC_INTEGRATION_WRAPPER_INTERFACE_CONTRACT.md:575,ppg_system_integration/PPG_ADC_MEASUREMENT_AND_IDAC_INTEGRATION_WRAPPER_INTERFACE_CONTRACT.md,575,explicit,o_reacquire_active,text_mismatch,"| PWI fine-window, recheck and detector diagnostics | declared child widths / reset 0 | PWI and its contained children | Explicit AMI diagnostic/observation endpoint only; no Top, manager or supervisor consumer is implicit. |"
contracts/PPG_CONTRACT_CLOSURE_MATRIX.md,2474,ppg_system_integration/PPG_ADC_MEASUREMENT_AND_IDAC_INTEGRATION_WRAPPER_INTERFACE_CONTRACT.md:575,ppg_system_integration/PPG_ADC_MEASUREMENT_AND_IDAC_INTEGRATION_WRAPPER_INTERFACE_CONTRACT.md,575,explicit,o_detector_fine_window_active,text_mismatch,"| PWI fine-window, recheck and detector diagnostics | declared child widths / reset 0 | PWI and its contained children | Explicit AMI diagnostic/observation endpoint only; no Top, manager or supervisor consumer is implicit. |"
contracts/PPG_CONTRACT_CLOSURE_MATRIX.md,2475,ppg_system_integration/PPG_ADC_MEASUREMENT_AND_IDAC_INTEGRATION_WRAPPER_INTERFACE_CONTRACT.md:575,ppg_system_integration/PPG_ADC_MEASUREMENT_AND_IDAC_INTEGRATION_WRAPPER_INTERFACE_CONTRACT.md,575,explicit,o_slope_current_q16,text_mismatch,"| PWI fine-window, recheck and detector diagnostics | declared child widths / reset 0 | PWI and its contained children | Explicit AMI diagnostic/observation endpoint only; no Top, manager or supervisor consumer is implicit. |"
contracts/PPG_CONTRACT_CLOSURE_MATRIX.md,2476,ppg_system_integration/PPG_ADC_MEASUREMENT_AND_IDAC_INTEGRATION_WRAPPER_INTERFACE_CONTRACT.md:575,ppg_system_integration/PPG_ADC_MEASUREMENT_AND_IDAC_INTEGRATION_WRAPPER_INTERFACE_CONTRACT.md,575,explicit,o_baseline_protocol_error_sticky,text_mismatch,"| PWI fine-window, recheck and detector diagnostics | declared child widths / reset 0 | PWI and its contained children | Explicit AMI diagnostic/observation endpoint only; no Top, manager or supervisor consumer is implicit. |"
contracts/PPG_CONTRACT_CLOSURE_MATRIX.md,2477,ppg_system_integration/PPG_ADC_MEASUREMENT_AND_IDAC_INTEGRATION_WRAPPER_INTERFACE_CONTRACT.md:575,ppg_system_integration/PPG_ADC_MEASUREMENT_AND_IDAC_INTEGRATION_WRAPPER_INTERFACE_CONTRACT.md,575,explicit,o_fine_window_timeout_sticky,text_mismatch,"| PWI fine-window, recheck and detector diagnostics | declared child widths / reset 0 | PWI and its contained children | Explicit AMI diagnostic/observation endpoint only; no Top, manager or supervisor consumer is implicit. |"
contracts/PPG_CONTRACT_CLOSURE_MATRIX.md,2478,ppg_system_integration/PPG_ADC_MEASUREMENT_AND_IDAC_INTEGRATION_WRAPPER_INTERFACE_CONTRACT.md:575,ppg_system_integration/PPG_ADC_MEASUREMENT_AND_IDAC_INTEGRATION_WRAPPER_INTERFACE_CONTRACT.md,575,explicit,o_reacquire_timeout_sticky,text_mismatch,"| PWI fine-window, recheck and detector diagnostics | declared child widths / reset 0 | PWI and its contained children | Explicit AMI diagnostic/observation endpoint only; no Top, manager or supervisor consumer is implicit. |"
contracts/PPG_CONTRACT_CLOSURE_MATRIX.md,2479,ppg_system_integration/PPG_ADC_MEASUREMENT_AND_IDAC_INTEGRATION_WRAPPER_INTERFACE_CONTRACT.md:575,ppg_system_integration/PPG_ADC_MEASUREMENT_AND_IDAC_INTEGRATION_WRAPPER_INTERFACE_CONTRACT.md,575,explicit,o_peak_valley_protocol_error_sticky,text_mismatch,"| PWI fine-window, recheck and detector diagnostics | declared child widths / reset 0 | PWI and its contained children | Explicit AMI diagnostic/observation endpoint only; no Top, manager or supervisor consumer is implicit. |"
contracts/PPG_CONTRACT_CLOSURE_MATRIX.md,2480,ppg_system_integration/PPG_PRECISION_WINDOW_CONTROLLER_INTERFACE_CONTRACT.md:752,ppg_system_integration/PPG_PRECISION_WINDOW_CONTROLLER_INTERFACE_CONTRACT.md,752,explicit,i_clk,text_mismatch,### 18.1 全局和生命周期
contracts/PPG_CONTRACT_CLOSURE_MATRIX.md,2481,ppg_system_integration/PPG_PRECISION_WINDOW_CONTROLLER_INTERFACE_CONTRACT.md:752,ppg_system_integration/PPG_PRECISION_WINDOW_CONTROLLER_INTERFACE_CONTRACT.md,752,explicit,i_rstn,text_mismatch,### 18.1 全局和生命周期
contracts/PPG_CONTRACT_CLOSURE_MATRIX.md,2482,ppg_system_integration/PPG_PRECISION_WINDOW_CONTROLLER_INTERFACE_CONTRACT.md:752,ppg_system_integration/PPG_PRECISION_WINDOW_CONTROLLER_INTERFACE_CONTRACT.md,752,explicit,i_run_enable,text_mismatch,### 18.1 全局和生命周期
contracts/PPG_CONTRACT_CLOSURE_MATRIX.md,2483,ppg_system_integration/PPG_PRECISION_WINDOW_CONTROLLER_INTERFACE_CONTRACT.md:752,ppg_system_integration/PPG_PRECISION_WINDOW_CONTROLLER_INTERFACE_CONTRACT.md,752,explicit,i_start_ack_event,text_mismatch,### 18.1 全局和生命周期
contracts/PPG_CONTRACT_CLOSURE_MATRIX.md,2484,ppg_system_integration/PPG_PRECISION_WINDOW_CONTROLLER_INTERFACE_CONTRACT.md:752,ppg_system_integration/PPG_PRECISION_WINDOW_CONTROLLER_INTERFACE_CONTRACT.md,752,explicit,i_diag_clear_event,text_mismatch,### 18.1 全局和生命周期
contracts/PPG_CONTRACT_CLOSURE_MATRIX.md,2485,ppg_system_integration/PPG_PRECISION_WINDOW_CONTROLLER_INTERFACE_CONTRACT.md:762,ppg_system_integration/PPG_PRECISION_WINDOW_CONTROLLER_INTERFACE_CONTRACT.md,762,explicit,i_detection_discard_event,text_mismatch,### 18.1a 检测discard、代际与本地排空
contracts/PPG_CONTRACT_CLOSURE_MATRIX.md,2486,ppg_system_integration/PPG_PRECISION_WINDOW_CONTROLLER_INTERFACE_CONTRACT.md:762,ppg_system_integration/PPG_PRECISION_WINDOW_CONTROLLER_INTERFACE_CONTRACT.md,762,explicit,i_detection_discard_reason,text_mismatch,### 18.1a 检测discard、代际与本地排空
contracts/PPG_CONTRACT_CLOSURE_MATRIX.md,2487,ppg_system_integration/PPG_PRECISION_WINDOW_CONTROLLER_INTERFACE_CONTRACT.md:762,ppg_system_integration/PPG_PRECISION_WINDOW_CONTROLLER_INTERFACE_CONTRACT.md,762,explicit,i_detection_discard_identity_valid,text_mismatch,### 18.1a 检测discard、代际与本地排空
contracts/PPG_CONTRACT_CLOSURE_MATRIX.md,2488,ppg_system_integration/PPG_PRECISION_WINDOW_CONTROLLER_INTERFACE_CONTRACT.md:762,ppg_system_integration/PPG_PRECISION_WINDOW_CONTROLLER_INTERFACE_CONTRACT.md,762,explicit,i_detection_discard_sample_valid,text_mismatch,### 18.1a 检测discard、代际与本地排空
contracts/PPG_CONTRACT_CLOSURE_MATRIX.md,2489,ppg_system_integration/PPG_PRECISION_WINDOW_CONTROLLER_INTERFACE_CONTRACT.md:762,ppg_system_integration/PPG_PRECISION_WINDOW_CONTROLLER_INTERFACE_CONTRACT.md,762,explicit,i_detection_discard_frame_id,text_mismatch,### 18.1a 检测discard、代际与本地排空
contracts/PPG_CONTRACT_CLOSURE_MATRIX.md,2490,ppg_system_integration/PPG_PRECISION_WINDOW_CONTROLLER_INTERFACE_CONTRACT.md:762,ppg_system_integration/PPG_PRECISION_WINDOW_CONTROLLER_INTERFACE_CONTRACT.md,762,explicit,i_detection_discard_sample_index,text_mismatch,### 18.1a 检测discard、代际与本地排空
contracts/PPG_CONTRACT_CLOSURE_MATRIX.md,2491,ppg_system_integration/PPG_PRECISION_WINDOW_CONTROLLER_INTERFACE_CONTRACT.md:762,ppg_system_integration/PPG_PRECISION_WINDOW_CONTROLLER_INTERFACE_CONTRACT.md,762,explicit,i_detection_discard_color_ir,text_mismatch,### 18.1a 检测discard、代际与本地排空
contracts/PPG_CONTRACT_CLOSURE_MATRIX.md,2492,ppg_system_integration/PPG_PRECISION_WINDOW_CONTROLLER_INTERFACE_CONTRACT.md:762,ppg_system_integration/PPG_PRECISION_WINDOW_CONTROLLER_INTERFACE_CONTRACT.md,762,explicit,i_detection_discard_frame_type,text_mismatch,### 18.1a 检测discard、代际与本地排空
contracts/PPG_CONTRACT_CLOSURE_MATRIX.md,2493,ppg_system_integration/PPG_PRECISION_WINDOW_CONTROLLER_INTERFACE_CONTRACT.md:762,ppg_system_integration/PPG_PRECISION_WINDOW_CONTROLLER_INTERFACE_CONTRACT.md,762,explicit,i_detection_discard_precision,text_mismatch,### 18.1a 检测discard、代际与本地排空
contracts/PPG_CONTRACT_CLOSURE_MATRIX.md,2494,ppg_system_integration/PPG_PRECISION_WINDOW_CONTROLLER_INTERFACE_CONTRACT.md:762,ppg_system_integration/PPG_PRECISION_WINDOW_CONTROLLER_INTERFACE_CONTRACT.md,762,explicit,i_detection_discard_config_epoch,text_mismatch,### 18.1a 检测discard、代际与本地排空
contracts/PPG_CONTRACT_CLOSURE_MATRIX.md,2495,ppg_system_integration/PPG_PRECISION_WINDOW_CONTROLLER_INTERFACE_CONTRACT.md:762,ppg_system_integration/PPG_PRECISION_WINDOW_CONTROLLER_INTERFACE_CONTRACT.md,762,explicit,i_detection_discard_coef_epoch,text_mismatch,### 18.1a 检测discard、代际与本地排空
contracts/PPG_CONTRACT_CLOSURE_MATRIX.md,2496,ppg_system_integration/PPG_PRECISION_WINDOW_CONTROLLER_INTERFACE_CONTRACT.md:762,ppg_system_integration/PPG_PRECISION_WINDOW_CONTROLLER_INTERFACE_CONTRACT.md,762,explicit,i_detection_discard_dc_recovery_epoch,text_mismatch,### 18.1a 检测discard、代际与本地排空
contracts/PPG_CONTRACT_CLOSURE_MATRIX.md,2497,ppg_system_integration/PPG_PRECISION_WINDOW_CONTROLLER_INTERFACE_CONTRACT.md:762,ppg_system_integration/PPG_PRECISION_WINDOW_CONTROLLER_INTERFACE_CONTRACT.md,762,explicit,i_detection_discard_amb_code_epoch,text_mismatch,### 18.1a 检测discard、代际与本地排空
contracts/PPG_CONTRACT_CLOSURE_MATRIX.md,2498,ppg_system_integration/PPG_PRECISION_WINDOW_CONTROLLER_INTERFACE_CONTRACT.md:762,ppg_system_integration/PPG_PRECISION_WINDOW_CONTROLLER_INTERFACE_CONTRACT.md,762,explicit,i_detection_discard_dc_code_epoch,text_mismatch,### 18.1a 检测discard、代际与本地排空
contracts/PPG_CONTRACT_CLOSURE_MATRIX.md,2499,ppg_system_integration/PPG_PRECISION_WINDOW_CONTROLLER_INTERFACE_CONTRACT.md:762,ppg_system_integration/PPG_PRECISION_WINDOW_CONTROLLER_INTERFACE_CONTRACT.md,762,explicit,i_detection_discard_run_generation,text_mismatch,### 18.1a 检测discard、代际与本地排空
contracts/PPG_CONTRACT_CLOSURE_MATRIX.md,2500,ppg_system_integration/PPG_PRECISION_WINDOW_CONTROLLER_INTERFACE_CONTRACT.md:752,ppg_system_integration/PPG_PRECISION_WINDOW_CONTROLLER_INTERFACE_CONTRACT.md,752,explicit,i_run_generation,text_mismatch,### 18.1 全局和生命周期
contracts/PPG_CONTRACT_CLOSURE_MATRIX.md,2501,ppg_system_integration/PPG_PRECISION_WINDOW_CONTROLLER_INTERFACE_CONTRACT.md:762,ppg_system_integration/PPG_PRECISION_WINDOW_CONTROLLER_INTERFACE_CONTRACT.md,762,explicit,o_local_empty,text_mismatch,### 18.1a 检测discard、代际与本地排空
contracts/PPG_CONTRACT_CLOSURE_MATRIX.md,2502,ppg_system_integration/PPG_PRECISION_WINDOW_CONTROLLER_INTERFACE_CONTRACT.md:786,ppg_system_integration/PPG_PRECISION_WINDOW_CONTROLLER_INTERFACE_CONTRACT.md,786,explicit,i_active_config_valid,text_mismatch,### 18.2 ACTIVE和运行资格
contracts/PPG_CONTRACT_CLOSURE_MATRIX.md,2503,ppg_system_integration/PPG_PRECISION_WINDOW_CONTROLLER_INTERFACE_CONTRACT.md:786,ppg_system_integration/PPG_PRECISION_WINDOW_CONTROLLER_INTERFACE_CONTRACT.md,786,explicit,i_run_profile,text_mismatch,### 18.2 ACTIVE和运行资格
contracts/PPG_CONTRACT_CLOSURE_MATRIX.md,2504,ppg_system_integration/PPG_PRECISION_WINDOW_CONTROLLER_INTERFACE_CONTRACT.md:786,ppg_system_integration/PPG_PRECISION_WINDOW_CONTROLLER_INTERFACE_CONTRACT.md,786,explicit,i_initial_precision,text_mismatch,### 18.2 ACTIVE和运行资格
contracts/PPG_CONTRACT_CLOSURE_MATRIX.md,2505,ppg_system_integration/PPG_PRECISION_WINDOW_CONTROLLER_INTERFACE_CONTRACT.md:786,ppg_system_integration/PPG_PRECISION_WINDOW_CONTROLLER_INTERFACE_CONTRACT.md,786,explicit,i_normal_measurement_active,text_mismatch,### 18.2 ACTIVE和运行资格
contracts/PPG_CONTRACT_CLOSURE_MATRIX.md,2506,ppg_system_integration/PPG_PRECISION_WINDOW_CONTROLLER_INTERFACE_CONTRACT.md:786,ppg_system_integration/PPG_PRECISION_WINDOW_CONTROLLER_INTERFACE_CONTRACT.md,786,explicit,i_peak_valley_config_valid,text_mismatch,### 18.2 ACTIVE和运行资格
contracts/PPG_CONTRACT_CLOSURE_MATRIX.md,2507,ppg_system_integration/PPG_PRECISION_WINDOW_CONTROLLER_INTERFACE_CONTRACT.md:796,ppg_system_integration/PPG_PRECISION_WINDOW_CONTROLLER_INTERFACE_CONTRACT.md,796,explicit,i_cross_valid,text_mismatch,### 18.3 相交请求
contracts/PPG_CONTRACT_CLOSURE_MATRIX.md,2508,ppg_system_integration/PPG_PRECISION_WINDOW_CONTROLLER_INTERFACE_CONTRACT.md:796,ppg_system_integration/PPG_PRECISION_WINDOW_CONTROLLER_INTERFACE_CONTRACT.md,796,explicit,o_cross_ready,text_mismatch,### 18.3 相交请求
contracts/PPG_CONTRACT_CLOSURE_MATRIX.md,2509,ppg_system_integration/PPG_PRECISION_WINDOW_CONTROLLER_INTERFACE_CONTRACT.md:796,ppg_system_integration/PPG_PRECISION_WINDOW_CONTROLLER_INTERFACE_CONTRACT.md,796,explicit,i_cross_frame_id,text_mismatch,### 18.3 相交请求
contracts/PPG_CONTRACT_CLOSURE_MATRIX.md,2510,ppg_system_integration/PPG_PRECISION_WINDOW_CONTROLLER_INTERFACE_CONTRACT.md:796,ppg_system_integration/PPG_PRECISION_WINDOW_CONTROLLER_INTERFACE_CONTRACT.md,796,explicit,i_cross_sample_index,text_mismatch,### 18.3 相交请求
contracts/PPG_CONTRACT_CLOSURE_MATRIX.md,2511,ppg_system_integration/PPG_PRECISION_WINDOW_CONTROLLER_INTERFACE_CONTRACT.md:796,ppg_system_integration/PPG_PRECISION_WINDOW_CONTROLLER_INTERFACE_CONTRACT.md,796,explicit,i_cross_time_unknown,text_mismatch,### 18.3 相交请求
contracts/PPG_CONTRACT_CLOSURE_MATRIX.md,2512,ppg_system_integration/PPG_PRECISION_WINDOW_CONTROLLER_INTERFACE_CONTRACT.md:796,ppg_system_integration/PPG_PRECISION_WINDOW_CONTROLLER_INTERFACE_CONTRACT.md,796,explicit,i_cross_config_epoch,text_mismatch,### 18.3 相交请求
contracts/PPG_CONTRACT_CLOSURE_MATRIX.md,2513,ppg_system_integration/PPG_PRECISION_WINDOW_CONTROLLER_INTERFACE_CONTRACT.md:796,ppg_system_integration/PPG_PRECISION_WINDOW_CONTROLLER_INTERFACE_CONTRACT.md,796,explicit,i_cross_coef_epoch,text_mismatch,### 18.3 相交请求
contracts/PPG_CONTRACT_CLOSURE_MATRIX.md,2514,ppg_system_integration/PPG_PRECISION_WINDOW_CONTROLLER_INTERFACE_CONTRACT.md:796,ppg_system_integration/PPG_PRECISION_WINDOW_CONTROLLER_INTERFACE_CONTRACT.md,796,explicit,i_cross_dc_recovery_coef_epoch,text_mismatch,### 18.3 相交请求
contracts/PPG_CONTRACT_CLOSURE_MATRIX.md,2515,ppg_system_integration/PPG_PRECISION_WINDOW_CONTROLLER_INTERFACE_CONTRACT.md:809,ppg_system_integration/PPG_PRECISION_WINDOW_CONTROLLER_INTERFACE_CONTRACT.md,809,explicit,i_return_9bit_valid,text_mismatch,### 18.4 返回请求
contracts/PPG_CONTRACT_CLOSURE_MATRIX.md,2516,ppg_system_integration/PPG_PRECISION_WINDOW_CONTROLLER_INTERFACE_CONTRACT.md:809,ppg_system_integration/PPG_PRECISION_WINDOW_CONTROLLER_INTERFACE_CONTRACT.md,809,explicit,o_return_9bit_ready,text_mismatch,### 18.4 返回请求
contracts/PPG_CONTRACT_CLOSURE_MATRIX.md,2517,ppg_system_integration/PPG_PRECISION_WINDOW_CONTROLLER_INTERFACE_CONTRACT.md:809,ppg_system_integration/PPG_PRECISION_WINDOW_CONTROLLER_INTERFACE_CONTRACT.md,809,explicit,i_return_reason,text_mismatch,### 18.4 返回请求
contracts/PPG_CONTRACT_CLOSURE_MATRIX.md,2518,ppg_system_integration/PPG_PRECISION_WINDOW_CONTROLLER_INTERFACE_CONTRACT.md:809,ppg_system_integration/PPG_PRECISION_WINDOW_CONTROLLER_INTERFACE_CONTRACT.md,809,explicit,i_return_frame_id,text_mismatch,### 18.4 返回请求
contracts/PPG_CONTRACT_CLOSURE_MATRIX.md,2519,ppg_system_integration/PPG_PRECISION_WINDOW_CONTROLLER_INTERFACE_CONTRACT.md:818,ppg_system_integration/PPG_PRECISION_WINDOW_CONTROLLER_INTERFACE_CONTRACT.md,818,explicit,i_frame_safe_boundary,text_mismatch,### 18.5 帧和模拟安全输入
contracts/PPG_CONTRACT_CLOSURE_MATRIX.md,2520,ppg_system_integration/PPG_PRECISION_WINDOW_CONTROLLER_INTERFACE_CONTRACT.md:818,ppg_system_integration/PPG_PRECISION_WINDOW_CONTROLLER_INTERFACE_CONTRACT.md,818,explicit,i_safe_frame_id,text_mismatch,### 18.5 帧和模拟安全输入
contracts/PPG_CONTRACT_CLOSURE_MATRIX.md,2521,ppg_system_integration/PPG_PRECISION_WINDOW_CONTROLLER_INTERFACE_CONTRACT.md:818,ppg_system_integration/PPG_PRECISION_WINDOW_CONTROLLER_INTERFACE_CONTRACT.md,818,explicit,i_precision_takeover_safe,text_mismatch,### 18.5 帧和模拟安全输入
contracts/PPG_CONTRACT_CLOSURE_MATRIX.md,2522,ppg_system_integration/PPG_PRECISION_WINDOW_CONTROLLER_INTERFACE_CONTRACT.md:818,ppg_system_integration/PPG_PRECISION_WINDOW_CONTROLLER_INTERFACE_CONTRACT.md,818,explicit,i_analog_safe,text_mismatch,### 18.5 帧和模拟安全输入
contracts/PPG_CONTRACT_CLOSURE_MATRIX.md,2523,ppg_system_integration/PPG_PRECISION_WINDOW_CONTROLLER_INTERFACE_CONTRACT.md:818,ppg_system_integration/PPG_PRECISION_WINDOW_CONTROLLER_INTERFACE_CONTRACT.md,818,explicit,i_recheck_busy,text_mismatch,### 18.5 帧和模拟安全输入
contracts/PPG_CONTRACT_CLOSURE_MATRIX.md,2524,ppg_system_integration/PPG_PRECISION_WINDOW_CONTROLLER_INTERFACE_CONTRACT.md:828,ppg_system_integration/PPG_PRECISION_WINDOW_CONTROLLER_INTERFACE_CONTRACT.md,828,explicit,o_active_precision_mode,text_mismatch,### 18.6 committed精度和事件输出
contracts/PPG_CONTRACT_CLOSURE_MATRIX.md,2524,"ppg_precision_window_integration.v:953,463,1080",ppg_precision_window_integration.v,"953,463,1080",explicit,,out_of_bounds,
contracts/PPG_CONTRACT_CLOSURE_MATRIX.md,2525,ppg_system_integration/PPG_PRECISION_WINDOW_CONTROLLER_INTERFACE_CONTRACT.md:828,ppg_system_integration/PPG_PRECISION_WINDOW_CONTROLLER_INTERFACE_CONTRACT.md,828,explicit,o_fine_window_active,text_mismatch,### 18.6 committed精度和事件输出
contracts/PPG_CONTRACT_CLOSURE_MATRIX.md,2526,ppg_system_integration/PPG_PRECISION_WINDOW_CONTROLLER_INTERFACE_CONTRACT.md:828,ppg_system_integration/PPG_PRECISION_WINDOW_CONTROLLER_INTERFACE_CONTRACT.md,828,explicit,o_fine_window_start_event,text_mismatch,### 18.6 committed精度和事件输出
contracts/PPG_CONTRACT_CLOSURE_MATRIX.md,2527,ppg_system_integration/PPG_PRECISION_WINDOW_CONTROLLER_INTERFACE_CONTRACT.md:828,ppg_system_integration/PPG_PRECISION_WINDOW_CONTROLLER_INTERFACE_CONTRACT.md,828,explicit,o_fine_window_start_frame_id,text_mismatch,### 18.6 committed精度和事件输出
contracts/PPG_CONTRACT_CLOSURE_MATRIX.md,2528,ppg_system_integration/PPG_PRECISION_WINDOW_CONTROLLER_INTERFACE_CONTRACT.md:828,ppg_system_integration/PPG_PRECISION_WINDOW_CONTROLLER_INTERFACE_CONTRACT.md,828,explicit,o_precision_15_to_9_event,text_mismatch,### 18.6 committed精度和事件输出
contracts/PPG_CONTRACT_CLOSURE_MATRIX.md,2529,ppg_system_integration/PPG_PRECISION_WINDOW_CONTROLLER_INTERFACE_CONTRACT.md:828,ppg_system_integration/PPG_PRECISION_WINDOW_CONTROLLER_INTERFACE_CONTRACT.md,828,explicit,o_precision_15_to_9_frame_id,text_mismatch,### 18.6 committed精度和事件输出
contracts/PPG_CONTRACT_CLOSURE_MATRIX.md,2530,ppg_system_integration/PPG_PRECISION_WINDOW_CONTROLLER_INTERFACE_CONTRACT.md:828,ppg_system_integration/PPG_PRECISION_WINDOW_CONTROLLER_INTERFACE_CONTRACT.md,828,explicit,o_reacquire_request_event,text_mismatch,### 18.6 committed精度和事件输出
contracts/PPG_CONTRACT_CLOSURE_MATRIX.md,2531,ppg_system_integration/PPG_PRECISION_WINDOW_CONTROLLER_INTERFACE_CONTRACT.md:828,ppg_system_integration/PPG_PRECISION_WINDOW_CONTROLLER_INTERFACE_CONTRACT.md,828,explicit,o_mode_fault_event,text_mismatch,### 18.6 committed精度和事件输出
contracts/PPG_CONTRACT_CLOSURE_MATRIX.md,2532,ppg_system_integration/PPG_PRECISION_WINDOW_CONTROLLER_INTERFACE_CONTRACT.md:828,ppg_system_integration/PPG_PRECISION_WINDOW_CONTROLLER_INTERFACE_CONTRACT.md,828,explicit,o_mode_fault_active,text_mismatch,### 18.6 committed精度和事件输出
contracts/PPG_CONTRACT_CLOSURE_MATRIX.md,2533,ppg_system_integration/PPG_PRECISION_WINDOW_CONTROLLER_INTERFACE_CONTRACT.md:828,ppg_system_integration/PPG_PRECISION_WINDOW_CONTROLLER_INTERFACE_CONTRACT.md,828,explicit,o_mode_fault_identity_valid,text_mismatch,### 18.6 committed精度和事件输出
contracts/PPG_CONTRACT_CLOSURE_MATRIX.md,2534,ppg_system_integration/PPG_PRECISION_WINDOW_CONTROLLER_INTERFACE_CONTRACT.md:828,ppg_system_integration/PPG_PRECISION_WINDOW_CONTROLLER_INTERFACE_CONTRACT.md,828,explicit,o_mode_fault_frame_id,text_mismatch,### 18.6 committed精度和事件输出
contracts/PPG_CONTRACT_CLOSURE_MATRIX.md,2535,ppg_system_integration/PPG_PRECISION_WINDOW_CONTROLLER_INTERFACE_CONTRACT.md:828,ppg_system_integration/PPG_PRECISION_WINDOW_CONTROLLER_INTERFACE_CONTRACT.md,828,explicit,o_mode_fault_sample_index,text_mismatch,### 18.6 committed精度和事件输出
contracts/PPG_CONTRACT_CLOSURE_MATRIX.md,2536,ppg_system_integration/PPG_PRECISION_WINDOW_CONTROLLER_INTERFACE_CONTRACT.md:828,ppg_system_integration/PPG_PRECISION_WINDOW_CONTROLLER_INTERFACE_CONTRACT.md,828,explicit,o_mode_fault_color_ir,text_mismatch,### 18.6 committed精度和事件输出
contracts/PPG_CONTRACT_CLOSURE_MATRIX.md,2537,ppg_system_integration/PPG_PRECISION_WINDOW_CONTROLLER_INTERFACE_CONTRACT.md:828,ppg_system_integration/PPG_PRECISION_WINDOW_CONTROLLER_INTERFACE_CONTRACT.md,828,explicit,o_mode_fault_frame_type,text_mismatch,### 18.6 committed精度和事件输出
contracts/PPG_CONTRACT_CLOSURE_MATRIX.md,2538,ppg_system_integration/PPG_PRECISION_WINDOW_CONTROLLER_INTERFACE_CONTRACT.md:828,ppg_system_integration/PPG_PRECISION_WINDOW_CONTROLLER_INTERFACE_CONTRACT.md,828,explicit,o_mode_fault_precision,text_mismatch,### 18.6 committed精度和事件输出
contracts/PPG_CONTRACT_CLOSURE_MATRIX.md,2539,ppg_system_integration/PPG_PRECISION_WINDOW_CONTROLLER_INTERFACE_CONTRACT.md:828,ppg_system_integration/PPG_PRECISION_WINDOW_CONTROLLER_INTERFACE_CONTRACT.md,828,explicit,o_mode_fault_run_generation,text_mismatch,### 18.6 committed精度和事件输出
contracts/PPG_CONTRACT_CLOSURE_MATRIX.md,2540,ppg_system_integration/PPG_PRECISION_WINDOW_CONTROLLER_INTERFACE_CONTRACT.md:844,ppg_system_integration/PPG_PRECISION_WINDOW_CONTROLLER_INTERFACE_CONTRACT.md,844,explicit,o_switch_pending,text_mismatch,### 18.7 状态和诊断输出
contracts/PPG_CONTRACT_CLOSURE_MATRIX.md,2541,ppg_system_integration/PPG_PRECISION_WINDOW_CONTROLLER_INTERFACE_CONTRACT.md:844,ppg_system_integration/PPG_PRECISION_WINDOW_CONTROLLER_INTERFACE_CONTRACT.md,844,explicit,o_switch_target_precision,text_mismatch,### 18.7 状态和诊断输出
contracts/PPG_CONTRACT_CLOSURE_MATRIX.md,2542,ppg_system_integration/PPG_PRECISION_WINDOW_CONTROLLER_INTERFACE_CONTRACT.md:844,ppg_system_integration/PPG_PRECISION_WINDOW_CONTROLLER_INTERFACE_CONTRACT.md,844,explicit,o_switch_hold_new_transaction,text_mismatch,### 18.7 状态和诊断输出
contracts/PPG_CONTRACT_CLOSURE_MATRIX.md,2543,ppg_system_integration/PPG_PRECISION_WINDOW_CONTROLLER_INTERFACE_CONTRACT.md:844,ppg_system_integration/PPG_PRECISION_WINDOW_CONTROLLER_INTERFACE_CONTRACT.md,844,explicit,o_controller_idle,text_mismatch,### 18.7 状态和诊断输出
contracts/PPG_CONTRACT_CLOSURE_MATRIX.md,2544,ppg_system_integration/PPG_PRECISION_WINDOW_CONTROLLER_INTERFACE_CONTRACT.md:844,ppg_system_integration/PPG_PRECISION_WINDOW_CONTROLLER_INTERFACE_CONTRACT.md,844,explicit,o_last_cross_time_unknown,text_mismatch,### 18.7 状态和诊断输出
contracts/PPG_CONTRACT_CLOSURE_MATRIX.md,2545,ppg_system_integration/PPG_PRECISION_WINDOW_CONTROLLER_INTERFACE_CONTRACT.md:844,ppg_system_integration/PPG_PRECISION_WINDOW_CONTROLLER_INTERFACE_CONTRACT.md,844,explicit,o_last_return_reason,text_mismatch,### 18.7 状态和诊断输出
contracts/PPG_CONTRACT_CLOSURE_MATRIX.md,2546,ppg_system_integration/PPG_PRECISION_WINDOW_CONTROLLER_INTERFACE_CONTRACT.md:844,ppg_system_integration/PPG_PRECISION_WINDOW_CONTROLLER_INTERFACE_CONTRACT.md,844,explicit,o_switch_timeout_sticky,text_mismatch,### 18.7 状态和诊断输出
contracts/PPG_CONTRACT_CLOSURE_MATRIX.md,2547,ppg_system_integration/PPG_PRECISION_WINDOW_CONTROLLER_INTERFACE_CONTRACT.md:844,ppg_system_integration/PPG_PRECISION_WINDOW_CONTROLLER_INTERFACE_CONTRACT.md,844,explicit,o_protocol_error_sticky,text_mismatch,### 18.7 状态和诊断输出
contracts/PPG_CONTRACT_CLOSURE_MATRIX.md,2548,ppg_system_integration/PPG_COARSE_DETECTION_FIR_INTERFACE_CONTRACT.md:474,ppg_system_integration/PPG_COARSE_DETECTION_FIR_INTERFACE_CONTRACT.md,474,explicit,i_clk,text_mismatch,### 11.2 全局和生命周期输入
contracts/PPG_CONTRACT_CLOSURE_MATRIX.md,2549,ppg_system_integration/PPG_COARSE_DETECTION_FIR_INTERFACE_CONTRACT.md:474,ppg_system_integration/PPG_COARSE_DETECTION_FIR_INTERFACE_CONTRACT.md,474,explicit,i_rstn,text_mismatch,### 11.2 全局和生命周期输入
contracts/PPG_CONTRACT_CLOSURE_MATRIX.md,2550,ppg_system_integration/PPG_COARSE_DETECTION_FIR_INTERFACE_CONTRACT.md:474,ppg_system_integration/PPG_COARSE_DETECTION_FIR_INTERFACE_CONTRACT.md,474,explicit,i_run_enable,text_mismatch,### 11.2 全局和生命周期输入
contracts/PPG_CONTRACT_CLOSURE_MATRIX.md,2551,ppg_system_integration/PPG_COARSE_DETECTION_FIR_INTERFACE_CONTRACT.md:474,ppg_system_integration/PPG_COARSE_DETECTION_FIR_INTERFACE_CONTRACT.md,474,explicit,i_start_ack_event,text_mismatch,### 11.2 全局和生命周期输入
contracts/PPG_CONTRACT_CLOSURE_MATRIX.md,2552,ppg_system_integration/PPG_COARSE_DETECTION_FIR_INTERFACE_CONTRACT.md:474,ppg_system_integration/PPG_COARSE_DETECTION_FIR_INTERFACE_CONTRACT.md,474,explicit,i_recheck_accept_event,text_mismatch,### 11.2 全局和生命周期输入
contracts/PPG_CONTRACT_CLOSURE_MATRIX.md,2553,ppg_system_integration/PPG_COARSE_DETECTION_FIR_INTERFACE_CONTRACT.md:474,ppg_system_integration/PPG_COARSE_DETECTION_FIR_INTERFACE_CONTRACT.md,474,explicit,i_recheck_busy,text_mismatch,### 11.2 全局和生命周期输入
contracts/PPG_CONTRACT_CLOSURE_MATRIX.md,2554,ppg_system_integration/PPG_COARSE_DETECTION_FIR_INTERFACE_CONTRACT.md:528,ppg_system_integration/PPG_COARSE_DETECTION_FIR_INTERFACE_CONTRACT.md,528,explicit,i_detection_discard_event,text_mismatch,### 11.1 V2.2 lifecycle and generation ports
contracts/PPG_CONTRACT_CLOSURE_MATRIX.md,2555,ppg_system_integration/PPG_COARSE_DETECTION_FIR_INTERFACE_CONTRACT.md:528,ppg_system_integration/PPG_COARSE_DETECTION_FIR_INTERFACE_CONTRACT.md,528,explicit,i_detection_discard_reason,text_mismatch,### 11.1 V2.2 lifecycle and generation ports
contracts/PPG_CONTRACT_CLOSURE_MATRIX.md,2556,ppg_system_integration/PPG_COARSE_DETECTION_FIR_INTERFACE_CONTRACT.md:528,ppg_system_integration/PPG_COARSE_DETECTION_FIR_INTERFACE_CONTRACT.md,528,explicit,i_detection_discard_identity_valid,text_mismatch,### 11.1 V2.2 lifecycle and generation ports
contracts/PPG_CONTRACT_CLOSURE_MATRIX.md,2557,ppg_system_integration/PPG_COARSE_DETECTION_FIR_INTERFACE_CONTRACT.md:528,ppg_system_integration/PPG_COARSE_DETECTION_FIR_INTERFACE_CONTRACT.md,528,explicit,i_detection_discard_sample_valid,text_mismatch,### 11.1 V2.2 lifecycle and generation ports
contracts/PPG_CONTRACT_CLOSURE_MATRIX.md,2558,ppg_system_integration/PPG_COARSE_DETECTION_FIR_INTERFACE_CONTRACT.md:528,ppg_system_integration/PPG_COARSE_DETECTION_FIR_INTERFACE_CONTRACT.md,528,explicit,i_detection_discard_frame_id,text_mismatch,### 11.1 V2.2 lifecycle and generation ports
contracts/PPG_CONTRACT_CLOSURE_MATRIX.md,2559,ppg_system_integration/PPG_COARSE_DETECTION_FIR_INTERFACE_CONTRACT.md:528,ppg_system_integration/PPG_COARSE_DETECTION_FIR_INTERFACE_CONTRACT.md,528,explicit,i_detection_discard_sample_index,text_mismatch,### 11.1 V2.2 lifecycle and generation ports
contracts/PPG_CONTRACT_CLOSURE_MATRIX.md,2560,ppg_system_integration/PPG_COARSE_DETECTION_FIR_INTERFACE_CONTRACT.md:528,ppg_system_integration/PPG_COARSE_DETECTION_FIR_INTERFACE_CONTRACT.md,528,explicit,i_detection_discard_color_ir,text_mismatch,### 11.1 V2.2 lifecycle and generation ports
contracts/PPG_CONTRACT_CLOSURE_MATRIX.md,2561,ppg_system_integration/PPG_COARSE_DETECTION_FIR_INTERFACE_CONTRACT.md:528,ppg_system_integration/PPG_COARSE_DETECTION_FIR_INTERFACE_CONTRACT.md,528,explicit,i_detection_discard_frame_type,text_mismatch,### 11.1 V2.2 lifecycle and generation ports
contracts/PPG_CONTRACT_CLOSURE_MATRIX.md,2562,ppg_system_integration/PPG_COARSE_DETECTION_FIR_INTERFACE_CONTRACT.md:528,ppg_system_integration/PPG_COARSE_DETECTION_FIR_INTERFACE_CONTRACT.md,528,explicit,i_detection_discard_precision,text_mismatch,### 11.1 V2.2 lifecycle and generation ports
contracts/PPG_CONTRACT_CLOSURE_MATRIX.md,2563,ppg_system_integration/PPG_COARSE_DETECTION_FIR_INTERFACE_CONTRACT.md:528,ppg_system_integration/PPG_COARSE_DETECTION_FIR_INTERFACE_CONTRACT.md,528,explicit,i_detection_discard_config_epoch,text_mismatch,### 11.1 V2.2 lifecycle and generation ports
contracts/PPG_CONTRACT_CLOSURE_MATRIX.md,2564,ppg_system_integration/PPG_COARSE_DETECTION_FIR_INTERFACE_CONTRACT.md:528,ppg_system_integration/PPG_COARSE_DETECTION_FIR_INTERFACE_CONTRACT.md,528,explicit,i_detection_discard_coef_epoch,text_mismatch,### 11.1 V2.2 lifecycle and generation ports
contracts/PPG_CONTRACT_CLOSURE_MATRIX.md,2565,ppg_system_integration/PPG_COARSE_DETECTION_FIR_INTERFACE_CONTRACT.md:528,ppg_system_integration/PPG_COARSE_DETECTION_FIR_INTERFACE_CONTRACT.md,528,explicit,i_detection_discard_dc_recovery_epoch,text_mismatch,### 11.1 V2.2 lifecycle and generation ports
contracts/PPG_CONTRACT_CLOSURE_MATRIX.md,2566,ppg_system_integration/PPG_COARSE_DETECTION_FIR_INTERFACE_CONTRACT.md:528,ppg_system_integration/PPG_COARSE_DETECTION_FIR_INTERFACE_CONTRACT.md,528,explicit,i_detection_discard_amb_code_epoch,text_mismatch,### 11.1 V2.2 lifecycle and generation ports
contracts/PPG_CONTRACT_CLOSURE_MATRIX.md,2567,ppg_system_integration/PPG_COARSE_DETECTION_FIR_INTERFACE_CONTRACT.md:528,ppg_system_integration/PPG_COARSE_DETECTION_FIR_INTERFACE_CONTRACT.md,528,explicit,i_detection_discard_dc_code_epoch,text_mismatch,### 11.1 V2.2 lifecycle and generation ports
contracts/PPG_CONTRACT_CLOSURE_MATRIX.md,2568,ppg_system_integration/PPG_COARSE_DETECTION_FIR_INTERFACE_CONTRACT.md:528,ppg_system_integration/PPG_COARSE_DETECTION_FIR_INTERFACE_CONTRACT.md,528,explicit,i_detection_discard_run_generation,text_mismatch,### 11.1 V2.2 lifecycle and generation ports
contracts/PPG_CONTRACT_CLOSURE_MATRIX.md,2569,ppg_system_integration/PPG_COARSE_DETECTION_FIR_INTERFACE_CONTRACT.md:474,ppg_system_integration/PPG_COARSE_DETECTION_FIR_INTERFACE_CONTRACT.md,474,explicit,i_run_generation,text_mismatch,### 11.2 全局和生命周期输入
contracts/PPG_CONTRACT_CLOSURE_MATRIX.md,2570,ppg_system_integration/PPG_COARSE_DETECTION_FIR_INTERFACE_CONTRACT.md:474,ppg_system_integration/PPG_COARSE_DETECTION_FIR_INTERFACE_CONTRACT.md,474,explicit,o_local_empty,text_mismatch,### 11.2 全局和生命周期输入
contracts/PPG_CONTRACT_CLOSURE_MATRIX.md,2571,ppg_system_integration/PPG_COARSE_DETECTION_FIR_INTERFACE_CONTRACT.md:487,ppg_system_integration/PPG_COARSE_DETECTION_FIR_INTERFACE_CONTRACT.md,487,explicit,i_result_valid,text_mismatch,### 11.3 上游输入事务
contracts/PPG_CONTRACT_CLOSURE_MATRIX.md,2572,ppg_system_integration/PPG_COARSE_DETECTION_FIR_INTERFACE_CONTRACT.md:487,ppg_system_integration/PPG_COARSE_DETECTION_FIR_INTERFACE_CONTRACT.md,487,explicit,o_result_ready,text_mismatch,### 11.3 上游输入事务
contracts/PPG_CONTRACT_CLOSURE_MATRIX.md,2573,ppg_system_integration/PPG_COARSE_DETECTION_FIR_INTERFACE_CONTRACT.md:487,ppg_system_integration/PPG_COARSE_DETECTION_FIR_INTERFACE_CONTRACT.md,487,explicit,i_sample_valid,text_mismatch,### 11.3 上游输入事务
contracts/PPG_CONTRACT_CLOSURE_MATRIX.md,2574,ppg_system_integration/PPG_COARSE_DETECTION_FIR_INTERFACE_CONTRACT.md:487,ppg_system_integration/PPG_COARSE_DETECTION_FIR_INTERFACE_CONTRACT.md,487,explicit,i_coarse_ppg_value,text_mismatch,### 11.3 上游输入事务
contracts/PPG_CONTRACT_CLOSURE_MATRIX.md,2575,ppg_system_integration/PPG_COARSE_DETECTION_FIR_INTERFACE_CONTRACT.md:487,ppg_system_integration/PPG_COARSE_DETECTION_FIR_INTERFACE_CONTRACT.md,487,explicit,i_coarse_valid,text_mismatch,### 11.3 上游输入事务
contracts/PPG_CONTRACT_CLOSURE_MATRIX.md,2576,ppg_system_integration/PPG_COARSE_DETECTION_FIR_INTERFACE_CONTRACT.md:487,ppg_system_integration/PPG_COARSE_DETECTION_FIR_INTERFACE_CONTRACT.md,487,explicit,i_coarse_recovery_calibrated,text_mismatch,### 11.3 上游输入事务
contracts/PPG_CONTRACT_CLOSURE_MATRIX.md,2577,ppg_system_integration/PPG_COARSE_DETECTION_FIR_INTERFACE_CONTRACT.md:487,ppg_system_integration/PPG_COARSE_DETECTION_FIR_INTERFACE_CONTRACT.md,487,explicit,i_stage1_saturation_low,text_mismatch,### 11.3 上游输入事务
contracts/PPG_CONTRACT_CLOSURE_MATRIX.md,2578,ppg_system_integration/PPG_COARSE_DETECTION_FIR_INTERFACE_CONTRACT.md:487,ppg_system_integration/PPG_COARSE_DETECTION_FIR_INTERFACE_CONTRACT.md,487,explicit,i_stage1_saturation_high,text_mismatch,### 11.3 上游输入事务
contracts/PPG_CONTRACT_CLOSURE_MATRIX.md,2579,ppg_system_integration/PPG_COARSE_DETECTION_FIR_INTERFACE_CONTRACT.md:487,ppg_system_integration/PPG_COARSE_DETECTION_FIR_INTERFACE_CONTRACT.md,487,explicit,i_coarse_saturation_low,text_mismatch,### 11.3 上游输入事务
contracts/PPG_CONTRACT_CLOSURE_MATRIX.md,2580,ppg_system_integration/PPG_COARSE_DETECTION_FIR_INTERFACE_CONTRACT.md:487,ppg_system_integration/PPG_COARSE_DETECTION_FIR_INTERFACE_CONTRACT.md,487,explicit,i_coarse_saturation_high,text_mismatch,### 11.3 上游输入事务
contracts/PPG_CONTRACT_CLOSURE_MATRIX.md,2581,ppg_system_integration/PPG_COARSE_DETECTION_FIR_INTERFACE_CONTRACT.md:487,ppg_system_integration/PPG_COARSE_DETECTION_FIR_INTERFACE_CONTRACT.md,487,explicit,i_config_epoch,text_mismatch,### 11.3 上游输入事务
contracts/PPG_CONTRACT_CLOSURE_MATRIX.md,2582,ppg_system_integration/PPG_COARSE_DETECTION_FIR_INTERFACE_CONTRACT.md:487,ppg_system_integration/PPG_COARSE_DETECTION_FIR_INTERFACE_CONTRACT.md,487,explicit,i_coef_epoch,text_mismatch,### 11.3 上游输入事务
contracts/PPG_CONTRACT_CLOSURE_MATRIX.md,2583,ppg_system_integration/PPG_COARSE_DETECTION_FIR_INTERFACE_CONTRACT.md:487,ppg_system_integration/PPG_COARSE_DETECTION_FIR_INTERFACE_CONTRACT.md,487,explicit,i_dc_recovery_coef_epoch,text_mismatch,### 11.3 上游输入事务
contracts/PPG_CONTRACT_CLOSURE_MATRIX.md,2584,ppg_system_integration/PPG_COARSE_DETECTION_FIR_INTERFACE_CONTRACT.md:487,ppg_system_integration/PPG_COARSE_DETECTION_FIR_INTERFACE_CONTRACT.md,487,explicit,i_precision_mode,text_mismatch,### 11.3 上游输入事务
contracts/PPG_CONTRACT_CLOSURE_MATRIX.md,2585,ppg_system_integration/PPG_COARSE_DETECTION_FIR_INTERFACE_CONTRACT.md:487,ppg_system_integration/PPG_COARSE_DETECTION_FIR_INTERFACE_CONTRACT.md,487,explicit,i_frame_id,text_mismatch,### 11.3 上游输入事务
contracts/PPG_CONTRACT_CLOSURE_MATRIX.md,2586,ppg_system_integration/PPG_COARSE_DETECTION_FIR_INTERFACE_CONTRACT.md:487,ppg_system_integration/PPG_COARSE_DETECTION_FIR_INTERFACE_CONTRACT.md,487,explicit,i_sample_index,text_mismatch,### 11.3 上游输入事务
contracts/PPG_CONTRACT_CLOSURE_MATRIX.md,2587,ppg_system_integration/PPG_COARSE_DETECTION_FIR_INTERFACE_CONTRACT.md:487,ppg_system_integration/PPG_COARSE_DETECTION_FIR_INTERFACE_CONTRACT.md,487,explicit,i_color_ir,text_mismatch,### 11.3 上游输入事务
contracts/PPG_CONTRACT_CLOSURE_MATRIX.md,2588,ppg_system_integration/PPG_COARSE_DETECTION_FIR_INTERFACE_CONTRACT.md:487,ppg_system_integration/PPG_COARSE_DETECTION_FIR_INTERFACE_CONTRACT.md,487,explicit,i_frame_type,text_mismatch,### 11.3 上游输入事务
contracts/PPG_CONTRACT_CLOSURE_MATRIX.md,2589,ppg_system_integration/PPG_COARSE_DETECTION_FIR_INTERFACE_CONTRACT.md:487,ppg_system_integration/PPG_COARSE_DETECTION_FIR_INTERFACE_CONTRACT.md,487,explicit,i_amb_code_snapshot,text_mismatch,### 11.3 上游输入事务
contracts/PPG_CONTRACT_CLOSURE_MATRIX.md,2590,ppg_system_integration/PPG_COARSE_DETECTION_FIR_INTERFACE_CONTRACT.md:487,ppg_system_integration/PPG_COARSE_DETECTION_FIR_INTERFACE_CONTRACT.md,487,explicit,i_dc_code_snapshot,text_mismatch,### 11.3 上游输入事务
contracts/PPG_CONTRACT_CLOSURE_MATRIX.md,2591,ppg_system_integration/PPG_COARSE_DETECTION_FIR_INTERFACE_CONTRACT.md:487,ppg_system_integration/PPG_COARSE_DETECTION_FIR_INTERFACE_CONTRACT.md,487,explicit,i_amb_code_epoch,text_mismatch,### 11.3 上游输入事务
contracts/PPG_CONTRACT_CLOSURE_MATRIX.md,2592,ppg_system_integration/PPG_COARSE_DETECTION_FIR_INTERFACE_CONTRACT.md:487,ppg_system_integration/PPG_COARSE_DETECTION_FIR_INTERFACE_CONTRACT.md,487,explicit,i_dc_code_epoch,text_mismatch,### 11.3 上游输入事务
contracts/PPG_CONTRACT_CLOSURE_MATRIX.md,2595,"ppg_precision_window_integration.v:652,2601",ppg_precision_window_integration.v,"652,2601",explicit,,out_of_bounds,
contracts/PPG_CONTRACT_CLOSURE_MATRIX.md,2596,ppg_system_integration/PPG_COARSE_DETECTION_FIR_INTERFACE_CONTRACT.md:512,ppg_system_integration/PPG_COARSE_DETECTION_FIR_INTERFACE_CONTRACT.md,512,explicit,i_result_ready,text_mismatch,### 11.4 下游输出事务
contracts/PPG_CONTRACT_CLOSURE_MATRIX.md,2597,ppg_system_integration/PPG_COARSE_DETECTION_FIR_INTERFACE_CONTRACT.md:512,ppg_system_integration/PPG_COARSE_DETECTION_FIR_INTERFACE_CONTRACT.md,512,explicit,o_result_valid,text_mismatch,### 11.4 下游输出事务
contracts/PPG_CONTRACT_CLOSURE_MATRIX.md,2598,ppg_system_integration/PPG_COARSE_DETECTION_FIR_INTERFACE_CONTRACT.md:512,ppg_system_integration/PPG_COARSE_DETECTION_FIR_INTERFACE_CONTRACT.md,512,explicit,o_filtered_ppg_value,text_mismatch,### 11.4 下游输出事务
contracts/PPG_CONTRACT_CLOSURE_MATRIX.md,2599,ppg_system_integration/PPG_COARSE_DETECTION_FIR_INTERFACE_CONTRACT.md:512,ppg_system_integration/PPG_COARSE_DETECTION_FIR_INTERFACE_CONTRACT.md,512,explicit,o_detection_qualified,text_mismatch,### 11.4 下游输出事务
contracts/PPG_CONTRACT_CLOSURE_MATRIX.md,2600,ppg_system_integration/PPG_COARSE_DETECTION_FIR_INTERFACE_CONTRACT.md:512,ppg_system_integration/PPG_COARSE_DETECTION_FIR_INTERFACE_CONTRACT.md,512,explicit,o_window_saturation_low,text_mismatch,### 11.4 下游输出事务
contracts/PPG_CONTRACT_CLOSURE_MATRIX.md,2601,ppg_system_integration/PPG_COARSE_DETECTION_FIR_INTERFACE_CONTRACT.md:512,ppg_system_integration/PPG_COARSE_DETECTION_FIR_INTERFACE_CONTRACT.md,512,explicit,o_window_saturation_high,text_mismatch,### 11.4 下游输出事务
contracts/PPG_CONTRACT_CLOSURE_MATRIX.md,2602,ppg_system_integration/PPG_COARSE_DETECTION_FIR_INTERFACE_CONTRACT.md:512,ppg_system_integration/PPG_COARSE_DETECTION_FIR_INTERFACE_CONTRACT.md,512,explicit,o_fir_saturation_low,text_mismatch,### 11.4 下游输出事务
contracts/PPG_CONTRACT_CLOSURE_MATRIX.md,2603,ppg_system_integration/PPG_COARSE_DETECTION_FIR_INTERFACE_CONTRACT.md:512,ppg_system_integration/PPG_COARSE_DETECTION_FIR_INTERFACE_CONTRACT.md,512,explicit,o_fir_saturation_high,text_mismatch,### 11.4 下游输出事务
contracts/PPG_CONTRACT_CLOSURE_MATRIX.md,2604,ppg_system_integration/PPG_COARSE_DETECTION_FIR_INTERFACE_CONTRACT.md:512,ppg_system_integration/PPG_COARSE_DETECTION_FIR_INTERFACE_CONTRACT.md,512,explicit,o_history_full_r,text_mismatch,### 11.4 下游输出事务
contracts/PPG_CONTRACT_CLOSURE_MATRIX.md,2605,ppg_system_integration/PPG_COARSE_DETECTION_FIR_INTERFACE_CONTRACT.md:512,ppg_system_integration/PPG_COARSE_DETECTION_FIR_INTERFACE_CONTRACT.md,512,explicit,o_history_full_ir,text_mismatch,### 11.4 下游输出事务
contracts/PPG_CONTRACT_CLOSURE_MATRIX.md,2606,ppg_system_integration/PPG_COARSE_DETECTION_FIR_INTERFACE_CONTRACT.md:512,ppg_system_integration/PPG_COARSE_DETECTION_FIR_INTERFACE_CONTRACT.md,512,explicit,o_fir_idle,text_mismatch,### 11.4 下游输出事务
contracts/PPG_CONTRACT_CLOSURE_MATRIX.md,2607,ppg_system_integration/PPG_COARSE_DETECTION_FIR_INTERFACE_CONTRACT.md:300,ppg_system_integration/PPG_COARSE_DETECTION_FIR_INTERFACE_CONTRACT.md,300,explicit,o_config_epoch,text_mismatch,| 字段 | 默认位宽 | 输出语义 |
contracts/PPG_CONTRACT_CLOSURE_MATRIX.md,2608,ppg_system_integration/PPG_COARSE_DETECTION_FIR_INTERFACE_CONTRACT.md:300,ppg_system_integration/PPG_COARSE_DETECTION_FIR_INTERFACE_CONTRACT.md,300,explicit,o_coef_epoch,text_mismatch,| 字段 | 默认位宽 | 输出语义 |
contracts/PPG_CONTRACT_CLOSURE_MATRIX.md,2609,ppg_system_integration/PPG_COARSE_DETECTION_FIR_INTERFACE_CONTRACT.md:300,ppg_system_integration/PPG_COARSE_DETECTION_FIR_INTERFACE_CONTRACT.md,300,explicit,o_dc_recovery_coef_epoch,text_mismatch,| 字段 | 默认位宽 | 输出语义 |
contracts/PPG_CONTRACT_CLOSURE_MATRIX.md,2610,ppg_system_integration/PPG_COARSE_DETECTION_FIR_INTERFACE_CONTRACT.md:300,ppg_system_integration/PPG_COARSE_DETECTION_FIR_INTERFACE_CONTRACT.md,300,explicit,o_precision_mode,text_mismatch,| 字段 | 默认位宽 | 输出语义 |
contracts/PPG_CONTRACT_CLOSURE_MATRIX.md,2611,ppg_system_integration/PPG_COARSE_DETECTION_FIR_INTERFACE_CONTRACT.md:300,ppg_system_integration/PPG_COARSE_DETECTION_FIR_INTERFACE_CONTRACT.md,300,explicit,o_frame_id,text_mismatch,| 字段 | 默认位宽 | 输出语义 |
contracts/PPG_CONTRACT_CLOSURE_MATRIX.md,2612,ppg_system_integration/PPG_COARSE_DETECTION_FIR_INTERFACE_CONTRACT.md:300,ppg_system_integration/PPG_COARSE_DETECTION_FIR_INTERFACE_CONTRACT.md,300,explicit,o_sample_index,text_mismatch,| 字段 | 默认位宽 | 输出语义 |
contracts/PPG_CONTRACT_CLOSURE_MATRIX.md,2613,ppg_system_integration/PPG_COARSE_DETECTION_FIR_INTERFACE_CONTRACT.md:300,ppg_system_integration/PPG_COARSE_DETECTION_FIR_INTERFACE_CONTRACT.md,300,explicit,o_color_ir,text_mismatch,| 字段 | 默认位宽 | 输出语义 |
contracts/PPG_CONTRACT_CLOSURE_MATRIX.md,2614,ppg_system_integration/PPG_COARSE_DETECTION_FIR_INTERFACE_CONTRACT.md:300,ppg_system_integration/PPG_COARSE_DETECTION_FIR_INTERFACE_CONTRACT.md,300,explicit,o_frame_type,text_mismatch,| 字段 | 默认位宽 | 输出语义 |
contracts/PPG_CONTRACT_CLOSURE_MATRIX.md,2615,ppg_system_integration/PPG_COARSE_DETECTION_FIR_INTERFACE_CONTRACT.md:300,ppg_system_integration/PPG_COARSE_DETECTION_FIR_INTERFACE_CONTRACT.md,300,explicit,o_amb_code_snapshot,text_mismatch,| 字段 | 默认位宽 | 输出语义 |
contracts/PPG_CONTRACT_CLOSURE_MATRIX.md,2616,ppg_system_integration/PPG_COARSE_DETECTION_FIR_INTERFACE_CONTRACT.md:300,ppg_system_integration/PPG_COARSE_DETECTION_FIR_INTERFACE_CONTRACT.md,300,explicit,o_dc_code_snapshot,text_mismatch,| 字段 | 默认位宽 | 输出语义 |
contracts/PPG_CONTRACT_CLOSURE_MATRIX.md,2617,ppg_system_integration/PPG_COARSE_DETECTION_FIR_INTERFACE_CONTRACT.md:300,ppg_system_integration/PPG_COARSE_DETECTION_FIR_INTERFACE_CONTRACT.md,300,explicit,o_amb_code_epoch,text_mismatch,| 字段 | 默认位宽 | 输出语义 |
contracts/PPG_CONTRACT_CLOSURE_MATRIX.md,2618,ppg_system_integration/PPG_COARSE_DETECTION_FIR_INTERFACE_CONTRACT.md:300,ppg_system_integration/PPG_COARSE_DETECTION_FIR_INTERFACE_CONTRACT.md,300,explicit,o_dc_code_epoch,text_mismatch,| 字段 | 默认位宽 | 输出语义 |
contracts/PPG_CONTRACT_CLOSURE_MATRIX.md,2619,ppg_system_integration/PPG_ADC_MEASUREMENT_AND_IDAC_INTEGRATION_WRAPPER_INTERFACE_CONTRACT.md:244,ppg_system_integration/PPG_ADC_MEASUREMENT_AND_IDAC_INTEGRATION_WRAPPER_INTERFACE_CONTRACT.md,244,explicit,i_run_profile,text_mismatch,
contracts/PPG_CONTRACT_CLOSURE_MATRIX.md,2620,ppg_system_integration/PPG_ADC_MEASUREMENT_AND_IDAC_INTEGRATION_WRAPPER_INTERFACE_CONTRACT.md:245,ppg_system_integration/PPG_ADC_MEASUREMENT_AND_IDAC_INTEGRATION_WRAPPER_INTERFACE_CONTRACT.md,245,explicit,i_initial_precision,text_mismatch,| AMI input | Width | PWI direct consumer and final child |
contracts/PPG_CONTRACT_CLOSURE_MATRIX.md,2621,ppg_system_integration/PPG_ADC_MEASUREMENT_AND_IDAC_INTEGRATION_WRAPPER_INTERFACE_CONTRACT.md:143,ppg_system_integration/PPG_ADC_MEASUREMENT_AND_IDAC_INTEGRATION_WRAPPER_INTERFACE_CONTRACT.md,143,explicit,i_macro_frame_safe_boundary,text_mismatch,        v
contracts/PPG_CONTRACT_CLOSURE_MATRIX.md,2622,ppg_system_integration/PPG_ADC_MEASUREMENT_AND_IDAC_INTEGRATION_WRAPPER_INTERFACE_CONTRACT.md:145,ppg_system_integration/PPG_ADC_MEASUREMENT_AND_IDAC_INTEGRATION_WRAPPER_INTERFACE_CONTRACT.md,145,explicit,i_safe_frame_id,text_mismatch,        |------------------------------------|
contracts/PPG_CONTRACT_CLOSURE_MATRIX.md,2623,ppg_system_integration/PPG_ADC_MEASUREMENT_AND_IDAC_INTEGRATION_WRAPPER_INTERFACE_CONTRACT.md:142,ppg_system_integration/PPG_ADC_MEASUREMENT_AND_IDAC_INTEGRATION_WRAPPER_INTERFACE_CONTRACT.md,142,explicit,i_analog_safe,text_mismatch,        |
contracts/PPG_CONTRACT_CLOSURE_MATRIX.md,2624,ppg_system_integration/PPG_ADC_MEASUREMENT_AND_IDAC_INTEGRATION_WRAPPER_INTERFACE_CONTRACT.md:395,ppg_system_integration/PPG_ADC_MEASUREMENT_AND_IDAC_INTEGRATION_WRAPPER_INTERFACE_CONTRACT.md,395,explicit,i_test_calibration_loss_inject_valid,text_mismatch,
contracts/PPG_CONTRACT_CLOSURE_MATRIX.md,2625,ppg_system_integration/PPG_ADC_MEASUREMENT_AND_IDAC_INTEGRATION_WRAPPER_INTERFACE_CONTRACT.md:396,ppg_system_integration/PPG_ADC_MEASUREMENT_AND_IDAC_INTEGRATION_WRAPPER_INTERFACE_CONTRACT.md,396,explicit,o_test_calibration_loss_inject_ready,text_mismatch,V1.3.4必须严格区分上述“原始owner仍可证明的内部处理失败”和第6.5b节验证专用错误completion identity。前者沿用原始owner产生`success=0`释放；后者故意向production matcher呈交不匹配身份，matcher不得用已保存owner修补输入、不得产生失败完成旁带，也不得释放AMI、Scheduler或SSW中的当前owner。验证注入造成的未解决owner只能走第6.5b节冻结的受控恢复路径。
contracts/PPG_CONTRACT_CLOSURE_MATRIX.md,2626,ppg_system_integration/PPG_ADC_MEASUREMENT_AND_IDAC_INTEGRATION_WRAPPER_INTERFACE_CONTRACT.md:306,ppg_system_integration/PPG_ADC_MEASUREMENT_AND_IDAC_INTEGRATION_WRAPPER_INTERFACE_CONTRACT.md,306,explicit,o_active_precision_mode,text_mismatch,
contracts/PPG_CONTRACT_CLOSURE_MATRIX.md,2627,ppg_system_integration/PPG_ADC_MEASUREMENT_AND_IDAC_INTEGRATION_WRAPPER_INTERFACE_CONTRACT.md:310,ppg_system_integration/PPG_ADC_MEASUREMENT_AND_IDAC_INTEGRATION_WRAPPER_INTERFACE_CONTRACT.md,310,explicit,o_precision_15_to_9_event,text_mismatch,| ADC结果事务上下文 | 调度器到AMI | 握手后保存完整身份并等待真实ADC结果 |
contracts/PPG_CONTRACT_CLOSURE_MATRIX.md,2628,ppg_system_integration/PPG_ADC_MEASUREMENT_AND_IDAC_INTEGRATION_WRAPPER_INTERFACE_CONTRACT.md:311,ppg_system_integration/PPG_ADC_MEASUREMENT_AND_IDAC_INTEGRATION_WRAPPER_INTERFACE_CONTRACT.md,311,explicit,o_precision_15_to_9_frame_id,text_mismatch,
contracts/PPG_CONTRACT_CLOSURE_MATRIX.md,2629,ppg_system_integration/PPG_ADC_MEASUREMENT_AND_IDAC_INTEGRATION_WRAPPER_INTERFACE_CONTRACT.md:313,ppg_system_integration/PPG_ADC_MEASUREMENT_AND_IDAC_INTEGRATION_WRAPPER_INTERFACE_CONTRACT.md,313,explicit,o_switch_hold_new_transaction,text_mismatch,
contracts/PPG_CONTRACT_CLOSURE_MATRIX.md,2630,ppg_system_integration/PPG_ADC_MEASUREMENT_AND_IDAC_INTEGRATION_WRAPPER_INTERFACE_CONTRACT.md:329,ppg_system_integration/PPG_ADC_MEASUREMENT_AND_IDAC_INTEGRATION_WRAPPER_INTERFACE_CONTRACT.md,329,explicit,o_controller_idle,text_mismatch,
contracts/PPG_CONTRACT_CLOSURE_MATRIX.md,2631,ppg_system_integration/PPG_ADC_MEASUREMENT_AND_IDAC_INTEGRATION_WRAPPER_INTERFACE_CONTRACT.md:338,ppg_system_integration/PPG_ADC_MEASUREMENT_AND_IDAC_INTEGRATION_WRAPPER_INTERFACE_CONTRACT.md,338,explicit,o_switch_pending,text_mismatch,```
contracts/PPG_CONTRACT_CLOSURE_MATRIX.md,2632,ppg_system_integration/PPG_ADC_MEASUREMENT_AND_IDAC_INTEGRATION_WRAPPER_INTERFACE_CONTRACT.md:339,ppg_system_integration/PPG_ADC_MEASUREMENT_AND_IDAC_INTEGRATION_WRAPPER_INTERFACE_CONTRACT.md,339,explicit,o_switch_target_precision,text_mismatch,
contracts/PPG_CONTRACT_CLOSURE_MATRIX.md,2633,ppg_system_integration/PPG_ADC_MEASUREMENT_AND_IDAC_INTEGRATION_WRAPPER_INTERFACE_CONTRACT.md:345,ppg_system_integration/PPG_ADC_MEASUREMENT_AND_IDAC_INTEGRATION_WRAPPER_INTERFACE_CONTRACT.md,345,explicit,o_switch_timeout_sticky,text_mismatch,
contracts/PPG_CONTRACT_CLOSURE_MATRIX.md,2634,ppg_system_integration/PPG_ADC_MEASUREMENT_AND_IDAC_INTEGRATION_WRAPPER_INTERFACE_CONTRACT.md:346,ppg_system_integration/PPG_ADC_MEASUREMENT_AND_IDAC_INTEGRATION_WRAPPER_INTERFACE_CONTRACT.md,346,explicit,o_precision_protocol_error_sticky,text_mismatch,```text
contracts/PPG_CONTRACT_CLOSURE_MATRIX.md,2635,ppg_system_integration/PPG_ADC_MEASUREMENT_AND_IDAC_INTEGRATION_WRAPPER_INTERFACE_CONTRACT.md:314,ppg_system_integration/PPG_ADC_MEASUREMENT_AND_IDAC_INTEGRATION_WRAPPER_INTERFACE_CONTRACT.md,314,explicit,o_mode_fault_event,text_mismatch,### 6.4 ADC异步物理结果输入
contracts/PPG_CONTRACT_CLOSURE_MATRIX.md,2637,ppg_system_integration/PPG_ADC_MEASUREMENT_AND_IDAC_INTEGRATION_WRAPPER_INTERFACE_CONTRACT.md:215,ppg_system_integration/PPG_ADC_MEASUREMENT_AND_IDAC_INTEGRATION_WRAPPER_INTERFACE_CONTRACT.md,215,explicit,i_clk,text_mismatch,### 6.2 全局与生命周期输入
contracts/PPG_CONTRACT_CLOSURE_MATRIX.md,2638,ppg_system_integration/PPG_ADC_MEASUREMENT_AND_IDAC_INTEGRATION_WRAPPER_INTERFACE_CONTRACT.md:215,ppg_system_integration/PPG_ADC_MEASUREMENT_AND_IDAC_INTEGRATION_WRAPPER_INTERFACE_CONTRACT.md,215,explicit,i_rstn,text_mismatch,### 6.2 全局与生命周期输入
contracts/PPG_CONTRACT_CLOSURE_MATRIX.md,2639,ppg_system_integration/PPG_ADC_MEASUREMENT_AND_IDAC_INTEGRATION_WRAPPER_INTERFACE_CONTRACT.md:264,ppg_system_integration/PPG_ADC_MEASUREMENT_AND_IDAC_INTEGRATION_WRAPPER_INTERFACE_CONTRACT.md,264,explicit,i_adc_transaction_start,text_mismatch,### 6.3 ADC结果事务owner输入
contracts/PPG_CONTRACT_CLOSURE_MATRIX.md,2640,ppg_system_integration/PPG_ADC_MEASUREMENT_AND_IDAC_INTEGRATION_WRAPPER_INTERFACE_CONTRACT.md:264,ppg_system_integration/PPG_ADC_MEASUREMENT_AND_IDAC_INTEGRATION_WRAPPER_INTERFACE_CONTRACT.md,264,explicit,i_precision_mode_committed,text_mismatch,### 6.3 ADC结果事务owner输入
contracts/PPG_CONTRACT_CLOSURE_MATRIX.md,2641,ppg_system_integration/PPG_ADC_MEASUREMENT_AND_IDAC_INTEGRATION_WRAPPER_INTERFACE_CONTRACT.md:314,ppg_system_integration/PPG_ADC_MEASUREMENT_AND_IDAC_INTEGRATION_WRAPPER_INTERFACE_CONTRACT.md,314,explicit,i_dout_stage1_low,text_mismatch,### 6.4 ADC异步物理结果输入
contracts/PPG_CONTRACT_CLOSURE_MATRIX.md,2642,ppg_system_integration/PPG_ADC_MEASUREMENT_AND_IDAC_INTEGRATION_WRAPPER_INTERFACE_CONTRACT.md:314,ppg_system_integration/PPG_ADC_MEASUREMENT_AND_IDAC_INTEGRATION_WRAPPER_INTERFACE_CONTRACT.md,314,explicit,i_clk_stage1_dout_low_async,text_mismatch,### 6.4 ADC异步物理结果输入
contracts/PPG_CONTRACT_CLOSURE_MATRIX.md,2643,ppg_system_integration/PPG_ADC_MEASUREMENT_AND_IDAC_INTEGRATION_WRAPPER_INTERFACE_CONTRACT.md:314,ppg_system_integration/PPG_ADC_MEASUREMENT_AND_IDAC_INTEGRATION_WRAPPER_INTERFACE_CONTRACT.md,314,explicit,i_dout_stage2_low,text_mismatch,### 6.4 ADC异步物理结果输入
contracts/PPG_CONTRACT_CLOSURE_MATRIX.md,2644,ppg_system_integration/PPG_ADC_MEASUREMENT_AND_IDAC_INTEGRATION_WRAPPER_INTERFACE_CONTRACT.md:314,ppg_system_integration/PPG_ADC_MEASUREMENT_AND_IDAC_INTEGRATION_WRAPPER_INTERFACE_CONTRACT.md,314,explicit,i_clk_stage2_dout_low_async,text_mismatch,### 6.4 ADC异步物理结果输入
contracts/PPG_CONTRACT_CLOSURE_MATRIX.md,2645,ppg_system_integration/PPG_ADC_MEASUREMENT_AND_IDAC_INTEGRATION_WRAPPER_INTERFACE_CONTRACT.md:821,ppg_system_integration/PPG_ADC_MEASUREMENT_AND_IDAC_INTEGRATION_WRAPPER_INTERFACE_CONTRACT.md,821,explicit,i_capture_ready,text_mismatch,## 8. Stage1、router和NORMAL fork连接
contracts/PPG_CONTRACT_CLOSURE_MATRIX.md,2646,ppg_system_integration/PPG_ADC_MEASUREMENT_AND_IDAC_INTEGRATION_WRAPPER_INTERFACE_CONTRACT.md:821,ppg_system_integration/PPG_ADC_MEASUREMENT_AND_IDAC_INTEGRATION_WRAPPER_INTERFACE_CONTRACT.md,821,explicit,o_capture_stage1_raw,text_mismatch,## 8. Stage1、router和NORMAL fork连接
contracts/PPG_CONTRACT_CLOSURE_MATRIX.md,2647,ppg_system_integration/PPG_ADC_MEASUREMENT_AND_IDAC_INTEGRATION_WRAPPER_INTERFACE_CONTRACT.md:821,ppg_system_integration/PPG_ADC_MEASUREMENT_AND_IDAC_INTEGRATION_WRAPPER_INTERFACE_CONTRACT.md,821,explicit,o_capture_stage2_raw,text_mismatch,## 8. Stage1、router和NORMAL fork连接
contracts/PPG_CONTRACT_CLOSURE_MATRIX.md,2648,ppg_system_integration/PPG_ADC_MEASUREMENT_AND_IDAC_INTEGRATION_WRAPPER_INTERFACE_CONTRACT.md:821,ppg_system_integration/PPG_ADC_MEASUREMENT_AND_IDAC_INTEGRATION_WRAPPER_INTERFACE_CONTRACT.md,821,explicit,o_capture_precision_mode,text_mismatch,## 8. Stage1、router和NORMAL fork连接
contracts/PPG_CONTRACT_CLOSURE_MATRIX.md,2649,ppg_system_integration/PPG_ADC_MEASUREMENT_AND_IDAC_INTEGRATION_WRAPPER_INTERFACE_CONTRACT.md:821,ppg_system_integration/PPG_ADC_MEASUREMENT_AND_IDAC_INTEGRATION_WRAPPER_INTERFACE_CONTRACT.md,821,explicit,o_capture_valid,text_mismatch,## 8. Stage1、router和NORMAL fork连接
contracts/PPG_CONTRACT_CLOSURE_MATRIX.md,2650,ppg_system_integration/PPG_ADC_MEASUREMENT_AND_IDAC_INTEGRATION_WRAPPER_INTERFACE_CONTRACT.md:215,ppg_system_integration/PPG_ADC_MEASUREMENT_AND_IDAC_INTEGRATION_WRAPPER_INTERFACE_CONTRACT.md,215,explicit,i_clk,text_mismatch,### 6.2 全局与生命周期输入
contracts/PPG_CONTRACT_CLOSURE_MATRIX.md,2651,ppg_system_integration/PPG_ADC_MEASUREMENT_AND_IDAC_INTEGRATION_WRAPPER_INTERFACE_CONTRACT.md:215,ppg_system_integration/PPG_ADC_MEASUREMENT_AND_IDAC_INTEGRATION_WRAPPER_INTERFACE_CONTRACT.md,215,explicit,i_rstn,text_mismatch,### 6.2 全局与生命周期输入
contracts/PPG_CONTRACT_CLOSURE_MATRIX.md,2652,ppg_system_integration/PPG_ADC_MEASUREMENT_AND_IDAC_INTEGRATION_WRAPPER_INTERFACE_CONTRACT.md:264,ppg_system_integration/PPG_ADC_MEASUREMENT_AND_IDAC_INTEGRATION_WRAPPER_INTERFACE_CONTRACT.md,264,explicit,i_adc_transaction_start,text_mismatch,### 6.3 ADC结果事务owner输入
contracts/PPG_CONTRACT_CLOSURE_MATRIX.md,2653,ppg_system_integration/PPG_ADC_MEASUREMENT_AND_IDAC_INTEGRATION_WRAPPER_INTERFACE_CONTRACT.md:264,ppg_system_integration/PPG_ADC_MEASUREMENT_AND_IDAC_INTEGRATION_WRAPPER_INTERFACE_CONTRACT.md,264,explicit,i_frame_id,text_mismatch,### 6.3 ADC结果事务owner输入
contracts/PPG_CONTRACT_CLOSURE_MATRIX.md,2654,ppg_system_integration/PPG_ADC_MEASUREMENT_AND_IDAC_INTEGRATION_WRAPPER_INTERFACE_CONTRACT.md:264,ppg_system_integration/PPG_ADC_MEASUREMENT_AND_IDAC_INTEGRATION_WRAPPER_INTERFACE_CONTRACT.md,264,explicit,i_sample_index,text_mismatch,### 6.3 ADC结果事务owner输入
contracts/PPG_CONTRACT_CLOSURE_MATRIX.md,2655,ppg_system_integration/PPG_ADC_MEASUREMENT_AND_IDAC_INTEGRATION_WRAPPER_INTERFACE_CONTRACT.md:264,ppg_system_integration/PPG_ADC_MEASUREMENT_AND_IDAC_INTEGRATION_WRAPPER_INTERFACE_CONTRACT.md,264,explicit,i_color_ir,text_mismatch,### 6.3 ADC结果事务owner输入
contracts/PPG_CONTRACT_CLOSURE_MATRIX.md,2656,ppg_system_integration/PPG_ADC_MEASUREMENT_AND_IDAC_INTEGRATION_WRAPPER_INTERFACE_CONTRACT.md:264,ppg_system_integration/PPG_ADC_MEASUREMENT_AND_IDAC_INTEGRATION_WRAPPER_INTERFACE_CONTRACT.md,264,explicit,i_frame_type,text_mismatch,### 6.3 ADC结果事务owner输入
contracts/PPG_CONTRACT_CLOSURE_MATRIX.md,2657,ppg_system_integration/PPG_ADC_MEASUREMENT_AND_IDAC_INTEGRATION_WRAPPER_INTERFACE_CONTRACT.md:264,ppg_system_integration/PPG_ADC_MEASUREMENT_AND_IDAC_INTEGRATION_WRAPPER_INTERFACE_CONTRACT.md,264,explicit,i_amb_code_snapshot,text_mismatch,### 6.3 ADC结果事务owner输入
contracts/PPG_CONTRACT_CLOSURE_MATRIX.md,2658,ppg_system_integration/PPG_ADC_MEASUREMENT_AND_IDAC_INTEGRATION_WRAPPER_INTERFACE_CONTRACT.md:264,ppg_system_integration/PPG_ADC_MEASUREMENT_AND_IDAC_INTEGRATION_WRAPPER_INTERFACE_CONTRACT.md,264,explicit,i_dc_code_snapshot,text_mismatch,### 6.3 ADC结果事务owner输入
contracts/PPG_CONTRACT_CLOSURE_MATRIX.md,2659,ppg_system_integration/PPG_ADC_MEASUREMENT_AND_IDAC_INTEGRATION_WRAPPER_INTERFACE_CONTRACT.md:264,ppg_system_integration/PPG_ADC_MEASUREMENT_AND_IDAC_INTEGRATION_WRAPPER_INTERFACE_CONTRACT.md,264,explicit,i_amb_code_epoch,text_mismatch,### 6.3 ADC结果事务owner输入
contracts/PPG_CONTRACT_CLOSURE_MATRIX.md,2660,ppg_system_integration/PPG_ADC_MEASUREMENT_AND_IDAC_INTEGRATION_WRAPPER_INTERFACE_CONTRACT.md:264,ppg_system_integration/PPG_ADC_MEASUREMENT_AND_IDAC_INTEGRATION_WRAPPER_INTERFACE_CONTRACT.md,264,explicit,i_dc_code_epoch,text_mismatch,### 6.3 ADC结果事务owner输入
contracts/PPG_CONTRACT_CLOSURE_MATRIX.md,2661,ppg_system_integration/PPG_ADC_MEASUREMENT_AND_IDAC_INTEGRATION_WRAPPER_INTERFACE_CONTRACT.md:821,ppg_system_integration/PPG_ADC_MEASUREMENT_AND_IDAC_INTEGRATION_WRAPPER_INTERFACE_CONTRACT.md,821,explicit,i_capture_stage1_raw,text_mismatch,## 8. Stage1、router和NORMAL fork连接
contracts/PPG_CONTRACT_CLOSURE_MATRIX.md,2662,ppg_system_integration/PPG_ADC_MEASUREMENT_AND_IDAC_INTEGRATION_WRAPPER_INTERFACE_CONTRACT.md:821,ppg_system_integration/PPG_ADC_MEASUREMENT_AND_IDAC_INTEGRATION_WRAPPER_INTERFACE_CONTRACT.md,821,explicit,i_capture_stage2_raw,text_mismatch,## 8. Stage1、router和NORMAL fork连接
contracts/PPG_CONTRACT_CLOSURE_MATRIX.md,2663,ppg_system_integration/PPG_ADC_MEASUREMENT_AND_IDAC_INTEGRATION_WRAPPER_INTERFACE_CONTRACT.md:821,ppg_system_integration/PPG_ADC_MEASUREMENT_AND_IDAC_INTEGRATION_WRAPPER_INTERFACE_CONTRACT.md,821,explicit,i_capture_precision_mode,text_mismatch,## 8. Stage1、router和NORMAL fork连接
contracts/PPG_CONTRACT_CLOSURE_MATRIX.md,2664,ppg_system_integration/PPG_ADC_MEASUREMENT_AND_IDAC_INTEGRATION_WRAPPER_INTERFACE_CONTRACT.md:821,ppg_system_integration/PPG_ADC_MEASUREMENT_AND_IDAC_INTEGRATION_WRAPPER_INTERFACE_CONTRACT.md,821,explicit,i_capture_valid,text_mismatch,## 8. Stage1、router和NORMAL fork连接
contracts/PPG_CONTRACT_CLOSURE_MATRIX.md,2665,ppg_system_integration/PPG_ADC_MEASUREMENT_AND_IDAC_INTEGRATION_WRAPPER_INTERFACE_CONTRACT.md:828,ppg_system_integration/PPG_ADC_MEASUREMENT_AND_IDAC_INTEGRATION_WRAPPER_INTERFACE_CONTRACT.md,828,explicit,i_detect_ready,text_mismatch,### 8.2 S1可编程校准
contracts/PPG_CONTRACT_CLOSURE_MATRIX.md,2666,ppg_system_integration/PPG_ADC_MEASUREMENT_AND_IDAC_INTEGRATION_WRAPPER_INTERFACE_CONTRACT.md:821,ppg_system_integration/PPG_ADC_MEASUREMENT_AND_IDAC_INTEGRATION_WRAPPER_INTERFACE_CONTRACT.md,821,explicit,o_transaction_ready,text_mismatch,## 8. Stage1、router和NORMAL fork连接
contracts/PPG_CONTRACT_CLOSURE_MATRIX.md,2667,ppg_system_integration/PPG_ADC_MEASUREMENT_AND_IDAC_INTEGRATION_WRAPPER_INTERFACE_CONTRACT.md:821,ppg_system_integration/PPG_ADC_MEASUREMENT_AND_IDAC_INTEGRATION_WRAPPER_INTERFACE_CONTRACT.md,821,explicit,o_capture_ready,text_mismatch,## 8. Stage1、router和NORMAL fork连接
contracts/PPG_CONTRACT_CLOSURE_MATRIX.md,2668,ppg_system_integration/PPG_ADC_MEASUREMENT_AND_IDAC_INTEGRATION_WRAPPER_INTERFACE_CONTRACT.md:828,ppg_system_integration/PPG_ADC_MEASUREMENT_AND_IDAC_INTEGRATION_WRAPPER_INTERFACE_CONTRACT.md,828,explicit,o_detect_code,text_mismatch,### 8.2 S1可编程校准
contracts/PPG_CONTRACT_CLOSURE_MATRIX.md,2669,ppg_system_integration/PPG_ADC_MEASUREMENT_AND_IDAC_INTEGRATION_WRAPPER_INTERFACE_CONTRACT.md:828,ppg_system_integration/PPG_ADC_MEASUREMENT_AND_IDAC_INTEGRATION_WRAPPER_INTERFACE_CONTRACT.md,828,explicit,o_stage1_raw,text_mismatch,### 8.2 S1可编程校准
contracts/PPG_CONTRACT_CLOSURE_MATRIX.md,2670,ppg_system_integration/PPG_ADC_MEASUREMENT_AND_IDAC_INTEGRATION_WRAPPER_INTERFACE_CONTRACT.md:828,ppg_system_integration/PPG_ADC_MEASUREMENT_AND_IDAC_INTEGRATION_WRAPPER_INTERFACE_CONTRACT.md,828,explicit,o_stage1_code_ext,text_mismatch,### 8.2 S1可编程校准
contracts/PPG_CONTRACT_CLOSURE_MATRIX.md,2671,ppg_system_integration/PPG_ADC_MEASUREMENT_AND_IDAC_INTEGRATION_WRAPPER_INTERFACE_CONTRACT.md:828,ppg_system_integration/PPG_ADC_MEASUREMENT_AND_IDAC_INTEGRATION_WRAPPER_INTERFACE_CONTRACT.md,828,explicit,o_stage2_raw,text_mismatch,### 8.2 S1可编程校准
contracts/PPG_CONTRACT_CLOSURE_MATRIX.md,2672,ppg_system_integration/PPG_ADC_MEASUREMENT_AND_IDAC_INTEGRATION_WRAPPER_INTERFACE_CONTRACT.md:828,ppg_system_integration/PPG_ADC_MEASUREMENT_AND_IDAC_INTEGRATION_WRAPPER_INTERFACE_CONTRACT.md,828,explicit,o_precision_mode,text_mismatch,### 8.2 S1可编程校准
contracts/PPG_CONTRACT_CLOSURE_MATRIX.md,2673,ppg_system_integration/PPG_ADC_MEASUREMENT_AND_IDAC_INTEGRATION_WRAPPER_INTERFACE_CONTRACT.md:828,ppg_system_integration/PPG_ADC_MEASUREMENT_AND_IDAC_INTEGRATION_WRAPPER_INTERFACE_CONTRACT.md,828,explicit,o_detect_valid,text_mismatch,### 8.2 S1可编程校准
contracts/PPG_CONTRACT_CLOSURE_MATRIX.md,2674,ppg_system_integration/PPG_ADC_MEASUREMENT_AND_IDAC_INTEGRATION_WRAPPER_INTERFACE_CONTRACT.md:828,ppg_system_integration/PPG_ADC_MEASUREMENT_AND_IDAC_INTEGRATION_WRAPPER_INTERFACE_CONTRACT.md,828,explicit,o_frame_id,text_mismatch,### 8.2 S1可编程校准
contracts/PPG_CONTRACT_CLOSURE_MATRIX.md,2675,ppg_system_integration/PPG_ADC_MEASUREMENT_AND_IDAC_INTEGRATION_WRAPPER_INTERFACE_CONTRACT.md:828,ppg_system_integration/PPG_ADC_MEASUREMENT_AND_IDAC_INTEGRATION_WRAPPER_INTERFACE_CONTRACT.md,828,explicit,o_sample_index,text_mismatch,### 8.2 S1可编程校准
contracts/PPG_CONTRACT_CLOSURE_MATRIX.md,2676,ppg_system_integration/PPG_ADC_MEASUREMENT_AND_IDAC_INTEGRATION_WRAPPER_INTERFACE_CONTRACT.md:828,ppg_system_integration/PPG_ADC_MEASUREMENT_AND_IDAC_INTEGRATION_WRAPPER_INTERFACE_CONTRACT.md,828,explicit,o_color_ir,text_mismatch,### 8.2 S1可编程校准
contracts/PPG_CONTRACT_CLOSURE_MATRIX.md,2677,ppg_system_integration/PPG_ADC_MEASUREMENT_AND_IDAC_INTEGRATION_WRAPPER_INTERFACE_CONTRACT.md:828,ppg_system_integration/PPG_ADC_MEASUREMENT_AND_IDAC_INTEGRATION_WRAPPER_INTERFACE_CONTRACT.md,828,explicit,o_frame_type,text_mismatch,### 8.2 S1可编程校准
contracts/PPG_CONTRACT_CLOSURE_MATRIX.md,2678,ppg_system_integration/PPG_ADC_MEASUREMENT_AND_IDAC_INTEGRATION_WRAPPER_INTERFACE_CONTRACT.md:828,ppg_system_integration/PPG_ADC_MEASUREMENT_AND_IDAC_INTEGRATION_WRAPPER_INTERFACE_CONTRACT.md,828,explicit,o_amb_code_snapshot,text_mismatch,### 8.2 S1可编程校准
contracts/PPG_CONTRACT_CLOSURE_MATRIX.md,2679,ppg_system_integration/PPG_ADC_MEASUREMENT_AND_IDAC_INTEGRATION_WRAPPER_INTERFACE_CONTRACT.md:828,ppg_system_integration/PPG_ADC_MEASUREMENT_AND_IDAC_INTEGRATION_WRAPPER_INTERFACE_CONTRACT.md,828,explicit,o_dc_code_snapshot,text_mismatch,### 8.2 S1可编程校准
contracts/PPG_CONTRACT_CLOSURE_MATRIX.md,2680,ppg_system_integration/PPG_ADC_MEASUREMENT_AND_IDAC_INTEGRATION_WRAPPER_INTERFACE_CONTRACT.md:828,ppg_system_integration/PPG_ADC_MEASUREMENT_AND_IDAC_INTEGRATION_WRAPPER_INTERFACE_CONTRACT.md,828,explicit,o_amb_code_epoch,text_mismatch,### 8.2 S1可编程校准
contracts/PPG_CONTRACT_CLOSURE_MATRIX.md,2681,ppg_system_integration/PPG_ADC_MEASUREMENT_AND_IDAC_INTEGRATION_WRAPPER_INTERFACE_CONTRACT.md:828,ppg_system_integration/PPG_ADC_MEASUREMENT_AND_IDAC_INTEGRATION_WRAPPER_INTERFACE_CONTRACT.md,828,explicit,o_dc_code_epoch,text_mismatch,### 8.2 S1可编程校准
contracts/PPG_CONTRACT_CLOSURE_MATRIX.md,2683,ppg_system_integration/PPG_ADC_S1_PROGRAMMABLE_CALIBRATOR_CONTRACT.md:218,ppg_system_integration/PPG_ADC_S1_PROGRAMMABLE_CALIBRATOR_CONTRACT.md,218,explicit,i_clk,text_mismatch,> `ppg_system_config_manager.v`的`flag_start_accept`公式包含`i_datapath_empty`、
contracts/PPG_CONTRACT_CLOSURE_MATRIX.md,2684,ppg_system_integration/PPG_ADC_S1_PROGRAMMABLE_CALIBRATOR_CONTRACT.md:219,ppg_system_integration/PPG_ADC_S1_PROGRAMMABLE_CALIBRATOR_CONTRACT.md,219,explicit,i_rstn,text_mismatch,> 以及`ppg_adc_measurement_idac_integration.v`的`o_datapath_empty`公式包含
contracts/PPG_CONTRACT_CLOSURE_MATRIX.md,2685,ppg_system_integration/PPG_ADC_S1_PROGRAMMABLE_CALIBRATOR_CONTRACT.md:220,ppg_system_integration/PPG_ADC_S1_PROGRAMMABLE_CALIBRATOR_CONTRACT.md,220,explicit,i_active_valid,text_mismatch,> 本模块（及C14/C15）的held-output valid信号，这两处**当前写法**。以后任何人
contracts/PPG_CONTRACT_CLOSURE_MATRIX.md,2686,ppg_system_integration/PPG_ADC_S1_PROGRAMMABLE_CALIBRATOR_CONTRACT.md:221,ppg_system_integration/PPG_ADC_S1_PROGRAMMABLE_CALIBRATOR_CONTRACT.md,221,explicit,i_stage1_calibration_valid,text_mismatch,> 修改这两处任一公式，都必须重新核实这条链条是否依然成立；一旦不成立，本模块
contracts/PPG_CONTRACT_CLOSURE_MATRIX.md,2687,ppg_system_integration/PPG_ADC_S1_PROGRAMMABLE_CALIBRATOR_CONTRACT.md:222,ppg_system_integration/PPG_ADC_S1_PROGRAMMABLE_CALIBRATOR_CONTRACT.md,222,explicit,i_config_epoch,text_mismatch,> （及C14/C15）出现真实未受保护路径，届时必须把discard-broadcast端口组+
contracts/PPG_CONTRACT_CLOSURE_MATRIX.md,2688,ppg_system_integration/PPG_ADC_S1_PROGRAMMABLE_CALIBRATOR_CONTRACT.md:223,ppg_system_integration/PPG_ADC_S1_PROGRAMMABLE_CALIBRATOR_CONTRACT.md,223,explicit,i_coef_epoch,text_mismatch,> `o_local_empty`补齐为真实实现，不能只靠这份文档记录了事。是否现在就为了跟
contracts/PPG_CONTRACT_CLOSURE_MATRIX.md,2689,ppg_system_integration/PPG_ADC_S1_PROGRAMMABLE_CALIBRATOR_CONTRACT.md:227,ppg_system_integration/PPG_ADC_S1_PROGRAMMABLE_CALIBRATOR_CONTRACT.md,227,explicit,i_stage1_weight_q16_0,text_mismatch,>
contracts/PPG_CONTRACT_CLOSURE_MATRIX.md,2690,ppg_system_integration/PPG_ADC_S1_PROGRAMMABLE_CALIBRATOR_CONTRACT.md:227,ppg_system_integration/PPG_ADC_S1_PROGRAMMABLE_CALIBRATOR_CONTRACT.md,227,explicit,i_stage1_weight_q16_1,text_mismatch,>
contracts/PPG_CONTRACT_CLOSURE_MATRIX.md,2691,ppg_system_integration/PPG_ADC_S1_PROGRAMMABLE_CALIBRATOR_CONTRACT.md:227,ppg_system_integration/PPG_ADC_S1_PROGRAMMABLE_CALIBRATOR_CONTRACT.md,227,explicit,i_stage1_weight_q16_2,text_mismatch,>
contracts/PPG_CONTRACT_CLOSURE_MATRIX.md,2692,ppg_system_integration/PPG_ADC_S1_PROGRAMMABLE_CALIBRATOR_CONTRACT.md:227,ppg_system_integration/PPG_ADC_S1_PROGRAMMABLE_CALIBRATOR_CONTRACT.md,227,explicit,i_stage1_weight_q16_3,text_mismatch,>
contracts/PPG_CONTRACT_CLOSURE_MATRIX.md,2693,ppg_system_integration/PPG_ADC_S1_PROGRAMMABLE_CALIBRATOR_CONTRACT.md:227,ppg_system_integration/PPG_ADC_S1_PROGRAMMABLE_CALIBRATOR_CONTRACT.md,227,explicit,i_stage1_weight_q16_4,text_mismatch,>
contracts/PPG_CONTRACT_CLOSURE_MATRIX.md,2694,ppg_system_integration/PPG_ADC_S1_PROGRAMMABLE_CALIBRATOR_CONTRACT.md:227,ppg_system_integration/PPG_ADC_S1_PROGRAMMABLE_CALIBRATOR_CONTRACT.md,227,explicit,i_stage1_weight_q16_5,text_mismatch,>
contracts/PPG_CONTRACT_CLOSURE_MATRIX.md,2695,ppg_system_integration/PPG_ADC_S1_PROGRAMMABLE_CALIBRATOR_CONTRACT.md:227,ppg_system_integration/PPG_ADC_S1_PROGRAMMABLE_CALIBRATOR_CONTRACT.md,227,explicit,i_stage1_weight_q16_6,text_mismatch,>
contracts/PPG_CONTRACT_CLOSURE_MATRIX.md,2696,ppg_system_integration/PPG_ADC_S1_PROGRAMMABLE_CALIBRATOR_CONTRACT.md:227,ppg_system_integration/PPG_ADC_S1_PROGRAMMABLE_CALIBRATOR_CONTRACT.md,227,explicit,i_stage1_weight_q16_7,text_mismatch,>
contracts/PPG_CONTRACT_CLOSURE_MATRIX.md,2697,ppg_system_integration/PPG_ADC_S1_PROGRAMMABLE_CALIBRATOR_CONTRACT.md:227,ppg_system_integration/PPG_ADC_S1_PROGRAMMABLE_CALIBRATOR_CONTRACT.md,227,explicit,i_stage1_weight_q16_8,text_mismatch,>
contracts/PPG_CONTRACT_CLOSURE_MATRIX.md,2698,ppg_system_integration/PPG_ADC_S1_PROGRAMMABLE_CALIBRATOR_CONTRACT.md:227,ppg_system_integration/PPG_ADC_S1_PROGRAMMABLE_CALIBRATOR_CONTRACT.md,227,explicit,i_stage1_weight_q16_9,text_mismatch,>
contracts/PPG_CONTRACT_CLOSURE_MATRIX.md,2699,ppg_system_integration/PPG_ADC_S1_PROGRAMMABLE_CALIBRATOR_CONTRACT.md:228,ppg_system_integration/PPG_ADC_S1_PROGRAMMABLE_CALIBRATOR_CONTRACT.md,228,explicit,i_stage1_offset_q16,text_mismatch,> C14/C15的同一结论见各自对应位置的交叉引用。
contracts/PPG_CONTRACT_CLOSURE_MATRIX.md,2700,ppg_system_integration/PPG_ADC_S1_PROGRAMMABLE_CALIBRATOR_CONTRACT.md:234,ppg_system_integration/PPG_ADC_S1_PROGRAMMABLE_CALIBRATOR_CONTRACT.md,234,explicit,i_result_valid,text_mismatch,parameter integer C_SAMPLE_INDEX_WIDTH = 16
contracts/PPG_CONTRACT_CLOSURE_MATRIX.md,2701,ppg_system_integration/PPG_ADC_S1_PROGRAMMABLE_CALIBRATOR_CONTRACT.md:236,ppg_system_integration/PPG_ADC_S1_PROGRAMMABLE_CALIBRATOR_CONTRACT.md,236,explicit,i_stage1_raw,text_mismatch,parameter integer C_CODE_EPOCH_WIDTH = 4
contracts/PPG_CONTRACT_CLOSURE_MATRIX.md,2702,ppg_system_integration/PPG_ADC_S1_PROGRAMMABLE_CALIBRATOR_CONTRACT.md:237,ppg_system_integration/PPG_ADC_S1_PROGRAMMABLE_CALIBRATOR_CONTRACT.md,237,explicit,i_detect_code,text_mismatch,parameter integer C_CONFIG_EPOCH_WIDTH = 8
contracts/PPG_CONTRACT_CLOSURE_MATRIX.md,2703,ppg_system_integration/PPG_ADC_S1_PROGRAMMABLE_CALIBRATOR_CONTRACT.md:238,ppg_system_integration/PPG_ADC_S1_PROGRAMMABLE_CALIBRATOR_CONTRACT.md,238,explicit,i_stage1_code_ext,text_mismatch,parameter integer C_COEF_EPOCH_WIDTH = 8
contracts/PPG_CONTRACT_CLOSURE_MATRIX.md,2704,ppg_system_integration/PPG_ADC_S1_PROGRAMMABLE_CALIBRATOR_CONTRACT.md:239,ppg_system_integration/PPG_ADC_S1_PROGRAMMABLE_CALIBRATOR_CONTRACT.md,239,explicit,i_stage2_raw,text_mismatch,parameter integer C_RUN_GENERATION_WIDTH = 8
contracts/PPG_CONTRACT_CLOSURE_MATRIX.md,2705,ppg_system_integration/PPG_ADC_S1_PROGRAMMABLE_CALIBRATOR_CONTRACT.md:240,ppg_system_integration/PPG_ADC_S1_PROGRAMMABLE_CALIBRATOR_CONTRACT.md,240,explicit,i_precision_mode,text_mismatch,```
contracts/PPG_CONTRACT_CLOSURE_MATRIX.md,2706,ppg_system_integration/PPG_ADC_S1_PROGRAMMABLE_CALIBRATOR_CONTRACT.md:241,ppg_system_integration/PPG_ADC_S1_PROGRAMMABLE_CALIBRATOR_CONTRACT.md,241,explicit,i_frame_id,text_mismatch,
contracts/PPG_CONTRACT_CLOSURE_MATRIX.md,2707,ppg_system_integration/PPG_ADC_S1_PROGRAMMABLE_CALIBRATOR_CONTRACT.md:242,ppg_system_integration/PPG_ADC_S1_PROGRAMMABLE_CALIBRATOR_CONTRACT.md,242,explicit,i_sample_index,text_mismatch,### 6.1 全局和配置输入
contracts/PPG_CONTRACT_CLOSURE_MATRIX.md,2708,ppg_system_integration/PPG_ADC_S1_PROGRAMMABLE_CALIBRATOR_CONTRACT.md:243,ppg_system_integration/PPG_ADC_S1_PROGRAMMABLE_CALIBRATOR_CONTRACT.md,243,explicit,i_color_ir,text_mismatch,
contracts/PPG_CONTRACT_CLOSURE_MATRIX.md,2709,ppg_system_integration/PPG_ADC_S1_PROGRAMMABLE_CALIBRATOR_CONTRACT.md:244,ppg_system_integration/PPG_ADC_S1_PROGRAMMABLE_CALIBRATOR_CONTRACT.md,244,explicit,i_frame_type,text_mismatch,| 方向 | 端口 | 位宽 | 语义 |
contracts/PPG_CONTRACT_CLOSURE_MATRIX.md,2710,ppg_system_integration/PPG_ADC_S1_PROGRAMMABLE_CALIBRATOR_CONTRACT.md:245,ppg_system_integration/PPG_ADC_S1_PROGRAMMABLE_CALIBRATOR_CONTRACT.md,245,explicit,i_amb_code_snapshot,text_mismatch,| --- | --- | ---: | --- |
contracts/PPG_CONTRACT_CLOSURE_MATRIX.md,2711,ppg_system_integration/PPG_ADC_S1_PROGRAMMABLE_CALIBRATOR_CONTRACT.md:246,ppg_system_integration/PPG_ADC_S1_PROGRAMMABLE_CALIBRATOR_CONTRACT.md,246,explicit,i_dc_code_snapshot,text_mismatch,| input | `i_clk` | 1 | 2 MHz数字处理时钟 |
contracts/PPG_CONTRACT_CLOSURE_MATRIX.md,2712,ppg_system_integration/PPG_ADC_S1_PROGRAMMABLE_CALIBRATOR_CONTRACT.md:247,ppg_system_integration/PPG_ADC_S1_PROGRAMMABLE_CALIBRATOR_CONTRACT.md,247,explicit,i_amb_code_epoch,text_mismatch,| input | `i_rstn` | 1 | 低有效异步复位，释放由上层同步 |
contracts/PPG_CONTRACT_CLOSURE_MATRIX.md,2713,ppg_system_integration/PPG_ADC_S1_PROGRAMMABLE_CALIBRATOR_CONTRACT.md:248,ppg_system_integration/PPG_ADC_S1_PROGRAMMABLE_CALIBRATOR_CONTRACT.md,248,explicit,i_dc_code_epoch,text_mismatch,| input | `i_active_valid` | 1 | 当前ACTIVE快照具备运行资格 |
contracts/PPG_CONTRACT_CLOSURE_MATRIX.md,2714,ppg_system_integration/PPG_ADC_S1_PROGRAMMABLE_CALIBRATOR_CONTRACT.md:235,ppg_system_integration/PPG_ADC_S1_PROGRAMMABLE_CALIBRATOR_CONTRACT.md,235,explicit,o_result_ready,text_mismatch,parameter integer C_IDAC_CODE_WIDTH = 8
contracts/PPG_CONTRACT_CLOSURE_MATRIX.md,2715,ppg_system_integration/PPG_ADC_S1_PROGRAMMABLE_CALIBRATOR_CONTRACT.md:257,ppg_system_integration/PPG_ADC_S1_PROGRAMMABLE_CALIBRATOR_CONTRACT.md,257,explicit,i_calibrated_ready,text_mismatch,
contracts/PPG_CONTRACT_CLOSURE_MATRIX.md,2716,ppg_system_integration/PPG_ADC_S1_PROGRAMMABLE_CALIBRATOR_CONTRACT.md:256,ppg_system_integration/PPG_ADC_S1_PROGRAMMABLE_CALIBRATOR_CONTRACT.md,256,explicit,o_calibrated_valid,text_mismatch,| input | `i_stage1_offset_q16` | signed 32 | Stage1整体Q16偏置 |
contracts/PPG_CONTRACT_CLOSURE_MATRIX.md,2717,ppg_system_integration/PPG_ADC_S1_PROGRAMMABLE_CALIBRATOR_CONTRACT.md:258,ppg_system_integration/PPG_ADC_S1_PROGRAMMABLE_CALIBRATOR_CONTRACT.md,258,explicit,o_calibrated_s1_value,text_mismatch,### 6.2 上游事务输入
contracts/PPG_CONTRACT_CLOSURE_MATRIX.md,2718,ppg_system_integration/PPG_ADC_S1_PROGRAMMABLE_CALIBRATOR_CONTRACT.md:259,ppg_system_integration/PPG_ADC_S1_PROGRAMMABLE_CALIBRATOR_CONTRACT.md,259,explicit,o_calibration_applied,text_mismatch,
contracts/PPG_CONTRACT_CLOSURE_MATRIX.md,2719,ppg_system_integration/PPG_ADC_S1_PROGRAMMABLE_CALIBRATOR_CONTRACT.md:260,ppg_system_integration/PPG_ADC_S1_PROGRAMMABLE_CALIBRATOR_CONTRACT.md,260,explicit,o_saturation_low,text_mismatch,| 方向 | 端口 | 位宽 | 语义 |
contracts/PPG_CONTRACT_CLOSURE_MATRIX.md,2720,ppg_system_integration/PPG_ADC_S1_PROGRAMMABLE_CALIBRATOR_CONTRACT.md:261,ppg_system_integration/PPG_ADC_S1_PROGRAMMABLE_CALIBRATOR_CONTRACT.md,261,explicit,o_saturation_high,text_mismatch,| --- | --- | ---: | --- |
contracts/PPG_CONTRACT_CLOSURE_MATRIX.md,2721,ppg_system_integration/PPG_ADC_S1_PROGRAMMABLE_CALIBRATOR_CONTRACT.md:262,ppg_system_integration/PPG_ADC_S1_PROGRAMMABLE_CALIBRATOR_CONTRACT.md,262,explicit,o_config_epoch,text_mismatch,| input | `i_result_valid` | 1 | 上游保持型有效 |
contracts/PPG_CONTRACT_CLOSURE_MATRIX.md,2722,ppg_system_integration/PPG_ADC_S1_PROGRAMMABLE_CALIBRATOR_CONTRACT.md:263,ppg_system_integration/PPG_ADC_S1_PROGRAMMABLE_CALIBRATOR_CONTRACT.md,263,explicit,o_coef_epoch,text_mismatch,| output | `o_result_ready` | 1 | 校准器允许接收当前完整事务 |
contracts/PPG_CONTRACT_CLOSURE_MATRIX.md,2723,ppg_system_integration/PPG_ADC_S1_PROGRAMMABLE_CALIBRATOR_CONTRACT.md:264,ppg_system_integration/PPG_ADC_S1_PROGRAMMABLE_CALIBRATOR_CONTRACT.md,264,explicit,o_stage1_raw,text_mismatch,| input | `i_stage1_raw` | 10 | 唯一校准算术输入 |
contracts/PPG_CONTRACT_CLOSURE_MATRIX.md,2724,ppg_system_integration/PPG_ADC_S1_PROGRAMMABLE_CALIBRATOR_CONTRACT.md:265,ppg_system_integration/PPG_ADC_S1_PROGRAMMABLE_CALIBRATOR_CONTRACT.md,265,explicit,o_detect_code,text_mismatch,| input | `i_detect_code` | 9 | 固定黄金检测码，仅透传 |
contracts/PPG_CONTRACT_CLOSURE_MATRIX.md,2725,ppg_system_integration/PPG_ADC_S1_PROGRAMMABLE_CALIBRATOR_CONTRACT.md:266,ppg_system_integration/PPG_ADC_S1_PROGRAMMABLE_CALIBRATOR_CONTRACT.md,266,explicit,o_stage1_code_ext,text_mismatch,| input | `i_stage1_code_ext` | signed 11 | 固定D1_EXT，仅透传 |
contracts/PPG_CONTRACT_CLOSURE_MATRIX.md,2726,ppg_system_integration/PPG_ADC_S1_PROGRAMMABLE_CALIBRATOR_CONTRACT.md:267,ppg_system_integration/PPG_ADC_S1_PROGRAMMABLE_CALIBRATOR_CONTRACT.md,267,explicit,o_stage2_raw,text_mismatch,| input | `i_stage2_raw` | 10 | 后续15-bit链物理码，仅透传 |
contracts/PPG_CONTRACT_CLOSURE_MATRIX.md,2727,ppg_system_integration/PPG_ADC_S1_PROGRAMMABLE_CALIBRATOR_CONTRACT.md:269,ppg_system_integration/PPG_ADC_S1_PROGRAMMABLE_CALIBRATOR_CONTRACT.md,269,explicit,o_precision_mode,text_mismatch,| input | `i_frame_id` | 16 | R/IR共享帧号 |
contracts/PPG_CONTRACT_CLOSURE_MATRIX.md,2728,ppg_system_integration/PPG_ADC_S1_PROGRAMMABLE_CALIBRATOR_CONTRACT.md:269,ppg_system_integration/PPG_ADC_S1_PROGRAMMABLE_CALIBRATOR_CONTRACT.md,269,explicit,o_frame_id,text_mismatch,| input | `i_frame_id` | 16 | R/IR共享帧号 |
contracts/PPG_CONTRACT_CLOSURE_MATRIX.md,2729,ppg_system_integration/PPG_ADC_S1_PROGRAMMABLE_CALIBRATOR_CONTRACT.md:269,ppg_system_integration/PPG_ADC_S1_PROGRAMMABLE_CALIBRATOR_CONTRACT.md,269,explicit,o_sample_index,text_mismatch,| input | `i_frame_id` | 16 | R/IR共享帧号 |
contracts/PPG_CONTRACT_CLOSURE_MATRIX.md,2730,ppg_system_integration/PPG_ADC_S1_PROGRAMMABLE_CALIBRATOR_CONTRACT.md:269,ppg_system_integration/PPG_ADC_S1_PROGRAMMABLE_CALIBRATOR_CONTRACT.md,269,explicit,o_color_ir,text_mismatch,| input | `i_frame_id` | 16 | R/IR共享帧号 |
contracts/PPG_CONTRACT_CLOSURE_MATRIX.md,2731,ppg_system_integration/PPG_ADC_S1_PROGRAMMABLE_CALIBRATOR_CONTRACT.md:269,ppg_system_integration/PPG_ADC_S1_PROGRAMMABLE_CALIBRATOR_CONTRACT.md,269,explicit,o_frame_type,text_mismatch,| input | `i_frame_id` | 16 | R/IR共享帧号 |
contracts/PPG_CONTRACT_CLOSURE_MATRIX.md,2732,ppg_system_integration/PPG_ADC_S1_PROGRAMMABLE_CALIBRATOR_CONTRACT.md:269,ppg_system_integration/PPG_ADC_S1_PROGRAMMABLE_CALIBRATOR_CONTRACT.md,269,explicit,o_amb_code_snapshot,text_mismatch,| input | `i_frame_id` | 16 | R/IR共享帧号 |
contracts/PPG_CONTRACT_CLOSURE_MATRIX.md,2733,ppg_system_integration/PPG_ADC_S1_PROGRAMMABLE_CALIBRATOR_CONTRACT.md:269,ppg_system_integration/PPG_ADC_S1_PROGRAMMABLE_CALIBRATOR_CONTRACT.md,269,explicit,o_dc_code_snapshot,text_mismatch,| input | `i_frame_id` | 16 | R/IR共享帧号 |
contracts/PPG_CONTRACT_CLOSURE_MATRIX.md,2734,ppg_system_integration/PPG_ADC_S1_PROGRAMMABLE_CALIBRATOR_CONTRACT.md:269,ppg_system_integration/PPG_ADC_S1_PROGRAMMABLE_CALIBRATOR_CONTRACT.md,269,explicit,o_amb_code_epoch,text_mismatch,| input | `i_frame_id` | 16 | R/IR共享帧号 |
contracts/PPG_CONTRACT_CLOSURE_MATRIX.md,2735,ppg_system_integration/PPG_ADC_S1_PROGRAMMABLE_CALIBRATOR_CONTRACT.md:269,ppg_system_integration/PPG_ADC_S1_PROGRAMMABLE_CALIBRATOR_CONTRACT.md,269,explicit,o_dc_code_epoch,text_mismatch,| input | `i_frame_id` | 16 | R/IR共享帧号 |
contracts/PPG_CONTRACT_CLOSURE_MATRIX.md,2737,ppg_system_integration/PPG_ADC_MEASUREMENT_AND_IDAC_INTEGRATION_WRAPPER_INTERFACE_CONTRACT.md:264,ppg_system_integration/PPG_ADC_MEASUREMENT_AND_IDAC_INTEGRATION_WRAPPER_INTERFACE_CONTRACT.md,264,explicit,i_rstn,text_mismatch,### 6.3 ADC结果事务owner输入
contracts/PPG_CONTRACT_CLOSURE_MATRIX.md,2738,ppg_system_integration/PPG_ADC_MEASUREMENT_AND_IDAC_INTEGRATION_WRAPPER_INTERFACE_CONTRACT.md:828,ppg_system_integration/PPG_ADC_MEASUREMENT_AND_IDAC_INTEGRATION_WRAPPER_INTERFACE_CONTRACT.md,828,explicit,i_result_valid,text_mismatch,### 8.2 S1可编程校准
contracts/PPG_CONTRACT_CLOSURE_MATRIX.md,2739,ppg_system_integration/PPG_ADC_MEASUREMENT_AND_IDAC_INTEGRATION_WRAPPER_INTERFACE_CONTRACT.md:828,ppg_system_integration/PPG_ADC_MEASUREMENT_AND_IDAC_INTEGRATION_WRAPPER_INTERFACE_CONTRACT.md,828,explicit,i_calibrated_s1_value,text_mismatch,### 8.2 S1可编程校准
contracts/PPG_CONTRACT_CLOSURE_MATRIX.md,2740,ppg_system_integration/PPG_ADC_MEASUREMENT_AND_IDAC_INTEGRATION_WRAPPER_INTERFACE_CONTRACT.md:828,ppg_system_integration/PPG_ADC_MEASUREMENT_AND_IDAC_INTEGRATION_WRAPPER_INTERFACE_CONTRACT.md,828,explicit,i_calibration_applied,text_mismatch,### 8.2 S1可编程校准
contracts/PPG_CONTRACT_CLOSURE_MATRIX.md,2741,ppg_system_integration/PPG_ADC_MEASUREMENT_AND_IDAC_INTEGRATION_WRAPPER_INTERFACE_CONTRACT.md:828,ppg_system_integration/PPG_ADC_MEASUREMENT_AND_IDAC_INTEGRATION_WRAPPER_INTERFACE_CONTRACT.md,828,explicit,i_saturation_low,text_mismatch,### 8.2 S1可编程校准
contracts/PPG_CONTRACT_CLOSURE_MATRIX.md,2742,ppg_system_integration/PPG_ADC_MEASUREMENT_AND_IDAC_INTEGRATION_WRAPPER_INTERFACE_CONTRACT.md:828,ppg_system_integration/PPG_ADC_MEASUREMENT_AND_IDAC_INTEGRATION_WRAPPER_INTERFACE_CONTRACT.md,828,explicit,i_saturation_high,text_mismatch,### 8.2 S1可编程校准
contracts/PPG_CONTRACT_CLOSURE_MATRIX.md,2743,ppg_system_integration/PPG_ADC_MEASUREMENT_AND_IDAC_INTEGRATION_WRAPPER_INTERFACE_CONTRACT.md:828,ppg_system_integration/PPG_ADC_MEASUREMENT_AND_IDAC_INTEGRATION_WRAPPER_INTERFACE_CONTRACT.md,828,explicit,i_config_epoch,text_mismatch,### 8.2 S1可编程校准
contracts/PPG_CONTRACT_CLOSURE_MATRIX.md,2744,ppg_system_integration/PPG_ADC_MEASUREMENT_AND_IDAC_INTEGRATION_WRAPPER_INTERFACE_CONTRACT.md:828,ppg_system_integration/PPG_ADC_MEASUREMENT_AND_IDAC_INTEGRATION_WRAPPER_INTERFACE_CONTRACT.md,828,explicit,i_coef_epoch,text_mismatch,### 8.2 S1可编程校准
contracts/PPG_CONTRACT_CLOSURE_MATRIX.md,2745,ppg_system_integration/PPG_ADC_MEASUREMENT_AND_IDAC_INTEGRATION_WRAPPER_INTERFACE_CONTRACT.md:828,ppg_system_integration/PPG_ADC_MEASUREMENT_AND_IDAC_INTEGRATION_WRAPPER_INTERFACE_CONTRACT.md,828,explicit,i_detect_code,text_mismatch,### 8.2 S1可编程校准
contracts/PPG_CONTRACT_CLOSURE_MATRIX.md,2746,ppg_system_integration/PPG_ADC_MEASUREMENT_AND_IDAC_INTEGRATION_WRAPPER_INTERFACE_CONTRACT.md:828,ppg_system_integration/PPG_ADC_MEASUREMENT_AND_IDAC_INTEGRATION_WRAPPER_INTERFACE_CONTRACT.md,828,explicit,i_stage1_raw,text_mismatch,### 8.2 S1可编程校准
contracts/PPG_CONTRACT_CLOSURE_MATRIX.md,2747,ppg_system_integration/PPG_ADC_MEASUREMENT_AND_IDAC_INTEGRATION_WRAPPER_INTERFACE_CONTRACT.md:828,ppg_system_integration/PPG_ADC_MEASUREMENT_AND_IDAC_INTEGRATION_WRAPPER_INTERFACE_CONTRACT.md,828,explicit,i_stage1_code_ext,text_mismatch,### 8.2 S1可编程校准
contracts/PPG_CONTRACT_CLOSURE_MATRIX.md,2748,ppg_system_integration/PPG_ADC_MEASUREMENT_AND_IDAC_INTEGRATION_WRAPPER_INTERFACE_CONTRACT.md:828,ppg_system_integration/PPG_ADC_MEASUREMENT_AND_IDAC_INTEGRATION_WRAPPER_INTERFACE_CONTRACT.md,828,explicit,i_stage2_raw,text_mismatch,### 8.2 S1可编程校准
contracts/PPG_CONTRACT_CLOSURE_MATRIX.md,2749,ppg_system_integration/PPG_ADC_MEASUREMENT_AND_IDAC_INTEGRATION_WRAPPER_INTERFACE_CONTRACT.md:828,ppg_system_integration/PPG_ADC_MEASUREMENT_AND_IDAC_INTEGRATION_WRAPPER_INTERFACE_CONTRACT.md,828,explicit,i_precision_mode,text_mismatch,### 8.2 S1可编程校准
contracts/PPG_CONTRACT_CLOSURE_MATRIX.md,2750,ppg_system_integration/PPG_ADC_MEASUREMENT_AND_IDAC_INTEGRATION_WRAPPER_INTERFACE_CONTRACT.md:828,ppg_system_integration/PPG_ADC_MEASUREMENT_AND_IDAC_INTEGRATION_WRAPPER_INTERFACE_CONTRACT.md,828,explicit,i_frame_id,text_mismatch,### 8.2 S1可编程校准
contracts/PPG_CONTRACT_CLOSURE_MATRIX.md,2751,ppg_system_integration/PPG_ADC_MEASUREMENT_AND_IDAC_INTEGRATION_WRAPPER_INTERFACE_CONTRACT.md:828,ppg_system_integration/PPG_ADC_MEASUREMENT_AND_IDAC_INTEGRATION_WRAPPER_INTERFACE_CONTRACT.md,828,explicit,i_sample_index,text_mismatch,### 8.2 S1可编程校准
contracts/PPG_CONTRACT_CLOSURE_MATRIX.md,2752,ppg_system_integration/PPG_ADC_MEASUREMENT_AND_IDAC_INTEGRATION_WRAPPER_INTERFACE_CONTRACT.md:828,ppg_system_integration/PPG_ADC_MEASUREMENT_AND_IDAC_INTEGRATION_WRAPPER_INTERFACE_CONTRACT.md,828,explicit,i_color_ir,text_mismatch,### 8.2 S1可编程校准
contracts/PPG_CONTRACT_CLOSURE_MATRIX.md,2753,ppg_system_integration/PPG_ADC_MEASUREMENT_AND_IDAC_INTEGRATION_WRAPPER_INTERFACE_CONTRACT.md:828,ppg_system_integration/PPG_ADC_MEASUREMENT_AND_IDAC_INTEGRATION_WRAPPER_INTERFACE_CONTRACT.md,828,explicit,i_frame_type,text_mismatch,### 8.2 S1可编程校准
contracts/PPG_CONTRACT_CLOSURE_MATRIX.md,2754,ppg_system_integration/PPG_ADC_MEASUREMENT_AND_IDAC_INTEGRATION_WRAPPER_INTERFACE_CONTRACT.md:828,ppg_system_integration/PPG_ADC_MEASUREMENT_AND_IDAC_INTEGRATION_WRAPPER_INTERFACE_CONTRACT.md,828,explicit,i_amb_code_snapshot,text_mismatch,### 8.2 S1可编程校准
contracts/PPG_CONTRACT_CLOSURE_MATRIX.md,2755,ppg_system_integration/PPG_ADC_MEASUREMENT_AND_IDAC_INTEGRATION_WRAPPER_INTERFACE_CONTRACT.md:828,ppg_system_integration/PPG_ADC_MEASUREMENT_AND_IDAC_INTEGRATION_WRAPPER_INTERFACE_CONTRACT.md,828,explicit,i_dc_code_snapshot,text_mismatch,### 8.2 S1可编程校准
contracts/PPG_CONTRACT_CLOSURE_MATRIX.md,2756,ppg_system_integration/PPG_ADC_MEASUREMENT_AND_IDAC_INTEGRATION_WRAPPER_INTERFACE_CONTRACT.md:828,ppg_system_integration/PPG_ADC_MEASUREMENT_AND_IDAC_INTEGRATION_WRAPPER_INTERFACE_CONTRACT.md,828,explicit,i_amb_code_epoch,text_mismatch,### 8.2 S1可编程校准
contracts/PPG_CONTRACT_CLOSURE_MATRIX.md,2757,ppg_system_integration/PPG_ADC_MEASUREMENT_AND_IDAC_INTEGRATION_WRAPPER_INTERFACE_CONTRACT.md:828,ppg_system_integration/PPG_ADC_MEASUREMENT_AND_IDAC_INTEGRATION_WRAPPER_INTERFACE_CONTRACT.md,828,explicit,i_dc_code_epoch,text_mismatch,### 8.2 S1可编程校准
contracts/PPG_CONTRACT_CLOSURE_MATRIX.md,2758,ppg_system_integration/PPG_ADC_MEASUREMENT_AND_IDAC_INTEGRATION_WRAPPER_INTERFACE_CONTRACT.md:215,ppg_system_integration/PPG_ADC_MEASUREMENT_AND_IDAC_INTEGRATION_WRAPPER_INTERFACE_CONTRACT.md,215,explicit,i_run_generation,text_mismatch,### 6.2 全局与生命周期输入
contracts/PPG_CONTRACT_CLOSURE_MATRIX.md,2759,ppg_system_integration/PPG_ADC_MEASUREMENT_AND_IDAC_INTEGRATION_WRAPPER_INTERFACE_CONTRACT.md:965,ppg_system_integration/PPG_ADC_MEASUREMENT_AND_IDAC_INTEGRATION_WRAPPER_INTERFACE_CONTRACT.md,965,explicit,i_amb_cal_ready,text_mismatch,## 11. 校准请求仲裁
contracts/PPG_CONTRACT_CLOSURE_MATRIX.md,2760,ppg_system_integration/PPG_ADC_MEASUREMENT_AND_IDAC_INTEGRATION_WRAPPER_INTERFACE_CONTRACT.md:965,ppg_system_integration/PPG_ADC_MEASUREMENT_AND_IDAC_INTEGRATION_WRAPPER_INTERFACE_CONTRACT.md,965,explicit,i_dc_cal_ready,text_mismatch,## 11. 校准请求仲裁
contracts/PPG_CONTRACT_CLOSURE_MATRIX.md,2761,ppg_system_integration/PPG_ADC_MEASUREMENT_AND_IDAC_INTEGRATION_WRAPPER_INTERFACE_CONTRACT.md:850,ppg_system_integration/PPG_ADC_MEASUREMENT_AND_IDAC_INTEGRATION_WRAPPER_INTERFACE_CONTRACT.md,850,explicit,i_normal_ready,text_mismatch,### 8.4 NORMAL双分支
contracts/PPG_CONTRACT_CLOSURE_MATRIX.md,2762,ppg_system_integration/PPG_ADC_MEASUREMENT_AND_IDAC_INTEGRATION_WRAPPER_INTERFACE_CONTRACT.md:833,ppg_system_integration/PPG_ADC_MEASUREMENT_AND_IDAC_INTEGRATION_WRAPPER_INTERFACE_CONTRACT.md,833,explicit,o_result_ready,text_mismatch,### 8.3 router互斥路由
contracts/PPG_CONTRACT_CLOSURE_MATRIX.md,2763,ppg_system_integration/PPG_ADC_MEASUREMENT_AND_IDAC_INTEGRATION_WRAPPER_INTERFACE_CONTRACT.md:833,ppg_system_integration/PPG_ADC_MEASUREMENT_AND_IDAC_INTEGRATION_WRAPPER_INTERFACE_CONTRACT.md,833,explicit,o_amb_cal_valid,text_mismatch,### 8.3 router互斥路由
contracts/PPG_CONTRACT_CLOSURE_MATRIX.md,2764,ppg_system_integration/PPG_ADC_MEASUREMENT_AND_IDAC_INTEGRATION_WRAPPER_INTERFACE_CONTRACT.md:833,ppg_system_integration/PPG_ADC_MEASUREMENT_AND_IDAC_INTEGRATION_WRAPPER_INTERFACE_CONTRACT.md,833,explicit,o_dc_cal_valid,text_mismatch,### 8.3 router互斥路由
contracts/PPG_CONTRACT_CLOSURE_MATRIX.md,2765,ppg_system_integration/PPG_ADC_MEASUREMENT_AND_IDAC_INTEGRATION_WRAPPER_INTERFACE_CONTRACT.md:850,ppg_system_integration/PPG_ADC_MEASUREMENT_AND_IDAC_INTEGRATION_WRAPPER_INTERFACE_CONTRACT.md,850,explicit,o_normal_valid,text_mismatch,### 8.4 NORMAL双分支
contracts/PPG_CONTRACT_CLOSURE_MATRIX.md,2766,ppg_system_integration/PPG_ADC_MEASUREMENT_AND_IDAC_INTEGRATION_WRAPPER_INTERFACE_CONTRACT.md:833,ppg_system_integration/PPG_ADC_MEASUREMENT_AND_IDAC_INTEGRATION_WRAPPER_INTERFACE_CONTRACT.md,833,explicit,o_frame_type_error,text_mismatch,### 8.3 router互斥路由
contracts/PPG_CONTRACT_CLOSURE_MATRIX.md,2767,ppg_system_integration/PPG_ADC_MEASUREMENT_AND_IDAC_INTEGRATION_WRAPPER_INTERFACE_CONTRACT.md:833,ppg_system_integration/PPG_ADC_MEASUREMENT_AND_IDAC_INTEGRATION_WRAPPER_INTERFACE_CONTRACT.md,833,explicit,o_calibrated_s1_value,text_mismatch,### 8.3 router互斥路由
contracts/PPG_CONTRACT_CLOSURE_MATRIX.md,2768,ppg_system_integration/PPG_ADC_MEASUREMENT_AND_IDAC_INTEGRATION_WRAPPER_INTERFACE_CONTRACT.md:833,ppg_system_integration/PPG_ADC_MEASUREMENT_AND_IDAC_INTEGRATION_WRAPPER_INTERFACE_CONTRACT.md,833,explicit,o_calibration_applied,text_mismatch,### 8.3 router互斥路由
contracts/PPG_CONTRACT_CLOSURE_MATRIX.md,2769,ppg_system_integration/PPG_ADC_MEASUREMENT_AND_IDAC_INTEGRATION_WRAPPER_INTERFACE_CONTRACT.md:833,ppg_system_integration/PPG_ADC_MEASUREMENT_AND_IDAC_INTEGRATION_WRAPPER_INTERFACE_CONTRACT.md,833,explicit,o_saturation_low,text_mismatch,### 8.3 router互斥路由
contracts/PPG_CONTRACT_CLOSURE_MATRIX.md,2770,ppg_system_integration/PPG_ADC_MEASUREMENT_AND_IDAC_INTEGRATION_WRAPPER_INTERFACE_CONTRACT.md:833,ppg_system_integration/PPG_ADC_MEASUREMENT_AND_IDAC_INTEGRATION_WRAPPER_INTERFACE_CONTRACT.md,833,explicit,o_saturation_high,text_mismatch,### 8.3 router互斥路由
contracts/PPG_CONTRACT_CLOSURE_MATRIX.md,2771,ppg_system_integration/PPG_ADC_MEASUREMENT_AND_IDAC_INTEGRATION_WRAPPER_INTERFACE_CONTRACT.md:833,ppg_system_integration/PPG_ADC_MEASUREMENT_AND_IDAC_INTEGRATION_WRAPPER_INTERFACE_CONTRACT.md,833,explicit,o_config_epoch,text_mismatch,### 8.3 router互斥路由
contracts/PPG_CONTRACT_CLOSURE_MATRIX.md,2772,ppg_system_integration/PPG_ADC_MEASUREMENT_AND_IDAC_INTEGRATION_WRAPPER_INTERFACE_CONTRACT.md:833,ppg_system_integration/PPG_ADC_MEASUREMENT_AND_IDAC_INTEGRATION_WRAPPER_INTERFACE_CONTRACT.md,833,explicit,o_coef_epoch,text_mismatch,### 8.3 router互斥路由
contracts/PPG_CONTRACT_CLOSURE_MATRIX.md,2773,ppg_system_integration/PPG_ADC_MEASUREMENT_AND_IDAC_INTEGRATION_WRAPPER_INTERFACE_CONTRACT.md:833,ppg_system_integration/PPG_ADC_MEASUREMENT_AND_IDAC_INTEGRATION_WRAPPER_INTERFACE_CONTRACT.md,833,explicit,o_detect_code,text_mismatch,### 8.3 router互斥路由
contracts/PPG_CONTRACT_CLOSURE_MATRIX.md,2774,ppg_system_integration/PPG_ADC_MEASUREMENT_AND_IDAC_INTEGRATION_WRAPPER_INTERFACE_CONTRACT.md:833,ppg_system_integration/PPG_ADC_MEASUREMENT_AND_IDAC_INTEGRATION_WRAPPER_INTERFACE_CONTRACT.md,833,explicit,o_stage1_raw,text_mismatch,### 8.3 router互斥路由
contracts/PPG_CONTRACT_CLOSURE_MATRIX.md,2775,ppg_system_integration/PPG_ADC_MEASUREMENT_AND_IDAC_INTEGRATION_WRAPPER_INTERFACE_CONTRACT.md:833,ppg_system_integration/PPG_ADC_MEASUREMENT_AND_IDAC_INTEGRATION_WRAPPER_INTERFACE_CONTRACT.md,833,explicit,o_stage1_code_ext,text_mismatch,### 8.3 router互斥路由
contracts/PPG_CONTRACT_CLOSURE_MATRIX.md,2776,ppg_system_integration/PPG_ADC_MEASUREMENT_AND_IDAC_INTEGRATION_WRAPPER_INTERFACE_CONTRACT.md:833,ppg_system_integration/PPG_ADC_MEASUREMENT_AND_IDAC_INTEGRATION_WRAPPER_INTERFACE_CONTRACT.md,833,explicit,o_stage2_raw,text_mismatch,### 8.3 router互斥路由
contracts/PPG_CONTRACT_CLOSURE_MATRIX.md,2777,ppg_system_integration/PPG_ADC_MEASUREMENT_AND_IDAC_INTEGRATION_WRAPPER_INTERFACE_CONTRACT.md:833,ppg_system_integration/PPG_ADC_MEASUREMENT_AND_IDAC_INTEGRATION_WRAPPER_INTERFACE_CONTRACT.md,833,explicit,o_precision_mode,text_mismatch,### 8.3 router互斥路由
contracts/PPG_CONTRACT_CLOSURE_MATRIX.md,2778,ppg_system_integration/PPG_ADC_MEASUREMENT_AND_IDAC_INTEGRATION_WRAPPER_INTERFACE_CONTRACT.md:833,ppg_system_integration/PPG_ADC_MEASUREMENT_AND_IDAC_INTEGRATION_WRAPPER_INTERFACE_CONTRACT.md,833,explicit,o_frame_id,text_mismatch,### 8.3 router互斥路由
contracts/PPG_CONTRACT_CLOSURE_MATRIX.md,2779,ppg_system_integration/PPG_ADC_MEASUREMENT_AND_IDAC_INTEGRATION_WRAPPER_INTERFACE_CONTRACT.md:833,ppg_system_integration/PPG_ADC_MEASUREMENT_AND_IDAC_INTEGRATION_WRAPPER_INTERFACE_CONTRACT.md,833,explicit,o_sample_index,text_mismatch,### 8.3 router互斥路由
contracts/PPG_CONTRACT_CLOSURE_MATRIX.md,2780,ppg_system_integration/PPG_ADC_MEASUREMENT_AND_IDAC_INTEGRATION_WRAPPER_INTERFACE_CONTRACT.md:833,ppg_system_integration/PPG_ADC_MEASUREMENT_AND_IDAC_INTEGRATION_WRAPPER_INTERFACE_CONTRACT.md,833,explicit,o_color_ir,text_mismatch,### 8.3 router互斥路由
contracts/PPG_CONTRACT_CLOSURE_MATRIX.md,2781,ppg_system_integration/PPG_ADC_MEASUREMENT_AND_IDAC_INTEGRATION_WRAPPER_INTERFACE_CONTRACT.md:833,ppg_system_integration/PPG_ADC_MEASUREMENT_AND_IDAC_INTEGRATION_WRAPPER_INTERFACE_CONTRACT.md,833,explicit,o_frame_type,text_mismatch,### 8.3 router互斥路由
contracts/PPG_CONTRACT_CLOSURE_MATRIX.md,2782,ppg_system_integration/PPG_ADC_MEASUREMENT_AND_IDAC_INTEGRATION_WRAPPER_INTERFACE_CONTRACT.md:833,ppg_system_integration/PPG_ADC_MEASUREMENT_AND_IDAC_INTEGRATION_WRAPPER_INTERFACE_CONTRACT.md,833,explicit,o_amb_code_snapshot,text_mismatch,### 8.3 router互斥路由
contracts/PPG_CONTRACT_CLOSURE_MATRIX.md,2783,ppg_system_integration/PPG_ADC_MEASUREMENT_AND_IDAC_INTEGRATION_WRAPPER_INTERFACE_CONTRACT.md:833,ppg_system_integration/PPG_ADC_MEASUREMENT_AND_IDAC_INTEGRATION_WRAPPER_INTERFACE_CONTRACT.md,833,explicit,o_dc_code_snapshot,text_mismatch,### 8.3 router互斥路由
contracts/PPG_CONTRACT_CLOSURE_MATRIX.md,2784,ppg_system_integration/PPG_ADC_MEASUREMENT_AND_IDAC_INTEGRATION_WRAPPER_INTERFACE_CONTRACT.md:833,ppg_system_integration/PPG_ADC_MEASUREMENT_AND_IDAC_INTEGRATION_WRAPPER_INTERFACE_CONTRACT.md,833,explicit,o_amb_code_epoch,text_mismatch,### 8.3 router互斥路由
contracts/PPG_CONTRACT_CLOSURE_MATRIX.md,2785,ppg_system_integration/PPG_ADC_MEASUREMENT_AND_IDAC_INTEGRATION_WRAPPER_INTERFACE_CONTRACT.md:833,ppg_system_integration/PPG_ADC_MEASUREMENT_AND_IDAC_INTEGRATION_WRAPPER_INTERFACE_CONTRACT.md,833,explicit,o_dc_code_epoch,text_mismatch,### 8.3 router互斥路由
contracts/PPG_CONTRACT_CLOSURE_MATRIX.md,2786,ppg_system_integration/PPG_ADC_MEASUREMENT_AND_IDAC_INTEGRATION_WRAPPER_INTERFACE_CONTRACT.md:833,ppg_system_integration/PPG_ADC_MEASUREMENT_AND_IDAC_INTEGRATION_WRAPPER_INTERFACE_CONTRACT.md,833,explicit,o_run_generation,text_mismatch,### 8.3 router互斥路由
contracts/PPG_CONTRACT_CLOSURE_MATRIX.md,2787,ppg_system_integration/PPG_NORMAL_FORK_IDAC_TRACKING_AMB_RECHECK_INTERFACE_CONTRACT.md:140,ppg_system_integration/PPG_NORMAL_FORK_IDAC_TRACKING_AMB_RECHECK_INTERFACE_CONTRACT.md,140,explicit,i_clk,text_mismatch,### 5.2 强制端口扩展
contracts/PPG_CONTRACT_CLOSURE_MATRIX.md,2788,ppg_system_integration/PPG_NORMAL_FORK_IDAC_TRACKING_AMB_RECHECK_INTERFACE_CONTRACT.md:140,ppg_system_integration/PPG_NORMAL_FORK_IDAC_TRACKING_AMB_RECHECK_INTERFACE_CONTRACT.md,140,explicit,i_rstn,text_mismatch,### 5.2 强制端口扩展
contracts/PPG_CONTRACT_CLOSURE_MATRIX.md,2789,ppg_system_integration/PPG_NORMAL_FORK_IDAC_TRACKING_AMB_RECHECK_INTERFACE_CONTRACT.md:140,ppg_system_integration/PPG_NORMAL_FORK_IDAC_TRACKING_AMB_RECHECK_INTERFACE_CONTRACT.md,140,explicit,i_run_generation,text_mismatch,### 5.2 强制端口扩展
contracts/PPG_CONTRACT_CLOSURE_MATRIX.md,2790,ppg_system_integration/PPG_NORMAL_FORK_IDAC_TRACKING_AMB_RECHECK_INTERFACE_CONTRACT.md:140,ppg_system_integration/PPG_NORMAL_FORK_IDAC_TRACKING_AMB_RECHECK_INTERFACE_CONTRACT.md,140,explicit,i_datapath_discard_event,text_mismatch,### 5.2 强制端口扩展
contracts/PPG_CONTRACT_CLOSURE_MATRIX.md,2791,ppg_system_integration/PPG_NORMAL_FORK_IDAC_TRACKING_AMB_RECHECK_INTERFACE_CONTRACT.md:140,ppg_system_integration/PPG_NORMAL_FORK_IDAC_TRACKING_AMB_RECHECK_INTERFACE_CONTRACT.md,140,explicit,i_datapath_discard_reason,text_mismatch,### 5.2 强制端口扩展
contracts/PPG_CONTRACT_CLOSURE_MATRIX.md,2792,ppg_system_integration/PPG_NORMAL_FORK_IDAC_TRACKING_AMB_RECHECK_INTERFACE_CONTRACT.md:140,ppg_system_integration/PPG_NORMAL_FORK_IDAC_TRACKING_AMB_RECHECK_INTERFACE_CONTRACT.md,140,explicit,i_datapath_discard_identity_valid,text_mismatch,### 5.2 强制端口扩展
contracts/PPG_CONTRACT_CLOSURE_MATRIX.md,2793,ppg_system_integration/PPG_NORMAL_FORK_IDAC_TRACKING_AMB_RECHECK_INTERFACE_CONTRACT.md:140,ppg_system_integration/PPG_NORMAL_FORK_IDAC_TRACKING_AMB_RECHECK_INTERFACE_CONTRACT.md,140,explicit,i_datapath_discard_frame_id,text_mismatch,### 5.2 强制端口扩展
contracts/PPG_CONTRACT_CLOSURE_MATRIX.md,2794,ppg_system_integration/PPG_NORMAL_FORK_IDAC_TRACKING_AMB_RECHECK_INTERFACE_CONTRACT.md:140,ppg_system_integration/PPG_NORMAL_FORK_IDAC_TRACKING_AMB_RECHECK_INTERFACE_CONTRACT.md,140,explicit,i_datapath_discard_sample_index,text_mismatch,### 5.2 强制端口扩展
contracts/PPG_CONTRACT_CLOSURE_MATRIX.md,2795,ppg_system_integration/PPG_NORMAL_FORK_IDAC_TRACKING_AMB_RECHECK_INTERFACE_CONTRACT.md:140,ppg_system_integration/PPG_NORMAL_FORK_IDAC_TRACKING_AMB_RECHECK_INTERFACE_CONTRACT.md,140,explicit,i_datapath_discard_color_ir,text_mismatch,### 5.2 强制端口扩展
contracts/PPG_CONTRACT_CLOSURE_MATRIX.md,2796,ppg_system_integration/PPG_NORMAL_FORK_IDAC_TRACKING_AMB_RECHECK_INTERFACE_CONTRACT.md:140,ppg_system_integration/PPG_NORMAL_FORK_IDAC_TRACKING_AMB_RECHECK_INTERFACE_CONTRACT.md,140,explicit,i_datapath_discard_frame_type,text_mismatch,### 5.2 强制端口扩展
contracts/PPG_CONTRACT_CLOSURE_MATRIX.md,2797,ppg_system_integration/PPG_NORMAL_FORK_IDAC_TRACKING_AMB_RECHECK_INTERFACE_CONTRACT.md:140,ppg_system_integration/PPG_NORMAL_FORK_IDAC_TRACKING_AMB_RECHECK_INTERFACE_CONTRACT.md,140,explicit,i_datapath_discard_precision,text_mismatch,### 5.2 强制端口扩展
contracts/PPG_CONTRACT_CLOSURE_MATRIX.md,2798,ppg_system_integration/PPG_NORMAL_FORK_IDAC_TRACKING_AMB_RECHECK_INTERFACE_CONTRACT.md:140,ppg_system_integration/PPG_NORMAL_FORK_IDAC_TRACKING_AMB_RECHECK_INTERFACE_CONTRACT.md,140,explicit,i_datapath_discard_run_generation,text_mismatch,### 5.2 强制端口扩展
contracts/PPG_CONTRACT_CLOSURE_MATRIX.md,2799,ppg_system_integration/PPG_NORMAL_FORK_IDAC_TRACKING_AMB_RECHECK_INTERFACE_CONTRACT.md:121,ppg_system_integration/PPG_NORMAL_FORK_IDAC_TRACKING_AMB_RECHECK_INTERFACE_CONTRACT.md,121,explicit,i_normal_valid,text_mismatch,## 5. NORMAL事务Fork合同
contracts/PPG_CONTRACT_CLOSURE_MATRIX.md,2800,ppg_system_integration/PPG_NORMAL_FORK_IDAC_TRACKING_AMB_RECHECK_INTERFACE_CONTRACT.md:121,ppg_system_integration/PPG_NORMAL_FORK_IDAC_TRACKING_AMB_RECHECK_INTERFACE_CONTRACT.md,121,explicit,i_calibrated_s1_value,text_mismatch,## 5. NORMAL事务Fork合同
contracts/PPG_CONTRACT_CLOSURE_MATRIX.md,2801,ppg_system_integration/PPG_NORMAL_FORK_IDAC_TRACKING_AMB_RECHECK_INTERFACE_CONTRACT.md:121,ppg_system_integration/PPG_NORMAL_FORK_IDAC_TRACKING_AMB_RECHECK_INTERFACE_CONTRACT.md,121,explicit,i_calibration_applied,text_mismatch,## 5. NORMAL事务Fork合同
contracts/PPG_CONTRACT_CLOSURE_MATRIX.md,2802,ppg_system_integration/PPG_NORMAL_FORK_IDAC_TRACKING_AMB_RECHECK_INTERFACE_CONTRACT.md:121,ppg_system_integration/PPG_NORMAL_FORK_IDAC_TRACKING_AMB_RECHECK_INTERFACE_CONTRACT.md,121,explicit,i_saturation_low,text_mismatch,## 5. NORMAL事务Fork合同
contracts/PPG_CONTRACT_CLOSURE_MATRIX.md,2803,ppg_system_integration/PPG_NORMAL_FORK_IDAC_TRACKING_AMB_RECHECK_INTERFACE_CONTRACT.md:121,ppg_system_integration/PPG_NORMAL_FORK_IDAC_TRACKING_AMB_RECHECK_INTERFACE_CONTRACT.md,121,explicit,i_saturation_high,text_mismatch,## 5. NORMAL事务Fork合同
contracts/PPG_CONTRACT_CLOSURE_MATRIX.md,2804,ppg_system_integration/PPG_NORMAL_FORK_IDAC_TRACKING_AMB_RECHECK_INTERFACE_CONTRACT.md:121,ppg_system_integration/PPG_NORMAL_FORK_IDAC_TRACKING_AMB_RECHECK_INTERFACE_CONTRACT.md,121,explicit,i_config_epoch,text_mismatch,## 5. NORMAL事务Fork合同
contracts/PPG_CONTRACT_CLOSURE_MATRIX.md,2805,ppg_system_integration/PPG_NORMAL_FORK_IDAC_TRACKING_AMB_RECHECK_INTERFACE_CONTRACT.md:121,ppg_system_integration/PPG_NORMAL_FORK_IDAC_TRACKING_AMB_RECHECK_INTERFACE_CONTRACT.md,121,explicit,i_coef_epoch,text_mismatch,## 5. NORMAL事务Fork合同
contracts/PPG_CONTRACT_CLOSURE_MATRIX.md,2806,ppg_system_integration/PPG_NORMAL_FORK_IDAC_TRACKING_AMB_RECHECK_INTERFACE_CONTRACT.md:121,ppg_system_integration/PPG_NORMAL_FORK_IDAC_TRACKING_AMB_RECHECK_INTERFACE_CONTRACT.md,121,explicit,i_detect_code,text_mismatch,## 5. NORMAL事务Fork合同
contracts/PPG_CONTRACT_CLOSURE_MATRIX.md,2807,ppg_system_integration/PPG_NORMAL_FORK_IDAC_TRACKING_AMB_RECHECK_INTERFACE_CONTRACT.md:121,ppg_system_integration/PPG_NORMAL_FORK_IDAC_TRACKING_AMB_RECHECK_INTERFACE_CONTRACT.md,121,explicit,i_stage1_raw,text_mismatch,## 5. NORMAL事务Fork合同
contracts/PPG_CONTRACT_CLOSURE_MATRIX.md,2808,ppg_system_integration/PPG_NORMAL_FORK_IDAC_TRACKING_AMB_RECHECK_INTERFACE_CONTRACT.md:121,ppg_system_integration/PPG_NORMAL_FORK_IDAC_TRACKING_AMB_RECHECK_INTERFACE_CONTRACT.md,121,explicit,i_stage1_code_ext,text_mismatch,## 5. NORMAL事务Fork合同
contracts/PPG_CONTRACT_CLOSURE_MATRIX.md,2809,ppg_system_integration/PPG_NORMAL_FORK_IDAC_TRACKING_AMB_RECHECK_INTERFACE_CONTRACT.md:121,ppg_system_integration/PPG_NORMAL_FORK_IDAC_TRACKING_AMB_RECHECK_INTERFACE_CONTRACT.md,121,explicit,i_stage2_raw,text_mismatch,## 5. NORMAL事务Fork合同
contracts/PPG_CONTRACT_CLOSURE_MATRIX.md,2810,ppg_system_integration/PPG_NORMAL_FORK_IDAC_TRACKING_AMB_RECHECK_INTERFACE_CONTRACT.md:121,ppg_system_integration/PPG_NORMAL_FORK_IDAC_TRACKING_AMB_RECHECK_INTERFACE_CONTRACT.md,121,explicit,i_precision_mode,text_mismatch,## 5. NORMAL事务Fork合同
contracts/PPG_CONTRACT_CLOSURE_MATRIX.md,2811,ppg_system_integration/PPG_NORMAL_FORK_IDAC_TRACKING_AMB_RECHECK_INTERFACE_CONTRACT.md:121,ppg_system_integration/PPG_NORMAL_FORK_IDAC_TRACKING_AMB_RECHECK_INTERFACE_CONTRACT.md,121,explicit,i_frame_id,text_mismatch,## 5. NORMAL事务Fork合同
contracts/PPG_CONTRACT_CLOSURE_MATRIX.md,2812,ppg_system_integration/PPG_NORMAL_FORK_IDAC_TRACKING_AMB_RECHECK_INTERFACE_CONTRACT.md:121,ppg_system_integration/PPG_NORMAL_FORK_IDAC_TRACKING_AMB_RECHECK_INTERFACE_CONTRACT.md,121,explicit,i_sample_index,text_mismatch,## 5. NORMAL事务Fork合同
contracts/PPG_CONTRACT_CLOSURE_MATRIX.md,2813,ppg_system_integration/PPG_NORMAL_FORK_IDAC_TRACKING_AMB_RECHECK_INTERFACE_CONTRACT.md:121,ppg_system_integration/PPG_NORMAL_FORK_IDAC_TRACKING_AMB_RECHECK_INTERFACE_CONTRACT.md,121,explicit,i_color_ir,text_mismatch,## 5. NORMAL事务Fork合同
contracts/PPG_CONTRACT_CLOSURE_MATRIX.md,2814,ppg_system_integration/PPG_NORMAL_FORK_IDAC_TRACKING_AMB_RECHECK_INTERFACE_CONTRACT.md:121,ppg_system_integration/PPG_NORMAL_FORK_IDAC_TRACKING_AMB_RECHECK_INTERFACE_CONTRACT.md,121,explicit,i_frame_type,text_mismatch,## 5. NORMAL事务Fork合同
contracts/PPG_CONTRACT_CLOSURE_MATRIX.md,2815,ppg_system_integration/PPG_NORMAL_FORK_IDAC_TRACKING_AMB_RECHECK_INTERFACE_CONTRACT.md:121,ppg_system_integration/PPG_NORMAL_FORK_IDAC_TRACKING_AMB_RECHECK_INTERFACE_CONTRACT.md,121,explicit,i_amb_code_snapshot,text_mismatch,## 5. NORMAL事务Fork合同
contracts/PPG_CONTRACT_CLOSURE_MATRIX.md,2816,ppg_system_integration/PPG_NORMAL_FORK_IDAC_TRACKING_AMB_RECHECK_INTERFACE_CONTRACT.md:121,ppg_system_integration/PPG_NORMAL_FORK_IDAC_TRACKING_AMB_RECHECK_INTERFACE_CONTRACT.md,121,explicit,i_dc_code_snapshot,text_mismatch,## 5. NORMAL事务Fork合同
contracts/PPG_CONTRACT_CLOSURE_MATRIX.md,2817,ppg_system_integration/PPG_NORMAL_FORK_IDAC_TRACKING_AMB_RECHECK_INTERFACE_CONTRACT.md:121,ppg_system_integration/PPG_NORMAL_FORK_IDAC_TRACKING_AMB_RECHECK_INTERFACE_CONTRACT.md,121,explicit,i_amb_code_epoch,text_mismatch,## 5. NORMAL事务Fork合同
contracts/PPG_CONTRACT_CLOSURE_MATRIX.md,2818,ppg_system_integration/PPG_NORMAL_FORK_IDAC_TRACKING_AMB_RECHECK_INTERFACE_CONTRACT.md:121,ppg_system_integration/PPG_NORMAL_FORK_IDAC_TRACKING_AMB_RECHECK_INTERFACE_CONTRACT.md,121,explicit,i_dc_code_epoch,text_mismatch,## 5. NORMAL事务Fork合同
contracts/PPG_CONTRACT_CLOSURE_MATRIX.md,2819,ppg_system_integration/PPG_NORMAL_FORK_IDAC_TRACKING_AMB_RECHECK_INTERFACE_CONTRACT.md:121,ppg_system_integration/PPG_NORMAL_FORK_IDAC_TRACKING_AMB_RECHECK_INTERFACE_CONTRACT.md,121,explicit,o_normal_ready,text_mismatch,## 5. NORMAL事务Fork合同
contracts/PPG_CONTRACT_CLOSURE_MATRIX.md,2820,ppg_system_integration/PPG_NORMAL_FORK_IDAC_TRACKING_AMB_RECHECK_INTERFACE_CONTRACT.md:152,ppg_system_integration/PPG_NORMAL_FORK_IDAC_TRACKING_AMB_RECHECK_INTERFACE_CONTRACT.md,152,explicit,i_measurement_ready,text_mismatch,### 5.1 模块职责
contracts/PPG_CONTRACT_CLOSURE_MATRIX.md,2821,ppg_system_integration/PPG_NORMAL_FORK_IDAC_TRACKING_AMB_RECHECK_INTERFACE_CONTRACT.md:152,ppg_system_integration/PPG_NORMAL_FORK_IDAC_TRACKING_AMB_RECHECK_INTERFACE_CONTRACT.md,152,explicit,o_measurement_valid,text_mismatch,### 5.1 模块职责
contracts/PPG_CONTRACT_CLOSURE_MATRIX.md,2822,ppg_system_integration/PPG_NORMAL_FORK_IDAC_TRACKING_AMB_RECHECK_INTERFACE_CONTRACT.md:152,ppg_system_integration/PPG_NORMAL_FORK_IDAC_TRACKING_AMB_RECHECK_INTERFACE_CONTRACT.md,152,explicit,o_measurement_calibrated_s1_value,text_mismatch,### 5.1 模块职责
contracts/PPG_CONTRACT_CLOSURE_MATRIX.md,2823,ppg_system_integration/PPG_NORMAL_FORK_IDAC_TRACKING_AMB_RECHECK_INTERFACE_CONTRACT.md:152,ppg_system_integration/PPG_NORMAL_FORK_IDAC_TRACKING_AMB_RECHECK_INTERFACE_CONTRACT.md,152,explicit,o_measurement_calibration_applied,text_mismatch,### 5.1 模块职责
contracts/PPG_CONTRACT_CLOSURE_MATRIX.md,2824,ppg_system_integration/PPG_NORMAL_FORK_IDAC_TRACKING_AMB_RECHECK_INTERFACE_CONTRACT.md:152,ppg_system_integration/PPG_NORMAL_FORK_IDAC_TRACKING_AMB_RECHECK_INTERFACE_CONTRACT.md,152,explicit,o_measurement_saturation_low,text_mismatch,### 5.1 模块职责
contracts/PPG_CONTRACT_CLOSURE_MATRIX.md,2825,ppg_system_integration/PPG_NORMAL_FORK_IDAC_TRACKING_AMB_RECHECK_INTERFACE_CONTRACT.md:152,ppg_system_integration/PPG_NORMAL_FORK_IDAC_TRACKING_AMB_RECHECK_INTERFACE_CONTRACT.md,152,explicit,o_measurement_saturation_high,text_mismatch,### 5.1 模块职责
contracts/PPG_CONTRACT_CLOSURE_MATRIX.md,2826,ppg_system_integration/PPG_NORMAL_FORK_IDAC_TRACKING_AMB_RECHECK_INTERFACE_CONTRACT.md:152,ppg_system_integration/PPG_NORMAL_FORK_IDAC_TRACKING_AMB_RECHECK_INTERFACE_CONTRACT.md,152,explicit,o_measurement_config_epoch,text_mismatch,### 5.1 模块职责
contracts/PPG_CONTRACT_CLOSURE_MATRIX.md,2827,ppg_system_integration/PPG_NORMAL_FORK_IDAC_TRACKING_AMB_RECHECK_INTERFACE_CONTRACT.md:152,ppg_system_integration/PPG_NORMAL_FORK_IDAC_TRACKING_AMB_RECHECK_INTERFACE_CONTRACT.md,152,explicit,o_measurement_coef_epoch,text_mismatch,### 5.1 模块职责
contracts/PPG_CONTRACT_CLOSURE_MATRIX.md,2828,ppg_system_integration/PPG_NORMAL_FORK_IDAC_TRACKING_AMB_RECHECK_INTERFACE_CONTRACT.md:152,ppg_system_integration/PPG_NORMAL_FORK_IDAC_TRACKING_AMB_RECHECK_INTERFACE_CONTRACT.md,152,explicit,o_measurement_detect_code,text_mismatch,### 5.1 模块职责
contracts/PPG_CONTRACT_CLOSURE_MATRIX.md,2829,ppg_system_integration/PPG_NORMAL_FORK_IDAC_TRACKING_AMB_RECHECK_INTERFACE_CONTRACT.md:152,ppg_system_integration/PPG_NORMAL_FORK_IDAC_TRACKING_AMB_RECHECK_INTERFACE_CONTRACT.md,152,explicit,o_measurement_stage1_raw,text_mismatch,### 5.1 模块职责
contracts/PPG_CONTRACT_CLOSURE_MATRIX.md,2830,ppg_system_integration/PPG_NORMAL_FORK_IDAC_TRACKING_AMB_RECHECK_INTERFACE_CONTRACT.md:152,ppg_system_integration/PPG_NORMAL_FORK_IDAC_TRACKING_AMB_RECHECK_INTERFACE_CONTRACT.md,152,explicit,o_measurement_stage1_code_ext,text_mismatch,### 5.1 模块职责
contracts/PPG_CONTRACT_CLOSURE_MATRIX.md,2831,ppg_system_integration/PPG_NORMAL_FORK_IDAC_TRACKING_AMB_RECHECK_INTERFACE_CONTRACT.md:152,ppg_system_integration/PPG_NORMAL_FORK_IDAC_TRACKING_AMB_RECHECK_INTERFACE_CONTRACT.md,152,explicit,o_measurement_stage2_raw,text_mismatch,### 5.1 模块职责
contracts/PPG_CONTRACT_CLOSURE_MATRIX.md,2832,ppg_system_integration/PPG_NORMAL_FORK_IDAC_TRACKING_AMB_RECHECK_INTERFACE_CONTRACT.md:152,ppg_system_integration/PPG_NORMAL_FORK_IDAC_TRACKING_AMB_RECHECK_INTERFACE_CONTRACT.md,152,explicit,o_measurement_precision_mode,text_mismatch,### 5.1 模块职责
contracts/PPG_CONTRACT_CLOSURE_MATRIX.md,2833,ppg_system_integration/PPG_NORMAL_FORK_IDAC_TRACKING_AMB_RECHECK_INTERFACE_CONTRACT.md:152,ppg_system_integration/PPG_NORMAL_FORK_IDAC_TRACKING_AMB_RECHECK_INTERFACE_CONTRACT.md,152,explicit,o_measurement_frame_id,text_mismatch,### 5.1 模块职责
contracts/PPG_CONTRACT_CLOSURE_MATRIX.md,2834,ppg_system_integration/PPG_NORMAL_FORK_IDAC_TRACKING_AMB_RECHECK_INTERFACE_CONTRACT.md:152,ppg_system_integration/PPG_NORMAL_FORK_IDAC_TRACKING_AMB_RECHECK_INTERFACE_CONTRACT.md,152,explicit,o_measurement_sample_index,text_mismatch,### 5.1 模块职责
contracts/PPG_CONTRACT_CLOSURE_MATRIX.md,2835,ppg_system_integration/PPG_NORMAL_FORK_IDAC_TRACKING_AMB_RECHECK_INTERFACE_CONTRACT.md:152,ppg_system_integration/PPG_NORMAL_FORK_IDAC_TRACKING_AMB_RECHECK_INTERFACE_CONTRACT.md,152,explicit,o_measurement_color_ir,text_mismatch,### 5.1 模块职责
contracts/PPG_CONTRACT_CLOSURE_MATRIX.md,2836,ppg_system_integration/PPG_NORMAL_FORK_IDAC_TRACKING_AMB_RECHECK_INTERFACE_CONTRACT.md:152,ppg_system_integration/PPG_NORMAL_FORK_IDAC_TRACKING_AMB_RECHECK_INTERFACE_CONTRACT.md,152,explicit,o_measurement_frame_type,text_mismatch,### 5.1 模块职责
contracts/PPG_CONTRACT_CLOSURE_MATRIX.md,2837,ppg_system_integration/PPG_NORMAL_FORK_IDAC_TRACKING_AMB_RECHECK_INTERFACE_CONTRACT.md:152,ppg_system_integration/PPG_NORMAL_FORK_IDAC_TRACKING_AMB_RECHECK_INTERFACE_CONTRACT.md,152,explicit,o_measurement_amb_code_snapshot,text_mismatch,### 5.1 模块职责
contracts/PPG_CONTRACT_CLOSURE_MATRIX.md,2838,ppg_system_integration/PPG_NORMAL_FORK_IDAC_TRACKING_AMB_RECHECK_INTERFACE_CONTRACT.md:152,ppg_system_integration/PPG_NORMAL_FORK_IDAC_TRACKING_AMB_RECHECK_INTERFACE_CONTRACT.md,152,explicit,o_measurement_dc_code_snapshot,text_mismatch,### 5.1 模块职责
contracts/PPG_CONTRACT_CLOSURE_MATRIX.md,2839,ppg_system_integration/PPG_NORMAL_FORK_IDAC_TRACKING_AMB_RECHECK_INTERFACE_CONTRACT.md:152,ppg_system_integration/PPG_NORMAL_FORK_IDAC_TRACKING_AMB_RECHECK_INTERFACE_CONTRACT.md,152,explicit,o_measurement_amb_code_epoch,text_mismatch,### 5.1 模块职责
contracts/PPG_CONTRACT_CLOSURE_MATRIX.md,2840,ppg_system_integration/PPG_NORMAL_FORK_IDAC_TRACKING_AMB_RECHECK_INTERFACE_CONTRACT.md:152,ppg_system_integration/PPG_NORMAL_FORK_IDAC_TRACKING_AMB_RECHECK_INTERFACE_CONTRACT.md,152,explicit,o_measurement_dc_code_epoch,text_mismatch,### 5.1 模块职责
contracts/PPG_CONTRACT_CLOSURE_MATRIX.md,2841,ppg_system_integration/PPG_NORMAL_FORK_IDAC_TRACKING_AMB_RECHECK_INTERFACE_CONTRACT.md:152,ppg_system_integration/PPG_NORMAL_FORK_IDAC_TRACKING_AMB_RECHECK_INTERFACE_CONTRACT.md,152,explicit,o_measurement_run_generation,text_mismatch,### 5.1 模块职责
contracts/PPG_CONTRACT_CLOSURE_MATRIX.md,2842,ppg_system_integration/PPG_NORMAL_FORK_IDAC_TRACKING_AMB_RECHECK_INTERFACE_CONTRACT.md:152,ppg_system_integration/PPG_NORMAL_FORK_IDAC_TRACKING_AMB_RECHECK_INTERFACE_CONTRACT.md,152,explicit,i_track_ready,text_mismatch,### 5.1 模块职责
contracts/PPG_CONTRACT_CLOSURE_MATRIX.md,2843,ppg_system_integration/PPG_NORMAL_FORK_IDAC_TRACKING_AMB_RECHECK_INTERFACE_CONTRACT.md:152,ppg_system_integration/PPG_NORMAL_FORK_IDAC_TRACKING_AMB_RECHECK_INTERFACE_CONTRACT.md,152,explicit,o_track_valid,text_mismatch,### 5.1 模块职责
contracts/PPG_CONTRACT_CLOSURE_MATRIX.md,2844,ppg_system_integration/PPG_NORMAL_FORK_IDAC_TRACKING_AMB_RECHECK_INTERFACE_CONTRACT.md:152,ppg_system_integration/PPG_NORMAL_FORK_IDAC_TRACKING_AMB_RECHECK_INTERFACE_CONTRACT.md,152,explicit,o_track_calibrated_s1_value,text_mismatch,### 5.1 模块职责
contracts/PPG_CONTRACT_CLOSURE_MATRIX.md,2845,ppg_system_integration/PPG_NORMAL_FORK_IDAC_TRACKING_AMB_RECHECK_INTERFACE_CONTRACT.md:152,ppg_system_integration/PPG_NORMAL_FORK_IDAC_TRACKING_AMB_RECHECK_INTERFACE_CONTRACT.md,152,explicit,o_track_calibration_applied,text_mismatch,### 5.1 模块职责
contracts/PPG_CONTRACT_CLOSURE_MATRIX.md,2846,ppg_system_integration/PPG_NORMAL_FORK_IDAC_TRACKING_AMB_RECHECK_INTERFACE_CONTRACT.md:152,ppg_system_integration/PPG_NORMAL_FORK_IDAC_TRACKING_AMB_RECHECK_INTERFACE_CONTRACT.md,152,explicit,o_track_saturation_low,text_mismatch,### 5.1 模块职责
contracts/PPG_CONTRACT_CLOSURE_MATRIX.md,2847,ppg_system_integration/PPG_NORMAL_FORK_IDAC_TRACKING_AMB_RECHECK_INTERFACE_CONTRACT.md:152,ppg_system_integration/PPG_NORMAL_FORK_IDAC_TRACKING_AMB_RECHECK_INTERFACE_CONTRACT.md,152,explicit,o_track_saturation_high,text_mismatch,### 5.1 模块职责
contracts/PPG_CONTRACT_CLOSURE_MATRIX.md,2848,ppg_system_integration/PPG_NORMAL_FORK_IDAC_TRACKING_AMB_RECHECK_INTERFACE_CONTRACT.md:152,ppg_system_integration/PPG_NORMAL_FORK_IDAC_TRACKING_AMB_RECHECK_INTERFACE_CONTRACT.md,152,explicit,o_track_config_epoch,text_mismatch,### 5.1 模块职责
contracts/PPG_CONTRACT_CLOSURE_MATRIX.md,2849,ppg_system_integration/PPG_NORMAL_FORK_IDAC_TRACKING_AMB_RECHECK_INTERFACE_CONTRACT.md:152,ppg_system_integration/PPG_NORMAL_FORK_IDAC_TRACKING_AMB_RECHECK_INTERFACE_CONTRACT.md,152,explicit,o_track_coef_epoch,text_mismatch,### 5.1 模块职责
contracts/PPG_CONTRACT_CLOSURE_MATRIX.md,2850,ppg_system_integration/PPG_NORMAL_FORK_IDAC_TRACKING_AMB_RECHECK_INTERFACE_CONTRACT.md:152,ppg_system_integration/PPG_NORMAL_FORK_IDAC_TRACKING_AMB_RECHECK_INTERFACE_CONTRACT.md,152,explicit,o_track_precision_mode,text_mismatch,### 5.1 模块职责
contracts/PPG_CONTRACT_CLOSURE_MATRIX.md,2851,ppg_system_integration/PPG_NORMAL_FORK_IDAC_TRACKING_AMB_RECHECK_INTERFACE_CONTRACT.md:152,ppg_system_integration/PPG_NORMAL_FORK_IDAC_TRACKING_AMB_RECHECK_INTERFACE_CONTRACT.md,152,explicit,o_track_frame_id,text_mismatch,### 5.1 模块职责
contracts/PPG_CONTRACT_CLOSURE_MATRIX.md,2852,ppg_system_integration/PPG_NORMAL_FORK_IDAC_TRACKING_AMB_RECHECK_INTERFACE_CONTRACT.md:152,ppg_system_integration/PPG_NORMAL_FORK_IDAC_TRACKING_AMB_RECHECK_INTERFACE_CONTRACT.md,152,explicit,o_track_sample_index,text_mismatch,### 5.1 模块职责
contracts/PPG_CONTRACT_CLOSURE_MATRIX.md,2853,ppg_system_integration/PPG_NORMAL_FORK_IDAC_TRACKING_AMB_RECHECK_INTERFACE_CONTRACT.md:152,ppg_system_integration/PPG_NORMAL_FORK_IDAC_TRACKING_AMB_RECHECK_INTERFACE_CONTRACT.md,152,explicit,o_track_color_ir,text_mismatch,### 5.1 模块职责
contracts/PPG_CONTRACT_CLOSURE_MATRIX.md,2854,ppg_system_integration/PPG_NORMAL_FORK_IDAC_TRACKING_AMB_RECHECK_INTERFACE_CONTRACT.md:152,ppg_system_integration/PPG_NORMAL_FORK_IDAC_TRACKING_AMB_RECHECK_INTERFACE_CONTRACT.md,152,explicit,o_track_frame_type,text_mismatch,### 5.1 模块职责
contracts/PPG_CONTRACT_CLOSURE_MATRIX.md,2855,ppg_system_integration/PPG_NORMAL_FORK_IDAC_TRACKING_AMB_RECHECK_INTERFACE_CONTRACT.md:152,ppg_system_integration/PPG_NORMAL_FORK_IDAC_TRACKING_AMB_RECHECK_INTERFACE_CONTRACT.md,152,explicit,o_track_amb_code_snapshot,text_mismatch,### 5.1 模块职责
contracts/PPG_CONTRACT_CLOSURE_MATRIX.md,2856,ppg_system_integration/PPG_NORMAL_FORK_IDAC_TRACKING_AMB_RECHECK_INTERFACE_CONTRACT.md:152,ppg_system_integration/PPG_NORMAL_FORK_IDAC_TRACKING_AMB_RECHECK_INTERFACE_CONTRACT.md,152,explicit,o_track_dc_code_snapshot,text_mismatch,### 5.1 模块职责
contracts/PPG_CONTRACT_CLOSURE_MATRIX.md,2857,ppg_system_integration/PPG_NORMAL_FORK_IDAC_TRACKING_AMB_RECHECK_INTERFACE_CONTRACT.md:152,ppg_system_integration/PPG_NORMAL_FORK_IDAC_TRACKING_AMB_RECHECK_INTERFACE_CONTRACT.md,152,explicit,o_track_amb_code_epoch,text_mismatch,### 5.1 模块职责
contracts/PPG_CONTRACT_CLOSURE_MATRIX.md,2858,ppg_system_integration/PPG_NORMAL_FORK_IDAC_TRACKING_AMB_RECHECK_INTERFACE_CONTRACT.md:152,ppg_system_integration/PPG_NORMAL_FORK_IDAC_TRACKING_AMB_RECHECK_INTERFACE_CONTRACT.md,152,explicit,o_track_dc_code_epoch,text_mismatch,### 5.1 模块职责
contracts/PPG_CONTRACT_CLOSURE_MATRIX.md,2859,ppg_system_integration/PPG_NORMAL_FORK_IDAC_TRACKING_AMB_RECHECK_INTERFACE_CONTRACT.md:152,ppg_system_integration/PPG_NORMAL_FORK_IDAC_TRACKING_AMB_RECHECK_INTERFACE_CONTRACT.md,152,explicit,o_tracking_run_generation,text_mismatch,### 5.1 模块职责
contracts/PPG_CONTRACT_CLOSURE_MATRIX.md,2860,ppg_system_integration/PPG_NORMAL_FORK_IDAC_TRACKING_AMB_RECHECK_INTERFACE_CONTRACT.md:140,ppg_system_integration/PPG_NORMAL_FORK_IDAC_TRACKING_AMB_RECHECK_INTERFACE_CONTRACT.md,140,explicit,o_local_empty,text_mismatch,### 5.2 强制端口扩展
contracts/PPG_CONTRACT_CLOSURE_MATRIX.md,2861,ppg_system_integration/PPG_ADC_ROUTER_TO_PIPELINE_OVERLAP_INTERFACE_CONTRACT.md:83,ppg_system_integration/PPG_ADC_ROUTER_TO_PIPELINE_OVERLAP_INTERFACE_CONTRACT.md,83,explicit,i_clk,text_mismatch,### 4.1 Generation and lifecycle pass-through
contracts/PPG_CONTRACT_CLOSURE_MATRIX.md,2862,ppg_system_integration/PPG_ADC_ROUTER_TO_PIPELINE_OVERLAP_INTERFACE_CONTRACT.md:83,ppg_system_integration/PPG_ADC_ROUTER_TO_PIPELINE_OVERLAP_INTERFACE_CONTRACT.md,83,explicit,i_rstn,text_mismatch,### 4.1 Generation and lifecycle pass-through
contracts/PPG_CONTRACT_CLOSURE_MATRIX.md,2863,ppg_system_integration/PPG_ADC_ROUTER_TO_PIPELINE_OVERLAP_INTERFACE_CONTRACT.md:83,ppg_system_integration/PPG_ADC_ROUTER_TO_PIPELINE_OVERLAP_INTERFACE_CONTRACT.md,83,explicit,i_datapath_discard_event,text_mismatch,### 4.1 Generation and lifecycle pass-through
contracts/PPG_CONTRACT_CLOSURE_MATRIX.md,2864,ppg_system_integration/PPG_ADC_ROUTER_TO_PIPELINE_OVERLAP_INTERFACE_CONTRACT.md:83,ppg_system_integration/PPG_ADC_ROUTER_TO_PIPELINE_OVERLAP_INTERFACE_CONTRACT.md,83,explicit,i_datapath_discard_reason,text_mismatch,### 4.1 Generation and lifecycle pass-through
contracts/PPG_CONTRACT_CLOSURE_MATRIX.md,2865,ppg_system_integration/PPG_ADC_ROUTER_TO_PIPELINE_OVERLAP_INTERFACE_CONTRACT.md:83,ppg_system_integration/PPG_ADC_ROUTER_TO_PIPELINE_OVERLAP_INTERFACE_CONTRACT.md,83,explicit,i_datapath_discard_identity_valid,text_mismatch,### 4.1 Generation and lifecycle pass-through
contracts/PPG_CONTRACT_CLOSURE_MATRIX.md,2866,ppg_system_integration/PPG_ADC_ROUTER_TO_PIPELINE_OVERLAP_INTERFACE_CONTRACT.md:83,ppg_system_integration/PPG_ADC_ROUTER_TO_PIPELINE_OVERLAP_INTERFACE_CONTRACT.md,83,explicit,i_datapath_discard_frame_id,text_mismatch,### 4.1 Generation and lifecycle pass-through
contracts/PPG_CONTRACT_CLOSURE_MATRIX.md,2867,ppg_system_integration/PPG_ADC_ROUTER_TO_PIPELINE_OVERLAP_INTERFACE_CONTRACT.md:83,ppg_system_integration/PPG_ADC_ROUTER_TO_PIPELINE_OVERLAP_INTERFACE_CONTRACT.md,83,explicit,i_datapath_discard_sample_index,text_mismatch,### 4.1 Generation and lifecycle pass-through
contracts/PPG_CONTRACT_CLOSURE_MATRIX.md,2868,ppg_system_integration/PPG_ADC_ROUTER_TO_PIPELINE_OVERLAP_INTERFACE_CONTRACT.md:83,ppg_system_integration/PPG_ADC_ROUTER_TO_PIPELINE_OVERLAP_INTERFACE_CONTRACT.md,83,explicit,i_datapath_discard_color_ir,text_mismatch,### 4.1 Generation and lifecycle pass-through
contracts/PPG_CONTRACT_CLOSURE_MATRIX.md,2869,ppg_system_integration/PPG_ADC_ROUTER_TO_PIPELINE_OVERLAP_INTERFACE_CONTRACT.md:83,ppg_system_integration/PPG_ADC_ROUTER_TO_PIPELINE_OVERLAP_INTERFACE_CONTRACT.md,83,explicit,i_datapath_discard_frame_type,text_mismatch,### 4.1 Generation and lifecycle pass-through
contracts/PPG_CONTRACT_CLOSURE_MATRIX.md,2870,ppg_system_integration/PPG_ADC_ROUTER_TO_PIPELINE_OVERLAP_INTERFACE_CONTRACT.md:83,ppg_system_integration/PPG_ADC_ROUTER_TO_PIPELINE_OVERLAP_INTERFACE_CONTRACT.md,83,explicit,i_datapath_discard_precision,text_mismatch,### 4.1 Generation and lifecycle pass-through
contracts/PPG_CONTRACT_CLOSURE_MATRIX.md,2871,ppg_system_integration/PPG_ADC_ROUTER_TO_PIPELINE_OVERLAP_INTERFACE_CONTRACT.md:83,ppg_system_integration/PPG_ADC_ROUTER_TO_PIPELINE_OVERLAP_INTERFACE_CONTRACT.md,83,explicit,i_datapath_discard_run_generation,text_mismatch,### 4.1 Generation and lifecycle pass-through
contracts/PPG_CONTRACT_CLOSURE_MATRIX.md,2872,ppg_system_integration/PPG_ADC_ROUTER_TO_PIPELINE_OVERLAP_INTERFACE_CONTRACT.md:36,ppg_system_integration/PPG_ADC_ROUTER_TO_PIPELINE_OVERLAP_INTERFACE_CONTRACT.md,36,explicit,i_normal_valid,text_mismatch,## 2. 握手映射
contracts/PPG_CONTRACT_CLOSURE_MATRIX.md,2873,ppg_system_integration/PPG_ADC_ROUTER_TO_PIPELINE_OVERLAP_INTERFACE_CONTRACT.md:51,ppg_system_integration/PPG_ADC_ROUTER_TO_PIPELINE_OVERLAP_INTERFACE_CONTRACT.md,51,explicit,i_calibrated_s1_value,text_mismatch,## 3. Stage1校准字段
contracts/PPG_CONTRACT_CLOSURE_MATRIX.md,2874,ppg_system_integration/PPG_ADC_ROUTER_TO_PIPELINE_OVERLAP_INTERFACE_CONTRACT.md:51,ppg_system_integration/PPG_ADC_ROUTER_TO_PIPELINE_OVERLAP_INTERFACE_CONTRACT.md,51,explicit,i_calibration_applied,text_mismatch,## 3. Stage1校准字段
contracts/PPG_CONTRACT_CLOSURE_MATRIX.md,2875,ppg_system_integration/PPG_ADC_ROUTER_TO_PIPELINE_OVERLAP_INTERFACE_CONTRACT.md:51,ppg_system_integration/PPG_ADC_ROUTER_TO_PIPELINE_OVERLAP_INTERFACE_CONTRACT.md,51,explicit,i_saturation_low,text_mismatch,## 3. Stage1校准字段
contracts/PPG_CONTRACT_CLOSURE_MATRIX.md,2876,ppg_system_integration/PPG_ADC_ROUTER_TO_PIPELINE_OVERLAP_INTERFACE_CONTRACT.md:51,ppg_system_integration/PPG_ADC_ROUTER_TO_PIPELINE_OVERLAP_INTERFACE_CONTRACT.md,51,explicit,i_saturation_high,text_mismatch,## 3. Stage1校准字段
contracts/PPG_CONTRACT_CLOSURE_MATRIX.md,2877,ppg_system_integration/PPG_ADC_ROUTER_TO_PIPELINE_OVERLAP_INTERFACE_CONTRACT.md:51,ppg_system_integration/PPG_ADC_ROUTER_TO_PIPELINE_OVERLAP_INTERFACE_CONTRACT.md,51,explicit,i_config_epoch,text_mismatch,## 3. Stage1校准字段
contracts/PPG_CONTRACT_CLOSURE_MATRIX.md,2878,ppg_system_integration/PPG_ADC_ROUTER_TO_PIPELINE_OVERLAP_INTERFACE_CONTRACT.md:51,ppg_system_integration/PPG_ADC_ROUTER_TO_PIPELINE_OVERLAP_INTERFACE_CONTRACT.md,51,explicit,i_coef_epoch,text_mismatch,## 3. Stage1校准字段
contracts/PPG_CONTRACT_CLOSURE_MATRIX.md,2879,ppg_system_integration/PPG_ADC_ROUTER_TO_PIPELINE_OVERLAP_INTERFACE_CONTRACT.md:51,ppg_system_integration/PPG_ADC_ROUTER_TO_PIPELINE_OVERLAP_INTERFACE_CONTRACT.md,51,explicit,i_detect_code,text_mismatch,## 3. Stage1校准字段
contracts/PPG_CONTRACT_CLOSURE_MATRIX.md,2880,ppg_system_integration/PPG_ADC_ROUTER_TO_PIPELINE_OVERLAP_INTERFACE_CONTRACT.md:51,ppg_system_integration/PPG_ADC_ROUTER_TO_PIPELINE_OVERLAP_INTERFACE_CONTRACT.md,51,explicit,i_stage1_raw,text_mismatch,## 3. Stage1校准字段
contracts/PPG_CONTRACT_CLOSURE_MATRIX.md,2881,ppg_system_integration/PPG_ADC_ROUTER_TO_PIPELINE_OVERLAP_INTERFACE_CONTRACT.md:51,ppg_system_integration/PPG_ADC_ROUTER_TO_PIPELINE_OVERLAP_INTERFACE_CONTRACT.md,51,explicit,i_stage1_code_ext,text_mismatch,## 3. Stage1校准字段
contracts/PPG_CONTRACT_CLOSURE_MATRIX.md,2882,ppg_system_integration/PPG_ADC_ROUTER_TO_PIPELINE_OVERLAP_INTERFACE_CONTRACT.md:51,ppg_system_integration/PPG_ADC_ROUTER_TO_PIPELINE_OVERLAP_INTERFACE_CONTRACT.md,51,explicit,i_stage2_raw,text_mismatch,## 3. Stage1校准字段
contracts/PPG_CONTRACT_CLOSURE_MATRIX.md,2883,ppg_system_integration/PPG_ADC_ROUTER_TO_PIPELINE_OVERLAP_INTERFACE_CONTRACT.md:51,ppg_system_integration/PPG_ADC_ROUTER_TO_PIPELINE_OVERLAP_INTERFACE_CONTRACT.md,51,explicit,i_precision_mode,text_mismatch,## 3. Stage1校准字段
contracts/PPG_CONTRACT_CLOSURE_MATRIX.md,2884,ppg_system_integration/PPG_ADC_ROUTER_TO_PIPELINE_OVERLAP_INTERFACE_CONTRACT.md:51,ppg_system_integration/PPG_ADC_ROUTER_TO_PIPELINE_OVERLAP_INTERFACE_CONTRACT.md,51,explicit,i_frame_id,text_mismatch,## 3. Stage1校准字段
contracts/PPG_CONTRACT_CLOSURE_MATRIX.md,2885,ppg_system_integration/PPG_ADC_ROUTER_TO_PIPELINE_OVERLAP_INTERFACE_CONTRACT.md:51,ppg_system_integration/PPG_ADC_ROUTER_TO_PIPELINE_OVERLAP_INTERFACE_CONTRACT.md,51,explicit,i_sample_index,text_mismatch,## 3. Stage1校准字段
contracts/PPG_CONTRACT_CLOSURE_MATRIX.md,2886,ppg_system_integration/PPG_ADC_ROUTER_TO_PIPELINE_OVERLAP_INTERFACE_CONTRACT.md:51,ppg_system_integration/PPG_ADC_ROUTER_TO_PIPELINE_OVERLAP_INTERFACE_CONTRACT.md,51,explicit,i_color_ir,text_mismatch,## 3. Stage1校准字段
contracts/PPG_CONTRACT_CLOSURE_MATRIX.md,2887,ppg_system_integration/PPG_ADC_ROUTER_TO_PIPELINE_OVERLAP_INTERFACE_CONTRACT.md:51,ppg_system_integration/PPG_ADC_ROUTER_TO_PIPELINE_OVERLAP_INTERFACE_CONTRACT.md,51,explicit,i_frame_type,text_mismatch,## 3. Stage1校准字段
contracts/PPG_CONTRACT_CLOSURE_MATRIX.md,2888,ppg_system_integration/PPG_ADC_ROUTER_TO_PIPELINE_OVERLAP_INTERFACE_CONTRACT.md:51,ppg_system_integration/PPG_ADC_ROUTER_TO_PIPELINE_OVERLAP_INTERFACE_CONTRACT.md,51,explicit,i_amb_code_snapshot,text_mismatch,## 3. Stage1校准字段
contracts/PPG_CONTRACT_CLOSURE_MATRIX.md,2889,ppg_system_integration/PPG_ADC_ROUTER_TO_PIPELINE_OVERLAP_INTERFACE_CONTRACT.md:51,ppg_system_integration/PPG_ADC_ROUTER_TO_PIPELINE_OVERLAP_INTERFACE_CONTRACT.md,51,explicit,i_dc_code_snapshot,text_mismatch,## 3. Stage1校准字段
contracts/PPG_CONTRACT_CLOSURE_MATRIX.md,2890,ppg_system_integration/PPG_ADC_ROUTER_TO_PIPELINE_OVERLAP_INTERFACE_CONTRACT.md:51,ppg_system_integration/PPG_ADC_ROUTER_TO_PIPELINE_OVERLAP_INTERFACE_CONTRACT.md,51,explicit,i_amb_code_epoch,text_mismatch,## 3. Stage1校准字段
contracts/PPG_CONTRACT_CLOSURE_MATRIX.md,2891,ppg_system_integration/PPG_ADC_ROUTER_TO_PIPELINE_OVERLAP_INTERFACE_CONTRACT.md:51,ppg_system_integration/PPG_ADC_ROUTER_TO_PIPELINE_OVERLAP_INTERFACE_CONTRACT.md,51,explicit,i_dc_code_epoch,text_mismatch,## 3. Stage1校准字段
contracts/PPG_CONTRACT_CLOSURE_MATRIX.md,2892,ppg_system_integration/PPG_ADC_ROUTER_TO_PIPELINE_OVERLAP_INTERFACE_CONTRACT.md:83,ppg_system_integration/PPG_ADC_ROUTER_TO_PIPELINE_OVERLAP_INTERFACE_CONTRACT.md,83,explicit,i_run_generation,text_mismatch,### 4.1 Generation and lifecycle pass-through
contracts/PPG_CONTRACT_CLOSURE_MATRIX.md,2893,ppg_system_integration/PPG_ADC_ROUTER_TO_PIPELINE_OVERLAP_INTERFACE_CONTRACT.md:36,ppg_system_integration/PPG_ADC_ROUTER_TO_PIPELINE_OVERLAP_INTERFACE_CONTRACT.md,36,explicit,o_normal_ready,text_mismatch,## 2. 握手映射
contracts/PPG_CONTRACT_CLOSURE_MATRIX.md,2894,ppg_system_integration/PPG_ADC_ROUTER_TO_PIPELINE_OVERLAP_INTERFACE_CONTRACT.md:36,ppg_system_integration/PPG_ADC_ROUTER_TO_PIPELINE_OVERLAP_INTERFACE_CONTRACT.md,36,explicit,i_result_ready,text_mismatch,## 2. 握手映射
contracts/PPG_CONTRACT_CLOSURE_MATRIX.md,2895,ppg_system_integration/PPG_ADC_ROUTER_TO_PIPELINE_OVERLAP_INTERFACE_CONTRACT.md:36,ppg_system_integration/PPG_ADC_ROUTER_TO_PIPELINE_OVERLAP_INTERFACE_CONTRACT.md,36,explicit,o_result_valid,text_mismatch,## 2. 握手映射
contracts/PPG_CONTRACT_CLOSURE_MATRIX.md,2896,ppg_system_integration/PPG_ADC_ROUTER_TO_PIPELINE_OVERLAP_INTERFACE_CONTRACT.md:70,ppg_system_integration/PPG_ADC_ROUTER_TO_PIPELINE_OVERLAP_INTERFACE_CONTRACT.md,70,explicit,o_calibrated_s1_value,text_mismatch,## 4. 保留载荷
contracts/PPG_CONTRACT_CLOSURE_MATRIX.md,2897,ppg_system_integration/PPG_ADC_ROUTER_TO_PIPELINE_OVERLAP_INTERFACE_CONTRACT.md:70,ppg_system_integration/PPG_ADC_ROUTER_TO_PIPELINE_OVERLAP_INTERFACE_CONTRACT.md,70,explicit,o_calibration_applied,text_mismatch,## 4. 保留载荷
contracts/PPG_CONTRACT_CLOSURE_MATRIX.md,2898,ppg_system_integration/PPG_ADC_ROUTER_TO_PIPELINE_OVERLAP_INTERFACE_CONTRACT.md:70,ppg_system_integration/PPG_ADC_ROUTER_TO_PIPELINE_OVERLAP_INTERFACE_CONTRACT.md,70,explicit,o_saturation_low,text_mismatch,## 4. 保留载荷
contracts/PPG_CONTRACT_CLOSURE_MATRIX.md,2899,ppg_system_integration/PPG_ADC_ROUTER_TO_PIPELINE_OVERLAP_INTERFACE_CONTRACT.md:70,ppg_system_integration/PPG_ADC_ROUTER_TO_PIPELINE_OVERLAP_INTERFACE_CONTRACT.md,70,explicit,o_saturation_high,text_mismatch,## 4. 保留载荷
contracts/PPG_CONTRACT_CLOSURE_MATRIX.md,2900,ppg_system_integration/PPG_ADC_ROUTER_TO_PIPELINE_OVERLAP_INTERFACE_CONTRACT.md:70,ppg_system_integration/PPG_ADC_ROUTER_TO_PIPELINE_OVERLAP_INTERFACE_CONTRACT.md,70,explicit,o_config_epoch,text_mismatch,## 4. 保留载荷
contracts/PPG_CONTRACT_CLOSURE_MATRIX.md,2901,ppg_system_integration/PPG_ADC_ROUTER_TO_PIPELINE_OVERLAP_INTERFACE_CONTRACT.md:70,ppg_system_integration/PPG_ADC_ROUTER_TO_PIPELINE_OVERLAP_INTERFACE_CONTRACT.md,70,explicit,o_coef_epoch,text_mismatch,## 4. 保留载荷
contracts/PPG_CONTRACT_CLOSURE_MATRIX.md,2902,ppg_system_integration/PPG_ADC_ROUTER_TO_PIPELINE_OVERLAP_INTERFACE_CONTRACT.md:70,ppg_system_integration/PPG_ADC_ROUTER_TO_PIPELINE_OVERLAP_INTERFACE_CONTRACT.md,70,explicit,o_detect_code,text_mismatch,## 4. 保留载荷
contracts/PPG_CONTRACT_CLOSURE_MATRIX.md,2903,ppg_system_integration/PPG_ADC_ROUTER_TO_PIPELINE_OVERLAP_INTERFACE_CONTRACT.md:70,ppg_system_integration/PPG_ADC_ROUTER_TO_PIPELINE_OVERLAP_INTERFACE_CONTRACT.md,70,explicit,o_stage1_raw,text_mismatch,## 4. 保留载荷
contracts/PPG_CONTRACT_CLOSURE_MATRIX.md,2904,ppg_system_integration/PPG_ADC_ROUTER_TO_PIPELINE_OVERLAP_INTERFACE_CONTRACT.md:70,ppg_system_integration/PPG_ADC_ROUTER_TO_PIPELINE_OVERLAP_INTERFACE_CONTRACT.md,70,explicit,o_stage1_code_ext,text_mismatch,## 4. 保留载荷
contracts/PPG_CONTRACT_CLOSURE_MATRIX.md,2905,ppg_system_integration/PPG_ADC_ROUTER_TO_PIPELINE_OVERLAP_INTERFACE_CONTRACT.md:70,ppg_system_integration/PPG_ADC_ROUTER_TO_PIPELINE_OVERLAP_INTERFACE_CONTRACT.md,70,explicit,o_stage2_raw,text_mismatch,## 4. 保留载荷
contracts/PPG_CONTRACT_CLOSURE_MATRIX.md,2906,ppg_system_integration/PPG_ADC_ROUTER_TO_PIPELINE_OVERLAP_INTERFACE_CONTRACT.md:70,ppg_system_integration/PPG_ADC_ROUTER_TO_PIPELINE_OVERLAP_INTERFACE_CONTRACT.md,70,explicit,o_stage2_code_ext,text_mismatch,## 4. 保留载荷
contracts/PPG_CONTRACT_CLOSURE_MATRIX.md,2907,ppg_system_integration/PPG_ADC_ROUTER_TO_PIPELINE_OVERLAP_INTERFACE_CONTRACT.md:70,ppg_system_integration/PPG_ADC_ROUTER_TO_PIPELINE_OVERLAP_INTERFACE_CONTRACT.md,70,explicit,o_nominal_15_code,text_mismatch,## 4. 保留载荷
contracts/PPG_CONTRACT_CLOSURE_MATRIX.md,2908,ppg_system_integration/PPG_ADC_ROUTER_TO_PIPELINE_OVERLAP_INTERFACE_CONTRACT.md:70,ppg_system_integration/PPG_ADC_ROUTER_TO_PIPELINE_OVERLAP_INTERFACE_CONTRACT.md,70,explicit,o_nominal_15_valid,text_mismatch,## 4. 保留载荷
contracts/PPG_CONTRACT_CLOSURE_MATRIX.md,2909,ppg_system_integration/PPG_ADC_ROUTER_TO_PIPELINE_OVERLAP_INTERFACE_CONTRACT.md:70,ppg_system_integration/PPG_ADC_ROUTER_TO_PIPELINE_OVERLAP_INTERFACE_CONTRACT.md,70,explicit,o_nominal_saturated,text_mismatch,## 4. 保留载荷
contracts/PPG_CONTRACT_CLOSURE_MATRIX.md,2910,ppg_system_integration/PPG_ADC_ROUTER_TO_PIPELINE_OVERLAP_INTERFACE_CONTRACT.md:70,ppg_system_integration/PPG_ADC_ROUTER_TO_PIPELINE_OVERLAP_INTERFACE_CONTRACT.md,70,explicit,o_precision_mode,text_mismatch,## 4. 保留载荷
contracts/PPG_CONTRACT_CLOSURE_MATRIX.md,2911,ppg_system_integration/PPG_ADC_ROUTER_TO_PIPELINE_OVERLAP_INTERFACE_CONTRACT.md:70,ppg_system_integration/PPG_ADC_ROUTER_TO_PIPELINE_OVERLAP_INTERFACE_CONTRACT.md,70,explicit,o_frame_id,text_mismatch,## 4. 保留载荷
contracts/PPG_CONTRACT_CLOSURE_MATRIX.md,2912,ppg_system_integration/PPG_ADC_ROUTER_TO_PIPELINE_OVERLAP_INTERFACE_CONTRACT.md:70,ppg_system_integration/PPG_ADC_ROUTER_TO_PIPELINE_OVERLAP_INTERFACE_CONTRACT.md,70,explicit,o_sample_index,text_mismatch,## 4. 保留载荷
contracts/PPG_CONTRACT_CLOSURE_MATRIX.md,2913,ppg_system_integration/PPG_ADC_ROUTER_TO_PIPELINE_OVERLAP_INTERFACE_CONTRACT.md:70,ppg_system_integration/PPG_ADC_ROUTER_TO_PIPELINE_OVERLAP_INTERFACE_CONTRACT.md,70,explicit,o_color_ir,text_mismatch,## 4. 保留载荷
contracts/PPG_CONTRACT_CLOSURE_MATRIX.md,2914,ppg_system_integration/PPG_ADC_ROUTER_TO_PIPELINE_OVERLAP_INTERFACE_CONTRACT.md:70,ppg_system_integration/PPG_ADC_ROUTER_TO_PIPELINE_OVERLAP_INTERFACE_CONTRACT.md,70,explicit,o_frame_type,text_mismatch,## 4. 保留载荷
contracts/PPG_CONTRACT_CLOSURE_MATRIX.md,2915,ppg_system_integration/PPG_ADC_ROUTER_TO_PIPELINE_OVERLAP_INTERFACE_CONTRACT.md:70,ppg_system_integration/PPG_ADC_ROUTER_TO_PIPELINE_OVERLAP_INTERFACE_CONTRACT.md,70,explicit,o_amb_code_snapshot,text_mismatch,## 4. 保留载荷
contracts/PPG_CONTRACT_CLOSURE_MATRIX.md,2916,ppg_system_integration/PPG_ADC_ROUTER_TO_PIPELINE_OVERLAP_INTERFACE_CONTRACT.md:70,ppg_system_integration/PPG_ADC_ROUTER_TO_PIPELINE_OVERLAP_INTERFACE_CONTRACT.md,70,explicit,o_dc_code_snapshot,text_mismatch,## 4. 保留载荷
contracts/PPG_CONTRACT_CLOSURE_MATRIX.md,2917,ppg_system_integration/PPG_ADC_ROUTER_TO_PIPELINE_OVERLAP_INTERFACE_CONTRACT.md:70,ppg_system_integration/PPG_ADC_ROUTER_TO_PIPELINE_OVERLAP_INTERFACE_CONTRACT.md,70,explicit,o_amb_code_epoch,text_mismatch,## 4. 保留载荷
contracts/PPG_CONTRACT_CLOSURE_MATRIX.md,2918,ppg_system_integration/PPG_ADC_ROUTER_TO_PIPELINE_OVERLAP_INTERFACE_CONTRACT.md:70,ppg_system_integration/PPG_ADC_ROUTER_TO_PIPELINE_OVERLAP_INTERFACE_CONTRACT.md,70,explicit,o_dc_code_epoch,text_mismatch,## 4. 保留载荷
contracts/PPG_CONTRACT_CLOSURE_MATRIX.md,2919,ppg_system_integration/PPG_ADC_ROUTER_TO_PIPELINE_OVERLAP_INTERFACE_CONTRACT.md:83,ppg_system_integration/PPG_ADC_ROUTER_TO_PIPELINE_OVERLAP_INTERFACE_CONTRACT.md,83,explicit,o_run_generation,text_mismatch,### 4.1 Generation and lifecycle pass-through
contracts/PPG_CONTRACT_CLOSURE_MATRIX.md,2920,ppg_system_integration/PPG_ADC_ROUTER_TO_PIPELINE_OVERLAP_INTERFACE_CONTRACT.md:111,ppg_system_integration/PPG_ADC_ROUTER_TO_PIPELINE_OVERLAP_INTERFACE_CONTRACT.md,111,explicit,o_local_empty,text_mismatch,## 5. 缓存、反压与复位
contracts/PPG_CONTRACT_CLOSURE_MATRIX.md,2922,ppg_system_integration/PPG_ADC_PROGRAMMABLE_RECONSTRUCTOR_INTERFACE_CONTRACT.md:196,ppg_system_integration/PPG_ADC_PROGRAMMABLE_RECONSTRUCTOR_INTERFACE_CONTRACT.md,196,explicit,i_clk,text_mismatch,### 5.1 全局和配置输入
contracts/PPG_CONTRACT_CLOSURE_MATRIX.md,2923,ppg_system_integration/PPG_ADC_PROGRAMMABLE_RECONSTRUCTOR_INTERFACE_CONTRACT.md:196,ppg_system_integration/PPG_ADC_PROGRAMMABLE_RECONSTRUCTOR_INTERFACE_CONTRACT.md,196,explicit,i_rstn,text_mismatch,### 5.1 全局和配置输入
contracts/PPG_CONTRACT_CLOSURE_MATRIX.md,2924,ppg_system_integration/PPG_ADC_PROGRAMMABLE_RECONSTRUCTOR_INTERFACE_CONTRACT.md:196,ppg_system_integration/PPG_ADC_PROGRAMMABLE_RECONSTRUCTOR_INTERFACE_CONTRACT.md,196,explicit,i_active_valid,text_mismatch,### 5.1 全局和配置输入
contracts/PPG_CONTRACT_CLOSURE_MATRIX.md,2925,ppg_system_integration/PPG_ADC_PROGRAMMABLE_RECONSTRUCTOR_INTERFACE_CONTRACT.md:196,ppg_system_integration/PPG_ADC_PROGRAMMABLE_RECONSTRUCTOR_INTERFACE_CONTRACT.md,196,explicit,i_stage2_calibration_valid,text_mismatch,### 5.1 全局和配置输入
contracts/PPG_CONTRACT_CLOSURE_MATRIX.md,2926,ppg_system_integration/PPG_ADC_PROGRAMMABLE_RECONSTRUCTOR_INTERFACE_CONTRACT.md:196,ppg_system_integration/PPG_ADC_PROGRAMMABLE_RECONSTRUCTOR_INTERFACE_CONTRACT.md,196,explicit,i_stage2_gain_q16,text_mismatch,### 5.1 全局和配置输入
contracts/PPG_CONTRACT_CLOSURE_MATRIX.md,2927,ppg_system_integration/PPG_ADC_PROGRAMMABLE_RECONSTRUCTOR_INTERFACE_CONTRACT.md:196,ppg_system_integration/PPG_ADC_PROGRAMMABLE_RECONSTRUCTOR_INTERFACE_CONTRACT.md,196,explicit,i_stage2_offset_q16,text_mismatch,### 5.1 全局和配置输入
contracts/PPG_CONTRACT_CLOSURE_MATRIX.md,2928,ppg_system_integration/PPG_ADC_PROGRAMMABLE_RECONSTRUCTOR_INTERFACE_CONTRACT.md:196,ppg_system_integration/PPG_ADC_PROGRAMMABLE_RECONSTRUCTOR_INTERFACE_CONTRACT.md,196,explicit,i_stage2_coef_epoch,text_mismatch,### 5.1 全局和配置输入
contracts/PPG_CONTRACT_CLOSURE_MATRIX.md,2929,ppg_system_integration/PPG_ADC_PROGRAMMABLE_RECONSTRUCTOR_INTERFACE_CONTRACT.md:211,ppg_system_integration/PPG_ADC_PROGRAMMABLE_RECONSTRUCTOR_INTERFACE_CONTRACT.md,211,explicit,i_result_valid,text_mismatch,### 5.2 事务输入
contracts/PPG_CONTRACT_CLOSURE_MATRIX.md,2930,ppg_system_integration/PPG_ADC_PROGRAMMABLE_RECONSTRUCTOR_INTERFACE_CONTRACT.md:211,ppg_system_integration/PPG_ADC_PROGRAMMABLE_RECONSTRUCTOR_INTERFACE_CONTRACT.md,211,explicit,i_calibrated_s1_value,text_mismatch,### 5.2 事务输入
contracts/PPG_CONTRACT_CLOSURE_MATRIX.md,2931,ppg_system_integration/PPG_ADC_PROGRAMMABLE_RECONSTRUCTOR_INTERFACE_CONTRACT.md:211,ppg_system_integration/PPG_ADC_PROGRAMMABLE_RECONSTRUCTOR_INTERFACE_CONTRACT.md,211,explicit,i_calibration_applied,text_mismatch,### 5.2 事务输入
contracts/PPG_CONTRACT_CLOSURE_MATRIX.md,2932,ppg_system_integration/PPG_ADC_PROGRAMMABLE_RECONSTRUCTOR_INTERFACE_CONTRACT.md:211,ppg_system_integration/PPG_ADC_PROGRAMMABLE_RECONSTRUCTOR_INTERFACE_CONTRACT.md,211,explicit,i_saturation_low,text_mismatch,### 5.2 事务输入
contracts/PPG_CONTRACT_CLOSURE_MATRIX.md,2933,ppg_system_integration/PPG_ADC_PROGRAMMABLE_RECONSTRUCTOR_INTERFACE_CONTRACT.md:211,ppg_system_integration/PPG_ADC_PROGRAMMABLE_RECONSTRUCTOR_INTERFACE_CONTRACT.md,211,explicit,i_saturation_high,text_mismatch,### 5.2 事务输入
contracts/PPG_CONTRACT_CLOSURE_MATRIX.md,2934,ppg_system_integration/PPG_ADC_PROGRAMMABLE_RECONSTRUCTOR_INTERFACE_CONTRACT.md:211,ppg_system_integration/PPG_ADC_PROGRAMMABLE_RECONSTRUCTOR_INTERFACE_CONTRACT.md,211,explicit,i_config_epoch,text_mismatch,### 5.2 事务输入
contracts/PPG_CONTRACT_CLOSURE_MATRIX.md,2935,ppg_system_integration/PPG_ADC_PROGRAMMABLE_RECONSTRUCTOR_INTERFACE_CONTRACT.md:211,ppg_system_integration/PPG_ADC_PROGRAMMABLE_RECONSTRUCTOR_INTERFACE_CONTRACT.md,211,explicit,i_coef_epoch,text_mismatch,### 5.2 事务输入
contracts/PPG_CONTRACT_CLOSURE_MATRIX.md,2936,ppg_system_integration/PPG_ADC_PROGRAMMABLE_RECONSTRUCTOR_INTERFACE_CONTRACT.md:211,ppg_system_integration/PPG_ADC_PROGRAMMABLE_RECONSTRUCTOR_INTERFACE_CONTRACT.md,211,explicit,i_detect_code,text_mismatch,### 5.2 事务输入
contracts/PPG_CONTRACT_CLOSURE_MATRIX.md,2937,ppg_system_integration/PPG_ADC_PROGRAMMABLE_RECONSTRUCTOR_INTERFACE_CONTRACT.md:211,ppg_system_integration/PPG_ADC_PROGRAMMABLE_RECONSTRUCTOR_INTERFACE_CONTRACT.md,211,explicit,i_stage1_raw,text_mismatch,### 5.2 事务输入
contracts/PPG_CONTRACT_CLOSURE_MATRIX.md,2938,ppg_system_integration/PPG_ADC_PROGRAMMABLE_RECONSTRUCTOR_INTERFACE_CONTRACT.md:211,ppg_system_integration/PPG_ADC_PROGRAMMABLE_RECONSTRUCTOR_INTERFACE_CONTRACT.md,211,explicit,i_stage1_code_ext,text_mismatch,### 5.2 事务输入
contracts/PPG_CONTRACT_CLOSURE_MATRIX.md,2939,ppg_system_integration/PPG_ADC_PROGRAMMABLE_RECONSTRUCTOR_INTERFACE_CONTRACT.md:211,ppg_system_integration/PPG_ADC_PROGRAMMABLE_RECONSTRUCTOR_INTERFACE_CONTRACT.md,211,explicit,i_stage2_raw,text_mismatch,### 5.2 事务输入
contracts/PPG_CONTRACT_CLOSURE_MATRIX.md,2940,ppg_system_integration/PPG_ADC_PROGRAMMABLE_RECONSTRUCTOR_INTERFACE_CONTRACT.md:211,ppg_system_integration/PPG_ADC_PROGRAMMABLE_RECONSTRUCTOR_INTERFACE_CONTRACT.md,211,explicit,i_stage2_code_ext,text_mismatch,### 5.2 事务输入
contracts/PPG_CONTRACT_CLOSURE_MATRIX.md,2941,ppg_system_integration/PPG_ADC_PROGRAMMABLE_RECONSTRUCTOR_INTERFACE_CONTRACT.md:211,ppg_system_integration/PPG_ADC_PROGRAMMABLE_RECONSTRUCTOR_INTERFACE_CONTRACT.md,211,explicit,i_nominal_15_code,text_mismatch,### 5.2 事务输入
contracts/PPG_CONTRACT_CLOSURE_MATRIX.md,2942,ppg_system_integration/PPG_ADC_PROGRAMMABLE_RECONSTRUCTOR_INTERFACE_CONTRACT.md:211,ppg_system_integration/PPG_ADC_PROGRAMMABLE_RECONSTRUCTOR_INTERFACE_CONTRACT.md,211,explicit,i_nominal_15_valid,text_mismatch,### 5.2 事务输入
contracts/PPG_CONTRACT_CLOSURE_MATRIX.md,2943,ppg_system_integration/PPG_ADC_PROGRAMMABLE_RECONSTRUCTOR_INTERFACE_CONTRACT.md:211,ppg_system_integration/PPG_ADC_PROGRAMMABLE_RECONSTRUCTOR_INTERFACE_CONTRACT.md,211,explicit,i_nominal_saturated,text_mismatch,### 5.2 事务输入
contracts/PPG_CONTRACT_CLOSURE_MATRIX.md,2944,ppg_system_integration/PPG_ADC_PROGRAMMABLE_RECONSTRUCTOR_INTERFACE_CONTRACT.md:211,ppg_system_integration/PPG_ADC_PROGRAMMABLE_RECONSTRUCTOR_INTERFACE_CONTRACT.md,211,explicit,i_precision_mode,text_mismatch,### 5.2 事务输入
contracts/PPG_CONTRACT_CLOSURE_MATRIX.md,2945,ppg_system_integration/PPG_ADC_PROGRAMMABLE_RECONSTRUCTOR_INTERFACE_CONTRACT.md:211,ppg_system_integration/PPG_ADC_PROGRAMMABLE_RECONSTRUCTOR_INTERFACE_CONTRACT.md,211,explicit,i_frame_id,text_mismatch,### 5.2 事务输入
contracts/PPG_CONTRACT_CLOSURE_MATRIX.md,2946,ppg_system_integration/PPG_ADC_PROGRAMMABLE_RECONSTRUCTOR_INTERFACE_CONTRACT.md:211,ppg_system_integration/PPG_ADC_PROGRAMMABLE_RECONSTRUCTOR_INTERFACE_CONTRACT.md,211,explicit,i_sample_index,text_mismatch,### 5.2 事务输入
contracts/PPG_CONTRACT_CLOSURE_MATRIX.md,2947,ppg_system_integration/PPG_ADC_PROGRAMMABLE_RECONSTRUCTOR_INTERFACE_CONTRACT.md:211,ppg_system_integration/PPG_ADC_PROGRAMMABLE_RECONSTRUCTOR_INTERFACE_CONTRACT.md,211,explicit,i_color_ir,text_mismatch,### 5.2 事务输入
contracts/PPG_CONTRACT_CLOSURE_MATRIX.md,2948,ppg_system_integration/PPG_ADC_PROGRAMMABLE_RECONSTRUCTOR_INTERFACE_CONTRACT.md:211,ppg_system_integration/PPG_ADC_PROGRAMMABLE_RECONSTRUCTOR_INTERFACE_CONTRACT.md,211,explicit,i_frame_type,text_mismatch,### 5.2 事务输入
contracts/PPG_CONTRACT_CLOSURE_MATRIX.md,2949,ppg_system_integration/PPG_ADC_PROGRAMMABLE_RECONSTRUCTOR_INTERFACE_CONTRACT.md:211,ppg_system_integration/PPG_ADC_PROGRAMMABLE_RECONSTRUCTOR_INTERFACE_CONTRACT.md,211,explicit,i_amb_code_snapshot,text_mismatch,### 5.2 事务输入
contracts/PPG_CONTRACT_CLOSURE_MATRIX.md,2950,ppg_system_integration/PPG_ADC_PROGRAMMABLE_RECONSTRUCTOR_INTERFACE_CONTRACT.md:211,ppg_system_integration/PPG_ADC_PROGRAMMABLE_RECONSTRUCTOR_INTERFACE_CONTRACT.md,211,explicit,i_dc_code_snapshot,text_mismatch,### 5.2 事务输入
contracts/PPG_CONTRACT_CLOSURE_MATRIX.md,2951,ppg_system_integration/PPG_ADC_PROGRAMMABLE_RECONSTRUCTOR_INTERFACE_CONTRACT.md:211,ppg_system_integration/PPG_ADC_PROGRAMMABLE_RECONSTRUCTOR_INTERFACE_CONTRACT.md,211,explicit,i_amb_code_epoch,text_mismatch,### 5.2 事务输入
contracts/PPG_CONTRACT_CLOSURE_MATRIX.md,2952,ppg_system_integration/PPG_ADC_PROGRAMMABLE_RECONSTRUCTOR_INTERFACE_CONTRACT.md:211,ppg_system_integration/PPG_ADC_PROGRAMMABLE_RECONSTRUCTOR_INTERFACE_CONTRACT.md,211,explicit,i_dc_code_epoch,text_mismatch,### 5.2 事务输入
contracts/PPG_CONTRACT_CLOSURE_MATRIX.md,2953,ppg_system_integration/PPG_ADC_PROGRAMMABLE_RECONSTRUCTOR_INTERFACE_CONTRACT.md:211,ppg_system_integration/PPG_ADC_PROGRAMMABLE_RECONSTRUCTOR_INTERFACE_CONTRACT.md,211,explicit,o_result_ready,text_mismatch,### 5.2 事务输入
contracts/PPG_CONTRACT_CLOSURE_MATRIX.md,2954,ppg_system_integration/PPG_ADC_PROGRAMMABLE_RECONSTRUCTOR_INTERFACE_CONTRACT.md:243,ppg_system_integration/PPG_ADC_PROGRAMMABLE_RECONSTRUCTOR_INTERFACE_CONTRACT.md,243,explicit,i_result_ready,text_mismatch,### 5.3 事务输出
contracts/PPG_CONTRACT_CLOSURE_MATRIX.md,2955,ppg_system_integration/PPG_ADC_PROGRAMMABLE_RECONSTRUCTOR_INTERFACE_CONTRACT.md:243,ppg_system_integration/PPG_ADC_PROGRAMMABLE_RECONSTRUCTOR_INTERFACE_CONTRACT.md,243,explicit,o_result_valid,text_mismatch,### 5.3 事务输出
contracts/PPG_CONTRACT_CLOSURE_MATRIX.md,2956,ppg_system_integration/PPG_ADC_PROGRAMMABLE_RECONSTRUCTOR_INTERFACE_CONTRACT.md:243,ppg_system_integration/PPG_ADC_PROGRAMMABLE_RECONSTRUCTOR_INTERFACE_CONTRACT.md,243,explicit,o_programmable_15_code,text_mismatch,### 5.3 事务输出
contracts/PPG_CONTRACT_CLOSURE_MATRIX.md,2957,ppg_system_integration/PPG_ADC_PROGRAMMABLE_RECONSTRUCTOR_INTERFACE_CONTRACT.md:243,ppg_system_integration/PPG_ADC_PROGRAMMABLE_RECONSTRUCTOR_INTERFACE_CONTRACT.md,243,explicit,o_programmable_15_valid,text_mismatch,### 5.3 事务输出
contracts/PPG_CONTRACT_CLOSURE_MATRIX.md,2958,ppg_system_integration/PPG_ADC_PROGRAMMABLE_RECONSTRUCTOR_INTERFACE_CONTRACT.md:243,ppg_system_integration/PPG_ADC_PROGRAMMABLE_RECONSTRUCTOR_INTERFACE_CONTRACT.md,243,explicit,o_programmable_15_calibration_applied,text_mismatch,### 5.3 事务输出
contracts/PPG_CONTRACT_CLOSURE_MATRIX.md,2959,ppg_system_integration/PPG_ADC_PROGRAMMABLE_RECONSTRUCTOR_INTERFACE_CONTRACT.md:243,ppg_system_integration/PPG_ADC_PROGRAMMABLE_RECONSTRUCTOR_INTERFACE_CONTRACT.md,243,explicit,o_programmable_saturation_low,text_mismatch,### 5.3 事务输出
contracts/PPG_CONTRACT_CLOSURE_MATRIX.md,2960,ppg_system_integration/PPG_ADC_PROGRAMMABLE_RECONSTRUCTOR_INTERFACE_CONTRACT.md:243,ppg_system_integration/PPG_ADC_PROGRAMMABLE_RECONSTRUCTOR_INTERFACE_CONTRACT.md,243,explicit,o_programmable_saturation_high,text_mismatch,### 5.3 事务输出
contracts/PPG_CONTRACT_CLOSURE_MATRIX.md,2961,ppg_system_integration/PPG_ADC_PROGRAMMABLE_RECONSTRUCTOR_INTERFACE_CONTRACT.md:243,ppg_system_integration/PPG_ADC_PROGRAMMABLE_RECONSTRUCTOR_INTERFACE_CONTRACT.md,243,explicit,o_stage2_coef_epoch,text_mismatch,### 5.3 事务输出
contracts/PPG_CONTRACT_CLOSURE_MATRIX.md,2962,ppg_system_integration/PPG_ADC_PROGRAMMABLE_RECONSTRUCTOR_INTERFACE_CONTRACT.md:243,ppg_system_integration/PPG_ADC_PROGRAMMABLE_RECONSTRUCTOR_INTERFACE_CONTRACT.md,243,explicit,o_calibrated_s1_value,text_mismatch,### 5.3 事务输出
contracts/PPG_CONTRACT_CLOSURE_MATRIX.md,2963,ppg_system_integration/PPG_ADC_PROGRAMMABLE_RECONSTRUCTOR_INTERFACE_CONTRACT.md:243,ppg_system_integration/PPG_ADC_PROGRAMMABLE_RECONSTRUCTOR_INTERFACE_CONTRACT.md,243,explicit,o_calibration_applied,text_mismatch,### 5.3 事务输出
contracts/PPG_CONTRACT_CLOSURE_MATRIX.md,2964,ppg_system_integration/PPG_ADC_PROGRAMMABLE_RECONSTRUCTOR_INTERFACE_CONTRACT.md:243,ppg_system_integration/PPG_ADC_PROGRAMMABLE_RECONSTRUCTOR_INTERFACE_CONTRACT.md,243,explicit,o_stage1_saturation_low,text_mismatch,### 5.3 事务输出
contracts/PPG_CONTRACT_CLOSURE_MATRIX.md,2965,ppg_system_integration/PPG_ADC_PROGRAMMABLE_RECONSTRUCTOR_INTERFACE_CONTRACT.md:243,ppg_system_integration/PPG_ADC_PROGRAMMABLE_RECONSTRUCTOR_INTERFACE_CONTRACT.md,243,explicit,o_stage1_saturation_high,text_mismatch,### 5.3 事务输出
contracts/PPG_CONTRACT_CLOSURE_MATRIX.md,2966,ppg_system_integration/PPG_ADC_PROGRAMMABLE_RECONSTRUCTOR_INTERFACE_CONTRACT.md:243,ppg_system_integration/PPG_ADC_PROGRAMMABLE_RECONSTRUCTOR_INTERFACE_CONTRACT.md,243,explicit,o_config_epoch,text_mismatch,### 5.3 事务输出
contracts/PPG_CONTRACT_CLOSURE_MATRIX.md,2967,ppg_system_integration/PPG_ADC_PROGRAMMABLE_RECONSTRUCTOR_INTERFACE_CONTRACT.md:243,ppg_system_integration/PPG_ADC_PROGRAMMABLE_RECONSTRUCTOR_INTERFACE_CONTRACT.md,243,explicit,o_coef_epoch,text_mismatch,### 5.3 事务输出
contracts/PPG_CONTRACT_CLOSURE_MATRIX.md,2968,ppg_system_integration/PPG_ADC_PROGRAMMABLE_RECONSTRUCTOR_INTERFACE_CONTRACT.md:243,ppg_system_integration/PPG_ADC_PROGRAMMABLE_RECONSTRUCTOR_INTERFACE_CONTRACT.md,243,explicit,o_detect_code,text_mismatch,### 5.3 事务输出
contracts/PPG_CONTRACT_CLOSURE_MATRIX.md,2969,ppg_system_integration/PPG_ADC_PROGRAMMABLE_RECONSTRUCTOR_INTERFACE_CONTRACT.md:243,ppg_system_integration/PPG_ADC_PROGRAMMABLE_RECONSTRUCTOR_INTERFACE_CONTRACT.md,243,explicit,o_stage1_raw,text_mismatch,### 5.3 事务输出
contracts/PPG_CONTRACT_CLOSURE_MATRIX.md,2970,ppg_system_integration/PPG_ADC_PROGRAMMABLE_RECONSTRUCTOR_INTERFACE_CONTRACT.md:243,ppg_system_integration/PPG_ADC_PROGRAMMABLE_RECONSTRUCTOR_INTERFACE_CONTRACT.md,243,explicit,o_stage1_code_ext,text_mismatch,### 5.3 事务输出
contracts/PPG_CONTRACT_CLOSURE_MATRIX.md,2971,ppg_system_integration/PPG_ADC_PROGRAMMABLE_RECONSTRUCTOR_INTERFACE_CONTRACT.md:243,ppg_system_integration/PPG_ADC_PROGRAMMABLE_RECONSTRUCTOR_INTERFACE_CONTRACT.md,243,explicit,o_stage2_raw,text_mismatch,### 5.3 事务输出
contracts/PPG_CONTRACT_CLOSURE_MATRIX.md,2972,ppg_system_integration/PPG_ADC_PROGRAMMABLE_RECONSTRUCTOR_INTERFACE_CONTRACT.md:243,ppg_system_integration/PPG_ADC_PROGRAMMABLE_RECONSTRUCTOR_INTERFACE_CONTRACT.md,243,explicit,o_stage2_code_ext,text_mismatch,### 5.3 事务输出
contracts/PPG_CONTRACT_CLOSURE_MATRIX.md,2973,ppg_system_integration/PPG_ADC_PROGRAMMABLE_RECONSTRUCTOR_INTERFACE_CONTRACT.md:243,ppg_system_integration/PPG_ADC_PROGRAMMABLE_RECONSTRUCTOR_INTERFACE_CONTRACT.md,243,explicit,o_nominal_15_code,text_mismatch,### 5.3 事务输出
contracts/PPG_CONTRACT_CLOSURE_MATRIX.md,2974,ppg_system_integration/PPG_ADC_PROGRAMMABLE_RECONSTRUCTOR_INTERFACE_CONTRACT.md:243,ppg_system_integration/PPG_ADC_PROGRAMMABLE_RECONSTRUCTOR_INTERFACE_CONTRACT.md,243,explicit,o_nominal_15_valid,text_mismatch,### 5.3 事务输出
contracts/PPG_CONTRACT_CLOSURE_MATRIX.md,2975,ppg_system_integration/PPG_ADC_PROGRAMMABLE_RECONSTRUCTOR_INTERFACE_CONTRACT.md:243,ppg_system_integration/PPG_ADC_PROGRAMMABLE_RECONSTRUCTOR_INTERFACE_CONTRACT.md,243,explicit,o_nominal_saturated,text_mismatch,### 5.3 事务输出
contracts/PPG_CONTRACT_CLOSURE_MATRIX.md,2976,ppg_system_integration/PPG_ADC_PROGRAMMABLE_RECONSTRUCTOR_INTERFACE_CONTRACT.md:243,ppg_system_integration/PPG_ADC_PROGRAMMABLE_RECONSTRUCTOR_INTERFACE_CONTRACT.md,243,explicit,o_precision_mode,text_mismatch,### 5.3 事务输出
contracts/PPG_CONTRACT_CLOSURE_MATRIX.md,2977,ppg_system_integration/PPG_ADC_PROGRAMMABLE_RECONSTRUCTOR_INTERFACE_CONTRACT.md:243,ppg_system_integration/PPG_ADC_PROGRAMMABLE_RECONSTRUCTOR_INTERFACE_CONTRACT.md,243,explicit,o_frame_id,text_mismatch,### 5.3 事务输出
contracts/PPG_CONTRACT_CLOSURE_MATRIX.md,2978,ppg_system_integration/PPG_ADC_PROGRAMMABLE_RECONSTRUCTOR_INTERFACE_CONTRACT.md:243,ppg_system_integration/PPG_ADC_PROGRAMMABLE_RECONSTRUCTOR_INTERFACE_CONTRACT.md,243,explicit,o_sample_index,text_mismatch,### 5.3 事务输出
contracts/PPG_CONTRACT_CLOSURE_MATRIX.md,2979,ppg_system_integration/PPG_ADC_PROGRAMMABLE_RECONSTRUCTOR_INTERFACE_CONTRACT.md:243,ppg_system_integration/PPG_ADC_PROGRAMMABLE_RECONSTRUCTOR_INTERFACE_CONTRACT.md,243,explicit,o_color_ir,text_mismatch,### 5.3 事务输出
contracts/PPG_CONTRACT_CLOSURE_MATRIX.md,2980,ppg_system_integration/PPG_ADC_PROGRAMMABLE_RECONSTRUCTOR_INTERFACE_CONTRACT.md:243,ppg_system_integration/PPG_ADC_PROGRAMMABLE_RECONSTRUCTOR_INTERFACE_CONTRACT.md,243,explicit,o_frame_type,text_mismatch,### 5.3 事务输出
contracts/PPG_CONTRACT_CLOSURE_MATRIX.md,2981,ppg_system_integration/PPG_ADC_PROGRAMMABLE_RECONSTRUCTOR_INTERFACE_CONTRACT.md:243,ppg_system_integration/PPG_ADC_PROGRAMMABLE_RECONSTRUCTOR_INTERFACE_CONTRACT.md,243,explicit,o_amb_code_snapshot,text_mismatch,### 5.3 事务输出
contracts/PPG_CONTRACT_CLOSURE_MATRIX.md,2982,ppg_system_integration/PPG_ADC_PROGRAMMABLE_RECONSTRUCTOR_INTERFACE_CONTRACT.md:243,ppg_system_integration/PPG_ADC_PROGRAMMABLE_RECONSTRUCTOR_INTERFACE_CONTRACT.md,243,explicit,o_dc_code_snapshot,text_mismatch,### 5.3 事务输出
contracts/PPG_CONTRACT_CLOSURE_MATRIX.md,2983,ppg_system_integration/PPG_ADC_PROGRAMMABLE_RECONSTRUCTOR_INTERFACE_CONTRACT.md:243,ppg_system_integration/PPG_ADC_PROGRAMMABLE_RECONSTRUCTOR_INTERFACE_CONTRACT.md,243,explicit,o_amb_code_epoch,text_mismatch,### 5.3 事务输出
contracts/PPG_CONTRACT_CLOSURE_MATRIX.md,2984,ppg_system_integration/PPG_ADC_PROGRAMMABLE_RECONSTRUCTOR_INTERFACE_CONTRACT.md:243,ppg_system_integration/PPG_ADC_PROGRAMMABLE_RECONSTRUCTOR_INTERFACE_CONTRACT.md,243,explicit,o_dc_code_epoch,text_mismatch,### 5.3 事务输出
contracts/PPG_CONTRACT_CLOSURE_MATRIX.md,2986,ppg_system_integration/PPG_ADC_DC_RECOVERY_INTERFACE_CONTRACT.md:384,ppg_system_integration/PPG_ADC_DC_RECOVERY_INTERFACE_CONTRACT.md,384,explicit,i_clk,text_mismatch,### 11.1 全局和配置输入
contracts/PPG_CONTRACT_CLOSURE_MATRIX.md,2987,ppg_system_integration/PPG_ADC_DC_RECOVERY_INTERFACE_CONTRACT.md:384,ppg_system_integration/PPG_ADC_DC_RECOVERY_INTERFACE_CONTRACT.md,384,explicit,i_rstn,text_mismatch,### 11.1 全局和配置输入
contracts/PPG_CONTRACT_CLOSURE_MATRIX.md,2988,ppg_system_integration/PPG_ADC_DC_RECOVERY_INTERFACE_CONTRACT.md:384,ppg_system_integration/PPG_ADC_DC_RECOVERY_INTERFACE_CONTRACT.md,384,explicit,i_active_valid,text_mismatch,### 11.1 全局和配置输入
contracts/PPG_CONTRACT_CLOSURE_MATRIX.md,2989,ppg_system_integration/PPG_ADC_DC_RECOVERY_INTERFACE_CONTRACT.md:384,ppg_system_integration/PPG_ADC_DC_RECOVERY_INTERFACE_CONTRACT.md,384,explicit,i_dc9_recovery_valid,text_mismatch,### 11.1 全局和配置输入
contracts/PPG_CONTRACT_CLOSURE_MATRIX.md,2990,ppg_system_integration/PPG_ADC_DC_RECOVERY_INTERFACE_CONTRACT.md:384,ppg_system_integration/PPG_ADC_DC_RECOVERY_INTERFACE_CONTRACT.md,384,explicit,i_dc15_recovery_valid,text_mismatch,### 11.1 全局和配置输入
contracts/PPG_CONTRACT_CLOSURE_MATRIX.md,2991,ppg_system_integration/PPG_ADC_DC_RECOVERY_INTERFACE_CONTRACT.md:384,ppg_system_integration/PPG_ADC_DC_RECOVERY_INTERFACE_CONTRACT.md,384,explicit,i_dc9_recovery_gain_q16,text_mismatch,### 11.1 全局和配置输入
contracts/PPG_CONTRACT_CLOSURE_MATRIX.md,2992,ppg_system_integration/PPG_ADC_DC_RECOVERY_INTERFACE_CONTRACT.md:384,ppg_system_integration/PPG_ADC_DC_RECOVERY_INTERFACE_CONTRACT.md,384,explicit,i_dc15_recovery_gain_q16,text_mismatch,### 11.1 全局和配置输入
contracts/PPG_CONTRACT_CLOSURE_MATRIX.md,2993,ppg_system_integration/PPG_ADC_DC_RECOVERY_INTERFACE_CONTRACT.md:384,ppg_system_integration/PPG_ADC_DC_RECOVERY_INTERFACE_CONTRACT.md,384,explicit,i_dc_recovery_coef_epoch,text_mismatch,### 11.1 全局和配置输入
contracts/PPG_CONTRACT_CLOSURE_MATRIX.md,2994,ppg_system_integration/PPG_ADC_DC_RECOVERY_INTERFACE_CONTRACT.md:400,ppg_system_integration/PPG_ADC_DC_RECOVERY_INTERFACE_CONTRACT.md,400,explicit,i_result_valid,text_mismatch,### 11.2 上游事务输入
contracts/PPG_CONTRACT_CLOSURE_MATRIX.md,2995,ppg_system_integration/PPG_ADC_DC_RECOVERY_INTERFACE_CONTRACT.md:400,ppg_system_integration/PPG_ADC_DC_RECOVERY_INTERFACE_CONTRACT.md,400,explicit,o_result_ready,text_mismatch,### 11.2 上游事务输入
contracts/PPG_CONTRACT_CLOSURE_MATRIX.md,2996,ppg_system_integration/PPG_ADC_DC_RECOVERY_INTERFACE_CONTRACT.md:400,ppg_system_integration/PPG_ADC_DC_RECOVERY_INTERFACE_CONTRACT.md,400,explicit,i_result_ready,text_mismatch,### 11.2 上游事务输入
contracts/PPG_CONTRACT_CLOSURE_MATRIX.md,2997,ppg_system_integration/PPG_ADC_DC_RECOVERY_INTERFACE_CONTRACT.md:400,ppg_system_integration/PPG_ADC_DC_RECOVERY_INTERFACE_CONTRACT.md,400,explicit,i_calibrated_s1_value,text_mismatch,### 11.2 上游事务输入
contracts/PPG_CONTRACT_CLOSURE_MATRIX.md,2998,ppg_system_integration/PPG_ADC_DC_RECOVERY_INTERFACE_CONTRACT.md:400,ppg_system_integration/PPG_ADC_DC_RECOVERY_INTERFACE_CONTRACT.md,400,explicit,i_calibration_applied,text_mismatch,### 11.2 上游事务输入
contracts/PPG_CONTRACT_CLOSURE_MATRIX.md,2999,ppg_system_integration/PPG_ADC_DC_RECOVERY_INTERFACE_CONTRACT.md:400,ppg_system_integration/PPG_ADC_DC_RECOVERY_INTERFACE_CONTRACT.md,400,explicit,i_stage1_saturation_low,text_mismatch,### 11.2 上游事务输入
contracts/PPG_CONTRACT_CLOSURE_MATRIX.md,3000,ppg_system_integration/PPG_ADC_DC_RECOVERY_INTERFACE_CONTRACT.md:400,ppg_system_integration/PPG_ADC_DC_RECOVERY_INTERFACE_CONTRACT.md,400,explicit,i_stage1_saturation_high,text_mismatch,### 11.2 上游事务输入
contracts/PPG_CONTRACT_CLOSURE_MATRIX.md,3001,ppg_system_integration/PPG_ADC_DC_RECOVERY_INTERFACE_CONTRACT.md:400,ppg_system_integration/PPG_ADC_DC_RECOVERY_INTERFACE_CONTRACT.md,400,explicit,i_programmable_15_code,text_mismatch,### 11.2 上游事务输入
contracts/PPG_CONTRACT_CLOSURE_MATRIX.md,3002,ppg_system_integration/PPG_ADC_DC_RECOVERY_INTERFACE_CONTRACT.md:400,ppg_system_integration/PPG_ADC_DC_RECOVERY_INTERFACE_CONTRACT.md,400,explicit,i_programmable_15_valid,text_mismatch,### 11.2 上游事务输入
contracts/PPG_CONTRACT_CLOSURE_MATRIX.md,3003,ppg_system_integration/PPG_ADC_DC_RECOVERY_INTERFACE_CONTRACT.md:400,ppg_system_integration/PPG_ADC_DC_RECOVERY_INTERFACE_CONTRACT.md,400,explicit,i_programmable_15_calibration_applied,text_mismatch,### 11.2 上游事务输入
contracts/PPG_CONTRACT_CLOSURE_MATRIX.md,3004,ppg_system_integration/PPG_ADC_DC_RECOVERY_INTERFACE_CONTRACT.md:400,ppg_system_integration/PPG_ADC_DC_RECOVERY_INTERFACE_CONTRACT.md,400,explicit,i_programmable_saturation_low,text_mismatch,### 11.2 上游事务输入
contracts/PPG_CONTRACT_CLOSURE_MATRIX.md,3005,ppg_system_integration/PPG_ADC_DC_RECOVERY_INTERFACE_CONTRACT.md:400,ppg_system_integration/PPG_ADC_DC_RECOVERY_INTERFACE_CONTRACT.md,400,explicit,i_programmable_saturation_high,text_mismatch,### 11.2 上游事务输入
contracts/PPG_CONTRACT_CLOSURE_MATRIX.md,3006,ppg_system_integration/PPG_ADC_DC_RECOVERY_INTERFACE_CONTRACT.md:423,ppg_system_integration/PPG_ADC_DC_RECOVERY_INTERFACE_CONTRACT.md,423,explicit,i_config_epoch,text_mismatch,### 11.3 事务元数据和诊断透传
contracts/PPG_CONTRACT_CLOSURE_MATRIX.md,3007,ppg_system_integration/PPG_ADC_DC_RECOVERY_INTERFACE_CONTRACT.md:423,ppg_system_integration/PPG_ADC_DC_RECOVERY_INTERFACE_CONTRACT.md,423,explicit,i_coef_epoch,text_mismatch,### 11.3 事务元数据和诊断透传
contracts/PPG_CONTRACT_CLOSURE_MATRIX.md,3008,ppg_system_integration/PPG_ADC_DC_RECOVERY_INTERFACE_CONTRACT.md:423,ppg_system_integration/PPG_ADC_DC_RECOVERY_INTERFACE_CONTRACT.md,423,explicit,i_stage2_coef_epoch,text_mismatch,### 11.3 事务元数据和诊断透传
contracts/PPG_CONTRACT_CLOSURE_MATRIX.md,3009,ppg_system_integration/PPG_ADC_DC_RECOVERY_INTERFACE_CONTRACT.md:423,ppg_system_integration/PPG_ADC_DC_RECOVERY_INTERFACE_CONTRACT.md,423,explicit,i_precision_mode,text_mismatch,### 11.3 事务元数据和诊断透传
contracts/PPG_CONTRACT_CLOSURE_MATRIX.md,3010,ppg_system_integration/PPG_ADC_DC_RECOVERY_INTERFACE_CONTRACT.md:423,ppg_system_integration/PPG_ADC_DC_RECOVERY_INTERFACE_CONTRACT.md,423,explicit,i_frame_id,text_mismatch,### 11.3 事务元数据和诊断透传
contracts/PPG_CONTRACT_CLOSURE_MATRIX.md,3011,ppg_system_integration/PPG_ADC_DC_RECOVERY_INTERFACE_CONTRACT.md:423,ppg_system_integration/PPG_ADC_DC_RECOVERY_INTERFACE_CONTRACT.md,423,explicit,i_sample_index,text_mismatch,### 11.3 事务元数据和诊断透传
contracts/PPG_CONTRACT_CLOSURE_MATRIX.md,3012,ppg_system_integration/PPG_ADC_DC_RECOVERY_INTERFACE_CONTRACT.md:423,ppg_system_integration/PPG_ADC_DC_RECOVERY_INTERFACE_CONTRACT.md,423,explicit,i_color_ir,text_mismatch,### 11.3 事务元数据和诊断透传
contracts/PPG_CONTRACT_CLOSURE_MATRIX.md,3013,ppg_system_integration/PPG_ADC_DC_RECOVERY_INTERFACE_CONTRACT.md:423,ppg_system_integration/PPG_ADC_DC_RECOVERY_INTERFACE_CONTRACT.md,423,explicit,i_frame_type,text_mismatch,### 11.3 事务元数据和诊断透传
contracts/PPG_CONTRACT_CLOSURE_MATRIX.md,3014,ppg_system_integration/PPG_ADC_DC_RECOVERY_INTERFACE_CONTRACT.md:423,ppg_system_integration/PPG_ADC_DC_RECOVERY_INTERFACE_CONTRACT.md,423,explicit,i_amb_code_snapshot,text_mismatch,### 11.3 事务元数据和诊断透传
contracts/PPG_CONTRACT_CLOSURE_MATRIX.md,3015,ppg_system_integration/PPG_ADC_DC_RECOVERY_INTERFACE_CONTRACT.md:423,ppg_system_integration/PPG_ADC_DC_RECOVERY_INTERFACE_CONTRACT.md,423,explicit,i_dc_code_snapshot,text_mismatch,### 11.3 事务元数据和诊断透传
contracts/PPG_CONTRACT_CLOSURE_MATRIX.md,3016,ppg_system_integration/PPG_ADC_DC_RECOVERY_INTERFACE_CONTRACT.md:423,ppg_system_integration/PPG_ADC_DC_RECOVERY_INTERFACE_CONTRACT.md,423,explicit,i_amb_code_epoch,text_mismatch,### 11.3 事务元数据和诊断透传
contracts/PPG_CONTRACT_CLOSURE_MATRIX.md,3017,ppg_system_integration/PPG_ADC_DC_RECOVERY_INTERFACE_CONTRACT.md:423,ppg_system_integration/PPG_ADC_DC_RECOVERY_INTERFACE_CONTRACT.md,423,explicit,i_dc_code_epoch,text_mismatch,### 11.3 事务元数据和诊断透传
contracts/PPG_CONTRACT_CLOSURE_MATRIX.md,3018,ppg_system_integration/PPG_ADC_DC_RECOVERY_INTERFACE_CONTRACT.md:423,ppg_system_integration/PPG_ADC_DC_RECOVERY_INTERFACE_CONTRACT.md,423,explicit,i_detect_code,text_mismatch,### 11.3 事务元数据和诊断透传
contracts/PPG_CONTRACT_CLOSURE_MATRIX.md,3019,ppg_system_integration/PPG_ADC_DC_RECOVERY_INTERFACE_CONTRACT.md:423,ppg_system_integration/PPG_ADC_DC_RECOVERY_INTERFACE_CONTRACT.md,423,explicit,i_stage1_raw,text_mismatch,### 11.3 事务元数据和诊断透传
contracts/PPG_CONTRACT_CLOSURE_MATRIX.md,3020,ppg_system_integration/PPG_ADC_DC_RECOVERY_INTERFACE_CONTRACT.md:423,ppg_system_integration/PPG_ADC_DC_RECOVERY_INTERFACE_CONTRACT.md,423,explicit,i_stage1_code_ext,text_mismatch,### 11.3 事务元数据和诊断透传
contracts/PPG_CONTRACT_CLOSURE_MATRIX.md,3021,ppg_system_integration/PPG_ADC_DC_RECOVERY_INTERFACE_CONTRACT.md:423,ppg_system_integration/PPG_ADC_DC_RECOVERY_INTERFACE_CONTRACT.md,423,explicit,i_stage2_raw,text_mismatch,### 11.3 事务元数据和诊断透传
contracts/PPG_CONTRACT_CLOSURE_MATRIX.md,3022,ppg_system_integration/PPG_ADC_DC_RECOVERY_INTERFACE_CONTRACT.md:423,ppg_system_integration/PPG_ADC_DC_RECOVERY_INTERFACE_CONTRACT.md,423,explicit,i_stage2_code_ext,text_mismatch,### 11.3 事务元数据和诊断透传
contracts/PPG_CONTRACT_CLOSURE_MATRIX.md,3023,ppg_system_integration/PPG_ADC_DC_RECOVERY_INTERFACE_CONTRACT.md:423,ppg_system_integration/PPG_ADC_DC_RECOVERY_INTERFACE_CONTRACT.md,423,explicit,i_nominal_15_code,text_mismatch,### 11.3 事务元数据和诊断透传
contracts/PPG_CONTRACT_CLOSURE_MATRIX.md,3024,ppg_system_integration/PPG_ADC_DC_RECOVERY_INTERFACE_CONTRACT.md:423,ppg_system_integration/PPG_ADC_DC_RECOVERY_INTERFACE_CONTRACT.md,423,explicit,i_nominal_15_valid,text_mismatch,### 11.3 事务元数据和诊断透传
contracts/PPG_CONTRACT_CLOSURE_MATRIX.md,3025,ppg_system_integration/PPG_ADC_DC_RECOVERY_INTERFACE_CONTRACT.md:423,ppg_system_integration/PPG_ADC_DC_RECOVERY_INTERFACE_CONTRACT.md,423,explicit,i_nominal_saturated,text_mismatch,### 11.3 事务元数据和诊断透传
contracts/PPG_CONTRACT_CLOSURE_MATRIX.md,3026,ppg_system_integration/PPG_ADC_DC_RECOVERY_INTERFACE_CONTRACT.md:461,ppg_system_integration/PPG_ADC_DC_RECOVERY_INTERFACE_CONTRACT.md,461,explicit,o_result_valid,text_mismatch,### 11.4 下游数据输出
contracts/PPG_CONTRACT_CLOSURE_MATRIX.md,3027,ppg_system_integration/PPG_ADC_DC_RECOVERY_INTERFACE_CONTRACT.md:461,ppg_system_integration/PPG_ADC_DC_RECOVERY_INTERFACE_CONTRACT.md,461,explicit,o_coarse_ppg_value,text_mismatch,### 11.4 下游数据输出
contracts/PPG_CONTRACT_CLOSURE_MATRIX.md,3028,ppg_system_integration/PPG_ADC_DC_RECOVERY_INTERFACE_CONTRACT.md:461,ppg_system_integration/PPG_ADC_DC_RECOVERY_INTERFACE_CONTRACT.md,461,explicit,o_coarse_valid,text_mismatch,### 11.4 下游数据输出
contracts/PPG_CONTRACT_CLOSURE_MATRIX.md,3029,ppg_system_integration/PPG_ADC_DC_RECOVERY_INTERFACE_CONTRACT.md:461,ppg_system_integration/PPG_ADC_DC_RECOVERY_INTERFACE_CONTRACT.md,461,explicit,o_coarse_recovery_calibrated,text_mismatch,### 11.4 下游数据输出
contracts/PPG_CONTRACT_CLOSURE_MATRIX.md,3030,ppg_system_integration/PPG_ADC_DC_RECOVERY_INTERFACE_CONTRACT.md:461,ppg_system_integration/PPG_ADC_DC_RECOVERY_INTERFACE_CONTRACT.md,461,explicit,o_coarse_saturation_low,text_mismatch,### 11.4 下游数据输出
contracts/PPG_CONTRACT_CLOSURE_MATRIX.md,3031,ppg_system_integration/PPG_ADC_DC_RECOVERY_INTERFACE_CONTRACT.md:461,ppg_system_integration/PPG_ADC_DC_RECOVERY_INTERFACE_CONTRACT.md,461,explicit,o_coarse_saturation_high,text_mismatch,### 11.4 下游数据输出
contracts/PPG_CONTRACT_CLOSURE_MATRIX.md,3032,ppg_system_integration/PPG_ADC_DC_RECOVERY_INTERFACE_CONTRACT.md:461,ppg_system_integration/PPG_ADC_DC_RECOVERY_INTERFACE_CONTRACT.md,461,explicit,o_fine_ppg_value,text_mismatch,### 11.4 下游数据输出
contracts/PPG_CONTRACT_CLOSURE_MATRIX.md,3033,ppg_system_integration/PPG_ADC_DC_RECOVERY_INTERFACE_CONTRACT.md:461,ppg_system_integration/PPG_ADC_DC_RECOVERY_INTERFACE_CONTRACT.md,461,explicit,o_fine_valid,text_mismatch,### 11.4 下游数据输出
contracts/PPG_CONTRACT_CLOSURE_MATRIX.md,3034,ppg_system_integration/PPG_ADC_DC_RECOVERY_INTERFACE_CONTRACT.md:461,ppg_system_integration/PPG_ADC_DC_RECOVERY_INTERFACE_CONTRACT.md,461,explicit,o_fine_recovery_calibrated,text_mismatch,### 11.4 下游数据输出
contracts/PPG_CONTRACT_CLOSURE_MATRIX.md,3035,ppg_system_integration/PPG_ADC_DC_RECOVERY_INTERFACE_CONTRACT.md:461,ppg_system_integration/PPG_ADC_DC_RECOVERY_INTERFACE_CONTRACT.md,461,explicit,o_fine_saturation_low,text_mismatch,### 11.4 下游数据输出
contracts/PPG_CONTRACT_CLOSURE_MATRIX.md,3036,ppg_system_integration/PPG_ADC_DC_RECOVERY_INTERFACE_CONTRACT.md:461,ppg_system_integration/PPG_ADC_DC_RECOVERY_INTERFACE_CONTRACT.md,461,explicit,o_fine_saturation_high,text_mismatch,### 11.4 下游数据输出
contracts/PPG_CONTRACT_CLOSURE_MATRIX.md,3037,ppg_system_integration/PPG_ADC_DC_RECOVERY_INTERFACE_CONTRACT.md:461,ppg_system_integration/PPG_ADC_DC_RECOVERY_INTERFACE_CONTRACT.md,461,explicit,o_dc_recovery_coef_epoch,text_mismatch,### 11.4 下游数据输出
contracts/PPG_CONTRACT_CLOSURE_MATRIX.md,3038,ppg_system_integration/PPG_ADC_DC_RECOVERY_INTERFACE_CONTRACT.md:461,ppg_system_integration/PPG_ADC_DC_RECOVERY_INTERFACE_CONTRACT.md,461,explicit,o_calibrated_s1_value,text_mismatch,### 11.4 下游数据输出
contracts/PPG_CONTRACT_CLOSURE_MATRIX.md,3039,ppg_system_integration/PPG_ADC_DC_RECOVERY_INTERFACE_CONTRACT.md:461,ppg_system_integration/PPG_ADC_DC_RECOVERY_INTERFACE_CONTRACT.md,461,explicit,o_calibration_applied,text_mismatch,### 11.4 下游数据输出
contracts/PPG_CONTRACT_CLOSURE_MATRIX.md,3040,ppg_system_integration/PPG_ADC_DC_RECOVERY_INTERFACE_CONTRACT.md:461,ppg_system_integration/PPG_ADC_DC_RECOVERY_INTERFACE_CONTRACT.md,461,explicit,o_stage1_saturation_low,text_mismatch,### 11.4 下游数据输出
contracts/PPG_CONTRACT_CLOSURE_MATRIX.md,3041,ppg_system_integration/PPG_ADC_DC_RECOVERY_INTERFACE_CONTRACT.md:461,ppg_system_integration/PPG_ADC_DC_RECOVERY_INTERFACE_CONTRACT.md,461,explicit,o_stage1_saturation_high,text_mismatch,### 11.4 下游数据输出
contracts/PPG_CONTRACT_CLOSURE_MATRIX.md,3042,ppg_system_integration/PPG_ADC_DC_RECOVERY_INTERFACE_CONTRACT.md:461,ppg_system_integration/PPG_ADC_DC_RECOVERY_INTERFACE_CONTRACT.md,461,explicit,o_programmable_15_code,text_mismatch,### 11.4 下游数据输出
contracts/PPG_CONTRACT_CLOSURE_MATRIX.md,3043,ppg_system_integration/PPG_ADC_DC_RECOVERY_INTERFACE_CONTRACT.md:461,ppg_system_integration/PPG_ADC_DC_RECOVERY_INTERFACE_CONTRACT.md,461,explicit,o_programmable_15_valid,text_mismatch,### 11.4 下游数据输出
contracts/PPG_CONTRACT_CLOSURE_MATRIX.md,3044,ppg_system_integration/PPG_ADC_DC_RECOVERY_INTERFACE_CONTRACT.md:461,ppg_system_integration/PPG_ADC_DC_RECOVERY_INTERFACE_CONTRACT.md,461,explicit,o_programmable_15_calibration_applied,text_mismatch,### 11.4 下游数据输出
contracts/PPG_CONTRACT_CLOSURE_MATRIX.md,3045,ppg_system_integration/PPG_ADC_DC_RECOVERY_INTERFACE_CONTRACT.md:461,ppg_system_integration/PPG_ADC_DC_RECOVERY_INTERFACE_CONTRACT.md,461,explicit,o_programmable_saturation_low,text_mismatch,### 11.4 下游数据输出
contracts/PPG_CONTRACT_CLOSURE_MATRIX.md,3046,ppg_system_integration/PPG_ADC_DC_RECOVERY_INTERFACE_CONTRACT.md:461,ppg_system_integration/PPG_ADC_DC_RECOVERY_INTERFACE_CONTRACT.md,461,explicit,o_programmable_saturation_high,text_mismatch,### 11.4 下游数据输出
contracts/PPG_CONTRACT_CLOSURE_MATRIX.md,3047,ppg_system_integration/PPG_ADC_DC_RECOVERY_INTERFACE_CONTRACT.md:461,ppg_system_integration/PPG_ADC_DC_RECOVERY_INTERFACE_CONTRACT.md,461,explicit,o_config_epoch,text_mismatch,### 11.4 下游数据输出
contracts/PPG_CONTRACT_CLOSURE_MATRIX.md,3048,ppg_system_integration/PPG_ADC_DC_RECOVERY_INTERFACE_CONTRACT.md:461,ppg_system_integration/PPG_ADC_DC_RECOVERY_INTERFACE_CONTRACT.md,461,explicit,o_coef_epoch,text_mismatch,### 11.4 下游数据输出
contracts/PPG_CONTRACT_CLOSURE_MATRIX.md,3049,ppg_system_integration/PPG_ADC_DC_RECOVERY_INTERFACE_CONTRACT.md:461,ppg_system_integration/PPG_ADC_DC_RECOVERY_INTERFACE_CONTRACT.md,461,explicit,o_stage2_coef_epoch,text_mismatch,### 11.4 下游数据输出
contracts/PPG_CONTRACT_CLOSURE_MATRIX.md,3050,ppg_system_integration/PPG_ADC_DC_RECOVERY_INTERFACE_CONTRACT.md:461,ppg_system_integration/PPG_ADC_DC_RECOVERY_INTERFACE_CONTRACT.md,461,explicit,o_precision_mode,text_mismatch,### 11.4 下游数据输出
contracts/PPG_CONTRACT_CLOSURE_MATRIX.md,3051,ppg_system_integration/PPG_ADC_DC_RECOVERY_INTERFACE_CONTRACT.md:461,ppg_system_integration/PPG_ADC_DC_RECOVERY_INTERFACE_CONTRACT.md,461,explicit,o_frame_id,text_mismatch,### 11.4 下游数据输出
contracts/PPG_CONTRACT_CLOSURE_MATRIX.md,3052,ppg_system_integration/PPG_ADC_DC_RECOVERY_INTERFACE_CONTRACT.md:461,ppg_system_integration/PPG_ADC_DC_RECOVERY_INTERFACE_CONTRACT.md,461,explicit,o_sample_index,text_mismatch,### 11.4 下游数据输出
contracts/PPG_CONTRACT_CLOSURE_MATRIX.md,3053,ppg_system_integration/PPG_ADC_DC_RECOVERY_INTERFACE_CONTRACT.md:461,ppg_system_integration/PPG_ADC_DC_RECOVERY_INTERFACE_CONTRACT.md,461,explicit,o_color_ir,text_mismatch,### 11.4 下游数据输出
contracts/PPG_CONTRACT_CLOSURE_MATRIX.md,3054,ppg_system_integration/PPG_ADC_DC_RECOVERY_INTERFACE_CONTRACT.md:461,ppg_system_integration/PPG_ADC_DC_RECOVERY_INTERFACE_CONTRACT.md,461,explicit,o_frame_type,text_mismatch,### 11.4 下游数据输出
contracts/PPG_CONTRACT_CLOSURE_MATRIX.md,3055,ppg_system_integration/PPG_ADC_DC_RECOVERY_INTERFACE_CONTRACT.md:461,ppg_system_integration/PPG_ADC_DC_RECOVERY_INTERFACE_CONTRACT.md,461,explicit,o_amb_code_snapshot,text_mismatch,### 11.4 下游数据输出
contracts/PPG_CONTRACT_CLOSURE_MATRIX.md,3056,ppg_system_integration/PPG_ADC_DC_RECOVERY_INTERFACE_CONTRACT.md:461,ppg_system_integration/PPG_ADC_DC_RECOVERY_INTERFACE_CONTRACT.md,461,explicit,o_dc_code_snapshot,text_mismatch,### 11.4 下游数据输出
contracts/PPG_CONTRACT_CLOSURE_MATRIX.md,3057,ppg_system_integration/PPG_ADC_DC_RECOVERY_INTERFACE_CONTRACT.md:461,ppg_system_integration/PPG_ADC_DC_RECOVERY_INTERFACE_CONTRACT.md,461,explicit,o_amb_code_epoch,text_mismatch,### 11.4 下游数据输出
contracts/PPG_CONTRACT_CLOSURE_MATRIX.md,3058,ppg_system_integration/PPG_ADC_DC_RECOVERY_INTERFACE_CONTRACT.md:461,ppg_system_integration/PPG_ADC_DC_RECOVERY_INTERFACE_CONTRACT.md,461,explicit,o_dc_code_epoch,text_mismatch,### 11.4 下游数据输出
contracts/PPG_CONTRACT_CLOSURE_MATRIX.md,3059,ppg_system_integration/PPG_ADC_DC_RECOVERY_INTERFACE_CONTRACT.md:461,ppg_system_integration/PPG_ADC_DC_RECOVERY_INTERFACE_CONTRACT.md,461,explicit,o_detect_code,text_mismatch,### 11.4 下游数据输出
contracts/PPG_CONTRACT_CLOSURE_MATRIX.md,3060,ppg_system_integration/PPG_ADC_DC_RECOVERY_INTERFACE_CONTRACT.md:461,ppg_system_integration/PPG_ADC_DC_RECOVERY_INTERFACE_CONTRACT.md,461,explicit,o_stage1_raw,text_mismatch,### 11.4 下游数据输出
contracts/PPG_CONTRACT_CLOSURE_MATRIX.md,3061,ppg_system_integration/PPG_ADC_DC_RECOVERY_INTERFACE_CONTRACT.md:461,ppg_system_integration/PPG_ADC_DC_RECOVERY_INTERFACE_CONTRACT.md,461,explicit,o_stage1_code_ext,text_mismatch,### 11.4 下游数据输出
contracts/PPG_CONTRACT_CLOSURE_MATRIX.md,3062,ppg_system_integration/PPG_ADC_DC_RECOVERY_INTERFACE_CONTRACT.md:461,ppg_system_integration/PPG_ADC_DC_RECOVERY_INTERFACE_CONTRACT.md,461,explicit,o_stage2_raw,text_mismatch,### 11.4 下游数据输出
contracts/PPG_CONTRACT_CLOSURE_MATRIX.md,3063,ppg_system_integration/PPG_ADC_DC_RECOVERY_INTERFACE_CONTRACT.md:461,ppg_system_integration/PPG_ADC_DC_RECOVERY_INTERFACE_CONTRACT.md,461,explicit,o_stage2_code_ext,text_mismatch,### 11.4 下游数据输出
contracts/PPG_CONTRACT_CLOSURE_MATRIX.md,3064,ppg_system_integration/PPG_ADC_DC_RECOVERY_INTERFACE_CONTRACT.md:461,ppg_system_integration/PPG_ADC_DC_RECOVERY_INTERFACE_CONTRACT.md,461,explicit,o_nominal_15_code,text_mismatch,### 11.4 下游数据输出
contracts/PPG_CONTRACT_CLOSURE_MATRIX.md,3065,ppg_system_integration/PPG_ADC_DC_RECOVERY_INTERFACE_CONTRACT.md:461,ppg_system_integration/PPG_ADC_DC_RECOVERY_INTERFACE_CONTRACT.md,461,explicit,o_nominal_15_valid,text_mismatch,### 11.4 下游数据输出
contracts/PPG_CONTRACT_CLOSURE_MATRIX.md,3066,ppg_system_integration/PPG_ADC_DC_RECOVERY_INTERFACE_CONTRACT.md:461,ppg_system_integration/PPG_ADC_DC_RECOVERY_INTERFACE_CONTRACT.md,461,explicit,o_nominal_saturated,text_mismatch,### 11.4 下游数据输出
contracts/PPG_CONTRACT_CLOSURE_MATRIX.md,3067,ppg_system_integration/PPG_SYSTEM_FAULT_ABORT_SUPERVISOR_INTERFACE_CONTRACT.md:43,ppg_system_integration/PPG_SYSTEM_FAULT_ABORT_SUPERVISOR_INTERFACE_CONTRACT.md,43,explicit,i_clk,text_mismatch,## 2. Complete Supervisor Port Contract
contracts/PPG_CONTRACT_CLOSURE_MATRIX.md,3068,ppg_system_integration/PPG_SYSTEM_FAULT_ABORT_SUPERVISOR_INTERFACE_CONTRACT.md:43,ppg_system_integration/PPG_SYSTEM_FAULT_ABORT_SUPERVISOR_INTERFACE_CONTRACT.md,43,explicit,i_rstn,text_mismatch,## 2. Complete Supervisor Port Contract
contracts/PPG_CONTRACT_CLOSURE_MATRIX.md,3070,ppg_system_integration/PPG_SYSTEM_FAULT_ABORT_SUPERVISOR_INTERFACE_CONTRACT.md:49,ppg_system_integration/PPG_SYSTEM_FAULT_ABORT_SUPERVISOR_INTERFACE_CONTRACT.md,49,explicit,i_ami_fault_active,text_mismatch,| `i_ami_fault_valid` / `active` / `cause` / `identity_valid` / `<FAULT_ID>` | `1/1/8/1/each field` | AMI `o_ami_fault_*` | AMI blocking record and unresolved state. |
contracts/PPG_CONTRACT_CLOSURE_MATRIX.md,3071,ppg_system_integration/PPG_SYSTEM_FAULT_ABORT_SUPERVISOR_INTERFACE_CONTRACT.md:49,ppg_system_integration/PPG_SYSTEM_FAULT_ABORT_SUPERVISOR_INTERFACE_CONTRACT.md,49,explicit,i_ami_fault_cause,text_mismatch,| `i_ami_fault_valid` / `active` / `cause` / `identity_valid` / `<FAULT_ID>` | `1/1/8/1/each field` | AMI `o_ami_fault_*` | AMI blocking record and unresolved state. |
contracts/PPG_CONTRACT_CLOSURE_MATRIX.md,3072,ppg_system_integration/PPG_SYSTEM_FAULT_ABORT_SUPERVISOR_INTERFACE_CONTRACT.md:49,ppg_system_integration/PPG_SYSTEM_FAULT_ABORT_SUPERVISOR_INTERFACE_CONTRACT.md,49,explicit,i_ami_fault_identity_valid,text_mismatch,| `i_ami_fault_valid` / `active` / `cause` / `identity_valid` / `<FAULT_ID>` | `1/1/8/1/each field` | AMI `o_ami_fault_*` | AMI blocking record and unresolved state. |
contracts/PPG_CONTRACT_CLOSURE_MATRIX.md,3073,ppg_system_integration/PPG_SYSTEM_FAULT_ABORT_SUPERVISOR_INTERFACE_CONTRACT.md:49,ppg_system_integration/PPG_SYSTEM_FAULT_ABORT_SUPERVISOR_INTERFACE_CONTRACT.md,49,explicit,i_ami_fault_frame_id,text_mismatch,| `i_ami_fault_valid` / `active` / `cause` / `identity_valid` / `<FAULT_ID>` | `1/1/8/1/each field` | AMI `o_ami_fault_*` | AMI blocking record and unresolved state. |
contracts/PPG_CONTRACT_CLOSURE_MATRIX.md,3074,ppg_system_integration/PPG_SYSTEM_FAULT_ABORT_SUPERVISOR_INTERFACE_CONTRACT.md:49,ppg_system_integration/PPG_SYSTEM_FAULT_ABORT_SUPERVISOR_INTERFACE_CONTRACT.md,49,explicit,i_ami_fault_sample_index,text_mismatch,| `i_ami_fault_valid` / `active` / `cause` / `identity_valid` / `<FAULT_ID>` | `1/1/8/1/each field` | AMI `o_ami_fault_*` | AMI blocking record and unresolved state. |
contracts/PPG_CONTRACT_CLOSURE_MATRIX.md,3075,ppg_system_integration/PPG_SYSTEM_FAULT_ABORT_SUPERVISOR_INTERFACE_CONTRACT.md:49,ppg_system_integration/PPG_SYSTEM_FAULT_ABORT_SUPERVISOR_INTERFACE_CONTRACT.md,49,explicit,i_ami_fault_color_ir,text_mismatch,| `i_ami_fault_valid` / `active` / `cause` / `identity_valid` / `<FAULT_ID>` | `1/1/8/1/each field` | AMI `o_ami_fault_*` | AMI blocking record and unresolved state. |
contracts/PPG_CONTRACT_CLOSURE_MATRIX.md,3076,ppg_system_integration/PPG_SYSTEM_FAULT_ABORT_SUPERVISOR_INTERFACE_CONTRACT.md:49,ppg_system_integration/PPG_SYSTEM_FAULT_ABORT_SUPERVISOR_INTERFACE_CONTRACT.md,49,explicit,i_ami_fault_frame_type,text_mismatch,| `i_ami_fault_valid` / `active` / `cause` / `identity_valid` / `<FAULT_ID>` | `1/1/8/1/each field` | AMI `o_ami_fault_*` | AMI blocking record and unresolved state. |
contracts/PPG_CONTRACT_CLOSURE_MATRIX.md,3077,ppg_system_integration/PPG_SYSTEM_FAULT_ABORT_SUPERVISOR_INTERFACE_CONTRACT.md:49,ppg_system_integration/PPG_SYSTEM_FAULT_ABORT_SUPERVISOR_INTERFACE_CONTRACT.md,49,explicit,i_ami_fault_precision,text_mismatch,| `i_ami_fault_valid` / `active` / `cause` / `identity_valid` / `<FAULT_ID>` | `1/1/8/1/each field` | AMI `o_ami_fault_*` | AMI blocking record and unresolved state. |
contracts/PPG_CONTRACT_CLOSURE_MATRIX.md,3078,ppg_system_integration/PPG_SYSTEM_FAULT_ABORT_SUPERVISOR_INTERFACE_CONTRACT.md:49,ppg_system_integration/PPG_SYSTEM_FAULT_ABORT_SUPERVISOR_INTERFACE_CONTRACT.md,49,explicit,i_ami_fault_run_generation,text_mismatch,| `i_ami_fault_valid` / `active` / `cause` / `identity_valid` / `<FAULT_ID>` | `1/1/8/1/each field` | AMI `o_ami_fault_*` | AMI blocking record and unresolved state. |
contracts/PPG_CONTRACT_CLOSURE_MATRIX.md,3080,ppg_system_integration/PPG_SYSTEM_FAULT_ABORT_SUPERVISOR_INTERFACE_CONTRACT.md:50,ppg_system_integration/PPG_SYSTEM_FAULT_ABORT_SUPERVISOR_INTERFACE_CONTRACT.md,50,explicit,i_scheduler_fault_active,text_mismatch,| `i_scheduler_fault_valid` / `active` / `cause` / `identity_valid` / `<FAULT_ID>` | `1/1/8/1/each field` | Scheduler `o_scheduler_fault_*` | Scheduler blocking record and unresolved state. |
contracts/PPG_CONTRACT_CLOSURE_MATRIX.md,3081,ppg_system_integration/PPG_SYSTEM_FAULT_ABORT_SUPERVISOR_INTERFACE_CONTRACT.md:50,ppg_system_integration/PPG_SYSTEM_FAULT_ABORT_SUPERVISOR_INTERFACE_CONTRACT.md,50,explicit,i_scheduler_fault_cause,text_mismatch,| `i_scheduler_fault_valid` / `active` / `cause` / `identity_valid` / `<FAULT_ID>` | `1/1/8/1/each field` | Scheduler `o_scheduler_fault_*` | Scheduler blocking record and unresolved state. |
contracts/PPG_CONTRACT_CLOSURE_MATRIX.md,3082,ppg_system_integration/PPG_SYSTEM_FAULT_ABORT_SUPERVISOR_INTERFACE_CONTRACT.md:50,ppg_system_integration/PPG_SYSTEM_FAULT_ABORT_SUPERVISOR_INTERFACE_CONTRACT.md,50,explicit,i_scheduler_fault_identity_valid,text_mismatch,| `i_scheduler_fault_valid` / `active` / `cause` / `identity_valid` / `<FAULT_ID>` | `1/1/8/1/each field` | Scheduler `o_scheduler_fault_*` | Scheduler blocking record and unresolved state. |
contracts/PPG_CONTRACT_CLOSURE_MATRIX.md,3083,ppg_system_integration/PPG_SYSTEM_FAULT_ABORT_SUPERVISOR_INTERFACE_CONTRACT.md:50,ppg_system_integration/PPG_SYSTEM_FAULT_ABORT_SUPERVISOR_INTERFACE_CONTRACT.md,50,explicit,i_scheduler_fault_frame_id,text_mismatch,| `i_scheduler_fault_valid` / `active` / `cause` / `identity_valid` / `<FAULT_ID>` | `1/1/8/1/each field` | Scheduler `o_scheduler_fault_*` | Scheduler blocking record and unresolved state. |
contracts/PPG_CONTRACT_CLOSURE_MATRIX.md,3084,ppg_system_integration/PPG_SYSTEM_FAULT_ABORT_SUPERVISOR_INTERFACE_CONTRACT.md:50,ppg_system_integration/PPG_SYSTEM_FAULT_ABORT_SUPERVISOR_INTERFACE_CONTRACT.md,50,explicit,i_scheduler_fault_sample_index,text_mismatch,| `i_scheduler_fault_valid` / `active` / `cause` / `identity_valid` / `<FAULT_ID>` | `1/1/8/1/each field` | Scheduler `o_scheduler_fault_*` | Scheduler blocking record and unresolved state. |
contracts/PPG_CONTRACT_CLOSURE_MATRIX.md,3085,ppg_system_integration/PPG_SYSTEM_FAULT_ABORT_SUPERVISOR_INTERFACE_CONTRACT.md:50,ppg_system_integration/PPG_SYSTEM_FAULT_ABORT_SUPERVISOR_INTERFACE_CONTRACT.md,50,explicit,i_scheduler_fault_color_ir,text_mismatch,| `i_scheduler_fault_valid` / `active` / `cause` / `identity_valid` / `<FAULT_ID>` | `1/1/8/1/each field` | Scheduler `o_scheduler_fault_*` | Scheduler blocking record and unresolved state. |
contracts/PPG_CONTRACT_CLOSURE_MATRIX.md,3086,ppg_system_integration/PPG_SYSTEM_FAULT_ABORT_SUPERVISOR_INTERFACE_CONTRACT.md:50,ppg_system_integration/PPG_SYSTEM_FAULT_ABORT_SUPERVISOR_INTERFACE_CONTRACT.md,50,explicit,i_scheduler_fault_frame_type,text_mismatch,| `i_scheduler_fault_valid` / `active` / `cause` / `identity_valid` / `<FAULT_ID>` | `1/1/8/1/each field` | Scheduler `o_scheduler_fault_*` | Scheduler blocking record and unresolved state. |
contracts/PPG_CONTRACT_CLOSURE_MATRIX.md,3087,ppg_system_integration/PPG_SYSTEM_FAULT_ABORT_SUPERVISOR_INTERFACE_CONTRACT.md:50,ppg_system_integration/PPG_SYSTEM_FAULT_ABORT_SUPERVISOR_INTERFACE_CONTRACT.md,50,explicit,i_scheduler_fault_precision,text_mismatch,| `i_scheduler_fault_valid` / `active` / `cause` / `identity_valid` / `<FAULT_ID>` | `1/1/8/1/each field` | Scheduler `o_scheduler_fault_*` | Scheduler blocking record and unresolved state. |
contracts/PPG_CONTRACT_CLOSURE_MATRIX.md,3088,ppg_system_integration/PPG_SYSTEM_FAULT_ABORT_SUPERVISOR_INTERFACE_CONTRACT.md:50,ppg_system_integration/PPG_SYSTEM_FAULT_ABORT_SUPERVISOR_INTERFACE_CONTRACT.md,50,explicit,i_scheduler_fault_run_generation,text_mismatch,| `i_scheduler_fault_valid` / `active` / `cause` / `identity_valid` / `<FAULT_ID>` | `1/1/8/1/each field` | Scheduler `o_scheduler_fault_*` | Scheduler blocking record and unresolved state. |
contracts/PPG_CONTRACT_CLOSURE_MATRIX.md,3090,ppg_system_integration/PPG_SYSTEM_FAULT_ABORT_SUPERVISOR_INTERFACE_CONTRACT.md:51,ppg_system_integration/PPG_SYSTEM_FAULT_ABORT_SUPERVISOR_INTERFACE_CONTRACT.md,51,explicit,i_ssw_fault_active,text_mismatch,| `i_ssw_fault_valid` / `active` / `cause` / `identity_valid` / `<FAULT_ID>` | `1/1/8/1/each field` | SSW `o_ssw_fault_*` | SSW blocking record and unresolved state. |
contracts/PPG_CONTRACT_CLOSURE_MATRIX.md,3091,ppg_system_integration/PPG_SYSTEM_FAULT_ABORT_SUPERVISOR_INTERFACE_CONTRACT.md:51,ppg_system_integration/PPG_SYSTEM_FAULT_ABORT_SUPERVISOR_INTERFACE_CONTRACT.md,51,explicit,i_ssw_fault_cause,text_mismatch,| `i_ssw_fault_valid` / `active` / `cause` / `identity_valid` / `<FAULT_ID>` | `1/1/8/1/each field` | SSW `o_ssw_fault_*` | SSW blocking record and unresolved state. |
contracts/PPG_CONTRACT_CLOSURE_MATRIX.md,3092,ppg_system_integration/PPG_SYSTEM_FAULT_ABORT_SUPERVISOR_INTERFACE_CONTRACT.md:51,ppg_system_integration/PPG_SYSTEM_FAULT_ABORT_SUPERVISOR_INTERFACE_CONTRACT.md,51,explicit,i_ssw_fault_identity_valid,text_mismatch,| `i_ssw_fault_valid` / `active` / `cause` / `identity_valid` / `<FAULT_ID>` | `1/1/8/1/each field` | SSW `o_ssw_fault_*` | SSW blocking record and unresolved state. |
contracts/PPG_CONTRACT_CLOSURE_MATRIX.md,3093,ppg_system_integration/PPG_SYSTEM_FAULT_ABORT_SUPERVISOR_INTERFACE_CONTRACT.md:51,ppg_system_integration/PPG_SYSTEM_FAULT_ABORT_SUPERVISOR_INTERFACE_CONTRACT.md,51,explicit,i_ssw_fault_frame_id,text_mismatch,| `i_ssw_fault_valid` / `active` / `cause` / `identity_valid` / `<FAULT_ID>` | `1/1/8/1/each field` | SSW `o_ssw_fault_*` | SSW blocking record and unresolved state. |
contracts/PPG_CONTRACT_CLOSURE_MATRIX.md,3094,ppg_system_integration/PPG_SYSTEM_FAULT_ABORT_SUPERVISOR_INTERFACE_CONTRACT.md:51,ppg_system_integration/PPG_SYSTEM_FAULT_ABORT_SUPERVISOR_INTERFACE_CONTRACT.md,51,explicit,i_ssw_fault_sample_index,text_mismatch,| `i_ssw_fault_valid` / `active` / `cause` / `identity_valid` / `<FAULT_ID>` | `1/1/8/1/each field` | SSW `o_ssw_fault_*` | SSW blocking record and unresolved state. |
contracts/PPG_CONTRACT_CLOSURE_MATRIX.md,3095,ppg_system_integration/PPG_SYSTEM_FAULT_ABORT_SUPERVISOR_INTERFACE_CONTRACT.md:51,ppg_system_integration/PPG_SYSTEM_FAULT_ABORT_SUPERVISOR_INTERFACE_CONTRACT.md,51,explicit,i_ssw_fault_color_ir,text_mismatch,| `i_ssw_fault_valid` / `active` / `cause` / `identity_valid` / `<FAULT_ID>` | `1/1/8/1/each field` | SSW `o_ssw_fault_*` | SSW blocking record and unresolved state. |
contracts/PPG_CONTRACT_CLOSURE_MATRIX.md,3096,ppg_system_integration/PPG_SYSTEM_FAULT_ABORT_SUPERVISOR_INTERFACE_CONTRACT.md:51,ppg_system_integration/PPG_SYSTEM_FAULT_ABORT_SUPERVISOR_INTERFACE_CONTRACT.md,51,explicit,i_ssw_fault_frame_type,text_mismatch,| `i_ssw_fault_valid` / `active` / `cause` / `identity_valid` / `<FAULT_ID>` | `1/1/8/1/each field` | SSW `o_ssw_fault_*` | SSW blocking record and unresolved state. |
contracts/PPG_CONTRACT_CLOSURE_MATRIX.md,3097,ppg_system_integration/PPG_SYSTEM_FAULT_ABORT_SUPERVISOR_INTERFACE_CONTRACT.md:51,ppg_system_integration/PPG_SYSTEM_FAULT_ABORT_SUPERVISOR_INTERFACE_CONTRACT.md,51,explicit,i_ssw_fault_precision,text_mismatch,| `i_ssw_fault_valid` / `active` / `cause` / `identity_valid` / `<FAULT_ID>` | `1/1/8/1/each field` | SSW `o_ssw_fault_*` | SSW blocking record and unresolved state. |
contracts/PPG_CONTRACT_CLOSURE_MATRIX.md,3098,ppg_system_integration/PPG_SYSTEM_FAULT_ABORT_SUPERVISOR_INTERFACE_CONTRACT.md:51,ppg_system_integration/PPG_SYSTEM_FAULT_ABORT_SUPERVISOR_INTERFACE_CONTRACT.md,51,explicit,i_ssw_fault_run_generation,text_mismatch,| `i_ssw_fault_valid` / `active` / `cause` / `identity_valid` / `<FAULT_ID>` | `1/1/8/1/each field` | SSW `o_ssw_fault_*` | SSW blocking record and unresolved state. |
contracts/PPG_CONTRACT_CLOSURE_MATRIX.md,3108,ppg_system_integration/PPG_SYSTEM_FAULT_ABORT_SUPERVISOR_INTERFACE_CONTRACT.md:66,ppg_system_integration/PPG_SYSTEM_FAULT_ABORT_SUPERVISOR_INTERFACE_CONTRACT.md,66,explicit,o_system_fault_cause,text_mismatch,| `o_system_fault_cause_valid` / `cause` / `source` / `identity_valid` / `<FAULT_ID>` | `1/8/4/1/each field` | Top observation / CSR | Atomic first blocking-fault snapshot. |
contracts/PPG_CONTRACT_CLOSURE_MATRIX.md,3109,ppg_system_integration/PPG_SYSTEM_FAULT_ABORT_SUPERVISOR_INTERFACE_CONTRACT.md:66,ppg_system_integration/PPG_SYSTEM_FAULT_ABORT_SUPERVISOR_INTERFACE_CONTRACT.md,66,explicit,o_system_fault_source,text_mismatch,| `o_system_fault_cause_valid` / `cause` / `source` / `identity_valid` / `<FAULT_ID>` | `1/8/4/1/each field` | Top observation / CSR | Atomic first blocking-fault snapshot. |
contracts/PPG_CONTRACT_CLOSURE_MATRIX.md,3110,ppg_system_integration/PPG_SYSTEM_FAULT_ABORT_SUPERVISOR_INTERFACE_CONTRACT.md:66,ppg_system_integration/PPG_SYSTEM_FAULT_ABORT_SUPERVISOR_INTERFACE_CONTRACT.md,66,explicit,o_system_fault_identity_valid,text_mismatch,| `o_system_fault_cause_valid` / `cause` / `source` / `identity_valid` / `<FAULT_ID>` | `1/8/4/1/each field` | Top observation / CSR | Atomic first blocking-fault snapshot. |
contracts/PPG_CONTRACT_CLOSURE_MATRIX.md,3111,ppg_system_integration/PPG_SYSTEM_FAULT_ABORT_SUPERVISOR_INTERFACE_CONTRACT.md:66,ppg_system_integration/PPG_SYSTEM_FAULT_ABORT_SUPERVISOR_INTERFACE_CONTRACT.md,66,explicit,o_system_fault_frame_id,text_mismatch,| `o_system_fault_cause_valid` / `cause` / `source` / `identity_valid` / `<FAULT_ID>` | `1/8/4/1/each field` | Top observation / CSR | Atomic first blocking-fault snapshot. |
contracts/PPG_CONTRACT_CLOSURE_MATRIX.md,3112,ppg_system_integration/PPG_SYSTEM_FAULT_ABORT_SUPERVISOR_INTERFACE_CONTRACT.md:66,ppg_system_integration/PPG_SYSTEM_FAULT_ABORT_SUPERVISOR_INTERFACE_CONTRACT.md,66,explicit,o_system_fault_sample_index,text_mismatch,| `o_system_fault_cause_valid` / `cause` / `source` / `identity_valid` / `<FAULT_ID>` | `1/8/4/1/each field` | Top observation / CSR | Atomic first blocking-fault snapshot. |
contracts/PPG_CONTRACT_CLOSURE_MATRIX.md,3113,ppg_system_integration/PPG_SYSTEM_FAULT_ABORT_SUPERVISOR_INTERFACE_CONTRACT.md:66,ppg_system_integration/PPG_SYSTEM_FAULT_ABORT_SUPERVISOR_INTERFACE_CONTRACT.md,66,explicit,o_system_fault_color_ir,text_mismatch,| `o_system_fault_cause_valid` / `cause` / `source` / `identity_valid` / `<FAULT_ID>` | `1/8/4/1/each field` | Top observation / CSR | Atomic first blocking-fault snapshot. |
contracts/PPG_CONTRACT_CLOSURE_MATRIX.md,3114,ppg_system_integration/PPG_SYSTEM_FAULT_ABORT_SUPERVISOR_INTERFACE_CONTRACT.md:66,ppg_system_integration/PPG_SYSTEM_FAULT_ABORT_SUPERVISOR_INTERFACE_CONTRACT.md,66,explicit,o_system_fault_frame_type,text_mismatch,| `o_system_fault_cause_valid` / `cause` / `source` / `identity_valid` / `<FAULT_ID>` | `1/8/4/1/each field` | Top observation / CSR | Atomic first blocking-fault snapshot. |
contracts/PPG_CONTRACT_CLOSURE_MATRIX.md,3115,ppg_system_integration/PPG_SYSTEM_FAULT_ABORT_SUPERVISOR_INTERFACE_CONTRACT.md:66,ppg_system_integration/PPG_SYSTEM_FAULT_ABORT_SUPERVISOR_INTERFACE_CONTRACT.md,66,explicit,o_system_fault_precision,text_mismatch,| `o_system_fault_cause_valid` / `cause` / `source` / `identity_valid` / `<FAULT_ID>` | `1/8/4/1/each field` | Top observation / CSR | Atomic first blocking-fault snapshot. |
contracts/PPG_CONTRACT_CLOSURE_MATRIX.md,3116,ppg_system_integration/PPG_SYSTEM_FAULT_ABORT_SUPERVISOR_INTERFACE_CONTRACT.md:66,ppg_system_integration/PPG_SYSTEM_FAULT_ABORT_SUPERVISOR_INTERFACE_CONTRACT.md,66,explicit,o_system_fault_run_generation,text_mismatch,| `o_system_fault_cause_valid` / `cause` / `source` / `identity_valid` / `<FAULT_ID>` | `1/8/4/1/each field` | Top observation / CSR | Atomic first blocking-fault snapshot. |
contracts/PPG_CONTRACT_CLOSURE_MATRIX.md,3120,ppg_system_integration/PPG_ADC_MEASUREMENT_AND_IDAC_INTEGRATION_WRAPPER_INTERFACE_CONTRACT.md:99,ppg_system_integration/PPG_ADC_MEASUREMENT_AND_IDAC_INTEGRATION_WRAPPER_INTERFACE_CONTRACT.md,99,explicit,i_allow_new_transaction,text_mismatch,10. `ppg_precision_window_integration`。
contracts/PPG_CONTRACT_CLOSURE_MATRIX.md,3121,ppg_system_integration/PPG_ADC_MEASUREMENT_AND_IDAC_INTEGRATION_WRAPPER_INTERFACE_CONTRACT.md:141,ppg_system_integration/PPG_ADC_MEASUREMENT_AND_IDAC_INTEGRATION_WRAPPER_INTERFACE_CONTRACT.md,141,explicit,i_adc_idle,text_mismatch,ppg_adc_s1_programmable_calibrator
contracts/PPG_CONTRACT_CLOSURE_MATRIX.md,3122,ppg_system_integration/PPG_ADC_MEASUREMENT_AND_IDAC_INTEGRATION_WRAPPER_INTERFACE_CONTRACT.md:107,ppg_system_integration/PPG_ADC_MEASUREMENT_AND_IDAC_INTEGRATION_WRAPPER_INTERFACE_CONTRACT.md,107,explicit,i_system_fault_discard_event,text_mismatch,不得在TB中使用行为模型、常量ready或层次化force替代上述真实子模块。
contracts/PPG_CONTRACT_CLOSURE_MATRIX.md,3123,ppg_system_integration/PPG_ADC_MEASUREMENT_AND_IDAC_INTEGRATION_WRAPPER_INTERFACE_CONTRACT.md:264,ppg_system_integration/PPG_ADC_MEASUREMENT_AND_IDAC_INTEGRATION_WRAPPER_INTERFACE_CONTRACT.md,264,explicit,i_transaction_start_valid,text_mismatch,### 6.3 ADC结果事务owner输入
contracts/PPG_CONTRACT_CLOSURE_MATRIX.md,3124,ppg_system_integration/PPG_ADC_MEASUREMENT_AND_IDAC_INTEGRATION_WRAPPER_INTERFACE_CONTRACT.md:264,ppg_system_integration/PPG_ADC_MEASUREMENT_AND_IDAC_INTEGRATION_WRAPPER_INTERFACE_CONTRACT.md,264,explicit,o_transaction_start_ready,text_mismatch,### 6.3 ADC结果事务owner输入
contracts/PPG_CONTRACT_CLOSURE_MATRIX.md,3125,ppg_system_integration/PPG_ADC_MEASUREMENT_AND_IDAC_INTEGRATION_WRAPPER_INTERFACE_CONTRACT.md:264,ppg_system_integration/PPG_ADC_MEASUREMENT_AND_IDAC_INTEGRATION_WRAPPER_INTERFACE_CONTRACT.md,264,explicit,o_transaction_start_fire,text_mismatch,### 6.3 ADC结果事务owner输入
contracts/PPG_CONTRACT_CLOSURE_MATRIX.md,3126,ppg_system_integration/PPG_ADC_MEASUREMENT_AND_IDAC_INTEGRATION_WRAPPER_INTERFACE_CONTRACT.md:264,ppg_system_integration/PPG_ADC_MEASUREMENT_AND_IDAC_INTEGRATION_WRAPPER_INTERFACE_CONTRACT.md,264,explicit,o_adc_transaction_complete_event,text_mismatch,### 6.3 ADC结果事务owner输入
contracts/PPG_CONTRACT_CLOSURE_MATRIX.md,3127,ppg_system_integration/PPG_ADC_MEASUREMENT_AND_IDAC_INTEGRATION_WRAPPER_INTERFACE_CONTRACT.md:264,ppg_system_integration/PPG_ADC_MEASUREMENT_AND_IDAC_INTEGRATION_WRAPPER_INTERFACE_CONTRACT.md,264,explicit,o_adc_transaction_success,text_mismatch,### 6.3 ADC结果事务owner输入
contracts/PPG_CONTRACT_CLOSURE_MATRIX.md,3128,ppg_system_integration/PPG_ADC_MEASUREMENT_AND_IDAC_INTEGRATION_WRAPPER_INTERFACE_CONTRACT.md:264,ppg_system_integration/PPG_ADC_MEASUREMENT_AND_IDAC_INTEGRATION_WRAPPER_INTERFACE_CONTRACT.md,264,explicit,o_adc_complete_sample_index,text_mismatch,### 6.3 ADC结果事务owner输入
contracts/PPG_CONTRACT_CLOSURE_MATRIX.md,3129,ppg_system_integration/PPG_ADC_MEASUREMENT_AND_IDAC_INTEGRATION_WRAPPER_INTERFACE_CONTRACT.md:753,ppg_system_integration/PPG_ADC_MEASUREMENT_AND_IDAC_INTEGRATION_WRAPPER_INTERFACE_CONTRACT.md,753,explicit,i_measurement_result_ready,text_mismatch,## 7. 唯一ADC结果owner合同
contracts/PPG_CONTRACT_CLOSURE_MATRIX.md,3130,ppg_system_integration/PPG_ADC_MEASUREMENT_AND_IDAC_INTEGRATION_WRAPPER_INTERFACE_CONTRACT.md:753,ppg_system_integration/PPG_ADC_MEASUREMENT_AND_IDAC_INTEGRATION_WRAPPER_INTERFACE_CONTRACT.md,753,explicit,o_measurement_result_valid,text_mismatch,## 7. 唯一ADC结果owner合同
contracts/PPG_CONTRACT_CLOSURE_MATRIX.md,3131,ppg_system_integration/PPG_ADC_MEASUREMENT_AND_IDAC_INTEGRATION_WRAPPER_INTERFACE_CONTRACT.md:753,ppg_system_integration/PPG_ADC_MEASUREMENT_AND_IDAC_INTEGRATION_WRAPPER_INTERFACE_CONTRACT.md,753,explicit,o_coarse_ppg_value,text_mismatch,## 7. 唯一ADC结果owner合同
contracts/PPG_CONTRACT_CLOSURE_MATRIX.md,3132,ppg_system_integration/PPG_ADC_MEASUREMENT_AND_IDAC_INTEGRATION_WRAPPER_INTERFACE_CONTRACT.md:753,ppg_system_integration/PPG_ADC_MEASUREMENT_AND_IDAC_INTEGRATION_WRAPPER_INTERFACE_CONTRACT.md,753,explicit,o_coarse_valid,text_mismatch,## 7. 唯一ADC结果owner合同
contracts/PPG_CONTRACT_CLOSURE_MATRIX.md,3133,ppg_system_integration/PPG_ADC_MEASUREMENT_AND_IDAC_INTEGRATION_WRAPPER_INTERFACE_CONTRACT.md:753,ppg_system_integration/PPG_ADC_MEASUREMENT_AND_IDAC_INTEGRATION_WRAPPER_INTERFACE_CONTRACT.md,753,explicit,o_coarse_recovery_calibrated,text_mismatch,## 7. 唯一ADC结果owner合同
contracts/PPG_CONTRACT_CLOSURE_MATRIX.md,3134,ppg_system_integration/PPG_ADC_MEASUREMENT_AND_IDAC_INTEGRATION_WRAPPER_INTERFACE_CONTRACT.md:753,ppg_system_integration/PPG_ADC_MEASUREMENT_AND_IDAC_INTEGRATION_WRAPPER_INTERFACE_CONTRACT.md,753,explicit,o_coarse_saturation_low,text_mismatch,## 7. 唯一ADC结果owner合同
contracts/PPG_CONTRACT_CLOSURE_MATRIX.md,3135,ppg_system_integration/PPG_ADC_MEASUREMENT_AND_IDAC_INTEGRATION_WRAPPER_INTERFACE_CONTRACT.md:753,ppg_system_integration/PPG_ADC_MEASUREMENT_AND_IDAC_INTEGRATION_WRAPPER_INTERFACE_CONTRACT.md,753,explicit,o_coarse_saturation_high,text_mismatch,## 7. 唯一ADC结果owner合同
contracts/PPG_CONTRACT_CLOSURE_MATRIX.md,3136,ppg_system_integration/PPG_ADC_MEASUREMENT_AND_IDAC_INTEGRATION_WRAPPER_INTERFACE_CONTRACT.md:753,ppg_system_integration/PPG_ADC_MEASUREMENT_AND_IDAC_INTEGRATION_WRAPPER_INTERFACE_CONTRACT.md,753,explicit,o_fine_ppg_value,text_mismatch,## 7. 唯一ADC结果owner合同
contracts/PPG_CONTRACT_CLOSURE_MATRIX.md,3137,ppg_system_integration/PPG_ADC_MEASUREMENT_AND_IDAC_INTEGRATION_WRAPPER_INTERFACE_CONTRACT.md:753,ppg_system_integration/PPG_ADC_MEASUREMENT_AND_IDAC_INTEGRATION_WRAPPER_INTERFACE_CONTRACT.md,753,explicit,o_fine_valid,text_mismatch,## 7. 唯一ADC结果owner合同
contracts/PPG_CONTRACT_CLOSURE_MATRIX.md,3138,ppg_system_integration/PPG_ADC_MEASUREMENT_AND_IDAC_INTEGRATION_WRAPPER_INTERFACE_CONTRACT.md:753,ppg_system_integration/PPG_ADC_MEASUREMENT_AND_IDAC_INTEGRATION_WRAPPER_INTERFACE_CONTRACT.md,753,explicit,o_fine_recovery_calibrated,text_mismatch,## 7. 唯一ADC结果owner合同
contracts/PPG_CONTRACT_CLOSURE_MATRIX.md,3139,ppg_system_integration/PPG_ADC_MEASUREMENT_AND_IDAC_INTEGRATION_WRAPPER_INTERFACE_CONTRACT.md:753,ppg_system_integration/PPG_ADC_MEASUREMENT_AND_IDAC_INTEGRATION_WRAPPER_INTERFACE_CONTRACT.md,753,explicit,o_fine_saturation_low,text_mismatch,## 7. 唯一ADC结果owner合同
contracts/PPG_CONTRACT_CLOSURE_MATRIX.md,3140,ppg_system_integration/PPG_ADC_MEASUREMENT_AND_IDAC_INTEGRATION_WRAPPER_INTERFACE_CONTRACT.md:753,ppg_system_integration/PPG_ADC_MEASUREMENT_AND_IDAC_INTEGRATION_WRAPPER_INTERFACE_CONTRACT.md,753,explicit,o_fine_saturation_high,text_mismatch,## 7. 唯一ADC结果owner合同
contracts/PPG_CONTRACT_CLOSURE_MATRIX.md,3141,ppg_system_integration/PPG_ADC_MEASUREMENT_AND_IDAC_INTEGRATION_WRAPPER_INTERFACE_CONTRACT.md:753,ppg_system_integration/PPG_ADC_MEASUREMENT_AND_IDAC_INTEGRATION_WRAPPER_INTERFACE_CONTRACT.md,753,explicit,o_calibrated_s1_value,text_mismatch,## 7. 唯一ADC结果owner合同
contracts/PPG_CONTRACT_CLOSURE_MATRIX.md,3142,ppg_system_integration/PPG_ADC_MEASUREMENT_AND_IDAC_INTEGRATION_WRAPPER_INTERFACE_CONTRACT.md:753,ppg_system_integration/PPG_ADC_MEASUREMENT_AND_IDAC_INTEGRATION_WRAPPER_INTERFACE_CONTRACT.md,753,explicit,o_programmable_15_code,text_mismatch,## 7. 唯一ADC结果owner合同
contracts/PPG_CONTRACT_CLOSURE_MATRIX.md,3143,ppg_system_integration/PPG_ADC_MEASUREMENT_AND_IDAC_INTEGRATION_WRAPPER_INTERFACE_CONTRACT.md:753,ppg_system_integration/PPG_ADC_MEASUREMENT_AND_IDAC_INTEGRATION_WRAPPER_INTERFACE_CONTRACT.md,753,explicit,o_programmable_15_valid,text_mismatch,## 7. 唯一ADC结果owner合同
contracts/PPG_CONTRACT_CLOSURE_MATRIX.md,3144,ppg_system_integration/PPG_ADC_MEASUREMENT_AND_IDAC_INTEGRATION_WRAPPER_INTERFACE_CONTRACT.md:753,ppg_system_integration/PPG_ADC_MEASUREMENT_AND_IDAC_INTEGRATION_WRAPPER_INTERFACE_CONTRACT.md,753,explicit,o_config_epoch,text_mismatch,## 7. 唯一ADC结果owner合同
contracts/PPG_CONTRACT_CLOSURE_MATRIX.md,3145,ppg_system_integration/PPG_ADC_MEASUREMENT_AND_IDAC_INTEGRATION_WRAPPER_INTERFACE_CONTRACT.md:753,ppg_system_integration/PPG_ADC_MEASUREMENT_AND_IDAC_INTEGRATION_WRAPPER_INTERFACE_CONTRACT.md,753,explicit,o_coef_epoch,text_mismatch,## 7. 唯一ADC结果owner合同
contracts/PPG_CONTRACT_CLOSURE_MATRIX.md,3146,ppg_system_integration/PPG_ADC_MEASUREMENT_AND_IDAC_INTEGRATION_WRAPPER_INTERFACE_CONTRACT.md:753,ppg_system_integration/PPG_ADC_MEASUREMENT_AND_IDAC_INTEGRATION_WRAPPER_INTERFACE_CONTRACT.md,753,explicit,o_stage2_result_coef_epoch,text_mismatch,## 7. 唯一ADC结果owner合同
contracts/PPG_CONTRACT_CLOSURE_MATRIX.md,3147,ppg_system_integration/PPG_ADC_MEASUREMENT_AND_IDAC_INTEGRATION_WRAPPER_INTERFACE_CONTRACT.md:753,ppg_system_integration/PPG_ADC_MEASUREMENT_AND_IDAC_INTEGRATION_WRAPPER_INTERFACE_CONTRACT.md,753,explicit,o_dc_result_coef_epoch,text_mismatch,## 7. 唯一ADC结果owner合同
contracts/PPG_CONTRACT_CLOSURE_MATRIX.md,3148,ppg_system_integration/PPG_ADC_MEASUREMENT_AND_IDAC_INTEGRATION_WRAPPER_INTERFACE_CONTRACT.md:753,ppg_system_integration/PPG_ADC_MEASUREMENT_AND_IDAC_INTEGRATION_WRAPPER_INTERFACE_CONTRACT.md,753,explicit,o_result_precision_mode,text_mismatch,## 7. 唯一ADC结果owner合同
contracts/PPG_CONTRACT_CLOSURE_MATRIX.md,3149,ppg_system_integration/PPG_ADC_MEASUREMENT_AND_IDAC_INTEGRATION_WRAPPER_INTERFACE_CONTRACT.md:753,ppg_system_integration/PPG_ADC_MEASUREMENT_AND_IDAC_INTEGRATION_WRAPPER_INTERFACE_CONTRACT.md,753,explicit,o_result_frame_id,text_mismatch,## 7. 唯一ADC结果owner合同
contracts/PPG_CONTRACT_CLOSURE_MATRIX.md,3150,ppg_system_integration/PPG_ADC_MEASUREMENT_AND_IDAC_INTEGRATION_WRAPPER_INTERFACE_CONTRACT.md:753,ppg_system_integration/PPG_ADC_MEASUREMENT_AND_IDAC_INTEGRATION_WRAPPER_INTERFACE_CONTRACT.md,753,explicit,o_result_sample_index,text_mismatch,## 7. 唯一ADC结果owner合同
contracts/PPG_CONTRACT_CLOSURE_MATRIX.md,3151,ppg_system_integration/PPG_ADC_MEASUREMENT_AND_IDAC_INTEGRATION_WRAPPER_INTERFACE_CONTRACT.md:753,ppg_system_integration/PPG_ADC_MEASUREMENT_AND_IDAC_INTEGRATION_WRAPPER_INTERFACE_CONTRACT.md,753,explicit,o_result_color_ir,text_mismatch,## 7. 唯一ADC结果owner合同
contracts/PPG_CONTRACT_CLOSURE_MATRIX.md,3152,ppg_system_integration/PPG_ADC_MEASUREMENT_AND_IDAC_INTEGRATION_WRAPPER_INTERFACE_CONTRACT.md:753,ppg_system_integration/PPG_ADC_MEASUREMENT_AND_IDAC_INTEGRATION_WRAPPER_INTERFACE_CONTRACT.md,753,explicit,o_result_frame_type,text_mismatch,## 7. 唯一ADC结果owner合同
contracts/PPG_CONTRACT_CLOSURE_MATRIX.md,3153,ppg_system_integration/PPG_ADC_MEASUREMENT_AND_IDAC_INTEGRATION_WRAPPER_INTERFACE_CONTRACT.md:753,ppg_system_integration/PPG_ADC_MEASUREMENT_AND_IDAC_INTEGRATION_WRAPPER_INTERFACE_CONTRACT.md,753,explicit,o_result_amb_code_snapshot,text_mismatch,## 7. 唯一ADC结果owner合同
contracts/PPG_CONTRACT_CLOSURE_MATRIX.md,3154,ppg_system_integration/PPG_ADC_MEASUREMENT_AND_IDAC_INTEGRATION_WRAPPER_INTERFACE_CONTRACT.md:753,ppg_system_integration/PPG_ADC_MEASUREMENT_AND_IDAC_INTEGRATION_WRAPPER_INTERFACE_CONTRACT.md,753,explicit,o_result_dc_code_snapshot,text_mismatch,## 7. 唯一ADC结果owner合同
contracts/PPG_CONTRACT_CLOSURE_MATRIX.md,3155,ppg_system_integration/PPG_ADC_MEASUREMENT_AND_IDAC_INTEGRATION_WRAPPER_INTERFACE_CONTRACT.md:753,ppg_system_integration/PPG_ADC_MEASUREMENT_AND_IDAC_INTEGRATION_WRAPPER_INTERFACE_CONTRACT.md,753,explicit,o_result_amb_code_epoch,text_mismatch,## 7. 唯一ADC结果owner合同
contracts/PPG_CONTRACT_CLOSURE_MATRIX.md,3156,ppg_system_integration/PPG_ADC_MEASUREMENT_AND_IDAC_INTEGRATION_WRAPPER_INTERFACE_CONTRACT.md:753,ppg_system_integration/PPG_ADC_MEASUREMENT_AND_IDAC_INTEGRATION_WRAPPER_INTERFACE_CONTRACT.md,753,explicit,o_result_dc_code_epoch,text_mismatch,## 7. 唯一ADC结果owner合同
contracts/PPG_CONTRACT_CLOSURE_MATRIX.md,3157,ppg_system_integration/PPG_ADC_MEASUREMENT_AND_IDAC_INTEGRATION_WRAPPER_INTERFACE_CONTRACT.md:753,ppg_system_integration/PPG_ADC_MEASUREMENT_AND_IDAC_INTEGRATION_WRAPPER_INTERFACE_CONTRACT.md,753,explicit,o_measurement_result_discard_event,text_mismatch,## 7. 唯一ADC结果owner合同
contracts/PPG_CONTRACT_CLOSURE_MATRIX.md,3158,ppg_system_integration/PPG_ADC_MEASUREMENT_AND_IDAC_INTEGRATION_WRAPPER_INTERFACE_CONTRACT.md:753,ppg_system_integration/PPG_ADC_MEASUREMENT_AND_IDAC_INTEGRATION_WRAPPER_INTERFACE_CONTRACT.md,753,explicit,o_measurement_result_discard_reason,text_mismatch,## 7. 唯一ADC结果owner合同
contracts/PPG_CONTRACT_CLOSURE_MATRIX.md,3159,ppg_system_integration/PPG_ADC_MEASUREMENT_AND_IDAC_INTEGRATION_WRAPPER_INTERFACE_CONTRACT.md:753,ppg_system_integration/PPG_ADC_MEASUREMENT_AND_IDAC_INTEGRATION_WRAPPER_INTERFACE_CONTRACT.md,753,explicit,o_measurement_result_discard_identity_valid,text_mismatch,## 7. 唯一ADC结果owner合同
contracts/PPG_CONTRACT_CLOSURE_MATRIX.md,3160,ppg_system_integration/PPG_ADC_MEASUREMENT_AND_IDAC_INTEGRATION_WRAPPER_INTERFACE_CONTRACT.md:753,ppg_system_integration/PPG_ADC_MEASUREMENT_AND_IDAC_INTEGRATION_WRAPPER_INTERFACE_CONTRACT.md,753,explicit,o_measurement_result_discard_sample_valid,text_mismatch,## 7. 唯一ADC结果owner合同
contracts/PPG_CONTRACT_CLOSURE_MATRIX.md,3161,ppg_system_integration/PPG_ADC_MEASUREMENT_AND_IDAC_INTEGRATION_WRAPPER_INTERFACE_CONTRACT.md:753,ppg_system_integration/PPG_ADC_MEASUREMENT_AND_IDAC_INTEGRATION_WRAPPER_INTERFACE_CONTRACT.md,753,explicit,o_measurement_result_discard_frame_id,text_mismatch,## 7. 唯一ADC结果owner合同
contracts/PPG_CONTRACT_CLOSURE_MATRIX.md,3162,ppg_system_integration/PPG_ADC_MEASUREMENT_AND_IDAC_INTEGRATION_WRAPPER_INTERFACE_CONTRACT.md:753,ppg_system_integration/PPG_ADC_MEASUREMENT_AND_IDAC_INTEGRATION_WRAPPER_INTERFACE_CONTRACT.md,753,explicit,o_measurement_result_discard_sample_index,text_mismatch,## 7. 唯一ADC结果owner合同
contracts/PPG_CONTRACT_CLOSURE_MATRIX.md,3163,ppg_system_integration/PPG_ADC_MEASUREMENT_AND_IDAC_INTEGRATION_WRAPPER_INTERFACE_CONTRACT.md:753,ppg_system_integration/PPG_ADC_MEASUREMENT_AND_IDAC_INTEGRATION_WRAPPER_INTERFACE_CONTRACT.md,753,explicit,o_measurement_result_discard_color_ir,text_mismatch,## 7. 唯一ADC结果owner合同
contracts/PPG_CONTRACT_CLOSURE_MATRIX.md,3164,ppg_system_integration/PPG_ADC_MEASUREMENT_AND_IDAC_INTEGRATION_WRAPPER_INTERFACE_CONTRACT.md:753,ppg_system_integration/PPG_ADC_MEASUREMENT_AND_IDAC_INTEGRATION_WRAPPER_INTERFACE_CONTRACT.md,753,explicit,o_measurement_result_discard_frame_type,text_mismatch,## 7. 唯一ADC结果owner合同
contracts/PPG_CONTRACT_CLOSURE_MATRIX.md,3165,ppg_system_integration/PPG_ADC_MEASUREMENT_AND_IDAC_INTEGRATION_WRAPPER_INTERFACE_CONTRACT.md:753,ppg_system_integration/PPG_ADC_MEASUREMENT_AND_IDAC_INTEGRATION_WRAPPER_INTERFACE_CONTRACT.md,753,explicit,o_measurement_result_discard_precision,text_mismatch,## 7. 唯一ADC结果owner合同
contracts/PPG_CONTRACT_CLOSURE_MATRIX.md,3166,ppg_system_integration/PPG_ADC_MEASUREMENT_AND_IDAC_INTEGRATION_WRAPPER_INTERFACE_CONTRACT.md:753,ppg_system_integration/PPG_ADC_MEASUREMENT_AND_IDAC_INTEGRATION_WRAPPER_INTERFACE_CONTRACT.md,753,explicit,o_measurement_result_discard_run_generation,text_mismatch,## 7. 唯一ADC结果owner合同
contracts/PPG_CONTRACT_CLOSURE_MATRIX.md,3167,ppg_system_integration/PPG_ADC_MEASUREMENT_AND_IDAC_INTEGRATION_WRAPPER_INTERFACE_CONTRACT.md:370,ppg_system_integration/PPG_ADC_MEASUREMENT_AND_IDAC_INTEGRATION_WRAPPER_INTERFACE_CONTRACT.md,370,explicit,o_detection_discard_event,text_mismatch,| --- | ---: | --- |
contracts/PPG_CONTRACT_CLOSURE_MATRIX.md,3168,ppg_system_integration/PPG_ADC_MEASUREMENT_AND_IDAC_INTEGRATION_WRAPPER_INTERFACE_CONTRACT.md:370,ppg_system_integration/PPG_ADC_MEASUREMENT_AND_IDAC_INTEGRATION_WRAPPER_INTERFACE_CONTRACT.md,370,explicit,o_detection_discard_reason,text_mismatch,| --- | ---: | --- |
contracts/PPG_CONTRACT_CLOSURE_MATRIX.md,3169,ppg_system_integration/PPG_ADC_MEASUREMENT_AND_IDAC_INTEGRATION_WRAPPER_INTERFACE_CONTRACT.md:370,ppg_system_integration/PPG_ADC_MEASUREMENT_AND_IDAC_INTEGRATION_WRAPPER_INTERFACE_CONTRACT.md,370,explicit,o_detection_discard_identity_valid,text_mismatch,| --- | ---: | --- |
contracts/PPG_CONTRACT_CLOSURE_MATRIX.md,3170,ppg_system_integration/PPG_ADC_MEASUREMENT_AND_IDAC_INTEGRATION_WRAPPER_INTERFACE_CONTRACT.md:370,ppg_system_integration/PPG_ADC_MEASUREMENT_AND_IDAC_INTEGRATION_WRAPPER_INTERFACE_CONTRACT.md,370,explicit,o_detection_discard_sample_valid,text_mismatch,| --- | ---: | --- |
contracts/PPG_CONTRACT_CLOSURE_MATRIX.md,3171,ppg_system_integration/PPG_ADC_MEASUREMENT_AND_IDAC_INTEGRATION_WRAPPER_INTERFACE_CONTRACT.md:370,ppg_system_integration/PPG_ADC_MEASUREMENT_AND_IDAC_INTEGRATION_WRAPPER_INTERFACE_CONTRACT.md,370,explicit,o_detection_discard_frame_id,text_mismatch,| --- | ---: | --- |
contracts/PPG_CONTRACT_CLOSURE_MATRIX.md,3172,ppg_system_integration/PPG_ADC_MEASUREMENT_AND_IDAC_INTEGRATION_WRAPPER_INTERFACE_CONTRACT.md:370,ppg_system_integration/PPG_ADC_MEASUREMENT_AND_IDAC_INTEGRATION_WRAPPER_INTERFACE_CONTRACT.md,370,explicit,o_detection_discard_sample_index,text_mismatch,| --- | ---: | --- |
contracts/PPG_CONTRACT_CLOSURE_MATRIX.md,3173,ppg_system_integration/PPG_ADC_MEASUREMENT_AND_IDAC_INTEGRATION_WRAPPER_INTERFACE_CONTRACT.md:370,ppg_system_integration/PPG_ADC_MEASUREMENT_AND_IDAC_INTEGRATION_WRAPPER_INTERFACE_CONTRACT.md,370,explicit,o_detection_discard_color_ir,text_mismatch,| --- | ---: | --- |
contracts/PPG_CONTRACT_CLOSURE_MATRIX.md,3174,ppg_system_integration/PPG_ADC_MEASUREMENT_AND_IDAC_INTEGRATION_WRAPPER_INTERFACE_CONTRACT.md:370,ppg_system_integration/PPG_ADC_MEASUREMENT_AND_IDAC_INTEGRATION_WRAPPER_INTERFACE_CONTRACT.md,370,explicit,o_detection_discard_frame_type,text_mismatch,| --- | ---: | --- |
contracts/PPG_CONTRACT_CLOSURE_MATRIX.md,3175,ppg_system_integration/PPG_ADC_MEASUREMENT_AND_IDAC_INTEGRATION_WRAPPER_INTERFACE_CONTRACT.md:370,ppg_system_integration/PPG_ADC_MEASUREMENT_AND_IDAC_INTEGRATION_WRAPPER_INTERFACE_CONTRACT.md,370,explicit,o_detection_discard_precision,text_mismatch,| --- | ---: | --- |
contracts/PPG_CONTRACT_CLOSURE_MATRIX.md,3176,ppg_system_integration/PPG_ADC_MEASUREMENT_AND_IDAC_INTEGRATION_WRAPPER_INTERFACE_CONTRACT.md:370,ppg_system_integration/PPG_ADC_MEASUREMENT_AND_IDAC_INTEGRATION_WRAPPER_INTERFACE_CONTRACT.md,370,explicit,o_detection_discard_config_epoch,text_mismatch,| --- | ---: | --- |
contracts/PPG_CONTRACT_CLOSURE_MATRIX.md,3177,ppg_system_integration/PPG_ADC_MEASUREMENT_AND_IDAC_INTEGRATION_WRAPPER_INTERFACE_CONTRACT.md:370,ppg_system_integration/PPG_ADC_MEASUREMENT_AND_IDAC_INTEGRATION_WRAPPER_INTERFACE_CONTRACT.md,370,explicit,o_detection_discard_coef_epoch,text_mismatch,| --- | ---: | --- |
contracts/PPG_CONTRACT_CLOSURE_MATRIX.md,3178,ppg_system_integration/PPG_ADC_MEASUREMENT_AND_IDAC_INTEGRATION_WRAPPER_INTERFACE_CONTRACT.md:370,ppg_system_integration/PPG_ADC_MEASUREMENT_AND_IDAC_INTEGRATION_WRAPPER_INTERFACE_CONTRACT.md,370,explicit,o_detection_discard_dc_recovery_epoch,text_mismatch,| --- | ---: | --- |
contracts/PPG_CONTRACT_CLOSURE_MATRIX.md,3179,ppg_system_integration/PPG_ADC_MEASUREMENT_AND_IDAC_INTEGRATION_WRAPPER_INTERFACE_CONTRACT.md:370,ppg_system_integration/PPG_ADC_MEASUREMENT_AND_IDAC_INTEGRATION_WRAPPER_INTERFACE_CONTRACT.md,370,explicit,o_detection_discard_amb_code_epoch,text_mismatch,| --- | ---: | --- |
contracts/PPG_CONTRACT_CLOSURE_MATRIX.md,3180,ppg_system_integration/PPG_ADC_MEASUREMENT_AND_IDAC_INTEGRATION_WRAPPER_INTERFACE_CONTRACT.md:370,ppg_system_integration/PPG_ADC_MEASUREMENT_AND_IDAC_INTEGRATION_WRAPPER_INTERFACE_CONTRACT.md,370,explicit,o_detection_discard_dc_code_epoch,text_mismatch,| --- | ---: | --- |
contracts/PPG_CONTRACT_CLOSURE_MATRIX.md,3181,ppg_system_integration/PPG_ADC_MEASUREMENT_AND_IDAC_INTEGRATION_WRAPPER_INTERFACE_CONTRACT.md:370,ppg_system_integration/PPG_ADC_MEASUREMENT_AND_IDAC_INTEGRATION_WRAPPER_INTERFACE_CONTRACT.md,370,explicit,o_detection_discard_run_generation,text_mismatch,| --- | ---: | --- |
contracts/PPG_CONTRACT_CLOSURE_MATRIX.md,3182,ppg_system_integration/PPG_ADC_MEASUREMENT_AND_IDAC_INTEGRATION_WRAPPER_INTERFACE_CONTRACT.md:633,ppg_system_integration/PPG_ADC_MEASUREMENT_AND_IDAC_INTEGRATION_WRAPPER_INTERFACE_CONTRACT.md,633,explicit,o_integration_protocol_error_sticky,text_mismatch,### 6.11 AMI local fault-record arbitration
contracts/PPG_CONTRACT_CLOSURE_MATRIX.md,3183,ppg_system_integration/PPG_ADC_MEASUREMENT_AND_IDAC_INTEGRATION_WRAPPER_INTERFACE_CONTRACT.md:412,ppg_system_integration/PPG_ADC_MEASUREMENT_AND_IDAC_INTEGRATION_WRAPPER_INTERFACE_CONTRACT.md,412,explicit,i_test_identity_inject_valid,text_mismatch,### 6.5b 受保护的验证专用异常注入接口
contracts/PPG_CONTRACT_CLOSURE_MATRIX.md,3184,ppg_system_integration/PPG_ADC_MEASUREMENT_AND_IDAC_INTEGRATION_WRAPPER_INTERFACE_CONTRACT.md:412,ppg_system_integration/PPG_ADC_MEASUREMENT_AND_IDAC_INTEGRATION_WRAPPER_INTERFACE_CONTRACT.md,412,explicit,o_test_identity_inject_ready,text_mismatch,### 6.5b 受保护的验证专用异常注入接口
contracts/PPG_CONTRACT_CLOSURE_MATRIX.md,3185,ppg_system_integration/PPG_ADC_MEASUREMENT_AND_IDAC_INTEGRATION_WRAPPER_INTERFACE_CONTRACT.md:412,ppg_system_integration/PPG_ADC_MEASUREMENT_AND_IDAC_INTEGRATION_WRAPPER_INTERFACE_CONTRACT.md,412,explicit,i_test_identity_inject_sample_index,text_mismatch,### 6.5b 受保护的验证专用异常注入接口
contracts/PPG_CONTRACT_CLOSURE_MATRIX.md,3186,ppg_system_integration/PPG_ADC_MEASUREMENT_AND_IDAC_INTEGRATION_WRAPPER_INTERFACE_CONTRACT.md:412,ppg_system_integration/PPG_ADC_MEASUREMENT_AND_IDAC_INTEGRATION_WRAPPER_INTERFACE_CONTRACT.md,412,explicit,i_test_invalid_sample_valid,text_mismatch,### 6.5b 受保护的验证专用异常注入接口
contracts/PPG_CONTRACT_CLOSURE_MATRIX.md,3187,ppg_system_integration/PPG_ADC_MEASUREMENT_AND_IDAC_INTEGRATION_WRAPPER_INTERFACE_CONTRACT.md:412,ppg_system_integration/PPG_ADC_MEASUREMENT_AND_IDAC_INTEGRATION_WRAPPER_INTERFACE_CONTRACT.md,412,explicit,o_test_invalid_sample_ready,text_mismatch,### 6.5b 受保护的验证专用异常注入接口
contracts/PPG_CONTRACT_CLOSURE_MATRIX.md,3188,ppg_system_integration/PPG_ADC_MEASUREMENT_AND_IDAC_INTEGRATION_WRAPPER_INTERFACE_CONTRACT.md:753,ppg_system_integration/PPG_ADC_MEASUREMENT_AND_IDAC_INTEGRATION_WRAPPER_INTERFACE_CONTRACT.md,753,explicit,o_result_sample_valid,text_mismatch,## 7. 唯一ADC结果owner合同
contracts/PPG_CONTRACT_CLOSURE_MATRIX.md,3189,ppg_idac_code_controller.v:2314,ppg_idac_code_controller.v,2314,explicit,,out_of_bounds,
contracts/PPG_CONTRACT_CLOSURE_MATRIX.md,3456,wrapper.v:480,wrapper.v,480,explicit,,missing_file,
contracts/PPG_ALIAS_MAPPING_TABLE.md,172,PPG_SESSION_HANDOFF_20260826_2.md:1044-1047,PPG_SESSION_HANDOFF_20260826_2.md,1044-1047,explicit,,missing_file,
contracts/PPG_ALIAS_MAPPING_TABLE.md,175,PPG_SESSION_HANDOFF_20260826_2.md:1042-1044,PPG_SESSION_HANDOFF_20260826_2.md,1042-1044,explicit,,missing_file,
contracts/PPG_ALIAS_MAPPING_TABLE.md,176,PPG_SESSION_HANDOFF_20260826_2.md:1042-1044,PPG_SESSION_HANDOFF_20260826_2.md,1042-1044,explicit,,missing_file,
