source,line,reference,kind,expected,status,target
contracts/PPG_CONTRACT_CLOSURE_MATRIX.md,1324,ppg_control_top.v:121,explicit_file_line,i_adc_physical_idle,text_mismatch,"		input [9:0] i_dout_stage2_low,                       // Stage2物理判决码，进入AMI（STAGE2）（二级）"
contracts/PPG_CONTRACT_CLOSURE_MATRIX.md,1331,ppg_control_top.v:96,explicit_file_line,i_clk,text_mismatch,	(
contracts/PPG_CONTRACT_CLOSURE_MATRIX.md,1332,ppg_control_top.v:114,explicit_file_line,i_control_abort_event,text_mismatch,"		input i_stop_event,                                     // 已同步STOP事件，参与唯一flag_stop_request_event合并"
contracts/PPG_CONTRACT_CLOSURE_MATRIX.md,1334,ppg_control_top.v:113,explicit_file_line,i_diag_clear_event,text_mismatch,"		input i_start_event,                                    // 已同步START事件，只进入V4控制平面"
contracts/PPG_CONTRACT_CLOSURE_MATRIX.md,1346,ppg_control_top.v:97,explicit_file_line,i_rstn,text_mismatch,		//-----------------全局时钟与复位-----------------//
contracts/PPG_CONTRACT_CLOSURE_MATRIX.md,1352,ppg_control_top.v:106,explicit_file_line,i_source_characterization_update_valid,text_mismatch,
contracts/PPG_CONTRACT_CLOSURE_MATRIX.md,1353,ppg_control_top.v:98,explicit_file_line,i_source_clk,text_mismatch,"		input i_clk,                                      // 唯一2 MHz数字系统域工作时钟"
contracts/PPG_CONTRACT_CLOSURE_MATRIX.md,1354,ppg_control_top.v:99,explicit_file_line,i_source_rstn,text_mismatch,"		input i_rstn,                                     // 2 MHz域低有效复位"
contracts/PPG_CONTRACT_CLOSURE_MATRIX.md,1355,ppg_control_top.v:107,explicit_file_line,i_source_static_characterization_enable,text_mismatch,		//---------------表征SPI source保持型接口---------------//
contracts/PPG_CONTRACT_CLOSURE_MATRIX.md,1362,ppg_control_top.v:112,explicit_file_line,i_stop_event,text_mismatch,		//---------------已同步生命周期与诊断输入---------------//
contracts/PPG_CONTRACT_CLOSURE_MATRIX.md,1365,ppg_control_top.v:130,explicit_file_line,i_test_identity_inject_sample_index,text_mismatch,"		input i_test_inject_enable,                         // 验证构建CONFIG/READY期间的注入模式请求，与C_ENABLE_TEST_INJECTION共同限定"
contracts/PPG_CONTRACT_CLOSURE_MATRIX.md,1366,ppg_control_top.v:129,explicit_file_line,i_test_identity_inject_valid,text_mismatch,		//---------------验证专用异常注入输入---------------//
contracts/PPG_CONTRACT_CLOSURE_MATRIX.md,1367,ppg_control_top.v:128,explicit_file_line,i_test_inject_enable,text_mismatch,
contracts/PPG_CONTRACT_CLOSURE_MATRIX.md,1368,ppg_control_top.v:131,explicit_file_line,i_test_invalid_sample_valid,text_mismatch,"		input i_test_identity_inject_valid,                 // 保持型one-shot错误完成身份请求"
contracts/PPG_CONTRACT_CLOSURE_MATRIX.md,1379,ppg_control_top.v:220,explicit_file_line,o_active_precision_mode,text_mismatch,"		output o_ami_datapath_empty,                              // AMI保持型数据链已经排空"
contracts/PPG_CONTRACT_CLOSURE_MATRIX.md,1388,ppg_control_top.v:233,explicit_file_line,o_characterization_control_reject_event,text_mismatch,"		output o_characterization_control_valid,                    // 复位后已存在一笔合法提交控制"
contracts/PPG_CONTRACT_CLOSURE_MATRIX.md,1389,ppg_control_top.v:232,explicit_file_line,o_characterization_control_update_event,text_mismatch,"		output o_source_characterization_update_ready,              // 独立CDC邮箱可接受一笔完整6-bit事务"
contracts/PPG_CONTRACT_CLOSURE_MATRIX.md,1390,ppg_control_top.v:231,explicit_file_line,o_characterization_control_valid,text_mismatch,"		output o_source_config_update_ready,                        // V4+V5联合ACTIVE的source侧CDC邮箱可接受下一笔快照，与config_transport_busy互为反相"
contracts/PPG_CONTRACT_CLOSURE_MATRIX.md,1391,ppg_control_top.v:234,explicit_file_line,o_characterization_protocol_error_sticky,text_mismatch,"		output o_characterization_control_update_event,             // 完整控制快照被目标域接受的单拍事件"
contracts/PPG_CONTRACT_CLOSURE_MATRIX.md,1396,ppg_control_top.v:273,explicit_file_line,o_detection_discard_event,text_mismatch,
contracts/PPG_CONTRACT_CLOSURE_MATRIX.md,1403,ppg_control_top.v:261,explicit_file_line,o_measurement_result_discard_event,text_mismatch,
contracts/PPG_CONTRACT_CLOSURE_MATRIX.md,1408,ppg_control_top.v:258,explicit_file_line,o_result_discard_summary_sticky,text_mismatch,"		output [C_RUN_GENERATION_WIDTH - 1:0] o_system_fault_run_generation, // first-fault所属RUN代际"
contracts/PPG_CONTRACT_CLOSURE_MATRIX.md,1409,ppg_control_top.v:194,explicit_file_line,o_result_sample_valid,text_mismatch,"		output [C_CODE_EPOCH_WIDTH - 1:0] o_result_amb_code_epoch, // 本笔结果AMB码版本"
contracts/PPG_CONTRACT_CLOSURE_MATRIX.md,1415,ppg_control_top.v:230,explicit_file_line,o_source_characterization_update_ready,text_mismatch,		//---------------表征控制source握手与诊断输出---------------//
contracts/PPG_CONTRACT_CLOSURE_MATRIX.md,1417,ppg_control_top.v:200,explicit_file_line,o_start_ack_event,text_mismatch,"		output o_start_ready,                                     // READY且所有启动资格满足"
contracts/PPG_CONTRACT_CLOSURE_MATRIX.md,1419,ppg_control_top.v:201,explicit_file_line,o_stop_ack_event,text_mismatch,"		output o_commit_ack_event,                                // 合法配置成为ACTIVE的单周期应答"
contracts/PPG_CONTRACT_CLOSURE_MATRIX.md,1422,ppg_control_top.v:244,explicit_file_line,o_system_abort_event,text_mismatch,		//---------------注册式系统故障/abort监督输出---------------//
contracts/PPG_CONTRACT_CLOSURE_MATRIX.md,1423,ppg_control_top.v:243,explicit_file_line,o_system_fault_blocking,text_mismatch,
contracts/PPG_CONTRACT_CLOSURE_MATRIX.md,1424,ppg_control_top.v:248,explicit_file_line,o_system_fault_cause,text_mismatch,"		output o_system_fault_discard_event,                        // supervisor产生的注册式单周期fault-discard选择事件"
contracts/PPG_CONTRACT_CLOSURE_MATRIX.md,1425,ppg_control_top.v:247,explicit_file_line,o_system_fault_cause_valid,text_mismatch,"		output o_system_stop_request_event,                         // supervisor产生的注册式单周期STOP请求观测"
contracts/PPG_CONTRACT_CLOSURE_MATRIX.md,1426,ppg_control_top.v:253,explicit_file_line,o_system_fault_color_ir,text_mismatch,"		output [C_FRAME_ID_WIDTH - 1:0] o_system_fault_frame_id,    // first-fault物理帧身份"
contracts/PPG_CONTRACT_CLOSURE_MATRIX.md,1427,ppg_control_top.v:246,explicit_file_line,o_system_fault_discard_event,text_mismatch,"		output o_system_abort_event,                                // 注册式单周期系统abort诊断/扇出事件"
contracts/PPG_CONTRACT_CLOSURE_MATRIX.md,1428,ppg_control_top.v:251,explicit_file_line,o_system_fault_frame_id,text_mismatch,"		output [3:0] o_system_fault_source,                         // 固定blocking source编码（SOURCE）（来源类）"
contracts/PPG_CONTRACT_CLOSURE_MATRIX.md,1429,ppg_control_top.v:254,explicit_file_line,o_system_fault_frame_type,text_mismatch,"		output [C_SAMPLE_INDEX_WIDTH - 1:0] o_system_fault_sample_index, // first-fault事务序号"
contracts/PPG_CONTRACT_CLOSURE_MATRIX.md,1430,ppg_control_top.v:250,explicit_file_line,o_system_fault_identity_valid,text_mismatch,"		output [7:0] o_system_fault_cause,                          // 固定blocking cause编码"
contracts/PPG_CONTRACT_CLOSURE_MATRIX.md,1431,ppg_control_top.v:255,explicit_file_line,o_system_fault_precision,text_mismatch,"		output o_system_fault_color_ir,                             // first-fault颜色身份"
contracts/PPG_CONTRACT_CLOSURE_MATRIX.md,1432,ppg_control_top.v:256,explicit_file_line,o_system_fault_run_generation,text_mismatch,"		output [1:0] o_system_fault_frame_type,                     // first-fault事务类型"
contracts/PPG_CONTRACT_CLOSURE_MATRIX.md,1433,ppg_control_top.v:252,explicit_file_line,o_system_fault_sample_index,text_mismatch,"		output o_system_fault_identity_valid,                       // first-fault身份字段有效位"
contracts/PPG_CONTRACT_CLOSURE_MATRIX.md,1434,ppg_control_top.v:249,explicit_file_line,o_system_fault_source,text_mismatch,"		output o_system_fault_cause_valid,                          // first-fault快照有效位"
contracts/PPG_CONTRACT_CLOSURE_MATRIX.md,1435,ppg_control_top.v:257,explicit_file_line,o_system_fault_summary,text_mismatch,"		output o_system_fault_precision,                            // first-fault精度身份"
contracts/PPG_CONTRACT_CLOSURE_MATRIX.md,1436,ppg_control_top.v:245,explicit_file_line,o_system_stop_request_event,text_mismatch,"		output o_system_fault_blocking,                             // 注册式系统阻断故障汇总状态"
contracts/PPG_CONTRACT_CLOSURE_MATRIX.md,1437,ppg_control_top.v:237,explicit_file_line,o_test_identity_inject_ready,text_mismatch,
contracts/PPG_CONTRACT_CLOSURE_MATRIX.md,1438,ppg_control_top.v:238,explicit_file_line,o_test_invalid_sample_ready,text_mismatch,		//---------------验证专用异常注入应答输出---------------//
contracts/PPG_CONTRACT_CLOSURE_MATRIX.md,1450,ppg_control_top.v:102,explicit_file_line,i_source_config_snapshot,text_mismatch,
contracts/PPG_CONTRACT_CLOSURE_MATRIX.md,1451,ppg_control_top.v:103,explicit_file_line,i_source_config_update_event,text_mismatch,		//---------------V4+V5联合ACTIVE源域接口---------------//
contracts/PPG_CONTRACT_CLOSURE_MATRIX.md,1452,ppg_control_top.v:111,explicit_file_line,i_start_event,text_mismatch,
contracts/PPG_CONTRACT_CLOSURE_MATRIX.md,1453,ppg_control_top.v:122,explicit_file_line,i_analog_ready,text_mismatch,"		input i_clk_stage2_dout_low_async,                   // Stage2异步完成保持电平，进入AMI（STAGE2）（二级）"
contracts/PPG_CONTRACT_CLOSURE_MATRIX.md,1454,ppg_control_top.v:197,explicit_file_line,o_lifecycle_state,text_mismatch,
contracts/PPG_CONTRACT_CLOSURE_MATRIX.md,1455,ppg_control_top.v:198,explicit_file_line,o_start_ready,text_mismatch,		//---------------V4/V5生命周期ACK与错误输出---------------//
contracts/PPG_CONTRACT_CLOSURE_MATRIX.md,1456,ppg_control_top.v:199,explicit_file_line,o_commit_ack_event,text_mismatch,"		output [1:0] o_lifecycle_state,                           // CONFIG、READY、RUN或STOPPING"
contracts/PPG_CONTRACT_CLOSURE_MATRIX.md,1457,ppg_control_top.v:202,explicit_file_line,o_error_event,text_mismatch,"		output o_start_ack_event,                                 // START合法接受的单周期应答"
contracts/PPG_CONTRACT_CLOSURE_MATRIX.md,1458,ppg_control_top.v:203,explicit_file_line,o_commit_ack_sticky,text_mismatch,"		output o_stop_ack_event,                                  // STOP接受或幂等处理的单周期应答"
contracts/PPG_CONTRACT_CLOSURE_MATRIX.md,1459,ppg_control_top.v:204,explicit_file_line,o_error_sticky,text_mismatch,"		output o_error_event,                                     // 当前配置或命令被拒绝的单周期事件"
contracts/PPG_CONTRACT_CLOSURE_MATRIX.md,1460,ppg_control_top.v:205,explicit_file_line,o_last_error_code,text_mismatch,"		output o_commit_ack_sticky,                               // 配置成功sticky状态"
contracts/PPG_CONTRACT_CLOSURE_MATRIX.md,1461,ppg_control_top.v:206,explicit_file_line,o_schema_version,text_mismatch,"		output o_error_sticky,                                    // 错误汇总sticky状态"
contracts/PPG_CONTRACT_CLOSURE_MATRIX.md,1462,ppg_control_top.v:207,explicit_file_line,o_config_epoch,text_mismatch,"		output [7:0] o_last_error_code,                           // 最近一次错误分类码"
contracts/PPG_CONTRACT_CLOSURE_MATRIX.md,1463,ppg_control_top.v:208,explicit_file_line,o_coef_epoch,text_mismatch,"		output [7:0] o_schema_version,                            // V4快照格式版本"
contracts/PPG_CONTRACT_CLOSURE_MATRIX.md,1464,ppg_control_top.v:209,explicit_file_line,o_stage2_coef_epoch,text_mismatch,"		output [7:0] o_config_epoch,                              // 完整配置版本"
contracts/PPG_CONTRACT_CLOSURE_MATRIX.md,1465,ppg_control_top.v:210,explicit_file_line,o_dc_recovery_coef_epoch,text_mismatch,"		output [7:0] o_coef_epoch,                                // Stage1系数版本"
contracts/PPG_CONTRACT_CLOSURE_MATRIX.md,1466,ppg_control_top.v:229,explicit_file_line,o_source_config_update_ready,text_mismatch,
contracts/PPG_CONTRACT_CLOSURE_MATRIX.md,1467,ppg_control_top.v:108,explicit_file_line,i_source_test_mux_ctrl,text_mismatch,"		input i_source_characterization_update_valid,           // 保持型source表征控制更新请求，直到CDC握手接受"
contracts/PPG_CONTRACT_CLOSURE_MATRIX.md,1468,ppg_control_top.v:134,explicit_file_line,i_context_handover_stall_request,text_mismatch,"		input i_test_saturation_inject_valid,               // 保持型one-shot饱和注入请求，透传给内部IDAC控制器"
contracts/PPG_CONTRACT_CLOSURE_MATRIX.md,1469,ppg_control_top.v:137,explicit_file_line,o_en_tia_low,text_mismatch,
contracts/PPG_CONTRACT_CLOSURE_MATRIX.md,1470,ppg_control_top.v:138,explicit_file_line,o_leddac,text_mismatch,		//---------------SSW模拟控制原样输出---------------//
contracts/PPG_CONTRACT_CLOSURE_MATRIX.md,1471,ppg_control_top.v:139,explicit_file_line,o_leden1_low,text_mismatch,"		output o_en_tia_low,                               // 跨阻放大使能，低有效"
contracts/PPG_CONTRACT_CLOSURE_MATRIX.md,1472,ppg_control_top.v:140,explicit_file_line,o_leden2_low,text_mismatch,"		output [7:0] o_leddac,                             // LED驱动数模码"
contracts/PPG_CONTRACT_CLOSURE_MATRIX.md,1473,ppg_control_top.v:141,explicit_file_line,o_en_test,text_mismatch,"		output o_leden1_low,                               // 红光LED选择，低有效"
contracts/PPG_CONTRACT_CLOSURE_MATRIX.md,1474,ppg_control_top.v:142,explicit_file_line,o_clk_buf_low,text_mismatch,"		output o_leden2_low,                               // 红外LED选择，低有效"
contracts/PPG_CONTRACT_CLOSURE_MATRIX.md,1475,ppg_control_top.v:143,explicit_file_line,o_clk_iref_idac_low,text_mismatch,"		output o_en_test,                                  // 模拟测试模式使能"
contracts/PPG_CONTRACT_CLOSURE_MATRIX.md,1476,ppg_control_top.v:144,explicit_file_line,o_clk_9q1_low,text_mismatch,"		output o_clk_buf_low,                              // 时钟缓冲，低有效"
contracts/PPG_CONTRACT_CLOSURE_MATRIX.md,1477,ppg_control_top.v:145,explicit_file_line,o_clk_15q1_low,text_mismatch,"		output o_clk_iref_idac_low,                        // 参考电流IDAC时钟，低有效"
contracts/PPG_CONTRACT_CLOSURE_MATRIX.md,1478,ppg_control_top.v:146,explicit_file_line,o_clk_aferst_low,text_mismatch,"		output o_clk_9q1_low,                              // 九位第一相位时钟，低有效"
contracts/PPG_CONTRACT_CLOSURE_MATRIX.md,1479,ppg_control_top.v:147,explicit_file_line,o_clk_iref_idac_sar9_low,text_mismatch,"		output o_clk_15q1_low,                             // 十五位第一相位时钟，低有效"
contracts/PPG_CONTRACT_CLOSURE_MATRIX.md,1480,ppg_control_top.v:148,explicit_file_line,o_clk_iref_idac_sar15_low,text_mismatch,"		output o_clk_aferst_low,                           // 前端复位时钟，低有效"
contracts/PPG_CONTRACT_CLOSURE_MATRIX.md,1481,ppg_control_top.v:149,explicit_file_line,o_clk_q2_low,text_mismatch,"		output o_clk_iref_idac_sar9_low,                   // 九位转换参考电流IDAC时钟，低有效"
contracts/PPG_CONTRACT_CLOSURE_MATRIX.md,1482,ppg_control_top.v:150,explicit_file_line,o_clk_q3_low,text_mismatch,"		output o_clk_iref_idac_sar15_low,                  // 十五位转换参考电流IDAC时钟，低有效"
contracts/PPG_CONTRACT_CLOSURE_MATRIX.md,1483,ppg_control_top.v:151,explicit_file_line,o_clk_tiaen_low,text_mismatch,"		output o_clk_q2_low,                               // 第二相位时钟，低有效"
contracts/PPG_CONTRACT_CLOSURE_MATRIX.md,1484,ppg_control_top.v:152,explicit_file_line,o_en_15sar_low,text_mismatch,"		output o_clk_q3_low,                               // 第三相位采样中心时钟，低有效"
contracts/PPG_CONTRACT_CLOSURE_MATRIX.md,1485,ppg_control_top.v:153,explicit_file_line,o_en_sar9_amb_low,text_mismatch,"		output o_clk_tiaen_low,                            // 跨阻放大使能时钟，低有效"
contracts/PPG_CONTRACT_CLOSURE_MATRIX.md,1486,ppg_control_top.v:154,explicit_file_line,o_en_sar9_dc_low,text_mismatch,"		output o_en_15sar_low,                             // 十五位SAR使能，低有效"
contracts/PPG_CONTRACT_CLOSURE_MATRIX.md,1487,ppg_control_top.v:155,explicit_file_line,o_en_sar9_iref,text_mismatch,"		output o_en_sar9_amb_low,                          // 九位AMB通路使能，低有效"
contracts/PPG_CONTRACT_CLOSURE_MATRIX.md,1488,ppg_control_top.v:156,explicit_file_line,o_en_sar15_amb_low,text_mismatch,"		output o_en_sar9_dc_low,                           // 九位DC通路使能，低有效（DC）（直流）"
contracts/PPG_CONTRACT_CLOSURE_MATRIX.md,1489,ppg_control_top.v:157,explicit_file_line,o_en_sar15_dc_low,text_mismatch,"		output o_en_sar9_iref,                             // 九位参考电流使能"
contracts/PPG_CONTRACT_CLOSURE_MATRIX.md,1490,ppg_control_top.v:158,explicit_file_line,o_en_sar15_iref,text_mismatch,"		output o_en_sar15_amb_low,                         // 十五位AMB通路使能，低有效"
contracts/PPG_CONTRACT_CLOSURE_MATRIX.md,1491,ppg_control_top.v:159,explicit_file_line,o_idac_sar9ambn_low,text_mismatch,"		output o_en_sar15_dc_low,                          // 十五位DC通路使能，低有效（DC）（直流）"
contracts/PPG_CONTRACT_CLOSURE_MATRIX.md,1492,ppg_control_top.v:160,explicit_file_line,o_idac_sar9dcn_low,text_mismatch,"		output o_en_sar15_iref,                            // 十五位参考电流使能"
contracts/PPG_CONTRACT_CLOSURE_MATRIX.md,1493,ppg_control_top.v:161,explicit_file_line,o_idac_sar15ambn_low,text_mismatch,"		output [7:0] o_idac_sar9ambn_low,                  // 九位AMB电流数模总线，低有效"
contracts/PPG_CONTRACT_CLOSURE_MATRIX.md,1494,ppg_control_top.v:162,explicit_file_line,o_idac_sar15dcn_low,text_mismatch,"		output [7:0] o_idac_sar9dcn_low,                   // 九位DC电流数模总线，低有效（SAR9DCN）（九位直流总线）"
contracts/PPG_CONTRACT_CLOSURE_MATRIX.md,1495,ppg_control_top.v:163,explicit_file_line,o_s_in,text_mismatch,"		output [7:0] o_idac_sar15ambn_low,                 // 十五位AMB电流数模总线，低有效"
contracts/PPG_CONTRACT_CLOSURE_MATRIX.md,1496,ppg_control_top.v:164,explicit_file_line,o_clk_2m,text_mismatch,"		output [7:0] o_idac_sar15dcn_low,                  // 十五位DC电流数模总线，低有效（SAR15DCN）（十五位直流总线）"
contracts/PPG_CONTRACT_CLOSURE_MATRIX.md,1497,ppg_control_top.v:213,explicit_file_line,o_scheduler_idle,text_mismatch,
contracts/PPG_CONTRACT_CLOSURE_MATRIX.md,1498,ppg_control_top.v:214,explicit_file_line,o_scheduler_launch_timeout_sticky,text_mismatch,		//---------------调度器/AMI/SSW只读诊断输出---------------//
contracts/PPG_CONTRACT_CLOSURE_MATRIX.md,1499,ppg_control_top.v:215,explicit_file_line,o_scheduler_owner_deadline_timeout_sticky,text_mismatch,"		output o_scheduler_idle,                                  // 调度器数字与物理时序均排空"
contracts/PPG_CONTRACT_CLOSURE_MATRIX.md,1500,ppg_control_top.v:216,explicit_file_line,o_scheduler_completion_mismatch_sticky,text_mismatch,"		output o_scheduler_launch_timeout_sticky,                 // 调度器波形接管错过诊断"
contracts/PPG_CONTRACT_CLOSURE_MATRIX.md,1501,ppg_control_top.v:217,explicit_file_line,o_scheduler_protocol_error_sticky,text_mismatch,"		output o_scheduler_owner_deadline_timeout_sticky,         // 调度器ADC owner截止错过诊断"
contracts/PPG_CONTRACT_CLOSURE_MATRIX.md,1502,ppg_control_top.v:222,explicit_file_line,o_ssw_wrapper_idle,text_mismatch,"		output o_active_precision_mode,                           // 系统唯一committed采集精度实时电平，供片外glue顶层选择物理ADC Stage1/Stage2 DONE并随P2S固定字段外发"
contracts/PPG_CONTRACT_CLOSURE_MATRIX.md,1503,ppg_control_top.v:223,explicit_file_line,o_ssw_switch_protocol_error_sticky,text_mismatch,"		output o_ami_integration_protocol_error_sticky,           // AMI集成协议异常历史诊断"
contracts/PPG_CONTRACT_CLOSURE_MATRIX.md,1504,ppg_control_top.v:224,explicit_file_line,o_ssw_transaction_mismatch_sticky,text_mismatch,"		output o_ssw_wrapper_idle,                                // SSW封装完整空闲状态"
contracts/PPG_CONTRACT_CLOSURE_MATRIX.md,1505,ppg_control_top.v:225,explicit_file_line,o_ssw_owner_deadline_timeout_sticky,text_mismatch,"		output o_ssw_switch_protocol_error_sticky,                // SSW切换协议错误保持"
contracts/PPG_CONTRACT_CLOSURE_MATRIX.md,1506,ppg_control_top.v:226,explicit_file_line,o_ssw_calibration_timeout_sticky,text_mismatch,"		output o_ssw_transaction_mismatch_sticky,                 // SSW事务失配保持"
contracts/PPG_CONTRACT_CLOSURE_MATRIX.md,1507,ppg_control_top.v:117,explicit_file_line,i_dout_stage1_low,text_mismatch,
contracts/PPG_CONTRACT_CLOSURE_MATRIX.md,1508,ppg_control_top.v:118,explicit_file_line,i_clk_stage1_dout_low_async,text_mismatch,		//---------------物理ADC与模拟边界输入---------------//
contracts/PPG_CONTRACT_CLOSURE_MATRIX.md,1509,ppg_control_top.v:119,explicit_file_line,i_dout_stage2_low,text_mismatch,"		input [9:0] i_dout_stage1_low,                       // Stage1物理判决码，进入AMI"
contracts/PPG_CONTRACT_CLOSURE_MATRIX.md,1510,ppg_control_top.v:120,explicit_file_line,i_clk_stage2_dout_low_async,text_mismatch,"		input i_clk_stage1_dout_low_async,                   // Stage1异步完成保持电平，进入AMI"
contracts/PPG_CONTRACT_CLOSURE_MATRIX.md,1511,ppg_control_top.v:125,explicit_file_line,i_measurement_result_ready,text_mismatch,
contracts/PPG_CONTRACT_CLOSURE_MATRIX.md,1512,ppg_control_top.v:132,explicit_file_line,i_test_saturation_inject_valid,text_mismatch,"		input [C_SAMPLE_INDEX_WIDTH - 1:0] i_test_identity_inject_sample_index, // 显式错误完成sample index payload"
contracts/PPG_CONTRACT_CLOSURE_MATRIX.md,1513,ppg_control_top.v:133,explicit_file_line,i_test_calibration_loss_inject_valid,text_mismatch,"		input i_test_invalid_sample_valid,                  // 保持型one-shot invalid-sample请求"
contracts/PPG_CONTRACT_CLOSURE_MATRIX.md,1514,ppg_control_top.v:167,explicit_file_line,o_measurement_result_valid,text_mismatch,
contracts/PPG_CONTRACT_CLOSURE_MATRIX.md,1515,ppg_control_top.v:168,explicit_file_line,o_coarse_ppg_value,text_mismatch,		//---------------AMI正式测量结果输出---------------//
contracts/PPG_CONTRACT_CLOSURE_MATRIX.md,1516,ppg_control_top.v:169,explicit_file_line,o_coarse_valid,text_mismatch,"		output o_measurement_result_valid,                 // 正式结果保持有效至消费"
contracts/PPG_CONTRACT_CLOSURE_MATRIX.md,1517,ppg_control_top.v:170,explicit_file_line,o_coarse_recovery_calibrated,text_mismatch,"		output signed [23:0] o_coarse_ppg_value,           // DC恢复后粗PPG值"
contracts/PPG_CONTRACT_CLOSURE_MATRIX.md,1518,ppg_control_top.v:171,explicit_file_line,o_coarse_saturation_low,text_mismatch,"		output o_coarse_valid,                             // 粗结果有效资格"
contracts/PPG_CONTRACT_CLOSURE_MATRIX.md,1519,ppg_control_top.v:172,explicit_file_line,o_coarse_saturation_high,text_mismatch,"		output o_coarse_recovery_calibrated,               // 粗结果正式恢复资格"
contracts/PPG_CONTRACT_CLOSURE_MATRIX.md,1520,ppg_control_top.v:173,explicit_file_line,o_fine_ppg_value,text_mismatch,"		output o_coarse_saturation_low,                    // 粗结果负向饱和诊断"
contracts/PPG_CONTRACT_CLOSURE_MATRIX.md,1521,ppg_control_top.v:174,explicit_file_line,o_fine_valid,text_mismatch,"		output o_coarse_saturation_high,                   // 粗结果正向饱和诊断"
contracts/PPG_CONTRACT_CLOSURE_MATRIX.md,1522,ppg_control_top.v:175,explicit_file_line,o_fine_recovery_calibrated,text_mismatch,"		output signed [23:0] o_fine_ppg_value,             // DC恢复后精细PPG值"
contracts/PPG_CONTRACT_CLOSURE_MATRIX.md,1523,ppg_control_top.v:176,explicit_file_line,o_fine_saturation_low,text_mismatch,"		output o_fine_valid,                               // 精细结果有效资格"
contracts/PPG_CONTRACT_CLOSURE_MATRIX.md,1524,ppg_control_top.v:177,explicit_file_line,o_fine_saturation_high,text_mismatch,"		output o_fine_recovery_calibrated,                 // 精细结果正式恢复资格"
contracts/PPG_CONTRACT_CLOSURE_MATRIX.md,1525,ppg_control_top.v:178,explicit_file_line,o_calibrated_s1_value,text_mismatch,"		output o_fine_saturation_low,                      // 精细结果负向饱和诊断"
contracts/PPG_CONTRACT_CLOSURE_MATRIX.md,1526,ppg_control_top.v:179,explicit_file_line,o_programmable_15_code,text_mismatch,"		output o_fine_saturation_high,                     // 精细结果正向饱和诊断"
contracts/PPG_CONTRACT_CLOSURE_MATRIX.md,1527,ppg_control_top.v:180,explicit_file_line,o_programmable_15_valid,text_mismatch,"		output signed [11:0] o_calibrated_s1_value,        // 正式Stage1校准残差"
contracts/PPG_CONTRACT_CLOSURE_MATRIX.md,1528,ppg_control_top.v:181,explicit_file_line,o_result_config_epoch,text_mismatch,"		output signed [14:0] o_programmable_15_code,       // 正式可编程15-bit残差"
contracts/PPG_CONTRACT_CLOSURE_MATRIX.md,1529,ppg_control_top.v:182,explicit_file_line,o_result_coef_epoch,text_mismatch,"		output o_programmable_15_valid,                    // 可编程精细结果资格"
contracts/PPG_CONTRACT_CLOSURE_MATRIX.md,1530,ppg_control_top.v:183,explicit_file_line,o_result_stage2_coef_epoch,text_mismatch,"		output [C_CONFIG_EPOCH_WIDTH - 1:0] o_result_config_epoch, // 本笔结果ACTIVE版本"
contracts/PPG_CONTRACT_CLOSURE_MATRIX.md,1531,ppg_control_top.v:184,explicit_file_line,o_result_dc_coef_epoch,text_mismatch,"		output [C_COEF_EPOCH_WIDTH - 1:0] o_result_coef_epoch, // 本笔结果Stage1系数版本"
contracts/PPG_CONTRACT_CLOSURE_MATRIX.md,1532,ppg_control_top.v:185,explicit_file_line,o_result_precision_mode,text_mismatch,"		output [C_COEF_EPOCH_WIDTH - 1:0] o_result_stage2_coef_epoch, // 本笔结果Stage2系数版本（STAGE2）（二级）"
contracts/PPG_CONTRACT_CLOSURE_MATRIX.md,1533,ppg_control_top.v:186,explicit_file_line,o_result_frame_id,text_mismatch,"		output [C_DC_RECOVERY_EPOCH_WIDTH - 1:0] o_result_dc_coef_epoch, // 本笔结果DC恢复版本"
contracts/PPG_CONTRACT_CLOSURE_MATRIX.md,1534,ppg_control_top.v:187,explicit_file_line,o_result_sample_index,text_mismatch,"		output o_result_precision_mode,                    // 本笔结果精度快照"
contracts/PPG_CONTRACT_CLOSURE_MATRIX.md,1535,ppg_control_top.v:188,explicit_file_line,o_result_color_ir,text_mismatch,"		output [C_FRAME_ID_WIDTH - 1:0] o_result_frame_id, // 本笔结果物理帧号"
contracts/PPG_CONTRACT_CLOSURE_MATRIX.md,1536,ppg_control_top.v:189,explicit_file_line,o_result_frame_type,text_mismatch,"		output [C_SAMPLE_INDEX_WIDTH - 1:0] o_result_sample_index, // 本笔结果全局序号"
contracts/PPG_CONTRACT_CLOSURE_MATRIX.md,1537,ppg_control_top.v:190,explicit_file_line,o_result_amb_code_snapshot,text_mismatch,"		output o_result_color_ir,                          // 本笔结果颜色身份"
contracts/PPG_CONTRACT_CLOSURE_MATRIX.md,1538,ppg_control_top.v:191,explicit_file_line,o_result_dc_code_snapshot,text_mismatch,"		output [1:0] o_result_frame_type,                  // 本笔结果帧类型编码"
contracts/PPG_CONTRACT_CLOSURE_MATRIX.md,1539,ppg_control_top.v:192,explicit_file_line,o_result_amb_code_epoch,text_mismatch,"		output [7:0] o_result_amb_code_snapshot,           // 本笔结果AMB码快照"
contracts/PPG_CONTRACT_CLOSURE_MATRIX.md,1540,ppg_control_top.v:193,explicit_file_line,o_result_dc_code_epoch,text_mismatch,"		output [7:0] o_result_dc_code_snapshot,            // 本笔结果颜色DC码快照"
contracts/PPG_CONTRACT_CLOSURE_MATRIX.md,1541,ppg_control_top.v:218,explicit_file_line,o_ami_datapath_empty,text_mismatch,"		output o_scheduler_completion_mismatch_sticky,            // 调度器DONE身份错配诊断"
contracts/PPG_CONTRACT_CLOSURE_MATRIX.md,1542,ppg_control_top.v:219,explicit_file_line,o_ami_idac_idle,text_mismatch,"		output o_scheduler_protocol_error_sticky,                 // 调度器握手或编码协议诊断"
contracts/PPG_CONTRACT_CLOSURE_MATRIX.md,1543,ppg_control_top.v:221,explicit_file_line,o_ami_integration_protocol_error_sticky,text_mismatch,"		output o_ami_idac_idle,                                   // AMI IDAC控制器真实空闲状态"
contracts/PPG_CONTRACT_CLOSURE_MATRIX.md,1544,ppg_control_top.v:239,explicit_file_line,o_test_saturation_inject_ready,text_mismatch,"		output o_test_identity_inject_ready,                    // AMI当前可原子绑定identity请求"
contracts/PPG_CONTRACT_CLOSURE_MATRIX.md,1545,ppg_control_top.v:240,explicit_file_line,o_test_calibration_loss_inject_ready,text_mismatch,"		output o_test_invalid_sample_ready,                     // AMI当前可原子绑定invalid请求（INVALID_SAMPLE）（无效类采样类）"
contracts/PPG_CONTRACT_CLOSURE_MATRIX.md,1546,ppg_control_top.v:262,explicit_file_line,o_measurement_result_discard_reason,text_mismatch,		//---------------AMI正式结果discard公开观测输出---------------//
contracts/PPG_CONTRACT_CLOSURE_MATRIX.md,1547,ppg_control_top.v:263,explicit_file_line,o_measurement_result_discard_identity_valid,text_mismatch,"		output o_measurement_result_discard_event,                    // 正式结果生命周期丢弃单拍观测"
contracts/PPG_CONTRACT_CLOSURE_MATRIX.md,1548,ppg_control_top.v:264,explicit_file_line,o_measurement_result_discard_sample_valid,text_mismatch,"		output [1:0] o_measurement_result_discard_reason,             // STOP、abort或系统故障三态丢弃原因"
contracts/PPG_CONTRACT_CLOSURE_MATRIX.md,1549,ppg_control_top.v:265,explicit_file_line,o_measurement_result_discard_frame_id,text_mismatch,"		output o_measurement_result_discard_identity_valid,           // 事件为高时恒为1"
contracts/PPG_CONTRACT_CLOSURE_MATRIX.md,1550,ppg_control_top.v:266,explicit_file_line,o_measurement_result_discard_sample_index,text_mismatch,"		output o_measurement_result_discard_sample_valid,             // 被丢弃正式结果的独立样本资格快照"
contracts/PPG_CONTRACT_CLOSURE_MATRIX.md,1551,ppg_control_top.v:267,explicit_file_line,o_measurement_result_discard_color_ir,text_mismatch,"		output [C_FRAME_ID_WIDTH - 1:0] o_measurement_result_discard_frame_id, // 被丢弃事务的真实物理帧号"
contracts/PPG_CONTRACT_CLOSURE_MATRIX.md,1552,ppg_control_top.v:268,explicit_file_line,o_measurement_result_discard_frame_type,text_mismatch,"		output [C_SAMPLE_INDEX_WIDTH - 1:0] o_measurement_result_discard_sample_index, // 被丢弃事务的全局顺序编号"
contracts/PPG_CONTRACT_CLOSURE_MATRIX.md,1553,ppg_control_top.v:269,explicit_file_line,o_measurement_result_discard_precision,text_mismatch,"		output o_measurement_result_discard_color_ir,                 // 被丢弃事务的颜色身份"
contracts/PPG_CONTRACT_CLOSURE_MATRIX.md,1554,ppg_control_top.v:270,explicit_file_line,o_measurement_result_discard_run_generation,text_mismatch,"		output [1:0] o_measurement_result_discard_frame_type,         // 被丢弃事务的帧类型编码"
contracts/PPG_CONTRACT_CLOSURE_MATRIX.md,1555,ppg_control_top.v:274,explicit_file_line,o_detection_discard_reason,text_mismatch,		//---------------AMI检测代际清空公开观测输出---------------//
contracts/PPG_CONTRACT_CLOSURE_MATRIX.md,1556,ppg_control_top.v:275,explicit_file_line,o_detection_discard_identity_valid,text_mismatch,"		output o_detection_discard_event,                          // 检测代际清空广播的公开单拍观测"
contracts/PPG_CONTRACT_CLOSURE_MATRIX.md,1557,ppg_control_top.v:276,explicit_file_line,o_detection_discard_sample_valid,text_mismatch,"		output [1:0] o_detection_discard_reason,                   // STOP、abort或系统故障三态原因编码"
contracts/PPG_CONTRACT_CLOSURE_MATRIX.md,1558,ppg_control_top.v:277,explicit_file_line,o_detection_discard_frame_id,text_mismatch,"		output o_detection_discard_identity_valid,                 // 触发广播时是否命中真实保留检测分支事务"
contracts/PPG_CONTRACT_CLOSURE_MATRIX.md,1559,ppg_control_top.v:278,explicit_file_line,o_detection_discard_sample_index,text_mismatch,"		output o_detection_discard_sample_valid,                   // 触发事务的独立样本资格快照"
contracts/PPG_CONTRACT_CLOSURE_MATRIX.md,1560,ppg_control_top.v:279,explicit_file_line,o_detection_discard_color_ir,text_mismatch,"		output [C_FRAME_ID_WIDTH - 1:0] o_detection_discard_frame_id, // 触发事务的真实物理帧号"
contracts/PPG_CONTRACT_CLOSURE_MATRIX.md,1561,ppg_control_top.v:280,explicit_file_line,o_detection_discard_frame_type,text_mismatch,"		output [C_SAMPLE_INDEX_WIDTH - 1:0] o_detection_discard_sample_index, // 触发事务的全局顺序编号"
contracts/PPG_CONTRACT_CLOSURE_MATRIX.md,1562,ppg_control_top.v:281,explicit_file_line,o_detection_discard_precision,text_mismatch,"		output o_detection_discard_color_ir,                       // 触发事务的颜色身份"
contracts/PPG_CONTRACT_CLOSURE_MATRIX.md,1563,ppg_control_top.v:282,explicit_file_line,o_detection_discard_config_epoch,text_mismatch,"		output [1:0] o_detection_discard_frame_type,               // 触发事务的帧类型编码"
contracts/PPG_CONTRACT_CLOSURE_MATRIX.md,1564,ppg_control_top.v:283,explicit_file_line,o_detection_discard_coef_epoch,text_mismatch,"		output o_detection_discard_precision,                      // 触发事务建立时所属的精度模式"
contracts/PPG_CONTRACT_CLOSURE_MATRIX.md,1565,ppg_control_top.v:284,explicit_file_line,o_detection_discard_dc_recovery_epoch,text_mismatch,"		output [C_CONFIG_EPOCH_WIDTH - 1:0] o_detection_discard_config_epoch, // 触发事务ACTIVE配置版本"
contracts/PPG_CONTRACT_CLOSURE_MATRIX.md,1566,ppg_control_top.v:285,explicit_file_line,o_detection_discard_amb_code_epoch,text_mismatch,"		output [C_COEF_EPOCH_WIDTH - 1:0] o_detection_discard_coef_epoch, // 触发事务Stage1系数版本"
contracts/PPG_CONTRACT_CLOSURE_MATRIX.md,1567,ppg_control_top.v:286,explicit_file_line,o_detection_discard_dc_code_epoch,text_mismatch,"		output [C_DC_RECOVERY_EPOCH_WIDTH - 1:0] o_detection_discard_dc_recovery_epoch, // 触发事务DC恢复版本"
contracts/PPG_CONTRACT_CLOSURE_MATRIX.md,1568,ppg_control_top.v:287,explicit_file_line,o_detection_discard_run_generation,text_mismatch,"		output [C_CODE_EPOCH_WIDTH - 1:0] o_detection_discard_amb_code_epoch, // 触发事务环境光抵消码提交版本"
contracts/PPG_CONTRACT_CLOSURE_MATRIX.md,1569,ppg_control_top.v:290,explicit_file_line,o_s1_calibration_applied,text_mismatch,
contracts/PPG_CONTRACT_CLOSURE_MATRIX.md,1570,ppg_control_top.v:291,explicit_file_line,o_s1_raw,text_mismatch,		//---------------P2S遥测边界透传---------------//
contracts/PPG_CONTRACT_CLOSURE_MATRIX.md,1571,ppg_control_top.v:292,explicit_file_line,o_s2_raw,text_mismatch,"		output o_s1_calibration_applied,               // Stage1校准资格，DC恢复自己原子事务载荷重新导出版本，供片外glue顶层P2S固定字段外发"
contracts/PPG_CONTRACT_CLOSURE_MATRIX.md,1725,ppg_active_v4_control_plane_integration.v:784,explicit_file_line,,out_of_bounds,
contracts/PPG_CONTRACT_CLOSURE_MATRIX.md,2341,"ppg_precision_window_integration.v:768,1103",explicit_file_line,,out_of_bounds,
contracts/PPG_CONTRACT_CLOSURE_MATRIX.md,2350,"ppg_precision_window_integration.v:777,1107",explicit_file_line,,out_of_bounds,
contracts/PPG_CONTRACT_CLOSURE_MATRIX.md,2352,"ppg_precision_window_integration.v:779,1112",explicit_file_line,,out_of_bounds,
contracts/PPG_CONTRACT_CLOSURE_MATRIX.md,2356,"ppg_precision_window_integration.v:783,1108",explicit_file_line,,out_of_bounds,
contracts/PPG_CONTRACT_CLOSURE_MATRIX.md,2361,"ppg_precision_window_integration.v:788,1113",explicit_file_line,,out_of_bounds,
contracts/PPG_CONTRACT_CLOSURE_MATRIX.md,2438,"ppg_precision_window_integration.v:885,1100",explicit_file_line,,out_of_bounds,
contracts/PPG_CONTRACT_CLOSURE_MATRIX.md,2439,"ppg_precision_window_integration.v:886,1109",explicit_file_line,,out_of_bounds,
contracts/PPG_CONTRACT_CLOSURE_MATRIX.md,2441,"ppg_precision_window_integration.v:888,1114",explicit_file_line,,out_of_bounds,
contracts/PPG_CONTRACT_CLOSURE_MATRIX.md,2442,"ppg_precision_window_integration.v:889,1115",explicit_file_line,,out_of_bounds,
contracts/PPG_CONTRACT_CLOSURE_MATRIX.md,2443,"ppg_precision_window_integration.v:890,1116",explicit_file_line,,out_of_bounds,
contracts/PPG_CONTRACT_CLOSURE_MATRIX.md,2524,"ppg_precision_window_integration.v:953,463,1080",explicit_file_line,,out_of_bounds,
contracts/PPG_CONTRACT_CLOSURE_MATRIX.md,2595,"ppg_precision_window_integration.v:652,2601",explicit_file_line,,out_of_bounds,
contracts/PPG_CONTRACT_CLOSURE_MATRIX.md,3189,ppg_idac_code_controller.v:2314,explicit_file_line,,out_of_bounds,
contracts/PPG_ALIAS_MAPPING_TABLE.md,58,PPG_CONTRACT_CLOSURE_MATRIX.md:872,explicit_file_line,K01,text_mismatch,anything?**
contracts/PPG_ALIAS_MAPPING_TABLE.md,59,PPG_CONTRACT_CLOSURE_MATRIX.md:872,explicit_file_line,K01,text_mismatch,anything?**
contracts/PPG_ALIAS_MAPPING_TABLE.md,60,PPG_CONTRACT_CLOSURE_MATRIX.md:872,explicit_file_line,K01,text_mismatch,anything?**
contracts/PPG_ALIAS_MAPPING_TABLE.md,61,PPG_CONTRACT_CLOSURE_MATRIX.md:872,explicit_file_line,K01,text_mismatch,anything?**
contracts/PPG_ALIAS_MAPPING_TABLE.md,62,PPG_CONTRACT_CLOSURE_MATRIX.md:872,explicit_file_line,K01,text_mismatch,anything?**
contracts/PPG_ALIAS_MAPPING_TABLE.md,63,PPG_CONTRACT_CLOSURE_MATRIX.md:873,explicit_file_line,K02,text_mismatch,
contracts/PPG_ALIAS_MAPPING_TABLE.md,64,PPG_CONTRACT_CLOSURE_MATRIX.md:874,explicit_file_line,K03,text_mismatch,"Phase 2's ""indirect read via `assign`"" detection only follows one hop"
contracts/PPG_ALIAS_MAPPING_TABLE.md,65,PPG_CONTRACT_CLOSURE_MATRIX.md:874,explicit_file_line,K03,text_mismatch,"Phase 2's ""indirect read via `assign`"" detection only follows one hop"
contracts/PPG_ALIAS_MAPPING_TABLE.md,66,PPG_CONTRACT_CLOSURE_MATRIX.md:874,explicit_file_line,K03,text_mismatch,"Phase 2's ""indirect read via `assign`"" detection only follows one hop"
contracts/PPG_ALIAS_MAPPING_TABLE.md,67,PPG_CONTRACT_CLOSURE_MATRIX.md:875,explicit_file_line,K04,text_mismatch,(`assign wire=reg; <read wire in another domain's always block>`). Phase 4 built a
contracts/PPG_ALIAS_MAPPING_TABLE.md,68,PPG_CONTRACT_CLOSURE_MATRIX.md:875,explicit_file_line,K04,text_mismatch,(`assign wire=reg; <read wire in another domain's always block>`). Phase 4 built a
contracts/PPG_ALIAS_MAPPING_TABLE.md,69,PPG_CONTRACT_CLOSURE_MATRIX.md:876,explicit_file_line,K05,text_mismatch,dedicated BFS-based checker (`cdc_phase4_multihop_assign_boundary_check.py`) rather than
contracts/PPG_CONTRACT_CLOSURE_MATRIX.md,1292,C09:62,Cxx_current_binding,PPG_DIGITAL_TOP_INTERFACE_CONNECTION_CONTRACT.md,text_mismatch,
contracts/PPG_CONTRACT_CLOSURE_MATRIX.md,1292,C09:63,Cxx_current_binding,PPG_ACTIVE_V4_CONTROL_CONNECTION_MAPPING_CONTRACT.md,text_mismatch,1. C01 — `ppg_system_integration/PPG_DIGITAL_TOP_INTERFACE_CONNECTION_CONTRACT.md` V1.10；
contracts/PPG_CONTRACT_CLOSURE_MATRIX.md,1292,C09:64,Cxx_current_binding,PPG_CHARACTERIZATION_INPUT_SOURCE_AND_STATIC_BIAS_CONTROL_CONTRACT.md,text_mismatch,2. C04 — `ppg_system_integration/PPG_ACTIVE_V4_CONTROL_CONNECTION_MAPPING_CONTRACT.md` V1.7；
contracts/PPG_CONTRACT_CLOSURE_MATRIX.md,1292,C09:65,Cxx_current_binding,PPG_400HZ_FRAME_CALIBRATION_SCHEDULER_INTERFACE_CONTRACT.md,text_mismatch,3. C06 — `ppg_system_integration/PPG_CHARACTERIZATION_INPUT_SOURCE_AND_STATIC_BIAS_CONTROL_CONTRACT.md` V1.3；
contracts/PPG_CONTRACT_CLOSURE_MATRIX.md,1292,C09:66,Cxx_current_binding,PPG_ADC_MEASUREMENT_AND_IDAC_INTEGRATION_WRAPPER_INTERFACE_CONTRACT.md,text_mismatch,4. C08 — `ppg_system_integration/PPG_400HZ_FRAME_CALIBRATION_SCHEDULER_INTERFACE_CONTRACT.md` V1.11；
contracts/PPG_CONTRACT_CLOSURE_MATRIX.md,1292,C09:67,Cxx_current_binding,PPG_SYSTEM_FAULT_ABORT_SUPERVISOR_INTERFACE_CONTRACT.md,text_mismatch,5. C10 — `ppg_system_integration/PPG_ADC_MEASUREMENT_AND_IDAC_INTEGRATION_WRAPPER_INTERFACE_CONTRACT.md` V2.3；
contracts/PPG_ALIAS_MAPPING_TABLE.md,47,ppg_adc_measurement_idac_integration.v:908,explicit_file_line,dec_completion_sample_index,text_mismatch,	assign flag_test_inject_effective = (C_ENABLE_TEST_INJECTION != 32'd0) && i_test_inject_enable; // 生产构建固定旁路全部验证请求；默认参数0+生产enable 0双重旁路 @satisfies: TOP-21
contracts/PPG_ALIAS_MAPPING_TABLE.md,147,ppg_adc_measurement_idac_integration.v:908,explicit_file_line,dec_completion_sample_index,text_mismatch,	assign flag_test_inject_effective = (C_ENABLE_TEST_INJECTION != 32'd0) && i_test_inject_enable; // 生产构建固定旁路全部验证请求；默认参数0+生产enable 0双重旁路 @satisfies: TOP-21
contracts/PPG_ALIAS_MAPPING_TABLE.md,455,ppg_adc_measurement_idac_integration.v:908,explicit_file_line,dec_completion_sample_index,text_mismatch,	assign flag_test_inject_effective = (C_ENABLE_TEST_INJECTION != 32'd0) && i_test_inject_enable; // 生产构建固定旁路全部验证请求；默认参数0+生产enable 0双重旁路 @satisfies: TOP-21
contracts/PPG_CONTRACT_CLOSURE_MATRIX.md,1322,ppg_400hz_frame_calibration_scheduler.v:80,explicit_file_line,i_active_config_valid,text_mismatch,
contracts/PPG_CONTRACT_CLOSURE_MATRIX.md,1322,ppg_adc_measurement_idac_integration.v:99,explicit_file_line,i_active_config_valid,text_mismatch,
contracts/PPG_CONTRACT_CLOSURE_MATRIX.md,1323,ppg_400hz_frame_calibration_scheduler.v:93,explicit_file_line,i_active_precision_mode,text_mismatch,"	input i_input_source,                       // 光电二极管或固定电流来源"
contracts/PPG_CONTRACT_CLOSURE_MATRIX.md,1325,ppg_400hz_frame_calibration_scheduler.v:82,explicit_file_line,i_allow_new_transaction,text_mismatch,"	input i_active_config_valid,                // ACTIVE配置整体合法"
contracts/PPG_CONTRACT_CLOSURE_MATRIX.md,1325,ppg_adc_measurement_idac_integration.v:101,explicit_file_line,i_allow_new_transaction,text_mismatch,"	input i_active_config_valid,                // 当前ACTIVE配置整体合法资格"
contracts/PPG_CONTRACT_CLOSURE_MATRIX.md,1326,ppg_400hz_frame_calibration_scheduler.v:96,explicit_file_line,i_ami_fault_blocking,text_mismatch,"	input i_normal_measurement_eligible,        // AMI允许NORMAL测量"
contracts/PPG_CONTRACT_CLOSURE_MATRIX.md,1327,ppg_400hz_frame_calibration_scheduler.v:163,explicit_file_line,i_analog_safe,text_mismatch,"	input i_owner_q3_window_closed,             // 在途owner自身选定Q3窗口已关闭，早于此的DONE不得构成成功完成"
contracts/PPG_CONTRACT_CLOSURE_MATRIX.md,1327,ppg_adc_measurement_idac_integration.v:142,explicit_file_line,i_analog_safe,text_mismatch,"	input i_clk_stage2_dout_low_async,          // 接收 i_clk_stage2_dout_low_async"
contracts/PPG_CONTRACT_CLOSURE_MATRIX.md,1335,ppg_adc_measurement_idac_integration.v:144,explicit_file_line,i_idac_code_safe_boundary,text_mismatch,"	input i_analog_safe,                        // 模拟相位允许安全提交"
contracts/PPG_CONTRACT_CLOSURE_MATRIX.md,1337,ppg_adc_measurement_idac_integration.v:245,explicit_file_line,i_initial_precision,text_mismatch,
contracts/PPG_CONTRACT_CLOSURE_MATRIX.md,1338,ppg_400hz_frame_calibration_scheduler.v:91,explicit_file_line,i_input_source,text_mismatch,	//--------------配置与AMI状态---------------//
contracts/PPG_CONTRACT_CLOSURE_MATRIX.md,1339,ppg_adc_measurement_idac_integration.v:143,explicit_file_line,i_macro_frame_safe_boundary,text_mismatch,"	input i_adc_idle,                           // 模拟ADC当前已经排空"
contracts/PPG_CONTRACT_CLOSURE_MATRIX.md,1343,ppg_400hz_frame_calibration_scheduler.v:94,explicit_file_line,i_normal_measurement_eligible,text_mismatch,"	input [1:0]i_optical_mode,                  // 双光、单光或安全关闭"
contracts/PPG_CONTRACT_CLOSURE_MATRIX.md,1344,ppg_400hz_frame_calibration_scheduler.v:92,explicit_file_line,i_optical_mode,text_mismatch,"	input i_run_profile,                        // NORMAL或CHARACTERIZATION"
contracts/PPG_CONTRACT_CLOSURE_MATRIX.md,1347,ppg_400hz_frame_calibration_scheduler.v:81,explicit_file_line,i_run_enable,text_mismatch,	//---------------生命周期控制---------------//
contracts/PPG_CONTRACT_CLOSURE_MATRIX.md,1347,ppg_adc_measurement_idac_integration.v:100,explicit_file_line,i_run_enable,text_mismatch,	//---------------生命周期接口---------------//
contracts/PPG_CONTRACT_CLOSURE_MATRIX.md,1348,ppg_400hz_frame_calibration_scheduler.v:87,explicit_file_line,i_run_generation,text_mismatch,"	input i_control_abort_event,                // abort撤销控制单拍"
contracts/PPG_CONTRACT_CLOSURE_MATRIX.md,1348,ppg_adc_measurement_idac_integration.v:106,explicit_file_line,i_run_generation,text_mismatch,"	input i_control_abort_event,                // 阻断异常撤销在途控制的单周期事件"
contracts/PPG_CONTRACT_CLOSURE_MATRIX.md,1349,ppg_400hz_frame_calibration_scheduler.v:90,explicit_file_line,i_run_profile,text_mismatch,
contracts/PPG_CONTRACT_CLOSURE_MATRIX.md,1349,ppg_adc_measurement_idac_integration.v:244,explicit_file_line,i_run_profile,text_mismatch,"	input signed [31:0]i_dc15_recovery_gain_q16, // 接收 i_dc15_recovery_gain_q16"
contracts/PPG_CONTRACT_CLOSURE_MATRIX.md,1350,ppg_adc_measurement_idac_integration.v:145,explicit_file_line,i_safe_frame_id,text_mismatch,"	input i_macro_frame_safe_boundary,          // 精度切换与重检使用的宏帧边界"
contracts/PPG_CONTRACT_CLOSURE_MATRIX.md,1351,ppg_400hz_frame_calibration_scheduler.v:164,explicit_file_line,i_sar_timing_idle,text_mismatch,"	input i_adc_idle,                           // 物理ADC和DONE已排空"
contracts/PPG_CONTRACT_CLOSURE_MATRIX.md,1357,ppg_400hz_frame_calibration_scheduler.v:97,explicit_file_line,i_ssw_fault_blocking,text_mismatch,"	input i_switch_hold_new_transaction,        // 精度切换期间暂停新事务"
contracts/PPG_CONTRACT_CLOSURE_MATRIX.md,1358,ppg_400hz_frame_calibration_scheduler.v:83,explicit_file_line,i_start_ack_event,text_mismatch,"	input i_run_enable,                         // 当前处于RUN生命周期"
contracts/PPG_CONTRACT_CLOSURE_MATRIX.md,1358,ppg_adc_measurement_idac_integration.v:102,explicit_file_line,i_start_ack_event,text_mismatch,"	input i_run_enable,                         // 当前生命周期处于RUN状态"
contracts/PPG_CONTRACT_CLOSURE_MATRIX.md,1360,ppg_400hz_frame_calibration_scheduler.v:84,explicit_file_line,i_stop_ack_event,text_mismatch,"	input i_allow_new_transaction,              // 配置管理器允许新ADC事务"
contracts/PPG_CONTRACT_CLOSURE_MATRIX.md,1360,ppg_adc_measurement_idac_integration.v:103,explicit_file_line,i_stop_ack_event,text_mismatch,"	input i_allow_new_transaction,              // 配置管理器允许启动新ADC事务"
contracts/PPG_CONTRACT_CLOSURE_MATRIX.md,1363,ppg_400hz_frame_calibration_scheduler.v:95,explicit_file_line,i_switch_hold_new_transaction,text_mismatch,"	input i_active_precision_mode,              // 当前committed精度"
contracts/PPG_CONTRACT_CLOSURE_MATRIX.md,1369,ppg_adc_measurement_idac_integration.v:133,explicit_file_line,i_transaction_amb_code_epoch,text_mismatch,"	input [C_IDAC_CODE_WIDTH - 1:0]i_transaction_amb_code_snapshot, // 实际积分AMB码快照"
contracts/PPG_CONTRACT_CLOSURE_MATRIX.md,1370,ppg_adc_measurement_idac_integration.v:131,explicit_file_line,i_transaction_amb_code_snapshot,text_mismatch,"	input i_transaction_color_ir,               // 低为红光且高为红外"
contracts/PPG_CONTRACT_CLOSURE_MATRIX.md,1371,ppg_adc_measurement_idac_integration.v:129,explicit_file_line,i_transaction_color_ir,text_mismatch,"	input [C_FRAME_ID_WIDTH - 1:0]i_transaction_frame_id, // 当前事务真实物理帧号"
contracts/PPG_CONTRACT_CLOSURE_MATRIX.md,1372,ppg_adc_measurement_idac_integration.v:134,explicit_file_line,i_transaction_dc_code_epoch,text_mismatch,"	input [C_IDAC_CODE_WIDTH - 1:0]i_transaction_dc_code_snapshot, // 实际积分颜色DC码快照"
contracts/PPG_CONTRACT_CLOSURE_MATRIX.md,1373,ppg_adc_measurement_idac_integration.v:132,explicit_file_line,i_transaction_dc_code_snapshot,text_mismatch,"	input [1:0]i_transaction_frame_type,        // AMB_CAL、DCS_CAL或NORMAL编码"
contracts/PPG_CONTRACT_CLOSURE_MATRIX.md,1374,ppg_adc_measurement_idac_integration.v:127,explicit_file_line,i_transaction_frame_id,text_mismatch,"	output [C_SAMPLE_INDEX_WIDTH - 1:0]o_adc_complete_sample_index, // 与完成脉冲绑定的启动事务序号"
contracts/PPG_CONTRACT_CLOSURE_MATRIX.md,1375,ppg_adc_measurement_idac_integration.v:130,explicit_file_line,i_transaction_frame_type,text_mismatch,"	input [C_SAMPLE_INDEX_WIDTH - 1:0]i_transaction_sample_index, // 当前事务全局序号"
contracts/PPG_CONTRACT_CLOSURE_MATRIX.md,1376,ppg_adc_measurement_idac_integration.v:126,explicit_file_line,i_transaction_precision_mode,text_mismatch,"	output o_adc_transaction_success,           // 与完成脉冲绑定的ADC结果有效资格"
contracts/PPG_CONTRACT_CLOSURE_MATRIX.md,1377,ppg_adc_measurement_idac_integration.v:128,explicit_file_line,i_transaction_sample_index,text_mismatch,"	input i_transaction_precision_mode,         // 当前事务采用的9-bit或15-bit精度"
contracts/PPG_CONTRACT_CLOSURE_MATRIX.md,1378,ppg_adc_measurement_idac_integration.v:118,explicit_file_line,i_transaction_start_valid,text_mismatch,
contracts/PPG_CONTRACT_CLOSURE_MATRIX.md,1383,ppg_400hz_frame_calibration_scheduler.v:181,explicit_file_line,o_calibration_frame_active,text_mismatch,"	output o_scheduler_idle,                    // 数字事务和物理时序均排空"
contracts/PPG_CONTRACT_CLOSURE_MATRIX.md,1384,ppg_400hz_frame_calibration_scheduler.v:174,explicit_file_line,o_calibration_local_tick,text_mismatch,"	output [C_MACRO_TICK_WIDTH - 1:0]o_macro_tick, // 当前宏帧相位"
contracts/PPG_CONTRACT_CLOSURE_MATRIX.md,1385,ppg_400hz_frame_calibration_scheduler.v:109,explicit_file_line,o_calibration_sample_ready,text_mismatch,	//---------------AMI校准请求----------------//
contracts/PPG_CONTRACT_CLOSURE_MATRIX.md,1386,ppg_adc_measurement_idac_integration.v:151,explicit_file_line,o_calibration_sample_valid,text_mismatch,	//---------------校准请求接口---------------//
contracts/PPG_CONTRACT_CLOSURE_MATRIX.md,1387,ppg_400hz_frame_calibration_scheduler.v:173,explicit_file_line,o_calibration_subframe_index,text_mismatch,"	output [C_FRAME_ID_WIDTH - 1:0]o_safe_frame_id, // 下一400 Hz帧编号"
contracts/PPG_CONTRACT_CLOSURE_MATRIX.md,1395,ppg_adc_measurement_idac_integration.v:355,explicit_file_line,o_datapath_empty,text_mismatch,"	output o_adc_chain_idle,                    // ADC捕获及Stage1流水空闲"
contracts/PPG_CONTRACT_CLOSURE_MATRIX.md,1397,ppg_400hz_frame_calibration_scheduler.v:169,explicit_file_line,o_idac_code_safe_boundary,text_mismatch,"	output o_macro_frame_start_event,           // 400 Hz宏帧起点单拍"
contracts/PPG_CONTRACT_CLOSURE_MATRIX.md,1398,ppg_adc_measurement_idac_integration.v:303,explicit_file_line,o_idac_idle,text_mismatch,"	output o_idac_fault_blocking,               // IDAC阻断故障汇总"
contracts/PPG_CONTRACT_CLOSURE_MATRIX.md,1401,ppg_400hz_frame_calibration_scheduler.v:168,explicit_file_line,o_macro_frame_safe_boundary,text_mismatch,	//--------------时间与完成事件--------------//
contracts/PPG_CONTRACT_CLOSURE_MATRIX.md,1402,ppg_400hz_frame_calibration_scheduler.v:172,explicit_file_line,o_macro_tick,text_mismatch,"	output o_startup_idac_safe_boundary,        // START后一次性IDAC边界"
contracts/PPG_CONTRACT_CLOSURE_MATRIX.md,1404,ppg_400hz_frame_calibration_scheduler.v:180,explicit_file_line,o_normal_frame_active,text_mismatch,	//----------------状态与诊断----------------//
contracts/PPG_CONTRACT_CLOSURE_MATRIX.md,1405,ppg_adc_measurement_idac_integration.v:351,explicit_file_line,o_normal_measurement_eligible,text_mismatch,	//-------------Wrapper状态输出--------------//
contracts/PPG_CONTRACT_CLOSURE_MATRIX.md,1407,ppg_400hz_frame_calibration_scheduler.v:188,explicit_file_line,o_protocol_error_sticky,text_mismatch,"	output o_owner_deadline_timeout_sticky,     // ADC owner截止错过诊断"
contracts/PPG_CONTRACT_CLOSURE_MATRIX.md,1413,ppg_400hz_frame_calibration_scheduler.v:171,explicit_file_line,o_safe_frame_id,text_mismatch,"	output o_idac_code_safe_boundary,           // IDAC唯一提交边界"
contracts/PPG_CONTRACT_CLOSURE_MATRIX.md,1421,ppg_adc_measurement_idac_integration.v:313,explicit_file_line,o_switch_hold_new_transaction,text_mismatch,"	output o_precision_15_to_9_event,           // 真实返回9-bit事件"
contracts/PPG_CONTRACT_CLOSURE_MATRIX.md,1439,ppg_400hz_frame_calibration_scheduler.v:143,explicit_file_line,o_transaction_amb_code_epoch,text_mismatch,"	output [C_IDAC_CODE_WIDTH - 1:0]o_transaction_amb_code_snapshot, // ADC事务AMB码"
contracts/PPG_CONTRACT_CLOSURE_MATRIX.md,1440,ppg_400hz_frame_calibration_scheduler.v:141,explicit_file_line,o_transaction_amb_code_snapshot,text_mismatch,"	output o_transaction_color_ir,              // ADC事务颜色"
contracts/PPG_CONTRACT_CLOSURE_MATRIX.md,1441,ppg_400hz_frame_calibration_scheduler.v:139,explicit_file_line,o_transaction_color_ir,text_mismatch,"	output [C_FRAME_ID_WIDTH - 1:0]o_transaction_frame_id, // ADC事务帧号"
contracts/PPG_CONTRACT_CLOSURE_MATRIX.md,1442,ppg_400hz_frame_calibration_scheduler.v:144,explicit_file_line,o_transaction_dc_code_epoch,text_mismatch,"	output [C_IDAC_CODE_WIDTH - 1:0]o_transaction_dc_code_snapshot, // ADC事务DC码"
contracts/PPG_CONTRACT_CLOSURE_MATRIX.md,1443,ppg_400hz_frame_calibration_scheduler.v:142,explicit_file_line,o_transaction_dc_code_snapshot,text_mismatch,"	output [1:0]o_transaction_frame_type,       // ADC事务类型"
contracts/PPG_CONTRACT_CLOSURE_MATRIX.md,1444,ppg_400hz_frame_calibration_scheduler.v:137,explicit_file_line,o_transaction_frame_id,text_mismatch,"	input i_transaction_start_fire,             // AMI返回的fire一致性旁带"
contracts/PPG_CONTRACT_CLOSURE_MATRIX.md,1445,ppg_400hz_frame_calibration_scheduler.v:140,explicit_file_line,o_transaction_frame_type,text_mismatch,"	output [C_SAMPLE_INDEX_WIDTH - 1:0]o_transaction_sample_index, // ADC事务序号"
contracts/PPG_CONTRACT_CLOSURE_MATRIX.md,1446,ppg_400hz_frame_calibration_scheduler.v:136,explicit_file_line,o_transaction_precision_mode,text_mismatch,"	input i_transaction_start_ready,            // AMI可接收事务"
contracts/PPG_CONTRACT_CLOSURE_MATRIX.md,1447,ppg_400hz_frame_calibration_scheduler.v:138,explicit_file_line,o_transaction_sample_index,text_mismatch,"	output o_transaction_precision_mode,        // ADC事务精度快照"
contracts/PPG_CONTRACT_CLOSURE_MATRIX.md,1448,ppg_400hz_frame_calibration_scheduler.v:133,explicit_file_line,o_transaction_start_valid,text_mismatch,
contracts/PPG_CONTRACT_CLOSURE_MATRIX.md,1449,ppg_adc_measurement_idac_integration.v:350,explicit_file_line,o_wrapper_fault_blocking,text_mismatch,
contracts/PPG_CONTRACT_CLOSURE_MATRIX.md,1593,ppg_system_config_manager/ppg_system_config_manager_semantic_contract.md:297,explicit_file_line,start_ready,text_mismatch,
contracts/PPG_CONTRACT_CLOSURE_MATRIX.md,1605,ppg_system_integration/PPG_ACTIVE_V4_CONTROL_PLANE_INTEGRATION_WRAPPER_INTERFACE_CONTRACT.md:139,explicit_file_line,i_adc_idle,text_mismatch,CDC传输完成不等于配置COMMIT成功。非法配置时，ACTIVE快照、所有epoch和生命周期状态不得改变。
contracts/PPG_CONTRACT_CLOSURE_MATRIX.md,1606,ppg_system_integration/PPG_ACTIVE_V4_CONTROL_PLANE_INTEGRATION_WRAPPER_INTERFACE_CONTRACT.md:138,explicit_file_line,i_analog_ready,text_mismatch,
contracts/PPG_CONTRACT_CLOSURE_MATRIX.md,1607,ppg_system_integration/PPG_ACTIVE_V4_CONTROL_PLANE_INTEGRATION_WRAPPER_INTERFACE_CONTRACT.md:142,explicit_file_line,i_analog_safe,text_mismatch,非法V5字段、非法V5保留位或V4/V5任一失败时，旧V4、旧V5和旧`config_epoch`全部保持。
contracts/PPG_CONTRACT_CLOSURE_MATRIX.md,1608,ppg_system_integration/PPG_ACTIVE_V4_CONTROL_PLANE_INTEGRATION_WRAPPER_INTERFACE_CONTRACT.md:96,explicit_file_line,i_clk,text_mismatch,```verilog
contracts/PPG_CONTRACT_CLOSURE_MATRIX.md,1609,ppg_system_integration/PPG_ACTIVE_V4_CONTROL_PLANE_INTEGRATION_WRAPPER_INTERFACE_CONTRACT.md:140,explicit_file_line,i_datapath_empty,text_mismatch,
contracts/PPG_CONTRACT_CLOSURE_MATRIX.md,1610,ppg_system_integration/PPG_ACTIVE_V4_CONTROL_PLANE_INTEGRATION_WRAPPER_INTERFACE_CONTRACT.md:141,explicit_file_line,i_idac_idle,text_mismatch,`o_active_config[1023:0]`只允许来自manager的合法联合ACTIVE寄存器，不得来自source shadow快照。
contracts/PPG_CONTRACT_CLOSURE_MATRIX.md,1611,ppg_system_integration/PPG_ACTIVE_V4_CONTROL_PLANE_INTEGRATION_WRAPPER_INTERFACE_CONTRACT.md:97,explicit_file_line,i_rstn,text_mismatch,.C_CONFIG_WIDTH(1024)
contracts/PPG_CONTRACT_CLOSURE_MATRIX.md,1612,ppg_system_integration/PPG_ACTIVE_V4_CONTROL_PLANE_INTEGRATION_WRAPPER_INTERFACE_CONTRACT.md:75,explicit_file_line,i_source_clk,text_mismatch,- Stage1/Stage2/DC算法或IDAC搜索算法；
contracts/PPG_CONTRACT_CLOSURE_MATRIX.md,1613,ppg_system_integration/PPG_ACTIVE_V4_CONTROL_PLANE_INTEGRATION_WRAPPER_INTERFACE_CONTRACT.md:77,explicit_file_line,i_source_config_snapshot,text_mismatch,- AMB专用模拟波形发生器。
contracts/PPG_CONTRACT_CLOSURE_MATRIX.md,1614,ppg_system_integration/PPG_ACTIVE_V4_CONTROL_PLANE_INTEGRATION_WRAPPER_INTERFACE_CONTRACT.md:78,explicit_file_line,i_source_config_update_event,text_mismatch,
contracts/PPG_CONTRACT_CLOSURE_MATRIX.md,1615,ppg_system_integration/PPG_ACTIVE_V4_CONTROL_PLANE_INTEGRATION_WRAPPER_INTERFACE_CONTRACT.md:76,explicit_file_line,i_source_rstn,text_mismatch,- `control_abort_event`故障汇总器；
contracts/PPG_CONTRACT_CLOSURE_MATRIX.md,1616,ppg_system_integration/PPG_ACTIVE_V4_CONTROL_PLANE_INTEGRATION_WRAPPER_INTERFACE_CONTRACT.md:98,explicit_file_line,i_start_event,text_mismatch,```
contracts/PPG_CONTRACT_CLOSURE_MATRIX.md,1617,ppg_system_integration/PPG_ACTIVE_V4_CONTROL_PLANE_INTEGRATION_WRAPPER_INTERFACE_CONTRACT.md:102,explicit_file_line,i_static_characterization_enable,text_mismatch,### 3.2 2 MHz系统域
contracts/PPG_CONTRACT_CLOSURE_MATRIX.md,1618,ppg_system_integration/PPG_ACTIVE_V4_CONTROL_PLANE_INTEGRATION_WRAPPER_INTERFACE_CONTRACT.md:100,explicit_file_line,i_status_clear_event,text_mismatch,不得依赖bridge当前的历史默认宽度123。
contracts/PPG_CONTRACT_CLOSURE_MATRIX.md,1619,ppg_system_integration/PPG_ACTIVE_V4_CONTROL_PLANE_INTEGRATION_WRAPPER_INTERFACE_CONTRACT.md:99,explicit_file_line,i_stop_event,text_mismatch,
contracts/PPG_CONTRACT_CLOSURE_MATRIX.md,1620,ppg_system_integration/PPG_ACTIVE_V4_CONTROL_PLANE_INTEGRATION_WRAPPER_INTERFACE_CONTRACT.md:101,explicit_file_line,i_system_fault_blocking,text_mismatch,
contracts/PPG_CONTRACT_CLOSURE_MATRIX.md,1621,ppg_system_integration/PPG_ACTIVE_V4_CONTROL_PLANE_INTEGRATION_WRAPPER_INTERFACE_CONTRACT.md:214,explicit_file_line,o_active_config,text_mismatch,may be inferred from another. Top's single registered
contracts/PPG_CONTRACT_CLOSURE_MATRIX.md,1622,ppg_system_integration/PPG_ACTIVE_V4_CONTROL_PLANE_INTEGRATION_WRAPPER_INTERFACE_CONTRACT.md:162,explicit_file_line,o_active_valid,text_mismatch,```verilog
contracts/PPG_CONTRACT_CLOSURE_MATRIX.md,1623,ppg_system_integration/PPG_ACTIVE_V4_CONTROL_PLANE_INTEGRATION_WRAPPER_INTERFACE_CONTRACT.md:164,explicit_file_line,o_allow_new_transaction,text_mismatch,```
contracts/PPG_CONTRACT_CLOSURE_MATRIX.md,1624,ppg_system_integration/PPG_ACTIVE_V4_CONTROL_PLANE_INTEGRATION_WRAPPER_INTERFACE_CONTRACT.md:217,explicit_file_line,o_coef_epoch,text_mismatch,"not aggregate faults, implement test CDC, generate generation or calculate the"
contracts/PPG_CONTRACT_CLOSURE_MATRIX.md,1625,ppg_system_integration/PPG_ACTIVE_V4_CONTROL_PLANE_INTEGRATION_WRAPPER_INTERFACE_CONTRACT.md:216,explicit_file_line,o_config_epoch,text_mismatch,"an ACTIVE snapshot, owner, injection request or active fault. The wrapper does"
contracts/PPG_CONTRACT_CLOSURE_MATRIX.md,1626,ppg_system_integration/PPG_ACTIVE_V4_CONTROL_PLANE_INTEGRATION_WRAPPER_INTERFACE_CONTRACT.md:219,explicit_file_line,o_dc_recovery_coef_epoch,text_mismatch,
contracts/PPG_CONTRACT_CLOSURE_MATRIX.md,1627,ppg_system_integration/PPG_ACTIVE_V4_CONTROL_PLANE_INTEGRATION_WRAPPER_INTERFACE_CONTRACT.md:163,explicit_file_line,o_run_enable,text_mismatch,.i_static_characterization_enable(i_static_characterization_enable)
contracts/PPG_CONTRACT_CLOSURE_MATRIX.md,1628,ppg_system_integration/PPG_ACTIVE_V4_CONTROL_PLANE_INTEGRATION_WRAPPER_INTERFACE_CONTRACT.md:167,explicit_file_line,o_run_generation,text_mismatch,
contracts/PPG_CONTRACT_CLOSURE_MATRIX.md,1629,ppg_system_integration/PPG_ACTIVE_V4_CONTROL_PLANE_INTEGRATION_WRAPPER_INTERFACE_CONTRACT.md:218,explicit_file_line,o_stage2_coef_epoch,text_mismatch,watchdog.
contracts/PPG_CONTRACT_CLOSURE_MATRIX.md,1630,ppg_system_integration/PPG_ACTIVE_V4_CONTROL_PLANE_INTEGRATION_WRAPPER_INTERFACE_CONTRACT.md:165,explicit_file_line,o_start_ack_event,text_mismatch,
contracts/PPG_CONTRACT_CLOSURE_MATRIX.md,1631,ppg_system_integration/PPG_ACTIVE_V4_CONTROL_PLANE_INTEGRATION_WRAPPER_INTERFACE_CONTRACT.md:166,explicit_file_line,o_stop_ack_event,text_mismatch,Wrapper不得缓存、反相、脉冲化、重新同步或从640-bit ACTIVE、`run_profile`、`input_source`及source域表征字段重建该信号。该输入只参与manager的配置资格检查，不得占用V4保留位，也不得作为Wrapper输出再次生成第二个所有权副本。
contracts/PPG_CONTRACT_CLOSURE_MATRIX.md,1634,ppg_system_integration/PPG_ACTIVE_V4_CONTROL_PLANE_INTEGRATION_WRAPPER_INTERFACE_CONTRACT.md:97,explicit_file_line,o_commit_ack_event,text_mismatch,.C_CONFIG_WIDTH(1024)
contracts/PPG_CONTRACT_CLOSURE_MATRIX.md,1636,ppg_system_integration/PPG_ACTIVE_V4_CONTROL_PLANE_INTEGRATION_WRAPPER_INTERFACE_CONTRACT.md:97,explicit_file_line,o_error_event,text_mismatch,.C_CONFIG_WIDTH(1024)
contracts/PPG_CONTRACT_CLOSURE_MATRIX.md,1925,ppg_system_integration/PPG_SAR9_SAR15_SAFE_SELECTION_WRAPPER_INTERFACE_CONTRACT.md:446,explicit_file_line,i_clk,text_mismatch,| `C_FRAME_ID_WIDTH` | 16 | 物理400 Hz帧号宽度 |
contracts/PPG_CONTRACT_CLOSURE_MATRIX.md,1926,ppg_system_integration/PPG_SAR9_SAR15_SAFE_SELECTION_WRAPPER_INTERFACE_CONTRACT.md:446,explicit_file_line,i_rstn,text_mismatch,| `C_FRAME_ID_WIDTH` | 16 | 物理400 Hz帧号宽度 |
contracts/PPG_CONTRACT_CLOSURE_MATRIX.md,1927,ppg_system_integration/PPG_SAR9_SAR15_SAFE_SELECTION_WRAPPER_INTERFACE_CONTRACT.md:446,explicit_file_line,i_run_enable,text_mismatch,| `C_FRAME_ID_WIDTH` | 16 | 物理400 Hz帧号宽度 |
contracts/PPG_CONTRACT_CLOSURE_MATRIX.md,1928,ppg_system_integration/PPG_SAR9_SAR15_SAFE_SELECTION_WRAPPER_INTERFACE_CONTRACT.md:446,explicit_file_line,i_start_ack_event,text_mismatch,| `C_FRAME_ID_WIDTH` | 16 | 物理400 Hz帧号宽度 |
contracts/PPG_CONTRACT_CLOSURE_MATRIX.md,1929,ppg_system_integration/PPG_SAR9_SAR15_SAFE_SELECTION_WRAPPER_INTERFACE_CONTRACT.md:446,explicit_file_line,i_stop_ack_event,text_mismatch,| `C_FRAME_ID_WIDTH` | 16 | 物理400 Hz帧号宽度 |
contracts/PPG_CONTRACT_CLOSURE_MATRIX.md,1930,ppg_system_integration/PPG_SAR9_SAR15_SAFE_SELECTION_WRAPPER_INTERFACE_CONTRACT.md:446,explicit_file_line,i_control_abort_event,text_mismatch,| `C_FRAME_ID_WIDTH` | 16 | 物理400 Hz帧号宽度 |
contracts/PPG_CONTRACT_CLOSURE_MATRIX.md,1931,ppg_system_integration/PPG_SAR9_SAR15_SAFE_SELECTION_WRAPPER_INTERFACE_CONTRACT.md:446,explicit_file_line,i_diag_clear_event,text_mismatch,| `C_FRAME_ID_WIDTH` | 16 | 物理400 Hz帧号宽度 |
contracts/PPG_CONTRACT_CLOSURE_MATRIX.md,1932,ppg_system_integration/PPG_SAR9_SAR15_SAFE_SELECTION_WRAPPER_INTERFACE_CONTRACT.md:600,explicit_file_line,i_run_generation,text_mismatch,| `o_transaction_mismatch_sticky` | ADC完成的sample_index与在途事务不一致 |
contracts/PPG_CONTRACT_CLOSURE_MATRIX.md,1933,ppg_system_integration/PPG_SAR9_SAR15_SAFE_SELECTION_WRAPPER_INTERFACE_CONTRACT.md:446,explicit_file_line,i_macro_tick,text_mismatch,| `C_FRAME_ID_WIDTH` | 16 | 物理400 Hz帧号宽度 |
contracts/PPG_CONTRACT_CLOSURE_MATRIX.md,1934,ppg_system_integration/PPG_SAR9_SAR15_SAFE_SELECTION_WRAPPER_INTERFACE_CONTRACT.md:446,explicit_file_line,i_calibration_subframe_index,text_mismatch,| `C_FRAME_ID_WIDTH` | 16 | 物理400 Hz帧号宽度 |
contracts/PPG_CONTRACT_CLOSURE_MATRIX.md,1935,ppg_system_integration/PPG_SAR9_SAR15_SAFE_SELECTION_WRAPPER_INTERFACE_CONTRACT.md:446,explicit_file_line,i_calibration_local_tick,text_mismatch,| `C_FRAME_ID_WIDTH` | 16 | 物理400 Hz帧号宽度 |
contracts/PPG_CONTRACT_CLOSURE_MATRIX.md,1936,ppg_system_integration/PPG_SAR9_SAR15_SAFE_SELECTION_WRAPPER_INTERFACE_CONTRACT.md:446,explicit_file_line,i_normal_frame_active,text_mismatch,| `C_FRAME_ID_WIDTH` | 16 | 物理400 Hz帧号宽度 |
contracts/PPG_CONTRACT_CLOSURE_MATRIX.md,1937,ppg_system_integration/PPG_SAR9_SAR15_SAFE_SELECTION_WRAPPER_INTERFACE_CONTRACT.md:446,explicit_file_line,i_calibration_frame_active,text_mismatch,| `C_FRAME_ID_WIDTH` | 16 | 物理400 Hz帧号宽度 |
contracts/PPG_CONTRACT_CLOSURE_MATRIX.md,1938,ppg_system_integration/PPG_SAR9_SAR15_SAFE_SELECTION_WRAPPER_INTERFACE_CONTRACT.md:446,explicit_file_line,i_macro_frame_safe_boundary,text_mismatch,| `C_FRAME_ID_WIDTH` | 16 | 物理400 Hz帧号宽度 |
contracts/PPG_CONTRACT_CLOSURE_MATRIX.md,1939,ppg_system_integration/PPG_SAR9_SAR15_SAFE_SELECTION_WRAPPER_INTERFACE_CONTRACT.md:446,explicit_file_line,i_idac_code_safe_boundary,text_mismatch,| `C_FRAME_ID_WIDTH` | 16 | 物理400 Hz帧号宽度 |
contracts/PPG_CONTRACT_CLOSURE_MATRIX.md,1940,ppg_system_integration/PPG_SAR9_SAR15_SAFE_SELECTION_WRAPPER_INTERFACE_CONTRACT.md:468,explicit_file_line,i_run_profile,text_mismatch,| `i_run_generation` | `C_RUN_GENERATION_WIDTH` | manager经ACTIVE wrapper与Top扇出 | 波形和物理owner上下文锁存的唯一RUN代际；陈旧代际不得释放owner或复活波形 |
contracts/PPG_CONTRACT_CLOSURE_MATRIX.md,1941,ppg_system_integration/PPG_SAR9_SAR15_SAFE_SELECTION_WRAPPER_INTERFACE_CONTRACT.md:468,explicit_file_line,i_input_source,text_mismatch,| `i_run_generation` | `C_RUN_GENERATION_WIDTH` | manager经ACTIVE wrapper与Top扇出 | 波形和物理owner上下文锁存的唯一RUN代际；陈旧代际不得释放owner或复活波形 |
contracts/PPG_CONTRACT_CLOSURE_MATRIX.md,1942,ppg_system_integration/PPG_SAR9_SAR15_SAFE_SELECTION_WRAPPER_INTERFACE_CONTRACT.md:468,explicit_file_line,i_optical_mode,text_mismatch,| `i_run_generation` | `C_RUN_GENERATION_WIDTH` | manager经ACTIVE wrapper与Top扇出 | 波形和物理owner上下文锁存的唯一RUN代际；陈旧代际不得释放owner或复活波形 |
contracts/PPG_CONTRACT_CLOSURE_MATRIX.md,1943,ppg_system_integration/PPG_SAR9_SAR15_SAFE_SELECTION_WRAPPER_INTERFACE_CONTRACT.md:468,explicit_file_line,i_precision_mode_committed,text_mismatch,| `i_run_generation` | `C_RUN_GENERATION_WIDTH` | manager经ACTIVE wrapper与Top扇出 | 波形和物理owner上下文锁存的唯一RUN代际；陈旧代际不得释放owner或复活波形 |
contracts/PPG_CONTRACT_CLOSURE_MATRIX.md,1944,ppg_system_integration/PPG_SAR9_SAR15_SAFE_SELECTION_WRAPPER_INTERFACE_CONTRACT.md:468,explicit_file_line,i_static_characterization_enable,text_mismatch,| `i_run_generation` | `C_RUN_GENERATION_WIDTH` | manager经ACTIVE wrapper与Top扇出 | 波形和物理owner上下文锁存的唯一RUN代际；陈旧代际不得释放owner或复活波形 |
contracts/PPG_CONTRACT_CLOSURE_MATRIX.md,1945,ppg_system_integration/PPG_SAR9_SAR15_SAFE_SELECTION_WRAPPER_INTERFACE_CONTRACT.md:468,explicit_file_line,i_test_mux_ctrl,text_mismatch,| `i_run_generation` | `C_RUN_GENERATION_WIDTH` | manager经ACTIVE wrapper与Top扇出 | 波形和物理owner上下文锁存的唯一RUN代际；陈旧代际不得释放owner或复活波形 |
contracts/PPG_CONTRACT_CLOSURE_MATRIX.md,1946,ppg_system_integration/PPG_SAR9_SAR15_SAFE_SELECTION_WRAPPER_INTERFACE_CONTRACT.md:446,explicit_file_line,i_test_inject_enable,text_mismatch,| `C_FRAME_ID_WIDTH` | 16 | 物理400 Hz帧号宽度 |
contracts/PPG_CONTRACT_CLOSURE_MATRIX.md,1947,ppg_system_integration/PPG_SAR9_SAR15_SAFE_SELECTION_WRAPPER_INTERFACE_CONTRACT.md:446,explicit_file_line,i_context_handover_stall_request,text_mismatch,| `C_FRAME_ID_WIDTH` | 16 | 物理400 Hz帧号宽度 |
contracts/PPG_CONTRACT_CLOSURE_MATRIX.md,1948,ppg_system_integration/PPG_SAR9_SAR15_SAFE_SELECTION_WRAPPER_INTERFACE_CONTRACT.md:483,explicit_file_line,i_waveform_context_valid,text_mismatch,| `i_run_profile` | 1 | ACTIVE V4解包 | NORMAL_PPG或CHARACTERIZATION |
contracts/PPG_CONTRACT_CLOSURE_MATRIX.md,1949,ppg_system_integration/PPG_SAR9_SAR15_SAFE_SELECTION_WRAPPER_INTERFACE_CONTRACT.md:483,explicit_file_line,o_waveform_context_ready,text_mismatch,| `i_run_profile` | 1 | ACTIVE V4解包 | NORMAL_PPG或CHARACTERIZATION |
contracts/PPG_CONTRACT_CLOSURE_MATRIX.md,1950,ppg_system_integration/PPG_SAR9_SAR15_SAFE_SELECTION_WRAPPER_INTERFACE_CONTRACT.md:483,explicit_file_line,i_waveform_precision_mode,text_mismatch,| `i_run_profile` | 1 | ACTIVE V4解包 | NORMAL_PPG或CHARACTERIZATION |
contracts/PPG_CONTRACT_CLOSURE_MATRIX.md,1951,ppg_system_integration/PPG_SAR9_SAR15_SAFE_SELECTION_WRAPPER_INTERFACE_CONTRACT.md:483,explicit_file_line,i_waveform_frame_id,text_mismatch,| `i_run_profile` | 1 | ACTIVE V4解包 | NORMAL_PPG或CHARACTERIZATION |
contracts/PPG_CONTRACT_CLOSURE_MATRIX.md,1952,ppg_system_integration/PPG_SAR9_SAR15_SAFE_SELECTION_WRAPPER_INTERFACE_CONTRACT.md:483,explicit_file_line,i_waveform_color_ir,text_mismatch,| `i_run_profile` | 1 | ACTIVE V4解包 | NORMAL_PPG或CHARACTERIZATION |
contracts/PPG_CONTRACT_CLOSURE_MATRIX.md,1953,ppg_system_integration/PPG_SAR9_SAR15_SAFE_SELECTION_WRAPPER_INTERFACE_CONTRACT.md:483,explicit_file_line,i_waveform_frame_type,text_mismatch,| `i_run_profile` | 1 | ACTIVE V4解包 | NORMAL_PPG或CHARACTERIZATION |
contracts/PPG_CONTRACT_CLOSURE_MATRIX.md,1954,ppg_system_integration/PPG_SAR9_SAR15_SAFE_SELECTION_WRAPPER_INTERFACE_CONTRACT.md:483,explicit_file_line,i_waveform_amb_code_snapshot,text_mismatch,| `i_run_profile` | 1 | ACTIVE V4解包 | NORMAL_PPG或CHARACTERIZATION |
contracts/PPG_CONTRACT_CLOSURE_MATRIX.md,1955,ppg_system_integration/PPG_SAR9_SAR15_SAFE_SELECTION_WRAPPER_INTERFACE_CONTRACT.md:483,explicit_file_line,i_waveform_dc_code_snapshot,text_mismatch,| `i_run_profile` | 1 | ACTIVE V4解包 | NORMAL_PPG或CHARACTERIZATION |
contracts/PPG_CONTRACT_CLOSURE_MATRIX.md,1956,ppg_system_integration/PPG_SAR9_SAR15_SAFE_SELECTION_WRAPPER_INTERFACE_CONTRACT.md:483,explicit_file_line,i_waveform_amb_code_epoch,text_mismatch,| `i_run_profile` | 1 | ACTIVE V4解包 | NORMAL_PPG或CHARACTERIZATION |
contracts/PPG_CONTRACT_CLOSURE_MATRIX.md,1957,ppg_system_integration/PPG_SAR9_SAR15_SAFE_SELECTION_WRAPPER_INTERFACE_CONTRACT.md:483,explicit_file_line,i_waveform_dc_code_epoch,text_mismatch,| `i_run_profile` | 1 | ACTIVE V4解包 | NORMAL_PPG或CHARACTERIZATION |
contracts/PPG_CONTRACT_CLOSURE_MATRIX.md,1958,ppg_system_integration/PPG_SAR9_SAR15_SAFE_SELECTION_WRAPPER_INTERFACE_CONTRACT.md:483,explicit_file_line,i_waveform_input_source,text_mismatch,| `i_run_profile` | 1 | ACTIVE V4解包 | NORMAL_PPG或CHARACTERIZATION |
contracts/PPG_CONTRACT_CLOSURE_MATRIX.md,1959,ppg_system_integration/PPG_SAR9_SAR15_SAFE_SELECTION_WRAPPER_INTERFACE_CONTRACT.md:483,explicit_file_line,i_waveform_optical_mode,text_mismatch,| `i_run_profile` | 1 | ACTIVE V4解包 | NORMAL_PPG或CHARACTERIZATION |
contracts/PPG_CONTRACT_CLOSURE_MATRIX.md,1960,ppg_system_integration/PPG_SAR9_SAR15_SAFE_SELECTION_WRAPPER_INTERFACE_CONTRACT.md:483,explicit_file_line,i_waveform_leddac_code_snapshot,text_mismatch,| `i_run_profile` | 1 | ACTIVE V4解包 | NORMAL_PPG或CHARACTERIZATION |
contracts/PPG_CONTRACT_CLOSURE_MATRIX.md,1961,ppg_system_integration/PPG_SAR9_SAR15_SAFE_SELECTION_WRAPPER_INTERFACE_CONTRACT.md:508,explicit_file_line,o_adc_owner_ready,text_mismatch,| `i_waveform_input_source` | 1 | 输入 | 光电二极管或外部固定电流快照 |
contracts/PPG_CONTRACT_CLOSURE_MATRIX.md,1962,ppg_system_integration/PPG_SAR9_SAR15_SAFE_SELECTION_WRAPPER_INTERFACE_CONTRACT.md:508,explicit_file_line,i_adc_owner_commit_event,text_mismatch,| `i_waveform_input_source` | 1 | 输入 | 光电二极管或外部固定电流快照 |
contracts/PPG_CONTRACT_CLOSURE_MATRIX.md,1963,ppg_system_integration/PPG_SAR9_SAR15_SAFE_SELECTION_WRAPPER_INTERFACE_CONTRACT.md:508,explicit_file_line,i_adc_owner_precision_mode,text_mismatch,| `i_waveform_input_source` | 1 | 输入 | 光电二极管或外部固定电流快照 |
contracts/PPG_CONTRACT_CLOSURE_MATRIX.md,1964,ppg_system_integration/PPG_SAR9_SAR15_SAFE_SELECTION_WRAPPER_INTERFACE_CONTRACT.md:508,explicit_file_line,i_adc_owner_frame_id,text_mismatch,| `i_waveform_input_source` | 1 | 输入 | 光电二极管或外部固定电流快照 |
contracts/PPG_CONTRACT_CLOSURE_MATRIX.md,1965,ppg_system_integration/PPG_SAR9_SAR15_SAFE_SELECTION_WRAPPER_INTERFACE_CONTRACT.md:508,explicit_file_line,i_adc_owner_color_ir,text_mismatch,| `i_waveform_input_source` | 1 | 输入 | 光电二极管或外部固定电流快照 |
contracts/PPG_CONTRACT_CLOSURE_MATRIX.md,1966,ppg_system_integration/PPG_SAR9_SAR15_SAFE_SELECTION_WRAPPER_INTERFACE_CONTRACT.md:508,explicit_file_line,i_adc_owner_frame_type,text_mismatch,| `i_waveform_input_source` | 1 | 输入 | 光电二极管或外部固定电流快照 |
contracts/PPG_CONTRACT_CLOSURE_MATRIX.md,1967,ppg_system_integration/PPG_SAR9_SAR15_SAFE_SELECTION_WRAPPER_INTERFACE_CONTRACT.md:508,explicit_file_line,i_adc_owner_amb_code_snapshot,text_mismatch,| `i_waveform_input_source` | 1 | 输入 | 光电二极管或外部固定电流快照 |
contracts/PPG_CONTRACT_CLOSURE_MATRIX.md,1968,ppg_system_integration/PPG_SAR9_SAR15_SAFE_SELECTION_WRAPPER_INTERFACE_CONTRACT.md:508,explicit_file_line,i_adc_owner_dc_code_snapshot,text_mismatch,| `i_waveform_input_source` | 1 | 输入 | 光电二极管或外部固定电流快照 |
contracts/PPG_CONTRACT_CLOSURE_MATRIX.md,1969,ppg_system_integration/PPG_SAR9_SAR15_SAFE_SELECTION_WRAPPER_INTERFACE_CONTRACT.md:508,explicit_file_line,i_adc_owner_amb_code_epoch,text_mismatch,| `i_waveform_input_source` | 1 | 输入 | 光电二极管或外部固定电流快照 |
contracts/PPG_CONTRACT_CLOSURE_MATRIX.md,1970,ppg_system_integration/PPG_SAR9_SAR15_SAFE_SELECTION_WRAPPER_INTERFACE_CONTRACT.md:508,explicit_file_line,i_adc_owner_dc_code_epoch,text_mismatch,| `i_waveform_input_source` | 1 | 输入 | 光电二极管或外部固定电流快照 |
contracts/PPG_CONTRACT_CLOSURE_MATRIX.md,1971,ppg_system_integration/PPG_SAR9_SAR15_SAFE_SELECTION_WRAPPER_INTERFACE_CONTRACT.md:508,explicit_file_line,i_adc_owner_sample_index,text_mismatch,| `i_waveform_input_source` | 1 | 输入 | 光电二极管或外部固定电流快照 |
contracts/PPG_CONTRACT_CLOSURE_MATRIX.md,1972,ppg_system_integration/PPG_SAR9_SAR15_SAFE_SELECTION_WRAPPER_INTERFACE_CONTRACT.md:526,explicit_file_line,i_adc_transaction_complete_event,text_mismatch,| `i_adc_owner_frame_id` | `C_FRAME_ID_WIDTH` | 调度器 | AMI事务帧号，必须匹配波形快照 |
contracts/PPG_CONTRACT_CLOSURE_MATRIX.md,1973,ppg_system_integration/PPG_SAR9_SAR15_SAFE_SELECTION_WRAPPER_INTERFACE_CONTRACT.md:526,explicit_file_line,i_adc_transaction_success,text_mismatch,| `i_adc_owner_frame_id` | `C_FRAME_ID_WIDTH` | 调度器 | AMI事务帧号，必须匹配波形快照 |
contracts/PPG_CONTRACT_CLOSURE_MATRIX.md,1974,ppg_system_integration/PPG_SAR9_SAR15_SAFE_SELECTION_WRAPPER_INTERFACE_CONTRACT.md:526,explicit_file_line,i_adc_complete_sample_index,text_mismatch,| `i_adc_owner_frame_id` | `C_FRAME_ID_WIDTH` | 调度器 | AMI事务帧号，必须匹配波形快照 |
contracts/PPG_CONTRACT_CLOSURE_MATRIX.md,1975,ppg_system_integration/PPG_SAR9_SAR15_SAFE_SELECTION_WRAPPER_INTERFACE_CONTRACT.md:526,explicit_file_line,i_adc_idle,text_mismatch,| `i_adc_owner_frame_id` | `C_FRAME_ID_WIDTH` | 调度器 | AMI事务帧号，必须匹配波形快照 |
contracts/PPG_CONTRACT_CLOSURE_MATRIX.md,1976,ppg_system_integration/PPG_SAR9_SAR15_SAFE_SELECTION_WRAPPER_INTERFACE_CONTRACT.md:537,explicit_file_line,o_en_tia_low,text_mismatch,### 7.6 ADC完成与空闲输入
contracts/PPG_CONTRACT_CLOSURE_MATRIX.md,1977,ppg_system_integration/PPG_SAR9_SAR15_SAFE_SELECTION_WRAPPER_INTERFACE_CONTRACT.md:537,explicit_file_line,o_leddac,text_mismatch,### 7.6 ADC完成与空闲输入
contracts/PPG_CONTRACT_CLOSURE_MATRIX.md,1978,ppg_system_integration/PPG_SAR9_SAR15_SAFE_SELECTION_WRAPPER_INTERFACE_CONTRACT.md:537,explicit_file_line,o_leden1_low,text_mismatch,### 7.6 ADC完成与空闲输入
contracts/PPG_CONTRACT_CLOSURE_MATRIX.md,1979,ppg_system_integration/PPG_SAR9_SAR15_SAFE_SELECTION_WRAPPER_INTERFACE_CONTRACT.md:537,explicit_file_line,o_leden2_low,text_mismatch,### 7.6 ADC完成与空闲输入
contracts/PPG_CONTRACT_CLOSURE_MATRIX.md,1980,ppg_system_integration/PPG_SAR9_SAR15_SAFE_SELECTION_WRAPPER_INTERFACE_CONTRACT.md:537,explicit_file_line,o_en_test,text_mismatch,### 7.6 ADC完成与空闲输入
contracts/PPG_CONTRACT_CLOSURE_MATRIX.md,1981,ppg_system_integration/PPG_SAR9_SAR15_SAFE_SELECTION_WRAPPER_INTERFACE_CONTRACT.md:537,explicit_file_line,o_clk_buf_low,text_mismatch,### 7.6 ADC完成与空闲输入
contracts/PPG_CONTRACT_CLOSURE_MATRIX.md,1982,ppg_system_integration/PPG_SAR9_SAR15_SAFE_SELECTION_WRAPPER_INTERFACE_CONTRACT.md:537,explicit_file_line,o_clk_iref_idac_low,text_mismatch,### 7.6 ADC完成与空闲输入
contracts/PPG_CONTRACT_CLOSURE_MATRIX.md,1983,ppg_system_integration/PPG_SAR9_SAR15_SAFE_SELECTION_WRAPPER_INTERFACE_CONTRACT.md:537,explicit_file_line,o_clk_9q1_low,text_mismatch,### 7.6 ADC完成与空闲输入
contracts/PPG_CONTRACT_CLOSURE_MATRIX.md,1984,ppg_system_integration/PPG_SAR9_SAR15_SAFE_SELECTION_WRAPPER_INTERFACE_CONTRACT.md:537,explicit_file_line,o_clk_15q1_low,text_mismatch,### 7.6 ADC完成与空闲输入
contracts/PPG_CONTRACT_CLOSURE_MATRIX.md,1985,ppg_system_integration/PPG_SAR9_SAR15_SAFE_SELECTION_WRAPPER_INTERFACE_CONTRACT.md:537,explicit_file_line,o_clk_aferst_low,text_mismatch,### 7.6 ADC完成与空闲输入
contracts/PPG_CONTRACT_CLOSURE_MATRIX.md,1986,ppg_system_integration/PPG_SAR9_SAR15_SAFE_SELECTION_WRAPPER_INTERFACE_CONTRACT.md:537,explicit_file_line,o_clk_iref_idac_sar9_low,text_mismatch,### 7.6 ADC完成与空闲输入
contracts/PPG_CONTRACT_CLOSURE_MATRIX.md,1987,ppg_system_integration/PPG_SAR9_SAR15_SAFE_SELECTION_WRAPPER_INTERFACE_CONTRACT.md:537,explicit_file_line,o_clk_iref_idac_sar15_low,text_mismatch,### 7.6 ADC完成与空闲输入
contracts/PPG_CONTRACT_CLOSURE_MATRIX.md,1988,ppg_system_integration/PPG_SAR9_SAR15_SAFE_SELECTION_WRAPPER_INTERFACE_CONTRACT.md:537,explicit_file_line,o_clk_q2_low,text_mismatch,### 7.6 ADC完成与空闲输入
contracts/PPG_CONTRACT_CLOSURE_MATRIX.md,1989,ppg_system_integration/PPG_SAR9_SAR15_SAFE_SELECTION_WRAPPER_INTERFACE_CONTRACT.md:537,explicit_file_line,o_clk_q3_low,text_mismatch,### 7.6 ADC完成与空闲输入
contracts/PPG_CONTRACT_CLOSURE_MATRIX.md,1990,ppg_system_integration/PPG_SAR9_SAR15_SAFE_SELECTION_WRAPPER_INTERFACE_CONTRACT.md:537,explicit_file_line,o_clk_tiaen_low,text_mismatch,### 7.6 ADC完成与空闲输入
contracts/PPG_CONTRACT_CLOSURE_MATRIX.md,1991,ppg_system_integration/PPG_SAR9_SAR15_SAFE_SELECTION_WRAPPER_INTERFACE_CONTRACT.md:537,explicit_file_line,o_en_15sar_low,text_mismatch,### 7.6 ADC完成与空闲输入
contracts/PPG_CONTRACT_CLOSURE_MATRIX.md,1992,ppg_system_integration/PPG_SAR9_SAR15_SAFE_SELECTION_WRAPPER_INTERFACE_CONTRACT.md:537,explicit_file_line,o_en_sar9_amb_low,text_mismatch,### 7.6 ADC完成与空闲输入
contracts/PPG_CONTRACT_CLOSURE_MATRIX.md,1993,ppg_system_integration/PPG_SAR9_SAR15_SAFE_SELECTION_WRAPPER_INTERFACE_CONTRACT.md:537,explicit_file_line,o_en_sar9_dc_low,text_mismatch,### 7.6 ADC完成与空闲输入
contracts/PPG_CONTRACT_CLOSURE_MATRIX.md,1994,ppg_system_integration/PPG_SAR9_SAR15_SAFE_SELECTION_WRAPPER_INTERFACE_CONTRACT.md:537,explicit_file_line,o_en_sar9_iref,text_mismatch,### 7.6 ADC完成与空闲输入
contracts/PPG_CONTRACT_CLOSURE_MATRIX.md,1995,ppg_system_integration/PPG_SAR9_SAR15_SAFE_SELECTION_WRAPPER_INTERFACE_CONTRACT.md:537,explicit_file_line,o_en_sar15_amb_low,text_mismatch,### 7.6 ADC完成与空闲输入
contracts/PPG_CONTRACT_CLOSURE_MATRIX.md,1996,ppg_system_integration/PPG_SAR9_SAR15_SAFE_SELECTION_WRAPPER_INTERFACE_CONTRACT.md:537,explicit_file_line,o_en_sar15_dc_low,text_mismatch,### 7.6 ADC完成与空闲输入
contracts/PPG_CONTRACT_CLOSURE_MATRIX.md,1997,ppg_system_integration/PPG_SAR9_SAR15_SAFE_SELECTION_WRAPPER_INTERFACE_CONTRACT.md:537,explicit_file_line,o_en_sar15_iref,text_mismatch,### 7.6 ADC完成与空闲输入
contracts/PPG_CONTRACT_CLOSURE_MATRIX.md,1998,ppg_system_integration/PPG_SAR9_SAR15_SAFE_SELECTION_WRAPPER_INTERFACE_CONTRACT.md:537,explicit_file_line,o_idac_sar9ambn_low,text_mismatch,### 7.6 ADC完成与空闲输入
contracts/PPG_CONTRACT_CLOSURE_MATRIX.md,1999,ppg_system_integration/PPG_SAR9_SAR15_SAFE_SELECTION_WRAPPER_INTERFACE_CONTRACT.md:537,explicit_file_line,o_idac_sar9dcn_low,text_mismatch,### 7.6 ADC完成与空闲输入
contracts/PPG_CONTRACT_CLOSURE_MATRIX.md,2000,ppg_system_integration/PPG_SAR9_SAR15_SAFE_SELECTION_WRAPPER_INTERFACE_CONTRACT.md:537,explicit_file_line,o_idac_sar15ambn_low,text_mismatch,### 7.6 ADC完成与空闲输入
contracts/PPG_CONTRACT_CLOSURE_MATRIX.md,2001,ppg_system_integration/PPG_SAR9_SAR15_SAFE_SELECTION_WRAPPER_INTERFACE_CONTRACT.md:537,explicit_file_line,o_idac_sar15dcn_low,text_mismatch,### 7.6 ADC完成与空闲输入
contracts/PPG_CONTRACT_CLOSURE_MATRIX.md,2002,ppg_system_integration/PPG_SAR9_SAR15_SAFE_SELECTION_WRAPPER_INTERFACE_CONTRACT.md:537,explicit_file_line,o_s_in,text_mismatch,### 7.6 ADC完成与空闲输入
contracts/PPG_CONTRACT_CLOSURE_MATRIX.md,2003,ppg_system_integration/PPG_SAR9_SAR15_SAFE_SELECTION_WRAPPER_INTERFACE_CONTRACT.md:537,explicit_file_line,o_clk_2m,text_mismatch,### 7.6 ADC完成与空闲输入
contracts/PPG_CONTRACT_CLOSURE_MATRIX.md,2004,ppg_system_integration/PPG_SAR9_SAR15_SAFE_SELECTION_WRAPPER_INTERFACE_CONTRACT.md:578,explicit_file_line,o_analog_safe,text_mismatch,o_idac_sar15ambn_low[7:0]
contracts/PPG_CONTRACT_CLOSURE_MATRIX.md,2005,ppg_system_integration/PPG_SAR9_SAR15_SAFE_SELECTION_WRAPPER_INTERFACE_CONTRACT.md:578,explicit_file_line,o_sar_timing_idle,text_mismatch,o_idac_sar15ambn_low[7:0]
contracts/PPG_CONTRACT_CLOSURE_MATRIX.md,2006,ppg_system_integration/PPG_SAR9_SAR15_SAFE_SELECTION_WRAPPER_INTERFACE_CONTRACT.md:578,explicit_file_line,o_wrapper_idle,text_mismatch,o_idac_sar15ambn_low[7:0]
contracts/PPG_CONTRACT_CLOSURE_MATRIX.md,2007,ppg_system_integration/PPG_SAR9_SAR15_SAFE_SELECTION_WRAPPER_INTERFACE_CONTRACT.md:578,explicit_file_line,o_precision_active,text_mismatch,o_idac_sar15ambn_low[7:0]
contracts/PPG_CONTRACT_CLOSURE_MATRIX.md,2008,ppg_system_integration/PPG_SAR9_SAR15_SAFE_SELECTION_WRAPPER_INTERFACE_CONTRACT.md:578,explicit_file_line,o_calibration_wave_active,text_mismatch,o_idac_sar15ambn_low[7:0]
contracts/PPG_CONTRACT_CLOSURE_MATRIX.md,2009,ppg_system_integration/PPG_SAR9_SAR15_SAFE_SELECTION_WRAPPER_INTERFACE_CONTRACT.md:578,explicit_file_line,o_adc_owner_inflight,text_mismatch,o_idac_sar15ambn_low[7:0]
contracts/PPG_CONTRACT_CLOSURE_MATRIX.md,2010,ppg_system_integration/PPG_SAR9_SAR15_SAFE_SELECTION_WRAPPER_INTERFACE_CONTRACT.md:578,explicit_file_line,o_owner_q3_window_closed,text_mismatch,o_idac_sar15ambn_low[7:0]
contracts/PPG_CONTRACT_CLOSURE_MATRIX.md,2011,ppg_system_integration/PPG_SAR9_SAR15_SAFE_SELECTION_WRAPPER_INTERFACE_CONTRACT.md:578,explicit_file_line,o_switch_protocol_error_sticky,text_mismatch,o_idac_sar15ambn_low[7:0]
contracts/PPG_CONTRACT_CLOSURE_MATRIX.md,2012,ppg_system_integration/PPG_SAR9_SAR15_SAFE_SELECTION_WRAPPER_INTERFACE_CONTRACT.md:578,explicit_file_line,o_transaction_mismatch_sticky,text_mismatch,o_idac_sar15ambn_low[7:0]
contracts/PPG_CONTRACT_CLOSURE_MATRIX.md,2013,ppg_system_integration/PPG_SAR9_SAR15_SAFE_SELECTION_WRAPPER_INTERFACE_CONTRACT.md:578,explicit_file_line,o_owner_deadline_timeout_sticky,text_mismatch,o_idac_sar15ambn_low[7:0]
contracts/PPG_CONTRACT_CLOSURE_MATRIX.md,2014,ppg_system_integration/PPG_SAR9_SAR15_SAFE_SELECTION_WRAPPER_INTERFACE_CONTRACT.md:578,explicit_file_line,o_calibration_timeout_sticky,text_mismatch,o_idac_sar15ambn_low[7:0]
contracts/PPG_CONTRACT_CLOSURE_MATRIX.md,2015,ppg_system_integration/PPG_SAR9_SAR15_SAFE_SELECTION_WRAPPER_INTERFACE_CONTRACT.md:578,explicit_file_line,o_wrapper_fault_blocking,text_mismatch,o_idac_sar15ambn_low[7:0]
contracts/PPG_CONTRACT_CLOSURE_MATRIX.md,2016,ppg_system_integration/PPG_SAR9_SAR15_SAFE_SELECTION_WRAPPER_INTERFACE_CONTRACT.md:600,explicit_file_line,o_ssw_fault_valid,text_mismatch,| `o_transaction_mismatch_sticky` | ADC完成的sample_index与在途事务不一致 |
contracts/PPG_CONTRACT_CLOSURE_MATRIX.md,2017,ppg_system_integration/PPG_SAR9_SAR15_SAFE_SELECTION_WRAPPER_INTERFACE_CONTRACT.md:600,explicit_file_line,o_ssw_fault_active,text_mismatch,| `o_transaction_mismatch_sticky` | ADC完成的sample_index与在途事务不一致 |
contracts/PPG_CONTRACT_CLOSURE_MATRIX.md,2018,ppg_system_integration/PPG_SAR9_SAR15_SAFE_SELECTION_WRAPPER_INTERFACE_CONTRACT.md:600,explicit_file_line,o_ssw_fault_cause,text_mismatch,| `o_transaction_mismatch_sticky` | ADC完成的sample_index与在途事务不一致 |
contracts/PPG_CONTRACT_CLOSURE_MATRIX.md,2019,ppg_system_integration/PPG_SAR9_SAR15_SAFE_SELECTION_WRAPPER_INTERFACE_CONTRACT.md:600,explicit_file_line,o_ssw_fault_identity_valid,text_mismatch,| `o_transaction_mismatch_sticky` | ADC完成的sample_index与在途事务不一致 |
contracts/PPG_CONTRACT_CLOSURE_MATRIX.md,2020,ppg_system_integration/PPG_SAR9_SAR15_SAFE_SELECTION_WRAPPER_INTERFACE_CONTRACT.md:600,explicit_file_line,o_ssw_fault_frame_id,text_mismatch,| `o_transaction_mismatch_sticky` | ADC完成的sample_index与在途事务不一致 |
contracts/PPG_CONTRACT_CLOSURE_MATRIX.md,2021,ppg_system_integration/PPG_SAR9_SAR15_SAFE_SELECTION_WRAPPER_INTERFACE_CONTRACT.md:600,explicit_file_line,o_ssw_fault_sample_index,text_mismatch,| `o_transaction_mismatch_sticky` | ADC完成的sample_index与在途事务不一致 |
contracts/PPG_CONTRACT_CLOSURE_MATRIX.md,2022,ppg_system_integration/PPG_SAR9_SAR15_SAFE_SELECTION_WRAPPER_INTERFACE_CONTRACT.md:600,explicit_file_line,o_ssw_fault_color_ir,text_mismatch,| `o_transaction_mismatch_sticky` | ADC完成的sample_index与在途事务不一致 |
contracts/PPG_CONTRACT_CLOSURE_MATRIX.md,2023,ppg_system_integration/PPG_SAR9_SAR15_SAFE_SELECTION_WRAPPER_INTERFACE_CONTRACT.md:600,explicit_file_line,o_ssw_fault_frame_type,text_mismatch,| `o_transaction_mismatch_sticky` | ADC完成的sample_index与在途事务不一致 |
contracts/PPG_CONTRACT_CLOSURE_MATRIX.md,2024,ppg_system_integration/PPG_SAR9_SAR15_SAFE_SELECTION_WRAPPER_INTERFACE_CONTRACT.md:600,explicit_file_line,o_ssw_fault_precision_mode,text_mismatch,| `o_transaction_mismatch_sticky` | ADC完成的sample_index与在途事务不一致 |
contracts/PPG_CONTRACT_CLOSURE_MATRIX.md,2025,ppg_system_integration/PPG_SAR9_SAR15_SAFE_SELECTION_WRAPPER_INTERFACE_CONTRACT.md:600,explicit_file_line,o_ssw_fault_run_generation,text_mismatch,| `o_transaction_mismatch_sticky` | ADC完成的sample_index与在途事务不一致 |
contracts/PPG_CONTRACT_CLOSURE_MATRIX.md,2026,ppg_system_integration/PPG_IDAC_CODE_CONTROLLER_V2_INTERFACE_CONTRACT.md:290,explicit_file_line,i_clk,text_mismatch,`i_stop_ack_event`和`i_control_abort_event`只取消尚未安全提交的本地IDAC
contracts/PPG_CONTRACT_CLOSURE_MATRIX.md,2027,ppg_system_integration/PPG_IDAC_CODE_CONTROLLER_V2_INTERFACE_CONTRACT.md:290,explicit_file_line,i_rstn,text_mismatch,`i_stop_ack_event`和`i_control_abort_event`只取消尚未安全提交的本地IDAC
contracts/PPG_CONTRACT_CLOSURE_MATRIX.md,2028,ppg_system_integration/PPG_IDAC_CODE_CONTROLLER_V2_INTERFACE_CONTRACT.md:277,explicit_file_line,i_run_generation,text_mismatch,	output o_idac_idle
contracts/PPG_CONTRACT_CLOSURE_MATRIX.md,2029,ppg_system_integration/PPG_IDAC_CODE_CONTROLLER_V2_INTERFACE_CONTRACT.md:290,explicit_file_line,i_run_enable,text_mismatch,`i_stop_ack_event`和`i_control_abort_event`只取消尚未安全提交的本地IDAC
contracts/PPG_CONTRACT_CLOSURE_MATRIX.md,2030,ppg_system_integration/PPG_IDAC_CODE_CONTROLLER_V2_INTERFACE_CONTRACT.md:290,explicit_file_line,i_start_ack_event,text_mismatch,`i_stop_ack_event`和`i_control_abort_event`只取消尚未安全提交的本地IDAC
contracts/PPG_CONTRACT_CLOSURE_MATRIX.md,2032,ppg_system_integration/PPG_IDAC_CODE_CONTROLLER_V2_INTERFACE_CONTRACT.md:290,explicit_file_line,i_status_clear_event,text_mismatch,`i_stop_ack_event`和`i_control_abort_event`只取消尚未安全提交的本地IDAC
contracts/PPG_CONTRACT_CLOSURE_MATRIX.md,2034,ppg_system_integration/PPG_IDAC_CODE_CONTROLLER_V2_INTERFACE_CONTRACT.md:290,explicit_file_line,i_frame_safe_boundary,text_mismatch,`i_stop_ack_event`和`i_control_abort_event`只取消尚未安全提交的本地IDAC
contracts/PPG_CONTRACT_CLOSURE_MATRIX.md,2035,ppg_system_integration/PPG_IDAC_CODE_CONTROLLER_V2_INTERFACE_CONTRACT.md:307,explicit_file_line,i_active_config_epoch,text_mismatch,| `i_frame_safe_boundary` | 1 | 帧/模拟调度 | 当前沿允许提交一个或多个pending码 |
contracts/PPG_CONTRACT_CLOSURE_MATRIX.md,2036,ppg_system_integration/PPG_IDAC_CODE_CONTROLLER_V2_INTERFACE_CONTRACT.md:307,explicit_file_line,i_idac_mode,text_mismatch,| `i_frame_safe_boundary` | 1 | 帧/模拟调度 | 当前沿允许提交一个或多个pending码 |
contracts/PPG_CONTRACT_CLOSURE_MATRIX.md,2037,ppg_system_integration/PPG_IDAC_CODE_CONTROLLER_V2_INTERFACE_CONTRACT.md:307,explicit_file_line,i_amb_enable,text_mismatch,| `i_frame_safe_boundary` | 1 | 帧/模拟调度 | 当前沿允许提交一个或多个pending码 |
contracts/PPG_CONTRACT_CLOSURE_MATRIX.md,2038,ppg_system_integration/PPG_IDAC_CODE_CONTROLLER_V2_INTERFACE_CONTRACT.md:307,explicit_file_line,i_dcs_enable,text_mismatch,| `i_frame_safe_boundary` | 1 | 帧/模拟调度 | 当前沿允许提交一个或多个pending码 |
contracts/PPG_CONTRACT_CLOSURE_MATRIX.md,2039,ppg_system_integration/PPG_IDAC_CODE_CONTROLLER_V2_INTERFACE_CONTRACT.md:307,explicit_file_line,i_amb_polarity,text_mismatch,| `i_frame_safe_boundary` | 1 | 帧/模拟调度 | 当前沿允许提交一个或多个pending码 |
contracts/PPG_CONTRACT_CLOSURE_MATRIX.md,2040,ppg_system_integration/PPG_IDAC_CODE_CONTROLLER_V2_INTERFACE_CONTRACT.md:307,explicit_file_line,i_dcs_polarity,text_mismatch,| `i_frame_safe_boundary` | 1 | 帧/模拟调度 | 当前沿允许提交一个或多个pending码 |
contracts/PPG_CONTRACT_CLOSURE_MATRIX.md,2041,ppg_system_integration/PPG_IDAC_CODE_CONTROLLER_V2_INTERFACE_CONTRACT.md:307,explicit_file_line,i_amb_manual_code,text_mismatch,| `i_frame_safe_boundary` | 1 | 帧/模拟调度 | 当前沿允许提交一个或多个pending码 |
contracts/PPG_CONTRACT_CLOSURE_MATRIX.md,2042,ppg_system_integration/PPG_IDAC_CODE_CONTROLLER_V2_INTERFACE_CONTRACT.md:307,explicit_file_line,i_amb_code_min,text_mismatch,| `i_frame_safe_boundary` | 1 | 帧/模拟调度 | 当前沿允许提交一个或多个pending码 |
contracts/PPG_CONTRACT_CLOSURE_MATRIX.md,2043,ppg_system_integration/PPG_IDAC_CODE_CONTROLLER_V2_INTERFACE_CONTRACT.md:307,explicit_file_line,i_amb_code_max,text_mismatch,| `i_frame_safe_boundary` | 1 | 帧/模拟调度 | 当前沿允许提交一个或多个pending码 |
contracts/PPG_CONTRACT_CLOSURE_MATRIX.md,2044,ppg_system_integration/PPG_IDAC_CODE_CONTROLLER_V2_INTERFACE_CONTRACT.md:307,explicit_file_line,i_dcs_r_manual_code,text_mismatch,| `i_frame_safe_boundary` | 1 | 帧/模拟调度 | 当前沿允许提交一个或多个pending码 |
contracts/PPG_CONTRACT_CLOSURE_MATRIX.md,2045,ppg_system_integration/PPG_IDAC_CODE_CONTROLLER_V2_INTERFACE_CONTRACT.md:307,explicit_file_line,i_dcs_r_code_min,text_mismatch,| `i_frame_safe_boundary` | 1 | 帧/模拟调度 | 当前沿允许提交一个或多个pending码 |
contracts/PPG_CONTRACT_CLOSURE_MATRIX.md,2046,ppg_system_integration/PPG_IDAC_CODE_CONTROLLER_V2_INTERFACE_CONTRACT.md:307,explicit_file_line,i_dcs_r_code_max,text_mismatch,| `i_frame_safe_boundary` | 1 | 帧/模拟调度 | 当前沿允许提交一个或多个pending码 |
contracts/PPG_CONTRACT_CLOSURE_MATRIX.md,2047,ppg_system_integration/PPG_IDAC_CODE_CONTROLLER_V2_INTERFACE_CONTRACT.md:307,explicit_file_line,i_dcs_ir_manual_code,text_mismatch,| `i_frame_safe_boundary` | 1 | 帧/模拟调度 | 当前沿允许提交一个或多个pending码 |
contracts/PPG_CONTRACT_CLOSURE_MATRIX.md,2048,ppg_system_integration/PPG_IDAC_CODE_CONTROLLER_V2_INTERFACE_CONTRACT.md:307,explicit_file_line,i_dcs_ir_code_min,text_mismatch,| `i_frame_safe_boundary` | 1 | 帧/模拟调度 | 当前沿允许提交一个或多个pending码 |
contracts/PPG_CONTRACT_CLOSURE_MATRIX.md,2049,ppg_system_integration/PPG_IDAC_CODE_CONTROLLER_V2_INTERFACE_CONTRACT.md:307,explicit_file_line,i_dcs_ir_code_max,text_mismatch,| `i_frame_safe_boundary` | 1 | 帧/模拟调度 | 当前沿允许提交一个或多个pending码 |
contracts/PPG_CONTRACT_CLOSURE_MATRIX.md,2050,ppg_system_integration/PPG_IDAC_CODE_CONTROLLER_V2_INTERFACE_CONTRACT.md:307,explicit_file_line,i_amb_threshold_low,text_mismatch,| `i_frame_safe_boundary` | 1 | 帧/模拟调度 | 当前沿允许提交一个或多个pending码 |
contracts/PPG_CONTRACT_CLOSURE_MATRIX.md,2051,ppg_system_integration/PPG_IDAC_CODE_CONTROLLER_V2_INTERFACE_CONTRACT.md:307,explicit_file_line,i_amb_threshold_high,text_mismatch,| `i_frame_safe_boundary` | 1 | 帧/模拟调度 | 当前沿允许提交一个或多个pending码 |
contracts/PPG_CONTRACT_CLOSURE_MATRIX.md,2052,ppg_system_integration/PPG_IDAC_CODE_CONTROLLER_V2_INTERFACE_CONTRACT.md:307,explicit_file_line,i_dcs_threshold_low,text_mismatch,| `i_frame_safe_boundary` | 1 | 帧/模拟调度 | 当前沿允许提交一个或多个pending码 |
contracts/PPG_CONTRACT_CLOSURE_MATRIX.md,2053,ppg_system_integration/PPG_IDAC_CODE_CONTROLLER_V2_INTERFACE_CONTRACT.md:307,explicit_file_line,i_dcs_threshold_high,text_mismatch,| `i_frame_safe_boundary` | 1 | 帧/模拟调度 | 当前沿允许提交一个或多个pending码 |
contracts/PPG_CONTRACT_CLOSURE_MATRIX.md,2054,ppg_system_integration/PPG_IDAC_CODE_CONTROLLER_V2_INTERFACE_CONTRACT.md:307,explicit_file_line,i_amb_confirm_count,text_mismatch,| `i_frame_safe_boundary` | 1 | 帧/模拟调度 | 当前沿允许提交一个或多个pending码 |
contracts/PPG_CONTRACT_CLOSURE_MATRIX.md,2055,ppg_system_integration/PPG_IDAC_CODE_CONTROLLER_V2_INTERFACE_CONTRACT.md:307,explicit_file_line,i_dcs_confirm_count,text_mismatch,| `i_frame_safe_boundary` | 1 | 帧/模拟调度 | 当前沿允许提交一个或多个pending码 |
contracts/PPG_CONTRACT_CLOSURE_MATRIX.md,2056,ppg_system_integration/PPG_IDAC_CODE_CONTROLLER_V2_INTERFACE_CONTRACT.md:329,explicit_file_line,i_search_amb_valid,text_mismatch,```
contracts/PPG_CONTRACT_CLOSURE_MATRIX.md,2057,ppg_system_integration/PPG_IDAC_CODE_CONTROLLER_V2_INTERFACE_CONTRACT.md:329,explicit_file_line,o_search_amb_ready,text_mismatch,```
contracts/PPG_CONTRACT_CLOSURE_MATRIX.md,2058,ppg_system_integration/PPG_IDAC_CODE_CONTROLLER_V2_INTERFACE_CONTRACT.md:329,explicit_file_line,i_search_dcs_valid,text_mismatch,```
contracts/PPG_CONTRACT_CLOSURE_MATRIX.md,2059,ppg_system_integration/PPG_IDAC_CODE_CONTROLLER_V2_INTERFACE_CONTRACT.md:329,explicit_file_line,o_search_dcs_ready,text_mismatch,```
contracts/PPG_CONTRACT_CLOSURE_MATRIX.md,2060,ppg_system_integration/PPG_IDAC_CODE_CONTROLLER_V2_INTERFACE_CONTRACT.md:350,explicit_file_line,i_search_calibrated_s1_value,text_mismatch,```
contracts/PPG_CONTRACT_CLOSURE_MATRIX.md,2061,ppg_system_integration/PPG_IDAC_CODE_CONTROLLER_V2_INTERFACE_CONTRACT.md:350,explicit_file_line,i_search_calibration_applied,text_mismatch,```
contracts/PPG_CONTRACT_CLOSURE_MATRIX.md,2062,ppg_system_integration/PPG_IDAC_CODE_CONTROLLER_V2_INTERFACE_CONTRACT.md:350,explicit_file_line,i_search_saturation_low,text_mismatch,```
contracts/PPG_CONTRACT_CLOSURE_MATRIX.md,2063,ppg_system_integration/PPG_IDAC_CODE_CONTROLLER_V2_INTERFACE_CONTRACT.md:350,explicit_file_line,i_search_saturation_high,text_mismatch,```
contracts/PPG_CONTRACT_CLOSURE_MATRIX.md,2064,ppg_system_integration/PPG_IDAC_CODE_CONTROLLER_V2_INTERFACE_CONTRACT.md:350,explicit_file_line,i_search_config_epoch,text_mismatch,```
contracts/PPG_CONTRACT_CLOSURE_MATRIX.md,2065,ppg_system_integration/PPG_IDAC_CODE_CONTROLLER_V2_INTERFACE_CONTRACT.md:350,explicit_file_line,i_search_coef_epoch,text_mismatch,```
contracts/PPG_CONTRACT_CLOSURE_MATRIX.md,2066,ppg_system_integration/PPG_IDAC_CODE_CONTROLLER_V2_INTERFACE_CONTRACT.md:350,explicit_file_line,i_search_precision_mode,text_mismatch,```
contracts/PPG_CONTRACT_CLOSURE_MATRIX.md,2067,ppg_system_integration/PPG_IDAC_CODE_CONTROLLER_V2_INTERFACE_CONTRACT.md:350,explicit_file_line,i_search_frame_id,text_mismatch,```
contracts/PPG_CONTRACT_CLOSURE_MATRIX.md,2068,ppg_system_integration/PPG_IDAC_CODE_CONTROLLER_V2_INTERFACE_CONTRACT.md:350,explicit_file_line,i_search_sample_index,text_mismatch,```
contracts/PPG_CONTRACT_CLOSURE_MATRIX.md,2069,ppg_system_integration/PPG_IDAC_CODE_CONTROLLER_V2_INTERFACE_CONTRACT.md:350,explicit_file_line,i_search_color_ir,text_mismatch,```
contracts/PPG_CONTRACT_CLOSURE_MATRIX.md,2070,ppg_system_integration/PPG_IDAC_CODE_CONTROLLER_V2_INTERFACE_CONTRACT.md:350,explicit_file_line,i_search_frame_type,text_mismatch,```
contracts/PPG_CONTRACT_CLOSURE_MATRIX.md,2071,ppg_system_integration/PPG_IDAC_CODE_CONTROLLER_V2_INTERFACE_CONTRACT.md:350,explicit_file_line,i_search_amb_code_snapshot,text_mismatch,```
contracts/PPG_CONTRACT_CLOSURE_MATRIX.md,2072,ppg_system_integration/PPG_IDAC_CODE_CONTROLLER_V2_INTERFACE_CONTRACT.md:350,explicit_file_line,i_search_dc_code_snapshot,text_mismatch,```
contracts/PPG_CONTRACT_CLOSURE_MATRIX.md,2073,ppg_system_integration/PPG_IDAC_CODE_CONTROLLER_V2_INTERFACE_CONTRACT.md:350,explicit_file_line,i_search_amb_code_epoch,text_mismatch,```
contracts/PPG_CONTRACT_CLOSURE_MATRIX.md,2074,ppg_system_integration/PPG_IDAC_CODE_CONTROLLER_V2_INTERFACE_CONTRACT.md:350,explicit_file_line,i_search_dc_code_epoch,text_mismatch,```
contracts/PPG_CONTRACT_CLOSURE_MATRIX.md,2075,ppg_system_integration/PPG_IDAC_CODE_CONTROLLER_V2_INTERFACE_CONTRACT.md:129,explicit_file_line,i_test_inject_enable,text_mismatch,### 3.4a `i_amb_threshold_low/high`标定口径说明（2026-09-10）
contracts/PPG_CONTRACT_CLOSURE_MATRIX.md,2076,ppg_system_integration/PPG_IDAC_CODE_CONTROLLER_V2_INTERFACE_CONTRACT.md:129,explicit_file_line,i_test_saturation_inject_valid,text_mismatch,### 3.4a `i_amb_threshold_low/high`标定口径说明（2026-09-10）
contracts/PPG_CONTRACT_CLOSURE_MATRIX.md,2077,ppg_system_integration/PPG_IDAC_CODE_CONTROLLER_V2_INTERFACE_CONTRACT.md:129,explicit_file_line,o_test_saturation_inject_ready,text_mismatch,### 3.4a `i_amb_threshold_low/high`标定口径说明（2026-09-10）
contracts/PPG_CONTRACT_CLOSURE_MATRIX.md,2078,ppg_system_integration/PPG_IDAC_CODE_CONTROLLER_V2_INTERFACE_CONTRACT.md:382,explicit_file_line,i_track_valid,text_mismatch,
contracts/PPG_CONTRACT_CLOSURE_MATRIX.md,2079,ppg_system_integration/PPG_IDAC_CODE_CONTROLLER_V2_INTERFACE_CONTRACT.md:382,explicit_file_line,o_track_ready,text_mismatch,
contracts/PPG_CONTRACT_CLOSURE_MATRIX.md,2080,ppg_system_integration/PPG_IDAC_CODE_CONTROLLER_V2_INTERFACE_CONTRACT.md:394,explicit_file_line,i_track_calibrated_s1_value,text_mismatch,track_transfer = i_track_valid && o_track_ready
contracts/PPG_CONTRACT_CLOSURE_MATRIX.md,2081,ppg_system_integration/PPG_IDAC_CODE_CONTROLLER_V2_INTERFACE_CONTRACT.md:394,explicit_file_line,i_track_calibration_applied,text_mismatch,track_transfer = i_track_valid && o_track_ready
contracts/PPG_CONTRACT_CLOSURE_MATRIX.md,2082,ppg_system_integration/PPG_IDAC_CODE_CONTROLLER_V2_INTERFACE_CONTRACT.md:394,explicit_file_line,i_track_saturation_low,text_mismatch,track_transfer = i_track_valid && o_track_ready
contracts/PPG_CONTRACT_CLOSURE_MATRIX.md,2083,ppg_system_integration/PPG_IDAC_CODE_CONTROLLER_V2_INTERFACE_CONTRACT.md:394,explicit_file_line,i_track_saturation_high,text_mismatch,track_transfer = i_track_valid && o_track_ready
contracts/PPG_CONTRACT_CLOSURE_MATRIX.md,2084,ppg_system_integration/PPG_IDAC_CODE_CONTROLLER_V2_INTERFACE_CONTRACT.md:394,explicit_file_line,i_track_config_epoch,text_mismatch,track_transfer = i_track_valid && o_track_ready
contracts/PPG_CONTRACT_CLOSURE_MATRIX.md,2085,ppg_system_integration/PPG_IDAC_CODE_CONTROLLER_V2_INTERFACE_CONTRACT.md:394,explicit_file_line,i_track_coef_epoch,text_mismatch,track_transfer = i_track_valid && o_track_ready
contracts/PPG_CONTRACT_CLOSURE_MATRIX.md,2086,ppg_system_integration/PPG_IDAC_CODE_CONTROLLER_V2_INTERFACE_CONTRACT.md:394,explicit_file_line,i_track_precision_mode,text_mismatch,track_transfer = i_track_valid && o_track_ready
contracts/PPG_CONTRACT_CLOSURE_MATRIX.md,2087,ppg_system_integration/PPG_IDAC_CODE_CONTROLLER_V2_INTERFACE_CONTRACT.md:394,explicit_file_line,i_track_frame_id,text_mismatch,track_transfer = i_track_valid && o_track_ready
contracts/PPG_CONTRACT_CLOSURE_MATRIX.md,2088,ppg_system_integration/PPG_IDAC_CODE_CONTROLLER_V2_INTERFACE_CONTRACT.md:394,explicit_file_line,i_track_sample_index,text_mismatch,track_transfer = i_track_valid && o_track_ready
contracts/PPG_CONTRACT_CLOSURE_MATRIX.md,2089,ppg_system_integration/PPG_IDAC_CODE_CONTROLLER_V2_INTERFACE_CONTRACT.md:394,explicit_file_line,i_track_color_ir,text_mismatch,track_transfer = i_track_valid && o_track_ready
contracts/PPG_CONTRACT_CLOSURE_MATRIX.md,2090,ppg_system_integration/PPG_IDAC_CODE_CONTROLLER_V2_INTERFACE_CONTRACT.md:394,explicit_file_line,i_track_frame_type,text_mismatch,track_transfer = i_track_valid && o_track_ready
contracts/PPG_CONTRACT_CLOSURE_MATRIX.md,2091,ppg_system_integration/PPG_IDAC_CODE_CONTROLLER_V2_INTERFACE_CONTRACT.md:394,explicit_file_line,i_track_amb_code_snapshot,text_mismatch,track_transfer = i_track_valid && o_track_ready
contracts/PPG_CONTRACT_CLOSURE_MATRIX.md,2092,ppg_system_integration/PPG_IDAC_CODE_CONTROLLER_V2_INTERFACE_CONTRACT.md:394,explicit_file_line,i_track_dc_code_snapshot,text_mismatch,track_transfer = i_track_valid && o_track_ready
contracts/PPG_CONTRACT_CLOSURE_MATRIX.md,2093,ppg_system_integration/PPG_IDAC_CODE_CONTROLLER_V2_INTERFACE_CONTRACT.md:394,explicit_file_line,i_track_amb_code_epoch,text_mismatch,track_transfer = i_track_valid && o_track_ready
contracts/PPG_CONTRACT_CLOSURE_MATRIX.md,2094,ppg_system_integration/PPG_IDAC_CODE_CONTROLLER_V2_INTERFACE_CONTRACT.md:394,explicit_file_line,i_track_dc_code_epoch,text_mismatch,track_transfer = i_track_valid && o_track_ready
contracts/PPG_CONTRACT_CLOSURE_MATRIX.md,2095,ppg_system_integration/PPG_IDAC_CODE_CONTROLLER_V2_INTERFACE_CONTRACT.md:462,explicit_file_line,i_amb_sequence_start,text_mismatch,  `C_RESET_CODE`；全部处理后置`o_startup_search_complete`；
contracts/PPG_CONTRACT_CLOSURE_MATRIX.md,2096,ppg_system_integration/PPG_IDAC_CODE_CONTROLLER_V2_INTERFACE_CONTRACT.md:441,explicit_file_line,o_amb_sample_request,text_mismatch,| 0 | 码减少1 LSB | 码增加1 LSB |
contracts/PPG_CONTRACT_CLOSURE_MATRIX.md,2097,ppg_system_integration/PPG_IDAC_CODE_CONTROLLER_V2_INTERFACE_CONTRACT.md:441,explicit_file_line,o_amb_sequence_busy,text_mismatch,| 0 | 码减少1 LSB | 码增加1 LSB |
contracts/PPG_CONTRACT_CLOSURE_MATRIX.md,2098,ppg_system_integration/PPG_IDAC_CODE_CONTROLLER_V2_INTERFACE_CONTRACT.md:441,explicit_file_line,o_amb_sequence_done,text_mismatch,| 0 | 码减少1 LSB | 码增加1 LSB |
contracts/PPG_CONTRACT_CLOSURE_MATRIX.md,2099,ppg_system_integration/PPG_IDAC_CODE_CONTROLLER_V2_INTERFACE_CONTRACT.md:441,explicit_file_line,o_amb_sequence_failed,text_mismatch,| 0 | 码减少1 LSB | 码增加1 LSB |
contracts/PPG_CONTRACT_CLOSURE_MATRIX.md,2100,ppg_system_integration/PPG_IDAC_CODE_CONTROLLER_V2_INTERFACE_CONTRACT.md:441,explicit_file_line,o_dcs_sample_request,text_mismatch,| 0 | 码减少1 LSB | 码增加1 LSB |
contracts/PPG_CONTRACT_CLOSURE_MATRIX.md,2101,ppg_system_integration/PPG_IDAC_CODE_CONTROLLER_V2_INTERFACE_CONTRACT.md:441,explicit_file_line,o_dcs_sample_color_ir,text_mismatch,| 0 | 码减少1 LSB | 码增加1 LSB |
contracts/PPG_CONTRACT_CLOSURE_MATRIX.md,2102,ppg_system_integration/PPG_IDAC_CODE_CONTROLLER_V2_INTERFACE_CONTRACT.md:484,explicit_file_line,o_dcs_revalidate_request,text_mismatch,- 达到确认次数：从ACTIVE AMB min/max启动受限二分重搜索；
contracts/PPG_CONTRACT_CLOSURE_MATRIX.md,2103,ppg_system_integration/PPG_IDAC_CODE_CONTROLLER_V2_INTERFACE_CONTRACT.md:484,explicit_file_line,i_dcs_revalidate_accept,text_mismatch,- 达到确认次数：从ACTIVE AMB min/max启动受限二分重搜索；
contracts/PPG_CONTRACT_CLOSURE_MATRIX.md,2104,ppg_system_integration/PPG_IDAC_CODE_CONTROLLER_V2_INTERFACE_CONTRACT.md:484,explicit_file_line,o_dcs_revalidate_busy,text_mismatch,- 达到确认次数：从ACTIVE AMB min/max启动受限二分重搜索；
contracts/PPG_CONTRACT_CLOSURE_MATRIX.md,2105,ppg_system_integration/PPG_IDAC_CODE_CONTROLLER_V2_INTERFACE_CONTRACT.md:484,explicit_file_line,o_dcs_revalidate_done,text_mismatch,- 达到确认次数：从ACTIVE AMB min/max启动受限二分重搜索；
contracts/PPG_CONTRACT_CLOSURE_MATRIX.md,2106,ppg_system_integration/PPG_IDAC_CODE_CONTROLLER_V2_INTERFACE_CONTRACT.md:484,explicit_file_line,o_dcs_revalidate_failed,text_mismatch,- 达到确认次数：从ACTIVE AMB min/max启动受限二分重搜索；
contracts/PPG_CONTRACT_CLOSURE_MATRIX.md,2107,ppg_system_integration/PPG_IDAC_CODE_CONTROLLER_V2_INTERFACE_CONTRACT.md:538,explicit_file_line,o_amb_code,text_mismatch,
contracts/PPG_CONTRACT_CLOSURE_MATRIX.md,2108,ppg_system_integration/PPG_IDAC_CODE_CONTROLLER_V2_INTERFACE_CONTRACT.md:538,explicit_file_line,o_dcs_r_code,text_mismatch,
contracts/PPG_CONTRACT_CLOSURE_MATRIX.md,2109,ppg_system_integration/PPG_IDAC_CODE_CONTROLLER_V2_INTERFACE_CONTRACT.md:538,explicit_file_line,o_dcs_ir_code,text_mismatch,
contracts/PPG_CONTRACT_CLOSURE_MATRIX.md,2110,ppg_system_integration/PPG_IDAC_CODE_CONTROLLER_V2_INTERFACE_CONTRACT.md:538,explicit_file_line,o_amb_code_epoch,text_mismatch,
contracts/PPG_CONTRACT_CLOSURE_MATRIX.md,2111,ppg_system_integration/PPG_IDAC_CODE_CONTROLLER_V2_INTERFACE_CONTRACT.md:538,explicit_file_line,o_dcs_r_code_epoch,text_mismatch,
contracts/PPG_CONTRACT_CLOSURE_MATRIX.md,2112,ppg_system_integration/PPG_IDAC_CODE_CONTROLLER_V2_INTERFACE_CONTRACT.md:538,explicit_file_line,o_dcs_ir_code_epoch,text_mismatch,
contracts/PPG_CONTRACT_CLOSURE_MATRIX.md,2113,ppg_system_integration/PPG_IDAC_CODE_CONTROLLER_V2_INTERFACE_CONTRACT.md:538,explicit_file_line,o_amb_code_update,text_mismatch,
contracts/PPG_CONTRACT_CLOSURE_MATRIX.md,2114,ppg_system_integration/PPG_IDAC_CODE_CONTROLLER_V2_INTERFACE_CONTRACT.md:538,explicit_file_line,o_dcs_r_code_update,text_mismatch,
contracts/PPG_CONTRACT_CLOSURE_MATRIX.md,2115,ppg_system_integration/PPG_IDAC_CODE_CONTROLLER_V2_INTERFACE_CONTRACT.md:538,explicit_file_line,o_dcs_ir_code_update,text_mismatch,
contracts/PPG_CONTRACT_CLOSURE_MATRIX.md,2116,ppg_system_integration/PPG_IDAC_CODE_CONTROLLER_V2_INTERFACE_CONTRACT.md:538,explicit_file_line,o_dcs_r_track_adjust,text_mismatch,
contracts/PPG_CONTRACT_CLOSURE_MATRIX.md,2117,ppg_system_integration/PPG_IDAC_CODE_CONTROLLER_V2_INTERFACE_CONTRACT.md:538,explicit_file_line,o_dcs_ir_track_adjust,text_mismatch,
contracts/PPG_CONTRACT_CLOSURE_MATRIX.md,2118,ppg_system_integration/PPG_IDAC_CODE_CONTROLLER_V2_INTERFACE_CONTRACT.md:543,explicit_file_line,o_amb_search_done,text_mismatch,
contracts/PPG_CONTRACT_CLOSURE_MATRIX.md,2119,ppg_system_integration/PPG_IDAC_CODE_CONTROLLER_V2_INTERFACE_CONTRACT.md:543,explicit_file_line,o_dcs_r_search_done,text_mismatch,
contracts/PPG_CONTRACT_CLOSURE_MATRIX.md,2120,ppg_system_integration/PPG_IDAC_CODE_CONTROLLER_V2_INTERFACE_CONTRACT.md:543,explicit_file_line,o_dcs_ir_search_done,text_mismatch,
contracts/PPG_CONTRACT_CLOSURE_MATRIX.md,2121,ppg_system_integration/PPG_IDAC_CODE_CONTROLLER_V2_INTERFACE_CONTRACT.md:543,explicit_file_line,o_amb_search_exhausted,text_mismatch,
contracts/PPG_CONTRACT_CLOSURE_MATRIX.md,2122,ppg_system_integration/PPG_IDAC_CODE_CONTROLLER_V2_INTERFACE_CONTRACT.md:543,explicit_file_line,o_dcs_r_search_exhausted,text_mismatch,
contracts/PPG_CONTRACT_CLOSURE_MATRIX.md,2123,ppg_system_integration/PPG_IDAC_CODE_CONTROLLER_V2_INTERFACE_CONTRACT.md:543,explicit_file_line,o_dcs_ir_search_exhausted,text_mismatch,
contracts/PPG_CONTRACT_CLOSURE_MATRIX.md,2124,ppg_system_integration/PPG_IDAC_CODE_CONTROLLER_V2_INTERFACE_CONTRACT.md:543,explicit_file_line,o_amb_pending_valid,text_mismatch,
contracts/PPG_CONTRACT_CLOSURE_MATRIX.md,2125,ppg_system_integration/PPG_IDAC_CODE_CONTROLLER_V2_INTERFACE_CONTRACT.md:543,explicit_file_line,o_dcs_r_pending_valid,text_mismatch,
contracts/PPG_CONTRACT_CLOSURE_MATRIX.md,2126,ppg_system_integration/PPG_IDAC_CODE_CONTROLLER_V2_INTERFACE_CONTRACT.md:543,explicit_file_line,o_dcs_ir_pending_valid,text_mismatch,
contracts/PPG_CONTRACT_CLOSURE_MATRIX.md,2127,ppg_system_integration/PPG_IDAC_CODE_CONTROLLER_V2_INTERFACE_CONTRACT.md:543,explicit_file_line,o_amb_code_at_min,text_mismatch,
contracts/PPG_CONTRACT_CLOSURE_MATRIX.md,2128,ppg_system_integration/PPG_IDAC_CODE_CONTROLLER_V2_INTERFACE_CONTRACT.md:543,explicit_file_line,o_amb_code_at_max,text_mismatch,
contracts/PPG_CONTRACT_CLOSURE_MATRIX.md,2129,ppg_system_integration/PPG_IDAC_CODE_CONTROLLER_V2_INTERFACE_CONTRACT.md:543,explicit_file_line,o_dcs_r_code_at_min,text_mismatch,
contracts/PPG_CONTRACT_CLOSURE_MATRIX.md,2130,ppg_system_integration/PPG_IDAC_CODE_CONTROLLER_V2_INTERFACE_CONTRACT.md:543,explicit_file_line,o_dcs_r_code_at_max,text_mismatch,
contracts/PPG_CONTRACT_CLOSURE_MATRIX.md,2131,ppg_system_integration/PPG_IDAC_CODE_CONTROLLER_V2_INTERFACE_CONTRACT.md:543,explicit_file_line,o_dcs_ir_code_at_min,text_mismatch,
contracts/PPG_CONTRACT_CLOSURE_MATRIX.md,2132,ppg_system_integration/PPG_IDAC_CODE_CONTROLLER_V2_INTERFACE_CONTRACT.md:543,explicit_file_line,o_dcs_ir_code_at_max,text_mismatch,
contracts/PPG_CONTRACT_CLOSURE_MATRIX.md,2133,ppg_system_integration/PPG_IDAC_CODE_CONTROLLER_V2_INTERFACE_CONTRACT.md:552,explicit_file_line,o_amb_fault,text_mismatch,  禁用路径不伪装为search done；
contracts/PPG_CONTRACT_CLOSURE_MATRIX.md,2134,ppg_system_integration/PPG_IDAC_CODE_CONTROLLER_V2_INTERFACE_CONTRACT.md:552,explicit_file_line,o_dcs_r_fault,text_mismatch,  禁用路径不伪装为search done；
contracts/PPG_CONTRACT_CLOSURE_MATRIX.md,2135,ppg_system_integration/PPG_IDAC_CODE_CONTROLLER_V2_INTERFACE_CONTRACT.md:552,explicit_file_line,o_dcs_ir_fault,text_mismatch,  禁用路径不伪装为search done；
contracts/PPG_CONTRACT_CLOSURE_MATRIX.md,2136,ppg_system_integration/PPG_IDAC_CODE_CONTROLLER_V2_INTERFACE_CONTRACT.md:552,explicit_file_line,o_controller_fault_blocking,text_mismatch,  禁用路径不伪装为search done；
contracts/PPG_CONTRACT_CLOSURE_MATRIX.md,2137,ppg_system_integration/PPG_IDAC_CODE_CONTROLLER_V2_INTERFACE_CONTRACT.md:552,explicit_file_line,o_controller_fault_event,text_mismatch,  禁用路径不伪装为search done；
contracts/PPG_CONTRACT_CLOSURE_MATRIX.md,2138,ppg_system_integration/PPG_IDAC_CODE_CONTROLLER_V2_INTERFACE_CONTRACT.md:552,explicit_file_line,o_controller_fault_identity_valid,text_mismatch,  禁用路径不伪装为search done；
contracts/PPG_CONTRACT_CLOSURE_MATRIX.md,2139,ppg_system_integration/PPG_IDAC_CODE_CONTROLLER_V2_INTERFACE_CONTRACT.md:552,explicit_file_line,o_controller_fault_frame_id,text_mismatch,  禁用路径不伪装为search done；
contracts/PPG_CONTRACT_CLOSURE_MATRIX.md,2140,ppg_system_integration/PPG_IDAC_CODE_CONTROLLER_V2_INTERFACE_CONTRACT.md:552,explicit_file_line,o_controller_fault_sample_index,text_mismatch,  禁用路径不伪装为search done；
contracts/PPG_CONTRACT_CLOSURE_MATRIX.md,2141,ppg_system_integration/PPG_IDAC_CODE_CONTROLLER_V2_INTERFACE_CONTRACT.md:552,explicit_file_line,o_controller_fault_color_ir,text_mismatch,  禁用路径不伪装为search done；
contracts/PPG_CONTRACT_CLOSURE_MATRIX.md,2142,ppg_system_integration/PPG_IDAC_CODE_CONTROLLER_V2_INTERFACE_CONTRACT.md:552,explicit_file_line,o_controller_fault_frame_type,text_mismatch,  禁用路径不伪装为search done；
contracts/PPG_CONTRACT_CLOSURE_MATRIX.md,2143,ppg_system_integration/PPG_IDAC_CODE_CONTROLLER_V2_INTERFACE_CONTRACT.md:552,explicit_file_line,o_controller_fault_precision,text_mismatch,  禁用路径不伪装为search done；
contracts/PPG_CONTRACT_CLOSURE_MATRIX.md,2144,ppg_system_integration/PPG_IDAC_CODE_CONTROLLER_V2_INTERFACE_CONTRACT.md:552,explicit_file_line,o_controller_fault_run_generation,text_mismatch,  禁用路径不伪装为search done；
contracts/PPG_CONTRACT_CLOSURE_MATRIX.md,2145,ppg_system_integration/PPG_IDAC_CODE_CONTROLLER_V2_INTERFACE_CONTRACT.md:564,explicit_file_line,o_protocol_error_sticky,text_mismatch,  错误样本被消费并忽略，不自动改变committed码；
contracts/PPG_CONTRACT_CLOSURE_MATRIX.md,2146,ppg_system_integration/PPG_IDAC_CODE_CONTROLLER_V2_INTERFACE_CONTRACT.md:564,explicit_file_line,o_startup_search_complete,text_mismatch,  错误样本被消费并忽略，不自动改变committed码；
contracts/PPG_CONTRACT_CLOSURE_MATRIX.md,2147,ppg_system_integration/PPG_IDAC_CODE_CONTROLLER_V2_INTERFACE_CONTRACT.md:564,explicit_file_line,o_idac_idle,text_mismatch,  错误样本被消费并忽略，不自动改变committed码；
contracts/PPG_CONTRACT_CLOSURE_MATRIX.md,2683,ppg_system_integration/PPG_ADC_S1_PROGRAMMABLE_CALIBRATOR_CONTRACT.md:218,explicit_file_line,i_clk,text_mismatch,> `ppg_system_config_manager.v`的`flag_start_accept`公式包含`i_datapath_empty`、
contracts/PPG_CONTRACT_CLOSURE_MATRIX.md,2684,ppg_system_integration/PPG_ADC_S1_PROGRAMMABLE_CALIBRATOR_CONTRACT.md:219,explicit_file_line,i_rstn,text_mismatch,> 以及`ppg_adc_measurement_idac_integration.v`的`o_datapath_empty`公式包含
contracts/PPG_CONTRACT_CLOSURE_MATRIX.md,2685,ppg_system_integration/PPG_ADC_S1_PROGRAMMABLE_CALIBRATOR_CONTRACT.md:220,explicit_file_line,i_active_valid,text_mismatch,> 本模块（及C14/C15）的held-output valid信号，这两处**当前写法**。以后任何人
contracts/PPG_CONTRACT_CLOSURE_MATRIX.md,2686,ppg_system_integration/PPG_ADC_S1_PROGRAMMABLE_CALIBRATOR_CONTRACT.md:221,explicit_file_line,i_stage1_calibration_valid,text_mismatch,> 修改这两处任一公式，都必须重新核实这条链条是否依然成立；一旦不成立，本模块
contracts/PPG_CONTRACT_CLOSURE_MATRIX.md,2687,ppg_system_integration/PPG_ADC_S1_PROGRAMMABLE_CALIBRATOR_CONTRACT.md:222,explicit_file_line,i_config_epoch,text_mismatch,> （及C14/C15）出现真实未受保护路径，届时必须把discard-broadcast端口组+
contracts/PPG_CONTRACT_CLOSURE_MATRIX.md,2688,ppg_system_integration/PPG_ADC_S1_PROGRAMMABLE_CALIBRATOR_CONTRACT.md:223,explicit_file_line,i_coef_epoch,text_mismatch,> `o_local_empty`补齐为真实实现，不能只靠这份文档记录了事。是否现在就为了跟
contracts/PPG_CONTRACT_CLOSURE_MATRIX.md,2689,ppg_system_integration/PPG_ADC_S1_PROGRAMMABLE_CALIBRATOR_CONTRACT.md:227,explicit_file_line,i_stage1_weight_q16_0,text_mismatch,>
contracts/PPG_CONTRACT_CLOSURE_MATRIX.md,2690,ppg_system_integration/PPG_ADC_S1_PROGRAMMABLE_CALIBRATOR_CONTRACT.md:227,explicit_file_line,i_stage1_weight_q16_1,text_mismatch,>
contracts/PPG_CONTRACT_CLOSURE_MATRIX.md,2691,ppg_system_integration/PPG_ADC_S1_PROGRAMMABLE_CALIBRATOR_CONTRACT.md:227,explicit_file_line,i_stage1_weight_q16_2,text_mismatch,>
contracts/PPG_CONTRACT_CLOSURE_MATRIX.md,2692,ppg_system_integration/PPG_ADC_S1_PROGRAMMABLE_CALIBRATOR_CONTRACT.md:227,explicit_file_line,i_stage1_weight_q16_3,text_mismatch,>
contracts/PPG_CONTRACT_CLOSURE_MATRIX.md,2693,ppg_system_integration/PPG_ADC_S1_PROGRAMMABLE_CALIBRATOR_CONTRACT.md:227,explicit_file_line,i_stage1_weight_q16_4,text_mismatch,>
contracts/PPG_CONTRACT_CLOSURE_MATRIX.md,2694,ppg_system_integration/PPG_ADC_S1_PROGRAMMABLE_CALIBRATOR_CONTRACT.md:227,explicit_file_line,i_stage1_weight_q16_5,text_mismatch,>
contracts/PPG_CONTRACT_CLOSURE_MATRIX.md,2695,ppg_system_integration/PPG_ADC_S1_PROGRAMMABLE_CALIBRATOR_CONTRACT.md:227,explicit_file_line,i_stage1_weight_q16_6,text_mismatch,>
contracts/PPG_CONTRACT_CLOSURE_MATRIX.md,2696,ppg_system_integration/PPG_ADC_S1_PROGRAMMABLE_CALIBRATOR_CONTRACT.md:227,explicit_file_line,i_stage1_weight_q16_7,text_mismatch,>
contracts/PPG_CONTRACT_CLOSURE_MATRIX.md,2697,ppg_system_integration/PPG_ADC_S1_PROGRAMMABLE_CALIBRATOR_CONTRACT.md:227,explicit_file_line,i_stage1_weight_q16_8,text_mismatch,>
contracts/PPG_CONTRACT_CLOSURE_MATRIX.md,2698,ppg_system_integration/PPG_ADC_S1_PROGRAMMABLE_CALIBRATOR_CONTRACT.md:227,explicit_file_line,i_stage1_weight_q16_9,text_mismatch,>
contracts/PPG_CONTRACT_CLOSURE_MATRIX.md,2699,ppg_system_integration/PPG_ADC_S1_PROGRAMMABLE_CALIBRATOR_CONTRACT.md:228,explicit_file_line,i_stage1_offset_q16,text_mismatch,> C14/C15的同一结论见各自对应位置的交叉引用。
contracts/PPG_CONTRACT_CLOSURE_MATRIX.md,2700,ppg_system_integration/PPG_ADC_S1_PROGRAMMABLE_CALIBRATOR_CONTRACT.md:234,explicit_file_line,i_result_valid,text_mismatch,parameter integer C_SAMPLE_INDEX_WIDTH = 16
contracts/PPG_CONTRACT_CLOSURE_MATRIX.md,2701,ppg_system_integration/PPG_ADC_S1_PROGRAMMABLE_CALIBRATOR_CONTRACT.md:236,explicit_file_line,i_stage1_raw,text_mismatch,parameter integer C_CODE_EPOCH_WIDTH = 4
contracts/PPG_CONTRACT_CLOSURE_MATRIX.md,2702,ppg_system_integration/PPG_ADC_S1_PROGRAMMABLE_CALIBRATOR_CONTRACT.md:237,explicit_file_line,i_detect_code,text_mismatch,parameter integer C_CONFIG_EPOCH_WIDTH = 8
contracts/PPG_CONTRACT_CLOSURE_MATRIX.md,2703,ppg_system_integration/PPG_ADC_S1_PROGRAMMABLE_CALIBRATOR_CONTRACT.md:238,explicit_file_line,i_stage1_code_ext,text_mismatch,parameter integer C_COEF_EPOCH_WIDTH = 8
contracts/PPG_CONTRACT_CLOSURE_MATRIX.md,2704,ppg_system_integration/PPG_ADC_S1_PROGRAMMABLE_CALIBRATOR_CONTRACT.md:239,explicit_file_line,i_stage2_raw,text_mismatch,parameter integer C_RUN_GENERATION_WIDTH = 8
contracts/PPG_CONTRACT_CLOSURE_MATRIX.md,2705,ppg_system_integration/PPG_ADC_S1_PROGRAMMABLE_CALIBRATOR_CONTRACT.md:240,explicit_file_line,i_precision_mode,text_mismatch,```
contracts/PPG_CONTRACT_CLOSURE_MATRIX.md,2706,ppg_system_integration/PPG_ADC_S1_PROGRAMMABLE_CALIBRATOR_CONTRACT.md:241,explicit_file_line,i_frame_id,text_mismatch,
contracts/PPG_CONTRACT_CLOSURE_MATRIX.md,2707,ppg_system_integration/PPG_ADC_S1_PROGRAMMABLE_CALIBRATOR_CONTRACT.md:242,explicit_file_line,i_sample_index,text_mismatch,### 6.1 全局和配置输入
contracts/PPG_CONTRACT_CLOSURE_MATRIX.md,2708,ppg_system_integration/PPG_ADC_S1_PROGRAMMABLE_CALIBRATOR_CONTRACT.md:243,explicit_file_line,i_color_ir,text_mismatch,
contracts/PPG_CONTRACT_CLOSURE_MATRIX.md,2709,ppg_system_integration/PPG_ADC_S1_PROGRAMMABLE_CALIBRATOR_CONTRACT.md:244,explicit_file_line,i_frame_type,text_mismatch,| 方向 | 端口 | 位宽 | 语义 |
contracts/PPG_CONTRACT_CLOSURE_MATRIX.md,2710,ppg_system_integration/PPG_ADC_S1_PROGRAMMABLE_CALIBRATOR_CONTRACT.md:245,explicit_file_line,i_amb_code_snapshot,text_mismatch,| --- | --- | ---: | --- |
contracts/PPG_CONTRACT_CLOSURE_MATRIX.md,2711,ppg_system_integration/PPG_ADC_S1_PROGRAMMABLE_CALIBRATOR_CONTRACT.md:246,explicit_file_line,i_dc_code_snapshot,text_mismatch,| input | `i_clk` | 1 | 2 MHz数字处理时钟 |
contracts/PPG_CONTRACT_CLOSURE_MATRIX.md,2712,ppg_system_integration/PPG_ADC_S1_PROGRAMMABLE_CALIBRATOR_CONTRACT.md:247,explicit_file_line,i_amb_code_epoch,text_mismatch,| input | `i_rstn` | 1 | 低有效异步复位，释放由上层同步 |
contracts/PPG_CONTRACT_CLOSURE_MATRIX.md,2713,ppg_system_integration/PPG_ADC_S1_PROGRAMMABLE_CALIBRATOR_CONTRACT.md:248,explicit_file_line,i_dc_code_epoch,text_mismatch,| input | `i_active_valid` | 1 | 当前ACTIVE快照具备运行资格 |
contracts/PPG_CONTRACT_CLOSURE_MATRIX.md,2714,ppg_system_integration/PPG_ADC_S1_PROGRAMMABLE_CALIBRATOR_CONTRACT.md:235,explicit_file_line,o_result_ready,text_mismatch,parameter integer C_IDAC_CODE_WIDTH = 8
contracts/PPG_CONTRACT_CLOSURE_MATRIX.md,2715,ppg_system_integration/PPG_ADC_S1_PROGRAMMABLE_CALIBRATOR_CONTRACT.md:257,explicit_file_line,i_calibrated_ready,text_mismatch,
contracts/PPG_CONTRACT_CLOSURE_MATRIX.md,2716,ppg_system_integration/PPG_ADC_S1_PROGRAMMABLE_CALIBRATOR_CONTRACT.md:256,explicit_file_line,o_calibrated_valid,text_mismatch,| input | `i_stage1_offset_q16` | signed 32 | Stage1整体Q16偏置 |
contracts/PPG_CONTRACT_CLOSURE_MATRIX.md,2717,ppg_system_integration/PPG_ADC_S1_PROGRAMMABLE_CALIBRATOR_CONTRACT.md:258,explicit_file_line,o_calibrated_s1_value,text_mismatch,### 6.2 上游事务输入
contracts/PPG_CONTRACT_CLOSURE_MATRIX.md,2718,ppg_system_integration/PPG_ADC_S1_PROGRAMMABLE_CALIBRATOR_CONTRACT.md:259,explicit_file_line,o_calibration_applied,text_mismatch,
contracts/PPG_CONTRACT_CLOSURE_MATRIX.md,2719,ppg_system_integration/PPG_ADC_S1_PROGRAMMABLE_CALIBRATOR_CONTRACT.md:260,explicit_file_line,o_saturation_low,text_mismatch,| 方向 | 端口 | 位宽 | 语义 |
contracts/PPG_CONTRACT_CLOSURE_MATRIX.md,2720,ppg_system_integration/PPG_ADC_S1_PROGRAMMABLE_CALIBRATOR_CONTRACT.md:261,explicit_file_line,o_saturation_high,text_mismatch,| --- | --- | ---: | --- |
contracts/PPG_CONTRACT_CLOSURE_MATRIX.md,2721,ppg_system_integration/PPG_ADC_S1_PROGRAMMABLE_CALIBRATOR_CONTRACT.md:262,explicit_file_line,o_config_epoch,text_mismatch,| input | `i_result_valid` | 1 | 上游保持型有效 |
contracts/PPG_CONTRACT_CLOSURE_MATRIX.md,2722,ppg_system_integration/PPG_ADC_S1_PROGRAMMABLE_CALIBRATOR_CONTRACT.md:263,explicit_file_line,o_coef_epoch,text_mismatch,| output | `o_result_ready` | 1 | 校准器允许接收当前完整事务 |
contracts/PPG_CONTRACT_CLOSURE_MATRIX.md,2723,ppg_system_integration/PPG_ADC_S1_PROGRAMMABLE_CALIBRATOR_CONTRACT.md:264,explicit_file_line,o_stage1_raw,text_mismatch,| input | `i_stage1_raw` | 10 | 唯一校准算术输入 |
contracts/PPG_CONTRACT_CLOSURE_MATRIX.md,2724,ppg_system_integration/PPG_ADC_S1_PROGRAMMABLE_CALIBRATOR_CONTRACT.md:265,explicit_file_line,o_detect_code,text_mismatch,| input | `i_detect_code` | 9 | 固定黄金检测码，仅透传 |
contracts/PPG_CONTRACT_CLOSURE_MATRIX.md,2725,ppg_system_integration/PPG_ADC_S1_PROGRAMMABLE_CALIBRATOR_CONTRACT.md:266,explicit_file_line,o_stage1_code_ext,text_mismatch,| input | `i_stage1_code_ext` | signed 11 | 固定D1_EXT，仅透传 |
contracts/PPG_CONTRACT_CLOSURE_MATRIX.md,2726,ppg_system_integration/PPG_ADC_S1_PROGRAMMABLE_CALIBRATOR_CONTRACT.md:267,explicit_file_line,o_stage2_raw,text_mismatch,| input | `i_stage2_raw` | 10 | 后续15-bit链物理码，仅透传 |
contracts/PPG_CONTRACT_CLOSURE_MATRIX.md,2727,ppg_system_integration/PPG_ADC_S1_PROGRAMMABLE_CALIBRATOR_CONTRACT.md:269,explicit_file_line,o_precision_mode,text_mismatch,| input | `i_frame_id` | 16 | R/IR共享帧号 |
contracts/PPG_CONTRACT_CLOSURE_MATRIX.md,2728,ppg_system_integration/PPG_ADC_S1_PROGRAMMABLE_CALIBRATOR_CONTRACT.md:269,explicit_file_line,o_frame_id,text_mismatch,| input | `i_frame_id` | 16 | R/IR共享帧号 |
contracts/PPG_CONTRACT_CLOSURE_MATRIX.md,2729,ppg_system_integration/PPG_ADC_S1_PROGRAMMABLE_CALIBRATOR_CONTRACT.md:269,explicit_file_line,o_sample_index,text_mismatch,| input | `i_frame_id` | 16 | R/IR共享帧号 |
contracts/PPG_CONTRACT_CLOSURE_MATRIX.md,2730,ppg_system_integration/PPG_ADC_S1_PROGRAMMABLE_CALIBRATOR_CONTRACT.md:269,explicit_file_line,o_color_ir,text_mismatch,| input | `i_frame_id` | 16 | R/IR共享帧号 |
contracts/PPG_CONTRACT_CLOSURE_MATRIX.md,2731,ppg_system_integration/PPG_ADC_S1_PROGRAMMABLE_CALIBRATOR_CONTRACT.md:269,explicit_file_line,o_frame_type,text_mismatch,| input | `i_frame_id` | 16 | R/IR共享帧号 |
contracts/PPG_CONTRACT_CLOSURE_MATRIX.md,2732,ppg_system_integration/PPG_ADC_S1_PROGRAMMABLE_CALIBRATOR_CONTRACT.md:269,explicit_file_line,o_amb_code_snapshot,text_mismatch,| input | `i_frame_id` | 16 | R/IR共享帧号 |
contracts/PPG_CONTRACT_CLOSURE_MATRIX.md,2733,ppg_system_integration/PPG_ADC_S1_PROGRAMMABLE_CALIBRATOR_CONTRACT.md:269,explicit_file_line,o_dc_code_snapshot,text_mismatch,| input | `i_frame_id` | 16 | R/IR共享帧号 |
contracts/PPG_CONTRACT_CLOSURE_MATRIX.md,2734,ppg_system_integration/PPG_ADC_S1_PROGRAMMABLE_CALIBRATOR_CONTRACT.md:269,explicit_file_line,o_amb_code_epoch,text_mismatch,| input | `i_frame_id` | 16 | R/IR共享帧号 |
contracts/PPG_CONTRACT_CLOSURE_MATRIX.md,2735,ppg_system_integration/PPG_ADC_S1_PROGRAMMABLE_CALIBRATOR_CONTRACT.md:269,explicit_file_line,o_dc_code_epoch,text_mismatch,| input | `i_frame_id` | 16 | R/IR共享帧号 |
contracts/PPG_CONTRACT_CLOSURE_MATRIX.md,1453,当前`:79,active_contract_source,i_analog_ready,text_mismatch,    > 历史顶层、旧时序核、旧草案和旧handoff
contracts/PPG_CONTRACT_CLOSURE_MATRIX.md,2179,ppg_system_integration/PPG_NORMAL_FORK_IDAC_TRACKING_AMB_RECHECK_INTERFACE_CONTRACT.md:467,active_contract_source,o_amb_sequence_start,text_mismatch,
contracts/PPG_CONTRACT_CLOSURE_MATRIX.md,2190,ppg_system_integration/PPG_NORMAL_FORK_IDAC_TRACKING_AMB_RECHECK_INTERFACE_CONTRACT.md:467,active_contract_source,o_amb_recheck_accept,text_mismatch,
contracts/PPG_CONTRACT_CLOSURE_MATRIX.md,2619,ppg_system_integration/PPG_ADC_MEASUREMENT_AND_IDAC_INTEGRATION_WRAPPER_INTERFACE_CONTRACT.md:244,active_contract_source,i_run_profile,text_mismatch,
contracts/PPG_CONTRACT_CLOSURE_MATRIX.md,2620,ppg_system_integration/PPG_ADC_MEASUREMENT_AND_IDAC_INTEGRATION_WRAPPER_INTERFACE_CONTRACT.md:245,active_contract_source,i_initial_precision,text_mismatch,| AMI input | Width | PWI direct consumer and final child |
contracts/PPG_CONTRACT_CLOSURE_MATRIX.md,2621,ppg_system_integration/PPG_ADC_MEASUREMENT_AND_IDAC_INTEGRATION_WRAPPER_INTERFACE_CONTRACT.md:143,active_contract_source,i_macro_frame_safe_boundary,text_mismatch,        v
contracts/PPG_CONTRACT_CLOSURE_MATRIX.md,2622,ppg_system_integration/PPG_ADC_MEASUREMENT_AND_IDAC_INTEGRATION_WRAPPER_INTERFACE_CONTRACT.md:145,active_contract_source,i_safe_frame_id,text_mismatch,        |------------------------------------|
contracts/PPG_CONTRACT_CLOSURE_MATRIX.md,2623,ppg_system_integration/PPG_ADC_MEASUREMENT_AND_IDAC_INTEGRATION_WRAPPER_INTERFACE_CONTRACT.md:142,active_contract_source,i_analog_safe,text_mismatch,        |
contracts/PPG_CONTRACT_CLOSURE_MATRIX.md,2624,ppg_system_integration/PPG_ADC_MEASUREMENT_AND_IDAC_INTEGRATION_WRAPPER_INTERFACE_CONTRACT.md:395,active_contract_source,i_test_calibration_loss_inject_valid,text_mismatch,
contracts/PPG_CONTRACT_CLOSURE_MATRIX.md,2625,ppg_system_integration/PPG_ADC_MEASUREMENT_AND_IDAC_INTEGRATION_WRAPPER_INTERFACE_CONTRACT.md:396,active_contract_source,o_test_calibration_loss_inject_ready,text_mismatch,V1.3.4必须严格区分上述“原始owner仍可证明的内部处理失败”和第6.5b节验证专用错误completion identity。前者沿用原始owner产生`success=0`释放；后者故意向production matcher呈交不匹配身份，matcher不得用已保存owner修补输入、不得产生失败完成旁带，也不得释放AMI、Scheduler或SSW中的当前owner。验证注入造成的未解决owner只能走第6.5b节冻结的受控恢复路径。
contracts/PPG_CONTRACT_CLOSURE_MATRIX.md,2626,ppg_system_integration/PPG_ADC_MEASUREMENT_AND_IDAC_INTEGRATION_WRAPPER_INTERFACE_CONTRACT.md:306,active_contract_source,o_active_precision_mode,text_mismatch,
contracts/PPG_CONTRACT_CLOSURE_MATRIX.md,2627,ppg_system_integration/PPG_ADC_MEASUREMENT_AND_IDAC_INTEGRATION_WRAPPER_INTERFACE_CONTRACT.md:310,active_contract_source,o_precision_15_to_9_event,text_mismatch,| ADC结果事务上下文 | 调度器到AMI | 握手后保存完整身份并等待真实ADC结果 |
contracts/PPG_CONTRACT_CLOSURE_MATRIX.md,2628,ppg_system_integration/PPG_ADC_MEASUREMENT_AND_IDAC_INTEGRATION_WRAPPER_INTERFACE_CONTRACT.md:311,active_contract_source,o_precision_15_to_9_frame_id,text_mismatch,
contracts/PPG_CONTRACT_CLOSURE_MATRIX.md,2629,ppg_system_integration/PPG_ADC_MEASUREMENT_AND_IDAC_INTEGRATION_WRAPPER_INTERFACE_CONTRACT.md:313,active_contract_source,o_switch_hold_new_transaction,text_mismatch,
contracts/PPG_CONTRACT_CLOSURE_MATRIX.md,2630,ppg_system_integration/PPG_ADC_MEASUREMENT_AND_IDAC_INTEGRATION_WRAPPER_INTERFACE_CONTRACT.md:329,active_contract_source,o_controller_idle,text_mismatch,
contracts/PPG_CONTRACT_CLOSURE_MATRIX.md,2631,ppg_system_integration/PPG_ADC_MEASUREMENT_AND_IDAC_INTEGRATION_WRAPPER_INTERFACE_CONTRACT.md:338,active_contract_source,o_switch_pending,text_mismatch,```
contracts/PPG_CONTRACT_CLOSURE_MATRIX.md,2632,ppg_system_integration/PPG_ADC_MEASUREMENT_AND_IDAC_INTEGRATION_WRAPPER_INTERFACE_CONTRACT.md:339,active_contract_source,o_switch_target_precision,text_mismatch,
contracts/PPG_CONTRACT_CLOSURE_MATRIX.md,2633,ppg_system_integration/PPG_ADC_MEASUREMENT_AND_IDAC_INTEGRATION_WRAPPER_INTERFACE_CONTRACT.md:345,active_contract_source,o_switch_timeout_sticky,text_mismatch,
contracts/PPG_CONTRACT_CLOSURE_MATRIX.md,2634,ppg_system_integration/PPG_ADC_MEASUREMENT_AND_IDAC_INTEGRATION_WRAPPER_INTERFACE_CONTRACT.md:346,active_contract_source,o_precision_protocol_error_sticky,text_mismatch,```text
contracts/PPG_CONTRACT_CLOSURE_MATRIX.md,2635,ppg_system_integration/PPG_ADC_MEASUREMENT_AND_IDAC_INTEGRATION_WRAPPER_INTERFACE_CONTRACT.md:314,active_contract_source,o_mode_fault_event,text_mismatch,### 6.4 ADC异步物理结果输入
contracts/PPG_CONTRACT_CLOSURE_MATRIX.md,2737,ppg_system_integration/PPG_ADC_MEASUREMENT_AND_IDAC_INTEGRATION_WRAPPER_INTERFACE_CONTRACT.md:264,active_contract_source,i_rstn,text_mismatch,### 6.3 ADC结果事务owner输入
contracts/PPG_CONTRACT_CLOSURE_MATRIX.md,2894,ppg_system_integration/PPG_ADC_ROUTER_TO_PIPELINE_OVERLAP_INTERFACE_CONTRACT.md:36,active_contract_source,i_result_ready,text_mismatch,## 2. 握手映射
contracts/PPG_CONTRACT_CLOSURE_MATRIX.md,2895,ppg_system_integration/PPG_ADC_ROUTER_TO_PIPELINE_OVERLAP_INTERFACE_CONTRACT.md:36,active_contract_source,o_result_valid,text_mismatch,## 2. 握手映射
contracts/PPG_CONTRACT_CLOSURE_MATRIX.md,2996,ppg_system_integration/PPG_ADC_DC_RECOVERY_INTERFACE_CONTRACT.md:400,active_contract_source,i_result_ready,text_mismatch,### 11.2 上游事务输入
contracts/PPG_CONTRACT_CLOSURE_MATRIX.md,3120,ppg_system_integration/PPG_ADC_MEASUREMENT_AND_IDAC_INTEGRATION_WRAPPER_INTERFACE_CONTRACT.md:99,active_contract_source,i_allow_new_transaction,text_mismatch,10. `ppg_precision_window_integration`。
contracts/PPG_CONTRACT_CLOSURE_MATRIX.md,3121,ppg_system_integration/PPG_ADC_MEASUREMENT_AND_IDAC_INTEGRATION_WRAPPER_INTERFACE_CONTRACT.md:141,active_contract_source,i_adc_idle,text_mismatch,ppg_adc_s1_programmable_calibrator
contracts/PPG_CONTRACT_CLOSURE_MATRIX.md,3122,ppg_system_integration/PPG_ADC_MEASUREMENT_AND_IDAC_INTEGRATION_WRAPPER_INTERFACE_CONTRACT.md:107,active_contract_source,i_system_fault_discard_event,text_mismatch,不得在TB中使用行为模型、常量ready或层次化force替代上述真实子模块。
contracts/PPG_CONTRACT_CLOSURE_MATRIX.md,3126,ppg_system_integration/PPG_ADC_MEASUREMENT_AND_IDAC_INTEGRATION_WRAPPER_INTERFACE_CONTRACT.md:264,active_contract_source,o_adc_transaction_complete_event,text_mismatch,### 6.3 ADC结果事务owner输入
contracts/PPG_CONTRACT_CLOSURE_MATRIX.md,3127,ppg_system_integration/PPG_ADC_MEASUREMENT_AND_IDAC_INTEGRATION_WRAPPER_INTERFACE_CONTRACT.md:264,active_contract_source,o_adc_transaction_success,text_mismatch,### 6.3 ADC结果事务owner输入
contracts/PPG_CONTRACT_CLOSURE_MATRIX.md,3128,ppg_system_integration/PPG_ADC_MEASUREMENT_AND_IDAC_INTEGRATION_WRAPPER_INTERFACE_CONTRACT.md:264,active_contract_source,o_adc_complete_sample_index,text_mismatch,### 6.3 ADC结果事务owner输入
contracts/PPG_CONTRACT_CLOSURE_MATRIX.md,3129,ppg_system_integration/PPG_ADC_MEASUREMENT_AND_IDAC_INTEGRATION_WRAPPER_INTERFACE_CONTRACT.md:753,active_contract_source,i_measurement_result_ready,text_mismatch,## 7. 唯一ADC结果owner合同
contracts/PPG_CONTRACT_CLOSURE_MATRIX.md,3130,ppg_system_integration/PPG_ADC_MEASUREMENT_AND_IDAC_INTEGRATION_WRAPPER_INTERFACE_CONTRACT.md:753,active_contract_source,o_measurement_result_valid,text_mismatch,## 7. 唯一ADC结果owner合同
contracts/PPG_CONTRACT_CLOSURE_MATRIX.md,3131,ppg_system_integration/PPG_ADC_MEASUREMENT_AND_IDAC_INTEGRATION_WRAPPER_INTERFACE_CONTRACT.md:753,active_contract_source,o_coarse_ppg_value,text_mismatch,## 7. 唯一ADC结果owner合同
contracts/PPG_CONTRACT_CLOSURE_MATRIX.md,3132,ppg_system_integration/PPG_ADC_MEASUREMENT_AND_IDAC_INTEGRATION_WRAPPER_INTERFACE_CONTRACT.md:753,active_contract_source,o_coarse_valid,text_mismatch,## 7. 唯一ADC结果owner合同
contracts/PPG_CONTRACT_CLOSURE_MATRIX.md,3133,ppg_system_integration/PPG_ADC_MEASUREMENT_AND_IDAC_INTEGRATION_WRAPPER_INTERFACE_CONTRACT.md:753,active_contract_source,o_coarse_recovery_calibrated,text_mismatch,## 7. 唯一ADC结果owner合同
contracts/PPG_CONTRACT_CLOSURE_MATRIX.md,3134,ppg_system_integration/PPG_ADC_MEASUREMENT_AND_IDAC_INTEGRATION_WRAPPER_INTERFACE_CONTRACT.md:753,active_contract_source,o_coarse_saturation_low,text_mismatch,## 7. 唯一ADC结果owner合同
contracts/PPG_CONTRACT_CLOSURE_MATRIX.md,3135,ppg_system_integration/PPG_ADC_MEASUREMENT_AND_IDAC_INTEGRATION_WRAPPER_INTERFACE_CONTRACT.md:753,active_contract_source,o_coarse_saturation_high,text_mismatch,## 7. 唯一ADC结果owner合同
contracts/PPG_CONTRACT_CLOSURE_MATRIX.md,3136,ppg_system_integration/PPG_ADC_MEASUREMENT_AND_IDAC_INTEGRATION_WRAPPER_INTERFACE_CONTRACT.md:753,active_contract_source,o_fine_ppg_value,text_mismatch,## 7. 唯一ADC结果owner合同
contracts/PPG_CONTRACT_CLOSURE_MATRIX.md,3137,ppg_system_integration/PPG_ADC_MEASUREMENT_AND_IDAC_INTEGRATION_WRAPPER_INTERFACE_CONTRACT.md:753,active_contract_source,o_fine_valid,text_mismatch,## 7. 唯一ADC结果owner合同
contracts/PPG_CONTRACT_CLOSURE_MATRIX.md,3138,ppg_system_integration/PPG_ADC_MEASUREMENT_AND_IDAC_INTEGRATION_WRAPPER_INTERFACE_CONTRACT.md:753,active_contract_source,o_fine_recovery_calibrated,text_mismatch,## 7. 唯一ADC结果owner合同
contracts/PPG_CONTRACT_CLOSURE_MATRIX.md,3139,ppg_system_integration/PPG_ADC_MEASUREMENT_AND_IDAC_INTEGRATION_WRAPPER_INTERFACE_CONTRACT.md:753,active_contract_source,o_fine_saturation_low,text_mismatch,## 7. 唯一ADC结果owner合同
contracts/PPG_CONTRACT_CLOSURE_MATRIX.md,3140,ppg_system_integration/PPG_ADC_MEASUREMENT_AND_IDAC_INTEGRATION_WRAPPER_INTERFACE_CONTRACT.md:753,active_contract_source,o_fine_saturation_high,text_mismatch,## 7. 唯一ADC结果owner合同
contracts/PPG_CONTRACT_CLOSURE_MATRIX.md,3141,ppg_system_integration/PPG_ADC_MEASUREMENT_AND_IDAC_INTEGRATION_WRAPPER_INTERFACE_CONTRACT.md:753,active_contract_source,o_calibrated_s1_value,text_mismatch,## 7. 唯一ADC结果owner合同
contracts/PPG_CONTRACT_CLOSURE_MATRIX.md,3142,ppg_system_integration/PPG_ADC_MEASUREMENT_AND_IDAC_INTEGRATION_WRAPPER_INTERFACE_CONTRACT.md:753,active_contract_source,o_programmable_15_code,text_mismatch,## 7. 唯一ADC结果owner合同
contracts/PPG_CONTRACT_CLOSURE_MATRIX.md,3143,ppg_system_integration/PPG_ADC_MEASUREMENT_AND_IDAC_INTEGRATION_WRAPPER_INTERFACE_CONTRACT.md:753,active_contract_source,o_programmable_15_valid,text_mismatch,## 7. 唯一ADC结果owner合同
contracts/PPG_CONTRACT_CLOSURE_MATRIX.md,3144,ppg_system_integration/PPG_ADC_MEASUREMENT_AND_IDAC_INTEGRATION_WRAPPER_INTERFACE_CONTRACT.md:753,active_contract_source,o_config_epoch,text_mismatch,## 7. 唯一ADC结果owner合同
contracts/PPG_CONTRACT_CLOSURE_MATRIX.md,3145,ppg_system_integration/PPG_ADC_MEASUREMENT_AND_IDAC_INTEGRATION_WRAPPER_INTERFACE_CONTRACT.md:753,active_contract_source,o_coef_epoch,text_mismatch,## 7. 唯一ADC结果owner合同
contracts/PPG_CONTRACT_CLOSURE_MATRIX.md,3146,ppg_system_integration/PPG_ADC_MEASUREMENT_AND_IDAC_INTEGRATION_WRAPPER_INTERFACE_CONTRACT.md:753,active_contract_source,o_stage2_result_coef_epoch,text_mismatch,## 7. 唯一ADC结果owner合同
contracts/PPG_CONTRACT_CLOSURE_MATRIX.md,3147,ppg_system_integration/PPG_ADC_MEASUREMENT_AND_IDAC_INTEGRATION_WRAPPER_INTERFACE_CONTRACT.md:753,active_contract_source,o_dc_result_coef_epoch,text_mismatch,## 7. 唯一ADC结果owner合同
contracts/PPG_CONTRACT_CLOSURE_MATRIX.md,3148,ppg_system_integration/PPG_ADC_MEASUREMENT_AND_IDAC_INTEGRATION_WRAPPER_INTERFACE_CONTRACT.md:753,active_contract_source,o_result_precision_mode,text_mismatch,## 7. 唯一ADC结果owner合同
contracts/PPG_CONTRACT_CLOSURE_MATRIX.md,3149,ppg_system_integration/PPG_ADC_MEASUREMENT_AND_IDAC_INTEGRATION_WRAPPER_INTERFACE_CONTRACT.md:753,active_contract_source,o_result_frame_id,text_mismatch,## 7. 唯一ADC结果owner合同
contracts/PPG_CONTRACT_CLOSURE_MATRIX.md,3150,ppg_system_integration/PPG_ADC_MEASUREMENT_AND_IDAC_INTEGRATION_WRAPPER_INTERFACE_CONTRACT.md:753,active_contract_source,o_result_sample_index,text_mismatch,## 7. 唯一ADC结果owner合同
contracts/PPG_CONTRACT_CLOSURE_MATRIX.md,3151,ppg_system_integration/PPG_ADC_MEASUREMENT_AND_IDAC_INTEGRATION_WRAPPER_INTERFACE_CONTRACT.md:753,active_contract_source,o_result_color_ir,text_mismatch,## 7. 唯一ADC结果owner合同
contracts/PPG_CONTRACT_CLOSURE_MATRIX.md,3152,ppg_system_integration/PPG_ADC_MEASUREMENT_AND_IDAC_INTEGRATION_WRAPPER_INTERFACE_CONTRACT.md:753,active_contract_source,o_result_frame_type,text_mismatch,## 7. 唯一ADC结果owner合同
contracts/PPG_CONTRACT_CLOSURE_MATRIX.md,3153,ppg_system_integration/PPG_ADC_MEASUREMENT_AND_IDAC_INTEGRATION_WRAPPER_INTERFACE_CONTRACT.md:753,active_contract_source,o_result_amb_code_snapshot,text_mismatch,## 7. 唯一ADC结果owner合同
contracts/PPG_CONTRACT_CLOSURE_MATRIX.md,3154,ppg_system_integration/PPG_ADC_MEASUREMENT_AND_IDAC_INTEGRATION_WRAPPER_INTERFACE_CONTRACT.md:753,active_contract_source,o_result_dc_code_snapshot,text_mismatch,## 7. 唯一ADC结果owner合同
contracts/PPG_CONTRACT_CLOSURE_MATRIX.md,3155,ppg_system_integration/PPG_ADC_MEASUREMENT_AND_IDAC_INTEGRATION_WRAPPER_INTERFACE_CONTRACT.md:753,active_contract_source,o_result_amb_code_epoch,text_mismatch,## 7. 唯一ADC结果owner合同
contracts/PPG_CONTRACT_CLOSURE_MATRIX.md,3156,ppg_system_integration/PPG_ADC_MEASUREMENT_AND_IDAC_INTEGRATION_WRAPPER_INTERFACE_CONTRACT.md:753,active_contract_source,o_result_dc_code_epoch,text_mismatch,## 7. 唯一ADC结果owner合同
contracts/PPG_CONTRACT_CLOSURE_MATRIX.md,3157,ppg_system_integration/PPG_ADC_MEASUREMENT_AND_IDAC_INTEGRATION_WRAPPER_INTERFACE_CONTRACT.md:753,active_contract_source,o_measurement_result_discard_event,text_mismatch,## 7. 唯一ADC结果owner合同
contracts/PPG_CONTRACT_CLOSURE_MATRIX.md,3158,ppg_system_integration/PPG_ADC_MEASUREMENT_AND_IDAC_INTEGRATION_WRAPPER_INTERFACE_CONTRACT.md:753,active_contract_source,o_measurement_result_discard_reason,text_mismatch,## 7. 唯一ADC结果owner合同
contracts/PPG_CONTRACT_CLOSURE_MATRIX.md,3159,ppg_system_integration/PPG_ADC_MEASUREMENT_AND_IDAC_INTEGRATION_WRAPPER_INTERFACE_CONTRACT.md:753,active_contract_source,o_measurement_result_discard_identity_valid,text_mismatch,## 7. 唯一ADC结果owner合同
contracts/PPG_CONTRACT_CLOSURE_MATRIX.md,3160,ppg_system_integration/PPG_ADC_MEASUREMENT_AND_IDAC_INTEGRATION_WRAPPER_INTERFACE_CONTRACT.md:753,active_contract_source,o_measurement_result_discard_sample_valid,text_mismatch,## 7. 唯一ADC结果owner合同
contracts/PPG_CONTRACT_CLOSURE_MATRIX.md,3161,ppg_system_integration/PPG_ADC_MEASUREMENT_AND_IDAC_INTEGRATION_WRAPPER_INTERFACE_CONTRACT.md:753,active_contract_source,o_measurement_result_discard_frame_id,text_mismatch,## 7. 唯一ADC结果owner合同
contracts/PPG_CONTRACT_CLOSURE_MATRIX.md,3162,ppg_system_integration/PPG_ADC_MEASUREMENT_AND_IDAC_INTEGRATION_WRAPPER_INTERFACE_CONTRACT.md:753,active_contract_source,o_measurement_result_discard_sample_index,text_mismatch,## 7. 唯一ADC结果owner合同
contracts/PPG_CONTRACT_CLOSURE_MATRIX.md,3163,ppg_system_integration/PPG_ADC_MEASUREMENT_AND_IDAC_INTEGRATION_WRAPPER_INTERFACE_CONTRACT.md:753,active_contract_source,o_measurement_result_discard_color_ir,text_mismatch,## 7. 唯一ADC结果owner合同
contracts/PPG_CONTRACT_CLOSURE_MATRIX.md,3164,ppg_system_integration/PPG_ADC_MEASUREMENT_AND_IDAC_INTEGRATION_WRAPPER_INTERFACE_CONTRACT.md:753,active_contract_source,o_measurement_result_discard_frame_type,text_mismatch,## 7. 唯一ADC结果owner合同
contracts/PPG_CONTRACT_CLOSURE_MATRIX.md,3165,ppg_system_integration/PPG_ADC_MEASUREMENT_AND_IDAC_INTEGRATION_WRAPPER_INTERFACE_CONTRACT.md:753,active_contract_source,o_measurement_result_discard_precision,text_mismatch,## 7. 唯一ADC结果owner合同
contracts/PPG_CONTRACT_CLOSURE_MATRIX.md,3166,ppg_system_integration/PPG_ADC_MEASUREMENT_AND_IDAC_INTEGRATION_WRAPPER_INTERFACE_CONTRACT.md:753,active_contract_source,o_measurement_result_discard_run_generation,text_mismatch,## 7. 唯一ADC结果owner合同
contracts/PPG_CONTRACT_CLOSURE_MATRIX.md,3167,ppg_system_integration/PPG_ADC_MEASUREMENT_AND_IDAC_INTEGRATION_WRAPPER_INTERFACE_CONTRACT.md:370,active_contract_source,o_detection_discard_event,text_mismatch,| --- | ---: | --- |
contracts/PPG_CONTRACT_CLOSURE_MATRIX.md,3168,ppg_system_integration/PPG_ADC_MEASUREMENT_AND_IDAC_INTEGRATION_WRAPPER_INTERFACE_CONTRACT.md:370,active_contract_source,o_detection_discard_reason,text_mismatch,| --- | ---: | --- |
contracts/PPG_CONTRACT_CLOSURE_MATRIX.md,3169,ppg_system_integration/PPG_ADC_MEASUREMENT_AND_IDAC_INTEGRATION_WRAPPER_INTERFACE_CONTRACT.md:370,active_contract_source,o_detection_discard_identity_valid,text_mismatch,| --- | ---: | --- |
contracts/PPG_CONTRACT_CLOSURE_MATRIX.md,3170,ppg_system_integration/PPG_ADC_MEASUREMENT_AND_IDAC_INTEGRATION_WRAPPER_INTERFACE_CONTRACT.md:370,active_contract_source,o_detection_discard_sample_valid,text_mismatch,| --- | ---: | --- |
contracts/PPG_CONTRACT_CLOSURE_MATRIX.md,3171,ppg_system_integration/PPG_ADC_MEASUREMENT_AND_IDAC_INTEGRATION_WRAPPER_INTERFACE_CONTRACT.md:370,active_contract_source,o_detection_discard_frame_id,text_mismatch,| --- | ---: | --- |
contracts/PPG_CONTRACT_CLOSURE_MATRIX.md,3172,ppg_system_integration/PPG_ADC_MEASUREMENT_AND_IDAC_INTEGRATION_WRAPPER_INTERFACE_CONTRACT.md:370,active_contract_source,o_detection_discard_sample_index,text_mismatch,| --- | ---: | --- |
contracts/PPG_CONTRACT_CLOSURE_MATRIX.md,3173,ppg_system_integration/PPG_ADC_MEASUREMENT_AND_IDAC_INTEGRATION_WRAPPER_INTERFACE_CONTRACT.md:370,active_contract_source,o_detection_discard_color_ir,text_mismatch,| --- | ---: | --- |
contracts/PPG_CONTRACT_CLOSURE_MATRIX.md,3174,ppg_system_integration/PPG_ADC_MEASUREMENT_AND_IDAC_INTEGRATION_WRAPPER_INTERFACE_CONTRACT.md:370,active_contract_source,o_detection_discard_frame_type,text_mismatch,| --- | ---: | --- |
contracts/PPG_CONTRACT_CLOSURE_MATRIX.md,3175,ppg_system_integration/PPG_ADC_MEASUREMENT_AND_IDAC_INTEGRATION_WRAPPER_INTERFACE_CONTRACT.md:370,active_contract_source,o_detection_discard_precision,text_mismatch,| --- | ---: | --- |
contracts/PPG_CONTRACT_CLOSURE_MATRIX.md,3176,ppg_system_integration/PPG_ADC_MEASUREMENT_AND_IDAC_INTEGRATION_WRAPPER_INTERFACE_CONTRACT.md:370,active_contract_source,o_detection_discard_config_epoch,text_mismatch,| --- | ---: | --- |
contracts/PPG_CONTRACT_CLOSURE_MATRIX.md,3177,ppg_system_integration/PPG_ADC_MEASUREMENT_AND_IDAC_INTEGRATION_WRAPPER_INTERFACE_CONTRACT.md:370,active_contract_source,o_detection_discard_coef_epoch,text_mismatch,| --- | ---: | --- |
contracts/PPG_CONTRACT_CLOSURE_MATRIX.md,3178,ppg_system_integration/PPG_ADC_MEASUREMENT_AND_IDAC_INTEGRATION_WRAPPER_INTERFACE_CONTRACT.md:370,active_contract_source,o_detection_discard_dc_recovery_epoch,text_mismatch,| --- | ---: | --- |
contracts/PPG_CONTRACT_CLOSURE_MATRIX.md,3179,ppg_system_integration/PPG_ADC_MEASUREMENT_AND_IDAC_INTEGRATION_WRAPPER_INTERFACE_CONTRACT.md:370,active_contract_source,o_detection_discard_amb_code_epoch,text_mismatch,| --- | ---: | --- |
contracts/PPG_CONTRACT_CLOSURE_MATRIX.md,3180,ppg_system_integration/PPG_ADC_MEASUREMENT_AND_IDAC_INTEGRATION_WRAPPER_INTERFACE_CONTRACT.md:370,active_contract_source,o_detection_discard_dc_code_epoch,text_mismatch,| --- | ---: | --- |
contracts/PPG_CONTRACT_CLOSURE_MATRIX.md,3181,ppg_system_integration/PPG_ADC_MEASUREMENT_AND_IDAC_INTEGRATION_WRAPPER_INTERFACE_CONTRACT.md:370,active_contract_source,o_detection_discard_run_generation,text_mismatch,| --- | ---: | --- |
contracts/PPG_CONTRACT_CLOSURE_MATRIX.md,3188,ppg_system_integration/PPG_ADC_MEASUREMENT_AND_IDAC_INTEGRATION_WRAPPER_INTERFACE_CONTRACT.md:753,active_contract_source,o_result_sample_valid,text_mismatch,## 7. 唯一ADC结果owner合同
contracts/PPG_CONTRACT_CLOSURE_MATRIX.md,1639,ppg_system_integration/PPG_ACTIVE_V4_CONTROL_PLANE_INTEGRATION_WRAPPER_INTERFACE_CONTRACT.md:220,contract_source_category,o_lifecycle_state,text_mismatch,## 7. ACTIVE与epoch输出
contracts/PPG_CONTRACT_CLOSURE_MATRIX.md,1640,ppg_system_integration/PPG_ACTIVE_V4_CONTROL_PLANE_INTEGRATION_WRAPPER_INTERFACE_CONTRACT.md:220,contract_source_category,o_start_ready,text_mismatch,## 7. ACTIVE与epoch输出
contracts/PPG_CONTRACT_CLOSURE_MATRIX.md,1593,semantic_contract.md:297,abbreviated_or_line_wrapped_context,start_ready,text_mismatch,
contracts/PPG_CONTRACT_CLOSURE_MATRIX.md,1640,semantic_contract.md:297,abbreviated_or_line_wrapped_context,start_ready,text_mismatch,
contracts/PPG_CONTRACT_CLOSURE_MATRIX.md,3456,wrapper.v:480,abbreviated_or_line_wrapped_context,o_analog_safe,text_mismatch,
