id,contract_table,rtl_tag,tb_tag_or_text,alias_row,missing_candidate
ADCN-01,['contracts/PPG_REAL_PPG_RAW_GENERATOR_TESTBENCH_CONTRACT.md:649'],['rtl/ppg_adc_s1_programmable_calibrator/ppg_adc_s1_programmable_calibrator.v:217'],"['rtl/ppg_control_top/tb_ppg_control_top_adc_numeric_scoreboard.v:26', 'rtl/ppg_control_top/tb_ppg_control_top_adc_numeric_scoreboard.v:26', 'rtl/ppg_control_top/tb_ppg_control_top_adc_numeric_scoreboard.v:49', 'rtl/ppg_control_top/tb_ppg_control_top_adc_numeric_scoreboard.v:1180']",['contracts/PPG_ALIAS_MAPPING_TABLE.md:264'],[]
ADCN-02,['contracts/PPG_REAL_PPG_RAW_GENERATOR_TESTBENCH_CONTRACT.md:650'],['rtl/ppg_adc_s1_programmable_calibrator/ppg_adc_s1_programmable_calibrator.v:225'],"['rtl/ppg_control_top/tb_ppg_control_top_adc_numeric_scoreboard.v:26', 'rtl/ppg_control_top/tb_ppg_control_top_adc_numeric_scoreboard.v:1285']",['contracts/PPG_ALIAS_MAPPING_TABLE.md:265'],[]
ADCN-03,['contracts/PPG_REAL_PPG_RAW_GENERATOR_TESTBENCH_CONTRACT.md:651'],"['rtl/ppg_adc_s1_programmable_calibrator/ppg_adc_s1_programmable_calibrator.v:232', 'rtl/ppg_adc_s1_programmable_calibrator/ppg_adc_s1_programmable_calibrator.v:233', 'rtl/ppg_adc_s1_programmable_calibrator/ppg_adc_s1_programmable_calibrator.v:235']","['rtl/ppg_control_top/tb_ppg_control_top_adc_numeric_scoreboard.v:24', 'rtl/ppg_control_top/tb_ppg_control_top_adc_numeric_scoreboard.v:24', 'rtl/ppg_control_top/tb_ppg_control_top_adc_numeric_scoreboard.v:24', 'rtl/ppg_control_top/tb_ppg_control_top_adc_numeric_scoreboard.v:24', 'rtl/ppg_control_top/tb_ppg_control_top_adc_numeric_scoreboard.v:24', 'rtl/ppg_control_top/tb_ppg_control_top_adc_numeric_scoreboard.v:25', 'rtl/ppg_control_top/tb_ppg_control_top_adc_numeric_scoreboard.v:26', 'rtl/ppg_control_top/tb_ppg_control_top_adc_numeric_scoreboard.v:779', 'rtl/ppg_control_top/tb_ppg_control_top_adc_numeric_scoreboard.v:1009', 'rtl/ppg_control_top/tb_ppg_control_top_adc_numeric_scoreboard.v:1012', 'rtl/ppg_control_top/tb_ppg_control_top_adc_numeric_scoreboard.v:1328', 'rtl/ppg_control_top/tb_ppg_control_top_adc_numeric_scoreboard.v:1363']",['contracts/PPG_ALIAS_MAPPING_TABLE.md:266'],[]
ADCN-04,['contracts/PPG_REAL_PPG_RAW_GENERATOR_TESTBENCH_CONTRACT.md:652'],['rtl/ppg_adc_dc_recovery/ppg_adc_dc_recovery.v:290'],[],['contracts/PPG_ALIAS_MAPPING_TABLE.md:267'],['tb_tag_or_text']
ADCN-05,['contracts/PPG_REAL_PPG_RAW_GENERATOR_TESTBENCH_CONTRACT.md:653'],['rtl/ppg_adc_programmable_reconstructor/ppg_adc_programmable_reconstructor.v:241'],"['rtl/ppg_control_top/tb_ppg_control_top_adc_numeric_scoreboard.v:26', 'rtl/ppg_control_top/tb_ppg_control_top_adc_numeric_scoreboard.v:1398']",['contracts/PPG_ALIAS_MAPPING_TABLE.md:268'],[]
ADCN-06,['contracts/PPG_REAL_PPG_RAW_GENERATOR_TESTBENCH_CONTRACT.md:654'],['rtl/ppg_adc_dc_recovery/ppg_adc_dc_recovery.v:290'],[],['contracts/PPG_ALIAS_MAPPING_TABLE.md:269'],['tb_tag_or_text']
ADCN-07,['contracts/PPG_REAL_PPG_RAW_GENERATOR_TESTBENCH_CONTRACT.md:655'],['rtl/ppg_adc_measurement_idac_integration/ppg_adc_measurement_idac_integration.v:1748'],"['rtl/ppg_control_top/tb_ppg_control_top_adc_numeric_scoreboard.v:24', 'rtl/ppg_control_top/tb_ppg_control_top_adc_numeric_scoreboard.v:24', 'rtl/ppg_control_top/tb_ppg_control_top_adc_numeric_scoreboard.v:24', 'rtl/ppg_control_top/tb_ppg_control_top_adc_numeric_scoreboard.v:24', 'rtl/ppg_control_top/tb_ppg_control_top_adc_numeric_scoreboard.v:1075']",['contracts/PPG_ALIAS_MAPPING_TABLE.md:270'],[]
ADCN-08,['contracts/PPG_REAL_PPG_RAW_GENERATOR_TESTBENCH_CONTRACT.md:656'],['rtl/ppg_adc_measurement_idac_integration/ppg_adc_measurement_idac_integration.v:1748'],"['rtl/ppg_control_top/tb_ppg_control_top_adc_numeric_scoreboard.v:26', 'rtl/ppg_control_top/tb_ppg_control_top_adc_numeric_scoreboard.v:49', 'rtl/ppg_control_top/tb_ppg_control_top_adc_numeric_scoreboard.v:1201', 'rtl/ppg_control_top/tb_ppg_control_top_adc_numeric_scoreboard.v:1213', 'rtl/ppg_control_top/tb_ppg_control_top_adc_numeric_scoreboard.v:1224', 'rtl/ppg_control_top/tb_ppg_control_top_adc_numeric_scoreboard.v:1232', 'rtl/ppg_control_top/tb_ppg_control_top_adc_numeric_scoreboard.v:1237', 'rtl/ppg_control_top/tb_ppg_control_top_adc_numeric_scoreboard.v:1245', 'rtl/ppg_control_top/tb_ppg_control_top_adc_numeric_scoreboard.v:1248']",['contracts/PPG_ALIAS_MAPPING_TABLE.md:271'],[]
ADCN-09,['contracts/PPG_REAL_PPG_RAW_GENERATOR_TESTBENCH_CONTRACT.md:657'],['rtl/ppg_adc_dc_recovery/ppg_adc_dc_recovery.v:250'],[],['contracts/PPG_ALIAS_MAPPING_TABLE.md:272'],['tb_tag_or_text']
ADCN-10,['contracts/PPG_REAL_PPG_RAW_GENERATOR_TESTBENCH_CONTRACT.md:658'],['rtl/ppg_normal_transaction_fork/ppg_normal_transaction_fork.v:255'],"['rtl/ppg_control_top/tb_ppg_control_top_adc_numeric_scoreboard.v:26', 'rtl/ppg_control_top/tb_ppg_control_top_adc_numeric_scoreboard.v:26', 'rtl/ppg_control_top/tb_ppg_control_top_adc_numeric_scoreboard.v:27', 'rtl/ppg_control_top/tb_ppg_control_top_adc_numeric_scoreboard.v:49', 'rtl/ppg_control_top/tb_ppg_control_top_adc_numeric_scoreboard.v:1447', 'rtl/ppg_control_top/tb_ppg_control_top_adc_numeric_scoreboard.v:1450']",['contracts/PPG_ALIAS_MAPPING_TABLE.md:273'],[]
AMI-01,['contracts/PPG_ADC_MEASUREMENT_AND_IDAC_INTEGRATION_WRAPPER_INTERFACE_CONTRACT.md:1213'],[],"['rtl/ppg_adc_measurement_idac_integration/tb_ppg_adc_measurement_idac_integration.v:10', 'rtl/ppg_adc_measurement_idac_integration/tb_ppg_adc_measurement_idac_integration.v:26', 'rtl/ppg_adc_measurement_idac_integration/tb_ppg_adc_measurement_idac_integration.v:28', 'rtl/ppg_adc_measurement_idac_integration/tb_ppg_adc_measurement_idac_integration.v:29', 'rtl/ppg_adc_measurement_idac_integration/tb_ppg_adc_measurement_idac_integration.v:30', 'rtl/ppg_adc_measurement_idac_integration/tb_ppg_adc_measurement_idac_integration.v:959', 'rtl/ppg_adc_measurement_idac_integration/tb_ppg_adc_measurement_idac_integration.v:1122', 'rtl/ppg_adc_measurement_idac_integration/tb_ppg_adc_measurement_idac_integration.v:1628']",[],"['rtl_tag', 'alias_row']"
AMI-02,['contracts/PPG_ADC_MEASUREMENT_AND_IDAC_INTEGRATION_WRAPPER_INTERFACE_CONTRACT.md:1214'],[],['rtl/ppg_adc_measurement_idac_integration/tb_ppg_adc_measurement_idac_integration.v:1149'],[],"['rtl_tag', 'alias_row']"
AMI-03,['contracts/PPG_ADC_MEASUREMENT_AND_IDAC_INTEGRATION_WRAPPER_INTERFACE_CONTRACT.md:1215'],[],['rtl/ppg_adc_measurement_idac_integration/tb_ppg_adc_measurement_idac_integration.v:1171'],[],"['rtl_tag', 'alias_row']"
AMI-04,['contracts/PPG_ADC_MEASUREMENT_AND_IDAC_INTEGRATION_WRAPPER_INTERFACE_CONTRACT.md:1216'],[],['rtl/ppg_adc_measurement_idac_integration/tb_ppg_adc_measurement_idac_integration.v:1157'],[],"['rtl_tag', 'alias_row']"
AMI-05,['contracts/PPG_ADC_MEASUREMENT_AND_IDAC_INTEGRATION_WRAPPER_INTERFACE_CONTRACT.md:1217'],[],['rtl/ppg_adc_measurement_idac_integration/tb_ppg_adc_measurement_idac_integration.v:1215'],[],"['rtl_tag', 'alias_row']"
AMI-06,['contracts/PPG_ADC_MEASUREMENT_AND_IDAC_INTEGRATION_WRAPPER_INTERFACE_CONTRACT.md:1218'],[],['rtl/ppg_adc_measurement_idac_integration/tb_ppg_adc_measurement_idac_integration.v:1158'],[],"['rtl_tag', 'alias_row']"
AMI-07,['contracts/PPG_ADC_MEASUREMENT_AND_IDAC_INTEGRATION_WRAPPER_INTERFACE_CONTRACT.md:1219'],[],['rtl/ppg_adc_measurement_idac_integration/tb_ppg_adc_measurement_idac_integration.v:1242'],[],"['rtl_tag', 'alias_row']"
AMI-08,['contracts/PPG_ADC_MEASUREMENT_AND_IDAC_INTEGRATION_WRAPPER_INTERFACE_CONTRACT.md:1220'],[],['rtl/ppg_adc_measurement_idac_integration/tb_ppg_adc_measurement_idac_integration.v:1247'],[],"['rtl_tag', 'alias_row']"
AMI-09,['contracts/PPG_ADC_MEASUREMENT_AND_IDAC_INTEGRATION_WRAPPER_INTERFACE_CONTRACT.md:1221'],[],['rtl/ppg_adc_measurement_idac_integration/tb_ppg_adc_measurement_idac_integration.v:1159'],[],"['rtl_tag', 'alias_row']"
AMI-10,['contracts/PPG_ADC_MEASUREMENT_AND_IDAC_INTEGRATION_WRAPPER_INTERFACE_CONTRACT.md:1222'],[],['rtl/ppg_adc_measurement_idac_integration/tb_ppg_adc_measurement_idac_integration.v:1160'],[],"['rtl_tag', 'alias_row']"
AMI-11,['contracts/PPG_ADC_MEASUREMENT_AND_IDAC_INTEGRATION_WRAPPER_INTERFACE_CONTRACT.md:1223'],[],['rtl/ppg_adc_measurement_idac_integration/tb_ppg_adc_measurement_idac_integration.v:1216'],[],"['rtl_tag', 'alias_row']"
AMI-12,['contracts/PPG_ADC_MEASUREMENT_AND_IDAC_INTEGRATION_WRAPPER_INTERFACE_CONTRACT.md:1224'],[],['rtl/ppg_adc_measurement_idac_integration/tb_ppg_adc_measurement_idac_integration.v:1230'],[],"['rtl_tag', 'alias_row']"
AMI-13,['contracts/PPG_ADC_MEASUREMENT_AND_IDAC_INTEGRATION_WRAPPER_INTERFACE_CONTRACT.md:1225'],[],['rtl/ppg_adc_measurement_idac_integration/tb_ppg_adc_measurement_idac_integration.v:1232'],[],"['rtl_tag', 'alias_row']"
AMI-14,['contracts/PPG_ADC_MEASUREMENT_AND_IDAC_INTEGRATION_WRAPPER_INTERFACE_CONTRACT.md:1226'],[],['rtl/ppg_adc_measurement_idac_integration/tb_ppg_adc_measurement_idac_integration.v:1140'],[],"['rtl_tag', 'alias_row']"
AMI-15,['contracts/PPG_ADC_MEASUREMENT_AND_IDAC_INTEGRATION_WRAPPER_INTERFACE_CONTRACT.md:1227'],[],['rtl/ppg_adc_measurement_idac_integration/tb_ppg_adc_measurement_idac_integration.v:1141'],[],"['rtl_tag', 'alias_row']"
AMI-16,['contracts/PPG_ADC_MEASUREMENT_AND_IDAC_INTEGRATION_WRAPPER_INTERFACE_CONTRACT.md:1228'],[],['rtl/ppg_adc_measurement_idac_integration/tb_ppg_adc_measurement_idac_integration.v:1258'],[],"['rtl_tag', 'alias_row']"
AMI-17,['contracts/PPG_ADC_MEASUREMENT_AND_IDAC_INTEGRATION_WRAPPER_INTERFACE_CONTRACT.md:1229'],[],"['rtl/ppg_adc_measurement_idac_integration/tb_ppg_adc_measurement_idac_integration.v:25', 'rtl/ppg_adc_measurement_idac_integration/tb_ppg_adc_measurement_idac_integration.v:25', 'rtl/ppg_adc_measurement_idac_integration/tb_ppg_adc_measurement_idac_integration.v:1306']",[],"['rtl_tag', 'alias_row']"
AMI-18,['contracts/PPG_ADC_MEASUREMENT_AND_IDAC_INTEGRATION_WRAPPER_INTERFACE_CONTRACT.md:1230'],[],['rtl/ppg_adc_measurement_idac_integration/tb_ppg_adc_measurement_idac_integration.v:1308'],[],"['rtl_tag', 'alias_row']"
AMI-19,['contracts/PPG_ADC_MEASUREMENT_AND_IDAC_INTEGRATION_WRAPPER_INTERFACE_CONTRACT.md:1231'],[],['rtl/ppg_adc_measurement_idac_integration/tb_ppg_adc_measurement_idac_integration.v:1287'],[],"['rtl_tag', 'alias_row']"
AMI-20,['contracts/PPG_ADC_MEASUREMENT_AND_IDAC_INTEGRATION_WRAPPER_INTERFACE_CONTRACT.md:1232'],[],['rtl/ppg_adc_measurement_idac_integration/tb_ppg_adc_measurement_idac_integration.v:1292'],[],"['rtl_tag', 'alias_row']"
AMI-21,['contracts/PPG_ADC_MEASUREMENT_AND_IDAC_INTEGRATION_WRAPPER_INTERFACE_CONTRACT.md:1233'],[],['rtl/ppg_adc_measurement_idac_integration/tb_ppg_adc_measurement_idac_integration.v:1377'],[],"['rtl_tag', 'alias_row']"
AMI-22,['contracts/PPG_ADC_MEASUREMENT_AND_IDAC_INTEGRATION_WRAPPER_INTERFACE_CONTRACT.md:1234'],[],"['rtl/ppg_adc_measurement_idac_integration/tb_ppg_adc_measurement_idac_integration.v:28', 'rtl/ppg_adc_measurement_idac_integration/tb_ppg_adc_measurement_idac_integration.v:1408']",[],"['rtl_tag', 'alias_row']"
AMI-23,['contracts/PPG_ADC_MEASUREMENT_AND_IDAC_INTEGRATION_WRAPPER_INTERFACE_CONTRACT.md:1235'],[],['rtl/ppg_adc_measurement_idac_integration/tb_ppg_adc_measurement_idac_integration.v:1161'],[],"['rtl_tag', 'alias_row']"
AMI-24,['contracts/PPG_ADC_MEASUREMENT_AND_IDAC_INTEGRATION_WRAPPER_INTERFACE_CONTRACT.md:1236'],[],['rtl/ppg_adc_measurement_idac_integration/tb_ppg_adc_measurement_idac_integration.v:1534'],[],"['rtl_tag', 'alias_row']"
AMI-25,['contracts/PPG_ADC_MEASUREMENT_AND_IDAC_INTEGRATION_WRAPPER_INTERFACE_CONTRACT.md:1237'],[],['rtl/ppg_adc_measurement_idac_integration/tb_ppg_adc_measurement_idac_integration.v:1367'],[],"['rtl_tag', 'alias_row']"
AMI-26,['contracts/PPG_ADC_MEASUREMENT_AND_IDAC_INTEGRATION_WRAPPER_INTERFACE_CONTRACT.md:1238'],[],['rtl/ppg_adc_measurement_idac_integration/tb_ppg_adc_measurement_idac_integration.v:1344'],[],"['rtl_tag', 'alias_row']"
AMI-27,['contracts/PPG_ADC_MEASUREMENT_AND_IDAC_INTEGRATION_WRAPPER_INTERFACE_CONTRACT.md:1239'],[],['rtl/ppg_adc_measurement_idac_integration/tb_ppg_adc_measurement_idac_integration.v:1328'],[],"['rtl_tag', 'alias_row']"
AMI-28,['contracts/PPG_ADC_MEASUREMENT_AND_IDAC_INTEGRATION_WRAPPER_INTERFACE_CONTRACT.md:1240'],[],['rtl/ppg_adc_measurement_idac_integration/tb_ppg_adc_measurement_idac_integration.v:1350'],[],"['rtl_tag', 'alias_row']"
AMI-29,['contracts/PPG_ADC_MEASUREMENT_AND_IDAC_INTEGRATION_WRAPPER_INTERFACE_CONTRACT.md:1241'],[],['rtl/ppg_adc_measurement_idac_integration/tb_ppg_adc_measurement_idac_integration.v:1389'],[],"['rtl_tag', 'alias_row']"
AMI-30,['contracts/PPG_ADC_MEASUREMENT_AND_IDAC_INTEGRATION_WRAPPER_INTERFACE_CONTRACT.md:1242'],[],['rtl/ppg_adc_measurement_idac_integration/tb_ppg_adc_measurement_idac_integration.v:1155'],[],"['rtl_tag', 'alias_row']"
AMI-31,['contracts/PPG_ADC_MEASUREMENT_AND_IDAC_INTEGRATION_WRAPPER_INTERFACE_CONTRACT.md:1243'],[],['rtl/ppg_adc_measurement_idac_integration/tb_ppg_adc_measurement_idac_integration.v:1165'],[],"['rtl_tag', 'alias_row']"
AMI-32,['contracts/PPG_ADC_MEASUREMENT_AND_IDAC_INTEGRATION_WRAPPER_INTERFACE_CONTRACT.md:1244'],[],"['rtl/ppg_adc_measurement_idac_integration/tb_ppg_adc_measurement_idac_integration.v:959', 'rtl/ppg_adc_measurement_idac_integration/tb_ppg_adc_measurement_idac_integration.v:1409']",[],"['rtl_tag', 'alias_row']"
AMI-33,['contracts/PPG_ADC_MEASUREMENT_AND_IDAC_INTEGRATION_WRAPPER_INTERFACE_CONTRACT.md:1245'],[],['rtl/ppg_adc_measurement_idac_integration/tb_ppg_adc_measurement_idac_integration.v:1179'],[],"['rtl_tag', 'alias_row']"
AMI-34,['contracts/PPG_ADC_MEASUREMENT_AND_IDAC_INTEGRATION_WRAPPER_INTERFACE_CONTRACT.md:1246'],[],['rtl/ppg_adc_measurement_idac_integration/tb_ppg_adc_measurement_idac_integration.v:1197'],[],"['rtl_tag', 'alias_row']"
AMI-35,['contracts/PPG_ADC_MEASUREMENT_AND_IDAC_INTEGRATION_WRAPPER_INTERFACE_CONTRACT.md:1247'],[],['rtl/ppg_adc_measurement_idac_integration/tb_ppg_adc_measurement_idac_integration.v:1133'],[],"['rtl_tag', 'alias_row']"
AMI-36,['contracts/PPG_ADC_MEASUREMENT_AND_IDAC_INTEGRATION_WRAPPER_INTERFACE_CONTRACT.md:1248'],[],['rtl/ppg_adc_measurement_idac_integration/tb_ppg_adc_measurement_idac_integration.v:1135'],[],"['rtl_tag', 'alias_row']"
AMI-37,['contracts/PPG_ADC_MEASUREMENT_AND_IDAC_INTEGRATION_WRAPPER_INTERFACE_CONTRACT.md:1249'],[],"['rtl/ppg_adc_measurement_idac_integration/tb_ppg_adc_measurement_idac_integration.v:1151', 'rtl/ppg_control_top/tb_ppg_control_top_lifecycle_fault_adc_anomaly.v:28', 'rtl/ppg_control_top/tb_ppg_control_top_lifecycle_fault_adc_anomaly.v:28', 'rtl/ppg_control_top/tb_ppg_control_top_lifecycle_fault_adc_anomaly.v:31', 'rtl/ppg_control_top/tb_ppg_control_top_lifecycle_fault_adc_anomaly.v:62', 'rtl/ppg_control_top/tb_ppg_control_top_lifecycle_fault_adc_anomaly.v:2156']",[],"['rtl_tag', 'alias_row']"
AMI-38,['contracts/PPG_ADC_MEASUREMENT_AND_IDAC_INTEGRATION_WRAPPER_INTERFACE_CONTRACT.md:1250'],[],['rtl/ppg_adc_measurement_idac_integration/tb_ppg_adc_measurement_idac_integration.v:1199'],[],"['rtl_tag', 'alias_row']"
AMI-39,['contracts/PPG_ADC_MEASUREMENT_AND_IDAC_INTEGRATION_WRAPPER_INTERFACE_CONTRACT.md:1251'],[],['rtl/ppg_adc_measurement_idac_integration/tb_ppg_adc_measurement_idac_integration.v:1412'],[],"['rtl_tag', 'alias_row']"
AMI-40,['contracts/PPG_ADC_MEASUREMENT_AND_IDAC_INTEGRATION_WRAPPER_INTERFACE_CONTRACT.md:1252'],[],"['rtl/ppg_adc_measurement_idac_integration/tb_ppg_adc_measurement_idac_integration.v:28', 'rtl/ppg_adc_measurement_idac_integration/tb_ppg_adc_measurement_idac_integration.v:28', 'rtl/ppg_adc_measurement_idac_integration/tb_ppg_adc_measurement_idac_integration.v:1433']",[],"['rtl_tag', 'alias_row']"
AMI-41,['contracts/PPG_ADC_MEASUREMENT_AND_IDAC_INTEGRATION_WRAPPER_INTERFACE_CONTRACT.md:1253'],[],['rtl/ppg_adc_measurement_idac_integration/tb_ppg_adc_measurement_idac_integration.v:1451'],[],"['rtl_tag', 'alias_row']"
AMI-42,['contracts/PPG_ADC_MEASUREMENT_AND_IDAC_INTEGRATION_WRAPPER_INTERFACE_CONTRACT.md:1254'],[],['rtl/ppg_adc_measurement_idac_integration/tb_ppg_adc_measurement_idac_integration.v:1279'],[],"['rtl_tag', 'alias_row']"
AMI-43,['contracts/PPG_ADC_MEASUREMENT_AND_IDAC_INTEGRATION_WRAPPER_INTERFACE_CONTRACT.md:1255'],[],['rtl/ppg_adc_measurement_idac_integration/tb_ppg_adc_measurement_idac_integration.v:1516'],[],"['rtl_tag', 'alias_row']"
AMI-44,['contracts/PPG_ADC_MEASUREMENT_AND_IDAC_INTEGRATION_WRAPPER_INTERFACE_CONTRACT.md:1256'],[],['rtl/ppg_adc_measurement_idac_integration/tb_ppg_adc_measurement_idac_integration.v:1494'],[],"['rtl_tag', 'alias_row']"
AMI-45,['contracts/PPG_ADC_MEASUREMENT_AND_IDAC_INTEGRATION_WRAPPER_INTERFACE_CONTRACT.md:1257'],[],"['rtl/ppg_adc_measurement_idac_integration/tb_ppg_adc_measurement_idac_integration.v:26', 'rtl/ppg_adc_measurement_idac_integration/tb_ppg_adc_measurement_idac_integration.v:1523']",[],"['rtl_tag', 'alias_row']"
AMI-46,['contracts/PPG_ADC_MEASUREMENT_AND_IDAC_INTEGRATION_WRAPPER_INTERFACE_CONTRACT.md:1258'],[],"['rtl/ppg_adc_measurement_idac_integration/tb_ppg_adc_measurement_idac_integration.v:27', 'rtl/ppg_adc_measurement_idac_integration/tb_ppg_adc_measurement_idac_integration.v:27', 'rtl/ppg_adc_measurement_idac_integration/tb_ppg_adc_measurement_idac_integration.v:1555']",[],"['rtl_tag', 'alias_row']"
AMI-47,['contracts/PPG_ADC_MEASUREMENT_AND_IDAC_INTEGRATION_WRAPPER_INTERFACE_CONTRACT.md:1259'],[],"['rtl/ppg_adc_measurement_idac_integration/tb_ppg_adc_measurement_idac_integration.v:10', 'rtl/ppg_adc_measurement_idac_integration/tb_ppg_adc_measurement_idac_integration.v:27', 'rtl/ppg_adc_measurement_idac_integration/tb_ppg_adc_measurement_idac_integration.v:27', 'rtl/ppg_adc_measurement_idac_integration/tb_ppg_adc_measurement_idac_integration.v:28', 'rtl/ppg_adc_measurement_idac_integration/tb_ppg_adc_measurement_idac_integration.v:29', 'rtl/ppg_adc_measurement_idac_integration/tb_ppg_adc_measurement_idac_integration.v:30', 'rtl/ppg_adc_measurement_idac_integration/tb_ppg_adc_measurement_idac_integration.v:55', 'rtl/ppg_adc_measurement_idac_integration/tb_ppg_adc_measurement_idac_integration.v:1579', 'rtl/ppg_adc_measurement_idac_integration/tb_ppg_adc_measurement_idac_integration.v:1628']",[],"['rtl_tag', 'alias_row']"
AMI-48,['contracts/PPG_ADC_MEASUREMENT_AND_IDAC_INTEGRATION_WRAPPER_INTERFACE_CONTRACT.md:1260'],[],[],[],"['rtl_tag', 'tb_tag_or_text', 'alias_row']"
AMI-49,['contracts/PPG_ADC_MEASUREMENT_AND_IDAC_INTEGRATION_WRAPPER_INTERFACE_CONTRACT.md:1261'],[],[],[],"['rtl_tag', 'tb_tag_or_text', 'alias_row']"
AMI-50,['contracts/PPG_ADC_MEASUREMENT_AND_IDAC_INTEGRATION_WRAPPER_INTERFACE_CONTRACT.md:1262'],[],[],[],"['rtl_tag', 'tb_tag_or_text', 'alias_row']"
AMI-51,['contracts/PPG_ADC_MEASUREMENT_AND_IDAC_INTEGRATION_WRAPPER_INTERFACE_CONTRACT.md:1263'],[],[],[],"['rtl_tag', 'tb_tag_or_text', 'alias_row']"
AMI-52,['contracts/PPG_ADC_MEASUREMENT_AND_IDAC_INTEGRATION_WRAPPER_INTERFACE_CONTRACT.md:1264'],[],[],[],"['rtl_tag', 'tb_tag_or_text', 'alias_row']"
AMI-53,['contracts/PPG_ADC_MEASUREMENT_AND_IDAC_INTEGRATION_WRAPPER_INTERFACE_CONTRACT.md:1265'],[],[],[],"['rtl_tag', 'tb_tag_or_text', 'alias_row']"
AMI-54,['contracts/PPG_ADC_MEASUREMENT_AND_IDAC_INTEGRATION_WRAPPER_INTERFACE_CONTRACT.md:1266'],[],"['rtl/ppg_control_top/tb_ppg_control_top_baseline_cross.v:25', 'rtl/ppg_control_top/tb_ppg_control_top_baseline_cross.v:108', 'rtl/ppg_control_top/tb_ppg_control_top_baseline_cross.v:1600']",['contracts/PPG_ALIAS_MAPPING_TABLE.md:89'],['rtl_tag']
AMR-01,['contracts/PPG_NORMAL_FORK_IDAC_TRACKING_AMB_RECHECK_INTERFACE_CONTRACT.md:651'],[],['rtl/ppg_amb_recheck_scheduler/tb_ppg_amb_recheck_scheduler.v:346'],[],"['rtl_tag', 'alias_row']"
AMR-02,['contracts/PPG_NORMAL_FORK_IDAC_TRACKING_AMB_RECHECK_INTERFACE_CONTRACT.md:652'],[],"['rtl/ppg_amb_recheck_scheduler/tb_ppg_amb_recheck_scheduler.v:355', 'rtl/ppg_amb_recheck_scheduler/tb_ppg_amb_recheck_scheduler.v:361']",[],"['rtl_tag', 'alias_row']"
AMR-03,['contracts/PPG_NORMAL_FORK_IDAC_TRACKING_AMB_RECHECK_INTERFACE_CONTRACT.md:653'],[],['rtl/ppg_amb_recheck_scheduler/tb_ppg_amb_recheck_scheduler.v:384'],[],"['rtl_tag', 'alias_row']"
AMR-04,['contracts/PPG_NORMAL_FORK_IDAC_TRACKING_AMB_RECHECK_INTERFACE_CONTRACT.md:654'],[],['rtl/ppg_amb_recheck_scheduler/tb_ppg_amb_recheck_scheduler.v:387'],[],"['rtl_tag', 'alias_row']"
AMR-05,['contracts/PPG_NORMAL_FORK_IDAC_TRACKING_AMB_RECHECK_INTERFACE_CONTRACT.md:655'],[],['rtl/ppg_amb_recheck_scheduler/tb_ppg_amb_recheck_scheduler.v:391'],[],"['rtl_tag', 'alias_row']"
AMR-06,['contracts/PPG_NORMAL_FORK_IDAC_TRACKING_AMB_RECHECK_INTERFACE_CONTRACT.md:656'],[],['rtl/ppg_amb_recheck_scheduler/tb_ppg_amb_recheck_scheduler.v:403'],[],"['rtl_tag', 'alias_row']"
AMR-07,['contracts/PPG_NORMAL_FORK_IDAC_TRACKING_AMB_RECHECK_INTERFACE_CONTRACT.md:657'],[],['rtl/ppg_amb_recheck_scheduler/tb_ppg_amb_recheck_scheduler.v:467'],[],"['rtl_tag', 'alias_row']"
AMR-08,['contracts/PPG_NORMAL_FORK_IDAC_TRACKING_AMB_RECHECK_INTERFACE_CONTRACT.md:658'],[],[],[],"['rtl_tag', 'tb_tag_or_text', 'alias_row']"
AMR-09,['contracts/PPG_NORMAL_FORK_IDAC_TRACKING_AMB_RECHECK_INTERFACE_CONTRACT.md:659'],[],[],[],"['rtl_tag', 'tb_tag_or_text', 'alias_row']"
AMR-10,['contracts/PPG_NORMAL_FORK_IDAC_TRACKING_AMB_RECHECK_INTERFACE_CONTRACT.md:660'],[],['rtl/ppg_amb_recheck_scheduler/tb_ppg_amb_recheck_scheduler.v:467'],[],"['rtl_tag', 'alias_row']"
AMR-11,['contracts/PPG_NORMAL_FORK_IDAC_TRACKING_AMB_RECHECK_INTERFACE_CONTRACT.md:661'],[],['rtl/ppg_amb_recheck_scheduler/tb_ppg_amb_recheck_scheduler.v:512'],[],"['rtl_tag', 'alias_row']"
AMR-12,['contracts/PPG_NORMAL_FORK_IDAC_TRACKING_AMB_RECHECK_INTERFACE_CONTRACT.md:662'],[],['rtl/ppg_amb_recheck_scheduler/tb_ppg_amb_recheck_scheduler.v:545'],[],"['rtl_tag', 'alias_row']"
AMR-13,['contracts/PPG_NORMAL_FORK_IDAC_TRACKING_AMB_RECHECK_INTERFACE_CONTRACT.md:663'],[],[],[],"['rtl_tag', 'tb_tag_or_text', 'alias_row']"
AMR-14,['contracts/PPG_NORMAL_FORK_IDAC_TRACKING_AMB_RECHECK_INTERFACE_CONTRACT.md:664'],[],['rtl/ppg_amb_recheck_scheduler/tb_ppg_amb_recheck_scheduler.v:575'],[],"['rtl_tag', 'alias_row']"
AV4-01,['contracts/PPG_ACTIVE_V4_CONTROL_CONNECTION_MAPPING_CONTRACT.md:606'],[],[],[],"['rtl_tag', 'tb_tag_or_text', 'alias_row']"
AV4-02,['contracts/PPG_ACTIVE_V4_CONTROL_CONNECTION_MAPPING_CONTRACT.md:607'],[],[],[],"['rtl_tag', 'tb_tag_or_text', 'alias_row']"
AV4-03,['contracts/PPG_ACTIVE_V4_CONTROL_CONNECTION_MAPPING_CONTRACT.md:608'],[],[],[],"['rtl_tag', 'tb_tag_or_text', 'alias_row']"
AV4-04,['contracts/PPG_ACTIVE_V4_CONTROL_CONNECTION_MAPPING_CONTRACT.md:609'],[],[],[],"['rtl_tag', 'tb_tag_or_text', 'alias_row']"
AV4-05,['contracts/PPG_ACTIVE_V4_CONTROL_CONNECTION_MAPPING_CONTRACT.md:610'],[],[],[],"['rtl_tag', 'tb_tag_or_text', 'alias_row']"
AV4-06,['contracts/PPG_ACTIVE_V4_CONTROL_CONNECTION_MAPPING_CONTRACT.md:611'],[],[],[],"['rtl_tag', 'tb_tag_or_text', 'alias_row']"
AV4-07,['contracts/PPG_ACTIVE_V4_CONTROL_CONNECTION_MAPPING_CONTRACT.md:612'],[],[],[],"['rtl_tag', 'tb_tag_or_text', 'alias_row']"
AV4-08,['contracts/PPG_ACTIVE_V4_CONTROL_CONNECTION_MAPPING_CONTRACT.md:613'],[],[],[],"['rtl_tag', 'tb_tag_or_text', 'alias_row']"
AV4-09,['contracts/PPG_ACTIVE_V4_CONTROL_CONNECTION_MAPPING_CONTRACT.md:614'],[],[],[],"['rtl_tag', 'tb_tag_or_text', 'alias_row']"
AV4-10,['contracts/PPG_ACTIVE_V4_CONTROL_CONNECTION_MAPPING_CONTRACT.md:615'],[],[],[],"['rtl_tag', 'tb_tag_or_text', 'alias_row']"
AV4-11,['contracts/PPG_ACTIVE_V4_CONTROL_CONNECTION_MAPPING_CONTRACT.md:616'],[],[],[],"['rtl_tag', 'tb_tag_or_text', 'alias_row']"
AV4-12,['contracts/PPG_ACTIVE_V4_CONTROL_CONNECTION_MAPPING_CONTRACT.md:617'],[],[],[],"['rtl_tag', 'tb_tag_or_text', 'alias_row']"
AV4-13,['contracts/PPG_ACTIVE_V4_CONTROL_CONNECTION_MAPPING_CONTRACT.md:618'],[],[],[],"['rtl_tag', 'tb_tag_or_text', 'alias_row']"
AV4-14,['contracts/PPG_ACTIVE_V4_CONTROL_CONNECTION_MAPPING_CONTRACT.md:619'],[],[],[],"['rtl_tag', 'tb_tag_or_text', 'alias_row']"
AV4-15,['contracts/PPG_ACTIVE_V4_CONTROL_CONNECTION_MAPPING_CONTRACT.md:620'],[],[],[],"['rtl_tag', 'tb_tag_or_text', 'alias_row']"
AV4-16,['contracts/PPG_ACTIVE_V4_CONTROL_CONNECTION_MAPPING_CONTRACT.md:621'],[],[],[],"['rtl_tag', 'tb_tag_or_text', 'alias_row']"
AV4-17,['contracts/PPG_ACTIVE_V4_CONTROL_CONNECTION_MAPPING_CONTRACT.md:622'],[],[],[],"['rtl_tag', 'tb_tag_or_text', 'alias_row']"
AV4-18,['contracts/PPG_ACTIVE_V4_CONTROL_CONNECTION_MAPPING_CONTRACT.md:623'],[],[],[],"['rtl_tag', 'tb_tag_or_text', 'alias_row']"
AV4-19,['contracts/PPG_ACTIVE_V4_CONTROL_CONNECTION_MAPPING_CONTRACT.md:624'],[],[],[],"['rtl_tag', 'tb_tag_or_text', 'alias_row']"
AV4C-01,['contracts/PPG_ACTIVE_V4_CONTROL_PLANE_INTEGRATION_WRAPPER_INTERFACE_CONTRACT.md:295'],[],"['rtl/ppg_active_v4_control_plane_integration/tb_ppg_active_v4_control_plane_integration.v:23', 'rtl/ppg_active_v4_control_plane_integration/tb_ppg_active_v4_control_plane_integration.v:635', 'rtl/ppg_active_v4_control_plane_integration/tb_ppg_active_v4_control_plane_integration.v:650', 'rtl/ppg_active_v4_control_plane_integration/tb_ppg_active_v4_control_plane_integration.v:653', 'rtl/ppg_active_v4_control_plane_integration/tb_ppg_active_v4_control_plane_integration.v:874']",[],"['rtl_tag', 'alias_row']"
AV4C-02,['contracts/PPG_ACTIVE_V4_CONTROL_PLANE_INTEGRATION_WRAPPER_INTERFACE_CONTRACT.md:296'],[],"['rtl/ppg_active_v4_control_plane_integration/tb_ppg_active_v4_control_plane_integration.v:674', 'rtl/ppg_active_v4_control_plane_integration/tb_ppg_active_v4_control_plane_integration.v:676', 'rtl/ppg_active_v4_control_plane_integration/tb_ppg_active_v4_control_plane_integration.v:679']",[],"['rtl_tag', 'alias_row']"
AV4C-03,['contracts/PPG_ACTIVE_V4_CONTROL_PLANE_INTEGRATION_WRAPPER_INTERFACE_CONTRACT.md:297'],[],"['rtl/ppg_active_v4_control_plane_integration/tb_ppg_active_v4_control_plane_integration.v:674', 'rtl/ppg_active_v4_control_plane_integration/tb_ppg_active_v4_control_plane_integration.v:680']",[],"['rtl_tag', 'alias_row']"
AV4C-04,['contracts/PPG_ACTIVE_V4_CONTROL_PLANE_INTEGRATION_WRAPPER_INTERFACE_CONTRACT.md:298'],[],"['rtl/ppg_active_v4_control_plane_integration/tb_ppg_active_v4_control_plane_integration.v:584', 'rtl/ppg_active_v4_control_plane_integration/tb_ppg_active_v4_control_plane_integration.v:592', 'rtl/ppg_active_v4_control_plane_integration/tb_ppg_active_v4_control_plane_integration.v:595']",[],"['rtl_tag', 'alias_row']"
AV4C-05,['contracts/PPG_ACTIVE_V4_CONTROL_PLANE_INTEGRATION_WRAPPER_INTERFACE_CONTRACT.md:299'],[],"['rtl/ppg_active_v4_control_plane_integration/tb_ppg_active_v4_control_plane_integration.v:635', 'rtl/ppg_active_v4_control_plane_integration/tb_ppg_active_v4_control_plane_integration.v:656', 'rtl/ppg_active_v4_control_plane_integration/tb_ppg_active_v4_control_plane_integration.v:659']",[],"['rtl_tag', 'alias_row']"
AV4C-06,['contracts/PPG_ACTIVE_V4_CONTROL_PLANE_INTEGRATION_WRAPPER_INTERFACE_CONTRACT.md:300'],[],"['rtl/ppg_active_v4_control_plane_integration/tb_ppg_active_v4_control_plane_integration.v:691', 'rtl/ppg_active_v4_control_plane_integration/tb_ppg_active_v4_control_plane_integration.v:695', 'rtl/ppg_active_v4_control_plane_integration/tb_ppg_active_v4_control_plane_integration.v:702', 'rtl/ppg_active_v4_control_plane_integration/tb_ppg_active_v4_control_plane_integration.v:705']",[],"['rtl_tag', 'alias_row']"
AV4C-07,['contracts/PPG_ACTIVE_V4_CONTROL_PLANE_INTEGRATION_WRAPPER_INTERFACE_CONTRACT.md:301'],[],"['rtl/ppg_active_v4_control_plane_integration/tb_ppg_active_v4_control_plane_integration.v:724', 'rtl/ppg_active_v4_control_plane_integration/tb_ppg_active_v4_control_plane_integration.v:731', 'rtl/ppg_active_v4_control_plane_integration/tb_ppg_active_v4_control_plane_integration.v:737', 'rtl/ppg_active_v4_control_plane_integration/tb_ppg_active_v4_control_plane_integration.v:747', 'rtl/ppg_active_v4_control_plane_integration/tb_ppg_active_v4_control_plane_integration.v:750']",[],"['rtl_tag', 'alias_row']"
AV4C-08,['contracts/PPG_ACTIVE_V4_CONTROL_PLANE_INTEGRATION_WRAPPER_INTERFACE_CONTRACT.md:302'],[],"['rtl/ppg_active_v4_control_plane_integration/tb_ppg_active_v4_control_plane_integration.v:598', 'rtl/ppg_active_v4_control_plane_integration/tb_ppg_active_v4_control_plane_integration.v:601', 'rtl/ppg_active_v4_control_plane_integration/tb_ppg_active_v4_control_plane_integration.v:604']",[],"['rtl_tag', 'alias_row']"
AV4C-09,['contracts/PPG_ACTIVE_V4_CONTROL_PLANE_INTEGRATION_WRAPPER_INTERFACE_CONTRACT.md:303'],[],"['rtl/ppg_active_v4_control_plane_integration/tb_ppg_active_v4_control_plane_integration.v:685', 'rtl/ppg_active_v4_control_plane_integration/tb_ppg_active_v4_control_plane_integration.v:687', 'rtl/ppg_active_v4_control_plane_integration/tb_ppg_active_v4_control_plane_integration.v:772', 'rtl/ppg_active_v4_control_plane_integration/tb_ppg_active_v4_control_plane_integration.v:778', 'rtl/ppg_active_v4_control_plane_integration/tb_ppg_active_v4_control_plane_integration.v:781']",[],"['rtl_tag', 'alias_row']"
AV4C-10,['contracts/PPG_ACTIVE_V4_CONTROL_PLANE_INTEGRATION_WRAPPER_INTERFACE_CONTRACT.md:304'],[],"['rtl/ppg_active_v4_control_plane_integration/tb_ppg_active_v4_control_plane_integration.v:607', 'rtl/ppg_active_v4_control_plane_integration/tb_ppg_active_v4_control_plane_integration.v:614', 'rtl/ppg_active_v4_control_plane_integration/tb_ppg_active_v4_control_plane_integration.v:617']",[],"['rtl_tag', 'alias_row']"
AV4C-11,['contracts/PPG_ACTIVE_V4_CONTROL_PLANE_INTEGRATION_WRAPPER_INTERFACE_CONTRACT.md:305'],[],"['rtl/ppg_active_v4_control_plane_integration/tb_ppg_active_v4_control_plane_integration.v:621', 'rtl/ppg_active_v4_control_plane_integration/tb_ppg_active_v4_control_plane_integration.v:628', 'rtl/ppg_active_v4_control_plane_integration/tb_ppg_active_v4_control_plane_integration.v:631']",[],"['rtl_tag', 'alias_row']"
AV4C-12,['contracts/PPG_ACTIVE_V4_CONTROL_PLANE_INTEGRATION_WRAPPER_INTERFACE_CONTRACT.md:306'],[],"['rtl/ppg_active_v4_control_plane_integration/tb_ppg_active_v4_control_plane_integration.v:708', 'rtl/ppg_active_v4_control_plane_integration/tb_ppg_active_v4_control_plane_integration.v:712', 'rtl/ppg_active_v4_control_plane_integration/tb_ppg_active_v4_control_plane_integration.v:715']",[],"['rtl_tag', 'alias_row']"
AV4C-13,['contracts/PPG_ACTIVE_V4_CONTROL_PLANE_INTEGRATION_WRAPPER_INTERFACE_CONTRACT.md:307'],[],"['rtl/ppg_active_v4_control_plane_integration/tb_ppg_active_v4_control_plane_integration.v:564', 'rtl/ppg_active_v4_control_plane_integration/tb_ppg_active_v4_control_plane_integration.v:568', 'rtl/ppg_active_v4_control_plane_integration/tb_ppg_active_v4_control_plane_integration.v:571', 'rtl/ppg_active_v4_control_plane_integration/tb_ppg_active_v4_control_plane_integration.v:580']",[],"['rtl_tag', 'alias_row']"
AV4C-14,['contracts/PPG_ACTIVE_V4_CONTROL_PLANE_INTEGRATION_WRAPPER_INTERFACE_CONTRACT.md:308'],[],"['rtl/ppg_active_v4_control_plane_integration/tb_ppg_active_v4_control_plane_integration.v:635', 'rtl/ppg_active_v4_control_plane_integration/tb_ppg_active_v4_control_plane_integration.v:640', 'rtl/ppg_active_v4_control_plane_integration/tb_ppg_active_v4_control_plane_integration.v:668', 'rtl/ppg_active_v4_control_plane_integration/tb_ppg_active_v4_control_plane_integration.v:671']",[],"['rtl_tag', 'alias_row']"
AV4C-15,['contracts/PPG_ACTIVE_V4_CONTROL_PLANE_INTEGRATION_WRAPPER_INTERFACE_CONTRACT.md:309'],[],"['rtl/ppg_active_v4_control_plane_integration/tb_ppg_active_v4_control_plane_integration.v:674', 'rtl/ppg_active_v4_control_plane_integration/tb_ppg_active_v4_control_plane_integration.v:681']",[],"['rtl_tag', 'alias_row']"
AV4C-16,['contracts/PPG_ACTIVE_V4_CONTROL_PLANE_INTEGRATION_WRAPPER_INTERFACE_CONTRACT.md:310'],[],"['rtl/ppg_active_v4_control_plane_integration/tb_ppg_active_v4_control_plane_integration.v:753', 'rtl/ppg_active_v4_control_plane_integration/tb_ppg_active_v4_control_plane_integration.v:765', 'rtl/ppg_active_v4_control_plane_integration/tb_ppg_active_v4_control_plane_integration.v:768']",[],"['rtl_tag', 'alias_row']"
AV4C-17,['contracts/PPG_ACTIVE_V4_CONTROL_PLANE_INTEGRATION_WRAPPER_INTERFACE_CONTRACT.md:311'],[],"['rtl/ppg_active_v4_control_plane_integration/tb_ppg_active_v4_control_plane_integration.v:674', 'rtl/ppg_active_v4_control_plane_integration/tb_ppg_active_v4_control_plane_integration.v:682']",[],"['rtl_tag', 'alias_row']"
AV4C-18,['contracts/PPG_ACTIVE_V4_CONTROL_PLANE_INTEGRATION_WRAPPER_INTERFACE_CONTRACT.md:312'],[],"['rtl/ppg_active_v4_control_plane_integration/tb_ppg_active_v4_control_plane_integration.v:23', 'rtl/ppg_active_v4_control_plane_integration/tb_ppg_active_v4_control_plane_integration.v:708', 'rtl/ppg_active_v4_control_plane_integration/tb_ppg_active_v4_control_plane_integration.v:718', 'rtl/ppg_active_v4_control_plane_integration/tb_ppg_active_v4_control_plane_integration.v:721']",[],"['rtl_tag', 'alias_row']"
AV4C-19,['contracts/PPG_ACTIVE_V4_CONTROL_PLANE_INTEGRATION_WRAPPER_INTERFACE_CONTRACT.md:313'],[],"['rtl/ppg_active_v4_control_plane_integration/tb_ppg_active_v4_control_plane_integration.v:24', 'rtl/ppg_active_v4_control_plane_integration/tb_ppg_active_v4_control_plane_integration.v:790', 'rtl/ppg_active_v4_control_plane_integration/tb_ppg_active_v4_control_plane_integration.v:799', 'rtl/ppg_active_v4_control_plane_integration/tb_ppg_active_v4_control_plane_integration.v:802']",[],"['rtl_tag', 'alias_row']"
AV4C-20,['contracts/PPG_ACTIVE_V4_CONTROL_PLANE_INTEGRATION_WRAPPER_INTERFACE_CONTRACT.md:314'],[],"['rtl/ppg_active_v4_control_plane_integration/tb_ppg_active_v4_control_plane_integration.v:840', 'rtl/ppg_active_v4_control_plane_integration/tb_ppg_active_v4_control_plane_integration.v:845', 'rtl/ppg_active_v4_control_plane_integration/tb_ppg_active_v4_control_plane_integration.v:852', 'rtl/ppg_active_v4_control_plane_integration/tb_ppg_active_v4_control_plane_integration.v:856', 'rtl/ppg_active_v4_control_plane_integration/tb_ppg_active_v4_control_plane_integration.v:861', 'rtl/ppg_active_v4_control_plane_integration/tb_ppg_active_v4_control_plane_integration.v:867', 'rtl/ppg_active_v4_control_plane_integration/tb_ppg_active_v4_control_plane_integration.v:870']",[],"['rtl_tag', 'alias_row']"
AV4C-21,['contracts/PPG_ACTIVE_V4_CONTROL_PLANE_INTEGRATION_WRAPPER_INTERFACE_CONTRACT.md:315'],[],"['rtl/ppg_active_v4_control_plane_integration/tb_ppg_active_v4_control_plane_integration.v:807', 'rtl/ppg_active_v4_control_plane_integration/tb_ppg_active_v4_control_plane_integration.v:816', 'rtl/ppg_active_v4_control_plane_integration/tb_ppg_active_v4_control_plane_integration.v:819']",[],"['rtl_tag', 'alias_row']"
AV4C-22,['contracts/PPG_ACTIVE_V4_CONTROL_PLANE_INTEGRATION_WRAPPER_INTERFACE_CONTRACT.md:316'],[],"['rtl/ppg_active_v4_control_plane_integration/tb_ppg_active_v4_control_plane_integration.v:24', 'rtl/ppg_active_v4_control_plane_integration/tb_ppg_active_v4_control_plane_integration.v:823', 'rtl/ppg_active_v4_control_plane_integration/tb_ppg_active_v4_control_plane_integration.v:825', 'rtl/ppg_active_v4_control_plane_integration/tb_ppg_active_v4_control_plane_integration.v:834', 'rtl/ppg_active_v4_control_plane_integration/tb_ppg_active_v4_control_plane_integration.v:837', 'rtl/ppg_active_v4_control_plane_integration/tb_ppg_active_v4_control_plane_integration.v:874']",[],"['rtl_tag', 'alias_row']"
BSL-01,['contracts/PPG_DYNAMIC_BASELINE_SLOPE_AND_UPWARD_CROSSING_INTERFACE_CONTRACT.md:896'],[],"['rtl/ppg_dynamic_baseline_cross_detector/tb_ppg_dynamic_baseline_cross_detector.v:10', 'rtl/ppg_dynamic_baseline_cross_detector/tb_ppg_dynamic_baseline_cross_detector.v:22', 'rtl/ppg_dynamic_baseline_cross_detector/tb_ppg_dynamic_baseline_cross_detector.v:42', 'rtl/ppg_dynamic_baseline_cross_detector/tb_ppg_dynamic_baseline_cross_detector.v:758', 'rtl/ppg_dynamic_baseline_cross_detector/tb_ppg_dynamic_baseline_cross_detector.v:1308']",[],"['rtl_tag', 'alias_row']"
BSL-02,['contracts/PPG_DYNAMIC_BASELINE_SLOPE_AND_UPWARD_CROSSING_INTERFACE_CONTRACT.md:897'],[],['rtl/ppg_dynamic_baseline_cross_detector/tb_ppg_dynamic_baseline_cross_detector.v:761'],[],"['rtl_tag', 'alias_row']"
BSL-03,['contracts/PPG_DYNAMIC_BASELINE_SLOPE_AND_UPWARD_CROSSING_INTERFACE_CONTRACT.md:898'],[],['rtl/ppg_dynamic_baseline_cross_detector/tb_ppg_dynamic_baseline_cross_detector.v:766'],[],"['rtl_tag', 'alias_row']"
BSL-04,['contracts/PPG_DYNAMIC_BASELINE_SLOPE_AND_UPWARD_CROSSING_INTERFACE_CONTRACT.md:899'],[],"['rtl/ppg_control_top/tb_ppg_control_top_baseline_cross.v:28', 'rtl/ppg_dynamic_baseline_cross_detector/tb_ppg_dynamic_baseline_cross_detector.v:769']",[],"['rtl_tag', 'alias_row']"
BSL-05,['contracts/PPG_DYNAMIC_BASELINE_SLOPE_AND_UPWARD_CROSSING_INTERFACE_CONTRACT.md:900'],[],['rtl/ppg_dynamic_baseline_cross_detector/tb_ppg_dynamic_baseline_cross_detector.v:773'],[],"['rtl_tag', 'alias_row']"
BSL-06,['contracts/PPG_DYNAMIC_BASELINE_SLOPE_AND_UPWARD_CROSSING_INTERFACE_CONTRACT.md:901'],[],['rtl/ppg_dynamic_baseline_cross_detector/tb_ppg_dynamic_baseline_cross_detector.v:784'],[],"['rtl_tag', 'alias_row']"
BSL-07,['contracts/PPG_DYNAMIC_BASELINE_SLOPE_AND_UPWARD_CROSSING_INTERFACE_CONTRACT.md:902'],[],['rtl/ppg_dynamic_baseline_cross_detector/tb_ppg_dynamic_baseline_cross_detector.v:795'],[],"['rtl_tag', 'alias_row']"
BSL-08,['contracts/PPG_DYNAMIC_BASELINE_SLOPE_AND_UPWARD_CROSSING_INTERFACE_CONTRACT.md:903'],[],['rtl/ppg_dynamic_baseline_cross_detector/tb_ppg_dynamic_baseline_cross_detector.v:806'],[],"['rtl_tag', 'alias_row']"
BSL-09,['contracts/PPG_DYNAMIC_BASELINE_SLOPE_AND_UPWARD_CROSSING_INTERFACE_CONTRACT.md:904'],[],['rtl/ppg_dynamic_baseline_cross_detector/tb_ppg_dynamic_baseline_cross_detector.v:816'],[],"['rtl_tag', 'alias_row']"
BSL-10,['contracts/PPG_DYNAMIC_BASELINE_SLOPE_AND_UPWARD_CROSSING_INTERFACE_CONTRACT.md:905'],[],['rtl/ppg_dynamic_baseline_cross_detector/tb_ppg_dynamic_baseline_cross_detector.v:825'],[],"['rtl_tag', 'alias_row']"
BSL-11,['contracts/PPG_DYNAMIC_BASELINE_SLOPE_AND_UPWARD_CROSSING_INTERFACE_CONTRACT.md:906'],[],['rtl/ppg_dynamic_baseline_cross_detector/tb_ppg_dynamic_baseline_cross_detector.v:807'],[],"['rtl_tag', 'alias_row']"
BSL-12,['contracts/PPG_DYNAMIC_BASELINE_SLOPE_AND_UPWARD_CROSSING_INTERFACE_CONTRACT.md:907'],[],['rtl/ppg_dynamic_baseline_cross_detector/tb_ppg_dynamic_baseline_cross_detector.v:817'],[],"['rtl_tag', 'alias_row']"
BSL-13,['contracts/PPG_DYNAMIC_BASELINE_SLOPE_AND_UPWARD_CROSSING_INTERFACE_CONTRACT.md:908'],[],['rtl/ppg_dynamic_baseline_cross_detector/tb_ppg_dynamic_baseline_cross_detector.v:808'],[],"['rtl_tag', 'alias_row']"
BSL-14,['contracts/PPG_DYNAMIC_BASELINE_SLOPE_AND_UPWARD_CROSSING_INTERFACE_CONTRACT.md:909'],[],['rtl/ppg_dynamic_baseline_cross_detector/tb_ppg_dynamic_baseline_cross_detector.v:835'],[],"['rtl_tag', 'alias_row']"
BSL-15,['contracts/PPG_DYNAMIC_BASELINE_SLOPE_AND_UPWARD_CROSSING_INTERFACE_CONTRACT.md:910'],[],['rtl/ppg_dynamic_baseline_cross_detector/tb_ppg_dynamic_baseline_cross_detector.v:844'],[],"['rtl_tag', 'alias_row']"
BSL-16,['contracts/PPG_DYNAMIC_BASELINE_SLOPE_AND_UPWARD_CROSSING_INTERFACE_CONTRACT.md:911'],[],['rtl/ppg_dynamic_baseline_cross_detector/tb_ppg_dynamic_baseline_cross_detector.v:847'],[],"['rtl_tag', 'alias_row']"
BSL-17,['contracts/PPG_DYNAMIC_BASELINE_SLOPE_AND_UPWARD_CROSSING_INTERFACE_CONTRACT.md:912'],[],['rtl/ppg_dynamic_baseline_cross_detector/tb_ppg_dynamic_baseline_cross_detector.v:857'],[],"['rtl_tag', 'alias_row']"
BSL-18,['contracts/PPG_DYNAMIC_BASELINE_SLOPE_AND_UPWARD_CROSSING_INTERFACE_CONTRACT.md:913'],[],['rtl/ppg_dynamic_baseline_cross_detector/tb_ppg_dynamic_baseline_cross_detector.v:865'],[],"['rtl_tag', 'alias_row']"
BSL-19,['contracts/PPG_DYNAMIC_BASELINE_SLOPE_AND_UPWARD_CROSSING_INTERFACE_CONTRACT.md:914'],[],['rtl/ppg_dynamic_baseline_cross_detector/tb_ppg_dynamic_baseline_cross_detector.v:878'],[],"['rtl_tag', 'alias_row']"
BSL-20,['contracts/PPG_DYNAMIC_BASELINE_SLOPE_AND_UPWARD_CROSSING_INTERFACE_CONTRACT.md:915'],[],['rtl/ppg_dynamic_baseline_cross_detector/tb_ppg_dynamic_baseline_cross_detector.v:881'],[],"['rtl_tag', 'alias_row']"
BSL-21,['contracts/PPG_DYNAMIC_BASELINE_SLOPE_AND_UPWARD_CROSSING_INTERFACE_CONTRACT.md:916'],[],['rtl/ppg_dynamic_baseline_cross_detector/tb_ppg_dynamic_baseline_cross_detector.v:883'],[],"['rtl_tag', 'alias_row']"
BSL-22,['contracts/PPG_DYNAMIC_BASELINE_SLOPE_AND_UPWARD_CROSSING_INTERFACE_CONTRACT.md:917'],[],['rtl/ppg_dynamic_baseline_cross_detector/tb_ppg_dynamic_baseline_cross_detector.v:896'],[],"['rtl_tag', 'alias_row']"
BSL-23,['contracts/PPG_DYNAMIC_BASELINE_SLOPE_AND_UPWARD_CROSSING_INTERFACE_CONTRACT.md:918'],[],['rtl/ppg_dynamic_baseline_cross_detector/tb_ppg_dynamic_baseline_cross_detector.v:904'],[],"['rtl_tag', 'alias_row']"
BSL-24,['contracts/PPG_DYNAMIC_BASELINE_SLOPE_AND_UPWARD_CROSSING_INTERFACE_CONTRACT.md:919'],[],['rtl/ppg_dynamic_baseline_cross_detector/tb_ppg_dynamic_baseline_cross_detector.v:913'],[],"['rtl_tag', 'alias_row']"
BSL-25,['contracts/PPG_DYNAMIC_BASELINE_SLOPE_AND_UPWARD_CROSSING_INTERFACE_CONTRACT.md:920'],[],['rtl/ppg_dynamic_baseline_cross_detector/tb_ppg_dynamic_baseline_cross_detector.v:923'],[],"['rtl_tag', 'alias_row']"
BSL-26,['contracts/PPG_DYNAMIC_BASELINE_SLOPE_AND_UPWARD_CROSSING_INTERFACE_CONTRACT.md:921'],[],['rtl/ppg_dynamic_baseline_cross_detector/tb_ppg_dynamic_baseline_cross_detector.v:932'],[],"['rtl_tag', 'alias_row']"
BSL-27,['contracts/PPG_DYNAMIC_BASELINE_SLOPE_AND_UPWARD_CROSSING_INTERFACE_CONTRACT.md:922'],[],['rtl/ppg_dynamic_baseline_cross_detector/tb_ppg_dynamic_baseline_cross_detector.v:938'],[],"['rtl_tag', 'alias_row']"
BSL-28,['contracts/PPG_DYNAMIC_BASELINE_SLOPE_AND_UPWARD_CROSSING_INTERFACE_CONTRACT.md:923'],[],['rtl/ppg_dynamic_baseline_cross_detector/tb_ppg_dynamic_baseline_cross_detector.v:948'],[],"['rtl_tag', 'alias_row']"
BSL-29,['contracts/PPG_DYNAMIC_BASELINE_SLOPE_AND_UPWARD_CROSSING_INTERFACE_CONTRACT.md:924'],[],['rtl/ppg_dynamic_baseline_cross_detector/tb_ppg_dynamic_baseline_cross_detector.v:960'],[],"['rtl_tag', 'alias_row']"
BSL-30,['contracts/PPG_DYNAMIC_BASELINE_SLOPE_AND_UPWARD_CROSSING_INTERFACE_CONTRACT.md:925'],[],['rtl/ppg_dynamic_baseline_cross_detector/tb_ppg_dynamic_baseline_cross_detector.v:973'],[],"['rtl_tag', 'alias_row']"
BSL-31,['contracts/PPG_DYNAMIC_BASELINE_SLOPE_AND_UPWARD_CROSSING_INTERFACE_CONTRACT.md:926'],[],['rtl/ppg_dynamic_baseline_cross_detector/tb_ppg_dynamic_baseline_cross_detector.v:982'],[],"['rtl_tag', 'alias_row']"
BSL-32,['contracts/PPG_DYNAMIC_BASELINE_SLOPE_AND_UPWARD_CROSSING_INTERFACE_CONTRACT.md:927'],[],['rtl/ppg_dynamic_baseline_cross_detector/tb_ppg_dynamic_baseline_cross_detector.v:1000'],[],"['rtl_tag', 'alias_row']"
BSL-33,['contracts/PPG_DYNAMIC_BASELINE_SLOPE_AND_UPWARD_CROSSING_INTERFACE_CONTRACT.md:928'],[],['rtl/ppg_dynamic_baseline_cross_detector/tb_ppg_dynamic_baseline_cross_detector.v:1010'],[],"['rtl_tag', 'alias_row']"
BSL-34,['contracts/PPG_DYNAMIC_BASELINE_SLOPE_AND_UPWARD_CROSSING_INTERFACE_CONTRACT.md:929'],[],['rtl/ppg_dynamic_baseline_cross_detector/tb_ppg_dynamic_baseline_cross_detector.v:1020'],[],"['rtl_tag', 'alias_row']"
BSL-35,['contracts/PPG_DYNAMIC_BASELINE_SLOPE_AND_UPWARD_CROSSING_INTERFACE_CONTRACT.md:930'],[],['rtl/ppg_dynamic_baseline_cross_detector/tb_ppg_dynamic_baseline_cross_detector.v:1033'],[],"['rtl_tag', 'alias_row']"
BSL-36,['contracts/PPG_DYNAMIC_BASELINE_SLOPE_AND_UPWARD_CROSSING_INTERFACE_CONTRACT.md:931'],[],['rtl/ppg_dynamic_baseline_cross_detector/tb_ppg_dynamic_baseline_cross_detector.v:1039'],[],"['rtl_tag', 'alias_row']"
BSL-37,['contracts/PPG_DYNAMIC_BASELINE_SLOPE_AND_UPWARD_CROSSING_INTERFACE_CONTRACT.md:932'],[],['rtl/ppg_dynamic_baseline_cross_detector/tb_ppg_dynamic_baseline_cross_detector.v:1049'],[],"['rtl_tag', 'alias_row']"
BSL-38,['contracts/PPG_DYNAMIC_BASELINE_SLOPE_AND_UPWARD_CROSSING_INTERFACE_CONTRACT.md:933'],[],['rtl/ppg_dynamic_baseline_cross_detector/tb_ppg_dynamic_baseline_cross_detector.v:1065'],[],"['rtl_tag', 'alias_row']"
BSL-39,['contracts/PPG_DYNAMIC_BASELINE_SLOPE_AND_UPWARD_CROSSING_INTERFACE_CONTRACT.md:934'],[],"['rtl/ppg_dynamic_baseline_cross_detector/tb_ppg_dynamic_baseline_cross_detector.v:10', 'rtl/ppg_dynamic_baseline_cross_detector/tb_ppg_dynamic_baseline_cross_detector.v:22', 'rtl/ppg_dynamic_baseline_cross_detector/tb_ppg_dynamic_baseline_cross_detector.v:42', 'rtl/ppg_dynamic_baseline_cross_detector/tb_ppg_dynamic_baseline_cross_detector.v:1075', 'rtl/ppg_dynamic_baseline_cross_detector/tb_ppg_dynamic_baseline_cross_detector.v:1308']",[],"['rtl_tag', 'alias_row']"
BSL-40,['contracts/PPG_DYNAMIC_BASELINE_SLOPE_AND_UPWARD_CROSSING_INTERFACE_CONTRACT.md:935'],[],"['rtl/ppg_control_top/tb_ppg_control_top_baseline_cross.v:25', 'rtl/ppg_control_top/tb_ppg_control_top_baseline_cross.v:108', 'rtl/ppg_control_top/tb_ppg_control_top_baseline_cross.v:1600']",['contracts/PPG_ALIAS_MAPPING_TABLE.md:89'],['rtl_tag']
CAL-01,['contracts/PPG_ADC_S1_PROGRAMMABLE_CALIBRATOR_CONTRACT.md:370'],[],"['rtl/ppg_adc_s1_programmable_calibrator/tb_ppg_adc_s1_programmable_calibrator.v:197', 'rtl/ppg_adc_s1_programmable_calibrator/tb_ppg_adc_s1_programmable_calibrator.v:601']",[],"['rtl_tag', 'alias_row']"
CAL-02,['contracts/PPG_ADC_S1_PROGRAMMABLE_CALIBRATOR_CONTRACT.md:371'],[],"['rtl/ppg_adc_s1_programmable_calibrator/tb_ppg_adc_s1_programmable_calibrator.v:205', 'rtl/ppg_adc_s1_programmable_calibrator/tb_ppg_adc_s1_programmable_calibrator.v:234', 'rtl/ppg_adc_s1_programmable_calibrator/tb_ppg_adc_s1_programmable_calibrator.v:243']",[],"['rtl_tag', 'alias_row']"
CAL-03,['contracts/PPG_ADC_S1_PROGRAMMABLE_CALIBRATOR_CONTRACT.md:372'],[],"['rtl/ppg_adc_s1_programmable_calibrator/tb_ppg_adc_s1_programmable_calibrator.v:247', 'rtl/ppg_adc_s1_programmable_calibrator/tb_ppg_adc_s1_programmable_calibrator.v:269']",[],"['rtl_tag', 'alias_row']"
CAL-04,['contracts/PPG_ADC_S1_PROGRAMMABLE_CALIBRATOR_CONTRACT.md:373'],[],"['rtl/ppg_adc_s1_programmable_calibrator/tb_ppg_adc_s1_programmable_calibrator.v:277', 'rtl/ppg_adc_s1_programmable_calibrator/tb_ppg_adc_s1_programmable_calibrator.v:295']",[],"['rtl_tag', 'alias_row']"
CAL-05,['contracts/PPG_ADC_S1_PROGRAMMABLE_CALIBRATOR_CONTRACT.md:374'],[],"['rtl/ppg_adc_s1_programmable_calibrator/tb_ppg_adc_s1_programmable_calibrator.v:302', 'rtl/ppg_adc_s1_programmable_calibrator/tb_ppg_adc_s1_programmable_calibrator.v:313', 'rtl/ppg_adc_s1_programmable_calibrator/tb_ppg_adc_s1_programmable_calibrator.v:321', 'rtl/ppg_adc_s1_programmable_calibrator/tb_ppg_adc_s1_programmable_calibrator.v:329', 'rtl/ppg_adc_s1_programmable_calibrator/tb_ppg_adc_s1_programmable_calibrator.v:337', 'rtl/ppg_adc_s1_programmable_calibrator/tb_ppg_adc_s1_programmable_calibrator.v:345', 'rtl/ppg_adc_s1_programmable_calibrator/tb_ppg_adc_s1_programmable_calibrator.v:353']",[],"['rtl_tag', 'alias_row']"
CAL-06,['contracts/PPG_ADC_S1_PROGRAMMABLE_CALIBRATOR_CONTRACT.md:375'],[],"['rtl/ppg_adc_s1_programmable_calibrator/tb_ppg_adc_s1_programmable_calibrator.v:363', 'rtl/ppg_adc_s1_programmable_calibrator/tb_ppg_adc_s1_programmable_calibrator.v:371', 'rtl/ppg_control_top/tb_ppg_control_top_adc_numeric_scoreboard.v:24', 'rtl/ppg_control_top/tb_ppg_control_top_adc_numeric_scoreboard.v:24']",[],"['rtl_tag', 'alias_row']"
CAL-07,['contracts/PPG_ADC_S1_PROGRAMMABLE_CALIBRATOR_CONTRACT.md:376'],[],"['rtl/ppg_adc_s1_programmable_calibrator/tb_ppg_adc_s1_programmable_calibrator.v:379', 'rtl/ppg_adc_s1_programmable_calibrator/tb_ppg_adc_s1_programmable_calibrator.v:387', 'rtl/ppg_control_top/tb_ppg_control_top_adc_numeric_scoreboard.v:24', 'rtl/ppg_control_top/tb_ppg_control_top_adc_numeric_scoreboard.v:24']",[],"['rtl_tag', 'alias_row']"
CAL-08,['contracts/PPG_ADC_S1_PROGRAMMABLE_CALIBRATOR_CONTRACT.md:377'],[],"['rtl/ppg_adc_s1_programmable_calibrator/tb_ppg_adc_s1_programmable_calibrator.v:394', 'rtl/ppg_adc_s1_programmable_calibrator/tb_ppg_adc_s1_programmable_calibrator.v:403']",[],"['rtl_tag', 'alias_row']"
CAL-09,['contracts/PPG_ADC_S1_PROGRAMMABLE_CALIBRATOR_CONTRACT.md:378'],[],"['rtl/ppg_adc_s1_programmable_calibrator/tb_ppg_adc_s1_programmable_calibrator.v:408', 'rtl/ppg_adc_s1_programmable_calibrator/tb_ppg_adc_s1_programmable_calibrator.v:429']",[],"['rtl_tag', 'alias_row']"
CAL-10,['contracts/PPG_ADC_S1_PROGRAMMABLE_CALIBRATOR_CONTRACT.md:379'],[],"['rtl/ppg_adc_s1_programmable_calibrator/tb_ppg_adc_s1_programmable_calibrator.v:433', 'rtl/ppg_adc_s1_programmable_calibrator/tb_ppg_adc_s1_programmable_calibrator.v:443']",[],"['rtl_tag', 'alias_row']"
CAL-11,['contracts/PPG_ADC_S1_PROGRAMMABLE_CALIBRATOR_CONTRACT.md:380'],[],['rtl/ppg_adc_s1_programmable_calibrator/tb_ppg_adc_s1_programmable_calibrator.v:461'],[],"['rtl_tag', 'alias_row']"
CAL-12,['contracts/PPG_ADC_S1_PROGRAMMABLE_CALIBRATOR_CONTRACT.md:381'],[],"['rtl/ppg_adc_s1_programmable_calibrator/tb_ppg_adc_s1_programmable_calibrator.v:466', 'rtl/ppg_adc_s1_programmable_calibrator/tb_ppg_adc_s1_programmable_calibrator.v:481', 'rtl/ppg_adc_s1_programmable_calibrator/tb_ppg_adc_s1_programmable_calibrator.v:489']",[],"['rtl_tag', 'alias_row']"
CAL-13,['contracts/PPG_ADC_S1_PROGRAMMABLE_CALIBRATOR_CONTRACT.md:382'],[],"['rtl/ppg_adc_s1_programmable_calibrator/tb_ppg_adc_s1_programmable_calibrator.v:493', 'rtl/ppg_adc_s1_programmable_calibrator/tb_ppg_adc_s1_programmable_calibrator.v:502']",[],"['rtl_tag', 'alias_row']"
CAL-14,['contracts/PPG_ADC_S1_PROGRAMMABLE_CALIBRATOR_CONTRACT.md:383'],[],['rtl/ppg_adc_s1_programmable_calibrator/tb_ppg_adc_s1_programmable_calibrator.v:461'],[],"['rtl_tag', 'alias_row']"
CAL-15,['contracts/PPG_ADC_S1_PROGRAMMABLE_CALIBRATOR_CONTRACT.md:384'],[],"['rtl/ppg_adc_s1_programmable_calibrator/tb_ppg_adc_s1_programmable_calibrator.v:507', 'rtl/ppg_adc_s1_programmable_calibrator/tb_ppg_adc_s1_programmable_calibrator.v:517', 'rtl/ppg_adc_s1_programmable_calibrator/tb_ppg_adc_s1_programmable_calibrator.v:525', 'rtl/ppg_adc_s1_programmable_calibrator/tb_ppg_adc_s1_programmable_calibrator.v:535']",[],"['rtl_tag', 'alias_row']"
CAL-16,['contracts/PPG_ADC_S1_PROGRAMMABLE_CALIBRATOR_CONTRACT.md:385'],[],"['rtl/ppg_adc_s1_programmable_calibrator/tb_ppg_adc_s1_programmable_calibrator.v:539', 'rtl/ppg_adc_s1_programmable_calibrator/tb_ppg_adc_s1_programmable_calibrator.v:570']",[],"['rtl_tag', 'alias_row']"
CAL-17,['contracts/PPG_ADC_S1_PROGRAMMABLE_CALIBRATOR_CONTRACT.md:386'],[],"['rtl/ppg_adc_s1_programmable_calibrator/tb_ppg_adc_s1_programmable_calibrator.v:574', 'rtl/ppg_adc_s1_programmable_calibrator/tb_ppg_adc_s1_programmable_calibrator.v:583', 'rtl/ppg_adc_s1_programmable_calibrator/tb_ppg_adc_s1_programmable_calibrator.v:592', 'rtl/ppg_adc_s1_programmable_calibrator/tb_ppg_adc_s1_programmable_calibrator.v:601']",[],"['rtl_tag', 'alias_row']"
CCC-01,['contracts/PPG_CHARACTERIZATION_CONTROL_CDC_INTERFACE_CONTRACT.md:338'],[],"['rtl/ppg_characterization_control_cdc/tb_ppg_characterization_control_cdc.v:10', 'rtl/ppg_characterization_control_cdc/tb_ppg_characterization_control_cdc.v:262', 'rtl/ppg_characterization_control_cdc/tb_ppg_characterization_control_cdc.v:482']",[],"['rtl_tag', 'alias_row']"
CCC-02,['contracts/PPG_CHARACTERIZATION_CONTROL_CDC_INTERFACE_CONTRACT.md:339'],[],['rtl/ppg_characterization_control_cdc/tb_ppg_characterization_control_cdc.v:271'],[],"['rtl_tag', 'alias_row']"
CCC-03,['contracts/PPG_CHARACTERIZATION_CONTROL_CDC_INTERFACE_CONTRACT.md:340'],[],[],[],"['rtl_tag', 'tb_tag_or_text', 'alias_row']"
CCC-04,['contracts/PPG_CHARACTERIZATION_CONTROL_CDC_INTERFACE_CONTRACT.md:341'],[],[],[],"['rtl_tag', 'tb_tag_or_text', 'alias_row']"
CCC-05,['contracts/PPG_CHARACTERIZATION_CONTROL_CDC_INTERFACE_CONTRACT.md:342'],[],[],[],"['rtl_tag', 'tb_tag_or_text', 'alias_row']"
CCC-06,['contracts/PPG_CHARACTERIZATION_CONTROL_CDC_INTERFACE_CONTRACT.md:343'],[],[],[],"['rtl_tag', 'tb_tag_or_text', 'alias_row']"
CCC-07,['contracts/PPG_CHARACTERIZATION_CONTROL_CDC_INTERFACE_CONTRACT.md:344'],[],[],[],"['rtl_tag', 'tb_tag_or_text', 'alias_row']"
CCC-08,['contracts/PPG_CHARACTERIZATION_CONTROL_CDC_INTERFACE_CONTRACT.md:345'],[],[],[],"['rtl_tag', 'tb_tag_or_text', 'alias_row']"
CCC-09,['contracts/PPG_CHARACTERIZATION_CONTROL_CDC_INTERFACE_CONTRACT.md:346'],[],['rtl/ppg_characterization_control_cdc/tb_ppg_characterization_control_cdc.v:309'],[],"['rtl_tag', 'alias_row']"
CCC-10,['contracts/PPG_CHARACTERIZATION_CONTROL_CDC_INTERFACE_CONTRACT.md:347'],[],['rtl/ppg_characterization_control_cdc/tb_ppg_characterization_control_cdc.v:319'],[],"['rtl_tag', 'alias_row']"
CCC-11,['contracts/PPG_CHARACTERIZATION_CONTROL_CDC_INTERFACE_CONTRACT.md:348'],[],['rtl/ppg_characterization_control_cdc/tb_ppg_characterization_control_cdc.v:330'],[],"['rtl_tag', 'alias_row']"
CCC-12,['contracts/PPG_CHARACTERIZATION_CONTROL_CDC_INTERFACE_CONTRACT.md:349'],[],['rtl/ppg_characterization_control_cdc/tb_ppg_characterization_control_cdc.v:340'],[],"['rtl_tag', 'alias_row']"
CCC-13,['contracts/PPG_CHARACTERIZATION_CONTROL_CDC_INTERFACE_CONTRACT.md:350'],[],['rtl/ppg_characterization_control_cdc/tb_ppg_characterization_control_cdc.v:351'],[],"['rtl_tag', 'alias_row']"
CCC-14,['contracts/PPG_CHARACTERIZATION_CONTROL_CDC_INTERFACE_CONTRACT.md:351'],[],[],[],"['rtl_tag', 'tb_tag_or_text', 'alias_row']"
CCC-15,['contracts/PPG_CHARACTERIZATION_CONTROL_CDC_INTERFACE_CONTRACT.md:352'],[],['rtl/ppg_characterization_control_cdc/tb_ppg_characterization_control_cdc.v:371'],[],"['rtl_tag', 'alias_row']"
CCC-16,['contracts/PPG_CHARACTERIZATION_CONTROL_CDC_INTERFACE_CONTRACT.md:353'],[],[],[],"['rtl_tag', 'tb_tag_or_text', 'alias_row']"
CCC-17,['contracts/PPG_CHARACTERIZATION_CONTROL_CDC_INTERFACE_CONTRACT.md:354'],[],['rtl/ppg_characterization_control_cdc/tb_ppg_characterization_control_cdc.v:383'],[],"['rtl_tag', 'alias_row']"
CCC-18,['contracts/PPG_CHARACTERIZATION_CONTROL_CDC_INTERFACE_CONTRACT.md:355'],[],['rtl/ppg_characterization_control_cdc/tb_ppg_characterization_control_cdc.v:390'],[],"['rtl_tag', 'alias_row']"
CCC-19,['contracts/PPG_CHARACTERIZATION_CONTROL_CDC_INTERFACE_CONTRACT.md:356'],[],['rtl/ppg_characterization_control_cdc/tb_ppg_characterization_control_cdc.v:399'],[],"['rtl_tag', 'alias_row']"
CCC-20,['contracts/PPG_CHARACTERIZATION_CONTROL_CDC_INTERFACE_CONTRACT.md:357'],[],['rtl/ppg_characterization_control_cdc/tb_ppg_characterization_control_cdc.v:406'],[],"['rtl_tag', 'alias_row']"
CCC-21,['contracts/PPG_CHARACTERIZATION_CONTROL_CDC_INTERFACE_CONTRACT.md:358'],[],['rtl/ppg_characterization_control_cdc/tb_ppg_characterization_control_cdc.v:416'],[],"['rtl_tag', 'alias_row']"
CCC-22,['contracts/PPG_CHARACTERIZATION_CONTROL_CDC_INTERFACE_CONTRACT.md:359'],[],['rtl/ppg_characterization_control_cdc/tb_ppg_characterization_control_cdc.v:428'],[],"['rtl_tag', 'alias_row']"
CCC-23,['contracts/PPG_CHARACTERIZATION_CONTROL_CDC_INTERFACE_CONTRACT.md:360'],[],['rtl/ppg_characterization_control_cdc/tb_ppg_characterization_control_cdc.v:445'],[],"['rtl_tag', 'alias_row']"
CCC-24,['contracts/PPG_CHARACTERIZATION_CONTROL_CDC_INTERFACE_CONTRACT.md:361'],[],['rtl/ppg_characterization_control_cdc/tb_ppg_characterization_control_cdc.v:461'],[],"['rtl_tag', 'alias_row']"
CCC-25,['contracts/PPG_CHARACTERIZATION_CONTROL_CDC_INTERFACE_CONTRACT.md:362'],[],['rtl/ppg_characterization_control_cdc/tb_ppg_characterization_control_cdc.v:470'],[],"['rtl_tag', 'alias_row']"
CCC-26,['contracts/PPG_CHARACTERIZATION_CONTROL_CDC_INTERFACE_CONTRACT.md:363'],[],"['rtl/ppg_characterization_control_cdc/tb_ppg_characterization_control_cdc.v:10', 'rtl/ppg_characterization_control_cdc/tb_ppg_characterization_control_cdc.v:478', 'rtl/ppg_characterization_control_cdc/tb_ppg_characterization_control_cdc.v:482']",[],"['rtl_tag', 'alias_row']"
CF4-01,['contracts/PPG_NORMAL_FORK_IDAC_TRACKING_AMB_RECHECK_INTERFACE_CONTRACT.md:670'],[],[],[],"['rtl_tag', 'tb_tag_or_text', 'alias_row']"
CF4-02,['contracts/PPG_NORMAL_FORK_IDAC_TRACKING_AMB_RECHECK_INTERFACE_CONTRACT.md:671'],[],[],[],"['rtl_tag', 'tb_tag_or_text', 'alias_row']"
CF4-03,['contracts/PPG_NORMAL_FORK_IDAC_TRACKING_AMB_RECHECK_INTERFACE_CONTRACT.md:672'],[],[],[],"['rtl_tag', 'tb_tag_or_text', 'alias_row']"
CF4-04,['contracts/PPG_NORMAL_FORK_IDAC_TRACKING_AMB_RECHECK_INTERFACE_CONTRACT.md:673'],[],[],[],"['rtl_tag', 'tb_tag_or_text', 'alias_row']"
CF4-05,['contracts/PPG_NORMAL_FORK_IDAC_TRACKING_AMB_RECHECK_INTERFACE_CONTRACT.md:674'],[],[],[],"['rtl_tag', 'tb_tag_or_text', 'alias_row']"
CIS-01,['contracts/PPG_CHARACTERIZATION_INPUT_SOURCE_AND_STATIC_BIAS_CONTROL_CONTRACT.md:406'],[],[],[],"['rtl_tag', 'tb_tag_or_text', 'alias_row']"
CIS-02,['contracts/PPG_CHARACTERIZATION_INPUT_SOURCE_AND_STATIC_BIAS_CONTROL_CONTRACT.md:407'],[],[],[],"['rtl_tag', 'tb_tag_or_text', 'alias_row']"
CIS-03,['contracts/PPG_CHARACTERIZATION_INPUT_SOURCE_AND_STATIC_BIAS_CONTROL_CONTRACT.md:408'],[],[],[],"['rtl_tag', 'tb_tag_or_text', 'alias_row']"
CIS-04,['contracts/PPG_CHARACTERIZATION_INPUT_SOURCE_AND_STATIC_BIAS_CONTROL_CONTRACT.md:409'],[],[],[],"['rtl_tag', 'tb_tag_or_text', 'alias_row']"
CIS-05,['contracts/PPG_CHARACTERIZATION_INPUT_SOURCE_AND_STATIC_BIAS_CONTROL_CONTRACT.md:410'],[],[],[],"['rtl_tag', 'tb_tag_or_text', 'alias_row']"
CIS-06,['contracts/PPG_CHARACTERIZATION_INPUT_SOURCE_AND_STATIC_BIAS_CONTROL_CONTRACT.md:411'],[],[],[],"['rtl_tag', 'tb_tag_or_text', 'alias_row']"
CIS-07,['contracts/PPG_CHARACTERIZATION_INPUT_SOURCE_AND_STATIC_BIAS_CONTROL_CONTRACT.md:412'],[],[],[],"['rtl_tag', 'tb_tag_or_text', 'alias_row']"
CIS-08,['contracts/PPG_CHARACTERIZATION_INPUT_SOURCE_AND_STATIC_BIAS_CONTROL_CONTRACT.md:413'],[],[],[],"['rtl_tag', 'tb_tag_or_text', 'alias_row']"
CIS-09,['contracts/PPG_CHARACTERIZATION_INPUT_SOURCE_AND_STATIC_BIAS_CONTROL_CONTRACT.md:414'],[],[],[],"['rtl_tag', 'tb_tag_or_text', 'alias_row']"
CIS-10,['contracts/PPG_CHARACTERIZATION_INPUT_SOURCE_AND_STATIC_BIAS_CONTROL_CONTRACT.md:415'],[],[],[],"['rtl_tag', 'tb_tag_or_text', 'alias_row']"
CIS-11,['contracts/PPG_CHARACTERIZATION_INPUT_SOURCE_AND_STATIC_BIAS_CONTROL_CONTRACT.md:416'],[],[],[],"['rtl_tag', 'tb_tag_or_text', 'alias_row']"
CIS-12,['contracts/PPG_CHARACTERIZATION_INPUT_SOURCE_AND_STATIC_BIAS_CONTROL_CONTRACT.md:417'],[],[],[],"['rtl_tag', 'tb_tag_or_text', 'alias_row']"
CIS-13,['contracts/PPG_CHARACTERIZATION_INPUT_SOURCE_AND_STATIC_BIAS_CONTROL_CONTRACT.md:418'],[],[],[],"['rtl_tag', 'tb_tag_or_text', 'alias_row']"
CIS-14,['contracts/PPG_CHARACTERIZATION_INPUT_SOURCE_AND_STATIC_BIAS_CONTROL_CONTRACT.md:419'],[],[],[],"['rtl_tag', 'tb_tag_or_text', 'alias_row']"
CIS-15,['contracts/PPG_CHARACTERIZATION_INPUT_SOURCE_AND_STATIC_BIAS_CONTROL_CONTRACT.md:420'],[],[],[],"['rtl_tag', 'tb_tag_or_text', 'alias_row']"
CIS-16,['contracts/PPG_CHARACTERIZATION_INPUT_SOURCE_AND_STATIC_BIAS_CONTROL_CONTRACT.md:421'],[],[],[],"['rtl_tag', 'tb_tag_or_text', 'alias_row']"
CIS-17,['contracts/PPG_CHARACTERIZATION_INPUT_SOURCE_AND_STATIC_BIAS_CONTROL_CONTRACT.md:422'],[],[],[],"['rtl_tag', 'tb_tag_or_text', 'alias_row']"
CIS-18,['contracts/PPG_CHARACTERIZATION_INPUT_SOURCE_AND_STATIC_BIAS_CONTROL_CONTRACT.md:423'],[],[],[],"['rtl_tag', 'tb_tag_or_text', 'alias_row']"
CIS-19,['contracts/PPG_CHARACTERIZATION_INPUT_SOURCE_AND_STATIC_BIAS_CONTROL_CONTRACT.md:424'],[],[],[],"['rtl_tag', 'tb_tag_or_text', 'alias_row']"
CIS-20,['contracts/PPG_CHARACTERIZATION_INPUT_SOURCE_AND_STATIC_BIAS_CONTROL_CONTRACT.md:425'],[],[],[],"['rtl_tag', 'tb_tag_or_text', 'alias_row']"
CIS-21,['contracts/PPG_CHARACTERIZATION_INPUT_SOURCE_AND_STATIC_BIAS_CONTROL_CONTRACT.md:426'],[],[],[],"['rtl_tag', 'tb_tag_or_text', 'alias_row']"
CIS-22,['contracts/PPG_CHARACTERIZATION_INPUT_SOURCE_AND_STATIC_BIAS_CONTROL_CONTRACT.md:427'],[],[],[],"['rtl_tag', 'tb_tag_or_text', 'alias_row']"
CIS-23,['contracts/PPG_CHARACTERIZATION_INPUT_SOURCE_AND_STATIC_BIAS_CONTROL_CONTRACT.md:428'],[],[],[],"['rtl_tag', 'tb_tag_or_text', 'alias_row']"
CIS-24,['contracts/PPG_CHARACTERIZATION_INPUT_SOURCE_AND_STATIC_BIAS_CONTROL_CONTRACT.md:429'],[],[],[],"['rtl_tag', 'tb_tag_or_text', 'alias_row']"
CIS-25,['contracts/PPG_CHARACTERIZATION_INPUT_SOURCE_AND_STATIC_BIAS_CONTROL_CONTRACT.md:430'],[],[],[],"['rtl_tag', 'tb_tag_or_text', 'alias_row']"
CIS-26,['contracts/PPG_CHARACTERIZATION_INPUT_SOURCE_AND_STATIC_BIAS_CONTROL_CONTRACT.md:431'],[],[],[],"['rtl_tag', 'tb_tag_or_text', 'alias_row']"
CIS-27,['contracts/PPG_CHARACTERIZATION_INPUT_SOURCE_AND_STATIC_BIAS_CONTROL_CONTRACT.md:432'],[],[],[],"['rtl_tag', 'tb_tag_or_text', 'alias_row']"
CIS-28,['contracts/PPG_CHARACTERIZATION_INPUT_SOURCE_AND_STATIC_BIAS_CONTROL_CONTRACT.md:433'],[],[],[],"['rtl_tag', 'tb_tag_or_text', 'alias_row']"
CIS-29,['contracts/PPG_CHARACTERIZATION_INPUT_SOURCE_AND_STATIC_BIAS_CONTROL_CONTRACT.md:434'],[],[],[],"['rtl_tag', 'tb_tag_or_text', 'alias_row']"
CIS-30,['contracts/PPG_CHARACTERIZATION_INPUT_SOURCE_AND_STATIC_BIAS_CONTROL_CONTRACT.md:435'],[],[],[],"['rtl_tag', 'tb_tag_or_text', 'alias_row']"
D01,[],[],"['rtl/ppg_control_top/tb_ppg_control_top_baseline_cross.v:25', 'rtl/ppg_control_top/tb_ppg_control_top_baseline_cross.v:25', 'rtl/ppg_control_top/tb_ppg_control_top_baseline_cross.v:108', 'rtl/ppg_control_top/tb_ppg_control_top_baseline_cross.v:108', 'rtl/ppg_control_top/tb_ppg_control_top_baseline_cross.v:931', 'rtl/ppg_control_top/tb_ppg_control_top_baseline_cross.v:935', 'rtl/ppg_control_top/tb_ppg_control_top_baseline_cross.v:939', 'rtl/ppg_control_top/tb_ppg_control_top_baseline_cross.v:943', 'rtl/ppg_control_top/tb_ppg_control_top_baseline_cross.v:992', 'rtl/ppg_control_top/tb_ppg_control_top_baseline_cross.v:1004', 'rtl/ppg_control_top/tb_ppg_control_top_baseline_cross.v:1671', 'rtl/ppg_control_top/tb_ppg_control_top_baseline_cross.v:1686', 'rtl/ppg_control_top/tb_ppg_control_top_baseline_cross.v:1696', 'rtl/ppg_control_top/tb_ppg_control_top_baseline_cross.v:1702', 'rtl/ppg_control_top/tb_ppg_control_top_baseline_cross.v:1708', 'rtl/ppg_control_top/tb_ppg_control_top_baseline_cross.v:1713', 'rtl/ppg_control_top/tb_ppg_control_top_baseline_cross.v:1716', 'rtl/ppg_control_top/tb_ppg_control_top_baseline_cross.v:1743', 'rtl/ppg_control_top/tb_ppg_control_top_baseline_cross.v:1746', 'rtl/ppg_control_top/tb_ppg_control_top_baseline_cross.v:1746', 'rtl/ppg_control_top/tb_ppg_control_top_baseline_cross.v:1750', 'rtl/ppg_control_top/tb_ppg_control_top_baseline_cross.v:1753', 'rtl/ppg_control_top/tb_ppg_control_top_baseline_cross.v:1770', 'rtl/ppg_control_top/tb_ppg_control_top_baseline_cross.v:1780', 'rtl/ppg_control_top/tb_ppg_control_top_baseline_cross.v:1793', 'rtl/ppg_control_top/tb_ppg_control_top_baseline_cross.v:1796']",['contracts/PPG_ALIAS_MAPPING_TABLE.md:90'],"['contract_table', 'rtl_tag']"
D03,[],[],[],['contracts/PPG_ALIAS_MAPPING_TABLE.md:96'],"['contract_table', 'rtl_tag', 'tb_tag_or_text']"
DCR-01,['contracts/PPG_ADC_DC_RECOVERY_INTERFACE_CONTRACT.md:568'],[],"['rtl/ppg_adc_dc_recovery/tb_ppg_adc_dc_recovery.v:242', 'rtl/ppg_adc_dc_recovery/tb_ppg_adc_dc_recovery.v:434', 'rtl/ppg_adc_dc_recovery/tb_ppg_adc_dc_recovery.v:437']",[],"['rtl_tag', 'alias_row']"
DCR-02,['contracts/PPG_ADC_DC_RECOVERY_INTERFACE_CONTRACT.md:569'],[],[],[],"['rtl_tag', 'tb_tag_or_text', 'alias_row']"
DCR-03,['contracts/PPG_ADC_DC_RECOVERY_INTERFACE_CONTRACT.md:570'],[],[],[],"['rtl_tag', 'tb_tag_or_text', 'alias_row']"
DCR-04,['contracts/PPG_ADC_DC_RECOVERY_INTERFACE_CONTRACT.md:571'],[],[],[],"['rtl_tag', 'tb_tag_or_text', 'alias_row']"
DCR-05,['contracts/PPG_ADC_DC_RECOVERY_INTERFACE_CONTRACT.md:572'],[],[],[],"['rtl_tag', 'tb_tag_or_text', 'alias_row']"
DCR-06,['contracts/PPG_ADC_DC_RECOVERY_INTERFACE_CONTRACT.md:573'],[],[],[],"['rtl_tag', 'tb_tag_or_text', 'alias_row']"
DCR-07,['contracts/PPG_ADC_DC_RECOVERY_INTERFACE_CONTRACT.md:574'],[],[],[],"['rtl_tag', 'tb_tag_or_text', 'alias_row']"
DCR-08,['contracts/PPG_ADC_DC_RECOVERY_INTERFACE_CONTRACT.md:575'],[],[],[],"['rtl_tag', 'tb_tag_or_text', 'alias_row']"
DCR-09,['contracts/PPG_ADC_DC_RECOVERY_INTERFACE_CONTRACT.md:576'],[],['rtl/ppg_adc_dc_recovery/tb_ppg_adc_dc_recovery.v:285'],[],"['rtl_tag', 'alias_row']"
DCR-10,['contracts/PPG_ADC_DC_RECOVERY_INTERFACE_CONTRACT.md:577'],[],[],[],"['rtl_tag', 'tb_tag_or_text', 'alias_row']"
DCR-11,['contracts/PPG_ADC_DC_RECOVERY_INTERFACE_CONTRACT.md:578'],[],[],[],"['rtl_tag', 'tb_tag_or_text', 'alias_row']"
DCR-12,['contracts/PPG_ADC_DC_RECOVERY_INTERFACE_CONTRACT.md:579'],[],['rtl/ppg_adc_dc_recovery/tb_ppg_adc_dc_recovery.v:264'],[],"['rtl_tag', 'alias_row']"
DCR-13,['contracts/PPG_ADC_DC_RECOVERY_INTERFACE_CONTRACT.md:580'],[],[],[],"['rtl_tag', 'tb_tag_or_text', 'alias_row']"
DCR-14,['contracts/PPG_ADC_DC_RECOVERY_INTERFACE_CONTRACT.md:581'],[],[],[],"['rtl_tag', 'tb_tag_or_text', 'alias_row']"
DCR-15,['contracts/PPG_ADC_DC_RECOVERY_INTERFACE_CONTRACT.md:582'],[],"['rtl/ppg_adc_dc_recovery/tb_ppg_adc_dc_recovery.v:308', 'rtl/ppg_adc_dc_recovery/tb_ppg_adc_dc_recovery.v:326']",[],"['rtl_tag', 'alias_row']"
DCR-16,['contracts/PPG_ADC_DC_RECOVERY_INTERFACE_CONTRACT.md:583'],[],"['rtl/ppg_adc_dc_recovery/tb_ppg_adc_dc_recovery.v:334', 'rtl/ppg_adc_dc_recovery/tb_ppg_adc_dc_recovery.v:363']",[],"['rtl_tag', 'alias_row']"
DCR-17,['contracts/PPG_ADC_DC_RECOVERY_INTERFACE_CONTRACT.md:584'],[],[],[],"['rtl_tag', 'tb_tag_or_text', 'alias_row']"
DCR-18,['contracts/PPG_ADC_DC_RECOVERY_INTERFACE_CONTRACT.md:585'],[],[],[],"['rtl_tag', 'tb_tag_or_text', 'alias_row']"
DCR-19,['contracts/PPG_ADC_DC_RECOVERY_INTERFACE_CONTRACT.md:586'],[],['rtl/ppg_adc_dc_recovery/tb_ppg_adc_dc_recovery.v:397'],[],"['rtl_tag', 'alias_row']"
DCR-20,['contracts/PPG_ADC_DC_RECOVERY_INTERFACE_CONTRACT.md:587'],[],[],[],"['rtl_tag', 'tb_tag_or_text', 'alias_row']"
DCR-21,['contracts/PPG_ADC_DC_RECOVERY_INTERFACE_CONTRACT.md:588'],[],['rtl/ppg_adc_dc_recovery/tb_ppg_adc_dc_recovery.v:412'],[],"['rtl_tag', 'alias_row']"
DCR-22,['contracts/PPG_ADC_DC_RECOVERY_INTERFACE_CONTRACT.md:589'],[],"['rtl/ppg_adc_dc_recovery/tb_ppg_adc_dc_recovery.v:422', 'rtl/ppg_adc_dc_recovery/tb_ppg_adc_dc_recovery.v:424', 'rtl/ppg_adc_dc_recovery/tb_ppg_adc_dc_recovery.v:437']",[],"['rtl_tag', 'alias_row']"
FFK-01,['contracts/PPG_NORMAL_FORK_IDAC_TRACKING_AMB_RECHECK_INTERFACE_CONTRACT.md:617'],[],"['rtl/ppg_normal_transaction_fork/tb_ppg_normal_transaction_fork.v:22', 'rtl/ppg_normal_transaction_fork/tb_ppg_normal_transaction_fork.v:331', 'rtl/ppg_normal_transaction_fork/tb_ppg_normal_transaction_fork.v:332', 'rtl/ppg_normal_transaction_fork/tb_ppg_normal_transaction_fork.v:501']",[],"['rtl_tag', 'alias_row']"
FFK-02,['contracts/PPG_NORMAL_FORK_IDAC_TRACKING_AMB_RECHECK_INTERFACE_CONTRACT.md:618'],[],"['rtl/ppg_normal_transaction_fork/tb_ppg_normal_transaction_fork.v:22', 'rtl/ppg_normal_transaction_fork/tb_ppg_normal_transaction_fork.v:22', 'rtl/ppg_normal_transaction_fork/tb_ppg_normal_transaction_fork.v:336', 'rtl/ppg_normal_transaction_fork/tb_ppg_normal_transaction_fork.v:337', 'rtl/ppg_normal_transaction_fork/tb_ppg_normal_transaction_fork.v:338', 'rtl/ppg_normal_transaction_fork/tb_ppg_normal_transaction_fork.v:340']",[],"['rtl_tag', 'alias_row']"
FFK-03,['contracts/PPG_NORMAL_FORK_IDAC_TRACKING_AMB_RECHECK_INTERFACE_CONTRACT.md:619'],[],"['rtl/ppg_normal_transaction_fork/tb_ppg_normal_transaction_fork.v:22', 'rtl/ppg_normal_transaction_fork/tb_ppg_normal_transaction_fork.v:42', 'rtl/ppg_normal_transaction_fork/tb_ppg_normal_transaction_fork.v:349', 'rtl/ppg_normal_transaction_fork/tb_ppg_normal_transaction_fork.v:350', 'rtl/ppg_normal_transaction_fork/tb_ppg_normal_transaction_fork.v:352', 'rtl/ppg_normal_transaction_fork/tb_ppg_normal_transaction_fork.v:360']",[],"['rtl_tag', 'alias_row']"
FFK-04,['contracts/PPG_NORMAL_FORK_IDAC_TRACKING_AMB_RECHECK_INTERFACE_CONTRACT.md:620'],[],"['rtl/ppg_normal_transaction_fork/tb_ppg_normal_transaction_fork.v:371', 'rtl/ppg_normal_transaction_fork/tb_ppg_normal_transaction_fork.v:372', 'rtl/ppg_normal_transaction_fork/tb_ppg_normal_transaction_fork.v:374']",[],"['rtl_tag', 'alias_row']"
FFK-05,['contracts/PPG_NORMAL_FORK_IDAC_TRACKING_AMB_RECHECK_INTERFACE_CONTRACT.md:621'],[],"['rtl/ppg_normal_transaction_fork/tb_ppg_normal_transaction_fork.v:390', 'rtl/ppg_normal_transaction_fork/tb_ppg_normal_transaction_fork.v:394', 'rtl/ppg_normal_transaction_fork/tb_ppg_normal_transaction_fork.v:395', 'rtl/ppg_normal_transaction_fork/tb_ppg_normal_transaction_fork.v:396', 'rtl/ppg_normal_transaction_fork/tb_ppg_normal_transaction_fork.v:398', 'rtl/ppg_normal_transaction_fork/tb_ppg_normal_transaction_fork.v:407']",[],"['rtl_tag', 'alias_row']"
FFK-06,['contracts/PPG_NORMAL_FORK_IDAC_TRACKING_AMB_RECHECK_INTERFACE_CONTRACT.md:622'],[],"['rtl/ppg_normal_transaction_fork/tb_ppg_normal_transaction_fork.v:22', 'rtl/ppg_normal_transaction_fork/tb_ppg_normal_transaction_fork.v:424', 'rtl/ppg_normal_transaction_fork/tb_ppg_normal_transaction_fork.v:426', 'rtl/ppg_normal_transaction_fork/tb_ppg_normal_transaction_fork.v:448', 'rtl/ppg_normal_transaction_fork/tb_ppg_normal_transaction_fork.v:450']",[],"['rtl_tag', 'alias_row']"
FFK-07,['contracts/PPG_NORMAL_FORK_IDAC_TRACKING_AMB_RECHECK_INTERFACE_CONTRACT.md:623'],[],['rtl/ppg_normal_transaction_fork/tb_ppg_normal_transaction_fork.v:409'],[],"['rtl_tag', 'alias_row']"
FFK-08,['contracts/PPG_NORMAL_FORK_IDAC_TRACKING_AMB_RECHECK_INTERFACE_CONTRACT.md:624'],[],"['rtl/ppg_normal_transaction_fork/tb_ppg_normal_transaction_fork.v:468', 'rtl/ppg_normal_transaction_fork/tb_ppg_normal_transaction_fork.v:469', 'rtl/ppg_normal_transaction_fork/tb_ppg_normal_transaction_fork.v:471', 'rtl/ppg_normal_transaction_fork/tb_ppg_normal_transaction_fork.v:479']",[],"['rtl_tag', 'alias_row']"
FFK-09,['contracts/PPG_NORMAL_FORK_IDAC_TRACKING_AMB_RECHECK_INTERFACE_CONTRACT.md:625'],[],"['rtl/ppg_normal_transaction_fork/tb_ppg_normal_transaction_fork.v:484', 'rtl/ppg_normal_transaction_fork/tb_ppg_normal_transaction_fork.v:489', 'rtl/ppg_normal_transaction_fork/tb_ppg_normal_transaction_fork.v:490', 'rtl/ppg_normal_transaction_fork/tb_ppg_normal_transaction_fork.v:493', 'rtl/ppg_normal_transaction_fork/tb_ppg_normal_transaction_fork.v:498', 'rtl/ppg_normal_transaction_fork/tb_ppg_normal_transaction_fork.v:501']",[],"['rtl_tag', 'alias_row']"
FIR-01,['contracts/PPG_COARSE_DETECTION_FIR_INTERFACE_CONTRACT.md:607'],['rtl/ppg_coarse_detection_fir/ppg_coarse_detection_fir.v:451'],"['rtl/ppg_coarse_detection_fir/tb_ppg_coarse_detection_fir.v:24', 'rtl/ppg_coarse_detection_fir/tb_ppg_coarse_detection_fir.v:728', 'rtl/ppg_coarse_detection_fir/tb_ppg_coarse_detection_fir.v:729', 'rtl/ppg_coarse_detection_fir/tb_ppg_coarse_detection_fir.v:730', 'rtl/ppg_coarse_detection_fir/tb_ppg_coarse_detection_fir.v:735', 'rtl/ppg_coarse_detection_fir/tb_ppg_coarse_detection_fir.v:737']",['contracts/PPG_ALIAS_MAPPING_TABLE.md:416'],[]
FIR-02,['contracts/PPG_COARSE_DETECTION_FIR_INTERFACE_CONTRACT.md:608'],['rtl/ppg_coarse_detection_fir/ppg_coarse_detection_fir.v:311'],['rtl/ppg_coarse_detection_fir/tb_ppg_coarse_detection_fir.v:740'],['contracts/PPG_ALIAS_MAPPING_TABLE.md:417'],[]
FIR-03,['contracts/PPG_COARSE_DETECTION_FIR_INTERFACE_CONTRACT.md:609'],['rtl/ppg_coarse_detection_fir/ppg_coarse_detection_fir.v:311'],['rtl/ppg_coarse_detection_fir/tb_ppg_coarse_detection_fir.v:743'],['contracts/PPG_ALIAS_MAPPING_TABLE.md:418'],[]
FIR-04,['contracts/PPG_COARSE_DETECTION_FIR_INTERFACE_CONTRACT.md:610'],['rtl/ppg_coarse_detection_fir/ppg_coarse_detection_fir.v:389'],['rtl/ppg_coarse_detection_fir/tb_ppg_coarse_detection_fir.v:744'],['contracts/PPG_ALIAS_MAPPING_TABLE.md:419'],[]
FIR-05,['contracts/PPG_COARSE_DETECTION_FIR_INTERFACE_CONTRACT.md:611'],['rtl/ppg_coarse_detection_fir/ppg_coarse_detection_fir.v:619'],['rtl/ppg_coarse_detection_fir/tb_ppg_coarse_detection_fir.v:756'],['contracts/PPG_ALIAS_MAPPING_TABLE.md:420'],[]
FIR-06,['contracts/PPG_COARSE_DETECTION_FIR_INTERFACE_CONTRACT.md:612'],['rtl/ppg_coarse_detection_fir/ppg_coarse_detection_fir.v:388'],"['rtl/ppg_coarse_detection_fir/tb_ppg_coarse_detection_fir.v:765', 'rtl/ppg_coarse_detection_fir/tb_ppg_coarse_detection_fir.v:772']",['contracts/PPG_ALIAS_MAPPING_TABLE.md:421'],[]
FIR-07,['contracts/PPG_COARSE_DETECTION_FIR_INTERFACE_CONTRACT.md:613'],['rtl/ppg_coarse_detection_fir/ppg_coarse_detection_fir.v:386'],"['rtl/ppg_coarse_detection_fir/tb_ppg_coarse_detection_fir.v:778', 'rtl/ppg_coarse_detection_fir/tb_ppg_coarse_detection_fir.v:783']",['contracts/PPG_ALIAS_MAPPING_TABLE.md:422'],[]
FIR-08,['contracts/PPG_COARSE_DETECTION_FIR_INTERFACE_CONTRACT.md:614'],['rtl/ppg_coarse_detection_fir/ppg_coarse_detection_fir.v:329'],['rtl/ppg_coarse_detection_fir/tb_ppg_coarse_detection_fir.v:798'],['contracts/PPG_ALIAS_MAPPING_TABLE.md:423'],[]
FIR-09,['contracts/PPG_COARSE_DETECTION_FIR_INTERFACE_CONTRACT.md:615'],['rtl/ppg_coarse_detection_fir/ppg_coarse_detection_fir.v:737'],['rtl/ppg_coarse_detection_fir/tb_ppg_coarse_detection_fir.v:800'],['contracts/PPG_ALIAS_MAPPING_TABLE.md:424'],[]
FIR-10,['contracts/PPG_COARSE_DETECTION_FIR_INTERFACE_CONTRACT.md:616'],['rtl/ppg_coarse_detection_fir/ppg_coarse_detection_fir.v:359'],['rtl/ppg_coarse_detection_fir/tb_ppg_coarse_detection_fir.v:801'],['contracts/PPG_ALIAS_MAPPING_TABLE.md:425'],[]
FIR-11,['contracts/PPG_COARSE_DETECTION_FIR_INTERFACE_CONTRACT.md:617'],['rtl/ppg_coarse_detection_fir/ppg_coarse_detection_fir.v:325'],['rtl/ppg_coarse_detection_fir/tb_ppg_coarse_detection_fir.v:806'],['contracts/PPG_ALIAS_MAPPING_TABLE.md:426'],[]
FIR-12,['contracts/PPG_COARSE_DETECTION_FIR_INTERFACE_CONTRACT.md:618'],['rtl/ppg_coarse_detection_fir/ppg_coarse_detection_fir.v:325'],"['rtl/ppg_coarse_detection_fir/tb_ppg_coarse_detection_fir.v:24', 'rtl/ppg_coarse_detection_fir/tb_ppg_coarse_detection_fir.v:810']",['contracts/PPG_ALIAS_MAPPING_TABLE.md:427'],[]
FIR-13,['contracts/PPG_COARSE_DETECTION_FIR_INTERFACE_CONTRACT.md:619'],['rtl/ppg_coarse_detection_fir/ppg_coarse_detection_fir.v:324'],['rtl/ppg_coarse_detection_fir/tb_ppg_coarse_detection_fir.v:815'],['contracts/PPG_ALIAS_MAPPING_TABLE.md:428'],[]
FIR-14,['contracts/PPG_COARSE_DETECTION_FIR_INTERFACE_CONTRACT.md:620'],['rtl/ppg_coarse_detection_fir/ppg_coarse_detection_fir.v:406'],['rtl/ppg_coarse_detection_fir/tb_ppg_coarse_detection_fir.v:820'],['contracts/PPG_ALIAS_MAPPING_TABLE.md:429'],[]
FIR-15,['contracts/PPG_COARSE_DETECTION_FIR_INTERFACE_CONTRACT.md:621'],['rtl/ppg_coarse_detection_fir/ppg_coarse_detection_fir.v:696'],"['rtl/ppg_coarse_detection_fir/tb_ppg_coarse_detection_fir.v:824', 'rtl/ppg_coarse_detection_fir/tb_ppg_coarse_detection_fir.v:827']",['contracts/PPG_ALIAS_MAPPING_TABLE.md:430'],[]
FIR-16,['contracts/PPG_COARSE_DETECTION_FIR_INTERFACE_CONTRACT.md:622'],['rtl/ppg_coarse_detection_fir/ppg_coarse_detection_fir.v:325'],['rtl/ppg_coarse_detection_fir/tb_ppg_coarse_detection_fir.v:835'],['contracts/PPG_ALIAS_MAPPING_TABLE.md:431'],[]
FIR-17,['contracts/PPG_COARSE_DETECTION_FIR_INTERFACE_CONTRACT.md:623'],['rtl/ppg_coarse_detection_fir/ppg_coarse_detection_fir.v:315'],"['rtl/ppg_coarse_detection_fir/tb_ppg_coarse_detection_fir.v:841', 'rtl/ppg_control_top/tb_ppg_control_top_robustness_corner_waveforms.v:33']",['contracts/PPG_ALIAS_MAPPING_TABLE.md:432'],[]
FIR-18,['contracts/PPG_COARSE_DETECTION_FIR_INTERFACE_CONTRACT.md:624'],['rtl/ppg_coarse_detection_fir/ppg_coarse_detection_fir.v:319'],['rtl/ppg_coarse_detection_fir/tb_ppg_coarse_detection_fir.v:847'],['contracts/PPG_ALIAS_MAPPING_TABLE.md:433'],[]
FIR-19,['contracts/PPG_COARSE_DETECTION_FIR_INTERFACE_CONTRACT.md:625'],['rtl/ppg_coarse_detection_fir/ppg_coarse_detection_fir.v:309'],"['rtl/ppg_coarse_detection_fir/tb_ppg_coarse_detection_fir.v:24', 'rtl/ppg_coarse_detection_fir/tb_ppg_coarse_detection_fir.v:74', 'rtl/ppg_coarse_detection_fir/tb_ppg_coarse_detection_fir.v:855', 'rtl/ppg_coarse_detection_fir/tb_ppg_coarse_detection_fir.v:857', 'rtl/ppg_coarse_detection_fir/tb_ppg_coarse_detection_fir.v:858']",['contracts/PPG_ALIAS_MAPPING_TABLE.md:434'],[]
FIR-20,['contracts/PPG_COARSE_DETECTION_FIR_INTERFACE_CONTRACT.md:626'],['rtl/ppg_coarse_detection_fir/ppg_coarse_detection_fir.v:444'],['rtl/ppg_coarse_detection_fir/tb_ppg_coarse_detection_fir.v:870'],['contracts/PPG_ALIAS_MAPPING_TABLE.md:435'],[]
FIR-21,['contracts/PPG_COARSE_DETECTION_FIR_INTERFACE_CONTRACT.md:627'],['rtl/ppg_coarse_detection_fir/ppg_coarse_detection_fir.v:406'],"['rtl/ppg_coarse_detection_fir/tb_ppg_coarse_detection_fir.v:24', 'rtl/ppg_coarse_detection_fir/tb_ppg_coarse_detection_fir.v:880', 'rtl/ppg_coarse_detection_fir/tb_ppg_coarse_detection_fir.v:890']",['contracts/PPG_ALIAS_MAPPING_TABLE.md:436'],[]
FIR-22,['contracts/PPG_COARSE_DETECTION_FIR_INTERFACE_CONTRACT.md:628'],['rtl/ppg_coarse_detection_fir/ppg_coarse_detection_fir.v:547'],"['rtl/ppg_coarse_detection_fir/tb_ppg_coarse_detection_fir.v:896', 'rtl/ppg_coarse_detection_fir/tb_ppg_coarse_detection_fir.v:901']",['contracts/PPG_ALIAS_MAPPING_TABLE.md:437'],[]
FIR-23,['contracts/PPG_COARSE_DETECTION_FIR_INTERFACE_CONTRACT.md:629'],['rtl/ppg_coarse_detection_fir/ppg_coarse_detection_fir.v:494'],['rtl/ppg_coarse_detection_fir/tb_ppg_coarse_detection_fir.v:903'],['contracts/PPG_ALIAS_MAPPING_TABLE.md:438'],[]
FIR-24,['contracts/PPG_COARSE_DETECTION_FIR_INTERFACE_CONTRACT.md:630'],['rtl/ppg_coarse_detection_fir/ppg_coarse_detection_fir.v:323'],"['rtl/ppg_coarse_detection_fir/tb_ppg_coarse_detection_fir.v:904', 'rtl/ppg_coarse_detection_fir/tb_ppg_coarse_detection_fir.v:907']",['contracts/PPG_ALIAS_MAPPING_TABLE.md:439'],[]
FIR-25,['contracts/PPG_COARSE_DETECTION_FIR_INTERFACE_CONTRACT.md:631'],['rtl/ppg_coarse_detection_fir/ppg_coarse_detection_fir.v:325'],"['rtl/ppg_coarse_detection_fir/tb_ppg_coarse_detection_fir.v:23', 'rtl/ppg_coarse_detection_fir/tb_ppg_coarse_detection_fir.v:915', 'rtl/ppg_coarse_detection_fir/tb_ppg_coarse_detection_fir.v:922', 'rtl/ppg_coarse_detection_fir/tb_ppg_coarse_detection_fir.v:929', 'rtl/ppg_coarse_detection_fir/tb_ppg_coarse_detection_fir.v:944']",['contracts/PPG_ALIAS_MAPPING_TABLE.md:440'],[]
FIR-26,['contracts/PPG_COARSE_DETECTION_FIR_INTERFACE_CONTRACT.md:632'],['rtl/ppg_coarse_detection_fir/ppg_coarse_detection_fir.v:324'],"['rtl/ppg_coarse_detection_fir/tb_ppg_coarse_detection_fir.v:958', 'rtl/ppg_coarse_detection_fir/tb_ppg_coarse_detection_fir.v:963']",['contracts/PPG_ALIAS_MAPPING_TABLE.md:441'],[]
FIR-27,['contracts/PPG_COARSE_DETECTION_FIR_INTERFACE_CONTRACT.md:633'],['rtl/ppg_coarse_detection_fir/ppg_coarse_detection_fir.v:385'],['rtl/ppg_coarse_detection_fir/tb_ppg_coarse_detection_fir.v:973'],['contracts/PPG_ALIAS_MAPPING_TABLE.md:442'],[]
FIR-28,['contracts/PPG_COARSE_DETECTION_FIR_INTERFACE_CONTRACT.md:634'],['rtl/ppg_coarse_detection_fir/ppg_coarse_detection_fir.v:619'],"['rtl/ppg_coarse_detection_fir/tb_ppg_coarse_detection_fir.v:975', 'rtl/ppg_coarse_detection_fir/tb_ppg_coarse_detection_fir.v:976', 'rtl/ppg_coarse_detection_fir/tb_ppg_coarse_detection_fir.v:977', 'rtl/ppg_coarse_detection_fir/tb_ppg_coarse_detection_fir.v:978']",['contracts/PPG_ALIAS_MAPPING_TABLE.md:443'],[]
FIR-29,['contracts/PPG_COARSE_DETECTION_FIR_INTERFACE_CONTRACT.md:635'],['rtl/ppg_coarse_detection_fir/ppg_coarse_detection_fir.v:359'],"['rtl/ppg_coarse_detection_fir/tb_ppg_coarse_detection_fir.v:987', 'rtl/ppg_coarse_detection_fir/tb_ppg_coarse_detection_fir.v:992']",['contracts/PPG_ALIAS_MAPPING_TABLE.md:444'],[]
FIR-30,['contracts/PPG_COARSE_DETECTION_FIR_INTERFACE_CONTRACT.md:636'],['rtl/ppg_coarse_detection_fir/ppg_coarse_detection_fir.v:326'],['rtl/ppg_coarse_detection_fir/tb_ppg_coarse_detection_fir.v:1002'],['contracts/PPG_ALIAS_MAPPING_TABLE.md:445'],[]
FIR-31,['contracts/PPG_COARSE_DETECTION_FIR_INTERFACE_CONTRACT.md:637'],['rtl/ppg_coarse_detection_fir/ppg_coarse_detection_fir.v:309'],"['rtl/ppg_coarse_detection_fir/tb_ppg_coarse_detection_fir.v:23', 'rtl/ppg_coarse_detection_fir/tb_ppg_coarse_detection_fir.v:1017']",['contracts/PPG_ALIAS_MAPPING_TABLE.md:446'],[]
FIR-32,['contracts/PPG_COARSE_DETECTION_FIR_INTERFACE_CONTRACT.md:638'],"['rtl/ppg_coarse_detection_fir/ppg_coarse_detection_fir.v:309', 'rtl/ppg_coarse_detection_fir/ppg_coarse_detection_fir.v:315']",['rtl/ppg_coarse_detection_fir/tb_ppg_coarse_detection_fir.v:1056'],['contracts/PPG_ALIAS_MAPPING_TABLE.md:447'],[]
FIR-33,['contracts/PPG_COARSE_DETECTION_FIR_INTERFACE_CONTRACT.md:639'],['rtl/ppg_coarse_detection_fir/ppg_coarse_detection_fir.v:309'],['rtl/ppg_coarse_detection_fir/tb_ppg_coarse_detection_fir.v:1084'],['contracts/PPG_ALIAS_MAPPING_TABLE.md:448'],[]
FSC-01,['contracts/PPG_400HZ_FRAME_CALIBRATION_SCHEDULER_INTERFACE_CONTRACT.md:1133'],[],"['rtl/ppg_400hz_frame_calibration_scheduler/tb_ppg_400hz_frame_calibration_scheduler.v:10', 'rtl/ppg_400hz_frame_calibration_scheduler/tb_ppg_400hz_frame_calibration_scheduler.v:20', 'rtl/ppg_400hz_frame_calibration_scheduler/tb_ppg_400hz_frame_calibration_scheduler.v:21', 'rtl/ppg_400hz_frame_calibration_scheduler/tb_ppg_400hz_frame_calibration_scheduler.v:23', 'rtl/ppg_400hz_frame_calibration_scheduler/tb_ppg_400hz_frame_calibration_scheduler.v:929', 'rtl/ppg_400hz_frame_calibration_scheduler/tb_ppg_400hz_frame_calibration_scheduler.v:931']",[],"['rtl_tag', 'alias_row']"
FSC-02,['contracts/PPG_400HZ_FRAME_CALIBRATION_SCHEDULER_INTERFACE_CONTRACT.md:1134'],[],[],[],"['rtl_tag', 'tb_tag_or_text', 'alias_row']"
FSC-03,['contracts/PPG_400HZ_FRAME_CALIBRATION_SCHEDULER_INTERFACE_CONTRACT.md:1135'],[],[],[],"['rtl_tag', 'tb_tag_or_text', 'alias_row']"
FSC-04,['contracts/PPG_400HZ_FRAME_CALIBRATION_SCHEDULER_INTERFACE_CONTRACT.md:1136'],[],[],[],"['rtl_tag', 'tb_tag_or_text', 'alias_row']"
FSC-05,['contracts/PPG_400HZ_FRAME_CALIBRATION_SCHEDULER_INTERFACE_CONTRACT.md:1137'],[],[],[],"['rtl_tag', 'tb_tag_or_text', 'alias_row']"
FSC-06,['contracts/PPG_400HZ_FRAME_CALIBRATION_SCHEDULER_INTERFACE_CONTRACT.md:1138'],[],[],[],"['rtl_tag', 'tb_tag_or_text', 'alias_row']"
FSC-07,['contracts/PPG_400HZ_FRAME_CALIBRATION_SCHEDULER_INTERFACE_CONTRACT.md:1139'],[],[],[],"['rtl_tag', 'tb_tag_or_text', 'alias_row']"
FSC-08,['contracts/PPG_400HZ_FRAME_CALIBRATION_SCHEDULER_INTERFACE_CONTRACT.md:1140'],[],[],[],"['rtl_tag', 'tb_tag_or_text', 'alias_row']"
FSC-09,['contracts/PPG_400HZ_FRAME_CALIBRATION_SCHEDULER_INTERFACE_CONTRACT.md:1141'],[],[],[],"['rtl_tag', 'tb_tag_or_text', 'alias_row']"
FSC-10,['contracts/PPG_400HZ_FRAME_CALIBRATION_SCHEDULER_INTERFACE_CONTRACT.md:1142'],[],[],[],"['rtl_tag', 'tb_tag_or_text', 'alias_row']"
FSC-11,['contracts/PPG_400HZ_FRAME_CALIBRATION_SCHEDULER_INTERFACE_CONTRACT.md:1143'],[],[],[],"['rtl_tag', 'tb_tag_or_text', 'alias_row']"
FSC-12,['contracts/PPG_400HZ_FRAME_CALIBRATION_SCHEDULER_INTERFACE_CONTRACT.md:1144'],[],[],[],"['rtl_tag', 'tb_tag_or_text', 'alias_row']"
FSC-13,['contracts/PPG_400HZ_FRAME_CALIBRATION_SCHEDULER_INTERFACE_CONTRACT.md:1145'],[],[],[],"['rtl_tag', 'tb_tag_or_text', 'alias_row']"
FSC-14,['contracts/PPG_400HZ_FRAME_CALIBRATION_SCHEDULER_INTERFACE_CONTRACT.md:1146'],[],[],[],"['rtl_tag', 'tb_tag_or_text', 'alias_row']"
FSC-15,['contracts/PPG_400HZ_FRAME_CALIBRATION_SCHEDULER_INTERFACE_CONTRACT.md:1147'],[],['rtl/ppg_400hz_frame_calibration_scheduler/tb_ppg_400hz_frame_calibration_scheduler.v:23'],[],"['rtl_tag', 'alias_row']"
FSC-16,['contracts/PPG_400HZ_FRAME_CALIBRATION_SCHEDULER_INTERFACE_CONTRACT.md:1148'],[],[],[],"['rtl_tag', 'tb_tag_or_text', 'alias_row']"
FSC-17,['contracts/PPG_400HZ_FRAME_CALIBRATION_SCHEDULER_INTERFACE_CONTRACT.md:1149'],[],"['rtl/ppg_400hz_frame_calibration_scheduler/tb_ppg_400hz_frame_calibration_scheduler.v:22', 'rtl/ppg_400hz_frame_calibration_scheduler/tb_ppg_400hz_frame_calibration_scheduler.v:22', 'rtl/ppg_400hz_frame_calibration_scheduler/tb_ppg_400hz_frame_calibration_scheduler.v:43', 'rtl/ppg_control_top/tb_ppg_control_top.v:23', 'rtl/ppg_control_top/tb_ppg_control_top.v:23', 'rtl/ppg_control_top/tb_ppg_control_top.v:50']",[],"['rtl_tag', 'alias_row']"
FSC-18,['contracts/PPG_400HZ_FRAME_CALIBRATION_SCHEDULER_INTERFACE_CONTRACT.md:1150'],[],[],[],"['rtl_tag', 'tb_tag_or_text', 'alias_row']"
FSC-19,['contracts/PPG_400HZ_FRAME_CALIBRATION_SCHEDULER_INTERFACE_CONTRACT.md:1151'],[],[],[],"['rtl_tag', 'tb_tag_or_text', 'alias_row']"
FSC-20,['contracts/PPG_400HZ_FRAME_CALIBRATION_SCHEDULER_INTERFACE_CONTRACT.md:1152'],[],[],[],"['rtl_tag', 'tb_tag_or_text', 'alias_row']"
FSC-21,['contracts/PPG_400HZ_FRAME_CALIBRATION_SCHEDULER_INTERFACE_CONTRACT.md:1153'],[],[],[],"['rtl_tag', 'tb_tag_or_text', 'alias_row']"
FSC-22,['contracts/PPG_400HZ_FRAME_CALIBRATION_SCHEDULER_INTERFACE_CONTRACT.md:1154'],[],[],[],"['rtl_tag', 'tb_tag_or_text', 'alias_row']"
FSC-23,['contracts/PPG_400HZ_FRAME_CALIBRATION_SCHEDULER_INTERFACE_CONTRACT.md:1155'],[],[],[],"['rtl_tag', 'tb_tag_or_text', 'alias_row']"
FSC-24,['contracts/PPG_400HZ_FRAME_CALIBRATION_SCHEDULER_INTERFACE_CONTRACT.md:1156'],[],[],[],"['rtl_tag', 'tb_tag_or_text', 'alias_row']"
FSC-25,['contracts/PPG_400HZ_FRAME_CALIBRATION_SCHEDULER_INTERFACE_CONTRACT.md:1157'],[],[],[],"['rtl_tag', 'tb_tag_or_text', 'alias_row']"
FSC-26,['contracts/PPG_400HZ_FRAME_CALIBRATION_SCHEDULER_INTERFACE_CONTRACT.md:1158'],[],[],[],"['rtl_tag', 'tb_tag_or_text', 'alias_row']"
FSC-27,['contracts/PPG_400HZ_FRAME_CALIBRATION_SCHEDULER_INTERFACE_CONTRACT.md:1159'],[],[],[],"['rtl_tag', 'tb_tag_or_text', 'alias_row']"
FSC-28,['contracts/PPG_400HZ_FRAME_CALIBRATION_SCHEDULER_INTERFACE_CONTRACT.md:1160'],[],[],[],"['rtl_tag', 'tb_tag_or_text', 'alias_row']"
FSC-29,['contracts/PPG_400HZ_FRAME_CALIBRATION_SCHEDULER_INTERFACE_CONTRACT.md:1161'],[],[],[],"['rtl_tag', 'tb_tag_or_text', 'alias_row']"
FSC-30,['contracts/PPG_400HZ_FRAME_CALIBRATION_SCHEDULER_INTERFACE_CONTRACT.md:1162'],[],[],[],"['rtl_tag', 'tb_tag_or_text', 'alias_row']"
FSC-31,['contracts/PPG_400HZ_FRAME_CALIBRATION_SCHEDULER_INTERFACE_CONTRACT.md:1163'],[],[],[],"['rtl_tag', 'tb_tag_or_text', 'alias_row']"
FSC-32,['contracts/PPG_400HZ_FRAME_CALIBRATION_SCHEDULER_INTERFACE_CONTRACT.md:1164'],[],[],[],"['rtl_tag', 'tb_tag_or_text', 'alias_row']"
FSC-33,['contracts/PPG_400HZ_FRAME_CALIBRATION_SCHEDULER_INTERFACE_CONTRACT.md:1165'],[],['rtl/ppg_400hz_frame_calibration_scheduler/tb_ppg_400hz_frame_calibration_scheduler.v:21'],[],"['rtl_tag', 'alias_row']"
FSC-34,['contracts/PPG_400HZ_FRAME_CALIBRATION_SCHEDULER_INTERFACE_CONTRACT.md:1166'],[],['rtl/ppg_400hz_frame_calibration_scheduler/tb_ppg_400hz_frame_calibration_scheduler.v:23'],[],"['rtl_tag', 'alias_row']"
FSC-35,['contracts/PPG_400HZ_FRAME_CALIBRATION_SCHEDULER_INTERFACE_CONTRACT.md:1167'],[],[],[],"['rtl_tag', 'tb_tag_or_text', 'alias_row']"
FSC-36,['contracts/PPG_400HZ_FRAME_CALIBRATION_SCHEDULER_INTERFACE_CONTRACT.md:1168'],[],[],[],"['rtl_tag', 'tb_tag_or_text', 'alias_row']"
FSC-37,['contracts/PPG_400HZ_FRAME_CALIBRATION_SCHEDULER_INTERFACE_CONTRACT.md:1169'],[],[],[],"['rtl_tag', 'tb_tag_or_text', 'alias_row']"
FSC-38,['contracts/PPG_400HZ_FRAME_CALIBRATION_SCHEDULER_INTERFACE_CONTRACT.md:1170'],[],[],[],"['rtl_tag', 'tb_tag_or_text', 'alias_row']"
FSC-39,['contracts/PPG_400HZ_FRAME_CALIBRATION_SCHEDULER_INTERFACE_CONTRACT.md:1171'],[],[],[],"['rtl_tag', 'tb_tag_or_text', 'alias_row']"
FSC-40,['contracts/PPG_400HZ_FRAME_CALIBRATION_SCHEDULER_INTERFACE_CONTRACT.md:1172'],[],[],[],"['rtl_tag', 'tb_tag_or_text', 'alias_row']"
FSC-41,['contracts/PPG_400HZ_FRAME_CALIBRATION_SCHEDULER_INTERFACE_CONTRACT.md:1173'],[],[],[],"['rtl_tag', 'tb_tag_or_text', 'alias_row']"
FSC-42,['contracts/PPG_400HZ_FRAME_CALIBRATION_SCHEDULER_INTERFACE_CONTRACT.md:1174'],[],[],[],"['rtl_tag', 'tb_tag_or_text', 'alias_row']"
FSC-43,['contracts/PPG_400HZ_FRAME_CALIBRATION_SCHEDULER_INTERFACE_CONTRACT.md:1175'],[],[],[],"['rtl_tag', 'tb_tag_or_text', 'alias_row']"
FSC-44,['contracts/PPG_400HZ_FRAME_CALIBRATION_SCHEDULER_INTERFACE_CONTRACT.md:1176'],[],['rtl/ppg_400hz_frame_calibration_scheduler/tb_ppg_400hz_frame_calibration_scheduler.v:21'],[],"['rtl_tag', 'alias_row']"
FSC-45,['contracts/PPG_400HZ_FRAME_CALIBRATION_SCHEDULER_INTERFACE_CONTRACT.md:1177'],[],[],[],"['rtl_tag', 'tb_tag_or_text', 'alias_row']"
FSC-46,['contracts/PPG_400HZ_FRAME_CALIBRATION_SCHEDULER_INTERFACE_CONTRACT.md:1178'],[],[],[],"['rtl_tag', 'tb_tag_or_text', 'alias_row']"
FSC-47,['contracts/PPG_400HZ_FRAME_CALIBRATION_SCHEDULER_INTERFACE_CONTRACT.md:1179'],[],[],[],"['rtl_tag', 'tb_tag_or_text', 'alias_row']"
FSC-48,['contracts/PPG_400HZ_FRAME_CALIBRATION_SCHEDULER_INTERFACE_CONTRACT.md:1180'],[],[],[],"['rtl_tag', 'tb_tag_or_text', 'alias_row']"
FSC-49,['contracts/PPG_400HZ_FRAME_CALIBRATION_SCHEDULER_INTERFACE_CONTRACT.md:1181'],[],[],[],"['rtl_tag', 'tb_tag_or_text', 'alias_row']"
FSC-50,['contracts/PPG_400HZ_FRAME_CALIBRATION_SCHEDULER_INTERFACE_CONTRACT.md:1182'],[],[],[],"['rtl_tag', 'tb_tag_or_text', 'alias_row']"
FSC-51,['contracts/PPG_400HZ_FRAME_CALIBRATION_SCHEDULER_INTERFACE_CONTRACT.md:1183'],[],[],[],"['rtl_tag', 'tb_tag_or_text', 'alias_row']"
FSC-52,['contracts/PPG_400HZ_FRAME_CALIBRATION_SCHEDULER_INTERFACE_CONTRACT.md:1184'],[],[],[],"['rtl_tag', 'tb_tag_or_text', 'alias_row']"
FSC-53,['contracts/PPG_400HZ_FRAME_CALIBRATION_SCHEDULER_INTERFACE_CONTRACT.md:1185'],[],[],[],"['rtl_tag', 'tb_tag_or_text', 'alias_row']"
FSC-54,['contracts/PPG_400HZ_FRAME_CALIBRATION_SCHEDULER_INTERFACE_CONTRACT.md:1186'],[],[],[],"['rtl_tag', 'tb_tag_or_text', 'alias_row']"
FSC-55,['contracts/PPG_400HZ_FRAME_CALIBRATION_SCHEDULER_INTERFACE_CONTRACT.md:1187'],[],[],[],"['rtl_tag', 'tb_tag_or_text', 'alias_row']"
FSC-56,['contracts/PPG_400HZ_FRAME_CALIBRATION_SCHEDULER_INTERFACE_CONTRACT.md:1188'],[],[],[],"['rtl_tag', 'tb_tag_or_text', 'alias_row']"
FSC-57,['contracts/PPG_400HZ_FRAME_CALIBRATION_SCHEDULER_INTERFACE_CONTRACT.md:1189'],[],"['rtl/ppg_400hz_frame_calibration_scheduler/tb_ppg_400hz_frame_calibration_scheduler.v:20', 'rtl/ppg_400hz_frame_calibration_scheduler/tb_ppg_400hz_frame_calibration_scheduler.v:21']",[],"['rtl_tag', 'alias_row']"
G-FP-01,[],['rtl/ppg_control_top/ppg_control_top.v:357'],[],"['contracts/PPG_ALIAS_MAPPING_TABLE.md:106', 'contracts/PPG_ALIAS_MAPPING_TABLE.md:107', 'contracts/PPG_ALIAS_MAPPING_TABLE.md:108']","['contract_table', 'tb_tag_or_text']"
G-FP-01-D01-01,[],[],[],['contracts/PPG_ALIAS_MAPPING_TABLE.md:81'],"['contract_table', 'rtl_tag', 'tb_tag_or_text']"
G-FP-01-D01-02,[],[],[],['contracts/PPG_ALIAS_MAPPING_TABLE.md:82'],"['contract_table', 'rtl_tag', 'tb_tag_or_text']"
G-FP-01-D01-03,[],[],[],['contracts/PPG_ALIAS_MAPPING_TABLE.md:83'],"['contract_table', 'rtl_tag', 'tb_tag_or_text']"
G-FP-01-D01-04,[],"['rtl/ppg_active_v4_control_plane_integration/ppg_active_v4_control_plane_integration.v:375', 'rtl/ppg_adc_measurement_idac_integration/ppg_adc_measurement_idac_integration.v:2512', 'rtl/ppg_dynamic_baseline_cross_detector/ppg_dynamic_baseline_cross_detector.v:480', 'rtl/ppg_peak_valley_window_detector/ppg_peak_valley_window_detector.v:111', 'rtl/ppg_precision_window_controller/ppg_precision_window_controller.v:277', 'rtl/ppg_system_active_config_unpack/ppg_system_active_config_unpack.v:209']",[],"['contracts/PPG_ALIAS_MAPPING_TABLE.md:75', 'contracts/PPG_ALIAS_MAPPING_TABLE.md:76', 'contracts/PPG_ALIAS_MAPPING_TABLE.md:77', 'contracts/PPG_ALIAS_MAPPING_TABLE.md:78', 'contracts/PPG_ALIAS_MAPPING_TABLE.md:79', 'contracts/PPG_ALIAS_MAPPING_TABLE.md:80']","['contract_table', 'tb_tag_or_text']"
G-FP-02,[],"['rtl/ppg_precision_window_controller/ppg_precision_window_controller.v:267', 'rtl/ppg_sar9_sar15_safe_selection_wrapper/ppg_sar9_sar15_safe_selection_wrapper.v:306', 'rtl/ppg_sar9_sar15_safe_selection_wrapper/ppg_sar9_sar15_safe_selection_wrapper.v:307']",[],"['contracts/PPG_ALIAS_MAPPING_TABLE.md:109', 'contracts/PPG_ALIAS_MAPPING_TABLE.md:110']","['contract_table', 'tb_tag_or_text']"
G-FP-02-D01-01,[],[],[],['contracts/PPG_ALIAS_MAPPING_TABLE.md:84'],"['contract_table', 'rtl_tag', 'tb_tag_or_text']"
G-FP-03,[],['rtl/ppg_precision_window_controller/ppg_precision_window_controller.v:138'],[],"['contracts/PPG_ALIAS_MAPPING_TABLE.md:111', 'contracts/PPG_ALIAS_MAPPING_TABLE.md:112']","['contract_table', 'tb_tag_or_text']"
G-FP-03-D01-01,[],[],[],['contracts/PPG_ALIAS_MAPPING_TABLE.md:85'],"['contract_table', 'rtl_tag', 'tb_tag_or_text']"
G-FP-04,[],[],[],['contracts/PPG_ALIAS_MAPPING_TABLE.md:113'],"['contract_table', 'rtl_tag', 'tb_tag_or_text']"
G-FP-05,[],['rtl/ppg_precision_window_integration/ppg_precision_window_integration.v:71'],[],"['contracts/PPG_ALIAS_MAPPING_TABLE.md:114', 'contracts/PPG_ALIAS_MAPPING_TABLE.md:115']","['contract_table', 'tb_tag_or_text']"
G-FP-05-D01-01,[],[],[],['contracts/PPG_ALIAS_MAPPING_TABLE.md:88'],"['contract_table', 'rtl_tag', 'tb_tag_or_text']"
G-FP-06,[],['rtl/ppg_idac_code_controller/ppg_idac_code_controller.v:581'],[],"['contracts/PPG_ALIAS_MAPPING_TABLE.md:116', 'contracts/PPG_ALIAS_MAPPING_TABLE.md:117']","['contract_table', 'tb_tag_or_text']"
G-FP-06-D01-01,[],[],[],['contracts/PPG_ALIAS_MAPPING_TABLE.md:86'],"['contract_table', 'rtl_tag', 'tb_tag_or_text']"
G-FP-06-D01-02,[],[],[],['contracts/PPG_ALIAS_MAPPING_TABLE.md:87'],"['contract_table', 'rtl_tag', 'tb_tag_or_text']"
G-FP-07,[],[],[],['contracts/PPG_ALIAS_MAPPING_TABLE.md:105'],"['contract_table', 'rtl_tag', 'tb_tag_or_text']"
IDC2-01,['contracts/PPG_IDAC_CODE_CONTROLLER_V2_INTERFACE_CONTRACT.md:654'],[],[],[],"['rtl_tag', 'tb_tag_or_text', 'alias_row']"
IDC2-02,['contracts/PPG_IDAC_CODE_CONTROLLER_V2_INTERFACE_CONTRACT.md:655'],[],[],[],"['rtl_tag', 'tb_tag_or_text', 'alias_row']"
IDC2-03,['contracts/PPG_IDAC_CODE_CONTROLLER_V2_INTERFACE_CONTRACT.md:656'],[],[],[],"['rtl_tag', 'tb_tag_or_text', 'alias_row']"
IDC2-04,['contracts/PPG_IDAC_CODE_CONTROLLER_V2_INTERFACE_CONTRACT.md:657'],[],[],[],"['rtl_tag', 'tb_tag_or_text', 'alias_row']"
IDC2-05,['contracts/PPG_IDAC_CODE_CONTROLLER_V2_INTERFACE_CONTRACT.md:658'],[],[],[],"['rtl_tag', 'tb_tag_or_text', 'alias_row']"
IDC2-06,['contracts/PPG_IDAC_CODE_CONTROLLER_V2_INTERFACE_CONTRACT.md:659'],[],[],[],"['rtl_tag', 'tb_tag_or_text', 'alias_row']"
IDC2-07,['contracts/PPG_IDAC_CODE_CONTROLLER_V2_INTERFACE_CONTRACT.md:660'],[],[],[],"['rtl_tag', 'tb_tag_or_text', 'alias_row']"
IDC2-08,['contracts/PPG_IDAC_CODE_CONTROLLER_V2_INTERFACE_CONTRACT.md:661'],[],[],[],"['rtl_tag', 'tb_tag_or_text', 'alias_row']"
IDC2-09,['contracts/PPG_IDAC_CODE_CONTROLLER_V2_INTERFACE_CONTRACT.md:662'],[],[],[],"['rtl_tag', 'tb_tag_or_text', 'alias_row']"
IDC2-10,['contracts/PPG_IDAC_CODE_CONTROLLER_V2_INTERFACE_CONTRACT.md:663'],[],[],[],"['rtl_tag', 'tb_tag_or_text', 'alias_row']"
IDC2-11,['contracts/PPG_IDAC_CODE_CONTROLLER_V2_INTERFACE_CONTRACT.md:664'],[],[],[],"['rtl_tag', 'tb_tag_or_text', 'alias_row']"
IDC2-12,['contracts/PPG_IDAC_CODE_CONTROLLER_V2_INTERFACE_CONTRACT.md:665'],[],[],[],"['rtl_tag', 'tb_tag_or_text', 'alias_row']"
IDC2-13,['contracts/PPG_IDAC_CODE_CONTROLLER_V2_INTERFACE_CONTRACT.md:666'],[],[],[],"['rtl_tag', 'tb_tag_or_text', 'alias_row']"
IDC2-14,['contracts/PPG_IDAC_CODE_CONTROLLER_V2_INTERFACE_CONTRACT.md:667'],[],[],[],"['rtl_tag', 'tb_tag_or_text', 'alias_row']"
IDC2-15,['contracts/PPG_IDAC_CODE_CONTROLLER_V2_INTERFACE_CONTRACT.md:668'],[],[],[],"['rtl_tag', 'tb_tag_or_text', 'alias_row']"
IDC2-16,['contracts/PPG_IDAC_CODE_CONTROLLER_V2_INTERFACE_CONTRACT.md:669'],[],[],[],"['rtl_tag', 'tb_tag_or_text', 'alias_row']"
IDC2-17,['contracts/PPG_IDAC_CODE_CONTROLLER_V2_INTERFACE_CONTRACT.md:670'],[],[],[],"['rtl_tag', 'tb_tag_or_text', 'alias_row']"
IDC2-18,['contracts/PPG_IDAC_CODE_CONTROLLER_V2_INTERFACE_CONTRACT.md:671'],[],[],[],"['rtl_tag', 'tb_tag_or_text', 'alias_row']"
IDC2-19,['contracts/PPG_IDAC_CODE_CONTROLLER_V2_INTERFACE_CONTRACT.md:672'],[],[],[],"['rtl_tag', 'tb_tag_or_text', 'alias_row']"
IDC2-20,['contracts/PPG_IDAC_CODE_CONTROLLER_V2_INTERFACE_CONTRACT.md:673'],[],[],[],"['rtl_tag', 'tb_tag_or_text', 'alias_row']"
IDC2-21,['contracts/PPG_IDAC_CODE_CONTROLLER_V2_INTERFACE_CONTRACT.md:674'],[],[],[],"['rtl_tag', 'tb_tag_or_text', 'alias_row']"
IDC2-22,['contracts/PPG_IDAC_CODE_CONTROLLER_V2_INTERFACE_CONTRACT.md:675'],[],[],[],"['rtl_tag', 'tb_tag_or_text', 'alias_row']"
IDC2-23,['contracts/PPG_IDAC_CODE_CONTROLLER_V2_INTERFACE_CONTRACT.md:676'],[],['rtl/ppg_control_top/tb_ppg_control_top_periodic_recheck_recovery.v:28'],[],"['rtl_tag', 'alias_row']"
IDC2-24,['contracts/PPG_IDAC_CODE_CONTROLLER_V2_INTERFACE_CONTRACT.md:677'],[],[],[],"['rtl_tag', 'tb_tag_or_text', 'alias_row']"
IDT-01,['contracts/PPG_NORMAL_FORK_IDAC_TRACKING_AMB_RECHECK_INTERFACE_CONTRACT.md:631'],[],"['rtl/ppg_idac_code_controller/tb_ppg_idac_code_controller.v:570', 'rtl/ppg_idac_code_controller/tb_ppg_idac_code_controller.v:577']",[],"['rtl_tag', 'alias_row']"
IDT-02,['contracts/PPG_NORMAL_FORK_IDAC_TRACKING_AMB_RECHECK_INTERFACE_CONTRACT.md:632'],[],"['rtl/ppg_idac_code_controller/tb_ppg_idac_code_controller.v:579', 'rtl/ppg_idac_code_controller/tb_ppg_idac_code_controller.v:585']",[],"['rtl_tag', 'alias_row']"
IDT-03,['contracts/PPG_NORMAL_FORK_IDAC_TRACKING_AMB_RECHECK_INTERFACE_CONTRACT.md:633'],[],"['rtl/ppg_idac_code_controller/tb_ppg_idac_code_controller.v:587', 'rtl/ppg_idac_code_controller/tb_ppg_idac_code_controller.v:591']",[],"['rtl_tag', 'alias_row']"
IDT-04,['contracts/PPG_NORMAL_FORK_IDAC_TRACKING_AMB_RECHECK_INTERFACE_CONTRACT.md:634'],[],"['rtl/ppg_idac_code_controller/tb_ppg_idac_code_controller.v:594', 'rtl/ppg_idac_code_controller/tb_ppg_idac_code_controller.v:599', 'rtl/ppg_idac_code_controller/tb_ppg_idac_code_controller.v:602']",[],"['rtl_tag', 'alias_row']"
IDT-05,['contracts/PPG_NORMAL_FORK_IDAC_TRACKING_AMB_RECHECK_INTERFACE_CONTRACT.md:635'],[],"['rtl/ppg_idac_code_controller/tb_ppg_idac_code_controller.v:605', 'rtl/ppg_idac_code_controller/tb_ppg_idac_code_controller.v:612', 'rtl/ppg_idac_code_controller/tb_ppg_idac_code_controller.v:615']",[],"['rtl_tag', 'alias_row']"
IDT-06,['contracts/PPG_NORMAL_FORK_IDAC_TRACKING_AMB_RECHECK_INTERFACE_CONTRACT.md:636'],[],"['rtl/ppg_idac_code_controller/tb_ppg_idac_code_controller.v:618', 'rtl/ppg_idac_code_controller/tb_ppg_idac_code_controller.v:625', 'rtl/ppg_idac_code_controller/tb_ppg_idac_code_controller.v:629']",[],"['rtl_tag', 'alias_row']"
IDT-07,['contracts/PPG_NORMAL_FORK_IDAC_TRACKING_AMB_RECHECK_INTERFACE_CONTRACT.md:637'],[],"['rtl/ppg_idac_code_controller/tb_ppg_idac_code_controller.v:632', 'rtl/ppg_idac_code_controller/tb_ppg_idac_code_controller.v:637']",[],"['rtl_tag', 'alias_row']"
IDT-08,['contracts/PPG_NORMAL_FORK_IDAC_TRACKING_AMB_RECHECK_INTERFACE_CONTRACT.md:638'],[],"['rtl/ppg_idac_code_controller/tb_ppg_idac_code_controller.v:640', 'rtl/ppg_idac_code_controller/tb_ppg_idac_code_controller.v:645']",[],"['rtl_tag', 'alias_row']"
IDT-09,['contracts/PPG_NORMAL_FORK_IDAC_TRACKING_AMB_RECHECK_INTERFACE_CONTRACT.md:639'],[],"['rtl/ppg_idac_code_controller/tb_ppg_idac_code_controller.v:647', 'rtl/ppg_idac_code_controller/tb_ppg_idac_code_controller.v:652']",[],"['rtl_tag', 'alias_row']"
IDT-10,['contracts/PPG_NORMAL_FORK_IDAC_TRACKING_AMB_RECHECK_INTERFACE_CONTRACT.md:640'],[],"['rtl/ppg_idac_code_controller/tb_ppg_idac_code_controller.v:655', 'rtl/ppg_idac_code_controller/tb_ppg_idac_code_controller.v:660', 'rtl/ppg_idac_code_controller/tb_ppg_idac_code_controller.v:666']",[],"['rtl_tag', 'alias_row']"
IDT-11,['contracts/PPG_NORMAL_FORK_IDAC_TRACKING_AMB_RECHECK_INTERFACE_CONTRACT.md:641'],[],"['rtl/ppg_idac_code_controller/tb_ppg_idac_code_controller.v:674', 'rtl/ppg_idac_code_controller/tb_ppg_idac_code_controller.v:682']",[],"['rtl_tag', 'alias_row']"
IDT-12,['contracts/PPG_NORMAL_FORK_IDAC_TRACKING_AMB_RECHECK_INTERFACE_CONTRACT.md:642'],[],"['rtl/ppg_idac_code_controller/tb_ppg_idac_code_controller.v:687', 'rtl/ppg_idac_code_controller/tb_ppg_idac_code_controller.v:690']",[],"['rtl_tag', 'alias_row']"
IDT-13,['contracts/PPG_NORMAL_FORK_IDAC_TRACKING_AMB_RECHECK_INTERFACE_CONTRACT.md:643'],[],"['rtl/ppg_idac_code_controller/tb_ppg_idac_code_controller.v:692', 'rtl/ppg_idac_code_controller/tb_ppg_idac_code_controller.v:700', 'rtl/ppg_idac_code_controller/tb_ppg_idac_code_controller.v:706']",[],"['rtl_tag', 'alias_row']"
IDT-14,['contracts/PPG_NORMAL_FORK_IDAC_TRACKING_AMB_RECHECK_INTERFACE_CONTRACT.md:644'],[],"['rtl/ppg_idac_code_controller/tb_ppg_idac_code_controller.v:708', 'rtl/ppg_idac_code_controller/tb_ppg_idac_code_controller.v:714']",[],"['rtl_tag', 'alias_row']"
IDT-15,['contracts/PPG_NORMAL_FORK_IDAC_TRACKING_AMB_RECHECK_INTERFACE_CONTRACT.md:645'],[],"['rtl/ppg_idac_code_controller/tb_ppg_idac_code_controller.v:716', 'rtl/ppg_idac_code_controller/tb_ppg_idac_code_controller.v:722', 'rtl/ppg_idac_code_controller/tb_ppg_idac_code_controller.v:732', 'rtl/ppg_idac_code_controller/tb_ppg_idac_code_controller.v:744', 'rtl/ppg_idac_code_controller/tb_ppg_idac_code_controller.v:750']",[],"['rtl_tag', 'alias_row']"
ILM-01,['contracts/PPG_REAL_PPG_RAW_GENERATOR_TESTBENCH_CONTRACT.md:629'],['rtl/ppg_sar9_sar15_safe_selection_wrapper/ppg_sar9_sar15_safe_selection_wrapper.v:381'],"['rtl/ppg_control_top/tb_ppg_control_top_input_light_static_matrix.v:25', 'rtl/ppg_control_top/tb_ppg_control_top_input_light_static_matrix.v:27', 'rtl/ppg_control_top/tb_ppg_control_top_input_light_static_matrix.v:95', 'rtl/ppg_control_top/tb_ppg_control_top_input_light_static_matrix.v:126', 'rtl/ppg_control_top/tb_ppg_control_top_input_light_static_matrix.v:159', 'rtl/ppg_control_top/tb_ppg_control_top_input_light_static_matrix.v:286', 'rtl/ppg_control_top/tb_ppg_control_top_input_light_static_matrix.v:765', 'rtl/ppg_control_top/tb_ppg_control_top_input_light_static_matrix.v:1399', 'rtl/ppg_control_top/tb_ppg_control_top_input_light_static_matrix.v:1410', 'rtl/ppg_control_top/tb_ppg_control_top_input_light_static_matrix.v:1416', 'rtl/ppg_control_top/tb_ppg_control_top_input_light_static_matrix.v:1424', 'rtl/ppg_control_top/tb_ppg_control_top_input_light_static_matrix.v:1428', 'rtl/ppg_control_top/tb_ppg_control_top_input_light_static_matrix.v:1431']",['contracts/PPG_ALIAS_MAPPING_TABLE.md:235'],[]
ILM-02,['contracts/PPG_REAL_PPG_RAW_GENERATOR_TESTBENCH_CONTRACT.md:630'],"['rtl/ppg_400hz_frame_calibration_scheduler/ppg_400hz_frame_calibration_scheduler.v:436', 'rtl/ppg_idac_code_controller/ppg_idac_code_controller.v:703']","['rtl/ppg_control_top/tb_ppg_control_top_input_light_static_matrix.v:96', 'rtl/ppg_control_top/tb_ppg_control_top_input_light_static_matrix.v:136', 'rtl/ppg_control_top/tb_ppg_control_top_input_light_static_matrix.v:293', 'rtl/ppg_control_top/tb_ppg_control_top_input_light_static_matrix.v:334', 'rtl/ppg_control_top/tb_ppg_control_top_input_light_static_matrix.v:1443', 'rtl/ppg_control_top/tb_ppg_control_top_input_light_static_matrix.v:1459', 'rtl/ppg_control_top/tb_ppg_control_top_input_light_static_matrix.v:1467', 'rtl/ppg_control_top/tb_ppg_control_top_input_light_static_matrix.v:1470', 'rtl/ppg_control_top/tb_ppg_control_top_input_light_static_matrix.v:1474', 'rtl/ppg_control_top/tb_ppg_control_top_input_light_static_matrix.v:1479']",['contracts/PPG_ALIAS_MAPPING_TABLE.md:236'],[]
ILM-03,['contracts/PPG_REAL_PPG_RAW_GENERATOR_TESTBENCH_CONTRACT.md:631'],"['rtl/ppg_400hz_frame_calibration_scheduler/ppg_400hz_frame_calibration_scheduler.v:436', 'rtl/ppg_400hz_frame_calibration_scheduler/ppg_400hz_frame_calibration_scheduler.v:756', 'rtl/ppg_idac_code_controller/ppg_idac_code_controller.v:703']","['rtl/ppg_control_top/tb_ppg_control_top_input_light_static_matrix.v:97', 'rtl/ppg_control_top/tb_ppg_control_top_input_light_static_matrix.v:1490', 'rtl/ppg_control_top/tb_ppg_control_top_input_light_static_matrix.v:1507', 'rtl/ppg_control_top/tb_ppg_control_top_input_light_static_matrix.v:1524', 'rtl/ppg_control_top/tb_ppg_control_top_input_light_static_matrix.v:1527', 'rtl/ppg_control_top/tb_ppg_control_top_input_light_static_matrix.v:1530', 'rtl/ppg_control_top/tb_ppg_control_top_input_light_static_matrix.v:1533']",['contracts/PPG_ALIAS_MAPPING_TABLE.md:237'],[]
ILM-04,['contracts/PPG_REAL_PPG_RAW_GENERATOR_TESTBENCH_CONTRACT.md:632'],"['rtl/ppg_sar9_sar15_safe_selection_wrapper/ppg_sar9_sar15_safe_selection_wrapper.v:381', 'rtl/ppg_sar9_sar15_safe_selection_wrapper/ppg_sar9_sar15_safe_selection_wrapper.v:673', 'rtl/ppg_sar9_sar15_safe_selection_wrapper/ppg_sar9_sar15_safe_selection_wrapper.v:727']","['rtl/ppg_control_top/tb_ppg_control_top_input_light_static_matrix.v:104', 'rtl/ppg_control_top/tb_ppg_control_top_input_light_static_matrix.v:335', 'rtl/ppg_control_top/tb_ppg_control_top_input_light_static_matrix.v:1240', 'rtl/ppg_control_top/tb_ppg_control_top_input_light_static_matrix.v:1662', 'rtl/ppg_control_top/tb_ppg_control_top_input_light_static_matrix.v:1687', 'rtl/ppg_control_top/tb_ppg_control_top_input_light_static_matrix.v:1691', 'rtl/ppg_control_top/tb_ppg_control_top_input_light_static_matrix.v:1694']",['contracts/PPG_ALIAS_MAPPING_TABLE.md:245'],[]
ILM-05,['contracts/PPG_REAL_PPG_RAW_GENERATOR_TESTBENCH_CONTRACT.md:633'],"['rtl/ppg_sar9_sar15_safe_selection_wrapper/ppg_sar9_sar15_safe_selection_wrapper.v:381', 'rtl/ppg_sar9_sar15_safe_selection_wrapper/ppg_sar9_sar15_safe_selection_wrapper.v:673', 'rtl/ppg_sar9_sar15_safe_selection_wrapper/ppg_sar9_sar15_safe_selection_wrapper.v:727']","['rtl/ppg_control_top/tb_ppg_control_top_input_light_static_matrix.v:65', 'rtl/ppg_control_top/tb_ppg_control_top_input_light_static_matrix.v:105', 'rtl/ppg_control_top/tb_ppg_control_top_input_light_static_matrix.v:240', 'rtl/ppg_control_top/tb_ppg_control_top_input_light_static_matrix.v:1706', 'rtl/ppg_control_top/tb_ppg_control_top_input_light_static_matrix.v:1731', 'rtl/ppg_control_top/tb_ppg_control_top_input_light_static_matrix.v:1735', 'rtl/ppg_control_top/tb_ppg_control_top_input_light_static_matrix.v:1738']",['contracts/PPG_ALIAS_MAPPING_TABLE.md:246'],[]
ILM-06,['contracts/PPG_REAL_PPG_RAW_GENERATOR_TESTBENCH_CONTRACT.md:634'],"['rtl/ppg_sar9_sar15_safe_selection_wrapper/ppg_sar9_sar15_safe_selection_wrapper.v:381', 'rtl/ppg_sar9_sar15_safe_selection_wrapper/ppg_sar9_sar15_safe_selection_wrapper.v:389', 'rtl/ppg_sar9_sar15_safe_selection_wrapper/ppg_sar9_sar15_safe_selection_wrapper.v:673']","['rtl/ppg_control_top/tb_ppg_control_top_input_light_static_matrix.v:105', 'rtl/ppg_control_top/tb_ppg_control_top_input_light_static_matrix.v:108', 'rtl/ppg_control_top/tb_ppg_control_top_input_light_static_matrix.v:335', 'rtl/ppg_control_top/tb_ppg_control_top_input_light_static_matrix.v:1750', 'rtl/ppg_control_top/tb_ppg_control_top_input_light_static_matrix.v:1771', 'rtl/ppg_control_top/tb_ppg_control_top_input_light_static_matrix.v:1774', 'rtl/ppg_control_top/tb_ppg_control_top_input_light_static_matrix.v:1777', 'rtl/ppg_control_top/tb_ppg_control_top_input_light_static_matrix.v:1780', 'rtl/ppg_control_top/tb_ppg_control_top_input_light_static_matrix.v:1790', 'rtl/ppg_control_top/tb_ppg_control_top_input_light_static_matrix.v:1811', 'rtl/ppg_control_top/tb_ppg_control_top_input_light_static_matrix.v:1814', 'rtl/ppg_control_top/tb_ppg_control_top_input_light_static_matrix.v:1820', 'rtl/ppg_control_top/tb_ppg_control_top_input_light_static_matrix.v:1823']",['contracts/PPG_ALIAS_MAPPING_TABLE.md:247'],[]
ILM-07,['contracts/PPG_REAL_PPG_RAW_GENERATOR_TESTBENCH_CONTRACT.md:635'],"['rtl/ppg_sar9_sar15_safe_selection_wrapper/ppg_sar9_sar15_safe_selection_wrapper.v:381', 'rtl/ppg_sar9_sar15_safe_selection_wrapper/ppg_sar9_sar15_safe_selection_wrapper.v:388', 'rtl/ppg_sar9_sar15_safe_selection_wrapper/ppg_sar9_sar15_safe_selection_wrapper.v:727']","['rtl/ppg_control_top/tb_ppg_control_top_input_light_static_matrix.v:108', 'rtl/ppg_control_top/tb_ppg_control_top_input_light_static_matrix.v:1834', 'rtl/ppg_control_top/tb_ppg_control_top_input_light_static_matrix.v:1855', 'rtl/ppg_control_top/tb_ppg_control_top_input_light_static_matrix.v:1858', 'rtl/ppg_control_top/tb_ppg_control_top_input_light_static_matrix.v:1861', 'rtl/ppg_control_top/tb_ppg_control_top_input_light_static_matrix.v:1864', 'rtl/ppg_control_top/tb_ppg_control_top_input_light_static_matrix.v:1874', 'rtl/ppg_control_top/tb_ppg_control_top_input_light_static_matrix.v:1895', 'rtl/ppg_control_top/tb_ppg_control_top_input_light_static_matrix.v:1898', 'rtl/ppg_control_top/tb_ppg_control_top_input_light_static_matrix.v:1904', 'rtl/ppg_control_top/tb_ppg_control_top_input_light_static_matrix.v:1907']",['contracts/PPG_ALIAS_MAPPING_TABLE.md:248'],[]
ILM-08,['contracts/PPG_REAL_PPG_RAW_GENERATOR_TESTBENCH_CONTRACT.md:636'],['rtl/ppg_system_config_manager/ppg_system_config_manager.v:371'],"['rtl/ppg_control_top/tb_ppg_control_top_input_light_static_matrix.v:58', 'rtl/ppg_control_top/tb_ppg_control_top_input_light_static_matrix.v:61', 'rtl/ppg_control_top/tb_ppg_control_top_input_light_static_matrix.v:109', 'rtl/ppg_control_top/tb_ppg_control_top_input_light_static_matrix.v:335', 'rtl/ppg_control_top/tb_ppg_control_top_input_light_static_matrix.v:1919', 'rtl/ppg_control_top/tb_ppg_control_top_input_light_static_matrix.v:1923', 'rtl/ppg_control_top/tb_ppg_control_top_input_light_static_matrix.v:1927']",['contracts/PPG_ALIAS_MAPPING_TABLE.md:249'],[]
ILM-09,['contracts/PPG_REAL_PPG_RAW_GENERATOR_TESTBENCH_CONTRACT.md:637'],['rtl/ppg_idac_code_controller/ppg_idac_code_controller.v:703'],"['rtl/ppg_control_top/tb_ppg_control_top_input_light_static_matrix.v:85', 'rtl/ppg_control_top/tb_ppg_control_top_input_light_static_matrix.v:188', 'rtl/ppg_control_top/tb_ppg_control_top_input_light_static_matrix.v:188', 'rtl/ppg_control_top/tb_ppg_control_top_input_light_static_matrix.v:188', 'rtl/ppg_control_top/tb_ppg_control_top_input_light_static_matrix.v:255', 'rtl/ppg_control_top/tb_ppg_control_top_input_light_static_matrix.v:1290']",['contracts/PPG_ALIAS_MAPPING_TABLE.md:250'],[]
ILM-10,['contracts/PPG_REAL_PPG_RAW_GENERATOR_TESTBENCH_CONTRACT.md:638'],"['rtl/ppg_system_config_manager/ppg_system_config_manager.v:457', 'rtl/ppg_system_config_manager/ppg_system_config_manager.v:522']","['rtl/ppg_control_top/tb_ppg_control_top_input_light_static_matrix.v:68', 'rtl/ppg_control_top/tb_ppg_control_top_input_light_static_matrix.v:99', 'rtl/ppg_control_top/tb_ppg_control_top_input_light_static_matrix.v:139', 'rtl/ppg_control_top/tb_ppg_control_top_input_light_static_matrix.v:148', 'rtl/ppg_control_top/tb_ppg_control_top_input_light_static_matrix.v:1544', 'rtl/ppg_control_top/tb_ppg_control_top_input_light_static_matrix.v:1592', 'rtl/ppg_control_top/tb_ppg_control_top_input_light_static_matrix.v:1596', 'rtl/ppg_control_top/tb_ppg_control_top_input_light_static_matrix.v:1599', 'rtl/ppg_control_top/tb_ppg_control_top_input_light_static_matrix.v:1614', 'rtl/ppg_control_top/tb_ppg_control_top_input_light_static_matrix.v:1617', 'rtl/ppg_control_top/tb_ppg_control_top_input_light_static_matrix.v:1628', 'rtl/ppg_control_top/tb_ppg_control_top_input_light_static_matrix.v:1635', 'rtl/ppg_control_top/tb_ppg_control_top_input_light_static_matrix.v:1638']",['contracts/PPG_ALIAS_MAPPING_TABLE.md:251'],[]
ILM-11,['contracts/PPG_REAL_PPG_RAW_GENERATOR_TESTBENCH_CONTRACT.md:639'],"['rtl/ppg_sar9_sar15_safe_selection_wrapper/ppg_sar9_sar15_safe_selection_wrapper.v:381', 'rtl/ppg_sar9_sar15_safe_selection_wrapper/ppg_sar9_sar15_safe_selection_wrapper.v:387', 'rtl/ppg_sar9_sar15_safe_selection_wrapper/ppg_sar9_sar15_safe_selection_wrapper.v:733', 'rtl/ppg_sar9_sar15_safe_selection_wrapper/ppg_sar9_sar15_safe_selection_wrapper.v:745', 'rtl/ppg_sar9_sar15_safe_selection_wrapper/ppg_sar9_sar15_safe_selection_wrapper.v:762']","['rtl/ppg_control_top/tb_ppg_control_top_input_light_static_matrix.v:28', 'rtl/ppg_control_top/tb_ppg_control_top_input_light_static_matrix.v:188', 'rtl/ppg_control_top/tb_ppg_control_top_input_light_static_matrix.v:188', 'rtl/ppg_control_top/tb_ppg_control_top_input_light_static_matrix.v:188', 'rtl/ppg_control_top/tb_ppg_control_top_input_light_static_matrix.v:212', 'rtl/ppg_control_top/tb_ppg_control_top_input_light_static_matrix.v:331', 'rtl/ppg_control_top/tb_ppg_control_top_input_light_static_matrix.v:2032', 'rtl/ppg_control_top/tb_ppg_control_top_input_light_static_matrix.v:2074', 'rtl/ppg_control_top/tb_ppg_control_top_input_light_static_matrix.v:2077', 'rtl/ppg_control_top/tb_ppg_control_top_input_light_static_matrix.v:2082', 'rtl/ppg_control_top/tb_ppg_control_top_input_light_static_matrix.v:2101', 'rtl/ppg_control_top/tb_ppg_control_top_input_light_static_matrix.v:2104', 'rtl/ppg_control_top/tb_ppg_control_top_startup_idac_calibration.v:28']",['contracts/PPG_ALIAS_MAPPING_TABLE.md:252'],[]
ILM-12,['contracts/PPG_REAL_PPG_RAW_GENERATOR_TESTBENCH_CONTRACT.md:640'],"['rtl/ppg_sar9_sar15_safe_selection_wrapper/ppg_sar9_sar15_safe_selection_wrapper.v:387', 'rtl/ppg_sar9_sar15_safe_selection_wrapper/ppg_sar9_sar15_safe_selection_wrapper.v:733', 'rtl/ppg_sar9_sar15_safe_selection_wrapper/ppg_sar9_sar15_safe_selection_wrapper.v:742', 'rtl/ppg_sar9_sar15_safe_selection_wrapper/ppg_sar9_sar15_safe_selection_wrapper.v:762', 'rtl/ppg_sar9_sar15_safe_selection_wrapper/ppg_sar9_sar15_safe_selection_wrapper.v:763']","['rtl/ppg_control_top/tb_ppg_control_top_input_light_static_matrix.v:188', 'rtl/ppg_control_top/tb_ppg_control_top_input_light_static_matrix.v:2130', 'rtl/ppg_control_top/tb_ppg_control_top_input_light_static_matrix.v:2136', 'rtl/ppg_control_top/tb_ppg_control_top_input_light_static_matrix.v:2139', 'rtl/ppg_control_top/tb_ppg_control_top_input_light_static_matrix.v:2170', 'rtl/ppg_control_top/tb_ppg_control_top_input_light_static_matrix.v:2175', 'rtl/ppg_control_top/tb_ppg_control_top_input_light_static_matrix.v:2192', 'rtl/ppg_control_top/tb_ppg_control_top_input_light_static_matrix.v:2195']",['contracts/PPG_ALIAS_MAPPING_TABLE.md:253'],[]
ILM-13,['contracts/PPG_REAL_PPG_RAW_GENERATOR_TESTBENCH_CONTRACT.md:641'],['rtl/ppg_sar9_sar15_safe_selection_wrapper/ppg_sar9_sar15_safe_selection_wrapper.v:380'],"['rtl/ppg_control_top/tb_ppg_control_top_input_light_static_matrix.v:27', 'rtl/ppg_control_top/tb_ppg_control_top_input_light_static_matrix.v:111', 'rtl/ppg_control_top/tb_ppg_control_top_input_light_static_matrix.v:125', 'rtl/ppg_control_top/tb_ppg_control_top_input_light_static_matrix.v:159', 'rtl/ppg_control_top/tb_ppg_control_top_input_light_static_matrix.v:336', 'rtl/ppg_control_top/tb_ppg_control_top_input_light_static_matrix.v:1938', 'rtl/ppg_control_top/tb_ppg_control_top_input_light_static_matrix.v:1949', 'rtl/ppg_control_top/tb_ppg_control_top_input_light_static_matrix.v:1963', 'rtl/ppg_control_top/tb_ppg_control_top_input_light_static_matrix.v:1969', 'rtl/ppg_control_top/tb_ppg_control_top_input_light_static_matrix.v:1998', 'rtl/ppg_control_top/tb_ppg_control_top_input_light_static_matrix.v:2001', 'rtl/ppg_control_top/tb_ppg_control_top_input_light_static_matrix.v:2004']",['contracts/PPG_ALIAS_MAPPING_TABLE.md:254'],[]
ILM-14,['contracts/PPG_REAL_PPG_RAW_GENERATOR_TESTBENCH_CONTRACT.md:642'],['rtl/ppg_characterization_control_cdc/ppg_characterization_control_cdc.v:118'],"['rtl/ppg_control_top/tb_ppg_control_top_input_light_static_matrix.v:1966', 'rtl/ppg_control_top/tb_ppg_control_top_input_light_static_matrix.v:2016', 'rtl/ppg_control_top/tb_ppg_control_top_input_light_static_matrix.v:2019']",['contracts/PPG_ALIAS_MAPPING_TABLE.md:255'],[]
ILM-15,['contracts/PPG_REAL_PPG_RAW_GENERATOR_TESTBENCH_CONTRACT.md:643'],['rtl/ppg_system_config_manager/ppg_system_config_manager.v:374'],"['rtl/ppg_control_top/tb_ppg_control_top_input_light_static_matrix.v:71', 'rtl/ppg_control_top/tb_ppg_control_top_input_light_static_matrix.v:93', 'rtl/ppg_control_top/tb_ppg_control_top_input_light_static_matrix.v:117', 'rtl/ppg_control_top/tb_ppg_control_top_input_light_static_matrix.v:262', 'rtl/ppg_control_top/tb_ppg_control_top_input_light_static_matrix.v:1373', 'rtl/ppg_control_top/tb_ppg_control_top_input_light_static_matrix.v:1380', 'rtl/ppg_control_top/tb_ppg_control_top_input_light_static_matrix.v:1384', 'rtl/ppg_control_top/tb_ppg_control_top_input_light_static_matrix.v:1387', 'rtl/ppg_control_top/tb_ppg_control_top_lifecycle_fault_adc_anomaly.v:35']",['contracts/PPG_ALIAS_MAPPING_TABLE.md:256'],[]
ISE-01,['contracts/PPG_REAL_PPG_RAW_GENERATOR_TESTBENCH_CONTRACT.md:664'],"['rtl/ppg_sar9_sar15_safe_selection_wrapper/ppg_sar9_sar15_safe_selection_wrapper.v:808', 'rtl/ppg_sar9_sar15_safe_selection_wrapper/ppg_sar9_sar15_safe_selection_wrapper.v:847']","['rtl/ppg_control_top/tb_ppg_control_top_idac_bus_isolation.v:21', 'rtl/ppg_control_top/tb_ppg_control_top_idac_bus_isolation.v:21', 'rtl/ppg_control_top/tb_ppg_control_top_idac_bus_isolation.v:23', 'rtl/ppg_control_top/tb_ppg_control_top_idac_bus_isolation.v:25', 'rtl/ppg_control_top/tb_ppg_control_top_idac_bus_isolation.v:25', 'rtl/ppg_control_top/tb_ppg_control_top_idac_bus_isolation.v:25', 'rtl/ppg_control_top/tb_ppg_control_top_idac_bus_isolation.v:25', 'rtl/ppg_control_top/tb_ppg_control_top_idac_bus_isolation.v:45', 'rtl/ppg_control_top/tb_ppg_control_top_idac_bus_isolation.v:45', 'rtl/ppg_control_top/tb_ppg_control_top_idac_bus_isolation.v:46', 'rtl/ppg_control_top/tb_ppg_control_top_idac_bus_isolation.v:48', 'rtl/ppg_control_top/tb_ppg_control_top_idac_bus_isolation.v:821', 'rtl/ppg_control_top/tb_ppg_control_top_idac_bus_isolation.v:1081', 'rtl/ppg_control_top/tb_ppg_control_top_idac_bus_isolation.v:1120', 'rtl/ppg_control_top/tb_ppg_control_top_idac_bus_isolation.v:1130', 'rtl/ppg_control_top/tb_ppg_control_top_idac_bus_isolation.v:1142', 'rtl/ppg_control_top/tb_ppg_control_top_idac_bus_isolation.v:1146', 'rtl/ppg_control_top/tb_ppg_control_top_idac_bus_isolation.v:1174', 'rtl/ppg_control_top/tb_ppg_control_top_idac_bus_isolation.v:1174', 'rtl/ppg_control_top/tb_ppg_control_top_idac_bus_isolation.v:1204', 'rtl/ppg_control_top/tb_ppg_control_top_idac_bus_isolation.v:1216', 'rtl/ppg_control_top/tb_ppg_control_top_idac_bus_isolation.v:1220', 'rtl/ppg_control_top/tb_ppg_control_top_idac_bus_isolation.v:1250', 'rtl/ppg_control_top/tb_ppg_control_top_idac_bus_isolation.v:1280', 'rtl/ppg_control_top/tb_ppg_control_top_idac_bus_isolation.v:1292', 'rtl/ppg_control_top/tb_ppg_control_top_idac_bus_isolation.v:1296', 'rtl/ppg_control_top/tb_ppg_control_top_idac_bus_isolation.v:1325']",['contracts/PPG_ALIAS_MAPPING_TABLE.md:281'],[]
ISE-02,['contracts/PPG_REAL_PPG_RAW_GENERATOR_TESTBENCH_CONTRACT.md:665'],"['rtl/ppg_sar9_sar15_safe_selection_wrapper/ppg_sar9_sar15_safe_selection_wrapper.v:808', 'rtl/ppg_sar9_sar15_safe_selection_wrapper/ppg_sar9_sar15_safe_selection_wrapper.v:847']",['rtl/ppg_control_top/tb_ppg_control_top_idac_bus_isolation.v:21'],['contracts/PPG_ALIAS_MAPPING_TABLE.md:282'],[]
ISE-03,['contracts/PPG_REAL_PPG_RAW_GENERATOR_TESTBENCH_CONTRACT.md:666'],"['rtl/ppg_sar9_sar15_safe_selection_wrapper/ppg_sar9_sar15_safe_selection_wrapper.v:808', 'rtl/ppg_sar9_sar15_safe_selection_wrapper/ppg_sar9_sar15_safe_selection_wrapper.v:847']","['rtl/ppg_control_top/tb_ppg_control_top_idac_bus_isolation.v:25', 'rtl/ppg_control_top/tb_ppg_control_top_idac_bus_isolation.v:48', 'rtl/ppg_control_top/tb_ppg_control_top_idac_bus_isolation.v:1102', 'rtl/ppg_control_top/tb_ppg_control_top_idac_bus_isolation.v:1126', 'rtl/ppg_control_top/tb_ppg_control_top_idac_bus_isolation.v:1171', 'rtl/ppg_control_top/tb_ppg_control_top_idac_bus_isolation.v:1174']",['contracts/PPG_ALIAS_MAPPING_TABLE.md:283'],[]
ISE-04,['contracts/PPG_REAL_PPG_RAW_GENERATOR_TESTBENCH_CONTRACT.md:667'],"['rtl/ppg_sar9_sar15_safe_selection_wrapper/ppg_sar9_sar15_safe_selection_wrapper.v:652', 'rtl/ppg_sar9_sar15_safe_selection_wrapper/ppg_sar9_sar15_safe_selection_wrapper.v:654', 'rtl/ppg_sar9_sar15_safe_selection_wrapper/ppg_sar9_sar15_safe_selection_wrapper.v:702', 'rtl/ppg_sar9_sar15_safe_selection_wrapper/ppg_sar9_sar15_safe_selection_wrapper.v:704']","['rtl/ppg_control_top/tb_ppg_control_top_idac_bus_isolation.v:23', 'rtl/ppg_control_top/tb_ppg_control_top_idac_bus_isolation.v:23', 'rtl/ppg_control_top/tb_ppg_control_top_idac_bus_isolation.v:23', 'rtl/ppg_control_top/tb_ppg_control_top_idac_bus_isolation.v:25', 'rtl/ppg_control_top/tb_ppg_control_top_idac_bus_isolation.v:777', 'rtl/ppg_control_top/tb_ppg_control_top_idac_bus_isolation.v:926', 'rtl/ppg_control_top/tb_ppg_control_top_idac_bus_isolation.v:944', 'rtl/ppg_control_top/tb_ppg_control_top_idac_bus_isolation.v:955', 'rtl/ppg_control_top/tb_ppg_control_top_idac_bus_isolation.v:958', 'rtl/ppg_control_top/tb_ppg_control_top_idac_bus_isolation.v:981']",['contracts/PPG_ALIAS_MAPPING_TABLE.md:284'],[]
ISE-05,['contracts/PPG_REAL_PPG_RAW_GENERATOR_TESTBENCH_CONTRACT.md:668'],"['rtl/ppg_sar9_sar15_safe_selection_wrapper/ppg_sar9_sar15_safe_selection_wrapper.v:642', 'rtl/ppg_sar9_sar15_safe_selection_wrapper/ppg_sar9_sar15_safe_selection_wrapper.v:644', 'rtl/ppg_sar9_sar15_safe_selection_wrapper/ppg_sar9_sar15_safe_selection_wrapper.v:692', 'rtl/ppg_sar9_sar15_safe_selection_wrapper/ppg_sar9_sar15_safe_selection_wrapper.v:694']","['rtl/ppg_control_top/tb_ppg_control_top_idac_bus_isolation.v:23', 'rtl/ppg_control_top/tb_ppg_control_top_idac_bus_isolation.v:786', 'rtl/ppg_control_top/tb_ppg_control_top_idac_bus_isolation.v:983', 'rtl/ppg_control_top/tb_ppg_control_top_idac_bus_isolation.v:1001', 'rtl/ppg_control_top/tb_ppg_control_top_idac_bus_isolation.v:1009', 'rtl/ppg_control_top/tb_ppg_control_top_idac_bus_isolation.v:1012', 'rtl/ppg_control_top/tb_ppg_control_top_idac_bus_isolation.v:1035']",['contracts/PPG_ALIAS_MAPPING_TABLE.md:285'],[]
ISE-06,['contracts/PPG_REAL_PPG_RAW_GENERATOR_TESTBENCH_CONTRACT.md:669'],"['rtl/ppg_sar9_sar15_safe_selection_wrapper/ppg_sar9_sar15_safe_selection_wrapper.v:615', 'rtl/ppg_sar9_sar15_safe_selection_wrapper/ppg_sar9_sar15_safe_selection_wrapper.v:742', 'rtl/ppg_sar9_sar15_safe_selection_wrapper/ppg_sar9_sar15_safe_selection_wrapper.v:745', 'rtl/ppg_sar9_sar15_safe_selection_wrapper/ppg_sar9_sar15_safe_selection_wrapper.v:747']","['rtl/ppg_control_top/tb_ppg_control_top_idac_bus_isolation.v:23', 'rtl/ppg_control_top/tb_ppg_control_top_idac_bus_isolation.v:23', 'rtl/ppg_control_top/tb_ppg_control_top_idac_bus_isolation.v:23', 'rtl/ppg_control_top/tb_ppg_control_top_idac_bus_isolation.v:25', 'rtl/ppg_control_top/tb_ppg_control_top_idac_bus_isolation.v:25', 'rtl/ppg_control_top/tb_ppg_control_top_idac_bus_isolation.v:25', 'rtl/ppg_control_top/tb_ppg_control_top_idac_bus_isolation.v:1037', 'rtl/ppg_control_top/tb_ppg_control_top_idac_bus_isolation.v:1051', 'rtl/ppg_control_top/tb_ppg_control_top_idac_bus_isolation.v:1055', 'rtl/ppg_control_top/tb_ppg_control_top_idac_bus_isolation.v:1102', 'rtl/ppg_control_top/tb_ppg_control_top_idac_bus_isolation.v:1129', 'rtl/ppg_control_top/tb_ppg_control_top_idac_bus_isolation.v:1175', 'rtl/ppg_control_top/tb_ppg_control_top_idac_bus_isolation.v:1203']",['contracts/PPG_ALIAS_MAPPING_TABLE.md:286'],[]
ISE-07,['contracts/PPG_REAL_PPG_RAW_GENERATOR_TESTBENCH_CONTRACT.md:670'],"['rtl/ppg_sar9_sar15_safe_selection_wrapper/ppg_sar9_sar15_safe_selection_wrapper.v:642', 'rtl/ppg_sar9_sar15_safe_selection_wrapper/ppg_sar9_sar15_safe_selection_wrapper.v:652']","['rtl/ppg_control_top/tb_ppg_control_top_idac_bus_isolation.v:23', 'rtl/ppg_control_top/tb_ppg_control_top_idac_bus_isolation.v:23', 'rtl/ppg_control_top/tb_ppg_control_top_idac_bus_isolation.v:926', 'rtl/ppg_control_top/tb_ppg_control_top_idac_bus_isolation.v:983']",['contracts/PPG_ALIAS_MAPPING_TABLE.md:287'],[]
ISE-08,['contracts/PPG_REAL_PPG_RAW_GENERATOR_TESTBENCH_CONTRACT.md:671'],"['rtl/ppg_idac_code_controller/ppg_idac_code_controller.v:878', 'rtl/ppg_idac_code_controller/ppg_idac_code_controller.v:893']","['rtl/ppg_control_top/tb_ppg_control_top_idac_bus_isolation.v:25', 'rtl/ppg_control_top/tb_ppg_control_top_idac_bus_isolation.v:48', 'rtl/ppg_control_top/tb_ppg_control_top_idac_bus_isolation.v:1245', 'rtl/ppg_control_top/tb_ppg_control_top_idac_bus_isolation.v:1251', 'rtl/ppg_control_top/tb_ppg_control_top_idac_bus_isolation.v:1320', 'rtl/ppg_control_top/tb_ppg_control_top_idac_bus_isolation.v:1326']",['contracts/PPG_ALIAS_MAPPING_TABLE.md:288'],[]
ISE-09,['contracts/PPG_REAL_PPG_RAW_GENERATOR_TESTBENCH_CONTRACT.md:672'],['rtl/ppg_idac_code_controller/ppg_idac_code_controller.v:597'],"['rtl/ppg_control_top/tb_ppg_control_top_idac_bus_isolation.v:25', 'rtl/ppg_control_top/tb_ppg_control_top_idac_bus_isolation.v:25', 'rtl/ppg_control_top/tb_ppg_control_top_idac_bus_isolation.v:1428', 'rtl/ppg_control_top/tb_ppg_control_top_idac_bus_isolation.v:1449', 'rtl/ppg_control_top/tb_ppg_control_top_idac_bus_isolation.v:1452']",['contracts/PPG_ALIAS_MAPPING_TABLE.md:289'],[]
ISE-10,['contracts/PPG_REAL_PPG_RAW_GENERATOR_TESTBENCH_CONTRACT.md:673'],['rtl/ppg_idac_code_controller/ppg_idac_code_controller.v:879'],"['rtl/ppg_control_top/tb_ppg_control_top_idac_bus_isolation.v:25', 'rtl/ppg_control_top/tb_ppg_control_top_idac_bus_isolation.v:25', 'rtl/ppg_control_top/tb_ppg_control_top_idac_bus_isolation.v:1456', 'rtl/ppg_control_top/tb_ppg_control_top_idac_bus_isolation.v:1493', 'rtl/ppg_control_top/tb_ppg_control_top_idac_bus_isolation.v:1498']",['contracts/PPG_ALIAS_MAPPING_TABLE.md:290'],[]
JNT-01,[],[],"['rtl/ppg_control_top/tb_ppg_control_top_adc_numeric_scoreboard.v:26', 'rtl/ppg_control_top/tb_ppg_control_top_adc_numeric_scoreboard.v:26', 'rtl/ppg_control_top/tb_ppg_control_top_adc_numeric_scoreboard.v:27', 'rtl/ppg_control_top/tb_ppg_control_top_adc_numeric_scoreboard.v:49', 'rtl/ppg_control_top/tb_ppg_control_top_adc_numeric_scoreboard.v:50', 'rtl/ppg_control_top/tb_ppg_control_top_baseline_cross.v:32', 'rtl/ppg_control_top/tb_ppg_control_top_baseline_cross.v:59', 'rtl/ppg_control_top/tb_ppg_control_top_baseline_cross.v:136', 'rtl/ppg_control_top/tb_ppg_control_top_baseline_cross.v:824', 'rtl/ppg_control_top/tb_ppg_control_top_baseline_cross.v:828', 'rtl/ppg_control_top/tb_ppg_control_top_baseline_cross.v:861', 'rtl/ppg_control_top/tb_ppg_control_top_fir_tail_isolation.v:29', 'rtl/ppg_control_top/tb_ppg_control_top_fir_tail_isolation.v:770', 'rtl/ppg_control_top/tb_ppg_control_top_fir_tail_isolation.v:774', 'rtl/ppg_control_top/tb_ppg_control_top_fir_tail_isolation.v:807', 'rtl/ppg_control_top/tb_ppg_control_top_idac_bus_isolation.v:23', 'rtl/ppg_control_top/tb_ppg_control_top_idac_bus_isolation.v:46', 'rtl/ppg_control_top/tb_ppg_control_top_input_light_static_matrix.v:35', 'rtl/ppg_control_top/tb_ppg_control_top_input_light_static_matrix.v:93', 'rtl/ppg_control_top/tb_ppg_control_top_input_light_static_matrix.v:219', 'rtl/ppg_control_top/tb_ppg_control_top_input_light_static_matrix.v:261', 'rtl/ppg_control_top/tb_ppg_control_top_long_10_cycles.v:29', 'rtl/ppg_control_top/tb_ppg_control_top_long_10_cycles.v:878', 'rtl/ppg_control_top/tb_ppg_control_top_long_10_cycles.v:882', 'rtl/ppg_control_top/tb_ppg_control_top_long_10_cycles.v:915', 'rtl/ppg_control_top/tb_ppg_control_top_owner_identity_backpressure.v:935', 'rtl/ppg_control_top/tb_ppg_control_top_peak_valley_return.v:28', 'rtl/ppg_control_top/tb_ppg_control_top_peak_valley_return.v:754', 'rtl/ppg_control_top/tb_ppg_control_top_peak_valley_return.v:758', 'rtl/ppg_control_top/tb_ppg_control_top_peak_valley_return.v:791', 'rtl/ppg_control_top/tb_ppg_control_top_robustness_corner_waveforms.v:37', 'rtl/ppg_control_top/tb_ppg_control_top_robustness_corner_waveforms.v:67', 'rtl/ppg_control_top/tb_ppg_control_top_robustness_corner_waveforms.v:851', 'rtl/ppg_control_top/tb_ppg_jnt_baseline_prefix.vh:6', 'rtl/ppg_control_top/tb_ppg_jnt_baseline_prefix.vh:8', 'rtl/ppg_control_top/tb_ppg_jnt_baseline_prefix.vh:22', 'rtl/ppg_control_top/tb_ppg_jnt_baseline_prefix.vh:42', 'rtl/ppg_control_top/tb_ppg_jnt_baseline_prefix.vh:97', 'rtl/ppg_control_top/tb_ppg_jnt_baseline_prefix.vh:162', 'rtl/ppg_control_top/tb_ppg_jnt_baseline_prefix.vh:176', 'rtl/ppg_control_top/tb_ppg_jnt_baseline_prefix.vh:241', 'rtl/ppg_control_top/tb_ppg_jnt_baseline_prefix.vh:296', 'rtl/ppg_control_top/tb_ppg_jnt_baseline_prefix.vh:303', 'rtl/ppg_control_top/tb_ppg_jnt_baseline_prefix.vh:306', 'rtl/ppg_control_top/tb_ppg_jnt_baseline_prefix.vh:322', 'rtl/ppg_control_top/tb_ppg_jnt_baseline_prefix.vh:323', 'rtl/ppg_control_top/tb_ppg_jnt_baseline_prefix.vh:358', 'rtl/ppg_control_top/tb_ppg_jnt_baseline_prefix.vh:499', 'rtl/ppg_control_top/tb_ppg_jnt_baseline_prefix.vh:592', 'rtl/ppg_control_top/tb_ppg_jnt_baseline_prefix.vh:627', 'rtl/ppg_control_top/tb_ppg_jnt_baseline_prefix.vh:630']",['contracts/PPG_ALIAS_MAPPING_TABLE.md:128'],"['contract_table', 'rtl_tag']"
JNT-09,[],[],"['rtl/ppg_control_top/tb_ppg_jnt_baseline_prefix.vh:89', 'rtl/ppg_control_top/tb_ppg_jnt_baseline_prefix.vh:133', 'rtl/ppg_control_top/tb_ppg_jnt_baseline_prefix.vh:757', 'rtl/ppg_control_top/tb_ppg_jnt_baseline_prefix.vh:791']",['contracts/PPG_ALIAS_MAPPING_TABLE.md:135'],"['contract_table', 'rtl_tag']"
K01,[],"['rtl/ppg_adc_measurement_idac_integration/ppg_adc_measurement_idac_integration.v:1153', 'rtl/ppg_adc_measurement_idac_integration/ppg_adc_measurement_idac_integration.v:2431', 'rtl/ppg_adc_measurement_idac_integration/ppg_adc_measurement_idac_integration.v:2576', 'rtl/ppg_idac_code_controller/ppg_idac_code_controller.v:581', 'rtl/ppg_idac_code_controller/ppg_idac_code_controller.v:638', 'rtl/ppg_precision_window_controller/ppg_precision_window_controller.v:138', 'rtl/ppg_precision_window_integration/ppg_precision_window_integration.v:472', 'rtl/ppg_precision_window_integration/ppg_precision_window_integration.v:961']",[],"['contracts/PPG_ALIAS_MAPPING_TABLE.md:58', 'contracts/PPG_ALIAS_MAPPING_TABLE.md:59', 'contracts/PPG_ALIAS_MAPPING_TABLE.md:60', 'contracts/PPG_ALIAS_MAPPING_TABLE.md:61', 'contracts/PPG_ALIAS_MAPPING_TABLE.md:62']","['contract_table', 'tb_tag_or_text']"
K02,[],['rtl/ppg_system_fault_abort_supervisor/ppg_system_fault_abort_supervisor.v:198'],['rtl/ppg_system_fault_abort_supervisor/tb_ppg_system_fault_abort_supervisor.v:22'],['contracts/PPG_ALIAS_MAPPING_TABLE.md:63'],['contract_table']
K03,[],"['rtl/ppg_adc_measurement_idac_integration/ppg_adc_measurement_idac_integration.v:92', 'rtl/ppg_idac_code_controller/ppg_idac_code_controller.v:61', 'rtl/ppg_precision_window_integration/ppg_precision_window_integration.v:71']",[],"['contracts/PPG_ALIAS_MAPPING_TABLE.md:64', 'contracts/PPG_ALIAS_MAPPING_TABLE.md:65', 'contracts/PPG_ALIAS_MAPPING_TABLE.md:66']","['contract_table', 'tb_tag_or_text']"
K04,[],"['rtl/ppg_precision_window_controller/ppg_precision_window_controller.v:267', 'rtl/ppg_precision_window_integration/ppg_precision_window_integration.v:443']",[],"['contracts/PPG_ALIAS_MAPPING_TABLE.md:67', 'contracts/PPG_ALIAS_MAPPING_TABLE.md:68']","['contract_table', 'tb_tag_or_text']"
K05,[],['rtl/ppg_precision_window_controller/ppg_precision_window_controller.v:138'],[],['contracts/PPG_ALIAS_MAPPING_TABLE.md:69'],"['contract_table', 'tb_tag_or_text']"
L01,[],[],[],['contracts/PPG_ALIAS_MAPPING_TABLE.md:454'],"['contract_table', 'rtl_tag', 'tb_tag_or_text']"
LFA-01,['contracts/PPG_REAL_PPG_RAW_GENERATOR_TESTBENCH_CONTRACT.md:694'],"['rtl/ppg_400hz_frame_calibration_scheduler/ppg_400hz_frame_calibration_scheduler.v:453', 'rtl/ppg_idac_code_controller/ppg_idac_code_controller.v:1124']","['rtl/ppg_control_top/tb_ppg_control_top_lifecycle_fault_adc_anomaly.v:29', 'rtl/ppg_control_top/tb_ppg_control_top_lifecycle_fault_adc_anomaly.v:29', 'rtl/ppg_control_top/tb_ppg_control_top_lifecycle_fault_adc_anomaly.v:34', 'rtl/ppg_control_top/tb_ppg_control_top_lifecycle_fault_adc_anomaly.v:62', 'rtl/ppg_control_top/tb_ppg_control_top_lifecycle_fault_adc_anomaly.v:66', 'rtl/ppg_control_top/tb_ppg_control_top_lifecycle_fault_adc_anomaly.v:989', 'rtl/ppg_control_top/tb_ppg_control_top_lifecycle_fault_adc_anomaly.v:999', 'rtl/ppg_control_top/tb_ppg_control_top_lifecycle_fault_adc_anomaly.v:1008', 'rtl/ppg_control_top/tb_ppg_control_top_lifecycle_fault_adc_anomaly.v:1023', 'rtl/ppg_control_top/tb_ppg_control_top_lifecycle_fault_adc_anomaly.v:1030', 'rtl/ppg_control_top/tb_ppg_control_top_lifecycle_fault_adc_anomaly.v:1033', 'rtl/ppg_control_top/tb_ppg_control_top_lifecycle_fault_adc_anomaly.v:1036', 'rtl/ppg_control_top/tb_ppg_control_top_lifecycle_fault_adc_anomaly.v:1039', 'rtl/ppg_control_top/tb_ppg_control_top_lifecycle_fault_adc_anomaly.v:1048', 'rtl/ppg_control_top/tb_ppg_control_top_lifecycle_fault_adc_anomaly.v:1051', 'rtl/ppg_control_top/tb_ppg_control_top_lifecycle_fault_adc_anomaly.v:1059', 'rtl/ppg_control_top/tb_ppg_control_top_lifecycle_fault_adc_anomaly.v:1071', 'rtl/ppg_control_top/tb_ppg_control_top_lifecycle_fault_adc_anomaly.v:1100']",['contracts/PPG_ALIAS_MAPPING_TABLE.md:153'],[]
LFA-02,['contracts/PPG_REAL_PPG_RAW_GENERATOR_TESTBENCH_CONTRACT.md:695'],['rtl/ppg_400hz_frame_calibration_scheduler/ppg_400hz_frame_calibration_scheduler.v:453'],"['rtl/ppg_control_top/tb_ppg_control_top_lifecycle_fault_adc_anomaly.v:33', 'rtl/ppg_control_top/tb_ppg_control_top_lifecycle_fault_adc_anomaly.v:33', 'rtl/ppg_control_top/tb_ppg_control_top_lifecycle_fault_adc_anomaly.v:64', 'rtl/ppg_control_top/tb_ppg_control_top_lifecycle_fault_adc_anomaly.v:1354', 'rtl/ppg_control_top/tb_ppg_control_top_lifecycle_fault_adc_anomaly.v:1700', 'rtl/ppg_control_top/tb_ppg_control_top_lifecycle_fault_adc_anomaly.v:1704', 'rtl/ppg_control_top/tb_ppg_control_top_lifecycle_fault_adc_anomaly.v:1750']",['contracts/PPG_ALIAS_MAPPING_TABLE.md:154'],[]
LFA-03,['contracts/PPG_REAL_PPG_RAW_GENERATOR_TESTBENCH_CONTRACT.md:696'],['rtl/ppg_amb_recheck_scheduler/ppg_amb_recheck_scheduler.v:248'],"['rtl/ppg_control_top/tb_ppg_control_top_lifecycle_fault_adc_anomaly.v:1930', 'rtl/ppg_control_top/tb_ppg_control_top_lifecycle_fault_adc_anomaly.v:1945', 'rtl/ppg_control_top/tb_ppg_control_top_lifecycle_fault_adc_anomaly.v:1955', 'rtl/ppg_control_top/tb_ppg_control_top_lifecycle_fault_adc_anomaly.v:1961', 'rtl/ppg_control_top/tb_ppg_control_top_lifecycle_fault_adc_anomaly.v:1964']",['contracts/PPG_ALIAS_MAPPING_TABLE.md:155'],[]
LFA-04,['contracts/PPG_REAL_PPG_RAW_GENERATOR_TESTBENCH_CONTRACT.md:697'],"['rtl/ppg_adc_measurement_idac_integration/ppg_adc_measurement_idac_integration.v:1226', 'rtl/ppg_adc_measurement_idac_integration/ppg_adc_measurement_idac_integration.v:1496']","['rtl/ppg_control_top/tb_ppg_control_top_lifecycle_fault_adc_anomaly.v:28', 'rtl/ppg_control_top/tb_ppg_control_top_lifecycle_fault_adc_anomaly.v:34', 'rtl/ppg_control_top/tb_ppg_control_top_lifecycle_fault_adc_anomaly.v:35', 'rtl/ppg_control_top/tb_ppg_control_top_lifecycle_fault_adc_anomaly.v:1183', 'rtl/ppg_control_top/tb_ppg_control_top_lifecycle_fault_adc_anomaly.v:1188', 'rtl/ppg_control_top/tb_ppg_control_top_lifecycle_fault_adc_anomaly.v:1197', 'rtl/ppg_control_top/tb_ppg_control_top_lifecycle_fault_adc_anomaly.v:1205', 'rtl/ppg_control_top/tb_ppg_control_top_lifecycle_fault_adc_anomaly.v:1208', 'rtl/ppg_control_top/tb_ppg_control_top_lifecycle_fault_adc_anomaly.v:1211', 'rtl/ppg_control_top/tb_ppg_control_top_lifecycle_fault_adc_anomaly.v:1232']","['contracts/PPG_ALIAS_MAPPING_TABLE.md:135', 'contracts/PPG_ALIAS_MAPPING_TABLE.md:475']",[]
LFA-05,['contracts/PPG_REAL_PPG_RAW_GENERATOR_TESTBENCH_CONTRACT.md:698'],"['rtl/ppg_400hz_frame_calibration_scheduler/ppg_400hz_frame_calibration_scheduler.v:878', 'rtl/ppg_adc_async_stage_capture/ppg_adc_async_stage_capture.v:107']","['rtl/ppg_control_top/tb_ppg_control_top_lifecycle_fault_adc_anomaly.v:28', 'rtl/ppg_control_top/tb_ppg_control_top_lifecycle_fault_adc_anomaly.v:34', 'rtl/ppg_control_top/tb_ppg_control_top_lifecycle_fault_adc_anomaly.v:34', 'rtl/ppg_control_top/tb_ppg_control_top_lifecycle_fault_adc_anomaly.v:1968', 'rtl/ppg_control_top/tb_ppg_control_top_lifecycle_fault_adc_anomaly.v:1978', 'rtl/ppg_control_top/tb_ppg_control_top_lifecycle_fault_adc_anomaly.v:1988', 'rtl/ppg_control_top/tb_ppg_control_top_lifecycle_fault_adc_anomaly.v:2004', 'rtl/ppg_control_top/tb_ppg_control_top_lifecycle_fault_adc_anomaly.v:2007', 'rtl/ppg_control_top/tb_ppg_control_top_lifecycle_fault_adc_anomaly.v:2023', 'rtl/ppg_control_top/tb_ppg_control_top_lifecycle_fault_adc_anomaly.v:2063', 'rtl/ppg_control_top/tb_ppg_control_top_lifecycle_fault_adc_anomaly.v:2077', 'rtl/ppg_control_top/tb_ppg_control_top_lifecycle_fault_adc_anomaly.v:2080', 'rtl/ppg_control_top/tb_ppg_control_top_lifecycle_fault_adc_anomaly.v:2083']",['contracts/PPG_ALIAS_MAPPING_TABLE.md:156'],[]
LFA-06,['contracts/PPG_REAL_PPG_RAW_GENERATOR_TESTBENCH_CONTRACT.md:699'],[],"['rtl/ppg_400hz_frame_calibration_scheduler/tb_ppg_400hz_frame_calibration_scheduler.v:23', 'rtl/ppg_400hz_frame_calibration_scheduler/tb_ppg_400hz_frame_calibration_scheduler.v:23', 'rtl/ppg_400hz_frame_calibration_scheduler/tb_ppg_400hz_frame_calibration_scheduler.v:276', 'rtl/ppg_control_top/tb_ppg_control_top_lifecycle_fault_adc_anomaly.v:28', 'rtl/ppg_control_top/tb_ppg_control_top_lifecycle_fault_adc_anomaly.v:28', 'rtl/ppg_control_top/tb_ppg_control_top_lifecycle_fault_adc_anomaly.v:28', 'rtl/ppg_control_top/tb_ppg_control_top_lifecycle_fault_adc_anomaly.v:29', 'rtl/ppg_control_top/tb_ppg_control_top_lifecycle_fault_adc_anomaly.v:31', 'rtl/ppg_control_top/tb_ppg_control_top_lifecycle_fault_adc_anomaly.v:31', 'rtl/ppg_control_top/tb_ppg_control_top_lifecycle_fault_adc_anomaly.v:31', 'rtl/ppg_control_top/tb_ppg_control_top_lifecycle_fault_adc_anomaly.v:34', 'rtl/ppg_control_top/tb_ppg_control_top_lifecycle_fault_adc_anomaly.v:35', 'rtl/ppg_control_top/tb_ppg_control_top_lifecycle_fault_adc_anomaly.v:62', 'rtl/ppg_control_top/tb_ppg_control_top_lifecycle_fault_adc_anomaly.v:67', 'rtl/ppg_control_top/tb_ppg_control_top_lifecycle_fault_adc_anomaly.v:2101', 'rtl/ppg_control_top/tb_ppg_control_top_lifecycle_fault_adc_anomaly.v:2133', 'rtl/ppg_control_top/tb_ppg_control_top_lifecycle_fault_adc_anomaly.v:2143', 'rtl/ppg_control_top/tb_ppg_control_top_lifecycle_fault_adc_anomaly.v:2147', 'rtl/ppg_control_top/tb_ppg_control_top_lifecycle_fault_adc_anomaly.v:2150', 'rtl/ppg_control_top/tb_ppg_control_top_lifecycle_fault_adc_anomaly.v:2153', 'rtl/ppg_control_top/tb_ppg_control_top_lifecycle_fault_adc_anomaly.v:2156', 'rtl/ppg_control_top/tb_ppg_control_top_owner_identity_backpressure.v:26', 'rtl/ppg_control_top/tb_ppg_control_top_owner_identity_backpressure.v:28', 'rtl/ppg_control_top/tb_ppg_control_top_owner_identity_backpressure.v:30', 'rtl/ppg_control_top/tb_ppg_control_top_owner_identity_backpressure.v:30', 'rtl/ppg_control_top/tb_ppg_control_top_owner_identity_backpressure.v:57', 'rtl/ppg_control_top/tb_ppg_control_top_owner_identity_backpressure.v:59', 'rtl/ppg_control_top/tb_ppg_control_top_robustness_corner_waveforms.v:33', 'rtl/ppg_control_top/tb_ppg_control_top_robustness_corner_waveforms.v:34', 'rtl/ppg_control_top/tb_ppg_control_top_robustness_corner_waveforms.v:38', 'rtl/ppg_control_top/tb_ppg_control_top_robustness_corner_waveforms.v:63', 'rtl/ppg_control_top/tb_ppg_control_top_robustness_corner_waveforms.v:1632']",['contracts/PPG_ALIAS_MAPPING_TABLE.md:163'],['rtl_tag']
LFA-07,['contracts/PPG_REAL_PPG_RAW_GENERATOR_TESTBENCH_CONTRACT.md:700'],['rtl/ppg_adc_async_stage_capture/ppg_adc_async_stage_capture.v:107'],"['rtl/ppg_control_top/tb_ppg_control_top_lifecycle_fault_adc_anomaly.v:28', 'rtl/ppg_control_top/tb_ppg_control_top_lifecycle_fault_adc_anomaly.v:28', 'rtl/ppg_control_top/tb_ppg_control_top_lifecycle_fault_adc_anomaly.v:34', 'rtl/ppg_control_top/tb_ppg_control_top_lifecycle_fault_adc_anomaly.v:34', 'rtl/ppg_control_top/tb_ppg_control_top_lifecycle_fault_adc_anomaly.v:816', 'rtl/ppg_control_top/tb_ppg_control_top_lifecycle_fault_adc_anomaly.v:1246', 'rtl/ppg_control_top/tb_ppg_control_top_lifecycle_fault_adc_anomaly.v:1253', 'rtl/ppg_control_top/tb_ppg_control_top_lifecycle_fault_adc_anomaly.v:1280', 'rtl/ppg_control_top/tb_ppg_control_top_lifecycle_fault_adc_anomaly.v:1308', 'rtl/ppg_control_top/tb_ppg_control_top_lifecycle_fault_adc_anomaly.v:1311', 'rtl/ppg_control_top/tb_ppg_control_top_lifecycle_fault_adc_anomaly.v:1314', 'rtl/ppg_control_top/tb_ppg_control_top_lifecycle_fault_adc_anomaly.v:1318', 'rtl/ppg_control_top/tb_ppg_control_top_lifecycle_fault_adc_anomaly.v:1329', 'rtl/ppg_control_top/tb_ppg_control_top_lifecycle_fault_adc_anomaly.v:1332', 'rtl/ppg_control_top/tb_ppg_control_top_lifecycle_fault_adc_anomaly.v:1340']",['contracts/PPG_ALIAS_MAPPING_TABLE.md:157'],[]
LFA-08,['contracts/PPG_REAL_PPG_RAW_GENERATOR_TESTBENCH_CONTRACT.md:701'],[],"['rtl/ppg_control_top/tb_ppg_control_top_injection.v:21', 'rtl/ppg_control_top/tb_ppg_control_top_injection.v:21', 'rtl/ppg_control_top/tb_ppg_control_top_injection.v:21', 'rtl/ppg_control_top/tb_ppg_control_top_injection.v:41', 'rtl/ppg_control_top/tb_ppg_control_top_injection.v:727', 'rtl/ppg_control_top/tb_ppg_control_top_injection.v:852', 'rtl/ppg_control_top/tb_ppg_control_top_injection.v:880', 'rtl/ppg_control_top/tb_ppg_control_top_injection.v:883', 'rtl/ppg_control_top/tb_ppg_control_top_injection.v:904', 'rtl/ppg_control_top/tb_ppg_control_top_lifecycle_fault_adc_anomaly.v:29', 'rtl/ppg_control_top/tb_ppg_control_top_lifecycle_fault_adc_anomaly.v:30', 'rtl/ppg_control_top/tb_ppg_control_top_lifecycle_fault_adc_anomaly.v:30', 'rtl/ppg_control_top/tb_ppg_control_top_lifecycle_fault_adc_anomaly.v:30', 'rtl/ppg_control_top/tb_ppg_control_top_lifecycle_fault_adc_anomaly.v:62', 'rtl/ppg_control_top/tb_ppg_control_top_robustness_corner_waveforms.v:37', 'rtl/ppg_control_top/tb_ppg_control_top_startup_idac_calibration.v:27', 'rtl/ppg_control_top/tb_ppg_control_top_startup_idac_calibration.v:55', 'rtl/ppg_control_top/tb_ppg_control_top_startup_idac_calibration.v:915', 'rtl/ppg_control_top/tb_ppg_control_top_startup_idac_calibration.v:982']","['contracts/PPG_ALIAS_MAPPING_TABLE.md:47', 'contracts/PPG_ALIAS_MAPPING_TABLE.md:455']",['rtl_tag']
LFA-09,['contracts/PPG_REAL_PPG_RAW_GENERATOR_TESTBENCH_CONTRACT.md:702'],['rtl/ppg_400hz_frame_calibration_scheduler/ppg_400hz_frame_calibration_scheduler.v:739'],"['rtl/ppg_control_top/tb_ppg_control_top_lifecycle_fault_adc_anomaly.v:32', 'rtl/ppg_control_top/tb_ppg_control_top_lifecycle_fault_adc_anomaly.v:34', 'rtl/ppg_control_top/tb_ppg_control_top_lifecycle_fault_adc_anomaly.v:1107', 'rtl/ppg_control_top/tb_ppg_control_top_lifecycle_fault_adc_anomaly.v:1146', 'rtl/ppg_control_top/tb_ppg_control_top_lifecycle_fault_adc_anomaly.v:1149', 'rtl/ppg_control_top/tb_ppg_control_top_lifecycle_fault_adc_anomaly.v:1153', 'rtl/ppg_control_top/tb_ppg_control_top_lifecycle_fault_adc_anomaly.v:1156', 'rtl/ppg_control_top/tb_ppg_control_top_lifecycle_fault_adc_anomaly.v:1169', 'rtl/ppg_control_top/tb_ppg_control_top_owner_identity_backpressure.v:30', 'rtl/ppg_control_top/tb_ppg_control_top_owner_identity_backpressure.v:32']",['contracts/PPG_ALIAS_MAPPING_TABLE.md:158'],[]
LFA-10,['contracts/PPG_REAL_PPG_RAW_GENERATOR_TESTBENCH_CONTRACT.md:703'],['rtl/ppg_sar9_sar15_safe_selection_wrapper/ppg_sar9_sar15_safe_selection_wrapper.v:440'],"['rtl/ppg_control_top/tb_ppg_control_top_baseline_cross.v:25', 'rtl/ppg_control_top/tb_ppg_control_top_baseline_cross.v:26', 'rtl/ppg_control_top/tb_ppg_control_top_baseline_cross.v:108', 'rtl/ppg_control_top/tb_ppg_control_top_baseline_cross.v:1616', 'rtl/ppg_control_top/tb_ppg_control_top_lifecycle_fault_adc_anomaly.v:32', 'rtl/ppg_control_top/tb_ppg_control_top_lifecycle_fault_adc_anomaly.v:33', 'rtl/ppg_control_top/tb_ppg_control_top_lifecycle_fault_adc_anomaly.v:33', 'rtl/ppg_control_top/tb_ppg_control_top_lifecycle_fault_adc_anomaly.v:34', 'rtl/ppg_control_top/tb_ppg_control_top_lifecycle_fault_adc_anomaly.v:34', 'rtl/ppg_control_top/tb_ppg_control_top_lifecycle_fault_adc_anomaly.v:35', 'rtl/ppg_control_top/tb_ppg_control_top_lifecycle_fault_adc_anomaly.v:35', 'rtl/ppg_control_top/tb_ppg_control_top_lifecycle_fault_adc_anomaly.v:64', 'rtl/ppg_control_top/tb_ppg_control_top_lifecycle_fault_adc_anomaly.v:66', 'rtl/ppg_control_top/tb_ppg_control_top_lifecycle_fault_adc_anomaly.v:66', 'rtl/ppg_control_top/tb_ppg_control_top_lifecycle_fault_adc_anomaly.v:67', 'rtl/ppg_control_top/tb_ppg_control_top_lifecycle_fault_adc_anomaly.v:161', 'rtl/ppg_control_top/tb_ppg_control_top_lifecycle_fault_adc_anomaly.v:1700', 'rtl/ppg_control_top/tb_ppg_control_top_lifecycle_fault_adc_anomaly.v:1705', 'rtl/ppg_control_top/tb_ppg_control_top_lifecycle_fault_adc_anomaly.v:1766', 'rtl/ppg_control_top/tb_ppg_control_top_lifecycle_fault_adc_anomaly.v:1873', 'rtl/ppg_control_top/tb_ppg_control_top_lifecycle_fault_adc_anomaly.v:1902', 'rtl/ppg_control_top/tb_ppg_control_top_lifecycle_fault_adc_anomaly.v:1905', 'rtl/ppg_control_top/tb_ppg_control_top_lifecycle_fault_adc_anomaly.v:1908', 'rtl/ppg_control_top/tb_ppg_control_top_owner_identity_backpressure.v:26', 'rtl/ppg_control_top/tb_ppg_control_top_owner_identity_backpressure.v:27', 'rtl/ppg_control_top/tb_ppg_control_top_owner_identity_backpressure.v:57', 'rtl/ppg_control_top/tb_ppg_control_top_robustness_corner_waveforms.v:33', 'rtl/ppg_control_top/tb_ppg_control_top_robustness_corner_waveforms.v:63', 'rtl/ppg_control_top/tb_ppg_control_top_robustness_corner_waveforms.v:1632']",['contracts/PPG_ALIAS_MAPPING_TABLE.md:163'],[]
LFA-11,['contracts/PPG_REAL_PPG_RAW_GENERATOR_TESTBENCH_CONTRACT.md:704'],['rtl/ppg_system_fault_abort_supervisor/ppg_system_fault_abort_supervisor.v:200'],"['rtl/ppg_control_top/tb_ppg_control_top_lifecycle_fault_adc_anomaly.v:33', 'rtl/ppg_control_top/tb_ppg_control_top_lifecycle_fault_adc_anomaly.v:33', 'rtl/ppg_control_top/tb_ppg_control_top_lifecycle_fault_adc_anomaly.v:34', 'rtl/ppg_control_top/tb_ppg_control_top_lifecycle_fault_adc_anomaly.v:66', 'rtl/ppg_control_top/tb_ppg_control_top_lifecycle_fault_adc_anomaly.v:1700', 'rtl/ppg_control_top/tb_ppg_control_top_lifecycle_fault_adc_anomaly.v:1783']",['contracts/PPG_ALIAS_MAPPING_TABLE.md:159'],[]
LFA-12,['contracts/PPG_REAL_PPG_RAW_GENERATOR_TESTBENCH_CONTRACT.md:705'],['rtl/ppg_idac_code_controller/ppg_idac_code_controller.v:1138'],"['rtl/ppg_control_top/tb_ppg_control_top_lifecycle_fault_adc_anomaly.v:28', 'rtl/ppg_control_top/tb_ppg_control_top_lifecycle_fault_adc_anomaly.v:34', 'rtl/ppg_control_top/tb_ppg_control_top_lifecycle_fault_adc_anomaly.v:34', 'rtl/ppg_control_top/tb_ppg_control_top_lifecycle_fault_adc_anomaly.v:61', 'rtl/ppg_control_top/tb_ppg_control_top_lifecycle_fault_adc_anomaly.v:66', 'rtl/ppg_control_top/tb_ppg_control_top_lifecycle_fault_adc_anomaly.v:66', 'rtl/ppg_control_top/tb_ppg_control_top_lifecycle_fault_adc_anomaly.v:1083', 'rtl/ppg_control_top/tb_ppg_control_top_lifecycle_fault_adc_anomaly.v:1095', 'rtl/ppg_control_top/tb_ppg_control_top_lifecycle_fault_adc_anomaly.v:1100', 'rtl/ppg_control_top/tb_ppg_control_top_lifecycle_fault_adc_anomaly.v:1105', 'rtl/ppg_control_top/tb_ppg_control_top_lifecycle_fault_adc_anomaly.v:2040', 'rtl/ppg_control_top/tb_ppg_control_top_lifecycle_fault_adc_anomaly.v:2099']",['contracts/PPG_ALIAS_MAPPING_TABLE.md:160'],[]
MGR-05,['contracts/ppg_system_config_manager_semantic_contract.md:342'],[],"['rtl/ppg_system_config_manager/tb_ppg_system_config_manager.v:262', 'rtl/ppg_system_config_manager/tb_ppg_system_config_manager.v:269']",[],"['rtl_tag', 'alias_row']"
MGR-06,['contracts/ppg_system_config_manager_semantic_contract.md:343'],[],"['rtl/ppg_system_config_manager/tb_ppg_system_config_manager.v:273', 'rtl/ppg_system_config_manager/tb_ppg_system_config_manager.v:283', 'rtl/ppg_system_config_manager/tb_ppg_system_config_manager.v:305']",[],"['rtl_tag', 'alias_row']"
MGR-08,['contracts/ppg_system_config_manager_semantic_contract.md:345'],[],['rtl/ppg_system_config_manager/tb_ppg_system_config_manager.v:319'],[],"['rtl_tag', 'alias_row']"
MGR-10,['contracts/ppg_system_config_manager_semantic_contract.md:347'],[],"['rtl/ppg_system_config_manager/tb_ppg_system_config_manager.v:367', 'rtl/ppg_system_config_manager/tb_ppg_system_config_manager.v:374']",[],"['rtl_tag', 'alias_row']"
MGR-13,['contracts/ppg_system_config_manager_semantic_contract.md:350'],[],"['rtl/ppg_system_config_manager/tb_ppg_system_config_manager.v:531', 'rtl/ppg_system_config_manager/tb_ppg_system_config_manager.v:537', 'rtl/ppg_system_config_manager/tb_ppg_system_config_manager.v:543']",[],"['rtl_tag', 'alias_row']"
MGR-14,['contracts/ppg_system_config_manager_semantic_contract.md:351'],[],"['rtl/ppg_system_config_manager/tb_ppg_system_config_manager.v:547', 'rtl/ppg_system_config_manager/tb_ppg_system_config_manager.v:571', 'rtl/ppg_system_config_manager/tb_ppg_system_config_manager.v:577']",[],"['rtl_tag', 'alias_row']"
MGR-19,['contracts/ppg_system_config_manager_semantic_contract.md:356'],[],"['rtl/ppg_system_config_manager/tb_ppg_system_config_manager.v:791', 'rtl/ppg_system_config_manager/tb_ppg_system_config_manager.v:800']",[],"['rtl_tag', 'alias_row']"
MGR-22,['contracts/ppg_system_config_manager_semantic_contract.md:359'],[],"['rtl/ppg_system_config_manager/tb_ppg_system_config_manager.v:837', 'rtl/ppg_system_config_manager/tb_ppg_system_config_manager.v:841', 'rtl/ppg_system_config_manager/tb_ppg_system_config_manager.v:851', 'rtl/ppg_system_config_manager/tb_ppg_system_config_manager.v:864']",[],"['rtl_tag', 'alias_row']"
MGR-23,['contracts/ppg_system_config_manager_semantic_contract.md:360'],[],[],[],"['rtl_tag', 'tb_tag_or_text', 'alias_row']"
MGR-24,['contracts/ppg_system_config_manager_semantic_contract.md:361'],[],"['rtl/ppg_system_config_manager/tb_ppg_system_config_manager.v:25', 'rtl/ppg_system_config_manager/tb_ppg_system_config_manager.v:888', 'rtl/ppg_system_config_manager/tb_ppg_system_config_manager.v:892', 'rtl/ppg_system_config_manager/tb_ppg_system_config_manager.v:900', 'rtl/ppg_system_config_manager/tb_ppg_system_config_manager.v:913', 'rtl/ppg_system_config_manager/tb_ppg_system_config_manager.v:929']",[],"['rtl_tag', 'alias_row']"
N01,[],['rtl/ppg_adc_measurement_idac_integration/ppg_adc_measurement_idac_integration.v:970'],"['rtl/ppg_control_top/tb_ppg_control_top_baseline_cross.v:25', 'rtl/ppg_control_top/tb_ppg_control_top_baseline_cross.v:25', 'rtl/ppg_control_top/tb_ppg_control_top_baseline_cross.v:25', 'rtl/ppg_control_top/tb_ppg_control_top_baseline_cross.v:26', 'rtl/ppg_control_top/tb_ppg_control_top_baseline_cross.v:26', 'rtl/ppg_control_top/tb_ppg_control_top_baseline_cross.v:26', 'rtl/ppg_control_top/tb_ppg_control_top_baseline_cross.v:108', 'rtl/ppg_control_top/tb_ppg_control_top_baseline_cross.v:109', 'rtl/ppg_control_top/tb_ppg_control_top_baseline_cross.v:899', 'rtl/ppg_control_top/tb_ppg_control_top_baseline_cross.v:951', 'rtl/ppg_control_top/tb_ppg_control_top_baseline_cross.v:1498', 'rtl/ppg_control_top/tb_ppg_control_top_baseline_cross.v:1514', 'rtl/ppg_control_top/tb_ppg_control_top_baseline_cross.v:1526', 'rtl/ppg_control_top/tb_ppg_control_top_baseline_cross.v:1529', 'rtl/ppg_control_top/tb_ppg_control_top_baseline_cross.v:1532', 'rtl/ppg_control_top/tb_ppg_control_top_baseline_cross.v:1549', 'rtl/ppg_control_top/tb_ppg_control_top_baseline_cross.v:1555', 'rtl/ppg_control_top/tb_ppg_control_top_baseline_cross.v:1558']",['contracts/PPG_ALIAS_MAPPING_TABLE.md:478'],['contract_table']
N02,[],"['rtl/ppg_precision_window_controller/ppg_precision_window_controller.v:267', 'rtl/ppg_system_config_manager/ppg_system_config_manager.v:533']",[],"['contracts/PPG_ALIAS_MAPPING_TABLE.md:457', 'contracts/PPG_ALIAS_MAPPING_TABLE.md:458']","['contract_table', 'tb_tag_or_text']"
N03,[],['rtl/ppg_system_fault_abort_supervisor/ppg_system_fault_abort_supervisor.v:207'],[],['contracts/PPG_ALIAS_MAPPING_TABLE.md:479'],"['contract_table', 'tb_tag_or_text']"
N04,[],['rtl/ppg_control_top/ppg_control_top.v:329'],[],['contracts/PPG_ALIAS_MAPPING_TABLE.md:480'],"['contract_table', 'tb_tag_or_text']"
N05,[],['rtl/ppg_control_top/ppg_control_top.v:393'],[],['contracts/PPG_ALIAS_MAPPING_TABLE.md:481'],"['contract_table', 'tb_tag_or_text']"
N06,[],['rtl/ppg_system_fault_abort_supervisor/ppg_system_fault_abort_supervisor.v:192'],"['rtl/ppg_system_fault_abort_supervisor/tb_ppg_system_fault_abort_supervisor.v:22', 'rtl/ppg_system_fault_abort_supervisor/tb_ppg_system_fault_abort_supervisor.v:42']",['contracts/PPG_ALIAS_MAPPING_TABLE.md:482'],['contract_table']
N07,[],[],[],['contracts/PPG_ALIAS_MAPPING_TABLE.md:460'],"['contract_table', 'rtl_tag', 'tb_tag_or_text']"
N08,[],['rtl/ppg_adc_measurement_idac_integration/ppg_adc_measurement_idac_integration.v:981'],"['rtl/ppg_adc_measurement_idac_integration/tb_ppg_adc_measurement_idac_integration.v:29', 'rtl/ppg_adc_measurement_idac_integration/tb_ppg_adc_measurement_idac_integration.v:1623', 'rtl/ppg_control_top/tb_ppg_control_top_baseline_cross.v:25', 'rtl/ppg_control_top/tb_ppg_control_top_baseline_cross.v:25', 'rtl/ppg_control_top/tb_ppg_control_top_baseline_cross.v:25', 'rtl/ppg_control_top/tb_ppg_control_top_baseline_cross.v:25', 'rtl/ppg_control_top/tb_ppg_control_top_baseline_cross.v:26', 'rtl/ppg_control_top/tb_ppg_control_top_baseline_cross.v:26', 'rtl/ppg_control_top/tb_ppg_control_top_baseline_cross.v:26', 'rtl/ppg_control_top/tb_ppg_control_top_baseline_cross.v:26', 'rtl/ppg_control_top/tb_ppg_control_top_baseline_cross.v:26', 'rtl/ppg_control_top/tb_ppg_control_top_baseline_cross.v:108', 'rtl/ppg_control_top/tb_ppg_control_top_baseline_cross.v:109', 'rtl/ppg_control_top/tb_ppg_control_top_baseline_cross.v:109', 'rtl/ppg_control_top/tb_ppg_control_top_baseline_cross.v:1498', 'rtl/ppg_control_top/tb_ppg_control_top_baseline_cross.v:1535', 'rtl/ppg_control_top/tb_ppg_control_top_baseline_cross.v:1538', 'rtl/ppg_control_top/tb_ppg_control_top_baseline_cross.v:1574']",['contracts/PPG_ALIAS_MAPPING_TABLE.md:483'],['contract_table']
NRE-01,['contracts/PPG_REAL_PPG_RAW_GENERATOR_TESTBENCH_CONTRACT.md:618'],['rtl/ppg_amb_recheck_scheduler/ppg_amb_recheck_scheduler.v:177'],"['rtl/ppg_control_top/tb_ppg_control_top_no_recheck_control.v:25', 'rtl/ppg_control_top/tb_ppg_control_top_no_recheck_control.v:25', 'rtl/ppg_control_top/tb_ppg_control_top_no_recheck_control.v:25', 'rtl/ppg_control_top/tb_ppg_control_top_no_recheck_control.v:25', 'rtl/ppg_control_top/tb_ppg_control_top_no_recheck_control.v:48', 'rtl/ppg_control_top/tb_ppg_control_top_no_recheck_control.v:48', 'rtl/ppg_control_top/tb_ppg_control_top_no_recheck_control.v:1045', 'rtl/ppg_control_top/tb_ppg_control_top_no_recheck_control.v:1048', 'rtl/ppg_control_top/tb_ppg_control_top_no_recheck_control.v:1052']",['contracts/PPG_ALIAS_MAPPING_TABLE.md:229'],[]
NRE-02,['contracts/PPG_REAL_PPG_RAW_GENERATOR_TESTBENCH_CONTRACT.md:619'],"['rtl/ppg_coarse_detection_fir/ppg_coarse_detection_fir.v:324', 'rtl/ppg_dynamic_baseline_cross_detector/ppg_dynamic_baseline_cross_detector.v:1545', 'rtl/ppg_idac_code_controller/ppg_idac_code_controller.v:460']","['rtl/ppg_control_top/tb_ppg_control_top_no_recheck_control.v:1057', 'rtl/ppg_control_top/tb_ppg_control_top_no_recheck_control.v:1063']",['contracts/PPG_ALIAS_MAPPING_TABLE.md:230'],[]
NRE-03,['contracts/PPG_REAL_PPG_RAW_GENERATOR_TESTBENCH_CONTRACT.md:620'],"['rtl/ppg_coarse_detection_fir/ppg_coarse_detection_fir.v:696', 'rtl/ppg_coarse_detection_fir/ppg_coarse_detection_fir.v:709']","['rtl/ppg_control_top/tb_ppg_control_top_no_recheck_control.v:25', 'rtl/ppg_control_top/tb_ppg_control_top_no_recheck_control.v:25', 'rtl/ppg_control_top/tb_ppg_control_top_no_recheck_control.v:1066', 'rtl/ppg_control_top/tb_ppg_control_top_no_recheck_control.v:1068', 'rtl/ppg_control_top/tb_ppg_control_top_no_recheck_control.v:1072', 'rtl/ppg_control_top/tb_ppg_control_top_no_recheck_control.v:1076']",['contracts/PPG_ALIAS_MAPPING_TABLE.md:231'],[]
NRE-04,['contracts/PPG_REAL_PPG_RAW_GENERATOR_TESTBENCH_CONTRACT.md:621'],['rtl/ppg_amb_recheck_scheduler/ppg_amb_recheck_scheduler.v:187'],"['rtl/ppg_control_top/tb_ppg_control_top_no_recheck_control.v:25', 'rtl/ppg_control_top/tb_ppg_control_top_no_recheck_control.v:48', 'rtl/ppg_control_top/tb_ppg_control_top_no_recheck_control.v:1010', 'rtl/ppg_control_top/tb_ppg_control_top_no_recheck_control.v:1010', 'rtl/ppg_control_top/tb_ppg_control_top_no_recheck_control.v:1013', 'rtl/ppg_control_top/tb_ppg_control_top_no_recheck_control.v:1016']",['contracts/PPG_ALIAS_MAPPING_TABLE.md:232'],[]
NRE-05,['contracts/PPG_REAL_PPG_RAW_GENERATOR_TESTBENCH_CONTRACT.md:622'],['rtl/ppg_dynamic_baseline_cross_detector/ppg_dynamic_baseline_cross_detector.v:1545'],"['rtl/ppg_control_top/tb_ppg_control_top_no_recheck_control.v:874', 'rtl/ppg_control_top/tb_ppg_control_top_no_recheck_control.v:1019', 'rtl/ppg_control_top/tb_ppg_control_top_no_recheck_control.v:1022', 'rtl/ppg_control_top/tb_ppg_control_top_no_recheck_control.v:1025']",['contracts/PPG_ALIAS_MAPPING_TABLE.md:233'],[]
NRE-06,['contracts/PPG_REAL_PPG_RAW_GENERATOR_TESTBENCH_CONTRACT.md:623'],['rtl/ppg_idac_code_controller/ppg_idac_code_controller.v:859'],"['rtl/ppg_control_top/tb_ppg_control_top_no_recheck_control.v:25', 'rtl/ppg_control_top/tb_ppg_control_top_no_recheck_control.v:1028', 'rtl/ppg_control_top/tb_ppg_control_top_no_recheck_control.v:1079', 'rtl/ppg_control_top/tb_ppg_control_top_no_recheck_control.v:1081', 'rtl/ppg_control_top/tb_ppg_control_top_no_recheck_control.v:1084', 'rtl/ppg_control_top/tb_ppg_control_top_no_recheck_control.v:1087', 'rtl/ppg_control_top/tb_ppg_control_top_no_recheck_control.v:1090', 'rtl/ppg_control_top/tb_ppg_control_top_no_recheck_control.v:1094', 'rtl/ppg_control_top/tb_ppg_control_top_no_recheck_control.v:1098']",['contracts/PPG_ALIAS_MAPPING_TABLE.md:234'],[]
OIB-01,['contracts/PPG_REAL_PPG_RAW_GENERATOR_TESTBENCH_CONTRACT.md:679'],['rtl/ppg_sar9_sar15_safe_selection_wrapper/ppg_sar9_sar15_safe_selection_wrapper.v:440'],"['rtl/ppg_control_top/tb_ppg_control_top_lifecycle_fault_adc_anomaly.v:35', 'rtl/ppg_control_top/tb_ppg_control_top_lifecycle_fault_adc_anomaly.v:35', 'rtl/ppg_control_top/tb_ppg_control_top_lifecycle_fault_adc_anomaly.v:1875', 'rtl/ppg_control_top/tb_ppg_control_top_lifecycle_fault_adc_anomaly.v:1908', 'rtl/ppg_control_top/tb_ppg_control_top_owner_identity_backpressure.v:26', 'rtl/ppg_control_top/tb_ppg_control_top_owner_identity_backpressure.v:26', 'rtl/ppg_control_top/tb_ppg_control_top_owner_identity_backpressure.v:27', 'rtl/ppg_control_top/tb_ppg_control_top_owner_identity_backpressure.v:27', 'rtl/ppg_control_top/tb_ppg_control_top_owner_identity_backpressure.v:28', 'rtl/ppg_control_top/tb_ppg_control_top_owner_identity_backpressure.v:28', 'rtl/ppg_control_top/tb_ppg_control_top_owner_identity_backpressure.v:30', 'rtl/ppg_control_top/tb_ppg_control_top_owner_identity_backpressure.v:30', 'rtl/ppg_control_top/tb_ppg_control_top_owner_identity_backpressure.v:31', 'rtl/ppg_control_top/tb_ppg_control_top_owner_identity_backpressure.v:57', 'rtl/ppg_control_top/tb_ppg_control_top_owner_identity_backpressure.v:59', 'rtl/ppg_control_top/tb_ppg_control_top_owner_identity_backpressure.v:1704', 'rtl/ppg_control_top/tb_ppg_control_top_owner_identity_backpressure.v:1720', 'rtl/ppg_control_top/tb_ppg_control_top_owner_identity_backpressure.v:1739', 'rtl/ppg_control_top/tb_ppg_control_top_owner_identity_backpressure.v:1742', 'rtl/ppg_control_top/tb_ppg_control_top_owner_identity_backpressure.v:1745', 'rtl/ppg_control_top/tb_ppg_control_top_owner_identity_backpressure.v:1749', 'rtl/ppg_control_top/tb_ppg_control_top_owner_identity_backpressure.v:1752', 'rtl/ppg_control_top/tb_ppg_control_top_owner_identity_backpressure.v:1776', 'rtl/ppg_control_top/tb_ppg_control_top_owner_identity_backpressure.v:1790', 'rtl/ppg_control_top/tb_ppg_control_top_owner_identity_backpressure.v:1793', 'rtl/ppg_control_top/tb_ppg_control_top_owner_identity_backpressure.v:1796', 'rtl/ppg_control_top/tb_ppg_control_top_robustness_corner_waveforms.v:33', 'rtl/ppg_control_top/tb_ppg_control_top_robustness_corner_waveforms.v:63', 'rtl/ppg_control_top/tb_ppg_control_top_robustness_corner_waveforms.v:1632']",['contracts/PPG_ALIAS_MAPPING_TABLE.md:177'],[]
OIB-02,['contracts/PPG_REAL_PPG_RAW_GENERATOR_TESTBENCH_CONTRACT.md:680'],['rtl/ppg_400hz_frame_calibration_scheduler/ppg_400hz_frame_calibration_scheduler.v:739'],"['rtl/ppg_control_top/tb_ppg_control_top_owner_identity_backpressure.v:27', 'rtl/ppg_control_top/tb_ppg_control_top_owner_identity_backpressure.v:28', 'rtl/ppg_control_top/tb_ppg_control_top_owner_identity_backpressure.v:29', 'rtl/ppg_control_top/tb_ppg_control_top_owner_identity_backpressure.v:29', 'rtl/ppg_control_top/tb_ppg_control_top_owner_identity_backpressure.v:30', 'rtl/ppg_control_top/tb_ppg_control_top_owner_identity_backpressure.v:30', 'rtl/ppg_control_top/tb_ppg_control_top_owner_identity_backpressure.v:32', 'rtl/ppg_control_top/tb_ppg_control_top_owner_identity_backpressure.v:32', 'rtl/ppg_control_top/tb_ppg_control_top_owner_identity_backpressure.v:33', 'rtl/ppg_control_top/tb_ppg_control_top_owner_identity_backpressure.v:1057', 'rtl/ppg_control_top/tb_ppg_control_top_owner_identity_backpressure.v:1081', 'rtl/ppg_control_top/tb_ppg_control_top_owner_identity_backpressure.v:1084', 'rtl/ppg_control_top/tb_ppg_control_top_owner_identity_backpressure.v:1088', 'rtl/ppg_control_top/tb_ppg_control_top_owner_identity_backpressure.v:1091', 'rtl/ppg_control_top/tb_ppg_control_top_owner_identity_backpressure.v:1095', 'rtl/ppg_control_top/tb_ppg_control_top_owner_identity_backpressure.v:1112', 'rtl/ppg_control_top/tb_ppg_control_top_owner_identity_backpressure.v:1132', 'rtl/ppg_control_top/tb_ppg_control_top_owner_identity_backpressure.v:1163', 'rtl/ppg_control_top/tb_ppg_control_top_owner_identity_backpressure.v:1166', 'rtl/ppg_control_top/tb_ppg_control_top_owner_identity_backpressure.v:1170', 'rtl/ppg_control_top/tb_ppg_control_top_owner_identity_backpressure.v:1174', 'rtl/ppg_control_top/tb_ppg_control_top_owner_identity_backpressure.v:1190', 'rtl/ppg_control_top/tb_ppg_control_top_owner_identity_backpressure.v:1211', 'rtl/ppg_control_top/tb_ppg_control_top_owner_identity_backpressure.v:1231', 'rtl/ppg_control_top/tb_ppg_control_top_owner_identity_backpressure.v:1273', 'rtl/ppg_control_top/tb_ppg_control_top_owner_identity_backpressure.v:1276', 'rtl/ppg_control_top/tb_ppg_control_top_owner_identity_backpressure.v:1279', 'rtl/ppg_control_top/tb_ppg_control_top_owner_identity_backpressure.v:1282', 'rtl/ppg_control_top/tb_ppg_control_top_owner_identity_backpressure.v:1285', 'rtl/ppg_control_top/tb_ppg_control_top_owner_identity_backpressure.v:1298']",['contracts/PPG_ALIAS_MAPPING_TABLE.md:167'],[]
OIB-03,['contracts/PPG_REAL_PPG_RAW_GENERATOR_TESTBENCH_CONTRACT.md:681'],['rtl/ppg_adc_measurement_idac_integration/ppg_adc_measurement_idac_integration.v:1027'],"['rtl/ppg_control_top/tb_ppg_control_top_owner_identity_backpressure.v:29', 'rtl/ppg_control_top/tb_ppg_control_top_owner_identity_backpressure.v:29', 'rtl/ppg_control_top/tb_ppg_control_top_owner_identity_backpressure.v:32', 'rtl/ppg_control_top/tb_ppg_control_top_owner_identity_backpressure.v:1318', 'rtl/ppg_control_top/tb_ppg_control_top_owner_identity_backpressure.v:1350', 'rtl/ppg_control_top/tb_ppg_control_top_owner_identity_backpressure.v:1354', 'rtl/ppg_control_top/tb_ppg_control_top_owner_identity_backpressure.v:1357', 'rtl/ppg_control_top/tb_ppg_control_top_owner_identity_backpressure.v:1360', 'rtl/ppg_control_top/tb_ppg_control_top_owner_identity_backpressure.v:1371', 'rtl/ppg_control_top/tb_ppg_control_top_owner_identity_backpressure.v:1374', 'rtl/ppg_control_top/tb_ppg_control_top_owner_identity_backpressure.v:1378', 'rtl/ppg_control_top/tb_ppg_control_top_owner_identity_backpressure.v:1399', 'rtl/ppg_control_top/tb_ppg_control_top_owner_identity_backpressure.v:1412', 'rtl/ppg_control_top/tb_ppg_control_top_owner_identity_backpressure.v:1420', 'rtl/ppg_control_top/tb_ppg_control_top_owner_identity_backpressure.v:1423', 'rtl/ppg_control_top/tb_ppg_control_top_owner_identity_backpressure.v:1427', 'rtl/ppg_control_top/tb_ppg_control_top_owner_identity_backpressure.v:1431', 'rtl/ppg_control_top/tb_ppg_control_top_owner_identity_backpressure.v:1444', 'rtl/ppg_control_top/tb_ppg_control_top_owner_identity_backpressure.v:1817', 'rtl/ppg_control_top/tb_ppg_control_top_owner_identity_backpressure.v:1832', 'rtl/ppg_control_top/tb_ppg_control_top_owner_identity_backpressure.v:1846', 'rtl/ppg_control_top/tb_ppg_control_top_owner_identity_backpressure.v:1853', 'rtl/ppg_control_top/tb_ppg_control_top_owner_identity_backpressure.v:1856', 'rtl/ppg_control_top/tb_ppg_control_top_owner_identity_backpressure.v:1859']",['contracts/PPG_ALIAS_MAPPING_TABLE.md:168'],[]
OIB-04,['contracts/PPG_REAL_PPG_RAW_GENERATOR_TESTBENCH_CONTRACT.md:682'],[],['rtl/ppg_control_top/tb_ppg_control_top_owner_identity_backpressure.v:30'],['contracts/PPG_ALIAS_MAPPING_TABLE.md:175'],['rtl_tag']
OIB-05,['contracts/PPG_REAL_PPG_RAW_GENERATOR_TESTBENCH_CONTRACT.md:683'],['rtl/ppg_adc_async_stage_capture/ppg_adc_async_stage_capture.v:107'],"['rtl/ppg_control_top/tb_ppg_control_top_owner_identity_backpressure.v:1683', 'rtl/ppg_control_top/tb_ppg_control_top_owner_identity_backpressure.v:1696', 'rtl/ppg_control_top/tb_ppg_control_top_owner_identity_backpressure.v:1700']",['contracts/PPG_ALIAS_MAPPING_TABLE.md:169'],[]
OIB-06,['contracts/PPG_REAL_PPG_RAW_GENERATOR_TESTBENCH_CONTRACT.md:684'],[],"['rtl/ppg_control_top/tb_ppg_control_top_owner_identity_backpressure.v:29', 'rtl/ppg_control_top/tb_ppg_control_top_owner_identity_backpressure.v:60', 'rtl/ppg_control_top/tb_ppg_control_top_owner_identity_backpressure.v:924', 'rtl/ppg_control_top/tb_ppg_control_top_owner_identity_backpressure.v:1869', 'rtl/ppg_control_top/tb_ppg_control_top_owner_identity_backpressure.v:1872', 'rtl/ppg_control_top/tb_ppg_control_top_owner_identity_backpressure.v:1875']",['contracts/PPG_ALIAS_MAPPING_TABLE.md:176'],['rtl_tag']
OIB-07,['contracts/PPG_REAL_PPG_RAW_GENERATOR_TESTBENCH_CONTRACT.md:685'],['rtl/ppg_adc_measurement_idac_integration/ppg_adc_measurement_idac_integration.v:1748'],"['rtl/ppg_control_top/tb_ppg_control_top_adc_numeric_scoreboard.v:24', 'rtl/ppg_control_top/tb_ppg_control_top_adc_numeric_scoreboard.v:24', 'rtl/ppg_control_top/tb_ppg_control_top_adc_numeric_scoreboard.v:24', 'rtl/ppg_control_top/tb_ppg_control_top_adc_numeric_scoreboard.v:24', 'rtl/ppg_control_top/tb_ppg_control_top_owner_identity_backpressure.v:29', 'rtl/ppg_control_top/tb_ppg_control_top_owner_identity_backpressure.v:1638', 'rtl/ppg_control_top/tb_ppg_control_top_owner_identity_backpressure.v:1646', 'rtl/ppg_control_top/tb_ppg_control_top_owner_identity_backpressure.v:1666', 'rtl/ppg_control_top/tb_ppg_control_top_owner_identity_backpressure.v:1672', 'rtl/ppg_control_top/tb_ppg_control_top_owner_identity_backpressure.v:1677']",['contracts/PPG_ALIAS_MAPPING_TABLE.md:170'],[]
OIB-08,['contracts/PPG_REAL_PPG_RAW_GENERATOR_TESTBENCH_CONTRACT.md:686'],"['rtl/ppg_adc_measurement_idac_integration/ppg_adc_measurement_idac_integration.v:1226', 'rtl/ppg_adc_measurement_idac_integration/ppg_adc_measurement_idac_integration.v:1496']","['rtl/ppg_control_top/tb_ppg_control_top_owner_identity_backpressure.v:1459', 'rtl/ppg_control_top/tb_ppg_control_top_owner_identity_backpressure.v:1466', 'rtl/ppg_control_top/tb_ppg_control_top_owner_identity_backpressure.v:1475', 'rtl/ppg_control_top/tb_ppg_control_top_owner_identity_backpressure.v:1483', 'rtl/ppg_control_top/tb_ppg_control_top_owner_identity_backpressure.v:1486', 'rtl/ppg_control_top/tb_ppg_control_top_owner_identity_backpressure.v:1489', 'rtl/ppg_control_top/tb_ppg_control_top_owner_identity_backpressure.v:1506']","['contracts/PPG_ALIAS_MAPPING_TABLE.md:135', 'contracts/PPG_ALIAS_MAPPING_TABLE.md:476']",[]
OIB-09,['contracts/PPG_REAL_PPG_RAW_GENERATOR_TESTBENCH_CONTRACT.md:687'],['rtl/ppg_400hz_frame_calibration_scheduler/ppg_400hz_frame_calibration_scheduler.v:777'],"['rtl/ppg_control_top/tb_ppg_control_top_lifecycle_fault_adc_anomaly.v:1875', 'rtl/ppg_control_top/tb_ppg_control_top_owner_identity_backpressure.v:26', 'rtl/ppg_control_top/tb_ppg_control_top_owner_identity_backpressure.v:26', 'rtl/ppg_control_top/tb_ppg_control_top_owner_identity_backpressure.v:26', 'rtl/ppg_control_top/tb_ppg_control_top_owner_identity_backpressure.v:26', 'rtl/ppg_control_top/tb_ppg_control_top_owner_identity_backpressure.v:28', 'rtl/ppg_control_top/tb_ppg_control_top_owner_identity_backpressure.v:29', 'rtl/ppg_control_top/tb_ppg_control_top_owner_identity_backpressure.v:29', 'rtl/ppg_control_top/tb_ppg_control_top_owner_identity_backpressure.v:29', 'rtl/ppg_control_top/tb_ppg_control_top_owner_identity_backpressure.v:31', 'rtl/ppg_control_top/tb_ppg_control_top_owner_identity_backpressure.v:31', 'rtl/ppg_control_top/tb_ppg_control_top_owner_identity_backpressure.v:57', 'rtl/ppg_control_top/tb_ppg_control_top_owner_identity_backpressure.v:57', 'rtl/ppg_control_top/tb_ppg_control_top_owner_identity_backpressure.v:1521', 'rtl/ppg_control_top/tb_ppg_control_top_owner_identity_backpressure.v:1568', 'rtl/ppg_control_top/tb_ppg_control_top_owner_identity_backpressure.v:1585', 'rtl/ppg_control_top/tb_ppg_control_top_owner_identity_backpressure.v:1603', 'rtl/ppg_control_top/tb_ppg_control_top_owner_identity_backpressure.v:1622', 'rtl/ppg_control_top/tb_ppg_control_top_owner_identity_backpressure.v:1626', 'rtl/ppg_control_top/tb_ppg_control_top_owner_identity_backpressure.v:1630', 'rtl/ppg_control_top/tb_ppg_control_top_robustness_corner_waveforms.v:33', 'rtl/ppg_control_top/tb_ppg_control_top_robustness_corner_waveforms.v:63']",['contracts/PPG_ALIAS_MAPPING_TABLE.md:171'],[]
OIB-10,['contracts/PPG_REAL_PPG_RAW_GENERATOR_TESTBENCH_CONTRACT.md:688'],"['rtl/ppg_sar9_sar15_safe_selection_wrapper/ppg_sar9_sar15_safe_selection_wrapper.v:446', 'rtl/ppg_sar9_sar15_safe_selection_wrapper/ppg_sar9_sar15_safe_selection_wrapper.v:449']",[],['contracts/PPG_ALIAS_MAPPING_TABLE.md:172'],['tb_tag_or_text']
OPT-01,['contracts/PPG_DYNAMIC_BASELINE_ARITHMETIC_OPTIMIZATION_CONTRACT.md:567'],[],"['rtl/ppg_dynamic_baseline_cross_detector/tb_ppg_dynamic_baseline_cross_detector.v:22', 'rtl/ppg_dynamic_baseline_cross_detector/tb_ppg_dynamic_baseline_cross_detector.v:42', 'rtl/ppg_dynamic_baseline_cross_detector/tb_ppg_dynamic_baseline_cross_detector.v:1079', 'rtl/ppg_dynamic_baseline_cross_detector/tb_ppg_dynamic_baseline_cross_detector.v:1308']",[],"['rtl_tag', 'alias_row']"
OPT-02,['contracts/PPG_DYNAMIC_BASELINE_ARITHMETIC_OPTIMIZATION_CONTRACT.md:568'],[],['rtl/ppg_dynamic_baseline_cross_detector/tb_ppg_dynamic_baseline_cross_detector.v:1080'],[],"['rtl_tag', 'alias_row']"
OPT-03,['contracts/PPG_DYNAMIC_BASELINE_ARITHMETIC_OPTIMIZATION_CONTRACT.md:569'],[],['rtl/ppg_dynamic_baseline_cross_detector/tb_ppg_dynamic_baseline_cross_detector.v:1083'],[],"['rtl_tag', 'alias_row']"
OPT-04,['contracts/PPG_DYNAMIC_BASELINE_ARITHMETIC_OPTIMIZATION_CONTRACT.md:570'],[],['rtl/ppg_dynamic_baseline_cross_detector/tb_ppg_dynamic_baseline_cross_detector.v:1086'],[],"['rtl_tag', 'alias_row']"
OPT-05,['contracts/PPG_DYNAMIC_BASELINE_ARITHMETIC_OPTIMIZATION_CONTRACT.md:571'],[],['rtl/ppg_dynamic_baseline_cross_detector/tb_ppg_dynamic_baseline_cross_detector.v:1103'],[],"['rtl_tag', 'alias_row']"
OPT-06,['contracts/PPG_DYNAMIC_BASELINE_ARITHMETIC_OPTIMIZATION_CONTRACT.md:572'],[],['rtl/ppg_dynamic_baseline_cross_detector/tb_ppg_dynamic_baseline_cross_detector.v:1120'],[],"['rtl_tag', 'alias_row']"
OPT-07,['contracts/PPG_DYNAMIC_BASELINE_ARITHMETIC_OPTIMIZATION_CONTRACT.md:573'],[],['rtl/ppg_dynamic_baseline_cross_detector/tb_ppg_dynamic_baseline_cross_detector.v:1134'],[],"['rtl_tag', 'alias_row']"
OPT-08,['contracts/PPG_DYNAMIC_BASELINE_ARITHMETIC_OPTIMIZATION_CONTRACT.md:574'],[],['rtl/ppg_dynamic_baseline_cross_detector/tb_ppg_dynamic_baseline_cross_detector.v:1121'],[],"['rtl_tag', 'alias_row']"
OPT-09,['contracts/PPG_DYNAMIC_BASELINE_ARITHMETIC_OPTIMIZATION_CONTRACT.md:575'],[],['rtl/ppg_dynamic_baseline_cross_detector/tb_ppg_dynamic_baseline_cross_detector.v:1147'],[],"['rtl_tag', 'alias_row']"
OPT-10,['contracts/PPG_DYNAMIC_BASELINE_ARITHMETIC_OPTIMIZATION_CONTRACT.md:576'],[],['rtl/ppg_dynamic_baseline_cross_detector/tb_ppg_dynamic_baseline_cross_detector.v:1158'],[],"['rtl_tag', 'alias_row']"
OPT-11,['contracts/PPG_DYNAMIC_BASELINE_ARITHMETIC_OPTIMIZATION_CONTRACT.md:577'],[],['rtl/ppg_dynamic_baseline_cross_detector/tb_ppg_dynamic_baseline_cross_detector.v:1170'],[],"['rtl_tag', 'alias_row']"
OPT-12,['contracts/PPG_DYNAMIC_BASELINE_ARITHMETIC_OPTIMIZATION_CONTRACT.md:578'],[],['rtl/ppg_dynamic_baseline_cross_detector/tb_ppg_dynamic_baseline_cross_detector.v:1175'],[],"['rtl_tag', 'alias_row']"
OPT-13,['contracts/PPG_DYNAMIC_BASELINE_ARITHMETIC_OPTIMIZATION_CONTRACT.md:579'],[],['rtl/ppg_dynamic_baseline_cross_detector/tb_ppg_dynamic_baseline_cross_detector.v:1176'],[],"['rtl_tag', 'alias_row']"
OPT-14,['contracts/PPG_DYNAMIC_BASELINE_ARITHMETIC_OPTIMIZATION_CONTRACT.md:580'],[],['rtl/ppg_dynamic_baseline_cross_detector/tb_ppg_dynamic_baseline_cross_detector.v:1182'],[],"['rtl_tag', 'alias_row']"
OPT-15,['contracts/PPG_DYNAMIC_BASELINE_ARITHMETIC_OPTIMIZATION_CONTRACT.md:581'],[],['rtl/ppg_dynamic_baseline_cross_detector/tb_ppg_dynamic_baseline_cross_detector.v:1188'],[],"['rtl_tag', 'alias_row']"
OPT-16,['contracts/PPG_DYNAMIC_BASELINE_ARITHMETIC_OPTIMIZATION_CONTRACT.md:582'],[],['rtl/ppg_dynamic_baseline_cross_detector/tb_ppg_dynamic_baseline_cross_detector.v:1194'],[],"['rtl_tag', 'alias_row']"
OPT-17,['contracts/PPG_DYNAMIC_BASELINE_ARITHMETIC_OPTIMIZATION_CONTRACT.md:583'],[],['rtl/ppg_dynamic_baseline_cross_detector/tb_ppg_dynamic_baseline_cross_detector.v:1206'],[],"['rtl_tag', 'alias_row']"
OPT-18,['contracts/PPG_DYNAMIC_BASELINE_ARITHMETIC_OPTIMIZATION_CONTRACT.md:584'],[],['rtl/ppg_dynamic_baseline_cross_detector/tb_ppg_dynamic_baseline_cross_detector.v:1217'],[],"['rtl_tag', 'alias_row']"
OPT-19,['contracts/PPG_DYNAMIC_BASELINE_ARITHMETIC_OPTIMIZATION_CONTRACT.md:585'],[],['rtl/ppg_dynamic_baseline_cross_detector/tb_ppg_dynamic_baseline_cross_detector.v:1228'],[],"['rtl_tag', 'alias_row']"
OPT-20,['contracts/PPG_DYNAMIC_BASELINE_ARITHMETIC_OPTIMIZATION_CONTRACT.md:586'],[],['rtl/ppg_dynamic_baseline_cross_detector/tb_ppg_dynamic_baseline_cross_detector.v:1246'],[],"['rtl_tag', 'alias_row']"
OPT-21,['contracts/PPG_DYNAMIC_BASELINE_ARITHMETIC_OPTIMIZATION_CONTRACT.md:587'],[],['rtl/ppg_dynamic_baseline_cross_detector/tb_ppg_dynamic_baseline_cross_detector.v:1260'],[],"['rtl_tag', 'alias_row']"
OPT-22,['contracts/PPG_DYNAMIC_BASELINE_ARITHMETIC_OPTIMIZATION_CONTRACT.md:588'],[],['rtl/ppg_dynamic_baseline_cross_detector/tb_ppg_dynamic_baseline_cross_detector.v:1277'],[],"['rtl_tag', 'alias_row']"
OPT-23,['contracts/PPG_DYNAMIC_BASELINE_ARITHMETIC_OPTIMIZATION_CONTRACT.md:589'],[],['rtl/ppg_dynamic_baseline_cross_detector/tb_ppg_dynamic_baseline_cross_detector.v:1282'],[],"['rtl_tag', 'alias_row']"
OPT-24,['contracts/PPG_DYNAMIC_BASELINE_ARITHMETIC_OPTIMIZATION_CONTRACT.md:590'],[],"['rtl/ppg_dynamic_baseline_cross_detector/tb_ppg_dynamic_baseline_cross_detector.v:22', 'rtl/ppg_dynamic_baseline_cross_detector/tb_ppg_dynamic_baseline_cross_detector.v:42', 'rtl/ppg_dynamic_baseline_cross_detector/tb_ppg_dynamic_baseline_cross_detector.v:1303', 'rtl/ppg_dynamic_baseline_cross_detector/tb_ppg_dynamic_baseline_cross_detector.v:1308']",[],"['rtl_tag', 'alias_row']"
P01,[],"['rtl/ppg_adc_measurement_idac_integration/ppg_adc_measurement_idac_integration.v:1027', 'rtl/ppg_adc_measurement_idac_integration/ppg_adc_measurement_idac_integration.v:1318']","['rtl/ppg_control_top/tb_ppg_control_top_lifecycle_fault_adc_anomaly.v:888', 'rtl/ppg_control_top/tb_ppg_control_top_lifecycle_fault_adc_anomaly.v:1357', 'rtl/ppg_control_top/tb_ppg_control_top_lifecycle_fault_adc_anomaly.v:1386', 'rtl/ppg_control_top/tb_ppg_control_top_lifecycle_fault_adc_anomaly.v:1462', 'rtl/ppg_control_top/tb_ppg_control_top_lifecycle_fault_adc_anomaly.v:1468', 'rtl/ppg_control_top/tb_ppg_control_top_lifecycle_fault_adc_anomaly.v:1471', 'rtl/ppg_control_top/tb_ppg_control_top_lifecycle_fault_adc_anomaly.v:1475', 'rtl/ppg_control_top/tb_ppg_control_top_lifecycle_fault_adc_anomaly.v:1478', 'rtl/ppg_control_top/tb_ppg_control_top_lifecycle_fault_adc_anomaly.v:1482', 'rtl/ppg_control_top/tb_ppg_control_top_lifecycle_fault_adc_anomaly.v:1534', 'rtl/ppg_control_top/tb_ppg_control_top_lifecycle_fault_adc_anomaly.v:1584', 'rtl/ppg_control_top/tb_ppg_control_top_lifecycle_fault_adc_anomaly.v:1590', 'rtl/ppg_control_top/tb_ppg_control_top_lifecycle_fault_adc_anomaly.v:1613', 'rtl/ppg_control_top/tb_ppg_control_top_lifecycle_fault_adc_anomaly.v:1622', 'rtl/ppg_control_top/tb_ppg_control_top_lifecycle_fault_adc_anomaly.v:1625', 'rtl/ppg_control_top/tb_ppg_control_top_lifecycle_fault_adc_anomaly.v:1633', 'rtl/ppg_control_top/tb_ppg_control_top_lifecycle_fault_adc_anomaly.v:1636', 'rtl/ppg_control_top/tb_ppg_control_top_lifecycle_fault_adc_anomaly.v:1639', 'rtl/ppg_control_top/tb_ppg_control_top_lifecycle_fault_adc_anomaly.v:1644', 'rtl/ppg_control_top/tb_ppg_control_top_lifecycle_fault_adc_anomaly.v:1648', 'rtl/ppg_control_top/tb_ppg_control_top_lifecycle_fault_adc_anomaly.v:1679', 'rtl/ppg_control_top/tb_ppg_control_top_lifecycle_fault_adc_anomaly.v:1691']",['contracts/PPG_ALIAS_MAPPING_TABLE.md:462'],['contract_table']
P02,[],['rtl/ppg_adc_measurement_idac_integration/ppg_adc_measurement_idac_integration.v:970'],[],['contracts/PPG_ALIAS_MAPPING_TABLE.md:463'],"['contract_table', 'tb_tag_or_text']"
P03,[],['rtl/ppg_system_fault_abort_supervisor/ppg_system_fault_abort_supervisor.v:279'],[],['contracts/PPG_ALIAS_MAPPING_TABLE.md:464'],"['contract_table', 'tb_tag_or_text']"
P04,[],['rtl/ppg_system_fault_abort_supervisor/ppg_system_fault_abort_supervisor.v:302'],[],['contracts/PPG_ALIAS_MAPPING_TABLE.md:465'],"['contract_table', 'tb_tag_or_text']"
P05,[],['rtl/ppg_system_fault_abort_supervisor/ppg_system_fault_abort_supervisor.v:192'],[],['contracts/PPG_ALIAS_MAPPING_TABLE.md:466'],"['contract_table', 'tb_tag_or_text']"
P06,[],['rtl/ppg_adc_measurement_idac_integration/ppg_adc_measurement_idac_integration.v:1572'],"['rtl/ppg_control_top/tb_ppg_control_top_injection.v:22', 'rtl/ppg_control_top/tb_ppg_control_top_injection.v:22', 'rtl/ppg_control_top/tb_ppg_control_top_injection.v:769', 'rtl/ppg_control_top/tb_ppg_control_top_injection.v:786', 'rtl/ppg_control_top/tb_ppg_control_top_injection.v:789']",['contracts/PPG_ALIAS_MAPPING_TABLE.md:467'],['contract_table']
P07,[],['rtl/ppg_adc_measurement_idac_integration/ppg_adc_measurement_idac_integration.v:911'],[],['contracts/PPG_ALIAS_MAPPING_TABLE.md:455'],"['contract_table', 'tb_tag_or_text']"
P08,[],['rtl/ppg_adc_measurement_idac_integration/ppg_adc_measurement_idac_integration.v:1496'],[],['contracts/PPG_ALIAS_MAPPING_TABLE.md:468'],"['contract_table', 'tb_tag_or_text']"
P09,[],['rtl/ppg_system_fault_abort_supervisor/ppg_system_fault_abort_supervisor.v:413'],[],['contracts/PPG_ALIAS_MAPPING_TABLE.md:469'],"['contract_table', 'tb_tag_or_text']"
P10,[],['rtl/ppg_system_fault_abort_supervisor/ppg_system_fault_abort_supervisor.v:207'],[],['contracts/PPG_ALIAS_MAPPING_TABLE.md:470'],"['contract_table', 'tb_tag_or_text']"
P11,[],['rtl/ppg_control_top/ppg_control_top.v:393'],[],['contracts/PPG_ALIAS_MAPPING_TABLE.md:471'],"['contract_table', 'tb_tag_or_text']"
P12,[],[],[],['contracts/PPG_ALIAS_MAPPING_TABLE.md:472'],"['contract_table', 'rtl_tag', 'tb_tag_or_text']"
P13,[],"['rtl/ppg_normal_transaction_fork/ppg_normal_transaction_fork.v:285', 'rtl/ppg_normal_transaction_fork/ppg_normal_transaction_fork.v:298']","['rtl/ppg_normal_transaction_fork/tb_ppg_normal_transaction_fork.v:22', 'rtl/ppg_normal_transaction_fork/tb_ppg_normal_transaction_fork.v:22', 'rtl/ppg_normal_transaction_fork/tb_ppg_normal_transaction_fork.v:22', 'rtl/ppg_normal_transaction_fork/tb_ppg_normal_transaction_fork.v:42', 'rtl/ppg_normal_transaction_fork/tb_ppg_normal_transaction_fork.v:336', 'rtl/ppg_normal_transaction_fork/tb_ppg_normal_transaction_fork.v:349', 'rtl/ppg_normal_transaction_fork/tb_ppg_normal_transaction_fork.v:371', 'rtl/ppg_normal_transaction_fork/tb_ppg_normal_transaction_fork.v:424', 'rtl/ppg_normal_transaction_fork/tb_ppg_normal_transaction_fork.v:448']",['contracts/PPG_ALIAS_MAPPING_TABLE.md:473'],['contract_table']
P14,[],['rtl/ppg_adc_measurement_idac_integration/ppg_adc_measurement_idac_integration.v:1226'],[],['contracts/PPG_ALIAS_MAPPING_TABLE.md:474'],"['contract_table', 'tb_tag_or_text']"
P15,[],['rtl/ppg_control_top/ppg_control_top.v:1394'],[],['contracts/PPG_ALIAS_MAPPING_TABLE.md:477'],"['contract_table', 'tb_tag_or_text']"
P16,[],[],[],['contracts/PPG_ALIAS_MAPPING_TABLE.md:459'],"['contract_table', 'rtl_tag', 'tb_tag_or_text']"
P17,[],['rtl/ppg_control_top/ppg_control_top.v:416'],[],['contracts/PPG_ALIAS_MAPPING_TABLE.md:456'],"['contract_table', 'tb_tag_or_text']"
PC-01,['contracts/PPG_SCHEDULER_SSW_AMI_PORT_CONNECTION_CHECKLIST.md:393'],[],[],[],"['rtl_tag', 'tb_tag_or_text', 'alias_row']"
PC-02,['contracts/PPG_SCHEDULER_SSW_AMI_PORT_CONNECTION_CHECKLIST.md:394'],[],[],[],"['rtl_tag', 'tb_tag_or_text', 'alias_row']"
PC-03,['contracts/PPG_SCHEDULER_SSW_AMI_PORT_CONNECTION_CHECKLIST.md:395'],[],[],[],"['rtl_tag', 'tb_tag_or_text', 'alias_row']"
PC-04,['contracts/PPG_SCHEDULER_SSW_AMI_PORT_CONNECTION_CHECKLIST.md:396'],[],[],[],"['rtl_tag', 'tb_tag_or_text', 'alias_row']"
PC-05,['contracts/PPG_SCHEDULER_SSW_AMI_PORT_CONNECTION_CHECKLIST.md:397'],[],[],[],"['rtl_tag', 'tb_tag_or_text', 'alias_row']"
PC-06,['contracts/PPG_SCHEDULER_SSW_AMI_PORT_CONNECTION_CHECKLIST.md:398'],[],[],[],"['rtl_tag', 'tb_tag_or_text', 'alias_row']"
PC-07,['contracts/PPG_SCHEDULER_SSW_AMI_PORT_CONNECTION_CHECKLIST.md:399'],[],[],[],"['rtl_tag', 'tb_tag_or_text', 'alias_row']"
PC-08,['contracts/PPG_SCHEDULER_SSW_AMI_PORT_CONNECTION_CHECKLIST.md:400'],[],[],[],"['rtl_tag', 'tb_tag_or_text', 'alias_row']"
PC-09,['contracts/PPG_SCHEDULER_SSW_AMI_PORT_CONNECTION_CHECKLIST.md:401'],[],[],[],"['rtl_tag', 'tb_tag_or_text', 'alias_row']"
PC-10,['contracts/PPG_SCHEDULER_SSW_AMI_PORT_CONNECTION_CHECKLIST.md:402'],[],[],[],"['rtl_tag', 'tb_tag_or_text', 'alias_row']"
PC-11,['contracts/PPG_SCHEDULER_SSW_AMI_PORT_CONNECTION_CHECKLIST.md:403'],[],[],[],"['rtl_tag', 'tb_tag_or_text', 'alias_row']"
PC-12,['contracts/PPG_SCHEDULER_SSW_AMI_PORT_CONNECTION_CHECKLIST.md:404'],[],[],[],"['rtl_tag', 'tb_tag_or_text', 'alias_row']"
PC-13,['contracts/PPG_SCHEDULER_SSW_AMI_PORT_CONNECTION_CHECKLIST.md:405'],[],[],[],"['rtl_tag', 'tb_tag_or_text', 'alias_row']"
PC-14,['contracts/PPG_SCHEDULER_SSW_AMI_PORT_CONNECTION_CHECKLIST.md:406'],[],[],[],"['rtl_tag', 'tb_tag_or_text', 'alias_row']"
PC-15,['contracts/PPG_SCHEDULER_SSW_AMI_PORT_CONNECTION_CHECKLIST.md:407'],[],[],[],"['rtl_tag', 'tb_tag_or_text', 'alias_row']"
PC-16,['contracts/PPG_SCHEDULER_SSW_AMI_PORT_CONNECTION_CHECKLIST.md:408'],[],[],[],"['rtl_tag', 'tb_tag_or_text', 'alias_row']"
PC-17,['contracts/PPG_SCHEDULER_SSW_AMI_PORT_CONNECTION_CHECKLIST.md:409'],[],[],[],"['rtl_tag', 'tb_tag_or_text', 'alias_row']"
PC-18,['contracts/PPG_SCHEDULER_SSW_AMI_PORT_CONNECTION_CHECKLIST.md:410'],[],[],[],"['rtl_tag', 'tb_tag_or_text', 'alias_row']"
PC-19,['contracts/PPG_SCHEDULER_SSW_AMI_PORT_CONNECTION_CHECKLIST.md:411'],[],[],[],"['rtl_tag', 'tb_tag_or_text', 'alias_row']"
PC-20,['contracts/PPG_SCHEDULER_SSW_AMI_PORT_CONNECTION_CHECKLIST.md:412'],[],[],[],"['rtl_tag', 'tb_tag_or_text', 'alias_row']"
PC-21,['contracts/PPG_SCHEDULER_SSW_AMI_PORT_CONNECTION_CHECKLIST.md:413'],[],[],[],"['rtl_tag', 'tb_tag_or_text', 'alias_row']"
PC-22,['contracts/PPG_SCHEDULER_SSW_AMI_PORT_CONNECTION_CHECKLIST.md:414'],[],[],[],"['rtl_tag', 'tb_tag_or_text', 'alias_row']"
PR-01,['contracts/PPG_ADC_PROGRAMMABLE_RECONSTRUCTOR_INTERFACE_CONTRACT.md:329'],[],"['rtl/ppg_adc_programmable_reconstructor/tb_ppg_adc_programmable_reconstructor.v:319', 'rtl/ppg_adc_programmable_reconstructor/tb_ppg_adc_programmable_reconstructor.v:386', 'rtl/ppg_adc_programmable_reconstructor/tb_ppg_adc_programmable_reconstructor.v:389']",[],"['rtl_tag', 'alias_row']"
PR-02,['contracts/PPG_ADC_PROGRAMMABLE_RECONSTRUCTOR_INTERFACE_CONTRACT.md:330'],[],['rtl/ppg_adc_programmable_reconstructor/tb_ppg_adc_programmable_reconstructor.v:323'],[],"['rtl_tag', 'alias_row']"
PR-03,['contracts/PPG_ADC_PROGRAMMABLE_RECONSTRUCTOR_INTERFACE_CONTRACT.md:331'],[],['rtl/ppg_adc_programmable_reconstructor/tb_ppg_adc_programmable_reconstructor.v:325'],[],"['rtl_tag', 'alias_row']"
PR-04,['contracts/PPG_ADC_PROGRAMMABLE_RECONSTRUCTOR_INTERFACE_CONTRACT.md:332'],[],"['rtl/ppg_adc_programmable_reconstructor/tb_ppg_adc_programmable_reconstructor.v:327', 'rtl/ppg_adc_programmable_reconstructor/tb_ppg_adc_programmable_reconstructor.v:333']",[],"['rtl_tag', 'alias_row']"
PR-05,['contracts/PPG_ADC_PROGRAMMABLE_RECONSTRUCTOR_INTERFACE_CONTRACT.md:333'],[],['rtl/ppg_adc_programmable_reconstructor/tb_ppg_adc_programmable_reconstructor.v:335'],[],"['rtl_tag', 'alias_row']"
PR-06,['contracts/PPG_ADC_PROGRAMMABLE_RECONSTRUCTOR_INTERFACE_CONTRACT.md:334'],[],['rtl/ppg_adc_programmable_reconstructor/tb_ppg_adc_programmable_reconstructor.v:338'],[],"['rtl_tag', 'alias_row']"
PR-07,['contracts/PPG_ADC_PROGRAMMABLE_RECONSTRUCTOR_INTERFACE_CONTRACT.md:335'],[],['rtl/ppg_adc_programmable_reconstructor/tb_ppg_adc_programmable_reconstructor.v:341'],[],"['rtl_tag', 'alias_row']"
PR-08,['contracts/PPG_ADC_PROGRAMMABLE_RECONSTRUCTOR_INTERFACE_CONTRACT.md:336'],[],"['rtl/ppg_adc_programmable_reconstructor/tb_ppg_adc_programmable_reconstructor.v:344', 'rtl/ppg_adc_programmable_reconstructor/tb_ppg_adc_programmable_reconstructor.v:353']",[],"['rtl_tag', 'alias_row']"
PR-09,['contracts/PPG_ADC_PROGRAMMABLE_RECONSTRUCTOR_INTERFACE_CONTRACT.md:337'],[],['rtl/ppg_adc_programmable_reconstructor/tb_ppg_adc_programmable_reconstructor.v:363'],[],"['rtl_tag', 'alias_row']"
PR-10,['contracts/PPG_ADC_PROGRAMMABLE_RECONSTRUCTOR_INTERFACE_CONTRACT.md:338'],[],['rtl/ppg_adc_programmable_reconstructor/tb_ppg_adc_programmable_reconstructor.v:366'],[],"['rtl_tag', 'alias_row']"
PR-11,['contracts/PPG_ADC_PROGRAMMABLE_RECONSTRUCTOR_INTERFACE_CONTRACT.md:339'],[],['rtl/ppg_adc_programmable_reconstructor/tb_ppg_adc_programmable_reconstructor.v:369'],[],"['rtl_tag', 'alias_row']"
PR-12,['contracts/PPG_ADC_PROGRAMMABLE_RECONSTRUCTOR_INTERFACE_CONTRACT.md:340'],[],['rtl/ppg_adc_programmable_reconstructor/tb_ppg_adc_programmable_reconstructor.v:374'],[],"['rtl_tag', 'alias_row']"
PR-13,['contracts/PPG_ADC_PROGRAMMABLE_RECONSTRUCTOR_INTERFACE_CONTRACT.md:341'],[],[],[],"['rtl_tag', 'tb_tag_or_text', 'alias_row']"
PR-14,['contracts/PPG_ADC_PROGRAMMABLE_RECONSTRUCTOR_INTERFACE_CONTRACT.md:342'],[],"['rtl/ppg_adc_programmable_reconstructor/tb_ppg_adc_programmable_reconstructor.v:377', 'rtl/ppg_adc_programmable_reconstructor/tb_ppg_adc_programmable_reconstructor.v:389']",[],"['rtl_tag', 'alias_row']"
PRC-01,['contracts/PPG_REAL_PPG_RAW_GENERATOR_TESTBENCH_CONTRACT.md:711'],"['rtl/ppg_dynamic_baseline_cross_detector/ppg_dynamic_baseline_cross_detector.v:480', 'rtl/ppg_peak_valley_window_detector/ppg_peak_valley_window_detector.v:381', 'rtl/ppg_peak_valley_window_detector/ppg_peak_valley_window_detector.v:382']","['rtl/ppg_control_top/tb_ppg_control_top_robustness_corner_waveforms.v:13', 'rtl/ppg_control_top/tb_ppg_control_top_robustness_corner_waveforms.v:27', 'rtl/ppg_control_top/tb_ppg_control_top_robustness_corner_waveforms.v:33', 'rtl/ppg_control_top/tb_ppg_control_top_robustness_corner_waveforms.v:34', 'rtl/ppg_control_top/tb_ppg_control_top_robustness_corner_waveforms.v:34', 'rtl/ppg_control_top/tb_ppg_control_top_robustness_corner_waveforms.v:35', 'rtl/ppg_control_top/tb_ppg_control_top_robustness_corner_waveforms.v:35', 'rtl/ppg_control_top/tb_ppg_control_top_robustness_corner_waveforms.v:38', 'rtl/ppg_control_top/tb_ppg_control_top_robustness_corner_waveforms.v:49', 'rtl/ppg_control_top/tb_ppg_control_top_robustness_corner_waveforms.v:63', 'rtl/ppg_control_top/tb_ppg_control_top_robustness_corner_waveforms.v:64', 'rtl/ppg_control_top/tb_ppg_control_top_robustness_corner_waveforms.v:64', 'rtl/ppg_control_top/tb_ppg_control_top_robustness_corner_waveforms.v:65', 'rtl/ppg_control_top/tb_ppg_control_top_robustness_corner_waveforms.v:1367', 'rtl/ppg_control_top/tb_ppg_control_top_robustness_corner_waveforms.v:1371', 'rtl/ppg_control_top/tb_ppg_control_top_robustness_corner_waveforms.v:1374', 'rtl/ppg_control_top/tb_ppg_control_top_robustness_corner_waveforms.v:1377', 'rtl/ppg_control_top/tb_ppg_control_top_robustness_corner_waveforms.v:1380', 'rtl/ppg_control_top/tb_ppg_control_top_robustness_corner_waveforms.v:1383', 'rtl/ppg_control_top/tb_ppg_control_top_robustness_corner_waveforms.v:1386', 'rtl/ppg_control_top/tb_ppg_control_top_robustness_corner_waveforms.v:1489', 'rtl/ppg_control_top/tb_ppg_real_raw_generator.vh:32', 'rtl/ppg_control_top/tb_ppg_real_raw_generator.vh:61', 'rtl/ppg_control_top/tb_ppg_real_raw_generator.vh:141', 'rtl/ppg_control_top/tb_ppg_real_raw_generator_selfcheck.v:266']",['contracts/PPG_ALIAS_MAPPING_TABLE.md:180'],[]
PRC-02,['contracts/PPG_REAL_PPG_RAW_GENERATOR_TESTBENCH_CONTRACT.md:712'],['rtl/ppg_precision_window_controller/ppg_precision_window_controller.v:277'],"['rtl/ppg_control_top/tb_ppg_control_top_robustness_corner_waveforms.v:35', 'rtl/ppg_control_top/tb_ppg_control_top_robustness_corner_waveforms.v:65', 'rtl/ppg_control_top/tb_ppg_control_top_robustness_corner_waveforms.v:1390', 'rtl/ppg_control_top/tb_ppg_control_top_robustness_corner_waveforms.v:1394', 'rtl/ppg_control_top/tb_ppg_control_top_robustness_corner_waveforms.v:1397', 'rtl/ppg_control_top/tb_ppg_control_top_robustness_corner_waveforms.v:1400', 'rtl/ppg_control_top/tb_ppg_real_raw_generator.vh:32', 'rtl/ppg_control_top/tb_ppg_real_raw_generator.vh:144', 'rtl/ppg_control_top/tb_ppg_real_raw_generator.vh:145', 'rtl/ppg_control_top/tb_ppg_real_raw_generator_selfcheck.v:296']",['contracts/PPG_ALIAS_MAPPING_TABLE.md:181'],[]
PRC-03,['contracts/PPG_REAL_PPG_RAW_GENERATOR_TESTBENCH_CONTRACT.md:713'],"['rtl/ppg_coarse_detection_fir/ppg_coarse_detection_fir.v:319', 'rtl/ppg_coarse_detection_fir/ppg_coarse_detection_fir.v:320', 'rtl/ppg_dynamic_baseline_cross_detector/ppg_dynamic_baseline_cross_detector.v:445', 'rtl/ppg_peak_valley_window_detector/ppg_peak_valley_window_detector.v:350']","['rtl/ppg_control_top/tb_ppg_control_top_robustness_corner_waveforms.v:32', 'rtl/ppg_control_top/tb_ppg_control_top_robustness_corner_waveforms.v:34', 'rtl/ppg_control_top/tb_ppg_control_top_robustness_corner_waveforms.v:35', 'rtl/ppg_control_top/tb_ppg_control_top_robustness_corner_waveforms.v:36', 'rtl/ppg_control_top/tb_ppg_control_top_robustness_corner_waveforms.v:37', 'rtl/ppg_control_top/tb_ppg_control_top_robustness_corner_waveforms.v:38', 'rtl/ppg_control_top/tb_ppg_control_top_robustness_corner_waveforms.v:65', 'rtl/ppg_control_top/tb_ppg_control_top_robustness_corner_waveforms.v:66', 'rtl/ppg_control_top/tb_ppg_control_top_robustness_corner_waveforms.v:67', 'rtl/ppg_control_top/tb_ppg_control_top_robustness_corner_waveforms.v:68', 'rtl/ppg_control_top/tb_ppg_control_top_robustness_corner_waveforms.v:1405', 'rtl/ppg_control_top/tb_ppg_control_top_robustness_corner_waveforms.v:1412', 'rtl/ppg_control_top/tb_ppg_control_top_robustness_corner_waveforms.v:1415', 'rtl/ppg_control_top/tb_ppg_control_top_robustness_corner_waveforms.v:1418', 'rtl/ppg_control_top/tb_ppg_control_top_robustness_corner_waveforms.v:1421', 'rtl/ppg_control_top/tb_ppg_real_raw_generator.vh:32', 'rtl/ppg_control_top/tb_ppg_real_raw_generator.vh:146', 'rtl/ppg_control_top/tb_ppg_real_raw_generator.vh:147', 'rtl/ppg_control_top/tb_ppg_real_raw_generator_selfcheck.v:324']",['contracts/PPG_ALIAS_MAPPING_TABLE.md:182'],[]
PRC-04,['contracts/PPG_REAL_PPG_RAW_GENERATOR_TESTBENCH_CONTRACT.md:714'],"['rtl/ppg_dynamic_baseline_cross_detector/ppg_dynamic_baseline_cross_detector.v:473', 'rtl/ppg_dynamic_baseline_cross_detector/ppg_dynamic_baseline_cross_detector.v:494']","['rtl/ppg_control_top/tb_ppg_control_top_robustness_corner_waveforms.v:25', 'rtl/ppg_control_top/tb_ppg_control_top_robustness_corner_waveforms.v:27', 'rtl/ppg_control_top/tb_ppg_control_top_robustness_corner_waveforms.v:27', 'rtl/ppg_control_top/tb_ppg_control_top_robustness_corner_waveforms.v:27', 'rtl/ppg_control_top/tb_ppg_control_top_robustness_corner_waveforms.v:27', 'rtl/ppg_control_top/tb_ppg_control_top_robustness_corner_waveforms.v:27', 'rtl/ppg_control_top/tb_ppg_control_top_robustness_corner_waveforms.v:27', 'rtl/ppg_control_top/tb_ppg_control_top_robustness_corner_waveforms.v:29', 'rtl/ppg_control_top/tb_ppg_control_top_robustness_corner_waveforms.v:29', 'rtl/ppg_control_top/tb_ppg_control_top_robustness_corner_waveforms.v:29', 'rtl/ppg_control_top/tb_ppg_control_top_robustness_corner_waveforms.v:32', 'rtl/ppg_control_top/tb_ppg_control_top_robustness_corner_waveforms.v:32', 'rtl/ppg_control_top/tb_ppg_control_top_robustness_corner_waveforms.v:32', 'rtl/ppg_control_top/tb_ppg_control_top_robustness_corner_waveforms.v:35', 'rtl/ppg_control_top/tb_ppg_control_top_robustness_corner_waveforms.v:62', 'rtl/ppg_control_top/tb_ppg_control_top_robustness_corner_waveforms.v:62', 'rtl/ppg_control_top/tb_ppg_control_top_robustness_corner_waveforms.v:65', 'rtl/ppg_control_top/tb_ppg_control_top_robustness_corner_waveforms.v:754', 'rtl/ppg_control_top/tb_ppg_control_top_robustness_corner_waveforms.v:1160', 'rtl/ppg_control_top/tb_ppg_control_top_robustness_corner_waveforms.v:1426', 'rtl/ppg_control_top/tb_ppg_control_top_robustness_corner_waveforms.v:1451', 'rtl/ppg_control_top/tb_ppg_control_top_robustness_corner_waveforms.v:1454', 'rtl/ppg_control_top/tb_ppg_control_top_robustness_corner_waveforms.v:1457', 'rtl/ppg_control_top/tb_ppg_control_top_robustness_corner_waveforms.v:1460', 'rtl/ppg_control_top/tb_ppg_control_top_robustness_corner_waveforms.v:1464', 'rtl/ppg_control_top/tb_ppg_control_top_robustness_corner_waveforms.v:1467', 'rtl/ppg_control_top/tb_ppg_control_top_robustness_corner_waveforms.v:1470', 'rtl/ppg_control_top/tb_ppg_control_top_robustness_corner_waveforms.v:1473', 'rtl/ppg_control_top/tb_ppg_control_top_robustness_corner_waveforms.v:1476', 'rtl/ppg_control_top/tb_ppg_real_raw_generator.vh:32', 'rtl/ppg_control_top/tb_ppg_real_raw_generator.vh:148', 'rtl/ppg_control_top/tb_ppg_real_raw_generator.vh:149', 'rtl/ppg_control_top/tb_ppg_real_raw_generator_selfcheck.v:346']",['contracts/PPG_ALIAS_MAPPING_TABLE.md:183'],[]
PRC-05,['contracts/PPG_REAL_PPG_RAW_GENERATOR_TESTBENCH_CONTRACT.md:715'],[],"['rtl/ppg_control_top/tb_ppg_control_top_robustness_corner_waveforms.v:34', 'rtl/ppg_control_top/tb_ppg_control_top_robustness_corner_waveforms.v:35', 'rtl/ppg_control_top/tb_ppg_control_top_robustness_corner_waveforms.v:64', 'rtl/ppg_control_top/tb_ppg_control_top_robustness_corner_waveforms.v:65', 'rtl/ppg_control_top/tb_ppg_control_top_robustness_corner_waveforms.v:1708', 'rtl/ppg_control_top/tb_ppg_control_top_robustness_corner_waveforms.v:1711']",['contracts/PPG_ALIAS_MAPPING_TABLE.md:184'],['rtl_tag']
PRC-06,['contracts/PPG_REAL_PPG_RAW_GENERATOR_TESTBENCH_CONTRACT.md:716'],"['rtl/ppg_peak_valley_window_detector/ppg_peak_valley_window_detector.v:386', 'rtl/ppg_peak_valley_window_detector/ppg_peak_valley_window_detector.v:399', 'rtl/ppg_peak_valley_window_detector/ppg_peak_valley_window_detector.v:421', 'rtl/ppg_peak_valley_window_detector/ppg_peak_valley_window_detector.v:422']","['rtl/ppg_control_top/tb_ppg_control_top_robustness_corner_waveforms.v:32', 'rtl/ppg_control_top/tb_ppg_control_top_robustness_corner_waveforms.v:32', 'rtl/ppg_control_top/tb_ppg_control_top_robustness_corner_waveforms.v:32', 'rtl/ppg_control_top/tb_ppg_control_top_robustness_corner_waveforms.v:62', 'rtl/ppg_control_top/tb_ppg_control_top_robustness_corner_waveforms.v:62', 'rtl/ppg_control_top/tb_ppg_control_top_robustness_corner_waveforms.v:321', 'rtl/ppg_control_top/tb_ppg_control_top_robustness_corner_waveforms.v:756', 'rtl/ppg_control_top/tb_ppg_real_raw_generator.vh:32', 'rtl/ppg_control_top/tb_ppg_real_raw_generator_selfcheck.v:380']",['contracts/PPG_ALIAS_MAPPING_TABLE.md:185'],[]
PRC-07,['contracts/PPG_REAL_PPG_RAW_GENERATOR_TESTBENCH_CONTRACT.md:717'],"['rtl/ppg_peak_valley_window_detector/ppg_peak_valley_window_detector.v:404', 'rtl/ppg_peak_valley_window_detector/ppg_peak_valley_window_detector.v:422']","['rtl/ppg_control_top/tb_ppg_control_top_robustness_corner_waveforms.v:35', 'rtl/ppg_control_top/tb_ppg_control_top_robustness_corner_waveforms.v:36', 'rtl/ppg_control_top/tb_ppg_control_top_robustness_corner_waveforms.v:65', 'rtl/ppg_control_top/tb_ppg_control_top_robustness_corner_waveforms.v:66', 'rtl/ppg_control_top/tb_ppg_control_top_robustness_corner_waveforms.v:1605', 'rtl/ppg_control_top/tb_ppg_control_top_robustness_corner_waveforms.v:1609', 'rtl/ppg_control_top/tb_ppg_control_top_robustness_corner_waveforms.v:1612', 'rtl/ppg_control_top/tb_ppg_control_top_robustness_corner_waveforms.v:1615', 'rtl/ppg_control_top/tb_ppg_real_raw_generator.vh:32', 'rtl/ppg_control_top/tb_ppg_real_raw_generator.vh:152', 'rtl/ppg_control_top/tb_ppg_real_raw_generator.vh:153', 'rtl/ppg_control_top/tb_ppg_real_raw_generator_selfcheck.v:413']",['contracts/PPG_ALIAS_MAPPING_TABLE.md:186'],[]
PRC-08,['contracts/PPG_REAL_PPG_RAW_GENERATOR_TESTBENCH_CONTRACT.md:718'],['rtl/ppg_adc_measurement_idac_integration/ppg_adc_measurement_idac_integration.v:1013'],"['rtl/ppg_control_top/tb_ppg_control_top_injection.v:21', 'rtl/ppg_control_top/tb_ppg_control_top_injection.v:21', 'rtl/ppg_control_top/tb_ppg_control_top_injection.v:41', 'rtl/ppg_control_top/tb_ppg_control_top_injection.v:45', 'rtl/ppg_control_top/tb_ppg_control_top_injection.v:125', 'rtl/ppg_control_top/tb_ppg_control_top_injection.v:909', 'rtl/ppg_control_top/tb_ppg_control_top_injection.v:982', 'rtl/ppg_control_top/tb_ppg_control_top_lifecycle_fault_adc_anomaly.v:30', 'rtl/ppg_control_top/tb_ppg_control_top_robustness_corner_waveforms.v:34', 'rtl/ppg_control_top/tb_ppg_control_top_robustness_corner_waveforms.v:35', 'rtl/ppg_control_top/tb_ppg_control_top_robustness_corner_waveforms.v:37', 'rtl/ppg_control_top/tb_ppg_control_top_robustness_corner_waveforms.v:38', 'rtl/ppg_control_top/tb_ppg_control_top_robustness_corner_waveforms.v:38', 'rtl/ppg_control_top/tb_ppg_control_top_robustness_corner_waveforms.v:1624', 'rtl/ppg_control_top/tb_ppg_control_top_robustness_corner_waveforms.v:1712', 'rtl/ppg_control_top/tb_ppg_control_top_robustness_corner_waveforms.v:1716', 'rtl/ppg_control_top/tb_ppg_real_raw_generator.vh:32']","['contracts/PPG_ALIAS_MAPPING_TABLE.md:48', 'contracts/PPG_ALIAS_MAPPING_TABLE.md:135', 'contracts/PPG_ALIAS_MAPPING_TABLE.md:187']",[]
PRC-09,['contracts/PPG_REAL_PPG_RAW_GENERATOR_TESTBENCH_CONTRACT.md:719'],['rtl/ppg_coarse_detection_fir/ppg_coarse_detection_fir.v:312'],"['rtl/ppg_control_top/tb_ppg_control_top_owner_identity_backpressure.v:26', 'rtl/ppg_control_top/tb_ppg_control_top_owner_identity_backpressure.v:28', 'rtl/ppg_control_top/tb_ppg_control_top_owner_identity_backpressure.v:29', 'rtl/ppg_control_top/tb_ppg_control_top_owner_identity_backpressure.v:31', 'rtl/ppg_control_top/tb_ppg_control_top_owner_identity_backpressure.v:59', 'rtl/ppg_control_top/tb_ppg_control_top_robustness_corner_waveforms.v:33', 'rtl/ppg_control_top/tb_ppg_control_top_robustness_corner_waveforms.v:33', 'rtl/ppg_control_top/tb_ppg_control_top_robustness_corner_waveforms.v:33', 'rtl/ppg_control_top/tb_ppg_control_top_robustness_corner_waveforms.v:33', 'rtl/ppg_control_top/tb_ppg_control_top_robustness_corner_waveforms.v:33', 'rtl/ppg_control_top/tb_ppg_control_top_robustness_corner_waveforms.v:33', 'rtl/ppg_control_top/tb_ppg_control_top_robustness_corner_waveforms.v:33', 'rtl/ppg_control_top/tb_ppg_control_top_robustness_corner_waveforms.v:34', 'rtl/ppg_control_top/tb_ppg_control_top_robustness_corner_waveforms.v:35', 'rtl/ppg_control_top/tb_ppg_control_top_robustness_corner_waveforms.v:35', 'rtl/ppg_control_top/tb_ppg_control_top_robustness_corner_waveforms.v:35', 'rtl/ppg_control_top/tb_ppg_control_top_robustness_corner_waveforms.v:37', 'rtl/ppg_control_top/tb_ppg_control_top_robustness_corner_waveforms.v:37', 'rtl/ppg_control_top/tb_ppg_control_top_robustness_corner_waveforms.v:38', 'rtl/ppg_control_top/tb_ppg_control_top_robustness_corner_waveforms.v:38', 'rtl/ppg_control_top/tb_ppg_control_top_robustness_corner_waveforms.v:38', 'rtl/ppg_control_top/tb_ppg_control_top_robustness_corner_waveforms.v:38', 'rtl/ppg_control_top/tb_ppg_control_top_robustness_corner_waveforms.v:63', 'rtl/ppg_control_top/tb_ppg_control_top_robustness_corner_waveforms.v:63', 'rtl/ppg_control_top/tb_ppg_control_top_robustness_corner_waveforms.v:63', 'rtl/ppg_control_top/tb_ppg_control_top_robustness_corner_waveforms.v:63', 'rtl/ppg_control_top/tb_ppg_control_top_robustness_corner_waveforms.v:64', 'rtl/ppg_control_top/tb_ppg_control_top_robustness_corner_waveforms.v:65', 'rtl/ppg_control_top/tb_ppg_control_top_robustness_corner_waveforms.v:67', 'rtl/ppg_control_top/tb_ppg_control_top_robustness_corner_waveforms.v:68', 'rtl/ppg_control_top/tb_ppg_control_top_robustness_corner_waveforms.v:174', 'rtl/ppg_control_top/tb_ppg_control_top_robustness_corner_waveforms.v:325', 'rtl/ppg_control_top/tb_ppg_control_top_robustness_corner_waveforms.v:1620', 'rtl/ppg_control_top/tb_ppg_control_top_robustness_corner_waveforms.v:1668', 'rtl/ppg_control_top/tb_ppg_control_top_robustness_corner_waveforms.v:1685', 'rtl/ppg_control_top/tb_ppg_control_top_robustness_corner_waveforms.v:1688', 'rtl/ppg_control_top/tb_ppg_control_top_robustness_corner_waveforms.v:1691', 'rtl/ppg_control_top/tb_ppg_control_top_robustness_corner_waveforms.v:1694', 'rtl/ppg_control_top/tb_ppg_real_raw_generator.vh:32']",['contracts/PPG_ALIAS_MAPPING_TABLE.md:188'],[]
PRC-10,['contracts/PPG_REAL_PPG_RAW_GENERATOR_TESTBENCH_CONTRACT.md:720'],['rtl/ppg_coarse_detection_fir/ppg_coarse_detection_fir.v:312'],"['rtl/ppg_control_top/tb_ppg_control_top_owner_identity_backpressure.v:26', 'rtl/ppg_control_top/tb_ppg_control_top_owner_identity_backpressure.v:28', 'rtl/ppg_control_top/tb_ppg_control_top_owner_identity_backpressure.v:57', 'rtl/ppg_control_top/tb_ppg_control_top_robustness_corner_waveforms.v:33', 'rtl/ppg_control_top/tb_ppg_control_top_robustness_corner_waveforms.v:33', 'rtl/ppg_control_top/tb_ppg_control_top_robustness_corner_waveforms.v:33', 'rtl/ppg_control_top/tb_ppg_control_top_robustness_corner_waveforms.v:33', 'rtl/ppg_control_top/tb_ppg_control_top_robustness_corner_waveforms.v:33', 'rtl/ppg_control_top/tb_ppg_control_top_robustness_corner_waveforms.v:34', 'rtl/ppg_control_top/tb_ppg_control_top_robustness_corner_waveforms.v:35', 'rtl/ppg_control_top/tb_ppg_control_top_robustness_corner_waveforms.v:38', 'rtl/ppg_control_top/tb_ppg_control_top_robustness_corner_waveforms.v:63', 'rtl/ppg_control_top/tb_ppg_control_top_robustness_corner_waveforms.v:63', 'rtl/ppg_control_top/tb_ppg_control_top_robustness_corner_waveforms.v:1697', 'rtl/ppg_control_top/tb_ppg_control_top_robustness_corner_waveforms.v:1700']",['contracts/PPG_ALIAS_MAPPING_TABLE.md:188'],[]
PVW-01,['contracts/PPG_PEAK_VALLEY_WINDOW_DETECTOR_INTERFACE_CONTRACT.md:801'],['rtl/ppg_peak_valley_window_detector/ppg_peak_valley_window_detector.v:477'],"['rtl/ppg_peak_valley_window_detector/tb_ppg_peak_valley_window_detector.v:10', 'rtl/ppg_peak_valley_window_detector/tb_ppg_peak_valley_window_detector.v:537', 'rtl/ppg_peak_valley_window_detector/tb_ppg_peak_valley_window_detector.v:1184']",['contracts/PPG_ALIAS_MAPPING_TABLE.md:309'],[]
PVW-02,['contracts/PPG_PEAK_VALLEY_WINDOW_DETECTOR_INTERFACE_CONTRACT.md:802'],['rtl/ppg_peak_valley_window_detector/ppg_peak_valley_window_detector.v:589'],['rtl/ppg_peak_valley_window_detector/tb_ppg_peak_valley_window_detector.v:539'],['contracts/PPG_ALIAS_MAPPING_TABLE.md:310'],[]
PVW-03,['contracts/PPG_PEAK_VALLEY_WINDOW_DETECTOR_INTERFACE_CONTRACT.md:803'],['rtl/ppg_peak_valley_window_detector/ppg_peak_valley_window_detector.v:386'],['rtl/ppg_peak_valley_window_detector/tb_ppg_peak_valley_window_detector.v:541'],['contracts/PPG_ALIAS_MAPPING_TABLE.md:311'],[]
PVW-04,['contracts/PPG_PEAK_VALLEY_WINDOW_DETECTOR_INTERFACE_CONTRACT.md:804'],['rtl/ppg_peak_valley_window_detector/ppg_peak_valley_window_detector.v:390'],['rtl/ppg_peak_valley_window_detector/tb_ppg_peak_valley_window_detector.v:542'],['contracts/PPG_ALIAS_MAPPING_TABLE.md:312'],[]
PVW-05,['contracts/PPG_PEAK_VALLEY_WINDOW_DETECTOR_INTERFACE_CONTRACT.md:805'],['rtl/ppg_peak_valley_window_detector/ppg_peak_valley_window_detector.v:672'],['rtl/ppg_peak_valley_window_detector/tb_ppg_peak_valley_window_detector.v:553'],['contracts/PPG_ALIAS_MAPPING_TABLE.md:313'],[]
PVW-06,['contracts/PPG_PEAK_VALLEY_WINDOW_DETECTOR_INTERFACE_CONTRACT.md:806'],['rtl/ppg_peak_valley_window_detector/ppg_peak_valley_window_detector.v:731'],['rtl/ppg_peak_valley_window_detector/tb_ppg_peak_valley_window_detector.v:563'],['contracts/PPG_ALIAS_MAPPING_TABLE.md:314'],[]
PVW-07,['contracts/PPG_PEAK_VALLEY_WINDOW_DETECTOR_INTERFACE_CONTRACT.md:807'],['rtl/ppg_peak_valley_window_detector/ppg_peak_valley_window_detector.v:723'],['rtl/ppg_peak_valley_window_detector/tb_ppg_peak_valley_window_detector.v:574'],['contracts/PPG_ALIAS_MAPPING_TABLE.md:315'],[]
PVW-08,['contracts/PPG_PEAK_VALLEY_WINDOW_DETECTOR_INTERFACE_CONTRACT.md:808'],['rtl/ppg_peak_valley_window_detector/ppg_peak_valley_window_detector.v:386'],['rtl/ppg_peak_valley_window_detector/tb_ppg_peak_valley_window_detector.v:589'],['contracts/PPG_ALIAS_MAPPING_TABLE.md:316'],[]
PVW-09,['contracts/PPG_PEAK_VALLEY_WINDOW_DETECTOR_INTERFACE_CONTRACT.md:809'],['rtl/ppg_peak_valley_window_detector/ppg_peak_valley_window_detector.v:386'],"['rtl/ppg_peak_valley_window_detector/tb_ppg_peak_valley_window_detector.v:24', 'rtl/ppg_peak_valley_window_detector/tb_ppg_peak_valley_window_detector.v:46', 'rtl/ppg_peak_valley_window_detector/tb_ppg_peak_valley_window_detector.v:127', 'rtl/ppg_peak_valley_window_detector/tb_ppg_peak_valley_window_detector.v:598', 'rtl/ppg_peak_valley_window_detector/tb_ppg_peak_valley_window_detector.v:600']",['contracts/PPG_ALIAS_MAPPING_TABLE.md:317'],[]
PVW-10,['contracts/PPG_PEAK_VALLEY_WINDOW_DETECTOR_INTERFACE_CONTRACT.md:810'],['rtl/ppg_peak_valley_window_detector/ppg_peak_valley_window_detector.v:403'],"['rtl/ppg_control_top/tb_ppg_control_top_peak_valley_return.v:26', 'rtl/ppg_peak_valley_window_detector/tb_ppg_peak_valley_window_detector.v:645']",['contracts/PPG_ALIAS_MAPPING_TABLE.md:318'],[]
PVW-11,['contracts/PPG_PEAK_VALLEY_WINDOW_DETECTOR_INTERFACE_CONTRACT.md:811'],['rtl/ppg_peak_valley_window_detector/ppg_peak_valley_window_detector.v:678'],['rtl/ppg_peak_valley_window_detector/tb_ppg_peak_valley_window_detector.v:657'],['contracts/PPG_ALIAS_MAPPING_TABLE.md:319'],[]
PVW-12,['contracts/PPG_PEAK_VALLEY_WINDOW_DETECTOR_INTERFACE_CONTRACT.md:812'],['rtl/ppg_peak_valley_window_detector/ppg_peak_valley_window_detector.v:743'],['rtl/ppg_peak_valley_window_detector/tb_ppg_peak_valley_window_detector.v:670'],['contracts/PPG_ALIAS_MAPPING_TABLE.md:320'],[]
PVW-13,['contracts/PPG_PEAK_VALLEY_WINDOW_DETECTOR_INTERFACE_CONTRACT.md:813'],['rtl/ppg_peak_valley_window_detector/ppg_peak_valley_window_detector.v:735'],['rtl/ppg_peak_valley_window_detector/tb_ppg_peak_valley_window_detector.v:685'],['contracts/PPG_ALIAS_MAPPING_TABLE.md:321'],[]
PVW-14,['contracts/PPG_PEAK_VALLEY_WINDOW_DETECTOR_INTERFACE_CONTRACT.md:814'],['rtl/ppg_peak_valley_window_detector/ppg_peak_valley_window_detector.v:398'],['rtl/ppg_peak_valley_window_detector/tb_ppg_peak_valley_window_detector.v:701'],['contracts/PPG_ALIAS_MAPPING_TABLE.md:322'],[]
PVW-15,['contracts/PPG_PEAK_VALLEY_WINDOW_DETECTOR_INTERFACE_CONTRACT.md:815'],['rtl/ppg_peak_valley_window_detector/ppg_peak_valley_window_detector.v:399'],['rtl/ppg_peak_valley_window_detector/tb_ppg_peak_valley_window_detector.v:714'],['contracts/PPG_ALIAS_MAPPING_TABLE.md:323'],[]
PVW-16,['contracts/PPG_PEAK_VALLEY_WINDOW_DETECTOR_INTERFACE_CONTRACT.md:816'],['rtl/ppg_peak_valley_window_detector/ppg_peak_valley_window_detector.v:525'],['rtl/ppg_peak_valley_window_detector/tb_ppg_peak_valley_window_detector.v:721'],['contracts/PPG_ALIAS_MAPPING_TABLE.md:324'],[]
PVW-17,['contracts/PPG_PEAK_VALLEY_WINDOW_DETECTOR_INTERFACE_CONTRACT.md:817'],['rtl/ppg_peak_valley_window_detector/ppg_peak_valley_window_detector.v:496'],"['rtl/ppg_control_top/tb_ppg_control_top_baseline_cross.v:111', 'rtl/ppg_peak_valley_window_detector/tb_ppg_peak_valley_window_detector.v:726']",['contracts/PPG_ALIAS_MAPPING_TABLE.md:325'],[]
PVW-18,['contracts/PPG_PEAK_VALLEY_WINDOW_DETECTOR_INTERFACE_CONTRACT.md:818'],['rtl/ppg_peak_valley_window_detector/ppg_peak_valley_window_detector.v:349'],['rtl/ppg_peak_valley_window_detector/tb_ppg_peak_valley_window_detector.v:735'],['contracts/PPG_ALIAS_MAPPING_TABLE.md:326'],[]
PVW-19,['contracts/PPG_PEAK_VALLEY_WINDOW_DETECTOR_INTERFACE_CONTRACT.md:819'],['rtl/ppg_peak_valley_window_detector/ppg_peak_valley_window_detector.v:354'],['rtl/ppg_peak_valley_window_detector/tb_ppg_peak_valley_window_detector.v:746'],['contracts/PPG_ALIAS_MAPPING_TABLE.md:327'],[]
PVW-20,['contracts/PPG_PEAK_VALLEY_WINDOW_DETECTOR_INTERFACE_CONTRACT.md:820'],['rtl/ppg_peak_valley_window_detector/ppg_peak_valley_window_detector.v:427'],['rtl/ppg_peak_valley_window_detector/tb_ppg_peak_valley_window_detector.v:754'],['contracts/PPG_ALIAS_MAPPING_TABLE.md:328'],[]
PVW-21,['contracts/PPG_PEAK_VALLEY_WINDOW_DETECTOR_INTERFACE_CONTRACT.md:821'],['rtl/ppg_peak_valley_window_detector/ppg_peak_valley_window_detector.v:417'],['rtl/ppg_peak_valley_window_detector/tb_ppg_peak_valley_window_detector.v:767'],['contracts/PPG_ALIAS_MAPPING_TABLE.md:329'],[]
PVW-22,['contracts/PPG_PEAK_VALLEY_WINDOW_DETECTOR_INTERFACE_CONTRACT.md:822'],['rtl/ppg_peak_valley_window_detector/ppg_peak_valley_window_detector.v:576'],['rtl/ppg_peak_valley_window_detector/tb_ppg_peak_valley_window_detector.v:776'],['contracts/PPG_ALIAS_MAPPING_TABLE.md:330'],[]
PVW-23,['contracts/PPG_PEAK_VALLEY_WINDOW_DETECTOR_INTERFACE_CONTRACT.md:823'],['rtl/ppg_peak_valley_window_detector/ppg_peak_valley_window_detector.v:576'],['rtl/ppg_peak_valley_window_detector/tb_ppg_peak_valley_window_detector.v:784'],['contracts/PPG_ALIAS_MAPPING_TABLE.md:331'],[]
PVW-24,['contracts/PPG_PEAK_VALLEY_WINDOW_DETECTOR_INTERFACE_CONTRACT.md:824'],"['rtl/ppg_peak_valley_window_detector/ppg_peak_valley_window_detector.v:541', 'rtl/ppg_peak_valley_window_detector/ppg_peak_valley_window_detector.v:574']",['rtl/ppg_peak_valley_window_detector/tb_ppg_peak_valley_window_detector.v:804'],['contracts/PPG_ALIAS_MAPPING_TABLE.md:332'],[]
PVW-25,['contracts/PPG_PEAK_VALLEY_WINDOW_DETECTOR_INTERFACE_CONTRACT.md:825'],['rtl/ppg_peak_valley_window_detector/ppg_peak_valley_window_detector.v:420'],['rtl/ppg_peak_valley_window_detector/tb_ppg_peak_valley_window_detector.v:815'],['contracts/PPG_ALIAS_MAPPING_TABLE.md:333'],[]
PVW-26,['contracts/PPG_PEAK_VALLEY_WINDOW_DETECTOR_INTERFACE_CONTRACT.md:826'],['rtl/ppg_peak_valley_window_detector/ppg_peak_valley_window_detector.v:421'],['rtl/ppg_peak_valley_window_detector/tb_ppg_peak_valley_window_detector.v:824'],['contracts/PPG_ALIAS_MAPPING_TABLE.md:334'],[]
PVW-27,['contracts/PPG_PEAK_VALLEY_WINDOW_DETECTOR_INTERFACE_CONTRACT.md:827'],['rtl/ppg_peak_valley_window_detector/ppg_peak_valley_window_detector.v:591'],['rtl/ppg_peak_valley_window_detector/tb_ppg_peak_valley_window_detector.v:833'],['contracts/PPG_ALIAS_MAPPING_TABLE.md:335'],[]
PVW-28,['contracts/PPG_PEAK_VALLEY_WINDOW_DETECTOR_INTERFACE_CONTRACT.md:828'],['rtl/ppg_peak_valley_window_detector/ppg_peak_valley_window_detector.v:485'],['rtl/ppg_peak_valley_window_detector/tb_ppg_peak_valley_window_detector.v:840'],['contracts/PPG_ALIAS_MAPPING_TABLE.md:336'],[]
PVW-29,['contracts/PPG_PEAK_VALLEY_WINDOW_DETECTOR_INTERFACE_CONTRACT.md:829'],['rtl/ppg_peak_valley_window_detector/ppg_peak_valley_window_detector.v:514'],['rtl/ppg_peak_valley_window_detector/tb_ppg_peak_valley_window_detector.v:849'],['contracts/PPG_ALIAS_MAPPING_TABLE.md:337'],[]
PVW-30,['contracts/PPG_PEAK_VALLEY_WINDOW_DETECTOR_INTERFACE_CONTRACT.md:830'],['rtl/ppg_peak_valley_window_detector/ppg_peak_valley_window_detector.v:545'],['rtl/ppg_peak_valley_window_detector/tb_ppg_peak_valley_window_detector.v:859'],['contracts/PPG_ALIAS_MAPPING_TABLE.md:338'],[]
PVW-31,['contracts/PPG_PEAK_VALLEY_WINDOW_DETECTOR_INTERFACE_CONTRACT.md:831'],['rtl/ppg_peak_valley_window_detector/ppg_peak_valley_window_detector.v:426'],['rtl/ppg_peak_valley_window_detector/tb_ppg_peak_valley_window_detector.v:872'],['contracts/PPG_ALIAS_MAPPING_TABLE.md:339'],[]
PVW-32,['contracts/PPG_PEAK_VALLEY_WINDOW_DETECTOR_INTERFACE_CONTRACT.md:832'],['rtl/ppg_peak_valley_window_detector/ppg_peak_valley_window_detector.v:346'],"['rtl/ppg_peak_valley_window_detector/tb_ppg_peak_valley_window_detector.v:24', 'rtl/ppg_peak_valley_window_detector/tb_ppg_peak_valley_window_detector.v:24', 'rtl/ppg_peak_valley_window_detector/tb_ppg_peak_valley_window_detector.v:884', 'rtl/ppg_peak_valley_window_detector/tb_ppg_peak_valley_window_detector.v:895']",['contracts/PPG_ALIAS_MAPPING_TABLE.md:340'],[]
PVW-33,['contracts/PPG_PEAK_VALLEY_WINDOW_DETECTOR_INTERFACE_CONTRACT.md:833'],['rtl/ppg_peak_valley_window_detector/ppg_peak_valley_window_detector.v:464'],"['rtl/ppg_peak_valley_window_detector/tb_ppg_peak_valley_window_detector.v:24', 'rtl/ppg_peak_valley_window_detector/tb_ppg_peak_valley_window_detector.v:890']",['contracts/PPG_ALIAS_MAPPING_TABLE.md:341'],[]
PVW-34,['contracts/PPG_PEAK_VALLEY_WINDOW_DETECTOR_INTERFACE_CONTRACT.md:834'],['rtl/ppg_peak_valley_window_detector/ppg_peak_valley_window_detector.v:438'],['rtl/ppg_peak_valley_window_detector/tb_ppg_peak_valley_window_detector.v:909'],['contracts/PPG_ALIAS_MAPPING_TABLE.md:342'],[]
PVW-35,['contracts/PPG_PEAK_VALLEY_WINDOW_DETECTOR_INTERFACE_CONTRACT.md:835'],"['rtl/ppg_peak_valley_window_detector/ppg_peak_valley_window_detector.v:346', 'rtl/ppg_peak_valley_window_detector/ppg_peak_valley_window_detector.v:632']","['rtl/ppg_peak_valley_window_detector/tb_ppg_peak_valley_window_detector.v:23', 'rtl/ppg_peak_valley_window_detector/tb_ppg_peak_valley_window_detector.v:45', 'rtl/ppg_peak_valley_window_detector/tb_ppg_peak_valley_window_detector.v:920', 'rtl/ppg_peak_valley_window_detector/tb_ppg_peak_valley_window_detector.v:1170']",['contracts/PPG_ALIAS_MAPPING_TABLE.md:343'],[]
PVW-36,['contracts/PPG_PEAK_VALLEY_WINDOW_DETECTOR_INTERFACE_CONTRACT.md:836'],"['rtl/ppg_peak_valley_window_detector/ppg_peak_valley_window_detector.v:346', 'rtl/ppg_peak_valley_window_detector/ppg_peak_valley_window_detector.v:465']","['rtl/ppg_peak_valley_window_detector/tb_ppg_peak_valley_window_detector.v:23', 'rtl/ppg_peak_valley_window_detector/tb_ppg_peak_valley_window_detector.v:933']",['contracts/PPG_ALIAS_MAPPING_TABLE.md:344'],[]
PVW-37,['contracts/PPG_PEAK_VALLEY_WINDOW_DETECTOR_INTERFACE_CONTRACT.md:837'],"['rtl/ppg_peak_valley_window_detector/ppg_peak_valley_window_detector.v:628', 'rtl/ppg_peak_valley_window_detector/ppg_peak_valley_window_detector.v:632']","['rtl/ppg_peak_valley_window_detector/tb_ppg_peak_valley_window_detector.v:23', 'rtl/ppg_peak_valley_window_detector/tb_ppg_peak_valley_window_detector.v:960', 'rtl/ppg_precision_window_controller/tb_ppg_precision_window_controller.v:23']",['contracts/PPG_ALIAS_MAPPING_TABLE.md:345'],[]
PVW-38,['contracts/PPG_PEAK_VALLEY_WINDOW_DETECTOR_INTERFACE_CONTRACT.md:838'],"['rtl/ppg_peak_valley_window_detector/ppg_peak_valley_window_detector.v:351', 'rtl/ppg_peak_valley_window_detector/ppg_peak_valley_window_detector.v:430']",['rtl/ppg_peak_valley_window_detector/tb_ppg_peak_valley_window_detector.v:970'],['contracts/PPG_ALIAS_MAPPING_TABLE.md:346'],[]
PVW-39,['contracts/PPG_PEAK_VALLEY_WINDOW_DETECTOR_INTERFACE_CONTRACT.md:839'],['rtl/ppg_peak_valley_window_detector/ppg_peak_valley_window_detector.v:427'],"['rtl/ppg_peak_valley_window_detector/tb_ppg_peak_valley_window_detector.v:24', 'rtl/ppg_peak_valley_window_detector/tb_ppg_peak_valley_window_detector.v:976']",['contracts/PPG_ALIAS_MAPPING_TABLE.md:347'],[]
PVW-40,['contracts/PPG_PEAK_VALLEY_WINDOW_DETECTOR_INTERFACE_CONTRACT.md:840'],['rtl/ppg_peak_valley_window_detector/ppg_peak_valley_window_detector.v:374'],['rtl/ppg_peak_valley_window_detector/tb_ppg_peak_valley_window_detector.v:1024'],['contracts/PPG_ALIAS_MAPPING_TABLE.md:348'],[]
PVW-41,['contracts/PPG_PEAK_VALLEY_WINDOW_DETECTOR_INTERFACE_CONTRACT.md:841'],['rtl/ppg_peak_valley_window_detector/ppg_peak_valley_window_detector.v:422'],['rtl/ppg_peak_valley_window_detector/tb_ppg_peak_valley_window_detector.v:1033'],['contracts/PPG_ALIAS_MAPPING_TABLE.md:349'],[]
PVW-42,['contracts/PPG_PEAK_VALLEY_WINDOW_DETECTOR_INTERFACE_CONTRACT.md:842'],['rtl/ppg_peak_valley_window_detector/ppg_peak_valley_window_detector.v:414'],['rtl/ppg_peak_valley_window_detector/tb_ppg_peak_valley_window_detector.v:1044'],['contracts/PPG_ALIAS_MAPPING_TABLE.md:350'],[]
PVW-43,['contracts/PPG_PEAK_VALLEY_WINDOW_DETECTOR_INTERFACE_CONTRACT.md:843'],['rtl/ppg_peak_valley_window_detector/ppg_peak_valley_window_detector.v:413'],['rtl/ppg_peak_valley_window_detector/tb_ppg_peak_valley_window_detector.v:1057'],['contracts/PPG_ALIAS_MAPPING_TABLE.md:351'],[]
PVW-44,['contracts/PPG_PEAK_VALLEY_WINDOW_DETECTOR_INTERFACE_CONTRACT.md:844'],"['rtl/ppg_peak_valley_window_detector/ppg_peak_valley_window_detector.v:404', 'rtl/ppg_peak_valley_window_detector/ppg_peak_valley_window_detector.v:405']",['rtl/ppg_peak_valley_window_detector/tb_ppg_peak_valley_window_detector.v:1091'],['contracts/PPG_ALIAS_MAPPING_TABLE.md:352'],[]
PVW-45,['contracts/PPG_PEAK_VALLEY_WINDOW_DETECTOR_INTERFACE_CONTRACT.md:845'],['rtl/ppg_peak_valley_window_detector/ppg_peak_valley_window_detector.v:416'],['rtl/ppg_peak_valley_window_detector/tb_ppg_peak_valley_window_detector.v:1111'],['contracts/PPG_ALIAS_MAPPING_TABLE.md:353'],[]
PVW-46,['contracts/PPG_PEAK_VALLEY_WINDOW_DETECTOR_INTERFACE_CONTRACT.md:846'],['rtl/ppg_peak_valley_window_detector/ppg_peak_valley_window_detector.v:464'],['rtl/ppg_peak_valley_window_detector/tb_ppg_peak_valley_window_detector.v:1151'],['contracts/PPG_ALIAS_MAPPING_TABLE.md:354'],[]
PVW-47,['contracts/PPG_PEAK_VALLEY_WINDOW_DETECTOR_INTERFACE_CONTRACT.md:847'],[],"['rtl/ppg_peak_valley_window_detector/tb_ppg_peak_valley_window_detector.v:24', 'rtl/ppg_peak_valley_window_detector/tb_ppg_peak_valley_window_detector.v:1153', 'rtl/ppg_peak_valley_window_detector/tb_ppg_peak_valley_window_detector.v:1165']",['contracts/PPG_ALIAS_MAPPING_TABLE.md:355'],['rtl_tag']
PVW-48,['contracts/PPG_PEAK_VALLEY_WINDOW_DETECTOR_INTERFACE_CONTRACT.md:848'],[],"['rtl/ppg_peak_valley_window_detector/tb_ppg_peak_valley_window_detector.v:10', 'rtl/ppg_peak_valley_window_detector/tb_ppg_peak_valley_window_detector.v:24', 'rtl/ppg_peak_valley_window_detector/tb_ppg_peak_valley_window_detector.v:1167', 'rtl/ppg_peak_valley_window_detector/tb_ppg_peak_valley_window_detector.v:1178', 'rtl/ppg_peak_valley_window_detector/tb_ppg_peak_valley_window_detector.v:1184']",['contracts/PPG_ALIAS_MAPPING_TABLE.md:356'],['rtl_tag']
PWC-01,['contracts/PPG_PRECISION_WINDOW_CONTROLLER_INTERFACE_CONTRACT.md:914'],['rtl/ppg_precision_window_controller/ppg_precision_window_controller.v:318'],"['rtl/ppg_precision_window_controller/tb_ppg_precision_window_controller.v:413', 'rtl/ppg_precision_window_controller/tb_ppg_precision_window_controller.v:761']",['contracts/PPG_ALIAS_MAPPING_TABLE.md:366'],[]
PWC-02,['contracts/PPG_PRECISION_WINDOW_CONTROLLER_INTERFACE_CONTRACT.md:915'],['rtl/ppg_precision_window_controller/ppg_precision_window_controller.v:325'],['rtl/ppg_precision_window_controller/tb_ppg_precision_window_controller.v:417'],['contracts/PPG_ALIAS_MAPPING_TABLE.md:367'],[]
PWC-03,['contracts/PPG_PRECISION_WINDOW_CONTROLLER_INTERFACE_CONTRACT.md:916'],['rtl/ppg_precision_window_controller/ppg_precision_window_controller.v:865'],['rtl/ppg_precision_window_controller/tb_ppg_precision_window_controller.v:425'],['contracts/PPG_ALIAS_MAPPING_TABLE.md:368'],[]
PWC-04,['contracts/PPG_PRECISION_WINDOW_CONTROLLER_INTERFACE_CONTRACT.md:917'],['rtl/ppg_precision_window_controller/ppg_precision_window_controller.v:323'],"['rtl/ppg_precision_window_controller/tb_ppg_precision_window_controller.v:24', 'rtl/ppg_precision_window_controller/tb_ppg_precision_window_controller.v:430', 'rtl/ppg_precision_window_controller/tb_ppg_precision_window_controller.v:435', 'rtl/ppg_precision_window_controller/tb_ppg_precision_window_controller.v:439']",['contracts/PPG_ALIAS_MAPPING_TABLE.md:369'],[]
PWC-05,['contracts/PPG_PRECISION_WINDOW_CONTROLLER_INTERFACE_CONTRACT.md:918'],['rtl/ppg_precision_window_controller/ppg_precision_window_controller.v:323'],['rtl/ppg_precision_window_controller/tb_ppg_precision_window_controller.v:444'],['contracts/PPG_ALIAS_MAPPING_TABLE.md:370'],[]
PWC-06,['contracts/PPG_PRECISION_WINDOW_CONTROLLER_INTERFACE_CONTRACT.md:919'],['rtl/ppg_precision_window_controller/ppg_precision_window_controller.v:277'],['rtl/ppg_precision_window_controller/tb_ppg_precision_window_controller.v:451'],['contracts/PPG_ALIAS_MAPPING_TABLE.md:371'],[]
PWC-07,['contracts/PPG_PRECISION_WINDOW_CONTROLLER_INTERFACE_CONTRACT.md:920'],['rtl/ppg_precision_window_controller/ppg_precision_window_controller.v:258'],['rtl/ppg_precision_window_controller/tb_ppg_precision_window_controller.v:463'],['contracts/PPG_ALIAS_MAPPING_TABLE.md:372'],[]
PWC-08,['contracts/PPG_PRECISION_WINDOW_CONTROLLER_INTERFACE_CONTRACT.md:921'],['rtl/ppg_precision_window_controller/ppg_precision_window_controller.v:708'],['rtl/ppg_precision_window_controller/tb_ppg_precision_window_controller.v:470'],['contracts/PPG_ALIAS_MAPPING_TABLE.md:373'],[]
PWC-09,['contracts/PPG_PRECISION_WINDOW_CONTROLLER_INTERFACE_CONTRACT.md:922'],['rtl/ppg_precision_window_controller/ppg_precision_window_controller.v:264'],['rtl/ppg_precision_window_controller/tb_ppg_precision_window_controller.v:473'],['contracts/PPG_ALIAS_MAPPING_TABLE.md:374'],[]
PWC-10,['contracts/PPG_PRECISION_WINDOW_CONTROLLER_INTERFACE_CONTRACT.md:923'],['rtl/ppg_precision_window_controller/ppg_precision_window_controller.v:367'],['rtl/ppg_precision_window_controller/tb_ppg_precision_window_controller.v:475'],['contracts/PPG_ALIAS_MAPPING_TABLE.md:375'],[]
PWC-11,['contracts/PPG_PRECISION_WINDOW_CONTROLLER_INTERFACE_CONTRACT.md:924'],['rtl/ppg_precision_window_controller/ppg_precision_window_controller.v:544'],['rtl/ppg_precision_window_controller/tb_ppg_precision_window_controller.v:477'],['contracts/PPG_ALIAS_MAPPING_TABLE.md:376'],[]
PWC-12,['contracts/PPG_PRECISION_WINDOW_CONTROLLER_INTERFACE_CONTRACT.md:925'],['rtl/ppg_precision_window_controller/ppg_precision_window_controller.v:562'],['rtl/ppg_precision_window_controller/tb_ppg_precision_window_controller.v:483'],['contracts/PPG_ALIAS_MAPPING_TABLE.md:377'],[]
PWC-13,['contracts/PPG_PRECISION_WINDOW_CONTROLLER_INTERFACE_CONTRACT.md:926'],['rtl/ppg_precision_window_controller/ppg_precision_window_controller.v:660'],['rtl/ppg_precision_window_controller/tb_ppg_precision_window_controller.v:489'],['contracts/PPG_ALIAS_MAPPING_TABLE.md:378'],[]
PWC-14,['contracts/PPG_PRECISION_WINDOW_CONTROLLER_INTERFACE_CONTRACT.md:927'],['rtl/ppg_precision_window_controller/ppg_precision_window_controller.v:259'],['rtl/ppg_precision_window_controller/tb_ppg_precision_window_controller.v:501'],['contracts/PPG_ALIAS_MAPPING_TABLE.md:379'],[]
PWC-15,['contracts/PPG_PRECISION_WINDOW_CONTROLLER_INTERFACE_CONTRACT.md:928'],['rtl/ppg_precision_window_controller/ppg_precision_window_controller.v:628'],"['rtl/ppg_precision_window_controller/tb_ppg_precision_window_controller.v:24', 'rtl/ppg_precision_window_controller/tb_ppg_precision_window_controller.v:505', 'rtl/ppg_precision_window_controller/tb_ppg_precision_window_controller.v:507']",['contracts/PPG_ALIAS_MAPPING_TABLE.md:380'],[]
PWC-16,['contracts/PPG_PRECISION_WINDOW_CONTROLLER_INTERFACE_CONTRACT.md:929'],['rtl/ppg_precision_window_controller/ppg_precision_window_controller.v:400'],['rtl/ppg_precision_window_controller/tb_ppg_precision_window_controller.v:515'],['contracts/PPG_ALIAS_MAPPING_TABLE.md:381'],[]
PWC-17,['contracts/PPG_PRECISION_WINDOW_CONTROLLER_INTERFACE_CONTRACT.md:930'],['rtl/ppg_precision_window_controller/ppg_precision_window_controller.v:880'],['rtl/ppg_precision_window_controller/tb_ppg_precision_window_controller.v:523'],['contracts/PPG_ALIAS_MAPPING_TABLE.md:382'],[]
PWC-18,['contracts/PPG_PRECISION_WINDOW_CONTROLLER_INTERFACE_CONTRACT.md:931'],['rtl/ppg_precision_window_controller/ppg_precision_window_controller.v:574'],['rtl/ppg_precision_window_controller/tb_ppg_precision_window_controller.v:529'],['contracts/PPG_ALIAS_MAPPING_TABLE.md:383'],[]
PWC-19,['contracts/PPG_PRECISION_WINDOW_CONTROLLER_INTERFACE_CONTRACT.md:932'],['rtl/ppg_precision_window_controller/ppg_precision_window_controller.v:389'],['rtl/ppg_precision_window_controller/tb_ppg_precision_window_controller.v:532'],['contracts/PPG_ALIAS_MAPPING_TABLE.md:384'],[]
PWC-20,['contracts/PPG_PRECISION_WINDOW_CONTROLLER_INTERFACE_CONTRACT.md:933'],['rtl/ppg_precision_window_controller/ppg_precision_window_controller.v:378'],['rtl/ppg_precision_window_controller/tb_ppg_precision_window_controller.v:539'],['contracts/PPG_ALIAS_MAPPING_TABLE.md:385'],[]
PWC-21,['contracts/PPG_PRECISION_WINDOW_CONTROLLER_INTERFACE_CONTRACT.md:934'],['rtl/ppg_precision_window_controller/ppg_precision_window_controller.v:277'],"['rtl/ppg_precision_window_controller/tb_ppg_precision_window_controller.v:24', 'rtl/ppg_precision_window_controller/tb_ppg_precision_window_controller.v:546']",['contracts/PPG_ALIAS_MAPPING_TABLE.md:386'],[]
PWC-22,['contracts/PPG_PRECISION_WINDOW_CONTROLLER_INTERFACE_CONTRACT.md:935'],['rtl/ppg_precision_window_controller/ppg_precision_window_controller.v:264'],['rtl/ppg_precision_window_controller/tb_ppg_precision_window_controller.v:552'],['contracts/PPG_ALIAS_MAPPING_TABLE.md:387'],[]
PWC-23,['contracts/PPG_PRECISION_WINDOW_CONTROLLER_INTERFACE_CONTRACT.md:936'],['rtl/ppg_precision_window_controller/ppg_precision_window_controller.v:520'],['rtl/ppg_precision_window_controller/tb_ppg_precision_window_controller.v:560'],['contracts/PPG_ALIAS_MAPPING_TABLE.md:388'],[]
PWC-24,['contracts/PPG_PRECISION_WINDOW_CONTROLLER_INTERFACE_CONTRACT.md:937'],['rtl/ppg_precision_window_controller/ppg_precision_window_controller.v:692'],['rtl/ppg_precision_window_controller/tb_ppg_precision_window_controller.v:566'],['contracts/PPG_ALIAS_MAPPING_TABLE.md:389'],[]
PWC-25,['contracts/PPG_PRECISION_WINDOW_CONTROLLER_INTERFACE_CONTRACT.md:938'],['rtl/ppg_precision_window_controller/ppg_precision_window_controller.v:268'],['rtl/ppg_precision_window_controller/tb_ppg_precision_window_controller.v:572'],['contracts/PPG_ALIAS_MAPPING_TABLE.md:390'],[]
PWC-26,['contracts/PPG_PRECISION_WINDOW_CONTROLLER_INTERFACE_CONTRACT.md:939'],['rtl/ppg_precision_window_controller/ppg_precision_window_controller.v:615'],"['rtl/ppg_precision_window_controller/tb_ppg_precision_window_controller.v:24', 'rtl/ppg_precision_window_controller/tb_ppg_precision_window_controller.v:586', 'rtl/ppg_precision_window_controller/tb_ppg_precision_window_controller.v:587']",['contracts/PPG_ALIAS_MAPPING_TABLE.md:391'],[]
PWC-27,['contracts/PPG_PRECISION_WINDOW_CONTROLLER_INTERFACE_CONTRACT.md:940'],['rtl/ppg_precision_window_controller/ppg_precision_window_controller.v:267'],"['rtl/ppg_precision_window_controller/tb_ppg_precision_window_controller.v:22', 'rtl/ppg_precision_window_controller/tb_ppg_precision_window_controller.v:22', 'rtl/ppg_precision_window_controller/tb_ppg_precision_window_controller.v:44', 'rtl/ppg_precision_window_controller/tb_ppg_precision_window_controller.v:599']",['contracts/PPG_ALIAS_MAPPING_TABLE.md:392'],[]
PWC-28,['contracts/PPG_PRECISION_WINDOW_CONTROLLER_INTERFACE_CONTRACT.md:941'],['rtl/ppg_precision_window_controller/ppg_precision_window_controller.v:267'],['rtl/ppg_precision_window_controller/tb_ppg_precision_window_controller.v:618'],['contracts/PPG_ALIAS_MAPPING_TABLE.md:393'],[]
PWC-29,['contracts/PPG_PRECISION_WINDOW_CONTROLLER_INTERFACE_CONTRACT.md:942'],['rtl/ppg_precision_window_controller/ppg_precision_window_controller.v:704'],['rtl/ppg_precision_window_controller/tb_ppg_precision_window_controller.v:628'],['contracts/PPG_ALIAS_MAPPING_TABLE.md:394'],[]
PWC-30,['contracts/PPG_PRECISION_WINDOW_CONTROLLER_INTERFACE_CONTRACT.md:943'],['rtl/ppg_precision_window_controller/ppg_precision_window_controller.v:860'],['rtl/ppg_precision_window_controller/tb_ppg_precision_window_controller.v:638'],['contracts/PPG_ALIAS_MAPPING_TABLE.md:395'],[]
PWC-31,['contracts/PPG_PRECISION_WINDOW_CONTROLLER_INTERFACE_CONTRACT.md:944'],['rtl/ppg_precision_window_controller/ppg_precision_window_controller.v:650'],['rtl/ppg_precision_window_controller/tb_ppg_precision_window_controller.v:646'],['contracts/PPG_ALIAS_MAPPING_TABLE.md:396'],[]
PWC-32,['contracts/PPG_PRECISION_WINDOW_CONTROLLER_INTERFACE_CONTRACT.md:945'],['rtl/ppg_precision_window_controller/ppg_precision_window_controller.v:265'],['rtl/ppg_precision_window_controller/tb_ppg_precision_window_controller.v:656'],['contracts/PPG_ALIAS_MAPPING_TABLE.md:397'],[]
PWC-33,['contracts/PPG_PRECISION_WINDOW_CONTROLLER_INTERFACE_CONTRACT.md:946'],['rtl/ppg_precision_window_controller/ppg_precision_window_controller.v:511'],['rtl/ppg_precision_window_controller/tb_ppg_precision_window_controller.v:672'],['contracts/PPG_ALIAS_MAPPING_TABLE.md:398'],[]
PWC-34,['contracts/PPG_PRECISION_WINDOW_CONTROLLER_INTERFACE_CONTRACT.md:947'],['rtl/ppg_precision_window_controller/ppg_precision_window_controller.v:680'],"['rtl/ppg_precision_window_controller/tb_ppg_precision_window_controller.v:24', 'rtl/ppg_precision_window_controller/tb_ppg_precision_window_controller.v:684', 'rtl/ppg_precision_window_controller/tb_ppg_precision_window_controller.v:685']",['contracts/PPG_ALIAS_MAPPING_TABLE.md:399'],[]
PWC-35,['contracts/PPG_PRECISION_WINDOW_CONTROLLER_INTERFACE_CONTRACT.md:948'],['rtl/ppg_precision_window_controller/ppg_precision_window_controller.v:553'],"['rtl/ppg_precision_window_controller/tb_ppg_precision_window_controller.v:24', 'rtl/ppg_precision_window_controller/tb_ppg_precision_window_controller.v:691', 'rtl/ppg_precision_window_controller/tb_ppg_precision_window_controller.v:693']",['contracts/PPG_ALIAS_MAPPING_TABLE.md:400'],[]
PWC-36,['contracts/PPG_PRECISION_WINDOW_CONTROLLER_INTERFACE_CONTRACT.md:949'],['rtl/ppg_precision_window_controller/ppg_precision_window_controller.v:284'],['rtl/ppg_precision_window_controller/tb_ppg_precision_window_controller.v:700'],['contracts/PPG_ALIAS_MAPPING_TABLE.md:401'],[]
PWC-37,['contracts/PPG_PRECISION_WINDOW_CONTROLLER_INTERFACE_CONTRACT.md:950'],['rtl/ppg_precision_window_controller/ppg_precision_window_controller.v:264'],['rtl/ppg_precision_window_controller/tb_ppg_precision_window_controller.v:704'],['contracts/PPG_ALIAS_MAPPING_TABLE.md:402'],[]
PWC-38,['contracts/PPG_PRECISION_WINDOW_CONTROLLER_INTERFACE_CONTRACT.md:951'],['rtl/ppg_precision_window_controller/ppg_precision_window_controller.v:265'],['rtl/ppg_precision_window_controller/tb_ppg_precision_window_controller.v:709'],['contracts/PPG_ALIAS_MAPPING_TABLE.md:403'],[]
PWC-39,['contracts/PPG_PRECISION_WINDOW_CONTROLLER_INTERFACE_CONTRACT.md:952'],['rtl/ppg_precision_window_controller/ppg_precision_window_controller.v:266'],['rtl/ppg_precision_window_controller/tb_ppg_precision_window_controller.v:714'],['contracts/PPG_ALIAS_MAPPING_TABLE.md:404'],[]
PWC-40,['contracts/PPG_PRECISION_WINDOW_CONTROLLER_INTERFACE_CONTRACT.md:953'],['rtl/ppg_precision_window_controller/ppg_precision_window_controller.v:277'],"['rtl/ppg_control_top/tb_ppg_control_top_baseline_cross.v:25', 'rtl/ppg_control_top/tb_ppg_control_top_baseline_cross.v:108', 'rtl/ppg_control_top/tb_ppg_control_top_baseline_cross.v:1600', 'rtl/ppg_precision_window_controller/tb_ppg_precision_window_controller.v:22', 'rtl/ppg_precision_window_controller/tb_ppg_precision_window_controller.v:734']",['contracts/PPG_ALIAS_MAPPING_TABLE.md:405'],[]
PWC-41,['contracts/PPG_PRECISION_WINDOW_CONTROLLER_INTERFACE_CONTRACT.md:954'],"['rtl/ppg_precision_window_controller/ppg_precision_window_controller.v:494', 'rtl/ppg_precision_window_controller/ppg_precision_window_controller.v:511']","['rtl/ppg_precision_window_controller/tb_ppg_precision_window_controller.v:23', 'rtl/ppg_precision_window_controller/tb_ppg_precision_window_controller.v:737', 'rtl/ppg_precision_window_controller/tb_ppg_precision_window_controller.v:746', 'rtl/ppg_precision_window_controller/tb_ppg_precision_window_controller.v:758', 'rtl/ppg_precision_window_controller/tb_ppg_precision_window_controller.v:761']",['contracts/PPG_ALIAS_MAPPING_TABLE.md:406'],[]
PWI-01,"['contracts/PPG_PRECISION_WINDOW_CONTROLLER_INTERFACE_CONTRACT.md:963', 'contracts/PPG_PRECISION_WINDOW_INTEGRATION_WRAPPER_INTERFACE_CONTRACT.md:639']",[],"['rtl/ppg_precision_window_integration/tb_ppg_precision_window_integration.v:9', 'rtl/ppg_precision_window_integration/tb_ppg_precision_window_integration.v:27', 'rtl/ppg_precision_window_integration/tb_ppg_precision_window_integration.v:53', 'rtl/ppg_precision_window_integration/tb_ppg_precision_window_integration.v:732', 'rtl/ppg_precision_window_integration/tb_ppg_precision_window_integration.v:746', 'rtl/ppg_precision_window_integration/tb_ppg_precision_window_integration.v:840']",[],"['rtl_tag', 'alias_row']"
PWI-02,"['contracts/PPG_PRECISION_WINDOW_CONTROLLER_INTERFACE_CONTRACT.md:964', 'contracts/PPG_PRECISION_WINDOW_INTEGRATION_WRAPPER_INTERFACE_CONTRACT.md:640']",[],"['rtl/ppg_precision_window_integration/tb_ppg_precision_window_integration.v:748', 'rtl/ppg_precision_window_integration/tb_ppg_precision_window_integration.v:769']",[],"['rtl_tag', 'alias_row']"
PWI-03,"['contracts/PPG_PRECISION_WINDOW_CONTROLLER_INTERFACE_CONTRACT.md:965', 'contracts/PPG_PRECISION_WINDOW_INTEGRATION_WRAPPER_INTERFACE_CONTRACT.md:641']",[],['rtl/ppg_precision_window_integration/tb_ppg_precision_window_integration.v:816'],[],"['rtl_tag', 'alias_row']"
PWI-04,"['contracts/PPG_PRECISION_WINDOW_CONTROLLER_INTERFACE_CONTRACT.md:966', 'contracts/PPG_PRECISION_WINDOW_INTEGRATION_WRAPPER_INTERFACE_CONTRACT.md:642']",[],['rtl/ppg_precision_window_integration/tb_ppg_precision_window_integration.v:809'],[],"['rtl_tag', 'alias_row']"
PWI-05,"['contracts/PPG_PRECISION_WINDOW_CONTROLLER_INTERFACE_CONTRACT.md:967', 'contracts/PPG_PRECISION_WINDOW_INTEGRATION_WRAPPER_INTERFACE_CONTRACT.md:643']",[],"['rtl/ppg_precision_window_integration/tb_ppg_precision_window_integration.v:9', 'rtl/ppg_precision_window_integration/tb_ppg_precision_window_integration.v:27', 'rtl/ppg_precision_window_integration/tb_ppg_precision_window_integration.v:53', 'rtl/ppg_precision_window_integration/tb_ppg_precision_window_integration.v:837', 'rtl/ppg_precision_window_integration/tb_ppg_precision_window_integration.v:840']",[],"['rtl_tag', 'alias_row']"
PWI-06,['contracts/PPG_PRECISION_WINDOW_INTEGRATION_WRAPPER_INTERFACE_CONTRACT.md:644'],[],[],[],"['rtl_tag', 'tb_tag_or_text', 'alias_row']"
PWI-07,['contracts/PPG_PRECISION_WINDOW_INTEGRATION_WRAPPER_INTERFACE_CONTRACT.md:645'],[],[],[],"['rtl_tag', 'tb_tag_or_text', 'alias_row']"
PWI-08,['contracts/PPG_PRECISION_WINDOW_INTEGRATION_WRAPPER_INTERFACE_CONTRACT.md:646'],[],"['rtl/ppg_control_top/tb_ppg_control_top_baseline_cross.v:25', 'rtl/ppg_control_top/tb_ppg_control_top_baseline_cross.v:108', 'rtl/ppg_control_top/tb_ppg_control_top_baseline_cross.v:1600']",['contracts/PPG_ALIAS_MAPPING_TABLE.md:89'],['rtl_tag']
RAW-01,['contracts/PPG_REAL_PPG_RAW_GENERATOR_TESTBENCH_CONTRACT.md:398'],[],[],[],"['rtl_tag', 'tb_tag_or_text', 'alias_row']"
RAW-02,['contracts/PPG_REAL_PPG_RAW_GENERATOR_TESTBENCH_CONTRACT.md:399'],[],[],[],"['rtl_tag', 'tb_tag_or_text', 'alias_row']"
RAW-03,['contracts/PPG_REAL_PPG_RAW_GENERATOR_TESTBENCH_CONTRACT.md:400'],[],[],[],"['rtl_tag', 'tb_tag_or_text', 'alias_row']"
RAW-04,['contracts/PPG_REAL_PPG_RAW_GENERATOR_TESTBENCH_CONTRACT.md:401'],[],[],[],"['rtl_tag', 'tb_tag_or_text', 'alias_row']"
RAW-05,['contracts/PPG_REAL_PPG_RAW_GENERATOR_TESTBENCH_CONTRACT.md:402'],[],[],[],"['rtl_tag', 'tb_tag_or_text', 'alias_row']"
RAW-06,['contracts/PPG_REAL_PPG_RAW_GENERATOR_TESTBENCH_CONTRACT.md:403'],[],[],[],"['rtl_tag', 'tb_tag_or_text', 'alias_row']"
RAW-07,['contracts/PPG_REAL_PPG_RAW_GENERATOR_TESTBENCH_CONTRACT.md:404'],[],[],[],"['rtl_tag', 'tb_tag_or_text', 'alias_row']"
RAW-08,['contracts/PPG_REAL_PPG_RAW_GENERATOR_TESTBENCH_CONTRACT.md:405'],[],[],[],"['rtl_tag', 'tb_tag_or_text', 'alias_row']"
RAW-09,['contracts/PPG_REAL_PPG_RAW_GENERATOR_TESTBENCH_CONTRACT.md:406'],[],[],[],"['rtl_tag', 'tb_tag_or_text', 'alias_row']"
RAW-10,['contracts/PPG_REAL_PPG_RAW_GENERATOR_TESTBENCH_CONTRACT.md:407'],[],[],[],"['rtl_tag', 'tb_tag_or_text', 'alias_row']"
RAW-11,['contracts/PPG_REAL_PPG_RAW_GENERATOR_TESTBENCH_CONTRACT.md:408'],[],[],[],"['rtl_tag', 'tb_tag_or_text', 'alias_row']"
RAW-12,['contracts/PPG_REAL_PPG_RAW_GENERATOR_TESTBENCH_CONTRACT.md:409'],[],"['rtl/ppg_control_top/tb_diag_algo_probe.v:23', 'rtl/ppg_control_top/tb_diag_algo_probe.v:25', 'rtl/ppg_control_top/tb_diag_algo_probe.v:25', 'rtl/ppg_control_top/tb_diag_algo_probe.v:25', 'rtl/ppg_control_top/tb_diag_algo_probe.v:796', 'rtl/ppg_control_top/tb_diag_algo_probe.v:799', 'rtl/ppg_control_top/tb_diag_algo_probe.v:803', 'rtl/ppg_control_top/tb_diag_algo_probe.v:806', 'rtl/ppg_control_top/tb_diag_algo_probe.v:809', 'rtl/ppg_control_top/tb_diag_algo_probe.v:813', 'rtl/ppg_control_top/tb_ppg_control_top_longrun.v:23', 'rtl/ppg_control_top/tb_ppg_control_top_longrun.v:25', 'rtl/ppg_control_top/tb_ppg_control_top_longrun.v:25', 'rtl/ppg_control_top/tb_ppg_control_top_longrun.v:25', 'rtl/ppg_control_top/tb_ppg_control_top_longrun.v:782', 'rtl/ppg_control_top/tb_ppg_control_top_longrun.v:785', 'rtl/ppg_control_top/tb_ppg_control_top_longrun.v:789', 'rtl/ppg_control_top/tb_ppg_control_top_longrun.v:792', 'rtl/ppg_control_top/tb_ppg_control_top_longrun.v:795', 'rtl/ppg_control_top/tb_ppg_control_top_longrun.v:799', 'rtl/ppg_control_top/tb_ppg_control_top_long_10_cycles.v:26', 'rtl/ppg_control_top/tb_ppg_control_top_long_10_cycles.v:27', 'rtl/ppg_control_top/tb_ppg_control_top_long_10_cycles.v:115', 'rtl/ppg_control_top/tb_ppg_control_top_long_10_cycles.v:203']",[],"['rtl_tag', 'alias_row']"
RAW-13,['contracts/PPG_REAL_PPG_RAW_GENERATOR_TESTBENCH_CONTRACT.md:410'],[],"['rtl/ppg_control_top/tb_diag_algo_probe.v:23', 'rtl/ppg_control_top/tb_diag_algo_probe.v:25', 'rtl/ppg_control_top/tb_diag_algo_probe.v:817', 'rtl/ppg_control_top/tb_diag_algo_probe.v:821', 'rtl/ppg_control_top/tb_diag_algo_probe.v:824', 'rtl/ppg_control_top/tb_ppg_control_top_longrun.v:23', 'rtl/ppg_control_top/tb_ppg_control_top_longrun.v:25', 'rtl/ppg_control_top/tb_ppg_control_top_longrun.v:803', 'rtl/ppg_control_top/tb_ppg_control_top_longrun.v:807', 'rtl/ppg_control_top/tb_ppg_control_top_longrun.v:810']",[],"['rtl_tag', 'alias_row']"
RRC-01,['contracts/PPG_REAL_PPG_RAW_GENERATOR_TESTBENCH_CONTRACT.md:601'],['rtl/ppg_idac_code_controller/ppg_idac_code_controller.v:285'],"['rtl/ppg_control_top/tb_ppg_control_top_periodic_recheck_recovery.v:26', 'rtl/ppg_control_top/tb_ppg_control_top_periodic_recheck_recovery.v:26', 'rtl/ppg_control_top/tb_ppg_control_top_periodic_recheck_recovery.v:27', 'rtl/ppg_control_top/tb_ppg_control_top_periodic_recheck_recovery.v:28', 'rtl/ppg_control_top/tb_ppg_control_top_periodic_recheck_recovery.v:52', 'rtl/ppg_control_top/tb_ppg_control_top_periodic_recheck_recovery.v:52', 'rtl/ppg_control_top/tb_ppg_control_top_periodic_recheck_recovery.v:53', 'rtl/ppg_control_top/tb_ppg_control_top_periodic_recheck_recovery.v:1013', 'rtl/ppg_control_top/tb_ppg_control_top_periodic_recheck_recovery.v:1068', 'rtl/ppg_control_top/tb_ppg_control_top_periodic_recheck_recovery.v:1071']",['contracts/PPG_ALIAS_MAPPING_TABLE.md:191'],[]
RRC-02,['contracts/PPG_REAL_PPG_RAW_GENERATOR_TESTBENCH_CONTRACT.md:602'],['rtl/ppg_amb_recheck_scheduler/ppg_amb_recheck_scheduler.v:286'],"['rtl/ppg_control_top/tb_ppg_control_top_periodic_recheck_recovery.v:26', 'rtl/ppg_control_top/tb_ppg_control_top_periodic_recheck_recovery.v:28', 'rtl/ppg_control_top/tb_ppg_control_top_periodic_recheck_recovery.v:54', 'rtl/ppg_control_top/tb_ppg_control_top_periodic_recheck_recovery.v:1051', 'rtl/ppg_control_top/tb_ppg_control_top_periodic_recheck_recovery.v:1058', 'rtl/ppg_control_top/tb_ppg_control_top_periodic_recheck_recovery.v:1061', 'rtl/ppg_control_top/tb_ppg_control_top_periodic_recheck_recovery.v:1075', 'rtl/ppg_control_top/tb_ppg_control_top_periodic_recheck_recovery.v:1080', 'rtl/ppg_control_top/tb_ppg_control_top_periodic_recheck_recovery.v:1085', 'rtl/ppg_control_top/tb_ppg_control_top_periodic_recheck_recovery.v:1088']",['contracts/PPG_ALIAS_MAPPING_TABLE.md:192'],[]
RRC-03,['contracts/PPG_REAL_PPG_RAW_GENERATOR_TESTBENCH_CONTRACT.md:603'],['rtl/ppg_amb_recheck_scheduler/ppg_amb_recheck_scheduler.v:179'],"['rtl/ppg_control_top/tb_ppg_control_top_periodic_recheck_recovery.v:1091', 'rtl/ppg_control_top/tb_ppg_control_top_periodic_recheck_recovery.v:1109', 'rtl/ppg_control_top/tb_ppg_control_top_periodic_recheck_recovery.v:1113', 'rtl/ppg_control_top/tb_ppg_control_top_periodic_recheck_recovery.v:1116']",['contracts/PPG_ALIAS_MAPPING_TABLE.md:193'],[]
RRC-04,['contracts/PPG_REAL_PPG_RAW_GENERATOR_TESTBENCH_CONTRACT.md:604'],"['rtl/ppg_coarse_detection_fir/ppg_coarse_detection_fir.v:324', 'rtl/ppg_dynamic_baseline_cross_detector/ppg_dynamic_baseline_cross_detector.v:632', 'rtl/ppg_dynamic_baseline_cross_detector/ppg_dynamic_baseline_cross_detector.v:1510', 'rtl/ppg_dynamic_baseline_cross_detector/ppg_dynamic_baseline_cross_detector.v:1545']","['rtl/ppg_control_top/tb_ppg_control_top_periodic_recheck_recovery.v:26', 'rtl/ppg_control_top/tb_ppg_control_top_periodic_recheck_recovery.v:52', 'rtl/ppg_control_top/tb_ppg_control_top_periodic_recheck_recovery.v:1119', 'rtl/ppg_control_top/tb_ppg_control_top_periodic_recheck_recovery.v:1138', 'rtl/ppg_control_top/tb_ppg_control_top_periodic_recheck_recovery.v:1151', 'rtl/ppg_control_top/tb_ppg_control_top_periodic_recheck_recovery.v:1165']",['contracts/PPG_ALIAS_MAPPING_TABLE.md:194'],[]
RRC-05,['contracts/PPG_REAL_PPG_RAW_GENERATOR_TESTBENCH_CONTRACT.md:605'],['rtl/ppg_idac_code_controller/ppg_idac_code_controller.v:794'],"['rtl/ppg_control_top/tb_ppg_control_top_periodic_recheck_recovery.v:1167', 'rtl/ppg_control_top/tb_ppg_control_top_periodic_recheck_recovery.v:1171', 'rtl/ppg_control_top/tb_ppg_control_top_periodic_recheck_recovery.v:1174']",['contracts/PPG_ALIAS_MAPPING_TABLE.md:195'],[]
RRC-06,['contracts/PPG_REAL_PPG_RAW_GENERATOR_TESTBENCH_CONTRACT.md:606'],['rtl/ppg_idac_code_controller/ppg_idac_code_controller.v:996'],"['rtl/ppg_control_top/tb_ppg_control_top_periodic_recheck_recovery.v:26', 'rtl/ppg_control_top/tb_ppg_control_top_periodic_recheck_recovery.v:28', 'rtl/ppg_control_top/tb_ppg_control_top_periodic_recheck_recovery.v:52', 'rtl/ppg_control_top/tb_ppg_control_top_periodic_recheck_recovery.v:1167', 'rtl/ppg_control_top/tb_ppg_control_top_periodic_recheck_recovery.v:1177', 'rtl/ppg_control_top/tb_ppg_control_top_periodic_recheck_recovery.v:1180']",['contracts/PPG_ALIAS_MAPPING_TABLE.md:196'],[]
RRC-07,['contracts/PPG_REAL_PPG_RAW_GENERATOR_TESTBENCH_CONTRACT.md:607'],['rtl/ppg_idac_code_controller/ppg_idac_code_controller.v:859'],"['rtl/ppg_control_top/tb_ppg_control_top_periodic_recheck_recovery.v:27', 'rtl/ppg_control_top/tb_ppg_control_top_periodic_recheck_recovery.v:28', 'rtl/ppg_control_top/tb_ppg_control_top_periodic_recheck_recovery.v:53', 'rtl/ppg_control_top/tb_ppg_control_top_periodic_recheck_recovery.v:1333', 'rtl/ppg_control_top/tb_ppg_control_top_periodic_recheck_recovery.v:1342', 'rtl/ppg_control_top/tb_ppg_control_top_periodic_recheck_recovery.v:1347', 'rtl/ppg_control_top/tb_ppg_control_top_periodic_recheck_recovery.v:1352', 'rtl/ppg_control_top/tb_ppg_control_top_periodic_recheck_recovery.v:1355', 'rtl/ppg_control_top/tb_ppg_control_top_periodic_recheck_recovery.v:1358']",['contracts/PPG_ALIAS_MAPPING_TABLE.md:197'],[]
RRC-08,['contracts/PPG_REAL_PPG_RAW_GENERATOR_TESTBENCH_CONTRACT.md:608'],['rtl/ppg_amb_recheck_scheduler/ppg_amb_recheck_scheduler.v:221'],"['rtl/ppg_control_top/tb_ppg_control_top_periodic_recheck_recovery.v:1183', 'rtl/ppg_control_top/tb_ppg_control_top_periodic_recheck_recovery.v:1185', 'rtl/ppg_control_top/tb_ppg_control_top_periodic_recheck_recovery.v:1188']",['contracts/PPG_ALIAS_MAPPING_TABLE.md:198'],[]
RRC-09,['contracts/PPG_REAL_PPG_RAW_GENERATOR_TESTBENCH_CONTRACT.md:609'],"['rtl/ppg_coarse_detection_fir/ppg_coarse_detection_fir.v:324', 'rtl/ppg_dynamic_baseline_cross_detector/ppg_dynamic_baseline_cross_detector.v:632', 'rtl/ppg_dynamic_baseline_cross_detector/ppg_dynamic_baseline_cross_detector.v:1510']","['rtl/ppg_control_top/tb_ppg_control_top_periodic_recheck_recovery.v:26', 'rtl/ppg_control_top/tb_ppg_control_top_periodic_recheck_recovery.v:28', 'rtl/ppg_control_top/tb_ppg_control_top_periodic_recheck_recovery.v:52', 'rtl/ppg_control_top/tb_ppg_control_top_periodic_recheck_recovery.v:1191', 'rtl/ppg_control_top/tb_ppg_control_top_periodic_recheck_recovery.v:1194', 'rtl/ppg_control_top/tb_ppg_control_top_periodic_recheck_recovery.v:1197', 'rtl/ppg_control_top/tb_ppg_control_top_periodic_recheck_recovery.v:1220', 'rtl/ppg_control_top/tb_ppg_control_top_periodic_recheck_recovery.v:1223']",['contracts/PPG_ALIAS_MAPPING_TABLE.md:199'],[]
RRC-10,['contracts/PPG_REAL_PPG_RAW_GENERATOR_TESTBENCH_CONTRACT.md:610'],['rtl/ppg_dynamic_baseline_cross_detector/ppg_dynamic_baseline_cross_detector.v:1545'],"['rtl/ppg_control_top/tb_ppg_control_top_periodic_recheck_recovery.v:28', 'rtl/ppg_control_top/tb_ppg_control_top_periodic_recheck_recovery.v:1226', 'rtl/ppg_control_top/tb_ppg_control_top_periodic_recheck_recovery.v:1244', 'rtl/ppg_control_top/tb_ppg_control_top_periodic_recheck_recovery.v:1247']",['contracts/PPG_ALIAS_MAPPING_TABLE.md:200'],[]
RRC-11,['contracts/PPG_REAL_PPG_RAW_GENERATOR_TESTBENCH_CONTRACT.md:611'],"['rtl/ppg_dynamic_baseline_cross_detector/ppg_dynamic_baseline_cross_detector.v:628', 'rtl/ppg_dynamic_baseline_cross_detector/ppg_dynamic_baseline_cross_detector.v:656', 'rtl/ppg_dynamic_baseline_cross_detector/ppg_dynamic_baseline_cross_detector.v:696']","['rtl/ppg_control_top/tb_ppg_control_top_periodic_recheck_recovery.v:26', 'rtl/ppg_control_top/tb_ppg_control_top_periodic_recheck_recovery.v:27', 'rtl/ppg_control_top/tb_ppg_control_top_periodic_recheck_recovery.v:28', 'rtl/ppg_control_top/tb_ppg_control_top_periodic_recheck_recovery.v:28', 'rtl/ppg_control_top/tb_ppg_control_top_periodic_recheck_recovery.v:52', 'rtl/ppg_control_top/tb_ppg_control_top_periodic_recheck_recovery.v:54', 'rtl/ppg_control_top/tb_ppg_control_top_periodic_recheck_recovery.v:1342', 'rtl/ppg_control_top/tb_ppg_control_top_periodic_recheck_recovery.v:1362', 'rtl/ppg_control_top/tb_ppg_control_top_periodic_recheck_recovery.v:1372', 'rtl/ppg_control_top/tb_ppg_control_top_periodic_recheck_recovery.v:1375', 'rtl/ppg_control_top/tb_ppg_control_top_periodic_recheck_recovery.v:1378', 'rtl/ppg_control_top/tb_ppg_control_top_periodic_recheck_recovery.v:1381', 'rtl/ppg_control_top/tb_ppg_control_top_periodic_recheck_recovery.v:1389', 'rtl/ppg_control_top/tb_ppg_control_top_periodic_recheck_recovery.v:1392', 'rtl/ppg_control_top/tb_ppg_control_top_periodic_recheck_recovery.v:1395', 'rtl/ppg_control_top/tb_ppg_control_top_periodic_recheck_recovery.v:1398', 'rtl/ppg_control_top/tb_ppg_control_top_periodic_recheck_recovery.v:1401', 'rtl/ppg_control_top/tb_ppg_control_top_periodic_recheck_recovery.v:1405', 'rtl/ppg_control_top/tb_ppg_control_top_periodic_recheck_recovery.v:1408']",['contracts/PPG_ALIAS_MAPPING_TABLE.md:201'],[]
RRC-12,['contracts/PPG_REAL_PPG_RAW_GENERATOR_TESTBENCH_CONTRACT.md:612'],['rtl/ppg_amb_recheck_scheduler/ppg_amb_recheck_scheduler.v:248'],"['rtl/ppg_control_top/tb_ppg_control_top_periodic_recheck_recovery.v:27', 'rtl/ppg_control_top/tb_ppg_control_top_periodic_recheck_recovery.v:1459', 'rtl/ppg_control_top/tb_ppg_control_top_periodic_recheck_recovery.v:1459', 'rtl/ppg_control_top/tb_ppg_control_top_periodic_recheck_recovery.v:1477', 'rtl/ppg_control_top/tb_ppg_control_top_periodic_recheck_recovery.v:1485', 'rtl/ppg_control_top/tb_ppg_control_top_periodic_recheck_recovery.v:1488', 'rtl/ppg_control_top/tb_ppg_control_top_periodic_recheck_recovery.v:1494', 'rtl/ppg_control_top/tb_ppg_control_top_periodic_recheck_recovery.v:1498', 'rtl/ppg_control_top/tb_ppg_control_top_periodic_recheck_recovery.v:1501']",['contracts/PPG_ALIAS_MAPPING_TABLE.md:202'],[]
RTR-01,['contracts/PPG_ADC_S1_CALIBRATOR_TO_ROUTER_INTERFACE_CONTRACT.md:185'],[],"['rtl/ppg_adc_result_router/tb_ppg_adc_result_router.v:163', 'rtl/ppg_adc_result_router/tb_ppg_adc_result_router.v:441']",[],"['rtl_tag', 'alias_row']"
RTR-02,['contracts/PPG_ADC_S1_CALIBRATOR_TO_ROUTER_INTERFACE_CONTRACT.md:186'],[],['rtl/ppg_adc_result_router/tb_ppg_adc_result_router.v:170'],[],"['rtl_tag', 'alias_row']"
RTR-03,['contracts/PPG_ADC_S1_CALIBRATOR_TO_ROUTER_INTERFACE_CONTRACT.md:187'],[],['rtl/ppg_adc_result_router/tb_ppg_adc_result_router.v:180'],[],"['rtl_tag', 'alias_row']"
RTR-04,['contracts/PPG_ADC_S1_CALIBRATOR_TO_ROUTER_INTERFACE_CONTRACT.md:188'],[],['rtl/ppg_adc_result_router/tb_ppg_adc_result_router.v:217'],[],"['rtl_tag', 'alias_row']"
RTR-05,['contracts/PPG_ADC_S1_CALIBRATOR_TO_ROUTER_INTERFACE_CONTRACT.md:189'],[],[],[],"['rtl_tag', 'tb_tag_or_text', 'alias_row']"
RTR-06,['contracts/PPG_ADC_S1_CALIBRATOR_TO_ROUTER_INTERFACE_CONTRACT.md:190'],[],[],[],"['rtl_tag', 'tb_tag_or_text', 'alias_row']"
RTR-07,['contracts/PPG_ADC_S1_CALIBRATOR_TO_ROUTER_INTERFACE_CONTRACT.md:191'],[],[],[],"['rtl_tag', 'tb_tag_or_text', 'alias_row']"
RTR-08,['contracts/PPG_ADC_S1_CALIBRATOR_TO_ROUTER_INTERFACE_CONTRACT.md:192'],[],[],[],"['rtl_tag', 'tb_tag_or_text', 'alias_row']"
RTR-09,['contracts/PPG_ADC_S1_CALIBRATOR_TO_ROUTER_INTERFACE_CONTRACT.md:193'],[],[],[],"['rtl_tag', 'tb_tag_or_text', 'alias_row']"
RTR-10,['contracts/PPG_ADC_S1_CALIBRATOR_TO_ROUTER_INTERFACE_CONTRACT.md:194'],[],[],[],"['rtl_tag', 'tb_tag_or_text', 'alias_row']"
RTR-11,['contracts/PPG_ADC_S1_CALIBRATOR_TO_ROUTER_INTERFACE_CONTRACT.md:195'],[],['rtl/ppg_adc_result_router/tb_ppg_adc_result_router.v:347'],[],"['rtl_tag', 'alias_row']"
RTR-12,['contracts/PPG_ADC_S1_CALIBRATOR_TO_ROUTER_INTERFACE_CONTRACT.md:196'],[],['rtl/ppg_adc_result_router/tb_ppg_adc_result_router.v:397'],[],"['rtl_tag', 'alias_row']"
RTR-13,['contracts/PPG_ADC_S1_CALIBRATOR_TO_ROUTER_INTERFACE_CONTRACT.md:197'],[],"['rtl/ppg_adc_result_router/tb_ppg_adc_result_router.v:411', 'rtl/ppg_adc_result_router/tb_ppg_adc_result_router.v:441']",[],"['rtl_tag', 'alias_row']"
SID-01,['contracts/PPG_REAL_PPG_RAW_GENERATOR_TESTBENCH_CONTRACT.md:549'],['rtl/ppg_idac_code_controller/ppg_idac_code_controller.v:279'],"['rtl/ppg_control_top/tb_ppg_control_top_startup_idac_calibration.v:25', 'rtl/ppg_control_top/tb_ppg_control_top_startup_idac_calibration.v:29', 'rtl/ppg_control_top/tb_ppg_control_top_startup_idac_calibration.v:30', 'rtl/ppg_control_top/tb_ppg_control_top_startup_idac_calibration.v:53', 'rtl/ppg_control_top/tb_ppg_control_top_startup_idac_calibration.v:57', 'rtl/ppg_control_top/tb_ppg_control_top_startup_idac_calibration.v:58', 'rtl/ppg_control_top/tb_ppg_control_top_startup_idac_calibration.v:863', 'rtl/ppg_control_top/tb_ppg_control_top_startup_idac_calibration.v:890', 'rtl/ppg_control_top/tb_ppg_control_top_startup_idac_calibration.v:895', 'rtl/ppg_control_top/tb_ppg_control_top_startup_idac_calibration.v:898']",['contracts/PPG_ALIAS_MAPPING_TABLE.md:138'],[]
SID-02,['contracts/PPG_REAL_PPG_RAW_GENERATOR_TESTBENCH_CONTRACT.md:550'],['rtl/ppg_idac_code_controller/ppg_idac_code_controller.v:705'],"['rtl/ppg_control_top/tb_ppg_control_top_startup_idac_calibration.v:29', 'rtl/ppg_control_top/tb_ppg_control_top_startup_idac_calibration.v:57', 'rtl/ppg_control_top/tb_ppg_control_top_startup_idac_calibration.v:1065', 'rtl/ppg_control_top/tb_ppg_control_top_startup_idac_calibration.v:1080', 'rtl/ppg_control_top/tb_ppg_control_top_startup_idac_calibration.v:1083']",['contracts/PPG_ALIAS_MAPPING_TABLE.md:139'],[]
SID-03,['contracts/PPG_REAL_PPG_RAW_GENERATOR_TESTBENCH_CONTRACT.md:551'],['rtl/ppg_sar9_sar15_safe_selection_wrapper/ppg_sar9_sar15_safe_selection_wrapper.v:760'],"['rtl/ppg_control_top/tb_ppg_control_top_input_light_static_matrix.v:188', 'rtl/ppg_control_top/tb_ppg_control_top_startup_idac_calibration.v:1128', 'rtl/ppg_control_top/tb_ppg_control_top_startup_idac_calibration.v:1130']",['contracts/PPG_ALIAS_MAPPING_TABLE.md:140'],[]
SID-04,['contracts/PPG_REAL_PPG_RAW_GENERATOR_TESTBENCH_CONTRACT.md:552'],['rtl/ppg_400hz_frame_calibration_scheduler/ppg_400hz_frame_calibration_scheduler.v:840'],"['rtl/ppg_control_top/tb_ppg_control_top_startup_idac_calibration.v:23', 'rtl/ppg_control_top/tb_ppg_control_top_startup_idac_calibration.v:25', 'rtl/ppg_control_top/tb_ppg_control_top_startup_idac_calibration.v:1125', 'rtl/ppg_control_top/tb_ppg_control_top_startup_idac_calibration.v:1147', 'rtl/ppg_control_top/tb_ppg_control_top_startup_idac_calibration.v:1174']",['contracts/PPG_ALIAS_MAPPING_TABLE.md:141'],[]
SID-05,['contracts/PPG_REAL_PPG_RAW_GENERATOR_TESTBENCH_CONTRACT.md:553'],"['rtl/ppg_400hz_frame_calibration_scheduler/ppg_400hz_frame_calibration_scheduler.v:467', 'rtl/ppg_400hz_frame_calibration_scheduler/ppg_400hz_frame_calibration_scheduler.v:567', 'rtl/ppg_400hz_frame_calibration_scheduler/ppg_400hz_frame_calibration_scheduler.v:748', 'rtl/ppg_adc_measurement_idac_integration/ppg_adc_measurement_idac_integration.v:1798']","['rtl/ppg_400hz_frame_calibration_scheduler/tb_ppg_400hz_frame_calibration_scheduler.v:23', 'rtl/ppg_adc_measurement_idac_integration/tb_ppg_adc_measurement_idac_integration.v:30', 'rtl/ppg_control_top/tb_ppg_control_top_startup_idac_calibration.v:23', 'rtl/ppg_control_top/tb_ppg_control_top_startup_idac_calibration.v:29', 'rtl/ppg_control_top/tb_ppg_control_top_startup_idac_calibration.v:51', 'rtl/ppg_control_top/tb_ppg_control_top_startup_idac_calibration.v:1117']",['contracts/PPG_ALIAS_MAPPING_TABLE.md:142'],[]
SID-06,['contracts/PPG_REAL_PPG_RAW_GENERATOR_TESTBENCH_CONTRACT.md:554'],['rtl/ppg_400hz_frame_calibration_scheduler/ppg_400hz_frame_calibration_scheduler.v:463'],"['rtl/ppg_control_top/tb_ppg_control_top_idac_bus_isolation.v:21', 'rtl/ppg_control_top/tb_ppg_control_top_startup_idac_calibration.v:23', 'rtl/ppg_control_top/tb_ppg_control_top_startup_idac_calibration.v:23', 'rtl/ppg_control_top/tb_ppg_control_top_startup_idac_calibration.v:1280', 'rtl/ppg_control_top/tb_ppg_control_top_startup_idac_calibration.v:1283', 'rtl/ppg_control_top/tb_ppg_control_top_startup_idac_calibration.v:1304', 'rtl/ppg_control_top/tb_ppg_control_top_startup_idac_calibration.v:1307', 'rtl/ppg_control_top/tb_ppg_control_top_startup_idac_calibration.v:1311']",['contracts/PPG_ALIAS_MAPPING_TABLE.md:143'],[]
SID-07,['contracts/PPG_REAL_PPG_RAW_GENERATOR_TESTBENCH_CONTRACT.md:555'],"['rtl/ppg_sar9_sar15_safe_selection_wrapper/ppg_sar9_sar15_safe_selection_wrapper.v:745', 'rtl/ppg_sar9_sar15_safe_selection_wrapper/ppg_sar9_sar15_safe_selection_wrapper.v:762']","['rtl/ppg_control_top/tb_ppg_control_top_input_light_static_matrix.v:188', 'rtl/ppg_control_top/tb_ppg_control_top_input_light_static_matrix.v:2036', 'rtl/ppg_control_top/tb_ppg_control_top_startup_idac_calibration.v:1133', 'rtl/ppg_control_top/tb_ppg_control_top_startup_idac_calibration.v:1140']",['contracts/PPG_ALIAS_MAPPING_TABLE.md:144'],[]
SID-08,['contracts/PPG_REAL_PPG_RAW_GENERATOR_TESTBENCH_CONTRACT.md:556'],"['rtl/ppg_sar9_sar15_safe_selection_wrapper/ppg_sar9_sar15_safe_selection_wrapper.v:742', 'rtl/ppg_sar9_sar15_safe_selection_wrapper/ppg_sar9_sar15_safe_selection_wrapper.v:762']","['rtl/ppg_control_top/tb_ppg_control_top_startup_idac_calibration.v:1246', 'rtl/ppg_control_top/tb_ppg_control_top_startup_idac_calibration.v:1249', 'rtl/ppg_control_top/tb_ppg_control_top_startup_idac_calibration.v:1254', 'rtl/ppg_control_top/tb_ppg_control_top_startup_idac_calibration.v:1257', 'rtl/ppg_control_top/tb_ppg_control_top_startup_idac_calibration.v:1260']",['contracts/PPG_ALIAS_MAPPING_TABLE.md:145'],[]
SID-09,['contracts/PPG_REAL_PPG_RAW_GENERATOR_TESTBENCH_CONTRACT.md:557'],['rtl/ppg_sar9_sar15_safe_selection_wrapper/ppg_sar9_sar15_safe_selection_wrapper.v:763'],"['rtl/ppg_control_top/tb_ppg_control_top_startup_idac_calibration.v:1373', 'rtl/ppg_control_top/tb_ppg_control_top_startup_idac_calibration.v:1376', 'rtl/ppg_control_top/tb_ppg_control_top_startup_idac_calibration.v:1378', 'rtl/ppg_control_top/tb_ppg_control_top_startup_idac_calibration.v:1381']",['contracts/PPG_ALIAS_MAPPING_TABLE.md:146'],[]
SID-10,['contracts/PPG_REAL_PPG_RAW_GENERATOR_TESTBENCH_CONTRACT.md:558'],"['rtl/ppg_adc_measurement_idac_integration/ppg_adc_measurement_idac_integration.v:911', 'rtl/ppg_adc_measurement_idac_integration/ppg_adc_measurement_idac_integration.v:1572']","['rtl/ppg_control_top/tb_ppg_control_top_lifecycle_fault_adc_anomaly.v:33', 'rtl/ppg_control_top/tb_ppg_control_top_normal_slow_tracking.v:50', 'rtl/ppg_control_top/tb_ppg_control_top_periodic_recheck_recovery.v:26', 'rtl/ppg_control_top/tb_ppg_control_top_startup_idac_calibration.v:24', 'rtl/ppg_control_top/tb_ppg_control_top_startup_idac_calibration.v:25', 'rtl/ppg_control_top/tb_ppg_control_top_startup_idac_calibration.v:27', 'rtl/ppg_control_top/tb_ppg_control_top_startup_idac_calibration.v:27', 'rtl/ppg_control_top/tb_ppg_control_top_startup_idac_calibration.v:27', 'rtl/ppg_control_top/tb_ppg_control_top_startup_idac_calibration.v:27', 'rtl/ppg_control_top/tb_ppg_control_top_startup_idac_calibration.v:29', 'rtl/ppg_control_top/tb_ppg_control_top_startup_idac_calibration.v:53', 'rtl/ppg_control_top/tb_ppg_control_top_startup_idac_calibration.v:57', 'rtl/ppg_control_top/tb_ppg_control_top_startup_idac_calibration.v:902', 'rtl/ppg_control_top/tb_ppg_control_top_startup_idac_calibration.v:949', 'rtl/ppg_control_top/tb_ppg_control_top_startup_idac_calibration.v:955', 'rtl/ppg_control_top/tb_ppg_control_top_startup_idac_calibration.v:962', 'rtl/ppg_control_top/tb_ppg_control_top_startup_idac_calibration.v:968', 'rtl/ppg_control_top/tb_ppg_control_top_startup_idac_calibration.v:971', 'rtl/ppg_control_top/tb_ppg_control_top_startup_idac_calibration.v:979', 'rtl/ppg_control_top/tb_ppg_control_top_startup_idac_calibration.v:982']","['contracts/PPG_ALIAS_MAPPING_TABLE.md:135', 'contracts/PPG_ALIAS_MAPPING_TABLE.md:147']",[]
SID-11,['contracts/PPG_REAL_PPG_RAW_GENERATOR_TESTBENCH_CONTRACT.md:559'],[],"['rtl/ppg_control_top/tb_ppg_control_top_lifecycle_fault_adc_anomaly.v:31', 'rtl/ppg_control_top/tb_ppg_control_top_lifecycle_fault_adc_anomaly.v:31', 'rtl/ppg_control_top/tb_ppg_control_top_lifecycle_fault_adc_anomaly.v:31', 'rtl/ppg_control_top/tb_ppg_control_top_lifecycle_fault_adc_anomaly.v:34', 'rtl/ppg_control_top/tb_ppg_control_top_lifecycle_fault_adc_anomaly.v:35', 'rtl/ppg_control_top/tb_ppg_control_top_owner_identity_backpressure.v:26', 'rtl/ppg_control_top/tb_ppg_control_top_owner_identity_backpressure.v:28', 'rtl/ppg_control_top/tb_ppg_control_top_owner_identity_backpressure.v:30', 'rtl/ppg_control_top/tb_ppg_control_top_owner_identity_backpressure.v:30', 'rtl/ppg_control_top/tb_ppg_control_top_robustness_corner_waveforms.v:33', 'rtl/ppg_control_top/tb_ppg_control_top_robustness_corner_waveforms.v:34', 'rtl/ppg_control_top/tb_ppg_control_top_robustness_corner_waveforms.v:38', 'rtl/ppg_control_top/tb_ppg_control_top_robustness_corner_waveforms.v:1632', 'rtl/ppg_control_top/tb_ppg_control_top_startup_idac_calibration.v:24', 'rtl/ppg_control_top/tb_ppg_control_top_startup_idac_calibration.v:24', 'rtl/ppg_control_top/tb_ppg_control_top_startup_idac_calibration.v:26', 'rtl/ppg_control_top/tb_ppg_control_top_startup_idac_calibration.v:28', 'rtl/ppg_control_top/tb_ppg_control_top_startup_idac_calibration.v:28', 'rtl/ppg_control_top/tb_ppg_control_top_startup_idac_calibration.v:30', 'rtl/ppg_control_top/tb_ppg_control_top_startup_idac_calibration.v:149', 'rtl/ppg_control_top/tb_ppg_control_top_startup_idac_calibration.v:928', 'rtl/ppg_control_top/tb_ppg_control_top_startup_idac_calibration.v:999', 'rtl/ppg_control_top/tb_ppg_control_top_startup_idac_calibration.v:1023', 'rtl/ppg_control_top/tb_ppg_control_top_startup_idac_calibration.v:1029', 'rtl/ppg_control_top/tb_ppg_control_top_startup_idac_calibration.v:1045', 'rtl/ppg_control_top/tb_ppg_control_top_startup_idac_calibration.v:1048', 'rtl/ppg_control_top/tb_ppg_control_top_startup_idac_calibration.v:1051', 'rtl/ppg_control_top/tb_ppg_control_top_startup_idac_calibration.v:1055']",['contracts/PPG_ALIAS_MAPPING_TABLE.md:148'],['rtl_tag']
SID-12,['contracts/PPG_REAL_PPG_RAW_GENERATOR_TESTBENCH_CONTRACT.md:560'],"['rtl/ppg_idac_code_controller/ppg_idac_code_controller.v:931', 'rtl/ppg_idac_code_controller/ppg_idac_code_controller.v:932', 'rtl/ppg_idac_code_controller/ppg_idac_code_controller.v:975']","['rtl/ppg_control_top/tb_ppg_control_top_startup_idac_calibration.v:29', 'rtl/ppg_control_top/tb_ppg_control_top_startup_idac_calibration.v:30', 'rtl/ppg_control_top/tb_ppg_control_top_startup_idac_calibration.v:58', 'rtl/ppg_control_top/tb_ppg_control_top_startup_idac_calibration.v:1419', 'rtl/ppg_control_top/tb_ppg_control_top_startup_idac_calibration.v:1422', 'rtl/ppg_control_top/tb_ppg_control_top_startup_idac_calibration.v:1438', 'rtl/ppg_control_top/tb_ppg_control_top_startup_idac_calibration.v:1441', 'rtl/ppg_control_top/tb_ppg_control_top_startup_idac_calibration.v:1473', 'rtl/ppg_control_top/tb_ppg_control_top_startup_idac_calibration.v:1476', 'rtl/ppg_control_top/tb_ppg_control_top_startup_idac_calibration.v:1479', 'rtl/ppg_control_top/tb_ppg_control_top_startup_idac_calibration.v:1482', 'rtl/ppg_control_top/tb_ppg_control_top_startup_idac_calibration.v:1488', 'rtl/ppg_control_top/tb_ppg_control_top_startup_idac_calibration.v:1491']",['contracts/PPG_ALIAS_MAPPING_TABLE.md:149'],[]
SSW-01,['contracts/PPG_SAR9_SAR15_SAFE_SELECTION_WRAPPER_INTERFACE_CONTRACT.md:818'],[],"['rtl/ppg_sar9_sar15_safe_selection_wrapper/tb_ppg_sar9_sar15_safe_selection_wrapper.v:9', 'rtl/ppg_sar9_sar15_safe_selection_wrapper/tb_ppg_sar9_sar15_safe_selection_wrapper.v:17', 'rtl/ppg_sar9_sar15_safe_selection_wrapper/tb_ppg_sar9_sar15_safe_selection_wrapper.v:465', 'rtl/ppg_sar9_sar15_safe_selection_wrapper/tb_ppg_sar9_sar15_safe_selection_wrapper.v:478', 'rtl/ppg_sar9_sar15_safe_selection_wrapper/tb_ppg_sar9_sar15_safe_selection_wrapper.v:1103']",[],"['rtl_tag', 'alias_row']"
SSW-02,['contracts/PPG_SAR9_SAR15_SAFE_SELECTION_WRAPPER_INTERFACE_CONTRACT.md:819'],[],"['rtl/ppg_sar9_sar15_safe_selection_wrapper/tb_ppg_sar9_sar15_safe_selection_wrapper.v:480', 'rtl/ppg_sar9_sar15_safe_selection_wrapper/tb_ppg_sar9_sar15_safe_selection_wrapper.v:491']",[],"['rtl_tag', 'alias_row']"
SSW-03,['contracts/PPG_SAR9_SAR15_SAFE_SELECTION_WRAPPER_INTERFACE_CONTRACT.md:820'],[],"['rtl/ppg_sar9_sar15_safe_selection_wrapper/tb_ppg_sar9_sar15_safe_selection_wrapper.v:493', 'rtl/ppg_sar9_sar15_safe_selection_wrapper/tb_ppg_sar9_sar15_safe_selection_wrapper.v:504']",[],"['rtl_tag', 'alias_row']"
SSW-04,['contracts/PPG_SAR9_SAR15_SAFE_SELECTION_WRAPPER_INTERFACE_CONTRACT.md:821'],[],"['rtl/ppg_sar9_sar15_safe_selection_wrapper/tb_ppg_sar9_sar15_safe_selection_wrapper.v:506', 'rtl/ppg_sar9_sar15_safe_selection_wrapper/tb_ppg_sar9_sar15_safe_selection_wrapper.v:517']",[],"['rtl_tag', 'alias_row']"
SSW-05,['contracts/PPG_SAR9_SAR15_SAFE_SELECTION_WRAPPER_INTERFACE_CONTRACT.md:822'],[],"['rtl/ppg_sar9_sar15_safe_selection_wrapper/tb_ppg_sar9_sar15_safe_selection_wrapper.v:519', 'rtl/ppg_sar9_sar15_safe_selection_wrapper/tb_ppg_sar9_sar15_safe_selection_wrapper.v:534']",[],"['rtl_tag', 'alias_row']"
SSW-06,['contracts/PPG_SAR9_SAR15_SAFE_SELECTION_WRAPPER_INTERFACE_CONTRACT.md:823'],[],"['rtl/ppg_sar9_sar15_safe_selection_wrapper/tb_ppg_sar9_sar15_safe_selection_wrapper.v:536', 'rtl/ppg_sar9_sar15_safe_selection_wrapper/tb_ppg_sar9_sar15_safe_selection_wrapper.v:553']",[],"['rtl_tag', 'alias_row']"
SSW-07,['contracts/PPG_SAR9_SAR15_SAFE_SELECTION_WRAPPER_INTERFACE_CONTRACT.md:824'],[],"['rtl/ppg_sar9_sar15_safe_selection_wrapper/tb_ppg_sar9_sar15_safe_selection_wrapper.v:555', 'rtl/ppg_sar9_sar15_safe_selection_wrapper/tb_ppg_sar9_sar15_safe_selection_wrapper.v:572']",[],"['rtl_tag', 'alias_row']"
SSW-08,['contracts/PPG_SAR9_SAR15_SAFE_SELECTION_WRAPPER_INTERFACE_CONTRACT.md:825'],[],"['rtl/ppg_sar9_sar15_safe_selection_wrapper/tb_ppg_sar9_sar15_safe_selection_wrapper.v:18', 'rtl/ppg_sar9_sar15_safe_selection_wrapper/tb_ppg_sar9_sar15_safe_selection_wrapper.v:574', 'rtl/ppg_sar9_sar15_safe_selection_wrapper/tb_ppg_sar9_sar15_safe_selection_wrapper.v:588']",[],"['rtl_tag', 'alias_row']"
SSW-09,['contracts/PPG_SAR9_SAR15_SAFE_SELECTION_WRAPPER_INTERFACE_CONTRACT.md:826'],[],"['rtl/ppg_sar9_sar15_safe_selection_wrapper/tb_ppg_sar9_sar15_safe_selection_wrapper.v:18', 'rtl/ppg_sar9_sar15_safe_selection_wrapper/tb_ppg_sar9_sar15_safe_selection_wrapper.v:590', 'rtl/ppg_sar9_sar15_safe_selection_wrapper/tb_ppg_sar9_sar15_safe_selection_wrapper.v:602']",[],"['rtl_tag', 'alias_row']"
SSW-10,['contracts/PPG_SAR9_SAR15_SAFE_SELECTION_WRAPPER_INTERFACE_CONTRACT.md:827'],[],"['rtl/ppg_sar9_sar15_safe_selection_wrapper/tb_ppg_sar9_sar15_safe_selection_wrapper.v:18', 'rtl/ppg_sar9_sar15_safe_selection_wrapper/tb_ppg_sar9_sar15_safe_selection_wrapper.v:604', 'rtl/ppg_sar9_sar15_safe_selection_wrapper/tb_ppg_sar9_sar15_safe_selection_wrapper.v:616']",[],"['rtl_tag', 'alias_row']"
SSW-11,['contracts/PPG_SAR9_SAR15_SAFE_SELECTION_WRAPPER_INTERFACE_CONTRACT.md:828'],[],"['rtl/ppg_sar9_sar15_safe_selection_wrapper/tb_ppg_sar9_sar15_safe_selection_wrapper.v:18', 'rtl/ppg_sar9_sar15_safe_selection_wrapper/tb_ppg_sar9_sar15_safe_selection_wrapper.v:618', 'rtl/ppg_sar9_sar15_safe_selection_wrapper/tb_ppg_sar9_sar15_safe_selection_wrapper.v:635']",[],"['rtl_tag', 'alias_row']"
SSW-12,['contracts/PPG_SAR9_SAR15_SAFE_SELECTION_WRAPPER_INTERFACE_CONTRACT.md:829'],[],"['rtl/ppg_sar9_sar15_safe_selection_wrapper/tb_ppg_sar9_sar15_safe_selection_wrapper.v:637', 'rtl/ppg_sar9_sar15_safe_selection_wrapper/tb_ppg_sar9_sar15_safe_selection_wrapper.v:646']",[],"['rtl_tag', 'alias_row']"
SSW-13,['contracts/PPG_SAR9_SAR15_SAFE_SELECTION_WRAPPER_INTERFACE_CONTRACT.md:830'],[],"['rtl/ppg_sar9_sar15_safe_selection_wrapper/tb_ppg_sar9_sar15_safe_selection_wrapper.v:648', 'rtl/ppg_sar9_sar15_safe_selection_wrapper/tb_ppg_sar9_sar15_safe_selection_wrapper.v:658']",[],"['rtl_tag', 'alias_row']"
SSW-14,['contracts/PPG_SAR9_SAR15_SAFE_SELECTION_WRAPPER_INTERFACE_CONTRACT.md:831'],[],"['rtl/ppg_sar9_sar15_safe_selection_wrapper/tb_ppg_sar9_sar15_safe_selection_wrapper.v:660', 'rtl/ppg_sar9_sar15_safe_selection_wrapper/tb_ppg_sar9_sar15_safe_selection_wrapper.v:667']",[],"['rtl_tag', 'alias_row']"
SSW-15,['contracts/PPG_SAR9_SAR15_SAFE_SELECTION_WRAPPER_INTERFACE_CONTRACT.md:832'],[],"['rtl/ppg_sar9_sar15_safe_selection_wrapper/tb_ppg_sar9_sar15_safe_selection_wrapper.v:669', 'rtl/ppg_sar9_sar15_safe_selection_wrapper/tb_ppg_sar9_sar15_safe_selection_wrapper.v:678']",[],"['rtl_tag', 'alias_row']"
SSW-16,['contracts/PPG_SAR9_SAR15_SAFE_SELECTION_WRAPPER_INTERFACE_CONTRACT.md:833'],[],"['rtl/ppg_sar9_sar15_safe_selection_wrapper/tb_ppg_sar9_sar15_safe_selection_wrapper.v:680', 'rtl/ppg_sar9_sar15_safe_selection_wrapper/tb_ppg_sar9_sar15_safe_selection_wrapper.v:693']",[],"['rtl_tag', 'alias_row']"
SSW-17,['contracts/PPG_SAR9_SAR15_SAFE_SELECTION_WRAPPER_INTERFACE_CONTRACT.md:834'],[],"['rtl/ppg_sar9_sar15_safe_selection_wrapper/tb_ppg_sar9_sar15_safe_selection_wrapper.v:695', 'rtl/ppg_sar9_sar15_safe_selection_wrapper/tb_ppg_sar9_sar15_safe_selection_wrapper.v:703']",[],"['rtl_tag', 'alias_row']"
SSW-18,['contracts/PPG_SAR9_SAR15_SAFE_SELECTION_WRAPPER_INTERFACE_CONTRACT.md:835'],[],"['rtl/ppg_sar9_sar15_safe_selection_wrapper/tb_ppg_sar9_sar15_safe_selection_wrapper.v:705', 'rtl/ppg_sar9_sar15_safe_selection_wrapper/tb_ppg_sar9_sar15_safe_selection_wrapper.v:711']",[],"['rtl_tag', 'alias_row']"
SSW-19,['contracts/PPG_SAR9_SAR15_SAFE_SELECTION_WRAPPER_INTERFACE_CONTRACT.md:836'],[],"['rtl/ppg_sar9_sar15_safe_selection_wrapper/tb_ppg_sar9_sar15_safe_selection_wrapper.v:713', 'rtl/ppg_sar9_sar15_safe_selection_wrapper/tb_ppg_sar9_sar15_safe_selection_wrapper.v:723']",[],"['rtl_tag', 'alias_row']"
SSW-20,['contracts/PPG_SAR9_SAR15_SAFE_SELECTION_WRAPPER_INTERFACE_CONTRACT.md:837'],[],"['rtl/ppg_sar9_sar15_safe_selection_wrapper/tb_ppg_sar9_sar15_safe_selection_wrapper.v:725', 'rtl/ppg_sar9_sar15_safe_selection_wrapper/tb_ppg_sar9_sar15_safe_selection_wrapper.v:735']",[],"['rtl_tag', 'alias_row']"
SSW-21,['contracts/PPG_SAR9_SAR15_SAFE_SELECTION_WRAPPER_INTERFACE_CONTRACT.md:838'],[],"['rtl/ppg_sar9_sar15_safe_selection_wrapper/tb_ppg_sar9_sar15_safe_selection_wrapper.v:737', 'rtl/ppg_sar9_sar15_safe_selection_wrapper/tb_ppg_sar9_sar15_safe_selection_wrapper.v:747']",[],"['rtl_tag', 'alias_row']"
SSW-22,['contracts/PPG_SAR9_SAR15_SAFE_SELECTION_WRAPPER_INTERFACE_CONTRACT.md:839'],[],"['rtl/ppg_sar9_sar15_safe_selection_wrapper/tb_ppg_sar9_sar15_safe_selection_wrapper.v:749', 'rtl/ppg_sar9_sar15_safe_selection_wrapper/tb_ppg_sar9_sar15_safe_selection_wrapper.v:759']",[],"['rtl_tag', 'alias_row']"
SSW-23,['contracts/PPG_SAR9_SAR15_SAFE_SELECTION_WRAPPER_INTERFACE_CONTRACT.md:840'],[],"['rtl/ppg_sar9_sar15_safe_selection_wrapper/tb_ppg_sar9_sar15_safe_selection_wrapper.v:761', 'rtl/ppg_sar9_sar15_safe_selection_wrapper/tb_ppg_sar9_sar15_safe_selection_wrapper.v:768']",[],"['rtl_tag', 'alias_row']"
SSW-24,['contracts/PPG_SAR9_SAR15_SAFE_SELECTION_WRAPPER_INTERFACE_CONTRACT.md:841'],[],"['rtl/ppg_sar9_sar15_safe_selection_wrapper/tb_ppg_sar9_sar15_safe_selection_wrapper.v:770', 'rtl/ppg_sar9_sar15_safe_selection_wrapper/tb_ppg_sar9_sar15_safe_selection_wrapper.v:778']",[],"['rtl_tag', 'alias_row']"
SSW-25,['contracts/PPG_SAR9_SAR15_SAFE_SELECTION_WRAPPER_INTERFACE_CONTRACT.md:842'],[],"['rtl/ppg_sar9_sar15_safe_selection_wrapper/tb_ppg_sar9_sar15_safe_selection_wrapper.v:780', 'rtl/ppg_sar9_sar15_safe_selection_wrapper/tb_ppg_sar9_sar15_safe_selection_wrapper.v:783']",[],"['rtl_tag', 'alias_row']"
SSW-26,['contracts/PPG_SAR9_SAR15_SAFE_SELECTION_WRAPPER_INTERFACE_CONTRACT.md:843'],[],"['rtl/ppg_sar9_sar15_safe_selection_wrapper/tb_ppg_sar9_sar15_safe_selection_wrapper.v:785', 'rtl/ppg_sar9_sar15_safe_selection_wrapper/tb_ppg_sar9_sar15_safe_selection_wrapper.v:798']",[],"['rtl_tag', 'alias_row']"
SSW-27,['contracts/PPG_SAR9_SAR15_SAFE_SELECTION_WRAPPER_INTERFACE_CONTRACT.md:844'],[],"['rtl/ppg_sar9_sar15_safe_selection_wrapper/tb_ppg_sar9_sar15_safe_selection_wrapper.v:800', 'rtl/ppg_sar9_sar15_safe_selection_wrapper/tb_ppg_sar9_sar15_safe_selection_wrapper.v:807']",[],"['rtl_tag', 'alias_row']"
SSW-28,['contracts/PPG_SAR9_SAR15_SAFE_SELECTION_WRAPPER_INTERFACE_CONTRACT.md:845'],[],"['rtl/ppg_sar9_sar15_safe_selection_wrapper/tb_ppg_sar9_sar15_safe_selection_wrapper.v:809', 'rtl/ppg_sar9_sar15_safe_selection_wrapper/tb_ppg_sar9_sar15_safe_selection_wrapper.v:816']",[],"['rtl_tag', 'alias_row']"
SSW-29,['contracts/PPG_SAR9_SAR15_SAFE_SELECTION_WRAPPER_INTERFACE_CONTRACT.md:846'],[],"['rtl/ppg_sar9_sar15_safe_selection_wrapper/tb_ppg_sar9_sar15_safe_selection_wrapper.v:818', 'rtl/ppg_sar9_sar15_safe_selection_wrapper/tb_ppg_sar9_sar15_safe_selection_wrapper.v:826']",[],"['rtl_tag', 'alias_row']"
SSW-30,['contracts/PPG_SAR9_SAR15_SAFE_SELECTION_WRAPPER_INTERFACE_CONTRACT.md:847'],[],"['rtl/ppg_sar9_sar15_safe_selection_wrapper/tb_ppg_sar9_sar15_safe_selection_wrapper.v:828', 'rtl/ppg_sar9_sar15_safe_selection_wrapper/tb_ppg_sar9_sar15_safe_selection_wrapper.v:836']",[],"['rtl_tag', 'alias_row']"
SSW-31,['contracts/PPG_SAR9_SAR15_SAFE_SELECTION_WRAPPER_INTERFACE_CONTRACT.md:848'],[],"['rtl/ppg_sar9_sar15_safe_selection_wrapper/tb_ppg_sar9_sar15_safe_selection_wrapper.v:838', 'rtl/ppg_sar9_sar15_safe_selection_wrapper/tb_ppg_sar9_sar15_safe_selection_wrapper.v:846']",[],"['rtl_tag', 'alias_row']"
SSW-32,['contracts/PPG_SAR9_SAR15_SAFE_SELECTION_WRAPPER_INTERFACE_CONTRACT.md:849'],[],"['rtl/ppg_sar9_sar15_safe_selection_wrapper/tb_ppg_sar9_sar15_safe_selection_wrapper.v:848', 'rtl/ppg_sar9_sar15_safe_selection_wrapper/tb_ppg_sar9_sar15_safe_selection_wrapper.v:855']",[],"['rtl_tag', 'alias_row']"
SSW-33,['contracts/PPG_SAR9_SAR15_SAFE_SELECTION_WRAPPER_INTERFACE_CONTRACT.md:850'],[],"['rtl/ppg_sar9_sar15_safe_selection_wrapper/tb_ppg_sar9_sar15_safe_selection_wrapper.v:857', 'rtl/ppg_sar9_sar15_safe_selection_wrapper/tb_ppg_sar9_sar15_safe_selection_wrapper.v:865']",[],"['rtl_tag', 'alias_row']"
SSW-34,['contracts/PPG_SAR9_SAR15_SAFE_SELECTION_WRAPPER_INTERFACE_CONTRACT.md:851'],[],"['rtl/ppg_sar9_sar15_safe_selection_wrapper/tb_ppg_sar9_sar15_safe_selection_wrapper.v:867', 'rtl/ppg_sar9_sar15_safe_selection_wrapper/tb_ppg_sar9_sar15_safe_selection_wrapper.v:877']",[],"['rtl_tag', 'alias_row']"
SSW-35,['contracts/PPG_SAR9_SAR15_SAFE_SELECTION_WRAPPER_INTERFACE_CONTRACT.md:852'],[],"['rtl/ppg_sar9_sar15_safe_selection_wrapper/tb_ppg_sar9_sar15_safe_selection_wrapper.v:879', 'rtl/ppg_sar9_sar15_safe_selection_wrapper/tb_ppg_sar9_sar15_safe_selection_wrapper.v:884']",[],"['rtl_tag', 'alias_row']"
SSW-36,['contracts/PPG_SAR9_SAR15_SAFE_SELECTION_WRAPPER_INTERFACE_CONTRACT.md:853'],[],"['rtl/ppg_sar9_sar15_safe_selection_wrapper/tb_ppg_sar9_sar15_safe_selection_wrapper.v:886', 'rtl/ppg_sar9_sar15_safe_selection_wrapper/tb_ppg_sar9_sar15_safe_selection_wrapper.v:892']",[],"['rtl_tag', 'alias_row']"
SSW-37,['contracts/PPG_SAR9_SAR15_SAFE_SELECTION_WRAPPER_INTERFACE_CONTRACT.md:854'],[],"['rtl/ppg_sar9_sar15_safe_selection_wrapper/tb_ppg_sar9_sar15_safe_selection_wrapper.v:894', 'rtl/ppg_sar9_sar15_safe_selection_wrapper/tb_ppg_sar9_sar15_safe_selection_wrapper.v:899']",[],"['rtl_tag', 'alias_row']"
SSW-38,['contracts/PPG_SAR9_SAR15_SAFE_SELECTION_WRAPPER_INTERFACE_CONTRACT.md:855'],[],"['rtl/ppg_sar9_sar15_safe_selection_wrapper/tb_ppg_sar9_sar15_safe_selection_wrapper.v:901', 'rtl/ppg_sar9_sar15_safe_selection_wrapper/tb_ppg_sar9_sar15_safe_selection_wrapper.v:908']",[],"['rtl_tag', 'alias_row']"
SSW-39,['contracts/PPG_SAR9_SAR15_SAFE_SELECTION_WRAPPER_INTERFACE_CONTRACT.md:856'],[],"['rtl/ppg_sar9_sar15_safe_selection_wrapper/tb_ppg_sar9_sar15_safe_selection_wrapper.v:910', 'rtl/ppg_sar9_sar15_safe_selection_wrapper/tb_ppg_sar9_sar15_safe_selection_wrapper.v:919']",[],"['rtl_tag', 'alias_row']"
SSW-40,['contracts/PPG_SAR9_SAR15_SAFE_SELECTION_WRAPPER_INTERFACE_CONTRACT.md:857'],[],"['rtl/ppg_sar9_sar15_safe_selection_wrapper/tb_ppg_sar9_sar15_safe_selection_wrapper.v:921', 'rtl/ppg_sar9_sar15_safe_selection_wrapper/tb_ppg_sar9_sar15_safe_selection_wrapper.v:930']",[],"['rtl_tag', 'alias_row']"
SSW-41,['contracts/PPG_SAR9_SAR15_SAFE_SELECTION_WRAPPER_INTERFACE_CONTRACT.md:858'],[],"['rtl/ppg_sar9_sar15_safe_selection_wrapper/tb_ppg_sar9_sar15_safe_selection_wrapper.v:932', 'rtl/ppg_sar9_sar15_safe_selection_wrapper/tb_ppg_sar9_sar15_safe_selection_wrapper.v:941']",[],"['rtl_tag', 'alias_row']"
SSW-42,['contracts/PPG_SAR9_SAR15_SAFE_SELECTION_WRAPPER_INTERFACE_CONTRACT.md:859'],[],"['rtl/ppg_sar9_sar15_safe_selection_wrapper/tb_ppg_sar9_sar15_safe_selection_wrapper.v:943', 'rtl/ppg_sar9_sar15_safe_selection_wrapper/tb_ppg_sar9_sar15_safe_selection_wrapper.v:951']",[],"['rtl_tag', 'alias_row']"
SSW-43,['contracts/PPG_SAR9_SAR15_SAFE_SELECTION_WRAPPER_INTERFACE_CONTRACT.md:860'],[],"['rtl/ppg_sar9_sar15_safe_selection_wrapper/tb_ppg_sar9_sar15_safe_selection_wrapper.v:953', 'rtl/ppg_sar9_sar15_safe_selection_wrapper/tb_ppg_sar9_sar15_safe_selection_wrapper.v:963']",[],"['rtl_tag', 'alias_row']"
SSW-44,['contracts/PPG_SAR9_SAR15_SAFE_SELECTION_WRAPPER_INTERFACE_CONTRACT.md:861'],[],"['rtl/ppg_sar9_sar15_safe_selection_wrapper/tb_ppg_sar9_sar15_safe_selection_wrapper.v:965', 'rtl/ppg_sar9_sar15_safe_selection_wrapper/tb_ppg_sar9_sar15_safe_selection_wrapper.v:974']",[],"['rtl_tag', 'alias_row']"
SSW-45,['contracts/PPG_SAR9_SAR15_SAFE_SELECTION_WRAPPER_INTERFACE_CONTRACT.md:862'],[],"['rtl/ppg_control_top/tb_ppg_control_top_idac_bus_isolation.v:23', 'rtl/ppg_sar9_sar15_safe_selection_wrapper/tb_ppg_sar9_sar15_safe_selection_wrapper.v:976', 'rtl/ppg_sar9_sar15_safe_selection_wrapper/tb_ppg_sar9_sar15_safe_selection_wrapper.v:984']",[],"['rtl_tag', 'alias_row']"
SSW-46,['contracts/PPG_SAR9_SAR15_SAFE_SELECTION_WRAPPER_INTERFACE_CONTRACT.md:863'],[],"['rtl/ppg_sar9_sar15_safe_selection_wrapper/tb_ppg_sar9_sar15_safe_selection_wrapper.v:986', 'rtl/ppg_sar9_sar15_safe_selection_wrapper/tb_ppg_sar9_sar15_safe_selection_wrapper.v:994']",[],"['rtl_tag', 'alias_row']"
SSW-47,['contracts/PPG_SAR9_SAR15_SAFE_SELECTION_WRAPPER_INTERFACE_CONTRACT.md:864'],[],"['rtl/ppg_sar9_sar15_safe_selection_wrapper/tb_ppg_sar9_sar15_safe_selection_wrapper.v:996', 'rtl/ppg_sar9_sar15_safe_selection_wrapper/tb_ppg_sar9_sar15_safe_selection_wrapper.v:1010']",[],"['rtl_tag', 'alias_row']"
SSW-48,['contracts/PPG_SAR9_SAR15_SAFE_SELECTION_WRAPPER_INTERFACE_CONTRACT.md:865'],[],"['rtl/ppg_sar9_sar15_safe_selection_wrapper/tb_ppg_sar9_sar15_safe_selection_wrapper.v:1012', 'rtl/ppg_sar9_sar15_safe_selection_wrapper/tb_ppg_sar9_sar15_safe_selection_wrapper.v:1033']",[],"['rtl_tag', 'alias_row']"
SSW-49,['contracts/PPG_SAR9_SAR15_SAFE_SELECTION_WRAPPER_INTERFACE_CONTRACT.md:866'],[],"['rtl/ppg_sar9_sar15_safe_selection_wrapper/tb_ppg_sar9_sar15_safe_selection_wrapper.v:1035', 'rtl/ppg_sar9_sar15_safe_selection_wrapper/tb_ppg_sar9_sar15_safe_selection_wrapper.v:1050']",[],"['rtl_tag', 'alias_row']"
SSW-50,['contracts/PPG_SAR9_SAR15_SAFE_SELECTION_WRAPPER_INTERFACE_CONTRACT.md:867'],[],"['rtl/ppg_sar9_sar15_safe_selection_wrapper/tb_ppg_sar9_sar15_safe_selection_wrapper.v:1052', 'rtl/ppg_sar9_sar15_safe_selection_wrapper/tb_ppg_sar9_sar15_safe_selection_wrapper.v:1064']",[],"['rtl_tag', 'alias_row']"
SSW-51,['contracts/PPG_SAR9_SAR15_SAFE_SELECTION_WRAPPER_INTERFACE_CONTRACT.md:868'],[],"['rtl/ppg_sar9_sar15_safe_selection_wrapper/tb_ppg_sar9_sar15_safe_selection_wrapper.v:1066', 'rtl/ppg_sar9_sar15_safe_selection_wrapper/tb_ppg_sar9_sar15_safe_selection_wrapper.v:1091']",[],"['rtl_tag', 'alias_row']"
SSW-52,['contracts/PPG_SAR9_SAR15_SAFE_SELECTION_WRAPPER_INTERFACE_CONTRACT.md:869'],[],"['rtl/ppg_sar9_sar15_safe_selection_wrapper/tb_ppg_sar9_sar15_safe_selection_wrapper.v:9', 'rtl/ppg_sar9_sar15_safe_selection_wrapper/tb_ppg_sar9_sar15_safe_selection_wrapper.v:17', 'rtl/ppg_sar9_sar15_safe_selection_wrapper/tb_ppg_sar9_sar15_safe_selection_wrapper.v:1093', 'rtl/ppg_sar9_sar15_safe_selection_wrapper/tb_ppg_sar9_sar15_safe_selection_wrapper.v:1100', 'rtl/ppg_sar9_sar15_safe_selection_wrapper/tb_ppg_sar9_sar15_safe_selection_wrapper.v:1103']",[],"['rtl_tag', 'alias_row']"
SUP-01,['contracts/PPG_SYSTEM_FAULT_ABORT_SUPERVISOR_INTERFACE_CONTRACT.md:152'],[],"['rtl/ppg_system_fault_abort_supervisor/tb_ppg_system_fault_abort_supervisor.v:10', 'rtl/ppg_system_fault_abort_supervisor/tb_ppg_system_fault_abort_supervisor.v:312', 'rtl/ppg_system_fault_abort_supervisor/tb_ppg_system_fault_abort_supervisor.v:497']",[],"['rtl_tag', 'alias_row']"
SUP-02,['contracts/PPG_SYSTEM_FAULT_ABORT_SUPERVISOR_INTERFACE_CONTRACT.md:153'],[],['rtl/ppg_system_fault_abort_supervisor/tb_ppg_system_fault_abort_supervisor.v:333'],[],"['rtl_tag', 'alias_row']"
SUP-03,['contracts/PPG_SYSTEM_FAULT_ABORT_SUPERVISOR_INTERFACE_CONTRACT.md:154'],[],['rtl/ppg_system_fault_abort_supervisor/tb_ppg_system_fault_abort_supervisor.v:346'],[],"['rtl_tag', 'alias_row']"
SUP-04,['contracts/PPG_SYSTEM_FAULT_ABORT_SUPERVISOR_INTERFACE_CONTRACT.md:155'],[],['rtl/ppg_system_fault_abort_supervisor/tb_ppg_system_fault_abort_supervisor.v:419'],[],"['rtl_tag', 'alias_row']"
SUP-05,['contracts/PPG_SYSTEM_FAULT_ABORT_SUPERVISOR_INTERFACE_CONTRACT.md:156'],[],[],[],"['rtl_tag', 'tb_tag_or_text', 'alias_row']"
SUP-06,['contracts/PPG_SYSTEM_FAULT_ABORT_SUPERVISOR_INTERFACE_CONTRACT.md:157'],[],['rtl/ppg_system_fault_abort_supervisor/tb_ppg_system_fault_abort_supervisor.v:434'],[],"['rtl_tag', 'alias_row']"
SUP-07,['contracts/PPG_SYSTEM_FAULT_ABORT_SUPERVISOR_INTERFACE_CONTRACT.md:158'],[],['rtl/ppg_system_fault_abort_supervisor/tb_ppg_system_fault_abort_supervisor.v:364'],[],"['rtl_tag', 'alias_row']"
SUP-08,['contracts/PPG_SYSTEM_FAULT_ABORT_SUPERVISOR_INTERFACE_CONTRACT.md:159'],[],[],[],"['rtl_tag', 'tb_tag_or_text', 'alias_row']"
SUP-09,['contracts/PPG_SYSTEM_FAULT_ABORT_SUPERVISOR_INTERFACE_CONTRACT.md:160'],[],['rtl/ppg_system_fault_abort_supervisor/tb_ppg_system_fault_abort_supervisor.v:464'],[],"['rtl_tag', 'alias_row']"
SUP-10,['contracts/PPG_SYSTEM_FAULT_ABORT_SUPERVISOR_INTERFACE_CONTRACT.md:161'],[],"['rtl/ppg_system_fault_abort_supervisor/tb_ppg_system_fault_abort_supervisor.v:475', 'rtl/ppg_system_fault_abort_supervisor/tb_ppg_system_fault_abort_supervisor.v:497']",[],"['rtl_tag', 'alias_row']"
TOP-01,['contracts/PPG_DIGITAL_TOP_INTERFACE_CONNECTION_CONTRACT.md:913'],['rtl/ppg_sar9_sar15_safe_selection_wrapper/ppg_sar9_sar15_safe_selection_wrapper.v:604'],"['rtl/ppg_control_top/tb_ppg_control_top.v:21', 'rtl/ppg_control_top/tb_ppg_control_top.v:22', 'rtl/ppg_control_top/tb_ppg_control_top.v:24', 'rtl/ppg_control_top/tb_ppg_control_top.v:29', 'rtl/ppg_control_top/tb_ppg_control_top.v:29', 'rtl/ppg_control_top/tb_ppg_control_top.v:29', 'rtl/ppg_control_top/tb_ppg_control_top.v:54', 'rtl/ppg_control_top/tb_ppg_control_top.v:54', 'rtl/ppg_control_top/tb_ppg_control_top.v:1154', 'rtl/ppg_control_top/tb_ppg_control_top.v:1157', 'rtl/ppg_control_top/tb_ppg_control_top.v:3000', 'rtl/ppg_control_top/tb_ppg_control_top.v:3003', 'rtl/ppg_control_top/tb_ppg_control_top.v:3019', 'rtl/ppg_control_top/tb_ppg_control_top.v:3022', 'rtl/ppg_control_top/tb_ppg_control_top.v:3037', 'rtl/ppg_control_top/tb_ppg_control_top.v:3041', 'rtl/ppg_control_top/tb_ppg_control_top.v:3056', 'rtl/ppg_control_top/tb_ppg_control_top.v:3059', 'rtl/ppg_control_top/tb_ppg_control_top.v:3074', 'rtl/ppg_control_top/tb_ppg_control_top.v:3077', 'rtl/ppg_control_top/tb_ppg_control_top.v:3090', 'rtl/ppg_control_top/tb_ppg_control_top.v:3095', 'rtl/ppg_control_top/tb_ppg_control_top.v:3098']",['contracts/PPG_ALIAS_MAPPING_TABLE.md:28'],[]
TOP-02,['contracts/PPG_DIGITAL_TOP_INTERFACE_CONNECTION_CONTRACT.md:914'],['rtl/ppg_system_config_manager/ppg_system_config_manager.v:522'],"['rtl/ppg_control_top/tb_ppg_control_top.v:29', 'rtl/ppg_control_top/tb_ppg_control_top.v:29', 'rtl/ppg_control_top/tb_ppg_control_top.v:54', 'rtl/ppg_control_top/tb_ppg_control_top.v:1309', 'rtl/ppg_control_top/tb_ppg_control_top.v:1313']",['contracts/PPG_ALIAS_MAPPING_TABLE.md:29'],[]
TOP-03,['contracts/PPG_DIGITAL_TOP_INTERFACE_CONNECTION_CONTRACT.md:915'],['rtl/ppg_400hz_frame_calibration_scheduler/ppg_400hz_frame_calibration_scheduler.v:459'],"['rtl/ppg_control_top/tb_ppg_control_top.v:24', 'rtl/ppg_control_top/tb_ppg_control_top.v:24', 'rtl/ppg_control_top/tb_ppg_control_top.v:1043', 'rtl/ppg_control_top/tb_ppg_control_top.v:1050', 'rtl/ppg_control_top/tb_ppg_control_top.v:2844', 'rtl/ppg_control_top/tb_ppg_control_top.v:2857', 'rtl/ppg_control_top/tb_ppg_control_top.v:2860', 'rtl/ppg_control_top/tb_ppg_control_top.v:2947']",['contracts/PPG_ALIAS_MAPPING_TABLE.md:30'],[]
TOP-04,['contracts/PPG_DIGITAL_TOP_INTERFACE_CONNECTION_CONTRACT.md:916'],"['rtl/ppg_400hz_frame_calibration_scheduler/ppg_400hz_frame_calibration_scheduler.v:225', 'rtl/ppg_sar9_sar15_safe_selection_wrapper/ppg_sar9_sar15_safe_selection_wrapper.v:209']","['rtl/ppg_control_top/tb_ppg_control_top.v:22', 'rtl/ppg_control_top/tb_ppg_control_top.v:885', 'rtl/ppg_control_top/tb_ppg_control_top.v:2083', 'rtl/ppg_control_top/tb_ppg_control_top.v:2091', 'rtl/ppg_control_top/tb_ppg_control_top.v:2094']",['contracts/PPG_ALIAS_MAPPING_TABLE.md:31'],[]
TOP-05,['contracts/PPG_DIGITAL_TOP_INTERFACE_CONNECTION_CONTRACT.md:917'],['rtl/ppg_400hz_frame_calibration_scheduler/ppg_400hz_frame_calibration_scheduler.v:223'],"['rtl/ppg_control_top/tb_ppg_control_top.v:22', 'rtl/ppg_control_top/tb_ppg_control_top.v:49', 'rtl/ppg_control_top/tb_ppg_control_top.v:2267', 'rtl/ppg_control_top/tb_ppg_control_top.v:2275', 'rtl/ppg_control_top/tb_ppg_control_top.v:2278', 'rtl/ppg_control_top/tb_ppg_control_top_owner_identity_backpressure.v:32']",['contracts/PPG_ALIAS_MAPPING_TABLE.md:32'],[]
TOP-06,['contracts/PPG_DIGITAL_TOP_INTERFACE_CONNECTION_CONTRACT.md:918'],"['rtl/ppg_dynamic_baseline_cross_detector/ppg_dynamic_baseline_cross_detector.v:446', 'rtl/ppg_dynamic_baseline_cross_detector/ppg_dynamic_baseline_cross_detector.v:1590']","['rtl/ppg_control_top/tb_ppg_control_top.v:22', 'rtl/ppg_control_top/tb_ppg_control_top.v:49', 'rtl/ppg_control_top/tb_ppg_control_top.v:894', 'rtl/ppg_control_top/tb_ppg_control_top.v:2185', 'rtl/ppg_control_top/tb_ppg_control_top.v:2196', 'rtl/ppg_control_top/tb_ppg_control_top.v:2199']",['contracts/PPG_ALIAS_MAPPING_TABLE.md:33'],[]
TOP-07,['contracts/PPG_DIGITAL_TOP_INTERFACE_CONNECTION_CONTRACT.md:919'],['rtl/ppg_sar9_sar15_safe_selection_wrapper/ppg_sar9_sar15_safe_selection_wrapper.v:381'],"['rtl/ppg_control_top/tb_ppg_control_top.v:2385', 'rtl/ppg_control_top/tb_ppg_control_top.v:2393', 'rtl/ppg_control_top/tb_ppg_control_top.v:2396']",['contracts/PPG_ALIAS_MAPPING_TABLE.md:34'],[]
TOP-08,['contracts/PPG_DIGITAL_TOP_INTERFACE_CONNECTION_CONTRACT.md:920'],['rtl/ppg_characterization_control_cdc/ppg_characterization_control_cdc.v:118'],['rtl/ppg_control_top/tb_ppg_control_top.v:2483'],['contracts/PPG_ALIAS_MAPPING_TABLE.md:35'],[]
TOP-09,['contracts/PPG_DIGITAL_TOP_INTERFACE_CONNECTION_CONTRACT.md:921'],['rtl/ppg_system_config_manager/ppg_system_config_manager.v:462'],"['rtl/ppg_control_top/tb_ppg_control_top.v:29', 'rtl/ppg_control_top/tb_ppg_control_top.v:54', 'rtl/ppg_control_top/tb_ppg_control_top.v:3114', 'rtl/ppg_control_top/tb_ppg_control_top.v:3117', 'rtl/ppg_control_top/tb_ppg_control_top.v:3134', 'rtl/ppg_control_top/tb_ppg_control_top.v:3137', 'rtl/ppg_control_top/tb_ppg_control_top.v:3155', 'rtl/ppg_control_top/tb_ppg_control_top.v:3161', 'rtl/ppg_control_top/tb_ppg_control_top.v:3164', 'rtl/ppg_control_top/tb_ppg_control_top.v:3167', 'rtl/ppg_control_top/tb_ppg_control_top.v:3170']",['contracts/PPG_ALIAS_MAPPING_TABLE.md:36'],[]
TOP-10,['contracts/PPG_DIGITAL_TOP_INTERFACE_CONNECTION_CONTRACT.md:922'],[],[],['contracts/PPG_ALIAS_MAPPING_TABLE.md:37'],"['rtl_tag', 'tb_tag_or_text']"
TOP-11,['contracts/PPG_DIGITAL_TOP_INTERFACE_CONNECTION_CONTRACT.md:923'],['rtl/ppg_400hz_frame_calibration_scheduler/ppg_400hz_frame_calibration_scheduler.v:550'],[],['contracts/PPG_ALIAS_MAPPING_TABLE.md:38'],['tb_tag_or_text']
TOP-12,['contracts/PPG_DIGITAL_TOP_INTERFACE_CONNECTION_CONTRACT.md:924'],['rtl/ppg_control_top/ppg_control_top.v:411'],['rtl/ppg_control_top/tb_ppg_control_top.v:2483'],['contracts/PPG_ALIAS_MAPPING_TABLE.md:39'],[]
TOP-13,['contracts/PPG_DIGITAL_TOP_INTERFACE_CONNECTION_CONTRACT.md:925'],['rtl/ppg_400hz_frame_calibration_scheduler/ppg_400hz_frame_calibration_scheduler.v:756'],"['rtl/ppg_control_top/tb_ppg_control_top.v:1799', 'rtl/ppg_control_top/tb_ppg_control_top.v:1807', 'rtl/ppg_control_top/tb_ppg_control_top.v:1810']",['contracts/PPG_ALIAS_MAPPING_TABLE.md:40'],[]
TOP-14,['contracts/PPG_DIGITAL_TOP_INTERFACE_CONNECTION_CONTRACT.md:926'],['rtl/ppg_400hz_frame_calibration_scheduler/ppg_400hz_frame_calibration_scheduler.v:756'],"['rtl/ppg_control_top/tb_ppg_control_top.v:1896', 'rtl/ppg_control_top/tb_ppg_control_top.v:1903', 'rtl/ppg_control_top/tb_ppg_control_top.v:1906']",['contracts/PPG_ALIAS_MAPPING_TABLE.md:40'],[]
TOP-15,['contracts/PPG_DIGITAL_TOP_INTERFACE_CONNECTION_CONTRACT.md:927'],['rtl/ppg_400hz_frame_calibration_scheduler/ppg_400hz_frame_calibration_scheduler.v:756'],"['rtl/ppg_control_top/tb_ppg_control_top.v:22', 'rtl/ppg_control_top/tb_ppg_control_top.v:24', 'rtl/ppg_control_top/tb_ppg_control_top.v:29', 'rtl/ppg_control_top/tb_ppg_control_top.v:49', 'rtl/ppg_control_top/tb_ppg_control_top.v:54', 'rtl/ppg_control_top/tb_ppg_control_top.v:1035', 'rtl/ppg_control_top/tb_ppg_control_top.v:2003', 'rtl/ppg_control_top/tb_ppg_control_top.v:2010', 'rtl/ppg_control_top/tb_ppg_control_top.v:2013', 'rtl/ppg_control_top/tb_ppg_control_top.v:3176', 'rtl/ppg_control_top/tb_ppg_control_top.v:3179', 'rtl/ppg_control_top/tb_ppg_control_top.v:3182']",['contracts/PPG_ALIAS_MAPPING_TABLE.md:40'],[]
TOP-16,['contracts/PPG_DIGITAL_TOP_INTERFACE_CONNECTION_CONTRACT.md:928'],['rtl/ppg_adc_measurement_idac_integration/ppg_adc_measurement_idac_integration.v:1200'],"['rtl/ppg_control_top/tb_ppg_control_top.v:1602', 'rtl/ppg_control_top/tb_ppg_control_top.v:1611', 'rtl/ppg_control_top/tb_ppg_control_top.v:1614']",['contracts/PPG_ALIAS_MAPPING_TABLE.md:41'],[]
TOP-17,['contracts/PPG_DIGITAL_TOP_INTERFACE_CONNECTION_CONTRACT.md:929'],['rtl/ppg_control_top/ppg_control_top.v:416'],"['rtl/ppg_control_top/tb_ppg_control_top.v:28', 'rtl/ppg_control_top/tb_ppg_control_top.v:1082', 'rtl/ppg_control_top/tb_ppg_control_top.v:1683']","['contracts/PPG_ALIAS_MAPPING_TABLE.md:42', 'contracts/PPG_ALIAS_MAPPING_TABLE.md:456']",[]
TOP-18,['contracts/PPG_DIGITAL_TOP_INTERFACE_CONNECTION_CONTRACT.md:930'],"['rtl/ppg_control_top/ppg_control_top.v:410', 'rtl/ppg_control_top/ppg_control_top.v:411']","['rtl/ppg_control_top/tb_ppg_control_top.v:29', 'rtl/ppg_control_top/tb_ppg_control_top.v:29', 'rtl/ppg_control_top/tb_ppg_control_top.v:29', 'rtl/ppg_control_top/tb_ppg_control_top.v:54', 'rtl/ppg_control_top/tb_ppg_control_top.v:54', 'rtl/ppg_control_top/tb_ppg_control_top.v:1750', 'rtl/ppg_control_top/tb_ppg_control_top.v:2560', 'rtl/ppg_control_top/tb_ppg_control_top.v:2563', 'rtl/ppg_control_top/tb_ppg_control_top.v:2576', 'rtl/ppg_control_top/tb_ppg_control_top.v:2579', 'rtl/ppg_control_top/tb_ppg_control_top.v:2582', 'rtl/ppg_control_top/tb_ppg_control_top.v:2585']",['contracts/PPG_ALIAS_MAPPING_TABLE.md:43'],[]
TOP-19,['contracts/PPG_DIGITAL_TOP_INTERFACE_CONNECTION_CONTRACT.md:931'],['rtl/ppg_control_top/ppg_control_top.v:851'],['rtl/ppg_control_top/tb_ppg_control_top.v:2648'],['contracts/PPG_ALIAS_MAPPING_TABLE.md:44'],[]
TOP-20,['contracts/PPG_DIGITAL_TOP_INTERFACE_CONNECTION_CONTRACT.md:932'],['rtl/ppg_400hz_frame_calibration_scheduler/ppg_400hz_frame_calibration_scheduler.v:426'],"['rtl/ppg_control_top/tb_ppg_control_top.v:23', 'rtl/ppg_control_top/tb_ppg_control_top.v:23', 'rtl/ppg_control_top/tb_ppg_control_top.v:2680', 'rtl/ppg_control_top/tb_ppg_control_top.v:2713', 'rtl/ppg_control_top/tb_ppg_control_top.v:2717', 'rtl/ppg_control_top/tb_ppg_control_top.v:2812', 'rtl/ppg_sar9_sar15_safe_selection_wrapper/tb_ppg_sar9_sar15_safe_selection_wrapper.v:17']",['contracts/PPG_ALIAS_MAPPING_TABLE.md:45'],[]
TOP-21,['contracts/PPG_DIGITAL_TOP_INTERFACE_CONNECTION_CONTRACT.md:933'],['rtl/ppg_adc_measurement_idac_integration/ppg_adc_measurement_idac_integration.v:908'],"['rtl/ppg_control_top/tb_ppg_control_top_injection.v:21', 'rtl/ppg_control_top/tb_ppg_control_top_injection.v:21', 'rtl/ppg_control_top/tb_ppg_control_top_injection.v:21', 'rtl/ppg_control_top/tb_ppg_control_top_injection.v:41']",['contracts/PPG_ALIAS_MAPPING_TABLE.md:46'],[]
TOP-22,['contracts/PPG_DIGITAL_TOP_INTERFACE_CONNECTION_CONTRACT.md:934'],"['rtl/ppg_adc_measurement_idac_integration/ppg_adc_measurement_idac_integration.v:911', 'rtl/ppg_adc_measurement_idac_integration/ppg_adc_measurement_idac_integration.v:912']",[],"['contracts/PPG_ALIAS_MAPPING_TABLE.md:47', 'contracts/PPG_ALIAS_MAPPING_TABLE.md:455']",['tb_tag_or_text']
TOP-23,['contracts/PPG_DIGITAL_TOP_INTERFACE_CONNECTION_CONTRACT.md:935'],['rtl/ppg_adc_measurement_idac_integration/ppg_adc_measurement_idac_integration.v:1013'],[],['contracts/PPG_ALIAS_MAPPING_TABLE.md:48'],['tb_tag_or_text']
TOP-24,['contracts/PPG_DIGITAL_TOP_INTERFACE_CONNECTION_CONTRACT.md:936'],"['rtl/ppg_adc_measurement_idac_integration/ppg_adc_measurement_idac_integration.v:1012', 'rtl/ppg_adc_measurement_idac_integration/ppg_adc_measurement_idac_integration.v:1013']","['rtl/ppg_control_top/tb_ppg_control_top.v:24', 'rtl/ppg_control_top/tb_ppg_control_top_injection.v:21', 'rtl/ppg_control_top/tb_ppg_control_top_injection.v:21']",['contracts/PPG_ALIAS_MAPPING_TABLE.md:49'],[]
TRK-01,['contracts/PPG_REAL_PPG_RAW_GENERATOR_TESTBENCH_CONTRACT.md:566'],['rtl/ppg_idac_code_controller/ppg_idac_code_controller.v:498'],"['rtl/ppg_control_top/tb_ppg_control_top_normal_slow_tracking.v:24', 'rtl/ppg_control_top/tb_ppg_control_top_normal_slow_tracking.v:24', 'rtl/ppg_control_top/tb_ppg_control_top_normal_slow_tracking.v:24', 'rtl/ppg_control_top/tb_ppg_control_top_normal_slow_tracking.v:25', 'rtl/ppg_control_top/tb_ppg_control_top_normal_slow_tracking.v:26', 'rtl/ppg_control_top/tb_ppg_control_top_normal_slow_tracking.v:48', 'rtl/ppg_control_top/tb_ppg_control_top_normal_slow_tracking.v:49', 'rtl/ppg_control_top/tb_ppg_control_top_normal_slow_tracking.v:1018', 'rtl/ppg_control_top/tb_ppg_control_top_normal_slow_tracking.v:1054', 'rtl/ppg_control_top/tb_ppg_control_top_normal_slow_tracking.v:1057']",['contracts/PPG_ALIAS_MAPPING_TABLE.md:212'],[]
TRK-02,['contracts/PPG_REAL_PPG_RAW_GENERATOR_TESTBENCH_CONTRACT.md:567'],"['rtl/ppg_idac_code_controller/ppg_idac_code_controller.v:547', 'rtl/ppg_idac_code_controller/ppg_idac_code_controller.v:1070']","['rtl/ppg_control_top/tb_ppg_control_top_normal_slow_tracking.v:26', 'rtl/ppg_control_top/tb_ppg_control_top_normal_slow_tracking.v:26', 'rtl/ppg_control_top/tb_ppg_control_top_normal_slow_tracking.v:53', 'rtl/ppg_control_top/tb_ppg_control_top_normal_slow_tracking.v:1060', 'rtl/ppg_control_top/tb_ppg_control_top_normal_slow_tracking.v:1067', 'rtl/ppg_control_top/tb_ppg_control_top_normal_slow_tracking.v:1088', 'rtl/ppg_control_top/tb_ppg_control_top_normal_slow_tracking.v:1091', 'rtl/ppg_control_top/tb_ppg_control_top_normal_slow_tracking.v:1098', 'rtl/ppg_control_top/tb_ppg_control_top_normal_slow_tracking.v:1102', 'rtl/ppg_control_top/tb_ppg_control_top_normal_slow_tracking.v:1145', 'rtl/ppg_control_top/tb_ppg_control_top_normal_slow_tracking.v:1148']",['contracts/PPG_ALIAS_MAPPING_TABLE.md:213'],[]
TRK-03,['contracts/PPG_REAL_PPG_RAW_GENERATOR_TESTBENCH_CONTRACT.md:568'],"['rtl/ppg_idac_code_controller/ppg_idac_code_controller.v:1084', 'rtl/ppg_idac_code_controller/ppg_idac_code_controller.v:1087']","['rtl/ppg_control_top/tb_ppg_control_top_normal_slow_tracking.v:25', 'rtl/ppg_control_top/tb_ppg_control_top_normal_slow_tracking.v:26', 'rtl/ppg_control_top/tb_ppg_control_top_normal_slow_tracking.v:49', 'rtl/ppg_control_top/tb_ppg_control_top_normal_slow_tracking.v:1106', 'rtl/ppg_control_top/tb_ppg_control_top_normal_slow_tracking.v:1116', 'rtl/ppg_control_top/tb_ppg_control_top_normal_slow_tracking.v:1122']",['contracts/PPG_ALIAS_MAPPING_TABLE.md:214'],[]
TRK-04,['contracts/PPG_REAL_PPG_RAW_GENERATOR_TESTBENCH_CONTRACT.md:569'],"['rtl/ppg_idac_code_controller/ppg_idac_code_controller.v:1070', 'rtl/ppg_idac_code_controller/ppg_idac_code_controller.v:1091']","['rtl/ppg_control_top/tb_ppg_control_top_normal_slow_tracking.v:1072', 'rtl/ppg_control_top/tb_ppg_control_top_normal_slow_tracking.v:1076', 'rtl/ppg_control_top/tb_ppg_control_top_normal_slow_tracking.v:1080']",['contracts/PPG_ALIAS_MAPPING_TABLE.md:215'],[]
TRK-05,['contracts/PPG_REAL_PPG_RAW_GENERATOR_TESTBENCH_CONTRACT.md:570'],['rtl/ppg_idac_code_controller/ppg_idac_code_controller.v:137'],"['rtl/ppg_control_top/tb_ppg_control_top_normal_slow_tracking.v:26', 'rtl/ppg_control_top/tb_ppg_control_top_normal_slow_tracking.v:26', 'rtl/ppg_control_top/tb_ppg_control_top_normal_slow_tracking.v:51', 'rtl/ppg_control_top/tb_ppg_control_top_normal_slow_tracking.v:1488', 'rtl/ppg_control_top/tb_ppg_control_top_normal_slow_tracking.v:1526', 'rtl/ppg_control_top/tb_ppg_control_top_normal_slow_tracking.v:1526', 'rtl/ppg_control_top/tb_ppg_control_top_normal_slow_tracking.v:1530', 'rtl/ppg_control_top/tb_ppg_control_top_normal_slow_tracking.v:1533', 'rtl/ppg_control_top/tb_ppg_control_top_normal_slow_tracking.v:1536', 'rtl/ppg_control_top/tb_ppg_control_top_normal_slow_tracking.v:1539', 'rtl/ppg_control_top/tb_ppg_control_top_normal_slow_tracking.v:1542', 'rtl/ppg_control_top/tb_ppg_control_top_no_recheck_control.v:25']",['contracts/PPG_ALIAS_MAPPING_TABLE.md:216'],[]
TRK-06,['contracts/PPG_REAL_PPG_RAW_GENERATOR_TESTBENCH_CONTRACT.md:571'],['rtl/ppg_idac_code_controller/ppg_idac_code_controller.v:453'],"['rtl/ppg_control_top/tb_ppg_control_top_normal_slow_tracking.v:1129', 'rtl/ppg_control_top/tb_ppg_control_top_normal_slow_tracking.v:1151', 'rtl/ppg_control_top/tb_ppg_control_top_normal_slow_tracking.v:1156', 'rtl/ppg_control_top/tb_ppg_control_top_normal_slow_tracking.v:1159', 'rtl/ppg_control_top/tb_ppg_control_top_normal_slow_tracking.v:1162', 'rtl/ppg_control_top/tb_ppg_control_top_normal_slow_tracking.v:1165']",['contracts/PPG_ALIAS_MAPPING_TABLE.md:217'],[]
TRK-07,['contracts/PPG_REAL_PPG_RAW_GENERATOR_TESTBENCH_CONTRACT.md:572'],"['rtl/ppg_idac_code_controller/ppg_idac_code_controller.v:879', 'rtl/ppg_idac_code_controller/ppg_idac_code_controller.v:882']","['rtl/ppg_control_top/tb_ppg_control_top_normal_slow_tracking.v:26', 'rtl/ppg_control_top/tb_ppg_control_top_normal_slow_tracking.v:26', 'rtl/ppg_control_top/tb_ppg_control_top_normal_slow_tracking.v:26', 'rtl/ppg_control_top/tb_ppg_control_top_normal_slow_tracking.v:1129', 'rtl/ppg_control_top/tb_ppg_control_top_normal_slow_tracking.v:1177', 'rtl/ppg_control_top/tb_ppg_control_top_normal_slow_tracking.v:1180', 'rtl/ppg_control_top/tb_ppg_control_top_normal_slow_tracking.v:1184', 'rtl/ppg_control_top/tb_ppg_control_top_normal_slow_tracking.v:1189', 'rtl/ppg_control_top/tb_ppg_control_top_normal_slow_tracking.v:1192']",['contracts/PPG_ALIAS_MAPPING_TABLE.md:218'],[]
TRK-08,['contracts/PPG_REAL_PPG_RAW_GENERATOR_TESTBENCH_CONTRACT.md:573'],"['rtl/ppg_idac_code_controller/ppg_idac_code_controller.v:463', 'rtl/ppg_idac_code_controller/ppg_idac_code_controller.v:879']","['rtl/ppg_control_top/tb_ppg_control_top_idac_bus_isolation.v:25', 'rtl/ppg_control_top/tb_ppg_control_top_normal_slow_tracking.v:26', 'rtl/ppg_control_top/tb_ppg_control_top_normal_slow_tracking.v:26', 'rtl/ppg_control_top/tb_ppg_control_top_normal_slow_tracking.v:26', 'rtl/ppg_control_top/tb_ppg_control_top_normal_slow_tracking.v:26', 'rtl/ppg_control_top/tb_ppg_control_top_normal_slow_tracking.v:1259', 'rtl/ppg_control_top/tb_ppg_control_top_normal_slow_tracking.v:1281', 'rtl/ppg_control_top/tb_ppg_control_top_normal_slow_tracking.v:1291', 'rtl/ppg_control_top/tb_ppg_control_top_normal_slow_tracking.v:1294', 'rtl/ppg_control_top/tb_ppg_control_top_normal_slow_tracking.v:1301', 'rtl/ppg_control_top/tb_ppg_control_top_normal_slow_tracking.v:1396', 'rtl/ppg_control_top/tb_ppg_control_top_normal_slow_tracking.v:1406', 'rtl/ppg_control_top/tb_ppg_control_top_normal_slow_tracking.v:1409']",['contracts/PPG_ALIAS_MAPPING_TABLE.md:219'],[]
TRK-09,['contracts/PPG_REAL_PPG_RAW_GENERATOR_TESTBENCH_CONTRACT.md:574'],['rtl/ppg_idac_code_controller/ppg_idac_code_controller.v:498'],"['rtl/ppg_control_top/tb_ppg_control_top_normal_slow_tracking.v:25', 'rtl/ppg_control_top/tb_ppg_control_top_normal_slow_tracking.v:50', 'rtl/ppg_control_top/tb_ppg_control_top_normal_slow_tracking.v:1198', 'rtl/ppg_control_top/tb_ppg_control_top_normal_slow_tracking.v:1234', 'rtl/ppg_control_top/tb_ppg_control_top_normal_slow_tracking.v:1237']",['contracts/PPG_ALIAS_MAPPING_TABLE.md:220'],[]
TRK-10,['contracts/PPG_REAL_PPG_RAW_GENERATOR_TESTBENCH_CONTRACT.md:575'],"['rtl/ppg_idac_code_controller/ppg_idac_code_controller.v:440', 'rtl/ppg_idac_code_controller/ppg_idac_code_controller.v:443']","['rtl/ppg_control_top/tb_ppg_control_top_normal_slow_tracking.v:1241', 'rtl/ppg_control_top/tb_ppg_control_top_normal_slow_tracking.v:1248', 'rtl/ppg_control_top/tb_ppg_control_top_normal_slow_tracking.v:1252']",['contracts/PPG_ALIAS_MAPPING_TABLE.md:221'],[]
UNPACK-01,['contracts/ppg_system_active_config_unpack_semantic_contract.md:114'],[],['rtl/ppg_system_active_config_unpack/tb_ppg_system_active_config_unpack.v:217'],[],"['rtl_tag', 'alias_row']"
UNPACK-02,['contracts/ppg_system_active_config_unpack_semantic_contract.md:115'],[],['rtl/ppg_system_active_config_unpack/tb_ppg_system_active_config_unpack.v:226'],[],"['rtl_tag', 'alias_row']"
UNPACK-03,['contracts/ppg_system_active_config_unpack_semantic_contract.md:116'],[],['rtl/ppg_system_active_config_unpack/tb_ppg_system_active_config_unpack.v:249'],[],"['rtl_tag', 'alias_row']"
UNPACK-04,['contracts/ppg_system_active_config_unpack_semantic_contract.md:117'],[],['rtl/ppg_system_active_config_unpack/tb_ppg_system_active_config_unpack.v:256'],[],"['rtl_tag', 'alias_row']"
