id,family,contract_refs,rtl_tag_refs,tb_text_refs,index_refs,no_anchor_reason_refs,missing_text_edges,semantic_review_owners,semantic_review_sources,semantic_scope
ADCN-01,ADCN,contracts/PPG_REAL_PPG_RAW_GENERATOR_TESTBENCH_CONTRACT.md:649,rtl/ppg_adc_s1_programmable_calibrator/ppg_adc_s1_programmable_calibrator.v:217,rtl/ppg_control_top/tb_ppg_control_top_adc_numeric_scoreboard.v:26;rtl/ppg_control_top/tb_ppg_control_top_adc_numeric_scoreboard.v:49;rtl/ppg_control_top/tb_ppg_control_top_adc_numeric_scoreboard.v:54;rtl/ppg_control_top/tb_ppg_control_top_adc_numeric_scoreboard.v:1180,contracts/PPG_ALIAS_MAPPING_TABLE.md:264,,,C,C:\Users\DAWN\.codex\visualizations\2026\10\02\01a0fd78-b9b8-78f2-8e39-c02cd0049c19\ppg_review_C\evidence\id_review_matrix.csv,已合并逐项语义审阅；状态与限制须读原行，非验收CLOSED
ADCN-02,ADCN,contracts/PPG_REAL_PPG_RAW_GENERATOR_TESTBENCH_CONTRACT.md:650,rtl/ppg_adc_s1_programmable_calibrator/ppg_adc_s1_programmable_calibrator.v:225,rtl/ppg_control_top/tb_ppg_control_top_adc_numeric_scoreboard.v:26;rtl/ppg_control_top/tb_ppg_control_top_adc_numeric_scoreboard.v:49;rtl/ppg_control_top/tb_ppg_control_top_adc_numeric_scoreboard.v:54;rtl/ppg_control_top/tb_ppg_control_top_adc_numeric_scoreboard.v:1285,contracts/PPG_ALIAS_MAPPING_TABLE.md:265,,,C,C:\Users\DAWN\.codex\visualizations\2026\10\02\01a0fd78-b9b8-78f2-8e39-c02cd0049c19\ppg_review_C\evidence\id_review_matrix.csv,已合并逐项语义审阅；状态与限制须读原行，非验收CLOSED
ADCN-03,ADCN,contracts/PPG_REAL_PPG_RAW_GENERATOR_TESTBENCH_CONTRACT.md:651,rtl/ppg_adc_s1_programmable_calibrator/ppg_adc_s1_programmable_calibrator.v:232;rtl/ppg_adc_s1_programmable_calibrator/ppg_adc_s1_programmable_calibrator.v:233;rtl/ppg_adc_s1_programmable_calibrator/ppg_adc_s1_programmable_calibrator.v:235,rtl/ppg_control_top/tb_ppg_control_top_adc_numeric_scoreboard.v:24;rtl/ppg_control_top/tb_ppg_control_top_adc_numeric_scoreboard.v:25;rtl/ppg_control_top/tb_ppg_control_top_adc_numeric_scoreboard.v:26;rtl/ppg_control_top/tb_ppg_control_top_adc_numeric_scoreboard.v:49;rtl/ppg_control_top/tb_ppg_control_top_adc_numeric_scoreboard.v:54;rtl/ppg_control_top/tb_ppg_control_top_adc_numeric_scoreboard.v:779;rtl/ppg_control_top/tb_ppg_control_top_adc_numeric_scoreboard.v:781;rtl/ppg_control_top/tb_ppg_control_top_adc_numeric_scoreboard.v:1009;rtl/ppg_control_top/tb_ppg_control_top_adc_numeric_scoreboard.v:1012;rtl/ppg_control_top/tb_ppg_control_top_adc_numeric_scoreboard.v:1328;rtl/ppg_control_top/tb_ppg_control_top_adc_numeric_scoreboard.v:1363,contracts/PPG_ALIAS_MAPPING_TABLE.md:266,,,C,C:\Users\DAWN\.codex\visualizations\2026\10\02\01a0fd78-b9b8-78f2-8e39-c02cd0049c19\ppg_review_C\evidence\id_review_matrix.csv,已合并逐项语义审阅；状态与限制须读原行，非验收CLOSED
ADCN-04,ADCN,contracts/PPG_REAL_PPG_RAW_GENERATOR_TESTBENCH_CONTRACT.md:652,rtl/ppg_adc_dc_recovery/ppg_adc_dc_recovery.v:290,rtl/ppg_control_top/tb_ppg_control_top_adc_numeric_scoreboard.v:26;rtl/ppg_control_top/tb_ppg_control_top_adc_numeric_scoreboard.v:49;rtl/ppg_control_top/tb_ppg_control_top_adc_numeric_scoreboard.v:54,contracts/PPG_ALIAS_MAPPING_TABLE.md:267,,,C,C:\Users\DAWN\.codex\visualizations\2026\10\02\01a0fd78-b9b8-78f2-8e39-c02cd0049c19\ppg_review_C\evidence\id_review_matrix.csv,已合并逐项语义审阅；状态与限制须读原行，非验收CLOSED
ADCN-05,ADCN,contracts/PPG_REAL_PPG_RAW_GENERATOR_TESTBENCH_CONTRACT.md:653,rtl/ppg_adc_programmable_reconstructor/ppg_adc_programmable_reconstructor.v:241,rtl/ppg_control_top/tb_ppg_control_top_adc_numeric_scoreboard.v:26;rtl/ppg_control_top/tb_ppg_control_top_adc_numeric_scoreboard.v:49;rtl/ppg_control_top/tb_ppg_control_top_adc_numeric_scoreboard.v:54;rtl/ppg_control_top/tb_ppg_control_top_adc_numeric_scoreboard.v:1398,contracts/PPG_ALIAS_MAPPING_TABLE.md:268,,,C,C:\Users\DAWN\.codex\visualizations\2026\10\02\01a0fd78-b9b8-78f2-8e39-c02cd0049c19\ppg_review_C\evidence\id_review_matrix.csv,已合并逐项语义审阅；状态与限制须读原行，非验收CLOSED
ADCN-06,ADCN,contracts/PPG_REAL_PPG_RAW_GENERATOR_TESTBENCH_CONTRACT.md:654,rtl/ppg_adc_dc_recovery/ppg_adc_dc_recovery.v:290,rtl/ppg_control_top/tb_ppg_control_top_adc_numeric_scoreboard.v:26;rtl/ppg_control_top/tb_ppg_control_top_adc_numeric_scoreboard.v:49;rtl/ppg_control_top/tb_ppg_control_top_adc_numeric_scoreboard.v:54,contracts/PPG_ALIAS_MAPPING_TABLE.md:269,,,C,C:\Users\DAWN\.codex\visualizations\2026\10\02\01a0fd78-b9b8-78f2-8e39-c02cd0049c19\ppg_review_C\evidence\id_review_matrix.csv,已合并逐项语义审阅；状态与限制须读原行，非验收CLOSED
ADCN-07,ADCN,contracts/PPG_REAL_PPG_RAW_GENERATOR_TESTBENCH_CONTRACT.md:655,rtl/ppg_adc_measurement_idac_integration/ppg_adc_measurement_idac_integration.v:1748,rtl/ppg_control_top/tb_ppg_control_top_adc_numeric_scoreboard.v:24;rtl/ppg_control_top/tb_ppg_control_top_adc_numeric_scoreboard.v:25;rtl/ppg_control_top/tb_ppg_control_top_adc_numeric_scoreboard.v:26;rtl/ppg_control_top/tb_ppg_control_top_adc_numeric_scoreboard.v:49;rtl/ppg_control_top/tb_ppg_control_top_adc_numeric_scoreboard.v:54;rtl/ppg_control_top/tb_ppg_control_top_adc_numeric_scoreboard.v:731;rtl/ppg_control_top/tb_ppg_control_top_adc_numeric_scoreboard.v:778;rtl/ppg_control_top/tb_ppg_control_top_adc_numeric_scoreboard.v:1075,contracts/PPG_ALIAS_MAPPING_TABLE.md:270,,,C,C:\Users\DAWN\.codex\visualizations\2026\10\02\01a0fd78-b9b8-78f2-8e39-c02cd0049c19\ppg_review_C\evidence\id_review_matrix.csv,已合并逐项语义审阅；状态与限制须读原行，非验收CLOSED
ADCN-08,ADCN,contracts/PPG_REAL_PPG_RAW_GENERATOR_TESTBENCH_CONTRACT.md:656,rtl/ppg_adc_measurement_idac_integration/ppg_adc_measurement_idac_integration.v:1748,rtl/ppg_control_top/tb_ppg_control_top_adc_numeric_scoreboard.v:26;rtl/ppg_control_top/tb_ppg_control_top_adc_numeric_scoreboard.v:49;rtl/ppg_control_top/tb_ppg_control_top_adc_numeric_scoreboard.v:54;rtl/ppg_control_top/tb_ppg_control_top_adc_numeric_scoreboard.v:133;rtl/ppg_control_top/tb_ppg_control_top_adc_numeric_scoreboard.v:1201;rtl/ppg_control_top/tb_ppg_control_top_adc_numeric_scoreboard.v:1213;rtl/ppg_control_top/tb_ppg_control_top_adc_numeric_scoreboard.v:1224;rtl/ppg_control_top/tb_ppg_control_top_adc_numeric_scoreboard.v:1232;rtl/ppg_control_top/tb_ppg_control_top_adc_numeric_scoreboard.v:1237;rtl/ppg_control_top/tb_ppg_control_top_adc_numeric_scoreboard.v:1245;rtl/ppg_control_top/tb_ppg_control_top_adc_numeric_scoreboard.v:1248,contracts/PPG_ALIAS_MAPPING_TABLE.md:271,,,C,C:\Users\DAWN\.codex\visualizations\2026\10\02\01a0fd78-b9b8-78f2-8e39-c02cd0049c19\ppg_review_C\evidence\id_review_matrix.csv,已合并逐项语义审阅；状态与限制须读原行，非验收CLOSED
ADCN-09,ADCN,contracts/PPG_REAL_PPG_RAW_GENERATOR_TESTBENCH_CONTRACT.md:657,rtl/ppg_adc_dc_recovery/ppg_adc_dc_recovery.v:250,rtl/ppg_control_top/tb_ppg_control_top_adc_numeric_scoreboard.v:26;rtl/ppg_control_top/tb_ppg_control_top_adc_numeric_scoreboard.v:49;rtl/ppg_control_top/tb_ppg_control_top_adc_numeric_scoreboard.v:54,contracts/PPG_ALIAS_MAPPING_TABLE.md:272,,,C,C:\Users\DAWN\.codex\visualizations\2026\10\02\01a0fd78-b9b8-78f2-8e39-c02cd0049c19\ppg_review_C\evidence\id_review_matrix.csv,已合并逐项语义审阅；状态与限制须读原行，非验收CLOSED
ADCN-10,ADCN,contracts/PPG_REAL_PPG_RAW_GENERATOR_TESTBENCH_CONTRACT.md:658,rtl/ppg_normal_transaction_fork/ppg_normal_transaction_fork.v:255,rtl/ppg_control_top/tb_ppg_control_top_adc_numeric_scoreboard.v:26;rtl/ppg_control_top/tb_ppg_control_top_adc_numeric_scoreboard.v:27;rtl/ppg_control_top/tb_ppg_control_top_adc_numeric_scoreboard.v:49;rtl/ppg_control_top/tb_ppg_control_top_adc_numeric_scoreboard.v:50;rtl/ppg_control_top/tb_ppg_control_top_adc_numeric_scoreboard.v:54;rtl/ppg_control_top/tb_ppg_control_top_adc_numeric_scoreboard.v:1445;rtl/ppg_control_top/tb_ppg_control_top_adc_numeric_scoreboard.v:1447;rtl/ppg_control_top/tb_ppg_control_top_adc_numeric_scoreboard.v:1450,contracts/PPG_ALIAS_MAPPING_TABLE.md:273,,,C,C:\Users\DAWN\.codex\visualizations\2026\10\02\01a0fd78-b9b8-78f2-8e39-c02cd0049c19\ppg_review_C\evidence\id_review_matrix.csv,已合并逐项语义审阅；状态与限制须读原行，非验收CLOSED
AMI-01,AMI,contracts/PPG_ADC_MEASUREMENT_AND_IDAC_INTEGRATION_WRAPPER_INTERFACE_CONTRACT.md:1213,,rtl/ppg_adc_measurement_idac_integration/tb_ppg_adc_measurement_idac_integration.v:10;rtl/ppg_adc_measurement_idac_integration/tb_ppg_adc_measurement_idac_integration.v:26;rtl/ppg_adc_measurement_idac_integration/tb_ppg_adc_measurement_idac_integration.v:28;rtl/ppg_adc_measurement_idac_integration/tb_ppg_adc_measurement_idac_integration.v:29;rtl/ppg_adc_measurement_idac_integration/tb_ppg_adc_measurement_idac_integration.v:30;rtl/ppg_adc_measurement_idac_integration/tb_ppg_adc_measurement_idac_integration.v:38;rtl/ppg_adc_measurement_idac_integration/tb_ppg_adc_measurement_idac_integration.v:54;rtl/ppg_adc_measurement_idac_integration/tb_ppg_adc_measurement_idac_integration.v:56;rtl/ppg_adc_measurement_idac_integration/tb_ppg_adc_measurement_idac_integration.v:57;rtl/ppg_adc_measurement_idac_integration/tb_ppg_adc_measurement_idac_integration.v:58;rtl/ppg_adc_measurement_idac_integration/tb_ppg_adc_measurement_idac_integration.v:959;rtl/ppg_adc_measurement_idac_integration/tb_ppg_adc_measurement_idac_integration.v:1122;rtl/ppg_adc_measurement_idac_integration/tb_ppg_adc_measurement_idac_integration.v:1628,,,"rtl_tag,matrix_or_alias",B,C:\Users\DAWN\.codex\visualizations\2026\10\02\01a0fd78-55cb-7173-9e41-1e0b27c41d49\ppg_review_B\evidence\id_four_link_audit.json,已合并逐项语义审阅；状态与限制须读原行，非验收CLOSED
AMI-02,AMI,contracts/PPG_ADC_MEASUREMENT_AND_IDAC_INTEGRATION_WRAPPER_INTERFACE_CONTRACT.md:1214,,rtl/ppg_adc_measurement_idac_integration/tb_ppg_adc_measurement_idac_integration.v:10;rtl/ppg_adc_measurement_idac_integration/tb_ppg_adc_measurement_idac_integration.v:26;rtl/ppg_adc_measurement_idac_integration/tb_ppg_adc_measurement_idac_integration.v:28;rtl/ppg_adc_measurement_idac_integration/tb_ppg_adc_measurement_idac_integration.v:29;rtl/ppg_adc_measurement_idac_integration/tb_ppg_adc_measurement_idac_integration.v:30;rtl/ppg_adc_measurement_idac_integration/tb_ppg_adc_measurement_idac_integration.v:38;rtl/ppg_adc_measurement_idac_integration/tb_ppg_adc_measurement_idac_integration.v:54;rtl/ppg_adc_measurement_idac_integration/tb_ppg_adc_measurement_idac_integration.v:56;rtl/ppg_adc_measurement_idac_integration/tb_ppg_adc_measurement_idac_integration.v:57;rtl/ppg_adc_measurement_idac_integration/tb_ppg_adc_measurement_idac_integration.v:58;rtl/ppg_adc_measurement_idac_integration/tb_ppg_adc_measurement_idac_integration.v:959;rtl/ppg_adc_measurement_idac_integration/tb_ppg_adc_measurement_idac_integration.v:1145;rtl/ppg_adc_measurement_idac_integration/tb_ppg_adc_measurement_idac_integration.v:1149;rtl/ppg_adc_measurement_idac_integration/tb_ppg_adc_measurement_idac_integration.v:1628,,,"rtl_tag,matrix_or_alias",B,C:\Users\DAWN\.codex\visualizations\2026\10\02\01a0fd78-55cb-7173-9e41-1e0b27c41d49\ppg_review_B\evidence\id_four_link_audit.json,已合并逐项语义审阅；状态与限制须读原行，非验收CLOSED
AMI-03,AMI,contracts/PPG_ADC_MEASUREMENT_AND_IDAC_INTEGRATION_WRAPPER_INTERFACE_CONTRACT.md:1215,,rtl/ppg_adc_measurement_idac_integration/tb_ppg_adc_measurement_idac_integration.v:10;rtl/ppg_adc_measurement_idac_integration/tb_ppg_adc_measurement_idac_integration.v:26;rtl/ppg_adc_measurement_idac_integration/tb_ppg_adc_measurement_idac_integration.v:28;rtl/ppg_adc_measurement_idac_integration/tb_ppg_adc_measurement_idac_integration.v:29;rtl/ppg_adc_measurement_idac_integration/tb_ppg_adc_measurement_idac_integration.v:30;rtl/ppg_adc_measurement_idac_integration/tb_ppg_adc_measurement_idac_integration.v:38;rtl/ppg_adc_measurement_idac_integration/tb_ppg_adc_measurement_idac_integration.v:54;rtl/ppg_adc_measurement_idac_integration/tb_ppg_adc_measurement_idac_integration.v:56;rtl/ppg_adc_measurement_idac_integration/tb_ppg_adc_measurement_idac_integration.v:57;rtl/ppg_adc_measurement_idac_integration/tb_ppg_adc_measurement_idac_integration.v:58;rtl/ppg_adc_measurement_idac_integration/tb_ppg_adc_measurement_idac_integration.v:959;rtl/ppg_adc_measurement_idac_integration/tb_ppg_adc_measurement_idac_integration.v:1145;rtl/ppg_adc_measurement_idac_integration/tb_ppg_adc_measurement_idac_integration.v:1168;rtl/ppg_adc_measurement_idac_integration/tb_ppg_adc_measurement_idac_integration.v:1171;rtl/ppg_adc_measurement_idac_integration/tb_ppg_adc_measurement_idac_integration.v:1628,,,"rtl_tag,matrix_or_alias",B,C:\Users\DAWN\.codex\visualizations\2026\10\02\01a0fd78-55cb-7173-9e41-1e0b27c41d49\ppg_review_B\evidence\id_four_link_audit.json,已合并逐项语义审阅；状态与限制须读原行，非验收CLOSED
AMI-04,AMI,contracts/PPG_ADC_MEASUREMENT_AND_IDAC_INTEGRATION_WRAPPER_INTERFACE_CONTRACT.md:1216,,rtl/ppg_adc_measurement_idac_integration/tb_ppg_adc_measurement_idac_integration.v:10;rtl/ppg_adc_measurement_idac_integration/tb_ppg_adc_measurement_idac_integration.v:26;rtl/ppg_adc_measurement_idac_integration/tb_ppg_adc_measurement_idac_integration.v:28;rtl/ppg_adc_measurement_idac_integration/tb_ppg_adc_measurement_idac_integration.v:29;rtl/ppg_adc_measurement_idac_integration/tb_ppg_adc_measurement_idac_integration.v:30;rtl/ppg_adc_measurement_idac_integration/tb_ppg_adc_measurement_idac_integration.v:38;rtl/ppg_adc_measurement_idac_integration/tb_ppg_adc_measurement_idac_integration.v:54;rtl/ppg_adc_measurement_idac_integration/tb_ppg_adc_measurement_idac_integration.v:56;rtl/ppg_adc_measurement_idac_integration/tb_ppg_adc_measurement_idac_integration.v:57;rtl/ppg_adc_measurement_idac_integration/tb_ppg_adc_measurement_idac_integration.v:58;rtl/ppg_adc_measurement_idac_integration/tb_ppg_adc_measurement_idac_integration.v:959;rtl/ppg_adc_measurement_idac_integration/tb_ppg_adc_measurement_idac_integration.v:1145;rtl/ppg_adc_measurement_idac_integration/tb_ppg_adc_measurement_idac_integration.v:1157;rtl/ppg_adc_measurement_idac_integration/tb_ppg_adc_measurement_idac_integration.v:1628,,,"rtl_tag,matrix_or_alias",B,C:\Users\DAWN\.codex\visualizations\2026\10\02\01a0fd78-55cb-7173-9e41-1e0b27c41d49\ppg_review_B\evidence\id_four_link_audit.json,已合并逐项语义审阅；状态与限制须读原行，非验收CLOSED
AMI-05,AMI,contracts/PPG_ADC_MEASUREMENT_AND_IDAC_INTEGRATION_WRAPPER_INTERFACE_CONTRACT.md:1217,,rtl/ppg_adc_measurement_idac_integration/tb_ppg_adc_measurement_idac_integration.v:10;rtl/ppg_adc_measurement_idac_integration/tb_ppg_adc_measurement_idac_integration.v:26;rtl/ppg_adc_measurement_idac_integration/tb_ppg_adc_measurement_idac_integration.v:28;rtl/ppg_adc_measurement_idac_integration/tb_ppg_adc_measurement_idac_integration.v:29;rtl/ppg_adc_measurement_idac_integration/tb_ppg_adc_measurement_idac_integration.v:30;rtl/ppg_adc_measurement_idac_integration/tb_ppg_adc_measurement_idac_integration.v:38;rtl/ppg_adc_measurement_idac_integration/tb_ppg_adc_measurement_idac_integration.v:54;rtl/ppg_adc_measurement_idac_integration/tb_ppg_adc_measurement_idac_integration.v:56;rtl/ppg_adc_measurement_idac_integration/tb_ppg_adc_measurement_idac_integration.v:57;rtl/ppg_adc_measurement_idac_integration/tb_ppg_adc_measurement_idac_integration.v:58;rtl/ppg_adc_measurement_idac_integration/tb_ppg_adc_measurement_idac_integration.v:959;rtl/ppg_adc_measurement_idac_integration/tb_ppg_adc_measurement_idac_integration.v:1145;rtl/ppg_adc_measurement_idac_integration/tb_ppg_adc_measurement_idac_integration.v:1215;rtl/ppg_adc_measurement_idac_integration/tb_ppg_adc_measurement_idac_integration.v:1628,,,"rtl_tag,matrix_or_alias",B,C:\Users\DAWN\.codex\visualizations\2026\10\02\01a0fd78-55cb-7173-9e41-1e0b27c41d49\ppg_review_B\evidence\id_four_link_audit.json,已合并逐项语义审阅；状态与限制须读原行，非验收CLOSED
AMI-06,AMI,contracts/PPG_ADC_MEASUREMENT_AND_IDAC_INTEGRATION_WRAPPER_INTERFACE_CONTRACT.md:1218,,rtl/ppg_adc_measurement_idac_integration/tb_ppg_adc_measurement_idac_integration.v:10;rtl/ppg_adc_measurement_idac_integration/tb_ppg_adc_measurement_idac_integration.v:26;rtl/ppg_adc_measurement_idac_integration/tb_ppg_adc_measurement_idac_integration.v:28;rtl/ppg_adc_measurement_idac_integration/tb_ppg_adc_measurement_idac_integration.v:29;rtl/ppg_adc_measurement_idac_integration/tb_ppg_adc_measurement_idac_integration.v:30;rtl/ppg_adc_measurement_idac_integration/tb_ppg_adc_measurement_idac_integration.v:38;rtl/ppg_adc_measurement_idac_integration/tb_ppg_adc_measurement_idac_integration.v:54;rtl/ppg_adc_measurement_idac_integration/tb_ppg_adc_measurement_idac_integration.v:56;rtl/ppg_adc_measurement_idac_integration/tb_ppg_adc_measurement_idac_integration.v:57;rtl/ppg_adc_measurement_idac_integration/tb_ppg_adc_measurement_idac_integration.v:58;rtl/ppg_adc_measurement_idac_integration/tb_ppg_adc_measurement_idac_integration.v:959;rtl/ppg_adc_measurement_idac_integration/tb_ppg_adc_measurement_idac_integration.v:1145;rtl/ppg_adc_measurement_idac_integration/tb_ppg_adc_measurement_idac_integration.v:1158;rtl/ppg_adc_measurement_idac_integration/tb_ppg_adc_measurement_idac_integration.v:1628,,,"rtl_tag,matrix_or_alias",B,C:\Users\DAWN\.codex\visualizations\2026\10\02\01a0fd78-55cb-7173-9e41-1e0b27c41d49\ppg_review_B\evidence\id_four_link_audit.json,已合并逐项语义审阅；状态与限制须读原行，非验收CLOSED
AMI-07,AMI,contracts/PPG_ADC_MEASUREMENT_AND_IDAC_INTEGRATION_WRAPPER_INTERFACE_CONTRACT.md:1219,,rtl/ppg_adc_measurement_idac_integration/tb_ppg_adc_measurement_idac_integration.v:10;rtl/ppg_adc_measurement_idac_integration/tb_ppg_adc_measurement_idac_integration.v:26;rtl/ppg_adc_measurement_idac_integration/tb_ppg_adc_measurement_idac_integration.v:28;rtl/ppg_adc_measurement_idac_integration/tb_ppg_adc_measurement_idac_integration.v:29;rtl/ppg_adc_measurement_idac_integration/tb_ppg_adc_measurement_idac_integration.v:30;rtl/ppg_adc_measurement_idac_integration/tb_ppg_adc_measurement_idac_integration.v:38;rtl/ppg_adc_measurement_idac_integration/tb_ppg_adc_measurement_idac_integration.v:54;rtl/ppg_adc_measurement_idac_integration/tb_ppg_adc_measurement_idac_integration.v:56;rtl/ppg_adc_measurement_idac_integration/tb_ppg_adc_measurement_idac_integration.v:57;rtl/ppg_adc_measurement_idac_integration/tb_ppg_adc_measurement_idac_integration.v:58;rtl/ppg_adc_measurement_idac_integration/tb_ppg_adc_measurement_idac_integration.v:959;rtl/ppg_adc_measurement_idac_integration/tb_ppg_adc_measurement_idac_integration.v:1242;rtl/ppg_adc_measurement_idac_integration/tb_ppg_adc_measurement_idac_integration.v:1628,,,"rtl_tag,matrix_or_alias",B,C:\Users\DAWN\.codex\visualizations\2026\10\02\01a0fd78-55cb-7173-9e41-1e0b27c41d49\ppg_review_B\evidence\id_four_link_audit.json,已合并逐项语义审阅；状态与限制须读原行，非验收CLOSED
AMI-08,AMI,contracts/PPG_ADC_MEASUREMENT_AND_IDAC_INTEGRATION_WRAPPER_INTERFACE_CONTRACT.md:1220,,rtl/ppg_adc_measurement_idac_integration/tb_ppg_adc_measurement_idac_integration.v:10;rtl/ppg_adc_measurement_idac_integration/tb_ppg_adc_measurement_idac_integration.v:26;rtl/ppg_adc_measurement_idac_integration/tb_ppg_adc_measurement_idac_integration.v:28;rtl/ppg_adc_measurement_idac_integration/tb_ppg_adc_measurement_idac_integration.v:29;rtl/ppg_adc_measurement_idac_integration/tb_ppg_adc_measurement_idac_integration.v:30;rtl/ppg_adc_measurement_idac_integration/tb_ppg_adc_measurement_idac_integration.v:38;rtl/ppg_adc_measurement_idac_integration/tb_ppg_adc_measurement_idac_integration.v:54;rtl/ppg_adc_measurement_idac_integration/tb_ppg_adc_measurement_idac_integration.v:56;rtl/ppg_adc_measurement_idac_integration/tb_ppg_adc_measurement_idac_integration.v:57;rtl/ppg_adc_measurement_idac_integration/tb_ppg_adc_measurement_idac_integration.v:58;rtl/ppg_adc_measurement_idac_integration/tb_ppg_adc_measurement_idac_integration.v:959;rtl/ppg_adc_measurement_idac_integration/tb_ppg_adc_measurement_idac_integration.v:1247;rtl/ppg_adc_measurement_idac_integration/tb_ppg_adc_measurement_idac_integration.v:1628,,,"rtl_tag,matrix_or_alias",B,C:\Users\DAWN\.codex\visualizations\2026\10\02\01a0fd78-55cb-7173-9e41-1e0b27c41d49\ppg_review_B\evidence\id_four_link_audit.json,已合并逐项语义审阅；状态与限制须读原行，非验收CLOSED
AMI-09,AMI,contracts/PPG_ADC_MEASUREMENT_AND_IDAC_INTEGRATION_WRAPPER_INTERFACE_CONTRACT.md:1221,,rtl/ppg_adc_measurement_idac_integration/tb_ppg_adc_measurement_idac_integration.v:10;rtl/ppg_adc_measurement_idac_integration/tb_ppg_adc_measurement_idac_integration.v:26;rtl/ppg_adc_measurement_idac_integration/tb_ppg_adc_measurement_idac_integration.v:28;rtl/ppg_adc_measurement_idac_integration/tb_ppg_adc_measurement_idac_integration.v:29;rtl/ppg_adc_measurement_idac_integration/tb_ppg_adc_measurement_idac_integration.v:30;rtl/ppg_adc_measurement_idac_integration/tb_ppg_adc_measurement_idac_integration.v:38;rtl/ppg_adc_measurement_idac_integration/tb_ppg_adc_measurement_idac_integration.v:54;rtl/ppg_adc_measurement_idac_integration/tb_ppg_adc_measurement_idac_integration.v:56;rtl/ppg_adc_measurement_idac_integration/tb_ppg_adc_measurement_idac_integration.v:57;rtl/ppg_adc_measurement_idac_integration/tb_ppg_adc_measurement_idac_integration.v:58;rtl/ppg_adc_measurement_idac_integration/tb_ppg_adc_measurement_idac_integration.v:959;rtl/ppg_adc_measurement_idac_integration/tb_ppg_adc_measurement_idac_integration.v:1145;rtl/ppg_adc_measurement_idac_integration/tb_ppg_adc_measurement_idac_integration.v:1159;rtl/ppg_adc_measurement_idac_integration/tb_ppg_adc_measurement_idac_integration.v:1628,,,"rtl_tag,matrix_or_alias",B,C:\Users\DAWN\.codex\visualizations\2026\10\02\01a0fd78-55cb-7173-9e41-1e0b27c41d49\ppg_review_B\evidence\id_four_link_audit.json,已合并逐项语义审阅；状态与限制须读原行，非验收CLOSED
AMI-10,AMI,contracts/PPG_ADC_MEASUREMENT_AND_IDAC_INTEGRATION_WRAPPER_INTERFACE_CONTRACT.md:1222,,rtl/ppg_adc_measurement_idac_integration/tb_ppg_adc_measurement_idac_integration.v:10;rtl/ppg_adc_measurement_idac_integration/tb_ppg_adc_measurement_idac_integration.v:26;rtl/ppg_adc_measurement_idac_integration/tb_ppg_adc_measurement_idac_integration.v:28;rtl/ppg_adc_measurement_idac_integration/tb_ppg_adc_measurement_idac_integration.v:29;rtl/ppg_adc_measurement_idac_integration/tb_ppg_adc_measurement_idac_integration.v:30;rtl/ppg_adc_measurement_idac_integration/tb_ppg_adc_measurement_idac_integration.v:38;rtl/ppg_adc_measurement_idac_integration/tb_ppg_adc_measurement_idac_integration.v:54;rtl/ppg_adc_measurement_idac_integration/tb_ppg_adc_measurement_idac_integration.v:56;rtl/ppg_adc_measurement_idac_integration/tb_ppg_adc_measurement_idac_integration.v:57;rtl/ppg_adc_measurement_idac_integration/tb_ppg_adc_measurement_idac_integration.v:58;rtl/ppg_adc_measurement_idac_integration/tb_ppg_adc_measurement_idac_integration.v:959;rtl/ppg_adc_measurement_idac_integration/tb_ppg_adc_measurement_idac_integration.v:1145;rtl/ppg_adc_measurement_idac_integration/tb_ppg_adc_measurement_idac_integration.v:1160;rtl/ppg_adc_measurement_idac_integration/tb_ppg_adc_measurement_idac_integration.v:1628,,,"rtl_tag,matrix_or_alias",B,C:\Users\DAWN\.codex\visualizations\2026\10\02\01a0fd78-55cb-7173-9e41-1e0b27c41d49\ppg_review_B\evidence\id_four_link_audit.json,已合并逐项语义审阅；状态与限制须读原行，非验收CLOSED
AMI-11,AMI,contracts/PPG_ADC_MEASUREMENT_AND_IDAC_INTEGRATION_WRAPPER_INTERFACE_CONTRACT.md:1223,,rtl/ppg_adc_measurement_idac_integration/tb_ppg_adc_measurement_idac_integration.v:10;rtl/ppg_adc_measurement_idac_integration/tb_ppg_adc_measurement_idac_integration.v:26;rtl/ppg_adc_measurement_idac_integration/tb_ppg_adc_measurement_idac_integration.v:28;rtl/ppg_adc_measurement_idac_integration/tb_ppg_adc_measurement_idac_integration.v:29;rtl/ppg_adc_measurement_idac_integration/tb_ppg_adc_measurement_idac_integration.v:30;rtl/ppg_adc_measurement_idac_integration/tb_ppg_adc_measurement_idac_integration.v:38;rtl/ppg_adc_measurement_idac_integration/tb_ppg_adc_measurement_idac_integration.v:54;rtl/ppg_adc_measurement_idac_integration/tb_ppg_adc_measurement_idac_integration.v:56;rtl/ppg_adc_measurement_idac_integration/tb_ppg_adc_measurement_idac_integration.v:57;rtl/ppg_adc_measurement_idac_integration/tb_ppg_adc_measurement_idac_integration.v:58;rtl/ppg_adc_measurement_idac_integration/tb_ppg_adc_measurement_idac_integration.v:959;rtl/ppg_adc_measurement_idac_integration/tb_ppg_adc_measurement_idac_integration.v:1145;rtl/ppg_adc_measurement_idac_integration/tb_ppg_adc_measurement_idac_integration.v:1216;rtl/ppg_adc_measurement_idac_integration/tb_ppg_adc_measurement_idac_integration.v:1628,,,"rtl_tag,matrix_or_alias",B,C:\Users\DAWN\.codex\visualizations\2026\10\02\01a0fd78-55cb-7173-9e41-1e0b27c41d49\ppg_review_B\evidence\id_four_link_audit.json,已合并逐项语义审阅；状态与限制须读原行，非验收CLOSED
AMI-12,AMI,contracts/PPG_ADC_MEASUREMENT_AND_IDAC_INTEGRATION_WRAPPER_INTERFACE_CONTRACT.md:1224,,rtl/ppg_adc_measurement_idac_integration/tb_ppg_adc_measurement_idac_integration.v:10;rtl/ppg_adc_measurement_idac_integration/tb_ppg_adc_measurement_idac_integration.v:26;rtl/ppg_adc_measurement_idac_integration/tb_ppg_adc_measurement_idac_integration.v:28;rtl/ppg_adc_measurement_idac_integration/tb_ppg_adc_measurement_idac_integration.v:29;rtl/ppg_adc_measurement_idac_integration/tb_ppg_adc_measurement_idac_integration.v:30;rtl/ppg_adc_measurement_idac_integration/tb_ppg_adc_measurement_idac_integration.v:38;rtl/ppg_adc_measurement_idac_integration/tb_ppg_adc_measurement_idac_integration.v:54;rtl/ppg_adc_measurement_idac_integration/tb_ppg_adc_measurement_idac_integration.v:56;rtl/ppg_adc_measurement_idac_integration/tb_ppg_adc_measurement_idac_integration.v:57;rtl/ppg_adc_measurement_idac_integration/tb_ppg_adc_measurement_idac_integration.v:58;rtl/ppg_adc_measurement_idac_integration/tb_ppg_adc_measurement_idac_integration.v:959;rtl/ppg_adc_measurement_idac_integration/tb_ppg_adc_measurement_idac_integration.v:1230;rtl/ppg_adc_measurement_idac_integration/tb_ppg_adc_measurement_idac_integration.v:1628,,,"rtl_tag,matrix_or_alias",B,C:\Users\DAWN\.codex\visualizations\2026\10\02\01a0fd78-55cb-7173-9e41-1e0b27c41d49\ppg_review_B\evidence\id_four_link_audit.json,已合并逐项语义审阅；状态与限制须读原行，非验收CLOSED
AMI-13,AMI,contracts/PPG_ADC_MEASUREMENT_AND_IDAC_INTEGRATION_WRAPPER_INTERFACE_CONTRACT.md:1225,,rtl/ppg_adc_measurement_idac_integration/tb_ppg_adc_measurement_idac_integration.v:10;rtl/ppg_adc_measurement_idac_integration/tb_ppg_adc_measurement_idac_integration.v:26;rtl/ppg_adc_measurement_idac_integration/tb_ppg_adc_measurement_idac_integration.v:28;rtl/ppg_adc_measurement_idac_integration/tb_ppg_adc_measurement_idac_integration.v:29;rtl/ppg_adc_measurement_idac_integration/tb_ppg_adc_measurement_idac_integration.v:30;rtl/ppg_adc_measurement_idac_integration/tb_ppg_adc_measurement_idac_integration.v:38;rtl/ppg_adc_measurement_idac_integration/tb_ppg_adc_measurement_idac_integration.v:54;rtl/ppg_adc_measurement_idac_integration/tb_ppg_adc_measurement_idac_integration.v:56;rtl/ppg_adc_measurement_idac_integration/tb_ppg_adc_measurement_idac_integration.v:57;rtl/ppg_adc_measurement_idac_integration/tb_ppg_adc_measurement_idac_integration.v:58;rtl/ppg_adc_measurement_idac_integration/tb_ppg_adc_measurement_idac_integration.v:959;rtl/ppg_adc_measurement_idac_integration/tb_ppg_adc_measurement_idac_integration.v:1232;rtl/ppg_adc_measurement_idac_integration/tb_ppg_adc_measurement_idac_integration.v:1628,,,"rtl_tag,matrix_or_alias",B,C:\Users\DAWN\.codex\visualizations\2026\10\02\01a0fd78-55cb-7173-9e41-1e0b27c41d49\ppg_review_B\evidence\id_four_link_audit.json,已合并逐项语义审阅；状态与限制须读原行，非验收CLOSED
AMI-14,AMI,contracts/PPG_ADC_MEASUREMENT_AND_IDAC_INTEGRATION_WRAPPER_INTERFACE_CONTRACT.md:1226,,rtl/ppg_adc_measurement_idac_integration/tb_ppg_adc_measurement_idac_integration.v:10;rtl/ppg_adc_measurement_idac_integration/tb_ppg_adc_measurement_idac_integration.v:26;rtl/ppg_adc_measurement_idac_integration/tb_ppg_adc_measurement_idac_integration.v:28;rtl/ppg_adc_measurement_idac_integration/tb_ppg_adc_measurement_idac_integration.v:29;rtl/ppg_adc_measurement_idac_integration/tb_ppg_adc_measurement_idac_integration.v:30;rtl/ppg_adc_measurement_idac_integration/tb_ppg_adc_measurement_idac_integration.v:38;rtl/ppg_adc_measurement_idac_integration/tb_ppg_adc_measurement_idac_integration.v:54;rtl/ppg_adc_measurement_idac_integration/tb_ppg_adc_measurement_idac_integration.v:56;rtl/ppg_adc_measurement_idac_integration/tb_ppg_adc_measurement_idac_integration.v:57;rtl/ppg_adc_measurement_idac_integration/tb_ppg_adc_measurement_idac_integration.v:58;rtl/ppg_adc_measurement_idac_integration/tb_ppg_adc_measurement_idac_integration.v:959;rtl/ppg_adc_measurement_idac_integration/tb_ppg_adc_measurement_idac_integration.v:1140;rtl/ppg_adc_measurement_idac_integration/tb_ppg_adc_measurement_idac_integration.v:1628,,,"rtl_tag,matrix_or_alias",B,C:\Users\DAWN\.codex\visualizations\2026\10\02\01a0fd78-55cb-7173-9e41-1e0b27c41d49\ppg_review_B\evidence\id_four_link_audit.json,已合并逐项语义审阅；状态与限制须读原行，非验收CLOSED
AMI-15,AMI,contracts/PPG_ADC_MEASUREMENT_AND_IDAC_INTEGRATION_WRAPPER_INTERFACE_CONTRACT.md:1227,,rtl/ppg_adc_measurement_idac_integration/tb_ppg_adc_measurement_idac_integration.v:10;rtl/ppg_adc_measurement_idac_integration/tb_ppg_adc_measurement_idac_integration.v:26;rtl/ppg_adc_measurement_idac_integration/tb_ppg_adc_measurement_idac_integration.v:28;rtl/ppg_adc_measurement_idac_integration/tb_ppg_adc_measurement_idac_integration.v:29;rtl/ppg_adc_measurement_idac_integration/tb_ppg_adc_measurement_idac_integration.v:30;rtl/ppg_adc_measurement_idac_integration/tb_ppg_adc_measurement_idac_integration.v:38;rtl/ppg_adc_measurement_idac_integration/tb_ppg_adc_measurement_idac_integration.v:54;rtl/ppg_adc_measurement_idac_integration/tb_ppg_adc_measurement_idac_integration.v:56;rtl/ppg_adc_measurement_idac_integration/tb_ppg_adc_measurement_idac_integration.v:57;rtl/ppg_adc_measurement_idac_integration/tb_ppg_adc_measurement_idac_integration.v:58;rtl/ppg_adc_measurement_idac_integration/tb_ppg_adc_measurement_idac_integration.v:959;rtl/ppg_adc_measurement_idac_integration/tb_ppg_adc_measurement_idac_integration.v:1141;rtl/ppg_adc_measurement_idac_integration/tb_ppg_adc_measurement_idac_integration.v:1628,,,"rtl_tag,matrix_or_alias",B,C:\Users\DAWN\.codex\visualizations\2026\10\02\01a0fd78-55cb-7173-9e41-1e0b27c41d49\ppg_review_B\evidence\id_four_link_audit.json,已合并逐项语义审阅；状态与限制须读原行，非验收CLOSED
AMI-16,AMI,contracts/PPG_ADC_MEASUREMENT_AND_IDAC_INTEGRATION_WRAPPER_INTERFACE_CONTRACT.md:1228,,rtl/ppg_adc_measurement_idac_integration/tb_ppg_adc_measurement_idac_integration.v:10;rtl/ppg_adc_measurement_idac_integration/tb_ppg_adc_measurement_idac_integration.v:26;rtl/ppg_adc_measurement_idac_integration/tb_ppg_adc_measurement_idac_integration.v:28;rtl/ppg_adc_measurement_idac_integration/tb_ppg_adc_measurement_idac_integration.v:29;rtl/ppg_adc_measurement_idac_integration/tb_ppg_adc_measurement_idac_integration.v:30;rtl/ppg_adc_measurement_idac_integration/tb_ppg_adc_measurement_idac_integration.v:38;rtl/ppg_adc_measurement_idac_integration/tb_ppg_adc_measurement_idac_integration.v:54;rtl/ppg_adc_measurement_idac_integration/tb_ppg_adc_measurement_idac_integration.v:56;rtl/ppg_adc_measurement_idac_integration/tb_ppg_adc_measurement_idac_integration.v:57;rtl/ppg_adc_measurement_idac_integration/tb_ppg_adc_measurement_idac_integration.v:58;rtl/ppg_adc_measurement_idac_integration/tb_ppg_adc_measurement_idac_integration.v:959;rtl/ppg_adc_measurement_idac_integration/tb_ppg_adc_measurement_idac_integration.v:1258;rtl/ppg_adc_measurement_idac_integration/tb_ppg_adc_measurement_idac_integration.v:1628,,,"rtl_tag,matrix_or_alias",B,C:\Users\DAWN\.codex\visualizations\2026\10\02\01a0fd78-55cb-7173-9e41-1e0b27c41d49\ppg_review_B\evidence\id_four_link_audit.json,已合并逐项语义审阅；状态与限制须读原行，非验收CLOSED
AMI-17,AMI,contracts/PPG_ADC_MEASUREMENT_AND_IDAC_INTEGRATION_WRAPPER_INTERFACE_CONTRACT.md:1229,,rtl/ppg_adc_measurement_idac_integration/tb_ppg_adc_measurement_idac_integration.v:10;rtl/ppg_adc_measurement_idac_integration/tb_ppg_adc_measurement_idac_integration.v:25;rtl/ppg_adc_measurement_idac_integration/tb_ppg_adc_measurement_idac_integration.v:26;rtl/ppg_adc_measurement_idac_integration/tb_ppg_adc_measurement_idac_integration.v:28;rtl/ppg_adc_measurement_idac_integration/tb_ppg_adc_measurement_idac_integration.v:29;rtl/ppg_adc_measurement_idac_integration/tb_ppg_adc_measurement_idac_integration.v:30;rtl/ppg_adc_measurement_idac_integration/tb_ppg_adc_measurement_idac_integration.v:38;rtl/ppg_adc_measurement_idac_integration/tb_ppg_adc_measurement_idac_integration.v:53;rtl/ppg_adc_measurement_idac_integration/tb_ppg_adc_measurement_idac_integration.v:54;rtl/ppg_adc_measurement_idac_integration/tb_ppg_adc_measurement_idac_integration.v:56;rtl/ppg_adc_measurement_idac_integration/tb_ppg_adc_measurement_idac_integration.v:57;rtl/ppg_adc_measurement_idac_integration/tb_ppg_adc_measurement_idac_integration.v:58;rtl/ppg_adc_measurement_idac_integration/tb_ppg_adc_measurement_idac_integration.v:959;rtl/ppg_adc_measurement_idac_integration/tb_ppg_adc_measurement_idac_integration.v:1306;rtl/ppg_adc_measurement_idac_integration/tb_ppg_adc_measurement_idac_integration.v:1628,,,"rtl_tag,matrix_or_alias",B,C:\Users\DAWN\.codex\visualizations\2026\10\02\01a0fd78-55cb-7173-9e41-1e0b27c41d49\ppg_review_B\evidence\id_four_link_audit.json,已合并逐项语义审阅；状态与限制须读原行，非验收CLOSED
AMI-18,AMI,contracts/PPG_ADC_MEASUREMENT_AND_IDAC_INTEGRATION_WRAPPER_INTERFACE_CONTRACT.md:1230,,rtl/ppg_adc_measurement_idac_integration/tb_ppg_adc_measurement_idac_integration.v:10;rtl/ppg_adc_measurement_idac_integration/tb_ppg_adc_measurement_idac_integration.v:26;rtl/ppg_adc_measurement_idac_integration/tb_ppg_adc_measurement_idac_integration.v:28;rtl/ppg_adc_measurement_idac_integration/tb_ppg_adc_measurement_idac_integration.v:29;rtl/ppg_adc_measurement_idac_integration/tb_ppg_adc_measurement_idac_integration.v:30;rtl/ppg_adc_measurement_idac_integration/tb_ppg_adc_measurement_idac_integration.v:38;rtl/ppg_adc_measurement_idac_integration/tb_ppg_adc_measurement_idac_integration.v:54;rtl/ppg_adc_measurement_idac_integration/tb_ppg_adc_measurement_idac_integration.v:56;rtl/ppg_adc_measurement_idac_integration/tb_ppg_adc_measurement_idac_integration.v:57;rtl/ppg_adc_measurement_idac_integration/tb_ppg_adc_measurement_idac_integration.v:58;rtl/ppg_adc_measurement_idac_integration/tb_ppg_adc_measurement_idac_integration.v:959;rtl/ppg_adc_measurement_idac_integration/tb_ppg_adc_measurement_idac_integration.v:1308;rtl/ppg_adc_measurement_idac_integration/tb_ppg_adc_measurement_idac_integration.v:1628,,,"rtl_tag,matrix_or_alias",B,C:\Users\DAWN\.codex\visualizations\2026\10\02\01a0fd78-55cb-7173-9e41-1e0b27c41d49\ppg_review_B\evidence\id_four_link_audit.json,已合并逐项语义审阅；状态与限制须读原行，非验收CLOSED
AMI-19,AMI,contracts/PPG_ADC_MEASUREMENT_AND_IDAC_INTEGRATION_WRAPPER_INTERFACE_CONTRACT.md:1231,,rtl/ppg_adc_measurement_idac_integration/tb_ppg_adc_measurement_idac_integration.v:10;rtl/ppg_adc_measurement_idac_integration/tb_ppg_adc_measurement_idac_integration.v:26;rtl/ppg_adc_measurement_idac_integration/tb_ppg_adc_measurement_idac_integration.v:28;rtl/ppg_adc_measurement_idac_integration/tb_ppg_adc_measurement_idac_integration.v:29;rtl/ppg_adc_measurement_idac_integration/tb_ppg_adc_measurement_idac_integration.v:30;rtl/ppg_adc_measurement_idac_integration/tb_ppg_adc_measurement_idac_integration.v:38;rtl/ppg_adc_measurement_idac_integration/tb_ppg_adc_measurement_idac_integration.v:54;rtl/ppg_adc_measurement_idac_integration/tb_ppg_adc_measurement_idac_integration.v:56;rtl/ppg_adc_measurement_idac_integration/tb_ppg_adc_measurement_idac_integration.v:57;rtl/ppg_adc_measurement_idac_integration/tb_ppg_adc_measurement_idac_integration.v:58;rtl/ppg_adc_measurement_idac_integration/tb_ppg_adc_measurement_idac_integration.v:959;rtl/ppg_adc_measurement_idac_integration/tb_ppg_adc_measurement_idac_integration.v:1287;rtl/ppg_adc_measurement_idac_integration/tb_ppg_adc_measurement_idac_integration.v:1628,,,"rtl_tag,matrix_or_alias",B,C:\Users\DAWN\.codex\visualizations\2026\10\02\01a0fd78-55cb-7173-9e41-1e0b27c41d49\ppg_review_B\evidence\id_four_link_audit.json,已合并逐项语义审阅；状态与限制须读原行，非验收CLOSED
AMI-20,AMI,contracts/PPG_ADC_MEASUREMENT_AND_IDAC_INTEGRATION_WRAPPER_INTERFACE_CONTRACT.md:1232,,rtl/ppg_adc_measurement_idac_integration/tb_ppg_adc_measurement_idac_integration.v:10;rtl/ppg_adc_measurement_idac_integration/tb_ppg_adc_measurement_idac_integration.v:26;rtl/ppg_adc_measurement_idac_integration/tb_ppg_adc_measurement_idac_integration.v:28;rtl/ppg_adc_measurement_idac_integration/tb_ppg_adc_measurement_idac_integration.v:29;rtl/ppg_adc_measurement_idac_integration/tb_ppg_adc_measurement_idac_integration.v:30;rtl/ppg_adc_measurement_idac_integration/tb_ppg_adc_measurement_idac_integration.v:38;rtl/ppg_adc_measurement_idac_integration/tb_ppg_adc_measurement_idac_integration.v:54;rtl/ppg_adc_measurement_idac_integration/tb_ppg_adc_measurement_idac_integration.v:56;rtl/ppg_adc_measurement_idac_integration/tb_ppg_adc_measurement_idac_integration.v:57;rtl/ppg_adc_measurement_idac_integration/tb_ppg_adc_measurement_idac_integration.v:58;rtl/ppg_adc_measurement_idac_integration/tb_ppg_adc_measurement_idac_integration.v:959;rtl/ppg_adc_measurement_idac_integration/tb_ppg_adc_measurement_idac_integration.v:1292;rtl/ppg_adc_measurement_idac_integration/tb_ppg_adc_measurement_idac_integration.v:1628,,,"rtl_tag,matrix_or_alias",B,C:\Users\DAWN\.codex\visualizations\2026\10\02\01a0fd78-55cb-7173-9e41-1e0b27c41d49\ppg_review_B\evidence\id_four_link_audit.json,已合并逐项语义审阅；状态与限制须读原行，非验收CLOSED
AMI-21,AMI,contracts/PPG_ADC_MEASUREMENT_AND_IDAC_INTEGRATION_WRAPPER_INTERFACE_CONTRACT.md:1233,,rtl/ppg_adc_measurement_idac_integration/tb_ppg_adc_measurement_idac_integration.v:10;rtl/ppg_adc_measurement_idac_integration/tb_ppg_adc_measurement_idac_integration.v:26;rtl/ppg_adc_measurement_idac_integration/tb_ppg_adc_measurement_idac_integration.v:28;rtl/ppg_adc_measurement_idac_integration/tb_ppg_adc_measurement_idac_integration.v:29;rtl/ppg_adc_measurement_idac_integration/tb_ppg_adc_measurement_idac_integration.v:30;rtl/ppg_adc_measurement_idac_integration/tb_ppg_adc_measurement_idac_integration.v:38;rtl/ppg_adc_measurement_idac_integration/tb_ppg_adc_measurement_idac_integration.v:54;rtl/ppg_adc_measurement_idac_integration/tb_ppg_adc_measurement_idac_integration.v:56;rtl/ppg_adc_measurement_idac_integration/tb_ppg_adc_measurement_idac_integration.v:57;rtl/ppg_adc_measurement_idac_integration/tb_ppg_adc_measurement_idac_integration.v:58;rtl/ppg_adc_measurement_idac_integration/tb_ppg_adc_measurement_idac_integration.v:959;rtl/ppg_adc_measurement_idac_integration/tb_ppg_adc_measurement_idac_integration.v:1377;rtl/ppg_adc_measurement_idac_integration/tb_ppg_adc_measurement_idac_integration.v:1628,,,"rtl_tag,matrix_or_alias",B,C:\Users\DAWN\.codex\visualizations\2026\10\02\01a0fd78-55cb-7173-9e41-1e0b27c41d49\ppg_review_B\evidence\id_four_link_audit.json,已合并逐项语义审阅；状态与限制须读原行，非验收CLOSED
AMI-22,AMI,contracts/PPG_ADC_MEASUREMENT_AND_IDAC_INTEGRATION_WRAPPER_INTERFACE_CONTRACT.md:1234,,rtl/ppg_adc_measurement_idac_integration/tb_ppg_adc_measurement_idac_integration.v:10;rtl/ppg_adc_measurement_idac_integration/tb_ppg_adc_measurement_idac_integration.v:26;rtl/ppg_adc_measurement_idac_integration/tb_ppg_adc_measurement_idac_integration.v:28;rtl/ppg_adc_measurement_idac_integration/tb_ppg_adc_measurement_idac_integration.v:29;rtl/ppg_adc_measurement_idac_integration/tb_ppg_adc_measurement_idac_integration.v:30;rtl/ppg_adc_measurement_idac_integration/tb_ppg_adc_measurement_idac_integration.v:38;rtl/ppg_adc_measurement_idac_integration/tb_ppg_adc_measurement_idac_integration.v:54;rtl/ppg_adc_measurement_idac_integration/tb_ppg_adc_measurement_idac_integration.v:56;rtl/ppg_adc_measurement_idac_integration/tb_ppg_adc_measurement_idac_integration.v:57;rtl/ppg_adc_measurement_idac_integration/tb_ppg_adc_measurement_idac_integration.v:58;rtl/ppg_adc_measurement_idac_integration/tb_ppg_adc_measurement_idac_integration.v:959;rtl/ppg_adc_measurement_idac_integration/tb_ppg_adc_measurement_idac_integration.v:1408;rtl/ppg_adc_measurement_idac_integration/tb_ppg_adc_measurement_idac_integration.v:1628,,,"rtl_tag,matrix_or_alias",B,C:\Users\DAWN\.codex\visualizations\2026\10\02\01a0fd78-55cb-7173-9e41-1e0b27c41d49\ppg_review_B\evidence\id_four_link_audit.json,已合并逐项语义审阅；状态与限制须读原行，非验收CLOSED
AMI-23,AMI,contracts/PPG_ADC_MEASUREMENT_AND_IDAC_INTEGRATION_WRAPPER_INTERFACE_CONTRACT.md:1235,,rtl/ppg_adc_measurement_idac_integration/tb_ppg_adc_measurement_idac_integration.v:10;rtl/ppg_adc_measurement_idac_integration/tb_ppg_adc_measurement_idac_integration.v:26;rtl/ppg_adc_measurement_idac_integration/tb_ppg_adc_measurement_idac_integration.v:28;rtl/ppg_adc_measurement_idac_integration/tb_ppg_adc_measurement_idac_integration.v:29;rtl/ppg_adc_measurement_idac_integration/tb_ppg_adc_measurement_idac_integration.v:30;rtl/ppg_adc_measurement_idac_integration/tb_ppg_adc_measurement_idac_integration.v:38;rtl/ppg_adc_measurement_idac_integration/tb_ppg_adc_measurement_idac_integration.v:54;rtl/ppg_adc_measurement_idac_integration/tb_ppg_adc_measurement_idac_integration.v:56;rtl/ppg_adc_measurement_idac_integration/tb_ppg_adc_measurement_idac_integration.v:57;rtl/ppg_adc_measurement_idac_integration/tb_ppg_adc_measurement_idac_integration.v:58;rtl/ppg_adc_measurement_idac_integration/tb_ppg_adc_measurement_idac_integration.v:959;rtl/ppg_adc_measurement_idac_integration/tb_ppg_adc_measurement_idac_integration.v:1145;rtl/ppg_adc_measurement_idac_integration/tb_ppg_adc_measurement_idac_integration.v:1161;rtl/ppg_adc_measurement_idac_integration/tb_ppg_adc_measurement_idac_integration.v:1628,,,"rtl_tag,matrix_or_alias",B,C:\Users\DAWN\.codex\visualizations\2026\10\02\01a0fd78-55cb-7173-9e41-1e0b27c41d49\ppg_review_B\evidence\id_four_link_audit.json,已合并逐项语义审阅；状态与限制须读原行，非验收CLOSED
AMI-24,AMI,contracts/PPG_ADC_MEASUREMENT_AND_IDAC_INTEGRATION_WRAPPER_INTERFACE_CONTRACT.md:1236,,rtl/ppg_adc_measurement_idac_integration/tb_ppg_adc_measurement_idac_integration.v:10;rtl/ppg_adc_measurement_idac_integration/tb_ppg_adc_measurement_idac_integration.v:26;rtl/ppg_adc_measurement_idac_integration/tb_ppg_adc_measurement_idac_integration.v:28;rtl/ppg_adc_measurement_idac_integration/tb_ppg_adc_measurement_idac_integration.v:29;rtl/ppg_adc_measurement_idac_integration/tb_ppg_adc_measurement_idac_integration.v:30;rtl/ppg_adc_measurement_idac_integration/tb_ppg_adc_measurement_idac_integration.v:38;rtl/ppg_adc_measurement_idac_integration/tb_ppg_adc_measurement_idac_integration.v:54;rtl/ppg_adc_measurement_idac_integration/tb_ppg_adc_measurement_idac_integration.v:56;rtl/ppg_adc_measurement_idac_integration/tb_ppg_adc_measurement_idac_integration.v:57;rtl/ppg_adc_measurement_idac_integration/tb_ppg_adc_measurement_idac_integration.v:58;rtl/ppg_adc_measurement_idac_integration/tb_ppg_adc_measurement_idac_integration.v:959;rtl/ppg_adc_measurement_idac_integration/tb_ppg_adc_measurement_idac_integration.v:1534;rtl/ppg_adc_measurement_idac_integration/tb_ppg_adc_measurement_idac_integration.v:1628,,,"rtl_tag,matrix_or_alias",B,C:\Users\DAWN\.codex\visualizations\2026\10\02\01a0fd78-55cb-7173-9e41-1e0b27c41d49\ppg_review_B\evidence\id_four_link_audit.json,已合并逐项语义审阅；状态与限制须读原行，非验收CLOSED
AMI-25,AMI,contracts/PPG_ADC_MEASUREMENT_AND_IDAC_INTEGRATION_WRAPPER_INTERFACE_CONTRACT.md:1237,,rtl/ppg_adc_measurement_idac_integration/tb_ppg_adc_measurement_idac_integration.v:10;rtl/ppg_adc_measurement_idac_integration/tb_ppg_adc_measurement_idac_integration.v:26;rtl/ppg_adc_measurement_idac_integration/tb_ppg_adc_measurement_idac_integration.v:28;rtl/ppg_adc_measurement_idac_integration/tb_ppg_adc_measurement_idac_integration.v:29;rtl/ppg_adc_measurement_idac_integration/tb_ppg_adc_measurement_idac_integration.v:30;rtl/ppg_adc_measurement_idac_integration/tb_ppg_adc_measurement_idac_integration.v:38;rtl/ppg_adc_measurement_idac_integration/tb_ppg_adc_measurement_idac_integration.v:54;rtl/ppg_adc_measurement_idac_integration/tb_ppg_adc_measurement_idac_integration.v:56;rtl/ppg_adc_measurement_idac_integration/tb_ppg_adc_measurement_idac_integration.v:57;rtl/ppg_adc_measurement_idac_integration/tb_ppg_adc_measurement_idac_integration.v:58;rtl/ppg_adc_measurement_idac_integration/tb_ppg_adc_measurement_idac_integration.v:959;rtl/ppg_adc_measurement_idac_integration/tb_ppg_adc_measurement_idac_integration.v:1367;rtl/ppg_adc_measurement_idac_integration/tb_ppg_adc_measurement_idac_integration.v:1628,,,"rtl_tag,matrix_or_alias",B,C:\Users\DAWN\.codex\visualizations\2026\10\02\01a0fd78-55cb-7173-9e41-1e0b27c41d49\ppg_review_B\evidence\id_four_link_audit.json,已合并逐项语义审阅；状态与限制须读原行，非验收CLOSED
AMI-26,AMI,contracts/PPG_ADC_MEASUREMENT_AND_IDAC_INTEGRATION_WRAPPER_INTERFACE_CONTRACT.md:1238,,rtl/ppg_adc_measurement_idac_integration/tb_ppg_adc_measurement_idac_integration.v:10;rtl/ppg_adc_measurement_idac_integration/tb_ppg_adc_measurement_idac_integration.v:26;rtl/ppg_adc_measurement_idac_integration/tb_ppg_adc_measurement_idac_integration.v:28;rtl/ppg_adc_measurement_idac_integration/tb_ppg_adc_measurement_idac_integration.v:29;rtl/ppg_adc_measurement_idac_integration/tb_ppg_adc_measurement_idac_integration.v:30;rtl/ppg_adc_measurement_idac_integration/tb_ppg_adc_measurement_idac_integration.v:38;rtl/ppg_adc_measurement_idac_integration/tb_ppg_adc_measurement_idac_integration.v:54;rtl/ppg_adc_measurement_idac_integration/tb_ppg_adc_measurement_idac_integration.v:56;rtl/ppg_adc_measurement_idac_integration/tb_ppg_adc_measurement_idac_integration.v:57;rtl/ppg_adc_measurement_idac_integration/tb_ppg_adc_measurement_idac_integration.v:58;rtl/ppg_adc_measurement_idac_integration/tb_ppg_adc_measurement_idac_integration.v:959;rtl/ppg_adc_measurement_idac_integration/tb_ppg_adc_measurement_idac_integration.v:1344;rtl/ppg_adc_measurement_idac_integration/tb_ppg_adc_measurement_idac_integration.v:1628,,,"rtl_tag,matrix_or_alias",B,C:\Users\DAWN\.codex\visualizations\2026\10\02\01a0fd78-55cb-7173-9e41-1e0b27c41d49\ppg_review_B\evidence\id_four_link_audit.json,已合并逐项语义审阅；状态与限制须读原行，非验收CLOSED
AMI-27,AMI,contracts/PPG_ADC_MEASUREMENT_AND_IDAC_INTEGRATION_WRAPPER_INTERFACE_CONTRACT.md:1239,,rtl/ppg_adc_measurement_idac_integration/tb_ppg_adc_measurement_idac_integration.v:10;rtl/ppg_adc_measurement_idac_integration/tb_ppg_adc_measurement_idac_integration.v:26;rtl/ppg_adc_measurement_idac_integration/tb_ppg_adc_measurement_idac_integration.v:28;rtl/ppg_adc_measurement_idac_integration/tb_ppg_adc_measurement_idac_integration.v:29;rtl/ppg_adc_measurement_idac_integration/tb_ppg_adc_measurement_idac_integration.v:30;rtl/ppg_adc_measurement_idac_integration/tb_ppg_adc_measurement_idac_integration.v:38;rtl/ppg_adc_measurement_idac_integration/tb_ppg_adc_measurement_idac_integration.v:54;rtl/ppg_adc_measurement_idac_integration/tb_ppg_adc_measurement_idac_integration.v:56;rtl/ppg_adc_measurement_idac_integration/tb_ppg_adc_measurement_idac_integration.v:57;rtl/ppg_adc_measurement_idac_integration/tb_ppg_adc_measurement_idac_integration.v:58;rtl/ppg_adc_measurement_idac_integration/tb_ppg_adc_measurement_idac_integration.v:959;rtl/ppg_adc_measurement_idac_integration/tb_ppg_adc_measurement_idac_integration.v:1328;rtl/ppg_adc_measurement_idac_integration/tb_ppg_adc_measurement_idac_integration.v:1628,,,"rtl_tag,matrix_or_alias",B,C:\Users\DAWN\.codex\visualizations\2026\10\02\01a0fd78-55cb-7173-9e41-1e0b27c41d49\ppg_review_B\evidence\id_four_link_audit.json,已合并逐项语义审阅；状态与限制须读原行，非验收CLOSED
AMI-28,AMI,contracts/PPG_ADC_MEASUREMENT_AND_IDAC_INTEGRATION_WRAPPER_INTERFACE_CONTRACT.md:1240,,rtl/ppg_adc_measurement_idac_integration/tb_ppg_adc_measurement_idac_integration.v:10;rtl/ppg_adc_measurement_idac_integration/tb_ppg_adc_measurement_idac_integration.v:26;rtl/ppg_adc_measurement_idac_integration/tb_ppg_adc_measurement_idac_integration.v:28;rtl/ppg_adc_measurement_idac_integration/tb_ppg_adc_measurement_idac_integration.v:29;rtl/ppg_adc_measurement_idac_integration/tb_ppg_adc_measurement_idac_integration.v:30;rtl/ppg_adc_measurement_idac_integration/tb_ppg_adc_measurement_idac_integration.v:38;rtl/ppg_adc_measurement_idac_integration/tb_ppg_adc_measurement_idac_integration.v:54;rtl/ppg_adc_measurement_idac_integration/tb_ppg_adc_measurement_idac_integration.v:56;rtl/ppg_adc_measurement_idac_integration/tb_ppg_adc_measurement_idac_integration.v:57;rtl/ppg_adc_measurement_idac_integration/tb_ppg_adc_measurement_idac_integration.v:58;rtl/ppg_adc_measurement_idac_integration/tb_ppg_adc_measurement_idac_integration.v:959;rtl/ppg_adc_measurement_idac_integration/tb_ppg_adc_measurement_idac_integration.v:1350;rtl/ppg_adc_measurement_idac_integration/tb_ppg_adc_measurement_idac_integration.v:1628,,,"rtl_tag,matrix_or_alias",B,C:\Users\DAWN\.codex\visualizations\2026\10\02\01a0fd78-55cb-7173-9e41-1e0b27c41d49\ppg_review_B\evidence\id_four_link_audit.json,已合并逐项语义审阅；状态与限制须读原行，非验收CLOSED
AMI-29,AMI,contracts/PPG_ADC_MEASUREMENT_AND_IDAC_INTEGRATION_WRAPPER_INTERFACE_CONTRACT.md:1241,,rtl/ppg_adc_measurement_idac_integration/tb_ppg_adc_measurement_idac_integration.v:10;rtl/ppg_adc_measurement_idac_integration/tb_ppg_adc_measurement_idac_integration.v:26;rtl/ppg_adc_measurement_idac_integration/tb_ppg_adc_measurement_idac_integration.v:28;rtl/ppg_adc_measurement_idac_integration/tb_ppg_adc_measurement_idac_integration.v:29;rtl/ppg_adc_measurement_idac_integration/tb_ppg_adc_measurement_idac_integration.v:30;rtl/ppg_adc_measurement_idac_integration/tb_ppg_adc_measurement_idac_integration.v:38;rtl/ppg_adc_measurement_idac_integration/tb_ppg_adc_measurement_idac_integration.v:54;rtl/ppg_adc_measurement_idac_integration/tb_ppg_adc_measurement_idac_integration.v:56;rtl/ppg_adc_measurement_idac_integration/tb_ppg_adc_measurement_idac_integration.v:57;rtl/ppg_adc_measurement_idac_integration/tb_ppg_adc_measurement_idac_integration.v:58;rtl/ppg_adc_measurement_idac_integration/tb_ppg_adc_measurement_idac_integration.v:959;rtl/ppg_adc_measurement_idac_integration/tb_ppg_adc_measurement_idac_integration.v:1389;rtl/ppg_adc_measurement_idac_integration/tb_ppg_adc_measurement_idac_integration.v:1628,,,"rtl_tag,matrix_or_alias",B,C:\Users\DAWN\.codex\visualizations\2026\10\02\01a0fd78-55cb-7173-9e41-1e0b27c41d49\ppg_review_B\evidence\id_four_link_audit.json,已合并逐项语义审阅；状态与限制须读原行，非验收CLOSED
AMI-30,AMI,contracts/PPG_ADC_MEASUREMENT_AND_IDAC_INTEGRATION_WRAPPER_INTERFACE_CONTRACT.md:1242,,rtl/ppg_adc_measurement_idac_integration/tb_ppg_adc_measurement_idac_integration.v:10;rtl/ppg_adc_measurement_idac_integration/tb_ppg_adc_measurement_idac_integration.v:26;rtl/ppg_adc_measurement_idac_integration/tb_ppg_adc_measurement_idac_integration.v:28;rtl/ppg_adc_measurement_idac_integration/tb_ppg_adc_measurement_idac_integration.v:29;rtl/ppg_adc_measurement_idac_integration/tb_ppg_adc_measurement_idac_integration.v:30;rtl/ppg_adc_measurement_idac_integration/tb_ppg_adc_measurement_idac_integration.v:38;rtl/ppg_adc_measurement_idac_integration/tb_ppg_adc_measurement_idac_integration.v:54;rtl/ppg_adc_measurement_idac_integration/tb_ppg_adc_measurement_idac_integration.v:56;rtl/ppg_adc_measurement_idac_integration/tb_ppg_adc_measurement_idac_integration.v:57;rtl/ppg_adc_measurement_idac_integration/tb_ppg_adc_measurement_idac_integration.v:58;rtl/ppg_adc_measurement_idac_integration/tb_ppg_adc_measurement_idac_integration.v:959;rtl/ppg_adc_measurement_idac_integration/tb_ppg_adc_measurement_idac_integration.v:1155;rtl/ppg_adc_measurement_idac_integration/tb_ppg_adc_measurement_idac_integration.v:1628,,,"rtl_tag,matrix_or_alias",B,C:\Users\DAWN\.codex\visualizations\2026\10\02\01a0fd78-55cb-7173-9e41-1e0b27c41d49\ppg_review_B\evidence\id_four_link_audit.json,已合并逐项语义审阅；状态与限制须读原行，非验收CLOSED
AMI-31,AMI,contracts/PPG_ADC_MEASUREMENT_AND_IDAC_INTEGRATION_WRAPPER_INTERFACE_CONTRACT.md:1243,,rtl/ppg_adc_measurement_idac_integration/tb_ppg_adc_measurement_idac_integration.v:10;rtl/ppg_adc_measurement_idac_integration/tb_ppg_adc_measurement_idac_integration.v:26;rtl/ppg_adc_measurement_idac_integration/tb_ppg_adc_measurement_idac_integration.v:28;rtl/ppg_adc_measurement_idac_integration/tb_ppg_adc_measurement_idac_integration.v:29;rtl/ppg_adc_measurement_idac_integration/tb_ppg_adc_measurement_idac_integration.v:30;rtl/ppg_adc_measurement_idac_integration/tb_ppg_adc_measurement_idac_integration.v:38;rtl/ppg_adc_measurement_idac_integration/tb_ppg_adc_measurement_idac_integration.v:54;rtl/ppg_adc_measurement_idac_integration/tb_ppg_adc_measurement_idac_integration.v:56;rtl/ppg_adc_measurement_idac_integration/tb_ppg_adc_measurement_idac_integration.v:57;rtl/ppg_adc_measurement_idac_integration/tb_ppg_adc_measurement_idac_integration.v:58;rtl/ppg_adc_measurement_idac_integration/tb_ppg_adc_measurement_idac_integration.v:959;rtl/ppg_adc_measurement_idac_integration/tb_ppg_adc_measurement_idac_integration.v:1165;rtl/ppg_adc_measurement_idac_integration/tb_ppg_adc_measurement_idac_integration.v:1628,,,"rtl_tag,matrix_or_alias",B,C:\Users\DAWN\.codex\visualizations\2026\10\02\01a0fd78-55cb-7173-9e41-1e0b27c41d49\ppg_review_B\evidence\id_four_link_audit.json,已合并逐项语义审阅；状态与限制须读原行，非验收CLOSED
AMI-32,AMI,contracts/PPG_ADC_MEASUREMENT_AND_IDAC_INTEGRATION_WRAPPER_INTERFACE_CONTRACT.md:1244,,rtl/ppg_adc_measurement_idac_integration/tb_ppg_adc_measurement_idac_integration.v:10;rtl/ppg_adc_measurement_idac_integration/tb_ppg_adc_measurement_idac_integration.v:26;rtl/ppg_adc_measurement_idac_integration/tb_ppg_adc_measurement_idac_integration.v:28;rtl/ppg_adc_measurement_idac_integration/tb_ppg_adc_measurement_idac_integration.v:29;rtl/ppg_adc_measurement_idac_integration/tb_ppg_adc_measurement_idac_integration.v:30;rtl/ppg_adc_measurement_idac_integration/tb_ppg_adc_measurement_idac_integration.v:38;rtl/ppg_adc_measurement_idac_integration/tb_ppg_adc_measurement_idac_integration.v:54;rtl/ppg_adc_measurement_idac_integration/tb_ppg_adc_measurement_idac_integration.v:56;rtl/ppg_adc_measurement_idac_integration/tb_ppg_adc_measurement_idac_integration.v:57;rtl/ppg_adc_measurement_idac_integration/tb_ppg_adc_measurement_idac_integration.v:58;rtl/ppg_adc_measurement_idac_integration/tb_ppg_adc_measurement_idac_integration.v:959;rtl/ppg_adc_measurement_idac_integration/tb_ppg_adc_measurement_idac_integration.v:1409;rtl/ppg_adc_measurement_idac_integration/tb_ppg_adc_measurement_idac_integration.v:1628,,,"rtl_tag,matrix_or_alias",B,C:\Users\DAWN\.codex\visualizations\2026\10\02\01a0fd78-55cb-7173-9e41-1e0b27c41d49\ppg_review_B\evidence\id_four_link_audit.json,已合并逐项语义审阅；状态与限制须读原行，非验收CLOSED
AMI-33,AMI,contracts/PPG_ADC_MEASUREMENT_AND_IDAC_INTEGRATION_WRAPPER_INTERFACE_CONTRACT.md:1245,,rtl/ppg_adc_measurement_idac_integration/tb_ppg_adc_measurement_idac_integration.v:10;rtl/ppg_adc_measurement_idac_integration/tb_ppg_adc_measurement_idac_integration.v:26;rtl/ppg_adc_measurement_idac_integration/tb_ppg_adc_measurement_idac_integration.v:28;rtl/ppg_adc_measurement_idac_integration/tb_ppg_adc_measurement_idac_integration.v:29;rtl/ppg_adc_measurement_idac_integration/tb_ppg_adc_measurement_idac_integration.v:30;rtl/ppg_adc_measurement_idac_integration/tb_ppg_adc_measurement_idac_integration.v:38;rtl/ppg_adc_measurement_idac_integration/tb_ppg_adc_measurement_idac_integration.v:54;rtl/ppg_adc_measurement_idac_integration/tb_ppg_adc_measurement_idac_integration.v:56;rtl/ppg_adc_measurement_idac_integration/tb_ppg_adc_measurement_idac_integration.v:57;rtl/ppg_adc_measurement_idac_integration/tb_ppg_adc_measurement_idac_integration.v:58;rtl/ppg_adc_measurement_idac_integration/tb_ppg_adc_measurement_idac_integration.v:1179;rtl/ppg_adc_measurement_idac_integration/tb_ppg_adc_measurement_idac_integration.v:1628,,,"rtl_tag,matrix_or_alias",B,C:\Users\DAWN\.codex\visualizations\2026\10\02\01a0fd78-55cb-7173-9e41-1e0b27c41d49\ppg_review_B\evidence\id_four_link_audit.json,已合并逐项语义审阅；状态与限制须读原行，非验收CLOSED
AMI-34,AMI,contracts/PPG_ADC_MEASUREMENT_AND_IDAC_INTEGRATION_WRAPPER_INTERFACE_CONTRACT.md:1246,,rtl/ppg_adc_measurement_idac_integration/tb_ppg_adc_measurement_idac_integration.v:10;rtl/ppg_adc_measurement_idac_integration/tb_ppg_adc_measurement_idac_integration.v:26;rtl/ppg_adc_measurement_idac_integration/tb_ppg_adc_measurement_idac_integration.v:28;rtl/ppg_adc_measurement_idac_integration/tb_ppg_adc_measurement_idac_integration.v:29;rtl/ppg_adc_measurement_idac_integration/tb_ppg_adc_measurement_idac_integration.v:30;rtl/ppg_adc_measurement_idac_integration/tb_ppg_adc_measurement_idac_integration.v:38;rtl/ppg_adc_measurement_idac_integration/tb_ppg_adc_measurement_idac_integration.v:54;rtl/ppg_adc_measurement_idac_integration/tb_ppg_adc_measurement_idac_integration.v:56;rtl/ppg_adc_measurement_idac_integration/tb_ppg_adc_measurement_idac_integration.v:57;rtl/ppg_adc_measurement_idac_integration/tb_ppg_adc_measurement_idac_integration.v:58;rtl/ppg_adc_measurement_idac_integration/tb_ppg_adc_measurement_idac_integration.v:1197;rtl/ppg_adc_measurement_idac_integration/tb_ppg_adc_measurement_idac_integration.v:1628,,,"rtl_tag,matrix_or_alias",B,C:\Users\DAWN\.codex\visualizations\2026\10\02\01a0fd78-55cb-7173-9e41-1e0b27c41d49\ppg_review_B\evidence\id_four_link_audit.json,已合并逐项语义审阅；状态与限制须读原行，非验收CLOSED
AMI-35,AMI,contracts/PPG_ADC_MEASUREMENT_AND_IDAC_INTEGRATION_WRAPPER_INTERFACE_CONTRACT.md:1247,,rtl/ppg_adc_measurement_idac_integration/tb_ppg_adc_measurement_idac_integration.v:10;rtl/ppg_adc_measurement_idac_integration/tb_ppg_adc_measurement_idac_integration.v:26;rtl/ppg_adc_measurement_idac_integration/tb_ppg_adc_measurement_idac_integration.v:28;rtl/ppg_adc_measurement_idac_integration/tb_ppg_adc_measurement_idac_integration.v:29;rtl/ppg_adc_measurement_idac_integration/tb_ppg_adc_measurement_idac_integration.v:30;rtl/ppg_adc_measurement_idac_integration/tb_ppg_adc_measurement_idac_integration.v:38;rtl/ppg_adc_measurement_idac_integration/tb_ppg_adc_measurement_idac_integration.v:54;rtl/ppg_adc_measurement_idac_integration/tb_ppg_adc_measurement_idac_integration.v:56;rtl/ppg_adc_measurement_idac_integration/tb_ppg_adc_measurement_idac_integration.v:57;rtl/ppg_adc_measurement_idac_integration/tb_ppg_adc_measurement_idac_integration.v:58;rtl/ppg_adc_measurement_idac_integration/tb_ppg_adc_measurement_idac_integration.v:1133;rtl/ppg_adc_measurement_idac_integration/tb_ppg_adc_measurement_idac_integration.v:1628,,,"rtl_tag,matrix_or_alias",B,C:\Users\DAWN\.codex\visualizations\2026\10\02\01a0fd78-55cb-7173-9e41-1e0b27c41d49\ppg_review_B\evidence\id_four_link_audit.json,已合并逐项语义审阅；状态与限制须读原行，非验收CLOSED
AMI-36,AMI,contracts/PPG_ADC_MEASUREMENT_AND_IDAC_INTEGRATION_WRAPPER_INTERFACE_CONTRACT.md:1248,,rtl/ppg_adc_measurement_idac_integration/tb_ppg_adc_measurement_idac_integration.v:10;rtl/ppg_adc_measurement_idac_integration/tb_ppg_adc_measurement_idac_integration.v:26;rtl/ppg_adc_measurement_idac_integration/tb_ppg_adc_measurement_idac_integration.v:28;rtl/ppg_adc_measurement_idac_integration/tb_ppg_adc_measurement_idac_integration.v:29;rtl/ppg_adc_measurement_idac_integration/tb_ppg_adc_measurement_idac_integration.v:30;rtl/ppg_adc_measurement_idac_integration/tb_ppg_adc_measurement_idac_integration.v:38;rtl/ppg_adc_measurement_idac_integration/tb_ppg_adc_measurement_idac_integration.v:54;rtl/ppg_adc_measurement_idac_integration/tb_ppg_adc_measurement_idac_integration.v:56;rtl/ppg_adc_measurement_idac_integration/tb_ppg_adc_measurement_idac_integration.v:57;rtl/ppg_adc_measurement_idac_integration/tb_ppg_adc_measurement_idac_integration.v:58;rtl/ppg_adc_measurement_idac_integration/tb_ppg_adc_measurement_idac_integration.v:1135;rtl/ppg_adc_measurement_idac_integration/tb_ppg_adc_measurement_idac_integration.v:1628,,,"rtl_tag,matrix_or_alias",B,C:\Users\DAWN\.codex\visualizations\2026\10\02\01a0fd78-55cb-7173-9e41-1e0b27c41d49\ppg_review_B\evidence\id_four_link_audit.json,已合并逐项语义审阅；状态与限制须读原行，非验收CLOSED
AMI-37,AMI,contracts/PPG_ADC_MEASUREMENT_AND_IDAC_INTEGRATION_WRAPPER_INTERFACE_CONTRACT.md:1249,,rtl/ppg_adc_measurement_idac_integration/tb_ppg_adc_measurement_idac_integration.v:10;rtl/ppg_adc_measurement_idac_integration/tb_ppg_adc_measurement_idac_integration.v:26;rtl/ppg_adc_measurement_idac_integration/tb_ppg_adc_measurement_idac_integration.v:28;rtl/ppg_adc_measurement_idac_integration/tb_ppg_adc_measurement_idac_integration.v:29;rtl/ppg_adc_measurement_idac_integration/tb_ppg_adc_measurement_idac_integration.v:30;rtl/ppg_adc_measurement_idac_integration/tb_ppg_adc_measurement_idac_integration.v:38;rtl/ppg_adc_measurement_idac_integration/tb_ppg_adc_measurement_idac_integration.v:54;rtl/ppg_adc_measurement_idac_integration/tb_ppg_adc_measurement_idac_integration.v:56;rtl/ppg_adc_measurement_idac_integration/tb_ppg_adc_measurement_idac_integration.v:57;rtl/ppg_adc_measurement_idac_integration/tb_ppg_adc_measurement_idac_integration.v:58;rtl/ppg_adc_measurement_idac_integration/tb_ppg_adc_measurement_idac_integration.v:1151;rtl/ppg_adc_measurement_idac_integration/tb_ppg_adc_measurement_idac_integration.v:1628;rtl/ppg_control_top/tb_ppg_control_top_lifecycle_fault_adc_anomaly.v:28;rtl/ppg_control_top/tb_ppg_control_top_lifecycle_fault_adc_anomaly.v:31;rtl/ppg_control_top/tb_ppg_control_top_lifecycle_fault_adc_anomaly.v:61;rtl/ppg_control_top/tb_ppg_control_top_lifecycle_fault_adc_anomaly.v:62;rtl/ppg_control_top/tb_ppg_control_top_lifecycle_fault_adc_anomaly.v:2116;rtl/ppg_control_top/tb_ppg_control_top_lifecycle_fault_adc_anomaly.v:2117;rtl/ppg_control_top/tb_ppg_control_top_lifecycle_fault_adc_anomaly.v:2121;rtl/ppg_control_top/tb_ppg_control_top_lifecycle_fault_adc_anomaly.v:2156,,,"rtl_tag,matrix_or_alias",B,C:\Users\DAWN\.codex\visualizations\2026\10\02\01a0fd78-55cb-7173-9e41-1e0b27c41d49\ppg_review_B\evidence\id_four_link_audit.json,已合并逐项语义审阅；状态与限制须读原行，非验收CLOSED
AMI-38,AMI,contracts/PPG_ADC_MEASUREMENT_AND_IDAC_INTEGRATION_WRAPPER_INTERFACE_CONTRACT.md:1250,,rtl/ppg_adc_measurement_idac_integration/tb_ppg_adc_measurement_idac_integration.v:10;rtl/ppg_adc_measurement_idac_integration/tb_ppg_adc_measurement_idac_integration.v:26;rtl/ppg_adc_measurement_idac_integration/tb_ppg_adc_measurement_idac_integration.v:28;rtl/ppg_adc_measurement_idac_integration/tb_ppg_adc_measurement_idac_integration.v:29;rtl/ppg_adc_measurement_idac_integration/tb_ppg_adc_measurement_idac_integration.v:30;rtl/ppg_adc_measurement_idac_integration/tb_ppg_adc_measurement_idac_integration.v:38;rtl/ppg_adc_measurement_idac_integration/tb_ppg_adc_measurement_idac_integration.v:54;rtl/ppg_adc_measurement_idac_integration/tb_ppg_adc_measurement_idac_integration.v:56;rtl/ppg_adc_measurement_idac_integration/tb_ppg_adc_measurement_idac_integration.v:57;rtl/ppg_adc_measurement_idac_integration/tb_ppg_adc_measurement_idac_integration.v:58;rtl/ppg_adc_measurement_idac_integration/tb_ppg_adc_measurement_idac_integration.v:1199;rtl/ppg_adc_measurement_idac_integration/tb_ppg_adc_measurement_idac_integration.v:1628,,,"rtl_tag,matrix_or_alias",B,C:\Users\DAWN\.codex\visualizations\2026\10\02\01a0fd78-55cb-7173-9e41-1e0b27c41d49\ppg_review_B\evidence\id_four_link_audit.json,已合并逐项语义审阅；状态与限制须读原行，非验收CLOSED
AMI-39,AMI,contracts/PPG_ADC_MEASUREMENT_AND_IDAC_INTEGRATION_WRAPPER_INTERFACE_CONTRACT.md:1251,,rtl/ppg_adc_measurement_idac_integration/tb_ppg_adc_measurement_idac_integration.v:10;rtl/ppg_adc_measurement_idac_integration/tb_ppg_adc_measurement_idac_integration.v:26;rtl/ppg_adc_measurement_idac_integration/tb_ppg_adc_measurement_idac_integration.v:28;rtl/ppg_adc_measurement_idac_integration/tb_ppg_adc_measurement_idac_integration.v:29;rtl/ppg_adc_measurement_idac_integration/tb_ppg_adc_measurement_idac_integration.v:30;rtl/ppg_adc_measurement_idac_integration/tb_ppg_adc_measurement_idac_integration.v:38;rtl/ppg_adc_measurement_idac_integration/tb_ppg_adc_measurement_idac_integration.v:54;rtl/ppg_adc_measurement_idac_integration/tb_ppg_adc_measurement_idac_integration.v:56;rtl/ppg_adc_measurement_idac_integration/tb_ppg_adc_measurement_idac_integration.v:57;rtl/ppg_adc_measurement_idac_integration/tb_ppg_adc_measurement_idac_integration.v:58;rtl/ppg_adc_measurement_idac_integration/tb_ppg_adc_measurement_idac_integration.v:1412;rtl/ppg_adc_measurement_idac_integration/tb_ppg_adc_measurement_idac_integration.v:1628,,,"rtl_tag,matrix_or_alias",B,C:\Users\DAWN\.codex\visualizations\2026\10\02\01a0fd78-55cb-7173-9e41-1e0b27c41d49\ppg_review_B\evidence\id_four_link_audit.json,已合并逐项语义审阅；状态与限制须读原行，非验收CLOSED
AMI-40,AMI,contracts/PPG_ADC_MEASUREMENT_AND_IDAC_INTEGRATION_WRAPPER_INTERFACE_CONTRACT.md:1252,,rtl/ppg_adc_measurement_idac_integration/tb_ppg_adc_measurement_idac_integration.v:10;rtl/ppg_adc_measurement_idac_integration/tb_ppg_adc_measurement_idac_integration.v:26;rtl/ppg_adc_measurement_idac_integration/tb_ppg_adc_measurement_idac_integration.v:28;rtl/ppg_adc_measurement_idac_integration/tb_ppg_adc_measurement_idac_integration.v:29;rtl/ppg_adc_measurement_idac_integration/tb_ppg_adc_measurement_idac_integration.v:30;rtl/ppg_adc_measurement_idac_integration/tb_ppg_adc_measurement_idac_integration.v:38;rtl/ppg_adc_measurement_idac_integration/tb_ppg_adc_measurement_idac_integration.v:54;rtl/ppg_adc_measurement_idac_integration/tb_ppg_adc_measurement_idac_integration.v:56;rtl/ppg_adc_measurement_idac_integration/tb_ppg_adc_measurement_idac_integration.v:57;rtl/ppg_adc_measurement_idac_integration/tb_ppg_adc_measurement_idac_integration.v:58;rtl/ppg_adc_measurement_idac_integration/tb_ppg_adc_measurement_idac_integration.v:1433;rtl/ppg_adc_measurement_idac_integration/tb_ppg_adc_measurement_idac_integration.v:1628,,,"rtl_tag,matrix_or_alias",B,C:\Users\DAWN\.codex\visualizations\2026\10\02\01a0fd78-55cb-7173-9e41-1e0b27c41d49\ppg_review_B\evidence\id_four_link_audit.json,已合并逐项语义审阅；状态与限制须读原行，非验收CLOSED
AMI-41,AMI,contracts/PPG_ADC_MEASUREMENT_AND_IDAC_INTEGRATION_WRAPPER_INTERFACE_CONTRACT.md:1253,,rtl/ppg_adc_measurement_idac_integration/tb_ppg_adc_measurement_idac_integration.v:10;rtl/ppg_adc_measurement_idac_integration/tb_ppg_adc_measurement_idac_integration.v:26;rtl/ppg_adc_measurement_idac_integration/tb_ppg_adc_measurement_idac_integration.v:28;rtl/ppg_adc_measurement_idac_integration/tb_ppg_adc_measurement_idac_integration.v:29;rtl/ppg_adc_measurement_idac_integration/tb_ppg_adc_measurement_idac_integration.v:30;rtl/ppg_adc_measurement_idac_integration/tb_ppg_adc_measurement_idac_integration.v:38;rtl/ppg_adc_measurement_idac_integration/tb_ppg_adc_measurement_idac_integration.v:54;rtl/ppg_adc_measurement_idac_integration/tb_ppg_adc_measurement_idac_integration.v:56;rtl/ppg_adc_measurement_idac_integration/tb_ppg_adc_measurement_idac_integration.v:57;rtl/ppg_adc_measurement_idac_integration/tb_ppg_adc_measurement_idac_integration.v:58;rtl/ppg_adc_measurement_idac_integration/tb_ppg_adc_measurement_idac_integration.v:1451;rtl/ppg_adc_measurement_idac_integration/tb_ppg_adc_measurement_idac_integration.v:1628,,,"rtl_tag,matrix_or_alias",B,C:\Users\DAWN\.codex\visualizations\2026\10\02\01a0fd78-55cb-7173-9e41-1e0b27c41d49\ppg_review_B\evidence\id_four_link_audit.json,已合并逐项语义审阅；状态与限制须读原行，非验收CLOSED
AMI-42,AMI,contracts/PPG_ADC_MEASUREMENT_AND_IDAC_INTEGRATION_WRAPPER_INTERFACE_CONTRACT.md:1254,,rtl/ppg_adc_measurement_idac_integration/tb_ppg_adc_measurement_idac_integration.v:10;rtl/ppg_adc_measurement_idac_integration/tb_ppg_adc_measurement_idac_integration.v:26;rtl/ppg_adc_measurement_idac_integration/tb_ppg_adc_measurement_idac_integration.v:28;rtl/ppg_adc_measurement_idac_integration/tb_ppg_adc_measurement_idac_integration.v:29;rtl/ppg_adc_measurement_idac_integration/tb_ppg_adc_measurement_idac_integration.v:30;rtl/ppg_adc_measurement_idac_integration/tb_ppg_adc_measurement_idac_integration.v:38;rtl/ppg_adc_measurement_idac_integration/tb_ppg_adc_measurement_idac_integration.v:54;rtl/ppg_adc_measurement_idac_integration/tb_ppg_adc_measurement_idac_integration.v:56;rtl/ppg_adc_measurement_idac_integration/tb_ppg_adc_measurement_idac_integration.v:57;rtl/ppg_adc_measurement_idac_integration/tb_ppg_adc_measurement_idac_integration.v:58;rtl/ppg_adc_measurement_idac_integration/tb_ppg_adc_measurement_idac_integration.v:1279;rtl/ppg_adc_measurement_idac_integration/tb_ppg_adc_measurement_idac_integration.v:1628,,,"rtl_tag,matrix_or_alias",B,C:\Users\DAWN\.codex\visualizations\2026\10\02\01a0fd78-55cb-7173-9e41-1e0b27c41d49\ppg_review_B\evidence\id_four_link_audit.json,已合并逐项语义审阅；状态与限制须读原行，非验收CLOSED
AMI-43,AMI,contracts/PPG_ADC_MEASUREMENT_AND_IDAC_INTEGRATION_WRAPPER_INTERFACE_CONTRACT.md:1255,,rtl/ppg_adc_measurement_idac_integration/tb_ppg_adc_measurement_idac_integration.v:10;rtl/ppg_adc_measurement_idac_integration/tb_ppg_adc_measurement_idac_integration.v:26;rtl/ppg_adc_measurement_idac_integration/tb_ppg_adc_measurement_idac_integration.v:28;rtl/ppg_adc_measurement_idac_integration/tb_ppg_adc_measurement_idac_integration.v:29;rtl/ppg_adc_measurement_idac_integration/tb_ppg_adc_measurement_idac_integration.v:30;rtl/ppg_adc_measurement_idac_integration/tb_ppg_adc_measurement_idac_integration.v:38;rtl/ppg_adc_measurement_idac_integration/tb_ppg_adc_measurement_idac_integration.v:54;rtl/ppg_adc_measurement_idac_integration/tb_ppg_adc_measurement_idac_integration.v:56;rtl/ppg_adc_measurement_idac_integration/tb_ppg_adc_measurement_idac_integration.v:57;rtl/ppg_adc_measurement_idac_integration/tb_ppg_adc_measurement_idac_integration.v:58;rtl/ppg_adc_measurement_idac_integration/tb_ppg_adc_measurement_idac_integration.v:1516;rtl/ppg_adc_measurement_idac_integration/tb_ppg_adc_measurement_idac_integration.v:1628,,,"rtl_tag,matrix_or_alias",B,C:\Users\DAWN\.codex\visualizations\2026\10\02\01a0fd78-55cb-7173-9e41-1e0b27c41d49\ppg_review_B\evidence\id_four_link_audit.json,已合并逐项语义审阅；状态与限制须读原行，非验收CLOSED
AMI-44,AMI,contracts/PPG_ADC_MEASUREMENT_AND_IDAC_INTEGRATION_WRAPPER_INTERFACE_CONTRACT.md:1256,,rtl/ppg_adc_measurement_idac_integration/tb_ppg_adc_measurement_idac_integration.v:10;rtl/ppg_adc_measurement_idac_integration/tb_ppg_adc_measurement_idac_integration.v:26;rtl/ppg_adc_measurement_idac_integration/tb_ppg_adc_measurement_idac_integration.v:28;rtl/ppg_adc_measurement_idac_integration/tb_ppg_adc_measurement_idac_integration.v:29;rtl/ppg_adc_measurement_idac_integration/tb_ppg_adc_measurement_idac_integration.v:30;rtl/ppg_adc_measurement_idac_integration/tb_ppg_adc_measurement_idac_integration.v:38;rtl/ppg_adc_measurement_idac_integration/tb_ppg_adc_measurement_idac_integration.v:54;rtl/ppg_adc_measurement_idac_integration/tb_ppg_adc_measurement_idac_integration.v:56;rtl/ppg_adc_measurement_idac_integration/tb_ppg_adc_measurement_idac_integration.v:57;rtl/ppg_adc_measurement_idac_integration/tb_ppg_adc_measurement_idac_integration.v:58;rtl/ppg_adc_measurement_idac_integration/tb_ppg_adc_measurement_idac_integration.v:1494;rtl/ppg_adc_measurement_idac_integration/tb_ppg_adc_measurement_idac_integration.v:1628,,,"rtl_tag,matrix_or_alias",B,C:\Users\DAWN\.codex\visualizations\2026\10\02\01a0fd78-55cb-7173-9e41-1e0b27c41d49\ppg_review_B\evidence\id_four_link_audit.json,已合并逐项语义审阅；状态与限制须读原行，非验收CLOSED
AMI-45,AMI,contracts/PPG_ADC_MEASUREMENT_AND_IDAC_INTEGRATION_WRAPPER_INTERFACE_CONTRACT.md:1257,,rtl/ppg_adc_measurement_idac_integration/tb_ppg_adc_measurement_idac_integration.v:10;rtl/ppg_adc_measurement_idac_integration/tb_ppg_adc_measurement_idac_integration.v:26;rtl/ppg_adc_measurement_idac_integration/tb_ppg_adc_measurement_idac_integration.v:28;rtl/ppg_adc_measurement_idac_integration/tb_ppg_adc_measurement_idac_integration.v:29;rtl/ppg_adc_measurement_idac_integration/tb_ppg_adc_measurement_idac_integration.v:30;rtl/ppg_adc_measurement_idac_integration/tb_ppg_adc_measurement_idac_integration.v:38;rtl/ppg_adc_measurement_idac_integration/tb_ppg_adc_measurement_idac_integration.v:54;rtl/ppg_adc_measurement_idac_integration/tb_ppg_adc_measurement_idac_integration.v:56;rtl/ppg_adc_measurement_idac_integration/tb_ppg_adc_measurement_idac_integration.v:57;rtl/ppg_adc_measurement_idac_integration/tb_ppg_adc_measurement_idac_integration.v:58;rtl/ppg_adc_measurement_idac_integration/tb_ppg_adc_measurement_idac_integration.v:1523;rtl/ppg_adc_measurement_idac_integration/tb_ppg_adc_measurement_idac_integration.v:1628,,,"rtl_tag,matrix_or_alias",B,C:\Users\DAWN\.codex\visualizations\2026\10\02\01a0fd78-55cb-7173-9e41-1e0b27c41d49\ppg_review_B\evidence\id_four_link_audit.json,已合并逐项语义审阅；状态与限制须读原行，非验收CLOSED
AMI-46,AMI,contracts/PPG_ADC_MEASUREMENT_AND_IDAC_INTEGRATION_WRAPPER_INTERFACE_CONTRACT.md:1258,,rtl/ppg_adc_measurement_idac_integration/tb_ppg_adc_measurement_idac_integration.v:10;rtl/ppg_adc_measurement_idac_integration/tb_ppg_adc_measurement_idac_integration.v:27;rtl/ppg_adc_measurement_idac_integration/tb_ppg_adc_measurement_idac_integration.v:28;rtl/ppg_adc_measurement_idac_integration/tb_ppg_adc_measurement_idac_integration.v:29;rtl/ppg_adc_measurement_idac_integration/tb_ppg_adc_measurement_idac_integration.v:30;rtl/ppg_adc_measurement_idac_integration/tb_ppg_adc_measurement_idac_integration.v:38;rtl/ppg_adc_measurement_idac_integration/tb_ppg_adc_measurement_idac_integration.v:55;rtl/ppg_adc_measurement_idac_integration/tb_ppg_adc_measurement_idac_integration.v:56;rtl/ppg_adc_measurement_idac_integration/tb_ppg_adc_measurement_idac_integration.v:57;rtl/ppg_adc_measurement_idac_integration/tb_ppg_adc_measurement_idac_integration.v:58;rtl/ppg_adc_measurement_idac_integration/tb_ppg_adc_measurement_idac_integration.v:1555;rtl/ppg_adc_measurement_idac_integration/tb_ppg_adc_measurement_idac_integration.v:1628,,,"rtl_tag,matrix_or_alias",B,C:\Users\DAWN\.codex\visualizations\2026\10\02\01a0fd78-55cb-7173-9e41-1e0b27c41d49\ppg_review_B\evidence\id_four_link_audit.json,已合并逐项语义审阅；状态与限制须读原行，非验收CLOSED
AMI-47,AMI,contracts/PPG_ADC_MEASUREMENT_AND_IDAC_INTEGRATION_WRAPPER_INTERFACE_CONTRACT.md:1259,,rtl/ppg_adc_measurement_idac_integration/tb_ppg_adc_measurement_idac_integration.v:10;rtl/ppg_adc_measurement_idac_integration/tb_ppg_adc_measurement_idac_integration.v:27;rtl/ppg_adc_measurement_idac_integration/tb_ppg_adc_measurement_idac_integration.v:28;rtl/ppg_adc_measurement_idac_integration/tb_ppg_adc_measurement_idac_integration.v:29;rtl/ppg_adc_measurement_idac_integration/tb_ppg_adc_measurement_idac_integration.v:30;rtl/ppg_adc_measurement_idac_integration/tb_ppg_adc_measurement_idac_integration.v:38;rtl/ppg_adc_measurement_idac_integration/tb_ppg_adc_measurement_idac_integration.v:55;rtl/ppg_adc_measurement_idac_integration/tb_ppg_adc_measurement_idac_integration.v:56;rtl/ppg_adc_measurement_idac_integration/tb_ppg_adc_measurement_idac_integration.v:57;rtl/ppg_adc_measurement_idac_integration/tb_ppg_adc_measurement_idac_integration.v:58;rtl/ppg_adc_measurement_idac_integration/tb_ppg_adc_measurement_idac_integration.v:1579;rtl/ppg_adc_measurement_idac_integration/tb_ppg_adc_measurement_idac_integration.v:1595;rtl/ppg_adc_measurement_idac_integration/tb_ppg_adc_measurement_idac_integration.v:1628,,,"rtl_tag,matrix_or_alias",B,C:\Users\DAWN\.codex\visualizations\2026\10\02\01a0fd78-55cb-7173-9e41-1e0b27c41d49\ppg_review_B\evidence\id_four_link_audit.json,已合并逐项语义审阅；状态与限制须读原行，非验收CLOSED
AMI-48,AMI,contracts/PPG_ADC_MEASUREMENT_AND_IDAC_INTEGRATION_WRAPPER_INTERFACE_CONTRACT.md:1260,,,,,"rtl_tag,tb_text,matrix_or_alias",B,C:\Users\DAWN\.codex\visualizations\2026\10\02\01a0fd78-55cb-7173-9e41-1e0b27c41d49\ppg_review_B\evidence\id_four_link_audit.json,已合并逐项语义审阅；状态与限制须读原行，非验收CLOSED
AMI-49,AMI,contracts/PPG_ADC_MEASUREMENT_AND_IDAC_INTEGRATION_WRAPPER_INTERFACE_CONTRACT.md:1261,,,,,"rtl_tag,tb_text,matrix_or_alias",B,C:\Users\DAWN\.codex\visualizations\2026\10\02\01a0fd78-55cb-7173-9e41-1e0b27c41d49\ppg_review_B\evidence\id_four_link_audit.json,已合并逐项语义审阅；状态与限制须读原行，非验收CLOSED
AMI-50,AMI,contracts/PPG_ADC_MEASUREMENT_AND_IDAC_INTEGRATION_WRAPPER_INTERFACE_CONTRACT.md:1262,,,,,"rtl_tag,tb_text,matrix_or_alias",B,C:\Users\DAWN\.codex\visualizations\2026\10\02\01a0fd78-55cb-7173-9e41-1e0b27c41d49\ppg_review_B\evidence\id_four_link_audit.json,已合并逐项语义审阅；状态与限制须读原行，非验收CLOSED
AMI-51,AMI,contracts/PPG_ADC_MEASUREMENT_AND_IDAC_INTEGRATION_WRAPPER_INTERFACE_CONTRACT.md:1263,,,,,"rtl_tag,tb_text,matrix_or_alias",B,C:\Users\DAWN\.codex\visualizations\2026\10\02\01a0fd78-55cb-7173-9e41-1e0b27c41d49\ppg_review_B\evidence\id_four_link_audit.json,已合并逐项语义审阅；状态与限制须读原行，非验收CLOSED
AMI-52,AMI,contracts/PPG_ADC_MEASUREMENT_AND_IDAC_INTEGRATION_WRAPPER_INTERFACE_CONTRACT.md:1264,,,,,"rtl_tag,tb_text,matrix_or_alias",B,C:\Users\DAWN\.codex\visualizations\2026\10\02\01a0fd78-55cb-7173-9e41-1e0b27c41d49\ppg_review_B\evidence\id_four_link_audit.json,已合并逐项语义审阅；状态与限制须读原行，非验收CLOSED
AMI-53,AMI,contracts/PPG_ADC_MEASUREMENT_AND_IDAC_INTEGRATION_WRAPPER_INTERFACE_CONTRACT.md:1265,,,,,"rtl_tag,tb_text,matrix_or_alias",B,C:\Users\DAWN\.codex\visualizations\2026\10\02\01a0fd78-55cb-7173-9e41-1e0b27c41d49\ppg_review_B\evidence\id_four_link_audit.json,已合并逐项语义审阅；状态与限制须读原行，非验收CLOSED
AMI-54,AMI,contracts/PPG_ADC_MEASUREMENT_AND_IDAC_INTEGRATION_WRAPPER_INTERFACE_CONTRACT.md:1266,,rtl/ppg_control_top/tb_ppg_control_top_baseline_cross.v:25;rtl/ppg_control_top/tb_ppg_control_top_baseline_cross.v:108;rtl/ppg_control_top/tb_ppg_control_top_baseline_cross.v:1600,contracts/PPG_ALIAS_MAPPING_TABLE.md:89,,rtl_tag,B,C:\Users\DAWN\.codex\visualizations\2026\10\02\01a0fd78-55cb-7173-9e41-1e0b27c41d49\ppg_review_B\evidence\id_four_link_audit.json,已合并逐项语义审阅；状态与限制须读原行，非验收CLOSED
AMR-01,AMR,contracts/PPG_NORMAL_FORK_IDAC_TRACKING_AMB_RECHECK_INTERFACE_CONTRACT.md:651,,rtl/ppg_amb_recheck_scheduler/tb_ppg_amb_recheck_scheduler.v:346,,,"rtl_tag,matrix_or_alias",B,C:\Users\DAWN\.codex\visualizations\2026\10\02\01a0fd78-55cb-7173-9e41-1e0b27c41d49\ppg_review_B\evidence\id_four_link_audit.json,已合并逐项语义审阅；状态与限制须读原行，非验收CLOSED
AMR-02,AMR,contracts/PPG_NORMAL_FORK_IDAC_TRACKING_AMB_RECHECK_INTERFACE_CONTRACT.md:652,,rtl/ppg_amb_recheck_scheduler/tb_ppg_amb_recheck_scheduler.v:355;rtl/ppg_amb_recheck_scheduler/tb_ppg_amb_recheck_scheduler.v:361,,,"rtl_tag,matrix_or_alias",B,C:\Users\DAWN\.codex\visualizations\2026\10\02\01a0fd78-55cb-7173-9e41-1e0b27c41d49\ppg_review_B\evidence\id_four_link_audit.json,已合并逐项语义审阅；状态与限制须读原行，非验收CLOSED
AMR-03,AMR,contracts/PPG_NORMAL_FORK_IDAC_TRACKING_AMB_RECHECK_INTERFACE_CONTRACT.md:653,,rtl/ppg_amb_recheck_scheduler/tb_ppg_amb_recheck_scheduler.v:384,,,"rtl_tag,matrix_or_alias",B,C:\Users\DAWN\.codex\visualizations\2026\10\02\01a0fd78-55cb-7173-9e41-1e0b27c41d49\ppg_review_B\evidence\id_four_link_audit.json,已合并逐项语义审阅；状态与限制须读原行，非验收CLOSED
AMR-04,AMR,contracts/PPG_NORMAL_FORK_IDAC_TRACKING_AMB_RECHECK_INTERFACE_CONTRACT.md:654,,rtl/ppg_amb_recheck_scheduler/tb_ppg_amb_recheck_scheduler.v:387,,,"rtl_tag,matrix_or_alias",B,C:\Users\DAWN\.codex\visualizations\2026\10\02\01a0fd78-55cb-7173-9e41-1e0b27c41d49\ppg_review_B\evidence\id_four_link_audit.json,已合并逐项语义审阅；状态与限制须读原行，非验收CLOSED
AMR-05,AMR,contracts/PPG_NORMAL_FORK_IDAC_TRACKING_AMB_RECHECK_INTERFACE_CONTRACT.md:655,,rtl/ppg_amb_recheck_scheduler/tb_ppg_amb_recheck_scheduler.v:391,,,"rtl_tag,matrix_or_alias",B,C:\Users\DAWN\.codex\visualizations\2026\10\02\01a0fd78-55cb-7173-9e41-1e0b27c41d49\ppg_review_B\evidence\id_four_link_audit.json,已合并逐项语义审阅；状态与限制须读原行，非验收CLOSED
AMR-06,AMR,contracts/PPG_NORMAL_FORK_IDAC_TRACKING_AMB_RECHECK_INTERFACE_CONTRACT.md:656,,rtl/ppg_amb_recheck_scheduler/tb_ppg_amb_recheck_scheduler.v:403,,,"rtl_tag,matrix_or_alias",B,C:\Users\DAWN\.codex\visualizations\2026\10\02\01a0fd78-55cb-7173-9e41-1e0b27c41d49\ppg_review_B\evidence\id_four_link_audit.json,已合并逐项语义审阅；状态与限制须读原行，非验收CLOSED
AMR-07,AMR,contracts/PPG_NORMAL_FORK_IDAC_TRACKING_AMB_RECHECK_INTERFACE_CONTRACT.md:657,,rtl/ppg_amb_recheck_scheduler/tb_ppg_amb_recheck_scheduler.v:467,,,"rtl_tag,matrix_or_alias",B,C:\Users\DAWN\.codex\visualizations\2026\10\02\01a0fd78-55cb-7173-9e41-1e0b27c41d49\ppg_review_B\evidence\id_four_link_audit.json,已合并逐项语义审阅；状态与限制须读原行，非验收CLOSED
AMR-08,AMR,contracts/PPG_NORMAL_FORK_IDAC_TRACKING_AMB_RECHECK_INTERFACE_CONTRACT.md:658,,,,,"rtl_tag,tb_text,matrix_or_alias",B,C:\Users\DAWN\.codex\visualizations\2026\10\02\01a0fd78-55cb-7173-9e41-1e0b27c41d49\ppg_review_B\evidence\id_four_link_audit.json,已合并逐项语义审阅；状态与限制须读原行，非验收CLOSED
AMR-09,AMR,contracts/PPG_NORMAL_FORK_IDAC_TRACKING_AMB_RECHECK_INTERFACE_CONTRACT.md:659,,,,,"rtl_tag,tb_text,matrix_or_alias",B,C:\Users\DAWN\.codex\visualizations\2026\10\02\01a0fd78-55cb-7173-9e41-1e0b27c41d49\ppg_review_B\evidence\id_four_link_audit.json,已合并逐项语义审阅；状态与限制须读原行，非验收CLOSED
AMR-10,AMR,contracts/PPG_NORMAL_FORK_IDAC_TRACKING_AMB_RECHECK_INTERFACE_CONTRACT.md:660,,rtl/ppg_amb_recheck_scheduler/tb_ppg_amb_recheck_scheduler.v:467,,,"rtl_tag,matrix_or_alias",B,C:\Users\DAWN\.codex\visualizations\2026\10\02\01a0fd78-55cb-7173-9e41-1e0b27c41d49\ppg_review_B\evidence\id_four_link_audit.json,已合并逐项语义审阅；状态与限制须读原行，非验收CLOSED
AMR-11,AMR,contracts/PPG_NORMAL_FORK_IDAC_TRACKING_AMB_RECHECK_INTERFACE_CONTRACT.md:661,,rtl/ppg_amb_recheck_scheduler/tb_ppg_amb_recheck_scheduler.v:512,,,"rtl_tag,matrix_or_alias",B,C:\Users\DAWN\.codex\visualizations\2026\10\02\01a0fd78-55cb-7173-9e41-1e0b27c41d49\ppg_review_B\evidence\id_four_link_audit.json,已合并逐项语义审阅；状态与限制须读原行，非验收CLOSED
AMR-12,AMR,contracts/PPG_NORMAL_FORK_IDAC_TRACKING_AMB_RECHECK_INTERFACE_CONTRACT.md:662,,rtl/ppg_amb_recheck_scheduler/tb_ppg_amb_recheck_scheduler.v:545,,,"rtl_tag,matrix_or_alias",B,C:\Users\DAWN\.codex\visualizations\2026\10\02\01a0fd78-55cb-7173-9e41-1e0b27c41d49\ppg_review_B\evidence\id_four_link_audit.json,已合并逐项语义审阅；状态与限制须读原行，非验收CLOSED
AMR-13,AMR,contracts/PPG_NORMAL_FORK_IDAC_TRACKING_AMB_RECHECK_INTERFACE_CONTRACT.md:663,,,,,"rtl_tag,tb_text,matrix_or_alias",B,C:\Users\DAWN\.codex\visualizations\2026\10\02\01a0fd78-55cb-7173-9e41-1e0b27c41d49\ppg_review_B\evidence\id_four_link_audit.json,已合并逐项语义审阅；状态与限制须读原行，非验收CLOSED
AMR-14,AMR,contracts/PPG_NORMAL_FORK_IDAC_TRACKING_AMB_RECHECK_INTERFACE_CONTRACT.md:664,,rtl/ppg_amb_recheck_scheduler/tb_ppg_amb_recheck_scheduler.v:575,,,"rtl_tag,matrix_or_alias",B,C:\Users\DAWN\.codex\visualizations\2026\10\02\01a0fd78-55cb-7173-9e41-1e0b27c41d49\ppg_review_B\evidence\id_four_link_audit.json,已合并逐项语义审阅；状态与限制须读原行，非验收CLOSED
AV4-01,AV4,contracts/PPG_ACTIVE_V4_CONTROL_CONNECTION_MAPPING_CONTRACT.md:606,,,,,"rtl_tag,tb_text,matrix_or_alias",,,无逐ID独立语义记录；按家族/结构抽查，机械候选不等于活跃验收缺口
AV4-02,AV4,contracts/PPG_ACTIVE_V4_CONTROL_CONNECTION_MAPPING_CONTRACT.md:607,,,,,"rtl_tag,tb_text,matrix_or_alias",,,无逐ID独立语义记录；按家族/结构抽查，机械候选不等于活跃验收缺口
AV4-03,AV4,contracts/PPG_ACTIVE_V4_CONTROL_CONNECTION_MAPPING_CONTRACT.md:608,,,,,"rtl_tag,tb_text,matrix_or_alias",,,无逐ID独立语义记录；按家族/结构抽查，机械候选不等于活跃验收缺口
AV4-04,AV4,contracts/PPG_ACTIVE_V4_CONTROL_CONNECTION_MAPPING_CONTRACT.md:609,,,,,"rtl_tag,tb_text,matrix_or_alias",,,无逐ID独立语义记录；按家族/结构抽查，机械候选不等于活跃验收缺口
AV4-05,AV4,contracts/PPG_ACTIVE_V4_CONTROL_CONNECTION_MAPPING_CONTRACT.md:610,,,,,"rtl_tag,tb_text,matrix_or_alias",,,无逐ID独立语义记录；按家族/结构抽查，机械候选不等于活跃验收缺口
AV4-06,AV4,contracts/PPG_ACTIVE_V4_CONTROL_CONNECTION_MAPPING_CONTRACT.md:611,,,,,"rtl_tag,tb_text,matrix_or_alias",,,无逐ID独立语义记录；按家族/结构抽查，机械候选不等于活跃验收缺口
AV4-07,AV4,contracts/PPG_ACTIVE_V4_CONTROL_CONNECTION_MAPPING_CONTRACT.md:612,,,,,"rtl_tag,tb_text,matrix_or_alias",,,无逐ID独立语义记录；按家族/结构抽查，机械候选不等于活跃验收缺口
AV4-08,AV4,contracts/PPG_ACTIVE_V4_CONTROL_CONNECTION_MAPPING_CONTRACT.md:613,,,,,"rtl_tag,tb_text,matrix_or_alias",,,无逐ID独立语义记录；按家族/结构抽查，机械候选不等于活跃验收缺口
AV4-09,AV4,contracts/PPG_ACTIVE_V4_CONTROL_CONNECTION_MAPPING_CONTRACT.md:614,,,,,"rtl_tag,tb_text,matrix_or_alias",,,无逐ID独立语义记录；按家族/结构抽查，机械候选不等于活跃验收缺口
AV4-10,AV4,contracts/PPG_ACTIVE_V4_CONTROL_CONNECTION_MAPPING_CONTRACT.md:615,,,,,"rtl_tag,tb_text,matrix_or_alias",,,无逐ID独立语义记录；按家族/结构抽查，机械候选不等于活跃验收缺口
AV4-11,AV4,contracts/PPG_ACTIVE_V4_CONTROL_CONNECTION_MAPPING_CONTRACT.md:616,,,,,"rtl_tag,tb_text,matrix_or_alias",,,无逐ID独立语义记录；按家族/结构抽查，机械候选不等于活跃验收缺口
AV4-12,AV4,contracts/PPG_ACTIVE_V4_CONTROL_CONNECTION_MAPPING_CONTRACT.md:617,,,,,"rtl_tag,tb_text,matrix_or_alias",,,无逐ID独立语义记录；按家族/结构抽查，机械候选不等于活跃验收缺口
AV4-13,AV4,contracts/PPG_ACTIVE_V4_CONTROL_CONNECTION_MAPPING_CONTRACT.md:618,,,,,"rtl_tag,tb_text,matrix_or_alias",,,无逐ID独立语义记录；按家族/结构抽查，机械候选不等于活跃验收缺口
AV4-14,AV4,contracts/PPG_ACTIVE_V4_CONTROL_CONNECTION_MAPPING_CONTRACT.md:619,,,,,"rtl_tag,tb_text,matrix_or_alias",,,无逐ID独立语义记录；按家族/结构抽查，机械候选不等于活跃验收缺口
AV4-15,AV4,contracts/PPG_ACTIVE_V4_CONTROL_CONNECTION_MAPPING_CONTRACT.md:620,,,,,"rtl_tag,tb_text,matrix_or_alias",,,无逐ID独立语义记录；按家族/结构抽查，机械候选不等于活跃验收缺口
AV4-16,AV4,contracts/PPG_ACTIVE_V4_CONTROL_CONNECTION_MAPPING_CONTRACT.md:621,,,,,"rtl_tag,tb_text,matrix_or_alias",,,无逐ID独立语义记录；按家族/结构抽查，机械候选不等于活跃验收缺口
AV4-17,AV4,contracts/PPG_ACTIVE_V4_CONTROL_CONNECTION_MAPPING_CONTRACT.md:622,,,,,"rtl_tag,tb_text,matrix_or_alias",,,无逐ID独立语义记录；按家族/结构抽查，机械候选不等于活跃验收缺口
AV4-18,AV4,contracts/PPG_ACTIVE_V4_CONTROL_CONNECTION_MAPPING_CONTRACT.md:623,,,,,"rtl_tag,tb_text,matrix_or_alias",,,无逐ID独立语义记录；按家族/结构抽查，机械候选不等于活跃验收缺口
AV4-19,AV4,contracts/PPG_ACTIVE_V4_CONTROL_CONNECTION_MAPPING_CONTRACT.md:624,,,,,"rtl_tag,tb_text,matrix_or_alias",,,无逐ID独立语义记录；按家族/结构抽查，机械候选不等于活跃验收缺口
AV4C-01,AV4C,contracts/PPG_ACTIVE_V4_CONTROL_PLANE_INTEGRATION_WRAPPER_INTERFACE_CONTRACT.md:295,,rtl/ppg_active_v4_control_plane_integration/tb_ppg_active_v4_control_plane_integration.v:23;rtl/ppg_active_v4_control_plane_integration/tb_ppg_active_v4_control_plane_integration.v:45;rtl/ppg_active_v4_control_plane_integration/tb_ppg_active_v4_control_plane_integration.v:635;rtl/ppg_active_v4_control_plane_integration/tb_ppg_active_v4_control_plane_integration.v:650;rtl/ppg_active_v4_control_plane_integration/tb_ppg_active_v4_control_plane_integration.v:653;rtl/ppg_active_v4_control_plane_integration/tb_ppg_active_v4_control_plane_integration.v:874,,,"rtl_tag,matrix_or_alias",D,C:\Users\DAWN\.codex\visualizations\2026\10\02\01a0fd78-edf3-7221-9fc4-3dd2391369a9\ppg_review_D\evidence\id_local_D.json,已合并逐项语义审阅；状态与限制须读原行，非验收CLOSED
AV4C-02,AV4C,contracts/PPG_ACTIVE_V4_CONTROL_PLANE_INTEGRATION_WRAPPER_INTERFACE_CONTRACT.md:296,,rtl/ppg_active_v4_control_plane_integration/tb_ppg_active_v4_control_plane_integration.v:23;rtl/ppg_active_v4_control_plane_integration/tb_ppg_active_v4_control_plane_integration.v:45;rtl/ppg_active_v4_control_plane_integration/tb_ppg_active_v4_control_plane_integration.v:674;rtl/ppg_active_v4_control_plane_integration/tb_ppg_active_v4_control_plane_integration.v:676;rtl/ppg_active_v4_control_plane_integration/tb_ppg_active_v4_control_plane_integration.v:679,,,"rtl_tag,matrix_or_alias",D,C:\Users\DAWN\.codex\visualizations\2026\10\02\01a0fd78-edf3-7221-9fc4-3dd2391369a9\ppg_review_D\evidence\id_local_D.json,已合并逐项语义审阅；状态与限制须读原行，非验收CLOSED
AV4C-03,AV4C,contracts/PPG_ACTIVE_V4_CONTROL_PLANE_INTEGRATION_WRAPPER_INTERFACE_CONTRACT.md:297,,rtl/ppg_active_v4_control_plane_integration/tb_ppg_active_v4_control_plane_integration.v:23;rtl/ppg_active_v4_control_plane_integration/tb_ppg_active_v4_control_plane_integration.v:45;rtl/ppg_active_v4_control_plane_integration/tb_ppg_active_v4_control_plane_integration.v:674;rtl/ppg_active_v4_control_plane_integration/tb_ppg_active_v4_control_plane_integration.v:680,,,"rtl_tag,matrix_or_alias",D,C:\Users\DAWN\.codex\visualizations\2026\10\02\01a0fd78-edf3-7221-9fc4-3dd2391369a9\ppg_review_D\evidence\id_local_D.json,已合并逐项语义审阅；状态与限制须读原行，非验收CLOSED
AV4C-04,AV4C,contracts/PPG_ACTIVE_V4_CONTROL_PLANE_INTEGRATION_WRAPPER_INTERFACE_CONTRACT.md:298,,rtl/ppg_active_v4_control_plane_integration/tb_ppg_active_v4_control_plane_integration.v:23;rtl/ppg_active_v4_control_plane_integration/tb_ppg_active_v4_control_plane_integration.v:45;rtl/ppg_active_v4_control_plane_integration/tb_ppg_active_v4_control_plane_integration.v:584;rtl/ppg_active_v4_control_plane_integration/tb_ppg_active_v4_control_plane_integration.v:592;rtl/ppg_active_v4_control_plane_integration/tb_ppg_active_v4_control_plane_integration.v:595,,,"rtl_tag,matrix_or_alias",D,C:\Users\DAWN\.codex\visualizations\2026\10\02\01a0fd78-edf3-7221-9fc4-3dd2391369a9\ppg_review_D\evidence\id_local_D.json,已合并逐项语义审阅；状态与限制须读原行，非验收CLOSED
AV4C-05,AV4C,contracts/PPG_ACTIVE_V4_CONTROL_PLANE_INTEGRATION_WRAPPER_INTERFACE_CONTRACT.md:299,,rtl/ppg_active_v4_control_plane_integration/tb_ppg_active_v4_control_plane_integration.v:23;rtl/ppg_active_v4_control_plane_integration/tb_ppg_active_v4_control_plane_integration.v:45;rtl/ppg_active_v4_control_plane_integration/tb_ppg_active_v4_control_plane_integration.v:635;rtl/ppg_active_v4_control_plane_integration/tb_ppg_active_v4_control_plane_integration.v:656;rtl/ppg_active_v4_control_plane_integration/tb_ppg_active_v4_control_plane_integration.v:659,,,"rtl_tag,matrix_or_alias",D,C:\Users\DAWN\.codex\visualizations\2026\10\02\01a0fd78-edf3-7221-9fc4-3dd2391369a9\ppg_review_D\evidence\id_local_D.json,已合并逐项语义审阅；状态与限制须读原行，非验收CLOSED
AV4C-06,AV4C,contracts/PPG_ACTIVE_V4_CONTROL_PLANE_INTEGRATION_WRAPPER_INTERFACE_CONTRACT.md:300,,rtl/ppg_active_v4_control_plane_integration/tb_ppg_active_v4_control_plane_integration.v:23;rtl/ppg_active_v4_control_plane_integration/tb_ppg_active_v4_control_plane_integration.v:45;rtl/ppg_active_v4_control_plane_integration/tb_ppg_active_v4_control_plane_integration.v:691;rtl/ppg_active_v4_control_plane_integration/tb_ppg_active_v4_control_plane_integration.v:695;rtl/ppg_active_v4_control_plane_integration/tb_ppg_active_v4_control_plane_integration.v:702;rtl/ppg_active_v4_control_plane_integration/tb_ppg_active_v4_control_plane_integration.v:705,,,"rtl_tag,matrix_or_alias",D,C:\Users\DAWN\.codex\visualizations\2026\10\02\01a0fd78-edf3-7221-9fc4-3dd2391369a9\ppg_review_D\evidence\id_local_D.json,已合并逐项语义审阅；状态与限制须读原行，非验收CLOSED
AV4C-07,AV4C,contracts/PPG_ACTIVE_V4_CONTROL_PLANE_INTEGRATION_WRAPPER_INTERFACE_CONTRACT.md:301,,rtl/ppg_active_v4_control_plane_integration/tb_ppg_active_v4_control_plane_integration.v:23;rtl/ppg_active_v4_control_plane_integration/tb_ppg_active_v4_control_plane_integration.v:45;rtl/ppg_active_v4_control_plane_integration/tb_ppg_active_v4_control_plane_integration.v:724;rtl/ppg_active_v4_control_plane_integration/tb_ppg_active_v4_control_plane_integration.v:731;rtl/ppg_active_v4_control_plane_integration/tb_ppg_active_v4_control_plane_integration.v:737;rtl/ppg_active_v4_control_plane_integration/tb_ppg_active_v4_control_plane_integration.v:747;rtl/ppg_active_v4_control_plane_integration/tb_ppg_active_v4_control_plane_integration.v:750,,,"rtl_tag,matrix_or_alias",D,C:\Users\DAWN\.codex\visualizations\2026\10\02\01a0fd78-edf3-7221-9fc4-3dd2391369a9\ppg_review_D\evidence\id_local_D.json,已合并逐项语义审阅；状态与限制须读原行，非验收CLOSED
AV4C-08,AV4C,contracts/PPG_ACTIVE_V4_CONTROL_PLANE_INTEGRATION_WRAPPER_INTERFACE_CONTRACT.md:302,,rtl/ppg_active_v4_control_plane_integration/tb_ppg_active_v4_control_plane_integration.v:23;rtl/ppg_active_v4_control_plane_integration/tb_ppg_active_v4_control_plane_integration.v:45;rtl/ppg_active_v4_control_plane_integration/tb_ppg_active_v4_control_plane_integration.v:598;rtl/ppg_active_v4_control_plane_integration/tb_ppg_active_v4_control_plane_integration.v:601;rtl/ppg_active_v4_control_plane_integration/tb_ppg_active_v4_control_plane_integration.v:604,,,"rtl_tag,matrix_or_alias",D,C:\Users\DAWN\.codex\visualizations\2026\10\02\01a0fd78-edf3-7221-9fc4-3dd2391369a9\ppg_review_D\evidence\id_local_D.json,已合并逐项语义审阅；状态与限制须读原行，非验收CLOSED
AV4C-09,AV4C,contracts/PPG_ACTIVE_V4_CONTROL_PLANE_INTEGRATION_WRAPPER_INTERFACE_CONTRACT.md:303,,rtl/ppg_active_v4_control_plane_integration/tb_ppg_active_v4_control_plane_integration.v:23;rtl/ppg_active_v4_control_plane_integration/tb_ppg_active_v4_control_plane_integration.v:45;rtl/ppg_active_v4_control_plane_integration/tb_ppg_active_v4_control_plane_integration.v:685;rtl/ppg_active_v4_control_plane_integration/tb_ppg_active_v4_control_plane_integration.v:687;rtl/ppg_active_v4_control_plane_integration/tb_ppg_active_v4_control_plane_integration.v:772;rtl/ppg_active_v4_control_plane_integration/tb_ppg_active_v4_control_plane_integration.v:778;rtl/ppg_active_v4_control_plane_integration/tb_ppg_active_v4_control_plane_integration.v:781,,,"rtl_tag,matrix_or_alias",D,C:\Users\DAWN\.codex\visualizations\2026\10\02\01a0fd78-edf3-7221-9fc4-3dd2391369a9\ppg_review_D\evidence\id_local_D.json,已合并逐项语义审阅；状态与限制须读原行，非验收CLOSED
AV4C-10,AV4C,contracts/PPG_ACTIVE_V4_CONTROL_PLANE_INTEGRATION_WRAPPER_INTERFACE_CONTRACT.md:304,,rtl/ppg_active_v4_control_plane_integration/tb_ppg_active_v4_control_plane_integration.v:23;rtl/ppg_active_v4_control_plane_integration/tb_ppg_active_v4_control_plane_integration.v:45;rtl/ppg_active_v4_control_plane_integration/tb_ppg_active_v4_control_plane_integration.v:607;rtl/ppg_active_v4_control_plane_integration/tb_ppg_active_v4_control_plane_integration.v:614;rtl/ppg_active_v4_control_plane_integration/tb_ppg_active_v4_control_plane_integration.v:617,,,"rtl_tag,matrix_or_alias",D,C:\Users\DAWN\.codex\visualizations\2026\10\02\01a0fd78-edf3-7221-9fc4-3dd2391369a9\ppg_review_D\evidence\id_local_D.json,已合并逐项语义审阅；状态与限制须读原行，非验收CLOSED
AV4C-11,AV4C,contracts/PPG_ACTIVE_V4_CONTROL_PLANE_INTEGRATION_WRAPPER_INTERFACE_CONTRACT.md:305,,rtl/ppg_active_v4_control_plane_integration/tb_ppg_active_v4_control_plane_integration.v:23;rtl/ppg_active_v4_control_plane_integration/tb_ppg_active_v4_control_plane_integration.v:45;rtl/ppg_active_v4_control_plane_integration/tb_ppg_active_v4_control_plane_integration.v:621;rtl/ppg_active_v4_control_plane_integration/tb_ppg_active_v4_control_plane_integration.v:628;rtl/ppg_active_v4_control_plane_integration/tb_ppg_active_v4_control_plane_integration.v:631,,,"rtl_tag,matrix_or_alias",D,C:\Users\DAWN\.codex\visualizations\2026\10\02\01a0fd78-edf3-7221-9fc4-3dd2391369a9\ppg_review_D\evidence\id_local_D.json,已合并逐项语义审阅；状态与限制须读原行，非验收CLOSED
AV4C-12,AV4C,contracts/PPG_ACTIVE_V4_CONTROL_PLANE_INTEGRATION_WRAPPER_INTERFACE_CONTRACT.md:306,,rtl/ppg_active_v4_control_plane_integration/tb_ppg_active_v4_control_plane_integration.v:23;rtl/ppg_active_v4_control_plane_integration/tb_ppg_active_v4_control_plane_integration.v:45;rtl/ppg_active_v4_control_plane_integration/tb_ppg_active_v4_control_plane_integration.v:708;rtl/ppg_active_v4_control_plane_integration/tb_ppg_active_v4_control_plane_integration.v:712;rtl/ppg_active_v4_control_plane_integration/tb_ppg_active_v4_control_plane_integration.v:715,,,"rtl_tag,matrix_or_alias",D,C:\Users\DAWN\.codex\visualizations\2026\10\02\01a0fd78-edf3-7221-9fc4-3dd2391369a9\ppg_review_D\evidence\id_local_D.json,已合并逐项语义审阅；状态与限制须读原行，非验收CLOSED
AV4C-13,AV4C,contracts/PPG_ACTIVE_V4_CONTROL_PLANE_INTEGRATION_WRAPPER_INTERFACE_CONTRACT.md:307,,rtl/ppg_active_v4_control_plane_integration/tb_ppg_active_v4_control_plane_integration.v:23;rtl/ppg_active_v4_control_plane_integration/tb_ppg_active_v4_control_plane_integration.v:45;rtl/ppg_active_v4_control_plane_integration/tb_ppg_active_v4_control_plane_integration.v:564;rtl/ppg_active_v4_control_plane_integration/tb_ppg_active_v4_control_plane_integration.v:568;rtl/ppg_active_v4_control_plane_integration/tb_ppg_active_v4_control_plane_integration.v:571;rtl/ppg_active_v4_control_plane_integration/tb_ppg_active_v4_control_plane_integration.v:580,,,"rtl_tag,matrix_or_alias",D,C:\Users\DAWN\.codex\visualizations\2026\10\02\01a0fd78-edf3-7221-9fc4-3dd2391369a9\ppg_review_D\evidence\id_local_D.json,已合并逐项语义审阅；状态与限制须读原行，非验收CLOSED
AV4C-14,AV4C,contracts/PPG_ACTIVE_V4_CONTROL_PLANE_INTEGRATION_WRAPPER_INTERFACE_CONTRACT.md:308,,rtl/ppg_active_v4_control_plane_integration/tb_ppg_active_v4_control_plane_integration.v:23;rtl/ppg_active_v4_control_plane_integration/tb_ppg_active_v4_control_plane_integration.v:45;rtl/ppg_active_v4_control_plane_integration/tb_ppg_active_v4_control_plane_integration.v:635;rtl/ppg_active_v4_control_plane_integration/tb_ppg_active_v4_control_plane_integration.v:640;rtl/ppg_active_v4_control_plane_integration/tb_ppg_active_v4_control_plane_integration.v:668;rtl/ppg_active_v4_control_plane_integration/tb_ppg_active_v4_control_plane_integration.v:671,,,"rtl_tag,matrix_or_alias",D,C:\Users\DAWN\.codex\visualizations\2026\10\02\01a0fd78-edf3-7221-9fc4-3dd2391369a9\ppg_review_D\evidence\id_local_D.json,已合并逐项语义审阅；状态与限制须读原行，非验收CLOSED
AV4C-15,AV4C,contracts/PPG_ACTIVE_V4_CONTROL_PLANE_INTEGRATION_WRAPPER_INTERFACE_CONTRACT.md:309,,rtl/ppg_active_v4_control_plane_integration/tb_ppg_active_v4_control_plane_integration.v:23;rtl/ppg_active_v4_control_plane_integration/tb_ppg_active_v4_control_plane_integration.v:45;rtl/ppg_active_v4_control_plane_integration/tb_ppg_active_v4_control_plane_integration.v:674;rtl/ppg_active_v4_control_plane_integration/tb_ppg_active_v4_control_plane_integration.v:681,,,"rtl_tag,matrix_or_alias",D,C:\Users\DAWN\.codex\visualizations\2026\10\02\01a0fd78-edf3-7221-9fc4-3dd2391369a9\ppg_review_D\evidence\id_local_D.json,已合并逐项语义审阅；状态与限制须读原行，非验收CLOSED
AV4C-16,AV4C,contracts/PPG_ACTIVE_V4_CONTROL_PLANE_INTEGRATION_WRAPPER_INTERFACE_CONTRACT.md:310,,rtl/ppg_active_v4_control_plane_integration/tb_ppg_active_v4_control_plane_integration.v:23;rtl/ppg_active_v4_control_plane_integration/tb_ppg_active_v4_control_plane_integration.v:45;rtl/ppg_active_v4_control_plane_integration/tb_ppg_active_v4_control_plane_integration.v:753;rtl/ppg_active_v4_control_plane_integration/tb_ppg_active_v4_control_plane_integration.v:765;rtl/ppg_active_v4_control_plane_integration/tb_ppg_active_v4_control_plane_integration.v:768,,,"rtl_tag,matrix_or_alias",D,C:\Users\DAWN\.codex\visualizations\2026\10\02\01a0fd78-edf3-7221-9fc4-3dd2391369a9\ppg_review_D\evidence\id_local_D.json,已合并逐项语义审阅；状态与限制须读原行，非验收CLOSED
AV4C-17,AV4C,contracts/PPG_ACTIVE_V4_CONTROL_PLANE_INTEGRATION_WRAPPER_INTERFACE_CONTRACT.md:311,,rtl/ppg_active_v4_control_plane_integration/tb_ppg_active_v4_control_plane_integration.v:23;rtl/ppg_active_v4_control_plane_integration/tb_ppg_active_v4_control_plane_integration.v:45;rtl/ppg_active_v4_control_plane_integration/tb_ppg_active_v4_control_plane_integration.v:674;rtl/ppg_active_v4_control_plane_integration/tb_ppg_active_v4_control_plane_integration.v:682,,,"rtl_tag,matrix_or_alias",D,C:\Users\DAWN\.codex\visualizations\2026\10\02\01a0fd78-edf3-7221-9fc4-3dd2391369a9\ppg_review_D\evidence\id_local_D.json,已合并逐项语义审阅；状态与限制须读原行，非验收CLOSED
AV4C-18,AV4C,contracts/PPG_ACTIVE_V4_CONTROL_PLANE_INTEGRATION_WRAPPER_INTERFACE_CONTRACT.md:312,,rtl/ppg_active_v4_control_plane_integration/tb_ppg_active_v4_control_plane_integration.v:23;rtl/ppg_active_v4_control_plane_integration/tb_ppg_active_v4_control_plane_integration.v:45;rtl/ppg_active_v4_control_plane_integration/tb_ppg_active_v4_control_plane_integration.v:708;rtl/ppg_active_v4_control_plane_integration/tb_ppg_active_v4_control_plane_integration.v:718;rtl/ppg_active_v4_control_plane_integration/tb_ppg_active_v4_control_plane_integration.v:721,,,"rtl_tag,matrix_or_alias",D,C:\Users\DAWN\.codex\visualizations\2026\10\02\01a0fd78-edf3-7221-9fc4-3dd2391369a9\ppg_review_D\evidence\id_local_D.json,已合并逐项语义审阅；状态与限制须读原行，非验收CLOSED
AV4C-19,AV4C,contracts/PPG_ACTIVE_V4_CONTROL_PLANE_INTEGRATION_WRAPPER_INTERFACE_CONTRACT.md:313,,rtl/ppg_active_v4_control_plane_integration/tb_ppg_active_v4_control_plane_integration.v:24;rtl/ppg_active_v4_control_plane_integration/tb_ppg_active_v4_control_plane_integration.v:46;rtl/ppg_active_v4_control_plane_integration/tb_ppg_active_v4_control_plane_integration.v:784;rtl/ppg_active_v4_control_plane_integration/tb_ppg_active_v4_control_plane_integration.v:790;rtl/ppg_active_v4_control_plane_integration/tb_ppg_active_v4_control_plane_integration.v:799;rtl/ppg_active_v4_control_plane_integration/tb_ppg_active_v4_control_plane_integration.v:802,,,"rtl_tag,matrix_or_alias",D,C:\Users\DAWN\.codex\visualizations\2026\10\02\01a0fd78-edf3-7221-9fc4-3dd2391369a9\ppg_review_D\evidence\id_local_D.json,已合并逐项语义审阅；状态与限制须读原行，非验收CLOSED
AV4C-20,AV4C,contracts/PPG_ACTIVE_V4_CONTROL_PLANE_INTEGRATION_WRAPPER_INTERFACE_CONTRACT.md:314,,rtl/ppg_active_v4_control_plane_integration/tb_ppg_active_v4_control_plane_integration.v:24;rtl/ppg_active_v4_control_plane_integration/tb_ppg_active_v4_control_plane_integration.v:46;rtl/ppg_active_v4_control_plane_integration/tb_ppg_active_v4_control_plane_integration.v:221;rtl/ppg_active_v4_control_plane_integration/tb_ppg_active_v4_control_plane_integration.v:840;rtl/ppg_active_v4_control_plane_integration/tb_ppg_active_v4_control_plane_integration.v:845;rtl/ppg_active_v4_control_plane_integration/tb_ppg_active_v4_control_plane_integration.v:852;rtl/ppg_active_v4_control_plane_integration/tb_ppg_active_v4_control_plane_integration.v:856;rtl/ppg_active_v4_control_plane_integration/tb_ppg_active_v4_control_plane_integration.v:861;rtl/ppg_active_v4_control_plane_integration/tb_ppg_active_v4_control_plane_integration.v:867;rtl/ppg_active_v4_control_plane_integration/tb_ppg_active_v4_control_plane_integration.v:870,,,"rtl_tag,matrix_or_alias",D,C:\Users\DAWN\.codex\visualizations\2026\10\02\01a0fd78-edf3-7221-9fc4-3dd2391369a9\ppg_review_D\evidence\id_local_D.json,已合并逐项语义审阅；状态与限制须读原行，非验收CLOSED
AV4C-21,AV4C,contracts/PPG_ACTIVE_V4_CONTROL_PLANE_INTEGRATION_WRAPPER_INTERFACE_CONTRACT.md:315,,rtl/ppg_active_v4_control_plane_integration/tb_ppg_active_v4_control_plane_integration.v:24;rtl/ppg_active_v4_control_plane_integration/tb_ppg_active_v4_control_plane_integration.v:46;rtl/ppg_active_v4_control_plane_integration/tb_ppg_active_v4_control_plane_integration.v:807;rtl/ppg_active_v4_control_plane_integration/tb_ppg_active_v4_control_plane_integration.v:816;rtl/ppg_active_v4_control_plane_integration/tb_ppg_active_v4_control_plane_integration.v:819,,,"rtl_tag,matrix_or_alias",D,C:\Users\DAWN\.codex\visualizations\2026\10\02\01a0fd78-edf3-7221-9fc4-3dd2391369a9\ppg_review_D\evidence\id_local_D.json,已合并逐项语义审阅；状态与限制须读原行，非验收CLOSED
AV4C-22,AV4C,contracts/PPG_ACTIVE_V4_CONTROL_PLANE_INTEGRATION_WRAPPER_INTERFACE_CONTRACT.md:316,,rtl/ppg_active_v4_control_plane_integration/tb_ppg_active_v4_control_plane_integration.v:24;rtl/ppg_active_v4_control_plane_integration/tb_ppg_active_v4_control_plane_integration.v:46;rtl/ppg_active_v4_control_plane_integration/tb_ppg_active_v4_control_plane_integration.v:823;rtl/ppg_active_v4_control_plane_integration/tb_ppg_active_v4_control_plane_integration.v:825;rtl/ppg_active_v4_control_plane_integration/tb_ppg_active_v4_control_plane_integration.v:834;rtl/ppg_active_v4_control_plane_integration/tb_ppg_active_v4_control_plane_integration.v:837;rtl/ppg_active_v4_control_plane_integration/tb_ppg_active_v4_control_plane_integration.v:874,,,"rtl_tag,matrix_or_alias",D,C:\Users\DAWN\.codex\visualizations\2026\10\02\01a0fd78-edf3-7221-9fc4-3dd2391369a9\ppg_review_D\evidence\id_local_D.json,已合并逐项语义审阅；状态与限制须读原行，非验收CLOSED
BSL-01,BSL,contracts/PPG_DYNAMIC_BASELINE_SLOPE_AND_UPWARD_CROSSING_INTERFACE_CONTRACT.md:896,,rtl/ppg_dynamic_baseline_cross_detector/tb_ppg_dynamic_baseline_cross_detector.v:10;rtl/ppg_dynamic_baseline_cross_detector/tb_ppg_dynamic_baseline_cross_detector.v:22;rtl/ppg_dynamic_baseline_cross_detector/tb_ppg_dynamic_baseline_cross_detector.v:30;rtl/ppg_dynamic_baseline_cross_detector/tb_ppg_dynamic_baseline_cross_detector.v:42;rtl/ppg_dynamic_baseline_cross_detector/tb_ppg_dynamic_baseline_cross_detector.v:756;rtl/ppg_dynamic_baseline_cross_detector/tb_ppg_dynamic_baseline_cross_detector.v:758;rtl/ppg_dynamic_baseline_cross_detector/tb_ppg_dynamic_baseline_cross_detector.v:1308,,,"rtl_tag,matrix_or_alias",C,C:\Users\DAWN\.codex\visualizations\2026\10\02\01a0fd78-b9b8-78f2-8e39-c02cd0049c19\ppg_review_C\evidence\id_review_matrix.csv,已合并逐项语义审阅；状态与限制须读原行，非验收CLOSED
BSL-02,BSL,contracts/PPG_DYNAMIC_BASELINE_SLOPE_AND_UPWARD_CROSSING_INTERFACE_CONTRACT.md:897,,rtl/ppg_dynamic_baseline_cross_detector/tb_ppg_dynamic_baseline_cross_detector.v:10;rtl/ppg_dynamic_baseline_cross_detector/tb_ppg_dynamic_baseline_cross_detector.v:30;rtl/ppg_dynamic_baseline_cross_detector/tb_ppg_dynamic_baseline_cross_detector.v:761,,,"rtl_tag,matrix_or_alias",C,C:\Users\DAWN\.codex\visualizations\2026\10\02\01a0fd78-b9b8-78f2-8e39-c02cd0049c19\ppg_review_C\evidence\id_review_matrix.csv,已合并逐项语义审阅；状态与限制须读原行，非验收CLOSED
BSL-03,BSL,contracts/PPG_DYNAMIC_BASELINE_SLOPE_AND_UPWARD_CROSSING_INTERFACE_CONTRACT.md:898,,rtl/ppg_dynamic_baseline_cross_detector/tb_ppg_dynamic_baseline_cross_detector.v:10;rtl/ppg_dynamic_baseline_cross_detector/tb_ppg_dynamic_baseline_cross_detector.v:30;rtl/ppg_dynamic_baseline_cross_detector/tb_ppg_dynamic_baseline_cross_detector.v:766,,,"rtl_tag,matrix_or_alias",C,C:\Users\DAWN\.codex\visualizations\2026\10\02\01a0fd78-b9b8-78f2-8e39-c02cd0049c19\ppg_review_C\evidence\id_review_matrix.csv,已合并逐项语义审阅；状态与限制须读原行，非验收CLOSED
BSL-04,BSL,contracts/PPG_DYNAMIC_BASELINE_SLOPE_AND_UPWARD_CROSSING_INTERFACE_CONTRACT.md:899,,rtl/ppg_control_top/tb_ppg_control_top_baseline_cross.v:28;rtl/ppg_control_top/tb_ppg_control_top_baseline_cross.v:111;rtl/ppg_dynamic_baseline_cross_detector/tb_ppg_dynamic_baseline_cross_detector.v:10;rtl/ppg_dynamic_baseline_cross_detector/tb_ppg_dynamic_baseline_cross_detector.v:30;rtl/ppg_dynamic_baseline_cross_detector/tb_ppg_dynamic_baseline_cross_detector.v:769,,,"rtl_tag,matrix_or_alias",C,C:\Users\DAWN\.codex\visualizations\2026\10\02\01a0fd78-b9b8-78f2-8e39-c02cd0049c19\ppg_review_C\evidence\id_review_matrix.csv,已合并逐项语义审阅；状态与限制须读原行，非验收CLOSED
BSL-05,BSL,contracts/PPG_DYNAMIC_BASELINE_SLOPE_AND_UPWARD_CROSSING_INTERFACE_CONTRACT.md:900,,rtl/ppg_dynamic_baseline_cross_detector/tb_ppg_dynamic_baseline_cross_detector.v:10;rtl/ppg_dynamic_baseline_cross_detector/tb_ppg_dynamic_baseline_cross_detector.v:30;rtl/ppg_dynamic_baseline_cross_detector/tb_ppg_dynamic_baseline_cross_detector.v:773,,,"rtl_tag,matrix_or_alias",C,C:\Users\DAWN\.codex\visualizations\2026\10\02\01a0fd78-b9b8-78f2-8e39-c02cd0049c19\ppg_review_C\evidence\id_review_matrix.csv,已合并逐项语义审阅；状态与限制须读原行，非验收CLOSED
BSL-06,BSL,contracts/PPG_DYNAMIC_BASELINE_SLOPE_AND_UPWARD_CROSSING_INTERFACE_CONTRACT.md:901,,rtl/ppg_dynamic_baseline_cross_detector/tb_ppg_dynamic_baseline_cross_detector.v:10;rtl/ppg_dynamic_baseline_cross_detector/tb_ppg_dynamic_baseline_cross_detector.v:30;rtl/ppg_dynamic_baseline_cross_detector/tb_ppg_dynamic_baseline_cross_detector.v:775;rtl/ppg_dynamic_baseline_cross_detector/tb_ppg_dynamic_baseline_cross_detector.v:784,,,"rtl_tag,matrix_or_alias",C,C:\Users\DAWN\.codex\visualizations\2026\10\02\01a0fd78-b9b8-78f2-8e39-c02cd0049c19\ppg_review_C\evidence\id_review_matrix.csv,已合并逐项语义审阅；状态与限制须读原行，非验收CLOSED
BSL-07,BSL,contracts/PPG_DYNAMIC_BASELINE_SLOPE_AND_UPWARD_CROSSING_INTERFACE_CONTRACT.md:902,,rtl/ppg_dynamic_baseline_cross_detector/tb_ppg_dynamic_baseline_cross_detector.v:10;rtl/ppg_dynamic_baseline_cross_detector/tb_ppg_dynamic_baseline_cross_detector.v:30;rtl/ppg_dynamic_baseline_cross_detector/tb_ppg_dynamic_baseline_cross_detector.v:786;rtl/ppg_dynamic_baseline_cross_detector/tb_ppg_dynamic_baseline_cross_detector.v:795,,,"rtl_tag,matrix_or_alias",C,C:\Users\DAWN\.codex\visualizations\2026\10\02\01a0fd78-b9b8-78f2-8e39-c02cd0049c19\ppg_review_C\evidence\id_review_matrix.csv,已合并逐项语义审阅；状态与限制须读原行，非验收CLOSED
BSL-08,BSL,contracts/PPG_DYNAMIC_BASELINE_SLOPE_AND_UPWARD_CROSSING_INTERFACE_CONTRACT.md:903,,rtl/ppg_dynamic_baseline_cross_detector/tb_ppg_dynamic_baseline_cross_detector.v:10;rtl/ppg_dynamic_baseline_cross_detector/tb_ppg_dynamic_baseline_cross_detector.v:30;rtl/ppg_dynamic_baseline_cross_detector/tb_ppg_dynamic_baseline_cross_detector.v:799;rtl/ppg_dynamic_baseline_cross_detector/tb_ppg_dynamic_baseline_cross_detector.v:806,,,"rtl_tag,matrix_or_alias",C,C:\Users\DAWN\.codex\visualizations\2026\10\02\01a0fd78-b9b8-78f2-8e39-c02cd0049c19\ppg_review_C\evidence\id_review_matrix.csv,已合并逐项语义审阅；状态与限制须读原行，非验收CLOSED
BSL-09,BSL,contracts/PPG_DYNAMIC_BASELINE_SLOPE_AND_UPWARD_CROSSING_INTERFACE_CONTRACT.md:904,,rtl/ppg_dynamic_baseline_cross_detector/tb_ppg_dynamic_baseline_cross_detector.v:10;rtl/ppg_dynamic_baseline_cross_detector/tb_ppg_dynamic_baseline_cross_detector.v:30;rtl/ppg_dynamic_baseline_cross_detector/tb_ppg_dynamic_baseline_cross_detector.v:799;rtl/ppg_dynamic_baseline_cross_detector/tb_ppg_dynamic_baseline_cross_detector.v:810;rtl/ppg_dynamic_baseline_cross_detector/tb_ppg_dynamic_baseline_cross_detector.v:816,,,"rtl_tag,matrix_or_alias",C,C:\Users\DAWN\.codex\visualizations\2026\10\02\01a0fd78-b9b8-78f2-8e39-c02cd0049c19\ppg_review_C\evidence\id_review_matrix.csv,已合并逐项语义审阅；状态与限制须读原行，非验收CLOSED
BSL-10,BSL,contracts/PPG_DYNAMIC_BASELINE_SLOPE_AND_UPWARD_CROSSING_INTERFACE_CONTRACT.md:905,,rtl/ppg_dynamic_baseline_cross_detector/tb_ppg_dynamic_baseline_cross_detector.v:10;rtl/ppg_dynamic_baseline_cross_detector/tb_ppg_dynamic_baseline_cross_detector.v:30;rtl/ppg_dynamic_baseline_cross_detector/tb_ppg_dynamic_baseline_cross_detector.v:799;rtl/ppg_dynamic_baseline_cross_detector/tb_ppg_dynamic_baseline_cross_detector.v:819;rtl/ppg_dynamic_baseline_cross_detector/tb_ppg_dynamic_baseline_cross_detector.v:825,,,"rtl_tag,matrix_or_alias",C,C:\Users\DAWN\.codex\visualizations\2026\10\02\01a0fd78-b9b8-78f2-8e39-c02cd0049c19\ppg_review_C\evidence\id_review_matrix.csv,已合并逐项语义审阅；状态与限制须读原行，非验收CLOSED
BSL-11,BSL,contracts/PPG_DYNAMIC_BASELINE_SLOPE_AND_UPWARD_CROSSING_INTERFACE_CONTRACT.md:906,,rtl/ppg_dynamic_baseline_cross_detector/tb_ppg_dynamic_baseline_cross_detector.v:10;rtl/ppg_dynamic_baseline_cross_detector/tb_ppg_dynamic_baseline_cross_detector.v:30;rtl/ppg_dynamic_baseline_cross_detector/tb_ppg_dynamic_baseline_cross_detector.v:799;rtl/ppg_dynamic_baseline_cross_detector/tb_ppg_dynamic_baseline_cross_detector.v:807,,,"rtl_tag,matrix_or_alias",C,C:\Users\DAWN\.codex\visualizations\2026\10\02\01a0fd78-b9b8-78f2-8e39-c02cd0049c19\ppg_review_C\evidence\id_review_matrix.csv,已合并逐项语义审阅；状态与限制须读原行，非验收CLOSED
BSL-12,BSL,contracts/PPG_DYNAMIC_BASELINE_SLOPE_AND_UPWARD_CROSSING_INTERFACE_CONTRACT.md:907,,rtl/ppg_dynamic_baseline_cross_detector/tb_ppg_dynamic_baseline_cross_detector.v:10;rtl/ppg_dynamic_baseline_cross_detector/tb_ppg_dynamic_baseline_cross_detector.v:30;rtl/ppg_dynamic_baseline_cross_detector/tb_ppg_dynamic_baseline_cross_detector.v:799;rtl/ppg_dynamic_baseline_cross_detector/tb_ppg_dynamic_baseline_cross_detector.v:817,,,"rtl_tag,matrix_or_alias",C,C:\Users\DAWN\.codex\visualizations\2026\10\02\01a0fd78-b9b8-78f2-8e39-c02cd0049c19\ppg_review_C\evidence\id_review_matrix.csv,已合并逐项语义审阅；状态与限制须读原行，非验收CLOSED
BSL-13,BSL,contracts/PPG_DYNAMIC_BASELINE_SLOPE_AND_UPWARD_CROSSING_INTERFACE_CONTRACT.md:908,,rtl/ppg_dynamic_baseline_cross_detector/tb_ppg_dynamic_baseline_cross_detector.v:10;rtl/ppg_dynamic_baseline_cross_detector/tb_ppg_dynamic_baseline_cross_detector.v:30;rtl/ppg_dynamic_baseline_cross_detector/tb_ppg_dynamic_baseline_cross_detector.v:799;rtl/ppg_dynamic_baseline_cross_detector/tb_ppg_dynamic_baseline_cross_detector.v:808,,,"rtl_tag,matrix_or_alias",C,C:\Users\DAWN\.codex\visualizations\2026\10\02\01a0fd78-b9b8-78f2-8e39-c02cd0049c19\ppg_review_C\evidence\id_review_matrix.csv,已合并逐项语义审阅；状态与限制须读原行，非验收CLOSED
BSL-14,BSL,contracts/PPG_DYNAMIC_BASELINE_SLOPE_AND_UPWARD_CROSSING_INTERFACE_CONTRACT.md:909,,rtl/ppg_dynamic_baseline_cross_detector/tb_ppg_dynamic_baseline_cross_detector.v:10;rtl/ppg_dynamic_baseline_cross_detector/tb_ppg_dynamic_baseline_cross_detector.v:30;rtl/ppg_dynamic_baseline_cross_detector/tb_ppg_dynamic_baseline_cross_detector.v:827;rtl/ppg_dynamic_baseline_cross_detector/tb_ppg_dynamic_baseline_cross_detector.v:835,,,"rtl_tag,matrix_or_alias",C,C:\Users\DAWN\.codex\visualizations\2026\10\02\01a0fd78-b9b8-78f2-8e39-c02cd0049c19\ppg_review_C\evidence\id_review_matrix.csv,已合并逐项语义审阅；状态与限制须读原行，非验收CLOSED
BSL-15,BSL,contracts/PPG_DYNAMIC_BASELINE_SLOPE_AND_UPWARD_CROSSING_INTERFACE_CONTRACT.md:910,,rtl/ppg_dynamic_baseline_cross_detector/tb_ppg_dynamic_baseline_cross_detector.v:10;rtl/ppg_dynamic_baseline_cross_detector/tb_ppg_dynamic_baseline_cross_detector.v:30;rtl/ppg_dynamic_baseline_cross_detector/tb_ppg_dynamic_baseline_cross_detector.v:839;rtl/ppg_dynamic_baseline_cross_detector/tb_ppg_dynamic_baseline_cross_detector.v:844,,,"rtl_tag,matrix_or_alias",C,C:\Users\DAWN\.codex\visualizations\2026\10\02\01a0fd78-b9b8-78f2-8e39-c02cd0049c19\ppg_review_C\evidence\id_review_matrix.csv,已合并逐项语义审阅；状态与限制须读原行，非验收CLOSED
BSL-16,BSL,contracts/PPG_DYNAMIC_BASELINE_SLOPE_AND_UPWARD_CROSSING_INTERFACE_CONTRACT.md:911,,rtl/ppg_dynamic_baseline_cross_detector/tb_ppg_dynamic_baseline_cross_detector.v:10;rtl/ppg_dynamic_baseline_cross_detector/tb_ppg_dynamic_baseline_cross_detector.v:30;rtl/ppg_dynamic_baseline_cross_detector/tb_ppg_dynamic_baseline_cross_detector.v:839;rtl/ppg_dynamic_baseline_cross_detector/tb_ppg_dynamic_baseline_cross_detector.v:847,,,"rtl_tag,matrix_or_alias",C,C:\Users\DAWN\.codex\visualizations\2026\10\02\01a0fd78-b9b8-78f2-8e39-c02cd0049c19\ppg_review_C\evidence\id_review_matrix.csv,已合并逐项语义审阅；状态与限制须读原行，非验收CLOSED
BSL-17,BSL,contracts/PPG_DYNAMIC_BASELINE_SLOPE_AND_UPWARD_CROSSING_INTERFACE_CONTRACT.md:912,,rtl/ppg_dynamic_baseline_cross_detector/tb_ppg_dynamic_baseline_cross_detector.v:10;rtl/ppg_dynamic_baseline_cross_detector/tb_ppg_dynamic_baseline_cross_detector.v:30;rtl/ppg_dynamic_baseline_cross_detector/tb_ppg_dynamic_baseline_cross_detector.v:849;rtl/ppg_dynamic_baseline_cross_detector/tb_ppg_dynamic_baseline_cross_detector.v:857,,,"rtl_tag,matrix_or_alias",C,C:\Users\DAWN\.codex\visualizations\2026\10\02\01a0fd78-b9b8-78f2-8e39-c02cd0049c19\ppg_review_C\evidence\id_review_matrix.csv,已合并逐项语义审阅；状态与限制须读原行，非验收CLOSED
BSL-18,BSL,contracts/PPG_DYNAMIC_BASELINE_SLOPE_AND_UPWARD_CROSSING_INTERFACE_CONTRACT.md:913,,rtl/ppg_dynamic_baseline_cross_detector/tb_ppg_dynamic_baseline_cross_detector.v:10;rtl/ppg_dynamic_baseline_cross_detector/tb_ppg_dynamic_baseline_cross_detector.v:30;rtl/ppg_dynamic_baseline_cross_detector/tb_ppg_dynamic_baseline_cross_detector.v:859;rtl/ppg_dynamic_baseline_cross_detector/tb_ppg_dynamic_baseline_cross_detector.v:865,,,"rtl_tag,matrix_or_alias",C,C:\Users\DAWN\.codex\visualizations\2026\10\02\01a0fd78-b9b8-78f2-8e39-c02cd0049c19\ppg_review_C\evidence\id_review_matrix.csv,已合并逐项语义审阅；状态与限制须读原行，非验收CLOSED
BSL-19,BSL,contracts/PPG_DYNAMIC_BASELINE_SLOPE_AND_UPWARD_CROSSING_INTERFACE_CONTRACT.md:914,,rtl/ppg_dynamic_baseline_cross_detector/tb_ppg_dynamic_baseline_cross_detector.v:10;rtl/ppg_dynamic_baseline_cross_detector/tb_ppg_dynamic_baseline_cross_detector.v:30;rtl/ppg_dynamic_baseline_cross_detector/tb_ppg_dynamic_baseline_cross_detector.v:867;rtl/ppg_dynamic_baseline_cross_detector/tb_ppg_dynamic_baseline_cross_detector.v:878,,,"rtl_tag,matrix_or_alias",C,C:\Users\DAWN\.codex\visualizations\2026\10\02\01a0fd78-b9b8-78f2-8e39-c02cd0049c19\ppg_review_C\evidence\id_review_matrix.csv,已合并逐项语义审阅；状态与限制须读原行，非验收CLOSED
BSL-20,BSL,contracts/PPG_DYNAMIC_BASELINE_SLOPE_AND_UPWARD_CROSSING_INTERFACE_CONTRACT.md:915,,rtl/ppg_dynamic_baseline_cross_detector/tb_ppg_dynamic_baseline_cross_detector.v:10;rtl/ppg_dynamic_baseline_cross_detector/tb_ppg_dynamic_baseline_cross_detector.v:30;rtl/ppg_dynamic_baseline_cross_detector/tb_ppg_dynamic_baseline_cross_detector.v:881,,,"rtl_tag,matrix_or_alias",C,C:\Users\DAWN\.codex\visualizations\2026\10\02\01a0fd78-b9b8-78f2-8e39-c02cd0049c19\ppg_review_C\evidence\id_review_matrix.csv,已合并逐项语义审阅；状态与限制须读原行，非验收CLOSED
BSL-21,BSL,contracts/PPG_DYNAMIC_BASELINE_SLOPE_AND_UPWARD_CROSSING_INTERFACE_CONTRACT.md:916,,rtl/ppg_dynamic_baseline_cross_detector/tb_ppg_dynamic_baseline_cross_detector.v:10;rtl/ppg_dynamic_baseline_cross_detector/tb_ppg_dynamic_baseline_cross_detector.v:30;rtl/ppg_dynamic_baseline_cross_detector/tb_ppg_dynamic_baseline_cross_detector.v:883,,,"rtl_tag,matrix_or_alias",C,C:\Users\DAWN\.codex\visualizations\2026\10\02\01a0fd78-b9b8-78f2-8e39-c02cd0049c19\ppg_review_C\evidence\id_review_matrix.csv,已合并逐项语义审阅；状态与限制须读原行，非验收CLOSED
BSL-22,BSL,contracts/PPG_DYNAMIC_BASELINE_SLOPE_AND_UPWARD_CROSSING_INTERFACE_CONTRACT.md:917,,rtl/ppg_dynamic_baseline_cross_detector/tb_ppg_dynamic_baseline_cross_detector.v:10;rtl/ppg_dynamic_baseline_cross_detector/tb_ppg_dynamic_baseline_cross_detector.v:30;rtl/ppg_dynamic_baseline_cross_detector/tb_ppg_dynamic_baseline_cross_detector.v:885;rtl/ppg_dynamic_baseline_cross_detector/tb_ppg_dynamic_baseline_cross_detector.v:896,,,"rtl_tag,matrix_or_alias",C,C:\Users\DAWN\.codex\visualizations\2026\10\02\01a0fd78-b9b8-78f2-8e39-c02cd0049c19\ppg_review_C\evidence\id_review_matrix.csv,已合并逐项语义审阅；状态与限制须读原行，非验收CLOSED
BSL-23,BSL,contracts/PPG_DYNAMIC_BASELINE_SLOPE_AND_UPWARD_CROSSING_INTERFACE_CONTRACT.md:918,,rtl/ppg_dynamic_baseline_cross_detector/tb_ppg_dynamic_baseline_cross_detector.v:10;rtl/ppg_dynamic_baseline_cross_detector/tb_ppg_dynamic_baseline_cross_detector.v:30;rtl/ppg_dynamic_baseline_cross_detector/tb_ppg_dynamic_baseline_cross_detector.v:898;rtl/ppg_dynamic_baseline_cross_detector/tb_ppg_dynamic_baseline_cross_detector.v:904,,,"rtl_tag,matrix_or_alias",C,C:\Users\DAWN\.codex\visualizations\2026\10\02\01a0fd78-b9b8-78f2-8e39-c02cd0049c19\ppg_review_C\evidence\id_review_matrix.csv,已合并逐项语义审阅；状态与限制须读原行，非验收CLOSED
BSL-24,BSL,contracts/PPG_DYNAMIC_BASELINE_SLOPE_AND_UPWARD_CROSSING_INTERFACE_CONTRACT.md:919,,rtl/ppg_dynamic_baseline_cross_detector/tb_ppg_dynamic_baseline_cross_detector.v:10;rtl/ppg_dynamic_baseline_cross_detector/tb_ppg_dynamic_baseline_cross_detector.v:30;rtl/ppg_dynamic_baseline_cross_detector/tb_ppg_dynamic_baseline_cross_detector.v:906;rtl/ppg_dynamic_baseline_cross_detector/tb_ppg_dynamic_baseline_cross_detector.v:913,,,"rtl_tag,matrix_or_alias",C,C:\Users\DAWN\.codex\visualizations\2026\10\02\01a0fd78-b9b8-78f2-8e39-c02cd0049c19\ppg_review_C\evidence\id_review_matrix.csv,已合并逐项语义审阅；状态与限制须读原行，非验收CLOSED
BSL-25,BSL,contracts/PPG_DYNAMIC_BASELINE_SLOPE_AND_UPWARD_CROSSING_INTERFACE_CONTRACT.md:920,,rtl/ppg_dynamic_baseline_cross_detector/tb_ppg_dynamic_baseline_cross_detector.v:10;rtl/ppg_dynamic_baseline_cross_detector/tb_ppg_dynamic_baseline_cross_detector.v:30;rtl/ppg_dynamic_baseline_cross_detector/tb_ppg_dynamic_baseline_cross_detector.v:915;rtl/ppg_dynamic_baseline_cross_detector/tb_ppg_dynamic_baseline_cross_detector.v:923,,,"rtl_tag,matrix_or_alias",C,C:\Users\DAWN\.codex\visualizations\2026\10\02\01a0fd78-b9b8-78f2-8e39-c02cd0049c19\ppg_review_C\evidence\id_review_matrix.csv,已合并逐项语义审阅；状态与限制须读原行，非验收CLOSED
BSL-26,BSL,contracts/PPG_DYNAMIC_BASELINE_SLOPE_AND_UPWARD_CROSSING_INTERFACE_CONTRACT.md:921,,rtl/ppg_dynamic_baseline_cross_detector/tb_ppg_dynamic_baseline_cross_detector.v:10;rtl/ppg_dynamic_baseline_cross_detector/tb_ppg_dynamic_baseline_cross_detector.v:30;rtl/ppg_dynamic_baseline_cross_detector/tb_ppg_dynamic_baseline_cross_detector.v:925;rtl/ppg_dynamic_baseline_cross_detector/tb_ppg_dynamic_baseline_cross_detector.v:932,,,"rtl_tag,matrix_or_alias",C,C:\Users\DAWN\.codex\visualizations\2026\10\02\01a0fd78-b9b8-78f2-8e39-c02cd0049c19\ppg_review_C\evidence\id_review_matrix.csv,已合并逐项语义审阅；状态与限制须读原行，非验收CLOSED
BSL-27,BSL,contracts/PPG_DYNAMIC_BASELINE_SLOPE_AND_UPWARD_CROSSING_INTERFACE_CONTRACT.md:922,,rtl/ppg_dynamic_baseline_cross_detector/tb_ppg_dynamic_baseline_cross_detector.v:10;rtl/ppg_dynamic_baseline_cross_detector/tb_ppg_dynamic_baseline_cross_detector.v:30;rtl/ppg_dynamic_baseline_cross_detector/tb_ppg_dynamic_baseline_cross_detector.v:934;rtl/ppg_dynamic_baseline_cross_detector/tb_ppg_dynamic_baseline_cross_detector.v:938,,,"rtl_tag,matrix_or_alias",C,C:\Users\DAWN\.codex\visualizations\2026\10\02\01a0fd78-b9b8-78f2-8e39-c02cd0049c19\ppg_review_C\evidence\id_review_matrix.csv,已合并逐项语义审阅；状态与限制须读原行，非验收CLOSED
BSL-28,BSL,contracts/PPG_DYNAMIC_BASELINE_SLOPE_AND_UPWARD_CROSSING_INTERFACE_CONTRACT.md:923,,rtl/ppg_dynamic_baseline_cross_detector/tb_ppg_dynamic_baseline_cross_detector.v:10;rtl/ppg_dynamic_baseline_cross_detector/tb_ppg_dynamic_baseline_cross_detector.v:30;rtl/ppg_dynamic_baseline_cross_detector/tb_ppg_dynamic_baseline_cross_detector.v:941;rtl/ppg_dynamic_baseline_cross_detector/tb_ppg_dynamic_baseline_cross_detector.v:948,,,"rtl_tag,matrix_or_alias",C,C:\Users\DAWN\.codex\visualizations\2026\10\02\01a0fd78-b9b8-78f2-8e39-c02cd0049c19\ppg_review_C\evidence\id_review_matrix.csv,已合并逐项语义审阅；状态与限制须读原行，非验收CLOSED
BSL-29,BSL,contracts/PPG_DYNAMIC_BASELINE_SLOPE_AND_UPWARD_CROSSING_INTERFACE_CONTRACT.md:924,,rtl/ppg_dynamic_baseline_cross_detector/tb_ppg_dynamic_baseline_cross_detector.v:10;rtl/ppg_dynamic_baseline_cross_detector/tb_ppg_dynamic_baseline_cross_detector.v:30;rtl/ppg_dynamic_baseline_cross_detector/tb_ppg_dynamic_baseline_cross_detector.v:950;rtl/ppg_dynamic_baseline_cross_detector/tb_ppg_dynamic_baseline_cross_detector.v:960,,,"rtl_tag,matrix_or_alias",C,C:\Users\DAWN\.codex\visualizations\2026\10\02\01a0fd78-b9b8-78f2-8e39-c02cd0049c19\ppg_review_C\evidence\id_review_matrix.csv,已合并逐项语义审阅；状态与限制须读原行，非验收CLOSED
BSL-30,BSL,contracts/PPG_DYNAMIC_BASELINE_SLOPE_AND_UPWARD_CROSSING_INTERFACE_CONTRACT.md:925,,rtl/ppg_dynamic_baseline_cross_detector/tb_ppg_dynamic_baseline_cross_detector.v:10;rtl/ppg_dynamic_baseline_cross_detector/tb_ppg_dynamic_baseline_cross_detector.v:30;rtl/ppg_dynamic_baseline_cross_detector/tb_ppg_dynamic_baseline_cross_detector.v:962;rtl/ppg_dynamic_baseline_cross_detector/tb_ppg_dynamic_baseline_cross_detector.v:973,,,"rtl_tag,matrix_or_alias",C,C:\Users\DAWN\.codex\visualizations\2026\10\02\01a0fd78-b9b8-78f2-8e39-c02cd0049c19\ppg_review_C\evidence\id_review_matrix.csv,已合并逐项语义审阅；状态与限制须读原行，非验收CLOSED
BSL-31,BSL,contracts/PPG_DYNAMIC_BASELINE_SLOPE_AND_UPWARD_CROSSING_INTERFACE_CONTRACT.md:926,,rtl/ppg_dynamic_baseline_cross_detector/tb_ppg_dynamic_baseline_cross_detector.v:10;rtl/ppg_dynamic_baseline_cross_detector/tb_ppg_dynamic_baseline_cross_detector.v:30;rtl/ppg_dynamic_baseline_cross_detector/tb_ppg_dynamic_baseline_cross_detector.v:982,,,"rtl_tag,matrix_or_alias",C,C:\Users\DAWN\.codex\visualizations\2026\10\02\01a0fd78-b9b8-78f2-8e39-c02cd0049c19\ppg_review_C\evidence\id_review_matrix.csv,已合并逐项语义审阅；状态与限制须读原行，非验收CLOSED
BSL-32,BSL,contracts/PPG_DYNAMIC_BASELINE_SLOPE_AND_UPWARD_CROSSING_INTERFACE_CONTRACT.md:927,,rtl/ppg_dynamic_baseline_cross_detector/tb_ppg_dynamic_baseline_cross_detector.v:10;rtl/ppg_dynamic_baseline_cross_detector/tb_ppg_dynamic_baseline_cross_detector.v:30;rtl/ppg_dynamic_baseline_cross_detector/tb_ppg_dynamic_baseline_cross_detector.v:984;rtl/ppg_dynamic_baseline_cross_detector/tb_ppg_dynamic_baseline_cross_detector.v:1000,,,"rtl_tag,matrix_or_alias",C,C:\Users\DAWN\.codex\visualizations\2026\10\02\01a0fd78-b9b8-78f2-8e39-c02cd0049c19\ppg_review_C\evidence\id_review_matrix.csv,已合并逐项语义审阅；状态与限制须读原行，非验收CLOSED
BSL-33,BSL,contracts/PPG_DYNAMIC_BASELINE_SLOPE_AND_UPWARD_CROSSING_INTERFACE_CONTRACT.md:928,,rtl/ppg_dynamic_baseline_cross_detector/tb_ppg_dynamic_baseline_cross_detector.v:10;rtl/ppg_dynamic_baseline_cross_detector/tb_ppg_dynamic_baseline_cross_detector.v:30;rtl/ppg_dynamic_baseline_cross_detector/tb_ppg_dynamic_baseline_cross_detector.v:1002;rtl/ppg_dynamic_baseline_cross_detector/tb_ppg_dynamic_baseline_cross_detector.v:1010,,,"rtl_tag,matrix_or_alias",C,C:\Users\DAWN\.codex\visualizations\2026\10\02\01a0fd78-b9b8-78f2-8e39-c02cd0049c19\ppg_review_C\evidence\id_review_matrix.csv,已合并逐项语义审阅；状态与限制须读原行，非验收CLOSED
BSL-34,BSL,contracts/PPG_DYNAMIC_BASELINE_SLOPE_AND_UPWARD_CROSSING_INTERFACE_CONTRACT.md:929,,rtl/ppg_dynamic_baseline_cross_detector/tb_ppg_dynamic_baseline_cross_detector.v:10;rtl/ppg_dynamic_baseline_cross_detector/tb_ppg_dynamic_baseline_cross_detector.v:30;rtl/ppg_dynamic_baseline_cross_detector/tb_ppg_dynamic_baseline_cross_detector.v:1012;rtl/ppg_dynamic_baseline_cross_detector/tb_ppg_dynamic_baseline_cross_detector.v:1020,,,"rtl_tag,matrix_or_alias",C,C:\Users\DAWN\.codex\visualizations\2026\10\02\01a0fd78-b9b8-78f2-8e39-c02cd0049c19\ppg_review_C\evidence\id_review_matrix.csv,已合并逐项语义审阅；状态与限制须读原行，非验收CLOSED
BSL-35,BSL,contracts/PPG_DYNAMIC_BASELINE_SLOPE_AND_UPWARD_CROSSING_INTERFACE_CONTRACT.md:930,,rtl/ppg_dynamic_baseline_cross_detector/tb_ppg_dynamic_baseline_cross_detector.v:10;rtl/ppg_dynamic_baseline_cross_detector/tb_ppg_dynamic_baseline_cross_detector.v:30;rtl/ppg_dynamic_baseline_cross_detector/tb_ppg_dynamic_baseline_cross_detector.v:1022;rtl/ppg_dynamic_baseline_cross_detector/tb_ppg_dynamic_baseline_cross_detector.v:1033,,,"rtl_tag,matrix_or_alias",C,C:\Users\DAWN\.codex\visualizations\2026\10\02\01a0fd78-b9b8-78f2-8e39-c02cd0049c19\ppg_review_C\evidence\id_review_matrix.csv,已合并逐项语义审阅；状态与限制须读原行，非验收CLOSED
BSL-36,BSL,contracts/PPG_DYNAMIC_BASELINE_SLOPE_AND_UPWARD_CROSSING_INTERFACE_CONTRACT.md:931,,rtl/ppg_dynamic_baseline_cross_detector/tb_ppg_dynamic_baseline_cross_detector.v:10;rtl/ppg_dynamic_baseline_cross_detector/tb_ppg_dynamic_baseline_cross_detector.v:30;rtl/ppg_dynamic_baseline_cross_detector/tb_ppg_dynamic_baseline_cross_detector.v:1035;rtl/ppg_dynamic_baseline_cross_detector/tb_ppg_dynamic_baseline_cross_detector.v:1039,,,"rtl_tag,matrix_or_alias",C,C:\Users\DAWN\.codex\visualizations\2026\10\02\01a0fd78-b9b8-78f2-8e39-c02cd0049c19\ppg_review_C\evidence\id_review_matrix.csv,已合并逐项语义审阅；状态与限制须读原行，非验收CLOSED
BSL-37,BSL,contracts/PPG_DYNAMIC_BASELINE_SLOPE_AND_UPWARD_CROSSING_INTERFACE_CONTRACT.md:932,,rtl/ppg_dynamic_baseline_cross_detector/tb_ppg_dynamic_baseline_cross_detector.v:10;rtl/ppg_dynamic_baseline_cross_detector/tb_ppg_dynamic_baseline_cross_detector.v:30;rtl/ppg_dynamic_baseline_cross_detector/tb_ppg_dynamic_baseline_cross_detector.v:1041;rtl/ppg_dynamic_baseline_cross_detector/tb_ppg_dynamic_baseline_cross_detector.v:1049,,,"rtl_tag,matrix_or_alias",C,C:\Users\DAWN\.codex\visualizations\2026\10\02\01a0fd78-b9b8-78f2-8e39-c02cd0049c19\ppg_review_C\evidence\id_review_matrix.csv,已合并逐项语义审阅；状态与限制须读原行，非验收CLOSED
BSL-38,BSL,contracts/PPG_DYNAMIC_BASELINE_SLOPE_AND_UPWARD_CROSSING_INTERFACE_CONTRACT.md:933,,rtl/ppg_dynamic_baseline_cross_detector/tb_ppg_dynamic_baseline_cross_detector.v:10;rtl/ppg_dynamic_baseline_cross_detector/tb_ppg_dynamic_baseline_cross_detector.v:30;rtl/ppg_dynamic_baseline_cross_detector/tb_ppg_dynamic_baseline_cross_detector.v:1051;rtl/ppg_dynamic_baseline_cross_detector/tb_ppg_dynamic_baseline_cross_detector.v:1065,,,"rtl_tag,matrix_or_alias",C,C:\Users\DAWN\.codex\visualizations\2026\10\02\01a0fd78-b9b8-78f2-8e39-c02cd0049c19\ppg_review_C\evidence\id_review_matrix.csv,已合并逐项语义审阅；状态与限制须读原行，非验收CLOSED
BSL-39,BSL,contracts/PPG_DYNAMIC_BASELINE_SLOPE_AND_UPWARD_CROSSING_INTERFACE_CONTRACT.md:934,,rtl/ppg_dynamic_baseline_cross_detector/tb_ppg_dynamic_baseline_cross_detector.v:10;rtl/ppg_dynamic_baseline_cross_detector/tb_ppg_dynamic_baseline_cross_detector.v:22;rtl/ppg_dynamic_baseline_cross_detector/tb_ppg_dynamic_baseline_cross_detector.v:30;rtl/ppg_dynamic_baseline_cross_detector/tb_ppg_dynamic_baseline_cross_detector.v:42;rtl/ppg_dynamic_baseline_cross_detector/tb_ppg_dynamic_baseline_cross_detector.v:1067;rtl/ppg_dynamic_baseline_cross_detector/tb_ppg_dynamic_baseline_cross_detector.v:1075;rtl/ppg_dynamic_baseline_cross_detector/tb_ppg_dynamic_baseline_cross_detector.v:1308,,,"rtl_tag,matrix_or_alias",C,C:\Users\DAWN\.codex\visualizations\2026\10\02\01a0fd78-b9b8-78f2-8e39-c02cd0049c19\ppg_review_C\evidence\id_review_matrix.csv,已合并逐项语义审阅；状态与限制须读原行，非验收CLOSED
BSL-40,BSL,contracts/PPG_DYNAMIC_BASELINE_SLOPE_AND_UPWARD_CROSSING_INTERFACE_CONTRACT.md:935,,rtl/ppg_control_top/tb_ppg_control_top_baseline_cross.v:25;rtl/ppg_control_top/tb_ppg_control_top_baseline_cross.v:108;rtl/ppg_control_top/tb_ppg_control_top_baseline_cross.v:1600,contracts/PPG_ALIAS_MAPPING_TABLE.md:89,,rtl_tag,C,C:\Users\DAWN\.codex\visualizations\2026\10\02\01a0fd78-b9b8-78f2-8e39-c02cd0049c19\ppg_review_C\evidence\id_review_matrix.csv,已合并逐项语义审阅；状态与限制须读原行，非验收CLOSED
CAL-01,CAL,contracts/PPG_ADC_S1_PROGRAMMABLE_CALIBRATOR_CONTRACT.md:370,,rtl/ppg_adc_s1_programmable_calibrator/tb_ppg_adc_s1_programmable_calibrator.v:40;rtl/ppg_adc_s1_programmable_calibrator/tb_ppg_adc_s1_programmable_calibrator.v:159;rtl/ppg_adc_s1_programmable_calibrator/tb_ppg_adc_s1_programmable_calibrator.v:197;rtl/ppg_adc_s1_programmable_calibrator/tb_ppg_adc_s1_programmable_calibrator.v:198;rtl/ppg_adc_s1_programmable_calibrator/tb_ppg_adc_s1_programmable_calibrator.v:601,,,"rtl_tag,matrix_or_alias",C,C:\Users\DAWN\.codex\visualizations\2026\10\02\01a0fd78-b9b8-78f2-8e39-c02cd0049c19\ppg_review_C\evidence\id_review_matrix.csv,已合并逐项语义审阅；状态与限制须读原行，非验收CLOSED
CAL-02,CAL,contracts/PPG_ADC_S1_PROGRAMMABLE_CALIBRATOR_CONTRACT.md:371,,rtl/ppg_adc_s1_programmable_calibrator/tb_ppg_adc_s1_programmable_calibrator.v:40;rtl/ppg_adc_s1_programmable_calibrator/tb_ppg_adc_s1_programmable_calibrator.v:205;rtl/ppg_adc_s1_programmable_calibrator/tb_ppg_adc_s1_programmable_calibrator.v:234;rtl/ppg_adc_s1_programmable_calibrator/tb_ppg_adc_s1_programmable_calibrator.v:243;rtl/ppg_adc_s1_programmable_calibrator/tb_ppg_adc_s1_programmable_calibrator.v:601,,,"rtl_tag,matrix_or_alias",C,C:\Users\DAWN\.codex\visualizations\2026\10\02\01a0fd78-b9b8-78f2-8e39-c02cd0049c19\ppg_review_C\evidence\id_review_matrix.csv,已合并逐项语义审阅；状态与限制须读原行，非验收CLOSED
CAL-03,CAL,contracts/PPG_ADC_S1_PROGRAMMABLE_CALIBRATOR_CONTRACT.md:372,,rtl/ppg_adc_s1_programmable_calibrator/tb_ppg_adc_s1_programmable_calibrator.v:40;rtl/ppg_adc_s1_programmable_calibrator/tb_ppg_adc_s1_programmable_calibrator.v:247;rtl/ppg_adc_s1_programmable_calibrator/tb_ppg_adc_s1_programmable_calibrator.v:269;rtl/ppg_adc_s1_programmable_calibrator/tb_ppg_adc_s1_programmable_calibrator.v:601,,,"rtl_tag,matrix_or_alias",C,C:\Users\DAWN\.codex\visualizations\2026\10\02\01a0fd78-b9b8-78f2-8e39-c02cd0049c19\ppg_review_C\evidence\id_review_matrix.csv,已合并逐项语义审阅；状态与限制须读原行，非验收CLOSED
CAL-04,CAL,contracts/PPG_ADC_S1_PROGRAMMABLE_CALIBRATOR_CONTRACT.md:373,,rtl/ppg_adc_s1_programmable_calibrator/tb_ppg_adc_s1_programmable_calibrator.v:40;rtl/ppg_adc_s1_programmable_calibrator/tb_ppg_adc_s1_programmable_calibrator.v:277;rtl/ppg_adc_s1_programmable_calibrator/tb_ppg_adc_s1_programmable_calibrator.v:295;rtl/ppg_adc_s1_programmable_calibrator/tb_ppg_adc_s1_programmable_calibrator.v:601,,,"rtl_tag,matrix_or_alias",C,C:\Users\DAWN\.codex\visualizations\2026\10\02\01a0fd78-b9b8-78f2-8e39-c02cd0049c19\ppg_review_C\evidence\id_review_matrix.csv,已合并逐项语义审阅；状态与限制须读原行，非验收CLOSED
CAL-05,CAL,contracts/PPG_ADC_S1_PROGRAMMABLE_CALIBRATOR_CONTRACT.md:374,,rtl/ppg_adc_s1_programmable_calibrator/tb_ppg_adc_s1_programmable_calibrator.v:40;rtl/ppg_adc_s1_programmable_calibrator/tb_ppg_adc_s1_programmable_calibrator.v:302;rtl/ppg_adc_s1_programmable_calibrator/tb_ppg_adc_s1_programmable_calibrator.v:313;rtl/ppg_adc_s1_programmable_calibrator/tb_ppg_adc_s1_programmable_calibrator.v:321;rtl/ppg_adc_s1_programmable_calibrator/tb_ppg_adc_s1_programmable_calibrator.v:329;rtl/ppg_adc_s1_programmable_calibrator/tb_ppg_adc_s1_programmable_calibrator.v:337;rtl/ppg_adc_s1_programmable_calibrator/tb_ppg_adc_s1_programmable_calibrator.v:345;rtl/ppg_adc_s1_programmable_calibrator/tb_ppg_adc_s1_programmable_calibrator.v:353;rtl/ppg_adc_s1_programmable_calibrator/tb_ppg_adc_s1_programmable_calibrator.v:601,,,"rtl_tag,matrix_or_alias",C,C:\Users\DAWN\.codex\visualizations\2026\10\02\01a0fd78-b9b8-78f2-8e39-c02cd0049c19\ppg_review_C\evidence\id_review_matrix.csv,已合并逐项语义审阅；状态与限制须读原行，非验收CLOSED
CAL-06,CAL,contracts/PPG_ADC_S1_PROGRAMMABLE_CALIBRATOR_CONTRACT.md:375,,rtl/ppg_adc_s1_programmable_calibrator/tb_ppg_adc_s1_programmable_calibrator.v:40;rtl/ppg_adc_s1_programmable_calibrator/tb_ppg_adc_s1_programmable_calibrator.v:357;rtl/ppg_adc_s1_programmable_calibrator/tb_ppg_adc_s1_programmable_calibrator.v:363;rtl/ppg_adc_s1_programmable_calibrator/tb_ppg_adc_s1_programmable_calibrator.v:371;rtl/ppg_adc_s1_programmable_calibrator/tb_ppg_adc_s1_programmable_calibrator.v:601;rtl/ppg_control_top/tb_ppg_control_top_adc_numeric_scoreboard.v:24;rtl/ppg_control_top/tb_ppg_control_top_adc_numeric_scoreboard.v:25,,,"rtl_tag,matrix_or_alias",C,C:\Users\DAWN\.codex\visualizations\2026\10\02\01a0fd78-b9b8-78f2-8e39-c02cd0049c19\ppg_review_C\evidence\id_review_matrix.csv,已合并逐项语义审阅；状态与限制须读原行，非验收CLOSED
CAL-07,CAL,contracts/PPG_ADC_S1_PROGRAMMABLE_CALIBRATOR_CONTRACT.md:376,,rtl/ppg_adc_s1_programmable_calibrator/tb_ppg_adc_s1_programmable_calibrator.v:40;rtl/ppg_adc_s1_programmable_calibrator/tb_ppg_adc_s1_programmable_calibrator.v:357;rtl/ppg_adc_s1_programmable_calibrator/tb_ppg_adc_s1_programmable_calibrator.v:379;rtl/ppg_adc_s1_programmable_calibrator/tb_ppg_adc_s1_programmable_calibrator.v:387;rtl/ppg_adc_s1_programmable_calibrator/tb_ppg_adc_s1_programmable_calibrator.v:601;rtl/ppg_control_top/tb_ppg_control_top_adc_numeric_scoreboard.v:24;rtl/ppg_control_top/tb_ppg_control_top_adc_numeric_scoreboard.v:25,,,"rtl_tag,matrix_or_alias",C,C:\Users\DAWN\.codex\visualizations\2026\10\02\01a0fd78-b9b8-78f2-8e39-c02cd0049c19\ppg_review_C\evidence\id_review_matrix.csv,已合并逐项语义审阅；状态与限制须读原行，非验收CLOSED
CAL-08,CAL,contracts/PPG_ADC_S1_PROGRAMMABLE_CALIBRATOR_CONTRACT.md:377,,rtl/ppg_adc_s1_programmable_calibrator/tb_ppg_adc_s1_programmable_calibrator.v:40;rtl/ppg_adc_s1_programmable_calibrator/tb_ppg_adc_s1_programmable_calibrator.v:394;rtl/ppg_adc_s1_programmable_calibrator/tb_ppg_adc_s1_programmable_calibrator.v:403;rtl/ppg_adc_s1_programmable_calibrator/tb_ppg_adc_s1_programmable_calibrator.v:601,,,"rtl_tag,matrix_or_alias",C,C:\Users\DAWN\.codex\visualizations\2026\10\02\01a0fd78-b9b8-78f2-8e39-c02cd0049c19\ppg_review_C\evidence\id_review_matrix.csv,已合并逐项语义审阅；状态与限制须读原行，非验收CLOSED
CAL-09,CAL,contracts/PPG_ADC_S1_PROGRAMMABLE_CALIBRATOR_CONTRACT.md:378,,rtl/ppg_adc_s1_programmable_calibrator/tb_ppg_adc_s1_programmable_calibrator.v:40;rtl/ppg_adc_s1_programmable_calibrator/tb_ppg_adc_s1_programmable_calibrator.v:408;rtl/ppg_adc_s1_programmable_calibrator/tb_ppg_adc_s1_programmable_calibrator.v:429;rtl/ppg_adc_s1_programmable_calibrator/tb_ppg_adc_s1_programmable_calibrator.v:601,,,"rtl_tag,matrix_or_alias",C,C:\Users\DAWN\.codex\visualizations\2026\10\02\01a0fd78-b9b8-78f2-8e39-c02cd0049c19\ppg_review_C\evidence\id_review_matrix.csv,已合并逐项语义审阅；状态与限制须读原行，非验收CLOSED
CAL-10,CAL,contracts/PPG_ADC_S1_PROGRAMMABLE_CALIBRATOR_CONTRACT.md:379,,rtl/ppg_adc_s1_programmable_calibrator/tb_ppg_adc_s1_programmable_calibrator.v:40;rtl/ppg_adc_s1_programmable_calibrator/tb_ppg_adc_s1_programmable_calibrator.v:433;rtl/ppg_adc_s1_programmable_calibrator/tb_ppg_adc_s1_programmable_calibrator.v:443;rtl/ppg_adc_s1_programmable_calibrator/tb_ppg_adc_s1_programmable_calibrator.v:450;rtl/ppg_adc_s1_programmable_calibrator/tb_ppg_adc_s1_programmable_calibrator.v:601,,,"rtl_tag,matrix_or_alias",C,C:\Users\DAWN\.codex\visualizations\2026\10\02\01a0fd78-b9b8-78f2-8e39-c02cd0049c19\ppg_review_C\evidence\id_review_matrix.csv,已合并逐项语义审阅；状态与限制须读原行，非验收CLOSED
CAL-11,CAL,contracts/PPG_ADC_S1_PROGRAMMABLE_CALIBRATOR_CONTRACT.md:380,,rtl/ppg_adc_s1_programmable_calibrator/tb_ppg_adc_s1_programmable_calibrator.v:40;rtl/ppg_adc_s1_programmable_calibrator/tb_ppg_adc_s1_programmable_calibrator.v:447;rtl/ppg_adc_s1_programmable_calibrator/tb_ppg_adc_s1_programmable_calibrator.v:461;rtl/ppg_adc_s1_programmable_calibrator/tb_ppg_adc_s1_programmable_calibrator.v:601,,,"rtl_tag,matrix_or_alias",C,C:\Users\DAWN\.codex\visualizations\2026\10\02\01a0fd78-b9b8-78f2-8e39-c02cd0049c19\ppg_review_C\evidence\id_review_matrix.csv,已合并逐项语义审阅；状态与限制须读原行，非验收CLOSED
CAL-12,CAL,contracts/PPG_ADC_S1_PROGRAMMABLE_CALIBRATOR_CONTRACT.md:381,,rtl/ppg_adc_s1_programmable_calibrator/tb_ppg_adc_s1_programmable_calibrator.v:40;rtl/ppg_adc_s1_programmable_calibrator/tb_ppg_adc_s1_programmable_calibrator.v:466;rtl/ppg_adc_s1_programmable_calibrator/tb_ppg_adc_s1_programmable_calibrator.v:481;rtl/ppg_adc_s1_programmable_calibrator/tb_ppg_adc_s1_programmable_calibrator.v:489;rtl/ppg_adc_s1_programmable_calibrator/tb_ppg_adc_s1_programmable_calibrator.v:601,,,"rtl_tag,matrix_or_alias",C,C:\Users\DAWN\.codex\visualizations\2026\10\02\01a0fd78-b9b8-78f2-8e39-c02cd0049c19\ppg_review_C\evidence\id_review_matrix.csv,已合并逐项语义审阅；状态与限制须读原行，非验收CLOSED
CAL-13,CAL,contracts/PPG_ADC_S1_PROGRAMMABLE_CALIBRATOR_CONTRACT.md:382,,rtl/ppg_adc_s1_programmable_calibrator/tb_ppg_adc_s1_programmable_calibrator.v:40;rtl/ppg_adc_s1_programmable_calibrator/tb_ppg_adc_s1_programmable_calibrator.v:493;rtl/ppg_adc_s1_programmable_calibrator/tb_ppg_adc_s1_programmable_calibrator.v:502;rtl/ppg_adc_s1_programmable_calibrator/tb_ppg_adc_s1_programmable_calibrator.v:601,,,"rtl_tag,matrix_or_alias",C,C:\Users\DAWN\.codex\visualizations\2026\10\02\01a0fd78-b9b8-78f2-8e39-c02cd0049c19\ppg_review_C\evidence\id_review_matrix.csv,已合并逐项语义审阅；状态与限制须读原行，非验收CLOSED
CAL-14,CAL,contracts/PPG_ADC_S1_PROGRAMMABLE_CALIBRATOR_CONTRACT.md:383,,rtl/ppg_adc_s1_programmable_calibrator/tb_ppg_adc_s1_programmable_calibrator.v:40;rtl/ppg_adc_s1_programmable_calibrator/tb_ppg_adc_s1_programmable_calibrator.v:447;rtl/ppg_adc_s1_programmable_calibrator/tb_ppg_adc_s1_programmable_calibrator.v:461;rtl/ppg_adc_s1_programmable_calibrator/tb_ppg_adc_s1_programmable_calibrator.v:601,,,"rtl_tag,matrix_or_alias",C,C:\Users\DAWN\.codex\visualizations\2026\10\02\01a0fd78-b9b8-78f2-8e39-c02cd0049c19\ppg_review_C\evidence\id_review_matrix.csv,已合并逐项语义审阅；状态与限制须读原行，非验收CLOSED
CAL-15,CAL,contracts/PPG_ADC_S1_PROGRAMMABLE_CALIBRATOR_CONTRACT.md:384,,rtl/ppg_adc_s1_programmable_calibrator/tb_ppg_adc_s1_programmable_calibrator.v:40;rtl/ppg_adc_s1_programmable_calibrator/tb_ppg_adc_s1_programmable_calibrator.v:507;rtl/ppg_adc_s1_programmable_calibrator/tb_ppg_adc_s1_programmable_calibrator.v:517;rtl/ppg_adc_s1_programmable_calibrator/tb_ppg_adc_s1_programmable_calibrator.v:525;rtl/ppg_adc_s1_programmable_calibrator/tb_ppg_adc_s1_programmable_calibrator.v:535;rtl/ppg_adc_s1_programmable_calibrator/tb_ppg_adc_s1_programmable_calibrator.v:601,,,"rtl_tag,matrix_or_alias",C,C:\Users\DAWN\.codex\visualizations\2026\10\02\01a0fd78-b9b8-78f2-8e39-c02cd0049c19\ppg_review_C\evidence\id_review_matrix.csv,已合并逐项语义审阅；状态与限制须读原行，非验收CLOSED
CAL-16,CAL,contracts/PPG_ADC_S1_PROGRAMMABLE_CALIBRATOR_CONTRACT.md:385,,rtl/ppg_adc_s1_programmable_calibrator/tb_ppg_adc_s1_programmable_calibrator.v:40;rtl/ppg_adc_s1_programmable_calibrator/tb_ppg_adc_s1_programmable_calibrator.v:539;rtl/ppg_adc_s1_programmable_calibrator/tb_ppg_adc_s1_programmable_calibrator.v:570;rtl/ppg_adc_s1_programmable_calibrator/tb_ppg_adc_s1_programmable_calibrator.v:601,,,"rtl_tag,matrix_or_alias",C,C:\Users\DAWN\.codex\visualizations\2026\10\02\01a0fd78-b9b8-78f2-8e39-c02cd0049c19\ppg_review_C\evidence\id_review_matrix.csv,已合并逐项语义审阅；状态与限制须读原行，非验收CLOSED
CAL-17,CAL,contracts/PPG_ADC_S1_PROGRAMMABLE_CALIBRATOR_CONTRACT.md:386,,rtl/ppg_adc_s1_programmable_calibrator/tb_ppg_adc_s1_programmable_calibrator.v:40;rtl/ppg_adc_s1_programmable_calibrator/tb_ppg_adc_s1_programmable_calibrator.v:574;rtl/ppg_adc_s1_programmable_calibrator/tb_ppg_adc_s1_programmable_calibrator.v:583;rtl/ppg_adc_s1_programmable_calibrator/tb_ppg_adc_s1_programmable_calibrator.v:592;rtl/ppg_adc_s1_programmable_calibrator/tb_ppg_adc_s1_programmable_calibrator.v:601,,,"rtl_tag,matrix_or_alias",C,C:\Users\DAWN\.codex\visualizations\2026\10\02\01a0fd78-b9b8-78f2-8e39-c02cd0049c19\ppg_review_C\evidence\id_review_matrix.csv,已合并逐项语义审阅；状态与限制须读原行，非验收CLOSED
CCC-01,CCC,contracts/PPG_CHARACTERIZATION_CONTROL_CDC_INTERFACE_CONTRACT.md:338,,rtl/ppg_characterization_control_cdc/tb_ppg_characterization_control_cdc.v:10;rtl/ppg_characterization_control_cdc/tb_ppg_characterization_control_cdc.v:29;rtl/ppg_characterization_control_cdc/tb_ppg_characterization_control_cdc.v:245;rtl/ppg_characterization_control_cdc/tb_ppg_characterization_control_cdc.v:262;rtl/ppg_characterization_control_cdc/tb_ppg_characterization_control_cdc.v:482,,,"rtl_tag,matrix_or_alias",D,C:\Users\DAWN\.codex\visualizations\2026\10\02\01a0fd78-edf3-7221-9fc4-3dd2391369a9\ppg_review_D\evidence\id_local_D.json,已合并逐项语义审阅；状态与限制须读原行，非验收CLOSED
CCC-02,CCC,contracts/PPG_CHARACTERIZATION_CONTROL_CDC_INTERFACE_CONTRACT.md:339,,rtl/ppg_characterization_control_cdc/tb_ppg_characterization_control_cdc.v:10;rtl/ppg_characterization_control_cdc/tb_ppg_characterization_control_cdc.v:29;rtl/ppg_characterization_control_cdc/tb_ppg_characterization_control_cdc.v:245;rtl/ppg_characterization_control_cdc/tb_ppg_characterization_control_cdc.v:271,,,"rtl_tag,matrix_or_alias",D,C:\Users\DAWN\.codex\visualizations\2026\10\02\01a0fd78-edf3-7221-9fc4-3dd2391369a9\ppg_review_D\evidence\id_local_D.json,已合并逐项语义审阅；状态与限制须读原行，非验收CLOSED
CCC-03,CCC,contracts/PPG_CHARACTERIZATION_CONTROL_CDC_INTERFACE_CONTRACT.md:340,,rtl/ppg_characterization_control_cdc/tb_ppg_characterization_control_cdc.v:10;rtl/ppg_characterization_control_cdc/tb_ppg_characterization_control_cdc.v:29;rtl/ppg_characterization_control_cdc/tb_ppg_characterization_control_cdc.v:245;rtl/ppg_characterization_control_cdc/tb_ppg_characterization_control_cdc.v:280,,,"rtl_tag,matrix_or_alias",D,C:\Users\DAWN\.codex\visualizations\2026\10\02\01a0fd78-edf3-7221-9fc4-3dd2391369a9\ppg_review_D\evidence\id_local_D.json,已合并逐项语义审阅；状态与限制须读原行，非验收CLOSED
CCC-04,CCC,contracts/PPG_CHARACTERIZATION_CONTROL_CDC_INTERFACE_CONTRACT.md:341,,rtl/ppg_characterization_control_cdc/tb_ppg_characterization_control_cdc.v:10;rtl/ppg_characterization_control_cdc/tb_ppg_characterization_control_cdc.v:29;rtl/ppg_characterization_control_cdc/tb_ppg_characterization_control_cdc.v:245;rtl/ppg_characterization_control_cdc/tb_ppg_characterization_control_cdc.v:280,,,"rtl_tag,matrix_or_alias",D,C:\Users\DAWN\.codex\visualizations\2026\10\02\01a0fd78-edf3-7221-9fc4-3dd2391369a9\ppg_review_D\evidence\id_local_D.json,已合并逐项语义审阅；状态与限制须读原行，非验收CLOSED
CCC-05,CCC,contracts/PPG_CHARACTERIZATION_CONTROL_CDC_INTERFACE_CONTRACT.md:342,,rtl/ppg_characterization_control_cdc/tb_ppg_characterization_control_cdc.v:10;rtl/ppg_characterization_control_cdc/tb_ppg_characterization_control_cdc.v:29;rtl/ppg_characterization_control_cdc/tb_ppg_characterization_control_cdc.v:245;rtl/ppg_characterization_control_cdc/tb_ppg_characterization_control_cdc.v:289,,,"rtl_tag,matrix_or_alias",D,C:\Users\DAWN\.codex\visualizations\2026\10\02\01a0fd78-edf3-7221-9fc4-3dd2391369a9\ppg_review_D\evidence\id_local_D.json,已合并逐项语义审阅；状态与限制须读原行，非验收CLOSED
CCC-06,CCC,contracts/PPG_CHARACTERIZATION_CONTROL_CDC_INTERFACE_CONTRACT.md:343,,rtl/ppg_characterization_control_cdc/tb_ppg_characterization_control_cdc.v:10;rtl/ppg_characterization_control_cdc/tb_ppg_characterization_control_cdc.v:29;rtl/ppg_characterization_control_cdc/tb_ppg_characterization_control_cdc.v:245;rtl/ppg_characterization_control_cdc/tb_ppg_characterization_control_cdc.v:289,,,"rtl_tag,matrix_or_alias",D,C:\Users\DAWN\.codex\visualizations\2026\10\02\01a0fd78-edf3-7221-9fc4-3dd2391369a9\ppg_review_D\evidence\id_local_D.json,已合并逐项语义审阅；状态与限制须读原行，非验收CLOSED
CCC-07,CCC,contracts/PPG_CHARACTERIZATION_CONTROL_CDC_INTERFACE_CONTRACT.md:344,,rtl/ppg_characterization_control_cdc/tb_ppg_characterization_control_cdc.v:10;rtl/ppg_characterization_control_cdc/tb_ppg_characterization_control_cdc.v:29;rtl/ppg_characterization_control_cdc/tb_ppg_characterization_control_cdc.v:245;rtl/ppg_characterization_control_cdc/tb_ppg_characterization_control_cdc.v:289,,,"rtl_tag,matrix_or_alias",D,C:\Users\DAWN\.codex\visualizations\2026\10\02\01a0fd78-edf3-7221-9fc4-3dd2391369a9\ppg_review_D\evidence\id_local_D.json,已合并逐项语义审阅；状态与限制须读原行，非验收CLOSED
CCC-08,CCC,contracts/PPG_CHARACTERIZATION_CONTROL_CDC_INTERFACE_CONTRACT.md:345,,rtl/ppg_characterization_control_cdc/tb_ppg_characterization_control_cdc.v:10;rtl/ppg_characterization_control_cdc/tb_ppg_characterization_control_cdc.v:29;rtl/ppg_characterization_control_cdc/tb_ppg_characterization_control_cdc.v:245;rtl/ppg_characterization_control_cdc/tb_ppg_characterization_control_cdc.v:289,,,"rtl_tag,matrix_or_alias",D,C:\Users\DAWN\.codex\visualizations\2026\10\02\01a0fd78-edf3-7221-9fc4-3dd2391369a9\ppg_review_D\evidence\id_local_D.json,已合并逐项语义审阅；状态与限制须读原行，非验收CLOSED
CCC-09,CCC,contracts/PPG_CHARACTERIZATION_CONTROL_CDC_INTERFACE_CONTRACT.md:346,,rtl/ppg_characterization_control_cdc/tb_ppg_characterization_control_cdc.v:10;rtl/ppg_characterization_control_cdc/tb_ppg_characterization_control_cdc.v:29;rtl/ppg_characterization_control_cdc/tb_ppg_characterization_control_cdc.v:245;rtl/ppg_characterization_control_cdc/tb_ppg_characterization_control_cdc.v:309,,,"rtl_tag,matrix_or_alias",D,C:\Users\DAWN\.codex\visualizations\2026\10\02\01a0fd78-edf3-7221-9fc4-3dd2391369a9\ppg_review_D\evidence\id_local_D.json,已合并逐项语义审阅；状态与限制须读原行，非验收CLOSED
CCC-10,CCC,contracts/PPG_CHARACTERIZATION_CONTROL_CDC_INTERFACE_CONTRACT.md:347,,rtl/ppg_characterization_control_cdc/tb_ppg_characterization_control_cdc.v:10;rtl/ppg_characterization_control_cdc/tb_ppg_characterization_control_cdc.v:29;rtl/ppg_characterization_control_cdc/tb_ppg_characterization_control_cdc.v:245;rtl/ppg_characterization_control_cdc/tb_ppg_characterization_control_cdc.v:319,,,"rtl_tag,matrix_or_alias",D,C:\Users\DAWN\.codex\visualizations\2026\10\02\01a0fd78-edf3-7221-9fc4-3dd2391369a9\ppg_review_D\evidence\id_local_D.json,已合并逐项语义审阅；状态与限制须读原行，非验收CLOSED
CCC-11,CCC,contracts/PPG_CHARACTERIZATION_CONTROL_CDC_INTERFACE_CONTRACT.md:348,,rtl/ppg_characterization_control_cdc/tb_ppg_characterization_control_cdc.v:10;rtl/ppg_characterization_control_cdc/tb_ppg_characterization_control_cdc.v:29;rtl/ppg_characterization_control_cdc/tb_ppg_characterization_control_cdc.v:245;rtl/ppg_characterization_control_cdc/tb_ppg_characterization_control_cdc.v:330,,,"rtl_tag,matrix_or_alias",D,C:\Users\DAWN\.codex\visualizations\2026\10\02\01a0fd78-edf3-7221-9fc4-3dd2391369a9\ppg_review_D\evidence\id_local_D.json,已合并逐项语义审阅；状态与限制须读原行，非验收CLOSED
CCC-12,CCC,contracts/PPG_CHARACTERIZATION_CONTROL_CDC_INTERFACE_CONTRACT.md:349,,rtl/ppg_characterization_control_cdc/tb_ppg_characterization_control_cdc.v:10;rtl/ppg_characterization_control_cdc/tb_ppg_characterization_control_cdc.v:29;rtl/ppg_characterization_control_cdc/tb_ppg_characterization_control_cdc.v:245;rtl/ppg_characterization_control_cdc/tb_ppg_characterization_control_cdc.v:340,,,"rtl_tag,matrix_or_alias",D,C:\Users\DAWN\.codex\visualizations\2026\10\02\01a0fd78-edf3-7221-9fc4-3dd2391369a9\ppg_review_D\evidence\id_local_D.json,已合并逐项语义审阅；状态与限制须读原行，非验收CLOSED
CCC-13,CCC,contracts/PPG_CHARACTERIZATION_CONTROL_CDC_INTERFACE_CONTRACT.md:350,,rtl/ppg_characterization_control_cdc/tb_ppg_characterization_control_cdc.v:10;rtl/ppg_characterization_control_cdc/tb_ppg_characterization_control_cdc.v:29;rtl/ppg_characterization_control_cdc/tb_ppg_characterization_control_cdc.v:245;rtl/ppg_characterization_control_cdc/tb_ppg_characterization_control_cdc.v:351,,,"rtl_tag,matrix_or_alias",D,C:\Users\DAWN\.codex\visualizations\2026\10\02\01a0fd78-edf3-7221-9fc4-3dd2391369a9\ppg_review_D\evidence\id_local_D.json,已合并逐项语义审阅；状态与限制须读原行，非验收CLOSED
CCC-14,CCC,contracts/PPG_CHARACTERIZATION_CONTROL_CDC_INTERFACE_CONTRACT.md:351,,rtl/ppg_characterization_control_cdc/tb_ppg_characterization_control_cdc.v:10;rtl/ppg_characterization_control_cdc/tb_ppg_characterization_control_cdc.v:29;rtl/ppg_characterization_control_cdc/tb_ppg_characterization_control_cdc.v:245;rtl/ppg_characterization_control_cdc/tb_ppg_characterization_control_cdc.v:359,,,"rtl_tag,matrix_or_alias",D,C:\Users\DAWN\.codex\visualizations\2026\10\02\01a0fd78-edf3-7221-9fc4-3dd2391369a9\ppg_review_D\evidence\id_local_D.json,已合并逐项语义审阅；状态与限制须读原行，非验收CLOSED
CCC-15,CCC,contracts/PPG_CHARACTERIZATION_CONTROL_CDC_INTERFACE_CONTRACT.md:352,,rtl/ppg_characterization_control_cdc/tb_ppg_characterization_control_cdc.v:10;rtl/ppg_characterization_control_cdc/tb_ppg_characterization_control_cdc.v:29;rtl/ppg_characterization_control_cdc/tb_ppg_characterization_control_cdc.v:245;rtl/ppg_characterization_control_cdc/tb_ppg_characterization_control_cdc.v:371,,,"rtl_tag,matrix_or_alias",D,C:\Users\DAWN\.codex\visualizations\2026\10\02\01a0fd78-edf3-7221-9fc4-3dd2391369a9\ppg_review_D\evidence\id_local_D.json,已合并逐项语义审阅；状态与限制须读原行，非验收CLOSED
CCC-16,CCC,contracts/PPG_CHARACTERIZATION_CONTROL_CDC_INTERFACE_CONTRACT.md:353,,rtl/ppg_characterization_control_cdc/tb_ppg_characterization_control_cdc.v:10;rtl/ppg_characterization_control_cdc/tb_ppg_characterization_control_cdc.v:29;rtl/ppg_characterization_control_cdc/tb_ppg_characterization_control_cdc.v:245;rtl/ppg_characterization_control_cdc/tb_ppg_characterization_control_cdc.v:359,,,"rtl_tag,matrix_or_alias",D,C:\Users\DAWN\.codex\visualizations\2026\10\02\01a0fd78-edf3-7221-9fc4-3dd2391369a9\ppg_review_D\evidence\id_local_D.json,已合并逐项语义审阅；状态与限制须读原行，非验收CLOSED
CCC-17,CCC,contracts/PPG_CHARACTERIZATION_CONTROL_CDC_INTERFACE_CONTRACT.md:354,,rtl/ppg_characterization_control_cdc/tb_ppg_characterization_control_cdc.v:10;rtl/ppg_characterization_control_cdc/tb_ppg_characterization_control_cdc.v:29;rtl/ppg_characterization_control_cdc/tb_ppg_characterization_control_cdc.v:245;rtl/ppg_characterization_control_cdc/tb_ppg_characterization_control_cdc.v:383,,,"rtl_tag,matrix_or_alias",D,C:\Users\DAWN\.codex\visualizations\2026\10\02\01a0fd78-edf3-7221-9fc4-3dd2391369a9\ppg_review_D\evidence\id_local_D.json,已合并逐项语义审阅；状态与限制须读原行，非验收CLOSED
CCC-18,CCC,contracts/PPG_CHARACTERIZATION_CONTROL_CDC_INTERFACE_CONTRACT.md:355,,rtl/ppg_characterization_control_cdc/tb_ppg_characterization_control_cdc.v:10;rtl/ppg_characterization_control_cdc/tb_ppg_characterization_control_cdc.v:29;rtl/ppg_characterization_control_cdc/tb_ppg_characterization_control_cdc.v:245;rtl/ppg_characterization_control_cdc/tb_ppg_characterization_control_cdc.v:390,,,"rtl_tag,matrix_or_alias",D,C:\Users\DAWN\.codex\visualizations\2026\10\02\01a0fd78-edf3-7221-9fc4-3dd2391369a9\ppg_review_D\evidence\id_local_D.json,已合并逐项语义审阅；状态与限制须读原行，非验收CLOSED
CCC-19,CCC,contracts/PPG_CHARACTERIZATION_CONTROL_CDC_INTERFACE_CONTRACT.md:356,,rtl/ppg_characterization_control_cdc/tb_ppg_characterization_control_cdc.v:10;rtl/ppg_characterization_control_cdc/tb_ppg_characterization_control_cdc.v:29;rtl/ppg_characterization_control_cdc/tb_ppg_characterization_control_cdc.v:245;rtl/ppg_characterization_control_cdc/tb_ppg_characterization_control_cdc.v:399,,,"rtl_tag,matrix_or_alias",D,C:\Users\DAWN\.codex\visualizations\2026\10\02\01a0fd78-edf3-7221-9fc4-3dd2391369a9\ppg_review_D\evidence\id_local_D.json,已合并逐项语义审阅；状态与限制须读原行，非验收CLOSED
CCC-20,CCC,contracts/PPG_CHARACTERIZATION_CONTROL_CDC_INTERFACE_CONTRACT.md:357,,rtl/ppg_characterization_control_cdc/tb_ppg_characterization_control_cdc.v:10;rtl/ppg_characterization_control_cdc/tb_ppg_characterization_control_cdc.v:29;rtl/ppg_characterization_control_cdc/tb_ppg_characterization_control_cdc.v:245;rtl/ppg_characterization_control_cdc/tb_ppg_characterization_control_cdc.v:406,,,"rtl_tag,matrix_or_alias",D,C:\Users\DAWN\.codex\visualizations\2026\10\02\01a0fd78-edf3-7221-9fc4-3dd2391369a9\ppg_review_D\evidence\id_local_D.json,已合并逐项语义审阅；状态与限制须读原行，非验收CLOSED
CCC-21,CCC,contracts/PPG_CHARACTERIZATION_CONTROL_CDC_INTERFACE_CONTRACT.md:358,,rtl/ppg_characterization_control_cdc/tb_ppg_characterization_control_cdc.v:10;rtl/ppg_characterization_control_cdc/tb_ppg_characterization_control_cdc.v:29;rtl/ppg_characterization_control_cdc/tb_ppg_characterization_control_cdc.v:245;rtl/ppg_characterization_control_cdc/tb_ppg_characterization_control_cdc.v:416,,,"rtl_tag,matrix_or_alias",D,C:\Users\DAWN\.codex\visualizations\2026\10\02\01a0fd78-edf3-7221-9fc4-3dd2391369a9\ppg_review_D\evidence\id_local_D.json,已合并逐项语义审阅；状态与限制须读原行，非验收CLOSED
CCC-22,CCC,contracts/PPG_CHARACTERIZATION_CONTROL_CDC_INTERFACE_CONTRACT.md:359,,rtl/ppg_characterization_control_cdc/tb_ppg_characterization_control_cdc.v:10;rtl/ppg_characterization_control_cdc/tb_ppg_characterization_control_cdc.v:29;rtl/ppg_characterization_control_cdc/tb_ppg_characterization_control_cdc.v:245;rtl/ppg_characterization_control_cdc/tb_ppg_characterization_control_cdc.v:428,,,"rtl_tag,matrix_or_alias",D,C:\Users\DAWN\.codex\visualizations\2026\10\02\01a0fd78-edf3-7221-9fc4-3dd2391369a9\ppg_review_D\evidence\id_local_D.json,已合并逐项语义审阅；状态与限制须读原行，非验收CLOSED
CCC-23,CCC,contracts/PPG_CHARACTERIZATION_CONTROL_CDC_INTERFACE_CONTRACT.md:360,,rtl/ppg_characterization_control_cdc/tb_ppg_characterization_control_cdc.v:10;rtl/ppg_characterization_control_cdc/tb_ppg_characterization_control_cdc.v:29;rtl/ppg_characterization_control_cdc/tb_ppg_characterization_control_cdc.v:245;rtl/ppg_characterization_control_cdc/tb_ppg_characterization_control_cdc.v:445,,,"rtl_tag,matrix_or_alias",D,C:\Users\DAWN\.codex\visualizations\2026\10\02\01a0fd78-edf3-7221-9fc4-3dd2391369a9\ppg_review_D\evidence\id_local_D.json,已合并逐项语义审阅；状态与限制须读原行，非验收CLOSED
CCC-24,CCC,contracts/PPG_CHARACTERIZATION_CONTROL_CDC_INTERFACE_CONTRACT.md:361,,rtl/ppg_characterization_control_cdc/tb_ppg_characterization_control_cdc.v:10;rtl/ppg_characterization_control_cdc/tb_ppg_characterization_control_cdc.v:29;rtl/ppg_characterization_control_cdc/tb_ppg_characterization_control_cdc.v:245;rtl/ppg_characterization_control_cdc/tb_ppg_characterization_control_cdc.v:461,,,"rtl_tag,matrix_or_alias",D,C:\Users\DAWN\.codex\visualizations\2026\10\02\01a0fd78-edf3-7221-9fc4-3dd2391369a9\ppg_review_D\evidence\id_local_D.json,已合并逐项语义审阅；状态与限制须读原行，非验收CLOSED
CCC-25,CCC,contracts/PPG_CHARACTERIZATION_CONTROL_CDC_INTERFACE_CONTRACT.md:362,,rtl/ppg_characterization_control_cdc/tb_ppg_characterization_control_cdc.v:10;rtl/ppg_characterization_control_cdc/tb_ppg_characterization_control_cdc.v:29;rtl/ppg_characterization_control_cdc/tb_ppg_characterization_control_cdc.v:245;rtl/ppg_characterization_control_cdc/tb_ppg_characterization_control_cdc.v:470,,,"rtl_tag,matrix_or_alias",D,C:\Users\DAWN\.codex\visualizations\2026\10\02\01a0fd78-edf3-7221-9fc4-3dd2391369a9\ppg_review_D\evidence\id_local_D.json,已合并逐项语义审阅；状态与限制须读原行，非验收CLOSED
CCC-26,CCC,contracts/PPG_CHARACTERIZATION_CONTROL_CDC_INTERFACE_CONTRACT.md:363,,rtl/ppg_characterization_control_cdc/tb_ppg_characterization_control_cdc.v:10;rtl/ppg_characterization_control_cdc/tb_ppg_characterization_control_cdc.v:29;rtl/ppg_characterization_control_cdc/tb_ppg_characterization_control_cdc.v:245;rtl/ppg_characterization_control_cdc/tb_ppg_characterization_control_cdc.v:478;rtl/ppg_characterization_control_cdc/tb_ppg_characterization_control_cdc.v:482,,,"rtl_tag,matrix_or_alias",D,C:\Users\DAWN\.codex\visualizations\2026\10\02\01a0fd78-edf3-7221-9fc4-3dd2391369a9\ppg_review_D\evidence\id_local_D.json,已合并逐项语义审阅；状态与限制须读原行，非验收CLOSED
CF4-01,CF4,contracts/PPG_NORMAL_FORK_IDAC_TRACKING_AMB_RECHECK_INTERFACE_CONTRACT.md:670,,,,,"rtl_tag,tb_text,matrix_or_alias",,,无逐ID独立语义记录；按家族/结构抽查，机械候选不等于活跃验收缺口
CF4-02,CF4,contracts/PPG_NORMAL_FORK_IDAC_TRACKING_AMB_RECHECK_INTERFACE_CONTRACT.md:671,,,,,"rtl_tag,tb_text,matrix_or_alias",,,无逐ID独立语义记录；按家族/结构抽查，机械候选不等于活跃验收缺口
CF4-03,CF4,contracts/PPG_NORMAL_FORK_IDAC_TRACKING_AMB_RECHECK_INTERFACE_CONTRACT.md:672,,,,,"rtl_tag,tb_text,matrix_or_alias",,,无逐ID独立语义记录；按家族/结构抽查，机械候选不等于活跃验收缺口
CF4-04,CF4,contracts/PPG_NORMAL_FORK_IDAC_TRACKING_AMB_RECHECK_INTERFACE_CONTRACT.md:673,,,,,"rtl_tag,tb_text,matrix_or_alias",,,无逐ID独立语义记录；按家族/结构抽查，机械候选不等于活跃验收缺口
CF4-05,CF4,contracts/PPG_NORMAL_FORK_IDAC_TRACKING_AMB_RECHECK_INTERFACE_CONTRACT.md:674,,,,,"rtl_tag,tb_text,matrix_or_alias",,,无逐ID独立语义记录；按家族/结构抽查，机械候选不等于活跃验收缺口
CIS-01,CIS,contracts/PPG_CHARACTERIZATION_INPUT_SOURCE_AND_STATIC_BIAS_CONTROL_CONTRACT.md:406,,,,,"rtl_tag,tb_text,matrix_or_alias",D,C:\Users\DAWN\.codex\visualizations\2026\10\02\01a0fd78-edf3-7221-9fc4-3dd2391369a9\ppg_review_D\evidence\id_local_D.json,已合并逐项语义审阅；状态与限制须读原行，非验收CLOSED
CIS-02,CIS,contracts/PPG_CHARACTERIZATION_INPUT_SOURCE_AND_STATIC_BIAS_CONTROL_CONTRACT.md:407,,,,,"rtl_tag,tb_text,matrix_or_alias",D,C:\Users\DAWN\.codex\visualizations\2026\10\02\01a0fd78-edf3-7221-9fc4-3dd2391369a9\ppg_review_D\evidence\id_local_D.json,已合并逐项语义审阅；状态与限制须读原行，非验收CLOSED
CIS-03,CIS,contracts/PPG_CHARACTERIZATION_INPUT_SOURCE_AND_STATIC_BIAS_CONTROL_CONTRACT.md:408,,,,,"rtl_tag,tb_text,matrix_or_alias",D,C:\Users\DAWN\.codex\visualizations\2026\10\02\01a0fd78-edf3-7221-9fc4-3dd2391369a9\ppg_review_D\evidence\id_local_D.json,已合并逐项语义审阅；状态与限制须读原行，非验收CLOSED
CIS-04,CIS,contracts/PPG_CHARACTERIZATION_INPUT_SOURCE_AND_STATIC_BIAS_CONTROL_CONTRACT.md:409,,,,,"rtl_tag,tb_text,matrix_or_alias",D,C:\Users\DAWN\.codex\visualizations\2026\10\02\01a0fd78-edf3-7221-9fc4-3dd2391369a9\ppg_review_D\evidence\id_local_D.json,已合并逐项语义审阅；状态与限制须读原行，非验收CLOSED
CIS-05,CIS,contracts/PPG_CHARACTERIZATION_INPUT_SOURCE_AND_STATIC_BIAS_CONTROL_CONTRACT.md:410,,,,,"rtl_tag,tb_text,matrix_or_alias",D,C:\Users\DAWN\.codex\visualizations\2026\10\02\01a0fd78-edf3-7221-9fc4-3dd2391369a9\ppg_review_D\evidence\id_local_D.json,已合并逐项语义审阅；状态与限制须读原行，非验收CLOSED
CIS-06,CIS,contracts/PPG_CHARACTERIZATION_INPUT_SOURCE_AND_STATIC_BIAS_CONTROL_CONTRACT.md:411,,,,,"rtl_tag,tb_text,matrix_or_alias",D,C:\Users\DAWN\.codex\visualizations\2026\10\02\01a0fd78-edf3-7221-9fc4-3dd2391369a9\ppg_review_D\evidence\id_local_D.json,已合并逐项语义审阅；状态与限制须读原行，非验收CLOSED
CIS-07,CIS,contracts/PPG_CHARACTERIZATION_INPUT_SOURCE_AND_STATIC_BIAS_CONTROL_CONTRACT.md:412,,,,,"rtl_tag,tb_text,matrix_or_alias",D,C:\Users\DAWN\.codex\visualizations\2026\10\02\01a0fd78-edf3-7221-9fc4-3dd2391369a9\ppg_review_D\evidence\id_local_D.json,已合并逐项语义审阅；状态与限制须读原行，非验收CLOSED
CIS-08,CIS,contracts/PPG_CHARACTERIZATION_INPUT_SOURCE_AND_STATIC_BIAS_CONTROL_CONTRACT.md:413,,,,,"rtl_tag,tb_text,matrix_or_alias",D,C:\Users\DAWN\.codex\visualizations\2026\10\02\01a0fd78-edf3-7221-9fc4-3dd2391369a9\ppg_review_D\evidence\id_local_D.json,已合并逐项语义审阅；状态与限制须读原行，非验收CLOSED
CIS-09,CIS,contracts/PPG_CHARACTERIZATION_INPUT_SOURCE_AND_STATIC_BIAS_CONTROL_CONTRACT.md:414,,,,,"rtl_tag,tb_text,matrix_or_alias",D,C:\Users\DAWN\.codex\visualizations\2026\10\02\01a0fd78-edf3-7221-9fc4-3dd2391369a9\ppg_review_D\evidence\id_local_D.json,已合并逐项语义审阅；状态与限制须读原行，非验收CLOSED
CIS-10,CIS,contracts/PPG_CHARACTERIZATION_INPUT_SOURCE_AND_STATIC_BIAS_CONTROL_CONTRACT.md:415,,,,,"rtl_tag,tb_text,matrix_or_alias",D,C:\Users\DAWN\.codex\visualizations\2026\10\02\01a0fd78-edf3-7221-9fc4-3dd2391369a9\ppg_review_D\evidence\id_local_D.json,已合并逐项语义审阅；状态与限制须读原行，非验收CLOSED
CIS-11,CIS,contracts/PPG_CHARACTERIZATION_INPUT_SOURCE_AND_STATIC_BIAS_CONTROL_CONTRACT.md:416,,,,,"rtl_tag,tb_text,matrix_or_alias",D,C:\Users\DAWN\.codex\visualizations\2026\10\02\01a0fd78-edf3-7221-9fc4-3dd2391369a9\ppg_review_D\evidence\id_local_D.json,已合并逐项语义审阅；状态与限制须读原行，非验收CLOSED
CIS-12,CIS,contracts/PPG_CHARACTERIZATION_INPUT_SOURCE_AND_STATIC_BIAS_CONTROL_CONTRACT.md:417,,,,,"rtl_tag,tb_text,matrix_or_alias",D,C:\Users\DAWN\.codex\visualizations\2026\10\02\01a0fd78-edf3-7221-9fc4-3dd2391369a9\ppg_review_D\evidence\id_local_D.json,已合并逐项语义审阅；状态与限制须读原行，非验收CLOSED
CIS-13,CIS,contracts/PPG_CHARACTERIZATION_INPUT_SOURCE_AND_STATIC_BIAS_CONTROL_CONTRACT.md:418,,,,,"rtl_tag,tb_text,matrix_or_alias",D,C:\Users\DAWN\.codex\visualizations\2026\10\02\01a0fd78-edf3-7221-9fc4-3dd2391369a9\ppg_review_D\evidence\id_local_D.json,已合并逐项语义审阅；状态与限制须读原行，非验收CLOSED
CIS-14,CIS,contracts/PPG_CHARACTERIZATION_INPUT_SOURCE_AND_STATIC_BIAS_CONTROL_CONTRACT.md:419,,,,,"rtl_tag,tb_text,matrix_or_alias",D,C:\Users\DAWN\.codex\visualizations\2026\10\02\01a0fd78-edf3-7221-9fc4-3dd2391369a9\ppg_review_D\evidence\id_local_D.json,已合并逐项语义审阅；状态与限制须读原行，非验收CLOSED
CIS-15,CIS,contracts/PPG_CHARACTERIZATION_INPUT_SOURCE_AND_STATIC_BIAS_CONTROL_CONTRACT.md:420,,,,,"rtl_tag,tb_text,matrix_or_alias",D,C:\Users\DAWN\.codex\visualizations\2026\10\02\01a0fd78-edf3-7221-9fc4-3dd2391369a9\ppg_review_D\evidence\id_local_D.json,已合并逐项语义审阅；状态与限制须读原行，非验收CLOSED
CIS-16,CIS,contracts/PPG_CHARACTERIZATION_INPUT_SOURCE_AND_STATIC_BIAS_CONTROL_CONTRACT.md:421,,,,,"rtl_tag,tb_text,matrix_or_alias",D,C:\Users\DAWN\.codex\visualizations\2026\10\02\01a0fd78-edf3-7221-9fc4-3dd2391369a9\ppg_review_D\evidence\id_local_D.json,已合并逐项语义审阅；状态与限制须读原行，非验收CLOSED
CIS-17,CIS,contracts/PPG_CHARACTERIZATION_INPUT_SOURCE_AND_STATIC_BIAS_CONTROL_CONTRACT.md:422,,,,,"rtl_tag,tb_text,matrix_or_alias",D,C:\Users\DAWN\.codex\visualizations\2026\10\02\01a0fd78-edf3-7221-9fc4-3dd2391369a9\ppg_review_D\evidence\id_local_D.json,已合并逐项语义审阅；状态与限制须读原行，非验收CLOSED
CIS-18,CIS,contracts/PPG_CHARACTERIZATION_INPUT_SOURCE_AND_STATIC_BIAS_CONTROL_CONTRACT.md:423,,,,,"rtl_tag,tb_text,matrix_or_alias",D,C:\Users\DAWN\.codex\visualizations\2026\10\02\01a0fd78-edf3-7221-9fc4-3dd2391369a9\ppg_review_D\evidence\id_local_D.json,已合并逐项语义审阅；状态与限制须读原行，非验收CLOSED
CIS-19,CIS,contracts/PPG_CHARACTERIZATION_INPUT_SOURCE_AND_STATIC_BIAS_CONTROL_CONTRACT.md:424,,,,,"rtl_tag,tb_text,matrix_or_alias",D,C:\Users\DAWN\.codex\visualizations\2026\10\02\01a0fd78-edf3-7221-9fc4-3dd2391369a9\ppg_review_D\evidence\id_local_D.json,已合并逐项语义审阅；状态与限制须读原行，非验收CLOSED
CIS-20,CIS,contracts/PPG_CHARACTERIZATION_INPUT_SOURCE_AND_STATIC_BIAS_CONTROL_CONTRACT.md:425,,,,,"rtl_tag,tb_text,matrix_or_alias",D,C:\Users\DAWN\.codex\visualizations\2026\10\02\01a0fd78-edf3-7221-9fc4-3dd2391369a9\ppg_review_D\evidence\id_local_D.json,已合并逐项语义审阅；状态与限制须读原行，非验收CLOSED
CIS-21,CIS,contracts/PPG_CHARACTERIZATION_INPUT_SOURCE_AND_STATIC_BIAS_CONTROL_CONTRACT.md:426,,,,,"rtl_tag,tb_text,matrix_or_alias",D,C:\Users\DAWN\.codex\visualizations\2026\10\02\01a0fd78-edf3-7221-9fc4-3dd2391369a9\ppg_review_D\evidence\id_local_D.json,已合并逐项语义审阅；状态与限制须读原行，非验收CLOSED
CIS-22,CIS,contracts/PPG_CHARACTERIZATION_INPUT_SOURCE_AND_STATIC_BIAS_CONTROL_CONTRACT.md:427,,,,,"rtl_tag,tb_text,matrix_or_alias",D,C:\Users\DAWN\.codex\visualizations\2026\10\02\01a0fd78-edf3-7221-9fc4-3dd2391369a9\ppg_review_D\evidence\id_local_D.json,已合并逐项语义审阅；状态与限制须读原行，非验收CLOSED
CIS-23,CIS,contracts/PPG_CHARACTERIZATION_INPUT_SOURCE_AND_STATIC_BIAS_CONTROL_CONTRACT.md:428,,,,,"rtl_tag,tb_text,matrix_or_alias",D,C:\Users\DAWN\.codex\visualizations\2026\10\02\01a0fd78-edf3-7221-9fc4-3dd2391369a9\ppg_review_D\evidence\id_local_D.json,已合并逐项语义审阅；状态与限制须读原行，非验收CLOSED
CIS-24,CIS,contracts/PPG_CHARACTERIZATION_INPUT_SOURCE_AND_STATIC_BIAS_CONTROL_CONTRACT.md:429,,,,,"rtl_tag,tb_text,matrix_or_alias",D,C:\Users\DAWN\.codex\visualizations\2026\10\02\01a0fd78-edf3-7221-9fc4-3dd2391369a9\ppg_review_D\evidence\id_local_D.json,已合并逐项语义审阅；状态与限制须读原行，非验收CLOSED
CIS-25,CIS,contracts/PPG_CHARACTERIZATION_INPUT_SOURCE_AND_STATIC_BIAS_CONTROL_CONTRACT.md:430,,,,,"rtl_tag,tb_text,matrix_or_alias",D,C:\Users\DAWN\.codex\visualizations\2026\10\02\01a0fd78-edf3-7221-9fc4-3dd2391369a9\ppg_review_D\evidence\id_local_D.json,已合并逐项语义审阅；状态与限制须读原行，非验收CLOSED
CIS-26,CIS,contracts/PPG_CHARACTERIZATION_INPUT_SOURCE_AND_STATIC_BIAS_CONTROL_CONTRACT.md:431,,,,,"rtl_tag,tb_text,matrix_or_alias",D,C:\Users\DAWN\.codex\visualizations\2026\10\02\01a0fd78-edf3-7221-9fc4-3dd2391369a9\ppg_review_D\evidence\id_local_D.json,已合并逐项语义审阅；状态与限制须读原行，非验收CLOSED
CIS-27,CIS,contracts/PPG_CHARACTERIZATION_INPUT_SOURCE_AND_STATIC_BIAS_CONTROL_CONTRACT.md:432,,,,,"rtl_tag,tb_text,matrix_or_alias",D,C:\Users\DAWN\.codex\visualizations\2026\10\02\01a0fd78-edf3-7221-9fc4-3dd2391369a9\ppg_review_D\evidence\id_local_D.json,已合并逐项语义审阅；状态与限制须读原行，非验收CLOSED
CIS-28,CIS,contracts/PPG_CHARACTERIZATION_INPUT_SOURCE_AND_STATIC_BIAS_CONTROL_CONTRACT.md:433,,,,,"rtl_tag,tb_text,matrix_or_alias",D,C:\Users\DAWN\.codex\visualizations\2026\10\02\01a0fd78-edf3-7221-9fc4-3dd2391369a9\ppg_review_D\evidence\id_local_D.json,已合并逐项语义审阅；状态与限制须读原行，非验收CLOSED
CIS-29,CIS,contracts/PPG_CHARACTERIZATION_INPUT_SOURCE_AND_STATIC_BIAS_CONTROL_CONTRACT.md:434,,,,,"rtl_tag,tb_text,matrix_or_alias",D,C:\Users\DAWN\.codex\visualizations\2026\10\02\01a0fd78-edf3-7221-9fc4-3dd2391369a9\ppg_review_D\evidence\id_local_D.json,已合并逐项语义审阅；状态与限制须读原行，非验收CLOSED
CIS-30,CIS,contracts/PPG_CHARACTERIZATION_INPUT_SOURCE_AND_STATIC_BIAS_CONTROL_CONTRACT.md:435,,,,,"rtl_tag,tb_text,matrix_or_alias",D,C:\Users\DAWN\.codex\visualizations\2026\10\02\01a0fd78-edf3-7221-9fc4-3dd2391369a9\ppg_review_D\evidence\id_local_D.json,已合并逐项语义审阅；状态与限制须读原行，非验收CLOSED
D01,D,,,rtl/ppg_control_top/tb_ppg_control_top_baseline_cross.v:25;rtl/ppg_control_top/tb_ppg_control_top_baseline_cross.v:108;rtl/ppg_control_top/tb_ppg_control_top_baseline_cross.v:430;rtl/ppg_control_top/tb_ppg_control_top_baseline_cross.v:431;rtl/ppg_control_top/tb_ppg_control_top_baseline_cross.v:683;rtl/ppg_control_top/tb_ppg_control_top_baseline_cross.v:921;rtl/ppg_control_top/tb_ppg_control_top_baseline_cross.v:931;rtl/ppg_control_top/tb_ppg_control_top_baseline_cross.v:935;rtl/ppg_control_top/tb_ppg_control_top_baseline_cross.v:939;rtl/ppg_control_top/tb_ppg_control_top_baseline_cross.v:943;rtl/ppg_control_top/tb_ppg_control_top_baseline_cross.v:980;rtl/ppg_control_top/tb_ppg_control_top_baseline_cross.v:992;rtl/ppg_control_top/tb_ppg_control_top_baseline_cross.v:1004;rtl/ppg_control_top/tb_ppg_control_top_baseline_cross.v:1599;rtl/ppg_control_top/tb_ppg_control_top_baseline_cross.v:1671;rtl/ppg_control_top/tb_ppg_control_top_baseline_cross.v:1686;rtl/ppg_control_top/tb_ppg_control_top_baseline_cross.v:1696;rtl/ppg_control_top/tb_ppg_control_top_baseline_cross.v:1702;rtl/ppg_control_top/tb_ppg_control_top_baseline_cross.v:1708;rtl/ppg_control_top/tb_ppg_control_top_baseline_cross.v:1713;rtl/ppg_control_top/tb_ppg_control_top_baseline_cross.v:1716;rtl/ppg_control_top/tb_ppg_control_top_baseline_cross.v:1743;rtl/ppg_control_top/tb_ppg_control_top_baseline_cross.v:1746;rtl/ppg_control_top/tb_ppg_control_top_baseline_cross.v:1750;rtl/ppg_control_top/tb_ppg_control_top_baseline_cross.v:1753;rtl/ppg_control_top/tb_ppg_control_top_baseline_cross.v:1770;rtl/ppg_control_top/tb_ppg_control_top_baseline_cross.v:1780;rtl/ppg_control_top/tb_ppg_control_top_baseline_cross.v:1793;rtl/ppg_control_top/tb_ppg_control_top_baseline_cross.v:1796,contracts/PPG_CONTRACT_CLOSURE_MATRIX.md:3777;contracts/PPG_ALIAS_MAPPING_TABLE.md:81;contracts/PPG_ALIAS_MAPPING_TABLE.md:82;contracts/PPG_ALIAS_MAPPING_TABLE.md:83;contracts/PPG_ALIAS_MAPPING_TABLE.md:84;contracts/PPG_ALIAS_MAPPING_TABLE.md:85;contracts/PPG_ALIAS_MAPPING_TABLE.md:86;contracts/PPG_ALIAS_MAPPING_TABLE.md:87;contracts/PPG_ALIAS_MAPPING_TABLE.md:88;contracts/PPG_ALIAS_MAPPING_TABLE.md:90,contracts/PPG_ALIAS_MAPPING_TABLE.md:81;contracts/PPG_ALIAS_MAPPING_TABLE.md:82;contracts/PPG_ALIAS_MAPPING_TABLE.md:83;contracts/PPG_ALIAS_MAPPING_TABLE.md:84;contracts/PPG_ALIAS_MAPPING_TABLE.md:85;contracts/PPG_ALIAS_MAPPING_TABLE.md:86;contracts/PPG_ALIAS_MAPPING_TABLE.md:87;contracts/PPG_ALIAS_MAPPING_TABLE.md:88,"contract_definition,rtl_tag",,,无逐ID独立语义记录；按家族/结构抽查，机械候选不等于活跃验收缺口
D01-01b,D01,,,rtl/ppg_control_top/tb_ppg_control_top_baseline_cross.v:25;rtl/ppg_control_top/tb_ppg_control_top_baseline_cross.v:108;rtl/ppg_control_top/tb_ppg_control_top_baseline_cross.v:1622;rtl/ppg_control_top/tb_ppg_control_top_baseline_cross.v:1722;rtl/ppg_control_top/tb_ppg_control_top_baseline_cross.v:1758,contracts/PPG_ALIAS_MAPPING_TABLE.md:89,,"contract_definition,rtl_tag",,,无逐ID独立语义记录；按家族/结构抽查，机械候选不等于活跃验收缺口
D02,D,,,,contracts/PPG_CONTRACT_CLOSURE_MATRIX.md:3536;contracts/PPG_CONTRACT_CLOSURE_MATRIX.md:3778,,"contract_definition,rtl_tag,tb_text",,,无逐ID独立语义记录；按家族/结构抽查，机械候选不等于活跃验收缺口
D03,D,,,,contracts/PPG_CONTRACT_CLOSURE_MATRIX.md:3585;contracts/PPG_ALIAS_MAPPING_TABLE.md:96,contracts/PPG_ALIAS_MAPPING_TABLE.md:96,"contract_definition,rtl_tag,tb_text",,,无逐ID独立语义记录；按家族/结构抽查，机械候选不等于活跃验收缺口
DCR-01,DCR,contracts/PPG_ADC_DC_RECOVERY_INTERFACE_CONTRACT.md:568,,rtl/ppg_adc_dc_recovery/tb_ppg_adc_dc_recovery.v:242;rtl/ppg_adc_dc_recovery/tb_ppg_adc_dc_recovery.v:434;rtl/ppg_adc_dc_recovery/tb_ppg_adc_dc_recovery.v:437,,,"rtl_tag,matrix_or_alias",C,C:\Users\DAWN\.codex\visualizations\2026\10\02\01a0fd78-b9b8-78f2-8e39-c02cd0049c19\ppg_review_C\evidence\id_review_matrix.csv,已合并逐项语义审阅；状态与限制须读原行，非验收CLOSED
DCR-02,DCR,contracts/PPG_ADC_DC_RECOVERY_INTERFACE_CONTRACT.md:569,,rtl/ppg_adc_dc_recovery/tb_ppg_adc_dc_recovery.v:437,,,"rtl_tag,matrix_or_alias",C,C:\Users\DAWN\.codex\visualizations\2026\10\02\01a0fd78-b9b8-78f2-8e39-c02cd0049c19\ppg_review_C\evidence\id_review_matrix.csv,已合并逐项语义审阅；状态与限制须读原行，非验收CLOSED
DCR-03,DCR,contracts/PPG_ADC_DC_RECOVERY_INTERFACE_CONTRACT.md:570,,rtl/ppg_adc_dc_recovery/tb_ppg_adc_dc_recovery.v:437,,,"rtl_tag,matrix_or_alias",C,C:\Users\DAWN\.codex\visualizations\2026\10\02\01a0fd78-b9b8-78f2-8e39-c02cd0049c19\ppg_review_C\evidence\id_review_matrix.csv,已合并逐项语义审阅；状态与限制须读原行，非验收CLOSED
DCR-04,DCR,contracts/PPG_ADC_DC_RECOVERY_INTERFACE_CONTRACT.md:571,,rtl/ppg_adc_dc_recovery/tb_ppg_adc_dc_recovery.v:437,,,"rtl_tag,matrix_or_alias",C,C:\Users\DAWN\.codex\visualizations\2026\10\02\01a0fd78-b9b8-78f2-8e39-c02cd0049c19\ppg_review_C\evidence\id_review_matrix.csv,已合并逐项语义审阅；状态与限制须读原行，非验收CLOSED
DCR-05,DCR,contracts/PPG_ADC_DC_RECOVERY_INTERFACE_CONTRACT.md:572,,rtl/ppg_adc_dc_recovery/tb_ppg_adc_dc_recovery.v:437,,,"rtl_tag,matrix_or_alias",C,C:\Users\DAWN\.codex\visualizations\2026\10\02\01a0fd78-b9b8-78f2-8e39-c02cd0049c19\ppg_review_C\evidence\id_review_matrix.csv,已合并逐项语义审阅；状态与限制须读原行，非验收CLOSED
DCR-06,DCR,contracts/PPG_ADC_DC_RECOVERY_INTERFACE_CONTRACT.md:573,,rtl/ppg_adc_dc_recovery/tb_ppg_adc_dc_recovery.v:437,,,"rtl_tag,matrix_or_alias",C,C:\Users\DAWN\.codex\visualizations\2026\10\02\01a0fd78-b9b8-78f2-8e39-c02cd0049c19\ppg_review_C\evidence\id_review_matrix.csv,已合并逐项语义审阅；状态与限制须读原行，非验收CLOSED
DCR-07,DCR,contracts/PPG_ADC_DC_RECOVERY_INTERFACE_CONTRACT.md:574,,rtl/ppg_adc_dc_recovery/tb_ppg_adc_dc_recovery.v:437,,,"rtl_tag,matrix_or_alias",C,C:\Users\DAWN\.codex\visualizations\2026\10\02\01a0fd78-b9b8-78f2-8e39-c02cd0049c19\ppg_review_C\evidence\id_review_matrix.csv,已合并逐项语义审阅；状态与限制须读原行，非验收CLOSED
DCR-08,DCR,contracts/PPG_ADC_DC_RECOVERY_INTERFACE_CONTRACT.md:575,,rtl/ppg_adc_dc_recovery/tb_ppg_adc_dc_recovery.v:437,,,"rtl_tag,matrix_or_alias",C,C:\Users\DAWN\.codex\visualizations\2026\10\02\01a0fd78-b9b8-78f2-8e39-c02cd0049c19\ppg_review_C\evidence\id_review_matrix.csv,已合并逐项语义审阅；状态与限制须读原行，非验收CLOSED
DCR-09,DCR,contracts/PPG_ADC_DC_RECOVERY_INTERFACE_CONTRACT.md:576,,rtl/ppg_adc_dc_recovery/tb_ppg_adc_dc_recovery.v:285;rtl/ppg_adc_dc_recovery/tb_ppg_adc_dc_recovery.v:437,,,"rtl_tag,matrix_or_alias",C,C:\Users\DAWN\.codex\visualizations\2026\10\02\01a0fd78-b9b8-78f2-8e39-c02cd0049c19\ppg_review_C\evidence\id_review_matrix.csv,已合并逐项语义审阅；状态与限制须读原行，非验收CLOSED
DCR-10,DCR,contracts/PPG_ADC_DC_RECOVERY_INTERFACE_CONTRACT.md:577,,rtl/ppg_adc_dc_recovery/tb_ppg_adc_dc_recovery.v:437,,,"rtl_tag,matrix_or_alias",C,C:\Users\DAWN\.codex\visualizations\2026\10\02\01a0fd78-b9b8-78f2-8e39-c02cd0049c19\ppg_review_C\evidence\id_review_matrix.csv,已合并逐项语义审阅；状态与限制须读原行，非验收CLOSED
DCR-11,DCR,contracts/PPG_ADC_DC_RECOVERY_INTERFACE_CONTRACT.md:578,,rtl/ppg_adc_dc_recovery/tb_ppg_adc_dc_recovery.v:437,,,"rtl_tag,matrix_or_alias",C,C:\Users\DAWN\.codex\visualizations\2026\10\02\01a0fd78-b9b8-78f2-8e39-c02cd0049c19\ppg_review_C\evidence\id_review_matrix.csv,已合并逐项语义审阅；状态与限制须读原行，非验收CLOSED
DCR-12,DCR,contracts/PPG_ADC_DC_RECOVERY_INTERFACE_CONTRACT.md:579,,rtl/ppg_adc_dc_recovery/tb_ppg_adc_dc_recovery.v:264;rtl/ppg_adc_dc_recovery/tb_ppg_adc_dc_recovery.v:437,,,"rtl_tag,matrix_or_alias",C,C:\Users\DAWN\.codex\visualizations\2026\10\02\01a0fd78-b9b8-78f2-8e39-c02cd0049c19\ppg_review_C\evidence\id_review_matrix.csv,已合并逐项语义审阅；状态与限制须读原行，非验收CLOSED
DCR-13,DCR,contracts/PPG_ADC_DC_RECOVERY_INTERFACE_CONTRACT.md:580,,rtl/ppg_adc_dc_recovery/tb_ppg_adc_dc_recovery.v:437,,,"rtl_tag,matrix_or_alias",C,C:\Users\DAWN\.codex\visualizations\2026\10\02\01a0fd78-b9b8-78f2-8e39-c02cd0049c19\ppg_review_C\evidence\id_review_matrix.csv,已合并逐项语义审阅；状态与限制须读原行，非验收CLOSED
DCR-14,DCR,contracts/PPG_ADC_DC_RECOVERY_INTERFACE_CONTRACT.md:581,,rtl/ppg_adc_dc_recovery/tb_ppg_adc_dc_recovery.v:437,,,"rtl_tag,matrix_or_alias",C,C:\Users\DAWN\.codex\visualizations\2026\10\02\01a0fd78-b9b8-78f2-8e39-c02cd0049c19\ppg_review_C\evidence\id_review_matrix.csv,已合并逐项语义审阅；状态与限制须读原行，非验收CLOSED
DCR-15,DCR,contracts/PPG_ADC_DC_RECOVERY_INTERFACE_CONTRACT.md:582,,rtl/ppg_adc_dc_recovery/tb_ppg_adc_dc_recovery.v:308;rtl/ppg_adc_dc_recovery/tb_ppg_adc_dc_recovery.v:326;rtl/ppg_adc_dc_recovery/tb_ppg_adc_dc_recovery.v:437,,,"rtl_tag,matrix_or_alias",C,C:\Users\DAWN\.codex\visualizations\2026\10\02\01a0fd78-b9b8-78f2-8e39-c02cd0049c19\ppg_review_C\evidence\id_review_matrix.csv,已合并逐项语义审阅；状态与限制须读原行，非验收CLOSED
DCR-16,DCR,contracts/PPG_ADC_DC_RECOVERY_INTERFACE_CONTRACT.md:583,,rtl/ppg_adc_dc_recovery/tb_ppg_adc_dc_recovery.v:334;rtl/ppg_adc_dc_recovery/tb_ppg_adc_dc_recovery.v:363;rtl/ppg_adc_dc_recovery/tb_ppg_adc_dc_recovery.v:437,,,"rtl_tag,matrix_or_alias",C,C:\Users\DAWN\.codex\visualizations\2026\10\02\01a0fd78-b9b8-78f2-8e39-c02cd0049c19\ppg_review_C\evidence\id_review_matrix.csv,已合并逐项语义审阅；状态与限制须读原行，非验收CLOSED
DCR-17,DCR,contracts/PPG_ADC_DC_RECOVERY_INTERFACE_CONTRACT.md:584,,rtl/ppg_adc_dc_recovery/tb_ppg_adc_dc_recovery.v:437,,,"rtl_tag,matrix_or_alias",C,C:\Users\DAWN\.codex\visualizations\2026\10\02\01a0fd78-b9b8-78f2-8e39-c02cd0049c19\ppg_review_C\evidence\id_review_matrix.csv,已合并逐项语义审阅；状态与限制须读原行，非验收CLOSED
DCR-18,DCR,contracts/PPG_ADC_DC_RECOVERY_INTERFACE_CONTRACT.md:585,,rtl/ppg_adc_dc_recovery/tb_ppg_adc_dc_recovery.v:437,,,"rtl_tag,matrix_or_alias",C,C:\Users\DAWN\.codex\visualizations\2026\10\02\01a0fd78-b9b8-78f2-8e39-c02cd0049c19\ppg_review_C\evidence\id_review_matrix.csv,已合并逐项语义审阅；状态与限制须读原行，非验收CLOSED
DCR-19,DCR,contracts/PPG_ADC_DC_RECOVERY_INTERFACE_CONTRACT.md:586,,rtl/ppg_adc_dc_recovery/tb_ppg_adc_dc_recovery.v:397;rtl/ppg_adc_dc_recovery/tb_ppg_adc_dc_recovery.v:437,,,"rtl_tag,matrix_or_alias",C,C:\Users\DAWN\.codex\visualizations\2026\10\02\01a0fd78-b9b8-78f2-8e39-c02cd0049c19\ppg_review_C\evidence\id_review_matrix.csv,已合并逐项语义审阅；状态与限制须读原行，非验收CLOSED
DCR-20,DCR,contracts/PPG_ADC_DC_RECOVERY_INTERFACE_CONTRACT.md:587,,rtl/ppg_adc_dc_recovery/tb_ppg_adc_dc_recovery.v:437,,,"rtl_tag,matrix_or_alias",C,C:\Users\DAWN\.codex\visualizations\2026\10\02\01a0fd78-b9b8-78f2-8e39-c02cd0049c19\ppg_review_C\evidence\id_review_matrix.csv,已合并逐项语义审阅；状态与限制须读原行，非验收CLOSED
DCR-21,DCR,contracts/PPG_ADC_DC_RECOVERY_INTERFACE_CONTRACT.md:588,,rtl/ppg_adc_dc_recovery/tb_ppg_adc_dc_recovery.v:412;rtl/ppg_adc_dc_recovery/tb_ppg_adc_dc_recovery.v:437,,,"rtl_tag,matrix_or_alias",C,C:\Users\DAWN\.codex\visualizations\2026\10\02\01a0fd78-b9b8-78f2-8e39-c02cd0049c19\ppg_review_C\evidence\id_review_matrix.csv,已合并逐项语义审阅；状态与限制须读原行，非验收CLOSED
DCR-22,DCR,contracts/PPG_ADC_DC_RECOVERY_INTERFACE_CONTRACT.md:589,,rtl/ppg_adc_dc_recovery/tb_ppg_adc_dc_recovery.v:422;rtl/ppg_adc_dc_recovery/tb_ppg_adc_dc_recovery.v:424;rtl/ppg_adc_dc_recovery/tb_ppg_adc_dc_recovery.v:437,,,"rtl_tag,matrix_or_alias",C,C:\Users\DAWN\.codex\visualizations\2026\10\02\01a0fd78-b9b8-78f2-8e39-c02cd0049c19\ppg_review_C\evidence\id_review_matrix.csv,已合并逐项语义审阅；状态与限制须读原行，非验收CLOSED
FFK-01,FFK,contracts/PPG_NORMAL_FORK_IDAC_TRACKING_AMB_RECHECK_INTERFACE_CONTRACT.md:617,,rtl/ppg_normal_transaction_fork/tb_ppg_normal_transaction_fork.v:22;rtl/ppg_normal_transaction_fork/tb_ppg_normal_transaction_fork.v:42;rtl/ppg_normal_transaction_fork/tb_ppg_normal_transaction_fork.v:44;rtl/ppg_normal_transaction_fork/tb_ppg_normal_transaction_fork.v:329;rtl/ppg_normal_transaction_fork/tb_ppg_normal_transaction_fork.v:331;rtl/ppg_normal_transaction_fork/tb_ppg_normal_transaction_fork.v:332;rtl/ppg_normal_transaction_fork/tb_ppg_normal_transaction_fork.v:501,,,"rtl_tag,matrix_or_alias",B,C:\Users\DAWN\.codex\visualizations\2026\10\02\01a0fd78-55cb-7173-9e41-1e0b27c41d49\ppg_review_B\evidence\id_four_link_audit.json,已合并逐项语义审阅；状态与限制须读原行，非验收CLOSED
FFK-02,FFK,contracts/PPG_NORMAL_FORK_IDAC_TRACKING_AMB_RECHECK_INTERFACE_CONTRACT.md:618,,rtl/ppg_normal_transaction_fork/tb_ppg_normal_transaction_fork.v:22;rtl/ppg_normal_transaction_fork/tb_ppg_normal_transaction_fork.v:42;rtl/ppg_normal_transaction_fork/tb_ppg_normal_transaction_fork.v:44;rtl/ppg_normal_transaction_fork/tb_ppg_normal_transaction_fork.v:334;rtl/ppg_normal_transaction_fork/tb_ppg_normal_transaction_fork.v:336;rtl/ppg_normal_transaction_fork/tb_ppg_normal_transaction_fork.v:337;rtl/ppg_normal_transaction_fork/tb_ppg_normal_transaction_fork.v:338;rtl/ppg_normal_transaction_fork/tb_ppg_normal_transaction_fork.v:340;rtl/ppg_normal_transaction_fork/tb_ppg_normal_transaction_fork.v:501,,,"rtl_tag,matrix_or_alias",B,C:\Users\DAWN\.codex\visualizations\2026\10\02\01a0fd78-55cb-7173-9e41-1e0b27c41d49\ppg_review_B\evidence\id_four_link_audit.json,已合并逐项语义审阅；状态与限制须读原行，非验收CLOSED
FFK-03,FFK,contracts/PPG_NORMAL_FORK_IDAC_TRACKING_AMB_RECHECK_INTERFACE_CONTRACT.md:619,,rtl/ppg_normal_transaction_fork/tb_ppg_normal_transaction_fork.v:22;rtl/ppg_normal_transaction_fork/tb_ppg_normal_transaction_fork.v:42;rtl/ppg_normal_transaction_fork/tb_ppg_normal_transaction_fork.v:44;rtl/ppg_normal_transaction_fork/tb_ppg_normal_transaction_fork.v:342;rtl/ppg_normal_transaction_fork/tb_ppg_normal_transaction_fork.v:349;rtl/ppg_normal_transaction_fork/tb_ppg_normal_transaction_fork.v:350;rtl/ppg_normal_transaction_fork/tb_ppg_normal_transaction_fork.v:352;rtl/ppg_normal_transaction_fork/tb_ppg_normal_transaction_fork.v:360;rtl/ppg_normal_transaction_fork/tb_ppg_normal_transaction_fork.v:501,,,"rtl_tag,matrix_or_alias",B,C:\Users\DAWN\.codex\visualizations\2026\10\02\01a0fd78-55cb-7173-9e41-1e0b27c41d49\ppg_review_B\evidence\id_four_link_audit.json,已合并逐项语义审阅；状态与限制须读原行，非验收CLOSED
FFK-04,FFK,contracts/PPG_NORMAL_FORK_IDAC_TRACKING_AMB_RECHECK_INTERFACE_CONTRACT.md:620,,rtl/ppg_normal_transaction_fork/tb_ppg_normal_transaction_fork.v:22;rtl/ppg_normal_transaction_fork/tb_ppg_normal_transaction_fork.v:42;rtl/ppg_normal_transaction_fork/tb_ppg_normal_transaction_fork.v:44;rtl/ppg_normal_transaction_fork/tb_ppg_normal_transaction_fork.v:362;rtl/ppg_normal_transaction_fork/tb_ppg_normal_transaction_fork.v:371;rtl/ppg_normal_transaction_fork/tb_ppg_normal_transaction_fork.v:372;rtl/ppg_normal_transaction_fork/tb_ppg_normal_transaction_fork.v:374;rtl/ppg_normal_transaction_fork/tb_ppg_normal_transaction_fork.v:501,,,"rtl_tag,matrix_or_alias",B,C:\Users\DAWN\.codex\visualizations\2026\10\02\01a0fd78-55cb-7173-9e41-1e0b27c41d49\ppg_review_B\evidence\id_four_link_audit.json,已合并逐项语义审阅；状态与限制须读原行，非验收CLOSED
FFK-05,FFK,contracts/PPG_NORMAL_FORK_IDAC_TRACKING_AMB_RECHECK_INTERFACE_CONTRACT.md:621,,rtl/ppg_normal_transaction_fork/tb_ppg_normal_transaction_fork.v:22;rtl/ppg_normal_transaction_fork/tb_ppg_normal_transaction_fork.v:42;rtl/ppg_normal_transaction_fork/tb_ppg_normal_transaction_fork.v:44;rtl/ppg_normal_transaction_fork/tb_ppg_normal_transaction_fork.v:382;rtl/ppg_normal_transaction_fork/tb_ppg_normal_transaction_fork.v:390;rtl/ppg_normal_transaction_fork/tb_ppg_normal_transaction_fork.v:394;rtl/ppg_normal_transaction_fork/tb_ppg_normal_transaction_fork.v:395;rtl/ppg_normal_transaction_fork/tb_ppg_normal_transaction_fork.v:396;rtl/ppg_normal_transaction_fork/tb_ppg_normal_transaction_fork.v:398;rtl/ppg_normal_transaction_fork/tb_ppg_normal_transaction_fork.v:407;rtl/ppg_normal_transaction_fork/tb_ppg_normal_transaction_fork.v:501,,,"rtl_tag,matrix_or_alias",B,C:\Users\DAWN\.codex\visualizations\2026\10\02\01a0fd78-55cb-7173-9e41-1e0b27c41d49\ppg_review_B\evidence\id_four_link_audit.json,已合并逐项语义审阅；状态与限制须读原行，非验收CLOSED
FFK-06,FFK,contracts/PPG_NORMAL_FORK_IDAC_TRACKING_AMB_RECHECK_INTERFACE_CONTRACT.md:622,,rtl/ppg_normal_transaction_fork/tb_ppg_normal_transaction_fork.v:22;rtl/ppg_normal_transaction_fork/tb_ppg_normal_transaction_fork.v:42;rtl/ppg_normal_transaction_fork/tb_ppg_normal_transaction_fork.v:44;rtl/ppg_normal_transaction_fork/tb_ppg_normal_transaction_fork.v:411;rtl/ppg_normal_transaction_fork/tb_ppg_normal_transaction_fork.v:424;rtl/ppg_normal_transaction_fork/tb_ppg_normal_transaction_fork.v:426;rtl/ppg_normal_transaction_fork/tb_ppg_normal_transaction_fork.v:435;rtl/ppg_normal_transaction_fork/tb_ppg_normal_transaction_fork.v:448;rtl/ppg_normal_transaction_fork/tb_ppg_normal_transaction_fork.v:450;rtl/ppg_normal_transaction_fork/tb_ppg_normal_transaction_fork.v:501,,,"rtl_tag,matrix_or_alias",B,C:\Users\DAWN\.codex\visualizations\2026\10\02\01a0fd78-55cb-7173-9e41-1e0b27c41d49\ppg_review_B\evidence\id_four_link_audit.json,已合并逐项语义审阅；状态与限制须读原行，非验收CLOSED
FFK-07,FFK,contracts/PPG_NORMAL_FORK_IDAC_TRACKING_AMB_RECHECK_INTERFACE_CONTRACT.md:623,,rtl/ppg_normal_transaction_fork/tb_ppg_normal_transaction_fork.v:22;rtl/ppg_normal_transaction_fork/tb_ppg_normal_transaction_fork.v:42;rtl/ppg_normal_transaction_fork/tb_ppg_normal_transaction_fork.v:44;rtl/ppg_normal_transaction_fork/tb_ppg_normal_transaction_fork.v:409;rtl/ppg_normal_transaction_fork/tb_ppg_normal_transaction_fork.v:501,,,"rtl_tag,matrix_or_alias",B,C:\Users\DAWN\.codex\visualizations\2026\10\02\01a0fd78-55cb-7173-9e41-1e0b27c41d49\ppg_review_B\evidence\id_four_link_audit.json,已合并逐项语义审阅；状态与限制须读原行，非验收CLOSED
FFK-08,FFK,contracts/PPG_NORMAL_FORK_IDAC_TRACKING_AMB_RECHECK_INTERFACE_CONTRACT.md:624,,rtl/ppg_normal_transaction_fork/tb_ppg_normal_transaction_fork.v:22;rtl/ppg_normal_transaction_fork/tb_ppg_normal_transaction_fork.v:42;rtl/ppg_normal_transaction_fork/tb_ppg_normal_transaction_fork.v:44;rtl/ppg_normal_transaction_fork/tb_ppg_normal_transaction_fork.v:459;rtl/ppg_normal_transaction_fork/tb_ppg_normal_transaction_fork.v:468;rtl/ppg_normal_transaction_fork/tb_ppg_normal_transaction_fork.v:469;rtl/ppg_normal_transaction_fork/tb_ppg_normal_transaction_fork.v:471;rtl/ppg_normal_transaction_fork/tb_ppg_normal_transaction_fork.v:479;rtl/ppg_normal_transaction_fork/tb_ppg_normal_transaction_fork.v:501,,,"rtl_tag,matrix_or_alias",B,C:\Users\DAWN\.codex\visualizations\2026\10\02\01a0fd78-55cb-7173-9e41-1e0b27c41d49\ppg_review_B\evidence\id_four_link_audit.json,已合并逐项语义审阅；状态与限制须读原行，非验收CLOSED
FFK-09,FFK,contracts/PPG_NORMAL_FORK_IDAC_TRACKING_AMB_RECHECK_INTERFACE_CONTRACT.md:625,,rtl/ppg_normal_transaction_fork/tb_ppg_normal_transaction_fork.v:22;rtl/ppg_normal_transaction_fork/tb_ppg_normal_transaction_fork.v:42;rtl/ppg_normal_transaction_fork/tb_ppg_normal_transaction_fork.v:44;rtl/ppg_normal_transaction_fork/tb_ppg_normal_transaction_fork.v:481;rtl/ppg_normal_transaction_fork/tb_ppg_normal_transaction_fork.v:484;rtl/ppg_normal_transaction_fork/tb_ppg_normal_transaction_fork.v:489;rtl/ppg_normal_transaction_fork/tb_ppg_normal_transaction_fork.v:490;rtl/ppg_normal_transaction_fork/tb_ppg_normal_transaction_fork.v:493;rtl/ppg_normal_transaction_fork/tb_ppg_normal_transaction_fork.v:498;rtl/ppg_normal_transaction_fork/tb_ppg_normal_transaction_fork.v:501,,,"rtl_tag,matrix_or_alias",B,C:\Users\DAWN\.codex\visualizations\2026\10\02\01a0fd78-55cb-7173-9e41-1e0b27c41d49\ppg_review_B\evidence\id_four_link_audit.json,已合并逐项语义审阅；状态与限制须读原行，非验收CLOSED
FIR-01,FIR,contracts/PPG_COARSE_DETECTION_FIR_INTERFACE_CONTRACT.md:607,rtl/ppg_coarse_detection_fir/ppg_coarse_detection_fir.v:451,rtl/ppg_coarse_detection_fir/tb_ppg_coarse_detection_fir.v:24;rtl/ppg_coarse_detection_fir/tb_ppg_coarse_detection_fir.v:46;rtl/ppg_coarse_detection_fir/tb_ppg_coarse_detection_fir.v:48;rtl/ppg_coarse_detection_fir/tb_ppg_coarse_detection_fir.v:74;rtl/ppg_coarse_detection_fir/tb_ppg_coarse_detection_fir.v:646;rtl/ppg_coarse_detection_fir/tb_ppg_coarse_detection_fir.v:727;rtl/ppg_coarse_detection_fir/tb_ppg_coarse_detection_fir.v:728;rtl/ppg_coarse_detection_fir/tb_ppg_coarse_detection_fir.v:729;rtl/ppg_coarse_detection_fir/tb_ppg_coarse_detection_fir.v:730;rtl/ppg_coarse_detection_fir/tb_ppg_coarse_detection_fir.v:732;rtl/ppg_coarse_detection_fir/tb_ppg_coarse_detection_fir.v:735;rtl/ppg_coarse_detection_fir/tb_ppg_coarse_detection_fir.v:737,contracts/PPG_ALIAS_MAPPING_TABLE.md:416,,,C,C:\Users\DAWN\.codex\visualizations\2026\10\02\01a0fd78-b9b8-78f2-8e39-c02cd0049c19\ppg_review_C\evidence\id_review_matrix.csv,已合并逐项语义审阅；状态与限制须读原行，非验收CLOSED
FIR-02,FIR,contracts/PPG_COARSE_DETECTION_FIR_INTERFACE_CONTRACT.md:608,rtl/ppg_coarse_detection_fir/ppg_coarse_detection_fir.v:311,rtl/ppg_coarse_detection_fir/tb_ppg_coarse_detection_fir.v:48;rtl/ppg_coarse_detection_fir/tb_ppg_coarse_detection_fir.v:646;rtl/ppg_coarse_detection_fir/tb_ppg_coarse_detection_fir.v:740,contracts/PPG_ALIAS_MAPPING_TABLE.md:417,,,C,C:\Users\DAWN\.codex\visualizations\2026\10\02\01a0fd78-b9b8-78f2-8e39-c02cd0049c19\ppg_review_C\evidence\id_review_matrix.csv,已合并逐项语义审阅；状态与限制须读原行，非验收CLOSED
FIR-03,FIR,contracts/PPG_COARSE_DETECTION_FIR_INTERFACE_CONTRACT.md:609,rtl/ppg_coarse_detection_fir/ppg_coarse_detection_fir.v:311,rtl/ppg_coarse_detection_fir/tb_ppg_coarse_detection_fir.v:48;rtl/ppg_coarse_detection_fir/tb_ppg_coarse_detection_fir.v:646;rtl/ppg_coarse_detection_fir/tb_ppg_coarse_detection_fir.v:743,contracts/PPG_ALIAS_MAPPING_TABLE.md:418,,,C,C:\Users\DAWN\.codex\visualizations\2026\10\02\01a0fd78-b9b8-78f2-8e39-c02cd0049c19\ppg_review_C\evidence\id_review_matrix.csv,已合并逐项语义审阅；状态与限制须读原行，非验收CLOSED
FIR-04,FIR,contracts/PPG_COARSE_DETECTION_FIR_INTERFACE_CONTRACT.md:610,rtl/ppg_coarse_detection_fir/ppg_coarse_detection_fir.v:389,rtl/ppg_coarse_detection_fir/tb_ppg_coarse_detection_fir.v:48;rtl/ppg_coarse_detection_fir/tb_ppg_coarse_detection_fir.v:646;rtl/ppg_coarse_detection_fir/tb_ppg_coarse_detection_fir.v:744,contracts/PPG_ALIAS_MAPPING_TABLE.md:419,,,C,C:\Users\DAWN\.codex\visualizations\2026\10\02\01a0fd78-b9b8-78f2-8e39-c02cd0049c19\ppg_review_C\evidence\id_review_matrix.csv,已合并逐项语义审阅；状态与限制须读原行，非验收CLOSED
FIR-05,FIR,contracts/PPG_COARSE_DETECTION_FIR_INTERFACE_CONTRACT.md:611,rtl/ppg_coarse_detection_fir/ppg_coarse_detection_fir.v:619,rtl/ppg_coarse_detection_fir/tb_ppg_coarse_detection_fir.v:48;rtl/ppg_coarse_detection_fir/tb_ppg_coarse_detection_fir.v:646;rtl/ppg_coarse_detection_fir/tb_ppg_coarse_detection_fir.v:756,contracts/PPG_ALIAS_MAPPING_TABLE.md:420,,,C,C:\Users\DAWN\.codex\visualizations\2026\10\02\01a0fd78-b9b8-78f2-8e39-c02cd0049c19\ppg_review_C\evidence\id_review_matrix.csv,已合并逐项语义审阅；状态与限制须读原行，非验收CLOSED
FIR-06,FIR,contracts/PPG_COARSE_DETECTION_FIR_INTERFACE_CONTRACT.md:612,rtl/ppg_coarse_detection_fir/ppg_coarse_detection_fir.v:388,rtl/ppg_coarse_detection_fir/tb_ppg_coarse_detection_fir.v:48;rtl/ppg_coarse_detection_fir/tb_ppg_coarse_detection_fir.v:646;rtl/ppg_coarse_detection_fir/tb_ppg_coarse_detection_fir.v:765;rtl/ppg_coarse_detection_fir/tb_ppg_coarse_detection_fir.v:772,contracts/PPG_ALIAS_MAPPING_TABLE.md:421,,,C,C:\Users\DAWN\.codex\visualizations\2026\10\02\01a0fd78-b9b8-78f2-8e39-c02cd0049c19\ppg_review_C\evidence\id_review_matrix.csv,已合并逐项语义审阅；状态与限制须读原行，非验收CLOSED
FIR-07,FIR,contracts/PPG_COARSE_DETECTION_FIR_INTERFACE_CONTRACT.md:613,rtl/ppg_coarse_detection_fir/ppg_coarse_detection_fir.v:386,rtl/ppg_coarse_detection_fir/tb_ppg_coarse_detection_fir.v:48;rtl/ppg_coarse_detection_fir/tb_ppg_coarse_detection_fir.v:646;rtl/ppg_coarse_detection_fir/tb_ppg_coarse_detection_fir.v:778;rtl/ppg_coarse_detection_fir/tb_ppg_coarse_detection_fir.v:783,contracts/PPG_ALIAS_MAPPING_TABLE.md:422,,,C,C:\Users\DAWN\.codex\visualizations\2026\10\02\01a0fd78-b9b8-78f2-8e39-c02cd0049c19\ppg_review_C\evidence\id_review_matrix.csv,已合并逐项语义审阅；状态与限制须读原行，非验收CLOSED
FIR-08,FIR,contracts/PPG_COARSE_DETECTION_FIR_INTERFACE_CONTRACT.md:614,rtl/ppg_coarse_detection_fir/ppg_coarse_detection_fir.v:329,rtl/ppg_coarse_detection_fir/tb_ppg_coarse_detection_fir.v:48;rtl/ppg_coarse_detection_fir/tb_ppg_coarse_detection_fir.v:646;rtl/ppg_coarse_detection_fir/tb_ppg_coarse_detection_fir.v:798,contracts/PPG_ALIAS_MAPPING_TABLE.md:423,,,C,C:\Users\DAWN\.codex\visualizations\2026\10\02\01a0fd78-b9b8-78f2-8e39-c02cd0049c19\ppg_review_C\evidence\id_review_matrix.csv,已合并逐项语义审阅；状态与限制须读原行，非验收CLOSED
FIR-09,FIR,contracts/PPG_COARSE_DETECTION_FIR_INTERFACE_CONTRACT.md:615,rtl/ppg_coarse_detection_fir/ppg_coarse_detection_fir.v:737,rtl/ppg_coarse_detection_fir/tb_ppg_coarse_detection_fir.v:48;rtl/ppg_coarse_detection_fir/tb_ppg_coarse_detection_fir.v:646;rtl/ppg_coarse_detection_fir/tb_ppg_coarse_detection_fir.v:800,contracts/PPG_ALIAS_MAPPING_TABLE.md:424,,,C,C:\Users\DAWN\.codex\visualizations\2026\10\02\01a0fd78-b9b8-78f2-8e39-c02cd0049c19\ppg_review_C\evidence\id_review_matrix.csv,已合并逐项语义审阅；状态与限制须读原行，非验收CLOSED
FIR-10,FIR,contracts/PPG_COARSE_DETECTION_FIR_INTERFACE_CONTRACT.md:616,rtl/ppg_coarse_detection_fir/ppg_coarse_detection_fir.v:359,rtl/ppg_coarse_detection_fir/tb_ppg_coarse_detection_fir.v:48;rtl/ppg_coarse_detection_fir/tb_ppg_coarse_detection_fir.v:646;rtl/ppg_coarse_detection_fir/tb_ppg_coarse_detection_fir.v:801,contracts/PPG_ALIAS_MAPPING_TABLE.md:425,,,C,C:\Users\DAWN\.codex\visualizations\2026\10\02\01a0fd78-b9b8-78f2-8e39-c02cd0049c19\ppg_review_C\evidence\id_review_matrix.csv,已合并逐项语义审阅；状态与限制须读原行，非验收CLOSED
FIR-11,FIR,contracts/PPG_COARSE_DETECTION_FIR_INTERFACE_CONTRACT.md:617,rtl/ppg_coarse_detection_fir/ppg_coarse_detection_fir.v:325,rtl/ppg_coarse_detection_fir/tb_ppg_coarse_detection_fir.v:48;rtl/ppg_coarse_detection_fir/tb_ppg_coarse_detection_fir.v:646;rtl/ppg_coarse_detection_fir/tb_ppg_coarse_detection_fir.v:806,contracts/PPG_ALIAS_MAPPING_TABLE.md:426,,,C,C:\Users\DAWN\.codex\visualizations\2026\10\02\01a0fd78-b9b8-78f2-8e39-c02cd0049c19\ppg_review_C\evidence\id_review_matrix.csv,已合并逐项语义审阅；状态与限制须读原行，非验收CLOSED
FIR-12,FIR,contracts/PPG_COARSE_DETECTION_FIR_INTERFACE_CONTRACT.md:618,rtl/ppg_coarse_detection_fir/ppg_coarse_detection_fir.v:325,rtl/ppg_coarse_detection_fir/tb_ppg_coarse_detection_fir.v:24;rtl/ppg_coarse_detection_fir/tb_ppg_coarse_detection_fir.v:46;rtl/ppg_coarse_detection_fir/tb_ppg_coarse_detection_fir.v:48;rtl/ppg_coarse_detection_fir/tb_ppg_coarse_detection_fir.v:646;rtl/ppg_coarse_detection_fir/tb_ppg_coarse_detection_fir.v:810,contracts/PPG_ALIAS_MAPPING_TABLE.md:427,,,C,C:\Users\DAWN\.codex\visualizations\2026\10\02\01a0fd78-b9b8-78f2-8e39-c02cd0049c19\ppg_review_C\evidence\id_review_matrix.csv,已合并逐项语义审阅；状态与限制须读原行，非验收CLOSED
FIR-13,FIR,contracts/PPG_COARSE_DETECTION_FIR_INTERFACE_CONTRACT.md:619,rtl/ppg_coarse_detection_fir/ppg_coarse_detection_fir.v:324,rtl/ppg_coarse_detection_fir/tb_ppg_coarse_detection_fir.v:48;rtl/ppg_coarse_detection_fir/tb_ppg_coarse_detection_fir.v:646;rtl/ppg_coarse_detection_fir/tb_ppg_coarse_detection_fir.v:811;rtl/ppg_coarse_detection_fir/tb_ppg_coarse_detection_fir.v:815,contracts/PPG_ALIAS_MAPPING_TABLE.md:428,,,C,C:\Users\DAWN\.codex\visualizations\2026\10\02\01a0fd78-b9b8-78f2-8e39-c02cd0049c19\ppg_review_C\evidence\id_review_matrix.csv,已合并逐项语义审阅；状态与限制须读原行，非验收CLOSED
FIR-14,FIR,contracts/PPG_COARSE_DETECTION_FIR_INTERFACE_CONTRACT.md:620,rtl/ppg_coarse_detection_fir/ppg_coarse_detection_fir.v:406,rtl/ppg_coarse_detection_fir/tb_ppg_coarse_detection_fir.v:48;rtl/ppg_coarse_detection_fir/tb_ppg_coarse_detection_fir.v:646;rtl/ppg_coarse_detection_fir/tb_ppg_coarse_detection_fir.v:820,contracts/PPG_ALIAS_MAPPING_TABLE.md:429,,,C,C:\Users\DAWN\.codex\visualizations\2026\10\02\01a0fd78-b9b8-78f2-8e39-c02cd0049c19\ppg_review_C\evidence\id_review_matrix.csv,已合并逐项语义审阅；状态与限制须读原行，非验收CLOSED
FIR-15,FIR,contracts/PPG_COARSE_DETECTION_FIR_INTERFACE_CONTRACT.md:621,rtl/ppg_coarse_detection_fir/ppg_coarse_detection_fir.v:696,rtl/ppg_coarse_detection_fir/tb_ppg_coarse_detection_fir.v:48;rtl/ppg_coarse_detection_fir/tb_ppg_coarse_detection_fir.v:646;rtl/ppg_coarse_detection_fir/tb_ppg_coarse_detection_fir.v:824;rtl/ppg_coarse_detection_fir/tb_ppg_coarse_detection_fir.v:827,contracts/PPG_ALIAS_MAPPING_TABLE.md:430,,,C,C:\Users\DAWN\.codex\visualizations\2026\10\02\01a0fd78-b9b8-78f2-8e39-c02cd0049c19\ppg_review_C\evidence\id_review_matrix.csv,已合并逐项语义审阅；状态与限制须读原行，非验收CLOSED
FIR-16,FIR,contracts/PPG_COARSE_DETECTION_FIR_INTERFACE_CONTRACT.md:622,rtl/ppg_coarse_detection_fir/ppg_coarse_detection_fir.v:325,rtl/ppg_coarse_detection_fir/tb_ppg_coarse_detection_fir.v:48;rtl/ppg_coarse_detection_fir/tb_ppg_coarse_detection_fir.v:646;rtl/ppg_coarse_detection_fir/tb_ppg_coarse_detection_fir.v:835,contracts/PPG_ALIAS_MAPPING_TABLE.md:431,,,C,C:\Users\DAWN\.codex\visualizations\2026\10\02\01a0fd78-b9b8-78f2-8e39-c02cd0049c19\ppg_review_C\evidence\id_review_matrix.csv,已合并逐项语义审阅；状态与限制须读原行，非验收CLOSED
FIR-17,FIR,contracts/PPG_COARSE_DETECTION_FIR_INTERFACE_CONTRACT.md:623,rtl/ppg_coarse_detection_fir/ppg_coarse_detection_fir.v:315,rtl/ppg_coarse_detection_fir/tb_ppg_coarse_detection_fir.v:48;rtl/ppg_coarse_detection_fir/tb_ppg_coarse_detection_fir.v:646;rtl/ppg_coarse_detection_fir/tb_ppg_coarse_detection_fir.v:841;rtl/ppg_control_top/tb_ppg_control_top_robustness_corner_waveforms.v:33;rtl/ppg_control_top/tb_ppg_control_top_robustness_corner_waveforms.v:63,contracts/PPG_ALIAS_MAPPING_TABLE.md:432,,,C,C:\Users\DAWN\.codex\visualizations\2026\10\02\01a0fd78-b9b8-78f2-8e39-c02cd0049c19\ppg_review_C\evidence\id_review_matrix.csv,已合并逐项语义审阅；状态与限制须读原行，非验收CLOSED
FIR-18,FIR,contracts/PPG_COARSE_DETECTION_FIR_INTERFACE_CONTRACT.md:624,rtl/ppg_coarse_detection_fir/ppg_coarse_detection_fir.v:319,rtl/ppg_coarse_detection_fir/tb_ppg_coarse_detection_fir.v:48;rtl/ppg_coarse_detection_fir/tb_ppg_coarse_detection_fir.v:646;rtl/ppg_coarse_detection_fir/tb_ppg_coarse_detection_fir.v:847,contracts/PPG_ALIAS_MAPPING_TABLE.md:433,,,C,C:\Users\DAWN\.codex\visualizations\2026\10\02\01a0fd78-b9b8-78f2-8e39-c02cd0049c19\ppg_review_C\evidence\id_review_matrix.csv,已合并逐项语义审阅；状态与限制须读原行，非验收CLOSED
FIR-19,FIR,contracts/PPG_COARSE_DETECTION_FIR_INTERFACE_CONTRACT.md:625,rtl/ppg_coarse_detection_fir/ppg_coarse_detection_fir.v:309,rtl/ppg_coarse_detection_fir/tb_ppg_coarse_detection_fir.v:24;rtl/ppg_coarse_detection_fir/tb_ppg_coarse_detection_fir.v:46;rtl/ppg_coarse_detection_fir/tb_ppg_coarse_detection_fir.v:48;rtl/ppg_coarse_detection_fir/tb_ppg_coarse_detection_fir.v:74;rtl/ppg_coarse_detection_fir/tb_ppg_coarse_detection_fir.v:156;rtl/ppg_coarse_detection_fir/tb_ppg_coarse_detection_fir.v:646;rtl/ppg_coarse_detection_fir/tb_ppg_coarse_detection_fir.v:855;rtl/ppg_coarse_detection_fir/tb_ppg_coarse_detection_fir.v:857;rtl/ppg_coarse_detection_fir/tb_ppg_coarse_detection_fir.v:858,contracts/PPG_ALIAS_MAPPING_TABLE.md:434,,,C,C:\Users\DAWN\.codex\visualizations\2026\10\02\01a0fd78-b9b8-78f2-8e39-c02cd0049c19\ppg_review_C\evidence\id_review_matrix.csv,已合并逐项语义审阅；状态与限制须读原行，非验收CLOSED
FIR-20,FIR,contracts/PPG_COARSE_DETECTION_FIR_INTERFACE_CONTRACT.md:626,rtl/ppg_coarse_detection_fir/ppg_coarse_detection_fir.v:444,rtl/ppg_coarse_detection_fir/tb_ppg_coarse_detection_fir.v:48;rtl/ppg_coarse_detection_fir/tb_ppg_coarse_detection_fir.v:646;rtl/ppg_coarse_detection_fir/tb_ppg_coarse_detection_fir.v:870,contracts/PPG_ALIAS_MAPPING_TABLE.md:435,,,C,C:\Users\DAWN\.codex\visualizations\2026\10\02\01a0fd78-b9b8-78f2-8e39-c02cd0049c19\ppg_review_C\evidence\id_review_matrix.csv,已合并逐项语义审阅；状态与限制须读原行，非验收CLOSED
FIR-21,FIR,contracts/PPG_COARSE_DETECTION_FIR_INTERFACE_CONTRACT.md:627,rtl/ppg_coarse_detection_fir/ppg_coarse_detection_fir.v:406,rtl/ppg_coarse_detection_fir/tb_ppg_coarse_detection_fir.v:24;rtl/ppg_coarse_detection_fir/tb_ppg_coarse_detection_fir.v:46;rtl/ppg_coarse_detection_fir/tb_ppg_coarse_detection_fir.v:48;rtl/ppg_coarse_detection_fir/tb_ppg_coarse_detection_fir.v:155;rtl/ppg_coarse_detection_fir/tb_ppg_coarse_detection_fir.v:646;rtl/ppg_coarse_detection_fir/tb_ppg_coarse_detection_fir.v:880;rtl/ppg_coarse_detection_fir/tb_ppg_coarse_detection_fir.v:890,contracts/PPG_ALIAS_MAPPING_TABLE.md:436,,,C,C:\Users\DAWN\.codex\visualizations\2026\10\02\01a0fd78-b9b8-78f2-8e39-c02cd0049c19\ppg_review_C\evidence\id_review_matrix.csv,已合并逐项语义审阅；状态与限制须读原行，非验收CLOSED
FIR-22,FIR,contracts/PPG_COARSE_DETECTION_FIR_INTERFACE_CONTRACT.md:628,rtl/ppg_coarse_detection_fir/ppg_coarse_detection_fir.v:547,rtl/ppg_coarse_detection_fir/tb_ppg_coarse_detection_fir.v:48;rtl/ppg_coarse_detection_fir/tb_ppg_coarse_detection_fir.v:646;rtl/ppg_coarse_detection_fir/tb_ppg_coarse_detection_fir.v:896;rtl/ppg_coarse_detection_fir/tb_ppg_coarse_detection_fir.v:901,contracts/PPG_ALIAS_MAPPING_TABLE.md:437,,,C,C:\Users\DAWN\.codex\visualizations\2026\10\02\01a0fd78-b9b8-78f2-8e39-c02cd0049c19\ppg_review_C\evidence\id_review_matrix.csv,已合并逐项语义审阅；状态与限制须读原行，非验收CLOSED
FIR-23,FIR,contracts/PPG_COARSE_DETECTION_FIR_INTERFACE_CONTRACT.md:629,rtl/ppg_coarse_detection_fir/ppg_coarse_detection_fir.v:494,rtl/ppg_coarse_detection_fir/tb_ppg_coarse_detection_fir.v:48;rtl/ppg_coarse_detection_fir/tb_ppg_coarse_detection_fir.v:646;rtl/ppg_coarse_detection_fir/tb_ppg_coarse_detection_fir.v:903,contracts/PPG_ALIAS_MAPPING_TABLE.md:438,,,C,C:\Users\DAWN\.codex\visualizations\2026\10\02\01a0fd78-b9b8-78f2-8e39-c02cd0049c19\ppg_review_C\evidence\id_review_matrix.csv,已合并逐项语义审阅；状态与限制须读原行，非验收CLOSED
FIR-24,FIR,contracts/PPG_COARSE_DETECTION_FIR_INTERFACE_CONTRACT.md:630,rtl/ppg_coarse_detection_fir/ppg_coarse_detection_fir.v:323,rtl/ppg_coarse_detection_fir/tb_ppg_coarse_detection_fir.v:48;rtl/ppg_coarse_detection_fir/tb_ppg_coarse_detection_fir.v:646;rtl/ppg_coarse_detection_fir/tb_ppg_coarse_detection_fir.v:904;rtl/ppg_coarse_detection_fir/tb_ppg_coarse_detection_fir.v:907,contracts/PPG_ALIAS_MAPPING_TABLE.md:439,,,C,C:\Users\DAWN\.codex\visualizations\2026\10\02\01a0fd78-b9b8-78f2-8e39-c02cd0049c19\ppg_review_C\evidence\id_review_matrix.csv,已合并逐项语义审阅；状态与限制须读原行，非验收CLOSED
FIR-25,FIR,contracts/PPG_COARSE_DETECTION_FIR_INTERFACE_CONTRACT.md:631,rtl/ppg_coarse_detection_fir/ppg_coarse_detection_fir.v:325,rtl/ppg_coarse_detection_fir/tb_ppg_coarse_detection_fir.v:23;rtl/ppg_coarse_detection_fir/tb_ppg_coarse_detection_fir.v:45;rtl/ppg_coarse_detection_fir/tb_ppg_coarse_detection_fir.v:48;rtl/ppg_coarse_detection_fir/tb_ppg_coarse_detection_fir.v:74;rtl/ppg_coarse_detection_fir/tb_ppg_coarse_detection_fir.v:646;rtl/ppg_coarse_detection_fir/tb_ppg_coarse_detection_fir.v:915;rtl/ppg_coarse_detection_fir/tb_ppg_coarse_detection_fir.v:922;rtl/ppg_coarse_detection_fir/tb_ppg_coarse_detection_fir.v:929;rtl/ppg_coarse_detection_fir/tb_ppg_coarse_detection_fir.v:944,contracts/PPG_ALIAS_MAPPING_TABLE.md:440,,,C,C:\Users\DAWN\.codex\visualizations\2026\10\02\01a0fd78-b9b8-78f2-8e39-c02cd0049c19\ppg_review_C\evidence\id_review_matrix.csv,已合并逐项语义审阅；状态与限制须读原行，非验收CLOSED
FIR-26,FIR,contracts/PPG_COARSE_DETECTION_FIR_INTERFACE_CONTRACT.md:632,rtl/ppg_coarse_detection_fir/ppg_coarse_detection_fir.v:324,rtl/ppg_coarse_detection_fir/tb_ppg_coarse_detection_fir.v:48;rtl/ppg_coarse_detection_fir/tb_ppg_coarse_detection_fir.v:646;rtl/ppg_coarse_detection_fir/tb_ppg_coarse_detection_fir.v:958;rtl/ppg_coarse_detection_fir/tb_ppg_coarse_detection_fir.v:963,contracts/PPG_ALIAS_MAPPING_TABLE.md:441,,,C,C:\Users\DAWN\.codex\visualizations\2026\10\02\01a0fd78-b9b8-78f2-8e39-c02cd0049c19\ppg_review_C\evidence\id_review_matrix.csv,已合并逐项语义审阅；状态与限制须读原行，非验收CLOSED
FIR-27,FIR,contracts/PPG_COARSE_DETECTION_FIR_INTERFACE_CONTRACT.md:633,rtl/ppg_coarse_detection_fir/ppg_coarse_detection_fir.v:385,rtl/ppg_coarse_detection_fir/tb_ppg_coarse_detection_fir.v:48;rtl/ppg_coarse_detection_fir/tb_ppg_coarse_detection_fir.v:646;rtl/ppg_coarse_detection_fir/tb_ppg_coarse_detection_fir.v:973,contracts/PPG_ALIAS_MAPPING_TABLE.md:442,,,C,C:\Users\DAWN\.codex\visualizations\2026\10\02\01a0fd78-b9b8-78f2-8e39-c02cd0049c19\ppg_review_C\evidence\id_review_matrix.csv,已合并逐项语义审阅；状态与限制须读原行，非验收CLOSED
FIR-28,FIR,contracts/PPG_COARSE_DETECTION_FIR_INTERFACE_CONTRACT.md:634,rtl/ppg_coarse_detection_fir/ppg_coarse_detection_fir.v:619,rtl/ppg_coarse_detection_fir/tb_ppg_coarse_detection_fir.v:48;rtl/ppg_coarse_detection_fir/tb_ppg_coarse_detection_fir.v:646;rtl/ppg_coarse_detection_fir/tb_ppg_coarse_detection_fir.v:975;rtl/ppg_coarse_detection_fir/tb_ppg_coarse_detection_fir.v:976;rtl/ppg_coarse_detection_fir/tb_ppg_coarse_detection_fir.v:977;rtl/ppg_coarse_detection_fir/tb_ppg_coarse_detection_fir.v:978,contracts/PPG_ALIAS_MAPPING_TABLE.md:443,,,C,C:\Users\DAWN\.codex\visualizations\2026\10\02\01a0fd78-b9b8-78f2-8e39-c02cd0049c19\ppg_review_C\evidence\id_review_matrix.csv,已合并逐项语义审阅；状态与限制须读原行，非验收CLOSED
FIR-29,FIR,contracts/PPG_COARSE_DETECTION_FIR_INTERFACE_CONTRACT.md:635,rtl/ppg_coarse_detection_fir/ppg_coarse_detection_fir.v:359,rtl/ppg_coarse_detection_fir/tb_ppg_coarse_detection_fir.v:48;rtl/ppg_coarse_detection_fir/tb_ppg_coarse_detection_fir.v:646;rtl/ppg_coarse_detection_fir/tb_ppg_coarse_detection_fir.v:987;rtl/ppg_coarse_detection_fir/tb_ppg_coarse_detection_fir.v:992,contracts/PPG_ALIAS_MAPPING_TABLE.md:444,,,C,C:\Users\DAWN\.codex\visualizations\2026\10\02\01a0fd78-b9b8-78f2-8e39-c02cd0049c19\ppg_review_C\evidence\id_review_matrix.csv,已合并逐项语义审阅；状态与限制须读原行，非验收CLOSED
FIR-30,FIR,contracts/PPG_COARSE_DETECTION_FIR_INTERFACE_CONTRACT.md:636,rtl/ppg_coarse_detection_fir/ppg_coarse_detection_fir.v:326,rtl/ppg_coarse_detection_fir/tb_ppg_coarse_detection_fir.v:48;rtl/ppg_coarse_detection_fir/tb_ppg_coarse_detection_fir.v:646;rtl/ppg_coarse_detection_fir/tb_ppg_coarse_detection_fir.v:1002,contracts/PPG_ALIAS_MAPPING_TABLE.md:445,,,C,C:\Users\DAWN\.codex\visualizations\2026\10\02\01a0fd78-b9b8-78f2-8e39-c02cd0049c19\ppg_review_C\evidence\id_review_matrix.csv,已合并逐项语义审阅；状态与限制须读原行，非验收CLOSED
FIR-31,FIR,contracts/PPG_COARSE_DETECTION_FIR_INTERFACE_CONTRACT.md:637,rtl/ppg_coarse_detection_fir/ppg_coarse_detection_fir.v:309,rtl/ppg_coarse_detection_fir/tb_ppg_coarse_detection_fir.v:23;rtl/ppg_coarse_detection_fir/tb_ppg_coarse_detection_fir.v:45;rtl/ppg_coarse_detection_fir/tb_ppg_coarse_detection_fir.v:48;rtl/ppg_coarse_detection_fir/tb_ppg_coarse_detection_fir.v:74;rtl/ppg_coarse_detection_fir/tb_ppg_coarse_detection_fir.v:646;rtl/ppg_coarse_detection_fir/tb_ppg_coarse_detection_fir.v:1017,contracts/PPG_ALIAS_MAPPING_TABLE.md:446,,,C,C:\Users\DAWN\.codex\visualizations\2026\10\02\01a0fd78-b9b8-78f2-8e39-c02cd0049c19\ppg_review_C\evidence\id_review_matrix.csv,已合并逐项语义审阅；状态与限制须读原行，非验收CLOSED
FIR-32,FIR,contracts/PPG_COARSE_DETECTION_FIR_INTERFACE_CONTRACT.md:638,rtl/ppg_coarse_detection_fir/ppg_coarse_detection_fir.v:309;rtl/ppg_coarse_detection_fir/ppg_coarse_detection_fir.v:315,rtl/ppg_coarse_detection_fir/tb_ppg_coarse_detection_fir.v:48;rtl/ppg_coarse_detection_fir/tb_ppg_coarse_detection_fir.v:646;rtl/ppg_coarse_detection_fir/tb_ppg_coarse_detection_fir.v:1056,contracts/PPG_ALIAS_MAPPING_TABLE.md:447,,,C,C:\Users\DAWN\.codex\visualizations\2026\10\02\01a0fd78-b9b8-78f2-8e39-c02cd0049c19\ppg_review_C\evidence\id_review_matrix.csv,已合并逐项语义审阅；状态与限制须读原行，非验收CLOSED
FIR-33,FIR,contracts/PPG_COARSE_DETECTION_FIR_INTERFACE_CONTRACT.md:639,rtl/ppg_coarse_detection_fir/ppg_coarse_detection_fir.v:309,rtl/ppg_coarse_detection_fir/tb_ppg_coarse_detection_fir.v:48;rtl/ppg_coarse_detection_fir/tb_ppg_coarse_detection_fir.v:646;rtl/ppg_coarse_detection_fir/tb_ppg_coarse_detection_fir.v:1084,contracts/PPG_ALIAS_MAPPING_TABLE.md:448,,,C,C:\Users\DAWN\.codex\visualizations\2026\10\02\01a0fd78-b9b8-78f2-8e39-c02cd0049c19\ppg_review_C\evidence\id_review_matrix.csv,已合并逐项语义审阅；状态与限制须读原行，非验收CLOSED
FSC-01,FSC,contracts/PPG_400HZ_FRAME_CALIBRATION_SCHEDULER_INTERFACE_CONTRACT.md:1133,,rtl/ppg_400hz_frame_calibration_scheduler/tb_ppg_400hz_frame_calibration_scheduler.v:10;rtl/ppg_400hz_frame_calibration_scheduler/tb_ppg_400hz_frame_calibration_scheduler.v:20;rtl/ppg_400hz_frame_calibration_scheduler/tb_ppg_400hz_frame_calibration_scheduler.v:21;rtl/ppg_400hz_frame_calibration_scheduler/tb_ppg_400hz_frame_calibration_scheduler.v:23;rtl/ppg_400hz_frame_calibration_scheduler/tb_ppg_400hz_frame_calibration_scheduler.v:41;rtl/ppg_400hz_frame_calibration_scheduler/tb_ppg_400hz_frame_calibration_scheduler.v:42;rtl/ppg_400hz_frame_calibration_scheduler/tb_ppg_400hz_frame_calibration_scheduler.v:44;rtl/ppg_400hz_frame_calibration_scheduler/tb_ppg_400hz_frame_calibration_scheduler.v:550;rtl/ppg_400hz_frame_calibration_scheduler/tb_ppg_400hz_frame_calibration_scheduler.v:929;rtl/ppg_400hz_frame_calibration_scheduler/tb_ppg_400hz_frame_calibration_scheduler.v:931,,,"rtl_tag,matrix_or_alias",B,C:\Users\DAWN\.codex\visualizations\2026\10\02\01a0fd78-55cb-7173-9e41-1e0b27c41d49\ppg_review_B\evidence\id_four_link_audit.json,已合并逐项语义审阅；状态与限制须读原行，非验收CLOSED
FSC-02,FSC,contracts/PPG_400HZ_FRAME_CALIBRATION_SCHEDULER_INTERFACE_CONTRACT.md:1134,,rtl/ppg_400hz_frame_calibration_scheduler/tb_ppg_400hz_frame_calibration_scheduler.v:10;rtl/ppg_400hz_frame_calibration_scheduler/tb_ppg_400hz_frame_calibration_scheduler.v:20;rtl/ppg_400hz_frame_calibration_scheduler/tb_ppg_400hz_frame_calibration_scheduler.v:21;rtl/ppg_400hz_frame_calibration_scheduler/tb_ppg_400hz_frame_calibration_scheduler.v:23;rtl/ppg_400hz_frame_calibration_scheduler/tb_ppg_400hz_frame_calibration_scheduler.v:41;rtl/ppg_400hz_frame_calibration_scheduler/tb_ppg_400hz_frame_calibration_scheduler.v:42;rtl/ppg_400hz_frame_calibration_scheduler/tb_ppg_400hz_frame_calibration_scheduler.v:44;rtl/ppg_400hz_frame_calibration_scheduler/tb_ppg_400hz_frame_calibration_scheduler.v:550;rtl/ppg_400hz_frame_calibration_scheduler/tb_ppg_400hz_frame_calibration_scheduler.v:929,,,"rtl_tag,matrix_or_alias",B,C:\Users\DAWN\.codex\visualizations\2026\10\02\01a0fd78-55cb-7173-9e41-1e0b27c41d49\ppg_review_B\evidence\id_four_link_audit.json,已合并逐项语义审阅；状态与限制须读原行，非验收CLOSED
FSC-03,FSC,contracts/PPG_400HZ_FRAME_CALIBRATION_SCHEDULER_INTERFACE_CONTRACT.md:1135,,rtl/ppg_400hz_frame_calibration_scheduler/tb_ppg_400hz_frame_calibration_scheduler.v:10;rtl/ppg_400hz_frame_calibration_scheduler/tb_ppg_400hz_frame_calibration_scheduler.v:20;rtl/ppg_400hz_frame_calibration_scheduler/tb_ppg_400hz_frame_calibration_scheduler.v:21;rtl/ppg_400hz_frame_calibration_scheduler/tb_ppg_400hz_frame_calibration_scheduler.v:23;rtl/ppg_400hz_frame_calibration_scheduler/tb_ppg_400hz_frame_calibration_scheduler.v:41;rtl/ppg_400hz_frame_calibration_scheduler/tb_ppg_400hz_frame_calibration_scheduler.v:42;rtl/ppg_400hz_frame_calibration_scheduler/tb_ppg_400hz_frame_calibration_scheduler.v:44;rtl/ppg_400hz_frame_calibration_scheduler/tb_ppg_400hz_frame_calibration_scheduler.v:550;rtl/ppg_400hz_frame_calibration_scheduler/tb_ppg_400hz_frame_calibration_scheduler.v:929,,,"rtl_tag,matrix_or_alias",B,C:\Users\DAWN\.codex\visualizations\2026\10\02\01a0fd78-55cb-7173-9e41-1e0b27c41d49\ppg_review_B\evidence\id_four_link_audit.json,已合并逐项语义审阅；状态与限制须读原行，非验收CLOSED
FSC-04,FSC,contracts/PPG_400HZ_FRAME_CALIBRATION_SCHEDULER_INTERFACE_CONTRACT.md:1136,,rtl/ppg_400hz_frame_calibration_scheduler/tb_ppg_400hz_frame_calibration_scheduler.v:10;rtl/ppg_400hz_frame_calibration_scheduler/tb_ppg_400hz_frame_calibration_scheduler.v:20;rtl/ppg_400hz_frame_calibration_scheduler/tb_ppg_400hz_frame_calibration_scheduler.v:21;rtl/ppg_400hz_frame_calibration_scheduler/tb_ppg_400hz_frame_calibration_scheduler.v:23;rtl/ppg_400hz_frame_calibration_scheduler/tb_ppg_400hz_frame_calibration_scheduler.v:41;rtl/ppg_400hz_frame_calibration_scheduler/tb_ppg_400hz_frame_calibration_scheduler.v:42;rtl/ppg_400hz_frame_calibration_scheduler/tb_ppg_400hz_frame_calibration_scheduler.v:44;rtl/ppg_400hz_frame_calibration_scheduler/tb_ppg_400hz_frame_calibration_scheduler.v:550;rtl/ppg_400hz_frame_calibration_scheduler/tb_ppg_400hz_frame_calibration_scheduler.v:929,,,"rtl_tag,matrix_or_alias",B,C:\Users\DAWN\.codex\visualizations\2026\10\02\01a0fd78-55cb-7173-9e41-1e0b27c41d49\ppg_review_B\evidence\id_four_link_audit.json,已合并逐项语义审阅；状态与限制须读原行，非验收CLOSED
FSC-05,FSC,contracts/PPG_400HZ_FRAME_CALIBRATION_SCHEDULER_INTERFACE_CONTRACT.md:1137,,rtl/ppg_400hz_frame_calibration_scheduler/tb_ppg_400hz_frame_calibration_scheduler.v:10;rtl/ppg_400hz_frame_calibration_scheduler/tb_ppg_400hz_frame_calibration_scheduler.v:20;rtl/ppg_400hz_frame_calibration_scheduler/tb_ppg_400hz_frame_calibration_scheduler.v:21;rtl/ppg_400hz_frame_calibration_scheduler/tb_ppg_400hz_frame_calibration_scheduler.v:23;rtl/ppg_400hz_frame_calibration_scheduler/tb_ppg_400hz_frame_calibration_scheduler.v:41;rtl/ppg_400hz_frame_calibration_scheduler/tb_ppg_400hz_frame_calibration_scheduler.v:42;rtl/ppg_400hz_frame_calibration_scheduler/tb_ppg_400hz_frame_calibration_scheduler.v:44;rtl/ppg_400hz_frame_calibration_scheduler/tb_ppg_400hz_frame_calibration_scheduler.v:550;rtl/ppg_400hz_frame_calibration_scheduler/tb_ppg_400hz_frame_calibration_scheduler.v:929,,,"rtl_tag,matrix_or_alias",B,C:\Users\DAWN\.codex\visualizations\2026\10\02\01a0fd78-55cb-7173-9e41-1e0b27c41d49\ppg_review_B\evidence\id_four_link_audit.json,已合并逐项语义审阅；状态与限制须读原行，非验收CLOSED
FSC-06,FSC,contracts/PPG_400HZ_FRAME_CALIBRATION_SCHEDULER_INTERFACE_CONTRACT.md:1138,,rtl/ppg_400hz_frame_calibration_scheduler/tb_ppg_400hz_frame_calibration_scheduler.v:10;rtl/ppg_400hz_frame_calibration_scheduler/tb_ppg_400hz_frame_calibration_scheduler.v:20;rtl/ppg_400hz_frame_calibration_scheduler/tb_ppg_400hz_frame_calibration_scheduler.v:21;rtl/ppg_400hz_frame_calibration_scheduler/tb_ppg_400hz_frame_calibration_scheduler.v:23;rtl/ppg_400hz_frame_calibration_scheduler/tb_ppg_400hz_frame_calibration_scheduler.v:41;rtl/ppg_400hz_frame_calibration_scheduler/tb_ppg_400hz_frame_calibration_scheduler.v:42;rtl/ppg_400hz_frame_calibration_scheduler/tb_ppg_400hz_frame_calibration_scheduler.v:44;rtl/ppg_400hz_frame_calibration_scheduler/tb_ppg_400hz_frame_calibration_scheduler.v:550;rtl/ppg_400hz_frame_calibration_scheduler/tb_ppg_400hz_frame_calibration_scheduler.v:929,,,"rtl_tag,matrix_or_alias",B,C:\Users\DAWN\.codex\visualizations\2026\10\02\01a0fd78-55cb-7173-9e41-1e0b27c41d49\ppg_review_B\evidence\id_four_link_audit.json,已合并逐项语义审阅；状态与限制须读原行，非验收CLOSED
FSC-07,FSC,contracts/PPG_400HZ_FRAME_CALIBRATION_SCHEDULER_INTERFACE_CONTRACT.md:1139,,rtl/ppg_400hz_frame_calibration_scheduler/tb_ppg_400hz_frame_calibration_scheduler.v:10;rtl/ppg_400hz_frame_calibration_scheduler/tb_ppg_400hz_frame_calibration_scheduler.v:20;rtl/ppg_400hz_frame_calibration_scheduler/tb_ppg_400hz_frame_calibration_scheduler.v:21;rtl/ppg_400hz_frame_calibration_scheduler/tb_ppg_400hz_frame_calibration_scheduler.v:23;rtl/ppg_400hz_frame_calibration_scheduler/tb_ppg_400hz_frame_calibration_scheduler.v:41;rtl/ppg_400hz_frame_calibration_scheduler/tb_ppg_400hz_frame_calibration_scheduler.v:42;rtl/ppg_400hz_frame_calibration_scheduler/tb_ppg_400hz_frame_calibration_scheduler.v:44;rtl/ppg_400hz_frame_calibration_scheduler/tb_ppg_400hz_frame_calibration_scheduler.v:550;rtl/ppg_400hz_frame_calibration_scheduler/tb_ppg_400hz_frame_calibration_scheduler.v:929,,,"rtl_tag,matrix_or_alias",B,C:\Users\DAWN\.codex\visualizations\2026\10\02\01a0fd78-55cb-7173-9e41-1e0b27c41d49\ppg_review_B\evidence\id_four_link_audit.json,已合并逐项语义审阅；状态与限制须读原行，非验收CLOSED
FSC-08,FSC,contracts/PPG_400HZ_FRAME_CALIBRATION_SCHEDULER_INTERFACE_CONTRACT.md:1140,,rtl/ppg_400hz_frame_calibration_scheduler/tb_ppg_400hz_frame_calibration_scheduler.v:10;rtl/ppg_400hz_frame_calibration_scheduler/tb_ppg_400hz_frame_calibration_scheduler.v:20;rtl/ppg_400hz_frame_calibration_scheduler/tb_ppg_400hz_frame_calibration_scheduler.v:21;rtl/ppg_400hz_frame_calibration_scheduler/tb_ppg_400hz_frame_calibration_scheduler.v:23;rtl/ppg_400hz_frame_calibration_scheduler/tb_ppg_400hz_frame_calibration_scheduler.v:41;rtl/ppg_400hz_frame_calibration_scheduler/tb_ppg_400hz_frame_calibration_scheduler.v:42;rtl/ppg_400hz_frame_calibration_scheduler/tb_ppg_400hz_frame_calibration_scheduler.v:44;rtl/ppg_400hz_frame_calibration_scheduler/tb_ppg_400hz_frame_calibration_scheduler.v:550;rtl/ppg_400hz_frame_calibration_scheduler/tb_ppg_400hz_frame_calibration_scheduler.v:929,,,"rtl_tag,matrix_or_alias",B,C:\Users\DAWN\.codex\visualizations\2026\10\02\01a0fd78-55cb-7173-9e41-1e0b27c41d49\ppg_review_B\evidence\id_four_link_audit.json,已合并逐项语义审阅；状态与限制须读原行，非验收CLOSED
FSC-09,FSC,contracts/PPG_400HZ_FRAME_CALIBRATION_SCHEDULER_INTERFACE_CONTRACT.md:1141,,rtl/ppg_400hz_frame_calibration_scheduler/tb_ppg_400hz_frame_calibration_scheduler.v:10;rtl/ppg_400hz_frame_calibration_scheduler/tb_ppg_400hz_frame_calibration_scheduler.v:20;rtl/ppg_400hz_frame_calibration_scheduler/tb_ppg_400hz_frame_calibration_scheduler.v:21;rtl/ppg_400hz_frame_calibration_scheduler/tb_ppg_400hz_frame_calibration_scheduler.v:23;rtl/ppg_400hz_frame_calibration_scheduler/tb_ppg_400hz_frame_calibration_scheduler.v:41;rtl/ppg_400hz_frame_calibration_scheduler/tb_ppg_400hz_frame_calibration_scheduler.v:42;rtl/ppg_400hz_frame_calibration_scheduler/tb_ppg_400hz_frame_calibration_scheduler.v:44;rtl/ppg_400hz_frame_calibration_scheduler/tb_ppg_400hz_frame_calibration_scheduler.v:550;rtl/ppg_400hz_frame_calibration_scheduler/tb_ppg_400hz_frame_calibration_scheduler.v:929,,,"rtl_tag,matrix_or_alias",B,C:\Users\DAWN\.codex\visualizations\2026\10\02\01a0fd78-55cb-7173-9e41-1e0b27c41d49\ppg_review_B\evidence\id_four_link_audit.json,已合并逐项语义审阅；状态与限制须读原行，非验收CLOSED
FSC-10,FSC,contracts/PPG_400HZ_FRAME_CALIBRATION_SCHEDULER_INTERFACE_CONTRACT.md:1142,,rtl/ppg_400hz_frame_calibration_scheduler/tb_ppg_400hz_frame_calibration_scheduler.v:10;rtl/ppg_400hz_frame_calibration_scheduler/tb_ppg_400hz_frame_calibration_scheduler.v:20;rtl/ppg_400hz_frame_calibration_scheduler/tb_ppg_400hz_frame_calibration_scheduler.v:21;rtl/ppg_400hz_frame_calibration_scheduler/tb_ppg_400hz_frame_calibration_scheduler.v:23;rtl/ppg_400hz_frame_calibration_scheduler/tb_ppg_400hz_frame_calibration_scheduler.v:41;rtl/ppg_400hz_frame_calibration_scheduler/tb_ppg_400hz_frame_calibration_scheduler.v:42;rtl/ppg_400hz_frame_calibration_scheduler/tb_ppg_400hz_frame_calibration_scheduler.v:44;rtl/ppg_400hz_frame_calibration_scheduler/tb_ppg_400hz_frame_calibration_scheduler.v:550;rtl/ppg_400hz_frame_calibration_scheduler/tb_ppg_400hz_frame_calibration_scheduler.v:929,,,"rtl_tag,matrix_or_alias",B,C:\Users\DAWN\.codex\visualizations\2026\10\02\01a0fd78-55cb-7173-9e41-1e0b27c41d49\ppg_review_B\evidence\id_four_link_audit.json,已合并逐项语义审阅；状态与限制须读原行，非验收CLOSED
FSC-11,FSC,contracts/PPG_400HZ_FRAME_CALIBRATION_SCHEDULER_INTERFACE_CONTRACT.md:1143,,rtl/ppg_400hz_frame_calibration_scheduler/tb_ppg_400hz_frame_calibration_scheduler.v:10;rtl/ppg_400hz_frame_calibration_scheduler/tb_ppg_400hz_frame_calibration_scheduler.v:20;rtl/ppg_400hz_frame_calibration_scheduler/tb_ppg_400hz_frame_calibration_scheduler.v:21;rtl/ppg_400hz_frame_calibration_scheduler/tb_ppg_400hz_frame_calibration_scheduler.v:23;rtl/ppg_400hz_frame_calibration_scheduler/tb_ppg_400hz_frame_calibration_scheduler.v:41;rtl/ppg_400hz_frame_calibration_scheduler/tb_ppg_400hz_frame_calibration_scheduler.v:42;rtl/ppg_400hz_frame_calibration_scheduler/tb_ppg_400hz_frame_calibration_scheduler.v:44;rtl/ppg_400hz_frame_calibration_scheduler/tb_ppg_400hz_frame_calibration_scheduler.v:550;rtl/ppg_400hz_frame_calibration_scheduler/tb_ppg_400hz_frame_calibration_scheduler.v:929,,,"rtl_tag,matrix_or_alias",B,C:\Users\DAWN\.codex\visualizations\2026\10\02\01a0fd78-55cb-7173-9e41-1e0b27c41d49\ppg_review_B\evidence\id_four_link_audit.json,已合并逐项语义审阅；状态与限制须读原行，非验收CLOSED
FSC-12,FSC,contracts/PPG_400HZ_FRAME_CALIBRATION_SCHEDULER_INTERFACE_CONTRACT.md:1144,,rtl/ppg_400hz_frame_calibration_scheduler/tb_ppg_400hz_frame_calibration_scheduler.v:10;rtl/ppg_400hz_frame_calibration_scheduler/tb_ppg_400hz_frame_calibration_scheduler.v:20;rtl/ppg_400hz_frame_calibration_scheduler/tb_ppg_400hz_frame_calibration_scheduler.v:21;rtl/ppg_400hz_frame_calibration_scheduler/tb_ppg_400hz_frame_calibration_scheduler.v:23;rtl/ppg_400hz_frame_calibration_scheduler/tb_ppg_400hz_frame_calibration_scheduler.v:41;rtl/ppg_400hz_frame_calibration_scheduler/tb_ppg_400hz_frame_calibration_scheduler.v:42;rtl/ppg_400hz_frame_calibration_scheduler/tb_ppg_400hz_frame_calibration_scheduler.v:44;rtl/ppg_400hz_frame_calibration_scheduler/tb_ppg_400hz_frame_calibration_scheduler.v:550;rtl/ppg_400hz_frame_calibration_scheduler/tb_ppg_400hz_frame_calibration_scheduler.v:929,,,"rtl_tag,matrix_or_alias",B,C:\Users\DAWN\.codex\visualizations\2026\10\02\01a0fd78-55cb-7173-9e41-1e0b27c41d49\ppg_review_B\evidence\id_four_link_audit.json,已合并逐项语义审阅；状态与限制须读原行，非验收CLOSED
FSC-13,FSC,contracts/PPG_400HZ_FRAME_CALIBRATION_SCHEDULER_INTERFACE_CONTRACT.md:1145,,rtl/ppg_400hz_frame_calibration_scheduler/tb_ppg_400hz_frame_calibration_scheduler.v:10;rtl/ppg_400hz_frame_calibration_scheduler/tb_ppg_400hz_frame_calibration_scheduler.v:20;rtl/ppg_400hz_frame_calibration_scheduler/tb_ppg_400hz_frame_calibration_scheduler.v:21;rtl/ppg_400hz_frame_calibration_scheduler/tb_ppg_400hz_frame_calibration_scheduler.v:23;rtl/ppg_400hz_frame_calibration_scheduler/tb_ppg_400hz_frame_calibration_scheduler.v:41;rtl/ppg_400hz_frame_calibration_scheduler/tb_ppg_400hz_frame_calibration_scheduler.v:42;rtl/ppg_400hz_frame_calibration_scheduler/tb_ppg_400hz_frame_calibration_scheduler.v:44;rtl/ppg_400hz_frame_calibration_scheduler/tb_ppg_400hz_frame_calibration_scheduler.v:550;rtl/ppg_400hz_frame_calibration_scheduler/tb_ppg_400hz_frame_calibration_scheduler.v:929,,,"rtl_tag,matrix_or_alias",B,C:\Users\DAWN\.codex\visualizations\2026\10\02\01a0fd78-55cb-7173-9e41-1e0b27c41d49\ppg_review_B\evidence\id_four_link_audit.json,已合并逐项语义审阅；状态与限制须读原行，非验收CLOSED
FSC-14,FSC,contracts/PPG_400HZ_FRAME_CALIBRATION_SCHEDULER_INTERFACE_CONTRACT.md:1146,,rtl/ppg_400hz_frame_calibration_scheduler/tb_ppg_400hz_frame_calibration_scheduler.v:10;rtl/ppg_400hz_frame_calibration_scheduler/tb_ppg_400hz_frame_calibration_scheduler.v:20;rtl/ppg_400hz_frame_calibration_scheduler/tb_ppg_400hz_frame_calibration_scheduler.v:21;rtl/ppg_400hz_frame_calibration_scheduler/tb_ppg_400hz_frame_calibration_scheduler.v:23;rtl/ppg_400hz_frame_calibration_scheduler/tb_ppg_400hz_frame_calibration_scheduler.v:41;rtl/ppg_400hz_frame_calibration_scheduler/tb_ppg_400hz_frame_calibration_scheduler.v:42;rtl/ppg_400hz_frame_calibration_scheduler/tb_ppg_400hz_frame_calibration_scheduler.v:44;rtl/ppg_400hz_frame_calibration_scheduler/tb_ppg_400hz_frame_calibration_scheduler.v:550;rtl/ppg_400hz_frame_calibration_scheduler/tb_ppg_400hz_frame_calibration_scheduler.v:929,,,"rtl_tag,matrix_or_alias",B,C:\Users\DAWN\.codex\visualizations\2026\10\02\01a0fd78-55cb-7173-9e41-1e0b27c41d49\ppg_review_B\evidence\id_four_link_audit.json,已合并逐项语义审阅；状态与限制须读原行，非验收CLOSED
FSC-15,FSC,contracts/PPG_400HZ_FRAME_CALIBRATION_SCHEDULER_INTERFACE_CONTRACT.md:1147,,rtl/ppg_400hz_frame_calibration_scheduler/tb_ppg_400hz_frame_calibration_scheduler.v:10;rtl/ppg_400hz_frame_calibration_scheduler/tb_ppg_400hz_frame_calibration_scheduler.v:20;rtl/ppg_400hz_frame_calibration_scheduler/tb_ppg_400hz_frame_calibration_scheduler.v:21;rtl/ppg_400hz_frame_calibration_scheduler/tb_ppg_400hz_frame_calibration_scheduler.v:23;rtl/ppg_400hz_frame_calibration_scheduler/tb_ppg_400hz_frame_calibration_scheduler.v:41;rtl/ppg_400hz_frame_calibration_scheduler/tb_ppg_400hz_frame_calibration_scheduler.v:42;rtl/ppg_400hz_frame_calibration_scheduler/tb_ppg_400hz_frame_calibration_scheduler.v:44;rtl/ppg_400hz_frame_calibration_scheduler/tb_ppg_400hz_frame_calibration_scheduler.v:550;rtl/ppg_400hz_frame_calibration_scheduler/tb_ppg_400hz_frame_calibration_scheduler.v:929,,,"rtl_tag,matrix_or_alias",B,C:\Users\DAWN\.codex\visualizations\2026\10\02\01a0fd78-55cb-7173-9e41-1e0b27c41d49\ppg_review_B\evidence\id_four_link_audit.json,已合并逐项语义审阅；状态与限制须读原行，非验收CLOSED
FSC-16,FSC,contracts/PPG_400HZ_FRAME_CALIBRATION_SCHEDULER_INTERFACE_CONTRACT.md:1148,,rtl/ppg_400hz_frame_calibration_scheduler/tb_ppg_400hz_frame_calibration_scheduler.v:10;rtl/ppg_400hz_frame_calibration_scheduler/tb_ppg_400hz_frame_calibration_scheduler.v:20;rtl/ppg_400hz_frame_calibration_scheduler/tb_ppg_400hz_frame_calibration_scheduler.v:21;rtl/ppg_400hz_frame_calibration_scheduler/tb_ppg_400hz_frame_calibration_scheduler.v:23;rtl/ppg_400hz_frame_calibration_scheduler/tb_ppg_400hz_frame_calibration_scheduler.v:41;rtl/ppg_400hz_frame_calibration_scheduler/tb_ppg_400hz_frame_calibration_scheduler.v:42;rtl/ppg_400hz_frame_calibration_scheduler/tb_ppg_400hz_frame_calibration_scheduler.v:44;rtl/ppg_400hz_frame_calibration_scheduler/tb_ppg_400hz_frame_calibration_scheduler.v:550;rtl/ppg_400hz_frame_calibration_scheduler/tb_ppg_400hz_frame_calibration_scheduler.v:929,,,"rtl_tag,matrix_or_alias",B,C:\Users\DAWN\.codex\visualizations\2026\10\02\01a0fd78-55cb-7173-9e41-1e0b27c41d49\ppg_review_B\evidence\id_four_link_audit.json,已合并逐项语义审阅；状态与限制须读原行，非验收CLOSED
FSC-17,FSC,contracts/PPG_400HZ_FRAME_CALIBRATION_SCHEDULER_INTERFACE_CONTRACT.md:1149,,rtl/ppg_400hz_frame_calibration_scheduler/tb_ppg_400hz_frame_calibration_scheduler.v:10;rtl/ppg_400hz_frame_calibration_scheduler/tb_ppg_400hz_frame_calibration_scheduler.v:20;rtl/ppg_400hz_frame_calibration_scheduler/tb_ppg_400hz_frame_calibration_scheduler.v:21;rtl/ppg_400hz_frame_calibration_scheduler/tb_ppg_400hz_frame_calibration_scheduler.v:22;rtl/ppg_400hz_frame_calibration_scheduler/tb_ppg_400hz_frame_calibration_scheduler.v:23;rtl/ppg_400hz_frame_calibration_scheduler/tb_ppg_400hz_frame_calibration_scheduler.v:41;rtl/ppg_400hz_frame_calibration_scheduler/tb_ppg_400hz_frame_calibration_scheduler.v:42;rtl/ppg_400hz_frame_calibration_scheduler/tb_ppg_400hz_frame_calibration_scheduler.v:43;rtl/ppg_400hz_frame_calibration_scheduler/tb_ppg_400hz_frame_calibration_scheduler.v:44;rtl/ppg_400hz_frame_calibration_scheduler/tb_ppg_400hz_frame_calibration_scheduler.v:550;rtl/ppg_400hz_frame_calibration_scheduler/tb_ppg_400hz_frame_calibration_scheduler.v:929;rtl/ppg_control_top/tb_ppg_control_top.v:23;rtl/ppg_control_top/tb_ppg_control_top.v:50,,,"rtl_tag,matrix_or_alias",B,C:\Users\DAWN\.codex\visualizations\2026\10\02\01a0fd78-55cb-7173-9e41-1e0b27c41d49\ppg_review_B\evidence\id_four_link_audit.json,已合并逐项语义审阅；状态与限制须读原行，非验收CLOSED
FSC-18,FSC,contracts/PPG_400HZ_FRAME_CALIBRATION_SCHEDULER_INTERFACE_CONTRACT.md:1150,,rtl/ppg_400hz_frame_calibration_scheduler/tb_ppg_400hz_frame_calibration_scheduler.v:10;rtl/ppg_400hz_frame_calibration_scheduler/tb_ppg_400hz_frame_calibration_scheduler.v:20;rtl/ppg_400hz_frame_calibration_scheduler/tb_ppg_400hz_frame_calibration_scheduler.v:21;rtl/ppg_400hz_frame_calibration_scheduler/tb_ppg_400hz_frame_calibration_scheduler.v:23;rtl/ppg_400hz_frame_calibration_scheduler/tb_ppg_400hz_frame_calibration_scheduler.v:41;rtl/ppg_400hz_frame_calibration_scheduler/tb_ppg_400hz_frame_calibration_scheduler.v:42;rtl/ppg_400hz_frame_calibration_scheduler/tb_ppg_400hz_frame_calibration_scheduler.v:44;rtl/ppg_400hz_frame_calibration_scheduler/tb_ppg_400hz_frame_calibration_scheduler.v:550;rtl/ppg_400hz_frame_calibration_scheduler/tb_ppg_400hz_frame_calibration_scheduler.v:929,,,"rtl_tag,matrix_or_alias",B,C:\Users\DAWN\.codex\visualizations\2026\10\02\01a0fd78-55cb-7173-9e41-1e0b27c41d49\ppg_review_B\evidence\id_four_link_audit.json,已合并逐项语义审阅；状态与限制须读原行，非验收CLOSED
FSC-19,FSC,contracts/PPG_400HZ_FRAME_CALIBRATION_SCHEDULER_INTERFACE_CONTRACT.md:1151,,rtl/ppg_400hz_frame_calibration_scheduler/tb_ppg_400hz_frame_calibration_scheduler.v:10;rtl/ppg_400hz_frame_calibration_scheduler/tb_ppg_400hz_frame_calibration_scheduler.v:20;rtl/ppg_400hz_frame_calibration_scheduler/tb_ppg_400hz_frame_calibration_scheduler.v:21;rtl/ppg_400hz_frame_calibration_scheduler/tb_ppg_400hz_frame_calibration_scheduler.v:23;rtl/ppg_400hz_frame_calibration_scheduler/tb_ppg_400hz_frame_calibration_scheduler.v:41;rtl/ppg_400hz_frame_calibration_scheduler/tb_ppg_400hz_frame_calibration_scheduler.v:42;rtl/ppg_400hz_frame_calibration_scheduler/tb_ppg_400hz_frame_calibration_scheduler.v:44;rtl/ppg_400hz_frame_calibration_scheduler/tb_ppg_400hz_frame_calibration_scheduler.v:550;rtl/ppg_400hz_frame_calibration_scheduler/tb_ppg_400hz_frame_calibration_scheduler.v:929,,,"rtl_tag,matrix_or_alias",B,C:\Users\DAWN\.codex\visualizations\2026\10\02\01a0fd78-55cb-7173-9e41-1e0b27c41d49\ppg_review_B\evidence\id_four_link_audit.json,已合并逐项语义审阅；状态与限制须读原行，非验收CLOSED
FSC-20,FSC,contracts/PPG_400HZ_FRAME_CALIBRATION_SCHEDULER_INTERFACE_CONTRACT.md:1152,,rtl/ppg_400hz_frame_calibration_scheduler/tb_ppg_400hz_frame_calibration_scheduler.v:10;rtl/ppg_400hz_frame_calibration_scheduler/tb_ppg_400hz_frame_calibration_scheduler.v:20;rtl/ppg_400hz_frame_calibration_scheduler/tb_ppg_400hz_frame_calibration_scheduler.v:21;rtl/ppg_400hz_frame_calibration_scheduler/tb_ppg_400hz_frame_calibration_scheduler.v:23;rtl/ppg_400hz_frame_calibration_scheduler/tb_ppg_400hz_frame_calibration_scheduler.v:41;rtl/ppg_400hz_frame_calibration_scheduler/tb_ppg_400hz_frame_calibration_scheduler.v:42;rtl/ppg_400hz_frame_calibration_scheduler/tb_ppg_400hz_frame_calibration_scheduler.v:44;rtl/ppg_400hz_frame_calibration_scheduler/tb_ppg_400hz_frame_calibration_scheduler.v:550;rtl/ppg_400hz_frame_calibration_scheduler/tb_ppg_400hz_frame_calibration_scheduler.v:929,,,"rtl_tag,matrix_or_alias",B,C:\Users\DAWN\.codex\visualizations\2026\10\02\01a0fd78-55cb-7173-9e41-1e0b27c41d49\ppg_review_B\evidence\id_four_link_audit.json,已合并逐项语义审阅；状态与限制须读原行，非验收CLOSED
FSC-21,FSC,contracts/PPG_400HZ_FRAME_CALIBRATION_SCHEDULER_INTERFACE_CONTRACT.md:1153,,rtl/ppg_400hz_frame_calibration_scheduler/tb_ppg_400hz_frame_calibration_scheduler.v:10;rtl/ppg_400hz_frame_calibration_scheduler/tb_ppg_400hz_frame_calibration_scheduler.v:20;rtl/ppg_400hz_frame_calibration_scheduler/tb_ppg_400hz_frame_calibration_scheduler.v:21;rtl/ppg_400hz_frame_calibration_scheduler/tb_ppg_400hz_frame_calibration_scheduler.v:23;rtl/ppg_400hz_frame_calibration_scheduler/tb_ppg_400hz_frame_calibration_scheduler.v:41;rtl/ppg_400hz_frame_calibration_scheduler/tb_ppg_400hz_frame_calibration_scheduler.v:42;rtl/ppg_400hz_frame_calibration_scheduler/tb_ppg_400hz_frame_calibration_scheduler.v:44;rtl/ppg_400hz_frame_calibration_scheduler/tb_ppg_400hz_frame_calibration_scheduler.v:550;rtl/ppg_400hz_frame_calibration_scheduler/tb_ppg_400hz_frame_calibration_scheduler.v:929,,,"rtl_tag,matrix_or_alias",B,C:\Users\DAWN\.codex\visualizations\2026\10\02\01a0fd78-55cb-7173-9e41-1e0b27c41d49\ppg_review_B\evidence\id_four_link_audit.json,已合并逐项语义审阅；状态与限制须读原行，非验收CLOSED
FSC-22,FSC,contracts/PPG_400HZ_FRAME_CALIBRATION_SCHEDULER_INTERFACE_CONTRACT.md:1154,,rtl/ppg_400hz_frame_calibration_scheduler/tb_ppg_400hz_frame_calibration_scheduler.v:10;rtl/ppg_400hz_frame_calibration_scheduler/tb_ppg_400hz_frame_calibration_scheduler.v:20;rtl/ppg_400hz_frame_calibration_scheduler/tb_ppg_400hz_frame_calibration_scheduler.v:21;rtl/ppg_400hz_frame_calibration_scheduler/tb_ppg_400hz_frame_calibration_scheduler.v:23;rtl/ppg_400hz_frame_calibration_scheduler/tb_ppg_400hz_frame_calibration_scheduler.v:41;rtl/ppg_400hz_frame_calibration_scheduler/tb_ppg_400hz_frame_calibration_scheduler.v:42;rtl/ppg_400hz_frame_calibration_scheduler/tb_ppg_400hz_frame_calibration_scheduler.v:44;rtl/ppg_400hz_frame_calibration_scheduler/tb_ppg_400hz_frame_calibration_scheduler.v:550;rtl/ppg_400hz_frame_calibration_scheduler/tb_ppg_400hz_frame_calibration_scheduler.v:929,,,"rtl_tag,matrix_or_alias",B,C:\Users\DAWN\.codex\visualizations\2026\10\02\01a0fd78-55cb-7173-9e41-1e0b27c41d49\ppg_review_B\evidence\id_four_link_audit.json,已合并逐项语义审阅；状态与限制须读原行，非验收CLOSED
FSC-23,FSC,contracts/PPG_400HZ_FRAME_CALIBRATION_SCHEDULER_INTERFACE_CONTRACT.md:1155,,rtl/ppg_400hz_frame_calibration_scheduler/tb_ppg_400hz_frame_calibration_scheduler.v:10;rtl/ppg_400hz_frame_calibration_scheduler/tb_ppg_400hz_frame_calibration_scheduler.v:20;rtl/ppg_400hz_frame_calibration_scheduler/tb_ppg_400hz_frame_calibration_scheduler.v:21;rtl/ppg_400hz_frame_calibration_scheduler/tb_ppg_400hz_frame_calibration_scheduler.v:23;rtl/ppg_400hz_frame_calibration_scheduler/tb_ppg_400hz_frame_calibration_scheduler.v:41;rtl/ppg_400hz_frame_calibration_scheduler/tb_ppg_400hz_frame_calibration_scheduler.v:42;rtl/ppg_400hz_frame_calibration_scheduler/tb_ppg_400hz_frame_calibration_scheduler.v:44;rtl/ppg_400hz_frame_calibration_scheduler/tb_ppg_400hz_frame_calibration_scheduler.v:550;rtl/ppg_400hz_frame_calibration_scheduler/tb_ppg_400hz_frame_calibration_scheduler.v:929,,,"rtl_tag,matrix_or_alias",B,C:\Users\DAWN\.codex\visualizations\2026\10\02\01a0fd78-55cb-7173-9e41-1e0b27c41d49\ppg_review_B\evidence\id_four_link_audit.json,已合并逐项语义审阅；状态与限制须读原行，非验收CLOSED
FSC-24,FSC,contracts/PPG_400HZ_FRAME_CALIBRATION_SCHEDULER_INTERFACE_CONTRACT.md:1156,,rtl/ppg_400hz_frame_calibration_scheduler/tb_ppg_400hz_frame_calibration_scheduler.v:10;rtl/ppg_400hz_frame_calibration_scheduler/tb_ppg_400hz_frame_calibration_scheduler.v:20;rtl/ppg_400hz_frame_calibration_scheduler/tb_ppg_400hz_frame_calibration_scheduler.v:21;rtl/ppg_400hz_frame_calibration_scheduler/tb_ppg_400hz_frame_calibration_scheduler.v:23;rtl/ppg_400hz_frame_calibration_scheduler/tb_ppg_400hz_frame_calibration_scheduler.v:41;rtl/ppg_400hz_frame_calibration_scheduler/tb_ppg_400hz_frame_calibration_scheduler.v:42;rtl/ppg_400hz_frame_calibration_scheduler/tb_ppg_400hz_frame_calibration_scheduler.v:44;rtl/ppg_400hz_frame_calibration_scheduler/tb_ppg_400hz_frame_calibration_scheduler.v:550;rtl/ppg_400hz_frame_calibration_scheduler/tb_ppg_400hz_frame_calibration_scheduler.v:929,,,"rtl_tag,matrix_or_alias",B,C:\Users\DAWN\.codex\visualizations\2026\10\02\01a0fd78-55cb-7173-9e41-1e0b27c41d49\ppg_review_B\evidence\id_four_link_audit.json,已合并逐项语义审阅；状态与限制须读原行，非验收CLOSED
FSC-25,FSC,contracts/PPG_400HZ_FRAME_CALIBRATION_SCHEDULER_INTERFACE_CONTRACT.md:1157,,rtl/ppg_400hz_frame_calibration_scheduler/tb_ppg_400hz_frame_calibration_scheduler.v:10;rtl/ppg_400hz_frame_calibration_scheduler/tb_ppg_400hz_frame_calibration_scheduler.v:20;rtl/ppg_400hz_frame_calibration_scheduler/tb_ppg_400hz_frame_calibration_scheduler.v:21;rtl/ppg_400hz_frame_calibration_scheduler/tb_ppg_400hz_frame_calibration_scheduler.v:23;rtl/ppg_400hz_frame_calibration_scheduler/tb_ppg_400hz_frame_calibration_scheduler.v:41;rtl/ppg_400hz_frame_calibration_scheduler/tb_ppg_400hz_frame_calibration_scheduler.v:42;rtl/ppg_400hz_frame_calibration_scheduler/tb_ppg_400hz_frame_calibration_scheduler.v:44;rtl/ppg_400hz_frame_calibration_scheduler/tb_ppg_400hz_frame_calibration_scheduler.v:550;rtl/ppg_400hz_frame_calibration_scheduler/tb_ppg_400hz_frame_calibration_scheduler.v:929,,,"rtl_tag,matrix_or_alias",B,C:\Users\DAWN\.codex\visualizations\2026\10\02\01a0fd78-55cb-7173-9e41-1e0b27c41d49\ppg_review_B\evidence\id_four_link_audit.json,已合并逐项语义审阅；状态与限制须读原行，非验收CLOSED
FSC-26,FSC,contracts/PPG_400HZ_FRAME_CALIBRATION_SCHEDULER_INTERFACE_CONTRACT.md:1158,,rtl/ppg_400hz_frame_calibration_scheduler/tb_ppg_400hz_frame_calibration_scheduler.v:10;rtl/ppg_400hz_frame_calibration_scheduler/tb_ppg_400hz_frame_calibration_scheduler.v:20;rtl/ppg_400hz_frame_calibration_scheduler/tb_ppg_400hz_frame_calibration_scheduler.v:21;rtl/ppg_400hz_frame_calibration_scheduler/tb_ppg_400hz_frame_calibration_scheduler.v:23;rtl/ppg_400hz_frame_calibration_scheduler/tb_ppg_400hz_frame_calibration_scheduler.v:41;rtl/ppg_400hz_frame_calibration_scheduler/tb_ppg_400hz_frame_calibration_scheduler.v:42;rtl/ppg_400hz_frame_calibration_scheduler/tb_ppg_400hz_frame_calibration_scheduler.v:44;rtl/ppg_400hz_frame_calibration_scheduler/tb_ppg_400hz_frame_calibration_scheduler.v:550;rtl/ppg_400hz_frame_calibration_scheduler/tb_ppg_400hz_frame_calibration_scheduler.v:929,,,"rtl_tag,matrix_or_alias",B,C:\Users\DAWN\.codex\visualizations\2026\10\02\01a0fd78-55cb-7173-9e41-1e0b27c41d49\ppg_review_B\evidence\id_four_link_audit.json,已合并逐项语义审阅；状态与限制须读原行，非验收CLOSED
FSC-27,FSC,contracts/PPG_400HZ_FRAME_CALIBRATION_SCHEDULER_INTERFACE_CONTRACT.md:1159,,rtl/ppg_400hz_frame_calibration_scheduler/tb_ppg_400hz_frame_calibration_scheduler.v:10;rtl/ppg_400hz_frame_calibration_scheduler/tb_ppg_400hz_frame_calibration_scheduler.v:20;rtl/ppg_400hz_frame_calibration_scheduler/tb_ppg_400hz_frame_calibration_scheduler.v:21;rtl/ppg_400hz_frame_calibration_scheduler/tb_ppg_400hz_frame_calibration_scheduler.v:23;rtl/ppg_400hz_frame_calibration_scheduler/tb_ppg_400hz_frame_calibration_scheduler.v:41;rtl/ppg_400hz_frame_calibration_scheduler/tb_ppg_400hz_frame_calibration_scheduler.v:42;rtl/ppg_400hz_frame_calibration_scheduler/tb_ppg_400hz_frame_calibration_scheduler.v:44;rtl/ppg_400hz_frame_calibration_scheduler/tb_ppg_400hz_frame_calibration_scheduler.v:550;rtl/ppg_400hz_frame_calibration_scheduler/tb_ppg_400hz_frame_calibration_scheduler.v:929,,,"rtl_tag,matrix_or_alias",B,C:\Users\DAWN\.codex\visualizations\2026\10\02\01a0fd78-55cb-7173-9e41-1e0b27c41d49\ppg_review_B\evidence\id_four_link_audit.json,已合并逐项语义审阅；状态与限制须读原行，非验收CLOSED
FSC-28,FSC,contracts/PPG_400HZ_FRAME_CALIBRATION_SCHEDULER_INTERFACE_CONTRACT.md:1160,,rtl/ppg_400hz_frame_calibration_scheduler/tb_ppg_400hz_frame_calibration_scheduler.v:10;rtl/ppg_400hz_frame_calibration_scheduler/tb_ppg_400hz_frame_calibration_scheduler.v:20;rtl/ppg_400hz_frame_calibration_scheduler/tb_ppg_400hz_frame_calibration_scheduler.v:21;rtl/ppg_400hz_frame_calibration_scheduler/tb_ppg_400hz_frame_calibration_scheduler.v:23;rtl/ppg_400hz_frame_calibration_scheduler/tb_ppg_400hz_frame_calibration_scheduler.v:41;rtl/ppg_400hz_frame_calibration_scheduler/tb_ppg_400hz_frame_calibration_scheduler.v:42;rtl/ppg_400hz_frame_calibration_scheduler/tb_ppg_400hz_frame_calibration_scheduler.v:44;rtl/ppg_400hz_frame_calibration_scheduler/tb_ppg_400hz_frame_calibration_scheduler.v:550;rtl/ppg_400hz_frame_calibration_scheduler/tb_ppg_400hz_frame_calibration_scheduler.v:929,,,"rtl_tag,matrix_or_alias",B,C:\Users\DAWN\.codex\visualizations\2026\10\02\01a0fd78-55cb-7173-9e41-1e0b27c41d49\ppg_review_B\evidence\id_four_link_audit.json,已合并逐项语义审阅；状态与限制须读原行，非验收CLOSED
FSC-29,FSC,contracts/PPG_400HZ_FRAME_CALIBRATION_SCHEDULER_INTERFACE_CONTRACT.md:1161,,rtl/ppg_400hz_frame_calibration_scheduler/tb_ppg_400hz_frame_calibration_scheduler.v:10;rtl/ppg_400hz_frame_calibration_scheduler/tb_ppg_400hz_frame_calibration_scheduler.v:20;rtl/ppg_400hz_frame_calibration_scheduler/tb_ppg_400hz_frame_calibration_scheduler.v:21;rtl/ppg_400hz_frame_calibration_scheduler/tb_ppg_400hz_frame_calibration_scheduler.v:23;rtl/ppg_400hz_frame_calibration_scheduler/tb_ppg_400hz_frame_calibration_scheduler.v:41;rtl/ppg_400hz_frame_calibration_scheduler/tb_ppg_400hz_frame_calibration_scheduler.v:42;rtl/ppg_400hz_frame_calibration_scheduler/tb_ppg_400hz_frame_calibration_scheduler.v:44;rtl/ppg_400hz_frame_calibration_scheduler/tb_ppg_400hz_frame_calibration_scheduler.v:550;rtl/ppg_400hz_frame_calibration_scheduler/tb_ppg_400hz_frame_calibration_scheduler.v:929,,,"rtl_tag,matrix_or_alias",B,C:\Users\DAWN\.codex\visualizations\2026\10\02\01a0fd78-55cb-7173-9e41-1e0b27c41d49\ppg_review_B\evidence\id_four_link_audit.json,已合并逐项语义审阅；状态与限制须读原行，非验收CLOSED
FSC-30,FSC,contracts/PPG_400HZ_FRAME_CALIBRATION_SCHEDULER_INTERFACE_CONTRACT.md:1162,,rtl/ppg_400hz_frame_calibration_scheduler/tb_ppg_400hz_frame_calibration_scheduler.v:10;rtl/ppg_400hz_frame_calibration_scheduler/tb_ppg_400hz_frame_calibration_scheduler.v:20;rtl/ppg_400hz_frame_calibration_scheduler/tb_ppg_400hz_frame_calibration_scheduler.v:21;rtl/ppg_400hz_frame_calibration_scheduler/tb_ppg_400hz_frame_calibration_scheduler.v:23;rtl/ppg_400hz_frame_calibration_scheduler/tb_ppg_400hz_frame_calibration_scheduler.v:41;rtl/ppg_400hz_frame_calibration_scheduler/tb_ppg_400hz_frame_calibration_scheduler.v:42;rtl/ppg_400hz_frame_calibration_scheduler/tb_ppg_400hz_frame_calibration_scheduler.v:44;rtl/ppg_400hz_frame_calibration_scheduler/tb_ppg_400hz_frame_calibration_scheduler.v:550;rtl/ppg_400hz_frame_calibration_scheduler/tb_ppg_400hz_frame_calibration_scheduler.v:929,,,"rtl_tag,matrix_or_alias",B,C:\Users\DAWN\.codex\visualizations\2026\10\02\01a0fd78-55cb-7173-9e41-1e0b27c41d49\ppg_review_B\evidence\id_four_link_audit.json,已合并逐项语义审阅；状态与限制须读原行，非验收CLOSED
FSC-31,FSC,contracts/PPG_400HZ_FRAME_CALIBRATION_SCHEDULER_INTERFACE_CONTRACT.md:1163,,rtl/ppg_400hz_frame_calibration_scheduler/tb_ppg_400hz_frame_calibration_scheduler.v:10;rtl/ppg_400hz_frame_calibration_scheduler/tb_ppg_400hz_frame_calibration_scheduler.v:20;rtl/ppg_400hz_frame_calibration_scheduler/tb_ppg_400hz_frame_calibration_scheduler.v:21;rtl/ppg_400hz_frame_calibration_scheduler/tb_ppg_400hz_frame_calibration_scheduler.v:23;rtl/ppg_400hz_frame_calibration_scheduler/tb_ppg_400hz_frame_calibration_scheduler.v:41;rtl/ppg_400hz_frame_calibration_scheduler/tb_ppg_400hz_frame_calibration_scheduler.v:42;rtl/ppg_400hz_frame_calibration_scheduler/tb_ppg_400hz_frame_calibration_scheduler.v:44;rtl/ppg_400hz_frame_calibration_scheduler/tb_ppg_400hz_frame_calibration_scheduler.v:550;rtl/ppg_400hz_frame_calibration_scheduler/tb_ppg_400hz_frame_calibration_scheduler.v:929,,,"rtl_tag,matrix_or_alias",B,C:\Users\DAWN\.codex\visualizations\2026\10\02\01a0fd78-55cb-7173-9e41-1e0b27c41d49\ppg_review_B\evidence\id_four_link_audit.json,已合并逐项语义审阅；状态与限制须读原行，非验收CLOSED
FSC-32,FSC,contracts/PPG_400HZ_FRAME_CALIBRATION_SCHEDULER_INTERFACE_CONTRACT.md:1164,,rtl/ppg_400hz_frame_calibration_scheduler/tb_ppg_400hz_frame_calibration_scheduler.v:10;rtl/ppg_400hz_frame_calibration_scheduler/tb_ppg_400hz_frame_calibration_scheduler.v:20;rtl/ppg_400hz_frame_calibration_scheduler/tb_ppg_400hz_frame_calibration_scheduler.v:21;rtl/ppg_400hz_frame_calibration_scheduler/tb_ppg_400hz_frame_calibration_scheduler.v:23;rtl/ppg_400hz_frame_calibration_scheduler/tb_ppg_400hz_frame_calibration_scheduler.v:41;rtl/ppg_400hz_frame_calibration_scheduler/tb_ppg_400hz_frame_calibration_scheduler.v:42;rtl/ppg_400hz_frame_calibration_scheduler/tb_ppg_400hz_frame_calibration_scheduler.v:44;rtl/ppg_400hz_frame_calibration_scheduler/tb_ppg_400hz_frame_calibration_scheduler.v:550;rtl/ppg_400hz_frame_calibration_scheduler/tb_ppg_400hz_frame_calibration_scheduler.v:929,,,"rtl_tag,matrix_or_alias",B,C:\Users\DAWN\.codex\visualizations\2026\10\02\01a0fd78-55cb-7173-9e41-1e0b27c41d49\ppg_review_B\evidence\id_four_link_audit.json,已合并逐项语义审阅；状态与限制须读原行，非验收CLOSED
FSC-33,FSC,contracts/PPG_400HZ_FRAME_CALIBRATION_SCHEDULER_INTERFACE_CONTRACT.md:1165,,rtl/ppg_400hz_frame_calibration_scheduler/tb_ppg_400hz_frame_calibration_scheduler.v:10;rtl/ppg_400hz_frame_calibration_scheduler/tb_ppg_400hz_frame_calibration_scheduler.v:20;rtl/ppg_400hz_frame_calibration_scheduler/tb_ppg_400hz_frame_calibration_scheduler.v:21;rtl/ppg_400hz_frame_calibration_scheduler/tb_ppg_400hz_frame_calibration_scheduler.v:23;rtl/ppg_400hz_frame_calibration_scheduler/tb_ppg_400hz_frame_calibration_scheduler.v:41;rtl/ppg_400hz_frame_calibration_scheduler/tb_ppg_400hz_frame_calibration_scheduler.v:42;rtl/ppg_400hz_frame_calibration_scheduler/tb_ppg_400hz_frame_calibration_scheduler.v:44;rtl/ppg_400hz_frame_calibration_scheduler/tb_ppg_400hz_frame_calibration_scheduler.v:550;rtl/ppg_400hz_frame_calibration_scheduler/tb_ppg_400hz_frame_calibration_scheduler.v:929,,,"rtl_tag,matrix_or_alias",B,C:\Users\DAWN\.codex\visualizations\2026\10\02\01a0fd78-55cb-7173-9e41-1e0b27c41d49\ppg_review_B\evidence\id_four_link_audit.json,已合并逐项语义审阅；状态与限制须读原行，非验收CLOSED
FSC-34,FSC,contracts/PPG_400HZ_FRAME_CALIBRATION_SCHEDULER_INTERFACE_CONTRACT.md:1166,,rtl/ppg_400hz_frame_calibration_scheduler/tb_ppg_400hz_frame_calibration_scheduler.v:10;rtl/ppg_400hz_frame_calibration_scheduler/tb_ppg_400hz_frame_calibration_scheduler.v:20;rtl/ppg_400hz_frame_calibration_scheduler/tb_ppg_400hz_frame_calibration_scheduler.v:21;rtl/ppg_400hz_frame_calibration_scheduler/tb_ppg_400hz_frame_calibration_scheduler.v:23;rtl/ppg_400hz_frame_calibration_scheduler/tb_ppg_400hz_frame_calibration_scheduler.v:41;rtl/ppg_400hz_frame_calibration_scheduler/tb_ppg_400hz_frame_calibration_scheduler.v:42;rtl/ppg_400hz_frame_calibration_scheduler/tb_ppg_400hz_frame_calibration_scheduler.v:44;rtl/ppg_400hz_frame_calibration_scheduler/tb_ppg_400hz_frame_calibration_scheduler.v:550;rtl/ppg_400hz_frame_calibration_scheduler/tb_ppg_400hz_frame_calibration_scheduler.v:929,,,"rtl_tag,matrix_or_alias",B,C:\Users\DAWN\.codex\visualizations\2026\10\02\01a0fd78-55cb-7173-9e41-1e0b27c41d49\ppg_review_B\evidence\id_four_link_audit.json,已合并逐项语义审阅；状态与限制须读原行，非验收CLOSED
FSC-35,FSC,contracts/PPG_400HZ_FRAME_CALIBRATION_SCHEDULER_INTERFACE_CONTRACT.md:1167,,rtl/ppg_400hz_frame_calibration_scheduler/tb_ppg_400hz_frame_calibration_scheduler.v:10;rtl/ppg_400hz_frame_calibration_scheduler/tb_ppg_400hz_frame_calibration_scheduler.v:20;rtl/ppg_400hz_frame_calibration_scheduler/tb_ppg_400hz_frame_calibration_scheduler.v:21;rtl/ppg_400hz_frame_calibration_scheduler/tb_ppg_400hz_frame_calibration_scheduler.v:23;rtl/ppg_400hz_frame_calibration_scheduler/tb_ppg_400hz_frame_calibration_scheduler.v:41;rtl/ppg_400hz_frame_calibration_scheduler/tb_ppg_400hz_frame_calibration_scheduler.v:42;rtl/ppg_400hz_frame_calibration_scheduler/tb_ppg_400hz_frame_calibration_scheduler.v:44;rtl/ppg_400hz_frame_calibration_scheduler/tb_ppg_400hz_frame_calibration_scheduler.v:550;rtl/ppg_400hz_frame_calibration_scheduler/tb_ppg_400hz_frame_calibration_scheduler.v:929,,,"rtl_tag,matrix_or_alias",B,C:\Users\DAWN\.codex\visualizations\2026\10\02\01a0fd78-55cb-7173-9e41-1e0b27c41d49\ppg_review_B\evidence\id_four_link_audit.json,已合并逐项语义审阅；状态与限制须读原行，非验收CLOSED
FSC-36,FSC,contracts/PPG_400HZ_FRAME_CALIBRATION_SCHEDULER_INTERFACE_CONTRACT.md:1168,,rtl/ppg_400hz_frame_calibration_scheduler/tb_ppg_400hz_frame_calibration_scheduler.v:10;rtl/ppg_400hz_frame_calibration_scheduler/tb_ppg_400hz_frame_calibration_scheduler.v:20;rtl/ppg_400hz_frame_calibration_scheduler/tb_ppg_400hz_frame_calibration_scheduler.v:21;rtl/ppg_400hz_frame_calibration_scheduler/tb_ppg_400hz_frame_calibration_scheduler.v:23;rtl/ppg_400hz_frame_calibration_scheduler/tb_ppg_400hz_frame_calibration_scheduler.v:41;rtl/ppg_400hz_frame_calibration_scheduler/tb_ppg_400hz_frame_calibration_scheduler.v:42;rtl/ppg_400hz_frame_calibration_scheduler/tb_ppg_400hz_frame_calibration_scheduler.v:44;rtl/ppg_400hz_frame_calibration_scheduler/tb_ppg_400hz_frame_calibration_scheduler.v:550;rtl/ppg_400hz_frame_calibration_scheduler/tb_ppg_400hz_frame_calibration_scheduler.v:929,,,"rtl_tag,matrix_or_alias",B,C:\Users\DAWN\.codex\visualizations\2026\10\02\01a0fd78-55cb-7173-9e41-1e0b27c41d49\ppg_review_B\evidence\id_four_link_audit.json,已合并逐项语义审阅；状态与限制须读原行，非验收CLOSED
FSC-37,FSC,contracts/PPG_400HZ_FRAME_CALIBRATION_SCHEDULER_INTERFACE_CONTRACT.md:1169,,rtl/ppg_400hz_frame_calibration_scheduler/tb_ppg_400hz_frame_calibration_scheduler.v:10;rtl/ppg_400hz_frame_calibration_scheduler/tb_ppg_400hz_frame_calibration_scheduler.v:20;rtl/ppg_400hz_frame_calibration_scheduler/tb_ppg_400hz_frame_calibration_scheduler.v:21;rtl/ppg_400hz_frame_calibration_scheduler/tb_ppg_400hz_frame_calibration_scheduler.v:23;rtl/ppg_400hz_frame_calibration_scheduler/tb_ppg_400hz_frame_calibration_scheduler.v:41;rtl/ppg_400hz_frame_calibration_scheduler/tb_ppg_400hz_frame_calibration_scheduler.v:42;rtl/ppg_400hz_frame_calibration_scheduler/tb_ppg_400hz_frame_calibration_scheduler.v:44;rtl/ppg_400hz_frame_calibration_scheduler/tb_ppg_400hz_frame_calibration_scheduler.v:550;rtl/ppg_400hz_frame_calibration_scheduler/tb_ppg_400hz_frame_calibration_scheduler.v:929,,,"rtl_tag,matrix_or_alias",B,C:\Users\DAWN\.codex\visualizations\2026\10\02\01a0fd78-55cb-7173-9e41-1e0b27c41d49\ppg_review_B\evidence\id_four_link_audit.json,已合并逐项语义审阅；状态与限制须读原行，非验收CLOSED
FSC-38,FSC,contracts/PPG_400HZ_FRAME_CALIBRATION_SCHEDULER_INTERFACE_CONTRACT.md:1170,,rtl/ppg_400hz_frame_calibration_scheduler/tb_ppg_400hz_frame_calibration_scheduler.v:10;rtl/ppg_400hz_frame_calibration_scheduler/tb_ppg_400hz_frame_calibration_scheduler.v:20;rtl/ppg_400hz_frame_calibration_scheduler/tb_ppg_400hz_frame_calibration_scheduler.v:21;rtl/ppg_400hz_frame_calibration_scheduler/tb_ppg_400hz_frame_calibration_scheduler.v:23;rtl/ppg_400hz_frame_calibration_scheduler/tb_ppg_400hz_frame_calibration_scheduler.v:41;rtl/ppg_400hz_frame_calibration_scheduler/tb_ppg_400hz_frame_calibration_scheduler.v:42;rtl/ppg_400hz_frame_calibration_scheduler/tb_ppg_400hz_frame_calibration_scheduler.v:44;rtl/ppg_400hz_frame_calibration_scheduler/tb_ppg_400hz_frame_calibration_scheduler.v:550;rtl/ppg_400hz_frame_calibration_scheduler/tb_ppg_400hz_frame_calibration_scheduler.v:929,,,"rtl_tag,matrix_or_alias",B,C:\Users\DAWN\.codex\visualizations\2026\10\02\01a0fd78-55cb-7173-9e41-1e0b27c41d49\ppg_review_B\evidence\id_four_link_audit.json,已合并逐项语义审阅；状态与限制须读原行，非验收CLOSED
FSC-39,FSC,contracts/PPG_400HZ_FRAME_CALIBRATION_SCHEDULER_INTERFACE_CONTRACT.md:1171,,rtl/ppg_400hz_frame_calibration_scheduler/tb_ppg_400hz_frame_calibration_scheduler.v:10;rtl/ppg_400hz_frame_calibration_scheduler/tb_ppg_400hz_frame_calibration_scheduler.v:20;rtl/ppg_400hz_frame_calibration_scheduler/tb_ppg_400hz_frame_calibration_scheduler.v:21;rtl/ppg_400hz_frame_calibration_scheduler/tb_ppg_400hz_frame_calibration_scheduler.v:23;rtl/ppg_400hz_frame_calibration_scheduler/tb_ppg_400hz_frame_calibration_scheduler.v:41;rtl/ppg_400hz_frame_calibration_scheduler/tb_ppg_400hz_frame_calibration_scheduler.v:42;rtl/ppg_400hz_frame_calibration_scheduler/tb_ppg_400hz_frame_calibration_scheduler.v:44;rtl/ppg_400hz_frame_calibration_scheduler/tb_ppg_400hz_frame_calibration_scheduler.v:550;rtl/ppg_400hz_frame_calibration_scheduler/tb_ppg_400hz_frame_calibration_scheduler.v:929,,,"rtl_tag,matrix_or_alias",B,C:\Users\DAWN\.codex\visualizations\2026\10\02\01a0fd78-55cb-7173-9e41-1e0b27c41d49\ppg_review_B\evidence\id_four_link_audit.json,已合并逐项语义审阅；状态与限制须读原行，非验收CLOSED
FSC-40,FSC,contracts/PPG_400HZ_FRAME_CALIBRATION_SCHEDULER_INTERFACE_CONTRACT.md:1172,,rtl/ppg_400hz_frame_calibration_scheduler/tb_ppg_400hz_frame_calibration_scheduler.v:10;rtl/ppg_400hz_frame_calibration_scheduler/tb_ppg_400hz_frame_calibration_scheduler.v:20;rtl/ppg_400hz_frame_calibration_scheduler/tb_ppg_400hz_frame_calibration_scheduler.v:21;rtl/ppg_400hz_frame_calibration_scheduler/tb_ppg_400hz_frame_calibration_scheduler.v:23;rtl/ppg_400hz_frame_calibration_scheduler/tb_ppg_400hz_frame_calibration_scheduler.v:41;rtl/ppg_400hz_frame_calibration_scheduler/tb_ppg_400hz_frame_calibration_scheduler.v:42;rtl/ppg_400hz_frame_calibration_scheduler/tb_ppg_400hz_frame_calibration_scheduler.v:44;rtl/ppg_400hz_frame_calibration_scheduler/tb_ppg_400hz_frame_calibration_scheduler.v:550;rtl/ppg_400hz_frame_calibration_scheduler/tb_ppg_400hz_frame_calibration_scheduler.v:929,,,"rtl_tag,matrix_or_alias",B,C:\Users\DAWN\.codex\visualizations\2026\10\02\01a0fd78-55cb-7173-9e41-1e0b27c41d49\ppg_review_B\evidence\id_four_link_audit.json,已合并逐项语义审阅；状态与限制须读原行，非验收CLOSED
FSC-41,FSC,contracts/PPG_400HZ_FRAME_CALIBRATION_SCHEDULER_INTERFACE_CONTRACT.md:1173,,rtl/ppg_400hz_frame_calibration_scheduler/tb_ppg_400hz_frame_calibration_scheduler.v:10;rtl/ppg_400hz_frame_calibration_scheduler/tb_ppg_400hz_frame_calibration_scheduler.v:20;rtl/ppg_400hz_frame_calibration_scheduler/tb_ppg_400hz_frame_calibration_scheduler.v:21;rtl/ppg_400hz_frame_calibration_scheduler/tb_ppg_400hz_frame_calibration_scheduler.v:23;rtl/ppg_400hz_frame_calibration_scheduler/tb_ppg_400hz_frame_calibration_scheduler.v:41;rtl/ppg_400hz_frame_calibration_scheduler/tb_ppg_400hz_frame_calibration_scheduler.v:42;rtl/ppg_400hz_frame_calibration_scheduler/tb_ppg_400hz_frame_calibration_scheduler.v:44;rtl/ppg_400hz_frame_calibration_scheduler/tb_ppg_400hz_frame_calibration_scheduler.v:550;rtl/ppg_400hz_frame_calibration_scheduler/tb_ppg_400hz_frame_calibration_scheduler.v:929,,,"rtl_tag,matrix_or_alias",B,C:\Users\DAWN\.codex\visualizations\2026\10\02\01a0fd78-55cb-7173-9e41-1e0b27c41d49\ppg_review_B\evidence\id_four_link_audit.json,已合并逐项语义审阅；状态与限制须读原行，非验收CLOSED
FSC-42,FSC,contracts/PPG_400HZ_FRAME_CALIBRATION_SCHEDULER_INTERFACE_CONTRACT.md:1174,,rtl/ppg_400hz_frame_calibration_scheduler/tb_ppg_400hz_frame_calibration_scheduler.v:10;rtl/ppg_400hz_frame_calibration_scheduler/tb_ppg_400hz_frame_calibration_scheduler.v:20;rtl/ppg_400hz_frame_calibration_scheduler/tb_ppg_400hz_frame_calibration_scheduler.v:21;rtl/ppg_400hz_frame_calibration_scheduler/tb_ppg_400hz_frame_calibration_scheduler.v:23;rtl/ppg_400hz_frame_calibration_scheduler/tb_ppg_400hz_frame_calibration_scheduler.v:41;rtl/ppg_400hz_frame_calibration_scheduler/tb_ppg_400hz_frame_calibration_scheduler.v:42;rtl/ppg_400hz_frame_calibration_scheduler/tb_ppg_400hz_frame_calibration_scheduler.v:44;rtl/ppg_400hz_frame_calibration_scheduler/tb_ppg_400hz_frame_calibration_scheduler.v:550;rtl/ppg_400hz_frame_calibration_scheduler/tb_ppg_400hz_frame_calibration_scheduler.v:929,,,"rtl_tag,matrix_or_alias",B,C:\Users\DAWN\.codex\visualizations\2026\10\02\01a0fd78-55cb-7173-9e41-1e0b27c41d49\ppg_review_B\evidence\id_four_link_audit.json,已合并逐项语义审阅；状态与限制须读原行，非验收CLOSED
FSC-43,FSC,contracts/PPG_400HZ_FRAME_CALIBRATION_SCHEDULER_INTERFACE_CONTRACT.md:1175,,rtl/ppg_400hz_frame_calibration_scheduler/tb_ppg_400hz_frame_calibration_scheduler.v:10;rtl/ppg_400hz_frame_calibration_scheduler/tb_ppg_400hz_frame_calibration_scheduler.v:20;rtl/ppg_400hz_frame_calibration_scheduler/tb_ppg_400hz_frame_calibration_scheduler.v:21;rtl/ppg_400hz_frame_calibration_scheduler/tb_ppg_400hz_frame_calibration_scheduler.v:23;rtl/ppg_400hz_frame_calibration_scheduler/tb_ppg_400hz_frame_calibration_scheduler.v:41;rtl/ppg_400hz_frame_calibration_scheduler/tb_ppg_400hz_frame_calibration_scheduler.v:42;rtl/ppg_400hz_frame_calibration_scheduler/tb_ppg_400hz_frame_calibration_scheduler.v:44;rtl/ppg_400hz_frame_calibration_scheduler/tb_ppg_400hz_frame_calibration_scheduler.v:550;rtl/ppg_400hz_frame_calibration_scheduler/tb_ppg_400hz_frame_calibration_scheduler.v:929,,,"rtl_tag,matrix_or_alias",B,C:\Users\DAWN\.codex\visualizations\2026\10\02\01a0fd78-55cb-7173-9e41-1e0b27c41d49\ppg_review_B\evidence\id_four_link_audit.json,已合并逐项语义审阅；状态与限制须读原行，非验收CLOSED
FSC-44,FSC,contracts/PPG_400HZ_FRAME_CALIBRATION_SCHEDULER_INTERFACE_CONTRACT.md:1176,,rtl/ppg_400hz_frame_calibration_scheduler/tb_ppg_400hz_frame_calibration_scheduler.v:10;rtl/ppg_400hz_frame_calibration_scheduler/tb_ppg_400hz_frame_calibration_scheduler.v:20;rtl/ppg_400hz_frame_calibration_scheduler/tb_ppg_400hz_frame_calibration_scheduler.v:21;rtl/ppg_400hz_frame_calibration_scheduler/tb_ppg_400hz_frame_calibration_scheduler.v:23;rtl/ppg_400hz_frame_calibration_scheduler/tb_ppg_400hz_frame_calibration_scheduler.v:41;rtl/ppg_400hz_frame_calibration_scheduler/tb_ppg_400hz_frame_calibration_scheduler.v:42;rtl/ppg_400hz_frame_calibration_scheduler/tb_ppg_400hz_frame_calibration_scheduler.v:44;rtl/ppg_400hz_frame_calibration_scheduler/tb_ppg_400hz_frame_calibration_scheduler.v:550;rtl/ppg_400hz_frame_calibration_scheduler/tb_ppg_400hz_frame_calibration_scheduler.v:929,,,"rtl_tag,matrix_or_alias",B,C:\Users\DAWN\.codex\visualizations\2026\10\02\01a0fd78-55cb-7173-9e41-1e0b27c41d49\ppg_review_B\evidence\id_four_link_audit.json,已合并逐项语义审阅；状态与限制须读原行，非验收CLOSED
FSC-45,FSC,contracts/PPG_400HZ_FRAME_CALIBRATION_SCHEDULER_INTERFACE_CONTRACT.md:1177,,rtl/ppg_400hz_frame_calibration_scheduler/tb_ppg_400hz_frame_calibration_scheduler.v:10;rtl/ppg_400hz_frame_calibration_scheduler/tb_ppg_400hz_frame_calibration_scheduler.v:20;rtl/ppg_400hz_frame_calibration_scheduler/tb_ppg_400hz_frame_calibration_scheduler.v:21;rtl/ppg_400hz_frame_calibration_scheduler/tb_ppg_400hz_frame_calibration_scheduler.v:23;rtl/ppg_400hz_frame_calibration_scheduler/tb_ppg_400hz_frame_calibration_scheduler.v:41;rtl/ppg_400hz_frame_calibration_scheduler/tb_ppg_400hz_frame_calibration_scheduler.v:42;rtl/ppg_400hz_frame_calibration_scheduler/tb_ppg_400hz_frame_calibration_scheduler.v:44;rtl/ppg_400hz_frame_calibration_scheduler/tb_ppg_400hz_frame_calibration_scheduler.v:550;rtl/ppg_400hz_frame_calibration_scheduler/tb_ppg_400hz_frame_calibration_scheduler.v:929,,,"rtl_tag,matrix_or_alias",B,C:\Users\DAWN\.codex\visualizations\2026\10\02\01a0fd78-55cb-7173-9e41-1e0b27c41d49\ppg_review_B\evidence\id_four_link_audit.json,已合并逐项语义审阅；状态与限制须读原行，非验收CLOSED
FSC-46,FSC,contracts/PPG_400HZ_FRAME_CALIBRATION_SCHEDULER_INTERFACE_CONTRACT.md:1178,,rtl/ppg_400hz_frame_calibration_scheduler/tb_ppg_400hz_frame_calibration_scheduler.v:10;rtl/ppg_400hz_frame_calibration_scheduler/tb_ppg_400hz_frame_calibration_scheduler.v:20;rtl/ppg_400hz_frame_calibration_scheduler/tb_ppg_400hz_frame_calibration_scheduler.v:21;rtl/ppg_400hz_frame_calibration_scheduler/tb_ppg_400hz_frame_calibration_scheduler.v:23;rtl/ppg_400hz_frame_calibration_scheduler/tb_ppg_400hz_frame_calibration_scheduler.v:41;rtl/ppg_400hz_frame_calibration_scheduler/tb_ppg_400hz_frame_calibration_scheduler.v:42;rtl/ppg_400hz_frame_calibration_scheduler/tb_ppg_400hz_frame_calibration_scheduler.v:44;rtl/ppg_400hz_frame_calibration_scheduler/tb_ppg_400hz_frame_calibration_scheduler.v:550;rtl/ppg_400hz_frame_calibration_scheduler/tb_ppg_400hz_frame_calibration_scheduler.v:929,,,"rtl_tag,matrix_or_alias",B,C:\Users\DAWN\.codex\visualizations\2026\10\02\01a0fd78-55cb-7173-9e41-1e0b27c41d49\ppg_review_B\evidence\id_four_link_audit.json,已合并逐项语义审阅；状态与限制须读原行，非验收CLOSED
FSC-47,FSC,contracts/PPG_400HZ_FRAME_CALIBRATION_SCHEDULER_INTERFACE_CONTRACT.md:1179,,rtl/ppg_400hz_frame_calibration_scheduler/tb_ppg_400hz_frame_calibration_scheduler.v:10;rtl/ppg_400hz_frame_calibration_scheduler/tb_ppg_400hz_frame_calibration_scheduler.v:20;rtl/ppg_400hz_frame_calibration_scheduler/tb_ppg_400hz_frame_calibration_scheduler.v:21;rtl/ppg_400hz_frame_calibration_scheduler/tb_ppg_400hz_frame_calibration_scheduler.v:23;rtl/ppg_400hz_frame_calibration_scheduler/tb_ppg_400hz_frame_calibration_scheduler.v:41;rtl/ppg_400hz_frame_calibration_scheduler/tb_ppg_400hz_frame_calibration_scheduler.v:42;rtl/ppg_400hz_frame_calibration_scheduler/tb_ppg_400hz_frame_calibration_scheduler.v:44;rtl/ppg_400hz_frame_calibration_scheduler/tb_ppg_400hz_frame_calibration_scheduler.v:550;rtl/ppg_400hz_frame_calibration_scheduler/tb_ppg_400hz_frame_calibration_scheduler.v:929,,,"rtl_tag,matrix_or_alias",B,C:\Users\DAWN\.codex\visualizations\2026\10\02\01a0fd78-55cb-7173-9e41-1e0b27c41d49\ppg_review_B\evidence\id_four_link_audit.json,已合并逐项语义审阅；状态与限制须读原行，非验收CLOSED
FSC-48,FSC,contracts/PPG_400HZ_FRAME_CALIBRATION_SCHEDULER_INTERFACE_CONTRACT.md:1180,,rtl/ppg_400hz_frame_calibration_scheduler/tb_ppg_400hz_frame_calibration_scheduler.v:10;rtl/ppg_400hz_frame_calibration_scheduler/tb_ppg_400hz_frame_calibration_scheduler.v:20;rtl/ppg_400hz_frame_calibration_scheduler/tb_ppg_400hz_frame_calibration_scheduler.v:21;rtl/ppg_400hz_frame_calibration_scheduler/tb_ppg_400hz_frame_calibration_scheduler.v:23;rtl/ppg_400hz_frame_calibration_scheduler/tb_ppg_400hz_frame_calibration_scheduler.v:41;rtl/ppg_400hz_frame_calibration_scheduler/tb_ppg_400hz_frame_calibration_scheduler.v:42;rtl/ppg_400hz_frame_calibration_scheduler/tb_ppg_400hz_frame_calibration_scheduler.v:44;rtl/ppg_400hz_frame_calibration_scheduler/tb_ppg_400hz_frame_calibration_scheduler.v:550;rtl/ppg_400hz_frame_calibration_scheduler/tb_ppg_400hz_frame_calibration_scheduler.v:929,,,"rtl_tag,matrix_or_alias",B,C:\Users\DAWN\.codex\visualizations\2026\10\02\01a0fd78-55cb-7173-9e41-1e0b27c41d49\ppg_review_B\evidence\id_four_link_audit.json,已合并逐项语义审阅；状态与限制须读原行，非验收CLOSED
FSC-49,FSC,contracts/PPG_400HZ_FRAME_CALIBRATION_SCHEDULER_INTERFACE_CONTRACT.md:1181,,rtl/ppg_400hz_frame_calibration_scheduler/tb_ppg_400hz_frame_calibration_scheduler.v:10;rtl/ppg_400hz_frame_calibration_scheduler/tb_ppg_400hz_frame_calibration_scheduler.v:20;rtl/ppg_400hz_frame_calibration_scheduler/tb_ppg_400hz_frame_calibration_scheduler.v:21;rtl/ppg_400hz_frame_calibration_scheduler/tb_ppg_400hz_frame_calibration_scheduler.v:23;rtl/ppg_400hz_frame_calibration_scheduler/tb_ppg_400hz_frame_calibration_scheduler.v:41;rtl/ppg_400hz_frame_calibration_scheduler/tb_ppg_400hz_frame_calibration_scheduler.v:42;rtl/ppg_400hz_frame_calibration_scheduler/tb_ppg_400hz_frame_calibration_scheduler.v:44;rtl/ppg_400hz_frame_calibration_scheduler/tb_ppg_400hz_frame_calibration_scheduler.v:550;rtl/ppg_400hz_frame_calibration_scheduler/tb_ppg_400hz_frame_calibration_scheduler.v:929,,,"rtl_tag,matrix_or_alias",B,C:\Users\DAWN\.codex\visualizations\2026\10\02\01a0fd78-55cb-7173-9e41-1e0b27c41d49\ppg_review_B\evidence\id_four_link_audit.json,已合并逐项语义审阅；状态与限制须读原行，非验收CLOSED
FSC-50,FSC,contracts/PPG_400HZ_FRAME_CALIBRATION_SCHEDULER_INTERFACE_CONTRACT.md:1182,,rtl/ppg_400hz_frame_calibration_scheduler/tb_ppg_400hz_frame_calibration_scheduler.v:10;rtl/ppg_400hz_frame_calibration_scheduler/tb_ppg_400hz_frame_calibration_scheduler.v:20;rtl/ppg_400hz_frame_calibration_scheduler/tb_ppg_400hz_frame_calibration_scheduler.v:21;rtl/ppg_400hz_frame_calibration_scheduler/tb_ppg_400hz_frame_calibration_scheduler.v:23;rtl/ppg_400hz_frame_calibration_scheduler/tb_ppg_400hz_frame_calibration_scheduler.v:41;rtl/ppg_400hz_frame_calibration_scheduler/tb_ppg_400hz_frame_calibration_scheduler.v:42;rtl/ppg_400hz_frame_calibration_scheduler/tb_ppg_400hz_frame_calibration_scheduler.v:44;rtl/ppg_400hz_frame_calibration_scheduler/tb_ppg_400hz_frame_calibration_scheduler.v:550;rtl/ppg_400hz_frame_calibration_scheduler/tb_ppg_400hz_frame_calibration_scheduler.v:929,,,"rtl_tag,matrix_or_alias",B,C:\Users\DAWN\.codex\visualizations\2026\10\02\01a0fd78-55cb-7173-9e41-1e0b27c41d49\ppg_review_B\evidence\id_four_link_audit.json,已合并逐项语义审阅；状态与限制须读原行，非验收CLOSED
FSC-51,FSC,contracts/PPG_400HZ_FRAME_CALIBRATION_SCHEDULER_INTERFACE_CONTRACT.md:1183,,rtl/ppg_400hz_frame_calibration_scheduler/tb_ppg_400hz_frame_calibration_scheduler.v:10;rtl/ppg_400hz_frame_calibration_scheduler/tb_ppg_400hz_frame_calibration_scheduler.v:20;rtl/ppg_400hz_frame_calibration_scheduler/tb_ppg_400hz_frame_calibration_scheduler.v:21;rtl/ppg_400hz_frame_calibration_scheduler/tb_ppg_400hz_frame_calibration_scheduler.v:23;rtl/ppg_400hz_frame_calibration_scheduler/tb_ppg_400hz_frame_calibration_scheduler.v:41;rtl/ppg_400hz_frame_calibration_scheduler/tb_ppg_400hz_frame_calibration_scheduler.v:42;rtl/ppg_400hz_frame_calibration_scheduler/tb_ppg_400hz_frame_calibration_scheduler.v:44;rtl/ppg_400hz_frame_calibration_scheduler/tb_ppg_400hz_frame_calibration_scheduler.v:550;rtl/ppg_400hz_frame_calibration_scheduler/tb_ppg_400hz_frame_calibration_scheduler.v:929,,,"rtl_tag,matrix_or_alias",B,C:\Users\DAWN\.codex\visualizations\2026\10\02\01a0fd78-55cb-7173-9e41-1e0b27c41d49\ppg_review_B\evidence\id_four_link_audit.json,已合并逐项语义审阅；状态与限制须读原行，非验收CLOSED
FSC-52,FSC,contracts/PPG_400HZ_FRAME_CALIBRATION_SCHEDULER_INTERFACE_CONTRACT.md:1184,,rtl/ppg_400hz_frame_calibration_scheduler/tb_ppg_400hz_frame_calibration_scheduler.v:10;rtl/ppg_400hz_frame_calibration_scheduler/tb_ppg_400hz_frame_calibration_scheduler.v:20;rtl/ppg_400hz_frame_calibration_scheduler/tb_ppg_400hz_frame_calibration_scheduler.v:21;rtl/ppg_400hz_frame_calibration_scheduler/tb_ppg_400hz_frame_calibration_scheduler.v:23;rtl/ppg_400hz_frame_calibration_scheduler/tb_ppg_400hz_frame_calibration_scheduler.v:41;rtl/ppg_400hz_frame_calibration_scheduler/tb_ppg_400hz_frame_calibration_scheduler.v:42;rtl/ppg_400hz_frame_calibration_scheduler/tb_ppg_400hz_frame_calibration_scheduler.v:44;rtl/ppg_400hz_frame_calibration_scheduler/tb_ppg_400hz_frame_calibration_scheduler.v:550;rtl/ppg_400hz_frame_calibration_scheduler/tb_ppg_400hz_frame_calibration_scheduler.v:929,,,"rtl_tag,matrix_or_alias",B,C:\Users\DAWN\.codex\visualizations\2026\10\02\01a0fd78-55cb-7173-9e41-1e0b27c41d49\ppg_review_B\evidence\id_four_link_audit.json,已合并逐项语义审阅；状态与限制须读原行，非验收CLOSED
FSC-53,FSC,contracts/PPG_400HZ_FRAME_CALIBRATION_SCHEDULER_INTERFACE_CONTRACT.md:1185,,rtl/ppg_400hz_frame_calibration_scheduler/tb_ppg_400hz_frame_calibration_scheduler.v:10;rtl/ppg_400hz_frame_calibration_scheduler/tb_ppg_400hz_frame_calibration_scheduler.v:20;rtl/ppg_400hz_frame_calibration_scheduler/tb_ppg_400hz_frame_calibration_scheduler.v:21;rtl/ppg_400hz_frame_calibration_scheduler/tb_ppg_400hz_frame_calibration_scheduler.v:23;rtl/ppg_400hz_frame_calibration_scheduler/tb_ppg_400hz_frame_calibration_scheduler.v:41;rtl/ppg_400hz_frame_calibration_scheduler/tb_ppg_400hz_frame_calibration_scheduler.v:42;rtl/ppg_400hz_frame_calibration_scheduler/tb_ppg_400hz_frame_calibration_scheduler.v:44;rtl/ppg_400hz_frame_calibration_scheduler/tb_ppg_400hz_frame_calibration_scheduler.v:550;rtl/ppg_400hz_frame_calibration_scheduler/tb_ppg_400hz_frame_calibration_scheduler.v:929,,,"rtl_tag,matrix_or_alias",B,C:\Users\DAWN\.codex\visualizations\2026\10\02\01a0fd78-55cb-7173-9e41-1e0b27c41d49\ppg_review_B\evidence\id_four_link_audit.json,已合并逐项语义审阅；状态与限制须读原行，非验收CLOSED
FSC-54,FSC,contracts/PPG_400HZ_FRAME_CALIBRATION_SCHEDULER_INTERFACE_CONTRACT.md:1186,,rtl/ppg_400hz_frame_calibration_scheduler/tb_ppg_400hz_frame_calibration_scheduler.v:10;rtl/ppg_400hz_frame_calibration_scheduler/tb_ppg_400hz_frame_calibration_scheduler.v:20;rtl/ppg_400hz_frame_calibration_scheduler/tb_ppg_400hz_frame_calibration_scheduler.v:21;rtl/ppg_400hz_frame_calibration_scheduler/tb_ppg_400hz_frame_calibration_scheduler.v:23;rtl/ppg_400hz_frame_calibration_scheduler/tb_ppg_400hz_frame_calibration_scheduler.v:41;rtl/ppg_400hz_frame_calibration_scheduler/tb_ppg_400hz_frame_calibration_scheduler.v:42;rtl/ppg_400hz_frame_calibration_scheduler/tb_ppg_400hz_frame_calibration_scheduler.v:44;rtl/ppg_400hz_frame_calibration_scheduler/tb_ppg_400hz_frame_calibration_scheduler.v:550;rtl/ppg_400hz_frame_calibration_scheduler/tb_ppg_400hz_frame_calibration_scheduler.v:929,,,"rtl_tag,matrix_or_alias",B,C:\Users\DAWN\.codex\visualizations\2026\10\02\01a0fd78-55cb-7173-9e41-1e0b27c41d49\ppg_review_B\evidence\id_four_link_audit.json,已合并逐项语义审阅；状态与限制须读原行，非验收CLOSED
FSC-55,FSC,contracts/PPG_400HZ_FRAME_CALIBRATION_SCHEDULER_INTERFACE_CONTRACT.md:1187,,rtl/ppg_400hz_frame_calibration_scheduler/tb_ppg_400hz_frame_calibration_scheduler.v:10;rtl/ppg_400hz_frame_calibration_scheduler/tb_ppg_400hz_frame_calibration_scheduler.v:20;rtl/ppg_400hz_frame_calibration_scheduler/tb_ppg_400hz_frame_calibration_scheduler.v:21;rtl/ppg_400hz_frame_calibration_scheduler/tb_ppg_400hz_frame_calibration_scheduler.v:23;rtl/ppg_400hz_frame_calibration_scheduler/tb_ppg_400hz_frame_calibration_scheduler.v:41;rtl/ppg_400hz_frame_calibration_scheduler/tb_ppg_400hz_frame_calibration_scheduler.v:42;rtl/ppg_400hz_frame_calibration_scheduler/tb_ppg_400hz_frame_calibration_scheduler.v:44;rtl/ppg_400hz_frame_calibration_scheduler/tb_ppg_400hz_frame_calibration_scheduler.v:550;rtl/ppg_400hz_frame_calibration_scheduler/tb_ppg_400hz_frame_calibration_scheduler.v:929,,,"rtl_tag,matrix_or_alias",B,C:\Users\DAWN\.codex\visualizations\2026\10\02\01a0fd78-55cb-7173-9e41-1e0b27c41d49\ppg_review_B\evidence\id_four_link_audit.json,已合并逐项语义审阅；状态与限制须读原行，非验收CLOSED
FSC-56,FSC,contracts/PPG_400HZ_FRAME_CALIBRATION_SCHEDULER_INTERFACE_CONTRACT.md:1188,,rtl/ppg_400hz_frame_calibration_scheduler/tb_ppg_400hz_frame_calibration_scheduler.v:10;rtl/ppg_400hz_frame_calibration_scheduler/tb_ppg_400hz_frame_calibration_scheduler.v:20;rtl/ppg_400hz_frame_calibration_scheduler/tb_ppg_400hz_frame_calibration_scheduler.v:21;rtl/ppg_400hz_frame_calibration_scheduler/tb_ppg_400hz_frame_calibration_scheduler.v:23;rtl/ppg_400hz_frame_calibration_scheduler/tb_ppg_400hz_frame_calibration_scheduler.v:41;rtl/ppg_400hz_frame_calibration_scheduler/tb_ppg_400hz_frame_calibration_scheduler.v:42;rtl/ppg_400hz_frame_calibration_scheduler/tb_ppg_400hz_frame_calibration_scheduler.v:44;rtl/ppg_400hz_frame_calibration_scheduler/tb_ppg_400hz_frame_calibration_scheduler.v:550;rtl/ppg_400hz_frame_calibration_scheduler/tb_ppg_400hz_frame_calibration_scheduler.v:929,,,"rtl_tag,matrix_or_alias",B,C:\Users\DAWN\.codex\visualizations\2026\10\02\01a0fd78-55cb-7173-9e41-1e0b27c41d49\ppg_review_B\evidence\id_four_link_audit.json,已合并逐项语义审阅；状态与限制须读原行，非验收CLOSED
FSC-57,FSC,contracts/PPG_400HZ_FRAME_CALIBRATION_SCHEDULER_INTERFACE_CONTRACT.md:1189,,rtl/ppg_400hz_frame_calibration_scheduler/tb_ppg_400hz_frame_calibration_scheduler.v:10;rtl/ppg_400hz_frame_calibration_scheduler/tb_ppg_400hz_frame_calibration_scheduler.v:20;rtl/ppg_400hz_frame_calibration_scheduler/tb_ppg_400hz_frame_calibration_scheduler.v:21;rtl/ppg_400hz_frame_calibration_scheduler/tb_ppg_400hz_frame_calibration_scheduler.v:23;rtl/ppg_400hz_frame_calibration_scheduler/tb_ppg_400hz_frame_calibration_scheduler.v:41;rtl/ppg_400hz_frame_calibration_scheduler/tb_ppg_400hz_frame_calibration_scheduler.v:42;rtl/ppg_400hz_frame_calibration_scheduler/tb_ppg_400hz_frame_calibration_scheduler.v:44;rtl/ppg_400hz_frame_calibration_scheduler/tb_ppg_400hz_frame_calibration_scheduler.v:550;rtl/ppg_400hz_frame_calibration_scheduler/tb_ppg_400hz_frame_calibration_scheduler.v:929,,,"rtl_tag,matrix_or_alias",B,C:\Users\DAWN\.codex\visualizations\2026\10\02\01a0fd78-55cb-7173-9e41-1e0b27c41d49\ppg_review_B\evidence\id_four_link_audit.json,已合并逐项语义审阅；状态与限制须读原行，非验收CLOSED
G-FP-01,G-FP,,rtl/ppg_control_top/ppg_control_top.v:357,,contracts/PPG_ALIAS_MAPPING_TABLE.md:106;contracts/PPG_ALIAS_MAPPING_TABLE.md:107;contracts/PPG_ALIAS_MAPPING_TABLE.md:108,,"contract_definition,tb_text",,,无逐ID独立语义记录；按家族/结构抽查，机械候选不等于活跃验收缺口
G-FP-01-D01-01,G-FP,,,,contracts/PPG_CONTRACT_CLOSURE_MATRIX.md:3594;contracts/PPG_ALIAS_MAPPING_TABLE.md:81,contracts/PPG_ALIAS_MAPPING_TABLE.md:81,"contract_definition,rtl_tag,tb_text",,,无逐ID独立语义记录；按家族/结构抽查，机械候选不等于活跃验收缺口
G-FP-01-D01-02,G-FP,,,,contracts/PPG_CONTRACT_CLOSURE_MATRIX.md:3595;contracts/PPG_ALIAS_MAPPING_TABLE.md:82,contracts/PPG_ALIAS_MAPPING_TABLE.md:82,"contract_definition,rtl_tag,tb_text",,,无逐ID独立语义记录；按家族/结构抽查，机械候选不等于活跃验收缺口
G-FP-01-D01-03,G-FP,,,,contracts/PPG_CONTRACT_CLOSURE_MATRIX.md:3596;contracts/PPG_ALIAS_MAPPING_TABLE.md:83,contracts/PPG_ALIAS_MAPPING_TABLE.md:83,"contract_definition,rtl_tag,tb_text",,,无逐ID独立语义记录；按家族/结构抽查，机械候选不等于活跃验收缺口
G-FP-01-D01-04,G-FP,,rtl/ppg_active_v4_control_plane_integration/ppg_active_v4_control_plane_integration.v:375;rtl/ppg_adc_measurement_idac_integration/ppg_adc_measurement_idac_integration.v:2512;rtl/ppg_dynamic_baseline_cross_detector/ppg_dynamic_baseline_cross_detector.v:480;rtl/ppg_peak_valley_window_detector/ppg_peak_valley_window_detector.v:111;rtl/ppg_precision_window_controller/ppg_precision_window_controller.v:277;rtl/ppg_system_active_config_unpack/ppg_system_active_config_unpack.v:209,,contracts/PPG_CONTRACT_CLOSURE_MATRIX.md:3599;contracts/PPG_ALIAS_MAPPING_TABLE.md:75;contracts/PPG_ALIAS_MAPPING_TABLE.md:76;contracts/PPG_ALIAS_MAPPING_TABLE.md:77;contracts/PPG_ALIAS_MAPPING_TABLE.md:78;contracts/PPG_ALIAS_MAPPING_TABLE.md:79;contracts/PPG_ALIAS_MAPPING_TABLE.md:80,,"contract_definition,tb_text",,,无逐ID独立语义记录；按家族/结构抽查，机械候选不等于活跃验收缺口
G-FP-02,G-FP,,rtl/ppg_precision_window_controller/ppg_precision_window_controller.v:267;rtl/ppg_sar9_sar15_safe_selection_wrapper/ppg_sar9_sar15_safe_selection_wrapper.v:306;rtl/ppg_sar9_sar15_safe_selection_wrapper/ppg_sar9_sar15_safe_selection_wrapper.v:307,,contracts/PPG_ALIAS_MAPPING_TABLE.md:109;contracts/PPG_ALIAS_MAPPING_TABLE.md:110,,"contract_definition,tb_text",,,无逐ID独立语义记录；按家族/结构抽查，机械候选不等于活跃验收缺口
G-FP-02-D01-01,G-FP,,,,contracts/PPG_CONTRACT_CLOSURE_MATRIX.md:3597;contracts/PPG_ALIAS_MAPPING_TABLE.md:84,contracts/PPG_ALIAS_MAPPING_TABLE.md:84,"contract_definition,rtl_tag,tb_text",,,无逐ID独立语义记录；按家族/结构抽查，机械候选不等于活跃验收缺口
G-FP-03,G-FP,,rtl/ppg_precision_window_controller/ppg_precision_window_controller.v:138,,contracts/PPG_ALIAS_MAPPING_TABLE.md:111;contracts/PPG_ALIAS_MAPPING_TABLE.md:112;contracts/PPG_ALIAS_MAPPING_TABLE.md:117,,"contract_definition,tb_text",,,无逐ID独立语义记录；按家族/结构抽查，机械候选不等于活跃验收缺口
G-FP-03-D01-01,G-FP,,,,contracts/PPG_CONTRACT_CLOSURE_MATRIX.md:3598;contracts/PPG_ALIAS_MAPPING_TABLE.md:85,contracts/PPG_ALIAS_MAPPING_TABLE.md:85,"contract_definition,rtl_tag,tb_text",,,无逐ID独立语义记录；按家族/结构抽查，机械候选不等于活跃验收缺口
G-FP-04,G-FP,,,,contracts/PPG_ALIAS_MAPPING_TABLE.md:113,contracts/PPG_ALIAS_MAPPING_TABLE.md:113,"contract_definition,rtl_tag,tb_text",,,无逐ID独立语义记录；按家族/结构抽查，机械候选不等于活跃验收缺口
G-FP-05,G-FP,,rtl/ppg_precision_window_integration/ppg_precision_window_integration.v:71,,contracts/PPG_CONTRACT_CLOSURE_MATRIX.md:3373;contracts/PPG_ALIAS_MAPPING_TABLE.md:114;contracts/PPG_ALIAS_MAPPING_TABLE.md:115,,"contract_definition,tb_text",,,无逐ID独立语义记录；按家族/结构抽查，机械候选不等于活跃验收缺口
G-FP-05-D01-01,G-FP,,,,contracts/PPG_CONTRACT_CLOSURE_MATRIX.md:3602;contracts/PPG_ALIAS_MAPPING_TABLE.md:88,contracts/PPG_ALIAS_MAPPING_TABLE.md:88,"contract_definition,rtl_tag,tb_text",,,无逐ID独立语义记录；按家族/结构抽查，机械候选不等于活跃验收缺口
G-FP-06,G-FP,,rtl/ppg_idac_code_controller/ppg_idac_code_controller.v:581,,contracts/PPG_ALIAS_MAPPING_TABLE.md:116;contracts/PPG_ALIAS_MAPPING_TABLE.md:117,,"contract_definition,tb_text",,,无逐ID独立语义记录；按家族/结构抽查，机械候选不等于活跃验收缺口
G-FP-06-D01-01,G-FP,,,,contracts/PPG_CONTRACT_CLOSURE_MATRIX.md:3600;contracts/PPG_ALIAS_MAPPING_TABLE.md:86,contracts/PPG_ALIAS_MAPPING_TABLE.md:86,"contract_definition,rtl_tag,tb_text",,,无逐ID独立语义记录；按家族/结构抽查，机械候选不等于活跃验收缺口
G-FP-06-D01-02,G-FP,,,,contracts/PPG_CONTRACT_CLOSURE_MATRIX.md:3601;contracts/PPG_ALIAS_MAPPING_TABLE.md:87,contracts/PPG_ALIAS_MAPPING_TABLE.md:87,"contract_definition,rtl_tag,tb_text",,,无逐ID独立语义记录；按家族/结构抽查，机械候选不等于活跃验收缺口
G-FP-07,G-FP,,,,contracts/PPG_ALIAS_MAPPING_TABLE.md:105,contracts/PPG_ALIAS_MAPPING_TABLE.md:105,"contract_definition,rtl_tag,tb_text",,,无逐ID独立语义记录；按家族/结构抽查，机械候选不等于活跃验收缺口
IDC2-01,IDC2,contracts/PPG_IDAC_CODE_CONTROLLER_V2_INTERFACE_CONTRACT.md:654,,,,,"rtl_tag,tb_text,matrix_or_alias",C,C:\Users\DAWN\.codex\visualizations\2026\10\02\01a0fd78-b9b8-78f2-8e39-c02cd0049c19\ppg_review_C\evidence\id_review_matrix.csv,已合并逐项语义审阅；状态与限制须读原行，非验收CLOSED
IDC2-02,IDC2,contracts/PPG_IDAC_CODE_CONTROLLER_V2_INTERFACE_CONTRACT.md:655,,,,,"rtl_tag,tb_text,matrix_or_alias",C,C:\Users\DAWN\.codex\visualizations\2026\10\02\01a0fd78-b9b8-78f2-8e39-c02cd0049c19\ppg_review_C\evidence\id_review_matrix.csv,已合并逐项语义审阅；状态与限制须读原行，非验收CLOSED
IDC2-03,IDC2,contracts/PPG_IDAC_CODE_CONTROLLER_V2_INTERFACE_CONTRACT.md:656,,,,,"rtl_tag,tb_text,matrix_or_alias",C,C:\Users\DAWN\.codex\visualizations\2026\10\02\01a0fd78-b9b8-78f2-8e39-c02cd0049c19\ppg_review_C\evidence\id_review_matrix.csv,已合并逐项语义审阅；状态与限制须读原行，非验收CLOSED
IDC2-04,IDC2,contracts/PPG_IDAC_CODE_CONTROLLER_V2_INTERFACE_CONTRACT.md:657,,,,,"rtl_tag,tb_text,matrix_or_alias",C,C:\Users\DAWN\.codex\visualizations\2026\10\02\01a0fd78-b9b8-78f2-8e39-c02cd0049c19\ppg_review_C\evidence\id_review_matrix.csv,已合并逐项语义审阅；状态与限制须读原行，非验收CLOSED
IDC2-05,IDC2,contracts/PPG_IDAC_CODE_CONTROLLER_V2_INTERFACE_CONTRACT.md:658,,,,,"rtl_tag,tb_text,matrix_or_alias",C,C:\Users\DAWN\.codex\visualizations\2026\10\02\01a0fd78-b9b8-78f2-8e39-c02cd0049c19\ppg_review_C\evidence\id_review_matrix.csv,已合并逐项语义审阅；状态与限制须读原行，非验收CLOSED
IDC2-06,IDC2,contracts/PPG_IDAC_CODE_CONTROLLER_V2_INTERFACE_CONTRACT.md:659,,,,,"rtl_tag,tb_text,matrix_or_alias",C,C:\Users\DAWN\.codex\visualizations\2026\10\02\01a0fd78-b9b8-78f2-8e39-c02cd0049c19\ppg_review_C\evidence\id_review_matrix.csv,已合并逐项语义审阅；状态与限制须读原行，非验收CLOSED
IDC2-07,IDC2,contracts/PPG_IDAC_CODE_CONTROLLER_V2_INTERFACE_CONTRACT.md:660,,,,,"rtl_tag,tb_text,matrix_or_alias",C,C:\Users\DAWN\.codex\visualizations\2026\10\02\01a0fd78-b9b8-78f2-8e39-c02cd0049c19\ppg_review_C\evidence\id_review_matrix.csv,已合并逐项语义审阅；状态与限制须读原行，非验收CLOSED
IDC2-08,IDC2,contracts/PPG_IDAC_CODE_CONTROLLER_V2_INTERFACE_CONTRACT.md:661,,,,,"rtl_tag,tb_text,matrix_or_alias",C,C:\Users\DAWN\.codex\visualizations\2026\10\02\01a0fd78-b9b8-78f2-8e39-c02cd0049c19\ppg_review_C\evidence\id_review_matrix.csv,已合并逐项语义审阅；状态与限制须读原行，非验收CLOSED
IDC2-09,IDC2,contracts/PPG_IDAC_CODE_CONTROLLER_V2_INTERFACE_CONTRACT.md:662,,,,,"rtl_tag,tb_text,matrix_or_alias",C,C:\Users\DAWN\.codex\visualizations\2026\10\02\01a0fd78-b9b8-78f2-8e39-c02cd0049c19\ppg_review_C\evidence\id_review_matrix.csv,已合并逐项语义审阅；状态与限制须读原行，非验收CLOSED
IDC2-10,IDC2,contracts/PPG_IDAC_CODE_CONTROLLER_V2_INTERFACE_CONTRACT.md:663,,,,,"rtl_tag,tb_text,matrix_or_alias",C,C:\Users\DAWN\.codex\visualizations\2026\10\02\01a0fd78-b9b8-78f2-8e39-c02cd0049c19\ppg_review_C\evidence\id_review_matrix.csv,已合并逐项语义审阅；状态与限制须读原行，非验收CLOSED
IDC2-11,IDC2,contracts/PPG_IDAC_CODE_CONTROLLER_V2_INTERFACE_CONTRACT.md:664,,,,,"rtl_tag,tb_text,matrix_or_alias",C,C:\Users\DAWN\.codex\visualizations\2026\10\02\01a0fd78-b9b8-78f2-8e39-c02cd0049c19\ppg_review_C\evidence\id_review_matrix.csv,已合并逐项语义审阅；状态与限制须读原行，非验收CLOSED
IDC2-12,IDC2,contracts/PPG_IDAC_CODE_CONTROLLER_V2_INTERFACE_CONTRACT.md:665,,,,,"rtl_tag,tb_text,matrix_or_alias",C,C:\Users\DAWN\.codex\visualizations\2026\10\02\01a0fd78-b9b8-78f2-8e39-c02cd0049c19\ppg_review_C\evidence\id_review_matrix.csv,已合并逐项语义审阅；状态与限制须读原行，非验收CLOSED
IDC2-13,IDC2,contracts/PPG_IDAC_CODE_CONTROLLER_V2_INTERFACE_CONTRACT.md:666,,,,,"rtl_tag,tb_text,matrix_or_alias",C,C:\Users\DAWN\.codex\visualizations\2026\10\02\01a0fd78-b9b8-78f2-8e39-c02cd0049c19\ppg_review_C\evidence\id_review_matrix.csv,已合并逐项语义审阅；状态与限制须读原行，非验收CLOSED
IDC2-14,IDC2,contracts/PPG_IDAC_CODE_CONTROLLER_V2_INTERFACE_CONTRACT.md:667,,,,,"rtl_tag,tb_text,matrix_or_alias",C,C:\Users\DAWN\.codex\visualizations\2026\10\02\01a0fd78-b9b8-78f2-8e39-c02cd0049c19\ppg_review_C\evidence\id_review_matrix.csv,已合并逐项语义审阅；状态与限制须读原行，非验收CLOSED
IDC2-15,IDC2,contracts/PPG_IDAC_CODE_CONTROLLER_V2_INTERFACE_CONTRACT.md:668,,,,,"rtl_tag,tb_text,matrix_or_alias",C,C:\Users\DAWN\.codex\visualizations\2026\10\02\01a0fd78-b9b8-78f2-8e39-c02cd0049c19\ppg_review_C\evidence\id_review_matrix.csv,已合并逐项语义审阅；状态与限制须读原行，非验收CLOSED
IDC2-16,IDC2,contracts/PPG_IDAC_CODE_CONTROLLER_V2_INTERFACE_CONTRACT.md:669,,,,,"rtl_tag,tb_text,matrix_or_alias",C,C:\Users\DAWN\.codex\visualizations\2026\10\02\01a0fd78-b9b8-78f2-8e39-c02cd0049c19\ppg_review_C\evidence\id_review_matrix.csv,已合并逐项语义审阅；状态与限制须读原行，非验收CLOSED
IDC2-17,IDC2,contracts/PPG_IDAC_CODE_CONTROLLER_V2_INTERFACE_CONTRACT.md:670,,,,,"rtl_tag,tb_text,matrix_or_alias",C,C:\Users\DAWN\.codex\visualizations\2026\10\02\01a0fd78-b9b8-78f2-8e39-c02cd0049c19\ppg_review_C\evidence\id_review_matrix.csv,已合并逐项语义审阅；状态与限制须读原行，非验收CLOSED
IDC2-18,IDC2,contracts/PPG_IDAC_CODE_CONTROLLER_V2_INTERFACE_CONTRACT.md:671,,,,,"rtl_tag,tb_text,matrix_or_alias",C,C:\Users\DAWN\.codex\visualizations\2026\10\02\01a0fd78-b9b8-78f2-8e39-c02cd0049c19\ppg_review_C\evidence\id_review_matrix.csv,已合并逐项语义审阅；状态与限制须读原行，非验收CLOSED
IDC2-19,IDC2,contracts/PPG_IDAC_CODE_CONTROLLER_V2_INTERFACE_CONTRACT.md:672,,,,,"rtl_tag,tb_text,matrix_or_alias",C,C:\Users\DAWN\.codex\visualizations\2026\10\02\01a0fd78-b9b8-78f2-8e39-c02cd0049c19\ppg_review_C\evidence\id_review_matrix.csv,已合并逐项语义审阅；状态与限制须读原行，非验收CLOSED
IDC2-20,IDC2,contracts/PPG_IDAC_CODE_CONTROLLER_V2_INTERFACE_CONTRACT.md:673,,,,,"rtl_tag,tb_text,matrix_or_alias",C,C:\Users\DAWN\.codex\visualizations\2026\10\02\01a0fd78-b9b8-78f2-8e39-c02cd0049c19\ppg_review_C\evidence\id_review_matrix.csv,已合并逐项语义审阅；状态与限制须读原行，非验收CLOSED
IDC2-21,IDC2,contracts/PPG_IDAC_CODE_CONTROLLER_V2_INTERFACE_CONTRACT.md:674,,,,,"rtl_tag,tb_text,matrix_or_alias",C,C:\Users\DAWN\.codex\visualizations\2026\10\02\01a0fd78-b9b8-78f2-8e39-c02cd0049c19\ppg_review_C\evidence\id_review_matrix.csv,已合并逐项语义审阅；状态与限制须读原行，非验收CLOSED
IDC2-22,IDC2,contracts/PPG_IDAC_CODE_CONTROLLER_V2_INTERFACE_CONTRACT.md:675,,,,,"rtl_tag,tb_text,matrix_or_alias",C,C:\Users\DAWN\.codex\visualizations\2026\10\02\01a0fd78-b9b8-78f2-8e39-c02cd0049c19\ppg_review_C\evidence\id_review_matrix.csv,已合并逐项语义审阅；状态与限制须读原行，非验收CLOSED
IDC2-23,IDC2,contracts/PPG_IDAC_CODE_CONTROLLER_V2_INTERFACE_CONTRACT.md:676,,rtl/ppg_control_top/tb_ppg_control_top_periodic_recheck_recovery.v:28;rtl/ppg_control_top/tb_ppg_control_top_periodic_recheck_recovery.v:54,,,"rtl_tag,matrix_or_alias",C,C:\Users\DAWN\.codex\visualizations\2026\10\02\01a0fd78-b9b8-78f2-8e39-c02cd0049c19\ppg_review_C\evidence\id_review_matrix.csv,已合并逐项语义审阅；状态与限制须读原行，非验收CLOSED
IDC2-24,IDC2,contracts/PPG_IDAC_CODE_CONTROLLER_V2_INTERFACE_CONTRACT.md:677,,,,,"rtl_tag,tb_text,matrix_or_alias",C,C:\Users\DAWN\.codex\visualizations\2026\10\02\01a0fd78-b9b8-78f2-8e39-c02cd0049c19\ppg_review_C\evidence\id_review_matrix.csv,已合并逐项语义审阅；状态与限制须读原行，非验收CLOSED
IDT-01,IDT,contracts/PPG_NORMAL_FORK_IDAC_TRACKING_AMB_RECHECK_INTERFACE_CONTRACT.md:631,,rtl/ppg_idac_code_controller/tb_ppg_idac_code_controller.v:48;rtl/ppg_idac_code_controller/tb_ppg_idac_code_controller.v:481;rtl/ppg_idac_code_controller/tb_ppg_idac_code_controller.v:570;rtl/ppg_idac_code_controller/tb_ppg_idac_code_controller.v:577,,,"rtl_tag,matrix_or_alias",B,C:\Users\DAWN\.codex\visualizations\2026\10\02\01a0fd78-55cb-7173-9e41-1e0b27c41d49\ppg_review_B\evidence\id_four_link_audit.json,已合并逐项语义审阅；状态与限制须读原行，非验收CLOSED
IDT-02,IDT,contracts/PPG_NORMAL_FORK_IDAC_TRACKING_AMB_RECHECK_INTERFACE_CONTRACT.md:632,,rtl/ppg_idac_code_controller/tb_ppg_idac_code_controller.v:48;rtl/ppg_idac_code_controller/tb_ppg_idac_code_controller.v:481;rtl/ppg_idac_code_controller/tb_ppg_idac_code_controller.v:579;rtl/ppg_idac_code_controller/tb_ppg_idac_code_controller.v:585,,,"rtl_tag,matrix_or_alias",B,C:\Users\DAWN\.codex\visualizations\2026\10\02\01a0fd78-55cb-7173-9e41-1e0b27c41d49\ppg_review_B\evidence\id_four_link_audit.json,已合并逐项语义审阅；状态与限制须读原行，非验收CLOSED
IDT-03,IDT,contracts/PPG_NORMAL_FORK_IDAC_TRACKING_AMB_RECHECK_INTERFACE_CONTRACT.md:633,,rtl/ppg_idac_code_controller/tb_ppg_idac_code_controller.v:48;rtl/ppg_idac_code_controller/tb_ppg_idac_code_controller.v:481;rtl/ppg_idac_code_controller/tb_ppg_idac_code_controller.v:587;rtl/ppg_idac_code_controller/tb_ppg_idac_code_controller.v:591,,,"rtl_tag,matrix_or_alias",B,C:\Users\DAWN\.codex\visualizations\2026\10\02\01a0fd78-55cb-7173-9e41-1e0b27c41d49\ppg_review_B\evidence\id_four_link_audit.json,已合并逐项语义审阅；状态与限制须读原行，非验收CLOSED
IDT-04,IDT,contracts/PPG_NORMAL_FORK_IDAC_TRACKING_AMB_RECHECK_INTERFACE_CONTRACT.md:634,,rtl/ppg_idac_code_controller/tb_ppg_idac_code_controller.v:48;rtl/ppg_idac_code_controller/tb_ppg_idac_code_controller.v:481;rtl/ppg_idac_code_controller/tb_ppg_idac_code_controller.v:594;rtl/ppg_idac_code_controller/tb_ppg_idac_code_controller.v:599;rtl/ppg_idac_code_controller/tb_ppg_idac_code_controller.v:602,,,"rtl_tag,matrix_or_alias",B,C:\Users\DAWN\.codex\visualizations\2026\10\02\01a0fd78-55cb-7173-9e41-1e0b27c41d49\ppg_review_B\evidence\id_four_link_audit.json,已合并逐项语义审阅；状态与限制须读原行，非验收CLOSED
IDT-05,IDT,contracts/PPG_NORMAL_FORK_IDAC_TRACKING_AMB_RECHECK_INTERFACE_CONTRACT.md:635,,rtl/ppg_idac_code_controller/tb_ppg_idac_code_controller.v:48;rtl/ppg_idac_code_controller/tb_ppg_idac_code_controller.v:481;rtl/ppg_idac_code_controller/tb_ppg_idac_code_controller.v:605;rtl/ppg_idac_code_controller/tb_ppg_idac_code_controller.v:612;rtl/ppg_idac_code_controller/tb_ppg_idac_code_controller.v:615,,,"rtl_tag,matrix_or_alias",B,C:\Users\DAWN\.codex\visualizations\2026\10\02\01a0fd78-55cb-7173-9e41-1e0b27c41d49\ppg_review_B\evidence\id_four_link_audit.json,已合并逐项语义审阅；状态与限制须读原行，非验收CLOSED
IDT-06,IDT,contracts/PPG_NORMAL_FORK_IDAC_TRACKING_AMB_RECHECK_INTERFACE_CONTRACT.md:636,,rtl/ppg_idac_code_controller/tb_ppg_idac_code_controller.v:48;rtl/ppg_idac_code_controller/tb_ppg_idac_code_controller.v:481;rtl/ppg_idac_code_controller/tb_ppg_idac_code_controller.v:618;rtl/ppg_idac_code_controller/tb_ppg_idac_code_controller.v:625;rtl/ppg_idac_code_controller/tb_ppg_idac_code_controller.v:629,,,"rtl_tag,matrix_or_alias",B,C:\Users\DAWN\.codex\visualizations\2026\10\02\01a0fd78-55cb-7173-9e41-1e0b27c41d49\ppg_review_B\evidence\id_four_link_audit.json,已合并逐项语义审阅；状态与限制须读原行，非验收CLOSED
IDT-07,IDT,contracts/PPG_NORMAL_FORK_IDAC_TRACKING_AMB_RECHECK_INTERFACE_CONTRACT.md:637,,rtl/ppg_idac_code_controller/tb_ppg_idac_code_controller.v:48;rtl/ppg_idac_code_controller/tb_ppg_idac_code_controller.v:481;rtl/ppg_idac_code_controller/tb_ppg_idac_code_controller.v:632;rtl/ppg_idac_code_controller/tb_ppg_idac_code_controller.v:637,,,"rtl_tag,matrix_or_alias",B,C:\Users\DAWN\.codex\visualizations\2026\10\02\01a0fd78-55cb-7173-9e41-1e0b27c41d49\ppg_review_B\evidence\id_four_link_audit.json,已合并逐项语义审阅；状态与限制须读原行，非验收CLOSED
IDT-08,IDT,contracts/PPG_NORMAL_FORK_IDAC_TRACKING_AMB_RECHECK_INTERFACE_CONTRACT.md:638,,rtl/ppg_idac_code_controller/tb_ppg_idac_code_controller.v:48;rtl/ppg_idac_code_controller/tb_ppg_idac_code_controller.v:481;rtl/ppg_idac_code_controller/tb_ppg_idac_code_controller.v:640;rtl/ppg_idac_code_controller/tb_ppg_idac_code_controller.v:645,,,"rtl_tag,matrix_or_alias",B,C:\Users\DAWN\.codex\visualizations\2026\10\02\01a0fd78-55cb-7173-9e41-1e0b27c41d49\ppg_review_B\evidence\id_four_link_audit.json,已合并逐项语义审阅；状态与限制须读原行，非验收CLOSED
IDT-09,IDT,contracts/PPG_NORMAL_FORK_IDAC_TRACKING_AMB_RECHECK_INTERFACE_CONTRACT.md:639,,rtl/ppg_idac_code_controller/tb_ppg_idac_code_controller.v:48;rtl/ppg_idac_code_controller/tb_ppg_idac_code_controller.v:481;rtl/ppg_idac_code_controller/tb_ppg_idac_code_controller.v:647;rtl/ppg_idac_code_controller/tb_ppg_idac_code_controller.v:652,,,"rtl_tag,matrix_or_alias",B,C:\Users\DAWN\.codex\visualizations\2026\10\02\01a0fd78-55cb-7173-9e41-1e0b27c41d49\ppg_review_B\evidence\id_four_link_audit.json,已合并逐项语义审阅；状态与限制须读原行，非验收CLOSED
IDT-10,IDT,contracts/PPG_NORMAL_FORK_IDAC_TRACKING_AMB_RECHECK_INTERFACE_CONTRACT.md:640,,rtl/ppg_idac_code_controller/tb_ppg_idac_code_controller.v:48;rtl/ppg_idac_code_controller/tb_ppg_idac_code_controller.v:481;rtl/ppg_idac_code_controller/tb_ppg_idac_code_controller.v:655;rtl/ppg_idac_code_controller/tb_ppg_idac_code_controller.v:660;rtl/ppg_idac_code_controller/tb_ppg_idac_code_controller.v:666,,,"rtl_tag,matrix_or_alias",B,C:\Users\DAWN\.codex\visualizations\2026\10\02\01a0fd78-55cb-7173-9e41-1e0b27c41d49\ppg_review_B\evidence\id_four_link_audit.json,已合并逐项语义审阅；状态与限制须读原行，非验收CLOSED
IDT-11,IDT,contracts/PPG_NORMAL_FORK_IDAC_TRACKING_AMB_RECHECK_INTERFACE_CONTRACT.md:641,,rtl/ppg_idac_code_controller/tb_ppg_idac_code_controller.v:48;rtl/ppg_idac_code_controller/tb_ppg_idac_code_controller.v:481;rtl/ppg_idac_code_controller/tb_ppg_idac_code_controller.v:669;rtl/ppg_idac_code_controller/tb_ppg_idac_code_controller.v:674;rtl/ppg_idac_code_controller/tb_ppg_idac_code_controller.v:682,,,"rtl_tag,matrix_or_alias",B,C:\Users\DAWN\.codex\visualizations\2026\10\02\01a0fd78-55cb-7173-9e41-1e0b27c41d49\ppg_review_B\evidence\id_four_link_audit.json,已合并逐项语义审阅；状态与限制须读原行，非验收CLOSED
IDT-12,IDT,contracts/PPG_NORMAL_FORK_IDAC_TRACKING_AMB_RECHECK_INTERFACE_CONTRACT.md:642,,rtl/ppg_idac_code_controller/tb_ppg_idac_code_controller.v:48;rtl/ppg_idac_code_controller/tb_ppg_idac_code_controller.v:481;rtl/ppg_idac_code_controller/tb_ppg_idac_code_controller.v:669;rtl/ppg_idac_code_controller/tb_ppg_idac_code_controller.v:687;rtl/ppg_idac_code_controller/tb_ppg_idac_code_controller.v:690,,,"rtl_tag,matrix_or_alias",B,C:\Users\DAWN\.codex\visualizations\2026\10\02\01a0fd78-55cb-7173-9e41-1e0b27c41d49\ppg_review_B\evidence\id_four_link_audit.json,已合并逐项语义审阅；状态与限制须读原行，非验收CLOSED
IDT-13,IDT,contracts/PPG_NORMAL_FORK_IDAC_TRACKING_AMB_RECHECK_INTERFACE_CONTRACT.md:643,,rtl/ppg_idac_code_controller/tb_ppg_idac_code_controller.v:48;rtl/ppg_idac_code_controller/tb_ppg_idac_code_controller.v:481;rtl/ppg_idac_code_controller/tb_ppg_idac_code_controller.v:692;rtl/ppg_idac_code_controller/tb_ppg_idac_code_controller.v:700;rtl/ppg_idac_code_controller/tb_ppg_idac_code_controller.v:706,,,"rtl_tag,matrix_or_alias",B,C:\Users\DAWN\.codex\visualizations\2026\10\02\01a0fd78-55cb-7173-9e41-1e0b27c41d49\ppg_review_B\evidence\id_four_link_audit.json,已合并逐项语义审阅；状态与限制须读原行，非验收CLOSED
IDT-14,IDT,contracts/PPG_NORMAL_FORK_IDAC_TRACKING_AMB_RECHECK_INTERFACE_CONTRACT.md:644,,rtl/ppg_idac_code_controller/tb_ppg_idac_code_controller.v:48;rtl/ppg_idac_code_controller/tb_ppg_idac_code_controller.v:481;rtl/ppg_idac_code_controller/tb_ppg_idac_code_controller.v:708;rtl/ppg_idac_code_controller/tb_ppg_idac_code_controller.v:714,,,"rtl_tag,matrix_or_alias",B,C:\Users\DAWN\.codex\visualizations\2026\10\02\01a0fd78-55cb-7173-9e41-1e0b27c41d49\ppg_review_B\evidence\id_four_link_audit.json,已合并逐项语义审阅；状态与限制须读原行，非验收CLOSED
IDT-15,IDT,contracts/PPG_NORMAL_FORK_IDAC_TRACKING_AMB_RECHECK_INTERFACE_CONTRACT.md:645,,rtl/ppg_idac_code_controller/tb_ppg_idac_code_controller.v:48;rtl/ppg_idac_code_controller/tb_ppg_idac_code_controller.v:481;rtl/ppg_idac_code_controller/tb_ppg_idac_code_controller.v:716;rtl/ppg_idac_code_controller/tb_ppg_idac_code_controller.v:722;rtl/ppg_idac_code_controller/tb_ppg_idac_code_controller.v:732;rtl/ppg_idac_code_controller/tb_ppg_idac_code_controller.v:744;rtl/ppg_idac_code_controller/tb_ppg_idac_code_controller.v:750,,,"rtl_tag,matrix_or_alias",B,C:\Users\DAWN\.codex\visualizations\2026\10\02\01a0fd78-55cb-7173-9e41-1e0b27c41d49\ppg_review_B\evidence\id_four_link_audit.json,已合并逐项语义审阅；状态与限制须读原行，非验收CLOSED
ILM-01,ILM,contracts/PPG_REAL_PPG_RAW_GENERATOR_TESTBENCH_CONTRACT.md:629,rtl/ppg_sar9_sar15_safe_selection_wrapper/ppg_sar9_sar15_safe_selection_wrapper.v:381,rtl/ppg_control_top/tb_ppg_control_top_input_light_static_matrix.v:25;rtl/ppg_control_top/tb_ppg_control_top_input_light_static_matrix.v:27;rtl/ppg_control_top/tb_ppg_control_top_input_light_static_matrix.v:95;rtl/ppg_control_top/tb_ppg_control_top_input_light_static_matrix.v:126;rtl/ppg_control_top/tb_ppg_control_top_input_light_static_matrix.v:159;rtl/ppg_control_top/tb_ppg_control_top_input_light_static_matrix.v:210;rtl/ppg_control_top/tb_ppg_control_top_input_light_static_matrix.v:211;rtl/ppg_control_top/tb_ppg_control_top_input_light_static_matrix.v:263;rtl/ppg_control_top/tb_ppg_control_top_input_light_static_matrix.v:286;rtl/ppg_control_top/tb_ppg_control_top_input_light_static_matrix.v:308;rtl/ppg_control_top/tb_ppg_control_top_input_light_static_matrix.v:333;rtl/ppg_control_top/tb_ppg_control_top_input_light_static_matrix.v:765;rtl/ppg_control_top/tb_ppg_control_top_input_light_static_matrix.v:1394;rtl/ppg_control_top/tb_ppg_control_top_input_light_static_matrix.v:1399;rtl/ppg_control_top/tb_ppg_control_top_input_light_static_matrix.v:1410;rtl/ppg_control_top/tb_ppg_control_top_input_light_static_matrix.v:1416;rtl/ppg_control_top/tb_ppg_control_top_input_light_static_matrix.v:1424;rtl/ppg_control_top/tb_ppg_control_top_input_light_static_matrix.v:1428;rtl/ppg_control_top/tb_ppg_control_top_input_light_static_matrix.v:1431;rtl/ppg_control_top/tb_ppg_control_top_input_light_static_matrix.v:1645,contracts/PPG_ALIAS_MAPPING_TABLE.md:235,,,"C,D",C:\Users\DAWN\.codex\visualizations\2026\10\02\01a0fd78-b9b8-78f2-8e39-c02cd0049c19\ppg_review_C\evidence\id_review_matrix.csv;C:\Users\DAWN\.codex\visualizations\2026\10\02\01a0fd78-edf3-7221-9fc4-3dd2391369a9\ppg_review_D\evidence\id_local_D.json,已合并逐项语义审阅；状态与限制须读原行，非验收CLOSED
ILM-02,ILM,contracts/PPG_REAL_PPG_RAW_GENERATOR_TESTBENCH_CONTRACT.md:630,rtl/ppg_400hz_frame_calibration_scheduler/ppg_400hz_frame_calibration_scheduler.v:436;rtl/ppg_idac_code_controller/ppg_idac_code_controller.v:703,rtl/ppg_control_top/tb_ppg_control_top_input_light_static_matrix.v:25;rtl/ppg_control_top/tb_ppg_control_top_input_light_static_matrix.v:27;rtl/ppg_control_top/tb_ppg_control_top_input_light_static_matrix.v:96;rtl/ppg_control_top/tb_ppg_control_top_input_light_static_matrix.v:136;rtl/ppg_control_top/tb_ppg_control_top_input_light_static_matrix.v:210;rtl/ppg_control_top/tb_ppg_control_top_input_light_static_matrix.v:211;rtl/ppg_control_top/tb_ppg_control_top_input_light_static_matrix.v:264;rtl/ppg_control_top/tb_ppg_control_top_input_light_static_matrix.v:293;rtl/ppg_control_top/tb_ppg_control_top_input_light_static_matrix.v:334;rtl/ppg_control_top/tb_ppg_control_top_input_light_static_matrix.v:1438;rtl/ppg_control_top/tb_ppg_control_top_input_light_static_matrix.v:1443;rtl/ppg_control_top/tb_ppg_control_top_input_light_static_matrix.v:1459;rtl/ppg_control_top/tb_ppg_control_top_input_light_static_matrix.v:1467;rtl/ppg_control_top/tb_ppg_control_top_input_light_static_matrix.v:1470;rtl/ppg_control_top/tb_ppg_control_top_input_light_static_matrix.v:1474;rtl/ppg_control_top/tb_ppg_control_top_input_light_static_matrix.v:1479,contracts/PPG_ALIAS_MAPPING_TABLE.md:236,,,"C,D",C:\Users\DAWN\.codex\visualizations\2026\10\02\01a0fd78-b9b8-78f2-8e39-c02cd0049c19\ppg_review_C\evidence\id_review_matrix.csv;C:\Users\DAWN\.codex\visualizations\2026\10\02\01a0fd78-edf3-7221-9fc4-3dd2391369a9\ppg_review_D\evidence\id_local_D.json,已合并逐项语义审阅；状态与限制须读原行，非验收CLOSED
ILM-03,ILM,contracts/PPG_REAL_PPG_RAW_GENERATOR_TESTBENCH_CONTRACT.md:631,rtl/ppg_400hz_frame_calibration_scheduler/ppg_400hz_frame_calibration_scheduler.v:436;rtl/ppg_400hz_frame_calibration_scheduler/ppg_400hz_frame_calibration_scheduler.v:756;rtl/ppg_idac_code_controller/ppg_idac_code_controller.v:703,rtl/ppg_control_top/tb_ppg_control_top_input_light_static_matrix.v:25;rtl/ppg_control_top/tb_ppg_control_top_input_light_static_matrix.v:27;rtl/ppg_control_top/tb_ppg_control_top_input_light_static_matrix.v:97;rtl/ppg_control_top/tb_ppg_control_top_input_light_static_matrix.v:210;rtl/ppg_control_top/tb_ppg_control_top_input_light_static_matrix.v:211;rtl/ppg_control_top/tb_ppg_control_top_input_light_static_matrix.v:264;rtl/ppg_control_top/tb_ppg_control_top_input_light_static_matrix.v:1485;rtl/ppg_control_top/tb_ppg_control_top_input_light_static_matrix.v:1490;rtl/ppg_control_top/tb_ppg_control_top_input_light_static_matrix.v:1507;rtl/ppg_control_top/tb_ppg_control_top_input_light_static_matrix.v:1524;rtl/ppg_control_top/tb_ppg_control_top_input_light_static_matrix.v:1527;rtl/ppg_control_top/tb_ppg_control_top_input_light_static_matrix.v:1530;rtl/ppg_control_top/tb_ppg_control_top_input_light_static_matrix.v:1533,contracts/PPG_ALIAS_MAPPING_TABLE.md:237,,,"C,D",C:\Users\DAWN\.codex\visualizations\2026\10\02\01a0fd78-b9b8-78f2-8e39-c02cd0049c19\ppg_review_C\evidence\id_review_matrix.csv;C:\Users\DAWN\.codex\visualizations\2026\10\02\01a0fd78-edf3-7221-9fc4-3dd2391369a9\ppg_review_D\evidence\id_local_D.json,已合并逐项语义审阅；状态与限制须读原行，非验收CLOSED
ILM-04,ILM,contracts/PPG_REAL_PPG_RAW_GENERATOR_TESTBENCH_CONTRACT.md:632,rtl/ppg_sar9_sar15_safe_selection_wrapper/ppg_sar9_sar15_safe_selection_wrapper.v:381;rtl/ppg_sar9_sar15_safe_selection_wrapper/ppg_sar9_sar15_safe_selection_wrapper.v:673;rtl/ppg_sar9_sar15_safe_selection_wrapper/ppg_sar9_sar15_safe_selection_wrapper.v:727,rtl/ppg_control_top/tb_ppg_control_top_input_light_static_matrix.v:25;rtl/ppg_control_top/tb_ppg_control_top_input_light_static_matrix.v:27;rtl/ppg_control_top/tb_ppg_control_top_input_light_static_matrix.v:104;rtl/ppg_control_top/tb_ppg_control_top_input_light_static_matrix.v:210;rtl/ppg_control_top/tb_ppg_control_top_input_light_static_matrix.v:211;rtl/ppg_control_top/tb_ppg_control_top_input_light_static_matrix.v:269;rtl/ppg_control_top/tb_ppg_control_top_input_light_static_matrix.v:335;rtl/ppg_control_top/tb_ppg_control_top_input_light_static_matrix.v:1240;rtl/ppg_control_top/tb_ppg_control_top_input_light_static_matrix.v:1657;rtl/ppg_control_top/tb_ppg_control_top_input_light_static_matrix.v:1662;rtl/ppg_control_top/tb_ppg_control_top_input_light_static_matrix.v:1687;rtl/ppg_control_top/tb_ppg_control_top_input_light_static_matrix.v:1691;rtl/ppg_control_top/tb_ppg_control_top_input_light_static_matrix.v:1694,contracts/PPG_ALIAS_MAPPING_TABLE.md:245,,,"C,D",C:\Users\DAWN\.codex\visualizations\2026\10\02\01a0fd78-b9b8-78f2-8e39-c02cd0049c19\ppg_review_C\evidence\id_review_matrix.csv;C:\Users\DAWN\.codex\visualizations\2026\10\02\01a0fd78-edf3-7221-9fc4-3dd2391369a9\ppg_review_D\evidence\id_local_D.json,已合并逐项语义审阅；状态与限制须读原行，非验收CLOSED
ILM-05,ILM,contracts/PPG_REAL_PPG_RAW_GENERATOR_TESTBENCH_CONTRACT.md:633,rtl/ppg_sar9_sar15_safe_selection_wrapper/ppg_sar9_sar15_safe_selection_wrapper.v:381;rtl/ppg_sar9_sar15_safe_selection_wrapper/ppg_sar9_sar15_safe_selection_wrapper.v:673;rtl/ppg_sar9_sar15_safe_selection_wrapper/ppg_sar9_sar15_safe_selection_wrapper.v:727,rtl/ppg_control_top/tb_ppg_control_top_input_light_static_matrix.v:25;rtl/ppg_control_top/tb_ppg_control_top_input_light_static_matrix.v:27;rtl/ppg_control_top/tb_ppg_control_top_input_light_static_matrix.v:65;rtl/ppg_control_top/tb_ppg_control_top_input_light_static_matrix.v:105;rtl/ppg_control_top/tb_ppg_control_top_input_light_static_matrix.v:210;rtl/ppg_control_top/tb_ppg_control_top_input_light_static_matrix.v:211;rtl/ppg_control_top/tb_ppg_control_top_input_light_static_matrix.v:240;rtl/ppg_control_top/tb_ppg_control_top_input_light_static_matrix.v:270;rtl/ppg_control_top/tb_ppg_control_top_input_light_static_matrix.v:1240;rtl/ppg_control_top/tb_ppg_control_top_input_light_static_matrix.v:1701;rtl/ppg_control_top/tb_ppg_control_top_input_light_static_matrix.v:1706;rtl/ppg_control_top/tb_ppg_control_top_input_light_static_matrix.v:1731;rtl/ppg_control_top/tb_ppg_control_top_input_light_static_matrix.v:1735;rtl/ppg_control_top/tb_ppg_control_top_input_light_static_matrix.v:1738,contracts/PPG_ALIAS_MAPPING_TABLE.md:246,,,"C,D",C:\Users\DAWN\.codex\visualizations\2026\10\02\01a0fd78-b9b8-78f2-8e39-c02cd0049c19\ppg_review_C\evidence\id_review_matrix.csv;C:\Users\DAWN\.codex\visualizations\2026\10\02\01a0fd78-edf3-7221-9fc4-3dd2391369a9\ppg_review_D\evidence\id_local_D.json,已合并逐项语义审阅；状态与限制须读原行，非验收CLOSED
ILM-06,ILM,contracts/PPG_REAL_PPG_RAW_GENERATOR_TESTBENCH_CONTRACT.md:634,rtl/ppg_sar9_sar15_safe_selection_wrapper/ppg_sar9_sar15_safe_selection_wrapper.v:381;rtl/ppg_sar9_sar15_safe_selection_wrapper/ppg_sar9_sar15_safe_selection_wrapper.v:389;rtl/ppg_sar9_sar15_safe_selection_wrapper/ppg_sar9_sar15_safe_selection_wrapper.v:673,rtl/ppg_control_top/tb_ppg_control_top_input_light_static_matrix.v:25;rtl/ppg_control_top/tb_ppg_control_top_input_light_static_matrix.v:27;rtl/ppg_control_top/tb_ppg_control_top_input_light_static_matrix.v:105;rtl/ppg_control_top/tb_ppg_control_top_input_light_static_matrix.v:108;rtl/ppg_control_top/tb_ppg_control_top_input_light_static_matrix.v:210;rtl/ppg_control_top/tb_ppg_control_top_input_light_static_matrix.v:211;rtl/ppg_control_top/tb_ppg_control_top_input_light_static_matrix.v:270;rtl/ppg_control_top/tb_ppg_control_top_input_light_static_matrix.v:272;rtl/ppg_control_top/tb_ppg_control_top_input_light_static_matrix.v:335;rtl/ppg_control_top/tb_ppg_control_top_input_light_static_matrix.v:1240;rtl/ppg_control_top/tb_ppg_control_top_input_light_static_matrix.v:1745;rtl/ppg_control_top/tb_ppg_control_top_input_light_static_matrix.v:1750;rtl/ppg_control_top/tb_ppg_control_top_input_light_static_matrix.v:1771;rtl/ppg_control_top/tb_ppg_control_top_input_light_static_matrix.v:1774;rtl/ppg_control_top/tb_ppg_control_top_input_light_static_matrix.v:1777;rtl/ppg_control_top/tb_ppg_control_top_input_light_static_matrix.v:1780;rtl/ppg_control_top/tb_ppg_control_top_input_light_static_matrix.v:1790;rtl/ppg_control_top/tb_ppg_control_top_input_light_static_matrix.v:1811;rtl/ppg_control_top/tb_ppg_control_top_input_light_static_matrix.v:1814;rtl/ppg_control_top/tb_ppg_control_top_input_light_static_matrix.v:1820;rtl/ppg_control_top/tb_ppg_control_top_input_light_static_matrix.v:1823,contracts/PPG_ALIAS_MAPPING_TABLE.md:247,,,"C,D",C:\Users\DAWN\.codex\visualizations\2026\10\02\01a0fd78-b9b8-78f2-8e39-c02cd0049c19\ppg_review_C\evidence\id_review_matrix.csv;C:\Users\DAWN\.codex\visualizations\2026\10\02\01a0fd78-edf3-7221-9fc4-3dd2391369a9\ppg_review_D\evidence\id_local_D.json,已合并逐项语义审阅；状态与限制须读原行，非验收CLOSED
ILM-07,ILM,contracts/PPG_REAL_PPG_RAW_GENERATOR_TESTBENCH_CONTRACT.md:635,rtl/ppg_sar9_sar15_safe_selection_wrapper/ppg_sar9_sar15_safe_selection_wrapper.v:381;rtl/ppg_sar9_sar15_safe_selection_wrapper/ppg_sar9_sar15_safe_selection_wrapper.v:388;rtl/ppg_sar9_sar15_safe_selection_wrapper/ppg_sar9_sar15_safe_selection_wrapper.v:727,rtl/ppg_control_top/tb_ppg_control_top_input_light_static_matrix.v:25;rtl/ppg_control_top/tb_ppg_control_top_input_light_static_matrix.v:27;rtl/ppg_control_top/tb_ppg_control_top_input_light_static_matrix.v:108;rtl/ppg_control_top/tb_ppg_control_top_input_light_static_matrix.v:210;rtl/ppg_control_top/tb_ppg_control_top_input_light_static_matrix.v:211;rtl/ppg_control_top/tb_ppg_control_top_input_light_static_matrix.v:272;rtl/ppg_control_top/tb_ppg_control_top_input_light_static_matrix.v:1240;rtl/ppg_control_top/tb_ppg_control_top_input_light_static_matrix.v:1829;rtl/ppg_control_top/tb_ppg_control_top_input_light_static_matrix.v:1834;rtl/ppg_control_top/tb_ppg_control_top_input_light_static_matrix.v:1855;rtl/ppg_control_top/tb_ppg_control_top_input_light_static_matrix.v:1858;rtl/ppg_control_top/tb_ppg_control_top_input_light_static_matrix.v:1861;rtl/ppg_control_top/tb_ppg_control_top_input_light_static_matrix.v:1864;rtl/ppg_control_top/tb_ppg_control_top_input_light_static_matrix.v:1874;rtl/ppg_control_top/tb_ppg_control_top_input_light_static_matrix.v:1895;rtl/ppg_control_top/tb_ppg_control_top_input_light_static_matrix.v:1898;rtl/ppg_control_top/tb_ppg_control_top_input_light_static_matrix.v:1904;rtl/ppg_control_top/tb_ppg_control_top_input_light_static_matrix.v:1907,contracts/PPG_ALIAS_MAPPING_TABLE.md:248,,,"C,D",C:\Users\DAWN\.codex\visualizations\2026\10\02\01a0fd78-b9b8-78f2-8e39-c02cd0049c19\ppg_review_C\evidence\id_review_matrix.csv;C:\Users\DAWN\.codex\visualizations\2026\10\02\01a0fd78-edf3-7221-9fc4-3dd2391369a9\ppg_review_D\evidence\id_local_D.json,已合并逐项语义审阅；状态与限制须读原行，非验收CLOSED
ILM-08,ILM,contracts/PPG_REAL_PPG_RAW_GENERATOR_TESTBENCH_CONTRACT.md:636,rtl/ppg_system_config_manager/ppg_system_config_manager.v:371,rtl/ppg_control_top/tb_ppg_control_top_input_light_static_matrix.v:25;rtl/ppg_control_top/tb_ppg_control_top_input_light_static_matrix.v:27;rtl/ppg_control_top/tb_ppg_control_top_input_light_static_matrix.v:58;rtl/ppg_control_top/tb_ppg_control_top_input_light_static_matrix.v:61;rtl/ppg_control_top/tb_ppg_control_top_input_light_static_matrix.v:109;rtl/ppg_control_top/tb_ppg_control_top_input_light_static_matrix.v:210;rtl/ppg_control_top/tb_ppg_control_top_input_light_static_matrix.v:211;rtl/ppg_control_top/tb_ppg_control_top_input_light_static_matrix.v:234;rtl/ppg_control_top/tb_ppg_control_top_input_light_static_matrix.v:236;rtl/ppg_control_top/tb_ppg_control_top_input_light_static_matrix.v:273;rtl/ppg_control_top/tb_ppg_control_top_input_light_static_matrix.v:335;rtl/ppg_control_top/tb_ppg_control_top_input_light_static_matrix.v:351;rtl/ppg_control_top/tb_ppg_control_top_input_light_static_matrix.v:839;rtl/ppg_control_top/tb_ppg_control_top_input_light_static_matrix.v:1913;rtl/ppg_control_top/tb_ppg_control_top_input_light_static_matrix.v:1919;rtl/ppg_control_top/tb_ppg_control_top_input_light_static_matrix.v:1923;rtl/ppg_control_top/tb_ppg_control_top_input_light_static_matrix.v:1927,contracts/PPG_ALIAS_MAPPING_TABLE.md:249,,,"C,D",C:\Users\DAWN\.codex\visualizations\2026\10\02\01a0fd78-b9b8-78f2-8e39-c02cd0049c19\ppg_review_C\evidence\id_review_matrix.csv;C:\Users\DAWN\.codex\visualizations\2026\10\02\01a0fd78-edf3-7221-9fc4-3dd2391369a9\ppg_review_D\evidence\id_local_D.json,已合并逐项语义审阅；状态与限制须读原行，非验收CLOSED
ILM-09,ILM,contracts/PPG_REAL_PPG_RAW_GENERATOR_TESTBENCH_CONTRACT.md:637,rtl/ppg_idac_code_controller/ppg_idac_code_controller.v:703,rtl/ppg_control_top/tb_ppg_control_top_input_light_static_matrix.v:25;rtl/ppg_control_top/tb_ppg_control_top_input_light_static_matrix.v:27;rtl/ppg_control_top/tb_ppg_control_top_input_light_static_matrix.v:85;rtl/ppg_control_top/tb_ppg_control_top_input_light_static_matrix.v:188;rtl/ppg_control_top/tb_ppg_control_top_input_light_static_matrix.v:210;rtl/ppg_control_top/tb_ppg_control_top_input_light_static_matrix.v:211;rtl/ppg_control_top/tb_ppg_control_top_input_light_static_matrix.v:255;rtl/ppg_control_top/tb_ppg_control_top_input_light_static_matrix.v:331;rtl/ppg_control_top/tb_ppg_control_top_input_light_static_matrix.v:336;rtl/ppg_control_top/tb_ppg_control_top_input_light_static_matrix.v:1276;rtl/ppg_control_top/tb_ppg_control_top_input_light_static_matrix.v:1290;rtl/ppg_control_top/tb_ppg_control_top_input_light_static_matrix.v:2038;rtl/ppg_control_top/tb_ppg_control_top_owner_identity_backpressure.v:939,contracts/PPG_ALIAS_MAPPING_TABLE.md:250,,,"C,D",C:\Users\DAWN\.codex\visualizations\2026\10\02\01a0fd78-b9b8-78f2-8e39-c02cd0049c19\ppg_review_C\evidence\id_review_matrix.csv;C:\Users\DAWN\.codex\visualizations\2026\10\02\01a0fd78-edf3-7221-9fc4-3dd2391369a9\ppg_review_D\evidence\id_local_D.json,已合并逐项语义审阅；状态与限制须读原行，非验收CLOSED
ILM-10,ILM,contracts/PPG_REAL_PPG_RAW_GENERATOR_TESTBENCH_CONTRACT.md:638,rtl/ppg_system_config_manager/ppg_system_config_manager.v:457;rtl/ppg_system_config_manager/ppg_system_config_manager.v:522,rtl/ppg_control_top/tb_ppg_control_top_input_light_static_matrix.v:25;rtl/ppg_control_top/tb_ppg_control_top_input_light_static_matrix.v:27;rtl/ppg_control_top/tb_ppg_control_top_input_light_static_matrix.v:68;rtl/ppg_control_top/tb_ppg_control_top_input_light_static_matrix.v:99;rtl/ppg_control_top/tb_ppg_control_top_input_light_static_matrix.v:139;rtl/ppg_control_top/tb_ppg_control_top_input_light_static_matrix.v:148;rtl/ppg_control_top/tb_ppg_control_top_input_light_static_matrix.v:210;rtl/ppg_control_top/tb_ppg_control_top_input_light_static_matrix.v:211;rtl/ppg_control_top/tb_ppg_control_top_input_light_static_matrix.v:242;rtl/ppg_control_top/tb_ppg_control_top_input_light_static_matrix.v:266;rtl/ppg_control_top/tb_ppg_control_top_input_light_static_matrix.v:296;rtl/ppg_control_top/tb_ppg_control_top_input_light_static_matrix.v:302;rtl/ppg_control_top/tb_ppg_control_top_input_light_static_matrix.v:334;rtl/ppg_control_top/tb_ppg_control_top_input_light_static_matrix.v:349;rtl/ppg_control_top/tb_ppg_control_top_input_light_static_matrix.v:765;rtl/ppg_control_top/tb_ppg_control_top_input_light_static_matrix.v:1539;rtl/ppg_control_top/tb_ppg_control_top_input_light_static_matrix.v:1544;rtl/ppg_control_top/tb_ppg_control_top_input_light_static_matrix.v:1592;rtl/ppg_control_top/tb_ppg_control_top_input_light_static_matrix.v:1596;rtl/ppg_control_top/tb_ppg_control_top_input_light_static_matrix.v:1599;rtl/ppg_control_top/tb_ppg_control_top_input_light_static_matrix.v:1614;rtl/ppg_control_top/tb_ppg_control_top_input_light_static_matrix.v:1617;rtl/ppg_control_top/tb_ppg_control_top_input_light_static_matrix.v:1628;rtl/ppg_control_top/tb_ppg_control_top_input_light_static_matrix.v:1635;rtl/ppg_control_top/tb_ppg_control_top_input_light_static_matrix.v:1638;rtl/ppg_control_top/tb_ppg_control_top_normal_slow_tracking.v:621,contracts/PPG_ALIAS_MAPPING_TABLE.md:251,,,"C,D",C:\Users\DAWN\.codex\visualizations\2026\10\02\01a0fd78-b9b8-78f2-8e39-c02cd0049c19\ppg_review_C\evidence\id_review_matrix.csv;C:\Users\DAWN\.codex\visualizations\2026\10\02\01a0fd78-edf3-7221-9fc4-3dd2391369a9\ppg_review_D\evidence\id_local_D.json,已合并逐项语义审阅；状态与限制须读原行，非验收CLOSED
ILM-11,ILM,contracts/PPG_REAL_PPG_RAW_GENERATOR_TESTBENCH_CONTRACT.md:639,rtl/ppg_sar9_sar15_safe_selection_wrapper/ppg_sar9_sar15_safe_selection_wrapper.v:381;rtl/ppg_sar9_sar15_safe_selection_wrapper/ppg_sar9_sar15_safe_selection_wrapper.v:387;rtl/ppg_sar9_sar15_safe_selection_wrapper/ppg_sar9_sar15_safe_selection_wrapper.v:733;rtl/ppg_sar9_sar15_safe_selection_wrapper/ppg_sar9_sar15_safe_selection_wrapper.v:745;rtl/ppg_sar9_sar15_safe_selection_wrapper/ppg_sar9_sar15_safe_selection_wrapper.v:762,rtl/ppg_control_top/tb_ppg_control_top_input_light_static_matrix.v:25;rtl/ppg_control_top/tb_ppg_control_top_input_light_static_matrix.v:28;rtl/ppg_control_top/tb_ppg_control_top_input_light_static_matrix.v:188;rtl/ppg_control_top/tb_ppg_control_top_input_light_static_matrix.v:210;rtl/ppg_control_top/tb_ppg_control_top_input_light_static_matrix.v:212;rtl/ppg_control_top/tb_ppg_control_top_input_light_static_matrix.v:331;rtl/ppg_control_top/tb_ppg_control_top_input_light_static_matrix.v:355;rtl/ppg_control_top/tb_ppg_control_top_input_light_static_matrix.v:1040;rtl/ppg_control_top/tb_ppg_control_top_input_light_static_matrix.v:1275;rtl/ppg_control_top/tb_ppg_control_top_input_light_static_matrix.v:2031;rtl/ppg_control_top/tb_ppg_control_top_input_light_static_matrix.v:2032;rtl/ppg_control_top/tb_ppg_control_top_input_light_static_matrix.v:2037;rtl/ppg_control_top/tb_ppg_control_top_input_light_static_matrix.v:2074;rtl/ppg_control_top/tb_ppg_control_top_input_light_static_matrix.v:2077;rtl/ppg_control_top/tb_ppg_control_top_input_light_static_matrix.v:2082;rtl/ppg_control_top/tb_ppg_control_top_input_light_static_matrix.v:2101;rtl/ppg_control_top/tb_ppg_control_top_input_light_static_matrix.v:2104;rtl/ppg_control_top/tb_ppg_control_top_startup_idac_calibration.v:28;rtl/ppg_control_top/tb_ppg_control_top_startup_idac_calibration.v:56,contracts/PPG_ALIAS_MAPPING_TABLE.md:252,,,"C,D",C:\Users\DAWN\.codex\visualizations\2026\10\02\01a0fd78-b9b8-78f2-8e39-c02cd0049c19\ppg_review_C\evidence\id_review_matrix.csv;C:\Users\DAWN\.codex\visualizations\2026\10\02\01a0fd78-edf3-7221-9fc4-3dd2391369a9\ppg_review_D\evidence\id_local_D.json,已合并逐项语义审阅；状态与限制须读原行，非验收CLOSED
ILM-12,ILM,contracts/PPG_REAL_PPG_RAW_GENERATOR_TESTBENCH_CONTRACT.md:640,rtl/ppg_sar9_sar15_safe_selection_wrapper/ppg_sar9_sar15_safe_selection_wrapper.v:387;rtl/ppg_sar9_sar15_safe_selection_wrapper/ppg_sar9_sar15_safe_selection_wrapper.v:733;rtl/ppg_sar9_sar15_safe_selection_wrapper/ppg_sar9_sar15_safe_selection_wrapper.v:742;rtl/ppg_sar9_sar15_safe_selection_wrapper/ppg_sar9_sar15_safe_selection_wrapper.v:762;rtl/ppg_sar9_sar15_safe_selection_wrapper/ppg_sar9_sar15_safe_selection_wrapper.v:763,rtl/ppg_control_top/tb_ppg_control_top_input_light_static_matrix.v:25;rtl/ppg_control_top/tb_ppg_control_top_input_light_static_matrix.v:188;rtl/ppg_control_top/tb_ppg_control_top_input_light_static_matrix.v:210;rtl/ppg_control_top/tb_ppg_control_top_input_light_static_matrix.v:331;rtl/ppg_control_top/tb_ppg_control_top_input_light_static_matrix.v:2130;rtl/ppg_control_top/tb_ppg_control_top_input_light_static_matrix.v:2133;rtl/ppg_control_top/tb_ppg_control_top_input_light_static_matrix.v:2136;rtl/ppg_control_top/tb_ppg_control_top_input_light_static_matrix.v:2139;rtl/ppg_control_top/tb_ppg_control_top_input_light_static_matrix.v:2170;rtl/ppg_control_top/tb_ppg_control_top_input_light_static_matrix.v:2173;rtl/ppg_control_top/tb_ppg_control_top_input_light_static_matrix.v:2175;rtl/ppg_control_top/tb_ppg_control_top_input_light_static_matrix.v:2192;rtl/ppg_control_top/tb_ppg_control_top_input_light_static_matrix.v:2195,contracts/PPG_ALIAS_MAPPING_TABLE.md:253,,,"C,D",C:\Users\DAWN\.codex\visualizations\2026\10\02\01a0fd78-b9b8-78f2-8e39-c02cd0049c19\ppg_review_C\evidence\id_review_matrix.csv;C:\Users\DAWN\.codex\visualizations\2026\10\02\01a0fd78-edf3-7221-9fc4-3dd2391369a9\ppg_review_D\evidence\id_local_D.json,已合并逐项语义审阅；状态与限制须读原行，非验收CLOSED
ILM-13,ILM,contracts/PPG_REAL_PPG_RAW_GENERATOR_TESTBENCH_CONTRACT.md:641,rtl/ppg_sar9_sar15_safe_selection_wrapper/ppg_sar9_sar15_safe_selection_wrapper.v:380,rtl/ppg_control_top/tb_ppg_control_top_input_light_static_matrix.v:25;rtl/ppg_control_top/tb_ppg_control_top_input_light_static_matrix.v:27;rtl/ppg_control_top/tb_ppg_control_top_input_light_static_matrix.v:111;rtl/ppg_control_top/tb_ppg_control_top_input_light_static_matrix.v:125;rtl/ppg_control_top/tb_ppg_control_top_input_light_static_matrix.v:159;rtl/ppg_control_top/tb_ppg_control_top_input_light_static_matrix.v:210;rtl/ppg_control_top/tb_ppg_control_top_input_light_static_matrix.v:211;rtl/ppg_control_top/tb_ppg_control_top_input_light_static_matrix.v:275;rtl/ppg_control_top/tb_ppg_control_top_input_light_static_matrix.v:285;rtl/ppg_control_top/tb_ppg_control_top_input_light_static_matrix.v:309;rtl/ppg_control_top/tb_ppg_control_top_input_light_static_matrix.v:336;rtl/ppg_control_top/tb_ppg_control_top_input_light_static_matrix.v:1933;rtl/ppg_control_top/tb_ppg_control_top_input_light_static_matrix.v:1938;rtl/ppg_control_top/tb_ppg_control_top_input_light_static_matrix.v:1949;rtl/ppg_control_top/tb_ppg_control_top_input_light_static_matrix.v:1963;rtl/ppg_control_top/tb_ppg_control_top_input_light_static_matrix.v:1969;rtl/ppg_control_top/tb_ppg_control_top_input_light_static_matrix.v:1998;rtl/ppg_control_top/tb_ppg_control_top_input_light_static_matrix.v:2001;rtl/ppg_control_top/tb_ppg_control_top_input_light_static_matrix.v:2004,contracts/PPG_ALIAS_MAPPING_TABLE.md:254,,,"C,D",C:\Users\DAWN\.codex\visualizations\2026\10\02\01a0fd78-b9b8-78f2-8e39-c02cd0049c19\ppg_review_C\evidence\id_review_matrix.csv;C:\Users\DAWN\.codex\visualizations\2026\10\02\01a0fd78-edf3-7221-9fc4-3dd2391369a9\ppg_review_D\evidence\id_local_D.json,已合并逐项语义审阅；状态与限制须读原行，非验收CLOSED
ILM-14,ILM,contracts/PPG_REAL_PPG_RAW_GENERATOR_TESTBENCH_CONTRACT.md:642,rtl/ppg_characterization_control_cdc/ppg_characterization_control_cdc.v:118,rtl/ppg_control_top/tb_ppg_control_top_input_light_static_matrix.v:25;rtl/ppg_control_top/tb_ppg_control_top_input_light_static_matrix.v:27;rtl/ppg_control_top/tb_ppg_control_top_input_light_static_matrix.v:210;rtl/ppg_control_top/tb_ppg_control_top_input_light_static_matrix.v:211;rtl/ppg_control_top/tb_ppg_control_top_input_light_static_matrix.v:1966;rtl/ppg_control_top/tb_ppg_control_top_input_light_static_matrix.v:2007;rtl/ppg_control_top/tb_ppg_control_top_input_light_static_matrix.v:2016;rtl/ppg_control_top/tb_ppg_control_top_input_light_static_matrix.v:2019,contracts/PPG_ALIAS_MAPPING_TABLE.md:255,,,"C,D",C:\Users\DAWN\.codex\visualizations\2026\10\02\01a0fd78-b9b8-78f2-8e39-c02cd0049c19\ppg_review_C\evidence\id_review_matrix.csv;C:\Users\DAWN\.codex\visualizations\2026\10\02\01a0fd78-edf3-7221-9fc4-3dd2391369a9\ppg_review_D\evidence\id_local_D.json,已合并逐项语义审阅；状态与限制须读原行，非验收CLOSED
ILM-15,ILM,contracts/PPG_REAL_PPG_RAW_GENERATOR_TESTBENCH_CONTRACT.md:643,rtl/ppg_system_config_manager/ppg_system_config_manager.v:374,rtl/ppg_control_top/tb_ppg_control_top_input_light_static_matrix.v:25;rtl/ppg_control_top/tb_ppg_control_top_input_light_static_matrix.v:27;rtl/ppg_control_top/tb_ppg_control_top_input_light_static_matrix.v:71;rtl/ppg_control_top/tb_ppg_control_top_input_light_static_matrix.v:93;rtl/ppg_control_top/tb_ppg_control_top_input_light_static_matrix.v:117;rtl/ppg_control_top/tb_ppg_control_top_input_light_static_matrix.v:210;rtl/ppg_control_top/tb_ppg_control_top_input_light_static_matrix.v:211;rtl/ppg_control_top/tb_ppg_control_top_input_light_static_matrix.v:244;rtl/ppg_control_top/tb_ppg_control_top_input_light_static_matrix.v:262;rtl/ppg_control_top/tb_ppg_control_top_input_light_static_matrix.v:280;rtl/ppg_control_top/tb_ppg_control_top_input_light_static_matrix.v:333;rtl/ppg_control_top/tb_ppg_control_top_input_light_static_matrix.v:350;rtl/ppg_control_top/tb_ppg_control_top_input_light_static_matrix.v:879;rtl/ppg_control_top/tb_ppg_control_top_input_light_static_matrix.v:1359;rtl/ppg_control_top/tb_ppg_control_top_input_light_static_matrix.v:1373;rtl/ppg_control_top/tb_ppg_control_top_input_light_static_matrix.v:1380;rtl/ppg_control_top/tb_ppg_control_top_input_light_static_matrix.v:1384;rtl/ppg_control_top/tb_ppg_control_top_input_light_static_matrix.v:1387;rtl/ppg_control_top/tb_ppg_control_top_lifecycle_fault_adc_anomaly.v:35;rtl/ppg_control_top/tb_ppg_control_top_lifecycle_fault_adc_anomaly.v:67;rtl/ppg_control_top/tb_ppg_control_top_lifecycle_fault_adc_anomaly.v:1890,contracts/PPG_ALIAS_MAPPING_TABLE.md:256,,,"C,D",C:\Users\DAWN\.codex\visualizations\2026\10\02\01a0fd78-b9b8-78f2-8e39-c02cd0049c19\ppg_review_C\evidence\id_review_matrix.csv;C:\Users\DAWN\.codex\visualizations\2026\10\02\01a0fd78-edf3-7221-9fc4-3dd2391369a9\ppg_review_D\evidence\id_local_D.json,已合并逐项语义审阅；状态与限制须读原行，非验收CLOSED
ISE-01,ISE,contracts/PPG_REAL_PPG_RAW_GENERATOR_TESTBENCH_CONTRACT.md:664,rtl/ppg_sar9_sar15_safe_selection_wrapper/ppg_sar9_sar15_safe_selection_wrapper.v:808;rtl/ppg_sar9_sar15_safe_selection_wrapper/ppg_sar9_sar15_safe_selection_wrapper.v:847,rtl/ppg_control_top/tb_ppg_control_top_idac_bus_isolation.v:21;rtl/ppg_control_top/tb_ppg_control_top_idac_bus_isolation.v:23;rtl/ppg_control_top/tb_ppg_control_top_idac_bus_isolation.v:25;rtl/ppg_control_top/tb_ppg_control_top_idac_bus_isolation.v:45;rtl/ppg_control_top/tb_ppg_control_top_idac_bus_isolation.v:46;rtl/ppg_control_top/tb_ppg_control_top_idac_bus_isolation.v:48;rtl/ppg_control_top/tb_ppg_control_top_idac_bus_isolation.v:540;rtl/ppg_control_top/tb_ppg_control_top_idac_bus_isolation.v:821;rtl/ppg_control_top/tb_ppg_control_top_idac_bus_isolation.v:1080;rtl/ppg_control_top/tb_ppg_control_top_idac_bus_isolation.v:1081;rtl/ppg_control_top/tb_ppg_control_top_idac_bus_isolation.v:1102;rtl/ppg_control_top/tb_ppg_control_top_idac_bus_isolation.v:1120;rtl/ppg_control_top/tb_ppg_control_top_idac_bus_isolation.v:1130;rtl/ppg_control_top/tb_ppg_control_top_idac_bus_isolation.v:1142;rtl/ppg_control_top/tb_ppg_control_top_idac_bus_isolation.v:1146;rtl/ppg_control_top/tb_ppg_control_top_idac_bus_isolation.v:1174;rtl/ppg_control_top/tb_ppg_control_top_idac_bus_isolation.v:1179;rtl/ppg_control_top/tb_ppg_control_top_idac_bus_isolation.v:1204;rtl/ppg_control_top/tb_ppg_control_top_idac_bus_isolation.v:1216;rtl/ppg_control_top/tb_ppg_control_top_idac_bus_isolation.v:1220;rtl/ppg_control_top/tb_ppg_control_top_idac_bus_isolation.v:1250;rtl/ppg_control_top/tb_ppg_control_top_idac_bus_isolation.v:1255;rtl/ppg_control_top/tb_ppg_control_top_idac_bus_isolation.v:1280;rtl/ppg_control_top/tb_ppg_control_top_idac_bus_isolation.v:1292;rtl/ppg_control_top/tb_ppg_control_top_idac_bus_isolation.v:1296;rtl/ppg_control_top/tb_ppg_control_top_idac_bus_isolation.v:1325,contracts/PPG_ALIAS_MAPPING_TABLE.md:281,,,"C,D",C:\Users\DAWN\.codex\visualizations\2026\10\02\01a0fd78-b9b8-78f2-8e39-c02cd0049c19\ppg_review_C\evidence\id_review_matrix.csv;C:\Users\DAWN\.codex\visualizations\2026\10\02\01a0fd78-edf3-7221-9fc4-3dd2391369a9\ppg_review_D\evidence\id_local_D.json,已合并逐项语义审阅；状态与限制须读原行，非验收CLOSED
ISE-02,ISE,contracts/PPG_REAL_PPG_RAW_GENERATOR_TESTBENCH_CONTRACT.md:665,rtl/ppg_sar9_sar15_safe_selection_wrapper/ppg_sar9_sar15_safe_selection_wrapper.v:808;rtl/ppg_sar9_sar15_safe_selection_wrapper/ppg_sar9_sar15_safe_selection_wrapper.v:847,rtl/ppg_control_top/tb_ppg_control_top_idac_bus_isolation.v:21;rtl/ppg_control_top/tb_ppg_control_top_idac_bus_isolation.v:25;rtl/ppg_control_top/tb_ppg_control_top_idac_bus_isolation.v:45;rtl/ppg_control_top/tb_ppg_control_top_idac_bus_isolation.v:48,contracts/PPG_ALIAS_MAPPING_TABLE.md:282,,,"C,D",C:\Users\DAWN\.codex\visualizations\2026\10\02\01a0fd78-b9b8-78f2-8e39-c02cd0049c19\ppg_review_C\evidence\id_review_matrix.csv;C:\Users\DAWN\.codex\visualizations\2026\10\02\01a0fd78-edf3-7221-9fc4-3dd2391369a9\ppg_review_D\evidence\id_local_D.json,已合并逐项语义审阅；状态与限制须读原行，非验收CLOSED
ISE-03,ISE,contracts/PPG_REAL_PPG_RAW_GENERATOR_TESTBENCH_CONTRACT.md:666,rtl/ppg_sar9_sar15_safe_selection_wrapper/ppg_sar9_sar15_safe_selection_wrapper.v:808;rtl/ppg_sar9_sar15_safe_selection_wrapper/ppg_sar9_sar15_safe_selection_wrapper.v:847,rtl/ppg_control_top/tb_ppg_control_top_idac_bus_isolation.v:21;rtl/ppg_control_top/tb_ppg_control_top_idac_bus_isolation.v:25;rtl/ppg_control_top/tb_ppg_control_top_idac_bus_isolation.v:45;rtl/ppg_control_top/tb_ppg_control_top_idac_bus_isolation.v:48;rtl/ppg_control_top/tb_ppg_control_top_idac_bus_isolation.v:1102;rtl/ppg_control_top/tb_ppg_control_top_idac_bus_isolation.v:1112;rtl/ppg_control_top/tb_ppg_control_top_idac_bus_isolation.v:1126;rtl/ppg_control_top/tb_ppg_control_top_idac_bus_isolation.v:1171;rtl/ppg_control_top/tb_ppg_control_top_idac_bus_isolation.v:1174,contracts/PPG_ALIAS_MAPPING_TABLE.md:283,,,"C,D",C:\Users\DAWN\.codex\visualizations\2026\10\02\01a0fd78-b9b8-78f2-8e39-c02cd0049c19\ppg_review_C\evidence\id_review_matrix.csv;C:\Users\DAWN\.codex\visualizations\2026\10\02\01a0fd78-edf3-7221-9fc4-3dd2391369a9\ppg_review_D\evidence\id_local_D.json,已合并逐项语义审阅；状态与限制须读原行，非验收CLOSED
ISE-04,ISE,contracts/PPG_REAL_PPG_RAW_GENERATOR_TESTBENCH_CONTRACT.md:667,rtl/ppg_sar9_sar15_safe_selection_wrapper/ppg_sar9_sar15_safe_selection_wrapper.v:652;rtl/ppg_sar9_sar15_safe_selection_wrapper/ppg_sar9_sar15_safe_selection_wrapper.v:654;rtl/ppg_sar9_sar15_safe_selection_wrapper/ppg_sar9_sar15_safe_selection_wrapper.v:702;rtl/ppg_sar9_sar15_safe_selection_wrapper/ppg_sar9_sar15_safe_selection_wrapper.v:704,rtl/ppg_control_top/tb_ppg_control_top_idac_bus_isolation.v:21;rtl/ppg_control_top/tb_ppg_control_top_idac_bus_isolation.v:23;rtl/ppg_control_top/tb_ppg_control_top_idac_bus_isolation.v:25;rtl/ppg_control_top/tb_ppg_control_top_idac_bus_isolation.v:45;rtl/ppg_control_top/tb_ppg_control_top_idac_bus_isolation.v:46;rtl/ppg_control_top/tb_ppg_control_top_idac_bus_isolation.v:48;rtl/ppg_control_top/tb_ppg_control_top_idac_bus_isolation.v:777;rtl/ppg_control_top/tb_ppg_control_top_idac_bus_isolation.v:798;rtl/ppg_control_top/tb_ppg_control_top_idac_bus_isolation.v:801;rtl/ppg_control_top/tb_ppg_control_top_idac_bus_isolation.v:926;rtl/ppg_control_top/tb_ppg_control_top_idac_bus_isolation.v:944;rtl/ppg_control_top/tb_ppg_control_top_idac_bus_isolation.v:955;rtl/ppg_control_top/tb_ppg_control_top_idac_bus_isolation.v:958;rtl/ppg_control_top/tb_ppg_control_top_idac_bus_isolation.v:981,contracts/PPG_ALIAS_MAPPING_TABLE.md:284,,,"C,D",C:\Users\DAWN\.codex\visualizations\2026\10\02\01a0fd78-b9b8-78f2-8e39-c02cd0049c19\ppg_review_C\evidence\id_review_matrix.csv;C:\Users\DAWN\.codex\visualizations\2026\10\02\01a0fd78-edf3-7221-9fc4-3dd2391369a9\ppg_review_D\evidence\id_local_D.json,已合并逐项语义审阅；状态与限制须读原行，非验收CLOSED
ISE-05,ISE,contracts/PPG_REAL_PPG_RAW_GENERATOR_TESTBENCH_CONTRACT.md:668,rtl/ppg_sar9_sar15_safe_selection_wrapper/ppg_sar9_sar15_safe_selection_wrapper.v:642;rtl/ppg_sar9_sar15_safe_selection_wrapper/ppg_sar9_sar15_safe_selection_wrapper.v:644;rtl/ppg_sar9_sar15_safe_selection_wrapper/ppg_sar9_sar15_safe_selection_wrapper.v:692;rtl/ppg_sar9_sar15_safe_selection_wrapper/ppg_sar9_sar15_safe_selection_wrapper.v:694,rtl/ppg_control_top/tb_ppg_control_top_idac_bus_isolation.v:21;rtl/ppg_control_top/tb_ppg_control_top_idac_bus_isolation.v:23;rtl/ppg_control_top/tb_ppg_control_top_idac_bus_isolation.v:25;rtl/ppg_control_top/tb_ppg_control_top_idac_bus_isolation.v:45;rtl/ppg_control_top/tb_ppg_control_top_idac_bus_isolation.v:46;rtl/ppg_control_top/tb_ppg_control_top_idac_bus_isolation.v:48;rtl/ppg_control_top/tb_ppg_control_top_idac_bus_isolation.v:786;rtl/ppg_control_top/tb_ppg_control_top_idac_bus_isolation.v:983;rtl/ppg_control_top/tb_ppg_control_top_idac_bus_isolation.v:1001;rtl/ppg_control_top/tb_ppg_control_top_idac_bus_isolation.v:1009;rtl/ppg_control_top/tb_ppg_control_top_idac_bus_isolation.v:1012;rtl/ppg_control_top/tb_ppg_control_top_idac_bus_isolation.v:1035,contracts/PPG_ALIAS_MAPPING_TABLE.md:285,,,"C,D",C:\Users\DAWN\.codex\visualizations\2026\10\02\01a0fd78-b9b8-78f2-8e39-c02cd0049c19\ppg_review_C\evidence\id_review_matrix.csv;C:\Users\DAWN\.codex\visualizations\2026\10\02\01a0fd78-edf3-7221-9fc4-3dd2391369a9\ppg_review_D\evidence\id_local_D.json,已合并逐项语义审阅；状态与限制须读原行，非验收CLOSED
ISE-06,ISE,contracts/PPG_REAL_PPG_RAW_GENERATOR_TESTBENCH_CONTRACT.md:669,rtl/ppg_sar9_sar15_safe_selection_wrapper/ppg_sar9_sar15_safe_selection_wrapper.v:615;rtl/ppg_sar9_sar15_safe_selection_wrapper/ppg_sar9_sar15_safe_selection_wrapper.v:742;rtl/ppg_sar9_sar15_safe_selection_wrapper/ppg_sar9_sar15_safe_selection_wrapper.v:745;rtl/ppg_sar9_sar15_safe_selection_wrapper/ppg_sar9_sar15_safe_selection_wrapper.v:747,rtl/ppg_control_top/tb_ppg_control_top_idac_bus_isolation.v:21;rtl/ppg_control_top/tb_ppg_control_top_idac_bus_isolation.v:23;rtl/ppg_control_top/tb_ppg_control_top_idac_bus_isolation.v:25;rtl/ppg_control_top/tb_ppg_control_top_idac_bus_isolation.v:45;rtl/ppg_control_top/tb_ppg_control_top_idac_bus_isolation.v:46;rtl/ppg_control_top/tb_ppg_control_top_idac_bus_isolation.v:48;rtl/ppg_control_top/tb_ppg_control_top_idac_bus_isolation.v:1037;rtl/ppg_control_top/tb_ppg_control_top_idac_bus_isolation.v:1051;rtl/ppg_control_top/tb_ppg_control_top_idac_bus_isolation.v:1055;rtl/ppg_control_top/tb_ppg_control_top_idac_bus_isolation.v:1081;rtl/ppg_control_top/tb_ppg_control_top_idac_bus_isolation.v:1102;rtl/ppg_control_top/tb_ppg_control_top_idac_bus_isolation.v:1129;rtl/ppg_control_top/tb_ppg_control_top_idac_bus_isolation.v:1175;rtl/ppg_control_top/tb_ppg_control_top_idac_bus_isolation.v:1203,contracts/PPG_ALIAS_MAPPING_TABLE.md:286,,,"C,D",C:\Users\DAWN\.codex\visualizations\2026\10\02\01a0fd78-b9b8-78f2-8e39-c02cd0049c19\ppg_review_C\evidence\id_review_matrix.csv;C:\Users\DAWN\.codex\visualizations\2026\10\02\01a0fd78-edf3-7221-9fc4-3dd2391369a9\ppg_review_D\evidence\id_local_D.json,已合并逐项语义审阅；状态与限制须读原行，非验收CLOSED
ISE-07,ISE,contracts/PPG_REAL_PPG_RAW_GENERATOR_TESTBENCH_CONTRACT.md:670,rtl/ppg_sar9_sar15_safe_selection_wrapper/ppg_sar9_sar15_safe_selection_wrapper.v:642;rtl/ppg_sar9_sar15_safe_selection_wrapper/ppg_sar9_sar15_safe_selection_wrapper.v:652,rtl/ppg_control_top/tb_ppg_control_top_idac_bus_isolation.v:21;rtl/ppg_control_top/tb_ppg_control_top_idac_bus_isolation.v:23;rtl/ppg_control_top/tb_ppg_control_top_idac_bus_isolation.v:25;rtl/ppg_control_top/tb_ppg_control_top_idac_bus_isolation.v:45;rtl/ppg_control_top/tb_ppg_control_top_idac_bus_isolation.v:46;rtl/ppg_control_top/tb_ppg_control_top_idac_bus_isolation.v:48;rtl/ppg_control_top/tb_ppg_control_top_idac_bus_isolation.v:926;rtl/ppg_control_top/tb_ppg_control_top_idac_bus_isolation.v:983,contracts/PPG_ALIAS_MAPPING_TABLE.md:287,,,"C,D",C:\Users\DAWN\.codex\visualizations\2026\10\02\01a0fd78-b9b8-78f2-8e39-c02cd0049c19\ppg_review_C\evidence\id_review_matrix.csv;C:\Users\DAWN\.codex\visualizations\2026\10\02\01a0fd78-edf3-7221-9fc4-3dd2391369a9\ppg_review_D\evidence\id_local_D.json,已合并逐项语义审阅；状态与限制须读原行，非验收CLOSED
ISE-08,ISE,contracts/PPG_REAL_PPG_RAW_GENERATOR_TESTBENCH_CONTRACT.md:671,rtl/ppg_idac_code_controller/ppg_idac_code_controller.v:878;rtl/ppg_idac_code_controller/ppg_idac_code_controller.v:893,rtl/ppg_control_top/tb_ppg_control_top_idac_bus_isolation.v:21;rtl/ppg_control_top/tb_ppg_control_top_idac_bus_isolation.v:25;rtl/ppg_control_top/tb_ppg_control_top_idac_bus_isolation.v:45;rtl/ppg_control_top/tb_ppg_control_top_idac_bus_isolation.v:48;rtl/ppg_control_top/tb_ppg_control_top_idac_bus_isolation.v:1179;rtl/ppg_control_top/tb_ppg_control_top_idac_bus_isolation.v:1190;rtl/ppg_control_top/tb_ppg_control_top_idac_bus_isolation.v:1245;rtl/ppg_control_top/tb_ppg_control_top_idac_bus_isolation.v:1251;rtl/ppg_control_top/tb_ppg_control_top_idac_bus_isolation.v:1255;rtl/ppg_control_top/tb_ppg_control_top_idac_bus_isolation.v:1266;rtl/ppg_control_top/tb_ppg_control_top_idac_bus_isolation.v:1320;rtl/ppg_control_top/tb_ppg_control_top_idac_bus_isolation.v:1326,contracts/PPG_ALIAS_MAPPING_TABLE.md:288,,,"C,D",C:\Users\DAWN\.codex\visualizations\2026\10\02\01a0fd78-b9b8-78f2-8e39-c02cd0049c19\ppg_review_C\evidence\id_review_matrix.csv;C:\Users\DAWN\.codex\visualizations\2026\10\02\01a0fd78-edf3-7221-9fc4-3dd2391369a9\ppg_review_D\evidence\id_local_D.json,已合并逐项语义审阅；状态与限制须读原行，非验收CLOSED
ISE-09,ISE,contracts/PPG_REAL_PPG_RAW_GENERATOR_TESTBENCH_CONTRACT.md:672,rtl/ppg_idac_code_controller/ppg_idac_code_controller.v:597,rtl/ppg_control_top/tb_ppg_control_top_idac_bus_isolation.v:21;rtl/ppg_control_top/tb_ppg_control_top_idac_bus_isolation.v:25;rtl/ppg_control_top/tb_ppg_control_top_idac_bus_isolation.v:45;rtl/ppg_control_top/tb_ppg_control_top_idac_bus_isolation.v:48;rtl/ppg_control_top/tb_ppg_control_top_idac_bus_isolation.v:558;rtl/ppg_control_top/tb_ppg_control_top_idac_bus_isolation.v:1348;rtl/ppg_control_top/tb_ppg_control_top_idac_bus_isolation.v:1428;rtl/ppg_control_top/tb_ppg_control_top_idac_bus_isolation.v:1449;rtl/ppg_control_top/tb_ppg_control_top_idac_bus_isolation.v:1452;rtl/ppg_control_top/tb_ppg_control_top_idac_bus_isolation.v:1478,contracts/PPG_ALIAS_MAPPING_TABLE.md:289,,,"C,D",C:\Users\DAWN\.codex\visualizations\2026\10\02\01a0fd78-b9b8-78f2-8e39-c02cd0049c19\ppg_review_C\evidence\id_review_matrix.csv;C:\Users\DAWN\.codex\visualizations\2026\10\02\01a0fd78-edf3-7221-9fc4-3dd2391369a9\ppg_review_D\evidence\id_local_D.json,已合并逐项语义审阅；状态与限制须读原行，非验收CLOSED
ISE-10,ISE,contracts/PPG_REAL_PPG_RAW_GENERATOR_TESTBENCH_CONTRACT.md:673,rtl/ppg_idac_code_controller/ppg_idac_code_controller.v:879,rtl/ppg_control_top/tb_ppg_control_top_idac_bus_isolation.v:21;rtl/ppg_control_top/tb_ppg_control_top_idac_bus_isolation.v:25;rtl/ppg_control_top/tb_ppg_control_top_idac_bus_isolation.v:45;rtl/ppg_control_top/tb_ppg_control_top_idac_bus_isolation.v:48;rtl/ppg_control_top/tb_ppg_control_top_idac_bus_isolation.v:73;rtl/ppg_control_top/tb_ppg_control_top_idac_bus_isolation.v:1456;rtl/ppg_control_top/tb_ppg_control_top_idac_bus_isolation.v:1493;rtl/ppg_control_top/tb_ppg_control_top_idac_bus_isolation.v:1498,contracts/PPG_ALIAS_MAPPING_TABLE.md:290,,,"C,D",C:\Users\DAWN\.codex\visualizations\2026\10\02\01a0fd78-b9b8-78f2-8e39-c02cd0049c19\ppg_review_C\evidence\id_review_matrix.csv;C:\Users\DAWN\.codex\visualizations\2026\10\02\01a0fd78-edf3-7221-9fc4-3dd2391369a9\ppg_review_D\evidence\id_local_D.json,已合并逐项语义审阅；状态与限制须读原行，非验收CLOSED
JNT-01,JNT,,,rtl/ppg_control_top/tb_ppg_control_top_adc_numeric_scoreboard.v:26;rtl/ppg_control_top/tb_ppg_control_top_adc_numeric_scoreboard.v:27;rtl/ppg_control_top/tb_ppg_control_top_adc_numeric_scoreboard.v:49;rtl/ppg_control_top/tb_ppg_control_top_adc_numeric_scoreboard.v:50;rtl/ppg_control_top/tb_ppg_control_top_adc_numeric_scoreboard.v:52;rtl/ppg_control_top/tb_ppg_control_top_adc_numeric_scoreboard.v:1177;rtl/ppg_control_top/tb_ppg_control_top_baseline_cross.v:32;rtl/ppg_control_top/tb_ppg_control_top_baseline_cross.v:59;rtl/ppg_control_top/tb_ppg_control_top_baseline_cross.v:115;rtl/ppg_control_top/tb_ppg_control_top_baseline_cross.v:136;rtl/ppg_control_top/tb_ppg_control_top_baseline_cross.v:157;rtl/ppg_control_top/tb_ppg_control_top_baseline_cross.v:824;rtl/ppg_control_top/tb_ppg_control_top_baseline_cross.v:828;rtl/ppg_control_top/tb_ppg_control_top_baseline_cross.v:861;rtl/ppg_control_top/tb_ppg_control_top_baseline_cross.v:1409;rtl/ppg_control_top/tb_ppg_control_top_fir_tail_isolation.v:29;rtl/ppg_control_top/tb_ppg_control_top_fir_tail_isolation.v:71;rtl/ppg_control_top/tb_ppg_control_top_fir_tail_isolation.v:770;rtl/ppg_control_top/tb_ppg_control_top_fir_tail_isolation.v:774;rtl/ppg_control_top/tb_ppg_control_top_fir_tail_isolation.v:807;rtl/ppg_control_top/tb_ppg_control_top_fir_tail_isolation.v:1480;rtl/ppg_control_top/tb_ppg_control_top_idac_bus_isolation.v:23;rtl/ppg_control_top/tb_ppg_control_top_idac_bus_isolation.v:46;rtl/ppg_control_top/tb_ppg_control_top_idac_bus_isolation.v:50;rtl/ppg_control_top/tb_ppg_control_top_input_light_static_matrix.v:35;rtl/ppg_control_top/tb_ppg_control_top_input_light_static_matrix.v:93;rtl/ppg_control_top/tb_ppg_control_top_input_light_static_matrix.v:219;rtl/ppg_control_top/tb_ppg_control_top_input_light_static_matrix.v:261;rtl/ppg_control_top/tb_ppg_control_top_input_light_static_matrix.v:333;rtl/ppg_control_top/tb_ppg_control_top_long_10_cycles.v:29;rtl/ppg_control_top/tb_ppg_control_top_long_10_cycles.v:49;rtl/ppg_control_top/tb_ppg_control_top_long_10_cycles.v:118;rtl/ppg_control_top/tb_ppg_control_top_long_10_cycles.v:135;rtl/ppg_control_top/tb_ppg_control_top_long_10_cycles.v:878;rtl/ppg_control_top/tb_ppg_control_top_long_10_cycles.v:882;rtl/ppg_control_top/tb_ppg_control_top_long_10_cycles.v:915;rtl/ppg_control_top/tb_ppg_control_top_long_10_cycles.v:948;rtl/ppg_control_top/tb_ppg_control_top_long_10_cycles.v:1639;rtl/ppg_control_top/tb_ppg_control_top_owner_identity_backpressure.v:935;rtl/ppg_control_top/tb_ppg_control_top_peak_valley_return.v:28;rtl/ppg_control_top/tb_ppg_control_top_peak_valley_return.v:69;rtl/ppg_control_top/tb_ppg_control_top_peak_valley_return.v:754;rtl/ppg_control_top/tb_ppg_control_top_peak_valley_return.v:758;rtl/ppg_control_top/tb_ppg_control_top_peak_valley_return.v:791;rtl/ppg_control_top/tb_ppg_control_top_peak_valley_return.v:1368;rtl/ppg_control_top/tb_ppg_control_top_robustness_corner_waveforms.v:37;rtl/ppg_control_top/tb_ppg_control_top_robustness_corner_waveforms.v:67;rtl/ppg_control_top/tb_ppg_control_top_robustness_corner_waveforms.v:851;rtl/ppg_control_top/tb_ppg_control_top_robustness_corner_waveforms.v:1364;rtl/ppg_control_top/tb_ppg_jnt_baseline_prefix.vh:6;rtl/ppg_control_top/tb_ppg_jnt_baseline_prefix.vh:8;rtl/ppg_control_top/tb_ppg_jnt_baseline_prefix.vh:22;rtl/ppg_control_top/tb_ppg_jnt_baseline_prefix.vh:42;rtl/ppg_control_top/tb_ppg_jnt_baseline_prefix.vh:97;rtl/ppg_control_top/tb_ppg_jnt_baseline_prefix.vh:162;rtl/ppg_control_top/tb_ppg_jnt_baseline_prefix.vh:164;rtl/ppg_control_top/tb_ppg_jnt_baseline_prefix.vh:176;rtl/ppg_control_top/tb_ppg_jnt_baseline_prefix.vh:194;rtl/ppg_control_top/tb_ppg_jnt_baseline_prefix.vh:241;rtl/ppg_control_top/tb_ppg_jnt_baseline_prefix.vh:296;rtl/ppg_control_top/tb_ppg_jnt_baseline_prefix.vh:303;rtl/ppg_control_top/tb_ppg_jnt_baseline_prefix.vh:305;rtl/ppg_control_top/tb_ppg_jnt_baseline_prefix.vh:306;rtl/ppg_control_top/tb_ppg_jnt_baseline_prefix.vh:307;rtl/ppg_control_top/tb_ppg_jnt_baseline_prefix.vh:308;rtl/ppg_control_top/tb_ppg_jnt_baseline_prefix.vh:309;rtl/ppg_control_top/tb_ppg_jnt_baseline_prefix.vh:310;rtl/ppg_control_top/tb_ppg_jnt_baseline_prefix.vh:316;rtl/ppg_control_top/tb_ppg_jnt_baseline_prefix.vh:317;rtl/ppg_control_top/tb_ppg_jnt_baseline_prefix.vh:320;rtl/ppg_control_top/tb_ppg_jnt_baseline_prefix.vh:322;rtl/ppg_control_top/tb_ppg_jnt_baseline_prefix.vh:323;rtl/ppg_control_top/tb_ppg_jnt_baseline_prefix.vh:358;rtl/ppg_control_top/tb_ppg_jnt_baseline_prefix.vh:450;rtl/ppg_control_top/tb_ppg_jnt_baseline_prefix.vh:451;rtl/ppg_control_top/tb_ppg_jnt_baseline_prefix.vh:499;rtl/ppg_control_top/tb_ppg_jnt_baseline_prefix.vh:592;rtl/ppg_control_top/tb_ppg_jnt_baseline_prefix.vh:627;rtl/ppg_control_top/tb_ppg_jnt_baseline_prefix.vh:630,contracts/PPG_ALIAS_MAPPING_TABLE.md:128,contracts/PPG_ALIAS_MAPPING_TABLE.md:128,"contract_definition,rtl_tag",,,无逐ID独立语义记录；按家族/结构抽查，机械候选不等于活跃验收缺口
JNT-02,JNT,,,rtl/ppg_control_top/tb_ppg_control_top_adc_numeric_scoreboard.v:26;rtl/ppg_control_top/tb_ppg_control_top_adc_numeric_scoreboard.v:27;rtl/ppg_control_top/tb_ppg_control_top_adc_numeric_scoreboard.v:49;rtl/ppg_control_top/tb_ppg_control_top_adc_numeric_scoreboard.v:50;rtl/ppg_control_top/tb_ppg_control_top_adc_numeric_scoreboard.v:52;rtl/ppg_control_top/tb_ppg_control_top_adc_numeric_scoreboard.v:1177;rtl/ppg_control_top/tb_ppg_control_top_baseline_cross.v:32;rtl/ppg_control_top/tb_ppg_control_top_baseline_cross.v:59;rtl/ppg_control_top/tb_ppg_control_top_baseline_cross.v:115;rtl/ppg_control_top/tb_ppg_control_top_baseline_cross.v:136;rtl/ppg_control_top/tb_ppg_control_top_baseline_cross.v:157;rtl/ppg_control_top/tb_ppg_control_top_baseline_cross.v:824;rtl/ppg_control_top/tb_ppg_control_top_baseline_cross.v:828;rtl/ppg_control_top/tb_ppg_control_top_baseline_cross.v:861;rtl/ppg_control_top/tb_ppg_control_top_baseline_cross.v:1409;rtl/ppg_control_top/tb_ppg_control_top_fir_tail_isolation.v:29;rtl/ppg_control_top/tb_ppg_control_top_fir_tail_isolation.v:71;rtl/ppg_control_top/tb_ppg_control_top_fir_tail_isolation.v:770;rtl/ppg_control_top/tb_ppg_control_top_fir_tail_isolation.v:774;rtl/ppg_control_top/tb_ppg_control_top_fir_tail_isolation.v:807;rtl/ppg_control_top/tb_ppg_control_top_fir_tail_isolation.v:1480;rtl/ppg_control_top/tb_ppg_control_top_idac_bus_isolation.v:46;rtl/ppg_control_top/tb_ppg_control_top_idac_bus_isolation.v:50;rtl/ppg_control_top/tb_ppg_control_top_input_light_static_matrix.v:93;rtl/ppg_control_top/tb_ppg_control_top_input_light_static_matrix.v:219;rtl/ppg_control_top/tb_ppg_control_top_input_light_static_matrix.v:261;rtl/ppg_control_top/tb_ppg_control_top_input_light_static_matrix.v:333;rtl/ppg_control_top/tb_ppg_control_top_long_10_cycles.v:29;rtl/ppg_control_top/tb_ppg_control_top_long_10_cycles.v:49;rtl/ppg_control_top/tb_ppg_control_top_long_10_cycles.v:55;rtl/ppg_control_top/tb_ppg_control_top_long_10_cycles.v:118;rtl/ppg_control_top/tb_ppg_control_top_long_10_cycles.v:135;rtl/ppg_control_top/tb_ppg_control_top_long_10_cycles.v:141;rtl/ppg_control_top/tb_ppg_control_top_long_10_cycles.v:878;rtl/ppg_control_top/tb_ppg_control_top_long_10_cycles.v:882;rtl/ppg_control_top/tb_ppg_control_top_long_10_cycles.v:915;rtl/ppg_control_top/tb_ppg_control_top_long_10_cycles.v:948;rtl/ppg_control_top/tb_ppg_control_top_long_10_cycles.v:1639;rtl/ppg_control_top/tb_ppg_control_top_long_10_cycles.v:1644;rtl/ppg_control_top/tb_ppg_control_top_long_10_cycles.v:1650;rtl/ppg_control_top/tb_ppg_control_top_owner_identity_backpressure.v:935;rtl/ppg_control_top/tb_ppg_control_top_peak_valley_return.v:28;rtl/ppg_control_top/tb_ppg_control_top_peak_valley_return.v:69;rtl/ppg_control_top/tb_ppg_control_top_peak_valley_return.v:754;rtl/ppg_control_top/tb_ppg_control_top_peak_valley_return.v:758;rtl/ppg_control_top/tb_ppg_control_top_peak_valley_return.v:791;rtl/ppg_control_top/tb_ppg_control_top_peak_valley_return.v:1368;rtl/ppg_control_top/tb_ppg_control_top_robustness_corner_waveforms.v:37;rtl/ppg_control_top/tb_ppg_control_top_robustness_corner_waveforms.v:67;rtl/ppg_control_top/tb_ppg_control_top_robustness_corner_waveforms.v:851;rtl/ppg_control_top/tb_ppg_control_top_robustness_corner_waveforms.v:1364;rtl/ppg_control_top/tb_ppg_jnt_baseline_prefix.vh:6;rtl/ppg_control_top/tb_ppg_jnt_baseline_prefix.vh:8;rtl/ppg_control_top/tb_ppg_jnt_baseline_prefix.vh:22;rtl/ppg_control_top/tb_ppg_jnt_baseline_prefix.vh:42;rtl/ppg_control_top/tb_ppg_jnt_baseline_prefix.vh:97;rtl/ppg_control_top/tb_ppg_jnt_baseline_prefix.vh:108;rtl/ppg_control_top/tb_ppg_jnt_baseline_prefix.vh:162;rtl/ppg_control_top/tb_ppg_jnt_baseline_prefix.vh:164;rtl/ppg_control_top/tb_ppg_jnt_baseline_prefix.vh:176;rtl/ppg_control_top/tb_ppg_jnt_baseline_prefix.vh:194;rtl/ppg_control_top/tb_ppg_jnt_baseline_prefix.vh:241;rtl/ppg_control_top/tb_ppg_jnt_baseline_prefix.vh:248;rtl/ppg_control_top/tb_ppg_jnt_baseline_prefix.vh:296;rtl/ppg_control_top/tb_ppg_jnt_baseline_prefix.vh:297;rtl/ppg_control_top/tb_ppg_jnt_baseline_prefix.vh:303;rtl/ppg_control_top/tb_ppg_jnt_baseline_prefix.vh:305;rtl/ppg_control_top/tb_ppg_jnt_baseline_prefix.vh:306;rtl/ppg_control_top/tb_ppg_jnt_baseline_prefix.vh:307;rtl/ppg_control_top/tb_ppg_jnt_baseline_prefix.vh:308;rtl/ppg_control_top/tb_ppg_jnt_baseline_prefix.vh:309;rtl/ppg_control_top/tb_ppg_jnt_baseline_prefix.vh:310;rtl/ppg_control_top/tb_ppg_jnt_baseline_prefix.vh:316;rtl/ppg_control_top/tb_ppg_jnt_baseline_prefix.vh:317;rtl/ppg_control_top/tb_ppg_jnt_baseline_prefix.vh:320;rtl/ppg_control_top/tb_ppg_jnt_baseline_prefix.vh:322;rtl/ppg_control_top/tb_ppg_jnt_baseline_prefix.vh:323;rtl/ppg_control_top/tb_ppg_jnt_baseline_prefix.vh:326;rtl/ppg_control_top/tb_ppg_jnt_baseline_prefix.vh:327;rtl/ppg_control_top/tb_ppg_jnt_baseline_prefix.vh:331;rtl/ppg_control_top/tb_ppg_jnt_baseline_prefix.vh:358;rtl/ppg_control_top/tb_ppg_jnt_baseline_prefix.vh:450;rtl/ppg_control_top/tb_ppg_jnt_baseline_prefix.vh:451;rtl/ppg_control_top/tb_ppg_jnt_baseline_prefix.vh:499;rtl/ppg_control_top/tb_ppg_jnt_baseline_prefix.vh:592;rtl/ppg_control_top/tb_ppg_jnt_baseline_prefix.vh:600;rtl/ppg_control_top/tb_ppg_jnt_baseline_prefix.vh:632,contracts/PPG_ALIAS_MAPPING_TABLE.md:128,contracts/PPG_ALIAS_MAPPING_TABLE.md:128,"contract_definition,rtl_tag",,,无逐ID独立语义记录；按家族/结构抽查，机械候选不等于活跃验收缺口
JNT-03,JNT,,,rtl/ppg_control_top/tb_ppg_control_top_adc_numeric_scoreboard.v:26;rtl/ppg_control_top/tb_ppg_control_top_adc_numeric_scoreboard.v:27;rtl/ppg_control_top/tb_ppg_control_top_adc_numeric_scoreboard.v:49;rtl/ppg_control_top/tb_ppg_control_top_adc_numeric_scoreboard.v:50;rtl/ppg_control_top/tb_ppg_control_top_adc_numeric_scoreboard.v:52;rtl/ppg_control_top/tb_ppg_control_top_adc_numeric_scoreboard.v:1177;rtl/ppg_control_top/tb_ppg_control_top_baseline_cross.v:32;rtl/ppg_control_top/tb_ppg_control_top_baseline_cross.v:59;rtl/ppg_control_top/tb_ppg_control_top_baseline_cross.v:115;rtl/ppg_control_top/tb_ppg_control_top_baseline_cross.v:136;rtl/ppg_control_top/tb_ppg_control_top_baseline_cross.v:157;rtl/ppg_control_top/tb_ppg_control_top_baseline_cross.v:824;rtl/ppg_control_top/tb_ppg_control_top_baseline_cross.v:828;rtl/ppg_control_top/tb_ppg_control_top_baseline_cross.v:861;rtl/ppg_control_top/tb_ppg_control_top_baseline_cross.v:1409;rtl/ppg_control_top/tb_ppg_control_top_fir_tail_isolation.v:29;rtl/ppg_control_top/tb_ppg_control_top_fir_tail_isolation.v:71;rtl/ppg_control_top/tb_ppg_control_top_fir_tail_isolation.v:770;rtl/ppg_control_top/tb_ppg_control_top_fir_tail_isolation.v:774;rtl/ppg_control_top/tb_ppg_control_top_fir_tail_isolation.v:807;rtl/ppg_control_top/tb_ppg_control_top_fir_tail_isolation.v:1480;rtl/ppg_control_top/tb_ppg_control_top_idac_bus_isolation.v:46;rtl/ppg_control_top/tb_ppg_control_top_idac_bus_isolation.v:50;rtl/ppg_control_top/tb_ppg_control_top_input_light_static_matrix.v:93;rtl/ppg_control_top/tb_ppg_control_top_input_light_static_matrix.v:219;rtl/ppg_control_top/tb_ppg_control_top_input_light_static_matrix.v:261;rtl/ppg_control_top/tb_ppg_control_top_input_light_static_matrix.v:333;rtl/ppg_control_top/tb_ppg_control_top_long_10_cycles.v:29;rtl/ppg_control_top/tb_ppg_control_top_long_10_cycles.v:49;rtl/ppg_control_top/tb_ppg_control_top_long_10_cycles.v:118;rtl/ppg_control_top/tb_ppg_control_top_long_10_cycles.v:135;rtl/ppg_control_top/tb_ppg_control_top_long_10_cycles.v:878;rtl/ppg_control_top/tb_ppg_control_top_long_10_cycles.v:882;rtl/ppg_control_top/tb_ppg_control_top_long_10_cycles.v:915;rtl/ppg_control_top/tb_ppg_control_top_long_10_cycles.v:948;rtl/ppg_control_top/tb_ppg_control_top_long_10_cycles.v:1639;rtl/ppg_control_top/tb_ppg_control_top_owner_identity_backpressure.v:935;rtl/ppg_control_top/tb_ppg_control_top_peak_valley_return.v:28;rtl/ppg_control_top/tb_ppg_control_top_peak_valley_return.v:69;rtl/ppg_control_top/tb_ppg_control_top_peak_valley_return.v:754;rtl/ppg_control_top/tb_ppg_control_top_peak_valley_return.v:758;rtl/ppg_control_top/tb_ppg_control_top_peak_valley_return.v:791;rtl/ppg_control_top/tb_ppg_control_top_peak_valley_return.v:1368;rtl/ppg_control_top/tb_ppg_control_top_robustness_corner_waveforms.v:37;rtl/ppg_control_top/tb_ppg_control_top_robustness_corner_waveforms.v:67;rtl/ppg_control_top/tb_ppg_control_top_robustness_corner_waveforms.v:851;rtl/ppg_control_top/tb_ppg_control_top_robustness_corner_waveforms.v:1364;rtl/ppg_control_top/tb_ppg_jnt_baseline_prefix.vh:6;rtl/ppg_control_top/tb_ppg_jnt_baseline_prefix.vh:8;rtl/ppg_control_top/tb_ppg_jnt_baseline_prefix.vh:22;rtl/ppg_control_top/tb_ppg_jnt_baseline_prefix.vh:42;rtl/ppg_control_top/tb_ppg_jnt_baseline_prefix.vh:97;rtl/ppg_control_top/tb_ppg_jnt_baseline_prefix.vh:162;rtl/ppg_control_top/tb_ppg_jnt_baseline_prefix.vh:164;rtl/ppg_control_top/tb_ppg_jnt_baseline_prefix.vh:176;rtl/ppg_control_top/tb_ppg_jnt_baseline_prefix.vh:194;rtl/ppg_control_top/tb_ppg_jnt_baseline_prefix.vh:241;rtl/ppg_control_top/tb_ppg_jnt_baseline_prefix.vh:296;rtl/ppg_control_top/tb_ppg_jnt_baseline_prefix.vh:303;rtl/ppg_control_top/tb_ppg_jnt_baseline_prefix.vh:305;rtl/ppg_control_top/tb_ppg_jnt_baseline_prefix.vh:306;rtl/ppg_control_top/tb_ppg_jnt_baseline_prefix.vh:307;rtl/ppg_control_top/tb_ppg_jnt_baseline_prefix.vh:308;rtl/ppg_control_top/tb_ppg_jnt_baseline_prefix.vh:309;rtl/ppg_control_top/tb_ppg_jnt_baseline_prefix.vh:310;rtl/ppg_control_top/tb_ppg_jnt_baseline_prefix.vh:316;rtl/ppg_control_top/tb_ppg_jnt_baseline_prefix.vh:317;rtl/ppg_control_top/tb_ppg_jnt_baseline_prefix.vh:320;rtl/ppg_control_top/tb_ppg_jnt_baseline_prefix.vh:322;rtl/ppg_control_top/tb_ppg_jnt_baseline_prefix.vh:323;rtl/ppg_control_top/tb_ppg_jnt_baseline_prefix.vh:358;rtl/ppg_control_top/tb_ppg_jnt_baseline_prefix.vh:450;rtl/ppg_control_top/tb_ppg_jnt_baseline_prefix.vh:451;rtl/ppg_control_top/tb_ppg_jnt_baseline_prefix.vh:499;rtl/ppg_control_top/tb_ppg_jnt_baseline_prefix.vh:592;rtl/ppg_control_top/tb_ppg_jnt_baseline_prefix.vh:647,contracts/PPG_ALIAS_MAPPING_TABLE.md:128,contracts/PPG_ALIAS_MAPPING_TABLE.md:128,"contract_definition,rtl_tag",,,无逐ID独立语义记录；按家族/结构抽查，机械候选不等于活跃验收缺口
JNT-04,JNT,,,rtl/ppg_control_top/tb_ppg_control_top_adc_numeric_scoreboard.v:26;rtl/ppg_control_top/tb_ppg_control_top_adc_numeric_scoreboard.v:27;rtl/ppg_control_top/tb_ppg_control_top_adc_numeric_scoreboard.v:49;rtl/ppg_control_top/tb_ppg_control_top_adc_numeric_scoreboard.v:50;rtl/ppg_control_top/tb_ppg_control_top_adc_numeric_scoreboard.v:52;rtl/ppg_control_top/tb_ppg_control_top_adc_numeric_scoreboard.v:1177;rtl/ppg_control_top/tb_ppg_control_top_baseline_cross.v:32;rtl/ppg_control_top/tb_ppg_control_top_baseline_cross.v:59;rtl/ppg_control_top/tb_ppg_control_top_baseline_cross.v:115;rtl/ppg_control_top/tb_ppg_control_top_baseline_cross.v:136;rtl/ppg_control_top/tb_ppg_control_top_baseline_cross.v:157;rtl/ppg_control_top/tb_ppg_control_top_baseline_cross.v:824;rtl/ppg_control_top/tb_ppg_control_top_baseline_cross.v:828;rtl/ppg_control_top/tb_ppg_control_top_baseline_cross.v:861;rtl/ppg_control_top/tb_ppg_control_top_baseline_cross.v:1409;rtl/ppg_control_top/tb_ppg_control_top_fir_tail_isolation.v:29;rtl/ppg_control_top/tb_ppg_control_top_fir_tail_isolation.v:71;rtl/ppg_control_top/tb_ppg_control_top_fir_tail_isolation.v:770;rtl/ppg_control_top/tb_ppg_control_top_fir_tail_isolation.v:774;rtl/ppg_control_top/tb_ppg_control_top_fir_tail_isolation.v:807;rtl/ppg_control_top/tb_ppg_control_top_fir_tail_isolation.v:1480;rtl/ppg_control_top/tb_ppg_control_top_idac_bus_isolation.v:46;rtl/ppg_control_top/tb_ppg_control_top_idac_bus_isolation.v:50;rtl/ppg_control_top/tb_ppg_control_top_input_light_static_matrix.v:93;rtl/ppg_control_top/tb_ppg_control_top_input_light_static_matrix.v:219;rtl/ppg_control_top/tb_ppg_control_top_input_light_static_matrix.v:261;rtl/ppg_control_top/tb_ppg_control_top_input_light_static_matrix.v:333;rtl/ppg_control_top/tb_ppg_control_top_long_10_cycles.v:29;rtl/ppg_control_top/tb_ppg_control_top_long_10_cycles.v:49;rtl/ppg_control_top/tb_ppg_control_top_long_10_cycles.v:118;rtl/ppg_control_top/tb_ppg_control_top_long_10_cycles.v:135;rtl/ppg_control_top/tb_ppg_control_top_long_10_cycles.v:878;rtl/ppg_control_top/tb_ppg_control_top_long_10_cycles.v:882;rtl/ppg_control_top/tb_ppg_control_top_long_10_cycles.v:915;rtl/ppg_control_top/tb_ppg_control_top_long_10_cycles.v:948;rtl/ppg_control_top/tb_ppg_control_top_long_10_cycles.v:1639;rtl/ppg_control_top/tb_ppg_control_top_owner_identity_backpressure.v:935;rtl/ppg_control_top/tb_ppg_control_top_peak_valley_return.v:28;rtl/ppg_control_top/tb_ppg_control_top_peak_valley_return.v:69;rtl/ppg_control_top/tb_ppg_control_top_peak_valley_return.v:754;rtl/ppg_control_top/tb_ppg_control_top_peak_valley_return.v:758;rtl/ppg_control_top/tb_ppg_control_top_peak_valley_return.v:791;rtl/ppg_control_top/tb_ppg_control_top_peak_valley_return.v:1368;rtl/ppg_control_top/tb_ppg_control_top_robustness_corner_waveforms.v:37;rtl/ppg_control_top/tb_ppg_control_top_robustness_corner_waveforms.v:67;rtl/ppg_control_top/tb_ppg_control_top_robustness_corner_waveforms.v:851;rtl/ppg_control_top/tb_ppg_control_top_robustness_corner_waveforms.v:1364;rtl/ppg_control_top/tb_ppg_jnt_baseline_prefix.vh:6;rtl/ppg_control_top/tb_ppg_jnt_baseline_prefix.vh:8;rtl/ppg_control_top/tb_ppg_jnt_baseline_prefix.vh:22;rtl/ppg_control_top/tb_ppg_jnt_baseline_prefix.vh:42;rtl/ppg_control_top/tb_ppg_jnt_baseline_prefix.vh:97;rtl/ppg_control_top/tb_ppg_jnt_baseline_prefix.vh:112;rtl/ppg_control_top/tb_ppg_jnt_baseline_prefix.vh:162;rtl/ppg_control_top/tb_ppg_jnt_baseline_prefix.vh:164;rtl/ppg_control_top/tb_ppg_jnt_baseline_prefix.vh:176;rtl/ppg_control_top/tb_ppg_jnt_baseline_prefix.vh:194;rtl/ppg_control_top/tb_ppg_jnt_baseline_prefix.vh:241;rtl/ppg_control_top/tb_ppg_jnt_baseline_prefix.vh:254;rtl/ppg_control_top/tb_ppg_jnt_baseline_prefix.vh:296;rtl/ppg_control_top/tb_ppg_jnt_baseline_prefix.vh:303;rtl/ppg_control_top/tb_ppg_jnt_baseline_prefix.vh:305;rtl/ppg_control_top/tb_ppg_jnt_baseline_prefix.vh:306;rtl/ppg_control_top/tb_ppg_jnt_baseline_prefix.vh:307;rtl/ppg_control_top/tb_ppg_jnt_baseline_prefix.vh:308;rtl/ppg_control_top/tb_ppg_jnt_baseline_prefix.vh:309;rtl/ppg_control_top/tb_ppg_jnt_baseline_prefix.vh:310;rtl/ppg_control_top/tb_ppg_jnt_baseline_prefix.vh:316;rtl/ppg_control_top/tb_ppg_jnt_baseline_prefix.vh:317;rtl/ppg_control_top/tb_ppg_jnt_baseline_prefix.vh:320;rtl/ppg_control_top/tb_ppg_jnt_baseline_prefix.vh:322;rtl/ppg_control_top/tb_ppg_jnt_baseline_prefix.vh:323;rtl/ppg_control_top/tb_ppg_jnt_baseline_prefix.vh:358;rtl/ppg_control_top/tb_ppg_jnt_baseline_prefix.vh:450;rtl/ppg_control_top/tb_ppg_jnt_baseline_prefix.vh:451;rtl/ppg_control_top/tb_ppg_jnt_baseline_prefix.vh:499;rtl/ppg_control_top/tb_ppg_jnt_baseline_prefix.vh:592;rtl/ppg_control_top/tb_ppg_jnt_baseline_prefix.vh:597;rtl/ppg_control_top/tb_ppg_jnt_baseline_prefix.vh:652;rtl/ppg_control_top/tb_ppg_jnt_baseline_prefix.vh:663,contracts/PPG_ALIAS_MAPPING_TABLE.md:128,contracts/PPG_ALIAS_MAPPING_TABLE.md:128,"contract_definition,rtl_tag",,,无逐ID独立语义记录；按家族/结构抽查，机械候选不等于活跃验收缺口
JNT-05,JNT,,,rtl/ppg_control_top/tb_ppg_control_top_adc_numeric_scoreboard.v:26;rtl/ppg_control_top/tb_ppg_control_top_adc_numeric_scoreboard.v:27;rtl/ppg_control_top/tb_ppg_control_top_adc_numeric_scoreboard.v:49;rtl/ppg_control_top/tb_ppg_control_top_adc_numeric_scoreboard.v:50;rtl/ppg_control_top/tb_ppg_control_top_adc_numeric_scoreboard.v:52;rtl/ppg_control_top/tb_ppg_control_top_adc_numeric_scoreboard.v:1177;rtl/ppg_control_top/tb_ppg_control_top_baseline_cross.v:32;rtl/ppg_control_top/tb_ppg_control_top_baseline_cross.v:59;rtl/ppg_control_top/tb_ppg_control_top_baseline_cross.v:115;rtl/ppg_control_top/tb_ppg_control_top_baseline_cross.v:136;rtl/ppg_control_top/tb_ppg_control_top_baseline_cross.v:157;rtl/ppg_control_top/tb_ppg_control_top_baseline_cross.v:824;rtl/ppg_control_top/tb_ppg_control_top_baseline_cross.v:828;rtl/ppg_control_top/tb_ppg_control_top_baseline_cross.v:861;rtl/ppg_control_top/tb_ppg_control_top_baseline_cross.v:1409;rtl/ppg_control_top/tb_ppg_control_top_fir_tail_isolation.v:29;rtl/ppg_control_top/tb_ppg_control_top_fir_tail_isolation.v:71;rtl/ppg_control_top/tb_ppg_control_top_fir_tail_isolation.v:770;rtl/ppg_control_top/tb_ppg_control_top_fir_tail_isolation.v:774;rtl/ppg_control_top/tb_ppg_control_top_fir_tail_isolation.v:807;rtl/ppg_control_top/tb_ppg_control_top_fir_tail_isolation.v:1480;rtl/ppg_control_top/tb_ppg_control_top_idac_bus_isolation.v:46;rtl/ppg_control_top/tb_ppg_control_top_idac_bus_isolation.v:50;rtl/ppg_control_top/tb_ppg_control_top_input_light_static_matrix.v:93;rtl/ppg_control_top/tb_ppg_control_top_input_light_static_matrix.v:219;rtl/ppg_control_top/tb_ppg_control_top_input_light_static_matrix.v:261;rtl/ppg_control_top/tb_ppg_control_top_input_light_static_matrix.v:333;rtl/ppg_control_top/tb_ppg_control_top_long_10_cycles.v:29;rtl/ppg_control_top/tb_ppg_control_top_long_10_cycles.v:49;rtl/ppg_control_top/tb_ppg_control_top_long_10_cycles.v:57;rtl/ppg_control_top/tb_ppg_control_top_long_10_cycles.v:118;rtl/ppg_control_top/tb_ppg_control_top_long_10_cycles.v:135;rtl/ppg_control_top/tb_ppg_control_top_long_10_cycles.v:143;rtl/ppg_control_top/tb_ppg_control_top_long_10_cycles.v:878;rtl/ppg_control_top/tb_ppg_control_top_long_10_cycles.v:882;rtl/ppg_control_top/tb_ppg_control_top_long_10_cycles.v:915;rtl/ppg_control_top/tb_ppg_control_top_long_10_cycles.v:948;rtl/ppg_control_top/tb_ppg_control_top_long_10_cycles.v:949;rtl/ppg_control_top/tb_ppg_control_top_long_10_cycles.v:1639;rtl/ppg_control_top/tb_ppg_control_top_owner_identity_backpressure.v:935;rtl/ppg_control_top/tb_ppg_control_top_peak_valley_return.v:28;rtl/ppg_control_top/tb_ppg_control_top_peak_valley_return.v:69;rtl/ppg_control_top/tb_ppg_control_top_peak_valley_return.v:754;rtl/ppg_control_top/tb_ppg_control_top_peak_valley_return.v:758;rtl/ppg_control_top/tb_ppg_control_top_peak_valley_return.v:791;rtl/ppg_control_top/tb_ppg_control_top_peak_valley_return.v:1368;rtl/ppg_control_top/tb_ppg_control_top_robustness_corner_waveforms.v:37;rtl/ppg_control_top/tb_ppg_control_top_robustness_corner_waveforms.v:67;rtl/ppg_control_top/tb_ppg_control_top_robustness_corner_waveforms.v:851;rtl/ppg_control_top/tb_ppg_control_top_robustness_corner_waveforms.v:1364;rtl/ppg_control_top/tb_ppg_jnt_baseline_prefix.vh:6;rtl/ppg_control_top/tb_ppg_jnt_baseline_prefix.vh:8;rtl/ppg_control_top/tb_ppg_jnt_baseline_prefix.vh:22;rtl/ppg_control_top/tb_ppg_jnt_baseline_prefix.vh:42;rtl/ppg_control_top/tb_ppg_jnt_baseline_prefix.vh:75;rtl/ppg_control_top/tb_ppg_jnt_baseline_prefix.vh:97;rtl/ppg_control_top/tb_ppg_jnt_baseline_prefix.vh:110;rtl/ppg_control_top/tb_ppg_jnt_baseline_prefix.vh:115;rtl/ppg_control_top/tb_ppg_jnt_baseline_prefix.vh:122;rtl/ppg_control_top/tb_ppg_jnt_baseline_prefix.vh:162;rtl/ppg_control_top/tb_ppg_jnt_baseline_prefix.vh:164;rtl/ppg_control_top/tb_ppg_jnt_baseline_prefix.vh:176;rtl/ppg_control_top/tb_ppg_jnt_baseline_prefix.vh:194;rtl/ppg_control_top/tb_ppg_jnt_baseline_prefix.vh:223;rtl/ppg_control_top/tb_ppg_jnt_baseline_prefix.vh:241;rtl/ppg_control_top/tb_ppg_jnt_baseline_prefix.vh:252;rtl/ppg_control_top/tb_ppg_jnt_baseline_prefix.vh:256;rtl/ppg_control_top/tb_ppg_jnt_baseline_prefix.vh:262;rtl/ppg_control_top/tb_ppg_jnt_baseline_prefix.vh:296;rtl/ppg_control_top/tb_ppg_jnt_baseline_prefix.vh:297;rtl/ppg_control_top/tb_ppg_jnt_baseline_prefix.vh:303;rtl/ppg_control_top/tb_ppg_jnt_baseline_prefix.vh:305;rtl/ppg_control_top/tb_ppg_jnt_baseline_prefix.vh:306;rtl/ppg_control_top/tb_ppg_jnt_baseline_prefix.vh:307;rtl/ppg_control_top/tb_ppg_jnt_baseline_prefix.vh:308;rtl/ppg_control_top/tb_ppg_jnt_baseline_prefix.vh:309;rtl/ppg_control_top/tb_ppg_jnt_baseline_prefix.vh:310;rtl/ppg_control_top/tb_ppg_jnt_baseline_prefix.vh:316;rtl/ppg_control_top/tb_ppg_jnt_baseline_prefix.vh:317;rtl/ppg_control_top/tb_ppg_jnt_baseline_prefix.vh:320;rtl/ppg_control_top/tb_ppg_jnt_baseline_prefix.vh:322;rtl/ppg_control_top/tb_ppg_jnt_baseline_prefix.vh:323;rtl/ppg_control_top/tb_ppg_jnt_baseline_prefix.vh:358;rtl/ppg_control_top/tb_ppg_jnt_baseline_prefix.vh:400;rtl/ppg_control_top/tb_ppg_jnt_baseline_prefix.vh:450;rtl/ppg_control_top/tb_ppg_jnt_baseline_prefix.vh:451;rtl/ppg_control_top/tb_ppg_jnt_baseline_prefix.vh:499;rtl/ppg_control_top/tb_ppg_jnt_baseline_prefix.vh:592;rtl/ppg_control_top/tb_ppg_jnt_baseline_prefix.vh:596;rtl/ppg_control_top/tb_ppg_jnt_baseline_prefix.vh:605;rtl/ppg_control_top/tb_ppg_jnt_baseline_prefix.vh:665;rtl/ppg_control_top/tb_ppg_jnt_baseline_prefix.vh:683;rtl/ppg_control_top/tb_ppg_jnt_baseline_prefix.vh:688;rtl/ppg_control_top/tb_ppg_jnt_baseline_prefix.vh:690,contracts/PPG_ALIAS_MAPPING_TABLE.md:128,contracts/PPG_ALIAS_MAPPING_TABLE.md:128,"contract_definition,rtl_tag",,,无逐ID独立语义记录；按家族/结构抽查，机械候选不等于活跃验收缺口
JNT-06,JNT,,,rtl/ppg_control_top/tb_ppg_control_top_adc_numeric_scoreboard.v:26;rtl/ppg_control_top/tb_ppg_control_top_adc_numeric_scoreboard.v:27;rtl/ppg_control_top/tb_ppg_control_top_adc_numeric_scoreboard.v:49;rtl/ppg_control_top/tb_ppg_control_top_adc_numeric_scoreboard.v:50;rtl/ppg_control_top/tb_ppg_control_top_adc_numeric_scoreboard.v:52;rtl/ppg_control_top/tb_ppg_control_top_adc_numeric_scoreboard.v:1177;rtl/ppg_control_top/tb_ppg_control_top_baseline_cross.v:32;rtl/ppg_control_top/tb_ppg_control_top_baseline_cross.v:59;rtl/ppg_control_top/tb_ppg_control_top_baseline_cross.v:115;rtl/ppg_control_top/tb_ppg_control_top_baseline_cross.v:136;rtl/ppg_control_top/tb_ppg_control_top_baseline_cross.v:157;rtl/ppg_control_top/tb_ppg_control_top_baseline_cross.v:824;rtl/ppg_control_top/tb_ppg_control_top_baseline_cross.v:828;rtl/ppg_control_top/tb_ppg_control_top_baseline_cross.v:861;rtl/ppg_control_top/tb_ppg_control_top_baseline_cross.v:1409;rtl/ppg_control_top/tb_ppg_control_top_fir_tail_isolation.v:29;rtl/ppg_control_top/tb_ppg_control_top_fir_tail_isolation.v:71;rtl/ppg_control_top/tb_ppg_control_top_fir_tail_isolation.v:770;rtl/ppg_control_top/tb_ppg_control_top_fir_tail_isolation.v:774;rtl/ppg_control_top/tb_ppg_control_top_fir_tail_isolation.v:807;rtl/ppg_control_top/tb_ppg_control_top_fir_tail_isolation.v:1480;rtl/ppg_control_top/tb_ppg_control_top_idac_bus_isolation.v:46;rtl/ppg_control_top/tb_ppg_control_top_idac_bus_isolation.v:50;rtl/ppg_control_top/tb_ppg_control_top_input_light_static_matrix.v:93;rtl/ppg_control_top/tb_ppg_control_top_input_light_static_matrix.v:219;rtl/ppg_control_top/tb_ppg_control_top_input_light_static_matrix.v:261;rtl/ppg_control_top/tb_ppg_control_top_input_light_static_matrix.v:333;rtl/ppg_control_top/tb_ppg_control_top_long_10_cycles.v:29;rtl/ppg_control_top/tb_ppg_control_top_long_10_cycles.v:49;rtl/ppg_control_top/tb_ppg_control_top_long_10_cycles.v:118;rtl/ppg_control_top/tb_ppg_control_top_long_10_cycles.v:135;rtl/ppg_control_top/tb_ppg_control_top_long_10_cycles.v:878;rtl/ppg_control_top/tb_ppg_control_top_long_10_cycles.v:882;rtl/ppg_control_top/tb_ppg_control_top_long_10_cycles.v:915;rtl/ppg_control_top/tb_ppg_control_top_long_10_cycles.v:948;rtl/ppg_control_top/tb_ppg_control_top_long_10_cycles.v:1639;rtl/ppg_control_top/tb_ppg_control_top_owner_identity_backpressure.v:935;rtl/ppg_control_top/tb_ppg_control_top_peak_valley_return.v:28;rtl/ppg_control_top/tb_ppg_control_top_peak_valley_return.v:69;rtl/ppg_control_top/tb_ppg_control_top_peak_valley_return.v:754;rtl/ppg_control_top/tb_ppg_control_top_peak_valley_return.v:758;rtl/ppg_control_top/tb_ppg_control_top_peak_valley_return.v:791;rtl/ppg_control_top/tb_ppg_control_top_peak_valley_return.v:1368;rtl/ppg_control_top/tb_ppg_control_top_robustness_corner_waveforms.v:37;rtl/ppg_control_top/tb_ppg_control_top_robustness_corner_waveforms.v:67;rtl/ppg_control_top/tb_ppg_control_top_robustness_corner_waveforms.v:851;rtl/ppg_control_top/tb_ppg_control_top_robustness_corner_waveforms.v:1364;rtl/ppg_control_top/tb_ppg_jnt_baseline_prefix.vh:6;rtl/ppg_control_top/tb_ppg_jnt_baseline_prefix.vh:8;rtl/ppg_control_top/tb_ppg_jnt_baseline_prefix.vh:22;rtl/ppg_control_top/tb_ppg_jnt_baseline_prefix.vh:42;rtl/ppg_control_top/tb_ppg_jnt_baseline_prefix.vh:97;rtl/ppg_control_top/tb_ppg_jnt_baseline_prefix.vh:114;rtl/ppg_control_top/tb_ppg_jnt_baseline_prefix.vh:115;rtl/ppg_control_top/tb_ppg_jnt_baseline_prefix.vh:121;rtl/ppg_control_top/tb_ppg_jnt_baseline_prefix.vh:162;rtl/ppg_control_top/tb_ppg_jnt_baseline_prefix.vh:164;rtl/ppg_control_top/tb_ppg_jnt_baseline_prefix.vh:176;rtl/ppg_control_top/tb_ppg_jnt_baseline_prefix.vh:194;rtl/ppg_control_top/tb_ppg_jnt_baseline_prefix.vh:241;rtl/ppg_control_top/tb_ppg_jnt_baseline_prefix.vh:255;rtl/ppg_control_top/tb_ppg_jnt_baseline_prefix.vh:256;rtl/ppg_control_top/tb_ppg_jnt_baseline_prefix.vh:261;rtl/ppg_control_top/tb_ppg_jnt_baseline_prefix.vh:296;rtl/ppg_control_top/tb_ppg_jnt_baseline_prefix.vh:297;rtl/ppg_control_top/tb_ppg_jnt_baseline_prefix.vh:303;rtl/ppg_control_top/tb_ppg_jnt_baseline_prefix.vh:305;rtl/ppg_control_top/tb_ppg_jnt_baseline_prefix.vh:306;rtl/ppg_control_top/tb_ppg_jnt_baseline_prefix.vh:307;rtl/ppg_control_top/tb_ppg_jnt_baseline_prefix.vh:308;rtl/ppg_control_top/tb_ppg_jnt_baseline_prefix.vh:309;rtl/ppg_control_top/tb_ppg_jnt_baseline_prefix.vh:310;rtl/ppg_control_top/tb_ppg_jnt_baseline_prefix.vh:316;rtl/ppg_control_top/tb_ppg_jnt_baseline_prefix.vh:317;rtl/ppg_control_top/tb_ppg_jnt_baseline_prefix.vh:320;rtl/ppg_control_top/tb_ppg_jnt_baseline_prefix.vh:322;rtl/ppg_control_top/tb_ppg_jnt_baseline_prefix.vh:323;rtl/ppg_control_top/tb_ppg_jnt_baseline_prefix.vh:358;rtl/ppg_control_top/tb_ppg_jnt_baseline_prefix.vh:450;rtl/ppg_control_top/tb_ppg_jnt_baseline_prefix.vh:451;rtl/ppg_control_top/tb_ppg_jnt_baseline_prefix.vh:499;rtl/ppg_control_top/tb_ppg_jnt_baseline_prefix.vh:592;rtl/ppg_control_top/tb_ppg_jnt_baseline_prefix.vh:599;rtl/ppg_control_top/tb_ppg_jnt_baseline_prefix.vh:682;rtl/ppg_control_top/tb_ppg_jnt_baseline_prefix.vh:689;rtl/ppg_control_top/tb_ppg_jnt_baseline_prefix.vh:705,contracts/PPG_ALIAS_MAPPING_TABLE.md:128,contracts/PPG_ALIAS_MAPPING_TABLE.md:128,"contract_definition,rtl_tag",,,无逐ID独立语义记录；按家族/结构抽查，机械候选不等于活跃验收缺口
JNT-07,JNT,,,rtl/ppg_control_top/tb_ppg_control_top_adc_numeric_scoreboard.v:26;rtl/ppg_control_top/tb_ppg_control_top_adc_numeric_scoreboard.v:27;rtl/ppg_control_top/tb_ppg_control_top_adc_numeric_scoreboard.v:49;rtl/ppg_control_top/tb_ppg_control_top_adc_numeric_scoreboard.v:50;rtl/ppg_control_top/tb_ppg_control_top_adc_numeric_scoreboard.v:52;rtl/ppg_control_top/tb_ppg_control_top_adc_numeric_scoreboard.v:1177;rtl/ppg_control_top/tb_ppg_control_top_baseline_cross.v:32;rtl/ppg_control_top/tb_ppg_control_top_baseline_cross.v:59;rtl/ppg_control_top/tb_ppg_control_top_baseline_cross.v:115;rtl/ppg_control_top/tb_ppg_control_top_baseline_cross.v:136;rtl/ppg_control_top/tb_ppg_control_top_baseline_cross.v:157;rtl/ppg_control_top/tb_ppg_control_top_baseline_cross.v:824;rtl/ppg_control_top/tb_ppg_control_top_baseline_cross.v:828;rtl/ppg_control_top/tb_ppg_control_top_baseline_cross.v:861;rtl/ppg_control_top/tb_ppg_control_top_baseline_cross.v:1409;rtl/ppg_control_top/tb_ppg_control_top_fir_tail_isolation.v:29;rtl/ppg_control_top/tb_ppg_control_top_fir_tail_isolation.v:71;rtl/ppg_control_top/tb_ppg_control_top_fir_tail_isolation.v:770;rtl/ppg_control_top/tb_ppg_control_top_fir_tail_isolation.v:774;rtl/ppg_control_top/tb_ppg_control_top_fir_tail_isolation.v:807;rtl/ppg_control_top/tb_ppg_control_top_fir_tail_isolation.v:1480;rtl/ppg_control_top/tb_ppg_control_top_idac_bus_isolation.v:46;rtl/ppg_control_top/tb_ppg_control_top_idac_bus_isolation.v:50;rtl/ppg_control_top/tb_ppg_control_top_input_light_static_matrix.v:93;rtl/ppg_control_top/tb_ppg_control_top_input_light_static_matrix.v:219;rtl/ppg_control_top/tb_ppg_control_top_input_light_static_matrix.v:261;rtl/ppg_control_top/tb_ppg_control_top_input_light_static_matrix.v:333;rtl/ppg_control_top/tb_ppg_control_top_long_10_cycles.v:29;rtl/ppg_control_top/tb_ppg_control_top_long_10_cycles.v:49;rtl/ppg_control_top/tb_ppg_control_top_long_10_cycles.v:55;rtl/ppg_control_top/tb_ppg_control_top_long_10_cycles.v:118;rtl/ppg_control_top/tb_ppg_control_top_long_10_cycles.v:135;rtl/ppg_control_top/tb_ppg_control_top_long_10_cycles.v:142;rtl/ppg_control_top/tb_ppg_control_top_long_10_cycles.v:878;rtl/ppg_control_top/tb_ppg_control_top_long_10_cycles.v:882;rtl/ppg_control_top/tb_ppg_control_top_long_10_cycles.v:915;rtl/ppg_control_top/tb_ppg_control_top_long_10_cycles.v:948;rtl/ppg_control_top/tb_ppg_control_top_long_10_cycles.v:949;rtl/ppg_control_top/tb_ppg_control_top_long_10_cycles.v:1639;rtl/ppg_control_top/tb_ppg_control_top_long_10_cycles.v:1644;rtl/ppg_control_top/tb_ppg_control_top_long_10_cycles.v:1650;rtl/ppg_control_top/tb_ppg_control_top_owner_identity_backpressure.v:935;rtl/ppg_control_top/tb_ppg_control_top_peak_valley_return.v:28;rtl/ppg_control_top/tb_ppg_control_top_peak_valley_return.v:69;rtl/ppg_control_top/tb_ppg_control_top_peak_valley_return.v:754;rtl/ppg_control_top/tb_ppg_control_top_peak_valley_return.v:758;rtl/ppg_control_top/tb_ppg_control_top_peak_valley_return.v:791;rtl/ppg_control_top/tb_ppg_control_top_peak_valley_return.v:1368;rtl/ppg_control_top/tb_ppg_control_top_robustness_corner_waveforms.v:37;rtl/ppg_control_top/tb_ppg_control_top_robustness_corner_waveforms.v:67;rtl/ppg_control_top/tb_ppg_control_top_robustness_corner_waveforms.v:851;rtl/ppg_control_top/tb_ppg_control_top_robustness_corner_waveforms.v:1364;rtl/ppg_control_top/tb_ppg_jnt_baseline_prefix.vh:6;rtl/ppg_control_top/tb_ppg_jnt_baseline_prefix.vh:8;rtl/ppg_control_top/tb_ppg_jnt_baseline_prefix.vh:22;rtl/ppg_control_top/tb_ppg_jnt_baseline_prefix.vh:42;rtl/ppg_control_top/tb_ppg_jnt_baseline_prefix.vh:68;rtl/ppg_control_top/tb_ppg_jnt_baseline_prefix.vh:97;rtl/ppg_control_top/tb_ppg_jnt_baseline_prefix.vh:162;rtl/ppg_control_top/tb_ppg_jnt_baseline_prefix.vh:164;rtl/ppg_control_top/tb_ppg_jnt_baseline_prefix.vh:176;rtl/ppg_control_top/tb_ppg_jnt_baseline_prefix.vh:194;rtl/ppg_control_top/tb_ppg_jnt_baseline_prefix.vh:217;rtl/ppg_control_top/tb_ppg_jnt_baseline_prefix.vh:241;rtl/ppg_control_top/tb_ppg_jnt_baseline_prefix.vh:296;rtl/ppg_control_top/tb_ppg_jnt_baseline_prefix.vh:303;rtl/ppg_control_top/tb_ppg_jnt_baseline_prefix.vh:305;rtl/ppg_control_top/tb_ppg_jnt_baseline_prefix.vh:306;rtl/ppg_control_top/tb_ppg_jnt_baseline_prefix.vh:307;rtl/ppg_control_top/tb_ppg_jnt_baseline_prefix.vh:308;rtl/ppg_control_top/tb_ppg_jnt_baseline_prefix.vh:309;rtl/ppg_control_top/tb_ppg_jnt_baseline_prefix.vh:310;rtl/ppg_control_top/tb_ppg_jnt_baseline_prefix.vh:316;rtl/ppg_control_top/tb_ppg_jnt_baseline_prefix.vh:317;rtl/ppg_control_top/tb_ppg_jnt_baseline_prefix.vh:320;rtl/ppg_control_top/tb_ppg_jnt_baseline_prefix.vh:322;rtl/ppg_control_top/tb_ppg_jnt_baseline_prefix.vh:323;rtl/ppg_control_top/tb_ppg_jnt_baseline_prefix.vh:358;rtl/ppg_control_top/tb_ppg_jnt_baseline_prefix.vh:450;rtl/ppg_control_top/tb_ppg_jnt_baseline_prefix.vh:451;rtl/ppg_control_top/tb_ppg_jnt_baseline_prefix.vh:484;rtl/ppg_control_top/tb_ppg_jnt_baseline_prefix.vh:500;rtl/ppg_control_top/tb_ppg_jnt_baseline_prefix.vh:592;rtl/ppg_control_top/tb_ppg_jnt_baseline_prefix.vh:707,contracts/PPG_ALIAS_MAPPING_TABLE.md:128,contracts/PPG_ALIAS_MAPPING_TABLE.md:128,"contract_definition,rtl_tag",,,无逐ID独立语义记录；按家族/结构抽查，机械候选不等于活跃验收缺口
JNT-08,JNT,,,rtl/ppg_control_top/tb_ppg_control_top_adc_numeric_scoreboard.v:26;rtl/ppg_control_top/tb_ppg_control_top_adc_numeric_scoreboard.v:27;rtl/ppg_control_top/tb_ppg_control_top_adc_numeric_scoreboard.v:49;rtl/ppg_control_top/tb_ppg_control_top_adc_numeric_scoreboard.v:50;rtl/ppg_control_top/tb_ppg_control_top_adc_numeric_scoreboard.v:52;rtl/ppg_control_top/tb_ppg_control_top_adc_numeric_scoreboard.v:1177;rtl/ppg_control_top/tb_ppg_control_top_baseline_cross.v:32;rtl/ppg_control_top/tb_ppg_control_top_baseline_cross.v:59;rtl/ppg_control_top/tb_ppg_control_top_baseline_cross.v:115;rtl/ppg_control_top/tb_ppg_control_top_baseline_cross.v:136;rtl/ppg_control_top/tb_ppg_control_top_baseline_cross.v:157;rtl/ppg_control_top/tb_ppg_control_top_baseline_cross.v:824;rtl/ppg_control_top/tb_ppg_control_top_baseline_cross.v:828;rtl/ppg_control_top/tb_ppg_control_top_baseline_cross.v:861;rtl/ppg_control_top/tb_ppg_control_top_baseline_cross.v:1409;rtl/ppg_control_top/tb_ppg_control_top_fir_tail_isolation.v:29;rtl/ppg_control_top/tb_ppg_control_top_fir_tail_isolation.v:71;rtl/ppg_control_top/tb_ppg_control_top_fir_tail_isolation.v:770;rtl/ppg_control_top/tb_ppg_control_top_fir_tail_isolation.v:774;rtl/ppg_control_top/tb_ppg_control_top_fir_tail_isolation.v:807;rtl/ppg_control_top/tb_ppg_control_top_fir_tail_isolation.v:1480;rtl/ppg_control_top/tb_ppg_control_top_idac_bus_isolation.v:46;rtl/ppg_control_top/tb_ppg_control_top_idac_bus_isolation.v:50;rtl/ppg_control_top/tb_ppg_control_top_input_light_static_matrix.v:93;rtl/ppg_control_top/tb_ppg_control_top_input_light_static_matrix.v:219;rtl/ppg_control_top/tb_ppg_control_top_input_light_static_matrix.v:261;rtl/ppg_control_top/tb_ppg_control_top_input_light_static_matrix.v:333;rtl/ppg_control_top/tb_ppg_control_top_long_10_cycles.v:29;rtl/ppg_control_top/tb_ppg_control_top_long_10_cycles.v:49;rtl/ppg_control_top/tb_ppg_control_top_long_10_cycles.v:118;rtl/ppg_control_top/tb_ppg_control_top_long_10_cycles.v:135;rtl/ppg_control_top/tb_ppg_control_top_long_10_cycles.v:878;rtl/ppg_control_top/tb_ppg_control_top_long_10_cycles.v:882;rtl/ppg_control_top/tb_ppg_control_top_long_10_cycles.v:915;rtl/ppg_control_top/tb_ppg_control_top_long_10_cycles.v:948;rtl/ppg_control_top/tb_ppg_control_top_long_10_cycles.v:1639;rtl/ppg_control_top/tb_ppg_control_top_owner_identity_backpressure.v:935;rtl/ppg_control_top/tb_ppg_control_top_peak_valley_return.v:28;rtl/ppg_control_top/tb_ppg_control_top_peak_valley_return.v:69;rtl/ppg_control_top/tb_ppg_control_top_peak_valley_return.v:754;rtl/ppg_control_top/tb_ppg_control_top_peak_valley_return.v:758;rtl/ppg_control_top/tb_ppg_control_top_peak_valley_return.v:791;rtl/ppg_control_top/tb_ppg_control_top_peak_valley_return.v:1368;rtl/ppg_control_top/tb_ppg_control_top_robustness_corner_waveforms.v:37;rtl/ppg_control_top/tb_ppg_control_top_robustness_corner_waveforms.v:67;rtl/ppg_control_top/tb_ppg_control_top_robustness_corner_waveforms.v:851;rtl/ppg_control_top/tb_ppg_control_top_robustness_corner_waveforms.v:1364;rtl/ppg_control_top/tb_ppg_jnt_baseline_prefix.vh:6;rtl/ppg_control_top/tb_ppg_jnt_baseline_prefix.vh:8;rtl/ppg_control_top/tb_ppg_jnt_baseline_prefix.vh:22;rtl/ppg_control_top/tb_ppg_jnt_baseline_prefix.vh:42;rtl/ppg_control_top/tb_ppg_jnt_baseline_prefix.vh:97;rtl/ppg_control_top/tb_ppg_jnt_baseline_prefix.vh:125;rtl/ppg_control_top/tb_ppg_jnt_baseline_prefix.vh:162;rtl/ppg_control_top/tb_ppg_jnt_baseline_prefix.vh:164;rtl/ppg_control_top/tb_ppg_jnt_baseline_prefix.vh:176;rtl/ppg_control_top/tb_ppg_jnt_baseline_prefix.vh:194;rtl/ppg_control_top/tb_ppg_jnt_baseline_prefix.vh:241;rtl/ppg_control_top/tb_ppg_jnt_baseline_prefix.vh:265;rtl/ppg_control_top/tb_ppg_jnt_baseline_prefix.vh:296;rtl/ppg_control_top/tb_ppg_jnt_baseline_prefix.vh:303;rtl/ppg_control_top/tb_ppg_jnt_baseline_prefix.vh:305;rtl/ppg_control_top/tb_ppg_jnt_baseline_prefix.vh:306;rtl/ppg_control_top/tb_ppg_jnt_baseline_prefix.vh:307;rtl/ppg_control_top/tb_ppg_jnt_baseline_prefix.vh:308;rtl/ppg_control_top/tb_ppg_jnt_baseline_prefix.vh:309;rtl/ppg_control_top/tb_ppg_jnt_baseline_prefix.vh:310;rtl/ppg_control_top/tb_ppg_jnt_baseline_prefix.vh:316;rtl/ppg_control_top/tb_ppg_jnt_baseline_prefix.vh:317;rtl/ppg_control_top/tb_ppg_jnt_baseline_prefix.vh:320;rtl/ppg_control_top/tb_ppg_jnt_baseline_prefix.vh:322;rtl/ppg_control_top/tb_ppg_jnt_baseline_prefix.vh:323;rtl/ppg_control_top/tb_ppg_jnt_baseline_prefix.vh:358;rtl/ppg_control_top/tb_ppg_jnt_baseline_prefix.vh:400;rtl/ppg_control_top/tb_ppg_jnt_baseline_prefix.vh:450;rtl/ppg_control_top/tb_ppg_jnt_baseline_prefix.vh:451;rtl/ppg_control_top/tb_ppg_jnt_baseline_prefix.vh:592;rtl/ppg_control_top/tb_ppg_jnt_baseline_prefix.vh:735;rtl/ppg_control_top/tb_ppg_jnt_baseline_prefix.vh:754,contracts/PPG_ALIAS_MAPPING_TABLE.md:128,contracts/PPG_ALIAS_MAPPING_TABLE.md:128,"contract_definition,rtl_tag",,,无逐ID独立语义记录；按家族/结构抽查，机械候选不等于活跃验收缺口
JNT-09,JNT,,,rtl/ppg_control_top/tb_ppg_control_top_adc_numeric_scoreboard.v:26;rtl/ppg_control_top/tb_ppg_control_top_adc_numeric_scoreboard.v:27;rtl/ppg_control_top/tb_ppg_control_top_adc_numeric_scoreboard.v:49;rtl/ppg_control_top/tb_ppg_control_top_adc_numeric_scoreboard.v:50;rtl/ppg_control_top/tb_ppg_control_top_adc_numeric_scoreboard.v:52;rtl/ppg_control_top/tb_ppg_control_top_adc_numeric_scoreboard.v:1177;rtl/ppg_control_top/tb_ppg_control_top_baseline_cross.v:32;rtl/ppg_control_top/tb_ppg_control_top_baseline_cross.v:59;rtl/ppg_control_top/tb_ppg_control_top_baseline_cross.v:115;rtl/ppg_control_top/tb_ppg_control_top_baseline_cross.v:136;rtl/ppg_control_top/tb_ppg_control_top_baseline_cross.v:157;rtl/ppg_control_top/tb_ppg_control_top_baseline_cross.v:824;rtl/ppg_control_top/tb_ppg_control_top_baseline_cross.v:828;rtl/ppg_control_top/tb_ppg_control_top_baseline_cross.v:861;rtl/ppg_control_top/tb_ppg_control_top_baseline_cross.v:1409;rtl/ppg_control_top/tb_ppg_control_top_fir_tail_isolation.v:29;rtl/ppg_control_top/tb_ppg_control_top_fir_tail_isolation.v:71;rtl/ppg_control_top/tb_ppg_control_top_fir_tail_isolation.v:770;rtl/ppg_control_top/tb_ppg_control_top_fir_tail_isolation.v:774;rtl/ppg_control_top/tb_ppg_control_top_fir_tail_isolation.v:807;rtl/ppg_control_top/tb_ppg_control_top_fir_tail_isolation.v:1480;rtl/ppg_control_top/tb_ppg_control_top_idac_bus_isolation.v:46;rtl/ppg_control_top/tb_ppg_control_top_idac_bus_isolation.v:50;rtl/ppg_control_top/tb_ppg_control_top_input_light_static_matrix.v:93;rtl/ppg_control_top/tb_ppg_control_top_input_light_static_matrix.v:219;rtl/ppg_control_top/tb_ppg_control_top_input_light_static_matrix.v:261;rtl/ppg_control_top/tb_ppg_control_top_input_light_static_matrix.v:333;rtl/ppg_control_top/tb_ppg_control_top_long_10_cycles.v:29;rtl/ppg_control_top/tb_ppg_control_top_long_10_cycles.v:49;rtl/ppg_control_top/tb_ppg_control_top_long_10_cycles.v:118;rtl/ppg_control_top/tb_ppg_control_top_long_10_cycles.v:135;rtl/ppg_control_top/tb_ppg_control_top_long_10_cycles.v:878;rtl/ppg_control_top/tb_ppg_control_top_long_10_cycles.v:882;rtl/ppg_control_top/tb_ppg_control_top_long_10_cycles.v:915;rtl/ppg_control_top/tb_ppg_control_top_long_10_cycles.v:948;rtl/ppg_control_top/tb_ppg_control_top_long_10_cycles.v:1639;rtl/ppg_control_top/tb_ppg_control_top_owner_identity_backpressure.v:935;rtl/ppg_control_top/tb_ppg_control_top_peak_valley_return.v:28;rtl/ppg_control_top/tb_ppg_control_top_peak_valley_return.v:69;rtl/ppg_control_top/tb_ppg_control_top_peak_valley_return.v:754;rtl/ppg_control_top/tb_ppg_control_top_peak_valley_return.v:758;rtl/ppg_control_top/tb_ppg_control_top_peak_valley_return.v:791;rtl/ppg_control_top/tb_ppg_control_top_peak_valley_return.v:1368;rtl/ppg_control_top/tb_ppg_control_top_robustness_corner_waveforms.v:37;rtl/ppg_control_top/tb_ppg_control_top_robustness_corner_waveforms.v:67;rtl/ppg_control_top/tb_ppg_control_top_robustness_corner_waveforms.v:851;rtl/ppg_control_top/tb_ppg_control_top_robustness_corner_waveforms.v:1364;rtl/ppg_control_top/tb_ppg_jnt_baseline_prefix.vh:6;rtl/ppg_control_top/tb_ppg_jnt_baseline_prefix.vh:8;rtl/ppg_control_top/tb_ppg_jnt_baseline_prefix.vh:22;rtl/ppg_control_top/tb_ppg_jnt_baseline_prefix.vh:42;rtl/ppg_control_top/tb_ppg_jnt_baseline_prefix.vh:89;rtl/ppg_control_top/tb_ppg_jnt_baseline_prefix.vh:97;rtl/ppg_control_top/tb_ppg_jnt_baseline_prefix.vh:133;rtl/ppg_control_top/tb_ppg_jnt_baseline_prefix.vh:162;rtl/ppg_control_top/tb_ppg_jnt_baseline_prefix.vh:164;rtl/ppg_control_top/tb_ppg_jnt_baseline_prefix.vh:176;rtl/ppg_control_top/tb_ppg_jnt_baseline_prefix.vh:194;rtl/ppg_control_top/tb_ppg_jnt_baseline_prefix.vh:234;rtl/ppg_control_top/tb_ppg_jnt_baseline_prefix.vh:241;rtl/ppg_control_top/tb_ppg_jnt_baseline_prefix.vh:273;rtl/ppg_control_top/tb_ppg_jnt_baseline_prefix.vh:296;rtl/ppg_control_top/tb_ppg_jnt_baseline_prefix.vh:301;rtl/ppg_control_top/tb_ppg_jnt_baseline_prefix.vh:303;rtl/ppg_control_top/tb_ppg_jnt_baseline_prefix.vh:305;rtl/ppg_control_top/tb_ppg_jnt_baseline_prefix.vh:306;rtl/ppg_control_top/tb_ppg_jnt_baseline_prefix.vh:307;rtl/ppg_control_top/tb_ppg_jnt_baseline_prefix.vh:308;rtl/ppg_control_top/tb_ppg_jnt_baseline_prefix.vh:309;rtl/ppg_control_top/tb_ppg_jnt_baseline_prefix.vh:310;rtl/ppg_control_top/tb_ppg_jnt_baseline_prefix.vh:316;rtl/ppg_control_top/tb_ppg_jnt_baseline_prefix.vh:317;rtl/ppg_control_top/tb_ppg_jnt_baseline_prefix.vh:320;rtl/ppg_control_top/tb_ppg_jnt_baseline_prefix.vh:322;rtl/ppg_control_top/tb_ppg_jnt_baseline_prefix.vh:323;rtl/ppg_control_top/tb_ppg_jnt_baseline_prefix.vh:358;rtl/ppg_control_top/tb_ppg_jnt_baseline_prefix.vh:450;rtl/ppg_control_top/tb_ppg_jnt_baseline_prefix.vh:451;rtl/ppg_control_top/tb_ppg_jnt_baseline_prefix.vh:592;rtl/ppg_control_top/tb_ppg_jnt_baseline_prefix.vh:757;rtl/ppg_control_top/tb_ppg_jnt_baseline_prefix.vh:791,contracts/PPG_ALIAS_MAPPING_TABLE.md:128;contracts/PPG_ALIAS_MAPPING_TABLE.md:135,contracts/PPG_ALIAS_MAPPING_TABLE.md:128;contracts/PPG_ALIAS_MAPPING_TABLE.md:135,"contract_definition,rtl_tag",,,无逐ID独立语义记录；按家族/结构抽查，机械候选不等于活跃验收缺口
K01,K,,rtl/ppg_adc_measurement_idac_integration/ppg_adc_measurement_idac_integration.v:1153;rtl/ppg_adc_measurement_idac_integration/ppg_adc_measurement_idac_integration.v:2431;rtl/ppg_adc_measurement_idac_integration/ppg_adc_measurement_idac_integration.v:2576;rtl/ppg_idac_code_controller/ppg_idac_code_controller.v:581;rtl/ppg_idac_code_controller/ppg_idac_code_controller.v:638;rtl/ppg_precision_window_controller/ppg_precision_window_controller.v:138;rtl/ppg_precision_window_integration/ppg_precision_window_integration.v:472;rtl/ppg_precision_window_integration/ppg_precision_window_integration.v:961,,contracts/PPG_CONTRACT_CLOSURE_MATRIX.md:991;contracts/PPG_ALIAS_MAPPING_TABLE.md:58;contracts/PPG_ALIAS_MAPPING_TABLE.md:59;contracts/PPG_ALIAS_MAPPING_TABLE.md:60;contracts/PPG_ALIAS_MAPPING_TABLE.md:61;contracts/PPG_ALIAS_MAPPING_TABLE.md:62,,"contract_definition,tb_text",,,无逐ID独立语义记录；按家族/结构抽查，机械候选不等于活跃验收缺口
K02,K,,rtl/ppg_system_fault_abort_supervisor/ppg_system_fault_abort_supervisor.v:198,rtl/ppg_system_fault_abort_supervisor/tb_ppg_system_fault_abort_supervisor.v:22;rtl/ppg_system_fault_abort_supervisor/tb_ppg_system_fault_abort_supervisor.v:42;rtl/ppg_system_fault_abort_supervisor/tb_ppg_system_fault_abort_supervisor.v:476,contracts/PPG_CONTRACT_CLOSURE_MATRIX.md:992;contracts/PPG_ALIAS_MAPPING_TABLE.md:63,,contract_definition,,,无逐ID独立语义记录；按家族/结构抽查，机械候选不等于活跃验收缺口
K03,K,,rtl/ppg_adc_measurement_idac_integration/ppg_adc_measurement_idac_integration.v:92;rtl/ppg_idac_code_controller/ppg_idac_code_controller.v:61;rtl/ppg_precision_window_integration/ppg_precision_window_integration.v:71,,contracts/PPG_CONTRACT_CLOSURE_MATRIX.md:993;contracts/PPG_ALIAS_MAPPING_TABLE.md:64;contracts/PPG_ALIAS_MAPPING_TABLE.md:65;contracts/PPG_ALIAS_MAPPING_TABLE.md:66,,"contract_definition,tb_text",,,无逐ID独立语义记录；按家族/结构抽查，机械候选不等于活跃验收缺口
K04,K,,rtl/ppg_precision_window_controller/ppg_precision_window_controller.v:267;rtl/ppg_precision_window_integration/ppg_precision_window_integration.v:443,,contracts/PPG_CONTRACT_CLOSURE_MATRIX.md:994;contracts/PPG_ALIAS_MAPPING_TABLE.md:67;contracts/PPG_ALIAS_MAPPING_TABLE.md:68,,"contract_definition,tb_text",,,无逐ID独立语义记录；按家族/结构抽查，机械候选不等于活跃验收缺口
K05,K,,rtl/ppg_precision_window_controller/ppg_precision_window_controller.v:138,,contracts/PPG_CONTRACT_CLOSURE_MATRIX.md:995;contracts/PPG_ALIAS_MAPPING_TABLE.md:69,,"contract_definition,tb_text",,,无逐ID独立语义记录；按家族/结构抽查，机械候选不等于活跃验收缺口
L01,L,,,,contracts/PPG_CONTRACT_CLOSURE_MATRIX.md:996;contracts/PPG_ALIAS_MAPPING_TABLE.md:454,contracts/PPG_ALIAS_MAPPING_TABLE.md:454,"contract_definition,rtl_tag,tb_text",,,无逐ID独立语义记录；按家族/结构抽查，机械候选不等于活跃验收缺口
LFA-01,LFA,contracts/PPG_REAL_PPG_RAW_GENERATOR_TESTBENCH_CONTRACT.md:694,rtl/ppg_400hz_frame_calibration_scheduler/ppg_400hz_frame_calibration_scheduler.v:453;rtl/ppg_idac_code_controller/ppg_idac_code_controller.v:1124,rtl/ppg_control_top/tb_ppg_control_top_lifecycle_fault_adc_anomaly.v:29;rtl/ppg_control_top/tb_ppg_control_top_lifecycle_fault_adc_anomaly.v:34;rtl/ppg_control_top/tb_ppg_control_top_lifecycle_fault_adc_anomaly.v:62;rtl/ppg_control_top/tb_ppg_control_top_lifecycle_fault_adc_anomaly.v:66;rtl/ppg_control_top/tb_ppg_control_top_lifecycle_fault_adc_anomaly.v:989;rtl/ppg_control_top/tb_ppg_control_top_lifecycle_fault_adc_anomaly.v:999;rtl/ppg_control_top/tb_ppg_control_top_lifecycle_fault_adc_anomaly.v:1008;rtl/ppg_control_top/tb_ppg_control_top_lifecycle_fault_adc_anomaly.v:1023;rtl/ppg_control_top/tb_ppg_control_top_lifecycle_fault_adc_anomaly.v:1030;rtl/ppg_control_top/tb_ppg_control_top_lifecycle_fault_adc_anomaly.v:1033;rtl/ppg_control_top/tb_ppg_control_top_lifecycle_fault_adc_anomaly.v:1036;rtl/ppg_control_top/tb_ppg_control_top_lifecycle_fault_adc_anomaly.v:1039;rtl/ppg_control_top/tb_ppg_control_top_lifecycle_fault_adc_anomaly.v:1048;rtl/ppg_control_top/tb_ppg_control_top_lifecycle_fault_adc_anomaly.v:1051;rtl/ppg_control_top/tb_ppg_control_top_lifecycle_fault_adc_anomaly.v:1059;rtl/ppg_control_top/tb_ppg_control_top_lifecycle_fault_adc_anomaly.v:1071;rtl/ppg_control_top/tb_ppg_control_top_lifecycle_fault_adc_anomaly.v:1100,contracts/PPG_ALIAS_MAPPING_TABLE.md:153,,,"B,C",C:\Users\DAWN\.codex\visualizations\2026\10\02\01a0fd78-55cb-7173-9e41-1e0b27c41d49\ppg_review_B\evidence\id_four_link_audit.json;C:\Users\DAWN\.codex\visualizations\2026\10\02\01a0fd78-b9b8-78f2-8e39-c02cd0049c19\ppg_review_C\evidence\id_review_matrix.csv,已合并逐项语义审阅；状态与限制须读原行，非验收CLOSED
LFA-02,LFA,contracts/PPG_REAL_PPG_RAW_GENERATOR_TESTBENCH_CONTRACT.md:695,rtl/ppg_400hz_frame_calibration_scheduler/ppg_400hz_frame_calibration_scheduler.v:453,rtl/ppg_control_top/tb_ppg_control_top_lifecycle_fault_adc_anomaly.v:29;rtl/ppg_control_top/tb_ppg_control_top_lifecycle_fault_adc_anomaly.v:33;rtl/ppg_control_top/tb_ppg_control_top_lifecycle_fault_adc_anomaly.v:62;rtl/ppg_control_top/tb_ppg_control_top_lifecycle_fault_adc_anomaly.v:64;rtl/ppg_control_top/tb_ppg_control_top_lifecycle_fault_adc_anomaly.v:1067;rtl/ppg_control_top/tb_ppg_control_top_lifecycle_fault_adc_anomaly.v:1354;rtl/ppg_control_top/tb_ppg_control_top_lifecycle_fault_adc_anomaly.v:1686;rtl/ppg_control_top/tb_ppg_control_top_lifecycle_fault_adc_anomaly.v:1700;rtl/ppg_control_top/tb_ppg_control_top_lifecycle_fault_adc_anomaly.v:1704;rtl/ppg_control_top/tb_ppg_control_top_lifecycle_fault_adc_anomaly.v:1750,contracts/PPG_ALIAS_MAPPING_TABLE.md:154,,,"B,C",C:\Users\DAWN\.codex\visualizations\2026\10\02\01a0fd78-55cb-7173-9e41-1e0b27c41d49\ppg_review_B\evidence\id_four_link_audit.json;C:\Users\DAWN\.codex\visualizations\2026\10\02\01a0fd78-b9b8-78f2-8e39-c02cd0049c19\ppg_review_C\evidence\id_review_matrix.csv,已合并逐项语义审阅；状态与限制须读原行，非验收CLOSED
LFA-03,LFA,contracts/PPG_REAL_PPG_RAW_GENERATOR_TESTBENCH_CONTRACT.md:696,rtl/ppg_amb_recheck_scheduler/ppg_amb_recheck_scheduler.v:248,rtl/ppg_control_top/tb_ppg_control_top_lifecycle_fault_adc_anomaly.v:29;rtl/ppg_control_top/tb_ppg_control_top_lifecycle_fault_adc_anomaly.v:62;rtl/ppg_control_top/tb_ppg_control_top_lifecycle_fault_adc_anomaly.v:503;rtl/ppg_control_top/tb_ppg_control_top_lifecycle_fault_adc_anomaly.v:510;rtl/ppg_control_top/tb_ppg_control_top_lifecycle_fault_adc_anomaly.v:1859;rtl/ppg_control_top/tb_ppg_control_top_lifecycle_fault_adc_anomaly.v:1916;rtl/ppg_control_top/tb_ppg_control_top_lifecycle_fault_adc_anomaly.v:1930;rtl/ppg_control_top/tb_ppg_control_top_lifecycle_fault_adc_anomaly.v:1945;rtl/ppg_control_top/tb_ppg_control_top_lifecycle_fault_adc_anomaly.v:1955;rtl/ppg_control_top/tb_ppg_control_top_lifecycle_fault_adc_anomaly.v:1961;rtl/ppg_control_top/tb_ppg_control_top_lifecycle_fault_adc_anomaly.v:1964,contracts/PPG_ALIAS_MAPPING_TABLE.md:155,,,"B,C",C:\Users\DAWN\.codex\visualizations\2026\10\02\01a0fd78-55cb-7173-9e41-1e0b27c41d49\ppg_review_B\evidence\id_four_link_audit.json;C:\Users\DAWN\.codex\visualizations\2026\10\02\01a0fd78-b9b8-78f2-8e39-c02cd0049c19\ppg_review_C\evidence\id_review_matrix.csv,已合并逐项语义审阅；状态与限制须读原行，非验收CLOSED
LFA-04,LFA,contracts/PPG_REAL_PPG_RAW_GENERATOR_TESTBENCH_CONTRACT.md:697,rtl/ppg_adc_measurement_idac_integration/ppg_adc_measurement_idac_integration.v:1226;rtl/ppg_adc_measurement_idac_integration/ppg_adc_measurement_idac_integration.v:1496,rtl/ppg_control_top/tb_ppg_control_top_lifecycle_fault_adc_anomaly.v:28;rtl/ppg_control_top/tb_ppg_control_top_lifecycle_fault_adc_anomaly.v:29;rtl/ppg_control_top/tb_ppg_control_top_lifecycle_fault_adc_anomaly.v:34;rtl/ppg_control_top/tb_ppg_control_top_lifecycle_fault_adc_anomaly.v:35;rtl/ppg_control_top/tb_ppg_control_top_lifecycle_fault_adc_anomaly.v:61;rtl/ppg_control_top/tb_ppg_control_top_lifecycle_fault_adc_anomaly.v:62;rtl/ppg_control_top/tb_ppg_control_top_lifecycle_fault_adc_anomaly.v:66;rtl/ppg_control_top/tb_ppg_control_top_lifecycle_fault_adc_anomaly.v:67;rtl/ppg_control_top/tb_ppg_control_top_lifecycle_fault_adc_anomaly.v:1183;rtl/ppg_control_top/tb_ppg_control_top_lifecycle_fault_adc_anomaly.v:1188;rtl/ppg_control_top/tb_ppg_control_top_lifecycle_fault_adc_anomaly.v:1197;rtl/ppg_control_top/tb_ppg_control_top_lifecycle_fault_adc_anomaly.v:1205;rtl/ppg_control_top/tb_ppg_control_top_lifecycle_fault_adc_anomaly.v:1208;rtl/ppg_control_top/tb_ppg_control_top_lifecycle_fault_adc_anomaly.v:1211;rtl/ppg_control_top/tb_ppg_control_top_lifecycle_fault_adc_anomaly.v:1232;rtl/ppg_control_top/tb_ppg_control_top_lifecycle_fault_adc_anomaly.v:1653;rtl/ppg_control_top/tb_ppg_control_top_owner_identity_backpressure.v:1460;rtl/ppg_control_top/tb_ppg_control_top_owner_identity_backpressure.v:1495,contracts/PPG_ALIAS_MAPPING_TABLE.md:135;contracts/PPG_ALIAS_MAPPING_TABLE.md:475,contracts/PPG_ALIAS_MAPPING_TABLE.md:135,,"B,C",C:\Users\DAWN\.codex\visualizations\2026\10\02\01a0fd78-55cb-7173-9e41-1e0b27c41d49\ppg_review_B\evidence\id_four_link_audit.json;C:\Users\DAWN\.codex\visualizations\2026\10\02\01a0fd78-b9b8-78f2-8e39-c02cd0049c19\ppg_review_C\evidence\id_review_matrix.csv,已合并逐项语义审阅；状态与限制须读原行，非验收CLOSED
LFA-05,LFA,contracts/PPG_REAL_PPG_RAW_GENERATOR_TESTBENCH_CONTRACT.md:698,rtl/ppg_400hz_frame_calibration_scheduler/ppg_400hz_frame_calibration_scheduler.v:878;rtl/ppg_adc_async_stage_capture/ppg_adc_async_stage_capture.v:107,rtl/ppg_control_top/tb_ppg_control_top_lifecycle_fault_adc_anomaly.v:28;rtl/ppg_control_top/tb_ppg_control_top_lifecycle_fault_adc_anomaly.v:29;rtl/ppg_control_top/tb_ppg_control_top_lifecycle_fault_adc_anomaly.v:34;rtl/ppg_control_top/tb_ppg_control_top_lifecycle_fault_adc_anomaly.v:61;rtl/ppg_control_top/tb_ppg_control_top_lifecycle_fault_adc_anomaly.v:62;rtl/ppg_control_top/tb_ppg_control_top_lifecycle_fault_adc_anomaly.v:66;rtl/ppg_control_top/tb_ppg_control_top_lifecycle_fault_adc_anomaly.v:1968;rtl/ppg_control_top/tb_ppg_control_top_lifecycle_fault_adc_anomaly.v:1978;rtl/ppg_control_top/tb_ppg_control_top_lifecycle_fault_adc_anomaly.v:1988;rtl/ppg_control_top/tb_ppg_control_top_lifecycle_fault_adc_anomaly.v:2004;rtl/ppg_control_top/tb_ppg_control_top_lifecycle_fault_adc_anomaly.v:2007;rtl/ppg_control_top/tb_ppg_control_top_lifecycle_fault_adc_anomaly.v:2023;rtl/ppg_control_top/tb_ppg_control_top_lifecycle_fault_adc_anomaly.v:2063;rtl/ppg_control_top/tb_ppg_control_top_lifecycle_fault_adc_anomaly.v:2077;rtl/ppg_control_top/tb_ppg_control_top_lifecycle_fault_adc_anomaly.v:2080;rtl/ppg_control_top/tb_ppg_control_top_lifecycle_fault_adc_anomaly.v:2083,contracts/PPG_ALIAS_MAPPING_TABLE.md:156,,,"B,C",C:\Users\DAWN\.codex\visualizations\2026\10\02\01a0fd78-55cb-7173-9e41-1e0b27c41d49\ppg_review_B\evidence\id_four_link_audit.json;C:\Users\DAWN\.codex\visualizations\2026\10\02\01a0fd78-b9b8-78f2-8e39-c02cd0049c19\ppg_review_C\evidence\id_review_matrix.csv,已合并逐项语义审阅；状态与限制须读原行，非验收CLOSED
LFA-06,LFA,contracts/PPG_REAL_PPG_RAW_GENERATOR_TESTBENCH_CONTRACT.md:699,,rtl/ppg_400hz_frame_calibration_scheduler/tb_ppg_400hz_frame_calibration_scheduler.v:23;rtl/ppg_400hz_frame_calibration_scheduler/tb_ppg_400hz_frame_calibration_scheduler.v:44;rtl/ppg_400hz_frame_calibration_scheduler/tb_ppg_400hz_frame_calibration_scheduler.v:276;rtl/ppg_control_top/tb_ppg_control_top_lifecycle_fault_adc_anomaly.v:28;rtl/ppg_control_top/tb_ppg_control_top_lifecycle_fault_adc_anomaly.v:29;rtl/ppg_control_top/tb_ppg_control_top_lifecycle_fault_adc_anomaly.v:31;rtl/ppg_control_top/tb_ppg_control_top_lifecycle_fault_adc_anomaly.v:34;rtl/ppg_control_top/tb_ppg_control_top_lifecycle_fault_adc_anomaly.v:35;rtl/ppg_control_top/tb_ppg_control_top_lifecycle_fault_adc_anomaly.v:61;rtl/ppg_control_top/tb_ppg_control_top_lifecycle_fault_adc_anomaly.v:62;rtl/ppg_control_top/tb_ppg_control_top_lifecycle_fault_adc_anomaly.v:66;rtl/ppg_control_top/tb_ppg_control_top_lifecycle_fault_adc_anomaly.v:67;rtl/ppg_control_top/tb_ppg_control_top_lifecycle_fault_adc_anomaly.v:2101;rtl/ppg_control_top/tb_ppg_control_top_lifecycle_fault_adc_anomaly.v:2133;rtl/ppg_control_top/tb_ppg_control_top_lifecycle_fault_adc_anomaly.v:2143;rtl/ppg_control_top/tb_ppg_control_top_lifecycle_fault_adc_anomaly.v:2147;rtl/ppg_control_top/tb_ppg_control_top_lifecycle_fault_adc_anomaly.v:2150;rtl/ppg_control_top/tb_ppg_control_top_lifecycle_fault_adc_anomaly.v:2153;rtl/ppg_control_top/tb_ppg_control_top_lifecycle_fault_adc_anomaly.v:2156;rtl/ppg_control_top/tb_ppg_control_top_owner_identity_backpressure.v:26;rtl/ppg_control_top/tb_ppg_control_top_owner_identity_backpressure.v:28;rtl/ppg_control_top/tb_ppg_control_top_owner_identity_backpressure.v:30;rtl/ppg_control_top/tb_ppg_control_top_owner_identity_backpressure.v:57;rtl/ppg_control_top/tb_ppg_control_top_owner_identity_backpressure.v:59;rtl/ppg_control_top/tb_ppg_control_top_owner_identity_backpressure.v:61;rtl/ppg_control_top/tb_ppg_control_top_robustness_corner_waveforms.v:33;rtl/ppg_control_top/tb_ppg_control_top_robustness_corner_waveforms.v:34;rtl/ppg_control_top/tb_ppg_control_top_robustness_corner_waveforms.v:38;rtl/ppg_control_top/tb_ppg_control_top_robustness_corner_waveforms.v:63;rtl/ppg_control_top/tb_ppg_control_top_robustness_corner_waveforms.v:64;rtl/ppg_control_top/tb_ppg_control_top_robustness_corner_waveforms.v:68;rtl/ppg_control_top/tb_ppg_control_top_robustness_corner_waveforms.v:1632,contracts/PPG_ALIAS_MAPPING_TABLE.md:163,,rtl_tag,"B,C",C:\Users\DAWN\.codex\visualizations\2026\10\02\01a0fd78-55cb-7173-9e41-1e0b27c41d49\ppg_review_B\evidence\id_four_link_audit.json;C:\Users\DAWN\.codex\visualizations\2026\10\02\01a0fd78-b9b8-78f2-8e39-c02cd0049c19\ppg_review_C\evidence\id_review_matrix.csv,已合并逐项语义审阅；状态与限制须读原行，非验收CLOSED
LFA-07,LFA,contracts/PPG_REAL_PPG_RAW_GENERATOR_TESTBENCH_CONTRACT.md:700,rtl/ppg_adc_async_stage_capture/ppg_adc_async_stage_capture.v:107,rtl/ppg_control_top/tb_ppg_control_top_lifecycle_fault_adc_anomaly.v:28;rtl/ppg_control_top/tb_ppg_control_top_lifecycle_fault_adc_anomaly.v:29;rtl/ppg_control_top/tb_ppg_control_top_lifecycle_fault_adc_anomaly.v:34;rtl/ppg_control_top/tb_ppg_control_top_lifecycle_fault_adc_anomaly.v:61;rtl/ppg_control_top/tb_ppg_control_top_lifecycle_fault_adc_anomaly.v:62;rtl/ppg_control_top/tb_ppg_control_top_lifecycle_fault_adc_anomaly.v:66;rtl/ppg_control_top/tb_ppg_control_top_lifecycle_fault_adc_anomaly.v:816;rtl/ppg_control_top/tb_ppg_control_top_lifecycle_fault_adc_anomaly.v:1246;rtl/ppg_control_top/tb_ppg_control_top_lifecycle_fault_adc_anomaly.v:1253;rtl/ppg_control_top/tb_ppg_control_top_lifecycle_fault_adc_anomaly.v:1280;rtl/ppg_control_top/tb_ppg_control_top_lifecycle_fault_adc_anomaly.v:1303;rtl/ppg_control_top/tb_ppg_control_top_lifecycle_fault_adc_anomaly.v:1308;rtl/ppg_control_top/tb_ppg_control_top_lifecycle_fault_adc_anomaly.v:1311;rtl/ppg_control_top/tb_ppg_control_top_lifecycle_fault_adc_anomaly.v:1314;rtl/ppg_control_top/tb_ppg_control_top_lifecycle_fault_adc_anomaly.v:1318;rtl/ppg_control_top/tb_ppg_control_top_lifecycle_fault_adc_anomaly.v:1329;rtl/ppg_control_top/tb_ppg_control_top_lifecycle_fault_adc_anomaly.v:1332;rtl/ppg_control_top/tb_ppg_control_top_lifecycle_fault_adc_anomaly.v:1340;rtl/ppg_control_top/tb_ppg_control_top_lifecycle_fault_adc_anomaly.v:2071;rtl/ppg_control_top/tb_ppg_control_top_owner_identity_backpressure.v:1684,contracts/PPG_ALIAS_MAPPING_TABLE.md:157,,,"B,C",C:\Users\DAWN\.codex\visualizations\2026\10\02\01a0fd78-55cb-7173-9e41-1e0b27c41d49\ppg_review_B\evidence\id_four_link_audit.json;C:\Users\DAWN\.codex\visualizations\2026\10\02\01a0fd78-b9b8-78f2-8e39-c02cd0049c19\ppg_review_C\evidence\id_review_matrix.csv,已合并逐项语义审阅；状态与限制须读原行，非验收CLOSED
LFA-08,LFA,contracts/PPG_REAL_PPG_RAW_GENERATOR_TESTBENCH_CONTRACT.md:701,,rtl/ppg_control_top/tb_ppg_control_top_injection.v:21;rtl/ppg_control_top/tb_ppg_control_top_injection.v:41;rtl/ppg_control_top/tb_ppg_control_top_injection.v:45;rtl/ppg_control_top/tb_ppg_control_top_injection.v:107;rtl/ppg_control_top/tb_ppg_control_top_injection.v:123;rtl/ppg_control_top/tb_ppg_control_top_injection.v:124;rtl/ppg_control_top/tb_ppg_control_top_injection.v:727;rtl/ppg_control_top/tb_ppg_control_top_injection.v:852;rtl/ppg_control_top/tb_ppg_control_top_injection.v:856;rtl/ppg_control_top/tb_ppg_control_top_injection.v:880;rtl/ppg_control_top/tb_ppg_control_top_injection.v:883;rtl/ppg_control_top/tb_ppg_control_top_injection.v:904;rtl/ppg_control_top/tb_ppg_control_top_lifecycle_fault_adc_anomaly.v:29;rtl/ppg_control_top/tb_ppg_control_top_lifecycle_fault_adc_anomaly.v:30;rtl/ppg_control_top/tb_ppg_control_top_lifecycle_fault_adc_anomaly.v:62;rtl/ppg_control_top/tb_ppg_control_top_robustness_corner_waveforms.v:37;rtl/ppg_control_top/tb_ppg_control_top_robustness_corner_waveforms.v:67;rtl/ppg_control_top/tb_ppg_control_top_robustness_corner_waveforms.v:1715;rtl/ppg_control_top/tb_ppg_control_top_startup_idac_calibration.v:27;rtl/ppg_control_top/tb_ppg_control_top_startup_idac_calibration.v:55;rtl/ppg_control_top/tb_ppg_control_top_startup_idac_calibration.v:915;rtl/ppg_control_top/tb_ppg_control_top_startup_idac_calibration.v:982,contracts/PPG_ALIAS_MAPPING_TABLE.md:47;contracts/PPG_ALIAS_MAPPING_TABLE.md:455,,rtl_tag,"B,C",C:\Users\DAWN\.codex\visualizations\2026\10\02\01a0fd78-55cb-7173-9e41-1e0b27c41d49\ppg_review_B\evidence\id_four_link_audit.json;C:\Users\DAWN\.codex\visualizations\2026\10\02\01a0fd78-b9b8-78f2-8e39-c02cd0049c19\ppg_review_C\evidence\id_review_matrix.csv,已合并逐项语义审阅；状态与限制须读原行，非验收CLOSED
LFA-09,LFA,contracts/PPG_REAL_PPG_RAW_GENERATOR_TESTBENCH_CONTRACT.md:702,rtl/ppg_400hz_frame_calibration_scheduler/ppg_400hz_frame_calibration_scheduler.v:739,rtl/ppg_control_top/tb_ppg_control_top_lifecycle_fault_adc_anomaly.v:29;rtl/ppg_control_top/tb_ppg_control_top_lifecycle_fault_adc_anomaly.v:32;rtl/ppg_control_top/tb_ppg_control_top_lifecycle_fault_adc_anomaly.v:34;rtl/ppg_control_top/tb_ppg_control_top_lifecycle_fault_adc_anomaly.v:62;rtl/ppg_control_top/tb_ppg_control_top_lifecycle_fault_adc_anomaly.v:63;rtl/ppg_control_top/tb_ppg_control_top_lifecycle_fault_adc_anomaly.v:66;rtl/ppg_control_top/tb_ppg_control_top_lifecycle_fault_adc_anomaly.v:1107;rtl/ppg_control_top/tb_ppg_control_top_lifecycle_fault_adc_anomaly.v:1146;rtl/ppg_control_top/tb_ppg_control_top_lifecycle_fault_adc_anomaly.v:1149;rtl/ppg_control_top/tb_ppg_control_top_lifecycle_fault_adc_anomaly.v:1153;rtl/ppg_control_top/tb_ppg_control_top_lifecycle_fault_adc_anomaly.v:1156;rtl/ppg_control_top/tb_ppg_control_top_lifecycle_fault_adc_anomaly.v:1169;rtl/ppg_control_top/tb_ppg_control_top_lifecycle_fault_adc_anomaly.v:1286;rtl/ppg_control_top/tb_ppg_control_top_owner_identity_backpressure.v:30;rtl/ppg_control_top/tb_ppg_control_top_owner_identity_backpressure.v:32;rtl/ppg_control_top/tb_ppg_control_top_owner_identity_backpressure.v:61;rtl/ppg_control_top/tb_ppg_control_top_owner_identity_backpressure.v:63;rtl/ppg_control_top/tb_ppg_control_top_owner_identity_backpressure.v:1058,contracts/PPG_ALIAS_MAPPING_TABLE.md:158,,,"B,C",C:\Users\DAWN\.codex\visualizations\2026\10\02\01a0fd78-55cb-7173-9e41-1e0b27c41d49\ppg_review_B\evidence\id_four_link_audit.json;C:\Users\DAWN\.codex\visualizations\2026\10\02\01a0fd78-b9b8-78f2-8e39-c02cd0049c19\ppg_review_C\evidence\id_review_matrix.csv,已合并逐项语义审阅；状态与限制须读原行，非验收CLOSED
LFA-10,LFA,contracts/PPG_REAL_PPG_RAW_GENERATOR_TESTBENCH_CONTRACT.md:703,rtl/ppg_sar9_sar15_safe_selection_wrapper/ppg_sar9_sar15_safe_selection_wrapper.v:440,rtl/ppg_control_top/tb_ppg_control_top_baseline_cross.v:25;rtl/ppg_control_top/tb_ppg_control_top_baseline_cross.v:26;rtl/ppg_control_top/tb_ppg_control_top_baseline_cross.v:108;rtl/ppg_control_top/tb_ppg_control_top_baseline_cross.v:109;rtl/ppg_control_top/tb_ppg_control_top_baseline_cross.v:1590;rtl/ppg_control_top/tb_ppg_control_top_baseline_cross.v:1616;rtl/ppg_control_top/tb_ppg_control_top_lifecycle_fault_adc_anomaly.v:29;rtl/ppg_control_top/tb_ppg_control_top_lifecycle_fault_adc_anomaly.v:32;rtl/ppg_control_top/tb_ppg_control_top_lifecycle_fault_adc_anomaly.v:33;rtl/ppg_control_top/tb_ppg_control_top_lifecycle_fault_adc_anomaly.v:34;rtl/ppg_control_top/tb_ppg_control_top_lifecycle_fault_adc_anomaly.v:35;rtl/ppg_control_top/tb_ppg_control_top_lifecycle_fault_adc_anomaly.v:62;rtl/ppg_control_top/tb_ppg_control_top_lifecycle_fault_adc_anomaly.v:63;rtl/ppg_control_top/tb_ppg_control_top_lifecycle_fault_adc_anomaly.v:64;rtl/ppg_control_top/tb_ppg_control_top_lifecycle_fault_adc_anomaly.v:66;rtl/ppg_control_top/tb_ppg_control_top_lifecycle_fault_adc_anomaly.v:67;rtl/ppg_control_top/tb_ppg_control_top_lifecycle_fault_adc_anomaly.v:161;rtl/ppg_control_top/tb_ppg_control_top_lifecycle_fault_adc_anomaly.v:1700;rtl/ppg_control_top/tb_ppg_control_top_lifecycle_fault_adc_anomaly.v:1705;rtl/ppg_control_top/tb_ppg_control_top_lifecycle_fault_adc_anomaly.v:1766;rtl/ppg_control_top/tb_ppg_control_top_lifecycle_fault_adc_anomaly.v:1859;rtl/ppg_control_top/tb_ppg_control_top_lifecycle_fault_adc_anomaly.v:1873;rtl/ppg_control_top/tb_ppg_control_top_lifecycle_fault_adc_anomaly.v:1902;rtl/ppg_control_top/tb_ppg_control_top_lifecycle_fault_adc_anomaly.v:1905;rtl/ppg_control_top/tb_ppg_control_top_lifecycle_fault_adc_anomaly.v:1908;rtl/ppg_control_top/tb_ppg_control_top_owner_identity_backpressure.v:26;rtl/ppg_control_top/tb_ppg_control_top_owner_identity_backpressure.v:27;rtl/ppg_control_top/tb_ppg_control_top_owner_identity_backpressure.v:57;rtl/ppg_control_top/tb_ppg_control_top_owner_identity_backpressure.v:58;rtl/ppg_control_top/tb_ppg_control_top_robustness_corner_waveforms.v:33;rtl/ppg_control_top/tb_ppg_control_top_robustness_corner_waveforms.v:63;rtl/ppg_control_top/tb_ppg_control_top_robustness_corner_waveforms.v:1632,contracts/PPG_ALIAS_MAPPING_TABLE.md:163,,,"B,C",C:\Users\DAWN\.codex\visualizations\2026\10\02\01a0fd78-55cb-7173-9e41-1e0b27c41d49\ppg_review_B\evidence\id_four_link_audit.json;C:\Users\DAWN\.codex\visualizations\2026\10\02\01a0fd78-b9b8-78f2-8e39-c02cd0049c19\ppg_review_C\evidence\id_review_matrix.csv,已合并逐项语义审阅；状态与限制须读原行，非验收CLOSED
LFA-11,LFA,contracts/PPG_REAL_PPG_RAW_GENERATOR_TESTBENCH_CONTRACT.md:704,rtl/ppg_system_fault_abort_supervisor/ppg_system_fault_abort_supervisor.v:200,rtl/ppg_control_top/tb_ppg_control_top_lifecycle_fault_adc_anomaly.v:29;rtl/ppg_control_top/tb_ppg_control_top_lifecycle_fault_adc_anomaly.v:33;rtl/ppg_control_top/tb_ppg_control_top_lifecycle_fault_adc_anomaly.v:34;rtl/ppg_control_top/tb_ppg_control_top_lifecycle_fault_adc_anomaly.v:62;rtl/ppg_control_top/tb_ppg_control_top_lifecycle_fault_adc_anomaly.v:64;rtl/ppg_control_top/tb_ppg_control_top_lifecycle_fault_adc_anomaly.v:66;rtl/ppg_control_top/tb_ppg_control_top_lifecycle_fault_adc_anomaly.v:1700;rtl/ppg_control_top/tb_ppg_control_top_lifecycle_fault_adc_anomaly.v:1706;rtl/ppg_control_top/tb_ppg_control_top_lifecycle_fault_adc_anomaly.v:1783,contracts/PPG_ALIAS_MAPPING_TABLE.md:159,,,"B,C",C:\Users\DAWN\.codex\visualizations\2026\10\02\01a0fd78-55cb-7173-9e41-1e0b27c41d49\ppg_review_B\evidence\id_four_link_audit.json;C:\Users\DAWN\.codex\visualizations\2026\10\02\01a0fd78-b9b8-78f2-8e39-c02cd0049c19\ppg_review_C\evidence\id_review_matrix.csv,已合并逐项语义审阅；状态与限制须读原行，非验收CLOSED
LFA-12,LFA,contracts/PPG_REAL_PPG_RAW_GENERATOR_TESTBENCH_CONTRACT.md:705,rtl/ppg_idac_code_controller/ppg_idac_code_controller.v:1138,rtl/ppg_control_top/tb_ppg_control_top_lifecycle_fault_adc_anomaly.v:28;rtl/ppg_control_top/tb_ppg_control_top_lifecycle_fault_adc_anomaly.v:29;rtl/ppg_control_top/tb_ppg_control_top_lifecycle_fault_adc_anomaly.v:34;rtl/ppg_control_top/tb_ppg_control_top_lifecycle_fault_adc_anomaly.v:61;rtl/ppg_control_top/tb_ppg_control_top_lifecycle_fault_adc_anomaly.v:62;rtl/ppg_control_top/tb_ppg_control_top_lifecycle_fault_adc_anomaly.v:66;rtl/ppg_control_top/tb_ppg_control_top_lifecycle_fault_adc_anomaly.v:1065;rtl/ppg_control_top/tb_ppg_control_top_lifecycle_fault_adc_anomaly.v:1083;rtl/ppg_control_top/tb_ppg_control_top_lifecycle_fault_adc_anomaly.v:1095;rtl/ppg_control_top/tb_ppg_control_top_lifecycle_fault_adc_anomaly.v:1100;rtl/ppg_control_top/tb_ppg_control_top_lifecycle_fault_adc_anomaly.v:1105;rtl/ppg_control_top/tb_ppg_control_top_lifecycle_fault_adc_anomaly.v:1968;rtl/ppg_control_top/tb_ppg_control_top_lifecycle_fault_adc_anomaly.v:2040;rtl/ppg_control_top/tb_ppg_control_top_lifecycle_fault_adc_anomaly.v:2096;rtl/ppg_control_top/tb_ppg_control_top_lifecycle_fault_adc_anomaly.v:2099,contracts/PPG_ALIAS_MAPPING_TABLE.md:160,,,"B,C",C:\Users\DAWN\.codex\visualizations\2026\10\02\01a0fd78-55cb-7173-9e41-1e0b27c41d49\ppg_review_B\evidence\id_four_link_audit.json;C:\Users\DAWN\.codex\visualizations\2026\10\02\01a0fd78-b9b8-78f2-8e39-c02cd0049c19\ppg_review_C\evidence\id_review_matrix.csv,已合并逐项语义审阅；状态与限制须读原行，非验收CLOSED
MGR-01,MGR,contracts/ppg_system_config_manager_semantic_contract.md:338,,rtl/ppg_system_config_manager/tb_ppg_system_config_manager.v:174;rtl/ppg_system_config_manager/tb_ppg_system_config_manager.v:178;rtl/ppg_system_config_manager/tb_ppg_system_config_manager.v:179;rtl/ppg_system_config_manager/tb_ppg_system_config_manager.v:929,,,"rtl_tag,matrix_or_alias",D,C:\Users\DAWN\.codex\visualizations\2026\10\02\01a0fd78-edf3-7221-9fc4-3dd2391369a9\ppg_review_D\evidence\id_local_D.json,已合并逐项语义审阅；状态与限制须读原行，非验收CLOSED
MGR-02,MGR,contracts/ppg_system_config_manager_semantic_contract.md:339,,rtl/ppg_system_config_manager/tb_ppg_system_config_manager.v:216;rtl/ppg_system_config_manager/tb_ppg_system_config_manager.v:224;rtl/ppg_system_config_manager/tb_ppg_system_config_manager.v:225;rtl/ppg_system_config_manager/tb_ppg_system_config_manager.v:229;rtl/ppg_system_config_manager/tb_ppg_system_config_manager.v:232;rtl/ppg_system_config_manager/tb_ppg_system_config_manager.v:238;rtl/ppg_system_config_manager/tb_ppg_system_config_manager.v:239;rtl/ppg_system_config_manager/tb_ppg_system_config_manager.v:929,,,"rtl_tag,matrix_or_alias",D,C:\Users\DAWN\.codex\visualizations\2026\10\02\01a0fd78-edf3-7221-9fc4-3dd2391369a9\ppg_review_D\evidence\id_local_D.json,已合并逐项语义审阅；状态与限制须读原行，非验收CLOSED
MGR-03,MGR,contracts/ppg_system_config_manager_semantic_contract.md:340,,rtl/ppg_system_config_manager/tb_ppg_system_config_manager.v:242;rtl/ppg_system_config_manager/tb_ppg_system_config_manager.v:248;rtl/ppg_system_config_manager/tb_ppg_system_config_manager.v:249;rtl/ppg_system_config_manager/tb_ppg_system_config_manager.v:929,,,"rtl_tag,matrix_or_alias",D,C:\Users\DAWN\.codex\visualizations\2026\10\02\01a0fd78-edf3-7221-9fc4-3dd2391369a9\ppg_review_D\evidence\id_local_D.json,已合并逐项语义审阅；状态与限制须读原行，非验收CLOSED
MGR-04,MGR,contracts/ppg_system_config_manager_semantic_contract.md:341,,rtl/ppg_system_config_manager/tb_ppg_system_config_manager.v:252;rtl/ppg_system_config_manager/tb_ppg_system_config_manager.v:258;rtl/ppg_system_config_manager/tb_ppg_system_config_manager.v:259;rtl/ppg_system_config_manager/tb_ppg_system_config_manager.v:929,,,"rtl_tag,matrix_or_alias",D,C:\Users\DAWN\.codex\visualizations\2026\10\02\01a0fd78-edf3-7221-9fc4-3dd2391369a9\ppg_review_D\evidence\id_local_D.json,已合并逐项语义审阅；状态与限制须读原行，非验收CLOSED
MGR-05,MGR,contracts/ppg_system_config_manager_semantic_contract.md:342,,rtl/ppg_system_config_manager/tb_ppg_system_config_manager.v:262;rtl/ppg_system_config_manager/tb_ppg_system_config_manager.v:269;rtl/ppg_system_config_manager/tb_ppg_system_config_manager.v:270;rtl/ppg_system_config_manager/tb_ppg_system_config_manager.v:929,,,"rtl_tag,matrix_or_alias",D,C:\Users\DAWN\.codex\visualizations\2026\10\02\01a0fd78-edf3-7221-9fc4-3dd2391369a9\ppg_review_D\evidence\id_local_D.json,已合并逐项语义审阅；状态与限制须读原行，非验收CLOSED
MGR-06,MGR,contracts/ppg_system_config_manager_semantic_contract.md:343,,rtl/ppg_system_config_manager/tb_ppg_system_config_manager.v:273;rtl/ppg_system_config_manager/tb_ppg_system_config_manager.v:283;rtl/ppg_system_config_manager/tb_ppg_system_config_manager.v:284;rtl/ppg_system_config_manager/tb_ppg_system_config_manager.v:305;rtl/ppg_system_config_manager/tb_ppg_system_config_manager.v:306;rtl/ppg_system_config_manager/tb_ppg_system_config_manager.v:929,,,"rtl_tag,matrix_or_alias",D,C:\Users\DAWN\.codex\visualizations\2026\10\02\01a0fd78-edf3-7221-9fc4-3dd2391369a9\ppg_review_D\evidence\id_local_D.json,已合并逐项语义审阅；状态与限制须读原行，非验收CLOSED
MGR-07,MGR,contracts/ppg_system_config_manager_semantic_contract.md:344,,rtl/ppg_system_config_manager/tb_ppg_system_config_manager.v:287;rtl/ppg_system_config_manager/tb_ppg_system_config_manager.v:293;rtl/ppg_system_config_manager/tb_ppg_system_config_manager.v:294;rtl/ppg_system_config_manager/tb_ppg_system_config_manager.v:929,,,"rtl_tag,matrix_or_alias",D,C:\Users\DAWN\.codex\visualizations\2026\10\02\01a0fd78-edf3-7221-9fc4-3dd2391369a9\ppg_review_D\evidence\id_local_D.json,已合并逐项语义审阅；状态与限制须读原行，非验收CLOSED
MGR-08,MGR,contracts/ppg_system_config_manager_semantic_contract.md:345,,rtl/ppg_system_config_manager/tb_ppg_system_config_manager.v:319;rtl/ppg_system_config_manager/tb_ppg_system_config_manager.v:320;rtl/ppg_system_config_manager/tb_ppg_system_config_manager.v:324;rtl/ppg_system_config_manager/tb_ppg_system_config_manager.v:929,,,"rtl_tag,matrix_or_alias",D,C:\Users\DAWN\.codex\visualizations\2026\10\02\01a0fd78-edf3-7221-9fc4-3dd2391369a9\ppg_review_D\evidence\id_local_D.json,已合并逐项语义审阅；状态与限制须读原行，非验收CLOSED
MGR-09,MGR,contracts/ppg_system_config_manager_semantic_contract.md:346,,rtl/ppg_system_config_manager/tb_ppg_system_config_manager.v:323;rtl/ppg_system_config_manager/tb_ppg_system_config_manager.v:327;rtl/ppg_system_config_manager/tb_ppg_system_config_manager.v:361;rtl/ppg_system_config_manager/tb_ppg_system_config_manager.v:363;rtl/ppg_system_config_manager/tb_ppg_system_config_manager.v:364;rtl/ppg_system_config_manager/tb_ppg_system_config_manager.v:929,,,"rtl_tag,matrix_or_alias",D,C:\Users\DAWN\.codex\visualizations\2026\10\02\01a0fd78-edf3-7221-9fc4-3dd2391369a9\ppg_review_D\evidence\id_local_D.json,已合并逐项语义审阅；状态与限制须读原行，非验收CLOSED
MGR-10,MGR,contracts/ppg_system_config_manager_semantic_contract.md:347,,rtl/ppg_system_config_manager/tb_ppg_system_config_manager.v:367;rtl/ppg_system_config_manager/tb_ppg_system_config_manager.v:372;rtl/ppg_system_config_manager/tb_ppg_system_config_manager.v:374;rtl/ppg_system_config_manager/tb_ppg_system_config_manager.v:375;rtl/ppg_system_config_manager/tb_ppg_system_config_manager.v:929,,,"rtl_tag,matrix_or_alias",D,C:\Users\DAWN\.codex\visualizations\2026\10\02\01a0fd78-edf3-7221-9fc4-3dd2391369a9\ppg_review_D\evidence\id_local_D.json,已合并逐项语义审阅；状态与限制须读原行，非验收CLOSED
MGR-11,MGR,contracts/ppg_system_config_manager_semantic_contract.md:348,,rtl/ppg_system_config_manager/tb_ppg_system_config_manager.v:378;rtl/ppg_system_config_manager/tb_ppg_system_config_manager.v:386;rtl/ppg_system_config_manager/tb_ppg_system_config_manager.v:387;rtl/ppg_system_config_manager/tb_ppg_system_config_manager.v:929,,,"rtl_tag,matrix_or_alias",D,C:\Users\DAWN\.codex\visualizations\2026\10\02\01a0fd78-edf3-7221-9fc4-3dd2391369a9\ppg_review_D\evidence\id_local_D.json,已合并逐项语义审阅；状态与限制须读原行，非验收CLOSED
MGR-12,MGR,contracts/ppg_system_config_manager_semantic_contract.md:349,,rtl/ppg_system_config_manager/tb_ppg_system_config_manager.v:25;rtl/ppg_system_config_manager/tb_ppg_system_config_manager.v:48;rtl/ppg_system_config_manager/tb_ppg_system_config_manager.v:407;rtl/ppg_system_config_manager/tb_ppg_system_config_manager.v:408;rtl/ppg_system_config_manager/tb_ppg_system_config_manager.v:411;rtl/ppg_system_config_manager/tb_ppg_system_config_manager.v:418;rtl/ppg_system_config_manager/tb_ppg_system_config_manager.v:419;rtl/ppg_system_config_manager/tb_ppg_system_config_manager.v:428;rtl/ppg_system_config_manager/tb_ppg_system_config_manager.v:429;rtl/ppg_system_config_manager/tb_ppg_system_config_manager.v:438;rtl/ppg_system_config_manager/tb_ppg_system_config_manager.v:448;rtl/ppg_system_config_manager/tb_ppg_system_config_manager.v:449;rtl/ppg_system_config_manager/tb_ppg_system_config_manager.v:459;rtl/ppg_system_config_manager/tb_ppg_system_config_manager.v:460;rtl/ppg_system_config_manager/tb_ppg_system_config_manager.v:470;rtl/ppg_system_config_manager/tb_ppg_system_config_manager.v:471;rtl/ppg_system_config_manager/tb_ppg_system_config_manager.v:480;rtl/ppg_system_config_manager/tb_ppg_system_config_manager.v:481;rtl/ppg_system_config_manager/tb_ppg_system_config_manager.v:491;rtl/ppg_system_config_manager/tb_ppg_system_config_manager.v:502;rtl/ppg_system_config_manager/tb_ppg_system_config_manager.v:514;rtl/ppg_system_config_manager/tb_ppg_system_config_manager.v:524;rtl/ppg_system_config_manager/tb_ppg_system_config_manager.v:929,,,"rtl_tag,matrix_or_alias",D,C:\Users\DAWN\.codex\visualizations\2026\10\02\01a0fd78-edf3-7221-9fc4-3dd2391369a9\ppg_review_D\evidence\id_local_D.json,已合并逐项语义审阅；状态与限制须读原行，非验收CLOSED
MGR-13,MGR,contracts/ppg_system_config_manager_semantic_contract.md:350,,rtl/ppg_system_config_manager/tb_ppg_system_config_manager.v:531;rtl/ppg_system_config_manager/tb_ppg_system_config_manager.v:537;rtl/ppg_system_config_manager/tb_ppg_system_config_manager.v:538;rtl/ppg_system_config_manager/tb_ppg_system_config_manager.v:543;rtl/ppg_system_config_manager/tb_ppg_system_config_manager.v:544;rtl/ppg_system_config_manager/tb_ppg_system_config_manager.v:929,,,"rtl_tag,matrix_or_alias",D,C:\Users\DAWN\.codex\visualizations\2026\10\02\01a0fd78-edf3-7221-9fc4-3dd2391369a9\ppg_review_D\evidence\id_local_D.json,已合并逐项语义审阅；状态与限制须读原行，非验收CLOSED
MGR-14,MGR,contracts/ppg_system_config_manager_semantic_contract.md:351,,rtl/ppg_system_config_manager/tb_ppg_system_config_manager.v:547;rtl/ppg_system_config_manager/tb_ppg_system_config_manager.v:571;rtl/ppg_system_config_manager/tb_ppg_system_config_manager.v:572;rtl/ppg_system_config_manager/tb_ppg_system_config_manager.v:577;rtl/ppg_system_config_manager/tb_ppg_system_config_manager.v:578;rtl/ppg_system_config_manager/tb_ppg_system_config_manager.v:929,,,"rtl_tag,matrix_or_alias",D,C:\Users\DAWN\.codex\visualizations\2026\10\02\01a0fd78-edf3-7221-9fc4-3dd2391369a9\ppg_review_D\evidence\id_local_D.json,已合并逐项语义审阅；状态与限制须读原行，非验收CLOSED
MGR-15,MGR,contracts/ppg_system_config_manager_semantic_contract.md:352,,rtl/ppg_system_config_manager/tb_ppg_system_config_manager.v:581;rtl/ppg_system_config_manager/tb_ppg_system_config_manager.v:587;rtl/ppg_system_config_manager/tb_ppg_system_config_manager.v:588;rtl/ppg_system_config_manager/tb_ppg_system_config_manager.v:593;rtl/ppg_system_config_manager/tb_ppg_system_config_manager.v:594;rtl/ppg_system_config_manager/tb_ppg_system_config_manager.v:598;rtl/ppg_system_config_manager/tb_ppg_system_config_manager.v:929,,,"rtl_tag,matrix_or_alias",D,C:\Users\DAWN\.codex\visualizations\2026\10\02\01a0fd78-edf3-7221-9fc4-3dd2391369a9\ppg_review_D\evidence\id_local_D.json,已合并逐项语义审阅；状态与限制须读原行，非验收CLOSED
MGR-16,MGR,contracts/ppg_system_config_manager_semantic_contract.md:353,,rtl/ppg_control_top/tb_ppg_control_top.v:23;rtl/ppg_control_top/tb_ppg_control_top.v:50;rtl/ppg_control_top/tb_ppg_control_top.v:564;rtl/ppg_control_top/tb_ppg_control_top.v:2813;rtl/ppg_control_top/tb_ppg_control_top_adc_numeric_scoreboard.v:27;rtl/ppg_control_top/tb_ppg_control_top_adc_numeric_scoreboard.v:50;rtl/ppg_control_top/tb_ppg_control_top_adc_numeric_scoreboard.v:604;rtl/ppg_control_top/tb_ppg_control_top_idac_bus_isolation.v:23;rtl/ppg_control_top/tb_ppg_control_top_idac_bus_isolation.v:46;rtl/ppg_control_top/tb_ppg_control_top_idac_bus_isolation.v:496;rtl/ppg_system_config_manager/tb_ppg_system_config_manager.v:70;rtl/ppg_system_config_manager/tb_ppg_system_config_manager.v:71;rtl/ppg_system_config_manager/tb_ppg_system_config_manager.v:72;rtl/ppg_system_config_manager/tb_ppg_system_config_manager.v:73;rtl/ppg_system_config_manager/tb_ppg_system_config_manager.v:74;rtl/ppg_system_config_manager/tb_ppg_system_config_manager.v:167;rtl/ppg_system_config_manager/tb_ppg_system_config_manager.v:168;rtl/ppg_system_config_manager/tb_ppg_system_config_manager.v:169;rtl/ppg_system_config_manager/tb_ppg_system_config_manager.v:170;rtl/ppg_system_config_manager/tb_ppg_system_config_manager.v:171;rtl/ppg_system_config_manager/tb_ppg_system_config_manager.v:597;rtl/ppg_system_config_manager/tb_ppg_system_config_manager.v:601;rtl/ppg_system_config_manager/tb_ppg_system_config_manager.v:621;rtl/ppg_system_config_manager/tb_ppg_system_config_manager.v:622;rtl/ppg_system_config_manager/tb_ppg_system_config_manager.v:627;rtl/ppg_system_config_manager/tb_ppg_system_config_manager.v:634;rtl/ppg_system_config_manager/tb_ppg_system_config_manager.v:635;rtl/ppg_system_config_manager/tb_ppg_system_config_manager.v:640;rtl/ppg_system_config_manager/tb_ppg_system_config_manager.v:644;rtl/ppg_system_config_manager/tb_ppg_system_config_manager.v:648;rtl/ppg_system_config_manager/tb_ppg_system_config_manager.v:649;rtl/ppg_system_config_manager/tb_ppg_system_config_manager.v:665;rtl/ppg_system_config_manager/tb_ppg_system_config_manager.v:666;rtl/ppg_system_config_manager/tb_ppg_system_config_manager.v:684;rtl/ppg_system_config_manager/tb_ppg_system_config_manager.v:685;rtl/ppg_system_config_manager/tb_ppg_system_config_manager.v:929,,,"rtl_tag,matrix_or_alias",D,C:\Users\DAWN\.codex\visualizations\2026\10\02\01a0fd78-edf3-7221-9fc4-3dd2391369a9\ppg_review_D\evidence\id_local_D.json,已合并逐项语义审阅；状态与限制须读原行，非验收CLOSED
MGR-17,MGR,contracts/ppg_system_config_manager_semantic_contract.md:354,,rtl/ppg_chip_digital_top/tb_ppg_chip_digital_top.v:787;rtl/ppg_control_top/tb_ppg_control_top.v:541;rtl/ppg_control_top/tb_ppg_control_top.v:543;rtl/ppg_control_top/tb_ppg_control_top.v:1800;rtl/ppg_control_top/tb_ppg_control_top.v:1897;rtl/ppg_system_config_manager/tb_ppg_system_config_manager.v:25;rtl/ppg_system_config_manager/tb_ppg_system_config_manager.v:48;rtl/ppg_system_config_manager/tb_ppg_system_config_manager.v:688;rtl/ppg_system_config_manager/tb_ppg_system_config_manager.v:700;rtl/ppg_system_config_manager/tb_ppg_system_config_manager.v:709;rtl/ppg_system_config_manager/tb_ppg_system_config_manager.v:710;rtl/ppg_system_config_manager/tb_ppg_system_config_manager.v:723;rtl/ppg_system_config_manager/tb_ppg_system_config_manager.v:730;rtl/ppg_system_config_manager/tb_ppg_system_config_manager.v:731;rtl/ppg_system_config_manager/tb_ppg_system_config_manager.v:929,,,"rtl_tag,matrix_or_alias",D,C:\Users\DAWN\.codex\visualizations\2026\10\02\01a0fd78-edf3-7221-9fc4-3dd2391369a9\ppg_review_D\evidence\id_local_D.json,已合并逐项语义审阅；状态与限制须读原行，非验收CLOSED
MGR-18,MGR,contracts/ppg_system_config_manager_semantic_contract.md:355,,rtl/ppg_system_config_manager/tb_ppg_system_config_manager.v:25;rtl/ppg_system_config_manager/tb_ppg_system_config_manager.v:48;rtl/ppg_system_config_manager/tb_ppg_system_config_manager.v:733;rtl/ppg_system_config_manager/tb_ppg_system_config_manager.v:745;rtl/ppg_system_config_manager/tb_ppg_system_config_manager.v:755;rtl/ppg_system_config_manager/tb_ppg_system_config_manager.v:756;rtl/ppg_system_config_manager/tb_ppg_system_config_manager.v:767;rtl/ppg_system_config_manager/tb_ppg_system_config_manager.v:768;rtl/ppg_system_config_manager/tb_ppg_system_config_manager.v:777;rtl/ppg_system_config_manager/tb_ppg_system_config_manager.v:778;rtl/ppg_system_config_manager/tb_ppg_system_config_manager.v:787;rtl/ppg_system_config_manager/tb_ppg_system_config_manager.v:788;rtl/ppg_system_config_manager/tb_ppg_system_config_manager.v:818;rtl/ppg_system_config_manager/tb_ppg_system_config_manager.v:929,,,"rtl_tag,matrix_or_alias",D,C:\Users\DAWN\.codex\visualizations\2026\10\02\01a0fd78-edf3-7221-9fc4-3dd2391369a9\ppg_review_D\evidence\id_local_D.json,已合并逐项语义审阅；状态与限制须读原行，非验收CLOSED
MGR-19,MGR,contracts/ppg_system_config_manager_semantic_contract.md:356,,rtl/ppg_system_config_manager/tb_ppg_system_config_manager.v:25;rtl/ppg_system_config_manager/tb_ppg_system_config_manager.v:48;rtl/ppg_system_config_manager/tb_ppg_system_config_manager.v:75;rtl/ppg_system_config_manager/tb_ppg_system_config_manager.v:76;rtl/ppg_system_config_manager/tb_ppg_system_config_manager.v:791;rtl/ppg_system_config_manager/tb_ppg_system_config_manager.v:800;rtl/ppg_system_config_manager/tb_ppg_system_config_manager.v:801;rtl/ppg_system_config_manager/tb_ppg_system_config_manager.v:929,,,"rtl_tag,matrix_or_alias",D,C:\Users\DAWN\.codex\visualizations\2026\10\02\01a0fd78-edf3-7221-9fc4-3dd2391369a9\ppg_review_D\evidence\id_local_D.json,已合并逐项语义审阅；状态与限制须读原行，非验收CLOSED
MGR-20,MGR,contracts/ppg_system_config_manager_semantic_contract.md:357,,rtl/ppg_system_config_manager/tb_ppg_system_config_manager.v:25;rtl/ppg_system_config_manager/tb_ppg_system_config_manager.v:48;rtl/ppg_system_config_manager/tb_ppg_system_config_manager.v:805;rtl/ppg_system_config_manager/tb_ppg_system_config_manager.v:812;rtl/ppg_system_config_manager/tb_ppg_system_config_manager.v:813;rtl/ppg_system_config_manager/tb_ppg_system_config_manager.v:929,,,"rtl_tag,matrix_or_alias",D,C:\Users\DAWN\.codex\visualizations\2026\10\02\01a0fd78-edf3-7221-9fc4-3dd2391369a9\ppg_review_D\evidence\id_local_D.json,已合并逐项语义审阅；状态与限制须读原行，非验收CLOSED
MGR-21,MGR,contracts/ppg_system_config_manager_semantic_contract.md:358,,rtl/ppg_system_config_manager/tb_ppg_system_config_manager.v:25;rtl/ppg_system_config_manager/tb_ppg_system_config_manager.v:48;rtl/ppg_system_config_manager/tb_ppg_system_config_manager.v:929,,,"rtl_tag,matrix_or_alias",D,C:\Users\DAWN\.codex\visualizations\2026\10\02\01a0fd78-edf3-7221-9fc4-3dd2391369a9\ppg_review_D\evidence\id_local_D.json,已合并逐项语义审阅；状态与限制须读原行，非验收CLOSED
MGR-22,MGR,contracts/ppg_system_config_manager_semantic_contract.md:359,,rtl/ppg_system_config_manager/tb_ppg_system_config_manager.v:25;rtl/ppg_system_config_manager/tb_ppg_system_config_manager.v:48;rtl/ppg_system_config_manager/tb_ppg_system_config_manager.v:77;rtl/ppg_system_config_manager/tb_ppg_system_config_manager.v:817;rtl/ppg_system_config_manager/tb_ppg_system_config_manager.v:837;rtl/ppg_system_config_manager/tb_ppg_system_config_manager.v:838;rtl/ppg_system_config_manager/tb_ppg_system_config_manager.v:841;rtl/ppg_system_config_manager/tb_ppg_system_config_manager.v:849;rtl/ppg_system_config_manager/tb_ppg_system_config_manager.v:851;rtl/ppg_system_config_manager/tb_ppg_system_config_manager.v:852;rtl/ppg_system_config_manager/tb_ppg_system_config_manager.v:858;rtl/ppg_system_config_manager/tb_ppg_system_config_manager.v:862;rtl/ppg_system_config_manager/tb_ppg_system_config_manager.v:864;rtl/ppg_system_config_manager/tb_ppg_system_config_manager.v:865;rtl/ppg_system_config_manager/tb_ppg_system_config_manager.v:929,,,"rtl_tag,matrix_or_alias",D,C:\Users\DAWN\.codex\visualizations\2026\10\02\01a0fd78-edf3-7221-9fc4-3dd2391369a9\ppg_review_D\evidence\id_local_D.json,已合并逐项语义审阅；状态与限制须读原行，非验收CLOSED
MGR-23,MGR,contracts/ppg_system_config_manager_semantic_contract.md:360,,rtl/ppg_system_config_manager/tb_ppg_system_config_manager.v:25;rtl/ppg_system_config_manager/tb_ppg_system_config_manager.v:48;rtl/ppg_system_config_manager/tb_ppg_system_config_manager.v:929,,,"rtl_tag,matrix_or_alias",D,C:\Users\DAWN\.codex\visualizations\2026\10\02\01a0fd78-edf3-7221-9fc4-3dd2391369a9\ppg_review_D\evidence\id_local_D.json,已合并逐项语义审阅；状态与限制须读原行，非验收CLOSED
MGR-24,MGR,contracts/ppg_system_config_manager_semantic_contract.md:361,,rtl/ppg_system_config_manager/tb_ppg_system_config_manager.v:25;rtl/ppg_system_config_manager/tb_ppg_system_config_manager.v:48;rtl/ppg_system_config_manager/tb_ppg_system_config_manager.v:868;rtl/ppg_system_config_manager/tb_ppg_system_config_manager.v:886;rtl/ppg_system_config_manager/tb_ppg_system_config_manager.v:888;rtl/ppg_system_config_manager/tb_ppg_system_config_manager.v:889;rtl/ppg_system_config_manager/tb_ppg_system_config_manager.v:892;rtl/ppg_system_config_manager/tb_ppg_system_config_manager.v:898;rtl/ppg_system_config_manager/tb_ppg_system_config_manager.v:900;rtl/ppg_system_config_manager/tb_ppg_system_config_manager.v:901;rtl/ppg_system_config_manager/tb_ppg_system_config_manager.v:907;rtl/ppg_system_config_manager/tb_ppg_system_config_manager.v:911;rtl/ppg_system_config_manager/tb_ppg_system_config_manager.v:913;rtl/ppg_system_config_manager/tb_ppg_system_config_manager.v:914;rtl/ppg_system_config_manager/tb_ppg_system_config_manager.v:929,,,"rtl_tag,matrix_or_alias",D,C:\Users\DAWN\.codex\visualizations\2026\10\02\01a0fd78-edf3-7221-9fc4-3dd2391369a9\ppg_review_D\evidence\id_local_D.json,已合并逐项语义审阅；状态与限制须读原行，非验收CLOSED
N01,N,,rtl/ppg_adc_measurement_idac_integration/ppg_adc_measurement_idac_integration.v:970,rtl/ppg_control_top/tb_ppg_control_top_baseline_cross.v:25;rtl/ppg_control_top/tb_ppg_control_top_baseline_cross.v:26;rtl/ppg_control_top/tb_ppg_control_top_baseline_cross.v:108;rtl/ppg_control_top/tb_ppg_control_top_baseline_cross.v:109;rtl/ppg_control_top/tb_ppg_control_top_baseline_cross.v:899;rtl/ppg_control_top/tb_ppg_control_top_baseline_cross.v:927;rtl/ppg_control_top/tb_ppg_control_top_baseline_cross.v:951;rtl/ppg_control_top/tb_ppg_control_top_baseline_cross.v:1498;rtl/ppg_control_top/tb_ppg_control_top_baseline_cross.v:1514;rtl/ppg_control_top/tb_ppg_control_top_baseline_cross.v:1526;rtl/ppg_control_top/tb_ppg_control_top_baseline_cross.v:1529;rtl/ppg_control_top/tb_ppg_control_top_baseline_cross.v:1532;rtl/ppg_control_top/tb_ppg_control_top_baseline_cross.v:1540;rtl/ppg_control_top/tb_ppg_control_top_baseline_cross.v:1549;rtl/ppg_control_top/tb_ppg_control_top_baseline_cross.v:1555;rtl/ppg_control_top/tb_ppg_control_top_baseline_cross.v:1558;rtl/ppg_control_top/tb_ppg_control_top_baseline_cross.v:1641,contracts/PPG_CONTRACT_CLOSURE_MATRIX.md:940;contracts/PPG_ALIAS_MAPPING_TABLE.md:478,,contract_definition,,,无逐ID独立语义记录；按家族/结构抽查，机械候选不等于活跃验收缺口
N02,N,,rtl/ppg_precision_window_controller/ppg_precision_window_controller.v:267;rtl/ppg_system_config_manager/ppg_system_config_manager.v:533,,contracts/PPG_CONTRACT_CLOSURE_MATRIX.md:941;contracts/PPG_ALIAS_MAPPING_TABLE.md:457;contracts/PPG_ALIAS_MAPPING_TABLE.md:458,,"contract_definition,tb_text",,,无逐ID独立语义记录；按家族/结构抽查，机械候选不等于活跃验收缺口
N03,N,,rtl/ppg_system_fault_abort_supervisor/ppg_system_fault_abort_supervisor.v:207,,contracts/PPG_CONTRACT_CLOSURE_MATRIX.md:942;contracts/PPG_ALIAS_MAPPING_TABLE.md:479,,"contract_definition,tb_text",,,无逐ID独立语义记录；按家族/结构抽查，机械候选不等于活跃验收缺口
N04,N,,rtl/ppg_control_top/ppg_control_top.v:329,,contracts/PPG_CONTRACT_CLOSURE_MATRIX.md:943;contracts/PPG_ALIAS_MAPPING_TABLE.md:480,,"contract_definition,tb_text",,,无逐ID独立语义记录；按家族/结构抽查，机械候选不等于活跃验收缺口
N05,N,,rtl/ppg_control_top/ppg_control_top.v:393,,contracts/PPG_CONTRACT_CLOSURE_MATRIX.md:944;contracts/PPG_ALIAS_MAPPING_TABLE.md:481,,"contract_definition,tb_text",,,无逐ID独立语义记录；按家族/结构抽查，机械候选不等于活跃验收缺口
N06,N,,rtl/ppg_system_fault_abort_supervisor/ppg_system_fault_abort_supervisor.v:192,rtl/ppg_system_fault_abort_supervisor/tb_ppg_system_fault_abort_supervisor.v:22;rtl/ppg_system_fault_abort_supervisor/tb_ppg_system_fault_abort_supervisor.v:42,contracts/PPG_CONTRACT_CLOSURE_MATRIX.md:945;contracts/PPG_ALIAS_MAPPING_TABLE.md:482,,contract_definition,,,无逐ID独立语义记录；按家族/结构抽查，机械候选不等于活跃验收缺口
N07,N,,,,contracts/PPG_CONTRACT_CLOSURE_MATRIX.md:946;contracts/PPG_ALIAS_MAPPING_TABLE.md:460,contracts/PPG_ALIAS_MAPPING_TABLE.md:460,"contract_definition,rtl_tag,tb_text",,,无逐ID独立语义记录；按家族/结构抽查，机械候选不等于活跃验收缺口
N08,N,,rtl/ppg_adc_measurement_idac_integration/ppg_adc_measurement_idac_integration.v:981,rtl/ppg_adc_measurement_idac_integration/tb_ppg_adc_measurement_idac_integration.v:29;rtl/ppg_adc_measurement_idac_integration/tb_ppg_adc_measurement_idac_integration.v:255;rtl/ppg_adc_measurement_idac_integration/tb_ppg_adc_measurement_idac_integration.v:256;rtl/ppg_adc_measurement_idac_integration/tb_ppg_adc_measurement_idac_integration.v:257;rtl/ppg_adc_measurement_idac_integration/tb_ppg_adc_measurement_idac_integration.v:258;rtl/ppg_adc_measurement_idac_integration/tb_ppg_adc_measurement_idac_integration.v:320;rtl/ppg_adc_measurement_idac_integration/tb_ppg_adc_measurement_idac_integration.v:321;rtl/ppg_adc_measurement_idac_integration/tb_ppg_adc_measurement_idac_integration.v:322;rtl/ppg_adc_measurement_idac_integration/tb_ppg_adc_measurement_idac_integration.v:323;rtl/ppg_adc_measurement_idac_integration/tb_ppg_adc_measurement_idac_integration.v:324;rtl/ppg_adc_measurement_idac_integration/tb_ppg_adc_measurement_idac_integration.v:1583;rtl/ppg_adc_measurement_idac_integration/tb_ppg_adc_measurement_idac_integration.v:1623;rtl/ppg_control_top/tb_ppg_control_top_baseline_cross.v:25;rtl/ppg_control_top/tb_ppg_control_top_baseline_cross.v:26;rtl/ppg_control_top/tb_ppg_control_top_baseline_cross.v:108;rtl/ppg_control_top/tb_ppg_control_top_baseline_cross.v:109;rtl/ppg_control_top/tb_ppg_control_top_baseline_cross.v:899;rtl/ppg_control_top/tb_ppg_control_top_baseline_cross.v:950;rtl/ppg_control_top/tb_ppg_control_top_baseline_cross.v:951;rtl/ppg_control_top/tb_ppg_control_top_baseline_cross.v:1498;rtl/ppg_control_top/tb_ppg_control_top_baseline_cross.v:1535;rtl/ppg_control_top/tb_ppg_control_top_baseline_cross.v:1538;rtl/ppg_control_top/tb_ppg_control_top_baseline_cross.v:1574;rtl/ppg_control_top/tb_ppg_control_top_baseline_cross.v:1616;rtl/ppg_control_top/tb_ppg_control_top_baseline_cross.v:1641,contracts/PPG_CONTRACT_CLOSURE_MATRIX.md:947;contracts/PPG_ALIAS_MAPPING_TABLE.md:483,,contract_definition,,,无逐ID独立语义记录；按家族/结构抽查，机械候选不等于活跃验收缺口
NRE-01,NRE,contracts/PPG_REAL_PPG_RAW_GENERATOR_TESTBENCH_CONTRACT.md:618,rtl/ppg_amb_recheck_scheduler/ppg_amb_recheck_scheduler.v:177,rtl/ppg_control_top/tb_ppg_control_top_no_recheck_control.v:25;rtl/ppg_control_top/tb_ppg_control_top_no_recheck_control.v:48;rtl/ppg_control_top/tb_ppg_control_top_no_recheck_control.v:1045;rtl/ppg_control_top/tb_ppg_control_top_no_recheck_control.v:1048;rtl/ppg_control_top/tb_ppg_control_top_no_recheck_control.v:1052,contracts/PPG_ALIAS_MAPPING_TABLE.md:229,,,"B,C",C:\Users\DAWN\.codex\visualizations\2026\10\02\01a0fd78-55cb-7173-9e41-1e0b27c41d49\ppg_review_B\evidence\id_four_link_audit.json;C:\Users\DAWN\.codex\visualizations\2026\10\02\01a0fd78-b9b8-78f2-8e39-c02cd0049c19\ppg_review_C\evidence\id_review_matrix.csv,已合并逐项语义审阅；状态与限制须读原行，非验收CLOSED
NRE-02,NRE,contracts/PPG_REAL_PPG_RAW_GENERATOR_TESTBENCH_CONTRACT.md:619,rtl/ppg_coarse_detection_fir/ppg_coarse_detection_fir.v:324;rtl/ppg_dynamic_baseline_cross_detector/ppg_dynamic_baseline_cross_detector.v:1545;rtl/ppg_idac_code_controller/ppg_idac_code_controller.v:460,rtl/ppg_control_top/tb_ppg_control_top_no_recheck_control.v:25;rtl/ppg_control_top/tb_ppg_control_top_no_recheck_control.v:48;rtl/ppg_control_top/tb_ppg_control_top_no_recheck_control.v:1057;rtl/ppg_control_top/tb_ppg_control_top_no_recheck_control.v:1063,contracts/PPG_ALIAS_MAPPING_TABLE.md:230,,,"B,C",C:\Users\DAWN\.codex\visualizations\2026\10\02\01a0fd78-55cb-7173-9e41-1e0b27c41d49\ppg_review_B\evidence\id_four_link_audit.json;C:\Users\DAWN\.codex\visualizations\2026\10\02\01a0fd78-b9b8-78f2-8e39-c02cd0049c19\ppg_review_C\evidence\id_review_matrix.csv,已合并逐项语义审阅；状态与限制须读原行，非验收CLOSED
NRE-03,NRE,contracts/PPG_REAL_PPG_RAW_GENERATOR_TESTBENCH_CONTRACT.md:620,rtl/ppg_coarse_detection_fir/ppg_coarse_detection_fir.v:696;rtl/ppg_coarse_detection_fir/ppg_coarse_detection_fir.v:709,rtl/ppg_control_top/tb_ppg_control_top_no_recheck_control.v:25;rtl/ppg_control_top/tb_ppg_control_top_no_recheck_control.v:48;rtl/ppg_control_top/tb_ppg_control_top_no_recheck_control.v:1066;rtl/ppg_control_top/tb_ppg_control_top_no_recheck_control.v:1068;rtl/ppg_control_top/tb_ppg_control_top_no_recheck_control.v:1072;rtl/ppg_control_top/tb_ppg_control_top_no_recheck_control.v:1076,contracts/PPG_ALIAS_MAPPING_TABLE.md:231,,,"B,C",C:\Users\DAWN\.codex\visualizations\2026\10\02\01a0fd78-55cb-7173-9e41-1e0b27c41d49\ppg_review_B\evidence\id_four_link_audit.json;C:\Users\DAWN\.codex\visualizations\2026\10\02\01a0fd78-b9b8-78f2-8e39-c02cd0049c19\ppg_review_C\evidence\id_review_matrix.csv,已合并逐项语义审阅；状态与限制须读原行，非验收CLOSED
NRE-04,NRE,contracts/PPG_REAL_PPG_RAW_GENERATOR_TESTBENCH_CONTRACT.md:621,rtl/ppg_amb_recheck_scheduler/ppg_amb_recheck_scheduler.v:187,rtl/ppg_control_top/tb_ppg_control_top_no_recheck_control.v:25;rtl/ppg_control_top/tb_ppg_control_top_no_recheck_control.v:48;rtl/ppg_control_top/tb_ppg_control_top_no_recheck_control.v:1010;rtl/ppg_control_top/tb_ppg_control_top_no_recheck_control.v:1013;rtl/ppg_control_top/tb_ppg_control_top_no_recheck_control.v:1016,contracts/PPG_ALIAS_MAPPING_TABLE.md:232,,,"B,C",C:\Users\DAWN\.codex\visualizations\2026\10\02\01a0fd78-55cb-7173-9e41-1e0b27c41d49\ppg_review_B\evidence\id_four_link_audit.json;C:\Users\DAWN\.codex\visualizations\2026\10\02\01a0fd78-b9b8-78f2-8e39-c02cd0049c19\ppg_review_C\evidence\id_review_matrix.csv,已合并逐项语义审阅；状态与限制须读原行，非验收CLOSED
NRE-05,NRE,contracts/PPG_REAL_PPG_RAW_GENERATOR_TESTBENCH_CONTRACT.md:622,rtl/ppg_dynamic_baseline_cross_detector/ppg_dynamic_baseline_cross_detector.v:1545,rtl/ppg_control_top/tb_ppg_control_top_no_recheck_control.v:25;rtl/ppg_control_top/tb_ppg_control_top_no_recheck_control.v:48;rtl/ppg_control_top/tb_ppg_control_top_no_recheck_control.v:874;rtl/ppg_control_top/tb_ppg_control_top_no_recheck_control.v:1019;rtl/ppg_control_top/tb_ppg_control_top_no_recheck_control.v:1022;rtl/ppg_control_top/tb_ppg_control_top_no_recheck_control.v:1025,contracts/PPG_ALIAS_MAPPING_TABLE.md:233,,,"B,C",C:\Users\DAWN\.codex\visualizations\2026\10\02\01a0fd78-55cb-7173-9e41-1e0b27c41d49\ppg_review_B\evidence\id_four_link_audit.json;C:\Users\DAWN\.codex\visualizations\2026\10\02\01a0fd78-b9b8-78f2-8e39-c02cd0049c19\ppg_review_C\evidence\id_review_matrix.csv,已合并逐项语义审阅；状态与限制须读原行，非验收CLOSED
NRE-06,NRE,contracts/PPG_REAL_PPG_RAW_GENERATOR_TESTBENCH_CONTRACT.md:623,rtl/ppg_idac_code_controller/ppg_idac_code_controller.v:859,rtl/ppg_control_top/tb_ppg_control_top_no_recheck_control.v:25;rtl/ppg_control_top/tb_ppg_control_top_no_recheck_control.v:48;rtl/ppg_control_top/tb_ppg_control_top_no_recheck_control.v:80;rtl/ppg_control_top/tb_ppg_control_top_no_recheck_control.v:1028;rtl/ppg_control_top/tb_ppg_control_top_no_recheck_control.v:1079;rtl/ppg_control_top/tb_ppg_control_top_no_recheck_control.v:1081;rtl/ppg_control_top/tb_ppg_control_top_no_recheck_control.v:1084;rtl/ppg_control_top/tb_ppg_control_top_no_recheck_control.v:1087;rtl/ppg_control_top/tb_ppg_control_top_no_recheck_control.v:1090;rtl/ppg_control_top/tb_ppg_control_top_no_recheck_control.v:1094;rtl/ppg_control_top/tb_ppg_control_top_no_recheck_control.v:1098,contracts/PPG_ALIAS_MAPPING_TABLE.md:234,,,"B,C",C:\Users\DAWN\.codex\visualizations\2026\10\02\01a0fd78-55cb-7173-9e41-1e0b27c41d49\ppg_review_B\evidence\id_four_link_audit.json;C:\Users\DAWN\.codex\visualizations\2026\10\02\01a0fd78-b9b8-78f2-8e39-c02cd0049c19\ppg_review_C\evidence\id_review_matrix.csv,已合并逐项语义审阅；状态与限制须读原行，非验收CLOSED
OIB-01,OIB,contracts/PPG_REAL_PPG_RAW_GENERATOR_TESTBENCH_CONTRACT.md:679,rtl/ppg_sar9_sar15_safe_selection_wrapper/ppg_sar9_sar15_safe_selection_wrapper.v:440,rtl/ppg_control_top/tb_ppg_control_top_injection.v:127;rtl/ppg_control_top/tb_ppg_control_top_lifecycle_fault_adc_anomaly.v:35;rtl/ppg_control_top/tb_ppg_control_top_lifecycle_fault_adc_anomaly.v:67;rtl/ppg_control_top/tb_ppg_control_top_lifecycle_fault_adc_anomaly.v:161;rtl/ppg_control_top/tb_ppg_control_top_lifecycle_fault_adc_anomaly.v:1875;rtl/ppg_control_top/tb_ppg_control_top_lifecycle_fault_adc_anomaly.v:1899;rtl/ppg_control_top/tb_ppg_control_top_lifecycle_fault_adc_anomaly.v:1906;rtl/ppg_control_top/tb_ppg_control_top_lifecycle_fault_adc_anomaly.v:1908;rtl/ppg_control_top/tb_ppg_control_top_owner_identity_backpressure.v:26;rtl/ppg_control_top/tb_ppg_control_top_owner_identity_backpressure.v:27;rtl/ppg_control_top/tb_ppg_control_top_owner_identity_backpressure.v:28;rtl/ppg_control_top/tb_ppg_control_top_owner_identity_backpressure.v:30;rtl/ppg_control_top/tb_ppg_control_top_owner_identity_backpressure.v:31;rtl/ppg_control_top/tb_ppg_control_top_owner_identity_backpressure.v:57;rtl/ppg_control_top/tb_ppg_control_top_owner_identity_backpressure.v:58;rtl/ppg_control_top/tb_ppg_control_top_owner_identity_backpressure.v:59;rtl/ppg_control_top/tb_ppg_control_top_owner_identity_backpressure.v:61;rtl/ppg_control_top/tb_ppg_control_top_owner_identity_backpressure.v:62;rtl/ppg_control_top/tb_ppg_control_top_owner_identity_backpressure.v:160;rtl/ppg_control_top/tb_ppg_control_top_owner_identity_backpressure.v:1704;rtl/ppg_control_top/tb_ppg_control_top_owner_identity_backpressure.v:1720;rtl/ppg_control_top/tb_ppg_control_top_owner_identity_backpressure.v:1739;rtl/ppg_control_top/tb_ppg_control_top_owner_identity_backpressure.v:1742;rtl/ppg_control_top/tb_ppg_control_top_owner_identity_backpressure.v:1745;rtl/ppg_control_top/tb_ppg_control_top_owner_identity_backpressure.v:1749;rtl/ppg_control_top/tb_ppg_control_top_owner_identity_backpressure.v:1752;rtl/ppg_control_top/tb_ppg_control_top_owner_identity_backpressure.v:1776;rtl/ppg_control_top/tb_ppg_control_top_owner_identity_backpressure.v:1790;rtl/ppg_control_top/tb_ppg_control_top_owner_identity_backpressure.v:1793;rtl/ppg_control_top/tb_ppg_control_top_owner_identity_backpressure.v:1796;rtl/ppg_control_top/tb_ppg_control_top_robustness_corner_waveforms.v:33;rtl/ppg_control_top/tb_ppg_control_top_robustness_corner_waveforms.v:63;rtl/ppg_control_top/tb_ppg_control_top_robustness_corner_waveforms.v:1632;rtl/ppg_control_top/tb_ppg_control_top_startup_idac_calibration.v:150,contracts/PPG_ALIAS_MAPPING_TABLE.md:177,,,"B,C",C:\Users\DAWN\.codex\visualizations\2026\10\02\01a0fd78-55cb-7173-9e41-1e0b27c41d49\ppg_review_B\evidence\id_four_link_audit.json;C:\Users\DAWN\.codex\visualizations\2026\10\02\01a0fd78-b9b8-78f2-8e39-c02cd0049c19\ppg_review_C\evidence\id_review_matrix.csv,已合并逐项语义审阅；状态与限制须读原行，非验收CLOSED
OIB-02,OIB,contracts/PPG_REAL_PPG_RAW_GENERATOR_TESTBENCH_CONTRACT.md:680,rtl/ppg_400hz_frame_calibration_scheduler/ppg_400hz_frame_calibration_scheduler.v:739,rtl/ppg_control_top/tb_ppg_control_top_owner_identity_backpressure.v:26;rtl/ppg_control_top/tb_ppg_control_top_owner_identity_backpressure.v:27;rtl/ppg_control_top/tb_ppg_control_top_owner_identity_backpressure.v:28;rtl/ppg_control_top/tb_ppg_control_top_owner_identity_backpressure.v:29;rtl/ppg_control_top/tb_ppg_control_top_owner_identity_backpressure.v:30;rtl/ppg_control_top/tb_ppg_control_top_owner_identity_backpressure.v:32;rtl/ppg_control_top/tb_ppg_control_top_owner_identity_backpressure.v:33;rtl/ppg_control_top/tb_ppg_control_top_owner_identity_backpressure.v:57;rtl/ppg_control_top/tb_ppg_control_top_owner_identity_backpressure.v:58;rtl/ppg_control_top/tb_ppg_control_top_owner_identity_backpressure.v:59;rtl/ppg_control_top/tb_ppg_control_top_owner_identity_backpressure.v:60;rtl/ppg_control_top/tb_ppg_control_top_owner_identity_backpressure.v:61;rtl/ppg_control_top/tb_ppg_control_top_owner_identity_backpressure.v:63;rtl/ppg_control_top/tb_ppg_control_top_owner_identity_backpressure.v:64;rtl/ppg_control_top/tb_ppg_control_top_owner_identity_backpressure.v:1057;rtl/ppg_control_top/tb_ppg_control_top_owner_identity_backpressure.v:1081;rtl/ppg_control_top/tb_ppg_control_top_owner_identity_backpressure.v:1084;rtl/ppg_control_top/tb_ppg_control_top_owner_identity_backpressure.v:1088;rtl/ppg_control_top/tb_ppg_control_top_owner_identity_backpressure.v:1091;rtl/ppg_control_top/tb_ppg_control_top_owner_identity_backpressure.v:1095;rtl/ppg_control_top/tb_ppg_control_top_owner_identity_backpressure.v:1112;rtl/ppg_control_top/tb_ppg_control_top_owner_identity_backpressure.v:1132;rtl/ppg_control_top/tb_ppg_control_top_owner_identity_backpressure.v:1163;rtl/ppg_control_top/tb_ppg_control_top_owner_identity_backpressure.v:1166;rtl/ppg_control_top/tb_ppg_control_top_owner_identity_backpressure.v:1170;rtl/ppg_control_top/tb_ppg_control_top_owner_identity_backpressure.v:1174;rtl/ppg_control_top/tb_ppg_control_top_owner_identity_backpressure.v:1190;rtl/ppg_control_top/tb_ppg_control_top_owner_identity_backpressure.v:1211;rtl/ppg_control_top/tb_ppg_control_top_owner_identity_backpressure.v:1231;rtl/ppg_control_top/tb_ppg_control_top_owner_identity_backpressure.v:1273;rtl/ppg_control_top/tb_ppg_control_top_owner_identity_backpressure.v:1276;rtl/ppg_control_top/tb_ppg_control_top_owner_identity_backpressure.v:1279;rtl/ppg_control_top/tb_ppg_control_top_owner_identity_backpressure.v:1282;rtl/ppg_control_top/tb_ppg_control_top_owner_identity_backpressure.v:1285;rtl/ppg_control_top/tb_ppg_control_top_owner_identity_backpressure.v:1298;rtl/ppg_control_top/tb_ppg_control_top_owner_identity_backpressure.v:1759,contracts/PPG_ALIAS_MAPPING_TABLE.md:167,,,"B,C",C:\Users\DAWN\.codex\visualizations\2026\10\02\01a0fd78-55cb-7173-9e41-1e0b27c41d49\ppg_review_B\evidence\id_four_link_audit.json;C:\Users\DAWN\.codex\visualizations\2026\10\02\01a0fd78-b9b8-78f2-8e39-c02cd0049c19\ppg_review_C\evidence\id_review_matrix.csv,已合并逐项语义审阅；状态与限制须读原行，非验收CLOSED
OIB-03,OIB,contracts/PPG_REAL_PPG_RAW_GENERATOR_TESTBENCH_CONTRACT.md:681,rtl/ppg_adc_measurement_idac_integration/ppg_adc_measurement_idac_integration.v:1027,rtl/ppg_control_top/tb_ppg_control_top_adc_numeric_scoreboard.v:49;rtl/ppg_control_top/tb_ppg_control_top_owner_identity_backpressure.v:26;rtl/ppg_control_top/tb_ppg_control_top_owner_identity_backpressure.v:28;rtl/ppg_control_top/tb_ppg_control_top_owner_identity_backpressure.v:29;rtl/ppg_control_top/tb_ppg_control_top_owner_identity_backpressure.v:32;rtl/ppg_control_top/tb_ppg_control_top_owner_identity_backpressure.v:33;rtl/ppg_control_top/tb_ppg_control_top_owner_identity_backpressure.v:57;rtl/ppg_control_top/tb_ppg_control_top_owner_identity_backpressure.v:59;rtl/ppg_control_top/tb_ppg_control_top_owner_identity_backpressure.v:60;rtl/ppg_control_top/tb_ppg_control_top_owner_identity_backpressure.v:63;rtl/ppg_control_top/tb_ppg_control_top_owner_identity_backpressure.v:64;rtl/ppg_control_top/tb_ppg_control_top_owner_identity_backpressure.v:872;rtl/ppg_control_top/tb_ppg_control_top_owner_identity_backpressure.v:1318;rtl/ppg_control_top/tb_ppg_control_top_owner_identity_backpressure.v:1350;rtl/ppg_control_top/tb_ppg_control_top_owner_identity_backpressure.v:1354;rtl/ppg_control_top/tb_ppg_control_top_owner_identity_backpressure.v:1357;rtl/ppg_control_top/tb_ppg_control_top_owner_identity_backpressure.v:1360;rtl/ppg_control_top/tb_ppg_control_top_owner_identity_backpressure.v:1371;rtl/ppg_control_top/tb_ppg_control_top_owner_identity_backpressure.v:1374;rtl/ppg_control_top/tb_ppg_control_top_owner_identity_backpressure.v:1378;rtl/ppg_control_top/tb_ppg_control_top_owner_identity_backpressure.v:1399;rtl/ppg_control_top/tb_ppg_control_top_owner_identity_backpressure.v:1412;rtl/ppg_control_top/tb_ppg_control_top_owner_identity_backpressure.v:1420;rtl/ppg_control_top/tb_ppg_control_top_owner_identity_backpressure.v:1423;rtl/ppg_control_top/tb_ppg_control_top_owner_identity_backpressure.v:1427;rtl/ppg_control_top/tb_ppg_control_top_owner_identity_backpressure.v:1431;rtl/ppg_control_top/tb_ppg_control_top_owner_identity_backpressure.v:1444;rtl/ppg_control_top/tb_ppg_control_top_owner_identity_backpressure.v:1817;rtl/ppg_control_top/tb_ppg_control_top_owner_identity_backpressure.v:1832;rtl/ppg_control_top/tb_ppg_control_top_owner_identity_backpressure.v:1846;rtl/ppg_control_top/tb_ppg_control_top_owner_identity_backpressure.v:1853;rtl/ppg_control_top/tb_ppg_control_top_owner_identity_backpressure.v:1856;rtl/ppg_control_top/tb_ppg_control_top_owner_identity_backpressure.v:1859,contracts/PPG_ALIAS_MAPPING_TABLE.md:168,,,"B,C",C:\Users\DAWN\.codex\visualizations\2026\10\02\01a0fd78-55cb-7173-9e41-1e0b27c41d49\ppg_review_B\evidence\id_four_link_audit.json;C:\Users\DAWN\.codex\visualizations\2026\10\02\01a0fd78-b9b8-78f2-8e39-c02cd0049c19\ppg_review_C\evidence\id_review_matrix.csv,已合并逐项语义审阅；状态与限制须读原行，非验收CLOSED
OIB-04,OIB,contracts/PPG_REAL_PPG_RAW_GENERATOR_TESTBENCH_CONTRACT.md:682,,rtl/ppg_control_top/tb_ppg_control_top_owner_identity_backpressure.v:26;rtl/ppg_control_top/tb_ppg_control_top_owner_identity_backpressure.v:28;rtl/ppg_control_top/tb_ppg_control_top_owner_identity_backpressure.v:30;rtl/ppg_control_top/tb_ppg_control_top_owner_identity_backpressure.v:32;rtl/ppg_control_top/tb_ppg_control_top_owner_identity_backpressure.v:33;rtl/ppg_control_top/tb_ppg_control_top_owner_identity_backpressure.v:57;rtl/ppg_control_top/tb_ppg_control_top_owner_identity_backpressure.v:59;rtl/ppg_control_top/tb_ppg_control_top_owner_identity_backpressure.v:61;rtl/ppg_control_top/tb_ppg_control_top_owner_identity_backpressure.v:63;rtl/ppg_control_top/tb_ppg_control_top_owner_identity_backpressure.v:64,contracts/PPG_ALIAS_MAPPING_TABLE.md:175,,rtl_tag,"B,C",C:\Users\DAWN\.codex\visualizations\2026\10\02\01a0fd78-55cb-7173-9e41-1e0b27c41d49\ppg_review_B\evidence\id_four_link_audit.json;C:\Users\DAWN\.codex\visualizations\2026\10\02\01a0fd78-b9b8-78f2-8e39-c02cd0049c19\ppg_review_C\evidence\id_review_matrix.csv,已合并逐项语义审阅；状态与限制须读原行，非验收CLOSED
OIB-05,OIB,contracts/PPG_REAL_PPG_RAW_GENERATOR_TESTBENCH_CONTRACT.md:683,rtl/ppg_adc_async_stage_capture/ppg_adc_async_stage_capture.v:107,rtl/ppg_control_top/tb_ppg_control_top_owner_identity_backpressure.v:26;rtl/ppg_control_top/tb_ppg_control_top_owner_identity_backpressure.v:28;rtl/ppg_control_top/tb_ppg_control_top_owner_identity_backpressure.v:32;rtl/ppg_control_top/tb_ppg_control_top_owner_identity_backpressure.v:33;rtl/ppg_control_top/tb_ppg_control_top_owner_identity_backpressure.v:57;rtl/ppg_control_top/tb_ppg_control_top_owner_identity_backpressure.v:59;rtl/ppg_control_top/tb_ppg_control_top_owner_identity_backpressure.v:63;rtl/ppg_control_top/tb_ppg_control_top_owner_identity_backpressure.v:64;rtl/ppg_control_top/tb_ppg_control_top_owner_identity_backpressure.v:1683;rtl/ppg_control_top/tb_ppg_control_top_owner_identity_backpressure.v:1696;rtl/ppg_control_top/tb_ppg_control_top_owner_identity_backpressure.v:1700,contracts/PPG_ALIAS_MAPPING_TABLE.md:169,,,"B,C",C:\Users\DAWN\.codex\visualizations\2026\10\02\01a0fd78-55cb-7173-9e41-1e0b27c41d49\ppg_review_B\evidence\id_four_link_audit.json;C:\Users\DAWN\.codex\visualizations\2026\10\02\01a0fd78-b9b8-78f2-8e39-c02cd0049c19\ppg_review_C\evidence\id_review_matrix.csv,已合并逐项语义审阅；状态与限制须读原行，非验收CLOSED
OIB-06,OIB,contracts/PPG_REAL_PPG_RAW_GENERATOR_TESTBENCH_CONTRACT.md:684,,rtl/ppg_control_top/tb_ppg_control_top_owner_identity_backpressure.v:26;rtl/ppg_control_top/tb_ppg_control_top_owner_identity_backpressure.v:28;rtl/ppg_control_top/tb_ppg_control_top_owner_identity_backpressure.v:29;rtl/ppg_control_top/tb_ppg_control_top_owner_identity_backpressure.v:32;rtl/ppg_control_top/tb_ppg_control_top_owner_identity_backpressure.v:33;rtl/ppg_control_top/tb_ppg_control_top_owner_identity_backpressure.v:57;rtl/ppg_control_top/tb_ppg_control_top_owner_identity_backpressure.v:59;rtl/ppg_control_top/tb_ppg_control_top_owner_identity_backpressure.v:60;rtl/ppg_control_top/tb_ppg_control_top_owner_identity_backpressure.v:63;rtl/ppg_control_top/tb_ppg_control_top_owner_identity_backpressure.v:64;rtl/ppg_control_top/tb_ppg_control_top_owner_identity_backpressure.v:924;rtl/ppg_control_top/tb_ppg_control_top_owner_identity_backpressure.v:929;rtl/ppg_control_top/tb_ppg_control_top_owner_identity_backpressure.v:933;rtl/ppg_control_top/tb_ppg_control_top_owner_identity_backpressure.v:938;rtl/ppg_control_top/tb_ppg_control_top_owner_identity_backpressure.v:1864;rtl/ppg_control_top/tb_ppg_control_top_owner_identity_backpressure.v:1867;rtl/ppg_control_top/tb_ppg_control_top_owner_identity_backpressure.v:1869;rtl/ppg_control_top/tb_ppg_control_top_owner_identity_backpressure.v:1872;rtl/ppg_control_top/tb_ppg_control_top_owner_identity_backpressure.v:1875,contracts/PPG_ALIAS_MAPPING_TABLE.md:176,,rtl_tag,"B,C",C:\Users\DAWN\.codex\visualizations\2026\10\02\01a0fd78-55cb-7173-9e41-1e0b27c41d49\ppg_review_B\evidence\id_four_link_audit.json;C:\Users\DAWN\.codex\visualizations\2026\10\02\01a0fd78-b9b8-78f2-8e39-c02cd0049c19\ppg_review_C\evidence\id_review_matrix.csv,已合并逐项语义审阅；状态与限制须读原行，非验收CLOSED
OIB-07,OIB,contracts/PPG_REAL_PPG_RAW_GENERATOR_TESTBENCH_CONTRACT.md:685,rtl/ppg_adc_measurement_idac_integration/ppg_adc_measurement_idac_integration.v:1748,rtl/ppg_control_top/tb_ppg_control_top_adc_numeric_scoreboard.v:24;rtl/ppg_control_top/tb_ppg_control_top_adc_numeric_scoreboard.v:25;rtl/ppg_control_top/tb_ppg_control_top_owner_identity_backpressure.v:26;rtl/ppg_control_top/tb_ppg_control_top_owner_identity_backpressure.v:28;rtl/ppg_control_top/tb_ppg_control_top_owner_identity_backpressure.v:29;rtl/ppg_control_top/tb_ppg_control_top_owner_identity_backpressure.v:32;rtl/ppg_control_top/tb_ppg_control_top_owner_identity_backpressure.v:33;rtl/ppg_control_top/tb_ppg_control_top_owner_identity_backpressure.v:57;rtl/ppg_control_top/tb_ppg_control_top_owner_identity_backpressure.v:59;rtl/ppg_control_top/tb_ppg_control_top_owner_identity_backpressure.v:60;rtl/ppg_control_top/tb_ppg_control_top_owner_identity_backpressure.v:63;rtl/ppg_control_top/tb_ppg_control_top_owner_identity_backpressure.v:64;rtl/ppg_control_top/tb_ppg_control_top_owner_identity_backpressure.v:1638;rtl/ppg_control_top/tb_ppg_control_top_owner_identity_backpressure.v:1646;rtl/ppg_control_top/tb_ppg_control_top_owner_identity_backpressure.v:1666;rtl/ppg_control_top/tb_ppg_control_top_owner_identity_backpressure.v:1672;rtl/ppg_control_top/tb_ppg_control_top_owner_identity_backpressure.v:1677,contracts/PPG_ALIAS_MAPPING_TABLE.md:170,,,"B,C",C:\Users\DAWN\.codex\visualizations\2026\10\02\01a0fd78-55cb-7173-9e41-1e0b27c41d49\ppg_review_B\evidence\id_four_link_audit.json;C:\Users\DAWN\.codex\visualizations\2026\10\02\01a0fd78-b9b8-78f2-8e39-c02cd0049c19\ppg_review_C\evidence\id_review_matrix.csv,已合并逐项语义审阅；状态与限制须读原行，非验收CLOSED
OIB-08,OIB,contracts/PPG_REAL_PPG_RAW_GENERATOR_TESTBENCH_CONTRACT.md:686,rtl/ppg_adc_measurement_idac_integration/ppg_adc_measurement_idac_integration.v:1226;rtl/ppg_adc_measurement_idac_integration/ppg_adc_measurement_idac_integration.v:1496,rtl/ppg_control_top/tb_ppg_control_top_owner_identity_backpressure.v:26;rtl/ppg_control_top/tb_ppg_control_top_owner_identity_backpressure.v:28;rtl/ppg_control_top/tb_ppg_control_top_owner_identity_backpressure.v:32;rtl/ppg_control_top/tb_ppg_control_top_owner_identity_backpressure.v:33;rtl/ppg_control_top/tb_ppg_control_top_owner_identity_backpressure.v:57;rtl/ppg_control_top/tb_ppg_control_top_owner_identity_backpressure.v:59;rtl/ppg_control_top/tb_ppg_control_top_owner_identity_backpressure.v:63;rtl/ppg_control_top/tb_ppg_control_top_owner_identity_backpressure.v:64;rtl/ppg_control_top/tb_ppg_control_top_owner_identity_backpressure.v:1459;rtl/ppg_control_top/tb_ppg_control_top_owner_identity_backpressure.v:1466;rtl/ppg_control_top/tb_ppg_control_top_owner_identity_backpressure.v:1475;rtl/ppg_control_top/tb_ppg_control_top_owner_identity_backpressure.v:1483;rtl/ppg_control_top/tb_ppg_control_top_owner_identity_backpressure.v:1486;rtl/ppg_control_top/tb_ppg_control_top_owner_identity_backpressure.v:1489;rtl/ppg_control_top/tb_ppg_control_top_owner_identity_backpressure.v:1506,contracts/PPG_ALIAS_MAPPING_TABLE.md:135;contracts/PPG_ALIAS_MAPPING_TABLE.md:476,contracts/PPG_ALIAS_MAPPING_TABLE.md:135,,"B,C",C:\Users\DAWN\.codex\visualizations\2026\10\02\01a0fd78-55cb-7173-9e41-1e0b27c41d49\ppg_review_B\evidence\id_four_link_audit.json;C:\Users\DAWN\.codex\visualizations\2026\10\02\01a0fd78-b9b8-78f2-8e39-c02cd0049c19\ppg_review_C\evidence\id_review_matrix.csv,已合并逐项语义审阅；状态与限制须读原行，非验收CLOSED
OIB-09,OIB,contracts/PPG_REAL_PPG_RAW_GENERATOR_TESTBENCH_CONTRACT.md:687,rtl/ppg_400hz_frame_calibration_scheduler/ppg_400hz_frame_calibration_scheduler.v:777,rtl/ppg_control_top/tb_ppg_control_top_lifecycle_fault_adc_anomaly.v:1875;rtl/ppg_control_top/tb_ppg_control_top_owner_identity_backpressure.v:26;rtl/ppg_control_top/tb_ppg_control_top_owner_identity_backpressure.v:28;rtl/ppg_control_top/tb_ppg_control_top_owner_identity_backpressure.v:29;rtl/ppg_control_top/tb_ppg_control_top_owner_identity_backpressure.v:31;rtl/ppg_control_top/tb_ppg_control_top_owner_identity_backpressure.v:32;rtl/ppg_control_top/tb_ppg_control_top_owner_identity_backpressure.v:33;rtl/ppg_control_top/tb_ppg_control_top_owner_identity_backpressure.v:57;rtl/ppg_control_top/tb_ppg_control_top_owner_identity_backpressure.v:59;rtl/ppg_control_top/tb_ppg_control_top_owner_identity_backpressure.v:60;rtl/ppg_control_top/tb_ppg_control_top_owner_identity_backpressure.v:62;rtl/ppg_control_top/tb_ppg_control_top_owner_identity_backpressure.v:63;rtl/ppg_control_top/tb_ppg_control_top_owner_identity_backpressure.v:64;rtl/ppg_control_top/tb_ppg_control_top_owner_identity_backpressure.v:1521;rtl/ppg_control_top/tb_ppg_control_top_owner_identity_backpressure.v:1568;rtl/ppg_control_top/tb_ppg_control_top_owner_identity_backpressure.v:1585;rtl/ppg_control_top/tb_ppg_control_top_owner_identity_backpressure.v:1603;rtl/ppg_control_top/tb_ppg_control_top_owner_identity_backpressure.v:1622;rtl/ppg_control_top/tb_ppg_control_top_owner_identity_backpressure.v:1626;rtl/ppg_control_top/tb_ppg_control_top_owner_identity_backpressure.v:1630;rtl/ppg_control_top/tb_ppg_control_top_robustness_corner_waveforms.v:33;rtl/ppg_control_top/tb_ppg_control_top_robustness_corner_waveforms.v:63,contracts/PPG_ALIAS_MAPPING_TABLE.md:171,,,"B,C",C:\Users\DAWN\.codex\visualizations\2026\10\02\01a0fd78-55cb-7173-9e41-1e0b27c41d49\ppg_review_B\evidence\id_four_link_audit.json;C:\Users\DAWN\.codex\visualizations\2026\10\02\01a0fd78-b9b8-78f2-8e39-c02cd0049c19\ppg_review_C\evidence\id_review_matrix.csv,已合并逐项语义审阅；状态与限制须读原行，非验收CLOSED
OIB-10,OIB,contracts/PPG_REAL_PPG_RAW_GENERATOR_TESTBENCH_CONTRACT.md:688,rtl/ppg_sar9_sar15_safe_selection_wrapper/ppg_sar9_sar15_safe_selection_wrapper.v:446;rtl/ppg_sar9_sar15_safe_selection_wrapper/ppg_sar9_sar15_safe_selection_wrapper.v:449,rtl/ppg_control_top/tb_ppg_control_top_owner_identity_backpressure.v:26;rtl/ppg_control_top/tb_ppg_control_top_owner_identity_backpressure.v:28;rtl/ppg_control_top/tb_ppg_control_top_owner_identity_backpressure.v:32;rtl/ppg_control_top/tb_ppg_control_top_owner_identity_backpressure.v:33;rtl/ppg_control_top/tb_ppg_control_top_owner_identity_backpressure.v:57;rtl/ppg_control_top/tb_ppg_control_top_owner_identity_backpressure.v:59;rtl/ppg_control_top/tb_ppg_control_top_owner_identity_backpressure.v:63;rtl/ppg_control_top/tb_ppg_control_top_owner_identity_backpressure.v:64,contracts/PPG_ALIAS_MAPPING_TABLE.md:172,,,"B,C",C:\Users\DAWN\.codex\visualizations\2026\10\02\01a0fd78-55cb-7173-9e41-1e0b27c41d49\ppg_review_B\evidence\id_four_link_audit.json;C:\Users\DAWN\.codex\visualizations\2026\10\02\01a0fd78-b9b8-78f2-8e39-c02cd0049c19\ppg_review_C\evidence\id_review_matrix.csv,已合并逐项语义审阅；状态与限制须读原行，非验收CLOSED
OPT-01,OPT,contracts/PPG_DYNAMIC_BASELINE_ARITHMETIC_OPTIMIZATION_CONTRACT.md:567,,rtl/ppg_dynamic_baseline_cross_detector/tb_ppg_dynamic_baseline_cross_detector.v:22;rtl/ppg_dynamic_baseline_cross_detector/tb_ppg_dynamic_baseline_cross_detector.v:42;rtl/ppg_dynamic_baseline_cross_detector/tb_ppg_dynamic_baseline_cross_detector.v:1079;rtl/ppg_dynamic_baseline_cross_detector/tb_ppg_dynamic_baseline_cross_detector.v:1308;rtl/ppg_dynamic_baseline_cross_detector/tb_ppg_dynamic_baseline_phase_a_arithmetic_equivalence.v:169,,,"rtl_tag,matrix_or_alias",C,C:\Users\DAWN\.codex\visualizations\2026\10\02\01a0fd78-b9b8-78f2-8e39-c02cd0049c19\ppg_review_C\evidence\id_review_matrix.csv,已合并逐项语义审阅；状态与限制须读原行，非验收CLOSED
OPT-02,OPT,contracts/PPG_DYNAMIC_BASELINE_ARITHMETIC_OPTIMIZATION_CONTRACT.md:568,,rtl/ppg_dynamic_baseline_cross_detector/tb_ppg_dynamic_baseline_cross_detector.v:1080;rtl/ppg_dynamic_baseline_cross_detector/tb_ppg_dynamic_baseline_phase_a_arithmetic_equivalence.v:169,,,"rtl_tag,matrix_or_alias",C,C:\Users\DAWN\.codex\visualizations\2026\10\02\01a0fd78-b9b8-78f2-8e39-c02cd0049c19\ppg_review_C\evidence\id_review_matrix.csv,已合并逐项语义审阅；状态与限制须读原行，非验收CLOSED
OPT-03,OPT,contracts/PPG_DYNAMIC_BASELINE_ARITHMETIC_OPTIMIZATION_CONTRACT.md:569,,rtl/ppg_dynamic_baseline_cross_detector/tb_ppg_dynamic_baseline_cross_detector.v:1083;rtl/ppg_dynamic_baseline_cross_detector/tb_ppg_dynamic_baseline_phase_a_arithmetic_equivalence.v:171,,,"rtl_tag,matrix_or_alias",C,C:\Users\DAWN\.codex\visualizations\2026\10\02\01a0fd78-b9b8-78f2-8e39-c02cd0049c19\ppg_review_C\evidence\id_review_matrix.csv,已合并逐项语义审阅；状态与限制须读原行，非验收CLOSED
OPT-04,OPT,contracts/PPG_DYNAMIC_BASELINE_ARITHMETIC_OPTIMIZATION_CONTRACT.md:570,,rtl/ppg_dynamic_baseline_cross_detector/tb_ppg_dynamic_baseline_cross_detector.v:1086;rtl/ppg_dynamic_baseline_cross_detector/tb_ppg_dynamic_baseline_phase_a_arithmetic_equivalence.v:177,,,"rtl_tag,matrix_or_alias",C,C:\Users\DAWN\.codex\visualizations\2026\10\02\01a0fd78-b9b8-78f2-8e39-c02cd0049c19\ppg_review_C\evidence\id_review_matrix.csv,已合并逐项语义审阅；状态与限制须读原行，非验收CLOSED
OPT-05,OPT,contracts/PPG_DYNAMIC_BASELINE_ARITHMETIC_OPTIMIZATION_CONTRACT.md:571,,rtl/ppg_dynamic_baseline_cross_detector/tb_ppg_dynamic_baseline_cross_detector.v:1088;rtl/ppg_dynamic_baseline_cross_detector/tb_ppg_dynamic_baseline_cross_detector.v:1103;rtl/ppg_dynamic_baseline_cross_detector/tb_ppg_dynamic_baseline_phase_a_arithmetic_equivalence.v:171,,,"rtl_tag,matrix_or_alias",C,C:\Users\DAWN\.codex\visualizations\2026\10\02\01a0fd78-b9b8-78f2-8e39-c02cd0049c19\ppg_review_C\evidence\id_review_matrix.csv,已合并逐项语义审阅；状态与限制须读原行，非验收CLOSED
OPT-06,OPT,contracts/PPG_DYNAMIC_BASELINE_ARITHMETIC_OPTIMIZATION_CONTRACT.md:572,,rtl/ppg_dynamic_baseline_cross_detector/tb_ppg_dynamic_baseline_cross_detector.v:1105;rtl/ppg_dynamic_baseline_cross_detector/tb_ppg_dynamic_baseline_cross_detector.v:1120;rtl/ppg_dynamic_baseline_cross_detector/tb_ppg_dynamic_baseline_phase_a_arithmetic_equivalence.v:173,,,"rtl_tag,matrix_or_alias",C,C:\Users\DAWN\.codex\visualizations\2026\10\02\01a0fd78-b9b8-78f2-8e39-c02cd0049c19\ppg_review_C\evidence\id_review_matrix.csv,已合并逐项语义审阅；状态与限制须读原行，非验收CLOSED
OPT-07,OPT,contracts/PPG_DYNAMIC_BASELINE_ARITHMETIC_OPTIMIZATION_CONTRACT.md:573,,rtl/ppg_dynamic_baseline_cross_detector/tb_ppg_dynamic_baseline_cross_detector.v:1123;rtl/ppg_dynamic_baseline_cross_detector/tb_ppg_dynamic_baseline_cross_detector.v:1134;rtl/ppg_dynamic_baseline_cross_detector/tb_ppg_dynamic_baseline_phase_a_arithmetic_equivalence.v:175,,,"rtl_tag,matrix_or_alias",C,C:\Users\DAWN\.codex\visualizations\2026\10\02\01a0fd78-b9b8-78f2-8e39-c02cd0049c19\ppg_review_C\evidence\id_review_matrix.csv,已合并逐项语义审阅；状态与限制须读原行，非验收CLOSED
OPT-08,OPT,contracts/PPG_DYNAMIC_BASELINE_ARITHMETIC_OPTIMIZATION_CONTRACT.md:574,,rtl/ppg_dynamic_baseline_cross_detector/tb_ppg_dynamic_baseline_cross_detector.v:1121;rtl/ppg_dynamic_baseline_cross_detector/tb_ppg_dynamic_baseline_phase_a_arithmetic_equivalence.v:175,,,"rtl_tag,matrix_or_alias",C,C:\Users\DAWN\.codex\visualizations\2026\10\02\01a0fd78-b9b8-78f2-8e39-c02cd0049c19\ppg_review_C\evidence\id_review_matrix.csv,已合并逐项语义审阅；状态与限制须读原行，非验收CLOSED
OPT-09,OPT,contracts/PPG_DYNAMIC_BASELINE_ARITHMETIC_OPTIMIZATION_CONTRACT.md:575,,rtl/ppg_dynamic_baseline_cross_detector/tb_ppg_dynamic_baseline_cross_detector.v:1136;rtl/ppg_dynamic_baseline_cross_detector/tb_ppg_dynamic_baseline_cross_detector.v:1147;rtl/ppg_dynamic_baseline_cross_detector/tb_ppg_dynamic_baseline_phase_a_arithmetic_equivalence.v:173,,,"rtl_tag,matrix_or_alias",C,C:\Users\DAWN\.codex\visualizations\2026\10\02\01a0fd78-b9b8-78f2-8e39-c02cd0049c19\ppg_review_C\evidence\id_review_matrix.csv,已合并逐项语义审阅；状态与限制须读原行，非验收CLOSED
OPT-10,OPT,contracts/PPG_DYNAMIC_BASELINE_ARITHMETIC_OPTIMIZATION_CONTRACT.md:576,,rtl/ppg_dynamic_baseline_cross_detector/tb_ppg_dynamic_baseline_cross_detector.v:1149;rtl/ppg_dynamic_baseline_cross_detector/tb_ppg_dynamic_baseline_cross_detector.v:1158,,,"rtl_tag,matrix_or_alias",C,C:\Users\DAWN\.codex\visualizations\2026\10\02\01a0fd78-b9b8-78f2-8e39-c02cd0049c19\ppg_review_C\evidence\id_review_matrix.csv,已合并逐项语义审阅；状态与限制须读原行，非验收CLOSED
OPT-11,OPT,contracts/PPG_DYNAMIC_BASELINE_ARITHMETIC_OPTIMIZATION_CONTRACT.md:577,,rtl/ppg_dynamic_baseline_cross_detector/tb_ppg_dynamic_baseline_cross_detector.v:1149;rtl/ppg_dynamic_baseline_cross_detector/tb_ppg_dynamic_baseline_cross_detector.v:1170,,,"rtl_tag,matrix_or_alias",C,C:\Users\DAWN\.codex\visualizations\2026\10\02\01a0fd78-b9b8-78f2-8e39-c02cd0049c19\ppg_review_C\evidence\id_review_matrix.csv,已合并逐项语义审阅；状态与限制须读原行，非验收CLOSED
OPT-12,OPT,contracts/PPG_DYNAMIC_BASELINE_ARITHMETIC_OPTIMIZATION_CONTRACT.md:578,,rtl/ppg_dynamic_baseline_cross_detector/tb_ppg_dynamic_baseline_cross_detector.v:1149;rtl/ppg_dynamic_baseline_cross_detector/tb_ppg_dynamic_baseline_cross_detector.v:1175,,,"rtl_tag,matrix_or_alias",C,C:\Users\DAWN\.codex\visualizations\2026\10\02\01a0fd78-b9b8-78f2-8e39-c02cd0049c19\ppg_review_C\evidence\id_review_matrix.csv,已合并逐项语义审阅；状态与限制须读原行，非验收CLOSED
OPT-13,OPT,contracts/PPG_DYNAMIC_BASELINE_ARITHMETIC_OPTIMIZATION_CONTRACT.md:579,,rtl/ppg_dynamic_baseline_cross_detector/tb_ppg_dynamic_baseline_cross_detector.v:1149;rtl/ppg_dynamic_baseline_cross_detector/tb_ppg_dynamic_baseline_cross_detector.v:1176,,,"rtl_tag,matrix_or_alias",C,C:\Users\DAWN\.codex\visualizations\2026\10\02\01a0fd78-b9b8-78f2-8e39-c02cd0049c19\ppg_review_C\evidence\id_review_matrix.csv,已合并逐项语义审阅；状态与限制须读原行，非验收CLOSED
OPT-14,OPT,contracts/PPG_DYNAMIC_BASELINE_ARITHMETIC_OPTIMIZATION_CONTRACT.md:580,,rtl/ppg_dynamic_baseline_cross_detector/tb_ppg_dynamic_baseline_cross_detector.v:1178;rtl/ppg_dynamic_baseline_cross_detector/tb_ppg_dynamic_baseline_cross_detector.v:1182,,,"rtl_tag,matrix_or_alias",C,C:\Users\DAWN\.codex\visualizations\2026\10\02\01a0fd78-b9b8-78f2-8e39-c02cd0049c19\ppg_review_C\evidence\id_review_matrix.csv,已合并逐项语义审阅；状态与限制须读原行，非验收CLOSED
OPT-15,OPT,contracts/PPG_DYNAMIC_BASELINE_ARITHMETIC_OPTIMIZATION_CONTRACT.md:581,,rtl/ppg_dynamic_baseline_cross_detector/tb_ppg_dynamic_baseline_cross_detector.v:1184;rtl/ppg_dynamic_baseline_cross_detector/tb_ppg_dynamic_baseline_cross_detector.v:1188,,,"rtl_tag,matrix_or_alias",C,C:\Users\DAWN\.codex\visualizations\2026\10\02\01a0fd78-b9b8-78f2-8e39-c02cd0049c19\ppg_review_C\evidence\id_review_matrix.csv,已合并逐项语义审阅；状态与限制须读原行，非验收CLOSED
OPT-16,OPT,contracts/PPG_DYNAMIC_BASELINE_ARITHMETIC_OPTIMIZATION_CONTRACT.md:582,,rtl/ppg_dynamic_baseline_cross_detector/tb_ppg_dynamic_baseline_cross_detector.v:1190;rtl/ppg_dynamic_baseline_cross_detector/tb_ppg_dynamic_baseline_cross_detector.v:1194,,,"rtl_tag,matrix_or_alias",C,C:\Users\DAWN\.codex\visualizations\2026\10\02\01a0fd78-b9b8-78f2-8e39-c02cd0049c19\ppg_review_C\evidence\id_review_matrix.csv,已合并逐项语义审阅；状态与限制须读原行，非验收CLOSED
OPT-17,OPT,contracts/PPG_DYNAMIC_BASELINE_ARITHMETIC_OPTIMIZATION_CONTRACT.md:583,,rtl/ppg_dynamic_baseline_cross_detector/tb_ppg_dynamic_baseline_cross_detector.v:1196;rtl/ppg_dynamic_baseline_cross_detector/tb_ppg_dynamic_baseline_cross_detector.v:1206,,,"rtl_tag,matrix_or_alias",C,C:\Users\DAWN\.codex\visualizations\2026\10\02\01a0fd78-b9b8-78f2-8e39-c02cd0049c19\ppg_review_C\evidence\id_review_matrix.csv,已合并逐项语义审阅；状态与限制须读原行，非验收CLOSED
OPT-18,OPT,contracts/PPG_DYNAMIC_BASELINE_ARITHMETIC_OPTIMIZATION_CONTRACT.md:584,,rtl/ppg_dynamic_baseline_cross_detector/tb_ppg_dynamic_baseline_cross_detector.v:1208;rtl/ppg_dynamic_baseline_cross_detector/tb_ppg_dynamic_baseline_cross_detector.v:1217,,,"rtl_tag,matrix_or_alias",C,C:\Users\DAWN\.codex\visualizations\2026\10\02\01a0fd78-b9b8-78f2-8e39-c02cd0049c19\ppg_review_C\evidence\id_review_matrix.csv,已合并逐项语义审阅；状态与限制须读原行，非验收CLOSED
OPT-19,OPT,contracts/PPG_DYNAMIC_BASELINE_ARITHMETIC_OPTIMIZATION_CONTRACT.md:585,,rtl/ppg_dynamic_baseline_cross_detector/tb_ppg_dynamic_baseline_cross_detector.v:1219;rtl/ppg_dynamic_baseline_cross_detector/tb_ppg_dynamic_baseline_cross_detector.v:1228,,,"rtl_tag,matrix_or_alias",C,C:\Users\DAWN\.codex\visualizations\2026\10\02\01a0fd78-b9b8-78f2-8e39-c02cd0049c19\ppg_review_C\evidence\id_review_matrix.csv,已合并逐项语义审阅；状态与限制须读原行，非验收CLOSED
OPT-20,OPT,contracts/PPG_DYNAMIC_BASELINE_ARITHMETIC_OPTIMIZATION_CONTRACT.md:586,,rtl/ppg_dynamic_baseline_cross_detector/tb_ppg_dynamic_baseline_cross_detector.v:1230;rtl/ppg_dynamic_baseline_cross_detector/tb_ppg_dynamic_baseline_cross_detector.v:1246,,,"rtl_tag,matrix_or_alias",C,C:\Users\DAWN\.codex\visualizations\2026\10\02\01a0fd78-b9b8-78f2-8e39-c02cd0049c19\ppg_review_C\evidence\id_review_matrix.csv,已合并逐项语义审阅；状态与限制须读原行，非验收CLOSED
OPT-21,OPT,contracts/PPG_DYNAMIC_BASELINE_ARITHMETIC_OPTIMIZATION_CONTRACT.md:587,,rtl/ppg_dynamic_baseline_cross_detector/tb_ppg_dynamic_baseline_cross_detector.v:1248;rtl/ppg_dynamic_baseline_cross_detector/tb_ppg_dynamic_baseline_cross_detector.v:1260,,,"rtl_tag,matrix_or_alias",C,C:\Users\DAWN\.codex\visualizations\2026\10\02\01a0fd78-b9b8-78f2-8e39-c02cd0049c19\ppg_review_C\evidence\id_review_matrix.csv,已合并逐项语义审阅；状态与限制须读原行，非验收CLOSED
OPT-22,OPT,contracts/PPG_DYNAMIC_BASELINE_ARITHMETIC_OPTIMIZATION_CONTRACT.md:588,,rtl/ppg_dynamic_baseline_cross_detector/tb_ppg_dynamic_baseline_cross_detector.v:1262;rtl/ppg_dynamic_baseline_cross_detector/tb_ppg_dynamic_baseline_cross_detector.v:1277,,,"rtl_tag,matrix_or_alias",C,C:\Users\DAWN\.codex\visualizations\2026\10\02\01a0fd78-b9b8-78f2-8e39-c02cd0049c19\ppg_review_C\evidence\id_review_matrix.csv,已合并逐项语义审阅；状态与限制须读原行，非验收CLOSED
OPT-23,OPT,contracts/PPG_DYNAMIC_BASELINE_ARITHMETIC_OPTIMIZATION_CONTRACT.md:589,,rtl/ppg_dynamic_baseline_cross_detector/tb_ppg_dynamic_baseline_cross_detector.v:1282,,,"rtl_tag,matrix_or_alias",C,C:\Users\DAWN\.codex\visualizations\2026\10\02\01a0fd78-b9b8-78f2-8e39-c02cd0049c19\ppg_review_C\evidence\id_review_matrix.csv,已合并逐项语义审阅；状态与限制须读原行，非验收CLOSED
OPT-24,OPT,contracts/PPG_DYNAMIC_BASELINE_ARITHMETIC_OPTIMIZATION_CONTRACT.md:590,,rtl/ppg_dynamic_baseline_cross_detector/tb_ppg_dynamic_baseline_cross_detector.v:22;rtl/ppg_dynamic_baseline_cross_detector/tb_ppg_dynamic_baseline_cross_detector.v:42;rtl/ppg_dynamic_baseline_cross_detector/tb_ppg_dynamic_baseline_cross_detector.v:1284;rtl/ppg_dynamic_baseline_cross_detector/tb_ppg_dynamic_baseline_cross_detector.v:1303;rtl/ppg_dynamic_baseline_cross_detector/tb_ppg_dynamic_baseline_cross_detector.v:1308,,,"rtl_tag,matrix_or_alias",C,C:\Users\DAWN\.codex\visualizations\2026\10\02\01a0fd78-b9b8-78f2-8e39-c02cd0049c19\ppg_review_C\evidence\id_review_matrix.csv,已合并逐项语义审阅；状态与限制须读原行，非验收CLOSED
P01,P,,rtl/ppg_adc_measurement_idac_integration/ppg_adc_measurement_idac_integration.v:1027;rtl/ppg_adc_measurement_idac_integration/ppg_adc_measurement_idac_integration.v:1318,rtl/ppg_control_top/tb_ppg_control_top_lifecycle_fault_adc_anomaly.v:888;rtl/ppg_control_top/tb_ppg_control_top_lifecycle_fault_adc_anomaly.v:1357;rtl/ppg_control_top/tb_ppg_control_top_lifecycle_fault_adc_anomaly.v:1386;rtl/ppg_control_top/tb_ppg_control_top_lifecycle_fault_adc_anomaly.v:1462;rtl/ppg_control_top/tb_ppg_control_top_lifecycle_fault_adc_anomaly.v:1468;rtl/ppg_control_top/tb_ppg_control_top_lifecycle_fault_adc_anomaly.v:1471;rtl/ppg_control_top/tb_ppg_control_top_lifecycle_fault_adc_anomaly.v:1475;rtl/ppg_control_top/tb_ppg_control_top_lifecycle_fault_adc_anomaly.v:1478;rtl/ppg_control_top/tb_ppg_control_top_lifecycle_fault_adc_anomaly.v:1482;rtl/ppg_control_top/tb_ppg_control_top_lifecycle_fault_adc_anomaly.v:1534;rtl/ppg_control_top/tb_ppg_control_top_lifecycle_fault_adc_anomaly.v:1558;rtl/ppg_control_top/tb_ppg_control_top_lifecycle_fault_adc_anomaly.v:1584;rtl/ppg_control_top/tb_ppg_control_top_lifecycle_fault_adc_anomaly.v:1590;rtl/ppg_control_top/tb_ppg_control_top_lifecycle_fault_adc_anomaly.v:1613;rtl/ppg_control_top/tb_ppg_control_top_lifecycle_fault_adc_anomaly.v:1622;rtl/ppg_control_top/tb_ppg_control_top_lifecycle_fault_adc_anomaly.v:1625;rtl/ppg_control_top/tb_ppg_control_top_lifecycle_fault_adc_anomaly.v:1633;rtl/ppg_control_top/tb_ppg_control_top_lifecycle_fault_adc_anomaly.v:1636;rtl/ppg_control_top/tb_ppg_control_top_lifecycle_fault_adc_anomaly.v:1639;rtl/ppg_control_top/tb_ppg_control_top_lifecycle_fault_adc_anomaly.v:1644;rtl/ppg_control_top/tb_ppg_control_top_lifecycle_fault_adc_anomaly.v:1648;rtl/ppg_control_top/tb_ppg_control_top_lifecycle_fault_adc_anomaly.v:1679;rtl/ppg_control_top/tb_ppg_control_top_lifecycle_fault_adc_anomaly.v:1691,contracts/PPG_CONTRACT_CLOSURE_MATRIX.md:923;contracts/PPG_ALIAS_MAPPING_TABLE.md:462,,contract_definition,,,无逐ID独立语义记录；按家族/结构抽查，机械候选不等于活跃验收缺口
P02,P,,rtl/ppg_adc_measurement_idac_integration/ppg_adc_measurement_idac_integration.v:970,,contracts/PPG_CONTRACT_CLOSURE_MATRIX.md:924;contracts/PPG_ALIAS_MAPPING_TABLE.md:463,,"contract_definition,tb_text",,,无逐ID独立语义记录；按家族/结构抽查，机械候选不等于活跃验收缺口
P03,P,,rtl/ppg_system_fault_abort_supervisor/ppg_system_fault_abort_supervisor.v:279,,contracts/PPG_CONTRACT_CLOSURE_MATRIX.md:925;contracts/PPG_ALIAS_MAPPING_TABLE.md:464,,"contract_definition,tb_text",,,无逐ID独立语义记录；按家族/结构抽查，机械候选不等于活跃验收缺口
P04,P,,rtl/ppg_system_fault_abort_supervisor/ppg_system_fault_abort_supervisor.v:302,,contracts/PPG_CONTRACT_CLOSURE_MATRIX.md:926;contracts/PPG_ALIAS_MAPPING_TABLE.md:465,,"contract_definition,tb_text",,,无逐ID独立语义记录；按家族/结构抽查，机械候选不等于活跃验收缺口
P05,P,,rtl/ppg_system_fault_abort_supervisor/ppg_system_fault_abort_supervisor.v:192,,contracts/PPG_CONTRACT_CLOSURE_MATRIX.md:927;contracts/PPG_ALIAS_MAPPING_TABLE.md:466,,"contract_definition,tb_text",,,无逐ID独立语义记录；按家族/结构抽查，机械候选不等于活跃验收缺口
P06,P,,rtl/ppg_adc_measurement_idac_integration/ppg_adc_measurement_idac_integration.v:1572,rtl/ppg_control_top/tb_ppg_control_top_injection.v:22;rtl/ppg_control_top/tb_ppg_control_top_injection.v:42;rtl/ppg_control_top/tb_ppg_control_top_injection.v:769;rtl/ppg_control_top/tb_ppg_control_top_injection.v:786;rtl/ppg_control_top/tb_ppg_control_top_injection.v:789;rtl/ppg_control_top/tb_ppg_control_top_injection.v:794,contracts/PPG_CONTRACT_CLOSURE_MATRIX.md:928;contracts/PPG_ALIAS_MAPPING_TABLE.md:467,,contract_definition,,,无逐ID独立语义记录；按家族/结构抽查，机械候选不等于活跃验收缺口
P07,P,,rtl/ppg_adc_measurement_idac_integration/ppg_adc_measurement_idac_integration.v:911,,contracts/PPG_CONTRACT_CLOSURE_MATRIX.md:929;contracts/PPG_ALIAS_MAPPING_TABLE.md:455,,"contract_definition,tb_text",,,无逐ID独立语义记录；按家族/结构抽查，机械候选不等于活跃验收缺口
P08,P,,rtl/ppg_adc_measurement_idac_integration/ppg_adc_measurement_idac_integration.v:1496,,contracts/PPG_CONTRACT_CLOSURE_MATRIX.md:930;contracts/PPG_ALIAS_MAPPING_TABLE.md:468,,"contract_definition,tb_text",,,无逐ID独立语义记录；按家族/结构抽查，机械候选不等于活跃验收缺口
P09,P,,rtl/ppg_system_fault_abort_supervisor/ppg_system_fault_abort_supervisor.v:413,,contracts/PPG_CONTRACT_CLOSURE_MATRIX.md:931;contracts/PPG_ALIAS_MAPPING_TABLE.md:469,,"contract_definition,tb_text",,,无逐ID独立语义记录；按家族/结构抽查，机械候选不等于活跃验收缺口
P10,P,,rtl/ppg_system_fault_abort_supervisor/ppg_system_fault_abort_supervisor.v:207,,contracts/PPG_CONTRACT_CLOSURE_MATRIX.md:932;contracts/PPG_ALIAS_MAPPING_TABLE.md:470,,"contract_definition,tb_text",,,无逐ID独立语义记录；按家族/结构抽查，机械候选不等于活跃验收缺口
P11,P,,rtl/ppg_control_top/ppg_control_top.v:393,,contracts/PPG_CONTRACT_CLOSURE_MATRIX.md:933;contracts/PPG_ALIAS_MAPPING_TABLE.md:471,,"contract_definition,tb_text",,,无逐ID独立语义记录；按家族/结构抽查，机械候选不等于活跃验收缺口
P12,P,,,,contracts/PPG_CONTRACT_CLOSURE_MATRIX.md:934;contracts/PPG_ALIAS_MAPPING_TABLE.md:472,contracts/PPG_ALIAS_MAPPING_TABLE.md:472,"contract_definition,rtl_tag,tb_text",,,无逐ID独立语义记录；按家族/结构抽查，机械候选不等于活跃验收缺口
P13,P,,rtl/ppg_normal_transaction_fork/ppg_normal_transaction_fork.v:285;rtl/ppg_normal_transaction_fork/ppg_normal_transaction_fork.v:298,rtl/ppg_normal_transaction_fork/tb_ppg_normal_transaction_fork.v:22;rtl/ppg_normal_transaction_fork/tb_ppg_normal_transaction_fork.v:42;rtl/ppg_normal_transaction_fork/tb_ppg_normal_transaction_fork.v:336;rtl/ppg_normal_transaction_fork/tb_ppg_normal_transaction_fork.v:349;rtl/ppg_normal_transaction_fork/tb_ppg_normal_transaction_fork.v:371;rtl/ppg_normal_transaction_fork/tb_ppg_normal_transaction_fork.v:424;rtl/ppg_normal_transaction_fork/tb_ppg_normal_transaction_fork.v:448,contracts/PPG_CONTRACT_CLOSURE_MATRIX.md:935;contracts/PPG_ALIAS_MAPPING_TABLE.md:473,,contract_definition,,,无逐ID独立语义记录；按家族/结构抽查，机械候选不等于活跃验收缺口
P14,P,,rtl/ppg_adc_measurement_idac_integration/ppg_adc_measurement_idac_integration.v:1226,,contracts/PPG_CONTRACT_CLOSURE_MATRIX.md:936;contracts/PPG_ALIAS_MAPPING_TABLE.md:474,,"contract_definition,tb_text",,,无逐ID独立语义记录；按家族/结构抽查，机械候选不等于活跃验收缺口
P15,P,,rtl/ppg_control_top/ppg_control_top.v:1394,,contracts/PPG_CONTRACT_CLOSURE_MATRIX.md:937;contracts/PPG_ALIAS_MAPPING_TABLE.md:477,,"contract_definition,tb_text",,,无逐ID独立语义记录；按家族/结构抽查，机械候选不等于活跃验收缺口
P16,P,,,,contracts/PPG_CONTRACT_CLOSURE_MATRIX.md:938;contracts/PPG_ALIAS_MAPPING_TABLE.md:459,contracts/PPG_ALIAS_MAPPING_TABLE.md:459,"contract_definition,rtl_tag,tb_text",,,无逐ID独立语义记录；按家族/结构抽查，机械候选不等于活跃验收缺口
P17,P,,rtl/ppg_control_top/ppg_control_top.v:416,,contracts/PPG_CONTRACT_CLOSURE_MATRIX.md:939;contracts/PPG_ALIAS_MAPPING_TABLE.md:456,,"contract_definition,tb_text",,,无逐ID独立语义记录；按家族/结构抽查，机械候选不等于活跃验收缺口
PR-01,PR,contracts/PPG_ADC_PROGRAMMABLE_RECONSTRUCTOR_INTERFACE_CONTRACT.md:329,,rtl/ppg_adc_programmable_reconstructor/tb_ppg_adc_programmable_reconstructor.v:40;rtl/ppg_adc_programmable_reconstructor/tb_ppg_adc_programmable_reconstructor.v:306;rtl/ppg_adc_programmable_reconstructor/tb_ppg_adc_programmable_reconstructor.v:318;rtl/ppg_adc_programmable_reconstructor/tb_ppg_adc_programmable_reconstructor.v:319;rtl/ppg_adc_programmable_reconstructor/tb_ppg_adc_programmable_reconstructor.v:382;rtl/ppg_adc_programmable_reconstructor/tb_ppg_adc_programmable_reconstructor.v:386;rtl/ppg_adc_programmable_reconstructor/tb_ppg_adc_programmable_reconstructor.v:389,,,"rtl_tag,matrix_or_alias",C,C:\Users\DAWN\.codex\visualizations\2026\10\02\01a0fd78-b9b8-78f2-8e39-c02cd0049c19\ppg_review_C\evidence\id_review_matrix.csv,已合并逐项语义审阅；状态与限制须读原行，非验收CLOSED
PR-02,PR,contracts/PPG_ADC_PROGRAMMABLE_RECONSTRUCTOR_INTERFACE_CONTRACT.md:330,,rtl/ppg_adc_programmable_reconstructor/tb_ppg_adc_programmable_reconstructor.v:40;rtl/ppg_adc_programmable_reconstructor/tb_ppg_adc_programmable_reconstructor.v:306;rtl/ppg_adc_programmable_reconstructor/tb_ppg_adc_programmable_reconstructor.v:323;rtl/ppg_adc_programmable_reconstructor/tb_ppg_adc_programmable_reconstructor.v:389,,,"rtl_tag,matrix_or_alias",C,C:\Users\DAWN\.codex\visualizations\2026\10\02\01a0fd78-b9b8-78f2-8e39-c02cd0049c19\ppg_review_C\evidence\id_review_matrix.csv,已合并逐项语义审阅；状态与限制须读原行，非验收CLOSED
PR-03,PR,contracts/PPG_ADC_PROGRAMMABLE_RECONSTRUCTOR_INTERFACE_CONTRACT.md:331,,rtl/ppg_adc_programmable_reconstructor/tb_ppg_adc_programmable_reconstructor.v:40;rtl/ppg_adc_programmable_reconstructor/tb_ppg_adc_programmable_reconstructor.v:306;rtl/ppg_adc_programmable_reconstructor/tb_ppg_adc_programmable_reconstructor.v:325;rtl/ppg_adc_programmable_reconstructor/tb_ppg_adc_programmable_reconstructor.v:389,,,"rtl_tag,matrix_or_alias",C,C:\Users\DAWN\.codex\visualizations\2026\10\02\01a0fd78-b9b8-78f2-8e39-c02cd0049c19\ppg_review_C\evidence\id_review_matrix.csv,已合并逐项语义审阅；状态与限制须读原行，非验收CLOSED
PR-04,PR,contracts/PPG_ADC_PROGRAMMABLE_RECONSTRUCTOR_INTERFACE_CONTRACT.md:332,,rtl/ppg_adc_programmable_reconstructor/tb_ppg_adc_programmable_reconstructor.v:40;rtl/ppg_adc_programmable_reconstructor/tb_ppg_adc_programmable_reconstructor.v:306;rtl/ppg_adc_programmable_reconstructor/tb_ppg_adc_programmable_reconstructor.v:327;rtl/ppg_adc_programmable_reconstructor/tb_ppg_adc_programmable_reconstructor.v:332;rtl/ppg_adc_programmable_reconstructor/tb_ppg_adc_programmable_reconstructor.v:333;rtl/ppg_adc_programmable_reconstructor/tb_ppg_adc_programmable_reconstructor.v:389,,,"rtl_tag,matrix_or_alias",C,C:\Users\DAWN\.codex\visualizations\2026\10\02\01a0fd78-b9b8-78f2-8e39-c02cd0049c19\ppg_review_C\evidence\id_review_matrix.csv,已合并逐项语义审阅；状态与限制须读原行，非验收CLOSED
PR-05,PR,contracts/PPG_ADC_PROGRAMMABLE_RECONSTRUCTOR_INTERFACE_CONTRACT.md:333,,rtl/ppg_adc_programmable_reconstructor/tb_ppg_adc_programmable_reconstructor.v:40;rtl/ppg_adc_programmable_reconstructor/tb_ppg_adc_programmable_reconstructor.v:306;rtl/ppg_adc_programmable_reconstructor/tb_ppg_adc_programmable_reconstructor.v:335;rtl/ppg_adc_programmable_reconstructor/tb_ppg_adc_programmable_reconstructor.v:389,,,"rtl_tag,matrix_or_alias",C,C:\Users\DAWN\.codex\visualizations\2026\10\02\01a0fd78-b9b8-78f2-8e39-c02cd0049c19\ppg_review_C\evidence\id_review_matrix.csv,已合并逐项语义审阅；状态与限制须读原行，非验收CLOSED
PR-06,PR,contracts/PPG_ADC_PROGRAMMABLE_RECONSTRUCTOR_INTERFACE_CONTRACT.md:334,,rtl/ppg_adc_programmable_reconstructor/tb_ppg_adc_programmable_reconstructor.v:40;rtl/ppg_adc_programmable_reconstructor/tb_ppg_adc_programmable_reconstructor.v:306;rtl/ppg_adc_programmable_reconstructor/tb_ppg_adc_programmable_reconstructor.v:338;rtl/ppg_adc_programmable_reconstructor/tb_ppg_adc_programmable_reconstructor.v:389,,,"rtl_tag,matrix_or_alias",C,C:\Users\DAWN\.codex\visualizations\2026\10\02\01a0fd78-b9b8-78f2-8e39-c02cd0049c19\ppg_review_C\evidence\id_review_matrix.csv,已合并逐项语义审阅；状态与限制须读原行，非验收CLOSED
PR-07,PR,contracts/PPG_ADC_PROGRAMMABLE_RECONSTRUCTOR_INTERFACE_CONTRACT.md:335,,rtl/ppg_adc_programmable_reconstructor/tb_ppg_adc_programmable_reconstructor.v:40;rtl/ppg_adc_programmable_reconstructor/tb_ppg_adc_programmable_reconstructor.v:306;rtl/ppg_adc_programmable_reconstructor/tb_ppg_adc_programmable_reconstructor.v:341;rtl/ppg_adc_programmable_reconstructor/tb_ppg_adc_programmable_reconstructor.v:389,,,"rtl_tag,matrix_or_alias",C,C:\Users\DAWN\.codex\visualizations\2026\10\02\01a0fd78-b9b8-78f2-8e39-c02cd0049c19\ppg_review_C\evidence\id_review_matrix.csv,已合并逐项语义审阅；状态与限制须读原行，非验收CLOSED
PR-08,PR,contracts/PPG_ADC_PROGRAMMABLE_RECONSTRUCTOR_INTERFACE_CONTRACT.md:336,,rtl/ppg_adc_programmable_reconstructor/tb_ppg_adc_programmable_reconstructor.v:40;rtl/ppg_adc_programmable_reconstructor/tb_ppg_adc_programmable_reconstructor.v:306;rtl/ppg_adc_programmable_reconstructor/tb_ppg_adc_programmable_reconstructor.v:344;rtl/ppg_adc_programmable_reconstructor/tb_ppg_adc_programmable_reconstructor.v:352;rtl/ppg_adc_programmable_reconstructor/tb_ppg_adc_programmable_reconstructor.v:353;rtl/ppg_adc_programmable_reconstructor/tb_ppg_adc_programmable_reconstructor.v:389,,,"rtl_tag,matrix_or_alias",C,C:\Users\DAWN\.codex\visualizations\2026\10\02\01a0fd78-b9b8-78f2-8e39-c02cd0049c19\ppg_review_C\evidence\id_review_matrix.csv,已合并逐项语义审阅；状态与限制须读原行，非验收CLOSED
PR-09,PR,contracts/PPG_ADC_PROGRAMMABLE_RECONSTRUCTOR_INTERFACE_CONTRACT.md:337,,rtl/ppg_adc_programmable_reconstructor/tb_ppg_adc_programmable_reconstructor.v:40;rtl/ppg_adc_programmable_reconstructor/tb_ppg_adc_programmable_reconstructor.v:306;rtl/ppg_adc_programmable_reconstructor/tb_ppg_adc_programmable_reconstructor.v:355;rtl/ppg_adc_programmable_reconstructor/tb_ppg_adc_programmable_reconstructor.v:362;rtl/ppg_adc_programmable_reconstructor/tb_ppg_adc_programmable_reconstructor.v:363;rtl/ppg_adc_programmable_reconstructor/tb_ppg_adc_programmable_reconstructor.v:389,,,"rtl_tag,matrix_or_alias",C,C:\Users\DAWN\.codex\visualizations\2026\10\02\01a0fd78-b9b8-78f2-8e39-c02cd0049c19\ppg_review_C\evidence\id_review_matrix.csv,已合并逐项语义审阅；状态与限制须读原行，非验收CLOSED
PR-10,PR,contracts/PPG_ADC_PROGRAMMABLE_RECONSTRUCTOR_INTERFACE_CONTRACT.md:338,,rtl/ppg_adc_programmable_reconstructor/tb_ppg_adc_programmable_reconstructor.v:40;rtl/ppg_adc_programmable_reconstructor/tb_ppg_adc_programmable_reconstructor.v:306;rtl/ppg_adc_programmable_reconstructor/tb_ppg_adc_programmable_reconstructor.v:366;rtl/ppg_adc_programmable_reconstructor/tb_ppg_adc_programmable_reconstructor.v:368;rtl/ppg_adc_programmable_reconstructor/tb_ppg_adc_programmable_reconstructor.v:389,,,"rtl_tag,matrix_or_alias",C,C:\Users\DAWN\.codex\visualizations\2026\10\02\01a0fd78-b9b8-78f2-8e39-c02cd0049c19\ppg_review_C\evidence\id_review_matrix.csv,已合并逐项语义审阅；状态与限制须读原行，非验收CLOSED
PR-11,PR,contracts/PPG_ADC_PROGRAMMABLE_RECONSTRUCTOR_INTERFACE_CONTRACT.md:339,,rtl/ppg_adc_programmable_reconstructor/tb_ppg_adc_programmable_reconstructor.v:40;rtl/ppg_adc_programmable_reconstructor/tb_ppg_adc_programmable_reconstructor.v:306;rtl/ppg_adc_programmable_reconstructor/tb_ppg_adc_programmable_reconstructor.v:369;rtl/ppg_adc_programmable_reconstructor/tb_ppg_adc_programmable_reconstructor.v:389,,,"rtl_tag,matrix_or_alias",C,C:\Users\DAWN\.codex\visualizations\2026\10\02\01a0fd78-b9b8-78f2-8e39-c02cd0049c19\ppg_review_C\evidence\id_review_matrix.csv,已合并逐项语义审阅；状态与限制须读原行，非验收CLOSED
PR-12,PR,contracts/PPG_ADC_PROGRAMMABLE_RECONSTRUCTOR_INTERFACE_CONTRACT.md:340,,rtl/ppg_adc_programmable_reconstructor/tb_ppg_adc_programmable_reconstructor.v:40;rtl/ppg_adc_programmable_reconstructor/tb_ppg_adc_programmable_reconstructor.v:306;rtl/ppg_adc_programmable_reconstructor/tb_ppg_adc_programmable_reconstructor.v:374;rtl/ppg_adc_programmable_reconstructor/tb_ppg_adc_programmable_reconstructor.v:389,,,"rtl_tag,matrix_or_alias",C,C:\Users\DAWN\.codex\visualizations\2026\10\02\01a0fd78-b9b8-78f2-8e39-c02cd0049c19\ppg_review_C\evidence\id_review_matrix.csv,已合并逐项语义审阅；状态与限制须读原行，非验收CLOSED
PR-13,PR,contracts/PPG_ADC_PROGRAMMABLE_RECONSTRUCTOR_INTERFACE_CONTRACT.md:341,,rtl/ppg_adc_programmable_reconstructor/tb_ppg_adc_programmable_reconstructor.v:40;rtl/ppg_adc_programmable_reconstructor/tb_ppg_adc_programmable_reconstructor.v:306;rtl/ppg_adc_programmable_reconstructor/tb_ppg_adc_programmable_reconstructor.v:355;rtl/ppg_adc_programmable_reconstructor/tb_ppg_adc_programmable_reconstructor.v:389,,,"rtl_tag,matrix_or_alias",C,C:\Users\DAWN\.codex\visualizations\2026\10\02\01a0fd78-b9b8-78f2-8e39-c02cd0049c19\ppg_review_C\evidence\id_review_matrix.csv,已合并逐项语义审阅；状态与限制须读原行，非验收CLOSED
PR-14,PR,contracts/PPG_ADC_PROGRAMMABLE_RECONSTRUCTOR_INTERFACE_CONTRACT.md:342,,rtl/ppg_adc_programmable_reconstructor/tb_ppg_adc_programmable_reconstructor.v:40;rtl/ppg_adc_programmable_reconstructor/tb_ppg_adc_programmable_reconstructor.v:306;rtl/ppg_adc_programmable_reconstructor/tb_ppg_adc_programmable_reconstructor.v:377;rtl/ppg_adc_programmable_reconstructor/tb_ppg_adc_programmable_reconstructor.v:389,,,"rtl_tag,matrix_or_alias",C,C:\Users\DAWN\.codex\visualizations\2026\10\02\01a0fd78-b9b8-78f2-8e39-c02cd0049c19\ppg_review_C\evidence\id_review_matrix.csv,已合并逐项语义审阅；状态与限制须读原行，非验收CLOSED
PRC-01,PRC,contracts/PPG_REAL_PPG_RAW_GENERATOR_TESTBENCH_CONTRACT.md:711,rtl/ppg_dynamic_baseline_cross_detector/ppg_dynamic_baseline_cross_detector.v:480;rtl/ppg_peak_valley_window_detector/ppg_peak_valley_window_detector.v:381;rtl/ppg_peak_valley_window_detector/ppg_peak_valley_window_detector.v:382,rtl/ppg_control_top/tb_ppg_control_top_robustness_corner_waveforms.v:13;rtl/ppg_control_top/tb_ppg_control_top_robustness_corner_waveforms.v:27;rtl/ppg_control_top/tb_ppg_control_top_robustness_corner_waveforms.v:28;rtl/ppg_control_top/tb_ppg_control_top_robustness_corner_waveforms.v:33;rtl/ppg_control_top/tb_ppg_control_top_robustness_corner_waveforms.v:34;rtl/ppg_control_top/tb_ppg_control_top_robustness_corner_waveforms.v:35;rtl/ppg_control_top/tb_ppg_control_top_robustness_corner_waveforms.v:38;rtl/ppg_control_top/tb_ppg_control_top_robustness_corner_waveforms.v:49;rtl/ppg_control_top/tb_ppg_control_top_robustness_corner_waveforms.v:63;rtl/ppg_control_top/tb_ppg_control_top_robustness_corner_waveforms.v:64;rtl/ppg_control_top/tb_ppg_control_top_robustness_corner_waveforms.v:65;rtl/ppg_control_top/tb_ppg_control_top_robustness_corner_waveforms.v:68;rtl/ppg_control_top/tb_ppg_control_top_robustness_corner_waveforms.v:791;rtl/ppg_control_top/tb_ppg_control_top_robustness_corner_waveforms.v:1367;rtl/ppg_control_top/tb_ppg_control_top_robustness_corner_waveforms.v:1371;rtl/ppg_control_top/tb_ppg_control_top_robustness_corner_waveforms.v:1374;rtl/ppg_control_top/tb_ppg_control_top_robustness_corner_waveforms.v:1377;rtl/ppg_control_top/tb_ppg_control_top_robustness_corner_waveforms.v:1380;rtl/ppg_control_top/tb_ppg_control_top_robustness_corner_waveforms.v:1383;rtl/ppg_control_top/tb_ppg_control_top_robustness_corner_waveforms.v:1386;rtl/ppg_control_top/tb_ppg_control_top_robustness_corner_waveforms.v:1489;rtl/ppg_control_top/tb_ppg_real_raw_generator.vh:32;rtl/ppg_control_top/tb_ppg_real_raw_generator.vh:61;rtl/ppg_control_top/tb_ppg_real_raw_generator.vh:85;rtl/ppg_control_top/tb_ppg_real_raw_generator.vh:141;rtl/ppg_control_top/tb_ppg_real_raw_generator_selfcheck.v:266,contracts/PPG_ALIAS_MAPPING_TABLE.md:180,,,C,C:\Users\DAWN\.codex\visualizations\2026\10\02\01a0fd78-b9b8-78f2-8e39-c02cd0049c19\ppg_review_C\evidence\id_review_matrix.csv,已合并逐项语义审阅；状态与限制须读原行，非验收CLOSED
PRC-02,PRC,contracts/PPG_REAL_PPG_RAW_GENERATOR_TESTBENCH_CONTRACT.md:712,rtl/ppg_precision_window_controller/ppg_precision_window_controller.v:277,rtl/ppg_control_top/tb_ppg_control_top_robustness_corner_waveforms.v:13;rtl/ppg_control_top/tb_ppg_control_top_robustness_corner_waveforms.v:33;rtl/ppg_control_top/tb_ppg_control_top_robustness_corner_waveforms.v:35;rtl/ppg_control_top/tb_ppg_control_top_robustness_corner_waveforms.v:49;rtl/ppg_control_top/tb_ppg_control_top_robustness_corner_waveforms.v:63;rtl/ppg_control_top/tb_ppg_control_top_robustness_corner_waveforms.v:65;rtl/ppg_control_top/tb_ppg_control_top_robustness_corner_waveforms.v:1390;rtl/ppg_control_top/tb_ppg_control_top_robustness_corner_waveforms.v:1394;rtl/ppg_control_top/tb_ppg_control_top_robustness_corner_waveforms.v:1397;rtl/ppg_control_top/tb_ppg_control_top_robustness_corner_waveforms.v:1400;rtl/ppg_control_top/tb_ppg_real_raw_generator.vh:32;rtl/ppg_control_top/tb_ppg_real_raw_generator.vh:61;rtl/ppg_control_top/tb_ppg_real_raw_generator.vh:86;rtl/ppg_control_top/tb_ppg_real_raw_generator.vh:141;rtl/ppg_control_top/tb_ppg_real_raw_generator.vh:144;rtl/ppg_control_top/tb_ppg_real_raw_generator.vh:145;rtl/ppg_control_top/tb_ppg_real_raw_generator_selfcheck.v:296,contracts/PPG_ALIAS_MAPPING_TABLE.md:181,,,C,C:\Users\DAWN\.codex\visualizations\2026\10\02\01a0fd78-b9b8-78f2-8e39-c02cd0049c19\ppg_review_C\evidence\id_review_matrix.csv,已合并逐项语义审阅；状态与限制须读原行，非验收CLOSED
PRC-03,PRC,contracts/PPG_REAL_PPG_RAW_GENERATOR_TESTBENCH_CONTRACT.md:713,rtl/ppg_coarse_detection_fir/ppg_coarse_detection_fir.v:319;rtl/ppg_coarse_detection_fir/ppg_coarse_detection_fir.v:320;rtl/ppg_dynamic_baseline_cross_detector/ppg_dynamic_baseline_cross_detector.v:445;rtl/ppg_peak_valley_window_detector/ppg_peak_valley_window_detector.v:350,rtl/ppg_control_top/tb_ppg_control_top_robustness_corner_waveforms.v:13;rtl/ppg_control_top/tb_ppg_control_top_robustness_corner_waveforms.v:32;rtl/ppg_control_top/tb_ppg_control_top_robustness_corner_waveforms.v:33;rtl/ppg_control_top/tb_ppg_control_top_robustness_corner_waveforms.v:34;rtl/ppg_control_top/tb_ppg_control_top_robustness_corner_waveforms.v:35;rtl/ppg_control_top/tb_ppg_control_top_robustness_corner_waveforms.v:36;rtl/ppg_control_top/tb_ppg_control_top_robustness_corner_waveforms.v:37;rtl/ppg_control_top/tb_ppg_control_top_robustness_corner_waveforms.v:38;rtl/ppg_control_top/tb_ppg_control_top_robustness_corner_waveforms.v:49;rtl/ppg_control_top/tb_ppg_control_top_robustness_corner_waveforms.v:62;rtl/ppg_control_top/tb_ppg_control_top_robustness_corner_waveforms.v:63;rtl/ppg_control_top/tb_ppg_control_top_robustness_corner_waveforms.v:64;rtl/ppg_control_top/tb_ppg_control_top_robustness_corner_waveforms.v:65;rtl/ppg_control_top/tb_ppg_control_top_robustness_corner_waveforms.v:66;rtl/ppg_control_top/tb_ppg_control_top_robustness_corner_waveforms.v:67;rtl/ppg_control_top/tb_ppg_control_top_robustness_corner_waveforms.v:68;rtl/ppg_control_top/tb_ppg_control_top_robustness_corner_waveforms.v:588;rtl/ppg_control_top/tb_ppg_control_top_robustness_corner_waveforms.v:1112;rtl/ppg_control_top/tb_ppg_control_top_robustness_corner_waveforms.v:1113;rtl/ppg_control_top/tb_ppg_control_top_robustness_corner_waveforms.v:1162;rtl/ppg_control_top/tb_ppg_control_top_robustness_corner_waveforms.v:1405;rtl/ppg_control_top/tb_ppg_control_top_robustness_corner_waveforms.v:1412;rtl/ppg_control_top/tb_ppg_control_top_robustness_corner_waveforms.v:1415;rtl/ppg_control_top/tb_ppg_control_top_robustness_corner_waveforms.v:1418;rtl/ppg_control_top/tb_ppg_control_top_robustness_corner_waveforms.v:1421;rtl/ppg_control_top/tb_ppg_real_raw_generator.vh:32;rtl/ppg_control_top/tb_ppg_real_raw_generator.vh:61;rtl/ppg_control_top/tb_ppg_real_raw_generator.vh:87;rtl/ppg_control_top/tb_ppg_real_raw_generator.vh:141;rtl/ppg_control_top/tb_ppg_real_raw_generator.vh:146;rtl/ppg_control_top/tb_ppg_real_raw_generator.vh:147;rtl/ppg_control_top/tb_ppg_real_raw_generator_selfcheck.v:324,contracts/PPG_ALIAS_MAPPING_TABLE.md:182,,,C,C:\Users\DAWN\.codex\visualizations\2026\10\02\01a0fd78-b9b8-78f2-8e39-c02cd0049c19\ppg_review_C\evidence\id_review_matrix.csv,已合并逐项语义审阅；状态与限制须读原行，非验收CLOSED
PRC-04,PRC,contracts/PPG_REAL_PPG_RAW_GENERATOR_TESTBENCH_CONTRACT.md:714,rtl/ppg_dynamic_baseline_cross_detector/ppg_dynamic_baseline_cross_detector.v:473;rtl/ppg_dynamic_baseline_cross_detector/ppg_dynamic_baseline_cross_detector.v:494,rtl/ppg_control_top/tb_ppg_control_top_robustness_corner_waveforms.v:13;rtl/ppg_control_top/tb_ppg_control_top_robustness_corner_waveforms.v:25;rtl/ppg_control_top/tb_ppg_control_top_robustness_corner_waveforms.v:26;rtl/ppg_control_top/tb_ppg_control_top_robustness_corner_waveforms.v:27;rtl/ppg_control_top/tb_ppg_control_top_robustness_corner_waveforms.v:28;rtl/ppg_control_top/tb_ppg_control_top_robustness_corner_waveforms.v:29;rtl/ppg_control_top/tb_ppg_control_top_robustness_corner_waveforms.v:30;rtl/ppg_control_top/tb_ppg_control_top_robustness_corner_waveforms.v:32;rtl/ppg_control_top/tb_ppg_control_top_robustness_corner_waveforms.v:33;rtl/ppg_control_top/tb_ppg_control_top_robustness_corner_waveforms.v:35;rtl/ppg_control_top/tb_ppg_control_top_robustness_corner_waveforms.v:49;rtl/ppg_control_top/tb_ppg_control_top_robustness_corner_waveforms.v:62;rtl/ppg_control_top/tb_ppg_control_top_robustness_corner_waveforms.v:63;rtl/ppg_control_top/tb_ppg_control_top_robustness_corner_waveforms.v:65;rtl/ppg_control_top/tb_ppg_control_top_robustness_corner_waveforms.v:100;rtl/ppg_control_top/tb_ppg_control_top_robustness_corner_waveforms.v:301;rtl/ppg_control_top/tb_ppg_control_top_robustness_corner_waveforms.v:754;rtl/ppg_control_top/tb_ppg_control_top_robustness_corner_waveforms.v:1160;rtl/ppg_control_top/tb_ppg_control_top_robustness_corner_waveforms.v:1163;rtl/ppg_control_top/tb_ppg_control_top_robustness_corner_waveforms.v:1216;rtl/ppg_control_top/tb_ppg_control_top_robustness_corner_waveforms.v:1426;rtl/ppg_control_top/tb_ppg_control_top_robustness_corner_waveforms.v:1451;rtl/ppg_control_top/tb_ppg_control_top_robustness_corner_waveforms.v:1454;rtl/ppg_control_top/tb_ppg_control_top_robustness_corner_waveforms.v:1457;rtl/ppg_control_top/tb_ppg_control_top_robustness_corner_waveforms.v:1460;rtl/ppg_control_top/tb_ppg_control_top_robustness_corner_waveforms.v:1464;rtl/ppg_control_top/tb_ppg_control_top_robustness_corner_waveforms.v:1467;rtl/ppg_control_top/tb_ppg_control_top_robustness_corner_waveforms.v:1470;rtl/ppg_control_top/tb_ppg_control_top_robustness_corner_waveforms.v:1473;rtl/ppg_control_top/tb_ppg_control_top_robustness_corner_waveforms.v:1476;rtl/ppg_control_top/tb_ppg_control_top_robustness_corner_waveforms.v:1497;rtl/ppg_control_top/tb_ppg_real_raw_generator.vh:32;rtl/ppg_control_top/tb_ppg_real_raw_generator.vh:61;rtl/ppg_control_top/tb_ppg_real_raw_generator.vh:88;rtl/ppg_control_top/tb_ppg_real_raw_generator.vh:141;rtl/ppg_control_top/tb_ppg_real_raw_generator.vh:148;rtl/ppg_control_top/tb_ppg_real_raw_generator.vh:149;rtl/ppg_control_top/tb_ppg_real_raw_generator_selfcheck.v:346,contracts/PPG_ALIAS_MAPPING_TABLE.md:183,,,C,C:\Users\DAWN\.codex\visualizations\2026\10\02\01a0fd78-b9b8-78f2-8e39-c02cd0049c19\ppg_review_C\evidence\id_review_matrix.csv,已合并逐项语义审阅；状态与限制须读原行，非验收CLOSED
PRC-05,PRC,contracts/PPG_REAL_PPG_RAW_GENERATOR_TESTBENCH_CONTRACT.md:715,,rtl/ppg_control_top/tb_ppg_control_top_robustness_corner_waveforms.v:13;rtl/ppg_control_top/tb_ppg_control_top_robustness_corner_waveforms.v:33;rtl/ppg_control_top/tb_ppg_control_top_robustness_corner_waveforms.v:34;rtl/ppg_control_top/tb_ppg_control_top_robustness_corner_waveforms.v:35;rtl/ppg_control_top/tb_ppg_control_top_robustness_corner_waveforms.v:49;rtl/ppg_control_top/tb_ppg_control_top_robustness_corner_waveforms.v:63;rtl/ppg_control_top/tb_ppg_control_top_robustness_corner_waveforms.v:64;rtl/ppg_control_top/tb_ppg_control_top_robustness_corner_waveforms.v:65;rtl/ppg_control_top/tb_ppg_control_top_robustness_corner_waveforms.v:72;rtl/ppg_control_top/tb_ppg_control_top_robustness_corner_waveforms.v:1708;rtl/ppg_control_top/tb_ppg_control_top_robustness_corner_waveforms.v:1711;rtl/ppg_control_top/tb_ppg_real_raw_generator.vh:141,contracts/PPG_ALIAS_MAPPING_TABLE.md:184,,rtl_tag,C,C:\Users\DAWN\.codex\visualizations\2026\10\02\01a0fd78-b9b8-78f2-8e39-c02cd0049c19\ppg_review_C\evidence\id_review_matrix.csv,已合并逐项语义审阅；状态与限制须读原行，非验收CLOSED
PRC-06,PRC,contracts/PPG_REAL_PPG_RAW_GENERATOR_TESTBENCH_CONTRACT.md:716,rtl/ppg_peak_valley_window_detector/ppg_peak_valley_window_detector.v:386;rtl/ppg_peak_valley_window_detector/ppg_peak_valley_window_detector.v:399;rtl/ppg_peak_valley_window_detector/ppg_peak_valley_window_detector.v:421;rtl/ppg_peak_valley_window_detector/ppg_peak_valley_window_detector.v:422,rtl/ppg_control_top/tb_ppg_control_top_robustness_corner_waveforms.v:13;rtl/ppg_control_top/tb_ppg_control_top_robustness_corner_waveforms.v:32;rtl/ppg_control_top/tb_ppg_control_top_robustness_corner_waveforms.v:33;rtl/ppg_control_top/tb_ppg_control_top_robustness_corner_waveforms.v:49;rtl/ppg_control_top/tb_ppg_control_top_robustness_corner_waveforms.v:62;rtl/ppg_control_top/tb_ppg_control_top_robustness_corner_waveforms.v:63;rtl/ppg_control_top/tb_ppg_control_top_robustness_corner_waveforms.v:278;rtl/ppg_control_top/tb_ppg_control_top_robustness_corner_waveforms.v:318;rtl/ppg_control_top/tb_ppg_control_top_robustness_corner_waveforms.v:321;rtl/ppg_control_top/tb_ppg_control_top_robustness_corner_waveforms.v:744;rtl/ppg_control_top/tb_ppg_control_top_robustness_corner_waveforms.v:756;rtl/ppg_control_top/tb_ppg_control_top_robustness_corner_waveforms.v:1034;rtl/ppg_control_top/tb_ppg_control_top_robustness_corner_waveforms.v:1160;rtl/ppg_control_top/tb_ppg_real_raw_generator.vh:32;rtl/ppg_control_top/tb_ppg_real_raw_generator.vh:61;rtl/ppg_control_top/tb_ppg_real_raw_generator.vh:89;rtl/ppg_control_top/tb_ppg_real_raw_generator.vh:90;rtl/ppg_control_top/tb_ppg_real_raw_generator.vh:141;rtl/ppg_control_top/tb_ppg_real_raw_generator.vh:150;rtl/ppg_control_top/tb_ppg_real_raw_generator.vh:151;rtl/ppg_control_top/tb_ppg_real_raw_generator_selfcheck.v:380,contracts/PPG_ALIAS_MAPPING_TABLE.md:185,,,C,C:\Users\DAWN\.codex\visualizations\2026\10\02\01a0fd78-b9b8-78f2-8e39-c02cd0049c19\ppg_review_C\evidence\id_review_matrix.csv,已合并逐项语义审阅；状态与限制须读原行，非验收CLOSED
PRC-07,PRC,contracts/PPG_REAL_PPG_RAW_GENERATOR_TESTBENCH_CONTRACT.md:717,rtl/ppg_peak_valley_window_detector/ppg_peak_valley_window_detector.v:404;rtl/ppg_peak_valley_window_detector/ppg_peak_valley_window_detector.v:422,rtl/ppg_control_top/tb_ppg_control_top_robustness_corner_waveforms.v:13;rtl/ppg_control_top/tb_ppg_control_top_robustness_corner_waveforms.v:33;rtl/ppg_control_top/tb_ppg_control_top_robustness_corner_waveforms.v:35;rtl/ppg_control_top/tb_ppg_control_top_robustness_corner_waveforms.v:36;rtl/ppg_control_top/tb_ppg_control_top_robustness_corner_waveforms.v:49;rtl/ppg_control_top/tb_ppg_control_top_robustness_corner_waveforms.v:63;rtl/ppg_control_top/tb_ppg_control_top_robustness_corner_waveforms.v:65;rtl/ppg_control_top/tb_ppg_control_top_robustness_corner_waveforms.v:66;rtl/ppg_control_top/tb_ppg_control_top_robustness_corner_waveforms.v:322;rtl/ppg_control_top/tb_ppg_control_top_robustness_corner_waveforms.v:1605;rtl/ppg_control_top/tb_ppg_control_top_robustness_corner_waveforms.v:1609;rtl/ppg_control_top/tb_ppg_control_top_robustness_corner_waveforms.v:1612;rtl/ppg_control_top/tb_ppg_control_top_robustness_corner_waveforms.v:1615;rtl/ppg_control_top/tb_ppg_real_raw_generator.vh:32;rtl/ppg_control_top/tb_ppg_real_raw_generator.vh:61;rtl/ppg_control_top/tb_ppg_real_raw_generator.vh:91;rtl/ppg_control_top/tb_ppg_real_raw_generator.vh:141;rtl/ppg_control_top/tb_ppg_real_raw_generator.vh:152;rtl/ppg_control_top/tb_ppg_real_raw_generator.vh:153;rtl/ppg_control_top/tb_ppg_real_raw_generator_selfcheck.v:413,contracts/PPG_ALIAS_MAPPING_TABLE.md:186,,,C,C:\Users\DAWN\.codex\visualizations\2026\10\02\01a0fd78-b9b8-78f2-8e39-c02cd0049c19\ppg_review_C\evidence\id_review_matrix.csv,已合并逐项语义审阅；状态与限制须读原行，非验收CLOSED
PRC-08,PRC,contracts/PPG_REAL_PPG_RAW_GENERATOR_TESTBENCH_CONTRACT.md:718,rtl/ppg_adc_measurement_idac_integration/ppg_adc_measurement_idac_integration.v:1013,rtl/ppg_control_top/tb_ppg_control_top_injection.v:21;rtl/ppg_control_top/tb_ppg_control_top_injection.v:41;rtl/ppg_control_top/tb_ppg_control_top_injection.v:45;rtl/ppg_control_top/tb_ppg_control_top_injection.v:125;rtl/ppg_control_top/tb_ppg_control_top_injection.v:909;rtl/ppg_control_top/tb_ppg_control_top_injection.v:982;rtl/ppg_control_top/tb_ppg_control_top_lifecycle_fault_adc_anomaly.v:30;rtl/ppg_control_top/tb_ppg_control_top_lifecycle_fault_adc_anomaly.v:62;rtl/ppg_control_top/tb_ppg_control_top_robustness_corner_waveforms.v:13;rtl/ppg_control_top/tb_ppg_control_top_robustness_corner_waveforms.v:33;rtl/ppg_control_top/tb_ppg_control_top_robustness_corner_waveforms.v:34;rtl/ppg_control_top/tb_ppg_control_top_robustness_corner_waveforms.v:35;rtl/ppg_control_top/tb_ppg_control_top_robustness_corner_waveforms.v:37;rtl/ppg_control_top/tb_ppg_control_top_robustness_corner_waveforms.v:38;rtl/ppg_control_top/tb_ppg_control_top_robustness_corner_waveforms.v:49;rtl/ppg_control_top/tb_ppg_control_top_robustness_corner_waveforms.v:63;rtl/ppg_control_top/tb_ppg_control_top_robustness_corner_waveforms.v:64;rtl/ppg_control_top/tb_ppg_control_top_robustness_corner_waveforms.v:65;rtl/ppg_control_top/tb_ppg_control_top_robustness_corner_waveforms.v:67;rtl/ppg_control_top/tb_ppg_control_top_robustness_corner_waveforms.v:68;rtl/ppg_control_top/tb_ppg_control_top_robustness_corner_waveforms.v:73;rtl/ppg_control_top/tb_ppg_control_top_robustness_corner_waveforms.v:170;rtl/ppg_control_top/tb_ppg_control_top_robustness_corner_waveforms.v:1624;rtl/ppg_control_top/tb_ppg_control_top_robustness_corner_waveforms.v:1712;rtl/ppg_control_top/tb_ppg_control_top_robustness_corner_waveforms.v:1716;rtl/ppg_control_top/tb_ppg_real_raw_generator.vh:32;rtl/ppg_control_top/tb_ppg_real_raw_generator.vh:61,contracts/PPG_ALIAS_MAPPING_TABLE.md:48;contracts/PPG_ALIAS_MAPPING_TABLE.md:135;contracts/PPG_ALIAS_MAPPING_TABLE.md:187,contracts/PPG_ALIAS_MAPPING_TABLE.md:135,,C,C:\Users\DAWN\.codex\visualizations\2026\10\02\01a0fd78-b9b8-78f2-8e39-c02cd0049c19\ppg_review_C\evidence\id_review_matrix.csv,已合并逐项语义审阅；状态与限制须读原行，非验收CLOSED
PRC-09,PRC,contracts/PPG_REAL_PPG_RAW_GENERATOR_TESTBENCH_CONTRACT.md:719,rtl/ppg_coarse_detection_fir/ppg_coarse_detection_fir.v:312,rtl/ppg_control_top/tb_ppg_control_top_owner_identity_backpressure.v:26;rtl/ppg_control_top/tb_ppg_control_top_owner_identity_backpressure.v:28;rtl/ppg_control_top/tb_ppg_control_top_owner_identity_backpressure.v:29;rtl/ppg_control_top/tb_ppg_control_top_owner_identity_backpressure.v:31;rtl/ppg_control_top/tb_ppg_control_top_owner_identity_backpressure.v:57;rtl/ppg_control_top/tb_ppg_control_top_owner_identity_backpressure.v:59;rtl/ppg_control_top/tb_ppg_control_top_owner_identity_backpressure.v:60;rtl/ppg_control_top/tb_ppg_control_top_owner_identity_backpressure.v:62;rtl/ppg_control_top/tb_ppg_control_top_robustness_corner_waveforms.v:13;rtl/ppg_control_top/tb_ppg_control_top_robustness_corner_waveforms.v:33;rtl/ppg_control_top/tb_ppg_control_top_robustness_corner_waveforms.v:34;rtl/ppg_control_top/tb_ppg_control_top_robustness_corner_waveforms.v:35;rtl/ppg_control_top/tb_ppg_control_top_robustness_corner_waveforms.v:37;rtl/ppg_control_top/tb_ppg_control_top_robustness_corner_waveforms.v:38;rtl/ppg_control_top/tb_ppg_control_top_robustness_corner_waveforms.v:49;rtl/ppg_control_top/tb_ppg_control_top_robustness_corner_waveforms.v:63;rtl/ppg_control_top/tb_ppg_control_top_robustness_corner_waveforms.v:64;rtl/ppg_control_top/tb_ppg_control_top_robustness_corner_waveforms.v:65;rtl/ppg_control_top/tb_ppg_control_top_robustness_corner_waveforms.v:67;rtl/ppg_control_top/tb_ppg_control_top_robustness_corner_waveforms.v:68;rtl/ppg_control_top/tb_ppg_control_top_robustness_corner_waveforms.v:170;rtl/ppg_control_top/tb_ppg_control_top_robustness_corner_waveforms.v:174;rtl/ppg_control_top/tb_ppg_control_top_robustness_corner_waveforms.v:325;rtl/ppg_control_top/tb_ppg_control_top_robustness_corner_waveforms.v:342;rtl/ppg_control_top/tb_ppg_control_top_robustness_corner_waveforms.v:537;rtl/ppg_control_top/tb_ppg_control_top_robustness_corner_waveforms.v:1620;rtl/ppg_control_top/tb_ppg_control_top_robustness_corner_waveforms.v:1625;rtl/ppg_control_top/tb_ppg_control_top_robustness_corner_waveforms.v:1668;rtl/ppg_control_top/tb_ppg_control_top_robustness_corner_waveforms.v:1685;rtl/ppg_control_top/tb_ppg_control_top_robustness_corner_waveforms.v:1688;rtl/ppg_control_top/tb_ppg_control_top_robustness_corner_waveforms.v:1691;rtl/ppg_control_top/tb_ppg_control_top_robustness_corner_waveforms.v:1694;rtl/ppg_control_top/tb_ppg_real_raw_generator.vh:32;rtl/ppg_control_top/tb_ppg_real_raw_generator.vh:61,contracts/PPG_ALIAS_MAPPING_TABLE.md:188,,,C,C:\Users\DAWN\.codex\visualizations\2026\10\02\01a0fd78-b9b8-78f2-8e39-c02cd0049c19\ppg_review_C\evidence\id_review_matrix.csv,已合并逐项语义审阅；状态与限制须读原行，非验收CLOSED
PRC-10,PRC,contracts/PPG_REAL_PPG_RAW_GENERATOR_TESTBENCH_CONTRACT.md:720,rtl/ppg_coarse_detection_fir/ppg_coarse_detection_fir.v:312,rtl/ppg_control_top/tb_ppg_control_top_owner_identity_backpressure.v:26;rtl/ppg_control_top/tb_ppg_control_top_owner_identity_backpressure.v:28;rtl/ppg_control_top/tb_ppg_control_top_owner_identity_backpressure.v:57;rtl/ppg_control_top/tb_ppg_control_top_robustness_corner_waveforms.v:13;rtl/ppg_control_top/tb_ppg_control_top_robustness_corner_waveforms.v:33;rtl/ppg_control_top/tb_ppg_control_top_robustness_corner_waveforms.v:34;rtl/ppg_control_top/tb_ppg_control_top_robustness_corner_waveforms.v:35;rtl/ppg_control_top/tb_ppg_control_top_robustness_corner_waveforms.v:38;rtl/ppg_control_top/tb_ppg_control_top_robustness_corner_waveforms.v:49;rtl/ppg_control_top/tb_ppg_control_top_robustness_corner_waveforms.v:63;rtl/ppg_control_top/tb_ppg_control_top_robustness_corner_waveforms.v:64;rtl/ppg_control_top/tb_ppg_control_top_robustness_corner_waveforms.v:65;rtl/ppg_control_top/tb_ppg_control_top_robustness_corner_waveforms.v:68;rtl/ppg_control_top/tb_ppg_control_top_robustness_corner_waveforms.v:893;rtl/ppg_control_top/tb_ppg_control_top_robustness_corner_waveforms.v:1620;rtl/ppg_control_top/tb_ppg_control_top_robustness_corner_waveforms.v:1697;rtl/ppg_control_top/tb_ppg_control_top_robustness_corner_waveforms.v:1700,contracts/PPG_ALIAS_MAPPING_TABLE.md:188,,,C,C:\Users\DAWN\.codex\visualizations\2026\10\02\01a0fd78-b9b8-78f2-8e39-c02cd0049c19\ppg_review_C\evidence\id_review_matrix.csv,已合并逐项语义审阅；状态与限制须读原行，非验收CLOSED
PVW-01,PVW,contracts/PPG_PEAK_VALLEY_WINDOW_DETECTOR_INTERFACE_CONTRACT.md:801,rtl/ppg_peak_valley_window_detector/ppg_peak_valley_window_detector.v:477,rtl/ppg_peak_valley_window_detector/tb_ppg_peak_valley_window_detector.v:10;rtl/ppg_peak_valley_window_detector/tb_ppg_peak_valley_window_detector.v:32;rtl/ppg_peak_valley_window_detector/tb_ppg_peak_valley_window_detector.v:537;rtl/ppg_peak_valley_window_detector/tb_ppg_peak_valley_window_detector.v:1184,contracts/PPG_ALIAS_MAPPING_TABLE.md:309,,,C,C:\Users\DAWN\.codex\visualizations\2026\10\02\01a0fd78-b9b8-78f2-8e39-c02cd0049c19\ppg_review_C\evidence\id_review_matrix.csv,已合并逐项语义审阅；状态与限制须读原行，非验收CLOSED
PVW-02,PVW,contracts/PPG_PEAK_VALLEY_WINDOW_DETECTOR_INTERFACE_CONTRACT.md:802,rtl/ppg_peak_valley_window_detector/ppg_peak_valley_window_detector.v:589,rtl/ppg_peak_valley_window_detector/tb_ppg_peak_valley_window_detector.v:10;rtl/ppg_peak_valley_window_detector/tb_ppg_peak_valley_window_detector.v:32;rtl/ppg_peak_valley_window_detector/tb_ppg_peak_valley_window_detector.v:539;rtl/ppg_peak_valley_window_detector/tb_ppg_peak_valley_window_detector.v:1184,contracts/PPG_ALIAS_MAPPING_TABLE.md:310,,,C,C:\Users\DAWN\.codex\visualizations\2026\10\02\01a0fd78-b9b8-78f2-8e39-c02cd0049c19\ppg_review_C\evidence\id_review_matrix.csv,已合并逐项语义审阅；状态与限制须读原行，非验收CLOSED
PVW-03,PVW,contracts/PPG_PEAK_VALLEY_WINDOW_DETECTOR_INTERFACE_CONTRACT.md:803,rtl/ppg_peak_valley_window_detector/ppg_peak_valley_window_detector.v:386,rtl/ppg_peak_valley_window_detector/tb_ppg_peak_valley_window_detector.v:10;rtl/ppg_peak_valley_window_detector/tb_ppg_peak_valley_window_detector.v:32;rtl/ppg_peak_valley_window_detector/tb_ppg_peak_valley_window_detector.v:541;rtl/ppg_peak_valley_window_detector/tb_ppg_peak_valley_window_detector.v:1184,contracts/PPG_ALIAS_MAPPING_TABLE.md:311,,,C,C:\Users\DAWN\.codex\visualizations\2026\10\02\01a0fd78-b9b8-78f2-8e39-c02cd0049c19\ppg_review_C\evidence\id_review_matrix.csv,已合并逐项语义审阅；状态与限制须读原行，非验收CLOSED
PVW-04,PVW,contracts/PPG_PEAK_VALLEY_WINDOW_DETECTOR_INTERFACE_CONTRACT.md:804,rtl/ppg_peak_valley_window_detector/ppg_peak_valley_window_detector.v:390,rtl/ppg_peak_valley_window_detector/tb_ppg_peak_valley_window_detector.v:10;rtl/ppg_peak_valley_window_detector/tb_ppg_peak_valley_window_detector.v:32;rtl/ppg_peak_valley_window_detector/tb_ppg_peak_valley_window_detector.v:542;rtl/ppg_peak_valley_window_detector/tb_ppg_peak_valley_window_detector.v:1184,contracts/PPG_ALIAS_MAPPING_TABLE.md:312,,,C,C:\Users\DAWN\.codex\visualizations\2026\10\02\01a0fd78-b9b8-78f2-8e39-c02cd0049c19\ppg_review_C\evidence\id_review_matrix.csv,已合并逐项语义审阅；状态与限制须读原行，非验收CLOSED
PVW-05,PVW,contracts/PPG_PEAK_VALLEY_WINDOW_DETECTOR_INTERFACE_CONTRACT.md:805,rtl/ppg_peak_valley_window_detector/ppg_peak_valley_window_detector.v:672,rtl/ppg_peak_valley_window_detector/tb_ppg_peak_valley_window_detector.v:10;rtl/ppg_peak_valley_window_detector/tb_ppg_peak_valley_window_detector.v:32;rtl/ppg_peak_valley_window_detector/tb_ppg_peak_valley_window_detector.v:553;rtl/ppg_peak_valley_window_detector/tb_ppg_peak_valley_window_detector.v:1184,contracts/PPG_ALIAS_MAPPING_TABLE.md:313,,,C,C:\Users\DAWN\.codex\visualizations\2026\10\02\01a0fd78-b9b8-78f2-8e39-c02cd0049c19\ppg_review_C\evidence\id_review_matrix.csv,已合并逐项语义审阅；状态与限制须读原行，非验收CLOSED
PVW-06,PVW,contracts/PPG_PEAK_VALLEY_WINDOW_DETECTOR_INTERFACE_CONTRACT.md:806,rtl/ppg_peak_valley_window_detector/ppg_peak_valley_window_detector.v:731,rtl/ppg_peak_valley_window_detector/tb_ppg_peak_valley_window_detector.v:10;rtl/ppg_peak_valley_window_detector/tb_ppg_peak_valley_window_detector.v:32;rtl/ppg_peak_valley_window_detector/tb_ppg_peak_valley_window_detector.v:563;rtl/ppg_peak_valley_window_detector/tb_ppg_peak_valley_window_detector.v:1184,contracts/PPG_ALIAS_MAPPING_TABLE.md:314,,,C,C:\Users\DAWN\.codex\visualizations\2026\10\02\01a0fd78-b9b8-78f2-8e39-c02cd0049c19\ppg_review_C\evidence\id_review_matrix.csv,已合并逐项语义审阅；状态与限制须读原行，非验收CLOSED
PVW-07,PVW,contracts/PPG_PEAK_VALLEY_WINDOW_DETECTOR_INTERFACE_CONTRACT.md:807,rtl/ppg_peak_valley_window_detector/ppg_peak_valley_window_detector.v:723,rtl/ppg_peak_valley_window_detector/tb_ppg_peak_valley_window_detector.v:10;rtl/ppg_peak_valley_window_detector/tb_ppg_peak_valley_window_detector.v:32;rtl/ppg_peak_valley_window_detector/tb_ppg_peak_valley_window_detector.v:574;rtl/ppg_peak_valley_window_detector/tb_ppg_peak_valley_window_detector.v:1184,contracts/PPG_ALIAS_MAPPING_TABLE.md:315,,,C,C:\Users\DAWN\.codex\visualizations\2026\10\02\01a0fd78-b9b8-78f2-8e39-c02cd0049c19\ppg_review_C\evidence\id_review_matrix.csv,已合并逐项语义审阅；状态与限制须读原行，非验收CLOSED
PVW-08,PVW,contracts/PPG_PEAK_VALLEY_WINDOW_DETECTOR_INTERFACE_CONTRACT.md:808,rtl/ppg_peak_valley_window_detector/ppg_peak_valley_window_detector.v:386,rtl/ppg_peak_valley_window_detector/tb_ppg_peak_valley_window_detector.v:10;rtl/ppg_peak_valley_window_detector/tb_ppg_peak_valley_window_detector.v:32;rtl/ppg_peak_valley_window_detector/tb_ppg_peak_valley_window_detector.v:589;rtl/ppg_peak_valley_window_detector/tb_ppg_peak_valley_window_detector.v:1184,contracts/PPG_ALIAS_MAPPING_TABLE.md:316,,,C,C:\Users\DAWN\.codex\visualizations\2026\10\02\01a0fd78-b9b8-78f2-8e39-c02cd0049c19\ppg_review_C\evidence\id_review_matrix.csv,已合并逐项语义审阅；状态与限制须读原行，非验收CLOSED
PVW-09,PVW,contracts/PPG_PEAK_VALLEY_WINDOW_DETECTOR_INTERFACE_CONTRACT.md:809,rtl/ppg_peak_valley_window_detector/ppg_peak_valley_window_detector.v:386,rtl/ppg_peak_valley_window_detector/tb_ppg_peak_valley_window_detector.v:10;rtl/ppg_peak_valley_window_detector/tb_ppg_peak_valley_window_detector.v:24;rtl/ppg_peak_valley_window_detector/tb_ppg_peak_valley_window_detector.v:32;rtl/ppg_peak_valley_window_detector/tb_ppg_peak_valley_window_detector.v:46;rtl/ppg_peak_valley_window_detector/tb_ppg_peak_valley_window_detector.v:127;rtl/ppg_peak_valley_window_detector/tb_ppg_peak_valley_window_detector.v:598;rtl/ppg_peak_valley_window_detector/tb_ppg_peak_valley_window_detector.v:600;rtl/ppg_peak_valley_window_detector/tb_ppg_peak_valley_window_detector.v:1184,contracts/PPG_ALIAS_MAPPING_TABLE.md:317,,,C,C:\Users\DAWN\.codex\visualizations\2026\10\02\01a0fd78-b9b8-78f2-8e39-c02cd0049c19\ppg_review_C\evidence\id_review_matrix.csv,已合并逐项语义审阅；状态与限制须读原行，非验收CLOSED
PVW-10,PVW,contracts/PPG_PEAK_VALLEY_WINDOW_DETECTOR_INTERFACE_CONTRACT.md:810,rtl/ppg_peak_valley_window_detector/ppg_peak_valley_window_detector.v:403,rtl/ppg_control_top/tb_ppg_control_top_fir_tail_isolation.v:1000;rtl/ppg_control_top/tb_ppg_control_top_long_10_cycles.v:1118;rtl/ppg_control_top/tb_ppg_control_top_peak_valley_return.v:26;rtl/ppg_control_top/tb_ppg_control_top_peak_valley_return.v:67;rtl/ppg_control_top/tb_ppg_control_top_peak_valley_return.v:984;rtl/ppg_peak_valley_window_detector/tb_ppg_peak_valley_window_detector.v:10;rtl/ppg_peak_valley_window_detector/tb_ppg_peak_valley_window_detector.v:32;rtl/ppg_peak_valley_window_detector/tb_ppg_peak_valley_window_detector.v:645;rtl/ppg_peak_valley_window_detector/tb_ppg_peak_valley_window_detector.v:1184,contracts/PPG_ALIAS_MAPPING_TABLE.md:318,,,C,C:\Users\DAWN\.codex\visualizations\2026\10\02\01a0fd78-b9b8-78f2-8e39-c02cd0049c19\ppg_review_C\evidence\id_review_matrix.csv,已合并逐项语义审阅；状态与限制须读原行，非验收CLOSED
PVW-11,PVW,contracts/PPG_PEAK_VALLEY_WINDOW_DETECTOR_INTERFACE_CONTRACT.md:811,rtl/ppg_peak_valley_window_detector/ppg_peak_valley_window_detector.v:678,rtl/ppg_peak_valley_window_detector/tb_ppg_peak_valley_window_detector.v:10;rtl/ppg_peak_valley_window_detector/tb_ppg_peak_valley_window_detector.v:32;rtl/ppg_peak_valley_window_detector/tb_ppg_peak_valley_window_detector.v:657;rtl/ppg_peak_valley_window_detector/tb_ppg_peak_valley_window_detector.v:1184,contracts/PPG_ALIAS_MAPPING_TABLE.md:319,,,C,C:\Users\DAWN\.codex\visualizations\2026\10\02\01a0fd78-b9b8-78f2-8e39-c02cd0049c19\ppg_review_C\evidence\id_review_matrix.csv,已合并逐项语义审阅；状态与限制须读原行，非验收CLOSED
PVW-12,PVW,contracts/PPG_PEAK_VALLEY_WINDOW_DETECTOR_INTERFACE_CONTRACT.md:812,rtl/ppg_peak_valley_window_detector/ppg_peak_valley_window_detector.v:743,rtl/ppg_peak_valley_window_detector/tb_ppg_peak_valley_window_detector.v:10;rtl/ppg_peak_valley_window_detector/tb_ppg_peak_valley_window_detector.v:32;rtl/ppg_peak_valley_window_detector/tb_ppg_peak_valley_window_detector.v:670;rtl/ppg_peak_valley_window_detector/tb_ppg_peak_valley_window_detector.v:1184,contracts/PPG_ALIAS_MAPPING_TABLE.md:320,,,C,C:\Users\DAWN\.codex\visualizations\2026\10\02\01a0fd78-b9b8-78f2-8e39-c02cd0049c19\ppg_review_C\evidence\id_review_matrix.csv,已合并逐项语义审阅；状态与限制须读原行，非验收CLOSED
PVW-13,PVW,contracts/PPG_PEAK_VALLEY_WINDOW_DETECTOR_INTERFACE_CONTRACT.md:813,rtl/ppg_peak_valley_window_detector/ppg_peak_valley_window_detector.v:735,rtl/ppg_peak_valley_window_detector/tb_ppg_peak_valley_window_detector.v:10;rtl/ppg_peak_valley_window_detector/tb_ppg_peak_valley_window_detector.v:32;rtl/ppg_peak_valley_window_detector/tb_ppg_peak_valley_window_detector.v:685;rtl/ppg_peak_valley_window_detector/tb_ppg_peak_valley_window_detector.v:1184,contracts/PPG_ALIAS_MAPPING_TABLE.md:321,,,C,C:\Users\DAWN\.codex\visualizations\2026\10\02\01a0fd78-b9b8-78f2-8e39-c02cd0049c19\ppg_review_C\evidence\id_review_matrix.csv,已合并逐项语义审阅；状态与限制须读原行，非验收CLOSED
PVW-14,PVW,contracts/PPG_PEAK_VALLEY_WINDOW_DETECTOR_INTERFACE_CONTRACT.md:814,rtl/ppg_peak_valley_window_detector/ppg_peak_valley_window_detector.v:398,rtl/ppg_peak_valley_window_detector/tb_ppg_peak_valley_window_detector.v:10;rtl/ppg_peak_valley_window_detector/tb_ppg_peak_valley_window_detector.v:32;rtl/ppg_peak_valley_window_detector/tb_ppg_peak_valley_window_detector.v:701;rtl/ppg_peak_valley_window_detector/tb_ppg_peak_valley_window_detector.v:1184,contracts/PPG_ALIAS_MAPPING_TABLE.md:322,,,C,C:\Users\DAWN\.codex\visualizations\2026\10\02\01a0fd78-b9b8-78f2-8e39-c02cd0049c19\ppg_review_C\evidence\id_review_matrix.csv,已合并逐项语义审阅；状态与限制须读原行，非验收CLOSED
PVW-15,PVW,contracts/PPG_PEAK_VALLEY_WINDOW_DETECTOR_INTERFACE_CONTRACT.md:815,rtl/ppg_peak_valley_window_detector/ppg_peak_valley_window_detector.v:399,rtl/ppg_peak_valley_window_detector/tb_ppg_peak_valley_window_detector.v:10;rtl/ppg_peak_valley_window_detector/tb_ppg_peak_valley_window_detector.v:32;rtl/ppg_peak_valley_window_detector/tb_ppg_peak_valley_window_detector.v:714;rtl/ppg_peak_valley_window_detector/tb_ppg_peak_valley_window_detector.v:1184,contracts/PPG_ALIAS_MAPPING_TABLE.md:323,,,C,C:\Users\DAWN\.codex\visualizations\2026\10\02\01a0fd78-b9b8-78f2-8e39-c02cd0049c19\ppg_review_C\evidence\id_review_matrix.csv,已合并逐项语义审阅；状态与限制须读原行，非验收CLOSED
PVW-16,PVW,contracts/PPG_PEAK_VALLEY_WINDOW_DETECTOR_INTERFACE_CONTRACT.md:816,rtl/ppg_peak_valley_window_detector/ppg_peak_valley_window_detector.v:525,rtl/ppg_peak_valley_window_detector/tb_ppg_peak_valley_window_detector.v:10;rtl/ppg_peak_valley_window_detector/tb_ppg_peak_valley_window_detector.v:32;rtl/ppg_peak_valley_window_detector/tb_ppg_peak_valley_window_detector.v:721;rtl/ppg_peak_valley_window_detector/tb_ppg_peak_valley_window_detector.v:1184,contracts/PPG_ALIAS_MAPPING_TABLE.md:324,,,C,C:\Users\DAWN\.codex\visualizations\2026\10\02\01a0fd78-b9b8-78f2-8e39-c02cd0049c19\ppg_review_C\evidence\id_review_matrix.csv,已合并逐项语义审阅；状态与限制须读原行，非验收CLOSED
PVW-17,PVW,contracts/PPG_PEAK_VALLEY_WINDOW_DETECTOR_INTERFACE_CONTRACT.md:817,rtl/ppg_peak_valley_window_detector/ppg_peak_valley_window_detector.v:496,rtl/ppg_control_top/tb_ppg_control_top_baseline_cross.v:111;rtl/ppg_peak_valley_window_detector/tb_ppg_peak_valley_window_detector.v:10;rtl/ppg_peak_valley_window_detector/tb_ppg_peak_valley_window_detector.v:32;rtl/ppg_peak_valley_window_detector/tb_ppg_peak_valley_window_detector.v:726;rtl/ppg_peak_valley_window_detector/tb_ppg_peak_valley_window_detector.v:1184,contracts/PPG_ALIAS_MAPPING_TABLE.md:325,,,C,C:\Users\DAWN\.codex\visualizations\2026\10\02\01a0fd78-b9b8-78f2-8e39-c02cd0049c19\ppg_review_C\evidence\id_review_matrix.csv,已合并逐项语义审阅；状态与限制须读原行，非验收CLOSED
PVW-18,PVW,contracts/PPG_PEAK_VALLEY_WINDOW_DETECTOR_INTERFACE_CONTRACT.md:818,rtl/ppg_peak_valley_window_detector/ppg_peak_valley_window_detector.v:349,rtl/ppg_peak_valley_window_detector/tb_ppg_peak_valley_window_detector.v:10;rtl/ppg_peak_valley_window_detector/tb_ppg_peak_valley_window_detector.v:32;rtl/ppg_peak_valley_window_detector/tb_ppg_peak_valley_window_detector.v:735;rtl/ppg_peak_valley_window_detector/tb_ppg_peak_valley_window_detector.v:1184,contracts/PPG_ALIAS_MAPPING_TABLE.md:326,,,C,C:\Users\DAWN\.codex\visualizations\2026\10\02\01a0fd78-b9b8-78f2-8e39-c02cd0049c19\ppg_review_C\evidence\id_review_matrix.csv,已合并逐项语义审阅；状态与限制须读原行，非验收CLOSED
PVW-19,PVW,contracts/PPG_PEAK_VALLEY_WINDOW_DETECTOR_INTERFACE_CONTRACT.md:819,rtl/ppg_peak_valley_window_detector/ppg_peak_valley_window_detector.v:354,rtl/ppg_peak_valley_window_detector/tb_ppg_peak_valley_window_detector.v:10;rtl/ppg_peak_valley_window_detector/tb_ppg_peak_valley_window_detector.v:32;rtl/ppg_peak_valley_window_detector/tb_ppg_peak_valley_window_detector.v:746;rtl/ppg_peak_valley_window_detector/tb_ppg_peak_valley_window_detector.v:1184,contracts/PPG_ALIAS_MAPPING_TABLE.md:327,,,C,C:\Users\DAWN\.codex\visualizations\2026\10\02\01a0fd78-b9b8-78f2-8e39-c02cd0049c19\ppg_review_C\evidence\id_review_matrix.csv,已合并逐项语义审阅；状态与限制须读原行，非验收CLOSED
PVW-20,PVW,contracts/PPG_PEAK_VALLEY_WINDOW_DETECTOR_INTERFACE_CONTRACT.md:820,rtl/ppg_peak_valley_window_detector/ppg_peak_valley_window_detector.v:427,rtl/ppg_peak_valley_window_detector/tb_ppg_peak_valley_window_detector.v:10;rtl/ppg_peak_valley_window_detector/tb_ppg_peak_valley_window_detector.v:32;rtl/ppg_peak_valley_window_detector/tb_ppg_peak_valley_window_detector.v:754;rtl/ppg_peak_valley_window_detector/tb_ppg_peak_valley_window_detector.v:1184,contracts/PPG_ALIAS_MAPPING_TABLE.md:328,,,C,C:\Users\DAWN\.codex\visualizations\2026\10\02\01a0fd78-b9b8-78f2-8e39-c02cd0049c19\ppg_review_C\evidence\id_review_matrix.csv,已合并逐项语义审阅；状态与限制须读原行，非验收CLOSED
PVW-21,PVW,contracts/PPG_PEAK_VALLEY_WINDOW_DETECTOR_INTERFACE_CONTRACT.md:821,rtl/ppg_peak_valley_window_detector/ppg_peak_valley_window_detector.v:417,rtl/ppg_peak_valley_window_detector/tb_ppg_peak_valley_window_detector.v:10;rtl/ppg_peak_valley_window_detector/tb_ppg_peak_valley_window_detector.v:32;rtl/ppg_peak_valley_window_detector/tb_ppg_peak_valley_window_detector.v:767;rtl/ppg_peak_valley_window_detector/tb_ppg_peak_valley_window_detector.v:1184,contracts/PPG_ALIAS_MAPPING_TABLE.md:329,,,C,C:\Users\DAWN\.codex\visualizations\2026\10\02\01a0fd78-b9b8-78f2-8e39-c02cd0049c19\ppg_review_C\evidence\id_review_matrix.csv,已合并逐项语义审阅；状态与限制须读原行，非验收CLOSED
PVW-22,PVW,contracts/PPG_PEAK_VALLEY_WINDOW_DETECTOR_INTERFACE_CONTRACT.md:822,rtl/ppg_peak_valley_window_detector/ppg_peak_valley_window_detector.v:576,rtl/ppg_peak_valley_window_detector/tb_ppg_peak_valley_window_detector.v:10;rtl/ppg_peak_valley_window_detector/tb_ppg_peak_valley_window_detector.v:32;rtl/ppg_peak_valley_window_detector/tb_ppg_peak_valley_window_detector.v:776;rtl/ppg_peak_valley_window_detector/tb_ppg_peak_valley_window_detector.v:1184,contracts/PPG_ALIAS_MAPPING_TABLE.md:330,,,C,C:\Users\DAWN\.codex\visualizations\2026\10\02\01a0fd78-b9b8-78f2-8e39-c02cd0049c19\ppg_review_C\evidence\id_review_matrix.csv,已合并逐项语义审阅；状态与限制须读原行，非验收CLOSED
PVW-23,PVW,contracts/PPG_PEAK_VALLEY_WINDOW_DETECTOR_INTERFACE_CONTRACT.md:823,rtl/ppg_peak_valley_window_detector/ppg_peak_valley_window_detector.v:576,rtl/ppg_peak_valley_window_detector/tb_ppg_peak_valley_window_detector.v:10;rtl/ppg_peak_valley_window_detector/tb_ppg_peak_valley_window_detector.v:32;rtl/ppg_peak_valley_window_detector/tb_ppg_peak_valley_window_detector.v:784;rtl/ppg_peak_valley_window_detector/tb_ppg_peak_valley_window_detector.v:1184,contracts/PPG_ALIAS_MAPPING_TABLE.md:331,,,C,C:\Users\DAWN\.codex\visualizations\2026\10\02\01a0fd78-b9b8-78f2-8e39-c02cd0049c19\ppg_review_C\evidence\id_review_matrix.csv,已合并逐项语义审阅；状态与限制须读原行，非验收CLOSED
PVW-24,PVW,contracts/PPG_PEAK_VALLEY_WINDOW_DETECTOR_INTERFACE_CONTRACT.md:824,rtl/ppg_peak_valley_window_detector/ppg_peak_valley_window_detector.v:541;rtl/ppg_peak_valley_window_detector/ppg_peak_valley_window_detector.v:574,rtl/ppg_peak_valley_window_detector/tb_ppg_peak_valley_window_detector.v:10;rtl/ppg_peak_valley_window_detector/tb_ppg_peak_valley_window_detector.v:32;rtl/ppg_peak_valley_window_detector/tb_ppg_peak_valley_window_detector.v:804;rtl/ppg_peak_valley_window_detector/tb_ppg_peak_valley_window_detector.v:1184,contracts/PPG_ALIAS_MAPPING_TABLE.md:332,,,C,C:\Users\DAWN\.codex\visualizations\2026\10\02\01a0fd78-b9b8-78f2-8e39-c02cd0049c19\ppg_review_C\evidence\id_review_matrix.csv,已合并逐项语义审阅；状态与限制须读原行，非验收CLOSED
PVW-25,PVW,contracts/PPG_PEAK_VALLEY_WINDOW_DETECTOR_INTERFACE_CONTRACT.md:825,rtl/ppg_peak_valley_window_detector/ppg_peak_valley_window_detector.v:420,rtl/ppg_peak_valley_window_detector/tb_ppg_peak_valley_window_detector.v:10;rtl/ppg_peak_valley_window_detector/tb_ppg_peak_valley_window_detector.v:32;rtl/ppg_peak_valley_window_detector/tb_ppg_peak_valley_window_detector.v:815;rtl/ppg_peak_valley_window_detector/tb_ppg_peak_valley_window_detector.v:1184,contracts/PPG_ALIAS_MAPPING_TABLE.md:333,,,C,C:\Users\DAWN\.codex\visualizations\2026\10\02\01a0fd78-b9b8-78f2-8e39-c02cd0049c19\ppg_review_C\evidence\id_review_matrix.csv,已合并逐项语义审阅；状态与限制须读原行，非验收CLOSED
PVW-26,PVW,contracts/PPG_PEAK_VALLEY_WINDOW_DETECTOR_INTERFACE_CONTRACT.md:826,rtl/ppg_peak_valley_window_detector/ppg_peak_valley_window_detector.v:421,rtl/ppg_peak_valley_window_detector/tb_ppg_peak_valley_window_detector.v:10;rtl/ppg_peak_valley_window_detector/tb_ppg_peak_valley_window_detector.v:32;rtl/ppg_peak_valley_window_detector/tb_ppg_peak_valley_window_detector.v:824;rtl/ppg_peak_valley_window_detector/tb_ppg_peak_valley_window_detector.v:1184,contracts/PPG_ALIAS_MAPPING_TABLE.md:334,,,C,C:\Users\DAWN\.codex\visualizations\2026\10\02\01a0fd78-b9b8-78f2-8e39-c02cd0049c19\ppg_review_C\evidence\id_review_matrix.csv,已合并逐项语义审阅；状态与限制须读原行，非验收CLOSED
PVW-27,PVW,contracts/PPG_PEAK_VALLEY_WINDOW_DETECTOR_INTERFACE_CONTRACT.md:827,rtl/ppg_peak_valley_window_detector/ppg_peak_valley_window_detector.v:591,rtl/ppg_peak_valley_window_detector/tb_ppg_peak_valley_window_detector.v:10;rtl/ppg_peak_valley_window_detector/tb_ppg_peak_valley_window_detector.v:32;rtl/ppg_peak_valley_window_detector/tb_ppg_peak_valley_window_detector.v:833;rtl/ppg_peak_valley_window_detector/tb_ppg_peak_valley_window_detector.v:1184,contracts/PPG_ALIAS_MAPPING_TABLE.md:335,,,C,C:\Users\DAWN\.codex\visualizations\2026\10\02\01a0fd78-b9b8-78f2-8e39-c02cd0049c19\ppg_review_C\evidence\id_review_matrix.csv,已合并逐项语义审阅；状态与限制须读原行，非验收CLOSED
PVW-28,PVW,contracts/PPG_PEAK_VALLEY_WINDOW_DETECTOR_INTERFACE_CONTRACT.md:828,rtl/ppg_peak_valley_window_detector/ppg_peak_valley_window_detector.v:485,rtl/ppg_peak_valley_window_detector/tb_ppg_peak_valley_window_detector.v:10;rtl/ppg_peak_valley_window_detector/tb_ppg_peak_valley_window_detector.v:32;rtl/ppg_peak_valley_window_detector/tb_ppg_peak_valley_window_detector.v:840;rtl/ppg_peak_valley_window_detector/tb_ppg_peak_valley_window_detector.v:1184,contracts/PPG_ALIAS_MAPPING_TABLE.md:336,,,C,C:\Users\DAWN\.codex\visualizations\2026\10\02\01a0fd78-b9b8-78f2-8e39-c02cd0049c19\ppg_review_C\evidence\id_review_matrix.csv,已合并逐项语义审阅；状态与限制须读原行，非验收CLOSED
PVW-29,PVW,contracts/PPG_PEAK_VALLEY_WINDOW_DETECTOR_INTERFACE_CONTRACT.md:829,rtl/ppg_peak_valley_window_detector/ppg_peak_valley_window_detector.v:514,rtl/ppg_peak_valley_window_detector/tb_ppg_peak_valley_window_detector.v:10;rtl/ppg_peak_valley_window_detector/tb_ppg_peak_valley_window_detector.v:32;rtl/ppg_peak_valley_window_detector/tb_ppg_peak_valley_window_detector.v:849;rtl/ppg_peak_valley_window_detector/tb_ppg_peak_valley_window_detector.v:1184,contracts/PPG_ALIAS_MAPPING_TABLE.md:337,,,C,C:\Users\DAWN\.codex\visualizations\2026\10\02\01a0fd78-b9b8-78f2-8e39-c02cd0049c19\ppg_review_C\evidence\id_review_matrix.csv,已合并逐项语义审阅；状态与限制须读原行，非验收CLOSED
PVW-30,PVW,contracts/PPG_PEAK_VALLEY_WINDOW_DETECTOR_INTERFACE_CONTRACT.md:830,rtl/ppg_peak_valley_window_detector/ppg_peak_valley_window_detector.v:545,rtl/ppg_peak_valley_window_detector/tb_ppg_peak_valley_window_detector.v:10;rtl/ppg_peak_valley_window_detector/tb_ppg_peak_valley_window_detector.v:32;rtl/ppg_peak_valley_window_detector/tb_ppg_peak_valley_window_detector.v:859;rtl/ppg_peak_valley_window_detector/tb_ppg_peak_valley_window_detector.v:1184,contracts/PPG_ALIAS_MAPPING_TABLE.md:338,,,C,C:\Users\DAWN\.codex\visualizations\2026\10\02\01a0fd78-b9b8-78f2-8e39-c02cd0049c19\ppg_review_C\evidence\id_review_matrix.csv,已合并逐项语义审阅；状态与限制须读原行，非验收CLOSED
PVW-31,PVW,contracts/PPG_PEAK_VALLEY_WINDOW_DETECTOR_INTERFACE_CONTRACT.md:831,rtl/ppg_peak_valley_window_detector/ppg_peak_valley_window_detector.v:426,rtl/ppg_peak_valley_window_detector/tb_ppg_peak_valley_window_detector.v:10;rtl/ppg_peak_valley_window_detector/tb_ppg_peak_valley_window_detector.v:32;rtl/ppg_peak_valley_window_detector/tb_ppg_peak_valley_window_detector.v:872;rtl/ppg_peak_valley_window_detector/tb_ppg_peak_valley_window_detector.v:1184,contracts/PPG_ALIAS_MAPPING_TABLE.md:339,,,C,C:\Users\DAWN\.codex\visualizations\2026\10\02\01a0fd78-b9b8-78f2-8e39-c02cd0049c19\ppg_review_C\evidence\id_review_matrix.csv,已合并逐项语义审阅；状态与限制须读原行，非验收CLOSED
PVW-32,PVW,contracts/PPG_PEAK_VALLEY_WINDOW_DETECTOR_INTERFACE_CONTRACT.md:832,rtl/ppg_peak_valley_window_detector/ppg_peak_valley_window_detector.v:346,rtl/ppg_peak_valley_window_detector/tb_ppg_peak_valley_window_detector.v:10;rtl/ppg_peak_valley_window_detector/tb_ppg_peak_valley_window_detector.v:24;rtl/ppg_peak_valley_window_detector/tb_ppg_peak_valley_window_detector.v:32;rtl/ppg_peak_valley_window_detector/tb_ppg_peak_valley_window_detector.v:46;rtl/ppg_peak_valley_window_detector/tb_ppg_peak_valley_window_detector.v:884;rtl/ppg_peak_valley_window_detector/tb_ppg_peak_valley_window_detector.v:895;rtl/ppg_peak_valley_window_detector/tb_ppg_peak_valley_window_detector.v:1184,contracts/PPG_ALIAS_MAPPING_TABLE.md:340,,,C,C:\Users\DAWN\.codex\visualizations\2026\10\02\01a0fd78-b9b8-78f2-8e39-c02cd0049c19\ppg_review_C\evidence\id_review_matrix.csv,已合并逐项语义审阅；状态与限制须读原行，非验收CLOSED
PVW-33,PVW,contracts/PPG_PEAK_VALLEY_WINDOW_DETECTOR_INTERFACE_CONTRACT.md:833,rtl/ppg_peak_valley_window_detector/ppg_peak_valley_window_detector.v:464,rtl/ppg_peak_valley_window_detector/tb_ppg_peak_valley_window_detector.v:10;rtl/ppg_peak_valley_window_detector/tb_ppg_peak_valley_window_detector.v:24;rtl/ppg_peak_valley_window_detector/tb_ppg_peak_valley_window_detector.v:32;rtl/ppg_peak_valley_window_detector/tb_ppg_peak_valley_window_detector.v:46;rtl/ppg_peak_valley_window_detector/tb_ppg_peak_valley_window_detector.v:890;rtl/ppg_peak_valley_window_detector/tb_ppg_peak_valley_window_detector.v:1184,contracts/PPG_ALIAS_MAPPING_TABLE.md:341,,,C,C:\Users\DAWN\.codex\visualizations\2026\10\02\01a0fd78-b9b8-78f2-8e39-c02cd0049c19\ppg_review_C\evidence\id_review_matrix.csv,已合并逐项语义审阅；状态与限制须读原行，非验收CLOSED
PVW-34,PVW,contracts/PPG_PEAK_VALLEY_WINDOW_DETECTOR_INTERFACE_CONTRACT.md:834,rtl/ppg_peak_valley_window_detector/ppg_peak_valley_window_detector.v:438,rtl/ppg_peak_valley_window_detector/tb_ppg_peak_valley_window_detector.v:10;rtl/ppg_peak_valley_window_detector/tb_ppg_peak_valley_window_detector.v:32;rtl/ppg_peak_valley_window_detector/tb_ppg_peak_valley_window_detector.v:909;rtl/ppg_peak_valley_window_detector/tb_ppg_peak_valley_window_detector.v:1184,contracts/PPG_ALIAS_MAPPING_TABLE.md:342,,,C,C:\Users\DAWN\.codex\visualizations\2026\10\02\01a0fd78-b9b8-78f2-8e39-c02cd0049c19\ppg_review_C\evidence\id_review_matrix.csv,已合并逐项语义审阅；状态与限制须读原行，非验收CLOSED
PVW-35,PVW,contracts/PPG_PEAK_VALLEY_WINDOW_DETECTOR_INTERFACE_CONTRACT.md:835,rtl/ppg_peak_valley_window_detector/ppg_peak_valley_window_detector.v:346;rtl/ppg_peak_valley_window_detector/ppg_peak_valley_window_detector.v:632,rtl/ppg_peak_valley_window_detector/tb_ppg_peak_valley_window_detector.v:10;rtl/ppg_peak_valley_window_detector/tb_ppg_peak_valley_window_detector.v:23;rtl/ppg_peak_valley_window_detector/tb_ppg_peak_valley_window_detector.v:32;rtl/ppg_peak_valley_window_detector/tb_ppg_peak_valley_window_detector.v:45;rtl/ppg_peak_valley_window_detector/tb_ppg_peak_valley_window_detector.v:920;rtl/ppg_peak_valley_window_detector/tb_ppg_peak_valley_window_detector.v:1170;rtl/ppg_peak_valley_window_detector/tb_ppg_peak_valley_window_detector.v:1184,contracts/PPG_ALIAS_MAPPING_TABLE.md:343,,,C,C:\Users\DAWN\.codex\visualizations\2026\10\02\01a0fd78-b9b8-78f2-8e39-c02cd0049c19\ppg_review_C\evidence\id_review_matrix.csv,已合并逐项语义审阅；状态与限制须读原行，非验收CLOSED
PVW-36,PVW,contracts/PPG_PEAK_VALLEY_WINDOW_DETECTOR_INTERFACE_CONTRACT.md:836,rtl/ppg_peak_valley_window_detector/ppg_peak_valley_window_detector.v:346;rtl/ppg_peak_valley_window_detector/ppg_peak_valley_window_detector.v:465,rtl/ppg_peak_valley_window_detector/tb_ppg_peak_valley_window_detector.v:10;rtl/ppg_peak_valley_window_detector/tb_ppg_peak_valley_window_detector.v:23;rtl/ppg_peak_valley_window_detector/tb_ppg_peak_valley_window_detector.v:32;rtl/ppg_peak_valley_window_detector/tb_ppg_peak_valley_window_detector.v:45;rtl/ppg_peak_valley_window_detector/tb_ppg_peak_valley_window_detector.v:933;rtl/ppg_peak_valley_window_detector/tb_ppg_peak_valley_window_detector.v:1184,contracts/PPG_ALIAS_MAPPING_TABLE.md:344,,,C,C:\Users\DAWN\.codex\visualizations\2026\10\02\01a0fd78-b9b8-78f2-8e39-c02cd0049c19\ppg_review_C\evidence\id_review_matrix.csv,已合并逐项语义审阅；状态与限制须读原行，非验收CLOSED
PVW-37,PVW,contracts/PPG_PEAK_VALLEY_WINDOW_DETECTOR_INTERFACE_CONTRACT.md:837,rtl/ppg_peak_valley_window_detector/ppg_peak_valley_window_detector.v:628;rtl/ppg_peak_valley_window_detector/ppg_peak_valley_window_detector.v:632,rtl/ppg_peak_valley_window_detector/tb_ppg_peak_valley_window_detector.v:10;rtl/ppg_peak_valley_window_detector/tb_ppg_peak_valley_window_detector.v:23;rtl/ppg_peak_valley_window_detector/tb_ppg_peak_valley_window_detector.v:32;rtl/ppg_peak_valley_window_detector/tb_ppg_peak_valley_window_detector.v:45;rtl/ppg_peak_valley_window_detector/tb_ppg_peak_valley_window_detector.v:960;rtl/ppg_peak_valley_window_detector/tb_ppg_peak_valley_window_detector.v:1184;rtl/ppg_precision_window_controller/tb_ppg_precision_window_controller.v:23;rtl/ppg_precision_window_controller/tb_ppg_precision_window_controller.v:45,contracts/PPG_ALIAS_MAPPING_TABLE.md:345,,,C,C:\Users\DAWN\.codex\visualizations\2026\10\02\01a0fd78-b9b8-78f2-8e39-c02cd0049c19\ppg_review_C\evidence\id_review_matrix.csv,已合并逐项语义审阅；状态与限制须读原行，非验收CLOSED
PVW-38,PVW,contracts/PPG_PEAK_VALLEY_WINDOW_DETECTOR_INTERFACE_CONTRACT.md:838,rtl/ppg_peak_valley_window_detector/ppg_peak_valley_window_detector.v:351;rtl/ppg_peak_valley_window_detector/ppg_peak_valley_window_detector.v:430,rtl/ppg_peak_valley_window_detector/tb_ppg_peak_valley_window_detector.v:10;rtl/ppg_peak_valley_window_detector/tb_ppg_peak_valley_window_detector.v:32;rtl/ppg_peak_valley_window_detector/tb_ppg_peak_valley_window_detector.v:970;rtl/ppg_peak_valley_window_detector/tb_ppg_peak_valley_window_detector.v:1184,contracts/PPG_ALIAS_MAPPING_TABLE.md:346,,,C,C:\Users\DAWN\.codex\visualizations\2026\10\02\01a0fd78-b9b8-78f2-8e39-c02cd0049c19\ppg_review_C\evidence\id_review_matrix.csv,已合并逐项语义审阅；状态与限制须读原行，非验收CLOSED
PVW-39,PVW,contracts/PPG_PEAK_VALLEY_WINDOW_DETECTOR_INTERFACE_CONTRACT.md:839,rtl/ppg_peak_valley_window_detector/ppg_peak_valley_window_detector.v:427,rtl/ppg_peak_valley_window_detector/tb_ppg_peak_valley_window_detector.v:10;rtl/ppg_peak_valley_window_detector/tb_ppg_peak_valley_window_detector.v:24;rtl/ppg_peak_valley_window_detector/tb_ppg_peak_valley_window_detector.v:32;rtl/ppg_peak_valley_window_detector/tb_ppg_peak_valley_window_detector.v:46;rtl/ppg_peak_valley_window_detector/tb_ppg_peak_valley_window_detector.v:619;rtl/ppg_peak_valley_window_detector/tb_ppg_peak_valley_window_detector.v:976;rtl/ppg_peak_valley_window_detector/tb_ppg_peak_valley_window_detector.v:1184,contracts/PPG_ALIAS_MAPPING_TABLE.md:347,,,C,C:\Users\DAWN\.codex\visualizations\2026\10\02\01a0fd78-b9b8-78f2-8e39-c02cd0049c19\ppg_review_C\evidence\id_review_matrix.csv,已合并逐项语义审阅；状态与限制须读原行，非验收CLOSED
PVW-40,PVW,contracts/PPG_PEAK_VALLEY_WINDOW_DETECTOR_INTERFACE_CONTRACT.md:840,rtl/ppg_peak_valley_window_detector/ppg_peak_valley_window_detector.v:374,rtl/ppg_peak_valley_window_detector/tb_ppg_peak_valley_window_detector.v:10;rtl/ppg_peak_valley_window_detector/tb_ppg_peak_valley_window_detector.v:32;rtl/ppg_peak_valley_window_detector/tb_ppg_peak_valley_window_detector.v:1024;rtl/ppg_peak_valley_window_detector/tb_ppg_peak_valley_window_detector.v:1184,contracts/PPG_ALIAS_MAPPING_TABLE.md:348,,,C,C:\Users\DAWN\.codex\visualizations\2026\10\02\01a0fd78-b9b8-78f2-8e39-c02cd0049c19\ppg_review_C\evidence\id_review_matrix.csv,已合并逐项语义审阅；状态与限制须读原行，非验收CLOSED
PVW-41,PVW,contracts/PPG_PEAK_VALLEY_WINDOW_DETECTOR_INTERFACE_CONTRACT.md:841,rtl/ppg_peak_valley_window_detector/ppg_peak_valley_window_detector.v:422,rtl/ppg_peak_valley_window_detector/tb_ppg_peak_valley_window_detector.v:10;rtl/ppg_peak_valley_window_detector/tb_ppg_peak_valley_window_detector.v:32;rtl/ppg_peak_valley_window_detector/tb_ppg_peak_valley_window_detector.v:1033;rtl/ppg_peak_valley_window_detector/tb_ppg_peak_valley_window_detector.v:1184,contracts/PPG_ALIAS_MAPPING_TABLE.md:349,,,C,C:\Users\DAWN\.codex\visualizations\2026\10\02\01a0fd78-b9b8-78f2-8e39-c02cd0049c19\ppg_review_C\evidence\id_review_matrix.csv,已合并逐项语义审阅；状态与限制须读原行，非验收CLOSED
PVW-42,PVW,contracts/PPG_PEAK_VALLEY_WINDOW_DETECTOR_INTERFACE_CONTRACT.md:842,rtl/ppg_peak_valley_window_detector/ppg_peak_valley_window_detector.v:414,rtl/ppg_peak_valley_window_detector/tb_ppg_peak_valley_window_detector.v:10;rtl/ppg_peak_valley_window_detector/tb_ppg_peak_valley_window_detector.v:32;rtl/ppg_peak_valley_window_detector/tb_ppg_peak_valley_window_detector.v:1044;rtl/ppg_peak_valley_window_detector/tb_ppg_peak_valley_window_detector.v:1184,contracts/PPG_ALIAS_MAPPING_TABLE.md:350,,,C,C:\Users\DAWN\.codex\visualizations\2026\10\02\01a0fd78-b9b8-78f2-8e39-c02cd0049c19\ppg_review_C\evidence\id_review_matrix.csv,已合并逐项语义审阅；状态与限制须读原行，非验收CLOSED
PVW-43,PVW,contracts/PPG_PEAK_VALLEY_WINDOW_DETECTOR_INTERFACE_CONTRACT.md:843,rtl/ppg_peak_valley_window_detector/ppg_peak_valley_window_detector.v:413,rtl/ppg_peak_valley_window_detector/tb_ppg_peak_valley_window_detector.v:10;rtl/ppg_peak_valley_window_detector/tb_ppg_peak_valley_window_detector.v:32;rtl/ppg_peak_valley_window_detector/tb_ppg_peak_valley_window_detector.v:1057;rtl/ppg_peak_valley_window_detector/tb_ppg_peak_valley_window_detector.v:1184,contracts/PPG_ALIAS_MAPPING_TABLE.md:351,,,C,C:\Users\DAWN\.codex\visualizations\2026\10\02\01a0fd78-b9b8-78f2-8e39-c02cd0049c19\ppg_review_C\evidence\id_review_matrix.csv,已合并逐项语义审阅；状态与限制须读原行，非验收CLOSED
PVW-44,PVW,contracts/PPG_PEAK_VALLEY_WINDOW_DETECTOR_INTERFACE_CONTRACT.md:844,rtl/ppg_peak_valley_window_detector/ppg_peak_valley_window_detector.v:404;rtl/ppg_peak_valley_window_detector/ppg_peak_valley_window_detector.v:405,rtl/ppg_peak_valley_window_detector/tb_ppg_peak_valley_window_detector.v:10;rtl/ppg_peak_valley_window_detector/tb_ppg_peak_valley_window_detector.v:32;rtl/ppg_peak_valley_window_detector/tb_ppg_peak_valley_window_detector.v:1091;rtl/ppg_peak_valley_window_detector/tb_ppg_peak_valley_window_detector.v:1184,contracts/PPG_ALIAS_MAPPING_TABLE.md:352,,,C,C:\Users\DAWN\.codex\visualizations\2026\10\02\01a0fd78-b9b8-78f2-8e39-c02cd0049c19\ppg_review_C\evidence\id_review_matrix.csv,已合并逐项语义审阅；状态与限制须读原行，非验收CLOSED
PVW-45,PVW,contracts/PPG_PEAK_VALLEY_WINDOW_DETECTOR_INTERFACE_CONTRACT.md:845,rtl/ppg_peak_valley_window_detector/ppg_peak_valley_window_detector.v:416,rtl/ppg_peak_valley_window_detector/tb_ppg_peak_valley_window_detector.v:10;rtl/ppg_peak_valley_window_detector/tb_ppg_peak_valley_window_detector.v:32;rtl/ppg_peak_valley_window_detector/tb_ppg_peak_valley_window_detector.v:1111;rtl/ppg_peak_valley_window_detector/tb_ppg_peak_valley_window_detector.v:1184,contracts/PPG_ALIAS_MAPPING_TABLE.md:353,,,C,C:\Users\DAWN\.codex\visualizations\2026\10\02\01a0fd78-b9b8-78f2-8e39-c02cd0049c19\ppg_review_C\evidence\id_review_matrix.csv,已合并逐项语义审阅；状态与限制须读原行，非验收CLOSED
PVW-46,PVW,contracts/PPG_PEAK_VALLEY_WINDOW_DETECTOR_INTERFACE_CONTRACT.md:846,rtl/ppg_peak_valley_window_detector/ppg_peak_valley_window_detector.v:464,rtl/ppg_peak_valley_window_detector/tb_ppg_peak_valley_window_detector.v:10;rtl/ppg_peak_valley_window_detector/tb_ppg_peak_valley_window_detector.v:32;rtl/ppg_peak_valley_window_detector/tb_ppg_peak_valley_window_detector.v:1151;rtl/ppg_peak_valley_window_detector/tb_ppg_peak_valley_window_detector.v:1184,contracts/PPG_ALIAS_MAPPING_TABLE.md:354,,,C,C:\Users\DAWN\.codex\visualizations\2026\10\02\01a0fd78-b9b8-78f2-8e39-c02cd0049c19\ppg_review_C\evidence\id_review_matrix.csv,已合并逐项语义审阅；状态与限制须读原行，非验收CLOSED
PVW-47,PVW,contracts/PPG_PEAK_VALLEY_WINDOW_DETECTOR_INTERFACE_CONTRACT.md:847,,rtl/ppg_peak_valley_window_detector/tb_ppg_peak_valley_window_detector.v:10;rtl/ppg_peak_valley_window_detector/tb_ppg_peak_valley_window_detector.v:24;rtl/ppg_peak_valley_window_detector/tb_ppg_peak_valley_window_detector.v:32;rtl/ppg_peak_valley_window_detector/tb_ppg_peak_valley_window_detector.v:46;rtl/ppg_peak_valley_window_detector/tb_ppg_peak_valley_window_detector.v:1153;rtl/ppg_peak_valley_window_detector/tb_ppg_peak_valley_window_detector.v:1165;rtl/ppg_peak_valley_window_detector/tb_ppg_peak_valley_window_detector.v:1184,contracts/PPG_ALIAS_MAPPING_TABLE.md:355,,rtl_tag,C,C:\Users\DAWN\.codex\visualizations\2026\10\02\01a0fd78-b9b8-78f2-8e39-c02cd0049c19\ppg_review_C\evidence\id_review_matrix.csv,已合并逐项语义审阅；状态与限制须读原行，非验收CLOSED
PVW-48,PVW,contracts/PPG_PEAK_VALLEY_WINDOW_DETECTOR_INTERFACE_CONTRACT.md:848,,rtl/ppg_peak_valley_window_detector/tb_ppg_peak_valley_window_detector.v:10;rtl/ppg_peak_valley_window_detector/tb_ppg_peak_valley_window_detector.v:24;rtl/ppg_peak_valley_window_detector/tb_ppg_peak_valley_window_detector.v:32;rtl/ppg_peak_valley_window_detector/tb_ppg_peak_valley_window_detector.v:46;rtl/ppg_peak_valley_window_detector/tb_ppg_peak_valley_window_detector.v:1167;rtl/ppg_peak_valley_window_detector/tb_ppg_peak_valley_window_detector.v:1178;rtl/ppg_peak_valley_window_detector/tb_ppg_peak_valley_window_detector.v:1184,contracts/PPG_ALIAS_MAPPING_TABLE.md:356,,rtl_tag,C,C:\Users\DAWN\.codex\visualizations\2026\10\02\01a0fd78-b9b8-78f2-8e39-c02cd0049c19\ppg_review_C\evidence\id_review_matrix.csv,已合并逐项语义审阅；状态与限制须读原行，非验收CLOSED
PWC-01,PWC,contracts/PPG_PRECISION_WINDOW_CONTROLLER_INTERFACE_CONTRACT.md:914,rtl/ppg_precision_window_controller/ppg_precision_window_controller.v:318,rtl/ppg_precision_window_controller/tb_ppg_precision_window_controller.v:47;rtl/ppg_precision_window_controller/tb_ppg_precision_window_controller.v:404;rtl/ppg_precision_window_controller/tb_ppg_precision_window_controller.v:413;rtl/ppg_precision_window_controller/tb_ppg_precision_window_controller.v:761,contracts/PPG_ALIAS_MAPPING_TABLE.md:366,,,B,C:\Users\DAWN\.codex\visualizations\2026\10\02\01a0fd78-55cb-7173-9e41-1e0b27c41d49\ppg_review_B\evidence\id_four_link_audit.json,已合并逐项语义审阅；状态与限制须读原行，非验收CLOSED
PWC-02,PWC,contracts/PPG_PRECISION_WINDOW_CONTROLLER_INTERFACE_CONTRACT.md:915,rtl/ppg_precision_window_controller/ppg_precision_window_controller.v:325,rtl/ppg_precision_window_controller/tb_ppg_precision_window_controller.v:47;rtl/ppg_precision_window_controller/tb_ppg_precision_window_controller.v:404;rtl/ppg_precision_window_controller/tb_ppg_precision_window_controller.v:417;rtl/ppg_precision_window_controller/tb_ppg_precision_window_controller.v:761,contracts/PPG_ALIAS_MAPPING_TABLE.md:367,,,B,C:\Users\DAWN\.codex\visualizations\2026\10\02\01a0fd78-55cb-7173-9e41-1e0b27c41d49\ppg_review_B\evidence\id_four_link_audit.json,已合并逐项语义审阅；状态与限制须读原行，非验收CLOSED
PWC-03,PWC,contracts/PPG_PRECISION_WINDOW_CONTROLLER_INTERFACE_CONTRACT.md:916,rtl/ppg_precision_window_controller/ppg_precision_window_controller.v:865,rtl/ppg_precision_window_controller/tb_ppg_precision_window_controller.v:47;rtl/ppg_precision_window_controller/tb_ppg_precision_window_controller.v:404;rtl/ppg_precision_window_controller/tb_ppg_precision_window_controller.v:425;rtl/ppg_precision_window_controller/tb_ppg_precision_window_controller.v:761,contracts/PPG_ALIAS_MAPPING_TABLE.md:368,,,B,C:\Users\DAWN\.codex\visualizations\2026\10\02\01a0fd78-55cb-7173-9e41-1e0b27c41d49\ppg_review_B\evidence\id_four_link_audit.json,已合并逐项语义审阅；状态与限制须读原行，非验收CLOSED
PWC-04,PWC,contracts/PPG_PRECISION_WINDOW_CONTROLLER_INTERFACE_CONTRACT.md:917,rtl/ppg_precision_window_controller/ppg_precision_window_controller.v:323,rtl/ppg_precision_window_controller/tb_ppg_precision_window_controller.v:24;rtl/ppg_precision_window_controller/tb_ppg_precision_window_controller.v:46;rtl/ppg_precision_window_controller/tb_ppg_precision_window_controller.v:47;rtl/ppg_precision_window_controller/tb_ppg_precision_window_controller.v:404;rtl/ppg_precision_window_controller/tb_ppg_precision_window_controller.v:430;rtl/ppg_precision_window_controller/tb_ppg_precision_window_controller.v:435;rtl/ppg_precision_window_controller/tb_ppg_precision_window_controller.v:439;rtl/ppg_precision_window_controller/tb_ppg_precision_window_controller.v:761,contracts/PPG_ALIAS_MAPPING_TABLE.md:369,,,B,C:\Users\DAWN\.codex\visualizations\2026\10\02\01a0fd78-55cb-7173-9e41-1e0b27c41d49\ppg_review_B\evidence\id_four_link_audit.json,已合并逐项语义审阅；状态与限制须读原行，非验收CLOSED
PWC-05,PWC,contracts/PPG_PRECISION_WINDOW_CONTROLLER_INTERFACE_CONTRACT.md:918,rtl/ppg_precision_window_controller/ppg_precision_window_controller.v:323,rtl/ppg_precision_window_controller/tb_ppg_precision_window_controller.v:47;rtl/ppg_precision_window_controller/tb_ppg_precision_window_controller.v:404;rtl/ppg_precision_window_controller/tb_ppg_precision_window_controller.v:444;rtl/ppg_precision_window_controller/tb_ppg_precision_window_controller.v:761,contracts/PPG_ALIAS_MAPPING_TABLE.md:370,,,B,C:\Users\DAWN\.codex\visualizations\2026\10\02\01a0fd78-55cb-7173-9e41-1e0b27c41d49\ppg_review_B\evidence\id_four_link_audit.json,已合并逐项语义审阅；状态与限制须读原行，非验收CLOSED
PWC-06,PWC,contracts/PPG_PRECISION_WINDOW_CONTROLLER_INTERFACE_CONTRACT.md:919,rtl/ppg_precision_window_controller/ppg_precision_window_controller.v:277,rtl/ppg_precision_window_controller/tb_ppg_precision_window_controller.v:47;rtl/ppg_precision_window_controller/tb_ppg_precision_window_controller.v:404;rtl/ppg_precision_window_controller/tb_ppg_precision_window_controller.v:451;rtl/ppg_precision_window_controller/tb_ppg_precision_window_controller.v:761,contracts/PPG_ALIAS_MAPPING_TABLE.md:371,,,B,C:\Users\DAWN\.codex\visualizations\2026\10\02\01a0fd78-55cb-7173-9e41-1e0b27c41d49\ppg_review_B\evidence\id_four_link_audit.json,已合并逐项语义审阅；状态与限制须读原行，非验收CLOSED
PWC-07,PWC,contracts/PPG_PRECISION_WINDOW_CONTROLLER_INTERFACE_CONTRACT.md:920,rtl/ppg_precision_window_controller/ppg_precision_window_controller.v:258,rtl/ppg_precision_window_controller/tb_ppg_precision_window_controller.v:47;rtl/ppg_precision_window_controller/tb_ppg_precision_window_controller.v:404;rtl/ppg_precision_window_controller/tb_ppg_precision_window_controller.v:463;rtl/ppg_precision_window_controller/tb_ppg_precision_window_controller.v:761,contracts/PPG_ALIAS_MAPPING_TABLE.md:372,,,B,C:\Users\DAWN\.codex\visualizations\2026\10\02\01a0fd78-55cb-7173-9e41-1e0b27c41d49\ppg_review_B\evidence\id_four_link_audit.json,已合并逐项语义审阅；状态与限制须读原行，非验收CLOSED
PWC-08,PWC,contracts/PPG_PRECISION_WINDOW_CONTROLLER_INTERFACE_CONTRACT.md:921,rtl/ppg_precision_window_controller/ppg_precision_window_controller.v:708,rtl/ppg_precision_window_controller/tb_ppg_precision_window_controller.v:47;rtl/ppg_precision_window_controller/tb_ppg_precision_window_controller.v:404;rtl/ppg_precision_window_controller/tb_ppg_precision_window_controller.v:470;rtl/ppg_precision_window_controller/tb_ppg_precision_window_controller.v:761,contracts/PPG_ALIAS_MAPPING_TABLE.md:373,,,B,C:\Users\DAWN\.codex\visualizations\2026\10\02\01a0fd78-55cb-7173-9e41-1e0b27c41d49\ppg_review_B\evidence\id_four_link_audit.json,已合并逐项语义审阅；状态与限制须读原行，非验收CLOSED
PWC-09,PWC,contracts/PPG_PRECISION_WINDOW_CONTROLLER_INTERFACE_CONTRACT.md:922,rtl/ppg_precision_window_controller/ppg_precision_window_controller.v:264,rtl/ppg_precision_window_controller/tb_ppg_precision_window_controller.v:47;rtl/ppg_precision_window_controller/tb_ppg_precision_window_controller.v:404;rtl/ppg_precision_window_controller/tb_ppg_precision_window_controller.v:473;rtl/ppg_precision_window_controller/tb_ppg_precision_window_controller.v:761,contracts/PPG_ALIAS_MAPPING_TABLE.md:374,,,B,C:\Users\DAWN\.codex\visualizations\2026\10\02\01a0fd78-55cb-7173-9e41-1e0b27c41d49\ppg_review_B\evidence\id_four_link_audit.json,已合并逐项语义审阅；状态与限制须读原行，非验收CLOSED
PWC-10,PWC,contracts/PPG_PRECISION_WINDOW_CONTROLLER_INTERFACE_CONTRACT.md:923,rtl/ppg_precision_window_controller/ppg_precision_window_controller.v:367,rtl/ppg_precision_window_controller/tb_ppg_precision_window_controller.v:47;rtl/ppg_precision_window_controller/tb_ppg_precision_window_controller.v:404;rtl/ppg_precision_window_controller/tb_ppg_precision_window_controller.v:475;rtl/ppg_precision_window_controller/tb_ppg_precision_window_controller.v:761,contracts/PPG_ALIAS_MAPPING_TABLE.md:375,,,B,C:\Users\DAWN\.codex\visualizations\2026\10\02\01a0fd78-55cb-7173-9e41-1e0b27c41d49\ppg_review_B\evidence\id_four_link_audit.json,已合并逐项语义审阅；状态与限制须读原行，非验收CLOSED
PWC-11,PWC,contracts/PPG_PRECISION_WINDOW_CONTROLLER_INTERFACE_CONTRACT.md:924,rtl/ppg_precision_window_controller/ppg_precision_window_controller.v:544,rtl/ppg_precision_window_controller/tb_ppg_precision_window_controller.v:47;rtl/ppg_precision_window_controller/tb_ppg_precision_window_controller.v:404;rtl/ppg_precision_window_controller/tb_ppg_precision_window_controller.v:477;rtl/ppg_precision_window_controller/tb_ppg_precision_window_controller.v:761,contracts/PPG_ALIAS_MAPPING_TABLE.md:376,,,B,C:\Users\DAWN\.codex\visualizations\2026\10\02\01a0fd78-55cb-7173-9e41-1e0b27c41d49\ppg_review_B\evidence\id_four_link_audit.json,已合并逐项语义审阅；状态与限制须读原行，非验收CLOSED
PWC-12,PWC,contracts/PPG_PRECISION_WINDOW_CONTROLLER_INTERFACE_CONTRACT.md:925,rtl/ppg_precision_window_controller/ppg_precision_window_controller.v:562,rtl/ppg_precision_window_controller/tb_ppg_precision_window_controller.v:47;rtl/ppg_precision_window_controller/tb_ppg_precision_window_controller.v:404;rtl/ppg_precision_window_controller/tb_ppg_precision_window_controller.v:483;rtl/ppg_precision_window_controller/tb_ppg_precision_window_controller.v:761,contracts/PPG_ALIAS_MAPPING_TABLE.md:377,,,B,C:\Users\DAWN\.codex\visualizations\2026\10\02\01a0fd78-55cb-7173-9e41-1e0b27c41d49\ppg_review_B\evidence\id_four_link_audit.json,已合并逐项语义审阅；状态与限制须读原行，非验收CLOSED
PWC-13,PWC,contracts/PPG_PRECISION_WINDOW_CONTROLLER_INTERFACE_CONTRACT.md:926,rtl/ppg_precision_window_controller/ppg_precision_window_controller.v:660,rtl/ppg_precision_window_controller/tb_ppg_precision_window_controller.v:47;rtl/ppg_precision_window_controller/tb_ppg_precision_window_controller.v:404;rtl/ppg_precision_window_controller/tb_ppg_precision_window_controller.v:489;rtl/ppg_precision_window_controller/tb_ppg_precision_window_controller.v:761,contracts/PPG_ALIAS_MAPPING_TABLE.md:378,,,B,C:\Users\DAWN\.codex\visualizations\2026\10\02\01a0fd78-55cb-7173-9e41-1e0b27c41d49\ppg_review_B\evidence\id_four_link_audit.json,已合并逐项语义审阅；状态与限制须读原行，非验收CLOSED
PWC-14,PWC,contracts/PPG_PRECISION_WINDOW_CONTROLLER_INTERFACE_CONTRACT.md:927,rtl/ppg_precision_window_controller/ppg_precision_window_controller.v:259,rtl/ppg_precision_window_controller/tb_ppg_precision_window_controller.v:47;rtl/ppg_precision_window_controller/tb_ppg_precision_window_controller.v:404;rtl/ppg_precision_window_controller/tb_ppg_precision_window_controller.v:501;rtl/ppg_precision_window_controller/tb_ppg_precision_window_controller.v:761,contracts/PPG_ALIAS_MAPPING_TABLE.md:379,,,B,C:\Users\DAWN\.codex\visualizations\2026\10\02\01a0fd78-55cb-7173-9e41-1e0b27c41d49\ppg_review_B\evidence\id_four_link_audit.json,已合并逐项语义审阅；状态与限制须读原行，非验收CLOSED
PWC-15,PWC,contracts/PPG_PRECISION_WINDOW_CONTROLLER_INTERFACE_CONTRACT.md:928,rtl/ppg_precision_window_controller/ppg_precision_window_controller.v:628,rtl/ppg_precision_window_controller/tb_ppg_precision_window_controller.v:24;rtl/ppg_precision_window_controller/tb_ppg_precision_window_controller.v:46;rtl/ppg_precision_window_controller/tb_ppg_precision_window_controller.v:47;rtl/ppg_precision_window_controller/tb_ppg_precision_window_controller.v:404;rtl/ppg_precision_window_controller/tb_ppg_precision_window_controller.v:505;rtl/ppg_precision_window_controller/tb_ppg_precision_window_controller.v:507;rtl/ppg_precision_window_controller/tb_ppg_precision_window_controller.v:761,contracts/PPG_ALIAS_MAPPING_TABLE.md:380,,,B,C:\Users\DAWN\.codex\visualizations\2026\10\02\01a0fd78-55cb-7173-9e41-1e0b27c41d49\ppg_review_B\evidence\id_four_link_audit.json,已合并逐项语义审阅；状态与限制须读原行，非验收CLOSED
PWC-16,PWC,contracts/PPG_PRECISION_WINDOW_CONTROLLER_INTERFACE_CONTRACT.md:929,rtl/ppg_precision_window_controller/ppg_precision_window_controller.v:400,rtl/ppg_precision_window_controller/tb_ppg_precision_window_controller.v:47;rtl/ppg_precision_window_controller/tb_ppg_precision_window_controller.v:404;rtl/ppg_precision_window_controller/tb_ppg_precision_window_controller.v:506;rtl/ppg_precision_window_controller/tb_ppg_precision_window_controller.v:515;rtl/ppg_precision_window_controller/tb_ppg_precision_window_controller.v:761,contracts/PPG_ALIAS_MAPPING_TABLE.md:381,,,B,C:\Users\DAWN\.codex\visualizations\2026\10\02\01a0fd78-55cb-7173-9e41-1e0b27c41d49\ppg_review_B\evidence\id_four_link_audit.json,已合并逐项语义审阅；状态与限制须读原行，非验收CLOSED
PWC-17,PWC,contracts/PPG_PRECISION_WINDOW_CONTROLLER_INTERFACE_CONTRACT.md:930,rtl/ppg_precision_window_controller/ppg_precision_window_controller.v:880,rtl/ppg_precision_window_controller/tb_ppg_precision_window_controller.v:47;rtl/ppg_precision_window_controller/tb_ppg_precision_window_controller.v:404;rtl/ppg_precision_window_controller/tb_ppg_precision_window_controller.v:523;rtl/ppg_precision_window_controller/tb_ppg_precision_window_controller.v:761,contracts/PPG_ALIAS_MAPPING_TABLE.md:382,,,B,C:\Users\DAWN\.codex\visualizations\2026\10\02\01a0fd78-55cb-7173-9e41-1e0b27c41d49\ppg_review_B\evidence\id_four_link_audit.json,已合并逐项语义审阅；状态与限制须读原行，非验收CLOSED
PWC-18,PWC,contracts/PPG_PRECISION_WINDOW_CONTROLLER_INTERFACE_CONTRACT.md:931,rtl/ppg_precision_window_controller/ppg_precision_window_controller.v:574,rtl/ppg_precision_window_controller/tb_ppg_precision_window_controller.v:47;rtl/ppg_precision_window_controller/tb_ppg_precision_window_controller.v:404;rtl/ppg_precision_window_controller/tb_ppg_precision_window_controller.v:529;rtl/ppg_precision_window_controller/tb_ppg_precision_window_controller.v:761,contracts/PPG_ALIAS_MAPPING_TABLE.md:383,,,B,C:\Users\DAWN\.codex\visualizations\2026\10\02\01a0fd78-55cb-7173-9e41-1e0b27c41d49\ppg_review_B\evidence\id_four_link_audit.json,已合并逐项语义审阅；状态与限制须读原行，非验收CLOSED
PWC-19,PWC,contracts/PPG_PRECISION_WINDOW_CONTROLLER_INTERFACE_CONTRACT.md:932,rtl/ppg_precision_window_controller/ppg_precision_window_controller.v:389,rtl/ppg_precision_window_controller/tb_ppg_precision_window_controller.v:47;rtl/ppg_precision_window_controller/tb_ppg_precision_window_controller.v:404;rtl/ppg_precision_window_controller/tb_ppg_precision_window_controller.v:532;rtl/ppg_precision_window_controller/tb_ppg_precision_window_controller.v:761,contracts/PPG_ALIAS_MAPPING_TABLE.md:384,,,B,C:\Users\DAWN\.codex\visualizations\2026\10\02\01a0fd78-55cb-7173-9e41-1e0b27c41d49\ppg_review_B\evidence\id_four_link_audit.json,已合并逐项语义审阅；状态与限制须读原行，非验收CLOSED
PWC-20,PWC,contracts/PPG_PRECISION_WINDOW_CONTROLLER_INTERFACE_CONTRACT.md:933,rtl/ppg_precision_window_controller/ppg_precision_window_controller.v:378,rtl/ppg_precision_window_controller/tb_ppg_precision_window_controller.v:47;rtl/ppg_precision_window_controller/tb_ppg_precision_window_controller.v:404;rtl/ppg_precision_window_controller/tb_ppg_precision_window_controller.v:539;rtl/ppg_precision_window_controller/tb_ppg_precision_window_controller.v:761,contracts/PPG_ALIAS_MAPPING_TABLE.md:385,,,B,C:\Users\DAWN\.codex\visualizations\2026\10\02\01a0fd78-55cb-7173-9e41-1e0b27c41d49\ppg_review_B\evidence\id_four_link_audit.json,已合并逐项语义审阅；状态与限制须读原行，非验收CLOSED
PWC-21,PWC,contracts/PPG_PRECISION_WINDOW_CONTROLLER_INTERFACE_CONTRACT.md:934,rtl/ppg_precision_window_controller/ppg_precision_window_controller.v:277,rtl/ppg_precision_window_controller/tb_ppg_precision_window_controller.v:24;rtl/ppg_precision_window_controller/tb_ppg_precision_window_controller.v:46;rtl/ppg_precision_window_controller/tb_ppg_precision_window_controller.v:47;rtl/ppg_precision_window_controller/tb_ppg_precision_window_controller.v:404;rtl/ppg_precision_window_controller/tb_ppg_precision_window_controller.v:546;rtl/ppg_precision_window_controller/tb_ppg_precision_window_controller.v:761,contracts/PPG_ALIAS_MAPPING_TABLE.md:386,,,B,C:\Users\DAWN\.codex\visualizations\2026\10\02\01a0fd78-55cb-7173-9e41-1e0b27c41d49\ppg_review_B\evidence\id_four_link_audit.json,已合并逐项语义审阅；状态与限制须读原行，非验收CLOSED
PWC-22,PWC,contracts/PPG_PRECISION_WINDOW_CONTROLLER_INTERFACE_CONTRACT.md:935,rtl/ppg_precision_window_controller/ppg_precision_window_controller.v:264,rtl/ppg_precision_window_controller/tb_ppg_precision_window_controller.v:47;rtl/ppg_precision_window_controller/tb_ppg_precision_window_controller.v:404;rtl/ppg_precision_window_controller/tb_ppg_precision_window_controller.v:552;rtl/ppg_precision_window_controller/tb_ppg_precision_window_controller.v:761,contracts/PPG_ALIAS_MAPPING_TABLE.md:387,,,B,C:\Users\DAWN\.codex\visualizations\2026\10\02\01a0fd78-55cb-7173-9e41-1e0b27c41d49\ppg_review_B\evidence\id_four_link_audit.json,已合并逐项语义审阅；状态与限制须读原行，非验收CLOSED
PWC-23,PWC,contracts/PPG_PRECISION_WINDOW_CONTROLLER_INTERFACE_CONTRACT.md:936,rtl/ppg_precision_window_controller/ppg_precision_window_controller.v:520,rtl/ppg_precision_window_controller/tb_ppg_precision_window_controller.v:47;rtl/ppg_precision_window_controller/tb_ppg_precision_window_controller.v:404;rtl/ppg_precision_window_controller/tb_ppg_precision_window_controller.v:560;rtl/ppg_precision_window_controller/tb_ppg_precision_window_controller.v:761,contracts/PPG_ALIAS_MAPPING_TABLE.md:388,,,B,C:\Users\DAWN\.codex\visualizations\2026\10\02\01a0fd78-55cb-7173-9e41-1e0b27c41d49\ppg_review_B\evidence\id_four_link_audit.json,已合并逐项语义审阅；状态与限制须读原行，非验收CLOSED
PWC-24,PWC,contracts/PPG_PRECISION_WINDOW_CONTROLLER_INTERFACE_CONTRACT.md:937,rtl/ppg_precision_window_controller/ppg_precision_window_controller.v:692,rtl/ppg_precision_window_controller/tb_ppg_precision_window_controller.v:47;rtl/ppg_precision_window_controller/tb_ppg_precision_window_controller.v:404;rtl/ppg_precision_window_controller/tb_ppg_precision_window_controller.v:566;rtl/ppg_precision_window_controller/tb_ppg_precision_window_controller.v:761,contracts/PPG_ALIAS_MAPPING_TABLE.md:389,,,B,C:\Users\DAWN\.codex\visualizations\2026\10\02\01a0fd78-55cb-7173-9e41-1e0b27c41d49\ppg_review_B\evidence\id_four_link_audit.json,已合并逐项语义审阅；状态与限制须读原行，非验收CLOSED
PWC-25,PWC,contracts/PPG_PRECISION_WINDOW_CONTROLLER_INTERFACE_CONTRACT.md:938,rtl/ppg_precision_window_controller/ppg_precision_window_controller.v:268,rtl/ppg_precision_window_controller/tb_ppg_precision_window_controller.v:47;rtl/ppg_precision_window_controller/tb_ppg_precision_window_controller.v:404;rtl/ppg_precision_window_controller/tb_ppg_precision_window_controller.v:572;rtl/ppg_precision_window_controller/tb_ppg_precision_window_controller.v:761,contracts/PPG_ALIAS_MAPPING_TABLE.md:390,,,B,C:\Users\DAWN\.codex\visualizations\2026\10\02\01a0fd78-55cb-7173-9e41-1e0b27c41d49\ppg_review_B\evidence\id_four_link_audit.json,已合并逐项语义审阅；状态与限制须读原行，非验收CLOSED
PWC-26,PWC,contracts/PPG_PRECISION_WINDOW_CONTROLLER_INTERFACE_CONTRACT.md:939,rtl/ppg_precision_window_controller/ppg_precision_window_controller.v:615,rtl/ppg_precision_window_controller/tb_ppg_precision_window_controller.v:24;rtl/ppg_precision_window_controller/tb_ppg_precision_window_controller.v:46;rtl/ppg_precision_window_controller/tb_ppg_precision_window_controller.v:47;rtl/ppg_precision_window_controller/tb_ppg_precision_window_controller.v:121;rtl/ppg_precision_window_controller/tb_ppg_precision_window_controller.v:404;rtl/ppg_precision_window_controller/tb_ppg_precision_window_controller.v:586;rtl/ppg_precision_window_controller/tb_ppg_precision_window_controller.v:587;rtl/ppg_precision_window_controller/tb_ppg_precision_window_controller.v:761,contracts/PPG_ALIAS_MAPPING_TABLE.md:391,,,B,C:\Users\DAWN\.codex\visualizations\2026\10\02\01a0fd78-55cb-7173-9e41-1e0b27c41d49\ppg_review_B\evidence\id_four_link_audit.json,已合并逐项语义审阅；状态与限制须读原行，非验收CLOSED
PWC-27,PWC,contracts/PPG_PRECISION_WINDOW_CONTROLLER_INTERFACE_CONTRACT.md:940,rtl/ppg_precision_window_controller/ppg_precision_window_controller.v:267,rtl/ppg_precision_window_controller/tb_ppg_precision_window_controller.v:22;rtl/ppg_precision_window_controller/tb_ppg_precision_window_controller.v:44;rtl/ppg_precision_window_controller/tb_ppg_precision_window_controller.v:47;rtl/ppg_precision_window_controller/tb_ppg_precision_window_controller.v:404;rtl/ppg_precision_window_controller/tb_ppg_precision_window_controller.v:599;rtl/ppg_precision_window_controller/tb_ppg_precision_window_controller.v:761,contracts/PPG_ALIAS_MAPPING_TABLE.md:392,,,B,C:\Users\DAWN\.codex\visualizations\2026\10\02\01a0fd78-55cb-7173-9e41-1e0b27c41d49\ppg_review_B\evidence\id_four_link_audit.json,已合并逐项语义审阅；状态与限制须读原行，非验收CLOSED
PWC-28,PWC,contracts/PPG_PRECISION_WINDOW_CONTROLLER_INTERFACE_CONTRACT.md:941,rtl/ppg_precision_window_controller/ppg_precision_window_controller.v:267,rtl/ppg_precision_window_controller/tb_ppg_precision_window_controller.v:47;rtl/ppg_precision_window_controller/tb_ppg_precision_window_controller.v:404;rtl/ppg_precision_window_controller/tb_ppg_precision_window_controller.v:618;rtl/ppg_precision_window_controller/tb_ppg_precision_window_controller.v:761,contracts/PPG_ALIAS_MAPPING_TABLE.md:393,,,B,C:\Users\DAWN\.codex\visualizations\2026\10\02\01a0fd78-55cb-7173-9e41-1e0b27c41d49\ppg_review_B\evidence\id_four_link_audit.json,已合并逐项语义审阅；状态与限制须读原行，非验收CLOSED
PWC-29,PWC,contracts/PPG_PRECISION_WINDOW_CONTROLLER_INTERFACE_CONTRACT.md:942,rtl/ppg_precision_window_controller/ppg_precision_window_controller.v:704,rtl/ppg_precision_window_controller/tb_ppg_precision_window_controller.v:47;rtl/ppg_precision_window_controller/tb_ppg_precision_window_controller.v:404;rtl/ppg_precision_window_controller/tb_ppg_precision_window_controller.v:628;rtl/ppg_precision_window_controller/tb_ppg_precision_window_controller.v:761,contracts/PPG_ALIAS_MAPPING_TABLE.md:394,,,B,C:\Users\DAWN\.codex\visualizations\2026\10\02\01a0fd78-55cb-7173-9e41-1e0b27c41d49\ppg_review_B\evidence\id_four_link_audit.json,已合并逐项语义审阅；状态与限制须读原行，非验收CLOSED
PWC-30,PWC,contracts/PPG_PRECISION_WINDOW_CONTROLLER_INTERFACE_CONTRACT.md:943,rtl/ppg_precision_window_controller/ppg_precision_window_controller.v:860,rtl/ppg_precision_window_controller/tb_ppg_precision_window_controller.v:47;rtl/ppg_precision_window_controller/tb_ppg_precision_window_controller.v:404;rtl/ppg_precision_window_controller/tb_ppg_precision_window_controller.v:638;rtl/ppg_precision_window_controller/tb_ppg_precision_window_controller.v:761,contracts/PPG_ALIAS_MAPPING_TABLE.md:395,,,B,C:\Users\DAWN\.codex\visualizations\2026\10\02\01a0fd78-55cb-7173-9e41-1e0b27c41d49\ppg_review_B\evidence\id_four_link_audit.json,已合并逐项语义审阅；状态与限制须读原行，非验收CLOSED
PWC-31,PWC,contracts/PPG_PRECISION_WINDOW_CONTROLLER_INTERFACE_CONTRACT.md:944,rtl/ppg_precision_window_controller/ppg_precision_window_controller.v:650,rtl/ppg_precision_window_controller/tb_ppg_precision_window_controller.v:47;rtl/ppg_precision_window_controller/tb_ppg_precision_window_controller.v:404;rtl/ppg_precision_window_controller/tb_ppg_precision_window_controller.v:646;rtl/ppg_precision_window_controller/tb_ppg_precision_window_controller.v:761,contracts/PPG_ALIAS_MAPPING_TABLE.md:396,,,B,C:\Users\DAWN\.codex\visualizations\2026\10\02\01a0fd78-55cb-7173-9e41-1e0b27c41d49\ppg_review_B\evidence\id_four_link_audit.json,已合并逐项语义审阅；状态与限制须读原行，非验收CLOSED
PWC-32,PWC,contracts/PPG_PRECISION_WINDOW_CONTROLLER_INTERFACE_CONTRACT.md:945,rtl/ppg_precision_window_controller/ppg_precision_window_controller.v:265,rtl/ppg_precision_window_controller/tb_ppg_precision_window_controller.v:47;rtl/ppg_precision_window_controller/tb_ppg_precision_window_controller.v:404;rtl/ppg_precision_window_controller/tb_ppg_precision_window_controller.v:656;rtl/ppg_precision_window_controller/tb_ppg_precision_window_controller.v:761,contracts/PPG_ALIAS_MAPPING_TABLE.md:397,,,B,C:\Users\DAWN\.codex\visualizations\2026\10\02\01a0fd78-55cb-7173-9e41-1e0b27c41d49\ppg_review_B\evidence\id_four_link_audit.json,已合并逐项语义审阅；状态与限制须读原行，非验收CLOSED
PWC-33,PWC,contracts/PPG_PRECISION_WINDOW_CONTROLLER_INTERFACE_CONTRACT.md:946,rtl/ppg_precision_window_controller/ppg_precision_window_controller.v:511,rtl/ppg_precision_window_controller/tb_ppg_precision_window_controller.v:47;rtl/ppg_precision_window_controller/tb_ppg_precision_window_controller.v:404;rtl/ppg_precision_window_controller/tb_ppg_precision_window_controller.v:672;rtl/ppg_precision_window_controller/tb_ppg_precision_window_controller.v:741;rtl/ppg_precision_window_controller/tb_ppg_precision_window_controller.v:761,contracts/PPG_ALIAS_MAPPING_TABLE.md:398,,,B,C:\Users\DAWN\.codex\visualizations\2026\10\02\01a0fd78-55cb-7173-9e41-1e0b27c41d49\ppg_review_B\evidence\id_four_link_audit.json,已合并逐项语义审阅；状态与限制须读原行，非验收CLOSED
PWC-34,PWC,contracts/PPG_PRECISION_WINDOW_CONTROLLER_INTERFACE_CONTRACT.md:947,rtl/ppg_precision_window_controller/ppg_precision_window_controller.v:680,rtl/ppg_precision_window_controller/tb_ppg_precision_window_controller.v:24;rtl/ppg_precision_window_controller/tb_ppg_precision_window_controller.v:46;rtl/ppg_precision_window_controller/tb_ppg_precision_window_controller.v:47;rtl/ppg_precision_window_controller/tb_ppg_precision_window_controller.v:404;rtl/ppg_precision_window_controller/tb_ppg_precision_window_controller.v:684;rtl/ppg_precision_window_controller/tb_ppg_precision_window_controller.v:685;rtl/ppg_precision_window_controller/tb_ppg_precision_window_controller.v:753;rtl/ppg_precision_window_controller/tb_ppg_precision_window_controller.v:761,contracts/PPG_ALIAS_MAPPING_TABLE.md:399,,,B,C:\Users\DAWN\.codex\visualizations\2026\10\02\01a0fd78-55cb-7173-9e41-1e0b27c41d49\ppg_review_B\evidence\id_four_link_audit.json,已合并逐项语义审阅；状态与限制须读原行，非验收CLOSED
PWC-35,PWC,contracts/PPG_PRECISION_WINDOW_CONTROLLER_INTERFACE_CONTRACT.md:948,rtl/ppg_precision_window_controller/ppg_precision_window_controller.v:553,rtl/ppg_precision_window_controller/tb_ppg_precision_window_controller.v:24;rtl/ppg_precision_window_controller/tb_ppg_precision_window_controller.v:46;rtl/ppg_precision_window_controller/tb_ppg_precision_window_controller.v:47;rtl/ppg_precision_window_controller/tb_ppg_precision_window_controller.v:404;rtl/ppg_precision_window_controller/tb_ppg_precision_window_controller.v:691;rtl/ppg_precision_window_controller/tb_ppg_precision_window_controller.v:693;rtl/ppg_precision_window_controller/tb_ppg_precision_window_controller.v:761,contracts/PPG_ALIAS_MAPPING_TABLE.md:400,,,B,C:\Users\DAWN\.codex\visualizations\2026\10\02\01a0fd78-55cb-7173-9e41-1e0b27c41d49\ppg_review_B\evidence\id_four_link_audit.json,已合并逐项语义审阅；状态与限制须读原行，非验收CLOSED
PWC-36,PWC,contracts/PPG_PRECISION_WINDOW_CONTROLLER_INTERFACE_CONTRACT.md:949,rtl/ppg_precision_window_controller/ppg_precision_window_controller.v:284,rtl/ppg_precision_window_controller/tb_ppg_precision_window_controller.v:47;rtl/ppg_precision_window_controller/tb_ppg_precision_window_controller.v:404;rtl/ppg_precision_window_controller/tb_ppg_precision_window_controller.v:700;rtl/ppg_precision_window_controller/tb_ppg_precision_window_controller.v:761,contracts/PPG_ALIAS_MAPPING_TABLE.md:401,,,B,C:\Users\DAWN\.codex\visualizations\2026\10\02\01a0fd78-55cb-7173-9e41-1e0b27c41d49\ppg_review_B\evidence\id_four_link_audit.json,已合并逐项语义审阅；状态与限制须读原行，非验收CLOSED
PWC-37,PWC,contracts/PPG_PRECISION_WINDOW_CONTROLLER_INTERFACE_CONTRACT.md:950,rtl/ppg_precision_window_controller/ppg_precision_window_controller.v:264,rtl/ppg_precision_window_controller/tb_ppg_precision_window_controller.v:47;rtl/ppg_precision_window_controller/tb_ppg_precision_window_controller.v:404;rtl/ppg_precision_window_controller/tb_ppg_precision_window_controller.v:704;rtl/ppg_precision_window_controller/tb_ppg_precision_window_controller.v:761,contracts/PPG_ALIAS_MAPPING_TABLE.md:402,,,B,C:\Users\DAWN\.codex\visualizations\2026\10\02\01a0fd78-55cb-7173-9e41-1e0b27c41d49\ppg_review_B\evidence\id_four_link_audit.json,已合并逐项语义审阅；状态与限制须读原行，非验收CLOSED
PWC-38,PWC,contracts/PPG_PRECISION_WINDOW_CONTROLLER_INTERFACE_CONTRACT.md:951,rtl/ppg_precision_window_controller/ppg_precision_window_controller.v:265,rtl/ppg_precision_window_controller/tb_ppg_precision_window_controller.v:47;rtl/ppg_precision_window_controller/tb_ppg_precision_window_controller.v:404;rtl/ppg_precision_window_controller/tb_ppg_precision_window_controller.v:709;rtl/ppg_precision_window_controller/tb_ppg_precision_window_controller.v:761,contracts/PPG_ALIAS_MAPPING_TABLE.md:403,,,B,C:\Users\DAWN\.codex\visualizations\2026\10\02\01a0fd78-55cb-7173-9e41-1e0b27c41d49\ppg_review_B\evidence\id_four_link_audit.json,已合并逐项语义审阅；状态与限制须读原行，非验收CLOSED
PWC-39,PWC,contracts/PPG_PRECISION_WINDOW_CONTROLLER_INTERFACE_CONTRACT.md:952,rtl/ppg_precision_window_controller/ppg_precision_window_controller.v:266,rtl/ppg_precision_window_controller/tb_ppg_precision_window_controller.v:47;rtl/ppg_precision_window_controller/tb_ppg_precision_window_controller.v:404;rtl/ppg_precision_window_controller/tb_ppg_precision_window_controller.v:714;rtl/ppg_precision_window_controller/tb_ppg_precision_window_controller.v:761,contracts/PPG_ALIAS_MAPPING_TABLE.md:404,,,B,C:\Users\DAWN\.codex\visualizations\2026\10\02\01a0fd78-55cb-7173-9e41-1e0b27c41d49\ppg_review_B\evidence\id_four_link_audit.json,已合并逐项语义审阅；状态与限制须读原行，非验收CLOSED
PWC-40,PWC,contracts/PPG_PRECISION_WINDOW_CONTROLLER_INTERFACE_CONTRACT.md:953,rtl/ppg_precision_window_controller/ppg_precision_window_controller.v:277,rtl/ppg_control_top/tb_ppg_control_top_baseline_cross.v:25;rtl/ppg_control_top/tb_ppg_control_top_baseline_cross.v:108;rtl/ppg_control_top/tb_ppg_control_top_baseline_cross.v:1600;rtl/ppg_precision_window_controller/tb_ppg_precision_window_controller.v:22;rtl/ppg_precision_window_controller/tb_ppg_precision_window_controller.v:44;rtl/ppg_precision_window_controller/tb_ppg_precision_window_controller.v:47;rtl/ppg_precision_window_controller/tb_ppg_precision_window_controller.v:404;rtl/ppg_precision_window_controller/tb_ppg_precision_window_controller.v:734;rtl/ppg_precision_window_controller/tb_ppg_precision_window_controller.v:761,contracts/PPG_ALIAS_MAPPING_TABLE.md:405,,,B,C:\Users\DAWN\.codex\visualizations\2026\10\02\01a0fd78-55cb-7173-9e41-1e0b27c41d49\ppg_review_B\evidence\id_four_link_audit.json,已合并逐项语义审阅；状态与限制须读原行，非验收CLOSED
PWC-41,PWC,contracts/PPG_PRECISION_WINDOW_CONTROLLER_INTERFACE_CONTRACT.md:954,rtl/ppg_precision_window_controller/ppg_precision_window_controller.v:494;rtl/ppg_precision_window_controller/ppg_precision_window_controller.v:511,rtl/ppg_precision_window_controller/tb_ppg_precision_window_controller.v:23;rtl/ppg_precision_window_controller/tb_ppg_precision_window_controller.v:45;rtl/ppg_precision_window_controller/tb_ppg_precision_window_controller.v:47;rtl/ppg_precision_window_controller/tb_ppg_precision_window_controller.v:404;rtl/ppg_precision_window_controller/tb_ppg_precision_window_controller.v:737;rtl/ppg_precision_window_controller/tb_ppg_precision_window_controller.v:746;rtl/ppg_precision_window_controller/tb_ppg_precision_window_controller.v:758;rtl/ppg_precision_window_controller/tb_ppg_precision_window_controller.v:761,contracts/PPG_ALIAS_MAPPING_TABLE.md:406,,,B,C:\Users\DAWN\.codex\visualizations\2026\10\02\01a0fd78-55cb-7173-9e41-1e0b27c41d49\ppg_review_B\evidence\id_four_link_audit.json,已合并逐项语义审阅；状态与限制须读原行，非验收CLOSED
PWI-01,PWI,contracts/PPG_PRECISION_WINDOW_CONTROLLER_INTERFACE_CONTRACT.md:963;contracts/PPG_PRECISION_WINDOW_INTEGRATION_WRAPPER_INTERFACE_CONTRACT.md:639,,rtl/ppg_precision_window_integration/tb_ppg_precision_window_integration.v:9;rtl/ppg_precision_window_integration/tb_ppg_precision_window_integration.v:27;rtl/ppg_precision_window_integration/tb_ppg_precision_window_integration.v:38;rtl/ppg_precision_window_integration/tb_ppg_precision_window_integration.v:53;rtl/ppg_precision_window_integration/tb_ppg_precision_window_integration.v:732;rtl/ppg_precision_window_integration/tb_ppg_precision_window_integration.v:746;rtl/ppg_precision_window_integration/tb_ppg_precision_window_integration.v:750;rtl/ppg_precision_window_integration/tb_ppg_precision_window_integration.v:840,,,"rtl_tag,matrix_or_alias",B,C:\Users\DAWN\.codex\visualizations\2026\10\02\01a0fd78-55cb-7173-9e41-1e0b27c41d49\ppg_review_B\evidence\id_four_link_audit.json,已合并逐项语义审阅；状态与限制须读原行，非验收CLOSED
PWI-02,PWI,contracts/PPG_PRECISION_WINDOW_CONTROLLER_INTERFACE_CONTRACT.md:964;contracts/PPG_PRECISION_WINDOW_INTEGRATION_WRAPPER_INTERFACE_CONTRACT.md:640,,rtl/ppg_precision_window_integration/tb_ppg_precision_window_integration.v:9;rtl/ppg_precision_window_integration/tb_ppg_precision_window_integration.v:38;rtl/ppg_precision_window_integration/tb_ppg_precision_window_integration.v:748;rtl/ppg_precision_window_integration/tb_ppg_precision_window_integration.v:769,,,"rtl_tag,matrix_or_alias",B,C:\Users\DAWN\.codex\visualizations\2026\10\02\01a0fd78-55cb-7173-9e41-1e0b27c41d49\ppg_review_B\evidence\id_four_link_audit.json,已合并逐项语义审阅；状态与限制须读原行，非验收CLOSED
PWI-03,PWI,contracts/PPG_PRECISION_WINDOW_CONTROLLER_INTERFACE_CONTRACT.md:965;contracts/PPG_PRECISION_WINDOW_INTEGRATION_WRAPPER_INTERFACE_CONTRACT.md:641,,rtl/ppg_precision_window_integration/tb_ppg_precision_window_integration.v:9;rtl/ppg_precision_window_integration/tb_ppg_precision_window_integration.v:38;rtl/ppg_precision_window_integration/tb_ppg_precision_window_integration.v:771;rtl/ppg_precision_window_integration/tb_ppg_precision_window_integration.v:811;rtl/ppg_precision_window_integration/tb_ppg_precision_window_integration.v:816,,,"rtl_tag,matrix_or_alias",B,C:\Users\DAWN\.codex\visualizations\2026\10\02\01a0fd78-55cb-7173-9e41-1e0b27c41d49\ppg_review_B\evidence\id_four_link_audit.json,已合并逐项语义审阅；状态与限制须读原行，非验收CLOSED
PWI-04,PWI,contracts/PPG_PRECISION_WINDOW_CONTROLLER_INTERFACE_CONTRACT.md:966;contracts/PPG_PRECISION_WINDOW_INTEGRATION_WRAPPER_INTERFACE_CONTRACT.md:642,,rtl/ppg_precision_window_integration/tb_ppg_precision_window_integration.v:9;rtl/ppg_precision_window_integration/tb_ppg_precision_window_integration.v:38;rtl/ppg_precision_window_integration/tb_ppg_precision_window_integration.v:771;rtl/ppg_precision_window_integration/tb_ppg_precision_window_integration.v:801;rtl/ppg_precision_window_integration/tb_ppg_precision_window_integration.v:809,,,"rtl_tag,matrix_or_alias",B,C:\Users\DAWN\.codex\visualizations\2026\10\02\01a0fd78-55cb-7173-9e41-1e0b27c41d49\ppg_review_B\evidence\id_four_link_audit.json,已合并逐项语义审阅；状态与限制须读原行，非验收CLOSED
PWI-05,PWI,contracts/PPG_PRECISION_WINDOW_CONTROLLER_INTERFACE_CONTRACT.md:967;contracts/PPG_PRECISION_WINDOW_INTEGRATION_WRAPPER_INTERFACE_CONTRACT.md:643,,rtl/ppg_precision_window_integration/tb_ppg_precision_window_integration.v:9;rtl/ppg_precision_window_integration/tb_ppg_precision_window_integration.v:27;rtl/ppg_precision_window_integration/tb_ppg_precision_window_integration.v:38;rtl/ppg_precision_window_integration/tb_ppg_precision_window_integration.v:53;rtl/ppg_precision_window_integration/tb_ppg_precision_window_integration.v:771;rtl/ppg_precision_window_integration/tb_ppg_precision_window_integration.v:818;rtl/ppg_precision_window_integration/tb_ppg_precision_window_integration.v:837;rtl/ppg_precision_window_integration/tb_ppg_precision_window_integration.v:840,,,"rtl_tag,matrix_or_alias",B,C:\Users\DAWN\.codex\visualizations\2026\10\02\01a0fd78-55cb-7173-9e41-1e0b27c41d49\ppg_review_B\evidence\id_four_link_audit.json,已合并逐项语义审阅；状态与限制须读原行，非验收CLOSED
PWI-06,PWI,contracts/PPG_PRECISION_WINDOW_INTEGRATION_WRAPPER_INTERFACE_CONTRACT.md:644,,,,,"rtl_tag,tb_text,matrix_or_alias",B,C:\Users\DAWN\.codex\visualizations\2026\10\02\01a0fd78-55cb-7173-9e41-1e0b27c41d49\ppg_review_B\evidence\id_four_link_audit.json,已合并逐项语义审阅；状态与限制须读原行，非验收CLOSED
PWI-07,PWI,contracts/PPG_PRECISION_WINDOW_INTEGRATION_WRAPPER_INTERFACE_CONTRACT.md:645,,,,,"rtl_tag,tb_text,matrix_or_alias",B,C:\Users\DAWN\.codex\visualizations\2026\10\02\01a0fd78-55cb-7173-9e41-1e0b27c41d49\ppg_review_B\evidence\id_four_link_audit.json,已合并逐项语义审阅；状态与限制须读原行，非验收CLOSED
PWI-08,PWI,contracts/PPG_PRECISION_WINDOW_INTEGRATION_WRAPPER_INTERFACE_CONTRACT.md:646,,rtl/ppg_control_top/tb_ppg_control_top_baseline_cross.v:25;rtl/ppg_control_top/tb_ppg_control_top_baseline_cross.v:108;rtl/ppg_control_top/tb_ppg_control_top_baseline_cross.v:1600,contracts/PPG_ALIAS_MAPPING_TABLE.md:89,,rtl_tag,B,C:\Users\DAWN\.codex\visualizations\2026\10\02\01a0fd78-55cb-7173-9e41-1e0b27c41d49\ppg_review_B\evidence\id_four_link_audit.json,已合并逐项语义审阅；状态与限制须读原行，非验收CLOSED
R01,R,,,,contracts/PPG_CONTRACT_CLOSURE_MATRIX.md:997,,"contract_definition,rtl_tag,tb_text",,,无逐ID独立语义记录；按家族/结构抽查，机械候选不等于活跃验收缺口
R02,R,,,,contracts/PPG_CONTRACT_CLOSURE_MATRIX.md:998,,"contract_definition,rtl_tag,tb_text",,,无逐ID独立语义记录；按家族/结构抽查，机械候选不等于活跃验收缺口
R03,R,,,,contracts/PPG_CONTRACT_CLOSURE_MATRIX.md:999,,"contract_definition,rtl_tag,tb_text",,,无逐ID独立语义记录；按家族/结构抽查，机械候选不等于活跃验收缺口
R04,R,,,,contracts/PPG_CONTRACT_CLOSURE_MATRIX.md:1000,,"contract_definition,rtl_tag,tb_text",,,无逐ID独立语义记录；按家族/结构抽查，机械候选不等于活跃验收缺口
R05,R,,,,contracts/PPG_CONTRACT_CLOSURE_MATRIX.md:1001,,"contract_definition,rtl_tag,tb_text",,,无逐ID独立语义记录；按家族/结构抽查，机械候选不等于活跃验收缺口
R06,R,,,,contracts/PPG_CONTRACT_CLOSURE_MATRIX.md:1002,,"contract_definition,rtl_tag,tb_text",,,无逐ID独立语义记录；按家族/结构抽查，机械候选不等于活跃验收缺口
R07,R,,,,contracts/PPG_CONTRACT_CLOSURE_MATRIX.md:1003,,"contract_definition,rtl_tag,tb_text",,,无逐ID独立语义记录；按家族/结构抽查，机械候选不等于活跃验收缺口
R08,R,,,,contracts/PPG_CONTRACT_CLOSURE_MATRIX.md:1004,,"contract_definition,rtl_tag,tb_text",,,无逐ID独立语义记录；按家族/结构抽查，机械候选不等于活跃验收缺口
R09,R,,,,contracts/PPG_CONTRACT_CLOSURE_MATRIX.md:1005,,"contract_definition,rtl_tag,tb_text",,,无逐ID独立语义记录；按家族/结构抽查，机械候选不等于活跃验收缺口
RAW-01,RAW,contracts/PPG_REAL_PPG_RAW_GENERATOR_TESTBENCH_CONTRACT.md:398,,,,,"rtl_tag,tb_text,matrix_or_alias",C,C:\Users\DAWN\.codex\visualizations\2026\10\02\01a0fd78-b9b8-78f2-8e39-c02cd0049c19\ppg_review_C\evidence\id_review_matrix.csv,已合并逐项语义审阅；状态与限制须读原行，非验收CLOSED
RAW-02,RAW,contracts/PPG_REAL_PPG_RAW_GENERATOR_TESTBENCH_CONTRACT.md:399,,,,,"rtl_tag,tb_text,matrix_or_alias",C,C:\Users\DAWN\.codex\visualizations\2026\10\02\01a0fd78-b9b8-78f2-8e39-c02cd0049c19\ppg_review_C\evidence\id_review_matrix.csv,已合并逐项语义审阅；状态与限制须读原行，非验收CLOSED
RAW-03,RAW,contracts/PPG_REAL_PPG_RAW_GENERATOR_TESTBENCH_CONTRACT.md:400,,,,,"rtl_tag,tb_text,matrix_or_alias",C,C:\Users\DAWN\.codex\visualizations\2026\10\02\01a0fd78-b9b8-78f2-8e39-c02cd0049c19\ppg_review_C\evidence\id_review_matrix.csv,已合并逐项语义审阅；状态与限制须读原行，非验收CLOSED
RAW-04,RAW,contracts/PPG_REAL_PPG_RAW_GENERATOR_TESTBENCH_CONTRACT.md:401,,,,,"rtl_tag,tb_text,matrix_or_alias",C,C:\Users\DAWN\.codex\visualizations\2026\10\02\01a0fd78-b9b8-78f2-8e39-c02cd0049c19\ppg_review_C\evidence\id_review_matrix.csv,已合并逐项语义审阅；状态与限制须读原行，非验收CLOSED
RAW-05,RAW,contracts/PPG_REAL_PPG_RAW_GENERATOR_TESTBENCH_CONTRACT.md:402,,,,,"rtl_tag,tb_text,matrix_or_alias",C,C:\Users\DAWN\.codex\visualizations\2026\10\02\01a0fd78-b9b8-78f2-8e39-c02cd0049c19\ppg_review_C\evidence\id_review_matrix.csv,已合并逐项语义审阅；状态与限制须读原行，非验收CLOSED
RAW-06,RAW,contracts/PPG_REAL_PPG_RAW_GENERATOR_TESTBENCH_CONTRACT.md:403,,,,,"rtl_tag,tb_text,matrix_or_alias",C,C:\Users\DAWN\.codex\visualizations\2026\10\02\01a0fd78-b9b8-78f2-8e39-c02cd0049c19\ppg_review_C\evidence\id_review_matrix.csv,已合并逐项语义审阅；状态与限制须读原行，非验收CLOSED
RAW-07,RAW,contracts/PPG_REAL_PPG_RAW_GENERATOR_TESTBENCH_CONTRACT.md:404,,,,,"rtl_tag,tb_text,matrix_or_alias",C,C:\Users\DAWN\.codex\visualizations\2026\10\02\01a0fd78-b9b8-78f2-8e39-c02cd0049c19\ppg_review_C\evidence\id_review_matrix.csv,已合并逐项语义审阅；状态与限制须读原行，非验收CLOSED
RAW-08,RAW,contracts/PPG_REAL_PPG_RAW_GENERATOR_TESTBENCH_CONTRACT.md:405,,,,,"rtl_tag,tb_text,matrix_or_alias",C,C:\Users\DAWN\.codex\visualizations\2026\10\02\01a0fd78-b9b8-78f2-8e39-c02cd0049c19\ppg_review_C\evidence\id_review_matrix.csv,已合并逐项语义审阅；状态与限制须读原行，非验收CLOSED
RAW-09,RAW,contracts/PPG_REAL_PPG_RAW_GENERATOR_TESTBENCH_CONTRACT.md:406,,,,,"rtl_tag,tb_text,matrix_or_alias",C,C:\Users\DAWN\.codex\visualizations\2026\10\02\01a0fd78-b9b8-78f2-8e39-c02cd0049c19\ppg_review_C\evidence\id_review_matrix.csv,已合并逐项语义审阅；状态与限制须读原行，非验收CLOSED
RAW-10,RAW,contracts/PPG_REAL_PPG_RAW_GENERATOR_TESTBENCH_CONTRACT.md:407,,,,,"rtl_tag,tb_text,matrix_or_alias",C,C:\Users\DAWN\.codex\visualizations\2026\10\02\01a0fd78-b9b8-78f2-8e39-c02cd0049c19\ppg_review_C\evidence\id_review_matrix.csv,已合并逐项语义审阅；状态与限制须读原行，非验收CLOSED
RAW-11,RAW,contracts/PPG_REAL_PPG_RAW_GENERATOR_TESTBENCH_CONTRACT.md:408,,,,,"rtl_tag,tb_text,matrix_or_alias",C,C:\Users\DAWN\.codex\visualizations\2026\10\02\01a0fd78-b9b8-78f2-8e39-c02cd0049c19\ppg_review_C\evidence\id_review_matrix.csv,已合并逐项语义审阅；状态与限制须读原行，非验收CLOSED
RAW-12,RAW,contracts/PPG_REAL_PPG_RAW_GENERATOR_TESTBENCH_CONTRACT.md:409,,rtl/ppg_control_top/tb_diag_algo_probe.v:23;rtl/ppg_control_top/tb_diag_algo_probe.v:25;rtl/ppg_control_top/tb_diag_algo_probe.v:46;rtl/ppg_control_top/tb_diag_algo_probe.v:53;rtl/ppg_control_top/tb_diag_algo_probe.v:60;rtl/ppg_control_top/tb_diag_algo_probe.v:64;rtl/ppg_control_top/tb_diag_algo_probe.v:93;rtl/ppg_control_top/tb_diag_algo_probe.v:94;rtl/ppg_control_top/tb_diag_algo_probe.v:781;rtl/ppg_control_top/tb_diag_algo_probe.v:796;rtl/ppg_control_top/tb_diag_algo_probe.v:799;rtl/ppg_control_top/tb_diag_algo_probe.v:803;rtl/ppg_control_top/tb_diag_algo_probe.v:806;rtl/ppg_control_top/tb_diag_algo_probe.v:809;rtl/ppg_control_top/tb_diag_algo_probe.v:813;rtl/ppg_control_top/tb_diag_algo_probe.v:818;rtl/ppg_control_top/tb_ppg_control_top_baseline_cross.v:181;rtl/ppg_control_top/tb_ppg_control_top_fir_tail_isolation.v:109;rtl/ppg_control_top/tb_ppg_control_top_longrun.v:23;rtl/ppg_control_top/tb_ppg_control_top_longrun.v:25;rtl/ppg_control_top/tb_ppg_control_top_longrun.v:46;rtl/ppg_control_top/tb_ppg_control_top_longrun.v:53;rtl/ppg_control_top/tb_ppg_control_top_longrun.v:60;rtl/ppg_control_top/tb_ppg_control_top_longrun.v:64;rtl/ppg_control_top/tb_ppg_control_top_longrun.v:93;rtl/ppg_control_top/tb_ppg_control_top_longrun.v:94;rtl/ppg_control_top/tb_ppg_control_top_longrun.v:767;rtl/ppg_control_top/tb_ppg_control_top_longrun.v:782;rtl/ppg_control_top/tb_ppg_control_top_longrun.v:785;rtl/ppg_control_top/tb_ppg_control_top_longrun.v:789;rtl/ppg_control_top/tb_ppg_control_top_longrun.v:792;rtl/ppg_control_top/tb_ppg_control_top_longrun.v:795;rtl/ppg_control_top/tb_ppg_control_top_longrun.v:799;rtl/ppg_control_top/tb_ppg_control_top_longrun.v:804;rtl/ppg_control_top/tb_ppg_control_top_long_10_cycles.v:26;rtl/ppg_control_top/tb_ppg_control_top_long_10_cycles.v:27;rtl/ppg_control_top/tb_ppg_control_top_long_10_cycles.v:115;rtl/ppg_control_top/tb_ppg_control_top_long_10_cycles.v:116;rtl/ppg_control_top/tb_ppg_control_top_long_10_cycles.v:203;rtl/ppg_control_top/tb_ppg_control_top_long_10_cycles.v:1696;rtl/ppg_control_top/tb_ppg_control_top_long_10_cycles.v:1726;rtl/ppg_control_top/tb_ppg_control_top_peak_valley_return.v:105,,,"rtl_tag,matrix_or_alias",C,C:\Users\DAWN\.codex\visualizations\2026\10\02\01a0fd78-b9b8-78f2-8e39-c02cd0049c19\ppg_review_C\evidence\id_review_matrix.csv,已合并逐项语义审阅；状态与限制须读原行，非验收CLOSED
RAW-13,RAW,contracts/PPG_REAL_PPG_RAW_GENERATOR_TESTBENCH_CONTRACT.md:410,,rtl/ppg_control_top/tb_diag_algo_probe.v:23;rtl/ppg_control_top/tb_diag_algo_probe.v:25;rtl/ppg_control_top/tb_diag_algo_probe.v:46;rtl/ppg_control_top/tb_diag_algo_probe.v:66;rtl/ppg_control_top/tb_diag_algo_probe.v:817;rtl/ppg_control_top/tb_diag_algo_probe.v:821;rtl/ppg_control_top/tb_diag_algo_probe.v:824;rtl/ppg_control_top/tb_ppg_control_top_longrun.v:23;rtl/ppg_control_top/tb_ppg_control_top_longrun.v:25;rtl/ppg_control_top/tb_ppg_control_top_longrun.v:46;rtl/ppg_control_top/tb_ppg_control_top_longrun.v:66;rtl/ppg_control_top/tb_ppg_control_top_longrun.v:803;rtl/ppg_control_top/tb_ppg_control_top_longrun.v:807;rtl/ppg_control_top/tb_ppg_control_top_longrun.v:810,,,"rtl_tag,matrix_or_alias",C,C:\Users\DAWN\.codex\visualizations\2026\10\02\01a0fd78-b9b8-78f2-8e39-c02cd0049c19\ppg_review_C\evidence\id_review_matrix.csv,已合并逐项语义审阅；状态与限制须读原行，非验收CLOSED
RRC-01,RRC,contracts/PPG_REAL_PPG_RAW_GENERATOR_TESTBENCH_CONTRACT.md:601,rtl/ppg_idac_code_controller/ppg_idac_code_controller.v:285,rtl/ppg_control_top/tb_ppg_control_top_periodic_recheck_recovery.v:26;rtl/ppg_control_top/tb_ppg_control_top_periodic_recheck_recovery.v:27;rtl/ppg_control_top/tb_ppg_control_top_periodic_recheck_recovery.v:28;rtl/ppg_control_top/tb_ppg_control_top_periodic_recheck_recovery.v:52;rtl/ppg_control_top/tb_ppg_control_top_periodic_recheck_recovery.v:53;rtl/ppg_control_top/tb_ppg_control_top_periodic_recheck_recovery.v:54;rtl/ppg_control_top/tb_ppg_control_top_periodic_recheck_recovery.v:1013;rtl/ppg_control_top/tb_ppg_control_top_periodic_recheck_recovery.v:1068;rtl/ppg_control_top/tb_ppg_control_top_periodic_recheck_recovery.v:1071,contracts/PPG_ALIAS_MAPPING_TABLE.md:191,,,"B,C",C:\Users\DAWN\.codex\visualizations\2026\10\02\01a0fd78-55cb-7173-9e41-1e0b27c41d49\ppg_review_B\evidence\id_four_link_audit.json;C:\Users\DAWN\.codex\visualizations\2026\10\02\01a0fd78-b9b8-78f2-8e39-c02cd0049c19\ppg_review_C\evidence\id_review_matrix.csv,已合并逐项语义审阅；状态与限制须读原行，非验收CLOSED
RRC-02,RRC,contracts/PPG_REAL_PPG_RAW_GENERATOR_TESTBENCH_CONTRACT.md:602,rtl/ppg_amb_recheck_scheduler/ppg_amb_recheck_scheduler.v:286,rtl/ppg_control_top/tb_ppg_control_top_periodic_recheck_recovery.v:26;rtl/ppg_control_top/tb_ppg_control_top_periodic_recheck_recovery.v:28;rtl/ppg_control_top/tb_ppg_control_top_periodic_recheck_recovery.v:52;rtl/ppg_control_top/tb_ppg_control_top_periodic_recheck_recovery.v:54;rtl/ppg_control_top/tb_ppg_control_top_periodic_recheck_recovery.v:1051;rtl/ppg_control_top/tb_ppg_control_top_periodic_recheck_recovery.v:1058;rtl/ppg_control_top/tb_ppg_control_top_periodic_recheck_recovery.v:1061;rtl/ppg_control_top/tb_ppg_control_top_periodic_recheck_recovery.v:1075;rtl/ppg_control_top/tb_ppg_control_top_periodic_recheck_recovery.v:1080;rtl/ppg_control_top/tb_ppg_control_top_periodic_recheck_recovery.v:1085;rtl/ppg_control_top/tb_ppg_control_top_periodic_recheck_recovery.v:1088,contracts/PPG_ALIAS_MAPPING_TABLE.md:192,,,"B,C",C:\Users\DAWN\.codex\visualizations\2026\10\02\01a0fd78-55cb-7173-9e41-1e0b27c41d49\ppg_review_B\evidence\id_four_link_audit.json;C:\Users\DAWN\.codex\visualizations\2026\10\02\01a0fd78-b9b8-78f2-8e39-c02cd0049c19\ppg_review_C\evidence\id_review_matrix.csv,已合并逐项语义审阅；状态与限制须读原行，非验收CLOSED
RRC-03,RRC,contracts/PPG_REAL_PPG_RAW_GENERATOR_TESTBENCH_CONTRACT.md:603,rtl/ppg_amb_recheck_scheduler/ppg_amb_recheck_scheduler.v:179,rtl/ppg_control_top/tb_ppg_control_top_periodic_recheck_recovery.v:26;rtl/ppg_control_top/tb_ppg_control_top_periodic_recheck_recovery.v:28;rtl/ppg_control_top/tb_ppg_control_top_periodic_recheck_recovery.v:52;rtl/ppg_control_top/tb_ppg_control_top_periodic_recheck_recovery.v:54;rtl/ppg_control_top/tb_ppg_control_top_periodic_recheck_recovery.v:1091;rtl/ppg_control_top/tb_ppg_control_top_periodic_recheck_recovery.v:1109;rtl/ppg_control_top/tb_ppg_control_top_periodic_recheck_recovery.v:1113;rtl/ppg_control_top/tb_ppg_control_top_periodic_recheck_recovery.v:1116,contracts/PPG_ALIAS_MAPPING_TABLE.md:193,,,"B,C",C:\Users\DAWN\.codex\visualizations\2026\10\02\01a0fd78-55cb-7173-9e41-1e0b27c41d49\ppg_review_B\evidence\id_four_link_audit.json;C:\Users\DAWN\.codex\visualizations\2026\10\02\01a0fd78-b9b8-78f2-8e39-c02cd0049c19\ppg_review_C\evidence\id_review_matrix.csv,已合并逐项语义审阅；状态与限制须读原行，非验收CLOSED
RRC-04,RRC,contracts/PPG_REAL_PPG_RAW_GENERATOR_TESTBENCH_CONTRACT.md:604,rtl/ppg_coarse_detection_fir/ppg_coarse_detection_fir.v:324;rtl/ppg_dynamic_baseline_cross_detector/ppg_dynamic_baseline_cross_detector.v:632;rtl/ppg_dynamic_baseline_cross_detector/ppg_dynamic_baseline_cross_detector.v:1510;rtl/ppg_dynamic_baseline_cross_detector/ppg_dynamic_baseline_cross_detector.v:1545,rtl/ppg_control_top/tb_ppg_control_top_periodic_recheck_recovery.v:26;rtl/ppg_control_top/tb_ppg_control_top_periodic_recheck_recovery.v:28;rtl/ppg_control_top/tb_ppg_control_top_periodic_recheck_recovery.v:52;rtl/ppg_control_top/tb_ppg_control_top_periodic_recheck_recovery.v:54;rtl/ppg_control_top/tb_ppg_control_top_periodic_recheck_recovery.v:1119;rtl/ppg_control_top/tb_ppg_control_top_periodic_recheck_recovery.v:1138;rtl/ppg_control_top/tb_ppg_control_top_periodic_recheck_recovery.v:1151;rtl/ppg_control_top/tb_ppg_control_top_periodic_recheck_recovery.v:1165,contracts/PPG_ALIAS_MAPPING_TABLE.md:194,,,"B,C",C:\Users\DAWN\.codex\visualizations\2026\10\02\01a0fd78-55cb-7173-9e41-1e0b27c41d49\ppg_review_B\evidence\id_four_link_audit.json;C:\Users\DAWN\.codex\visualizations\2026\10\02\01a0fd78-b9b8-78f2-8e39-c02cd0049c19\ppg_review_C\evidence\id_review_matrix.csv,已合并逐项语义审阅；状态与限制须读原行，非验收CLOSED
RRC-05,RRC,contracts/PPG_REAL_PPG_RAW_GENERATOR_TESTBENCH_CONTRACT.md:605,rtl/ppg_idac_code_controller/ppg_idac_code_controller.v:794,rtl/ppg_control_top/tb_ppg_control_top_periodic_recheck_recovery.v:26;rtl/ppg_control_top/tb_ppg_control_top_periodic_recheck_recovery.v:28;rtl/ppg_control_top/tb_ppg_control_top_periodic_recheck_recovery.v:52;rtl/ppg_control_top/tb_ppg_control_top_periodic_recheck_recovery.v:54;rtl/ppg_control_top/tb_ppg_control_top_periodic_recheck_recovery.v:1167;rtl/ppg_control_top/tb_ppg_control_top_periodic_recheck_recovery.v:1171;rtl/ppg_control_top/tb_ppg_control_top_periodic_recheck_recovery.v:1174,contracts/PPG_ALIAS_MAPPING_TABLE.md:195,,,"B,C",C:\Users\DAWN\.codex\visualizations\2026\10\02\01a0fd78-55cb-7173-9e41-1e0b27c41d49\ppg_review_B\evidence\id_four_link_audit.json;C:\Users\DAWN\.codex\visualizations\2026\10\02\01a0fd78-b9b8-78f2-8e39-c02cd0049c19\ppg_review_C\evidence\id_review_matrix.csv,已合并逐项语义审阅；状态与限制须读原行，非验收CLOSED
RRC-06,RRC,contracts/PPG_REAL_PPG_RAW_GENERATOR_TESTBENCH_CONTRACT.md:606,rtl/ppg_idac_code_controller/ppg_idac_code_controller.v:996,rtl/ppg_control_top/tb_ppg_control_top_periodic_recheck_recovery.v:26;rtl/ppg_control_top/tb_ppg_control_top_periodic_recheck_recovery.v:28;rtl/ppg_control_top/tb_ppg_control_top_periodic_recheck_recovery.v:52;rtl/ppg_control_top/tb_ppg_control_top_periodic_recheck_recovery.v:54;rtl/ppg_control_top/tb_ppg_control_top_periodic_recheck_recovery.v:1037;rtl/ppg_control_top/tb_ppg_control_top_periodic_recheck_recovery.v:1167;rtl/ppg_control_top/tb_ppg_control_top_periodic_recheck_recovery.v:1177;rtl/ppg_control_top/tb_ppg_control_top_periodic_recheck_recovery.v:1180,contracts/PPG_ALIAS_MAPPING_TABLE.md:196,,,"B,C",C:\Users\DAWN\.codex\visualizations\2026\10\02\01a0fd78-55cb-7173-9e41-1e0b27c41d49\ppg_review_B\evidence\id_four_link_audit.json;C:\Users\DAWN\.codex\visualizations\2026\10\02\01a0fd78-b9b8-78f2-8e39-c02cd0049c19\ppg_review_C\evidence\id_review_matrix.csv,已合并逐项语义审阅；状态与限制须读原行，非验收CLOSED
RRC-07,RRC,contracts/PPG_REAL_PPG_RAW_GENERATOR_TESTBENCH_CONTRACT.md:607,rtl/ppg_idac_code_controller/ppg_idac_code_controller.v:859,rtl/ppg_control_top/tb_ppg_control_top_periodic_recheck_recovery.v:26;rtl/ppg_control_top/tb_ppg_control_top_periodic_recheck_recovery.v:27;rtl/ppg_control_top/tb_ppg_control_top_periodic_recheck_recovery.v:28;rtl/ppg_control_top/tb_ppg_control_top_periodic_recheck_recovery.v:52;rtl/ppg_control_top/tb_ppg_control_top_periodic_recheck_recovery.v:53;rtl/ppg_control_top/tb_ppg_control_top_periodic_recheck_recovery.v:54;rtl/ppg_control_top/tb_ppg_control_top_periodic_recheck_recovery.v:1282;rtl/ppg_control_top/tb_ppg_control_top_periodic_recheck_recovery.v:1295;rtl/ppg_control_top/tb_ppg_control_top_periodic_recheck_recovery.v:1333;rtl/ppg_control_top/tb_ppg_control_top_periodic_recheck_recovery.v:1342;rtl/ppg_control_top/tb_ppg_control_top_periodic_recheck_recovery.v:1347;rtl/ppg_control_top/tb_ppg_control_top_periodic_recheck_recovery.v:1352;rtl/ppg_control_top/tb_ppg_control_top_periodic_recheck_recovery.v:1355;rtl/ppg_control_top/tb_ppg_control_top_periodic_recheck_recovery.v:1358,contracts/PPG_ALIAS_MAPPING_TABLE.md:197,,,"B,C",C:\Users\DAWN\.codex\visualizations\2026\10\02\01a0fd78-55cb-7173-9e41-1e0b27c41d49\ppg_review_B\evidence\id_four_link_audit.json;C:\Users\DAWN\.codex\visualizations\2026\10\02\01a0fd78-b9b8-78f2-8e39-c02cd0049c19\ppg_review_C\evidence\id_review_matrix.csv,已合并逐项语义审阅；状态与限制须读原行，非验收CLOSED
RRC-08,RRC,contracts/PPG_REAL_PPG_RAW_GENERATOR_TESTBENCH_CONTRACT.md:608,rtl/ppg_amb_recheck_scheduler/ppg_amb_recheck_scheduler.v:221,rtl/ppg_control_top/tb_ppg_control_top_periodic_recheck_recovery.v:26;rtl/ppg_control_top/tb_ppg_control_top_periodic_recheck_recovery.v:28;rtl/ppg_control_top/tb_ppg_control_top_periodic_recheck_recovery.v:52;rtl/ppg_control_top/tb_ppg_control_top_periodic_recheck_recovery.v:54;rtl/ppg_control_top/tb_ppg_control_top_periodic_recheck_recovery.v:1183;rtl/ppg_control_top/tb_ppg_control_top_periodic_recheck_recovery.v:1185;rtl/ppg_control_top/tb_ppg_control_top_periodic_recheck_recovery.v:1188,contracts/PPG_ALIAS_MAPPING_TABLE.md:198,,,"B,C",C:\Users\DAWN\.codex\visualizations\2026\10\02\01a0fd78-55cb-7173-9e41-1e0b27c41d49\ppg_review_B\evidence\id_four_link_audit.json;C:\Users\DAWN\.codex\visualizations\2026\10\02\01a0fd78-b9b8-78f2-8e39-c02cd0049c19\ppg_review_C\evidence\id_review_matrix.csv,已合并逐项语义审阅；状态与限制须读原行，非验收CLOSED
RRC-09,RRC,contracts/PPG_REAL_PPG_RAW_GENERATOR_TESTBENCH_CONTRACT.md:609,rtl/ppg_coarse_detection_fir/ppg_coarse_detection_fir.v:324;rtl/ppg_dynamic_baseline_cross_detector/ppg_dynamic_baseline_cross_detector.v:632;rtl/ppg_dynamic_baseline_cross_detector/ppg_dynamic_baseline_cross_detector.v:1510,rtl/ppg_control_top/tb_ppg_control_top_periodic_recheck_recovery.v:26;rtl/ppg_control_top/tb_ppg_control_top_periodic_recheck_recovery.v:28;rtl/ppg_control_top/tb_ppg_control_top_periodic_recheck_recovery.v:52;rtl/ppg_control_top/tb_ppg_control_top_periodic_recheck_recovery.v:54;rtl/ppg_control_top/tb_ppg_control_top_periodic_recheck_recovery.v:1191;rtl/ppg_control_top/tb_ppg_control_top_periodic_recheck_recovery.v:1194;rtl/ppg_control_top/tb_ppg_control_top_periodic_recheck_recovery.v:1197;rtl/ppg_control_top/tb_ppg_control_top_periodic_recheck_recovery.v:1220;rtl/ppg_control_top/tb_ppg_control_top_periodic_recheck_recovery.v:1223,contracts/PPG_ALIAS_MAPPING_TABLE.md:199,,,"B,C",C:\Users\DAWN\.codex\visualizations\2026\10\02\01a0fd78-55cb-7173-9e41-1e0b27c41d49\ppg_review_B\evidence\id_four_link_audit.json;C:\Users\DAWN\.codex\visualizations\2026\10\02\01a0fd78-b9b8-78f2-8e39-c02cd0049c19\ppg_review_C\evidence\id_review_matrix.csv,已合并逐项语义审阅；状态与限制须读原行，非验收CLOSED
RRC-10,RRC,contracts/PPG_REAL_PPG_RAW_GENERATOR_TESTBENCH_CONTRACT.md:610,rtl/ppg_dynamic_baseline_cross_detector/ppg_dynamic_baseline_cross_detector.v:1545,rtl/ppg_control_top/tb_ppg_control_top_periodic_recheck_recovery.v:26;rtl/ppg_control_top/tb_ppg_control_top_periodic_recheck_recovery.v:28;rtl/ppg_control_top/tb_ppg_control_top_periodic_recheck_recovery.v:52;rtl/ppg_control_top/tb_ppg_control_top_periodic_recheck_recovery.v:54;rtl/ppg_control_top/tb_ppg_control_top_periodic_recheck_recovery.v:1226;rtl/ppg_control_top/tb_ppg_control_top_periodic_recheck_recovery.v:1244;rtl/ppg_control_top/tb_ppg_control_top_periodic_recheck_recovery.v:1247,contracts/PPG_ALIAS_MAPPING_TABLE.md:200,contracts/PPG_ALIAS_MAPPING_TABLE.md:200,,"B,C",C:\Users\DAWN\.codex\visualizations\2026\10\02\01a0fd78-55cb-7173-9e41-1e0b27c41d49\ppg_review_B\evidence\id_four_link_audit.json;C:\Users\DAWN\.codex\visualizations\2026\10\02\01a0fd78-b9b8-78f2-8e39-c02cd0049c19\ppg_review_C\evidence\id_review_matrix.csv,已合并逐项语义审阅；状态与限制须读原行，非验收CLOSED
RRC-11,RRC,contracts/PPG_REAL_PPG_RAW_GENERATOR_TESTBENCH_CONTRACT.md:611,rtl/ppg_dynamic_baseline_cross_detector/ppg_dynamic_baseline_cross_detector.v:628;rtl/ppg_dynamic_baseline_cross_detector/ppg_dynamic_baseline_cross_detector.v:656;rtl/ppg_dynamic_baseline_cross_detector/ppg_dynamic_baseline_cross_detector.v:696,rtl/ppg_control_top/tb_ppg_control_top_periodic_recheck_recovery.v:26;rtl/ppg_control_top/tb_ppg_control_top_periodic_recheck_recovery.v:27;rtl/ppg_control_top/tb_ppg_control_top_periodic_recheck_recovery.v:28;rtl/ppg_control_top/tb_ppg_control_top_periodic_recheck_recovery.v:52;rtl/ppg_control_top/tb_ppg_control_top_periodic_recheck_recovery.v:53;rtl/ppg_control_top/tb_ppg_control_top_periodic_recheck_recovery.v:54;rtl/ppg_control_top/tb_ppg_control_top_periodic_recheck_recovery.v:1342;rtl/ppg_control_top/tb_ppg_control_top_periodic_recheck_recovery.v:1362;rtl/ppg_control_top/tb_ppg_control_top_periodic_recheck_recovery.v:1372;rtl/ppg_control_top/tb_ppg_control_top_periodic_recheck_recovery.v:1375;rtl/ppg_control_top/tb_ppg_control_top_periodic_recheck_recovery.v:1378;rtl/ppg_control_top/tb_ppg_control_top_periodic_recheck_recovery.v:1381;rtl/ppg_control_top/tb_ppg_control_top_periodic_recheck_recovery.v:1389;rtl/ppg_control_top/tb_ppg_control_top_periodic_recheck_recovery.v:1392;rtl/ppg_control_top/tb_ppg_control_top_periodic_recheck_recovery.v:1395;rtl/ppg_control_top/tb_ppg_control_top_periodic_recheck_recovery.v:1398;rtl/ppg_control_top/tb_ppg_control_top_periodic_recheck_recovery.v:1401;rtl/ppg_control_top/tb_ppg_control_top_periodic_recheck_recovery.v:1405;rtl/ppg_control_top/tb_ppg_control_top_periodic_recheck_recovery.v:1408,contracts/PPG_ALIAS_MAPPING_TABLE.md:201,,,"B,C",C:\Users\DAWN\.codex\visualizations\2026\10\02\01a0fd78-55cb-7173-9e41-1e0b27c41d49\ppg_review_B\evidence\id_four_link_audit.json;C:\Users\DAWN\.codex\visualizations\2026\10\02\01a0fd78-b9b8-78f2-8e39-c02cd0049c19\ppg_review_C\evidence\id_review_matrix.csv,已合并逐项语义审阅；状态与限制须读原行，非验收CLOSED
RRC-12,RRC,contracts/PPG_REAL_PPG_RAW_GENERATOR_TESTBENCH_CONTRACT.md:612,rtl/ppg_amb_recheck_scheduler/ppg_amb_recheck_scheduler.v:248,rtl/ppg_control_top/tb_ppg_control_top_lifecycle_fault_adc_anomaly.v:1931;rtl/ppg_control_top/tb_ppg_control_top_periodic_recheck_recovery.v:26;rtl/ppg_control_top/tb_ppg_control_top_periodic_recheck_recovery.v:27;rtl/ppg_control_top/tb_ppg_control_top_periodic_recheck_recovery.v:28;rtl/ppg_control_top/tb_ppg_control_top_periodic_recheck_recovery.v:52;rtl/ppg_control_top/tb_ppg_control_top_periodic_recheck_recovery.v:53;rtl/ppg_control_top/tb_ppg_control_top_periodic_recheck_recovery.v:54;rtl/ppg_control_top/tb_ppg_control_top_periodic_recheck_recovery.v:1422;rtl/ppg_control_top/tb_ppg_control_top_periodic_recheck_recovery.v:1459;rtl/ppg_control_top/tb_ppg_control_top_periodic_recheck_recovery.v:1477;rtl/ppg_control_top/tb_ppg_control_top_periodic_recheck_recovery.v:1485;rtl/ppg_control_top/tb_ppg_control_top_periodic_recheck_recovery.v:1488;rtl/ppg_control_top/tb_ppg_control_top_periodic_recheck_recovery.v:1494;rtl/ppg_control_top/tb_ppg_control_top_periodic_recheck_recovery.v:1498;rtl/ppg_control_top/tb_ppg_control_top_periodic_recheck_recovery.v:1501,contracts/PPG_ALIAS_MAPPING_TABLE.md:202,,,"B,C",C:\Users\DAWN\.codex\visualizations\2026\10\02\01a0fd78-55cb-7173-9e41-1e0b27c41d49\ppg_review_B\evidence\id_four_link_audit.json;C:\Users\DAWN\.codex\visualizations\2026\10\02\01a0fd78-b9b8-78f2-8e39-c02cd0049c19\ppg_review_C\evidence\id_review_matrix.csv,已合并逐项语义审阅；状态与限制须读原行，非验收CLOSED
RTR-01,RTR,contracts/PPG_ADC_S1_CALIBRATOR_TO_ROUTER_INTERFACE_CONTRACT.md:185,,rtl/ppg_adc_result_router/tb_ppg_adc_result_router.v:163;rtl/ppg_adc_result_router/tb_ppg_adc_result_router.v:441,,,"rtl_tag,matrix_or_alias",C,C:\Users\DAWN\.codex\visualizations\2026\10\02\01a0fd78-b9b8-78f2-8e39-c02cd0049c19\ppg_review_C\evidence\id_review_matrix.csv,已合并逐项语义审阅；状态与限制须读原行，非验收CLOSED
RTR-02,RTR,contracts/PPG_ADC_S1_CALIBRATOR_TO_ROUTER_INTERFACE_CONTRACT.md:186,,rtl/ppg_adc_result_router/tb_ppg_adc_result_router.v:170;rtl/ppg_adc_result_router/tb_ppg_adc_result_router.v:441,,,"rtl_tag,matrix_or_alias",C,C:\Users\DAWN\.codex\visualizations\2026\10\02\01a0fd78-b9b8-78f2-8e39-c02cd0049c19\ppg_review_C\evidence\id_review_matrix.csv,已合并逐项语义审阅；状态与限制须读原行，非验收CLOSED
RTR-03,RTR,contracts/PPG_ADC_S1_CALIBRATOR_TO_ROUTER_INTERFACE_CONTRACT.md:187,,rtl/ppg_adc_result_router/tb_ppg_adc_result_router.v:180;rtl/ppg_adc_result_router/tb_ppg_adc_result_router.v:441,,,"rtl_tag,matrix_or_alias",C,C:\Users\DAWN\.codex\visualizations\2026\10\02\01a0fd78-b9b8-78f2-8e39-c02cd0049c19\ppg_review_C\evidence\id_review_matrix.csv,已合并逐项语义审阅；状态与限制须读原行，非验收CLOSED
RTR-04,RTR,contracts/PPG_ADC_S1_CALIBRATOR_TO_ROUTER_INTERFACE_CONTRACT.md:188,,rtl/ppg_adc_result_router/tb_ppg_adc_result_router.v:217;rtl/ppg_adc_result_router/tb_ppg_adc_result_router.v:441,,,"rtl_tag,matrix_or_alias",C,C:\Users\DAWN\.codex\visualizations\2026\10\02\01a0fd78-b9b8-78f2-8e39-c02cd0049c19\ppg_review_C\evidence\id_review_matrix.csv,已合并逐项语义审阅；状态与限制须读原行，非验收CLOSED
RTR-05,RTR,contracts/PPG_ADC_S1_CALIBRATOR_TO_ROUTER_INTERFACE_CONTRACT.md:189,,rtl/ppg_adc_result_router/tb_ppg_adc_result_router.v:258;rtl/ppg_adc_result_router/tb_ppg_adc_result_router.v:441,,,"rtl_tag,matrix_or_alias",C,C:\Users\DAWN\.codex\visualizations\2026\10\02\01a0fd78-b9b8-78f2-8e39-c02cd0049c19\ppg_review_C\evidence\id_review_matrix.csv,已合并逐项语义审阅；状态与限制须读原行，非验收CLOSED
RTR-06,RTR,contracts/PPG_ADC_S1_CALIBRATOR_TO_ROUTER_INTERFACE_CONTRACT.md:190,,rtl/ppg_adc_result_router/tb_ppg_adc_result_router.v:282;rtl/ppg_adc_result_router/tb_ppg_adc_result_router.v:441,,,"rtl_tag,matrix_or_alias",C,C:\Users\DAWN\.codex\visualizations\2026\10\02\01a0fd78-b9b8-78f2-8e39-c02cd0049c19\ppg_review_C\evidence\id_review_matrix.csv,已合并逐项语义审阅；状态与限制须读原行，非验收CLOSED
RTR-07,RTR,contracts/PPG_ADC_S1_CALIBRATOR_TO_ROUTER_INTERFACE_CONTRACT.md:191,,rtl/ppg_adc_result_router/tb_ppg_adc_result_router.v:313;rtl/ppg_adc_result_router/tb_ppg_adc_result_router.v:441,,,"rtl_tag,matrix_or_alias",C,C:\Users\DAWN\.codex\visualizations\2026\10\02\01a0fd78-b9b8-78f2-8e39-c02cd0049c19\ppg_review_C\evidence\id_review_matrix.csv,已合并逐项语义审阅；状态与限制须读原行，非验收CLOSED
RTR-08,RTR,contracts/PPG_ADC_S1_CALIBRATOR_TO_ROUTER_INTERFACE_CONTRACT.md:192,,rtl/ppg_adc_result_router/tb_ppg_adc_result_router.v:258;rtl/ppg_adc_result_router/tb_ppg_adc_result_router.v:441,,,"rtl_tag,matrix_or_alias",C,C:\Users\DAWN\.codex\visualizations\2026\10\02\01a0fd78-b9b8-78f2-8e39-c02cd0049c19\ppg_review_C\evidence\id_review_matrix.csv,已合并逐项语义审阅；状态与限制须读原行，非验收CLOSED
RTR-09,RTR,contracts/PPG_ADC_S1_CALIBRATOR_TO_ROUTER_INTERFACE_CONTRACT.md:193,,rtl/ppg_adc_result_router/tb_ppg_adc_result_router.v:282;rtl/ppg_adc_result_router/tb_ppg_adc_result_router.v:441,,,"rtl_tag,matrix_or_alias",C,C:\Users\DAWN\.codex\visualizations\2026\10\02\01a0fd78-b9b8-78f2-8e39-c02cd0049c19\ppg_review_C\evidence\id_review_matrix.csv,已合并逐项语义审阅；状态与限制须读原行，非验收CLOSED
RTR-10,RTR,contracts/PPG_ADC_S1_CALIBRATOR_TO_ROUTER_INTERFACE_CONTRACT.md:194,,rtl/ppg_adc_result_router/tb_ppg_adc_result_router.v:313;rtl/ppg_adc_result_router/tb_ppg_adc_result_router.v:441,,,"rtl_tag,matrix_or_alias",C,C:\Users\DAWN\.codex\visualizations\2026\10\02\01a0fd78-b9b8-78f2-8e39-c02cd0049c19\ppg_review_C\evidence\id_review_matrix.csv,已合并逐项语义审阅；状态与限制须读原行，非验收CLOSED
RTR-11,RTR,contracts/PPG_ADC_S1_CALIBRATOR_TO_ROUTER_INTERFACE_CONTRACT.md:195,,rtl/ppg_adc_result_router/tb_ppg_adc_result_router.v:347;rtl/ppg_adc_result_router/tb_ppg_adc_result_router.v:441,,,"rtl_tag,matrix_or_alias",C,C:\Users\DAWN\.codex\visualizations\2026\10\02\01a0fd78-b9b8-78f2-8e39-c02cd0049c19\ppg_review_C\evidence\id_review_matrix.csv,已合并逐项语义审阅；状态与限制须读原行，非验收CLOSED
RTR-12,RTR,contracts/PPG_ADC_S1_CALIBRATOR_TO_ROUTER_INTERFACE_CONTRACT.md:196,,rtl/ppg_adc_result_router/tb_ppg_adc_result_router.v:397;rtl/ppg_adc_result_router/tb_ppg_adc_result_router.v:441,,,"rtl_tag,matrix_or_alias",C,C:\Users\DAWN\.codex\visualizations\2026\10\02\01a0fd78-b9b8-78f2-8e39-c02cd0049c19\ppg_review_C\evidence\id_review_matrix.csv,已合并逐项语义审阅；状态与限制须读原行，非验收CLOSED
RTR-13,RTR,contracts/PPG_ADC_S1_CALIBRATOR_TO_ROUTER_INTERFACE_CONTRACT.md:197,,rtl/ppg_adc_result_router/tb_ppg_adc_result_router.v:411;rtl/ppg_adc_result_router/tb_ppg_adc_result_router.v:441,,,"rtl_tag,matrix_or_alias",C,C:\Users\DAWN\.codex\visualizations\2026\10\02\01a0fd78-b9b8-78f2-8e39-c02cd0049c19\ppg_review_C\evidence\id_review_matrix.csv,已合并逐项语义审阅；状态与限制须读原行，非验收CLOSED
SID-01,SID,contracts/PPG_REAL_PPG_RAW_GENERATOR_TESTBENCH_CONTRACT.md:549,rtl/ppg_idac_code_controller/ppg_idac_code_controller.v:279,rtl/ppg_control_top/tb_ppg_control_top_startup_idac_calibration.v:25;rtl/ppg_control_top/tb_ppg_control_top_startup_idac_calibration.v:29;rtl/ppg_control_top/tb_ppg_control_top_startup_idac_calibration.v:30;rtl/ppg_control_top/tb_ppg_control_top_startup_idac_calibration.v:53;rtl/ppg_control_top/tb_ppg_control_top_startup_idac_calibration.v:57;rtl/ppg_control_top/tb_ppg_control_top_startup_idac_calibration.v:58;rtl/ppg_control_top/tb_ppg_control_top_startup_idac_calibration.v:863;rtl/ppg_control_top/tb_ppg_control_top_startup_idac_calibration.v:885;rtl/ppg_control_top/tb_ppg_control_top_startup_idac_calibration.v:890;rtl/ppg_control_top/tb_ppg_control_top_startup_idac_calibration.v:895;rtl/ppg_control_top/tb_ppg_control_top_startup_idac_calibration.v:898,contracts/PPG_ALIAS_MAPPING_TABLE.md:138,,,"B,C",C:\Users\DAWN\.codex\visualizations\2026\10\02\01a0fd78-55cb-7173-9e41-1e0b27c41d49\ppg_review_B\evidence\id_four_link_audit.json;C:\Users\DAWN\.codex\visualizations\2026\10\02\01a0fd78-b9b8-78f2-8e39-c02cd0049c19\ppg_review_C\evidence\id_review_matrix.csv,已合并逐项语义审阅；状态与限制须读原行，非验收CLOSED
SID-02,SID,contracts/PPG_REAL_PPG_RAW_GENERATOR_TESTBENCH_CONTRACT.md:550,rtl/ppg_idac_code_controller/ppg_idac_code_controller.v:705,rtl/ppg_control_top/tb_ppg_control_top_startup_idac_calibration.v:25;rtl/ppg_control_top/tb_ppg_control_top_startup_idac_calibration.v:29;rtl/ppg_control_top/tb_ppg_control_top_startup_idac_calibration.v:30;rtl/ppg_control_top/tb_ppg_control_top_startup_idac_calibration.v:53;rtl/ppg_control_top/tb_ppg_control_top_startup_idac_calibration.v:57;rtl/ppg_control_top/tb_ppg_control_top_startup_idac_calibration.v:58;rtl/ppg_control_top/tb_ppg_control_top_startup_idac_calibration.v:1065;rtl/ppg_control_top/tb_ppg_control_top_startup_idac_calibration.v:1077;rtl/ppg_control_top/tb_ppg_control_top_startup_idac_calibration.v:1080;rtl/ppg_control_top/tb_ppg_control_top_startup_idac_calibration.v:1083,contracts/PPG_ALIAS_MAPPING_TABLE.md:139,,,"B,C",C:\Users\DAWN\.codex\visualizations\2026\10\02\01a0fd78-55cb-7173-9e41-1e0b27c41d49\ppg_review_B\evidence\id_four_link_audit.json;C:\Users\DAWN\.codex\visualizations\2026\10\02\01a0fd78-b9b8-78f2-8e39-c02cd0049c19\ppg_review_C\evidence\id_review_matrix.csv,已合并逐项语义审阅；状态与限制须读原行，非验收CLOSED
SID-03,SID,contracts/PPG_REAL_PPG_RAW_GENERATOR_TESTBENCH_CONTRACT.md:551,rtl/ppg_sar9_sar15_safe_selection_wrapper/ppg_sar9_sar15_safe_selection_wrapper.v:760,rtl/ppg_control_top/tb_ppg_control_top_input_light_static_matrix.v:188;rtl/ppg_control_top/tb_ppg_control_top_input_light_static_matrix.v:331;rtl/ppg_control_top/tb_ppg_control_top_startup_idac_calibration.v:25;rtl/ppg_control_top/tb_ppg_control_top_startup_idac_calibration.v:30;rtl/ppg_control_top/tb_ppg_control_top_startup_idac_calibration.v:53;rtl/ppg_control_top/tb_ppg_control_top_startup_idac_calibration.v:58;rtl/ppg_control_top/tb_ppg_control_top_startup_idac_calibration.v:1128;rtl/ppg_control_top/tb_ppg_control_top_startup_idac_calibration.v:1130;rtl/ppg_control_top/tb_ppg_control_top_startup_idac_calibration.v:1263;rtl/ppg_control_top/tb_ppg_control_top_startup_idac_calibration.v:1384,contracts/PPG_ALIAS_MAPPING_TABLE.md:140,,,"B,C",C:\Users\DAWN\.codex\visualizations\2026\10\02\01a0fd78-55cb-7173-9e41-1e0b27c41d49\ppg_review_B\evidence\id_four_link_audit.json;C:\Users\DAWN\.codex\visualizations\2026\10\02\01a0fd78-b9b8-78f2-8e39-c02cd0049c19\ppg_review_C\evidence\id_review_matrix.csv,已合并逐项语义审阅；状态与限制须读原行，非验收CLOSED
SID-04,SID,contracts/PPG_REAL_PPG_RAW_GENERATOR_TESTBENCH_CONTRACT.md:552,rtl/ppg_400hz_frame_calibration_scheduler/ppg_400hz_frame_calibration_scheduler.v:840,rtl/ppg_control_top/tb_ppg_control_top_startup_idac_calibration.v:23;rtl/ppg_control_top/tb_ppg_control_top_startup_idac_calibration.v:25;rtl/ppg_control_top/tb_ppg_control_top_startup_idac_calibration.v:30;rtl/ppg_control_top/tb_ppg_control_top_startup_idac_calibration.v:51;rtl/ppg_control_top/tb_ppg_control_top_startup_idac_calibration.v:53;rtl/ppg_control_top/tb_ppg_control_top_startup_idac_calibration.v:58;rtl/ppg_control_top/tb_ppg_control_top_startup_idac_calibration.v:1125;rtl/ppg_control_top/tb_ppg_control_top_startup_idac_calibration.v:1147;rtl/ppg_control_top/tb_ppg_control_top_startup_idac_calibration.v:1174;rtl/ppg_control_top/tb_ppg_control_top_startup_idac_calibration.v:1229;rtl/ppg_control_top/tb_ppg_control_top_startup_idac_calibration.v:1263;rtl/ppg_control_top/tb_ppg_control_top_startup_idac_calibration.v:1384,contracts/PPG_ALIAS_MAPPING_TABLE.md:141,,,"B,C",C:\Users\DAWN\.codex\visualizations\2026\10\02\01a0fd78-55cb-7173-9e41-1e0b27c41d49\ppg_review_B\evidence\id_four_link_audit.json;C:\Users\DAWN\.codex\visualizations\2026\10\02\01a0fd78-b9b8-78f2-8e39-c02cd0049c19\ppg_review_C\evidence\id_review_matrix.csv,已合并逐项语义审阅；状态与限制须读原行，非验收CLOSED
SID-05,SID,contracts/PPG_REAL_PPG_RAW_GENERATOR_TESTBENCH_CONTRACT.md:553,rtl/ppg_400hz_frame_calibration_scheduler/ppg_400hz_frame_calibration_scheduler.v:467;rtl/ppg_400hz_frame_calibration_scheduler/ppg_400hz_frame_calibration_scheduler.v:567;rtl/ppg_400hz_frame_calibration_scheduler/ppg_400hz_frame_calibration_scheduler.v:748;rtl/ppg_adc_measurement_idac_integration/ppg_adc_measurement_idac_integration.v:1798,rtl/ppg_400hz_frame_calibration_scheduler/tb_ppg_400hz_frame_calibration_scheduler.v:23;rtl/ppg_400hz_frame_calibration_scheduler/tb_ppg_400hz_frame_calibration_scheduler.v:44;rtl/ppg_400hz_frame_calibration_scheduler/tb_ppg_400hz_frame_calibration_scheduler.v:164;rtl/ppg_400hz_frame_calibration_scheduler/tb_ppg_400hz_frame_calibration_scheduler.v:301;rtl/ppg_adc_measurement_idac_integration/tb_ppg_adc_measurement_idac_integration.v:30;rtl/ppg_adc_measurement_idac_integration/tb_ppg_adc_measurement_idac_integration.v:58;rtl/ppg_adc_measurement_idac_integration/tb_ppg_adc_measurement_idac_integration.v:80;rtl/ppg_control_top/tb_ppg_control_top_startup_idac_calibration.v:23;rtl/ppg_control_top/tb_ppg_control_top_startup_idac_calibration.v:25;rtl/ppg_control_top/tb_ppg_control_top_startup_idac_calibration.v:29;rtl/ppg_control_top/tb_ppg_control_top_startup_idac_calibration.v:30;rtl/ppg_control_top/tb_ppg_control_top_startup_idac_calibration.v:51;rtl/ppg_control_top/tb_ppg_control_top_startup_idac_calibration.v:53;rtl/ppg_control_top/tb_ppg_control_top_startup_idac_calibration.v:57;rtl/ppg_control_top/tb_ppg_control_top_startup_idac_calibration.v:58;rtl/ppg_control_top/tb_ppg_control_top_startup_idac_calibration.v:771;rtl/ppg_control_top/tb_ppg_control_top_startup_idac_calibration.v:1117,contracts/PPG_ALIAS_MAPPING_TABLE.md:142,,,"B,C",C:\Users\DAWN\.codex\visualizations\2026\10\02\01a0fd78-55cb-7173-9e41-1e0b27c41d49\ppg_review_B\evidence\id_four_link_audit.json;C:\Users\DAWN\.codex\visualizations\2026\10\02\01a0fd78-b9b8-78f2-8e39-c02cd0049c19\ppg_review_C\evidence\id_review_matrix.csv,已合并逐项语义审阅；状态与限制须读原行，非验收CLOSED
SID-06,SID,contracts/PPG_REAL_PPG_RAW_GENERATOR_TESTBENCH_CONTRACT.md:554,rtl/ppg_400hz_frame_calibration_scheduler/ppg_400hz_frame_calibration_scheduler.v:463,rtl/ppg_control_top/tb_ppg_control_top_idac_bus_isolation.v:21;rtl/ppg_control_top/tb_ppg_control_top_idac_bus_isolation.v:45;rtl/ppg_control_top/tb_ppg_control_top_startup_idac_calibration.v:23;rtl/ppg_control_top/tb_ppg_control_top_startup_idac_calibration.v:25;rtl/ppg_control_top/tb_ppg_control_top_startup_idac_calibration.v:30;rtl/ppg_control_top/tb_ppg_control_top_startup_idac_calibration.v:51;rtl/ppg_control_top/tb_ppg_control_top_startup_idac_calibration.v:53;rtl/ppg_control_top/tb_ppg_control_top_startup_idac_calibration.v:58;rtl/ppg_control_top/tb_ppg_control_top_startup_idac_calibration.v:1171;rtl/ppg_control_top/tb_ppg_control_top_startup_idac_calibration.v:1172;rtl/ppg_control_top/tb_ppg_control_top_startup_idac_calibration.v:1227;rtl/ppg_control_top/tb_ppg_control_top_startup_idac_calibration.v:1276;rtl/ppg_control_top/tb_ppg_control_top_startup_idac_calibration.v:1280;rtl/ppg_control_top/tb_ppg_control_top_startup_idac_calibration.v:1283;rtl/ppg_control_top/tb_ppg_control_top_startup_idac_calibration.v:1286;rtl/ppg_control_top/tb_ppg_control_top_startup_idac_calibration.v:1292;rtl/ppg_control_top/tb_ppg_control_top_startup_idac_calibration.v:1304;rtl/ppg_control_top/tb_ppg_control_top_startup_idac_calibration.v:1307;rtl/ppg_control_top/tb_ppg_control_top_startup_idac_calibration.v:1311,contracts/PPG_ALIAS_MAPPING_TABLE.md:143,,,"B,C",C:\Users\DAWN\.codex\visualizations\2026\10\02\01a0fd78-55cb-7173-9e41-1e0b27c41d49\ppg_review_B\evidence\id_four_link_audit.json;C:\Users\DAWN\.codex\visualizations\2026\10\02\01a0fd78-b9b8-78f2-8e39-c02cd0049c19\ppg_review_C\evidence\id_review_matrix.csv,已合并逐项语义审阅；状态与限制须读原行，非验收CLOSED
SID-07,SID,contracts/PPG_REAL_PPG_RAW_GENERATOR_TESTBENCH_CONTRACT.md:555,rtl/ppg_sar9_sar15_safe_selection_wrapper/ppg_sar9_sar15_safe_selection_wrapper.v:745;rtl/ppg_sar9_sar15_safe_selection_wrapper/ppg_sar9_sar15_safe_selection_wrapper.v:762,rtl/ppg_control_top/tb_ppg_control_top_input_light_static_matrix.v:188;rtl/ppg_control_top/tb_ppg_control_top_input_light_static_matrix.v:331;rtl/ppg_control_top/tb_ppg_control_top_input_light_static_matrix.v:2036;rtl/ppg_control_top/tb_ppg_control_top_input_light_static_matrix.v:2079;rtl/ppg_control_top/tb_ppg_control_top_startup_idac_calibration.v:25;rtl/ppg_control_top/tb_ppg_control_top_startup_idac_calibration.v:30;rtl/ppg_control_top/tb_ppg_control_top_startup_idac_calibration.v:53;rtl/ppg_control_top/tb_ppg_control_top_startup_idac_calibration.v:58;rtl/ppg_control_top/tb_ppg_control_top_startup_idac_calibration.v:1133;rtl/ppg_control_top/tb_ppg_control_top_startup_idac_calibration.v:1140;rtl/ppg_control_top/tb_ppg_control_top_startup_idac_calibration.v:1251,contracts/PPG_ALIAS_MAPPING_TABLE.md:144,,,"B,C",C:\Users\DAWN\.codex\visualizations\2026\10\02\01a0fd78-55cb-7173-9e41-1e0b27c41d49\ppg_review_B\evidence\id_four_link_audit.json;C:\Users\DAWN\.codex\visualizations\2026\10\02\01a0fd78-b9b8-78f2-8e39-c02cd0049c19\ppg_review_C\evidence\id_review_matrix.csv,已合并逐项语义审阅；状态与限制须读原行，非验收CLOSED
SID-08,SID,contracts/PPG_REAL_PPG_RAW_GENERATOR_TESTBENCH_CONTRACT.md:556,rtl/ppg_sar9_sar15_safe_selection_wrapper/ppg_sar9_sar15_safe_selection_wrapper.v:742;rtl/ppg_sar9_sar15_safe_selection_wrapper/ppg_sar9_sar15_safe_selection_wrapper.v:762,rtl/ppg_control_top/tb_ppg_control_top_input_light_static_matrix.v:2134;rtl/ppg_control_top/tb_ppg_control_top_startup_idac_calibration.v:25;rtl/ppg_control_top/tb_ppg_control_top_startup_idac_calibration.v:30;rtl/ppg_control_top/tb_ppg_control_top_startup_idac_calibration.v:53;rtl/ppg_control_top/tb_ppg_control_top_startup_idac_calibration.v:58;rtl/ppg_control_top/tb_ppg_control_top_startup_idac_calibration.v:1246;rtl/ppg_control_top/tb_ppg_control_top_startup_idac_calibration.v:1249;rtl/ppg_control_top/tb_ppg_control_top_startup_idac_calibration.v:1254;rtl/ppg_control_top/tb_ppg_control_top_startup_idac_calibration.v:1257;rtl/ppg_control_top/tb_ppg_control_top_startup_idac_calibration.v:1260;rtl/ppg_control_top/tb_ppg_control_top_startup_idac_calibration.v:1376,contracts/PPG_ALIAS_MAPPING_TABLE.md:145,,,"B,C",C:\Users\DAWN\.codex\visualizations\2026\10\02\01a0fd78-55cb-7173-9e41-1e0b27c41d49\ppg_review_B\evidence\id_four_link_audit.json;C:\Users\DAWN\.codex\visualizations\2026\10\02\01a0fd78-b9b8-78f2-8e39-c02cd0049c19\ppg_review_C\evidence\id_review_matrix.csv,已合并逐项语义审阅；状态与限制须读原行，非验收CLOSED
SID-09,SID,contracts/PPG_REAL_PPG_RAW_GENERATOR_TESTBENCH_CONTRACT.md:557,rtl/ppg_sar9_sar15_safe_selection_wrapper/ppg_sar9_sar15_safe_selection_wrapper.v:763,rtl/ppg_control_top/tb_ppg_control_top_startup_idac_calibration.v:25;rtl/ppg_control_top/tb_ppg_control_top_startup_idac_calibration.v:30;rtl/ppg_control_top/tb_ppg_control_top_startup_idac_calibration.v:53;rtl/ppg_control_top/tb_ppg_control_top_startup_idac_calibration.v:58;rtl/ppg_control_top/tb_ppg_control_top_startup_idac_calibration.v:1373;rtl/ppg_control_top/tb_ppg_control_top_startup_idac_calibration.v:1376;rtl/ppg_control_top/tb_ppg_control_top_startup_idac_calibration.v:1378;rtl/ppg_control_top/tb_ppg_control_top_startup_idac_calibration.v:1381,contracts/PPG_ALIAS_MAPPING_TABLE.md:146,,,"B,C",C:\Users\DAWN\.codex\visualizations\2026\10\02\01a0fd78-55cb-7173-9e41-1e0b27c41d49\ppg_review_B\evidence\id_four_link_audit.json;C:\Users\DAWN\.codex\visualizations\2026\10\02\01a0fd78-b9b8-78f2-8e39-c02cd0049c19\ppg_review_C\evidence\id_review_matrix.csv,已合并逐项语义审阅；状态与限制须读原行，非验收CLOSED
SID-10,SID,contracts/PPG_REAL_PPG_RAW_GENERATOR_TESTBENCH_CONTRACT.md:558,rtl/ppg_adc_measurement_idac_integration/ppg_adc_measurement_idac_integration.v:911;rtl/ppg_adc_measurement_idac_integration/ppg_adc_measurement_idac_integration.v:1572,rtl/ppg_control_top/tb_ppg_control_top_lifecycle_fault_adc_anomaly.v:33;rtl/ppg_control_top/tb_ppg_control_top_lifecycle_fault_adc_anomaly.v:64;rtl/ppg_control_top/tb_ppg_control_top_normal_slow_tracking.v:50;rtl/ppg_control_top/tb_ppg_control_top_periodic_recheck_recovery.v:26;rtl/ppg_control_top/tb_ppg_control_top_periodic_recheck_recovery.v:52;rtl/ppg_control_top/tb_ppg_control_top_periodic_recheck_recovery.v:1413;rtl/ppg_control_top/tb_ppg_control_top_startup_idac_calibration.v:24;rtl/ppg_control_top/tb_ppg_control_top_startup_idac_calibration.v:25;rtl/ppg_control_top/tb_ppg_control_top_startup_idac_calibration.v:27;rtl/ppg_control_top/tb_ppg_control_top_startup_idac_calibration.v:29;rtl/ppg_control_top/tb_ppg_control_top_startup_idac_calibration.v:30;rtl/ppg_control_top/tb_ppg_control_top_startup_idac_calibration.v:52;rtl/ppg_control_top/tb_ppg_control_top_startup_idac_calibration.v:53;rtl/ppg_control_top/tb_ppg_control_top_startup_idac_calibration.v:55;rtl/ppg_control_top/tb_ppg_control_top_startup_idac_calibration.v:57;rtl/ppg_control_top/tb_ppg_control_top_startup_idac_calibration.v:58;rtl/ppg_control_top/tb_ppg_control_top_startup_idac_calibration.v:253;rtl/ppg_control_top/tb_ppg_control_top_startup_idac_calibration.v:902;rtl/ppg_control_top/tb_ppg_control_top_startup_idac_calibration.v:949;rtl/ppg_control_top/tb_ppg_control_top_startup_idac_calibration.v:955;rtl/ppg_control_top/tb_ppg_control_top_startup_idac_calibration.v:962;rtl/ppg_control_top/tb_ppg_control_top_startup_idac_calibration.v:968;rtl/ppg_control_top/tb_ppg_control_top_startup_idac_calibration.v:971;rtl/ppg_control_top/tb_ppg_control_top_startup_idac_calibration.v:979;rtl/ppg_control_top/tb_ppg_control_top_startup_idac_calibration.v:982;rtl/ppg_control_top/tb_ppg_control_top_startup_idac_calibration.v:989;rtl/ppg_control_top/tb_ppg_control_top_startup_idac_calibration.v:1003;rtl/ppg_control_top/tb_ppg_control_top_startup_idac_calibration.v:1004,contracts/PPG_ALIAS_MAPPING_TABLE.md:135;contracts/PPG_ALIAS_MAPPING_TABLE.md:147,contracts/PPG_ALIAS_MAPPING_TABLE.md:135,,"B,C",C:\Users\DAWN\.codex\visualizations\2026\10\02\01a0fd78-55cb-7173-9e41-1e0b27c41d49\ppg_review_B\evidence\id_four_link_audit.json;C:\Users\DAWN\.codex\visualizations\2026\10\02\01a0fd78-b9b8-78f2-8e39-c02cd0049c19\ppg_review_C\evidence\id_review_matrix.csv,已合并逐项语义审阅；状态与限制须读原行，非验收CLOSED
SID-11,SID,contracts/PPG_REAL_PPG_RAW_GENERATOR_TESTBENCH_CONTRACT.md:559,,rtl/ppg_control_top/tb_ppg_control_top_injection.v:126;rtl/ppg_control_top/tb_ppg_control_top_lifecycle_fault_adc_anomaly.v:31;rtl/ppg_control_top/tb_ppg_control_top_lifecycle_fault_adc_anomaly.v:34;rtl/ppg_control_top/tb_ppg_control_top_lifecycle_fault_adc_anomaly.v:35;rtl/ppg_control_top/tb_ppg_control_top_lifecycle_fault_adc_anomaly.v:62;rtl/ppg_control_top/tb_ppg_control_top_lifecycle_fault_adc_anomaly.v:66;rtl/ppg_control_top/tb_ppg_control_top_lifecycle_fault_adc_anomaly.v:67;rtl/ppg_control_top/tb_ppg_control_top_lifecycle_fault_adc_anomaly.v:160;rtl/ppg_control_top/tb_ppg_control_top_normal_slow_tracking.v:50;rtl/ppg_control_top/tb_ppg_control_top_normal_slow_tracking.v:1036;rtl/ppg_control_top/tb_ppg_control_top_owner_identity_backpressure.v:26;rtl/ppg_control_top/tb_ppg_control_top_owner_identity_backpressure.v:28;rtl/ppg_control_top/tb_ppg_control_top_owner_identity_backpressure.v:30;rtl/ppg_control_top/tb_ppg_control_top_owner_identity_backpressure.v:57;rtl/ppg_control_top/tb_ppg_control_top_owner_identity_backpressure.v:59;rtl/ppg_control_top/tb_ppg_control_top_owner_identity_backpressure.v:61;rtl/ppg_control_top/tb_ppg_control_top_owner_identity_backpressure.v:159;rtl/ppg_control_top/tb_ppg_control_top_robustness_corner_waveforms.v:33;rtl/ppg_control_top/tb_ppg_control_top_robustness_corner_waveforms.v:34;rtl/ppg_control_top/tb_ppg_control_top_robustness_corner_waveforms.v:38;rtl/ppg_control_top/tb_ppg_control_top_robustness_corner_waveforms.v:63;rtl/ppg_control_top/tb_ppg_control_top_robustness_corner_waveforms.v:64;rtl/ppg_control_top/tb_ppg_control_top_robustness_corner_waveforms.v:68;rtl/ppg_control_top/tb_ppg_control_top_robustness_corner_waveforms.v:1632;rtl/ppg_control_top/tb_ppg_control_top_startup_idac_calibration.v:24;rtl/ppg_control_top/tb_ppg_control_top_startup_idac_calibration.v:25;rtl/ppg_control_top/tb_ppg_control_top_startup_idac_calibration.v:26;rtl/ppg_control_top/tb_ppg_control_top_startup_idac_calibration.v:28;rtl/ppg_control_top/tb_ppg_control_top_startup_idac_calibration.v:30;rtl/ppg_control_top/tb_ppg_control_top_startup_idac_calibration.v:52;rtl/ppg_control_top/tb_ppg_control_top_startup_idac_calibration.v:53;rtl/ppg_control_top/tb_ppg_control_top_startup_idac_calibration.v:54;rtl/ppg_control_top/tb_ppg_control_top_startup_idac_calibration.v:56;rtl/ppg_control_top/tb_ppg_control_top_startup_idac_calibration.v:58;rtl/ppg_control_top/tb_ppg_control_top_startup_idac_calibration.v:149;rtl/ppg_control_top/tb_ppg_control_top_startup_idac_calibration.v:919;rtl/ppg_control_top/tb_ppg_control_top_startup_idac_calibration.v:928;rtl/ppg_control_top/tb_ppg_control_top_startup_idac_calibration.v:999;rtl/ppg_control_top/tb_ppg_control_top_startup_idac_calibration.v:1023;rtl/ppg_control_top/tb_ppg_control_top_startup_idac_calibration.v:1029;rtl/ppg_control_top/tb_ppg_control_top_startup_idac_calibration.v:1045;rtl/ppg_control_top/tb_ppg_control_top_startup_idac_calibration.v:1048;rtl/ppg_control_top/tb_ppg_control_top_startup_idac_calibration.v:1051;rtl/ppg_control_top/tb_ppg_control_top_startup_idac_calibration.v:1055,contracts/PPG_ALIAS_MAPPING_TABLE.md:148,,rtl_tag,"B,C",C:\Users\DAWN\.codex\visualizations\2026\10\02\01a0fd78-55cb-7173-9e41-1e0b27c41d49\ppg_review_B\evidence\id_four_link_audit.json;C:\Users\DAWN\.codex\visualizations\2026\10\02\01a0fd78-b9b8-78f2-8e39-c02cd0049c19\ppg_review_C\evidence\id_review_matrix.csv,已合并逐项语义审阅；状态与限制须读原行，非验收CLOSED
SID-12,SID,contracts/PPG_REAL_PPG_RAW_GENERATOR_TESTBENCH_CONTRACT.md:560,rtl/ppg_idac_code_controller/ppg_idac_code_controller.v:931;rtl/ppg_idac_code_controller/ppg_idac_code_controller.v:932;rtl/ppg_idac_code_controller/ppg_idac_code_controller.v:975,rtl/ppg_control_top/tb_ppg_control_top_startup_idac_calibration.v:25;rtl/ppg_control_top/tb_ppg_control_top_startup_idac_calibration.v:29;rtl/ppg_control_top/tb_ppg_control_top_startup_idac_calibration.v:30;rtl/ppg_control_top/tb_ppg_control_top_startup_idac_calibration.v:53;rtl/ppg_control_top/tb_ppg_control_top_startup_idac_calibration.v:57;rtl/ppg_control_top/tb_ppg_control_top_startup_idac_calibration.v:58;rtl/ppg_control_top/tb_ppg_control_top_startup_idac_calibration.v:506;rtl/ppg_control_top/tb_ppg_control_top_startup_idac_calibration.v:1417;rtl/ppg_control_top/tb_ppg_control_top_startup_idac_calibration.v:1419;rtl/ppg_control_top/tb_ppg_control_top_startup_idac_calibration.v:1422;rtl/ppg_control_top/tb_ppg_control_top_startup_idac_calibration.v:1438;rtl/ppg_control_top/tb_ppg_control_top_startup_idac_calibration.v:1441;rtl/ppg_control_top/tb_ppg_control_top_startup_idac_calibration.v:1446;rtl/ppg_control_top/tb_ppg_control_top_startup_idac_calibration.v:1473;rtl/ppg_control_top/tb_ppg_control_top_startup_idac_calibration.v:1476;rtl/ppg_control_top/tb_ppg_control_top_startup_idac_calibration.v:1479;rtl/ppg_control_top/tb_ppg_control_top_startup_idac_calibration.v:1482;rtl/ppg_control_top/tb_ppg_control_top_startup_idac_calibration.v:1488;rtl/ppg_control_top/tb_ppg_control_top_startup_idac_calibration.v:1491,contracts/PPG_ALIAS_MAPPING_TABLE.md:149,,,"B,C",C:\Users\DAWN\.codex\visualizations\2026\10\02\01a0fd78-55cb-7173-9e41-1e0b27c41d49\ppg_review_B\evidence\id_four_link_audit.json;C:\Users\DAWN\.codex\visualizations\2026\10\02\01a0fd78-b9b8-78f2-8e39-c02cd0049c19\ppg_review_C\evidence\id_review_matrix.csv,已合并逐项语义审阅；状态与限制须读原行，非验收CLOSED
SSW-01,SSW,contracts/PPG_SAR9_SAR15_SAFE_SELECTION_WRAPPER_INTERFACE_CONTRACT.md:818,,rtl/ppg_sar9_sar15_safe_selection_wrapper/tb_ppg_sar9_sar15_safe_selection_wrapper.v:9;rtl/ppg_sar9_sar15_safe_selection_wrapper/tb_ppg_sar9_sar15_safe_selection_wrapper.v:17;rtl/ppg_sar9_sar15_safe_selection_wrapper/tb_ppg_sar9_sar15_safe_selection_wrapper.v:32;rtl/ppg_sar9_sar15_safe_selection_wrapper/tb_ppg_sar9_sar15_safe_selection_wrapper.v:33;rtl/ppg_sar9_sar15_safe_selection_wrapper/tb_ppg_sar9_sar15_safe_selection_wrapper.v:465;rtl/ppg_sar9_sar15_safe_selection_wrapper/tb_ppg_sar9_sar15_safe_selection_wrapper.v:478;rtl/ppg_sar9_sar15_safe_selection_wrapper/tb_ppg_sar9_sar15_safe_selection_wrapper.v:1103,,,"rtl_tag,matrix_or_alias",B,C:\Users\DAWN\.codex\visualizations\2026\10\02\01a0fd78-55cb-7173-9e41-1e0b27c41d49\ppg_review_B\evidence\id_four_link_audit.json,已合并逐项语义审阅；状态与限制须读原行，非验收CLOSED
SSW-02,SSW,contracts/PPG_SAR9_SAR15_SAFE_SELECTION_WRAPPER_INTERFACE_CONTRACT.md:819,,rtl/ppg_sar9_sar15_safe_selection_wrapper/tb_ppg_sar9_sar15_safe_selection_wrapper.v:9;rtl/ppg_sar9_sar15_safe_selection_wrapper/tb_ppg_sar9_sar15_safe_selection_wrapper.v:17;rtl/ppg_sar9_sar15_safe_selection_wrapper/tb_ppg_sar9_sar15_safe_selection_wrapper.v:32;rtl/ppg_sar9_sar15_safe_selection_wrapper/tb_ppg_sar9_sar15_safe_selection_wrapper.v:33;rtl/ppg_sar9_sar15_safe_selection_wrapper/tb_ppg_sar9_sar15_safe_selection_wrapper.v:480;rtl/ppg_sar9_sar15_safe_selection_wrapper/tb_ppg_sar9_sar15_safe_selection_wrapper.v:491,,,"rtl_tag,matrix_or_alias",B,C:\Users\DAWN\.codex\visualizations\2026\10\02\01a0fd78-55cb-7173-9e41-1e0b27c41d49\ppg_review_B\evidence\id_four_link_audit.json,已合并逐项语义审阅；状态与限制须读原行，非验收CLOSED
SSW-03,SSW,contracts/PPG_SAR9_SAR15_SAFE_SELECTION_WRAPPER_INTERFACE_CONTRACT.md:820,,rtl/ppg_sar9_sar15_safe_selection_wrapper/tb_ppg_sar9_sar15_safe_selection_wrapper.v:9;rtl/ppg_sar9_sar15_safe_selection_wrapper/tb_ppg_sar9_sar15_safe_selection_wrapper.v:17;rtl/ppg_sar9_sar15_safe_selection_wrapper/tb_ppg_sar9_sar15_safe_selection_wrapper.v:32;rtl/ppg_sar9_sar15_safe_selection_wrapper/tb_ppg_sar9_sar15_safe_selection_wrapper.v:33;rtl/ppg_sar9_sar15_safe_selection_wrapper/tb_ppg_sar9_sar15_safe_selection_wrapper.v:493;rtl/ppg_sar9_sar15_safe_selection_wrapper/tb_ppg_sar9_sar15_safe_selection_wrapper.v:504,,,"rtl_tag,matrix_or_alias",B,C:\Users\DAWN\.codex\visualizations\2026\10\02\01a0fd78-55cb-7173-9e41-1e0b27c41d49\ppg_review_B\evidence\id_four_link_audit.json,已合并逐项语义审阅；状态与限制须读原行，非验收CLOSED
SSW-04,SSW,contracts/PPG_SAR9_SAR15_SAFE_SELECTION_WRAPPER_INTERFACE_CONTRACT.md:821,,rtl/ppg_sar9_sar15_safe_selection_wrapper/tb_ppg_sar9_sar15_safe_selection_wrapper.v:9;rtl/ppg_sar9_sar15_safe_selection_wrapper/tb_ppg_sar9_sar15_safe_selection_wrapper.v:17;rtl/ppg_sar9_sar15_safe_selection_wrapper/tb_ppg_sar9_sar15_safe_selection_wrapper.v:32;rtl/ppg_sar9_sar15_safe_selection_wrapper/tb_ppg_sar9_sar15_safe_selection_wrapper.v:33;rtl/ppg_sar9_sar15_safe_selection_wrapper/tb_ppg_sar9_sar15_safe_selection_wrapper.v:506;rtl/ppg_sar9_sar15_safe_selection_wrapper/tb_ppg_sar9_sar15_safe_selection_wrapper.v:517,,,"rtl_tag,matrix_or_alias",B,C:\Users\DAWN\.codex\visualizations\2026\10\02\01a0fd78-55cb-7173-9e41-1e0b27c41d49\ppg_review_B\evidence\id_four_link_audit.json,已合并逐项语义审阅；状态与限制须读原行，非验收CLOSED
SSW-05,SSW,contracts/PPG_SAR9_SAR15_SAFE_SELECTION_WRAPPER_INTERFACE_CONTRACT.md:822,,rtl/ppg_sar9_sar15_safe_selection_wrapper/tb_ppg_sar9_sar15_safe_selection_wrapper.v:9;rtl/ppg_sar9_sar15_safe_selection_wrapper/tb_ppg_sar9_sar15_safe_selection_wrapper.v:17;rtl/ppg_sar9_sar15_safe_selection_wrapper/tb_ppg_sar9_sar15_safe_selection_wrapper.v:32;rtl/ppg_sar9_sar15_safe_selection_wrapper/tb_ppg_sar9_sar15_safe_selection_wrapper.v:33;rtl/ppg_sar9_sar15_safe_selection_wrapper/tb_ppg_sar9_sar15_safe_selection_wrapper.v:519;rtl/ppg_sar9_sar15_safe_selection_wrapper/tb_ppg_sar9_sar15_safe_selection_wrapper.v:534,,,"rtl_tag,matrix_or_alias",B,C:\Users\DAWN\.codex\visualizations\2026\10\02\01a0fd78-55cb-7173-9e41-1e0b27c41d49\ppg_review_B\evidence\id_four_link_audit.json,已合并逐项语义审阅；状态与限制须读原行，非验收CLOSED
SSW-06,SSW,contracts/PPG_SAR9_SAR15_SAFE_SELECTION_WRAPPER_INTERFACE_CONTRACT.md:823,,rtl/ppg_sar9_sar15_safe_selection_wrapper/tb_ppg_sar9_sar15_safe_selection_wrapper.v:9;rtl/ppg_sar9_sar15_safe_selection_wrapper/tb_ppg_sar9_sar15_safe_selection_wrapper.v:17;rtl/ppg_sar9_sar15_safe_selection_wrapper/tb_ppg_sar9_sar15_safe_selection_wrapper.v:32;rtl/ppg_sar9_sar15_safe_selection_wrapper/tb_ppg_sar9_sar15_safe_selection_wrapper.v:33;rtl/ppg_sar9_sar15_safe_selection_wrapper/tb_ppg_sar9_sar15_safe_selection_wrapper.v:536;rtl/ppg_sar9_sar15_safe_selection_wrapper/tb_ppg_sar9_sar15_safe_selection_wrapper.v:553,,,"rtl_tag,matrix_or_alias",B,C:\Users\DAWN\.codex\visualizations\2026\10\02\01a0fd78-55cb-7173-9e41-1e0b27c41d49\ppg_review_B\evidence\id_four_link_audit.json,已合并逐项语义审阅；状态与限制须读原行，非验收CLOSED
SSW-07,SSW,contracts/PPG_SAR9_SAR15_SAFE_SELECTION_WRAPPER_INTERFACE_CONTRACT.md:824,,rtl/ppg_sar9_sar15_safe_selection_wrapper/tb_ppg_sar9_sar15_safe_selection_wrapper.v:9;rtl/ppg_sar9_sar15_safe_selection_wrapper/tb_ppg_sar9_sar15_safe_selection_wrapper.v:17;rtl/ppg_sar9_sar15_safe_selection_wrapper/tb_ppg_sar9_sar15_safe_selection_wrapper.v:32;rtl/ppg_sar9_sar15_safe_selection_wrapper/tb_ppg_sar9_sar15_safe_selection_wrapper.v:33;rtl/ppg_sar9_sar15_safe_selection_wrapper/tb_ppg_sar9_sar15_safe_selection_wrapper.v:555;rtl/ppg_sar9_sar15_safe_selection_wrapper/tb_ppg_sar9_sar15_safe_selection_wrapper.v:572,,,"rtl_tag,matrix_or_alias",B,C:\Users\DAWN\.codex\visualizations\2026\10\02\01a0fd78-55cb-7173-9e41-1e0b27c41d49\ppg_review_B\evidence\id_four_link_audit.json,已合并逐项语义审阅；状态与限制须读原行，非验收CLOSED
SSW-08,SSW,contracts/PPG_SAR9_SAR15_SAFE_SELECTION_WRAPPER_INTERFACE_CONTRACT.md:825,,rtl/ppg_sar9_sar15_safe_selection_wrapper/tb_ppg_sar9_sar15_safe_selection_wrapper.v:9;rtl/ppg_sar9_sar15_safe_selection_wrapper/tb_ppg_sar9_sar15_safe_selection_wrapper.v:17;rtl/ppg_sar9_sar15_safe_selection_wrapper/tb_ppg_sar9_sar15_safe_selection_wrapper.v:18;rtl/ppg_sar9_sar15_safe_selection_wrapper/tb_ppg_sar9_sar15_safe_selection_wrapper.v:32;rtl/ppg_sar9_sar15_safe_selection_wrapper/tb_ppg_sar9_sar15_safe_selection_wrapper.v:33;rtl/ppg_sar9_sar15_safe_selection_wrapper/tb_ppg_sar9_sar15_safe_selection_wrapper.v:34;rtl/ppg_sar9_sar15_safe_selection_wrapper/tb_ppg_sar9_sar15_safe_selection_wrapper.v:574;rtl/ppg_sar9_sar15_safe_selection_wrapper/tb_ppg_sar9_sar15_safe_selection_wrapper.v:588,,,"rtl_tag,matrix_or_alias",B,C:\Users\DAWN\.codex\visualizations\2026\10\02\01a0fd78-55cb-7173-9e41-1e0b27c41d49\ppg_review_B\evidence\id_four_link_audit.json,已合并逐项语义审阅；状态与限制须读原行，非验收CLOSED
SSW-09,SSW,contracts/PPG_SAR9_SAR15_SAFE_SELECTION_WRAPPER_INTERFACE_CONTRACT.md:826,,rtl/ppg_sar9_sar15_safe_selection_wrapper/tb_ppg_sar9_sar15_safe_selection_wrapper.v:9;rtl/ppg_sar9_sar15_safe_selection_wrapper/tb_ppg_sar9_sar15_safe_selection_wrapper.v:17;rtl/ppg_sar9_sar15_safe_selection_wrapper/tb_ppg_sar9_sar15_safe_selection_wrapper.v:18;rtl/ppg_sar9_sar15_safe_selection_wrapper/tb_ppg_sar9_sar15_safe_selection_wrapper.v:32;rtl/ppg_sar9_sar15_safe_selection_wrapper/tb_ppg_sar9_sar15_safe_selection_wrapper.v:33;rtl/ppg_sar9_sar15_safe_selection_wrapper/tb_ppg_sar9_sar15_safe_selection_wrapper.v:34;rtl/ppg_sar9_sar15_safe_selection_wrapper/tb_ppg_sar9_sar15_safe_selection_wrapper.v:590;rtl/ppg_sar9_sar15_safe_selection_wrapper/tb_ppg_sar9_sar15_safe_selection_wrapper.v:602,,,"rtl_tag,matrix_or_alias",B,C:\Users\DAWN\.codex\visualizations\2026\10\02\01a0fd78-55cb-7173-9e41-1e0b27c41d49\ppg_review_B\evidence\id_four_link_audit.json,已合并逐项语义审阅；状态与限制须读原行，非验收CLOSED
SSW-10,SSW,contracts/PPG_SAR9_SAR15_SAFE_SELECTION_WRAPPER_INTERFACE_CONTRACT.md:827,,rtl/ppg_sar9_sar15_safe_selection_wrapper/tb_ppg_sar9_sar15_safe_selection_wrapper.v:9;rtl/ppg_sar9_sar15_safe_selection_wrapper/tb_ppg_sar9_sar15_safe_selection_wrapper.v:17;rtl/ppg_sar9_sar15_safe_selection_wrapper/tb_ppg_sar9_sar15_safe_selection_wrapper.v:18;rtl/ppg_sar9_sar15_safe_selection_wrapper/tb_ppg_sar9_sar15_safe_selection_wrapper.v:32;rtl/ppg_sar9_sar15_safe_selection_wrapper/tb_ppg_sar9_sar15_safe_selection_wrapper.v:33;rtl/ppg_sar9_sar15_safe_selection_wrapper/tb_ppg_sar9_sar15_safe_selection_wrapper.v:34;rtl/ppg_sar9_sar15_safe_selection_wrapper/tb_ppg_sar9_sar15_safe_selection_wrapper.v:604;rtl/ppg_sar9_sar15_safe_selection_wrapper/tb_ppg_sar9_sar15_safe_selection_wrapper.v:616,,,"rtl_tag,matrix_or_alias",B,C:\Users\DAWN\.codex\visualizations\2026\10\02\01a0fd78-55cb-7173-9e41-1e0b27c41d49\ppg_review_B\evidence\id_four_link_audit.json,已合并逐项语义审阅；状态与限制须读原行，非验收CLOSED
SSW-11,SSW,contracts/PPG_SAR9_SAR15_SAFE_SELECTION_WRAPPER_INTERFACE_CONTRACT.md:828,,rtl/ppg_sar9_sar15_safe_selection_wrapper/tb_ppg_sar9_sar15_safe_selection_wrapper.v:9;rtl/ppg_sar9_sar15_safe_selection_wrapper/tb_ppg_sar9_sar15_safe_selection_wrapper.v:17;rtl/ppg_sar9_sar15_safe_selection_wrapper/tb_ppg_sar9_sar15_safe_selection_wrapper.v:18;rtl/ppg_sar9_sar15_safe_selection_wrapper/tb_ppg_sar9_sar15_safe_selection_wrapper.v:32;rtl/ppg_sar9_sar15_safe_selection_wrapper/tb_ppg_sar9_sar15_safe_selection_wrapper.v:33;rtl/ppg_sar9_sar15_safe_selection_wrapper/tb_ppg_sar9_sar15_safe_selection_wrapper.v:34;rtl/ppg_sar9_sar15_safe_selection_wrapper/tb_ppg_sar9_sar15_safe_selection_wrapper.v:618;rtl/ppg_sar9_sar15_safe_selection_wrapper/tb_ppg_sar9_sar15_safe_selection_wrapper.v:635,,,"rtl_tag,matrix_or_alias",B,C:\Users\DAWN\.codex\visualizations\2026\10\02\01a0fd78-55cb-7173-9e41-1e0b27c41d49\ppg_review_B\evidence\id_four_link_audit.json,已合并逐项语义审阅；状态与限制须读原行，非验收CLOSED
SSW-12,SSW,contracts/PPG_SAR9_SAR15_SAFE_SELECTION_WRAPPER_INTERFACE_CONTRACT.md:829,,rtl/ppg_sar9_sar15_safe_selection_wrapper/tb_ppg_sar9_sar15_safe_selection_wrapper.v:9;rtl/ppg_sar9_sar15_safe_selection_wrapper/tb_ppg_sar9_sar15_safe_selection_wrapper.v:17;rtl/ppg_sar9_sar15_safe_selection_wrapper/tb_ppg_sar9_sar15_safe_selection_wrapper.v:32;rtl/ppg_sar9_sar15_safe_selection_wrapper/tb_ppg_sar9_sar15_safe_selection_wrapper.v:33;rtl/ppg_sar9_sar15_safe_selection_wrapper/tb_ppg_sar9_sar15_safe_selection_wrapper.v:637;rtl/ppg_sar9_sar15_safe_selection_wrapper/tb_ppg_sar9_sar15_safe_selection_wrapper.v:646,,,"rtl_tag,matrix_or_alias",B,C:\Users\DAWN\.codex\visualizations\2026\10\02\01a0fd78-55cb-7173-9e41-1e0b27c41d49\ppg_review_B\evidence\id_four_link_audit.json,已合并逐项语义审阅；状态与限制须读原行，非验收CLOSED
SSW-13,SSW,contracts/PPG_SAR9_SAR15_SAFE_SELECTION_WRAPPER_INTERFACE_CONTRACT.md:830,,rtl/ppg_sar9_sar15_safe_selection_wrapper/tb_ppg_sar9_sar15_safe_selection_wrapper.v:9;rtl/ppg_sar9_sar15_safe_selection_wrapper/tb_ppg_sar9_sar15_safe_selection_wrapper.v:17;rtl/ppg_sar9_sar15_safe_selection_wrapper/tb_ppg_sar9_sar15_safe_selection_wrapper.v:32;rtl/ppg_sar9_sar15_safe_selection_wrapper/tb_ppg_sar9_sar15_safe_selection_wrapper.v:33;rtl/ppg_sar9_sar15_safe_selection_wrapper/tb_ppg_sar9_sar15_safe_selection_wrapper.v:648;rtl/ppg_sar9_sar15_safe_selection_wrapper/tb_ppg_sar9_sar15_safe_selection_wrapper.v:658,,,"rtl_tag,matrix_or_alias",B,C:\Users\DAWN\.codex\visualizations\2026\10\02\01a0fd78-55cb-7173-9e41-1e0b27c41d49\ppg_review_B\evidence\id_four_link_audit.json,已合并逐项语义审阅；状态与限制须读原行，非验收CLOSED
SSW-14,SSW,contracts/PPG_SAR9_SAR15_SAFE_SELECTION_WRAPPER_INTERFACE_CONTRACT.md:831,,rtl/ppg_sar9_sar15_safe_selection_wrapper/tb_ppg_sar9_sar15_safe_selection_wrapper.v:9;rtl/ppg_sar9_sar15_safe_selection_wrapper/tb_ppg_sar9_sar15_safe_selection_wrapper.v:17;rtl/ppg_sar9_sar15_safe_selection_wrapper/tb_ppg_sar9_sar15_safe_selection_wrapper.v:32;rtl/ppg_sar9_sar15_safe_selection_wrapper/tb_ppg_sar9_sar15_safe_selection_wrapper.v:33;rtl/ppg_sar9_sar15_safe_selection_wrapper/tb_ppg_sar9_sar15_safe_selection_wrapper.v:660;rtl/ppg_sar9_sar15_safe_selection_wrapper/tb_ppg_sar9_sar15_safe_selection_wrapper.v:667,,,"rtl_tag,matrix_or_alias",B,C:\Users\DAWN\.codex\visualizations\2026\10\02\01a0fd78-55cb-7173-9e41-1e0b27c41d49\ppg_review_B\evidence\id_four_link_audit.json,已合并逐项语义审阅；状态与限制须读原行，非验收CLOSED
SSW-15,SSW,contracts/PPG_SAR9_SAR15_SAFE_SELECTION_WRAPPER_INTERFACE_CONTRACT.md:832,,rtl/ppg_sar9_sar15_safe_selection_wrapper/tb_ppg_sar9_sar15_safe_selection_wrapper.v:9;rtl/ppg_sar9_sar15_safe_selection_wrapper/tb_ppg_sar9_sar15_safe_selection_wrapper.v:17;rtl/ppg_sar9_sar15_safe_selection_wrapper/tb_ppg_sar9_sar15_safe_selection_wrapper.v:32;rtl/ppg_sar9_sar15_safe_selection_wrapper/tb_ppg_sar9_sar15_safe_selection_wrapper.v:33;rtl/ppg_sar9_sar15_safe_selection_wrapper/tb_ppg_sar9_sar15_safe_selection_wrapper.v:669;rtl/ppg_sar9_sar15_safe_selection_wrapper/tb_ppg_sar9_sar15_safe_selection_wrapper.v:678,,,"rtl_tag,matrix_or_alias",B,C:\Users\DAWN\.codex\visualizations\2026\10\02\01a0fd78-55cb-7173-9e41-1e0b27c41d49\ppg_review_B\evidence\id_four_link_audit.json,已合并逐项语义审阅；状态与限制须读原行，非验收CLOSED
SSW-16,SSW,contracts/PPG_SAR9_SAR15_SAFE_SELECTION_WRAPPER_INTERFACE_CONTRACT.md:833,,rtl/ppg_sar9_sar15_safe_selection_wrapper/tb_ppg_sar9_sar15_safe_selection_wrapper.v:9;rtl/ppg_sar9_sar15_safe_selection_wrapper/tb_ppg_sar9_sar15_safe_selection_wrapper.v:17;rtl/ppg_sar9_sar15_safe_selection_wrapper/tb_ppg_sar9_sar15_safe_selection_wrapper.v:32;rtl/ppg_sar9_sar15_safe_selection_wrapper/tb_ppg_sar9_sar15_safe_selection_wrapper.v:33;rtl/ppg_sar9_sar15_safe_selection_wrapper/tb_ppg_sar9_sar15_safe_selection_wrapper.v:680;rtl/ppg_sar9_sar15_safe_selection_wrapper/tb_ppg_sar9_sar15_safe_selection_wrapper.v:693,,,"rtl_tag,matrix_or_alias",B,C:\Users\DAWN\.codex\visualizations\2026\10\02\01a0fd78-55cb-7173-9e41-1e0b27c41d49\ppg_review_B\evidence\id_four_link_audit.json,已合并逐项语义审阅；状态与限制须读原行，非验收CLOSED
SSW-17,SSW,contracts/PPG_SAR9_SAR15_SAFE_SELECTION_WRAPPER_INTERFACE_CONTRACT.md:834,,rtl/ppg_sar9_sar15_safe_selection_wrapper/tb_ppg_sar9_sar15_safe_selection_wrapper.v:9;rtl/ppg_sar9_sar15_safe_selection_wrapper/tb_ppg_sar9_sar15_safe_selection_wrapper.v:17;rtl/ppg_sar9_sar15_safe_selection_wrapper/tb_ppg_sar9_sar15_safe_selection_wrapper.v:32;rtl/ppg_sar9_sar15_safe_selection_wrapper/tb_ppg_sar9_sar15_safe_selection_wrapper.v:33;rtl/ppg_sar9_sar15_safe_selection_wrapper/tb_ppg_sar9_sar15_safe_selection_wrapper.v:695;rtl/ppg_sar9_sar15_safe_selection_wrapper/tb_ppg_sar9_sar15_safe_selection_wrapper.v:703,,,"rtl_tag,matrix_or_alias",B,C:\Users\DAWN\.codex\visualizations\2026\10\02\01a0fd78-55cb-7173-9e41-1e0b27c41d49\ppg_review_B\evidence\id_four_link_audit.json,已合并逐项语义审阅；状态与限制须读原行，非验收CLOSED
SSW-18,SSW,contracts/PPG_SAR9_SAR15_SAFE_SELECTION_WRAPPER_INTERFACE_CONTRACT.md:835,,rtl/ppg_sar9_sar15_safe_selection_wrapper/tb_ppg_sar9_sar15_safe_selection_wrapper.v:9;rtl/ppg_sar9_sar15_safe_selection_wrapper/tb_ppg_sar9_sar15_safe_selection_wrapper.v:17;rtl/ppg_sar9_sar15_safe_selection_wrapper/tb_ppg_sar9_sar15_safe_selection_wrapper.v:32;rtl/ppg_sar9_sar15_safe_selection_wrapper/tb_ppg_sar9_sar15_safe_selection_wrapper.v:33;rtl/ppg_sar9_sar15_safe_selection_wrapper/tb_ppg_sar9_sar15_safe_selection_wrapper.v:705;rtl/ppg_sar9_sar15_safe_selection_wrapper/tb_ppg_sar9_sar15_safe_selection_wrapper.v:711,,,"rtl_tag,matrix_or_alias",B,C:\Users\DAWN\.codex\visualizations\2026\10\02\01a0fd78-55cb-7173-9e41-1e0b27c41d49\ppg_review_B\evidence\id_four_link_audit.json,已合并逐项语义审阅；状态与限制须读原行，非验收CLOSED
SSW-19,SSW,contracts/PPG_SAR9_SAR15_SAFE_SELECTION_WRAPPER_INTERFACE_CONTRACT.md:836,,rtl/ppg_sar9_sar15_safe_selection_wrapper/tb_ppg_sar9_sar15_safe_selection_wrapper.v:9;rtl/ppg_sar9_sar15_safe_selection_wrapper/tb_ppg_sar9_sar15_safe_selection_wrapper.v:17;rtl/ppg_sar9_sar15_safe_selection_wrapper/tb_ppg_sar9_sar15_safe_selection_wrapper.v:32;rtl/ppg_sar9_sar15_safe_selection_wrapper/tb_ppg_sar9_sar15_safe_selection_wrapper.v:33;rtl/ppg_sar9_sar15_safe_selection_wrapper/tb_ppg_sar9_sar15_safe_selection_wrapper.v:713;rtl/ppg_sar9_sar15_safe_selection_wrapper/tb_ppg_sar9_sar15_safe_selection_wrapper.v:723,,,"rtl_tag,matrix_or_alias",B,C:\Users\DAWN\.codex\visualizations\2026\10\02\01a0fd78-55cb-7173-9e41-1e0b27c41d49\ppg_review_B\evidence\id_four_link_audit.json,已合并逐项语义审阅；状态与限制须读原行，非验收CLOSED
SSW-20,SSW,contracts/PPG_SAR9_SAR15_SAFE_SELECTION_WRAPPER_INTERFACE_CONTRACT.md:837,,rtl/ppg_sar9_sar15_safe_selection_wrapper/tb_ppg_sar9_sar15_safe_selection_wrapper.v:9;rtl/ppg_sar9_sar15_safe_selection_wrapper/tb_ppg_sar9_sar15_safe_selection_wrapper.v:17;rtl/ppg_sar9_sar15_safe_selection_wrapper/tb_ppg_sar9_sar15_safe_selection_wrapper.v:32;rtl/ppg_sar9_sar15_safe_selection_wrapper/tb_ppg_sar9_sar15_safe_selection_wrapper.v:33;rtl/ppg_sar9_sar15_safe_selection_wrapper/tb_ppg_sar9_sar15_safe_selection_wrapper.v:725;rtl/ppg_sar9_sar15_safe_selection_wrapper/tb_ppg_sar9_sar15_safe_selection_wrapper.v:735,,,"rtl_tag,matrix_or_alias",B,C:\Users\DAWN\.codex\visualizations\2026\10\02\01a0fd78-55cb-7173-9e41-1e0b27c41d49\ppg_review_B\evidence\id_four_link_audit.json,已合并逐项语义审阅；状态与限制须读原行，非验收CLOSED
SSW-21,SSW,contracts/PPG_SAR9_SAR15_SAFE_SELECTION_WRAPPER_INTERFACE_CONTRACT.md:838,,rtl/ppg_sar9_sar15_safe_selection_wrapper/tb_ppg_sar9_sar15_safe_selection_wrapper.v:9;rtl/ppg_sar9_sar15_safe_selection_wrapper/tb_ppg_sar9_sar15_safe_selection_wrapper.v:17;rtl/ppg_sar9_sar15_safe_selection_wrapper/tb_ppg_sar9_sar15_safe_selection_wrapper.v:32;rtl/ppg_sar9_sar15_safe_selection_wrapper/tb_ppg_sar9_sar15_safe_selection_wrapper.v:33;rtl/ppg_sar9_sar15_safe_selection_wrapper/tb_ppg_sar9_sar15_safe_selection_wrapper.v:737;rtl/ppg_sar9_sar15_safe_selection_wrapper/tb_ppg_sar9_sar15_safe_selection_wrapper.v:747,,,"rtl_tag,matrix_or_alias",B,C:\Users\DAWN\.codex\visualizations\2026\10\02\01a0fd78-55cb-7173-9e41-1e0b27c41d49\ppg_review_B\evidence\id_four_link_audit.json,已合并逐项语义审阅；状态与限制须读原行，非验收CLOSED
SSW-22,SSW,contracts/PPG_SAR9_SAR15_SAFE_SELECTION_WRAPPER_INTERFACE_CONTRACT.md:839,,rtl/ppg_sar9_sar15_safe_selection_wrapper/tb_ppg_sar9_sar15_safe_selection_wrapper.v:9;rtl/ppg_sar9_sar15_safe_selection_wrapper/tb_ppg_sar9_sar15_safe_selection_wrapper.v:17;rtl/ppg_sar9_sar15_safe_selection_wrapper/tb_ppg_sar9_sar15_safe_selection_wrapper.v:32;rtl/ppg_sar9_sar15_safe_selection_wrapper/tb_ppg_sar9_sar15_safe_selection_wrapper.v:33;rtl/ppg_sar9_sar15_safe_selection_wrapper/tb_ppg_sar9_sar15_safe_selection_wrapper.v:749;rtl/ppg_sar9_sar15_safe_selection_wrapper/tb_ppg_sar9_sar15_safe_selection_wrapper.v:759,,,"rtl_tag,matrix_or_alias",B,C:\Users\DAWN\.codex\visualizations\2026\10\02\01a0fd78-55cb-7173-9e41-1e0b27c41d49\ppg_review_B\evidence\id_four_link_audit.json,已合并逐项语义审阅；状态与限制须读原行，非验收CLOSED
SSW-23,SSW,contracts/PPG_SAR9_SAR15_SAFE_SELECTION_WRAPPER_INTERFACE_CONTRACT.md:840,,rtl/ppg_sar9_sar15_safe_selection_wrapper/tb_ppg_sar9_sar15_safe_selection_wrapper.v:9;rtl/ppg_sar9_sar15_safe_selection_wrapper/tb_ppg_sar9_sar15_safe_selection_wrapper.v:17;rtl/ppg_sar9_sar15_safe_selection_wrapper/tb_ppg_sar9_sar15_safe_selection_wrapper.v:32;rtl/ppg_sar9_sar15_safe_selection_wrapper/tb_ppg_sar9_sar15_safe_selection_wrapper.v:33;rtl/ppg_sar9_sar15_safe_selection_wrapper/tb_ppg_sar9_sar15_safe_selection_wrapper.v:761;rtl/ppg_sar9_sar15_safe_selection_wrapper/tb_ppg_sar9_sar15_safe_selection_wrapper.v:768,,,"rtl_tag,matrix_or_alias",B,C:\Users\DAWN\.codex\visualizations\2026\10\02\01a0fd78-55cb-7173-9e41-1e0b27c41d49\ppg_review_B\evidence\id_four_link_audit.json,已合并逐项语义审阅；状态与限制须读原行，非验收CLOSED
SSW-24,SSW,contracts/PPG_SAR9_SAR15_SAFE_SELECTION_WRAPPER_INTERFACE_CONTRACT.md:841,,rtl/ppg_sar9_sar15_safe_selection_wrapper/tb_ppg_sar9_sar15_safe_selection_wrapper.v:9;rtl/ppg_sar9_sar15_safe_selection_wrapper/tb_ppg_sar9_sar15_safe_selection_wrapper.v:17;rtl/ppg_sar9_sar15_safe_selection_wrapper/tb_ppg_sar9_sar15_safe_selection_wrapper.v:32;rtl/ppg_sar9_sar15_safe_selection_wrapper/tb_ppg_sar9_sar15_safe_selection_wrapper.v:33;rtl/ppg_sar9_sar15_safe_selection_wrapper/tb_ppg_sar9_sar15_safe_selection_wrapper.v:770;rtl/ppg_sar9_sar15_safe_selection_wrapper/tb_ppg_sar9_sar15_safe_selection_wrapper.v:778,,,"rtl_tag,matrix_or_alias",B,C:\Users\DAWN\.codex\visualizations\2026\10\02\01a0fd78-55cb-7173-9e41-1e0b27c41d49\ppg_review_B\evidence\id_four_link_audit.json,已合并逐项语义审阅；状态与限制须读原行，非验收CLOSED
SSW-25,SSW,contracts/PPG_SAR9_SAR15_SAFE_SELECTION_WRAPPER_INTERFACE_CONTRACT.md:842,,rtl/ppg_sar9_sar15_safe_selection_wrapper/tb_ppg_sar9_sar15_safe_selection_wrapper.v:9;rtl/ppg_sar9_sar15_safe_selection_wrapper/tb_ppg_sar9_sar15_safe_selection_wrapper.v:17;rtl/ppg_sar9_sar15_safe_selection_wrapper/tb_ppg_sar9_sar15_safe_selection_wrapper.v:32;rtl/ppg_sar9_sar15_safe_selection_wrapper/tb_ppg_sar9_sar15_safe_selection_wrapper.v:33;rtl/ppg_sar9_sar15_safe_selection_wrapper/tb_ppg_sar9_sar15_safe_selection_wrapper.v:780;rtl/ppg_sar9_sar15_safe_selection_wrapper/tb_ppg_sar9_sar15_safe_selection_wrapper.v:783,,,"rtl_tag,matrix_or_alias",B,C:\Users\DAWN\.codex\visualizations\2026\10\02\01a0fd78-55cb-7173-9e41-1e0b27c41d49\ppg_review_B\evidence\id_four_link_audit.json,已合并逐项语义审阅；状态与限制须读原行，非验收CLOSED
SSW-26,SSW,contracts/PPG_SAR9_SAR15_SAFE_SELECTION_WRAPPER_INTERFACE_CONTRACT.md:843,,rtl/ppg_sar9_sar15_safe_selection_wrapper/tb_ppg_sar9_sar15_safe_selection_wrapper.v:9;rtl/ppg_sar9_sar15_safe_selection_wrapper/tb_ppg_sar9_sar15_safe_selection_wrapper.v:17;rtl/ppg_sar9_sar15_safe_selection_wrapper/tb_ppg_sar9_sar15_safe_selection_wrapper.v:32;rtl/ppg_sar9_sar15_safe_selection_wrapper/tb_ppg_sar9_sar15_safe_selection_wrapper.v:33;rtl/ppg_sar9_sar15_safe_selection_wrapper/tb_ppg_sar9_sar15_safe_selection_wrapper.v:785;rtl/ppg_sar9_sar15_safe_selection_wrapper/tb_ppg_sar9_sar15_safe_selection_wrapper.v:798,,,"rtl_tag,matrix_or_alias",B,C:\Users\DAWN\.codex\visualizations\2026\10\02\01a0fd78-55cb-7173-9e41-1e0b27c41d49\ppg_review_B\evidence\id_four_link_audit.json,已合并逐项语义审阅；状态与限制须读原行，非验收CLOSED
SSW-27,SSW,contracts/PPG_SAR9_SAR15_SAFE_SELECTION_WRAPPER_INTERFACE_CONTRACT.md:844,,rtl/ppg_sar9_sar15_safe_selection_wrapper/tb_ppg_sar9_sar15_safe_selection_wrapper.v:9;rtl/ppg_sar9_sar15_safe_selection_wrapper/tb_ppg_sar9_sar15_safe_selection_wrapper.v:17;rtl/ppg_sar9_sar15_safe_selection_wrapper/tb_ppg_sar9_sar15_safe_selection_wrapper.v:32;rtl/ppg_sar9_sar15_safe_selection_wrapper/tb_ppg_sar9_sar15_safe_selection_wrapper.v:33;rtl/ppg_sar9_sar15_safe_selection_wrapper/tb_ppg_sar9_sar15_safe_selection_wrapper.v:800;rtl/ppg_sar9_sar15_safe_selection_wrapper/tb_ppg_sar9_sar15_safe_selection_wrapper.v:807,,,"rtl_tag,matrix_or_alias",B,C:\Users\DAWN\.codex\visualizations\2026\10\02\01a0fd78-55cb-7173-9e41-1e0b27c41d49\ppg_review_B\evidence\id_four_link_audit.json,已合并逐项语义审阅；状态与限制须读原行，非验收CLOSED
SSW-28,SSW,contracts/PPG_SAR9_SAR15_SAFE_SELECTION_WRAPPER_INTERFACE_CONTRACT.md:845,,rtl/ppg_sar9_sar15_safe_selection_wrapper/tb_ppg_sar9_sar15_safe_selection_wrapper.v:9;rtl/ppg_sar9_sar15_safe_selection_wrapper/tb_ppg_sar9_sar15_safe_selection_wrapper.v:17;rtl/ppg_sar9_sar15_safe_selection_wrapper/tb_ppg_sar9_sar15_safe_selection_wrapper.v:32;rtl/ppg_sar9_sar15_safe_selection_wrapper/tb_ppg_sar9_sar15_safe_selection_wrapper.v:33;rtl/ppg_sar9_sar15_safe_selection_wrapper/tb_ppg_sar9_sar15_safe_selection_wrapper.v:809;rtl/ppg_sar9_sar15_safe_selection_wrapper/tb_ppg_sar9_sar15_safe_selection_wrapper.v:816,,,"rtl_tag,matrix_or_alias",B,C:\Users\DAWN\.codex\visualizations\2026\10\02\01a0fd78-55cb-7173-9e41-1e0b27c41d49\ppg_review_B\evidence\id_four_link_audit.json,已合并逐项语义审阅；状态与限制须读原行，非验收CLOSED
SSW-29,SSW,contracts/PPG_SAR9_SAR15_SAFE_SELECTION_WRAPPER_INTERFACE_CONTRACT.md:846,,rtl/ppg_sar9_sar15_safe_selection_wrapper/tb_ppg_sar9_sar15_safe_selection_wrapper.v:9;rtl/ppg_sar9_sar15_safe_selection_wrapper/tb_ppg_sar9_sar15_safe_selection_wrapper.v:17;rtl/ppg_sar9_sar15_safe_selection_wrapper/tb_ppg_sar9_sar15_safe_selection_wrapper.v:32;rtl/ppg_sar9_sar15_safe_selection_wrapper/tb_ppg_sar9_sar15_safe_selection_wrapper.v:33;rtl/ppg_sar9_sar15_safe_selection_wrapper/tb_ppg_sar9_sar15_safe_selection_wrapper.v:818;rtl/ppg_sar9_sar15_safe_selection_wrapper/tb_ppg_sar9_sar15_safe_selection_wrapper.v:826,,,"rtl_tag,matrix_or_alias",B,C:\Users\DAWN\.codex\visualizations\2026\10\02\01a0fd78-55cb-7173-9e41-1e0b27c41d49\ppg_review_B\evidence\id_four_link_audit.json,已合并逐项语义审阅；状态与限制须读原行，非验收CLOSED
SSW-30,SSW,contracts/PPG_SAR9_SAR15_SAFE_SELECTION_WRAPPER_INTERFACE_CONTRACT.md:847,,rtl/ppg_sar9_sar15_safe_selection_wrapper/tb_ppg_sar9_sar15_safe_selection_wrapper.v:9;rtl/ppg_sar9_sar15_safe_selection_wrapper/tb_ppg_sar9_sar15_safe_selection_wrapper.v:17;rtl/ppg_sar9_sar15_safe_selection_wrapper/tb_ppg_sar9_sar15_safe_selection_wrapper.v:32;rtl/ppg_sar9_sar15_safe_selection_wrapper/tb_ppg_sar9_sar15_safe_selection_wrapper.v:33;rtl/ppg_sar9_sar15_safe_selection_wrapper/tb_ppg_sar9_sar15_safe_selection_wrapper.v:828;rtl/ppg_sar9_sar15_safe_selection_wrapper/tb_ppg_sar9_sar15_safe_selection_wrapper.v:836,,,"rtl_tag,matrix_or_alias",B,C:\Users\DAWN\.codex\visualizations\2026\10\02\01a0fd78-55cb-7173-9e41-1e0b27c41d49\ppg_review_B\evidence\id_four_link_audit.json,已合并逐项语义审阅；状态与限制须读原行，非验收CLOSED
SSW-31,SSW,contracts/PPG_SAR9_SAR15_SAFE_SELECTION_WRAPPER_INTERFACE_CONTRACT.md:848,,rtl/ppg_sar9_sar15_safe_selection_wrapper/tb_ppg_sar9_sar15_safe_selection_wrapper.v:9;rtl/ppg_sar9_sar15_safe_selection_wrapper/tb_ppg_sar9_sar15_safe_selection_wrapper.v:17;rtl/ppg_sar9_sar15_safe_selection_wrapper/tb_ppg_sar9_sar15_safe_selection_wrapper.v:32;rtl/ppg_sar9_sar15_safe_selection_wrapper/tb_ppg_sar9_sar15_safe_selection_wrapper.v:33;rtl/ppg_sar9_sar15_safe_selection_wrapper/tb_ppg_sar9_sar15_safe_selection_wrapper.v:838;rtl/ppg_sar9_sar15_safe_selection_wrapper/tb_ppg_sar9_sar15_safe_selection_wrapper.v:846,,,"rtl_tag,matrix_or_alias",B,C:\Users\DAWN\.codex\visualizations\2026\10\02\01a0fd78-55cb-7173-9e41-1e0b27c41d49\ppg_review_B\evidence\id_four_link_audit.json,已合并逐项语义审阅；状态与限制须读原行，非验收CLOSED
SSW-32,SSW,contracts/PPG_SAR9_SAR15_SAFE_SELECTION_WRAPPER_INTERFACE_CONTRACT.md:849,,rtl/ppg_sar9_sar15_safe_selection_wrapper/tb_ppg_sar9_sar15_safe_selection_wrapper.v:9;rtl/ppg_sar9_sar15_safe_selection_wrapper/tb_ppg_sar9_sar15_safe_selection_wrapper.v:17;rtl/ppg_sar9_sar15_safe_selection_wrapper/tb_ppg_sar9_sar15_safe_selection_wrapper.v:32;rtl/ppg_sar9_sar15_safe_selection_wrapper/tb_ppg_sar9_sar15_safe_selection_wrapper.v:33;rtl/ppg_sar9_sar15_safe_selection_wrapper/tb_ppg_sar9_sar15_safe_selection_wrapper.v:848;rtl/ppg_sar9_sar15_safe_selection_wrapper/tb_ppg_sar9_sar15_safe_selection_wrapper.v:855,,,"rtl_tag,matrix_or_alias",B,C:\Users\DAWN\.codex\visualizations\2026\10\02\01a0fd78-55cb-7173-9e41-1e0b27c41d49\ppg_review_B\evidence\id_four_link_audit.json,已合并逐项语义审阅；状态与限制须读原行，非验收CLOSED
SSW-33,SSW,contracts/PPG_SAR9_SAR15_SAFE_SELECTION_WRAPPER_INTERFACE_CONTRACT.md:850,,rtl/ppg_sar9_sar15_safe_selection_wrapper/tb_ppg_sar9_sar15_safe_selection_wrapper.v:9;rtl/ppg_sar9_sar15_safe_selection_wrapper/tb_ppg_sar9_sar15_safe_selection_wrapper.v:17;rtl/ppg_sar9_sar15_safe_selection_wrapper/tb_ppg_sar9_sar15_safe_selection_wrapper.v:32;rtl/ppg_sar9_sar15_safe_selection_wrapper/tb_ppg_sar9_sar15_safe_selection_wrapper.v:33;rtl/ppg_sar9_sar15_safe_selection_wrapper/tb_ppg_sar9_sar15_safe_selection_wrapper.v:857;rtl/ppg_sar9_sar15_safe_selection_wrapper/tb_ppg_sar9_sar15_safe_selection_wrapper.v:865,,,"rtl_tag,matrix_or_alias",B,C:\Users\DAWN\.codex\visualizations\2026\10\02\01a0fd78-55cb-7173-9e41-1e0b27c41d49\ppg_review_B\evidence\id_four_link_audit.json,已合并逐项语义审阅；状态与限制须读原行，非验收CLOSED
SSW-34,SSW,contracts/PPG_SAR9_SAR15_SAFE_SELECTION_WRAPPER_INTERFACE_CONTRACT.md:851,,rtl/ppg_sar9_sar15_safe_selection_wrapper/tb_ppg_sar9_sar15_safe_selection_wrapper.v:9;rtl/ppg_sar9_sar15_safe_selection_wrapper/tb_ppg_sar9_sar15_safe_selection_wrapper.v:17;rtl/ppg_sar9_sar15_safe_selection_wrapper/tb_ppg_sar9_sar15_safe_selection_wrapper.v:32;rtl/ppg_sar9_sar15_safe_selection_wrapper/tb_ppg_sar9_sar15_safe_selection_wrapper.v:33;rtl/ppg_sar9_sar15_safe_selection_wrapper/tb_ppg_sar9_sar15_safe_selection_wrapper.v:867;rtl/ppg_sar9_sar15_safe_selection_wrapper/tb_ppg_sar9_sar15_safe_selection_wrapper.v:877,,,"rtl_tag,matrix_or_alias",B,C:\Users\DAWN\.codex\visualizations\2026\10\02\01a0fd78-55cb-7173-9e41-1e0b27c41d49\ppg_review_B\evidence\id_four_link_audit.json,已合并逐项语义审阅；状态与限制须读原行，非验收CLOSED
SSW-35,SSW,contracts/PPG_SAR9_SAR15_SAFE_SELECTION_WRAPPER_INTERFACE_CONTRACT.md:852,,rtl/ppg_sar9_sar15_safe_selection_wrapper/tb_ppg_sar9_sar15_safe_selection_wrapper.v:9;rtl/ppg_sar9_sar15_safe_selection_wrapper/tb_ppg_sar9_sar15_safe_selection_wrapper.v:17;rtl/ppg_sar9_sar15_safe_selection_wrapper/tb_ppg_sar9_sar15_safe_selection_wrapper.v:32;rtl/ppg_sar9_sar15_safe_selection_wrapper/tb_ppg_sar9_sar15_safe_selection_wrapper.v:33;rtl/ppg_sar9_sar15_safe_selection_wrapper/tb_ppg_sar9_sar15_safe_selection_wrapper.v:879;rtl/ppg_sar9_sar15_safe_selection_wrapper/tb_ppg_sar9_sar15_safe_selection_wrapper.v:884,,,"rtl_tag,matrix_or_alias",B,C:\Users\DAWN\.codex\visualizations\2026\10\02\01a0fd78-55cb-7173-9e41-1e0b27c41d49\ppg_review_B\evidence\id_four_link_audit.json,已合并逐项语义审阅；状态与限制须读原行，非验收CLOSED
SSW-36,SSW,contracts/PPG_SAR9_SAR15_SAFE_SELECTION_WRAPPER_INTERFACE_CONTRACT.md:853,,rtl/ppg_sar9_sar15_safe_selection_wrapper/tb_ppg_sar9_sar15_safe_selection_wrapper.v:9;rtl/ppg_sar9_sar15_safe_selection_wrapper/tb_ppg_sar9_sar15_safe_selection_wrapper.v:17;rtl/ppg_sar9_sar15_safe_selection_wrapper/tb_ppg_sar9_sar15_safe_selection_wrapper.v:32;rtl/ppg_sar9_sar15_safe_selection_wrapper/tb_ppg_sar9_sar15_safe_selection_wrapper.v:33;rtl/ppg_sar9_sar15_safe_selection_wrapper/tb_ppg_sar9_sar15_safe_selection_wrapper.v:886;rtl/ppg_sar9_sar15_safe_selection_wrapper/tb_ppg_sar9_sar15_safe_selection_wrapper.v:892,,,"rtl_tag,matrix_or_alias",B,C:\Users\DAWN\.codex\visualizations\2026\10\02\01a0fd78-55cb-7173-9e41-1e0b27c41d49\ppg_review_B\evidence\id_four_link_audit.json,已合并逐项语义审阅；状态与限制须读原行，非验收CLOSED
SSW-37,SSW,contracts/PPG_SAR9_SAR15_SAFE_SELECTION_WRAPPER_INTERFACE_CONTRACT.md:854,,rtl/ppg_sar9_sar15_safe_selection_wrapper/tb_ppg_sar9_sar15_safe_selection_wrapper.v:9;rtl/ppg_sar9_sar15_safe_selection_wrapper/tb_ppg_sar9_sar15_safe_selection_wrapper.v:17;rtl/ppg_sar9_sar15_safe_selection_wrapper/tb_ppg_sar9_sar15_safe_selection_wrapper.v:32;rtl/ppg_sar9_sar15_safe_selection_wrapper/tb_ppg_sar9_sar15_safe_selection_wrapper.v:33;rtl/ppg_sar9_sar15_safe_selection_wrapper/tb_ppg_sar9_sar15_safe_selection_wrapper.v:894;rtl/ppg_sar9_sar15_safe_selection_wrapper/tb_ppg_sar9_sar15_safe_selection_wrapper.v:899,,,"rtl_tag,matrix_or_alias",B,C:\Users\DAWN\.codex\visualizations\2026\10\02\01a0fd78-55cb-7173-9e41-1e0b27c41d49\ppg_review_B\evidence\id_four_link_audit.json,已合并逐项语义审阅；状态与限制须读原行，非验收CLOSED
SSW-38,SSW,contracts/PPG_SAR9_SAR15_SAFE_SELECTION_WRAPPER_INTERFACE_CONTRACT.md:855,,rtl/ppg_sar9_sar15_safe_selection_wrapper/tb_ppg_sar9_sar15_safe_selection_wrapper.v:9;rtl/ppg_sar9_sar15_safe_selection_wrapper/tb_ppg_sar9_sar15_safe_selection_wrapper.v:17;rtl/ppg_sar9_sar15_safe_selection_wrapper/tb_ppg_sar9_sar15_safe_selection_wrapper.v:32;rtl/ppg_sar9_sar15_safe_selection_wrapper/tb_ppg_sar9_sar15_safe_selection_wrapper.v:33;rtl/ppg_sar9_sar15_safe_selection_wrapper/tb_ppg_sar9_sar15_safe_selection_wrapper.v:901;rtl/ppg_sar9_sar15_safe_selection_wrapper/tb_ppg_sar9_sar15_safe_selection_wrapper.v:908,,,"rtl_tag,matrix_or_alias",B,C:\Users\DAWN\.codex\visualizations\2026\10\02\01a0fd78-55cb-7173-9e41-1e0b27c41d49\ppg_review_B\evidence\id_four_link_audit.json,已合并逐项语义审阅；状态与限制须读原行，非验收CLOSED
SSW-39,SSW,contracts/PPG_SAR9_SAR15_SAFE_SELECTION_WRAPPER_INTERFACE_CONTRACT.md:856,,rtl/ppg_sar9_sar15_safe_selection_wrapper/tb_ppg_sar9_sar15_safe_selection_wrapper.v:9;rtl/ppg_sar9_sar15_safe_selection_wrapper/tb_ppg_sar9_sar15_safe_selection_wrapper.v:17;rtl/ppg_sar9_sar15_safe_selection_wrapper/tb_ppg_sar9_sar15_safe_selection_wrapper.v:32;rtl/ppg_sar9_sar15_safe_selection_wrapper/tb_ppg_sar9_sar15_safe_selection_wrapper.v:33;rtl/ppg_sar9_sar15_safe_selection_wrapper/tb_ppg_sar9_sar15_safe_selection_wrapper.v:910;rtl/ppg_sar9_sar15_safe_selection_wrapper/tb_ppg_sar9_sar15_safe_selection_wrapper.v:919,,,"rtl_tag,matrix_or_alias",B,C:\Users\DAWN\.codex\visualizations\2026\10\02\01a0fd78-55cb-7173-9e41-1e0b27c41d49\ppg_review_B\evidence\id_four_link_audit.json,已合并逐项语义审阅；状态与限制须读原行，非验收CLOSED
SSW-40,SSW,contracts/PPG_SAR9_SAR15_SAFE_SELECTION_WRAPPER_INTERFACE_CONTRACT.md:857,,rtl/ppg_sar9_sar15_safe_selection_wrapper/tb_ppg_sar9_sar15_safe_selection_wrapper.v:9;rtl/ppg_sar9_sar15_safe_selection_wrapper/tb_ppg_sar9_sar15_safe_selection_wrapper.v:17;rtl/ppg_sar9_sar15_safe_selection_wrapper/tb_ppg_sar9_sar15_safe_selection_wrapper.v:32;rtl/ppg_sar9_sar15_safe_selection_wrapper/tb_ppg_sar9_sar15_safe_selection_wrapper.v:33;rtl/ppg_sar9_sar15_safe_selection_wrapper/tb_ppg_sar9_sar15_safe_selection_wrapper.v:921;rtl/ppg_sar9_sar15_safe_selection_wrapper/tb_ppg_sar9_sar15_safe_selection_wrapper.v:930,,,"rtl_tag,matrix_or_alias",B,C:\Users\DAWN\.codex\visualizations\2026\10\02\01a0fd78-55cb-7173-9e41-1e0b27c41d49\ppg_review_B\evidence\id_four_link_audit.json,已合并逐项语义审阅；状态与限制须读原行，非验收CLOSED
SSW-41,SSW,contracts/PPG_SAR9_SAR15_SAFE_SELECTION_WRAPPER_INTERFACE_CONTRACT.md:858,,rtl/ppg_sar9_sar15_safe_selection_wrapper/tb_ppg_sar9_sar15_safe_selection_wrapper.v:9;rtl/ppg_sar9_sar15_safe_selection_wrapper/tb_ppg_sar9_sar15_safe_selection_wrapper.v:17;rtl/ppg_sar9_sar15_safe_selection_wrapper/tb_ppg_sar9_sar15_safe_selection_wrapper.v:32;rtl/ppg_sar9_sar15_safe_selection_wrapper/tb_ppg_sar9_sar15_safe_selection_wrapper.v:33;rtl/ppg_sar9_sar15_safe_selection_wrapper/tb_ppg_sar9_sar15_safe_selection_wrapper.v:932;rtl/ppg_sar9_sar15_safe_selection_wrapper/tb_ppg_sar9_sar15_safe_selection_wrapper.v:941,,,"rtl_tag,matrix_or_alias",B,C:\Users\DAWN\.codex\visualizations\2026\10\02\01a0fd78-55cb-7173-9e41-1e0b27c41d49\ppg_review_B\evidence\id_four_link_audit.json,已合并逐项语义审阅；状态与限制须读原行，非验收CLOSED
SSW-42,SSW,contracts/PPG_SAR9_SAR15_SAFE_SELECTION_WRAPPER_INTERFACE_CONTRACT.md:859,,rtl/ppg_sar9_sar15_safe_selection_wrapper/tb_ppg_sar9_sar15_safe_selection_wrapper.v:9;rtl/ppg_sar9_sar15_safe_selection_wrapper/tb_ppg_sar9_sar15_safe_selection_wrapper.v:17;rtl/ppg_sar9_sar15_safe_selection_wrapper/tb_ppg_sar9_sar15_safe_selection_wrapper.v:32;rtl/ppg_sar9_sar15_safe_selection_wrapper/tb_ppg_sar9_sar15_safe_selection_wrapper.v:33;rtl/ppg_sar9_sar15_safe_selection_wrapper/tb_ppg_sar9_sar15_safe_selection_wrapper.v:943;rtl/ppg_sar9_sar15_safe_selection_wrapper/tb_ppg_sar9_sar15_safe_selection_wrapper.v:951,,,"rtl_tag,matrix_or_alias",B,C:\Users\DAWN\.codex\visualizations\2026\10\02\01a0fd78-55cb-7173-9e41-1e0b27c41d49\ppg_review_B\evidence\id_four_link_audit.json,已合并逐项语义审阅；状态与限制须读原行，非验收CLOSED
SSW-43,SSW,contracts/PPG_SAR9_SAR15_SAFE_SELECTION_WRAPPER_INTERFACE_CONTRACT.md:860,,rtl/ppg_sar9_sar15_safe_selection_wrapper/tb_ppg_sar9_sar15_safe_selection_wrapper.v:9;rtl/ppg_sar9_sar15_safe_selection_wrapper/tb_ppg_sar9_sar15_safe_selection_wrapper.v:17;rtl/ppg_sar9_sar15_safe_selection_wrapper/tb_ppg_sar9_sar15_safe_selection_wrapper.v:32;rtl/ppg_sar9_sar15_safe_selection_wrapper/tb_ppg_sar9_sar15_safe_selection_wrapper.v:33;rtl/ppg_sar9_sar15_safe_selection_wrapper/tb_ppg_sar9_sar15_safe_selection_wrapper.v:953;rtl/ppg_sar9_sar15_safe_selection_wrapper/tb_ppg_sar9_sar15_safe_selection_wrapper.v:963,,,"rtl_tag,matrix_or_alias",B,C:\Users\DAWN\.codex\visualizations\2026\10\02\01a0fd78-55cb-7173-9e41-1e0b27c41d49\ppg_review_B\evidence\id_four_link_audit.json,已合并逐项语义审阅；状态与限制须读原行，非验收CLOSED
SSW-44,SSW,contracts/PPG_SAR9_SAR15_SAFE_SELECTION_WRAPPER_INTERFACE_CONTRACT.md:861,,rtl/ppg_sar9_sar15_safe_selection_wrapper/tb_ppg_sar9_sar15_safe_selection_wrapper.v:9;rtl/ppg_sar9_sar15_safe_selection_wrapper/tb_ppg_sar9_sar15_safe_selection_wrapper.v:17;rtl/ppg_sar9_sar15_safe_selection_wrapper/tb_ppg_sar9_sar15_safe_selection_wrapper.v:32;rtl/ppg_sar9_sar15_safe_selection_wrapper/tb_ppg_sar9_sar15_safe_selection_wrapper.v:33;rtl/ppg_sar9_sar15_safe_selection_wrapper/tb_ppg_sar9_sar15_safe_selection_wrapper.v:965;rtl/ppg_sar9_sar15_safe_selection_wrapper/tb_ppg_sar9_sar15_safe_selection_wrapper.v:974,,,"rtl_tag,matrix_or_alias",B,C:\Users\DAWN\.codex\visualizations\2026\10\02\01a0fd78-55cb-7173-9e41-1e0b27c41d49\ppg_review_B\evidence\id_four_link_audit.json,已合并逐项语义审阅；状态与限制须读原行，非验收CLOSED
SSW-45,SSW,contracts/PPG_SAR9_SAR15_SAFE_SELECTION_WRAPPER_INTERFACE_CONTRACT.md:862,,rtl/ppg_control_top/tb_ppg_control_top_idac_bus_isolation.v:23;rtl/ppg_control_top/tb_ppg_control_top_idac_bus_isolation.v:46;rtl/ppg_control_top/tb_ppg_control_top_idac_bus_isolation.v:490;rtl/ppg_sar9_sar15_safe_selection_wrapper/tb_ppg_sar9_sar15_safe_selection_wrapper.v:9;rtl/ppg_sar9_sar15_safe_selection_wrapper/tb_ppg_sar9_sar15_safe_selection_wrapper.v:17;rtl/ppg_sar9_sar15_safe_selection_wrapper/tb_ppg_sar9_sar15_safe_selection_wrapper.v:32;rtl/ppg_sar9_sar15_safe_selection_wrapper/tb_ppg_sar9_sar15_safe_selection_wrapper.v:33;rtl/ppg_sar9_sar15_safe_selection_wrapper/tb_ppg_sar9_sar15_safe_selection_wrapper.v:976;rtl/ppg_sar9_sar15_safe_selection_wrapper/tb_ppg_sar9_sar15_safe_selection_wrapper.v:984,,,"rtl_tag,matrix_or_alias",B,C:\Users\DAWN\.codex\visualizations\2026\10\02\01a0fd78-55cb-7173-9e41-1e0b27c41d49\ppg_review_B\evidence\id_four_link_audit.json,已合并逐项语义审阅；状态与限制须读原行，非验收CLOSED
SSW-46,SSW,contracts/PPG_SAR9_SAR15_SAFE_SELECTION_WRAPPER_INTERFACE_CONTRACT.md:863,,rtl/ppg_sar9_sar15_safe_selection_wrapper/tb_ppg_sar9_sar15_safe_selection_wrapper.v:9;rtl/ppg_sar9_sar15_safe_selection_wrapper/tb_ppg_sar9_sar15_safe_selection_wrapper.v:17;rtl/ppg_sar9_sar15_safe_selection_wrapper/tb_ppg_sar9_sar15_safe_selection_wrapper.v:32;rtl/ppg_sar9_sar15_safe_selection_wrapper/tb_ppg_sar9_sar15_safe_selection_wrapper.v:33;rtl/ppg_sar9_sar15_safe_selection_wrapper/tb_ppg_sar9_sar15_safe_selection_wrapper.v:986;rtl/ppg_sar9_sar15_safe_selection_wrapper/tb_ppg_sar9_sar15_safe_selection_wrapper.v:994,,,"rtl_tag,matrix_or_alias",B,C:\Users\DAWN\.codex\visualizations\2026\10\02\01a0fd78-55cb-7173-9e41-1e0b27c41d49\ppg_review_B\evidence\id_four_link_audit.json,已合并逐项语义审阅；状态与限制须读原行，非验收CLOSED
SSW-47,SSW,contracts/PPG_SAR9_SAR15_SAFE_SELECTION_WRAPPER_INTERFACE_CONTRACT.md:864,,rtl/ppg_sar9_sar15_safe_selection_wrapper/tb_ppg_sar9_sar15_safe_selection_wrapper.v:9;rtl/ppg_sar9_sar15_safe_selection_wrapper/tb_ppg_sar9_sar15_safe_selection_wrapper.v:17;rtl/ppg_sar9_sar15_safe_selection_wrapper/tb_ppg_sar9_sar15_safe_selection_wrapper.v:32;rtl/ppg_sar9_sar15_safe_selection_wrapper/tb_ppg_sar9_sar15_safe_selection_wrapper.v:33;rtl/ppg_sar9_sar15_safe_selection_wrapper/tb_ppg_sar9_sar15_safe_selection_wrapper.v:996;rtl/ppg_sar9_sar15_safe_selection_wrapper/tb_ppg_sar9_sar15_safe_selection_wrapper.v:1010,,,"rtl_tag,matrix_or_alias",B,C:\Users\DAWN\.codex\visualizations\2026\10\02\01a0fd78-55cb-7173-9e41-1e0b27c41d49\ppg_review_B\evidence\id_four_link_audit.json,已合并逐项语义审阅；状态与限制须读原行，非验收CLOSED
SSW-48,SSW,contracts/PPG_SAR9_SAR15_SAFE_SELECTION_WRAPPER_INTERFACE_CONTRACT.md:865,,rtl/ppg_sar9_sar15_safe_selection_wrapper/tb_ppg_sar9_sar15_safe_selection_wrapper.v:9;rtl/ppg_sar9_sar15_safe_selection_wrapper/tb_ppg_sar9_sar15_safe_selection_wrapper.v:17;rtl/ppg_sar9_sar15_safe_selection_wrapper/tb_ppg_sar9_sar15_safe_selection_wrapper.v:32;rtl/ppg_sar9_sar15_safe_selection_wrapper/tb_ppg_sar9_sar15_safe_selection_wrapper.v:33;rtl/ppg_sar9_sar15_safe_selection_wrapper/tb_ppg_sar9_sar15_safe_selection_wrapper.v:1012;rtl/ppg_sar9_sar15_safe_selection_wrapper/tb_ppg_sar9_sar15_safe_selection_wrapper.v:1033,,,"rtl_tag,matrix_or_alias",B,C:\Users\DAWN\.codex\visualizations\2026\10\02\01a0fd78-55cb-7173-9e41-1e0b27c41d49\ppg_review_B\evidence\id_four_link_audit.json,已合并逐项语义审阅；状态与限制须读原行，非验收CLOSED
SSW-49,SSW,contracts/PPG_SAR9_SAR15_SAFE_SELECTION_WRAPPER_INTERFACE_CONTRACT.md:866,,rtl/ppg_sar9_sar15_safe_selection_wrapper/tb_ppg_sar9_sar15_safe_selection_wrapper.v:9;rtl/ppg_sar9_sar15_safe_selection_wrapper/tb_ppg_sar9_sar15_safe_selection_wrapper.v:17;rtl/ppg_sar9_sar15_safe_selection_wrapper/tb_ppg_sar9_sar15_safe_selection_wrapper.v:33;rtl/ppg_sar9_sar15_safe_selection_wrapper/tb_ppg_sar9_sar15_safe_selection_wrapper.v:1035;rtl/ppg_sar9_sar15_safe_selection_wrapper/tb_ppg_sar9_sar15_safe_selection_wrapper.v:1050,,,"rtl_tag,matrix_or_alias",B,C:\Users\DAWN\.codex\visualizations\2026\10\02\01a0fd78-55cb-7173-9e41-1e0b27c41d49\ppg_review_B\evidence\id_four_link_audit.json,已合并逐项语义审阅；状态与限制须读原行，非验收CLOSED
SSW-50,SSW,contracts/PPG_SAR9_SAR15_SAFE_SELECTION_WRAPPER_INTERFACE_CONTRACT.md:867,,rtl/ppg_sar9_sar15_safe_selection_wrapper/tb_ppg_sar9_sar15_safe_selection_wrapper.v:9;rtl/ppg_sar9_sar15_safe_selection_wrapper/tb_ppg_sar9_sar15_safe_selection_wrapper.v:17;rtl/ppg_sar9_sar15_safe_selection_wrapper/tb_ppg_sar9_sar15_safe_selection_wrapper.v:33;rtl/ppg_sar9_sar15_safe_selection_wrapper/tb_ppg_sar9_sar15_safe_selection_wrapper.v:1052;rtl/ppg_sar9_sar15_safe_selection_wrapper/tb_ppg_sar9_sar15_safe_selection_wrapper.v:1064,,,"rtl_tag,matrix_or_alias",B,C:\Users\DAWN\.codex\visualizations\2026\10\02\01a0fd78-55cb-7173-9e41-1e0b27c41d49\ppg_review_B\evidence\id_four_link_audit.json,已合并逐项语义审阅；状态与限制须读原行，非验收CLOSED
SSW-51,SSW,contracts/PPG_SAR9_SAR15_SAFE_SELECTION_WRAPPER_INTERFACE_CONTRACT.md:868,,rtl/ppg_sar9_sar15_safe_selection_wrapper/tb_ppg_sar9_sar15_safe_selection_wrapper.v:9;rtl/ppg_sar9_sar15_safe_selection_wrapper/tb_ppg_sar9_sar15_safe_selection_wrapper.v:17;rtl/ppg_sar9_sar15_safe_selection_wrapper/tb_ppg_sar9_sar15_safe_selection_wrapper.v:33;rtl/ppg_sar9_sar15_safe_selection_wrapper/tb_ppg_sar9_sar15_safe_selection_wrapper.v:1066;rtl/ppg_sar9_sar15_safe_selection_wrapper/tb_ppg_sar9_sar15_safe_selection_wrapper.v:1091,,,"rtl_tag,matrix_or_alias",B,C:\Users\DAWN\.codex\visualizations\2026\10\02\01a0fd78-55cb-7173-9e41-1e0b27c41d49\ppg_review_B\evidence\id_four_link_audit.json,已合并逐项语义审阅；状态与限制须读原行，非验收CLOSED
SSW-52,SSW,contracts/PPG_SAR9_SAR15_SAFE_SELECTION_WRAPPER_INTERFACE_CONTRACT.md:869,,rtl/ppg_sar9_sar15_safe_selection_wrapper/tb_ppg_sar9_sar15_safe_selection_wrapper.v:9;rtl/ppg_sar9_sar15_safe_selection_wrapper/tb_ppg_sar9_sar15_safe_selection_wrapper.v:17;rtl/ppg_sar9_sar15_safe_selection_wrapper/tb_ppg_sar9_sar15_safe_selection_wrapper.v:33;rtl/ppg_sar9_sar15_safe_selection_wrapper/tb_ppg_sar9_sar15_safe_selection_wrapper.v:1093;rtl/ppg_sar9_sar15_safe_selection_wrapper/tb_ppg_sar9_sar15_safe_selection_wrapper.v:1100;rtl/ppg_sar9_sar15_safe_selection_wrapper/tb_ppg_sar9_sar15_safe_selection_wrapper.v:1103,,,"rtl_tag,matrix_or_alias",B,C:\Users\DAWN\.codex\visualizations\2026\10\02\01a0fd78-55cb-7173-9e41-1e0b27c41d49\ppg_review_B\evidence\id_four_link_audit.json,已合并逐项语义审阅；状态与限制须读原行，非验收CLOSED
SUP-01,SUP,contracts/PPG_SYSTEM_FAULT_ABORT_SUPERVISOR_INTERFACE_CONTRACT.md:152,,rtl/ppg_system_fault_abort_supervisor/tb_ppg_system_fault_abort_supervisor.v:10;rtl/ppg_system_fault_abort_supervisor/tb_ppg_system_fault_abort_supervisor.v:30;rtl/ppg_system_fault_abort_supervisor/tb_ppg_system_fault_abort_supervisor.v:312;rtl/ppg_system_fault_abort_supervisor/tb_ppg_system_fault_abort_supervisor.v:497,,,"rtl_tag,matrix_or_alias",B,C:\Users\DAWN\.codex\visualizations\2026\10\02\01a0fd78-55cb-7173-9e41-1e0b27c41d49\ppg_review_B\evidence\id_four_link_audit.json,已合并逐项语义审阅；状态与限制须读原行，非验收CLOSED
SUP-02,SUP,contracts/PPG_SYSTEM_FAULT_ABORT_SUPERVISOR_INTERFACE_CONTRACT.md:153,,rtl/ppg_system_fault_abort_supervisor/tb_ppg_system_fault_abort_supervisor.v:10;rtl/ppg_system_fault_abort_supervisor/tb_ppg_system_fault_abort_supervisor.v:30;rtl/ppg_system_fault_abort_supervisor/tb_ppg_system_fault_abort_supervisor.v:333;rtl/ppg_system_fault_abort_supervisor/tb_ppg_system_fault_abort_supervisor.v:497,,,"rtl_tag,matrix_or_alias",B,C:\Users\DAWN\.codex\visualizations\2026\10\02\01a0fd78-55cb-7173-9e41-1e0b27c41d49\ppg_review_B\evidence\id_four_link_audit.json,已合并逐项语义审阅；状态与限制须读原行，非验收CLOSED
SUP-03,SUP,contracts/PPG_SYSTEM_FAULT_ABORT_SUPERVISOR_INTERFACE_CONTRACT.md:154,,rtl/ppg_system_fault_abort_supervisor/tb_ppg_system_fault_abort_supervisor.v:10;rtl/ppg_system_fault_abort_supervisor/tb_ppg_system_fault_abort_supervisor.v:30;rtl/ppg_system_fault_abort_supervisor/tb_ppg_system_fault_abort_supervisor.v:346;rtl/ppg_system_fault_abort_supervisor/tb_ppg_system_fault_abort_supervisor.v:497,,,"rtl_tag,matrix_or_alias",B,C:\Users\DAWN\.codex\visualizations\2026\10\02\01a0fd78-55cb-7173-9e41-1e0b27c41d49\ppg_review_B\evidence\id_four_link_audit.json,已合并逐项语义审阅；状态与限制须读原行，非验收CLOSED
SUP-04,SUP,contracts/PPG_SYSTEM_FAULT_ABORT_SUPERVISOR_INTERFACE_CONTRACT.md:155,,rtl/ppg_system_fault_abort_supervisor/tb_ppg_system_fault_abort_supervisor.v:10;rtl/ppg_system_fault_abort_supervisor/tb_ppg_system_fault_abort_supervisor.v:30;rtl/ppg_system_fault_abort_supervisor/tb_ppg_system_fault_abort_supervisor.v:419;rtl/ppg_system_fault_abort_supervisor/tb_ppg_system_fault_abort_supervisor.v:497,,,"rtl_tag,matrix_or_alias",B,C:\Users\DAWN\.codex\visualizations\2026\10\02\01a0fd78-55cb-7173-9e41-1e0b27c41d49\ppg_review_B\evidence\id_four_link_audit.json,已合并逐项语义审阅；状态与限制须读原行，非验收CLOSED
SUP-05,SUP,contracts/PPG_SYSTEM_FAULT_ABORT_SUPERVISOR_INTERFACE_CONTRACT.md:156,,rtl/ppg_system_fault_abort_supervisor/tb_ppg_system_fault_abort_supervisor.v:10;rtl/ppg_system_fault_abort_supervisor/tb_ppg_system_fault_abort_supervisor.v:30;rtl/ppg_system_fault_abort_supervisor/tb_ppg_system_fault_abort_supervisor.v:497,,,"rtl_tag,matrix_or_alias",B,C:\Users\DAWN\.codex\visualizations\2026\10\02\01a0fd78-55cb-7173-9e41-1e0b27c41d49\ppg_review_B\evidence\id_four_link_audit.json,已合并逐项语义审阅；状态与限制须读原行，非验收CLOSED
SUP-06,SUP,contracts/PPG_SYSTEM_FAULT_ABORT_SUPERVISOR_INTERFACE_CONTRACT.md:157,,rtl/ppg_system_fault_abort_supervisor/tb_ppg_system_fault_abort_supervisor.v:10;rtl/ppg_system_fault_abort_supervisor/tb_ppg_system_fault_abort_supervisor.v:30;rtl/ppg_system_fault_abort_supervisor/tb_ppg_system_fault_abort_supervisor.v:434;rtl/ppg_system_fault_abort_supervisor/tb_ppg_system_fault_abort_supervisor.v:497,,,"rtl_tag,matrix_or_alias",B,C:\Users\DAWN\.codex\visualizations\2026\10\02\01a0fd78-55cb-7173-9e41-1e0b27c41d49\ppg_review_B\evidence\id_four_link_audit.json,已合并逐项语义审阅；状态与限制须读原行，非验收CLOSED
SUP-07,SUP,contracts/PPG_SYSTEM_FAULT_ABORT_SUPERVISOR_INTERFACE_CONTRACT.md:158,,rtl/ppg_system_fault_abort_supervisor/tb_ppg_system_fault_abort_supervisor.v:10;rtl/ppg_system_fault_abort_supervisor/tb_ppg_system_fault_abort_supervisor.v:30;rtl/ppg_system_fault_abort_supervisor/tb_ppg_system_fault_abort_supervisor.v:364;rtl/ppg_system_fault_abort_supervisor/tb_ppg_system_fault_abort_supervisor.v:497,,,"rtl_tag,matrix_or_alias",B,C:\Users\DAWN\.codex\visualizations\2026\10\02\01a0fd78-55cb-7173-9e41-1e0b27c41d49\ppg_review_B\evidence\id_four_link_audit.json,已合并逐项语义审阅；状态与限制须读原行，非验收CLOSED
SUP-08,SUP,contracts/PPG_SYSTEM_FAULT_ABORT_SUPERVISOR_INTERFACE_CONTRACT.md:159,,rtl/ppg_system_fault_abort_supervisor/tb_ppg_system_fault_abort_supervisor.v:10;rtl/ppg_system_fault_abort_supervisor/tb_ppg_system_fault_abort_supervisor.v:30;rtl/ppg_system_fault_abort_supervisor/tb_ppg_system_fault_abort_supervisor.v:497,,,"rtl_tag,matrix_or_alias",B,C:\Users\DAWN\.codex\visualizations\2026\10\02\01a0fd78-55cb-7173-9e41-1e0b27c41d49\ppg_review_B\evidence\id_four_link_audit.json,已合并逐项语义审阅；状态与限制须读原行，非验收CLOSED
SUP-09,SUP,contracts/PPG_SYSTEM_FAULT_ABORT_SUPERVISOR_INTERFACE_CONTRACT.md:160,,rtl/ppg_system_fault_abort_supervisor/tb_ppg_system_fault_abort_supervisor.v:10;rtl/ppg_system_fault_abort_supervisor/tb_ppg_system_fault_abort_supervisor.v:30;rtl/ppg_system_fault_abort_supervisor/tb_ppg_system_fault_abort_supervisor.v:464;rtl/ppg_system_fault_abort_supervisor/tb_ppg_system_fault_abort_supervisor.v:497,,,"rtl_tag,matrix_or_alias",B,C:\Users\DAWN\.codex\visualizations\2026\10\02\01a0fd78-55cb-7173-9e41-1e0b27c41d49\ppg_review_B\evidence\id_four_link_audit.json,已合并逐项语义审阅；状态与限制须读原行，非验收CLOSED
SUP-10,SUP,contracts/PPG_SYSTEM_FAULT_ABORT_SUPERVISOR_INTERFACE_CONTRACT.md:161,,rtl/ppg_system_fault_abort_supervisor/tb_ppg_system_fault_abort_supervisor.v:10;rtl/ppg_system_fault_abort_supervisor/tb_ppg_system_fault_abort_supervisor.v:30;rtl/ppg_system_fault_abort_supervisor/tb_ppg_system_fault_abort_supervisor.v:475;rtl/ppg_system_fault_abort_supervisor/tb_ppg_system_fault_abort_supervisor.v:497,,,"rtl_tag,matrix_or_alias",B,C:\Users\DAWN\.codex\visualizations\2026\10\02\01a0fd78-55cb-7173-9e41-1e0b27c41d49\ppg_review_B\evidence\id_four_link_audit.json,已合并逐项语义审阅；状态与限制须读原行，非验收CLOSED
TOP-01,TOP,contracts/PPG_DIGITAL_TOP_INTERFACE_CONNECTION_CONTRACT.md:913,rtl/ppg_sar9_sar15_safe_selection_wrapper/ppg_sar9_sar15_safe_selection_wrapper.v:604,rtl/ppg_control_top/tb_ppg_control_top.v:21;rtl/ppg_control_top/tb_ppg_control_top.v:22;rtl/ppg_control_top/tb_ppg_control_top.v:24;rtl/ppg_control_top/tb_ppg_control_top.v:29;rtl/ppg_control_top/tb_ppg_control_top.v:48;rtl/ppg_control_top/tb_ppg_control_top.v:49;rtl/ppg_control_top/tb_ppg_control_top.v:51;rtl/ppg_control_top/tb_ppg_control_top.v:54;rtl/ppg_control_top/tb_ppg_control_top.v:239;rtl/ppg_control_top/tb_ppg_control_top.v:1149;rtl/ppg_control_top/tb_ppg_control_top.v:1151;rtl/ppg_control_top/tb_ppg_control_top.v:1154;rtl/ppg_control_top/tb_ppg_control_top.v:1157;rtl/ppg_control_top/tb_ppg_control_top.v:2991;rtl/ppg_control_top/tb_ppg_control_top.v:3000;rtl/ppg_control_top/tb_ppg_control_top.v:3003;rtl/ppg_control_top/tb_ppg_control_top.v:3019;rtl/ppg_control_top/tb_ppg_control_top.v:3022;rtl/ppg_control_top/tb_ppg_control_top.v:3037;rtl/ppg_control_top/tb_ppg_control_top.v:3041;rtl/ppg_control_top/tb_ppg_control_top.v:3056;rtl/ppg_control_top/tb_ppg_control_top.v:3059;rtl/ppg_control_top/tb_ppg_control_top.v:3074;rtl/ppg_control_top/tb_ppg_control_top.v:3077;rtl/ppg_control_top/tb_ppg_control_top.v:3090;rtl/ppg_control_top/tb_ppg_control_top.v:3095;rtl/ppg_control_top/tb_ppg_control_top.v:3098,contracts/PPG_ALIAS_MAPPING_TABLE.md:28,,,A,C:\Users\DAWN\.codex\visualizations\2026\10\02\01a0fd16-9489-7e50-a7b6-a1178fd92bf1\ppg_audit\evidence\closure_skill_20261004\top_24_semantic.json,已合并逐项语义审阅；状态与限制须读原行，非验收CLOSED
TOP-02,TOP,contracts/PPG_DIGITAL_TOP_INTERFACE_CONNECTION_CONTRACT.md:914,rtl/ppg_system_config_manager/ppg_system_config_manager.v:522,rtl/ppg_control_top/tb_ppg_control_top.v:21;rtl/ppg_control_top/tb_ppg_control_top.v:24;rtl/ppg_control_top/tb_ppg_control_top.v:29;rtl/ppg_control_top/tb_ppg_control_top.v:48;rtl/ppg_control_top/tb_ppg_control_top.v:51;rtl/ppg_control_top/tb_ppg_control_top.v:54;rtl/ppg_control_top/tb_ppg_control_top.v:235;rtl/ppg_control_top/tb_ppg_control_top.v:1299;rtl/ppg_control_top/tb_ppg_control_top.v:1309;rtl/ppg_control_top/tb_ppg_control_top.v:1313,contracts/PPG_ALIAS_MAPPING_TABLE.md:29,,,A,C:\Users\DAWN\.codex\visualizations\2026\10\02\01a0fd16-9489-7e50-a7b6-a1178fd92bf1\ppg_audit\evidence\closure_skill_20261004\top_24_semantic.json,已合并逐项语义审阅；状态与限制须读原行，非验收CLOSED
TOP-03,TOP,contracts/PPG_DIGITAL_TOP_INTERFACE_CONNECTION_CONTRACT.md:915,rtl/ppg_400hz_frame_calibration_scheduler/ppg_400hz_frame_calibration_scheduler.v:459,rtl/ppg_control_top/tb_ppg_control_top.v:21;rtl/ppg_control_top/tb_ppg_control_top.v:24;rtl/ppg_control_top/tb_ppg_control_top.v:48;rtl/ppg_control_top/tb_ppg_control_top.v:51;rtl/ppg_control_top/tb_ppg_control_top.v:1043;rtl/ppg_control_top/tb_ppg_control_top.v:1050;rtl/ppg_control_top/tb_ppg_control_top.v:2844;rtl/ppg_control_top/tb_ppg_control_top.v:2847;rtl/ppg_control_top/tb_ppg_control_top.v:2857;rtl/ppg_control_top/tb_ppg_control_top.v:2860;rtl/ppg_control_top/tb_ppg_control_top.v:2947,contracts/PPG_ALIAS_MAPPING_TABLE.md:30,,,A,C:\Users\DAWN\.codex\visualizations\2026\10\02\01a0fd16-9489-7e50-a7b6-a1178fd92bf1\ppg_audit\evidence\closure_skill_20261004\top_24_semantic.json,已合并逐项语义审阅；状态与限制须读原行，非验收CLOSED
TOP-04,TOP,contracts/PPG_DIGITAL_TOP_INTERFACE_CONNECTION_CONTRACT.md:916,rtl/ppg_400hz_frame_calibration_scheduler/ppg_400hz_frame_calibration_scheduler.v:225;rtl/ppg_sar9_sar15_safe_selection_wrapper/ppg_sar9_sar15_safe_selection_wrapper.v:209,rtl/ppg_control_top/tb_ppg_control_top.v:21;rtl/ppg_control_top/tb_ppg_control_top.v:22;rtl/ppg_control_top/tb_ppg_control_top.v:24;rtl/ppg_control_top/tb_ppg_control_top.v:48;rtl/ppg_control_top/tb_ppg_control_top.v:49;rtl/ppg_control_top/tb_ppg_control_top.v:51;rtl/ppg_control_top/tb_ppg_control_top.v:253;rtl/ppg_control_top/tb_ppg_control_top.v:254;rtl/ppg_control_top/tb_ppg_control_top.v:885;rtl/ppg_control_top/tb_ppg_control_top.v:2083;rtl/ppg_control_top/tb_ppg_control_top.v:2091;rtl/ppg_control_top/tb_ppg_control_top.v:2094,contracts/PPG_ALIAS_MAPPING_TABLE.md:31,,,A,C:\Users\DAWN\.codex\visualizations\2026\10\02\01a0fd16-9489-7e50-a7b6-a1178fd92bf1\ppg_audit\evidence\closure_skill_20261004\top_24_semantic.json,已合并逐项语义审阅；状态与限制须读原行，非验收CLOSED
TOP-05,TOP,contracts/PPG_DIGITAL_TOP_INTERFACE_CONNECTION_CONTRACT.md:917,rtl/ppg_400hz_frame_calibration_scheduler/ppg_400hz_frame_calibration_scheduler.v:223,rtl/ppg_control_top/tb_ppg_control_top.v:21;rtl/ppg_control_top/tb_ppg_control_top.v:22;rtl/ppg_control_top/tb_ppg_control_top.v:24;rtl/ppg_control_top/tb_ppg_control_top.v:48;rtl/ppg_control_top/tb_ppg_control_top.v:49;rtl/ppg_control_top/tb_ppg_control_top.v:51;rtl/ppg_control_top/tb_ppg_control_top.v:2267;rtl/ppg_control_top/tb_ppg_control_top.v:2275;rtl/ppg_control_top/tb_ppg_control_top.v:2278;rtl/ppg_control_top/tb_ppg_control_top_owner_identity_backpressure.v:32;rtl/ppg_control_top/tb_ppg_control_top_owner_identity_backpressure.v:63;rtl/ppg_control_top/tb_ppg_control_top_owner_identity_backpressure.v:1319,contracts/PPG_ALIAS_MAPPING_TABLE.md:32,,,A,C:\Users\DAWN\.codex\visualizations\2026\10\02\01a0fd16-9489-7e50-a7b6-a1178fd92bf1\ppg_audit\evidence\closure_skill_20261004\top_24_semantic.json,已合并逐项语义审阅；状态与限制须读原行，非验收CLOSED
TOP-06,TOP,contracts/PPG_DIGITAL_TOP_INTERFACE_CONNECTION_CONTRACT.md:918,rtl/ppg_dynamic_baseline_cross_detector/ppg_dynamic_baseline_cross_detector.v:446;rtl/ppg_dynamic_baseline_cross_detector/ppg_dynamic_baseline_cross_detector.v:1590,rtl/ppg_control_top/tb_ppg_control_top.v:21;rtl/ppg_control_top/tb_ppg_control_top.v:22;rtl/ppg_control_top/tb_ppg_control_top.v:24;rtl/ppg_control_top/tb_ppg_control_top.v:48;rtl/ppg_control_top/tb_ppg_control_top.v:49;rtl/ppg_control_top/tb_ppg_control_top.v:51;rtl/ppg_control_top/tb_ppg_control_top.v:255;rtl/ppg_control_top/tb_ppg_control_top.v:881;rtl/ppg_control_top/tb_ppg_control_top.v:894;rtl/ppg_control_top/tb_ppg_control_top.v:2185;rtl/ppg_control_top/tb_ppg_control_top.v:2187;rtl/ppg_control_top/tb_ppg_control_top.v:2188;rtl/ppg_control_top/tb_ppg_control_top.v:2196;rtl/ppg_control_top/tb_ppg_control_top.v:2199,contracts/PPG_ALIAS_MAPPING_TABLE.md:33,,,A,C:\Users\DAWN\.codex\visualizations\2026\10\02\01a0fd16-9489-7e50-a7b6-a1178fd92bf1\ppg_audit\evidence\closure_skill_20261004\top_24_semantic.json,已合并逐项语义审阅；状态与限制须读原行，非验收CLOSED
TOP-07,TOP,contracts/PPG_DIGITAL_TOP_INTERFACE_CONNECTION_CONTRACT.md:919,rtl/ppg_sar9_sar15_safe_selection_wrapper/ppg_sar9_sar15_safe_selection_wrapper.v:381,rtl/ppg_control_top/tb_ppg_control_top.v:21;rtl/ppg_control_top/tb_ppg_control_top.v:24;rtl/ppg_control_top/tb_ppg_control_top.v:48;rtl/ppg_control_top/tb_ppg_control_top.v:51;rtl/ppg_control_top/tb_ppg_control_top.v:579;rtl/ppg_control_top/tb_ppg_control_top.v:2385;rtl/ppg_control_top/tb_ppg_control_top.v:2393;rtl/ppg_control_top/tb_ppg_control_top.v:2396,contracts/PPG_ALIAS_MAPPING_TABLE.md:34,,,A,C:\Users\DAWN\.codex\visualizations\2026\10\02\01a0fd16-9489-7e50-a7b6-a1178fd92bf1\ppg_audit\evidence\closure_skill_20261004\top_24_semantic.json,已合并逐项语义审阅；状态与限制须读原行，非验收CLOSED
TOP-08,TOP,contracts/PPG_DIGITAL_TOP_INTERFACE_CONNECTION_CONTRACT.md:920,rtl/ppg_characterization_control_cdc/ppg_characterization_control_cdc.v:118,rtl/ppg_control_top/tb_ppg_control_top.v:21;rtl/ppg_control_top/tb_ppg_control_top.v:24;rtl/ppg_control_top/tb_ppg_control_top.v:48;rtl/ppg_control_top/tb_ppg_control_top.v:51;rtl/ppg_control_top/tb_ppg_control_top.v:2483,contracts/PPG_ALIAS_MAPPING_TABLE.md:35,,,A,C:\Users\DAWN\.codex\visualizations\2026\10\02\01a0fd16-9489-7e50-a7b6-a1178fd92bf1\ppg_audit\evidence\closure_skill_20261004\top_24_semantic.json,已合并逐项语义审阅；状态与限制须读原行，非验收CLOSED
TOP-09,TOP,contracts/PPG_DIGITAL_TOP_INTERFACE_CONNECTION_CONTRACT.md:921,rtl/ppg_system_config_manager/ppg_system_config_manager.v:462,rtl/ppg_control_top/tb_ppg_control_top.v:21;rtl/ppg_control_top/tb_ppg_control_top.v:24;rtl/ppg_control_top/tb_ppg_control_top.v:29;rtl/ppg_control_top/tb_ppg_control_top.v:48;rtl/ppg_control_top/tb_ppg_control_top.v:51;rtl/ppg_control_top/tb_ppg_control_top.v:54;rtl/ppg_control_top/tb_ppg_control_top.v:236;rtl/ppg_control_top/tb_ppg_control_top.v:3101;rtl/ppg_control_top/tb_ppg_control_top.v:3114;rtl/ppg_control_top/tb_ppg_control_top.v:3117;rtl/ppg_control_top/tb_ppg_control_top.v:3134;rtl/ppg_control_top/tb_ppg_control_top.v:3137;rtl/ppg_control_top/tb_ppg_control_top.v:3155;rtl/ppg_control_top/tb_ppg_control_top.v:3161;rtl/ppg_control_top/tb_ppg_control_top.v:3164;rtl/ppg_control_top/tb_ppg_control_top.v:3167;rtl/ppg_control_top/tb_ppg_control_top.v:3170,contracts/PPG_ALIAS_MAPPING_TABLE.md:36,contracts/PPG_ALIAS_MAPPING_TABLE.md:36,,A,C:\Users\DAWN\.codex\visualizations\2026\10\02\01a0fd16-9489-7e50-a7b6-a1178fd92bf1\ppg_audit\evidence\closure_skill_20261004\top_24_semantic.json,已合并逐项语义审阅；状态与限制须读原行，非验收CLOSED
TOP-10,TOP,contracts/PPG_DIGITAL_TOP_INTERFACE_CONNECTION_CONTRACT.md:922,,rtl/ppg_control_top/tb_ppg_control_top.v:21;rtl/ppg_control_top/tb_ppg_control_top.v:24;rtl/ppg_control_top/tb_ppg_control_top.v:48;rtl/ppg_control_top/tb_ppg_control_top.v:51,contracts/PPG_ALIAS_MAPPING_TABLE.md:37,contracts/PPG_ALIAS_MAPPING_TABLE.md:37,rtl_tag,A,C:\Users\DAWN\.codex\visualizations\2026\10\02\01a0fd16-9489-7e50-a7b6-a1178fd92bf1\ppg_audit\evidence\closure_skill_20261004\top_24_semantic.json,已合并逐项语义审阅；状态与限制须读原行，非验收CLOSED
TOP-11,TOP,contracts/PPG_DIGITAL_TOP_INTERFACE_CONNECTION_CONTRACT.md:923,rtl/ppg_400hz_frame_calibration_scheduler/ppg_400hz_frame_calibration_scheduler.v:550,rtl/ppg_control_top/tb_ppg_control_top.v:21;rtl/ppg_control_top/tb_ppg_control_top.v:24;rtl/ppg_control_top/tb_ppg_control_top.v:48;rtl/ppg_control_top/tb_ppg_control_top.v:51,contracts/PPG_ALIAS_MAPPING_TABLE.md:38,,,A,C:\Users\DAWN\.codex\visualizations\2026\10\02\01a0fd16-9489-7e50-a7b6-a1178fd92bf1\ppg_audit\evidence\closure_skill_20261004\top_24_semantic.json,已合并逐项语义审阅；状态与限制须读原行，非验收CLOSED
TOP-12,TOP,contracts/PPG_DIGITAL_TOP_INTERFACE_CONNECTION_CONTRACT.md:924,rtl/ppg_control_top/ppg_control_top.v:411,rtl/ppg_control_top/tb_ppg_control_top.v:21;rtl/ppg_control_top/tb_ppg_control_top.v:24;rtl/ppg_control_top/tb_ppg_control_top.v:48;rtl/ppg_control_top/tb_ppg_control_top.v:51;rtl/ppg_control_top/tb_ppg_control_top.v:2483,contracts/PPG_ALIAS_MAPPING_TABLE.md:39,,,A,C:\Users\DAWN\.codex\visualizations\2026\10\02\01a0fd16-9489-7e50-a7b6-a1178fd92bf1\ppg_audit\evidence\closure_skill_20261004\top_24_semantic.json,已合并逐项语义审阅；状态与限制须读原行，非验收CLOSED
TOP-13,TOP,contracts/PPG_DIGITAL_TOP_INTERFACE_CONNECTION_CONTRACT.md:925,rtl/ppg_400hz_frame_calibration_scheduler/ppg_400hz_frame_calibration_scheduler.v:756,rtl/ppg_control_top/tb_ppg_control_top.v:21;rtl/ppg_control_top/tb_ppg_control_top.v:24;rtl/ppg_control_top/tb_ppg_control_top.v:48;rtl/ppg_control_top/tb_ppg_control_top.v:51;rtl/ppg_control_top/tb_ppg_control_top.v:540;rtl/ppg_control_top/tb_ppg_control_top.v:996;rtl/ppg_control_top/tb_ppg_control_top.v:1799;rtl/ppg_control_top/tb_ppg_control_top.v:1807;rtl/ppg_control_top/tb_ppg_control_top.v:1810,contracts/PPG_ALIAS_MAPPING_TABLE.md:40,contracts/PPG_ALIAS_MAPPING_TABLE.md:40,,A,C:\Users\DAWN\.codex\visualizations\2026\10\02\01a0fd16-9489-7e50-a7b6-a1178fd92bf1\ppg_audit\evidence\closure_skill_20261004\top_24_semantic.json,已合并逐项语义审阅；状态与限制须读原行，非验收CLOSED
TOP-14,TOP,contracts/PPG_DIGITAL_TOP_INTERFACE_CONNECTION_CONTRACT.md:926,rtl/ppg_400hz_frame_calibration_scheduler/ppg_400hz_frame_calibration_scheduler.v:756,rtl/ppg_control_top/tb_ppg_control_top.v:21;rtl/ppg_control_top/tb_ppg_control_top.v:24;rtl/ppg_control_top/tb_ppg_control_top.v:48;rtl/ppg_control_top/tb_ppg_control_top.v:51;rtl/ppg_control_top/tb_ppg_control_top.v:555;rtl/ppg_control_top/tb_ppg_control_top.v:906;rtl/ppg_control_top/tb_ppg_control_top.v:1854;rtl/ppg_control_top/tb_ppg_control_top.v:1896;rtl/ppg_control_top/tb_ppg_control_top.v:1903;rtl/ppg_control_top/tb_ppg_control_top.v:1906,contracts/PPG_ALIAS_MAPPING_TABLE.md:40,contracts/PPG_ALIAS_MAPPING_TABLE.md:40,,A,C:\Users\DAWN\.codex\visualizations\2026\10\02\01a0fd16-9489-7e50-a7b6-a1178fd92bf1\ppg_audit\evidence\closure_skill_20261004\top_24_semantic.json,已合并逐项语义审阅；状态与限制须读原行，非验收CLOSED
TOP-15,TOP,contracts/PPG_DIGITAL_TOP_INTERFACE_CONNECTION_CONTRACT.md:927,rtl/ppg_400hz_frame_calibration_scheduler/ppg_400hz_frame_calibration_scheduler.v:756,rtl/ppg_control_top/tb_ppg_control_top.v:21;rtl/ppg_control_top/tb_ppg_control_top.v:22;rtl/ppg_control_top/tb_ppg_control_top.v:24;rtl/ppg_control_top/tb_ppg_control_top.v:29;rtl/ppg_control_top/tb_ppg_control_top.v:48;rtl/ppg_control_top/tb_ppg_control_top.v:49;rtl/ppg_control_top/tb_ppg_control_top.v:51;rtl/ppg_control_top/tb_ppg_control_top.v:54;rtl/ppg_control_top/tb_ppg_control_top.v:237;rtl/ppg_control_top/tb_ppg_control_top.v:238;rtl/ppg_control_top/tb_ppg_control_top.v:529;rtl/ppg_control_top/tb_ppg_control_top.v:867;rtl/ppg_control_top/tb_ppg_control_top.v:1023;rtl/ppg_control_top/tb_ppg_control_top.v:1035;rtl/ppg_control_top/tb_ppg_control_top.v:2003;rtl/ppg_control_top/tb_ppg_control_top.v:2010;rtl/ppg_control_top/tb_ppg_control_top.v:2013;rtl/ppg_control_top/tb_ppg_control_top.v:2847;rtl/ppg_control_top/tb_ppg_control_top.v:3173;rtl/ppg_control_top/tb_ppg_control_top.v:3176;rtl/ppg_control_top/tb_ppg_control_top.v:3179;rtl/ppg_control_top/tb_ppg_control_top.v:3182,contracts/PPG_ALIAS_MAPPING_TABLE.md:40,contracts/PPG_ALIAS_MAPPING_TABLE.md:40,,A,C:\Users\DAWN\.codex\visualizations\2026\10\02\01a0fd16-9489-7e50-a7b6-a1178fd92bf1\ppg_audit\evidence\closure_skill_20261004\top_24_semantic.json,已合并逐项语义审阅；状态与限制须读原行，非验收CLOSED
TOP-16,TOP,contracts/PPG_DIGITAL_TOP_INTERFACE_CONNECTION_CONTRACT.md:928,rtl/ppg_adc_measurement_idac_integration/ppg_adc_measurement_idac_integration.v:1200,rtl/ppg_control_top/tb_ppg_control_top.v:21;rtl/ppg_control_top/tb_ppg_control_top.v:24;rtl/ppg_control_top/tb_ppg_control_top.v:48;rtl/ppg_control_top/tb_ppg_control_top.v:51;rtl/ppg_control_top/tb_ppg_control_top.v:1602;rtl/ppg_control_top/tb_ppg_control_top.v:1611;rtl/ppg_control_top/tb_ppg_control_top.v:1614,contracts/PPG_ALIAS_MAPPING_TABLE.md:41,,,A,C:\Users\DAWN\.codex\visualizations\2026\10\02\01a0fd16-9489-7e50-a7b6-a1178fd92bf1\ppg_audit\evidence\closure_skill_20261004\top_24_semantic.json,已合并逐项语义审阅；状态与限制须读原行，非验收CLOSED
TOP-17,TOP,contracts/PPG_DIGITAL_TOP_INTERFACE_CONNECTION_CONTRACT.md:929,rtl/ppg_control_top/ppg_control_top.v:416,rtl/ppg_control_top/tb_ppg_control_top.v:21;rtl/ppg_control_top/tb_ppg_control_top.v:24;rtl/ppg_control_top/tb_ppg_control_top.v:28;rtl/ppg_control_top/tb_ppg_control_top.v:48;rtl/ppg_control_top/tb_ppg_control_top.v:51;rtl/ppg_control_top/tb_ppg_control_top.v:53;rtl/ppg_control_top/tb_ppg_control_top.v:1082;rtl/ppg_control_top/tb_ppg_control_top.v:1683;rtl/ppg_control_top/tb_ppg_control_top.v:1687,contracts/PPG_ALIAS_MAPPING_TABLE.md:42;contracts/PPG_ALIAS_MAPPING_TABLE.md:456,,,A,C:\Users\DAWN\.codex\visualizations\2026\10\02\01a0fd16-9489-7e50-a7b6-a1178fd92bf1\ppg_audit\evidence\closure_skill_20261004\top_24_semantic.json,已合并逐项语义审阅；状态与限制须读原行，非验收CLOSED
TOP-18,TOP,contracts/PPG_DIGITAL_TOP_INTERFACE_CONNECTION_CONTRACT.md:930,rtl/ppg_control_top/ppg_control_top.v:410;rtl/ppg_control_top/ppg_control_top.v:411,rtl/ppg_control_top/tb_ppg_control_top.v:21;rtl/ppg_control_top/tb_ppg_control_top.v:24;rtl/ppg_control_top/tb_ppg_control_top.v:29;rtl/ppg_control_top/tb_ppg_control_top.v:48;rtl/ppg_control_top/tb_ppg_control_top.v:51;rtl/ppg_control_top/tb_ppg_control_top.v:54;rtl/ppg_control_top/tb_ppg_control_top.v:1750;rtl/ppg_control_top/tb_ppg_control_top.v:2542;rtl/ppg_control_top/tb_ppg_control_top.v:2543;rtl/ppg_control_top/tb_ppg_control_top.v:2560;rtl/ppg_control_top/tb_ppg_control_top.v:2563;rtl/ppg_control_top/tb_ppg_control_top.v:2576;rtl/ppg_control_top/tb_ppg_control_top.v:2579;rtl/ppg_control_top/tb_ppg_control_top.v:2582;rtl/ppg_control_top/tb_ppg_control_top.v:2585,contracts/PPG_ALIAS_MAPPING_TABLE.md:43,,,A,C:\Users\DAWN\.codex\visualizations\2026\10\02\01a0fd16-9489-7e50-a7b6-a1178fd92bf1\ppg_audit\evidence\closure_skill_20261004\top_24_semantic.json,已合并逐项语义审阅；状态与限制须读原行，非验收CLOSED
TOP-19,TOP,contracts/PPG_DIGITAL_TOP_INTERFACE_CONNECTION_CONTRACT.md:931,rtl/ppg_control_top/ppg_control_top.v:851,rtl/ppg_control_top/tb_ppg_control_top.v:21;rtl/ppg_control_top/tb_ppg_control_top.v:24;rtl/ppg_control_top/tb_ppg_control_top.v:48;rtl/ppg_control_top/tb_ppg_control_top.v:51;rtl/ppg_control_top/tb_ppg_control_top.v:2648,contracts/PPG_ALIAS_MAPPING_TABLE.md:44,,,A,C:\Users\DAWN\.codex\visualizations\2026\10\02\01a0fd16-9489-7e50-a7b6-a1178fd92bf1\ppg_audit\evidence\closure_skill_20261004\top_24_semantic.json,已合并逐项语义审阅；状态与限制须读原行，非验收CLOSED
TOP-20,TOP,contracts/PPG_DIGITAL_TOP_INTERFACE_CONNECTION_CONTRACT.md:932,rtl/ppg_400hz_frame_calibration_scheduler/ppg_400hz_frame_calibration_scheduler.v:426,rtl/ppg_control_top/tb_ppg_control_top.v:21;rtl/ppg_control_top/tb_ppg_control_top.v:23;rtl/ppg_control_top/tb_ppg_control_top.v:24;rtl/ppg_control_top/tb_ppg_control_top.v:48;rtl/ppg_control_top/tb_ppg_control_top.v:50;rtl/ppg_control_top/tb_ppg_control_top.v:51;rtl/ppg_control_top/tb_ppg_control_top.v:567;rtl/ppg_control_top/tb_ppg_control_top.v:2680;rtl/ppg_control_top/tb_ppg_control_top.v:2713;rtl/ppg_control_top/tb_ppg_control_top.v:2717;rtl/ppg_control_top/tb_ppg_control_top.v:2812;rtl/ppg_sar9_sar15_safe_selection_wrapper/tb_ppg_sar9_sar15_safe_selection_wrapper.v:17;rtl/ppg_sar9_sar15_safe_selection_wrapper/tb_ppg_sar9_sar15_safe_selection_wrapper.v:33,contracts/PPG_ALIAS_MAPPING_TABLE.md:45,,,A,C:\Users\DAWN\.codex\visualizations\2026\10\02\01a0fd16-9489-7e50-a7b6-a1178fd92bf1\ppg_audit\evidence\closure_skill_20261004\top_24_semantic.json,已合并逐项语义审阅；状态与限制须读原行，非验收CLOSED
TOP-21,TOP,contracts/PPG_DIGITAL_TOP_INTERFACE_CONNECTION_CONTRACT.md:933,rtl/ppg_adc_measurement_idac_integration/ppg_adc_measurement_idac_integration.v:908,rtl/ppg_control_top/tb_ppg_control_top.v:21;rtl/ppg_control_top/tb_ppg_control_top.v:24;rtl/ppg_control_top/tb_ppg_control_top.v:48;rtl/ppg_control_top/tb_ppg_control_top.v:51;rtl/ppg_control_top/tb_ppg_control_top_injection.v:21;rtl/ppg_control_top/tb_ppg_control_top_injection.v:41;rtl/ppg_control_top/tb_ppg_control_top_injection.v:677;rtl/ppg_control_top/tb_ppg_control_top_injection.v:679,contracts/PPG_ALIAS_MAPPING_TABLE.md:46,,,A,C:\Users\DAWN\.codex\visualizations\2026\10\02\01a0fd16-9489-7e50-a7b6-a1178fd92bf1\ppg_audit\evidence\closure_skill_20261004\top_24_semantic.json,已合并逐项语义审阅；状态与限制须读原行，非验收CLOSED
TOP-22,TOP,contracts/PPG_DIGITAL_TOP_INTERFACE_CONNECTION_CONTRACT.md:934,rtl/ppg_adc_measurement_idac_integration/ppg_adc_measurement_idac_integration.v:911;rtl/ppg_adc_measurement_idac_integration/ppg_adc_measurement_idac_integration.v:912,rtl/ppg_control_top/tb_ppg_control_top.v:21;rtl/ppg_control_top/tb_ppg_control_top.v:24;rtl/ppg_control_top/tb_ppg_control_top.v:48;rtl/ppg_control_top/tb_ppg_control_top.v:51;rtl/ppg_control_top/tb_ppg_control_top_injection.v:21;rtl/ppg_control_top/tb_ppg_control_top_injection.v:41,contracts/PPG_ALIAS_MAPPING_TABLE.md:47;contracts/PPG_ALIAS_MAPPING_TABLE.md:455,,,A,C:\Users\DAWN\.codex\visualizations\2026\10\02\01a0fd16-9489-7e50-a7b6-a1178fd92bf1\ppg_audit\evidence\closure_skill_20261004\top_24_semantic.json,已合并逐项语义审阅；状态与限制须读原行，非验收CLOSED
TOP-23,TOP,contracts/PPG_DIGITAL_TOP_INTERFACE_CONNECTION_CONTRACT.md:935,rtl/ppg_adc_measurement_idac_integration/ppg_adc_measurement_idac_integration.v:1013,rtl/ppg_control_top/tb_ppg_control_top.v:21;rtl/ppg_control_top/tb_ppg_control_top.v:24;rtl/ppg_control_top/tb_ppg_control_top.v:48;rtl/ppg_control_top/tb_ppg_control_top.v:51;rtl/ppg_control_top/tb_ppg_control_top_injection.v:21;rtl/ppg_control_top/tb_ppg_control_top_injection.v:41,contracts/PPG_ALIAS_MAPPING_TABLE.md:48,,,A,C:\Users\DAWN\.codex\visualizations\2026\10\02\01a0fd16-9489-7e50-a7b6-a1178fd92bf1\ppg_audit\evidence\closure_skill_20261004\top_24_semantic.json,已合并逐项语义审阅；状态与限制须读原行，非验收CLOSED
TOP-24,TOP,contracts/PPG_DIGITAL_TOP_INTERFACE_CONNECTION_CONTRACT.md:936,rtl/ppg_adc_measurement_idac_integration/ppg_adc_measurement_idac_integration.v:1012;rtl/ppg_adc_measurement_idac_integration/ppg_adc_measurement_idac_integration.v:1013,rtl/ppg_control_top/tb_ppg_control_top.v:21;rtl/ppg_control_top/tb_ppg_control_top.v:24;rtl/ppg_control_top/tb_ppg_control_top.v:48;rtl/ppg_control_top/tb_ppg_control_top.v:51;rtl/ppg_control_top/tb_ppg_control_top_injection.v:21;rtl/ppg_control_top/tb_ppg_control_top_injection.v:41;rtl/ppg_control_top/tb_ppg_control_top_injection.v:46;rtl/ppg_control_top/tb_ppg_control_top_injection.v:987,contracts/PPG_ALIAS_MAPPING_TABLE.md:49,,,A,C:\Users\DAWN\.codex\visualizations\2026\10\02\01a0fd16-9489-7e50-a7b6-a1178fd92bf1\ppg_audit\evidence\closure_skill_20261004\top_24_semantic.json,已合并逐项语义审阅；状态与限制须读原行，非验收CLOSED
TRK-01,TRK,contracts/PPG_REAL_PPG_RAW_GENERATOR_TESTBENCH_CONTRACT.md:566,rtl/ppg_idac_code_controller/ppg_idac_code_controller.v:498,rtl/ppg_control_top/tb_ppg_control_top_normal_slow_tracking.v:24;rtl/ppg_control_top/tb_ppg_control_top_normal_slow_tracking.v:25;rtl/ppg_control_top/tb_ppg_control_top_normal_slow_tracking.v:26;rtl/ppg_control_top/tb_ppg_control_top_normal_slow_tracking.v:48;rtl/ppg_control_top/tb_ppg_control_top_normal_slow_tracking.v:49;rtl/ppg_control_top/tb_ppg_control_top_normal_slow_tracking.v:52;rtl/ppg_control_top/tb_ppg_control_top_normal_slow_tracking.v:53;rtl/ppg_control_top/tb_ppg_control_top_normal_slow_tracking.v:1018;rtl/ppg_control_top/tb_ppg_control_top_normal_slow_tracking.v:1054;rtl/ppg_control_top/tb_ppg_control_top_normal_slow_tracking.v:1057,contracts/PPG_ALIAS_MAPPING_TABLE.md:212,,,C,C:\Users\DAWN\.codex\visualizations\2026\10\02\01a0fd78-b9b8-78f2-8e39-c02cd0049c19\ppg_review_C\evidence\id_review_matrix.csv,已合并逐项语义审阅；状态与限制须读原行，非验收CLOSED
TRK-02,TRK,contracts/PPG_REAL_PPG_RAW_GENERATOR_TESTBENCH_CONTRACT.md:567,rtl/ppg_idac_code_controller/ppg_idac_code_controller.v:547;rtl/ppg_idac_code_controller/ppg_idac_code_controller.v:1070,rtl/ppg_control_top/tb_ppg_control_top_normal_slow_tracking.v:25;rtl/ppg_control_top/tb_ppg_control_top_normal_slow_tracking.v:26;rtl/ppg_control_top/tb_ppg_control_top_normal_slow_tracking.v:49;rtl/ppg_control_top/tb_ppg_control_top_normal_slow_tracking.v:53;rtl/ppg_control_top/tb_ppg_control_top_normal_slow_tracking.v:1060;rtl/ppg_control_top/tb_ppg_control_top_normal_slow_tracking.v:1067;rtl/ppg_control_top/tb_ppg_control_top_normal_slow_tracking.v:1088;rtl/ppg_control_top/tb_ppg_control_top_normal_slow_tracking.v:1091;rtl/ppg_control_top/tb_ppg_control_top_normal_slow_tracking.v:1098;rtl/ppg_control_top/tb_ppg_control_top_normal_slow_tracking.v:1102;rtl/ppg_control_top/tb_ppg_control_top_normal_slow_tracking.v:1145;rtl/ppg_control_top/tb_ppg_control_top_normal_slow_tracking.v:1148,contracts/PPG_ALIAS_MAPPING_TABLE.md:213,,,C,C:\Users\DAWN\.codex\visualizations\2026\10\02\01a0fd78-b9b8-78f2-8e39-c02cd0049c19\ppg_review_C\evidence\id_review_matrix.csv,已合并逐项语义审阅；状态与限制须读原行，非验收CLOSED
TRK-03,TRK,contracts/PPG_REAL_PPG_RAW_GENERATOR_TESTBENCH_CONTRACT.md:568,rtl/ppg_idac_code_controller/ppg_idac_code_controller.v:1084;rtl/ppg_idac_code_controller/ppg_idac_code_controller.v:1087,rtl/ppg_control_top/tb_ppg_control_top_normal_slow_tracking.v:25;rtl/ppg_control_top/tb_ppg_control_top_normal_slow_tracking.v:26;rtl/ppg_control_top/tb_ppg_control_top_normal_slow_tracking.v:49;rtl/ppg_control_top/tb_ppg_control_top_normal_slow_tracking.v:53;rtl/ppg_control_top/tb_ppg_control_top_normal_slow_tracking.v:1106;rtl/ppg_control_top/tb_ppg_control_top_normal_slow_tracking.v:1116;rtl/ppg_control_top/tb_ppg_control_top_normal_slow_tracking.v:1122,contracts/PPG_ALIAS_MAPPING_TABLE.md:214,,,C,C:\Users\DAWN\.codex\visualizations\2026\10\02\01a0fd78-b9b8-78f2-8e39-c02cd0049c19\ppg_review_C\evidence\id_review_matrix.csv,已合并逐项语义审阅；状态与限制须读原行，非验收CLOSED
TRK-04,TRK,contracts/PPG_REAL_PPG_RAW_GENERATOR_TESTBENCH_CONTRACT.md:569,rtl/ppg_idac_code_controller/ppg_idac_code_controller.v:1070;rtl/ppg_idac_code_controller/ppg_idac_code_controller.v:1091,rtl/ppg_control_top/tb_ppg_control_top_normal_slow_tracking.v:25;rtl/ppg_control_top/tb_ppg_control_top_normal_slow_tracking.v:26;rtl/ppg_control_top/tb_ppg_control_top_normal_slow_tracking.v:49;rtl/ppg_control_top/tb_ppg_control_top_normal_slow_tracking.v:53;rtl/ppg_control_top/tb_ppg_control_top_normal_slow_tracking.v:1061;rtl/ppg_control_top/tb_ppg_control_top_normal_slow_tracking.v:1072;rtl/ppg_control_top/tb_ppg_control_top_normal_slow_tracking.v:1076;rtl/ppg_control_top/tb_ppg_control_top_normal_slow_tracking.v:1080,contracts/PPG_ALIAS_MAPPING_TABLE.md:215,,,C,C:\Users\DAWN\.codex\visualizations\2026\10\02\01a0fd78-b9b8-78f2-8e39-c02cd0049c19\ppg_review_C\evidence\id_review_matrix.csv,已合并逐项语义审阅；状态与限制须读原行，非验收CLOSED
TRK-05,TRK,contracts/PPG_REAL_PPG_RAW_GENERATOR_TESTBENCH_CONTRACT.md:570,rtl/ppg_idac_code_controller/ppg_idac_code_controller.v:137,rtl/ppg_control_top/tb_ppg_control_top_normal_slow_tracking.v:25;rtl/ppg_control_top/tb_ppg_control_top_normal_slow_tracking.v:26;rtl/ppg_control_top/tb_ppg_control_top_normal_slow_tracking.v:49;rtl/ppg_control_top/tb_ppg_control_top_normal_slow_tracking.v:51;rtl/ppg_control_top/tb_ppg_control_top_normal_slow_tracking.v:53;rtl/ppg_control_top/tb_ppg_control_top_normal_slow_tracking.v:498;rtl/ppg_control_top/tb_ppg_control_top_normal_slow_tracking.v:816;rtl/ppg_control_top/tb_ppg_control_top_normal_slow_tracking.v:1416;rtl/ppg_control_top/tb_ppg_control_top_normal_slow_tracking.v:1488;rtl/ppg_control_top/tb_ppg_control_top_normal_slow_tracking.v:1526;rtl/ppg_control_top/tb_ppg_control_top_normal_slow_tracking.v:1530;rtl/ppg_control_top/tb_ppg_control_top_normal_slow_tracking.v:1533;rtl/ppg_control_top/tb_ppg_control_top_normal_slow_tracking.v:1536;rtl/ppg_control_top/tb_ppg_control_top_normal_slow_tracking.v:1539;rtl/ppg_control_top/tb_ppg_control_top_normal_slow_tracking.v:1542;rtl/ppg_control_top/tb_ppg_control_top_no_recheck_control.v:25;rtl/ppg_control_top/tb_ppg_control_top_no_recheck_control.v:48,contracts/PPG_ALIAS_MAPPING_TABLE.md:216,,,C,C:\Users\DAWN\.codex\visualizations\2026\10\02\01a0fd78-b9b8-78f2-8e39-c02cd0049c19\ppg_review_C\evidence\id_review_matrix.csv,已合并逐项语义审阅；状态与限制须读原行，非验收CLOSED
TRK-06,TRK,contracts/PPG_REAL_PPG_RAW_GENERATOR_TESTBENCH_CONTRACT.md:571,rtl/ppg_idac_code_controller/ppg_idac_code_controller.v:453,rtl/ppg_control_top/tb_ppg_control_top_normal_slow_tracking.v:25;rtl/ppg_control_top/tb_ppg_control_top_normal_slow_tracking.v:26;rtl/ppg_control_top/tb_ppg_control_top_normal_slow_tracking.v:49;rtl/ppg_control_top/tb_ppg_control_top_normal_slow_tracking.v:53;rtl/ppg_control_top/tb_ppg_control_top_normal_slow_tracking.v:1124;rtl/ppg_control_top/tb_ppg_control_top_normal_slow_tracking.v:1129;rtl/ppg_control_top/tb_ppg_control_top_normal_slow_tracking.v:1151;rtl/ppg_control_top/tb_ppg_control_top_normal_slow_tracking.v:1156;rtl/ppg_control_top/tb_ppg_control_top_normal_slow_tracking.v:1159;rtl/ppg_control_top/tb_ppg_control_top_normal_slow_tracking.v:1162;rtl/ppg_control_top/tb_ppg_control_top_normal_slow_tracking.v:1165,contracts/PPG_ALIAS_MAPPING_TABLE.md:217,,,C,C:\Users\DAWN\.codex\visualizations\2026\10\02\01a0fd78-b9b8-78f2-8e39-c02cd0049c19\ppg_review_C\evidence\id_review_matrix.csv,已合并逐项语义审阅；状态与限制须读原行，非验收CLOSED
TRK-07,TRK,contracts/PPG_REAL_PPG_RAW_GENERATOR_TESTBENCH_CONTRACT.md:572,rtl/ppg_idac_code_controller/ppg_idac_code_controller.v:879;rtl/ppg_idac_code_controller/ppg_idac_code_controller.v:882,rtl/ppg_control_top/tb_ppg_control_top_normal_slow_tracking.v:25;rtl/ppg_control_top/tb_ppg_control_top_normal_slow_tracking.v:26;rtl/ppg_control_top/tb_ppg_control_top_normal_slow_tracking.v:49;rtl/ppg_control_top/tb_ppg_control_top_normal_slow_tracking.v:53;rtl/ppg_control_top/tb_ppg_control_top_normal_slow_tracking.v:1129;rtl/ppg_control_top/tb_ppg_control_top_normal_slow_tracking.v:1168;rtl/ppg_control_top/tb_ppg_control_top_normal_slow_tracking.v:1177;rtl/ppg_control_top/tb_ppg_control_top_normal_slow_tracking.v:1180;rtl/ppg_control_top/tb_ppg_control_top_normal_slow_tracking.v:1184;rtl/ppg_control_top/tb_ppg_control_top_normal_slow_tracking.v:1189;rtl/ppg_control_top/tb_ppg_control_top_normal_slow_tracking.v:1192,contracts/PPG_ALIAS_MAPPING_TABLE.md:218,,,C,C:\Users\DAWN\.codex\visualizations\2026\10\02\01a0fd78-b9b8-78f2-8e39-c02cd0049c19\ppg_review_C\evidence\id_review_matrix.csv,已合并逐项语义审阅；状态与限制须读原行，非验收CLOSED
TRK-08,TRK,contracts/PPG_REAL_PPG_RAW_GENERATOR_TESTBENCH_CONTRACT.md:573,rtl/ppg_idac_code_controller/ppg_idac_code_controller.v:463;rtl/ppg_idac_code_controller/ppg_idac_code_controller.v:879,rtl/ppg_control_top/tb_ppg_control_top_idac_bus_isolation.v:25;rtl/ppg_control_top/tb_ppg_control_top_idac_bus_isolation.v:48;rtl/ppg_control_top/tb_ppg_control_top_idac_bus_isolation.v:560;rtl/ppg_control_top/tb_ppg_control_top_idac_bus_isolation.v:561;rtl/ppg_control_top/tb_ppg_control_top_idac_bus_isolation.v:1351;rtl/ppg_control_top/tb_ppg_control_top_normal_slow_tracking.v:25;rtl/ppg_control_top/tb_ppg_control_top_normal_slow_tracking.v:26;rtl/ppg_control_top/tb_ppg_control_top_normal_slow_tracking.v:49;rtl/ppg_control_top/tb_ppg_control_top_normal_slow_tracking.v:52;rtl/ppg_control_top/tb_ppg_control_top_normal_slow_tracking.v:53;rtl/ppg_control_top/tb_ppg_control_top_normal_slow_tracking.v:1259;rtl/ppg_control_top/tb_ppg_control_top_normal_slow_tracking.v:1281;rtl/ppg_control_top/tb_ppg_control_top_normal_slow_tracking.v:1291;rtl/ppg_control_top/tb_ppg_control_top_normal_slow_tracking.v:1294;rtl/ppg_control_top/tb_ppg_control_top_normal_slow_tracking.v:1301;rtl/ppg_control_top/tb_ppg_control_top_normal_slow_tracking.v:1396;rtl/ppg_control_top/tb_ppg_control_top_normal_slow_tracking.v:1406;rtl/ppg_control_top/tb_ppg_control_top_normal_slow_tracking.v:1409,contracts/PPG_ALIAS_MAPPING_TABLE.md:219,,,C,C:\Users\DAWN\.codex\visualizations\2026\10\02\01a0fd78-b9b8-78f2-8e39-c02cd0049c19\ppg_review_C\evidence\id_review_matrix.csv,已合并逐项语义审阅；状态与限制须读原行，非验收CLOSED
TRK-09,TRK,contracts/PPG_REAL_PPG_RAW_GENERATOR_TESTBENCH_CONTRACT.md:574,rtl/ppg_idac_code_controller/ppg_idac_code_controller.v:498,rtl/ppg_control_top/tb_ppg_control_top_normal_slow_tracking.v:25;rtl/ppg_control_top/tb_ppg_control_top_normal_slow_tracking.v:26;rtl/ppg_control_top/tb_ppg_control_top_normal_slow_tracking.v:49;rtl/ppg_control_top/tb_ppg_control_top_normal_slow_tracking.v:50;rtl/ppg_control_top/tb_ppg_control_top_normal_slow_tracking.v:53;rtl/ppg_control_top/tb_ppg_control_top_normal_slow_tracking.v:1198;rtl/ppg_control_top/tb_ppg_control_top_normal_slow_tracking.v:1234;rtl/ppg_control_top/tb_ppg_control_top_normal_slow_tracking.v:1237,contracts/PPG_ALIAS_MAPPING_TABLE.md:220,,,C,C:\Users\DAWN\.codex\visualizations\2026\10\02\01a0fd78-b9b8-78f2-8e39-c02cd0049c19\ppg_review_C\evidence\id_review_matrix.csv,已合并逐项语义审阅；状态与限制须读原行，非验收CLOSED
TRK-10,TRK,contracts/PPG_REAL_PPG_RAW_GENERATOR_TESTBENCH_CONTRACT.md:575,rtl/ppg_idac_code_controller/ppg_idac_code_controller.v:440;rtl/ppg_idac_code_controller/ppg_idac_code_controller.v:443,rtl/ppg_control_top/tb_ppg_control_top_normal_slow_tracking.v:25;rtl/ppg_control_top/tb_ppg_control_top_normal_slow_tracking.v:26;rtl/ppg_control_top/tb_ppg_control_top_normal_slow_tracking.v:49;rtl/ppg_control_top/tb_ppg_control_top_normal_slow_tracking.v:53;rtl/ppg_control_top/tb_ppg_control_top_normal_slow_tracking.v:1241;rtl/ppg_control_top/tb_ppg_control_top_normal_slow_tracking.v:1248;rtl/ppg_control_top/tb_ppg_control_top_normal_slow_tracking.v:1252,contracts/PPG_ALIAS_MAPPING_TABLE.md:221,,,C,C:\Users\DAWN\.codex\visualizations\2026\10\02\01a0fd78-b9b8-78f2-8e39-c02cd0049c19\ppg_review_C\evidence\id_review_matrix.csv,已合并逐项语义审阅；状态与限制须读原行，非验收CLOSED
UNPACK-01,UNPACK,contracts/ppg_system_active_config_unpack_semantic_contract.md:114,,rtl/ppg_system_active_config_unpack/tb_ppg_system_active_config_unpack.v:213;rtl/ppg_system_active_config_unpack/tb_ppg_system_active_config_unpack.v:217,,,"rtl_tag,matrix_or_alias",D,C:\Users\DAWN\.codex\visualizations\2026\10\02\01a0fd78-edf3-7221-9fc4-3dd2391369a9\ppg_review_D\evidence\id_local_D.json,已合并逐项语义审阅；状态与限制须读原行，非验收CLOSED
UNPACK-02,UNPACK,contracts/ppg_system_active_config_unpack_semantic_contract.md:115,,rtl/ppg_system_active_config_unpack/tb_ppg_system_active_config_unpack.v:221;rtl/ppg_system_active_config_unpack/tb_ppg_system_active_config_unpack.v:226,,,"rtl_tag,matrix_or_alias",D,C:\Users\DAWN\.codex\visualizations\2026\10\02\01a0fd78-edf3-7221-9fc4-3dd2391369a9\ppg_review_D\evidence\id_local_D.json,已合并逐项语义审阅；状态与限制须读原行，非验收CLOSED
UNPACK-03,UNPACK,contracts/ppg_system_active_config_unpack_semantic_contract.md:116,,rtl/ppg_system_active_config_unpack/tb_ppg_system_active_config_unpack.v:230;rtl/ppg_system_active_config_unpack/tb_ppg_system_active_config_unpack.v:249,,,"rtl_tag,matrix_or_alias",D,C:\Users\DAWN\.codex\visualizations\2026\10\02\01a0fd78-edf3-7221-9fc4-3dd2391369a9\ppg_review_D\evidence\id_local_D.json,已合并逐项语义审阅；状态与限制须读原行，非验收CLOSED
UNPACK-04,UNPACK,contracts/ppg_system_active_config_unpack_semantic_contract.md:117,,rtl/ppg_system_active_config_unpack/tb_ppg_system_active_config_unpack.v:252;rtl/ppg_system_active_config_unpack/tb_ppg_system_active_config_unpack.v:256,,,"rtl_tag,matrix_or_alias",D,C:\Users\DAWN\.codex\visualizations\2026\10\02\01a0fd78-edf3-7221-9fc4-3dd2391369a9\ppg_review_D\evidence\id_local_D.json,已合并逐项语义审阅；状态与限制须读原行，非验收CLOSED
