matrix_line,contract,port,direction,reference,contract_line,target,state,current_definition_line,current_definition_text,rtl_declaration_line,reason,current_ast_assign_line,expected_slice,actual_rhs
1734,C05,i_active_config,input,ppg_system_active_config_unpack/ppg_system_active_config_unpack_semantic_contract.md:28,28,`i_active_config[C_CONFIG_WIDTH-1:0]` is the sole input. Its only producer is,literal_source_match,28,`i_active_config[C_CONFIG_WIDTH-1:0]` is the sole input. Its only producer is,50,Current named bitmap field or manually expanded Chinese/ten-weight group; all 67 output slices independently agree with canonical Erie AST assignments.,,,
1735,C05,o_schema_version,output,ppg_system_active_config_unpack/ppg_system_active_config_unpack_semantic_contract.md:53,53,| `[7:0]` | `o_schema_version` | unsigned 8-bit |,literal_source_match,53,| `[7:0]` | `o_schema_version` | unsigned 8-bit |,53,Current named bitmap field or manually expanded Chinese/ten-weight group; all 67 output slices independently agree with canonical Erie AST assignments.,143,7:0,i_active_config[7:0]
1736,C05,o_run_profile,output,ppg_system_active_config_unpack/ppg_system_active_config_unpack_semantic_contract.md:54,54,| `[8]` | `o_run_profile` | 1-bit |,literal_source_match,54,| `[8]` | `o_run_profile` | 1-bit |,54,Current named bitmap field or manually expanded Chinese/ten-weight group; all 67 output slices independently agree with canonical Erie AST assignments.,144,8,i_active_config[8]
1737,C05,o_input_source,output,ppg_system_active_config_unpack/ppg_system_active_config_unpack_semantic_contract.md:55,55,| `[9]` | `o_input_source` | 1-bit |,literal_source_match,55,| `[9]` | `o_input_source` | 1-bit |,55,Current named bitmap field or manually expanded Chinese/ten-weight group; all 67 output slices independently agree with canonical Erie AST assignments.,145,9,i_active_config[9]
1738,C05,o_idac_mode,output,ppg_system_active_config_unpack/ppg_system_active_config_unpack_semantic_contract.md:56,56,| `[11:10]` | `o_idac_mode` | 2-bit enum |,literal_source_match,56,| `[11:10]` | `o_idac_mode` | 2-bit enum |,56,Current named bitmap field or manually expanded Chinese/ten-weight group; all 67 output slices independently agree with canonical Erie AST assignments.,146,11:10,i_active_config[11:10]
1739,C05,o_optical_mode,output,ppg_system_active_config_unpack/ppg_system_active_config_unpack_semantic_contract.md:57,57,| `[13:12]` | `o_optical_mode` | 2-bit enum |,literal_source_match,57,| `[13:12]` | `o_optical_mode` | 2-bit enum |,57,Current named bitmap field or manually expanded Chinese/ten-weight group; all 67 output slices independently agree with canonical Erie AST assignments.,147,13:12,i_active_config[13:12]
1740,C05,o_initial_precision,output,ppg_system_active_config_unpack/ppg_system_active_config_unpack_semantic_contract.md:58,58,| `[14]` | `o_initial_precision` | 1-bit |,literal_source_match,58,| `[14]` | `o_initial_precision` | 1-bit |,58,Current named bitmap field or manually expanded Chinese/ten-weight group; all 67 output slices independently agree with canonical Erie AST assignments.,148,14,i_active_config[14]
1741,C05,o_amb_enable,output,ppg_system_active_config_unpack/ppg_system_active_config_unpack_semantic_contract.md:59,59,| `[15]` | `o_amb_enable` | 1-bit |,literal_source_match,59,| `[15]` | `o_amb_enable` | 1-bit |,59,Current named bitmap field or manually expanded Chinese/ten-weight group; all 67 output slices independently agree with canonical Erie AST assignments.,149,15,i_active_config[15]
1742,C05,o_dcs_enable,output,ppg_system_active_config_unpack/ppg_system_active_config_unpack_semantic_contract.md:60,60,| `[16]` | `o_dcs_enable` | 1-bit |,literal_source_match,60,| `[16]` | `o_dcs_enable` | 1-bit |,60,Current named bitmap field or manually expanded Chinese/ten-weight group; all 67 output slices independently agree with canonical Erie AST assignments.,150,16,i_active_config[16]
1743,C05,o_amb_polarity,output,ppg_system_active_config_unpack/ppg_system_active_config_unpack_semantic_contract.md:61,61,| `[17]` | `o_amb_polarity` | 1-bit |,literal_source_match,61,| `[17]` | `o_amb_polarity` | 1-bit |,61,Current named bitmap field or manually expanded Chinese/ten-weight group; all 67 output slices independently agree with canonical Erie AST assignments.,151,17,i_active_config[17]
1744,C05,o_dcs_polarity,output,ppg_system_active_config_unpack/ppg_system_active_config_unpack_semantic_contract.md:62,62,| `[18]` | `o_dcs_polarity` | 1-bit |,literal_source_match,62,| `[18]` | `o_dcs_polarity` | 1-bit |,62,Current named bitmap field or manually expanded Chinese/ten-weight group; all 67 output slices independently agree with canonical Erie AST assignments.,152,18,i_active_config[18]
1745,C05,o_stage1_calibration_valid,output,ppg_system_active_config_unpack/ppg_system_active_config_unpack_semantic_contract.md:63,63,| `[19]` | `o_stage1_calibration_valid` | 1-bit |,literal_source_match,63,| `[19]` | `o_stage1_calibration_valid` | 1-bit |,63,Current named bitmap field or manually expanded Chinese/ten-weight group; all 67 output slices independently agree with canonical Erie AST assignments.,153,19,i_active_config[19]
1746,C05,o_stage2_calibration_valid,output,ppg_system_active_config_unpack/ppg_system_active_config_unpack_semantic_contract.md:64,64,| `[20]` | `o_stage2_calibration_valid` | 1-bit |,literal_source_match,64,| `[20]` | `o_stage2_calibration_valid` | 1-bit |,64,Current named bitmap field or manually expanded Chinese/ten-weight group; all 67 output slices independently agree with canonical Erie AST assignments.,154,20,i_active_config[20]
1747,C05,o_dc9_recovery_valid,output,ppg_system_active_config_unpack/ppg_system_active_config_unpack_semantic_contract.md:65,65,| `[21]` | `o_dc9_recovery_valid` | 1-bit |,literal_source_match,65,| `[21]` | `o_dc9_recovery_valid` | 1-bit |,65,Current named bitmap field or manually expanded Chinese/ten-weight group; all 67 output slices independently agree with canonical Erie AST assignments.,155,21,i_active_config[21]
1748,C05,o_dc15_recovery_valid,output,ppg_system_active_config_unpack/ppg_system_active_config_unpack_semantic_contract.md:66,66,| `[22]` | `o_dc15_recovery_valid` | 1-bit |,literal_source_match,66,| `[22]` | `o_dc15_recovery_valid` | 1-bit |,66,Current named bitmap field or manually expanded Chinese/ten-weight group; all 67 output slices independently agree with canonical Erie AST assignments.,156,22,i_active_config[22]
1749,C05,o_amb_manual_code,output,ppg_system_active_config_unpack/ppg_system_active_config_unpack_semantic_contract.md:67,67,| `[39:32]`、`[47:40]`、`[55:48]` | AMB manual/min/max | unsigned 8-bit |,accepted_current_field_group,67,| `[39:32]`、`[47:40]`、`[55:48]` | AMB manual/min/max | unsigned 8-bit |,69,Current named bitmap field or manually expanded Chinese/ten-weight group; all 67 output slices independently agree with canonical Erie AST assignments.,157,39:32,i_active_config[39:32]
1750,C05,o_amb_code_min,output,ppg_system_active_config_unpack/ppg_system_active_config_unpack_semantic_contract.md:67,67,| `[39:32]`、`[47:40]`、`[55:48]` | AMB manual/min/max | unsigned 8-bit |,accepted_current_field_group,67,| `[39:32]`、`[47:40]`、`[55:48]` | AMB manual/min/max | unsigned 8-bit |,70,Current named bitmap field or manually expanded Chinese/ten-weight group; all 67 output slices independently agree with canonical Erie AST assignments.,158,47:40,i_active_config[47:40]
1751,C05,o_amb_code_max,output,ppg_system_active_config_unpack/ppg_system_active_config_unpack_semantic_contract.md:67,67,| `[39:32]`、`[47:40]`、`[55:48]` | AMB manual/min/max | unsigned 8-bit |,accepted_current_field_group,67,| `[39:32]`、`[47:40]`、`[55:48]` | AMB manual/min/max | unsigned 8-bit |,71,Current named bitmap field or manually expanded Chinese/ten-weight group; all 67 output slices independently agree with canonical Erie AST assignments.,159,55:48,i_active_config[55:48]
1752,C05,o_dcs_r_manual_code,output,ppg_system_active_config_unpack/ppg_system_active_config_unpack_semantic_contract.md:68,68,| `[63:56]`、`[71:64]`、`[79:72]` | 红光DCS manual/min/max | unsigned 8-bit |,accepted_current_field_group,68,| `[63:56]`、`[71:64]`、`[79:72]` | 红光DCS manual/min/max | unsigned 8-bit |,72,Current named bitmap field or manually expanded Chinese/ten-weight group; all 67 output slices independently agree with canonical Erie AST assignments.,160,63:56,i_active_config[63:56]
1753,C05,o_dcs_r_code_min,output,ppg_system_active_config_unpack/ppg_system_active_config_unpack_semantic_contract.md:68,68,| `[63:56]`、`[71:64]`、`[79:72]` | 红光DCS manual/min/max | unsigned 8-bit |,accepted_current_field_group,68,| `[63:56]`、`[71:64]`、`[79:72]` | 红光DCS manual/min/max | unsigned 8-bit |,73,Current named bitmap field or manually expanded Chinese/ten-weight group; all 67 output slices independently agree with canonical Erie AST assignments.,161,71:64,i_active_config[71:64]
1754,C05,o_dcs_r_code_max,output,ppg_system_active_config_unpack/ppg_system_active_config_unpack_semantic_contract.md:68,68,| `[63:56]`、`[71:64]`、`[79:72]` | 红光DCS manual/min/max | unsigned 8-bit |,accepted_current_field_group,68,| `[63:56]`、`[71:64]`、`[79:72]` | 红光DCS manual/min/max | unsigned 8-bit |,74,Current named bitmap field or manually expanded Chinese/ten-weight group; all 67 output slices independently agree with canonical Erie AST assignments.,162,79:72,i_active_config[79:72]
1755,C05,o_dcs_ir_manual_code,output,ppg_system_active_config_unpack/ppg_system_active_config_unpack_semantic_contract.md:69,69,| `[87:80]`、`[95:88]`、`[103:96]` | 红外DCS manual/min/max | unsigned 8-bit |,accepted_current_field_group,69,| `[87:80]`、`[95:88]`、`[103:96]` | 红外DCS manual/min/max | unsigned 8-bit |,75,Current named bitmap field or manually expanded Chinese/ten-weight group; all 67 output slices independently agree with canonical Erie AST assignments.,163,87:80,i_active_config[87:80]
1756,C05,o_dcs_ir_code_min,output,ppg_system_active_config_unpack/ppg_system_active_config_unpack_semantic_contract.md:69,69,| `[87:80]`、`[95:88]`、`[103:96]` | 红外DCS manual/min/max | unsigned 8-bit |,accepted_current_field_group,69,| `[87:80]`、`[95:88]`、`[103:96]` | 红外DCS manual/min/max | unsigned 8-bit |,76,Current named bitmap field or manually expanded Chinese/ten-weight group; all 67 output slices independently agree with canonical Erie AST assignments.,164,95:88,i_active_config[95:88]
1757,C05,o_dcs_ir_code_max,output,ppg_system_active_config_unpack/ppg_system_active_config_unpack_semantic_contract.md:69,69,| `[87:80]`、`[95:88]`、`[103:96]` | 红外DCS manual/min/max | unsigned 8-bit |,accepted_current_field_group,69,| `[87:80]`、`[95:88]`、`[103:96]` | 红外DCS manual/min/max | unsigned 8-bit |,77,Current named bitmap field or manually expanded Chinese/ten-weight group; all 67 output slices independently agree with canonical Erie AST assignments.,165,103:96,i_active_config[103:96]
1758,C05,o_amb_threshold_low,output,ppg_system_active_config_unpack/ppg_system_active_config_unpack_semantic_contract.md:70,70,| `[115:104]`、`[127:116]` | AMB LOW/HIGH | signed 12-bit整数 |,accepted_current_field_group,70,| `[115:104]`、`[127:116]` | AMB LOW/HIGH | signed 12-bit整数 |,80,Current named bitmap field or manually expanded Chinese/ten-weight group; all 67 output slices independently agree with canonical Erie AST assignments.,166,115:104,$signed(i_active_config[115:104])
1759,C05,o_amb_threshold_high,output,ppg_system_active_config_unpack/ppg_system_active_config_unpack_semantic_contract.md:70,70,| `[115:104]`、`[127:116]` | AMB LOW/HIGH | signed 12-bit整数 |,accepted_current_field_group,70,| `[115:104]`、`[127:116]` | AMB LOW/HIGH | signed 12-bit整数 |,81,Current named bitmap field or manually expanded Chinese/ten-weight group; all 67 output slices independently agree with canonical Erie AST assignments.,167,127:116,$signed(i_active_config[127:116])
1760,C05,o_dcs_threshold_low,output,ppg_system_active_config_unpack/ppg_system_active_config_unpack_semantic_contract.md:71,71,| `[139:128]`、`[151:140]` | DCS LOW/HIGH | signed 12-bit整数 |,accepted_current_field_group,71,| `[139:128]`、`[151:140]` | DCS LOW/HIGH | signed 12-bit整数 |,82,Current named bitmap field or manually expanded Chinese/ten-weight group; all 67 output slices independently agree with canonical Erie AST assignments.,168,139:128,$signed(i_active_config[139:128])
1761,C05,o_dcs_threshold_high,output,ppg_system_active_config_unpack/ppg_system_active_config_unpack_semantic_contract.md:71,71,| `[139:128]`、`[151:140]` | DCS LOW/HIGH | signed 12-bit整数 |,accepted_current_field_group,71,| `[139:128]`、`[151:140]` | DCS LOW/HIGH | signed 12-bit整数 |,83,Current named bitmap field or manually expanded Chinese/ten-weight group; all 67 output slices independently agree with canonical Erie AST assignments.,169,151:140,$signed(i_active_config[151:140])
1762,C05,o_amb_confirm_count,output,ppg_system_active_config_unpack/ppg_system_active_config_unpack_semantic_contract.md:72,72,| `[159:152]`、`[167:160]` | AMB/DCS confirm_count | unsigned 8-bit |,accepted_current_field_group,72,| `[159:152]`、`[167:160]` | AMB/DCS confirm_count | unsigned 8-bit |,84,Current named bitmap field or manually expanded Chinese/ten-weight group; all 67 output slices independently agree with canonical Erie AST assignments.,170,159:152,i_active_config[159:152]
1763,C05,o_dcs_confirm_count,output,ppg_system_active_config_unpack/ppg_system_active_config_unpack_semantic_contract.md:72,72,| `[159:152]`、`[167:160]` | AMB/DCS confirm_count | unsigned 8-bit |,accepted_current_field_group,72,| `[159:152]`、`[167:160]` | AMB/DCS confirm_count | unsigned 8-bit |,85,Current named bitmap field or manually expanded Chinese/ten-weight group; all 67 output slices independently agree with canonical Erie AST assignments.,171,167:160,i_active_config[167:160]
1764,C05,o_stage1_weight_q16_0,output,ppg_system_active_config_unpack/ppg_system_active_config_unpack_semantic_contract.md:73,73,| `[193:168]`至`[427:402]` | `o_stage1_weight_q16_0`至`_9` | 各signed 26-bit Q16 |,accepted_current_field_group,73,| `[193:168]`至`[427:402]` | `o_stage1_weight_q16_0`至`_9` | 各signed 26-bit Q16 |,88,Current named bitmap field or manually expanded Chinese/ten-weight group; all 67 output slices independently agree with canonical Erie AST assignments.,172,193:168,$signed(i_active_config[193:168])
1765,C05,o_stage1_weight_q16_1,output,ppg_system_active_config_unpack/ppg_system_active_config_unpack_semantic_contract.md:73,73,| `[193:168]`至`[427:402]` | `o_stage1_weight_q16_0`至`_9` | 各signed 26-bit Q16 |,accepted_current_field_group,73,| `[193:168]`至`[427:402]` | `o_stage1_weight_q16_0`至`_9` | 各signed 26-bit Q16 |,89,Current named bitmap field or manually expanded Chinese/ten-weight group; all 67 output slices independently agree with canonical Erie AST assignments.,173,219:194,$signed(i_active_config[219:194])
1766,C05,o_stage1_weight_q16_2,output,ppg_system_active_config_unpack/ppg_system_active_config_unpack_semantic_contract.md:73,73,| `[193:168]`至`[427:402]` | `o_stage1_weight_q16_0`至`_9` | 各signed 26-bit Q16 |,accepted_current_field_group,73,| `[193:168]`至`[427:402]` | `o_stage1_weight_q16_0`至`_9` | 各signed 26-bit Q16 |,90,Current named bitmap field or manually expanded Chinese/ten-weight group; all 67 output slices independently agree with canonical Erie AST assignments.,174,245:220,$signed(i_active_config[245:220])
1767,C05,o_stage1_weight_q16_3,output,ppg_system_active_config_unpack/ppg_system_active_config_unpack_semantic_contract.md:73,73,| `[193:168]`至`[427:402]` | `o_stage1_weight_q16_0`至`_9` | 各signed 26-bit Q16 |,accepted_current_field_group,73,| `[193:168]`至`[427:402]` | `o_stage1_weight_q16_0`至`_9` | 各signed 26-bit Q16 |,91,Current named bitmap field or manually expanded Chinese/ten-weight group; all 67 output slices independently agree with canonical Erie AST assignments.,175,271:246,$signed(i_active_config[271:246])
1768,C05,o_stage1_weight_q16_4,output,ppg_system_active_config_unpack/ppg_system_active_config_unpack_semantic_contract.md:73,73,| `[193:168]`至`[427:402]` | `o_stage1_weight_q16_0`至`_9` | 各signed 26-bit Q16 |,accepted_current_field_group,73,| `[193:168]`至`[427:402]` | `o_stage1_weight_q16_0`至`_9` | 各signed 26-bit Q16 |,92,Current named bitmap field or manually expanded Chinese/ten-weight group; all 67 output slices independently agree with canonical Erie AST assignments.,176,297:272,$signed(i_active_config[297:272])
1769,C05,o_stage1_weight_q16_5,output,ppg_system_active_config_unpack/ppg_system_active_config_unpack_semantic_contract.md:73,73,| `[193:168]`至`[427:402]` | `o_stage1_weight_q16_0`至`_9` | 各signed 26-bit Q16 |,accepted_current_field_group,73,| `[193:168]`至`[427:402]` | `o_stage1_weight_q16_0`至`_9` | 各signed 26-bit Q16 |,93,Current named bitmap field or manually expanded Chinese/ten-weight group; all 67 output slices independently agree with canonical Erie AST assignments.,177,323:298,$signed(i_active_config[323:298])
1770,C05,o_stage1_weight_q16_6,output,ppg_system_active_config_unpack/ppg_system_active_config_unpack_semantic_contract.md:73,73,| `[193:168]`至`[427:402]` | `o_stage1_weight_q16_0`至`_9` | 各signed 26-bit Q16 |,accepted_current_field_group,73,| `[193:168]`至`[427:402]` | `o_stage1_weight_q16_0`至`_9` | 各signed 26-bit Q16 |,94,Current named bitmap field or manually expanded Chinese/ten-weight group; all 67 output slices independently agree with canonical Erie AST assignments.,178,349:324,$signed(i_active_config[349:324])
1771,C05,o_stage1_weight_q16_7,output,ppg_system_active_config_unpack/ppg_system_active_config_unpack_semantic_contract.md:73,73,| `[193:168]`至`[427:402]` | `o_stage1_weight_q16_0`至`_9` | 各signed 26-bit Q16 |,accepted_current_field_group,73,| `[193:168]`至`[427:402]` | `o_stage1_weight_q16_0`至`_9` | 各signed 26-bit Q16 |,95,Current named bitmap field or manually expanded Chinese/ten-weight group; all 67 output slices independently agree with canonical Erie AST assignments.,179,375:350,$signed(i_active_config[375:350])
1772,C05,o_stage1_weight_q16_8,output,ppg_system_active_config_unpack/ppg_system_active_config_unpack_semantic_contract.md:73,73,| `[193:168]`至`[427:402]` | `o_stage1_weight_q16_0`至`_9` | 各signed 26-bit Q16 |,accepted_current_field_group,73,| `[193:168]`至`[427:402]` | `o_stage1_weight_q16_0`至`_9` | 各signed 26-bit Q16 |,96,Current named bitmap field or manually expanded Chinese/ten-weight group; all 67 output slices independently agree with canonical Erie AST assignments.,180,401:376,$signed(i_active_config[401:376])
1773,C05,o_stage1_weight_q16_9,output,ppg_system_active_config_unpack/ppg_system_active_config_unpack_semantic_contract.md:73,73,| `[193:168]`至`[427:402]` | `o_stage1_weight_q16_0`至`_9` | 各signed 26-bit Q16 |,accepted_current_field_group,73,| `[193:168]`至`[427:402]` | `o_stage1_weight_q16_0`至`_9` | 各signed 26-bit Q16 |,97,Current named bitmap field or manually expanded Chinese/ten-weight group; all 67 output slices independently agree with canonical Erie AST assignments.,181,427:402,$signed(i_active_config[427:402])
1774,C05,o_stage1_offset_q16,output,ppg_system_active_config_unpack/ppg_system_active_config_unpack_semantic_contract.md:74,74,| `[459:428]` | `o_stage1_offset_q16` | signed 32-bit Q16 |,literal_source_match,74,| `[459:428]` | `o_stage1_offset_q16` | signed 32-bit Q16 |,98,Current named bitmap field or manually expanded Chinese/ten-weight group; all 67 output slices independently agree with canonical Erie AST assignments.,182,459:428,$signed(i_active_config[459:428])
1775,C05,o_stage2_gain_q16,output,ppg_system_active_config_unpack/ppg_system_active_config_unpack_semantic_contract.md:75,75,| `[479:460]` | `o_stage2_gain_q16` | signed 20-bit Q16 |,literal_source_match,75,| `[479:460]` | `o_stage2_gain_q16` | signed 20-bit Q16 |,101,Current named bitmap field or manually expanded Chinese/ten-weight group; all 67 output slices independently agree with canonical Erie AST assignments.,183,479:460,$signed(i_active_config[479:460])
1776,C05,o_stage2_offset_q16,output,ppg_system_active_config_unpack/ppg_system_active_config_unpack_semantic_contract.md:76,76,| `[511:480]` | `o_stage2_offset_q16` | signed 32-bit Q16加性截距 |,literal_source_match,76,| `[511:480]` | `o_stage2_offset_q16` | signed 32-bit Q16加性截距 |,102,Current named bitmap field or manually expanded Chinese/ten-weight group; all 67 output slices independently agree with canonical Erie AST assignments.,184,511:480,$signed(i_active_config[511:480])
1777,C05,o_dc9_recovery_gain_q16,output,ppg_system_active_config_unpack/ppg_system_active_config_unpack_semantic_contract.md:77,77,| `[543:512]` | `o_dc9_recovery_gain_q16` | signed 32-bit Q16 |,literal_source_match,77,| `[543:512]` | `o_dc9_recovery_gain_q16` | signed 32-bit Q16 |,105,Current named bitmap field or manually expanded Chinese/ten-weight group; all 67 output slices independently agree with canonical Erie AST assignments.,185,543:512,$signed(i_active_config[543:512])
1778,C05,o_dc15_recovery_gain_q16,output,ppg_system_active_config_unpack/ppg_system_active_config_unpack_semantic_contract.md:78,78,| `[575:544]` | `o_dc15_recovery_gain_q16` | signed 32-bit Q16 |,literal_source_match,78,| `[575:544]` | `o_dc15_recovery_gain_q16` | signed 32-bit Q16 |,106,Current named bitmap field or manually expanded Chinese/ten-weight group; all 67 output slices independently agree with canonical Erie AST assignments.,186,575:544,$signed(i_active_config[575:544])
1779,C05,o_amb_recheck_interval_frames,output,ppg_system_active_config_unpack/ppg_system_active_config_unpack_semantic_contract.md:79,79,| `[591:576]` | `o_amb_recheck_interval_frames` | unsigned 16-bit完整NORMAL帧数 |,literal_source_match,79,| `[591:576]` | `o_amb_recheck_interval_frames` | unsigned 16-bit完整NORMAL帧数 |,109,Current named bitmap field or manually expanded Chinese/ten-weight group; all 67 output slices independently agree with canonical Erie AST assignments.,187,591:576,i_active_config[591:576]
1780,C05,o_slope_mode,output,ppg_system_active_config_unpack/ppg_system_active_config_unpack_semantic_contract.md:86,86,| `[640]` | `o_slope_mode` | 1-bit enum |,literal_source_match,86,| `[640]` | `o_slope_mode` | 1-bit enum |,112,Current named bitmap field or manually expanded Chinese/ten-weight group; all 67 output slices independently agree with canonical Erie AST assignments.,188,640,i_active_config[640]
1781,C05,o_fixed_slope_q16,output,ppg_system_active_config_unpack/ppg_system_active_config_unpack_semantic_contract.md:87,87,| `[672:641]` | `o_fixed_slope_q16` | signed 32-bit Q16 |,literal_source_match,87,| `[672:641]` | `o_fixed_slope_q16` | signed 32-bit Q16 |,113,Current named bitmap field or manually expanded Chinese/ten-weight group; all 67 output slices independently agree with canonical Erie AST assignments.,189,672:641,$signed(i_active_config[672:641])
1782,C05,o_alpha_q15,output,ppg_system_active_config_unpack/ppg_system_active_config_unpack_semantic_contract.md:88,88,"| `[688:673]`, `[704:689]`, `[720:705]` | `o_alpha_q15`, `o_beta_q15`, `o_timing_adjust_ratio_q15` | unsigned 16-bit Q1.15 |",literal_source_match,88,"| `[688:673]`, `[704:689]`, `[720:705]` | `o_alpha_q15`, `o_beta_q15`, `o_timing_adjust_ratio_q15` | unsigned 16-bit Q1.15 |",114,Current named bitmap field or manually expanded Chinese/ten-weight group; all 67 output slices independently agree with canonical Erie AST assignments.,190,688:673,i_active_config[688:673]
1783,C05,o_beta_q15,output,ppg_system_active_config_unpack/ppg_system_active_config_unpack_semantic_contract.md:88,88,"| `[688:673]`, `[704:689]`, `[720:705]` | `o_alpha_q15`, `o_beta_q15`, `o_timing_adjust_ratio_q15` | unsigned 16-bit Q1.15 |",literal_source_match,88,"| `[688:673]`, `[704:689]`, `[720:705]` | `o_alpha_q15`, `o_beta_q15`, `o_timing_adjust_ratio_q15` | unsigned 16-bit Q1.15 |",115,Current named bitmap field or manually expanded Chinese/ten-weight group; all 67 output slices independently agree with canonical Erie AST assignments.,191,704:689,i_active_config[704:689]
1784,C05,o_timing_adjust_ratio_q15,output,ppg_system_active_config_unpack/ppg_system_active_config_unpack_semantic_contract.md:88,88,"| `[688:673]`, `[704:689]`, `[720:705]` | `o_alpha_q15`, `o_beta_q15`, `o_timing_adjust_ratio_q15` | unsigned 16-bit Q1.15 |",literal_source_match,88,"| `[688:673]`, `[704:689]`, `[720:705]` | `o_alpha_q15`, `o_beta_q15`, `o_timing_adjust_ratio_q15` | unsigned 16-bit Q1.15 |",116,Current named bitmap field or manually expanded Chinese/ten-weight group; all 67 output slices independently agree with canonical Erie AST assignments.,192,720:705,i_active_config[720:705]
1785,C05,o_slope_min_q16,output,ppg_system_active_config_unpack/ppg_system_active_config_unpack_semantic_contract.md:89,89,"| `[752:721]`, `[784:753]`, `[816:785]`, `[848:817]` | `o_slope_min_q16`, `o_slope_max_q16`, `o_baseline_delta_q16`, `o_cross_hysteresis_q16` | signed/unsigned 32-bit Q16 |",literal_source_match,89,"| `[752:721]`, `[784:753]`, `[816:785]`, `[848:817]` | `o_slope_min_q16`, `o_slope_max_q16`, `o_baseline_delta_q16`, `o_cross_hysteresis_q16` | signed/unsigned 32-bit Q16 |",117,Current named bitmap field or manually expanded Chinese/ten-weight group; all 67 output slices independently agree with canonical Erie AST assignments.,193,752:721,$signed(i_active_config[752:721])
1786,C05,o_slope_max_q16,output,ppg_system_active_config_unpack/ppg_system_active_config_unpack_semantic_contract.md:89,89,"| `[752:721]`, `[784:753]`, `[816:785]`, `[848:817]` | `o_slope_min_q16`, `o_slope_max_q16`, `o_baseline_delta_q16`, `o_cross_hysteresis_q16` | signed/unsigned 32-bit Q16 |",literal_source_match,89,"| `[752:721]`, `[784:753]`, `[816:785]`, `[848:817]` | `o_slope_min_q16`, `o_slope_max_q16`, `o_baseline_delta_q16`, `o_cross_hysteresis_q16` | signed/unsigned 32-bit Q16 |",118,Current named bitmap field or manually expanded Chinese/ten-weight group; all 67 output slices independently agree with canonical Erie AST assignments.,194,784:753,$signed(i_active_config[784:753])
1787,C05,o_baseline_delta_q16,output,ppg_system_active_config_unpack/ppg_system_active_config_unpack_semantic_contract.md:89,89,"| `[752:721]`, `[784:753]`, `[816:785]`, `[848:817]` | `o_slope_min_q16`, `o_slope_max_q16`, `o_baseline_delta_q16`, `o_cross_hysteresis_q16` | signed/unsigned 32-bit Q16 |",literal_source_match,89,"| `[752:721]`, `[784:753]`, `[816:785]`, `[848:817]` | `o_slope_min_q16`, `o_slope_max_q16`, `o_baseline_delta_q16`, `o_cross_hysteresis_q16` | signed/unsigned 32-bit Q16 |",119,Current named bitmap field or manually expanded Chinese/ten-weight group; all 67 output slices independently agree with canonical Erie AST assignments.,195,816:785,$signed(i_active_config[816:785])
1788,C05,o_cross_hysteresis_q16,output,ppg_system_active_config_unpack/ppg_system_active_config_unpack_semantic_contract.md:89,89,"| `[752:721]`, `[784:753]`, `[816:785]`, `[848:817]` | `o_slope_min_q16`, `o_slope_max_q16`, `o_baseline_delta_q16`, `o_cross_hysteresis_q16` | signed/unsigned 32-bit Q16 |",literal_source_match,89,"| `[752:721]`, `[784:753]`, `[816:785]`, `[848:817]` | `o_slope_min_q16`, `o_slope_max_q16`, `o_baseline_delta_q16`, `o_cross_hysteresis_q16` | signed/unsigned 32-bit Q16 |",120,Current named bitmap field or manually expanded Chinese/ten-weight group; all 67 output slices independently agree with canonical Erie AST assignments.,196,848:817,i_active_config[848:817]
1789,C05,o_lead_min_frames,output,ppg_system_active_config_unpack/ppg_system_active_config_unpack_semantic_contract.md:90,90,"| `[864:849]`, `[880:865]` | `o_lead_min_frames`, `o_lead_max_frames` | unsigned 16-bit |",literal_source_match,90,"| `[864:849]`, `[880:865]` | `o_lead_min_frames`, `o_lead_max_frames` | unsigned 16-bit |",123,Current named bitmap field or manually expanded Chinese/ten-weight group; all 67 output slices independently agree with canonical Erie AST assignments.,197,864:849,i_active_config[864:849]
1790,C05,o_lead_max_frames,output,ppg_system_active_config_unpack/ppg_system_active_config_unpack_semantic_contract.md:90,90,"| `[864:849]`, `[880:865]` | `o_lead_min_frames`, `o_lead_max_frames` | unsigned 16-bit |",literal_source_match,90,"| `[864:849]`, `[880:865]` | `o_lead_min_frames`, `o_lead_max_frames` | unsigned 16-bit |",124,Current named bitmap field or manually expanded Chinese/ten-weight group; all 67 output slices independently agree with canonical Erie AST assignments.,198,880:865,i_active_config[880:865]
1791,C05,o_cross_confirm_count,output,ppg_system_active_config_unpack/ppg_system_active_config_unpack_semantic_contract.md:91,91,"| `[884:881]`, `[888:885]`, `[892:889]`, `[896:893]` | `o_cross_confirm_count`, `o_no_cross_limit`, `o_peak_confirm_count`, `o_valley_confirm_count` | unsigned 4-bit |",literal_source_match,91,"| `[884:881]`, `[888:885]`, `[892:889]`, `[896:893]` | `o_cross_confirm_count`, `o_no_cross_limit`, `o_peak_confirm_count`, `o_valley_confirm_count` | unsigned 4-bit |",125,Current named bitmap field or manually expanded Chinese/ten-weight group; all 67 output slices independently agree with canonical Erie AST assignments.,199,884:881,i_active_config[884:881]
1792,C05,o_no_cross_limit,output,ppg_system_active_config_unpack/ppg_system_active_config_unpack_semantic_contract.md:91,91,"| `[884:881]`, `[888:885]`, `[892:889]`, `[896:893]` | `o_cross_confirm_count`, `o_no_cross_limit`, `o_peak_confirm_count`, `o_valley_confirm_count` | unsigned 4-bit |",literal_source_match,91,"| `[884:881]`, `[888:885]`, `[892:889]`, `[896:893]` | `o_cross_confirm_count`, `o_no_cross_limit`, `o_peak_confirm_count`, `o_valley_confirm_count` | unsigned 4-bit |",126,Current named bitmap field or manually expanded Chinese/ten-weight group; all 67 output slices independently agree with canonical Erie AST assignments.,200,888:885,i_active_config[888:885]
1793,C05,o_peak_confirm_count,output,ppg_system_active_config_unpack/ppg_system_active_config_unpack_semantic_contract.md:91,91,"| `[884:881]`, `[888:885]`, `[892:889]`, `[896:893]` | `o_cross_confirm_count`, `o_no_cross_limit`, `o_peak_confirm_count`, `o_valley_confirm_count` | unsigned 4-bit |",literal_source_match,91,"| `[884:881]`, `[888:885]`, `[892:889]`, `[896:893]` | `o_cross_confirm_count`, `o_no_cross_limit`, `o_peak_confirm_count`, `o_valley_confirm_count` | unsigned 4-bit |",129,Current named bitmap field or manually expanded Chinese/ten-weight group; all 67 output slices independently agree with canonical Erie AST assignments.,201,892:889,i_active_config[892:889]
1794,C05,o_valley_confirm_count,output,ppg_system_active_config_unpack/ppg_system_active_config_unpack_semantic_contract.md:91,91,"| `[884:881]`, `[888:885]`, `[892:889]`, `[896:893]` | `o_cross_confirm_count`, `o_no_cross_limit`, `o_peak_confirm_count`, `o_valley_confirm_count` | unsigned 4-bit |",literal_source_match,91,"| `[884:881]`, `[888:885]`, `[892:889]`, `[896:893]` | `o_cross_confirm_count`, `o_no_cross_limit`, `o_peak_confirm_count`, `o_valley_confirm_count` | unsigned 4-bit |",130,Current named bitmap field or manually expanded Chinese/ten-weight group; all 67 output slices independently agree with canonical Erie AST assignments.,202,896:893,i_active_config[896:893]
1795,C05,o_direction_deadband,output,ppg_system_active_config_unpack/ppg_system_active_config_unpack_semantic_contract.md:92,92,"| `[920:897]`, `[944:921]` | `o_direction_deadband`, `o_min_peak_valley_amplitude` | unsigned 24-bit |",literal_source_match,92,"| `[920:897]`, `[944:921]` | `o_direction_deadband`, `o_min_peak_valley_amplitude` | unsigned 24-bit |",131,Current named bitmap field or manually expanded Chinese/ten-weight group; all 67 output slices independently agree with canonical Erie AST assignments.,203,920:897,i_active_config[920:897]
1796,C05,o_min_peak_valley_amplitude,output,ppg_system_active_config_unpack/ppg_system_active_config_unpack_semantic_contract.md:92,92,"| `[920:897]`, `[944:921]` | `o_direction_deadband`, `o_min_peak_valley_amplitude` | unsigned 24-bit |",literal_source_match,92,"| `[920:897]`, `[944:921]` | `o_direction_deadband`, `o_min_peak_valley_amplitude` | unsigned 24-bit |",132,Current named bitmap field or manually expanded Chinese/ten-weight group; all 67 output slices independently agree with canonical Erie AST assignments.,204,944:921,i_active_config[944:921]
1797,C05,o_min_peak_to_valley_frames,output,ppg_system_active_config_unpack/ppg_system_active_config_unpack_semantic_contract.md:93,93,"| `[960:945]`, `[976:961]`, `[992:977]`, `[1008:993]` | `o_min_peak_to_valley_frames`, `o_min_peak_to_peak_frames`, `o_max_fine_window_frames`, `o_max_reacquire_frames` | unsigned 16-bit |",literal_source_match,93,"| `[960:945]`, `[976:961]`, `[992:977]`, `[1008:993]` | `o_min_peak_to_valley_frames`, `o_min_peak_to_peak_frames`, `o_max_fine_window_frames`, `o_max_reacquire_frames` | unsigned 16-bit |",133,Current named bitmap field or manually expanded Chinese/ten-weight group; all 67 output slices independently agree with canonical Erie AST assignments.,205,960:945,i_active_config[960:945]
1798,C05,o_min_peak_to_peak_frames,output,ppg_system_active_config_unpack/ppg_system_active_config_unpack_semantic_contract.md:93,93,"| `[960:945]`, `[976:961]`, `[992:977]`, `[1008:993]` | `o_min_peak_to_valley_frames`, `o_min_peak_to_peak_frames`, `o_max_fine_window_frames`, `o_max_reacquire_frames` | unsigned 16-bit |",literal_source_match,93,"| `[960:945]`, `[976:961]`, `[992:977]`, `[1008:993]` | `o_min_peak_to_valley_frames`, `o_min_peak_to_peak_frames`, `o_max_fine_window_frames`, `o_max_reacquire_frames` | unsigned 16-bit |",134,Current named bitmap field or manually expanded Chinese/ten-weight group; all 67 output slices independently agree with canonical Erie AST assignments.,206,976:961,i_active_config[976:961]
1799,C05,o_max_fine_window_frames,output,ppg_system_active_config_unpack/ppg_system_active_config_unpack_semantic_contract.md:93,93,"| `[960:945]`, `[976:961]`, `[992:977]`, `[1008:993]` | `o_min_peak_to_valley_frames`, `o_min_peak_to_peak_frames`, `o_max_fine_window_frames`, `o_max_reacquire_frames` | unsigned 16-bit |",literal_source_match,93,"| `[960:945]`, `[976:961]`, `[992:977]`, `[1008:993]` | `o_min_peak_to_valley_frames`, `o_min_peak_to_peak_frames`, `o_max_fine_window_frames`, `o_max_reacquire_frames` | unsigned 16-bit |",137,Current named bitmap field or manually expanded Chinese/ten-weight group; all 67 output slices independently agree with canonical Erie AST assignments.,207,992:977,i_active_config[992:977]
1800,C05,o_max_reacquire_frames,output,ppg_system_active_config_unpack/ppg_system_active_config_unpack_semantic_contract.md:93,93,"| `[960:945]`, `[976:961]`, `[992:977]`, `[1008:993]` | `o_min_peak_to_valley_frames`, `o_min_peak_to_peak_frames`, `o_max_fine_window_frames`, `o_max_reacquire_frames` | unsigned 16-bit |",literal_source_match,93,"| `[960:945]`, `[976:961]`, `[992:977]`, `[1008:993]` | `o_min_peak_to_valley_frames`, `o_min_peak_to_peak_frames`, `o_max_fine_window_frames`, `o_max_reacquire_frames` | unsigned 16-bit |",138,Current named bitmap field or manually expanded Chinese/ten-weight group; all 67 output slices independently agree with canonical Erie AST assignments.,208,1008:993,i_active_config[1008:993]
1801,C05,o_peak_valley_config_valid,output,ppg_system_active_config_unpack/ppg_system_active_config_unpack_semantic_contract.md:94,94,| `[1009]` | `o_peak_valley_config_valid` | 1-bit |,literal_source_match,94,| `[1009]` | `o_peak_valley_config_valid` | 1-bit |,139,Current named bitmap field or manually expanded Chinese/ten-weight group; all 67 output slices independently agree with canonical Erie AST assignments.,209,1009,i_active_config[1009]
1803,C07,i_source_clk,input,ppg_system_integration/PPG_CHARACTERIZATION_CONTROL_CDC_INTERFACE_CONTRACT.md:95,95,### 5.1 SPI配置源域,accepted_current_section_source,95,### 5.1 SPI配置源域,46,Exact clock-domain heading; actual same-section port table contains the named port.,,,
1804,C07,i_source_rstn,input,ppg_system_integration/PPG_CHARACTERIZATION_CONTROL_CDC_INTERFACE_CONTRACT.md:95,95,### 5.1 SPI配置源域,accepted_current_section_source,95,### 5.1 SPI配置源域,47,Exact clock-domain heading; actual same-section port table contains the named port.,,,
1805,C07,i_clk,input,ppg_system_integration/PPG_CHARACTERIZATION_CONTROL_CDC_INTERFACE_CONTRACT.md:106,106,### 5.2 2 MHz目标域,accepted_current_section_source,106,### 5.2 2 MHz目标域,48,Exact clock-domain heading; actual same-section port table contains the named port.,,,
1806,C07,i_rstn,input,ppg_system_integration/PPG_CHARACTERIZATION_CONTROL_CDC_INTERFACE_CONTRACT.md:106,106,### 5.2 2 MHz目标域,accepted_current_section_source,106,### 5.2 2 MHz目标域,49,Exact clock-domain heading; actual same-section port table contains the named port.,,,
1807,C07,i_source_update_valid,input,ppg_system_integration/PPG_CHARACTERIZATION_CONTROL_CDC_INTERFACE_CONTRACT.md:95,95,### 5.1 SPI配置源域,accepted_current_section_source,95,### 5.1 SPI配置源域,52,Exact clock-domain heading; actual same-section port table contains the named port.,,,
1808,C07,i_source_static_characterization_enable,input,ppg_system_integration/PPG_CHARACTERIZATION_CONTROL_CDC_INTERFACE_CONTRACT.md:95,95,### 5.1 SPI配置源域,accepted_current_section_source,95,### 5.1 SPI配置源域,53,Exact clock-domain heading; actual same-section port table contains the named port.,,,
1809,C07,i_source_test_mux_ctrl,input,ppg_system_integration/PPG_CHARACTERIZATION_CONTROL_CDC_INTERFACE_CONTRACT.md:95,95,### 5.1 SPI配置源域,accepted_current_section_source,95,### 5.1 SPI配置源域,54,Exact clock-domain heading; actual same-section port table contains the named port.,,,
1810,C07,i_run_enable,input,ppg_system_integration/PPG_CHARACTERIZATION_CONTROL_CDC_INTERFACE_CONTRACT.md:106,106,### 5.2 2 MHz目标域,accepted_current_section_source,106,### 5.2 2 MHz目标域,57,Exact clock-domain heading; actual same-section port table contains the named port.,,,
1811,C07,i_diag_clear_event,input,ppg_system_integration/PPG_CHARACTERIZATION_CONTROL_CDC_INTERFACE_CONTRACT.md:106,106,### 5.2 2 MHz目标域,accepted_current_section_source,106,### 5.2 2 MHz目标域,58,Exact clock-domain heading; actual same-section port table contains the named port.,,,
1812,C07,o_source_update_ready,output,ppg_system_integration/PPG_CHARACTERIZATION_CONTROL_CDC_INTERFACE_CONTRACT.md:95,95,### 5.1 SPI配置源域,accepted_current_section_source,95,### 5.1 SPI配置源域,61,Exact clock-domain heading; actual same-section port table contains the named port.,,,
1813,C07,o_static_characterization_enable,output,ppg_system_integration/PPG_CHARACTERIZATION_CONTROL_CDC_INTERFACE_CONTRACT.md:106,106,### 5.2 2 MHz目标域,accepted_current_section_source,106,### 5.2 2 MHz目标域,64,Exact clock-domain heading; actual same-section port table contains the named port.,,,
1814,C07,o_test_mux_ctrl,output,ppg_system_integration/PPG_CHARACTERIZATION_CONTROL_CDC_INTERFACE_CONTRACT.md:106,106,### 5.2 2 MHz目标域,accepted_current_section_source,106,### 5.2 2 MHz目标域,65,Exact clock-domain heading; actual same-section port table contains the named port.,,,
1815,C07,o_control_valid,output,ppg_system_integration/PPG_CHARACTERIZATION_CONTROL_CDC_INTERFACE_CONTRACT.md:106,106,### 5.2 2 MHz目标域,accepted_current_section_source,106,### 5.2 2 MHz目标域,66,Exact clock-domain heading; actual same-section port table contains the named port.,,,
1816,C07,o_control_update_event,output,ppg_system_integration/PPG_CHARACTERIZATION_CONTROL_CDC_INTERFACE_CONTRACT.md:106,106,### 5.2 2 MHz目标域,accepted_current_section_source,106,### 5.2 2 MHz目标域,67,Exact clock-domain heading; actual same-section port table contains the named port.,,,
1817,C07,o_control_reject_event,output,ppg_system_integration/PPG_CHARACTERIZATION_CONTROL_CDC_INTERFACE_CONTRACT.md:106,106,### 5.2 2 MHz目标域,accepted_current_section_source,106,### 5.2 2 MHz目标域,68,Exact clock-domain heading; actual same-section port table contains the named port.,,,
1818,C07,o_protocol_error_sticky,output,ppg_system_integration/PPG_CHARACTERIZATION_CONTROL_CDC_INTERFACE_CONTRACT.md:106,106,### 5.2 2 MHz目标域,accepted_current_section_source,106,### 5.2 2 MHz目标域,69,Exact clock-domain heading; actual same-section port table contains the named port.,,,
1819,C08,i_clk,input,ppg_system_integration/PPG_400HZ_FRAME_CALIBRATION_SCHEDULER_INTERFACE_CONTRACT.md:839,839,### 13.2 全局与生命周期输入,accepted_current_section_source,839,### 13.2 全局与生命周期输入,78,Current group heading followed by the exact current named port or generation/fault prose.,,,
1820,C08,i_rstn,input,ppg_system_integration/PPG_400HZ_FRAME_CALIBRATION_SCHEDULER_INTERFACE_CONTRACT.md:839,839,### 13.2 全局与生命周期输入,accepted_current_section_source,839,### 13.2 全局与生命周期输入,79,Current group heading followed by the exact current named port or generation/fault prose.,,,
1821,C08,i_active_config_valid,input,ppg_system_integration/PPG_400HZ_FRAME_CALIBRATION_SCHEDULER_INTERFACE_CONTRACT.md:839,839,### 13.2 全局与生命周期输入,accepted_current_section_source,839,### 13.2 全局与生命周期输入,82,Current group heading followed by the exact current named port or generation/fault prose.,,,
1822,C08,i_run_enable,input,ppg_system_integration/PPG_400HZ_FRAME_CALIBRATION_SCHEDULER_INTERFACE_CONTRACT.md:839,839,### 13.2 全局与生命周期输入,accepted_current_section_source,839,### 13.2 全局与生命周期输入,83,Current group heading followed by the exact current named port or generation/fault prose.,,,
1823,C08,i_allow_new_transaction,input,ppg_system_integration/PPG_400HZ_FRAME_CALIBRATION_SCHEDULER_INTERFACE_CONTRACT.md:839,839,### 13.2 全局与生命周期输入,accepted_current_section_source,839,### 13.2 全局与生命周期输入,84,Current group heading followed by the exact current named port or generation/fault prose.,,,
1824,C08,i_start_ack_event,input,ppg_system_integration/PPG_400HZ_FRAME_CALIBRATION_SCHEDULER_INTERFACE_CONTRACT.md:839,839,### 13.2 全局与生命周期输入,accepted_current_section_source,839,### 13.2 全局与生命周期输入,85,Current group heading followed by the exact current named port or generation/fault prose.,,,
1825,C08,i_stop_ack_event,input,ppg_system_integration/PPG_400HZ_FRAME_CALIBRATION_SCHEDULER_INTERFACE_CONTRACT.md:839,839,### 13.2 全局与生命周期输入,accepted_current_section_source,839,### 13.2 全局与生命周期输入,86,Current group heading followed by the exact current named port or generation/fault prose.,,,
1826,C08,i_control_abort_event,input,ppg_system_integration/PPG_400HZ_FRAME_CALIBRATION_SCHEDULER_INTERFACE_CONTRACT.md:839,839,### 13.2 全局与生命周期输入,accepted_current_section_source,839,### 13.2 全局与生命周期输入,87,Current group heading followed by the exact current named port or generation/fault prose.,,,
1827,C08,i_diag_clear_event,input,ppg_system_integration/PPG_400HZ_FRAME_CALIBRATION_SCHEDULER_INTERFACE_CONTRACT.md:839,839,### 13.2 全局与生命周期输入,accepted_current_section_source,839,### 13.2 全局与生命周期输入,88,Current group heading followed by the exact current named port or generation/fault prose.,,,
1828,C08,i_run_generation,input,ppg_system_integration/PPG_400HZ_FRAME_CALIBRATION_SCHEDULER_INTERFACE_CONTRACT.md:1026,1026,### 15.1 V1.4 generation and supervisor fault ports,accepted_current_section_source,1026,### 15.1 V1.4 generation and supervisor fault ports,89,Current group heading followed by the exact current named port or generation/fault prose.,,,
1829,C08,i_run_profile,input,ppg_system_integration/PPG_400HZ_FRAME_CALIBRATION_SCHEDULER_INTERFACE_CONTRACT.md:854,854,### 13.3 配置和AMI状态输入,accepted_current_section_source,854,### 13.3 配置和AMI状态输入,92,Current group heading followed by the exact current named port or generation/fault prose.,,,
1830,C08,i_input_source,input,ppg_system_integration/PPG_400HZ_FRAME_CALIBRATION_SCHEDULER_INTERFACE_CONTRACT.md:854,854,### 13.3 配置和AMI状态输入,accepted_current_section_source,854,### 13.3 配置和AMI状态输入,93,Current group heading followed by the exact current named port or generation/fault prose.,,,
1831,C08,i_optical_mode,input,ppg_system_integration/PPG_400HZ_FRAME_CALIBRATION_SCHEDULER_INTERFACE_CONTRACT.md:854,854,### 13.3 配置和AMI状态输入,accepted_current_section_source,854,### 13.3 配置和AMI状态输入,94,Current group heading followed by the exact current named port or generation/fault prose.,,,
1832,C08,i_active_precision_mode,input,ppg_system_integration/PPG_400HZ_FRAME_CALIBRATION_SCHEDULER_INTERFACE_CONTRACT.md:854,854,### 13.3 配置和AMI状态输入,accepted_current_section_source,854,### 13.3 配置和AMI状态输入,95,Current group heading followed by the exact current named port or generation/fault prose.,,,
1833,C08,i_normal_measurement_eligible,input,ppg_system_integration/PPG_400HZ_FRAME_CALIBRATION_SCHEDULER_INTERFACE_CONTRACT.md:854,854,### 13.3 配置和AMI状态输入,accepted_current_section_source,854,### 13.3 配置和AMI状态输入,96,Current group heading followed by the exact current named port or generation/fault prose.,,,
1834,C08,i_switch_hold_new_transaction,input,ppg_system_integration/PPG_400HZ_FRAME_CALIBRATION_SCHEDULER_INTERFACE_CONTRACT.md:854,854,### 13.3 配置和AMI状态输入,accepted_current_section_source,854,### 13.3 配置和AMI状态输入,97,Current group heading followed by the exact current named port or generation/fault prose.,,,
1835,C08,i_ami_fault_blocking,input,ppg_system_integration/PPG_400HZ_FRAME_CALIBRATION_SCHEDULER_INTERFACE_CONTRACT.md:854,854,### 13.3 配置和AMI状态输入,accepted_current_section_source,854,### 13.3 配置和AMI状态输入,98,Current group heading followed by the exact current named port or generation/fault prose.,,,
1836,C08,i_ssw_fault_blocking,input,ppg_system_integration/PPG_400HZ_FRAME_CALIBRATION_SCHEDULER_INTERFACE_CONTRACT.md:854,854,### 13.3 配置和AMI状态输入,accepted_current_section_source,854,### 13.3 配置和AMI状态输入,99,Current group heading followed by the exact current named port or generation/fault prose.,,,
1837,C08,i_amb_code,input,ppg_system_integration/PPG_400HZ_FRAME_CALIBRATION_SCHEDULER_INTERFACE_CONTRACT.md:854,854,### 13.3 配置和AMI状态输入,accepted_current_section_source,854,### 13.3 配置和AMI状态输入,100,Current group heading followed by the exact current named port or generation/fault prose.,,,
1838,C08,i_dcs_r_code,input,ppg_system_integration/PPG_400HZ_FRAME_CALIBRATION_SCHEDULER_INTERFACE_CONTRACT.md:854,854,### 13.3 配置和AMI状态输入,accepted_current_section_source,854,### 13.3 配置和AMI状态输入,101,Current group heading followed by the exact current named port or generation/fault prose.,,,
1839,C08,i_dcs_ir_code,input,ppg_system_integration/PPG_400HZ_FRAME_CALIBRATION_SCHEDULER_INTERFACE_CONTRACT.md:854,854,### 13.3 配置和AMI状态输入,accepted_current_section_source,854,### 13.3 配置和AMI状态输入,102,Current group heading followed by the exact current named port or generation/fault prose.,,,
1840,C08,i_amb_code_epoch,input,ppg_system_integration/PPG_400HZ_FRAME_CALIBRATION_SCHEDULER_INTERFACE_CONTRACT.md:854,854,### 13.3 配置和AMI状态输入,accepted_current_section_source,854,### 13.3 配置和AMI状态输入,103,Current group heading followed by the exact current named port or generation/fault prose.,,,
1841,C08,i_dcs_r_code_epoch,input,ppg_system_integration/PPG_400HZ_FRAME_CALIBRATION_SCHEDULER_INTERFACE_CONTRACT.md:854,854,### 13.3 配置和AMI状态输入,accepted_current_section_source,854,### 13.3 配置和AMI状态输入,104,Current group heading followed by the exact current named port or generation/fault prose.,,,
1842,C08,i_dcs_ir_code_epoch,input,ppg_system_integration/PPG_400HZ_FRAME_CALIBRATION_SCHEDULER_INTERFACE_CONTRACT.md:854,854,### 13.3 配置和AMI状态输入,accepted_current_section_source,854,### 13.3 配置和AMI状态输入,105,Current group heading followed by the exact current named port or generation/fault prose.,,,
1843,C08,i_leddac_r_code,input,ppg_system_integration/PPG_400HZ_FRAME_CALIBRATION_SCHEDULER_INTERFACE_CONTRACT.md:854,854,### 13.3 配置和AMI状态输入,accepted_current_section_source,854,### 13.3 配置和AMI状态输入,106,Current group heading followed by the exact current named port or generation/fault prose.,,,
1844,C08,i_leddac_ir_code,input,ppg_system_integration/PPG_400HZ_FRAME_CALIBRATION_SCHEDULER_INTERFACE_CONTRACT.md:854,854,### 13.3 配置和AMI状态输入,accepted_current_section_source,854,### 13.3 配置和AMI状态输入,107,Current group heading followed by the exact current named port or generation/fault prose.,,,
1845,C08,i_calibration_sample_valid,input,ppg_system_integration/PPG_400HZ_FRAME_CALIBRATION_SCHEDULER_INTERFACE_CONTRACT.md:875,875,### 13.4 AMI校准请求输入,accepted_current_section_source,875,### 13.4 AMI校准请求输入,110,Current group heading followed by the exact current named port or generation/fault prose.,,,
1846,C08,o_calibration_sample_ready,output,ppg_system_integration/PPG_400HZ_FRAME_CALIBRATION_SCHEDULER_INTERFACE_CONTRACT.md:875,875,### 13.4 AMI校准请求输入,accepted_current_section_source,875,### 13.4 AMI校准请求输入,111,Current group heading followed by the exact current named port or generation/fault prose.,,,
1847,C08,i_calibration_frame_type,input,ppg_system_integration/PPG_400HZ_FRAME_CALIBRATION_SCHEDULER_INTERFACE_CONTRACT.md:875,875,### 13.4 AMI校准请求输入,accepted_current_section_source,875,### 13.4 AMI校准请求输入,112,Current group heading followed by the exact current named port or generation/fault prose.,,,
1848,C08,i_calibration_color_ir,input,ppg_system_integration/PPG_400HZ_FRAME_CALIBRATION_SCHEDULER_INTERFACE_CONTRACT.md:875,875,### 13.4 AMI校准请求输入,accepted_current_section_source,875,### 13.4 AMI校准请求输入,113,Current group heading followed by the exact current named port or generation/fault prose.,,,
1849,C08,i_calibration_precision_mode,input,ppg_system_integration/PPG_400HZ_FRAME_CALIBRATION_SCHEDULER_INTERFACE_CONTRACT.md:875,875,### 13.4 AMI校准请求输入,accepted_current_section_source,875,### 13.4 AMI校准请求输入,114,Current group heading followed by the exact current named port or generation/fault prose.,,,
1850,C08,i_calibration_request_reason,input,ppg_system_integration/PPG_400HZ_FRAME_CALIBRATION_SCHEDULER_INTERFACE_CONTRACT.md:875,875,### 13.4 AMI校准请求输入,accepted_current_section_source,875,### 13.4 AMI校准请求输入,115,Current group heading followed by the exact current named port or generation/fault prose.,,,
1851,C08,o_waveform_context_valid,output,ppg_system_integration/PPG_400HZ_FRAME_CALIBRATION_SCHEDULER_INTERFACE_CONTRACT.md:886,886,### 13.5 SSW模拟波形上下文输出,accepted_current_section_source,886,### 13.5 SSW模拟波形上下文输出,118,Current group heading followed by the exact current named port or generation/fault prose.,,,
1852,C08,i_waveform_context_ready,input,ppg_system_integration/PPG_400HZ_FRAME_CALIBRATION_SCHEDULER_INTERFACE_CONTRACT.md:886,886,### 13.5 SSW模拟波形上下文输出,accepted_current_section_source,886,### 13.5 SSW模拟波形上下文输出,119,Current group heading followed by the exact current named port or generation/fault prose.,,,
1853,C08,o_waveform_precision_mode,output,ppg_system_integration/PPG_400HZ_FRAME_CALIBRATION_SCHEDULER_INTERFACE_CONTRACT.md:886,886,### 13.5 SSW模拟波形上下文输出,accepted_current_section_source,886,### 13.5 SSW模拟波形上下文输出,120,Current group heading followed by the exact current named port or generation/fault prose.,,,
1854,C08,o_waveform_frame_id,output,ppg_system_integration/PPG_400HZ_FRAME_CALIBRATION_SCHEDULER_INTERFACE_CONTRACT.md:886,886,### 13.5 SSW模拟波形上下文输出,accepted_current_section_source,886,### 13.5 SSW模拟波形上下文输出,121,Current group heading followed by the exact current named port or generation/fault prose.,,,
1855,C08,o_waveform_color_ir,output,ppg_system_integration/PPG_400HZ_FRAME_CALIBRATION_SCHEDULER_INTERFACE_CONTRACT.md:886,886,### 13.5 SSW模拟波形上下文输出,accepted_current_section_source,886,### 13.5 SSW模拟波形上下文输出,122,Current group heading followed by the exact current named port or generation/fault prose.,,,
1856,C08,o_waveform_frame_type,output,ppg_system_integration/PPG_400HZ_FRAME_CALIBRATION_SCHEDULER_INTERFACE_CONTRACT.md:886,886,### 13.5 SSW模拟波形上下文输出,accepted_current_section_source,886,### 13.5 SSW模拟波形上下文输出,123,Current group heading followed by the exact current named port or generation/fault prose.,,,
1857,C08,o_waveform_amb_code_snapshot,output,ppg_system_integration/PPG_400HZ_FRAME_CALIBRATION_SCHEDULER_INTERFACE_CONTRACT.md:886,886,### 13.5 SSW模拟波形上下文输出,accepted_current_section_source,886,### 13.5 SSW模拟波形上下文输出,124,Current group heading followed by the exact current named port or generation/fault prose.,,,
1858,C08,o_waveform_dc_code_snapshot,output,ppg_system_integration/PPG_400HZ_FRAME_CALIBRATION_SCHEDULER_INTERFACE_CONTRACT.md:886,886,### 13.5 SSW模拟波形上下文输出,accepted_current_section_source,886,### 13.5 SSW模拟波形上下文输出,125,Current group heading followed by the exact current named port or generation/fault prose.,,,
1859,C08,o_waveform_amb_code_epoch,output,ppg_system_integration/PPG_400HZ_FRAME_CALIBRATION_SCHEDULER_INTERFACE_CONTRACT.md:886,886,### 13.5 SSW模拟波形上下文输出,accepted_current_section_source,886,### 13.5 SSW模拟波形上下文输出,126,Current group heading followed by the exact current named port or generation/fault prose.,,,
1860,C08,o_waveform_dc_code_epoch,output,ppg_system_integration/PPG_400HZ_FRAME_CALIBRATION_SCHEDULER_INTERFACE_CONTRACT.md:886,886,### 13.5 SSW模拟波形上下文输出,accepted_current_section_source,886,### 13.5 SSW模拟波形上下文输出,127,Current group heading followed by the exact current named port or generation/fault prose.,,,
1861,C08,o_waveform_input_source,output,ppg_system_integration/PPG_400HZ_FRAME_CALIBRATION_SCHEDULER_INTERFACE_CONTRACT.md:886,886,### 13.5 SSW模拟波形上下文输出,accepted_current_section_source,886,### 13.5 SSW模拟波形上下文输出,128,Current group heading followed by the exact current named port or generation/fault prose.,,,
1862,C08,o_waveform_optical_mode,output,ppg_system_integration/PPG_400HZ_FRAME_CALIBRATION_SCHEDULER_INTERFACE_CONTRACT.md:886,886,### 13.5 SSW模拟波形上下文输出,accepted_current_section_source,886,### 13.5 SSW模拟波形上下文输出,129,Current group heading followed by the exact current named port or generation/fault prose.,,,
1863,C08,o_waveform_leddac_code_snapshot,output,ppg_system_integration/PPG_400HZ_FRAME_CALIBRATION_SCHEDULER_INTERFACE_CONTRACT.md:886,886,### 13.5 SSW模拟波形上下文输出,accepted_current_section_source,886,### 13.5 SSW模拟波形上下文输出,130,Current group heading followed by the exact current named port or generation/fault prose.,,,
1864,C08,o_transaction_start_valid,output,ppg_system_integration/PPG_400HZ_FRAME_CALIBRATION_SCHEDULER_INTERFACE_CONTRACT.md:913,913,### 13.6 AMI ADC结果事务输出,accepted_current_section_source,913,### 13.6 AMI ADC结果事务输出,135,Current group heading followed by the exact current named port or generation/fault prose.,,,
1865,C08,i_transaction_start_ready,input,ppg_system_integration/PPG_400HZ_FRAME_CALIBRATION_SCHEDULER_INTERFACE_CONTRACT.md:913,913,### 13.6 AMI ADC结果事务输出,accepted_current_section_source,913,### 13.6 AMI ADC结果事务输出,136,Current group heading followed by the exact current named port or generation/fault prose.,,,
1866,C08,i_transaction_start_fire,input,ppg_system_integration/PPG_400HZ_FRAME_CALIBRATION_SCHEDULER_INTERFACE_CONTRACT.md:913,913,### 13.6 AMI ADC结果事务输出,accepted_current_section_source,913,### 13.6 AMI ADC结果事务输出,137,Current group heading followed by the exact current named port or generation/fault prose.,,,
1867,C08,o_transaction_precision_mode,output,ppg_system_integration/PPG_400HZ_FRAME_CALIBRATION_SCHEDULER_INTERFACE_CONTRACT.md:913,913,### 13.6 AMI ADC结果事务输出,accepted_current_section_source,913,### 13.6 AMI ADC结果事务输出,138,Current group heading followed by the exact current named port or generation/fault prose.,,,
1868,C08,o_transaction_frame_id,output,ppg_system_integration/PPG_400HZ_FRAME_CALIBRATION_SCHEDULER_INTERFACE_CONTRACT.md:913,913,### 13.6 AMI ADC结果事务输出,accepted_current_section_source,913,### 13.6 AMI ADC结果事务输出,139,Current group heading followed by the exact current named port or generation/fault prose.,,,
1869,C08,o_transaction_sample_index,output,ppg_system_integration/PPG_400HZ_FRAME_CALIBRATION_SCHEDULER_INTERFACE_CONTRACT.md:913,913,### 13.6 AMI ADC结果事务输出,accepted_current_section_source,913,### 13.6 AMI ADC结果事务输出,140,Current group heading followed by the exact current named port or generation/fault prose.,,,
1870,C08,o_transaction_color_ir,output,ppg_system_integration/PPG_400HZ_FRAME_CALIBRATION_SCHEDULER_INTERFACE_CONTRACT.md:913,913,### 13.6 AMI ADC结果事务输出,accepted_current_section_source,913,### 13.6 AMI ADC结果事务输出,141,Current group heading followed by the exact current named port or generation/fault prose.,,,
1871,C08,o_transaction_frame_type,output,ppg_system_integration/PPG_400HZ_FRAME_CALIBRATION_SCHEDULER_INTERFACE_CONTRACT.md:913,913,### 13.6 AMI ADC结果事务输出,accepted_current_section_source,913,### 13.6 AMI ADC结果事务输出,142,Current group heading followed by the exact current named port or generation/fault prose.,,,
1872,C08,o_transaction_amb_code_snapshot,output,ppg_system_integration/PPG_400HZ_FRAME_CALIBRATION_SCHEDULER_INTERFACE_CONTRACT.md:913,913,### 13.6 AMI ADC结果事务输出,accepted_current_section_source,913,### 13.6 AMI ADC结果事务输出,143,Current group heading followed by the exact current named port or generation/fault prose.,,,
1873,C08,o_transaction_dc_code_snapshot,output,ppg_system_integration/PPG_400HZ_FRAME_CALIBRATION_SCHEDULER_INTERFACE_CONTRACT.md:913,913,### 13.6 AMI ADC结果事务输出,accepted_current_section_source,913,### 13.6 AMI ADC结果事务输出,144,Current group heading followed by the exact current named port or generation/fault prose.,,,
1874,C08,o_transaction_amb_code_epoch,output,ppg_system_integration/PPG_400HZ_FRAME_CALIBRATION_SCHEDULER_INTERFACE_CONTRACT.md:913,913,### 13.6 AMI ADC结果事务输出,accepted_current_section_source,913,### 13.6 AMI ADC结果事务输出,145,Current group heading followed by the exact current named port or generation/fault prose.,,,
1875,C08,o_transaction_dc_code_epoch,output,ppg_system_integration/PPG_400HZ_FRAME_CALIBRATION_SCHEDULER_INTERFACE_CONTRACT.md:913,913,### 13.6 AMI ADC结果事务输出,accepted_current_section_source,913,### 13.6 AMI ADC结果事务输出,146,Current group heading followed by the exact current named port or generation/fault prose.,,,
1876,C08,i_adc_owner_ready,input,ppg_system_integration/PPG_400HZ_FRAME_CALIBRATION_SCHEDULER_INTERFACE_CONTRACT.md:939,939,### 13.7 SSW owner资格和物理完成接口,accepted_current_section_source,939,### 13.7 SSW owner资格和物理完成接口,149,Current group heading followed by the exact current named port or generation/fault prose.,,,
1877,C08,o_adc_owner_commit_event,output,ppg_system_integration/PPG_400HZ_FRAME_CALIBRATION_SCHEDULER_INTERFACE_CONTRACT.md:939,939,### 13.7 SSW owner资格和物理完成接口,accepted_current_section_source,939,### 13.7 SSW owner资格和物理完成接口,150,Current group heading followed by the exact current named port or generation/fault prose.,,,
1878,C08,o_adc_owner_precision_mode,output,ppg_system_integration/PPG_400HZ_FRAME_CALIBRATION_SCHEDULER_INTERFACE_CONTRACT.md:939,939,### 13.7 SSW owner资格和物理完成接口,accepted_current_section_source,939,### 13.7 SSW owner资格和物理完成接口,151,Current group heading followed by the exact current named port or generation/fault prose.,,,
1879,C08,o_adc_owner_frame_id,output,ppg_system_integration/PPG_400HZ_FRAME_CALIBRATION_SCHEDULER_INTERFACE_CONTRACT.md:939,939,### 13.7 SSW owner资格和物理完成接口,accepted_current_section_source,939,### 13.7 SSW owner资格和物理完成接口,152,Current group heading followed by the exact current named port or generation/fault prose.,,,
1880,C08,o_adc_owner_color_ir,output,ppg_system_integration/PPG_400HZ_FRAME_CALIBRATION_SCHEDULER_INTERFACE_CONTRACT.md:939,939,### 13.7 SSW owner资格和物理完成接口,accepted_current_section_source,939,### 13.7 SSW owner资格和物理完成接口,153,Current group heading followed by the exact current named port or generation/fault prose.,,,
1881,C08,o_adc_owner_frame_type,output,ppg_system_integration/PPG_400HZ_FRAME_CALIBRATION_SCHEDULER_INTERFACE_CONTRACT.md:939,939,### 13.7 SSW owner资格和物理完成接口,accepted_current_section_source,939,### 13.7 SSW owner资格和物理完成接口,154,Current group heading followed by the exact current named port or generation/fault prose.,,,
1882,C08,o_adc_owner_amb_code_snapshot,output,ppg_system_integration/PPG_400HZ_FRAME_CALIBRATION_SCHEDULER_INTERFACE_CONTRACT.md:939,939,### 13.7 SSW owner资格和物理完成接口,accepted_current_section_source,939,### 13.7 SSW owner资格和物理完成接口,155,Current group heading followed by the exact current named port or generation/fault prose.,,,
1883,C08,o_adc_owner_dc_code_snapshot,output,ppg_system_integration/PPG_400HZ_FRAME_CALIBRATION_SCHEDULER_INTERFACE_CONTRACT.md:939,939,### 13.7 SSW owner资格和物理完成接口,accepted_current_section_source,939,### 13.7 SSW owner资格和物理完成接口,156,Current group heading followed by the exact current named port or generation/fault prose.,,,
1884,C08,o_adc_owner_amb_code_epoch,output,ppg_system_integration/PPG_400HZ_FRAME_CALIBRATION_SCHEDULER_INTERFACE_CONTRACT.md:939,939,### 13.7 SSW owner资格和物理完成接口,accepted_current_section_source,939,### 13.7 SSW owner资格和物理完成接口,157,Current group heading followed by the exact current named port or generation/fault prose.,,,
1885,C08,o_adc_owner_dc_code_epoch,output,ppg_system_integration/PPG_400HZ_FRAME_CALIBRATION_SCHEDULER_INTERFACE_CONTRACT.md:939,939,### 13.7 SSW owner资格和物理完成接口,accepted_current_section_source,939,### 13.7 SSW owner资格和物理完成接口,158,Current group heading followed by the exact current named port or generation/fault prose.,,,
1886,C08,o_adc_owner_sample_index,output,ppg_system_integration/PPG_400HZ_FRAME_CALIBRATION_SCHEDULER_INTERFACE_CONTRACT.md:939,939,### 13.7 SSW owner资格和物理完成接口,accepted_current_section_source,939,### 13.7 SSW owner资格和物理完成接口,159,Current group heading followed by the exact current named port or generation/fault prose.,,,
1887,C08,i_adc_transaction_complete_event,input,ppg_system_integration/PPG_400HZ_FRAME_CALIBRATION_SCHEDULER_INTERFACE_CONTRACT.md:939,939,### 13.7 SSW owner资格和物理完成接口,accepted_current_section_source,939,### 13.7 SSW owner资格和物理完成接口,160,Current group heading followed by the exact current named port or generation/fault prose.,,,
1888,C08,i_adc_transaction_success,input,ppg_system_integration/PPG_400HZ_FRAME_CALIBRATION_SCHEDULER_INTERFACE_CONTRACT.md:939,939,### 13.7 SSW owner资格和物理完成接口,accepted_current_section_source,939,### 13.7 SSW owner资格和物理完成接口,161,Current group heading followed by the exact current named port or generation/fault prose.,,,
1889,C08,i_adc_complete_sample_index,input,ppg_system_integration/PPG_400HZ_FRAME_CALIBRATION_SCHEDULER_INTERFACE_CONTRACT.md:939,939,### 13.7 SSW owner资格和物理完成接口,accepted_current_section_source,939,### 13.7 SSW owner资格和物理完成接口,162,Current group heading followed by the exact current named port or generation/fault prose.,,,
1890,C08,i_owner_q3_window_closed,input,ppg_system_integration/PPG_400HZ_FRAME_CALIBRATION_SCHEDULER_INTERFACE_CONTRACT.md:939,939,### 13.7 SSW owner资格和物理完成接口,accepted_current_section_source,939,### 13.7 SSW owner资格和物理完成接口,163,Current group heading followed by the exact current named port or generation/fault prose.,,,
1891,C08,i_adc_idle,input,ppg_system_integration/PPG_400HZ_FRAME_CALIBRATION_SCHEDULER_INTERFACE_CONTRACT.md:939,939,### 13.7 SSW owner资格和物理完成接口,accepted_current_section_source,939,### 13.7 SSW owner资格和物理完成接口,164,Current group heading followed by the exact current named port or generation/fault prose.,,,
1892,C08,i_analog_safe,input,ppg_system_integration/PPG_400HZ_FRAME_CALIBRATION_SCHEDULER_INTERFACE_CONTRACT.md:939,939,### 13.7 SSW owner资格和物理完成接口,accepted_current_section_source,939,### 13.7 SSW owner资格和物理完成接口,165,Current group heading followed by the exact current named port or generation/fault prose.,,,
1893,C08,i_sar_timing_idle,input,ppg_system_integration/PPG_400HZ_FRAME_CALIBRATION_SCHEDULER_INTERFACE_CONTRACT.md:939,939,### 13.7 SSW owner资格和物理完成接口,accepted_current_section_source,939,### 13.7 SSW owner资格和物理完成接口,166,Current group heading followed by the exact current named port or generation/fault prose.,,,
1894,C08,o_macro_frame_start_event,output,ppg_system_integration/PPG_400HZ_FRAME_CALIBRATION_SCHEDULER_INTERFACE_CONTRACT.md:962,962,### 13.8 时间和完成输出,accepted_current_section_source,962,### 13.8 时间和完成输出,169,Current group heading followed by the exact current named port or generation/fault prose.,,,
1895,C08,o_macro_frame_safe_boundary,output,ppg_system_integration/PPG_400HZ_FRAME_CALIBRATION_SCHEDULER_INTERFACE_CONTRACT.md:962,962,### 13.8 时间和完成输出,accepted_current_section_source,962,### 13.8 时间和完成输出,170,Current group heading followed by the exact current named port or generation/fault prose.,,,
1896,C08,o_idac_code_safe_boundary,output,ppg_system_integration/PPG_400HZ_FRAME_CALIBRATION_SCHEDULER_INTERFACE_CONTRACT.md:962,962,### 13.8 时间和完成输出,accepted_current_section_source,962,### 13.8 时间和完成输出,171,Current group heading followed by the exact current named port or generation/fault prose.,,,
1897,C08,o_startup_idac_safe_boundary,output,ppg_system_integration/PPG_400HZ_FRAME_CALIBRATION_SCHEDULER_INTERFACE_CONTRACT.md:962,962,### 13.8 时间和完成输出,accepted_current_section_source,962,### 13.8 时间和完成输出,172,Current group heading followed by the exact current named port or generation/fault prose.,,,
1898,C08,o_safe_frame_id,output,ppg_system_integration/PPG_400HZ_FRAME_CALIBRATION_SCHEDULER_INTERFACE_CONTRACT.md:962,962,### 13.8 时间和完成输出,accepted_current_section_source,962,### 13.8 时间和完成输出,173,Current group heading followed by the exact current named port or generation/fault prose.,,,
1899,C08,o_macro_tick,output,ppg_system_integration/PPG_400HZ_FRAME_CALIBRATION_SCHEDULER_INTERFACE_CONTRACT.md:962,962,### 13.8 时间和完成输出,accepted_current_section_source,962,### 13.8 时间和完成输出,174,Current group heading followed by the exact current named port or generation/fault prose.,,,
1900,C08,o_calibration_subframe_index,output,ppg_system_integration/PPG_400HZ_FRAME_CALIBRATION_SCHEDULER_INTERFACE_CONTRACT.md:962,962,### 13.8 时间和完成输出,accepted_current_section_source,962,### 13.8 时间和完成输出,175,Current group heading followed by the exact current named port or generation/fault prose.,,,
1901,C08,o_calibration_local_tick,output,ppg_system_integration/PPG_400HZ_FRAME_CALIBRATION_SCHEDULER_INTERFACE_CONTRACT.md:962,962,### 13.8 时间和完成输出,accepted_current_section_source,962,### 13.8 时间和完成输出,176,Current group heading followed by the exact current named port or generation/fault prose.,,,
1902,C08,o_normal_frame_complete_event,output,ppg_system_integration/PPG_400HZ_FRAME_CALIBRATION_SCHEDULER_INTERFACE_CONTRACT.md:962,962,### 13.8 时间和完成输出,accepted_current_section_source,962,### 13.8 时间和完成输出,177,Current group heading followed by the exact current named port or generation/fault prose.,,,
1903,C08,o_calibration_frame_complete_event,output,ppg_system_integration/PPG_400HZ_FRAME_CALIBRATION_SCHEDULER_INTERFACE_CONTRACT.md:962,962,### 13.8 时间和完成输出,accepted_current_section_source,962,### 13.8 时间和完成输出,178,Current group heading followed by the exact current named port or generation/fault prose.,,,
1904,C08,o_scheduler_idle,output,ppg_system_integration/PPG_400HZ_FRAME_CALIBRATION_SCHEDULER_INTERFACE_CONTRACT.md:977,977,### 13.9 状态和诊断输出,accepted_current_section_source,977,### 13.9 状态和诊断输出,181,Current group heading followed by the exact current named port or generation/fault prose.,,,
1905,C08,o_normal_frame_active,output,ppg_system_integration/PPG_400HZ_FRAME_CALIBRATION_SCHEDULER_INTERFACE_CONTRACT.md:977,977,### 13.9 状态和诊断输出,accepted_current_section_source,977,### 13.9 状态和诊断输出,182,Current group heading followed by the exact current named port or generation/fault prose.,,,
1906,C08,o_calibration_frame_active,output,ppg_system_integration/PPG_400HZ_FRAME_CALIBRATION_SCHEDULER_INTERFACE_CONTRACT.md:977,977,### 13.9 状态和诊断输出,accepted_current_section_source,977,### 13.9 状态和诊断输出,183,Current group heading followed by the exact current named port or generation/fault prose.,,,
1907,C08,o_transaction_inflight,output,ppg_system_integration/PPG_400HZ_FRAME_CALIBRATION_SCHEDULER_INTERFACE_CONTRACT.md:977,977,### 13.9 状态和诊断输出,accepted_current_section_source,977,### 13.9 状态和诊断输出,184,Current group heading followed by the exact current named port or generation/fault prose.,,,
1908,C08,o_current_frame_id,output,ppg_system_integration/PPG_400HZ_FRAME_CALIBRATION_SCHEDULER_INTERFACE_CONTRACT.md:977,977,### 13.9 状态和诊断输出,accepted_current_section_source,977,### 13.9 状态和诊断输出,185,Current group heading followed by the exact current named port or generation/fault prose.,,,
1909,C08,o_next_sample_index,output,ppg_system_integration/PPG_400HZ_FRAME_CALIBRATION_SCHEDULER_INTERFACE_CONTRACT.md:977,977,### 13.9 状态和诊断输出,accepted_current_section_source,977,### 13.9 状态和诊断输出,186,Current group heading followed by the exact current named port or generation/fault prose.,,,
1910,C08,o_launch_timeout_sticky,output,ppg_system_integration/PPG_400HZ_FRAME_CALIBRATION_SCHEDULER_INTERFACE_CONTRACT.md:977,977,### 13.9 状态和诊断输出,accepted_current_section_source,977,### 13.9 状态和诊断输出,187,Current group heading followed by the exact current named port or generation/fault prose.,,,
1911,C08,o_owner_deadline_timeout_sticky,output,ppg_system_integration/PPG_400HZ_FRAME_CALIBRATION_SCHEDULER_INTERFACE_CONTRACT.md:977,977,### 13.9 状态和诊断输出,accepted_current_section_source,977,### 13.9 状态和诊断输出,188,Current group heading followed by the exact current named port or generation/fault prose.,,,
1912,C08,o_completion_mismatch_sticky,output,ppg_system_integration/PPG_400HZ_FRAME_CALIBRATION_SCHEDULER_INTERFACE_CONTRACT.md:977,977,### 13.9 状态和诊断输出,accepted_current_section_source,977,### 13.9 状态和诊断输出,190,Current group heading followed by the exact current named port or generation/fault prose.,,,
1913,C08,o_protocol_error_sticky,output,ppg_system_integration/PPG_400HZ_FRAME_CALIBRATION_SCHEDULER_INTERFACE_CONTRACT.md:977,977,### 13.9 状态和诊断输出,accepted_current_section_source,977,### 13.9 状态和诊断输出,191,Current group heading followed by the exact current named port or generation/fault prose.,,,
1914,C08,o_scheduler_local_fault_blocking,output,ppg_system_integration/PPG_400HZ_FRAME_CALIBRATION_SCHEDULER_INTERFACE_CONTRACT.md:977,977,### 13.9 状态和诊断输出,accepted_current_section_source,977,### 13.9 状态和诊断输出,192,Current group heading followed by the exact current named port or generation/fault prose.,,,
1915,C08,o_scheduler_fault_valid,output,ppg_system_integration/PPG_400HZ_FRAME_CALIBRATION_SCHEDULER_INTERFACE_CONTRACT.md:1026,1026,### 15.1 V1.4 generation and supervisor fault ports,accepted_current_section_source,1026,### 15.1 V1.4 generation and supervisor fault ports,195,Current group heading followed by the exact current named port or generation/fault prose.,,,
1916,C08,o_scheduler_fault_active,output,ppg_system_integration/PPG_400HZ_FRAME_CALIBRATION_SCHEDULER_INTERFACE_CONTRACT.md:1026,1026,### 15.1 V1.4 generation and supervisor fault ports,accepted_current_section_source,1026,### 15.1 V1.4 generation and supervisor fault ports,196,Current group heading followed by the exact current named port or generation/fault prose.,,,
1917,C08,o_scheduler_fault_cause,output,ppg_system_integration/PPG_400HZ_FRAME_CALIBRATION_SCHEDULER_INTERFACE_CONTRACT.md:1026,1026,### 15.1 V1.4 generation and supervisor fault ports,accepted_current_section_source,1026,### 15.1 V1.4 generation and supervisor fault ports,197,Current group heading followed by the exact current named port or generation/fault prose.,,,
1918,C08,o_scheduler_fault_identity_valid,output,ppg_system_integration/PPG_400HZ_FRAME_CALIBRATION_SCHEDULER_INTERFACE_CONTRACT.md:1026,1026,### 15.1 V1.4 generation and supervisor fault ports,accepted_current_section_source,1026,### 15.1 V1.4 generation and supervisor fault ports,198,Current group heading followed by the exact current named port or generation/fault prose.,,,
1919,C08,o_scheduler_fault_frame_id,output,ppg_system_integration/PPG_400HZ_FRAME_CALIBRATION_SCHEDULER_INTERFACE_CONTRACT.md:1026,1026,### 15.1 V1.4 generation and supervisor fault ports,accepted_complete_identity_group,1026,### 15.1 V1.4 generation and supervisor fault ports,199,Current generation/fault section explicitly includes full ID; actual scheduler AST contains this identity field.,,,
1920,C08,o_scheduler_fault_sample_index,output,ppg_system_integration/PPG_400HZ_FRAME_CALIBRATION_SCHEDULER_INTERFACE_CONTRACT.md:1026,1026,### 15.1 V1.4 generation and supervisor fault ports,accepted_complete_identity_group,1026,### 15.1 V1.4 generation and supervisor fault ports,200,Current generation/fault section explicitly includes full ID; actual scheduler AST contains this identity field.,,,
1921,C08,o_scheduler_fault_color_ir,output,ppg_system_integration/PPG_400HZ_FRAME_CALIBRATION_SCHEDULER_INTERFACE_CONTRACT.md:1026,1026,### 15.1 V1.4 generation and supervisor fault ports,accepted_complete_identity_group,1026,### 15.1 V1.4 generation and supervisor fault ports,201,Current generation/fault section explicitly includes full ID; actual scheduler AST contains this identity field.,,,
1922,C08,o_scheduler_fault_frame_type,output,ppg_system_integration/PPG_400HZ_FRAME_CALIBRATION_SCHEDULER_INTERFACE_CONTRACT.md:1026,1026,### 15.1 V1.4 generation and supervisor fault ports,accepted_complete_identity_group,1026,### 15.1 V1.4 generation and supervisor fault ports,202,Current generation/fault section explicitly includes full ID; actual scheduler AST contains this identity field.,,,
1923,C08,o_scheduler_fault_precision_mode,output,ppg_system_integration/PPG_400HZ_FRAME_CALIBRATION_SCHEDULER_INTERFACE_CONTRACT.md:1026,1026,### 15.1 V1.4 generation and supervisor fault ports,accepted_complete_identity_group,1026,### 15.1 V1.4 generation and supervisor fault ports,203,Current generation/fault section explicitly includes full ID; actual scheduler AST contains this identity field.,,,
1924,C08,o_scheduler_fault_run_generation,output,ppg_system_integration/PPG_400HZ_FRAME_CALIBRATION_SCHEDULER_INTERFACE_CONTRACT.md:1026,1026,### 15.1 V1.4 generation and supervisor fault ports,accepted_complete_identity_group,1026,### 15.1 V1.4 generation and supervisor fault ports,204,Current generation/fault section explicitly includes full ID; actual scheduler AST contains this identity field.,,,
1925,C09,i_clk,input,ppg_system_integration/PPG_SAR9_SAR15_SAFE_SELECTION_WRAPPER_INTERFACE_CONTRACT.md:446,446,| `C_FRAME_ID_WIDTH` | 16 | 物理400 Hz帧号宽度 |,confirmed_wrong_source_line,461,| `i_clk` | 1 | 系统 | 2 MHz唯一数字时钟 |,67,"Actual frozen Source points to a different parameter, different port, wrong interface heading or unrelated sticky. Current exact definition or explicitly complete identity group is verified; no historical Source override or normative exception permits the wrong target. Index-only error, not an RTL functional gap.",,,
1926,C09,i_rstn,input,ppg_system_integration/PPG_SAR9_SAR15_SAFE_SELECTION_WRAPPER_INTERFACE_CONTRACT.md:446,446,| `C_FRAME_ID_WIDTH` | 16 | 物理400 Hz帧号宽度 |,confirmed_wrong_source_line,462,| `i_rstn` | 1 | 系统 | 低有效异步复位 |,68,"Actual frozen Source points to a different parameter, different port, wrong interface heading or unrelated sticky. Current exact definition or explicitly complete identity group is verified; no historical Source override or normative exception permits the wrong target. Index-only error, not an RTL functional gap.",,,
1927,C09,i_run_enable,input,ppg_system_integration/PPG_SAR9_SAR15_SAFE_SELECTION_WRAPPER_INTERFACE_CONTRACT.md:446,446,| `C_FRAME_ID_WIDTH` | 16 | 物理400 Hz帧号宽度 |,confirmed_wrong_source_line,463,| `i_run_enable` | 1 | 配置管理器 | RUN期间为1 |,69,"Actual frozen Source points to a different parameter, different port, wrong interface heading or unrelated sticky. Current exact definition or explicitly complete identity group is verified; no historical Source override or normative exception permits the wrong target. Index-only error, not an RTL functional gap.",,,
1928,C09,i_start_ack_event,input,ppg_system_integration/PPG_SAR9_SAR15_SAFE_SELECTION_WRAPPER_INTERFACE_CONTRACT.md:446,446,| `C_FRAME_ID_WIDTH` | 16 | 物理400 Hz帧号宽度 |,confirmed_wrong_source_line,464,| `i_start_ack_event` | 1 | 配置管理器 | 新RUN接受单拍 |,70,"Actual frozen Source points to a different parameter, different port, wrong interface heading or unrelated sticky. Current exact definition or explicitly complete identity group is verified; no historical Source override or normative exception permits the wrong target. Index-only error, not an RTL functional gap.",,,
1929,C09,i_stop_ack_event,input,ppg_system_integration/PPG_SAR9_SAR15_SAFE_SELECTION_WRAPPER_INTERFACE_CONTRACT.md:446,446,| `C_FRAME_ID_WIDTH` | 16 | 物理400 Hz帧号宽度 |,confirmed_wrong_source_line,465,| `i_stop_ack_event` | 1 | 配置管理器 | STOP接受单拍 |,71,"Actual frozen Source points to a different parameter, different port, wrong interface heading or unrelated sticky. Current exact definition or explicitly complete identity group is verified; no historical Source override or normative exception permits the wrong target. Index-only error, not an RTL functional gap.",,,
1930,C09,i_control_abort_event,input,ppg_system_integration/PPG_SAR9_SAR15_SAFE_SELECTION_WRAPPER_INTERFACE_CONTRACT.md:446,446,| `C_FRAME_ID_WIDTH` | 16 | 物理400 Hz帧号宽度 |,confirmed_wrong_source_line,466,| `i_control_abort_event` | 1 | 系统 | 立即撤销单拍 |,72,"Actual frozen Source points to a different parameter, different port, wrong interface heading or unrelated sticky. Current exact definition or explicitly complete identity group is verified; no historical Source override or normative exception permits the wrong target. Index-only error, not an RTL functional gap.",,,
1931,C09,i_diag_clear_event,input,ppg_system_integration/PPG_SAR9_SAR15_SAFE_SELECTION_WRAPPER_INTERFACE_CONTRACT.md:446,446,| `C_FRAME_ID_WIDTH` | 16 | 物理400 Hz帧号宽度 |,confirmed_wrong_source_line,467,| `i_diag_clear_event` | 1 | 软件 | 安全空闲时清sticky单拍 |,73,"Actual frozen Source points to a different parameter, different port, wrong interface heading or unrelated sticky. Current exact definition or explicitly complete identity group is verified; no historical Source override or normative exception permits the wrong target. Index-only error, not an RTL functional gap.",,,
1932,C09,i_run_generation,input,ppg_system_integration/PPG_SAR9_SAR15_SAFE_SELECTION_WRAPPER_INTERFACE_CONTRACT.md:600,600,| `o_transaction_mismatch_sticky` | ADC完成的sample_index与在途事务不一致 |,confirmed_wrong_source_line,468,| `i_run_generation` | `C_RUN_GENERATION_WIDTH` | manager经ACTIVE wrapper与Top扇出 | 波形和物理owner上下文锁存的唯一RUN代际；陈旧代际不得释放owner或复活波形 |,74,"Actual frozen Source points to a different parameter, different port, wrong interface heading or unrelated sticky. Current exact definition or explicitly complete identity group is verified; no historical Source override or normative exception permits the wrong target. Index-only error, not an RTL functional gap.",,,
1933,C09,i_macro_tick,input,ppg_system_integration/PPG_SAR9_SAR15_SAFE_SELECTION_WRAPPER_INTERFACE_CONTRACT.md:446,446,| `C_FRAME_ID_WIDTH` | 16 | 物理400 Hz帧号宽度 |,confirmed_wrong_source_line,469,| `i_macro_tick` | `C_MACRO_TICK_WIDTH` | 调度器 | 唯一400 Hz相位 |,77,"Actual frozen Source points to a different parameter, different port, wrong interface heading or unrelated sticky. Current exact definition or explicitly complete identity group is verified; no historical Source override or normative exception permits the wrong target. Index-only error, not an RTL functional gap.",,,
1934,C09,i_calibration_subframe_index,input,ppg_system_integration/PPG_SAR9_SAR15_SAFE_SELECTION_WRAPPER_INTERFACE_CONTRACT.md:446,446,| `C_FRAME_ID_WIDTH` | 16 | 物理400 Hz帧号宽度 |,confirmed_wrong_source_line,470,| `i_calibration_subframe_index` | 3 | 调度器 | 当前0..7子帧编号 |,78,"Actual frozen Source points to a different parameter, different port, wrong interface heading or unrelated sticky. Current exact definition or explicitly complete identity group is verified; no historical Source override or normative exception permits the wrong target. Index-only error, not an RTL functional gap.",,,
1935,C09,i_calibration_local_tick,input,ppg_system_integration/PPG_SAR9_SAR15_SAFE_SELECTION_WRAPPER_INTERFACE_CONTRACT.md:446,446,| `C_FRAME_ID_WIDTH` | 16 | 物理400 Hz帧号宽度 |,confirmed_wrong_source_line,471,| `i_calibration_local_tick` | `C_CAL_TICK_WIDTH` | 调度器V1.3 | 当前0..624子帧相位 |,79,"Actual frozen Source points to a different parameter, different port, wrong interface heading or unrelated sticky. Current exact definition or explicitly complete identity group is verified; no historical Source override or normative exception permits the wrong target. Index-only error, not an RTL functional gap.",,,
1936,C09,i_normal_frame_active,input,ppg_system_integration/PPG_SAR9_SAR15_SAFE_SELECTION_WRAPPER_INTERFACE_CONTRACT.md:446,446,| `C_FRAME_ID_WIDTH` | 16 | 物理400 Hz帧号宽度 |,confirmed_wrong_source_line,472,| `i_normal_frame_active` | 1 | 调度器 | 当前宏帧属于NORMAL |,80,"Actual frozen Source points to a different parameter, different port, wrong interface heading or unrelated sticky. Current exact definition or explicitly complete identity group is verified; no historical Source override or normative exception permits the wrong target. Index-only error, not an RTL functional gap.",,,
1937,C09,i_calibration_frame_active,input,ppg_system_integration/PPG_SAR9_SAR15_SAFE_SELECTION_WRAPPER_INTERFACE_CONTRACT.md:446,446,| `C_FRAME_ID_WIDTH` | 16 | 物理400 Hz帧号宽度 |,confirmed_wrong_source_line,473,| `i_calibration_frame_active` | 1 | 调度器 | 当前宏帧属于快速校准 |,81,"Actual frozen Source points to a different parameter, different port, wrong interface heading or unrelated sticky. Current exact definition or explicitly complete identity group is verified; no historical Source override or normative exception permits the wrong target. Index-only error, not an RTL functional gap.",,,
1938,C09,i_macro_frame_safe_boundary,input,ppg_system_integration/PPG_SAR9_SAR15_SAFE_SELECTION_WRAPPER_INTERFACE_CONTRACT.md:446,446,| `C_FRAME_ID_WIDTH` | 16 | 物理400 Hz帧号宽度 |,confirmed_wrong_source_line,474,| `i_macro_frame_safe_boundary` | 1 | 调度器 | 宏帧安全接管边界 |,82,"Actual frozen Source points to a different parameter, different port, wrong interface heading or unrelated sticky. Current exact definition or explicitly complete identity group is verified; no historical Source override or normative exception permits the wrong target. Index-only error, not an RTL functional gap.",,,
1939,C09,i_idac_code_safe_boundary,input,ppg_system_integration/PPG_SAR9_SAR15_SAFE_SELECTION_WRAPPER_INTERFACE_CONTRACT.md:446,446,| `C_FRAME_ID_WIDTH` | 16 | 物理400 Hz帧号宽度 |,confirmed_wrong_source_line,475,| `i_idac_code_safe_boundary` | 1 | 调度器 | 下一候选码唯一提交边界 |,83,"Actual frozen Source points to a different parameter, different port, wrong interface heading or unrelated sticky. Current exact definition or explicitly complete identity group is verified; no historical Source override or normative exception permits the wrong target. Index-only error, not an RTL functional gap.",,,
1940,C09,i_run_profile,input,ppg_system_integration/PPG_SAR9_SAR15_SAFE_SELECTION_WRAPPER_INTERFACE_CONTRACT.md:468,468,| `i_run_generation` | `C_RUN_GENERATION_WIDTH` | manager经ACTIVE wrapper与Top扇出 | 波形和物理owner上下文锁存的唯一RUN代际；陈旧代际不得释放owner或复活波形 |,confirmed_wrong_source_line,483,| `i_run_profile` | 1 | ACTIVE V4解包 | NORMAL_PPG或CHARACTERIZATION |,86,"Actual frozen Source points to a different parameter, different port, wrong interface heading or unrelated sticky. Current exact definition or explicitly complete identity group is verified; no historical Source override or normative exception permits the wrong target. Index-only error, not an RTL functional gap.",,,
1941,C09,i_input_source,input,ppg_system_integration/PPG_SAR9_SAR15_SAFE_SELECTION_WRAPPER_INTERFACE_CONTRACT.md:468,468,| `i_run_generation` | `C_RUN_GENERATION_WIDTH` | manager经ACTIVE wrapper与Top扇出 | 波形和物理owner上下文锁存的唯一RUN代际；陈旧代际不得释放owner或复活波形 |,confirmed_wrong_source_line,484,| `i_input_source` | 1 | ACTIVE V4解包 | `0`为光电二极管输入，`1`为外部固定电流输入 |,87,"Actual frozen Source points to a different parameter, different port, wrong interface heading or unrelated sticky. Current exact definition or explicitly complete identity group is verified; no historical Source override or normative exception permits the wrong target. Index-only error, not an RTL functional gap.",,,
1942,C09,i_optical_mode,input,ppg_system_integration/PPG_SAR9_SAR15_SAFE_SELECTION_WRAPPER_INTERFACE_CONTRACT.md:468,468,| `i_run_generation` | `C_RUN_GENERATION_WIDTH` | manager经ACTIVE wrapper与Top扇出 | 波形和物理owner上下文锁存的唯一RUN代际；陈旧代际不得释放owner或复活波形 |,confirmed_wrong_source_line,485,| `i_optical_mode` | 2 | ACTIVE V4解包 | 双光、单光或安全关闭 |,88,"Actual frozen Source points to a different parameter, different port, wrong interface heading or unrelated sticky. Current exact definition or explicitly complete identity group is verified; no historical Source override or normative exception permits the wrong target. Index-only error, not an RTL functional gap.",,,
1943,C09,i_precision_mode_committed,input,ppg_system_integration/PPG_SAR9_SAR15_SAFE_SELECTION_WRAPPER_INTERFACE_CONTRACT.md:468,468,| `i_run_generation` | `C_RUN_GENERATION_WIDTH` | manager经ACTIVE wrapper与Top扇出 | 波形和物理owner上下文锁存的唯一RUN代际；陈旧代际不得释放owner或复活波形 |,confirmed_wrong_source_line,486,| `i_precision_mode_committed` | 1 | 精度窗口控制器 | 当前已提交SAR选择 |,89,"Actual frozen Source points to a different parameter, different port, wrong interface heading or unrelated sticky. Current exact definition or explicitly complete identity group is verified; no historical Source override or normative exception permits the wrong target. Index-only error, not an RTL functional gap.",,,
1944,C09,i_static_characterization_enable,input,ppg_system_integration/PPG_SAR9_SAR15_SAFE_SELECTION_WRAPPER_INTERFACE_CONTRACT.md:468,468,| `i_run_generation` | `C_RUN_GENERATION_WIDTH` | manager经ACTIVE wrapper与Top扇出 | 波形和物理owner上下文锁存的唯一RUN代际；陈旧代际不得释放owner或复活波形 |,confirmed_wrong_source_line,487,| `i_static_characterization_enable` | 1 | 独立已提交控制 | 静态表征覆盖使能 |,90,"Actual frozen Source points to a different parameter, different port, wrong interface heading or unrelated sticky. Current exact definition or explicitly complete identity group is verified; no historical Source override or normative exception permits the wrong target. Index-only error, not an RTL functional gap.",,,
1945,C09,i_test_mux_ctrl,input,ppg_system_integration/PPG_SAR9_SAR15_SAFE_SELECTION_WRAPPER_INTERFACE_CONTRACT.md:468,468,| `i_run_generation` | `C_RUN_GENERATION_WIDTH` | manager经ACTIVE wrapper与Top扇出 | 波形和物理owner上下文锁存的唯一RUN代际；陈旧代际不得释放owner或复活波形 |,confirmed_wrong_source_line,488,| `i_test_mux_ctrl` | 5 | 独立CDC已提交控制 | 仅STATIC_BIAS期间驱动`S[4:0]`的测试MUX码 |,91,"Actual frozen Source points to a different parameter, different port, wrong interface heading or unrelated sticky. Current exact definition or explicitly complete identity group is verified; no historical Source override or normative exception permits the wrong target. Index-only error, not an RTL functional gap.",,,
1946,C09,i_test_inject_enable,input,ppg_system_integration/PPG_SAR9_SAR15_SAFE_SELECTION_WRAPPER_INTERFACE_CONTRACT.md:446,446,| `C_FRAME_ID_WIDTH` | 16 | 物理400 Hz帧号宽度 |,confirmed_wrong_source_line,4,"> V1.9修订日期：2026-08-30。桶1 RTL会话（SID-11+LFA-06+OIB-01+LFA-10(b)专属会话）新增：（1）新状态输出`o_owner_q3_window_closed`——在途owner自身选定的Q3窗口是否已关闭（per-owner sticky，跨宏帧节拍环绕不丢失，owner释放/新owner建立时复位），供`ppg_400hz_frame_calibration_scheduler.v`门控`flag_completion_success`，防止早于Q3的CLK_DOUT冒充协议意义上的成功完成（LFA-06）；门控放在`flag_completion_success`而不是`flag_owner_release`/`flag_completion_match`上，owner身份匹配即合法释放槽位，避免""Q3若因异常提前完成而不再出现""导致owner永久卡在in-flight、连带`o_wrapper_idle`永远为假、`transaction_mismatch_sticky_o`永远清不掉的死锁——这是一次真实构造中发现并纠正的设计。（2）新增模块参数`C_ENABLE_TEST_INJECTION`（默认0，生产网表必须为0）和一对验证专属端口`i_test_inject_enable`/`i_context_handover_stall_request`，与`ppg_adc_measurement_idac_integration.v`已有的同名验证注入基础设施同一约定：只在`C_ENABLE_TEST_INJECTION!=0`且`i_test_inject_enable=1`时生效，允许在波形上下文接管tick合法压低`o_waveform_context_ready`，不构成协议违规。（3）`flag_switch_protocol_error_condition`第4个OR项（接管tick context_valid但ready仍为0）收窄为只在**排除掉上述反压注入这个因素后依然会不ready**时才判定为真协议违规——反压注入导致的接管未命中不再连带触发SSW阻断的`switch_protocol_error_sticky_o`，只留给Scheduler自己非阻断的`o_launch_timeout_sticky`独立表态，兑现本合同和Scheduler合同一贯宣称的""非阻断launch-timeout应可独立于阻断故障分类""。真实证据：`tb_ppg_control_top_owner_identity_backpressure.v`OIB-01（V1.1，iverilog+Vivado 2022.2 xsim双工具confirmed）和`tb_ppg_control_top_lifecycle_fault_adc_anomaly.v`LFA-06（V1.3，同样双工具confirmed）。不改变本合同SSW-01至SSW-52任何既有编号条款的行为；三项改动均为新增能力，不touch任何既有生产信号路径的既有行为。",94,"Actual frozen Source points to a different parameter, different port, wrong interface heading or unrelated sticky. Current exact definition or explicitly complete identity group is verified; no historical Source override or normative exception permits the wrong target. Index-only error, not an RTL functional gap.",,,
1947,C09,i_context_handover_stall_request,input,ppg_system_integration/PPG_SAR9_SAR15_SAFE_SELECTION_WRAPPER_INTERFACE_CONTRACT.md:446,446,| `C_FRAME_ID_WIDTH` | 16 | 物理400 Hz帧号宽度 |,confirmed_wrong_source_line,4,"> V1.9修订日期：2026-08-30。桶1 RTL会话（SID-11+LFA-06+OIB-01+LFA-10(b)专属会话）新增：（1）新状态输出`o_owner_q3_window_closed`——在途owner自身选定的Q3窗口是否已关闭（per-owner sticky，跨宏帧节拍环绕不丢失，owner释放/新owner建立时复位），供`ppg_400hz_frame_calibration_scheduler.v`门控`flag_completion_success`，防止早于Q3的CLK_DOUT冒充协议意义上的成功完成（LFA-06）；门控放在`flag_completion_success`而不是`flag_owner_release`/`flag_completion_match`上，owner身份匹配即合法释放槽位，避免""Q3若因异常提前完成而不再出现""导致owner永久卡在in-flight、连带`o_wrapper_idle`永远为假、`transaction_mismatch_sticky_o`永远清不掉的死锁——这是一次真实构造中发现并纠正的设计。（2）新增模块参数`C_ENABLE_TEST_INJECTION`（默认0，生产网表必须为0）和一对验证专属端口`i_test_inject_enable`/`i_context_handover_stall_request`，与`ppg_adc_measurement_idac_integration.v`已有的同名验证注入基础设施同一约定：只在`C_ENABLE_TEST_INJECTION!=0`且`i_test_inject_enable=1`时生效，允许在波形上下文接管tick合法压低`o_waveform_context_ready`，不构成协议违规。（3）`flag_switch_protocol_error_condition`第4个OR项（接管tick context_valid但ready仍为0）收窄为只在**排除掉上述反压注入这个因素后依然会不ready**时才判定为真协议违规——反压注入导致的接管未命中不再连带触发SSW阻断的`switch_protocol_error_sticky_o`，只留给Scheduler自己非阻断的`o_launch_timeout_sticky`独立表态，兑现本合同和Scheduler合同一贯宣称的""非阻断launch-timeout应可独立于阻断故障分类""。真实证据：`tb_ppg_control_top_owner_identity_backpressure.v`OIB-01（V1.1，iverilog+Vivado 2022.2 xsim双工具confirmed）和`tb_ppg_control_top_lifecycle_fault_adc_anomaly.v`LFA-06（V1.3，同样双工具confirmed）。不改变本合同SSW-01至SSW-52任何既有编号条款的行为；三项改动均为新增能力，不touch任何既有生产信号路径的既有行为。",95,"Actual frozen Source points to a different parameter, different port, wrong interface heading or unrelated sticky. Current exact definition or explicitly complete identity group is verified; no historical Source override or normative exception permits the wrong target. Index-only error, not an RTL functional gap.",,,
1948,C09,i_waveform_context_valid,input,ppg_system_integration/PPG_SAR9_SAR15_SAFE_SELECTION_WRAPPER_INTERFACE_CONTRACT.md:483,483,| `i_run_profile` | 1 | ACTIVE V4解包 | NORMAL_PPG或CHARACTERIZATION |,confirmed_wrong_source_line,498,| `i_waveform_context_valid` | 1 | 输入 | 调度器保持型模拟波形载荷有效 |,98,"Actual frozen Source points to a different parameter, different port, wrong interface heading or unrelated sticky. Current exact definition or explicitly complete identity group is verified; no historical Source override or normative exception permits the wrong target. Index-only error, not an RTL functional gap.",,,
1949,C09,o_waveform_context_ready,output,ppg_system_integration/PPG_SAR9_SAR15_SAFE_SELECTION_WRAPPER_INTERFACE_CONTRACT.md:483,483,| `i_run_profile` | 1 | ACTIVE V4解包 | NORMAL_PPG或CHARACTERIZATION |,confirmed_wrong_source_line,499,| `o_waveform_context_ready` | 1 | 输出 | 仅固定波形接管点且目标槽可用时接受 |,99,"Actual frozen Source points to a different parameter, different port, wrong interface heading or unrelated sticky. Current exact definition or explicitly complete identity group is verified; no historical Source override or normative exception permits the wrong target. Index-only error, not an RTL functional gap.",,,
1950,C09,i_waveform_precision_mode,input,ppg_system_integration/PPG_SAR9_SAR15_SAFE_SELECTION_WRAPPER_INTERFACE_CONTRACT.md:483,483,| `i_run_profile` | 1 | ACTIVE V4解包 | NORMAL_PPG或CHARACTERIZATION |,confirmed_wrong_source_line,500,| `i_waveform_precision_mode` | 1 | 输入 | 本次波形SAR9/SAR15快照 |,100,"Actual frozen Source points to a different parameter, different port, wrong interface heading or unrelated sticky. Current exact definition or explicitly complete identity group is verified; no historical Source override or normative exception permits the wrong target. Index-only error, not an RTL functional gap.",,,
1951,C09,i_waveform_frame_id,input,ppg_system_integration/PPG_SAR9_SAR15_SAFE_SELECTION_WRAPPER_INTERFACE_CONTRACT.md:483,483,| `i_run_profile` | 1 | ACTIVE V4解包 | NORMAL_PPG或CHARACTERIZATION |,confirmed_wrong_source_line,501,| `i_waveform_frame_id` | `C_FRAME_ID_WIDTH` | 输入 | 本次波形物理帧号 |,101,"Actual frozen Source points to a different parameter, different port, wrong interface heading or unrelated sticky. Current exact definition or explicitly complete identity group is verified; no historical Source override or normative exception permits the wrong target. Index-only error, not an RTL functional gap.",,,
1952,C09,i_waveform_color_ir,input,ppg_system_integration/PPG_SAR9_SAR15_SAFE_SELECTION_WRAPPER_INTERFACE_CONTRACT.md:483,483,| `i_run_profile` | 1 | ACTIVE V4解包 | NORMAL_PPG或CHARACTERIZATION |,confirmed_wrong_source_line,502,| `i_waveform_color_ir` | 1 | 输入 | 本次波形颜色身份 |,102,"Actual frozen Source points to a different parameter, different port, wrong interface heading or unrelated sticky. Current exact definition or explicitly complete identity group is verified; no historical Source override or normative exception permits the wrong target. Index-only error, not an RTL functional gap.",,,
1953,C09,i_waveform_frame_type,input,ppg_system_integration/PPG_SAR9_SAR15_SAFE_SELECTION_WRAPPER_INTERFACE_CONTRACT.md:483,483,| `i_run_profile` | 1 | ACTIVE V4解包 | NORMAL_PPG或CHARACTERIZATION |,confirmed_wrong_source_line,503,| `i_waveform_frame_type` | 2 | 输入 | AMB_CAL、DCS_CAL或NORMAL |,103,"Actual frozen Source points to a different parameter, different port, wrong interface heading or unrelated sticky. Current exact definition or explicitly complete identity group is verified; no historical Source override or normative exception permits the wrong target. Index-only error, not an RTL functional gap.",,,
1954,C09,i_waveform_amb_code_snapshot,input,ppg_system_integration/PPG_SAR9_SAR15_SAFE_SELECTION_WRAPPER_INTERFACE_CONTRACT.md:483,483,| `i_run_profile` | 1 | ACTIVE V4解包 | NORMAL_PPG或CHARACTERIZATION |,confirmed_wrong_source_line,504,| `i_waveform_amb_code_snapshot` | `C_IDAC_CODE_WIDTH` | 输入 | 预热前冻结AMB码 |,104,"Actual frozen Source points to a different parameter, different port, wrong interface heading or unrelated sticky. Current exact definition or explicitly complete identity group is verified; no historical Source override or normative exception permits the wrong target. Index-only error, not an RTL functional gap.",,,
1955,C09,i_waveform_dc_code_snapshot,input,ppg_system_integration/PPG_SAR9_SAR15_SAFE_SELECTION_WRAPPER_INTERFACE_CONTRACT.md:483,483,| `i_run_profile` | 1 | ACTIVE V4解包 | NORMAL_PPG或CHARACTERIZATION |,confirmed_wrong_source_line,505,| `i_waveform_dc_code_snapshot` | `C_IDAC_CODE_WIDTH` | 输入 | 预热前冻结颜色DC码 |,105,"Actual frozen Source points to a different parameter, different port, wrong interface heading or unrelated sticky. Current exact definition or explicitly complete identity group is verified; no historical Source override or normative exception permits the wrong target. Index-only error, not an RTL functional gap.",,,
1956,C09,i_waveform_amb_code_epoch,input,ppg_system_integration/PPG_SAR9_SAR15_SAFE_SELECTION_WRAPPER_INTERFACE_CONTRACT.md:483,483,| `i_run_profile` | 1 | ACTIVE V4解包 | NORMAL_PPG或CHARACTERIZATION |,confirmed_wrong_source_line,506,| `i_waveform_amb_code_epoch` | `C_CODE_EPOCH_WIDTH` | 输入 | AMB码版本 |,106,"Actual frozen Source points to a different parameter, different port, wrong interface heading or unrelated sticky. Current exact definition or explicitly complete identity group is verified; no historical Source override or normative exception permits the wrong target. Index-only error, not an RTL functional gap.",,,
1957,C09,i_waveform_dc_code_epoch,input,ppg_system_integration/PPG_SAR9_SAR15_SAFE_SELECTION_WRAPPER_INTERFACE_CONTRACT.md:483,483,| `i_run_profile` | 1 | ACTIVE V4解包 | NORMAL_PPG或CHARACTERIZATION |,confirmed_wrong_source_line,507,| `i_waveform_dc_code_epoch` | `C_CODE_EPOCH_WIDTH` | 输入 | 颜色DC码版本 |,107,"Actual frozen Source points to a different parameter, different port, wrong interface heading or unrelated sticky. Current exact definition or explicitly complete identity group is verified; no historical Source override or normative exception permits the wrong target. Index-only error, not an RTL functional gap.",,,
1958,C09,i_waveform_input_source,input,ppg_system_integration/PPG_SAR9_SAR15_SAFE_SELECTION_WRAPPER_INTERFACE_CONTRACT.md:483,483,| `i_run_profile` | 1 | ACTIVE V4解包 | NORMAL_PPG或CHARACTERIZATION |,confirmed_wrong_source_line,508,| `i_waveform_input_source` | 1 | 输入 | 光电二极管或外部固定电流快照 |,108,"Actual frozen Source points to a different parameter, different port, wrong interface heading or unrelated sticky. Current exact definition or explicitly complete identity group is verified; no historical Source override or normative exception permits the wrong target. Index-only error, not an RTL functional gap.",,,
1959,C09,i_waveform_optical_mode,input,ppg_system_integration/PPG_SAR9_SAR15_SAFE_SELECTION_WRAPPER_INTERFACE_CONTRACT.md:483,483,| `i_run_profile` | 1 | ACTIVE V4解包 | NORMAL_PPG或CHARACTERIZATION |,confirmed_wrong_source_line,509,| `i_waveform_optical_mode` | 2 | 输入 | 本宏帧光学模式快照 |,109,"Actual frozen Source points to a different parameter, different port, wrong interface heading or unrelated sticky. Current exact definition or explicitly complete identity group is verified; no historical Source override or normative exception permits the wrong target. Index-only error, not an RTL functional gap.",,,
1960,C09,i_waveform_leddac_code_snapshot,input,ppg_system_integration/PPG_SAR9_SAR15_SAFE_SELECTION_WRAPPER_INTERFACE_CONTRACT.md:483,483,| `i_run_profile` | 1 | ACTIVE V4解包 | NORMAL_PPG或CHARACTERIZATION |,confirmed_wrong_source_line,510,| `i_waveform_leddac_code_snapshot` | 8 | 输入 | 当前颜色已提交LEDDAC码快照 |,110,"Actual frozen Source points to a different parameter, different port, wrong interface heading or unrelated sticky. Current exact definition or explicitly complete identity group is verified; no historical Source override or normative exception permits the wrong target. Index-only error, not an RTL functional gap.",,,
1961,C09,o_adc_owner_ready,output,ppg_system_integration/PPG_SAR9_SAR15_SAFE_SELECTION_WRAPPER_INTERFACE_CONTRACT.md:508,508,| `i_waveform_input_source` | 1 | 输入 | 光电二极管或外部固定电流快照 |,confirmed_wrong_source_line,523,| `o_adc_owner_ready` | 1 | SSW | 匹配波形存在、owner空闲、未过截止点且生命周期合法 |,113,"Actual frozen Source points to a different parameter, different port, wrong interface heading or unrelated sticky. Current exact definition or explicitly complete identity group is verified; no historical Source override or normative exception permits the wrong target. Index-only error, not an RTL functional gap.",,,
1962,C09,i_adc_owner_commit_event,input,ppg_system_integration/PPG_SAR9_SAR15_SAFE_SELECTION_WRAPPER_INTERFACE_CONTRACT.md:508,508,| `i_waveform_input_source` | 1 | 输入 | 光电二极管或外部固定电流快照 |,confirmed_wrong_source_line,524,| `i_adc_owner_commit_event` | 1 | 调度器 | 与AMI transaction fire同拍的owner提交单拍 |,114,"Actual frozen Source points to a different parameter, different port, wrong interface heading or unrelated sticky. Current exact definition or explicitly complete identity group is verified; no historical Source override or normative exception permits the wrong target. Index-only error, not an RTL functional gap.",,,
1963,C09,i_adc_owner_precision_mode,input,ppg_system_integration/PPG_SAR9_SAR15_SAFE_SELECTION_WRAPPER_INTERFACE_CONTRACT.md:508,508,| `i_waveform_input_source` | 1 | 输入 | 光电二极管或外部固定电流快照 |,confirmed_wrong_source_line,525,| `i_adc_owner_precision_mode` | 1 | 调度器 | AMI事务精度，必须匹配波形快照 |,115,"Actual frozen Source points to a different parameter, different port, wrong interface heading or unrelated sticky. Current exact definition or explicitly complete identity group is verified; no historical Source override or normative exception permits the wrong target. Index-only error, not an RTL functional gap.",,,
1964,C09,i_adc_owner_frame_id,input,ppg_system_integration/PPG_SAR9_SAR15_SAFE_SELECTION_WRAPPER_INTERFACE_CONTRACT.md:508,508,| `i_waveform_input_source` | 1 | 输入 | 光电二极管或外部固定电流快照 |,confirmed_wrong_source_line,526,| `i_adc_owner_frame_id` | `C_FRAME_ID_WIDTH` | 调度器 | AMI事务帧号，必须匹配波形快照 |,116,"Actual frozen Source points to a different parameter, different port, wrong interface heading or unrelated sticky. Current exact definition or explicitly complete identity group is verified; no historical Source override or normative exception permits the wrong target. Index-only error, not an RTL functional gap.",,,
1965,C09,i_adc_owner_color_ir,input,ppg_system_integration/PPG_SAR9_SAR15_SAFE_SELECTION_WRAPPER_INTERFACE_CONTRACT.md:508,508,| `i_waveform_input_source` | 1 | 输入 | 光电二极管或外部固定电流快照 |,confirmed_wrong_source_line,527,| `i_adc_owner_color_ir` | 1 | 调度器 | AMI事务颜色，必须匹配波形快照 |,117,"Actual frozen Source points to a different parameter, different port, wrong interface heading or unrelated sticky. Current exact definition or explicitly complete identity group is verified; no historical Source override or normative exception permits the wrong target. Index-only error, not an RTL functional gap.",,,
1966,C09,i_adc_owner_frame_type,input,ppg_system_integration/PPG_SAR9_SAR15_SAFE_SELECTION_WRAPPER_INTERFACE_CONTRACT.md:508,508,| `i_waveform_input_source` | 1 | 输入 | 光电二极管或外部固定电流快照 |,confirmed_wrong_source_line,528,| `i_adc_owner_frame_type` | 2 | 调度器 | AMI事务类型，必须匹配波形快照 |,118,"Actual frozen Source points to a different parameter, different port, wrong interface heading or unrelated sticky. Current exact definition or explicitly complete identity group is verified; no historical Source override or normative exception permits the wrong target. Index-only error, not an RTL functional gap.",,,
1967,C09,i_adc_owner_amb_code_snapshot,input,ppg_system_integration/PPG_SAR9_SAR15_SAFE_SELECTION_WRAPPER_INTERFACE_CONTRACT.md:508,508,| `i_waveform_input_source` | 1 | 输入 | 光电二极管或外部固定电流快照 |,confirmed_wrong_source_line,529,| `i_adc_owner_amb_code_snapshot` | `C_IDAC_CODE_WIDTH` | 调度器 | AMI事务AMB码，必须匹配波形快照 |,119,"Actual frozen Source points to a different parameter, different port, wrong interface heading or unrelated sticky. Current exact definition or explicitly complete identity group is verified; no historical Source override or normative exception permits the wrong target. Index-only error, not an RTL functional gap.",,,
1968,C09,i_adc_owner_dc_code_snapshot,input,ppg_system_integration/PPG_SAR9_SAR15_SAFE_SELECTION_WRAPPER_INTERFACE_CONTRACT.md:508,508,| `i_waveform_input_source` | 1 | 输入 | 光电二极管或外部固定电流快照 |,confirmed_wrong_source_line,530,| `i_adc_owner_dc_code_snapshot` | `C_IDAC_CODE_WIDTH` | 调度器 | AMI事务颜色DC码，必须匹配波形快照 |,120,"Actual frozen Source points to a different parameter, different port, wrong interface heading or unrelated sticky. Current exact definition or explicitly complete identity group is verified; no historical Source override or normative exception permits the wrong target. Index-only error, not an RTL functional gap.",,,
1969,C09,i_adc_owner_amb_code_epoch,input,ppg_system_integration/PPG_SAR9_SAR15_SAFE_SELECTION_WRAPPER_INTERFACE_CONTRACT.md:508,508,| `i_waveform_input_source` | 1 | 输入 | 光电二极管或外部固定电流快照 |,confirmed_wrong_source_line,531,| `i_adc_owner_amb_code_epoch` | `C_CODE_EPOCH_WIDTH` | 调度器 | AMI事务AMB版本，必须匹配波形快照 |,121,"Actual frozen Source points to a different parameter, different port, wrong interface heading or unrelated sticky. Current exact definition or explicitly complete identity group is verified; no historical Source override or normative exception permits the wrong target. Index-only error, not an RTL functional gap.",,,
1970,C09,i_adc_owner_dc_code_epoch,input,ppg_system_integration/PPG_SAR9_SAR15_SAFE_SELECTION_WRAPPER_INTERFACE_CONTRACT.md:508,508,| `i_waveform_input_source` | 1 | 输入 | 光电二极管或外部固定电流快照 |,confirmed_wrong_source_line,532,| `i_adc_owner_dc_code_epoch` | `C_CODE_EPOCH_WIDTH` | 调度器 | AMI事务DC版本，必须匹配波形快照 |,122,"Actual frozen Source points to a different parameter, different port, wrong interface heading or unrelated sticky. Current exact definition or explicitly complete identity group is verified; no historical Source override or normative exception permits the wrong target. Index-only error, not an RTL functional gap.",,,
1971,C09,i_adc_owner_sample_index,input,ppg_system_integration/PPG_SAR9_SAR15_SAFE_SELECTION_WRAPPER_INTERFACE_CONTRACT.md:508,508,| `i_waveform_input_source` | 1 | 输入 | 光电二极管或外部固定电流快照 |,confirmed_wrong_source_line,533,| `i_adc_owner_sample_index` | `C_SAMPLE_INDEX_WIDTH` | 调度器 | 本次fire首次正式绑定的AMI sample index |,123,"Actual frozen Source points to a different parameter, different port, wrong interface heading or unrelated sticky. Current exact definition or explicitly complete identity group is verified; no historical Source override or normative exception permits the wrong target. Index-only error, not an RTL functional gap.",,,
1972,C09,i_adc_transaction_complete_event,input,ppg_system_integration/PPG_SAR9_SAR15_SAFE_SELECTION_WRAPPER_INTERFACE_CONTRACT.md:526,526,| `i_adc_owner_frame_id` | `C_FRAME_ID_WIDTH` | 调度器 | AMI事务帧号，必须匹配波形快照 |,confirmed_wrong_source_line,541,| `i_adc_transaction_complete_event` | 1 | AMI数字捕获链 | 已同步RAW已被事务处理链接纳的完成单拍 |,126,"Actual frozen Source points to a different parameter, different port, wrong interface heading or unrelated sticky. Current exact definition or explicitly complete identity group is verified; no historical Source override or normative exception permits the wrong target. Index-only error, not an RTL functional gap.",,,
1973,C09,i_adc_transaction_success,input,ppg_system_integration/PPG_SAR9_SAR15_SAFE_SELECTION_WRAPPER_INTERFACE_CONTRACT.md:526,526,| `i_adc_owner_frame_id` | `C_FRAME_ID_WIDTH` | 调度器 | AMI事务帧号，必须匹配波形快照 |,confirmed_wrong_source_line,542,| `i_adc_transaction_success` | 1 | AMI数字捕获链 | 本笔完成处理资格；0仍释放匹配owner，但禁止进入IDAC或NORMAL处理 |,127,"Actual frozen Source points to a different parameter, different port, wrong interface heading or unrelated sticky. Current exact definition or explicitly complete identity group is verified; no historical Source override or normative exception permits the wrong target. Index-only error, not an RTL functional gap.",,,
1974,C09,i_adc_complete_sample_index,input,ppg_system_integration/PPG_SAR9_SAR15_SAFE_SELECTION_WRAPPER_INTERFACE_CONTRACT.md:526,526,| `i_adc_owner_frame_id` | `C_FRAME_ID_WIDTH` | 调度器 | AMI事务帧号，必须匹配波形快照 |,confirmed_wrong_source_line,543,| `i_adc_complete_sample_index` | `C_SAMPLE_INDEX_WIDTH` | AMI数字捕获链 | 已完成事务身份 |,128,"Actual frozen Source points to a different parameter, different port, wrong interface heading or unrelated sticky. Current exact definition or explicitly complete identity group is verified; no historical Source override or normative exception permits the wrong target. Index-only error, not an RTL functional gap.",,,
1975,C09,i_adc_idle,input,ppg_system_integration/PPG_SAR9_SAR15_SAFE_SELECTION_WRAPPER_INTERFACE_CONTRACT.md:526,526,| `i_adc_owner_frame_id` | `C_FRAME_ID_WIDTH` | 调度器 | AMI事务帧号，必须匹配波形快照 |,confirmed_wrong_source_line,544,| `i_adc_idle` | 1 | Top `flag_adc_physical_idle` | 物理ADC转换与Stage1/Stage2 DONE/CLK_DOUT返回均非活动的同步事实；不是AMI completion、数字排空或owner-release事件 |,129,"Actual frozen Source points to a different parameter, different port, wrong interface heading or unrelated sticky. Current exact definition or explicitly complete identity group is verified; no historical Source override or normative exception permits the wrong target. Index-only error, not an RTL functional gap.",,,
1976,C09,o_en_tia_low,output,ppg_system_integration/PPG_SAR9_SAR15_SAFE_SELECTION_WRAPPER_INTERFACE_CONTRACT.md:537,537,### 7.6 ADC完成与空闲输入,confirmed_wrong_source_line,553,o_en_tia_low,132,"Actual frozen Source points to a different parameter, different port, wrong interface heading or unrelated sticky. Current exact definition or explicitly complete identity group is verified; no historical Source override or normative exception permits the wrong target. Index-only error, not an RTL functional gap.",,,
1977,C09,o_leddac,output,ppg_system_integration/PPG_SAR9_SAR15_SAFE_SELECTION_WRAPPER_INTERFACE_CONTRACT.md:537,537,### 7.6 ADC完成与空闲输入,confirmed_wrong_source_line,554,o_leddac[7:0],133,"Actual frozen Source points to a different parameter, different port, wrong interface heading or unrelated sticky. Current exact definition or explicitly complete identity group is verified; no historical Source override or normative exception permits the wrong target. Index-only error, not an RTL functional gap.",,,
1978,C09,o_leden1_low,output,ppg_system_integration/PPG_SAR9_SAR15_SAFE_SELECTION_WRAPPER_INTERFACE_CONTRACT.md:537,537,### 7.6 ADC完成与空闲输入,confirmed_wrong_source_line,555,o_leden1_low,134,"Actual frozen Source points to a different parameter, different port, wrong interface heading or unrelated sticky. Current exact definition or explicitly complete identity group is verified; no historical Source override or normative exception permits the wrong target. Index-only error, not an RTL functional gap.",,,
1979,C09,o_leden2_low,output,ppg_system_integration/PPG_SAR9_SAR15_SAFE_SELECTION_WRAPPER_INTERFACE_CONTRACT.md:537,537,### 7.6 ADC完成与空闲输入,confirmed_wrong_source_line,556,o_leden2_low,135,"Actual frozen Source points to a different parameter, different port, wrong interface heading or unrelated sticky. Current exact definition or explicitly complete identity group is verified; no historical Source override or normative exception permits the wrong target. Index-only error, not an RTL functional gap.",,,
1980,C09,o_en_test,output,ppg_system_integration/PPG_SAR9_SAR15_SAFE_SELECTION_WRAPPER_INTERFACE_CONTRACT.md:537,537,### 7.6 ADC完成与空闲输入,confirmed_wrong_source_line,557,o_en_test,136,"Actual frozen Source points to a different parameter, different port, wrong interface heading or unrelated sticky. Current exact definition or explicitly complete identity group is verified; no historical Source override or normative exception permits the wrong target. Index-only error, not an RTL functional gap.",,,
1981,C09,o_clk_buf_low,output,ppg_system_integration/PPG_SAR9_SAR15_SAFE_SELECTION_WRAPPER_INTERFACE_CONTRACT.md:537,537,### 7.6 ADC完成与空闲输入,confirmed_wrong_source_line,558,o_clk_buf_low,137,"Actual frozen Source points to a different parameter, different port, wrong interface heading or unrelated sticky. Current exact definition or explicitly complete identity group is verified; no historical Source override or normative exception permits the wrong target. Index-only error, not an RTL functional gap.",,,
1982,C09,o_clk_iref_idac_low,output,ppg_system_integration/PPG_SAR9_SAR15_SAFE_SELECTION_WRAPPER_INTERFACE_CONTRACT.md:537,537,### 7.6 ADC完成与空闲输入,confirmed_wrong_source_line,560,o_clk_iref_idac_low,138,"Actual frozen Source points to a different parameter, different port, wrong interface heading or unrelated sticky. Current exact definition or explicitly complete identity group is verified; no historical Source override or normative exception permits the wrong target. Index-only error, not an RTL functional gap.",,,
1983,C09,o_clk_9q1_low,output,ppg_system_integration/PPG_SAR9_SAR15_SAFE_SELECTION_WRAPPER_INTERFACE_CONTRACT.md:537,537,### 7.6 ADC完成与空闲输入,confirmed_wrong_source_line,561,o_clk_9q1_low,139,"Actual frozen Source points to a different parameter, different port, wrong interface heading or unrelated sticky. Current exact definition or explicitly complete identity group is verified; no historical Source override or normative exception permits the wrong target. Index-only error, not an RTL functional gap.",,,
1984,C09,o_clk_15q1_low,output,ppg_system_integration/PPG_SAR9_SAR15_SAFE_SELECTION_WRAPPER_INTERFACE_CONTRACT.md:537,537,### 7.6 ADC完成与空闲输入,confirmed_wrong_source_line,562,o_clk_15q1_low,140,"Actual frozen Source points to a different parameter, different port, wrong interface heading or unrelated sticky. Current exact definition or explicitly complete identity group is verified; no historical Source override or normative exception permits the wrong target. Index-only error, not an RTL functional gap.",,,
1985,C09,o_clk_aferst_low,output,ppg_system_integration/PPG_SAR9_SAR15_SAFE_SELECTION_WRAPPER_INTERFACE_CONTRACT.md:537,537,### 7.6 ADC完成与空闲输入,confirmed_wrong_source_line,563,o_clk_aferst_low,141,"Actual frozen Source points to a different parameter, different port, wrong interface heading or unrelated sticky. Current exact definition or explicitly complete identity group is verified; no historical Source override or normative exception permits the wrong target. Index-only error, not an RTL functional gap.",,,
1986,C09,o_clk_iref_idac_sar9_low,output,ppg_system_integration/PPG_SAR9_SAR15_SAFE_SELECTION_WRAPPER_INTERFACE_CONTRACT.md:537,537,### 7.6 ADC完成与空闲输入,confirmed_wrong_source_line,564,o_clk_iref_idac_sar9_low,142,"Actual frozen Source points to a different parameter, different port, wrong interface heading or unrelated sticky. Current exact definition or explicitly complete identity group is verified; no historical Source override or normative exception permits the wrong target. Index-only error, not an RTL functional gap.",,,
1987,C09,o_clk_iref_idac_sar15_low,output,ppg_system_integration/PPG_SAR9_SAR15_SAFE_SELECTION_WRAPPER_INTERFACE_CONTRACT.md:537,537,### 7.6 ADC完成与空闲输入,confirmed_wrong_source_line,565,o_clk_iref_idac_sar15_low,143,"Actual frozen Source points to a different parameter, different port, wrong interface heading or unrelated sticky. Current exact definition or explicitly complete identity group is verified; no historical Source override or normative exception permits the wrong target. Index-only error, not an RTL functional gap.",,,
1988,C09,o_clk_q2_low,output,ppg_system_integration/PPG_SAR9_SAR15_SAFE_SELECTION_WRAPPER_INTERFACE_CONTRACT.md:537,537,### 7.6 ADC完成与空闲输入,confirmed_wrong_source_line,566,o_clk_q2_low,144,"Actual frozen Source points to a different parameter, different port, wrong interface heading or unrelated sticky. Current exact definition or explicitly complete identity group is verified; no historical Source override or normative exception permits the wrong target. Index-only error, not an RTL functional gap.",,,
1989,C09,o_clk_q3_low,output,ppg_system_integration/PPG_SAR9_SAR15_SAFE_SELECTION_WRAPPER_INTERFACE_CONTRACT.md:537,537,### 7.6 ADC完成与空闲输入,confirmed_wrong_source_line,567,o_clk_q3_low,145,"Actual frozen Source points to a different parameter, different port, wrong interface heading or unrelated sticky. Current exact definition or explicitly complete identity group is verified; no historical Source override or normative exception permits the wrong target. Index-only error, not an RTL functional gap.",,,
1990,C09,o_clk_tiaen_low,output,ppg_system_integration/PPG_SAR9_SAR15_SAFE_SELECTION_WRAPPER_INTERFACE_CONTRACT.md:537,537,### 7.6 ADC完成与空闲输入,confirmed_wrong_source_line,568,o_clk_tiaen_low,146,"Actual frozen Source points to a different parameter, different port, wrong interface heading or unrelated sticky. Current exact definition or explicitly complete identity group is verified; no historical Source override or normative exception permits the wrong target. Index-only error, not an RTL functional gap.",,,
1991,C09,o_en_15sar_low,output,ppg_system_integration/PPG_SAR9_SAR15_SAFE_SELECTION_WRAPPER_INTERFACE_CONTRACT.md:537,537,### 7.6 ADC完成与空闲输入,confirmed_wrong_source_line,569,o_en_15sar_low,147,"Actual frozen Source points to a different parameter, different port, wrong interface heading or unrelated sticky. Current exact definition or explicitly complete identity group is verified; no historical Source override or normative exception permits the wrong target. Index-only error, not an RTL functional gap.",,,
1992,C09,o_en_sar9_amb_low,output,ppg_system_integration/PPG_SAR9_SAR15_SAFE_SELECTION_WRAPPER_INTERFACE_CONTRACT.md:537,537,### 7.6 ADC完成与空闲输入,confirmed_wrong_source_line,570,o_en_sar9_amb_low,148,"Actual frozen Source points to a different parameter, different port, wrong interface heading or unrelated sticky. Current exact definition or explicitly complete identity group is verified; no historical Source override or normative exception permits the wrong target. Index-only error, not an RTL functional gap.",,,
1993,C09,o_en_sar9_dc_low,output,ppg_system_integration/PPG_SAR9_SAR15_SAFE_SELECTION_WRAPPER_INTERFACE_CONTRACT.md:537,537,### 7.6 ADC完成与空闲输入,confirmed_wrong_source_line,571,o_en_sar9_dc_low,149,"Actual frozen Source points to a different parameter, different port, wrong interface heading or unrelated sticky. Current exact definition or explicitly complete identity group is verified; no historical Source override or normative exception permits the wrong target. Index-only error, not an RTL functional gap.",,,
1994,C09,o_en_sar9_iref,output,ppg_system_integration/PPG_SAR9_SAR15_SAFE_SELECTION_WRAPPER_INTERFACE_CONTRACT.md:537,537,### 7.6 ADC完成与空闲输入,confirmed_wrong_source_line,572,o_en_sar9_iref,150,"Actual frozen Source points to a different parameter, different port, wrong interface heading or unrelated sticky. Current exact definition or explicitly complete identity group is verified; no historical Source override or normative exception permits the wrong target. Index-only error, not an RTL functional gap.",,,
1995,C09,o_en_sar15_amb_low,output,ppg_system_integration/PPG_SAR9_SAR15_SAFE_SELECTION_WRAPPER_INTERFACE_CONTRACT.md:537,537,### 7.6 ADC完成与空闲输入,confirmed_wrong_source_line,573,o_en_sar15_amb_low,151,"Actual frozen Source points to a different parameter, different port, wrong interface heading or unrelated sticky. Current exact definition or explicitly complete identity group is verified; no historical Source override or normative exception permits the wrong target. Index-only error, not an RTL functional gap.",,,
1996,C09,o_en_sar15_dc_low,output,ppg_system_integration/PPG_SAR9_SAR15_SAFE_SELECTION_WRAPPER_INTERFACE_CONTRACT.md:537,537,### 7.6 ADC完成与空闲输入,confirmed_wrong_source_line,574,o_en_sar15_dc_low,152,"Actual frozen Source points to a different parameter, different port, wrong interface heading or unrelated sticky. Current exact definition or explicitly complete identity group is verified; no historical Source override or normative exception permits the wrong target. Index-only error, not an RTL functional gap.",,,
1997,C09,o_en_sar15_iref,output,ppg_system_integration/PPG_SAR9_SAR15_SAFE_SELECTION_WRAPPER_INTERFACE_CONTRACT.md:537,537,### 7.6 ADC完成与空闲输入,confirmed_wrong_source_line,575,o_en_sar15_iref,153,"Actual frozen Source points to a different parameter, different port, wrong interface heading or unrelated sticky. Current exact definition or explicitly complete identity group is verified; no historical Source override or normative exception permits the wrong target. Index-only error, not an RTL functional gap.",,,
1998,C09,o_idac_sar9ambn_low,output,ppg_system_integration/PPG_SAR9_SAR15_SAFE_SELECTION_WRAPPER_INTERFACE_CONTRACT.md:537,537,### 7.6 ADC完成与空闲输入,confirmed_wrong_source_line,576,o_idac_sar9ambn_low[7:0],154,"Actual frozen Source points to a different parameter, different port, wrong interface heading or unrelated sticky. Current exact definition or explicitly complete identity group is verified; no historical Source override or normative exception permits the wrong target. Index-only error, not an RTL functional gap.",,,
1999,C09,o_idac_sar9dcn_low,output,ppg_system_integration/PPG_SAR9_SAR15_SAFE_SELECTION_WRAPPER_INTERFACE_CONTRACT.md:537,537,### 7.6 ADC完成与空闲输入,confirmed_wrong_source_line,577,o_idac_sar9dcn_low[7:0],155,"Actual frozen Source points to a different parameter, different port, wrong interface heading or unrelated sticky. Current exact definition or explicitly complete identity group is verified; no historical Source override or normative exception permits the wrong target. Index-only error, not an RTL functional gap.",,,
2000,C09,o_idac_sar15ambn_low,output,ppg_system_integration/PPG_SAR9_SAR15_SAFE_SELECTION_WRAPPER_INTERFACE_CONTRACT.md:537,537,### 7.6 ADC完成与空闲输入,confirmed_wrong_source_line,578,o_idac_sar15ambn_low[7:0],156,"Actual frozen Source points to a different parameter, different port, wrong interface heading or unrelated sticky. Current exact definition or explicitly complete identity group is verified; no historical Source override or normative exception permits the wrong target. Index-only error, not an RTL functional gap.",,,
2001,C09,o_idac_sar15dcn_low,output,ppg_system_integration/PPG_SAR9_SAR15_SAFE_SELECTION_WRAPPER_INTERFACE_CONTRACT.md:537,537,### 7.6 ADC完成与空闲输入,confirmed_wrong_source_line,579,o_idac_sar15dcn_low[7:0],157,"Actual frozen Source points to a different parameter, different port, wrong interface heading or unrelated sticky. Current exact definition or explicitly complete identity group is verified; no historical Source override or normative exception permits the wrong target. Index-only error, not an RTL functional gap.",,,
2002,C09,o_s_in,output,ppg_system_integration/PPG_SAR9_SAR15_SAFE_SELECTION_WRAPPER_INTERFACE_CONTRACT.md:537,537,### 7.6 ADC完成与空闲输入,confirmed_wrong_source_line,580,o_s_in[4:0],158,"Actual frozen Source points to a different parameter, different port, wrong interface heading or unrelated sticky. Current exact definition or explicitly complete identity group is verified; no historical Source override or normative exception permits the wrong target. Index-only error, not an RTL functional gap.",,,
2003,C09,o_clk_2m,output,ppg_system_integration/PPG_SAR9_SAR15_SAFE_SELECTION_WRAPPER_INTERFACE_CONTRACT.md:537,537,### 7.6 ADC完成与空闲输入,confirmed_wrong_source_line,559,o_clk_2m,159,"Actual frozen Source points to a different parameter, different port, wrong interface heading or unrelated sticky. Current exact definition or explicitly complete identity group is verified; no historical Source override or normative exception permits the wrong target. Index-only error, not an RTL functional gap.",,,
2004,C09,o_analog_safe,output,ppg_system_integration/PPG_SAR9_SAR15_SAFE_SELECTION_WRAPPER_INTERFACE_CONTRACT.md:578,578,o_idac_sar15ambn_low[7:0],confirmed_wrong_source_line,593,| `o_analog_safe` | 当前所有活动波形槽的模拟控制向量均处于允许停止/切换状态 |,162,"Actual frozen Source points to a different parameter, different port, wrong interface heading or unrelated sticky. Current exact definition or explicitly complete identity group is verified; no historical Source override or normative exception permits the wrong target. Index-only error, not an RTL functional gap.",,,
2005,C09,o_sar_timing_idle,output,ppg_system_integration/PPG_SAR9_SAR15_SAFE_SELECTION_WRAPPER_INTERFACE_CONTRACT.md:578,578,o_idac_sar15ambn_low[7:0],confirmed_wrong_source_line,594,| `o_sar_timing_idle` | 无RED/IR/CAL预建立、无Q1/Q2/Q3窗口、无待完成安全切换；不等待数字链结果 |,163,"Actual frozen Source points to a different parameter, different port, wrong interface heading or unrelated sticky. Current exact definition or explicitly complete identity group is verified; no historical Source override or normative exception permits the wrong target. Index-only error, not an RTL functional gap.",,,
2006,C09,o_wrapper_idle,output,ppg_system_integration/PPG_SAR9_SAR15_SAFE_SELECTION_WRAPPER_INTERFACE_CONTRACT.md:578,578,o_idac_sar15ambn_low[7:0],confirmed_wrong_source_line,595,| `o_wrapper_idle` | `o_sar_timing_idle && i_adc_idle`且无波形槽、owner-pending或已提交owner |,164,"Actual frozen Source points to a different parameter, different port, wrong interface heading or unrelated sticky. Current exact definition or explicitly complete identity group is verified; no historical Source override or normative exception permits the wrong target. Index-only error, not an RTL functional gap.",,,
2007,C09,o_precision_active,output,ppg_system_integration/PPG_SAR9_SAR15_SAFE_SELECTION_WRAPPER_INTERFACE_CONTRACT.md:578,578,o_idac_sar15ambn_low[7:0],confirmed_wrong_source_line,596,| `o_precision_active` | 当前实际驱动模拟输出的SAR9/SAR15选择 |,165,"Actual frozen Source points to a different parameter, different port, wrong interface heading or unrelated sticky. Current exact definition or explicitly complete identity group is verified; no historical Source override or normative exception permits the wrong target. Index-only error, not an RTL functional gap.",,,
2008,C09,o_calibration_wave_active,output,ppg_system_integration/PPG_SAR9_SAR15_SAFE_SELECTION_WRAPPER_INTERFACE_CONTRACT.md:578,578,o_idac_sar15ambn_low[7:0],confirmed_wrong_source_line,597,| `o_calibration_wave_active` | 当前处于625-tick校准模拟包络 |,166,"Actual frozen Source points to a different parameter, different port, wrong interface heading or unrelated sticky. Current exact definition or explicitly complete identity group is verified; no historical Source override or normative exception permits the wrong target. Index-only error, not an RTL functional gap.",,,
2009,C09,o_adc_owner_inflight,output,ppg_system_integration/PPG_SAR9_SAR15_SAFE_SELECTION_WRAPPER_INTERFACE_CONTRACT.md:578,578,o_idac_sar15ambn_low[7:0],confirmed_wrong_source_line,598,| `o_adc_owner_inflight` | 当前存在一笔已提交、等待真实数字完成的ADC结果owner |,167,"Actual frozen Source points to a different parameter, different port, wrong interface heading or unrelated sticky. Current exact definition or explicitly complete identity group is verified; no historical Source override or normative exception permits the wrong target. Index-only error, not an RTL functional gap.",,,
2010,C09,o_owner_q3_window_closed,output,ppg_system_integration/PPG_SAR9_SAR15_SAFE_SELECTION_WRAPPER_INTERFACE_CONTRACT.md:578,578,o_idac_sar15ambn_low[7:0],confirmed_wrong_source_line,4,"> V1.9修订日期：2026-08-30。桶1 RTL会话（SID-11+LFA-06+OIB-01+LFA-10(b)专属会话）新增：（1）新状态输出`o_owner_q3_window_closed`——在途owner自身选定的Q3窗口是否已关闭（per-owner sticky，跨宏帧节拍环绕不丢失，owner释放/新owner建立时复位），供`ppg_400hz_frame_calibration_scheduler.v`门控`flag_completion_success`，防止早于Q3的CLK_DOUT冒充协议意义上的成功完成（LFA-06）；门控放在`flag_completion_success`而不是`flag_owner_release`/`flag_completion_match`上，owner身份匹配即合法释放槽位，避免""Q3若因异常提前完成而不再出现""导致owner永久卡在in-flight、连带`o_wrapper_idle`永远为假、`transaction_mismatch_sticky_o`永远清不掉的死锁——这是一次真实构造中发现并纠正的设计。（2）新增模块参数`C_ENABLE_TEST_INJECTION`（默认0，生产网表必须为0）和一对验证专属端口`i_test_inject_enable`/`i_context_handover_stall_request`，与`ppg_adc_measurement_idac_integration.v`已有的同名验证注入基础设施同一约定：只在`C_ENABLE_TEST_INJECTION!=0`且`i_test_inject_enable=1`时生效，允许在波形上下文接管tick合法压低`o_waveform_context_ready`，不构成协议违规。（3）`flag_switch_protocol_error_condition`第4个OR项（接管tick context_valid但ready仍为0）收窄为只在**排除掉上述反压注入这个因素后依然会不ready**时才判定为真协议违规——反压注入导致的接管未命中不再连带触发SSW阻断的`switch_protocol_error_sticky_o`，只留给Scheduler自己非阻断的`o_launch_timeout_sticky`独立表态，兑现本合同和Scheduler合同一贯宣称的""非阻断launch-timeout应可独立于阻断故障分类""。真实证据：`tb_ppg_control_top_owner_identity_backpressure.v`OIB-01（V1.1，iverilog+Vivado 2022.2 xsim双工具confirmed）和`tb_ppg_control_top_lifecycle_fault_adc_anomaly.v`LFA-06（V1.3，同样双工具confirmed）。不改变本合同SSW-01至SSW-52任何既有编号条款的行为；三项改动均为新增能力，不touch任何既有生产信号路径的既有行为。",168,"Actual frozen Source points to a different parameter, different port, wrong interface heading or unrelated sticky. Current exact definition or explicitly complete identity group is verified; no historical Source override or normative exception permits the wrong target. Index-only error, not an RTL functional gap.",,,
2011,C09,o_switch_protocol_error_sticky,output,ppg_system_integration/PPG_SAR9_SAR15_SAFE_SELECTION_WRAPPER_INTERFACE_CONTRACT.md:578,578,o_idac_sar15ambn_low[7:0],confirmed_wrong_source_line,599,| `o_switch_protocol_error_sticky` | 非法接管点、双模式同时活动或事务载荷非法 |,169,"Actual frozen Source points to a different parameter, different port, wrong interface heading or unrelated sticky. Current exact definition or explicitly complete identity group is verified; no historical Source override or normative exception permits the wrong target. Index-only error, not an RTL functional gap.",,,
2012,C09,o_transaction_mismatch_sticky,output,ppg_system_integration/PPG_SAR9_SAR15_SAFE_SELECTION_WRAPPER_INTERFACE_CONTRACT.md:578,578,o_idac_sar15ambn_low[7:0],confirmed_wrong_source_line,600,| `o_transaction_mismatch_sticky` | ADC完成的sample_index与在途事务不一致 |,170,"Actual frozen Source points to a different parameter, different port, wrong interface heading or unrelated sticky. Current exact definition or explicitly complete identity group is verified; no historical Source override or normative exception permits the wrong target. Index-only error, not an RTL functional gap.",,,
2013,C09,o_owner_deadline_timeout_sticky,output,ppg_system_integration/PPG_SAR9_SAR15_SAFE_SELECTION_WRAPPER_INTERFACE_CONTRACT.md:578,578,o_idac_sar15ambn_low[7:0],confirmed_wrong_source_line,601,| `o_owner_deadline_timeout_sticky` | 波形已接管但ADC owner未在冻结截止点前提交 |,171,"Actual frozen Source points to a different parameter, different port, wrong interface heading or unrelated sticky. Current exact definition or explicitly complete identity group is verified; no historical Source override or normative exception permits the wrong target. Index-only error, not an RTL functional gap.",,,
2014,C09,o_calibration_timeout_sticky,output,ppg_system_integration/PPG_SAR9_SAR15_SAFE_SELECTION_WRAPPER_INTERFACE_CONTRACT.md:578,578,o_idac_sar15ambn_low[7:0],confirmed_wrong_source_line,602,| `o_calibration_timeout_sticky` | 校准结果未能在下一候选码准备截止前完成 |,172,"Actual frozen Source points to a different parameter, different port, wrong interface heading or unrelated sticky. Current exact definition or explicitly complete identity group is verified; no historical Source override or normative exception permits the wrong target. Index-only error, not an RTL functional gap.",,,
2015,C09,o_wrapper_fault_blocking,output,ppg_system_integration/PPG_SAR9_SAR15_SAFE_SELECTION_WRAPPER_INTERFACE_CONTRACT.md:578,578,o_idac_sar15ambn_low[7:0],confirmed_wrong_source_line,603,| `o_wrapper_fault_blocking` | 活动根因、协议错误或无法确认归属的错配汇总，阻止调度器启动新owner |,173,"Actual frozen Source points to a different parameter, different port, wrong interface heading or unrelated sticky. Current exact definition or explicitly complete identity group is verified; no historical Source override or normative exception permits the wrong target. Index-only error, not an RTL functional gap.",,,
2016,C09,o_ssw_fault_valid,output,ppg_system_integration/PPG_SAR9_SAR15_SAFE_SELECTION_WRAPPER_INTERFACE_CONTRACT.md:600,600,| `o_transaction_mismatch_sticky` | ADC完成的sample_index与在途事务不一致 |,confirmed_wrong_source_line,604,| `o_ssw_fault_valid` | 给supervisor的注册一周期blocking-fault记录有效位；cause和identity在该周期稳定 |,176,"Actual frozen Source points to a different parameter, different port, wrong interface heading or unrelated sticky. Current exact definition or explicitly complete identity group is verified; no historical Source override or normative exception permits the wrong target. Index-only error, not an RTL functional gap.",,,
2017,C09,o_ssw_fault_active,output,ppg_system_integration/PPG_SAR9_SAR15_SAFE_SELECTION_WRAPPER_INTERFACE_CONTRACT.md:600,600,| `o_transaction_mismatch_sticky` | ADC完成的sample_index与在途事务不一致 |,confirmed_wrong_source_line,605,| `o_ssw_fault_active` | 未解决SSW blocking cause的注册状态；只在安全恢复谓词成立或复位后撤销 |,177,"Actual frozen Source points to a different parameter, different port, wrong interface heading or unrelated sticky. Current exact definition or explicitly complete identity group is verified; no historical Source override or normative exception permits the wrong target. Index-only error, not an RTL functional gap.",,,
2018,C09,o_ssw_fault_cause,output,ppg_system_integration/PPG_SAR9_SAR15_SAFE_SELECTION_WRAPPER_INTERFACE_CONTRACT.md:600,600,| `o_transaction_mismatch_sticky` | ADC完成的sample_index与在途事务不一致 |,confirmed_wrong_source_line,606,| `o_ssw_fault_cause` | 8-bit固定SSW blocking cause编码 |,178,"Actual frozen Source points to a different parameter, different port, wrong interface heading or unrelated sticky. Current exact definition or explicitly complete identity group is verified; no historical Source override or normative exception permits the wrong target. Index-only error, not an RTL functional gap.",,,
2019,C09,o_ssw_fault_identity_valid,output,ppg_system_integration/PPG_SAR9_SAR15_SAFE_SELECTION_WRAPPER_INTERFACE_CONTRACT.md:600,600,| `o_transaction_mismatch_sticky` | ADC完成的sample_index与在途事务不一致 |,confirmed_wrong_source_line,607,| `o_ssw_fault_identity_valid`和完整fault identity | identity有效时原子携带完整事务身份；无效时每个身份字段为0 |,179,"Actual frozen Source points to a different parameter, different port, wrong interface heading or unrelated sticky. Current exact definition or explicitly complete identity group is verified; no historical Source override or normative exception permits the wrong target. Index-only error, not an RTL functional gap.",,,
2020,C09,o_ssw_fault_frame_id,output,ppg_system_integration/PPG_SAR9_SAR15_SAFE_SELECTION_WRAPPER_INTERFACE_CONTRACT.md:600,600,| `o_transaction_mismatch_sticky` | ADC完成的sample_index与在途事务不一致 |,confirmed_wrong_source_line,607,| `o_ssw_fault_identity_valid`和完整fault identity | identity有效时原子携带完整事务身份；无效时每个身份字段为0 |,180,"Actual frozen Source points to a different parameter, different port, wrong interface heading or unrelated sticky. Current exact definition or explicitly complete identity group is verified; no historical Source override or normative exception permits the wrong target. Index-only error, not an RTL functional gap.",,,
2021,C09,o_ssw_fault_sample_index,output,ppg_system_integration/PPG_SAR9_SAR15_SAFE_SELECTION_WRAPPER_INTERFACE_CONTRACT.md:600,600,| `o_transaction_mismatch_sticky` | ADC完成的sample_index与在途事务不一致 |,confirmed_wrong_source_line,607,| `o_ssw_fault_identity_valid`和完整fault identity | identity有效时原子携带完整事务身份；无效时每个身份字段为0 |,181,"Actual frozen Source points to a different parameter, different port, wrong interface heading or unrelated sticky. Current exact definition or explicitly complete identity group is verified; no historical Source override or normative exception permits the wrong target. Index-only error, not an RTL functional gap.",,,
2022,C09,o_ssw_fault_color_ir,output,ppg_system_integration/PPG_SAR9_SAR15_SAFE_SELECTION_WRAPPER_INTERFACE_CONTRACT.md:600,600,| `o_transaction_mismatch_sticky` | ADC完成的sample_index与在途事务不一致 |,confirmed_wrong_source_line,607,| `o_ssw_fault_identity_valid`和完整fault identity | identity有效时原子携带完整事务身份；无效时每个身份字段为0 |,182,"Actual frozen Source points to a different parameter, different port, wrong interface heading or unrelated sticky. Current exact definition or explicitly complete identity group is verified; no historical Source override or normative exception permits the wrong target. Index-only error, not an RTL functional gap.",,,
2023,C09,o_ssw_fault_frame_type,output,ppg_system_integration/PPG_SAR9_SAR15_SAFE_SELECTION_WRAPPER_INTERFACE_CONTRACT.md:600,600,| `o_transaction_mismatch_sticky` | ADC完成的sample_index与在途事务不一致 |,confirmed_wrong_source_line,607,| `o_ssw_fault_identity_valid`和完整fault identity | identity有效时原子携带完整事务身份；无效时每个身份字段为0 |,183,"Actual frozen Source points to a different parameter, different port, wrong interface heading or unrelated sticky. Current exact definition or explicitly complete identity group is verified; no historical Source override or normative exception permits the wrong target. Index-only error, not an RTL functional gap.",,,
2024,C09,o_ssw_fault_precision_mode,output,ppg_system_integration/PPG_SAR9_SAR15_SAFE_SELECTION_WRAPPER_INTERFACE_CONTRACT.md:600,600,| `o_transaction_mismatch_sticky` | ADC完成的sample_index与在途事务不一致 |,confirmed_wrong_source_line,607,| `o_ssw_fault_identity_valid`和完整fault identity | identity有效时原子携带完整事务身份；无效时每个身份字段为0 |,184,"Actual frozen Source points to a different parameter, different port, wrong interface heading or unrelated sticky. Current exact definition or explicitly complete identity group is verified; no historical Source override or normative exception permits the wrong target. Index-only error, not an RTL functional gap.",,,
2025,C09,o_ssw_fault_run_generation,output,ppg_system_integration/PPG_SAR9_SAR15_SAFE_SELECTION_WRAPPER_INTERFACE_CONTRACT.md:600,600,| `o_transaction_mismatch_sticky` | ADC完成的sample_index与在途事务不一致 |,confirmed_wrong_source_line,607,| `o_ssw_fault_identity_valid`和完整fault identity | identity有效时原子携带完整事务身份；无效时每个身份字段为0 |,185,"Actual frozen Source points to a different parameter, different port, wrong interface heading or unrelated sticky. Current exact definition or explicitly complete identity group is verified; no historical Source override or normative exception permits the wrong target. Index-only error, not an RTL functional gap.",,,
