matrix_line,contract,port,direction,reference,contract_line,target,state,current_definition_line,current_definition_text,rtl_declaration_line,reason
2267,C20,i_clk,input,ppg_system_integration/PPG_DYNAMIC_BASELINE_SLOPE_AND_UPWARD_CROSSING_INTERFACE_CONTRACT.md:728,728,### 14.1 生命周期和控制输入,accepted_literal_or_current_section,728,### 14.1 生命周期和控制输入,71,Current source line or its exact current API section contains the named member.
2268,C20,i_rstn,input,ppg_system_integration/PPG_DYNAMIC_BASELINE_SLOPE_AND_UPWARD_CROSSING_INTERFACE_CONTRACT.md:728,728,### 14.1 生命周期和控制输入,accepted_literal_or_current_section,728,### 14.1 生命周期和控制输入,72,Current source line or its exact current API section contains the named member.
2269,C20,i_run_enable,input,ppg_system_integration/PPG_DYNAMIC_BASELINE_SLOPE_AND_UPWARD_CROSSING_INTERFACE_CONTRACT.md:728,728,### 14.1 生命周期和控制输入,accepted_literal_or_current_section,728,### 14.1 生命周期和控制输入,75,Current source line or its exact current API section contains the named member.
2270,C20,i_start_ack_event,input,ppg_system_integration/PPG_DYNAMIC_BASELINE_SLOPE_AND_UPWARD_CROSSING_INTERFACE_CONTRACT.md:728,728,### 14.1 生命周期和控制输入,accepted_literal_or_current_section,728,### 14.1 生命周期和控制输入,76,Current source line or its exact current API section contains the named member.
2271,C20,i_fine_window_active,input,ppg_system_integration/PPG_DYNAMIC_BASELINE_SLOPE_AND_UPWARD_CROSSING_INTERFACE_CONTRACT.md:728,728,### 14.1 生命周期和控制输入,accepted_literal_or_current_section,728,### 14.1 生命周期和控制输入,77,Current source line or its exact current API section contains the named member.
2272,C20,i_reacquire_request_event,input,ppg_system_integration/PPG_DYNAMIC_BASELINE_SLOPE_AND_UPWARD_CROSSING_INTERFACE_CONTRACT.md:728,728,### 14.1 生命周期和控制输入,accepted_literal_or_current_section,728,### 14.1 生命周期和控制输入,78,Current source line or its exact current API section contains the named member.
2273,C20,i_recheck_accept_event,input,ppg_system_integration/PPG_DYNAMIC_BASELINE_SLOPE_AND_UPWARD_CROSSING_INTERFACE_CONTRACT.md:728,728,### 14.1 生命周期和控制输入,accepted_literal_or_current_section,728,### 14.1 生命周期和控制输入,79,Current source line or its exact current API section contains the named member.
2274,C20,i_recheck_busy,input,ppg_system_integration/PPG_DYNAMIC_BASELINE_SLOPE_AND_UPWARD_CROSSING_INTERFACE_CONTRACT.md:728,728,### 14.1 生命周期和控制输入,accepted_literal_or_current_section,728,### 14.1 生命周期和控制输入,80,Current source line or its exact current API section contains the named member.
2275,C20,i_recheck_done_event,input,ppg_system_integration/PPG_DYNAMIC_BASELINE_SLOPE_AND_UPWARD_CROSSING_INTERFACE_CONTRACT.md:728,728,### 14.1 生命周期和控制输入,accepted_literal_or_current_section,728,### 14.1 生命周期和控制输入,81,Current source line or its exact current API section contains the named member.
2276,C20,i_recheck_success,input,ppg_system_integration/PPG_DYNAMIC_BASELINE_SLOPE_AND_UPWARD_CROSSING_INTERFACE_CONTRACT.md:728,728,### 14.1 生命周期和控制输入,accepted_literal_or_current_section,728,### 14.1 生命周期和控制输入,82,Current source line or its exact current API section contains the named member.
2277,C20,i_detection_discard_event,input,ppg_system_integration/PPG_DYNAMIC_BASELINE_SLOPE_AND_UPWARD_CROSSING_INTERFACE_CONTRACT.md:839,839,### 14.1 V2.3 detection lifecycle ports,accepted_literal_or_current_section,839,### 14.1 V2.3 detection lifecycle ports,85,Current source line or its exact current API section contains the named member.
2278,C20,i_detection_discard_reason,input,ppg_system_integration/PPG_DYNAMIC_BASELINE_SLOPE_AND_UPWARD_CROSSING_INTERFACE_CONTRACT.md:839,839,### 14.1 V2.3 detection lifecycle ports,accepted_complete_transaction_group,839,### 14.1 V2.3 detection lifecycle ports,86,"Explicit registered discard group includes complete TXN_ID, not merely an unspecified future interface."
2279,C20,i_detection_discard_identity_valid,input,ppg_system_integration/PPG_DYNAMIC_BASELINE_SLOPE_AND_UPWARD_CROSSING_INTERFACE_CONTRACT.md:839,839,### 14.1 V2.3 detection lifecycle ports,accepted_complete_transaction_group,839,### 14.1 V2.3 detection lifecycle ports,87,"Explicit registered discard group includes complete TXN_ID, not merely an unspecified future interface."
2280,C20,i_detection_discard_sample_valid,input,ppg_system_integration/PPG_DYNAMIC_BASELINE_SLOPE_AND_UPWARD_CROSSING_INTERFACE_CONTRACT.md:839,839,### 14.1 V2.3 detection lifecycle ports,accepted_complete_transaction_group,839,### 14.1 V2.3 detection lifecycle ports,88,"Explicit registered discard group includes complete TXN_ID, not merely an unspecified future interface."
2281,C20,i_detection_discard_frame_id,input,ppg_system_integration/PPG_DYNAMIC_BASELINE_SLOPE_AND_UPWARD_CROSSING_INTERFACE_CONTRACT.md:839,839,### 14.1 V2.3 detection lifecycle ports,accepted_complete_transaction_group,839,### 14.1 V2.3 detection lifecycle ports,89,"Explicit registered discard group includes complete TXN_ID, not merely an unspecified future interface."
2282,C20,i_detection_discard_sample_index,input,ppg_system_integration/PPG_DYNAMIC_BASELINE_SLOPE_AND_UPWARD_CROSSING_INTERFACE_CONTRACT.md:839,839,### 14.1 V2.3 detection lifecycle ports,accepted_complete_transaction_group,839,### 14.1 V2.3 detection lifecycle ports,90,"Explicit registered discard group includes complete TXN_ID, not merely an unspecified future interface."
2283,C20,i_detection_discard_color_ir,input,ppg_system_integration/PPG_DYNAMIC_BASELINE_SLOPE_AND_UPWARD_CROSSING_INTERFACE_CONTRACT.md:839,839,### 14.1 V2.3 detection lifecycle ports,accepted_complete_transaction_group,839,### 14.1 V2.3 detection lifecycle ports,91,"Explicit registered discard group includes complete TXN_ID, not merely an unspecified future interface."
2284,C20,i_detection_discard_frame_type,input,ppg_system_integration/PPG_DYNAMIC_BASELINE_SLOPE_AND_UPWARD_CROSSING_INTERFACE_CONTRACT.md:839,839,### 14.1 V2.3 detection lifecycle ports,accepted_complete_transaction_group,839,### 14.1 V2.3 detection lifecycle ports,92,"Explicit registered discard group includes complete TXN_ID, not merely an unspecified future interface."
2285,C20,i_detection_discard_precision,input,ppg_system_integration/PPG_DYNAMIC_BASELINE_SLOPE_AND_UPWARD_CROSSING_INTERFACE_CONTRACT.md:839,839,### 14.1 V2.3 detection lifecycle ports,accepted_complete_transaction_group,839,### 14.1 V2.3 detection lifecycle ports,93,"Explicit registered discard group includes complete TXN_ID, not merely an unspecified future interface."
2286,C20,i_detection_discard_config_epoch,input,ppg_system_integration/PPG_DYNAMIC_BASELINE_SLOPE_AND_UPWARD_CROSSING_INTERFACE_CONTRACT.md:839,839,### 14.1 V2.3 detection lifecycle ports,accepted_complete_transaction_group,839,### 14.1 V2.3 detection lifecycle ports,94,"Explicit registered discard group includes complete TXN_ID, not merely an unspecified future interface."
2287,C20,i_detection_discard_coef_epoch,input,ppg_system_integration/PPG_DYNAMIC_BASELINE_SLOPE_AND_UPWARD_CROSSING_INTERFACE_CONTRACT.md:839,839,### 14.1 V2.3 detection lifecycle ports,accepted_complete_transaction_group,839,### 14.1 V2.3 detection lifecycle ports,95,"Explicit registered discard group includes complete TXN_ID, not merely an unspecified future interface."
2288,C20,i_detection_discard_dc_recovery_epoch,input,ppg_system_integration/PPG_DYNAMIC_BASELINE_SLOPE_AND_UPWARD_CROSSING_INTERFACE_CONTRACT.md:839,839,### 14.1 V2.3 detection lifecycle ports,accepted_complete_transaction_group,839,### 14.1 V2.3 detection lifecycle ports,96,"Explicit registered discard group includes complete TXN_ID, not merely an unspecified future interface."
2289,C20,i_detection_discard_amb_code_epoch,input,ppg_system_integration/PPG_DYNAMIC_BASELINE_SLOPE_AND_UPWARD_CROSSING_INTERFACE_CONTRACT.md:839,839,### 14.1 V2.3 detection lifecycle ports,accepted_complete_transaction_group,839,### 14.1 V2.3 detection lifecycle ports,97,"Explicit registered discard group includes complete TXN_ID, not merely an unspecified future interface."
2290,C20,i_detection_discard_dc_code_epoch,input,ppg_system_integration/PPG_DYNAMIC_BASELINE_SLOPE_AND_UPWARD_CROSSING_INTERFACE_CONTRACT.md:839,839,### 14.1 V2.3 detection lifecycle ports,accepted_complete_transaction_group,839,### 14.1 V2.3 detection lifecycle ports,98,"Explicit registered discard group includes complete TXN_ID, not merely an unspecified future interface."
2291,C20,i_detection_discard_run_generation,input,ppg_system_integration/PPG_DYNAMIC_BASELINE_SLOPE_AND_UPWARD_CROSSING_INTERFACE_CONTRACT.md:839,839,### 14.1 V2.3 detection lifecycle ports,accepted_complete_transaction_group,839,### 14.1 V2.3 detection lifecycle ports,99,"Explicit registered discard group includes complete TXN_ID, not merely an unspecified future interface."
2292,C20,i_run_generation,input,ppg_system_integration/PPG_DYNAMIC_BASELINE_SLOPE_AND_UPWARD_CROSSING_INTERFACE_CONTRACT.md:728,728,### 14.1 生命周期和控制输入,accepted_lifecycle_category_with_explicit_addendum,839,### 14.1 V2.3 detection lifecycle ports,100,Lifecycle Source heading is still the correct category; a current normative lifecycle addendum explicitly specifies generation/local-empty. Do not infer missing semantics from the old shorter table.
2293,C20,o_local_empty,output,ppg_system_integration/PPG_DYNAMIC_BASELINE_SLOPE_AND_UPWARD_CROSSING_INTERFACE_CONTRACT.md:728,728,### 14.1 生命周期和控制输入,accepted_lifecycle_category_with_explicit_addendum,839,### 14.1 V2.3 detection lifecycle ports,101,Lifecycle Source heading is still the correct category; a current normative lifecycle addendum explicitly specifies generation/local-empty. Do not infer missing semantics from the old shorter table.
2294,C20,i_result_valid,input,ppg_system_integration/PPG_DYNAMIC_BASELINE_SLOPE_AND_UPWARD_CROSSING_INTERFACE_CONTRACT.md:744,744,### 14.2 FIR事务输入,accepted_literal_or_current_section,744,### 14.2 FIR事务输入,104,Current source line or its exact current API section contains the named member.
2295,C20,o_result_ready,output,ppg_system_integration/PPG_DYNAMIC_BASELINE_SLOPE_AND_UPWARD_CROSSING_INTERFACE_CONTRACT.md:744,744,### 14.2 FIR事务输入,accepted_literal_or_current_section,744,### 14.2 FIR事务输入,105,Current source line or its exact current API section contains the named member.
2296,C20,i_filtered_ppg_value,input,ppg_system_integration/PPG_DYNAMIC_BASELINE_SLOPE_AND_UPWARD_CROSSING_INTERFACE_CONTRACT.md:744,744,### 14.2 FIR事务输入,accepted_literal_or_current_section,744,### 14.2 FIR事务输入,106,Current source line or its exact current API section contains the named member.
2297,C20,i_detection_qualified,input,ppg_system_integration/PPG_DYNAMIC_BASELINE_SLOPE_AND_UPWARD_CROSSING_INTERFACE_CONTRACT.md:744,744,### 14.2 FIR事务输入,accepted_literal_or_current_section,744,### 14.2 FIR事务输入,107,Current source line or its exact current API section contains the named member.
2298,C20,i_window_saturation_low,input,ppg_system_integration/PPG_DYNAMIC_BASELINE_SLOPE_AND_UPWARD_CROSSING_INTERFACE_CONTRACT.md:744,744,### 14.2 FIR事务输入,accepted_literal_or_current_section,744,### 14.2 FIR事务输入,108,Current source line or its exact current API section contains the named member.
2299,C20,i_window_saturation_high,input,ppg_system_integration/PPG_DYNAMIC_BASELINE_SLOPE_AND_UPWARD_CROSSING_INTERFACE_CONTRACT.md:744,744,### 14.2 FIR事务输入,accepted_expanded_endpoint_pair,744,### 14.2 FIR事务输入,109,"Current table explicitly defines low/high or min/max pair, so lack of a second full name is not an invalid anchor."
2300,C20,i_fir_saturation_low,input,ppg_system_integration/PPG_DYNAMIC_BASELINE_SLOPE_AND_UPWARD_CROSSING_INTERFACE_CONTRACT.md:744,744,### 14.2 FIR事务输入,accepted_literal_or_current_section,744,### 14.2 FIR事务输入,110,Current source line or its exact current API section contains the named member.
2301,C20,i_fir_saturation_high,input,ppg_system_integration/PPG_DYNAMIC_BASELINE_SLOPE_AND_UPWARD_CROSSING_INTERFACE_CONTRACT.md:744,744,### 14.2 FIR事务输入,accepted_expanded_endpoint_pair,744,### 14.2 FIR事务输入,111,"Current table explicitly defines low/high or min/max pair, so lack of a second full name is not an invalid anchor."
2302,C20,i_config_epoch,input,ppg_system_integration/PPG_DYNAMIC_BASELINE_SLOPE_AND_UPWARD_CROSSING_INTERFACE_CONTRACT.md:744,744,### 14.2 FIR事务输入,accepted_literal_or_current_section,744,### 14.2 FIR事务输入,112,Current source line or its exact current API section contains the named member.
2303,C20,i_coef_epoch,input,ppg_system_integration/PPG_DYNAMIC_BASELINE_SLOPE_AND_UPWARD_CROSSING_INTERFACE_CONTRACT.md:744,744,### 14.2 FIR事务输入,accepted_literal_or_current_section,744,### 14.2 FIR事务输入,113,Current source line or its exact current API section contains the named member.
2304,C20,i_dc_recovery_coef_epoch,input,ppg_system_integration/PPG_DYNAMIC_BASELINE_SLOPE_AND_UPWARD_CROSSING_INTERFACE_CONTRACT.md:744,744,### 14.2 FIR事务输入,accepted_literal_or_current_section,744,### 14.2 FIR事务输入,114,Current source line or its exact current API section contains the named member.
2305,C20,i_precision_mode,input,ppg_system_integration/PPG_DYNAMIC_BASELINE_SLOPE_AND_UPWARD_CROSSING_INTERFACE_CONTRACT.md:744,744,### 14.2 FIR事务输入,accepted_literal_or_current_section,744,### 14.2 FIR事务输入,115,Current source line or its exact current API section contains the named member.
2306,C20,i_frame_id,input,ppg_system_integration/PPG_DYNAMIC_BASELINE_SLOPE_AND_UPWARD_CROSSING_INTERFACE_CONTRACT.md:744,744,### 14.2 FIR事务输入,accepted_literal_or_current_section,744,### 14.2 FIR事务输入,116,Current source line or its exact current API section contains the named member.
2307,C20,i_sample_index,input,ppg_system_integration/PPG_DYNAMIC_BASELINE_SLOPE_AND_UPWARD_CROSSING_INTERFACE_CONTRACT.md:744,744,### 14.2 FIR事务输入,accepted_literal_or_current_section,744,### 14.2 FIR事务输入,117,Current source line or its exact current API section contains the named member.
2308,C20,i_color_ir,input,ppg_system_integration/PPG_DYNAMIC_BASELINE_SLOPE_AND_UPWARD_CROSSING_INTERFACE_CONTRACT.md:744,744,### 14.2 FIR事务输入,accepted_literal_or_current_section,744,### 14.2 FIR事务输入,118,Current source line or its exact current API section contains the named member.
2309,C20,i_frame_type,input,ppg_system_integration/PPG_DYNAMIC_BASELINE_SLOPE_AND_UPWARD_CROSSING_INTERFACE_CONTRACT.md:744,744,### 14.2 FIR事务输入,accepted_literal_or_current_section,744,### 14.2 FIR事务输入,119,Current source line or its exact current API section contains the named member.
2310,C20,i_peak_valid,input,ppg_system_integration/PPG_DYNAMIC_BASELINE_SLOPE_AND_UPWARD_CROSSING_INTERFACE_CONTRACT.md:763,763,### 14.3 峰谷事件输入,accepted_literal_or_current_section,763,### 14.3 峰谷事件输入,124,Current source line or its exact current API section contains the named member.
2311,C20,o_peak_ready,output,ppg_system_integration/PPG_DYNAMIC_BASELINE_SLOPE_AND_UPWARD_CROSSING_INTERFACE_CONTRACT.md:763,763,### 14.3 峰谷事件输入,accepted_literal_or_current_section,763,### 14.3 峰谷事件输入,125,Current source line or its exact current API section contains the named member.
2312,C20,i_peak_value,input,ppg_system_integration/PPG_DYNAMIC_BASELINE_SLOPE_AND_UPWARD_CROSSING_INTERFACE_CONTRACT.md:763,763,### 14.3 峰谷事件输入,accepted_literal_or_current_section,763,### 14.3 峰谷事件输入,126,Current source line or its exact current API section contains the named member.
2313,C20,i_peak_frame_id,input,ppg_system_integration/PPG_DYNAMIC_BASELINE_SLOPE_AND_UPWARD_CROSSING_INTERFACE_CONTRACT.md:763,763,### 14.3 峰谷事件输入,accepted_literal_or_current_section,763,### 14.3 峰谷事件输入,127,Current source line or its exact current API section contains the named member.
2314,C20,i_peak_sample_index,input,ppg_system_integration/PPG_DYNAMIC_BASELINE_SLOPE_AND_UPWARD_CROSSING_INTERFACE_CONTRACT.md:763,763,### 14.3 峰谷事件输入,accepted_literal_or_current_section,763,### 14.3 峰谷事件输入,128,Current source line or its exact current API section contains the named member.
2315,C20,i_peak_config_epoch,input,ppg_system_integration/PPG_DYNAMIC_BASELINE_SLOPE_AND_UPWARD_CROSSING_INTERFACE_CONTRACT.md:763,763,### 14.3 峰谷事件输入,accepted_literal_or_current_section,763,### 14.3 峰谷事件输入,129,Current source line or its exact current API section contains the named member.
2316,C20,i_peak_coef_epoch,input,ppg_system_integration/PPG_DYNAMIC_BASELINE_SLOPE_AND_UPWARD_CROSSING_INTERFACE_CONTRACT.md:763,763,### 14.3 峰谷事件输入,accepted_literal_or_current_section,763,### 14.3 峰谷事件输入,130,Current source line or its exact current API section contains the named member.
2317,C20,i_peak_dc_recovery_coef_epoch,input,ppg_system_integration/PPG_DYNAMIC_BASELINE_SLOPE_AND_UPWARD_CROSSING_INTERFACE_CONTRACT.md:763,763,### 14.3 峰谷事件输入,accepted_literal_or_current_section,763,### 14.3 峰谷事件输入,131,Current source line or its exact current API section contains the named member.
2318,C20,i_valley_valid,input,ppg_system_integration/PPG_DYNAMIC_BASELINE_SLOPE_AND_UPWARD_CROSSING_INTERFACE_CONTRACT.md:763,763,### 14.3 峰谷事件输入,accepted_literal_or_current_section,763,### 14.3 峰谷事件输入,136,Current source line or its exact current API section contains the named member.
2319,C20,o_valley_ready,output,ppg_system_integration/PPG_DYNAMIC_BASELINE_SLOPE_AND_UPWARD_CROSSING_INTERFACE_CONTRACT.md:763,763,### 14.3 峰谷事件输入,accepted_literal_or_current_section,763,### 14.3 峰谷事件输入,137,Current source line or its exact current API section contains the named member.
2320,C20,i_valley_value,input,ppg_system_integration/PPG_DYNAMIC_BASELINE_SLOPE_AND_UPWARD_CROSSING_INTERFACE_CONTRACT.md:763,763,### 14.3 峰谷事件输入,accepted_literal_or_current_section,763,### 14.3 峰谷事件输入,138,Current source line or its exact current API section contains the named member.
2321,C20,i_valley_frame_id,input,ppg_system_integration/PPG_DYNAMIC_BASELINE_SLOPE_AND_UPWARD_CROSSING_INTERFACE_CONTRACT.md:763,763,### 14.3 峰谷事件输入,accepted_literal_or_current_section,763,### 14.3 峰谷事件输入,139,Current source line or its exact current API section contains the named member.
2322,C20,i_valley_sample_index,input,ppg_system_integration/PPG_DYNAMIC_BASELINE_SLOPE_AND_UPWARD_CROSSING_INTERFACE_CONTRACT.md:763,763,### 14.3 峰谷事件输入,accepted_literal_or_current_section,763,### 14.3 峰谷事件输入,140,Current source line or its exact current API section contains the named member.
2323,C20,i_valley_config_epoch,input,ppg_system_integration/PPG_DYNAMIC_BASELINE_SLOPE_AND_UPWARD_CROSSING_INTERFACE_CONTRACT.md:763,763,### 14.3 峰谷事件输入,accepted_explicit_valley_epoch_forwarding,763,### 14.3 峰谷事件输入,141,"Same section expressly mandates all three valley epochs, though table spells the peak epoch members individually."
2324,C20,i_valley_coef_epoch,input,ppg_system_integration/PPG_DYNAMIC_BASELINE_SLOPE_AND_UPWARD_CROSSING_INTERFACE_CONTRACT.md:763,763,### 14.3 峰谷事件输入,accepted_explicit_valley_epoch_forwarding,763,### 14.3 峰谷事件输入,142,"Same section expressly mandates all three valley epochs, though table spells the peak epoch members individually."
2325,C20,i_valley_dc_recovery_coef_epoch,input,ppg_system_integration/PPG_DYNAMIC_BASELINE_SLOPE_AND_UPWARD_CROSSING_INTERFACE_CONTRACT.md:763,763,### 14.3 峰谷事件输入,accepted_explicit_valley_epoch_forwarding,763,### 14.3 峰谷事件输入,143,"Same section expressly mandates all three valley epochs, though table spells the peak epoch members individually."
2326,C20,i_slope_mode,input,ppg_system_integration/PPG_DYNAMIC_BASELINE_SLOPE_AND_UPWARD_CROSSING_INTERFACE_CONTRACT.md:781,781,### 14.4 ACTIVE逻辑配置输入,accepted_literal_or_current_section,781,### 14.4 ACTIVE逻辑配置输入,146,Current source line or its exact current API section contains the named member.
2327,C20,i_fixed_slope_q16,input,ppg_system_integration/PPG_DYNAMIC_BASELINE_SLOPE_AND_UPWARD_CROSSING_INTERFACE_CONTRACT.md:781,781,### 14.4 ACTIVE逻辑配置输入,accepted_literal_or_current_section,781,### 14.4 ACTIVE逻辑配置输入,147,Current source line or its exact current API section contains the named member.
2328,C20,i_alpha_q15,input,ppg_system_integration/PPG_DYNAMIC_BASELINE_SLOPE_AND_UPWARD_CROSSING_INTERFACE_CONTRACT.md:781,781,### 14.4 ACTIVE逻辑配置输入,accepted_literal_or_current_section,781,### 14.4 ACTIVE逻辑配置输入,148,Current source line or its exact current API section contains the named member.
2329,C20,i_beta_q15,input,ppg_system_integration/PPG_DYNAMIC_BASELINE_SLOPE_AND_UPWARD_CROSSING_INTERFACE_CONTRACT.md:781,781,### 14.4 ACTIVE逻辑配置输入,accepted_literal_or_current_section,781,### 14.4 ACTIVE逻辑配置输入,149,Current source line or its exact current API section contains the named member.
2330,C20,i_timing_adjust_ratio_q15,input,ppg_system_integration/PPG_DYNAMIC_BASELINE_SLOPE_AND_UPWARD_CROSSING_INTERFACE_CONTRACT.md:781,781,### 14.4 ACTIVE逻辑配置输入,accepted_literal_or_current_section,781,### 14.4 ACTIVE逻辑配置输入,150,Current source line or its exact current API section contains the named member.
2331,C20,i_slope_min_q16,input,ppg_system_integration/PPG_DYNAMIC_BASELINE_SLOPE_AND_UPWARD_CROSSING_INTERFACE_CONTRACT.md:781,781,### 14.4 ACTIVE逻辑配置输入,accepted_literal_or_current_section,781,### 14.4 ACTIVE逻辑配置输入,151,Current source line or its exact current API section contains the named member.
2332,C20,i_slope_max_q16,input,ppg_system_integration/PPG_DYNAMIC_BASELINE_SLOPE_AND_UPWARD_CROSSING_INTERFACE_CONTRACT.md:781,781,### 14.4 ACTIVE逻辑配置输入,accepted_literal_or_current_section,781,### 14.4 ACTIVE逻辑配置输入,152,Current source line or its exact current API section contains the named member.
2333,C20,i_baseline_delta_q16,input,ppg_system_integration/PPG_DYNAMIC_BASELINE_SLOPE_AND_UPWARD_CROSSING_INTERFACE_CONTRACT.md:781,781,### 14.4 ACTIVE逻辑配置输入,accepted_literal_or_current_section,781,### 14.4 ACTIVE逻辑配置输入,153,Current source line or its exact current API section contains the named member.
2334,C20,i_cross_hysteresis_q16,input,ppg_system_integration/PPG_DYNAMIC_BASELINE_SLOPE_AND_UPWARD_CROSSING_INTERFACE_CONTRACT.md:781,781,### 14.4 ACTIVE逻辑配置输入,accepted_literal_or_current_section,781,### 14.4 ACTIVE逻辑配置输入,154,Current source line or its exact current API section contains the named member.
2335,C20,i_lead_min_frames,input,ppg_system_integration/PPG_DYNAMIC_BASELINE_SLOPE_AND_UPWARD_CROSSING_INTERFACE_CONTRACT.md:781,781,### 14.4 ACTIVE逻辑配置输入,accepted_literal_or_current_section,781,### 14.4 ACTIVE逻辑配置输入,155,Current source line or its exact current API section contains the named member.
2336,C20,i_lead_max_frames,input,ppg_system_integration/PPG_DYNAMIC_BASELINE_SLOPE_AND_UPWARD_CROSSING_INTERFACE_CONTRACT.md:781,781,### 14.4 ACTIVE逻辑配置输入,accepted_literal_or_current_section,781,### 14.4 ACTIVE逻辑配置输入,156,Current source line or its exact current API section contains the named member.
2337,C20,i_cross_confirm_count,input,ppg_system_integration/PPG_DYNAMIC_BASELINE_SLOPE_AND_UPWARD_CROSSING_INTERFACE_CONTRACT.md:781,781,### 14.4 ACTIVE逻辑配置输入,accepted_literal_or_current_section,781,### 14.4 ACTIVE逻辑配置输入,157,Current source line or its exact current API section contains the named member.
2338,C20,i_no_cross_limit,input,ppg_system_integration/PPG_DYNAMIC_BASELINE_SLOPE_AND_UPWARD_CROSSING_INTERFACE_CONTRACT.md:781,781,### 14.4 ACTIVE逻辑配置输入,accepted_literal_or_current_section,781,### 14.4 ACTIVE逻辑配置输入,158,Current source line or its exact current API section contains the named member.
2339,C20,i_peak_valley_config_valid,input,ppg_system_integration/PPG_DYNAMIC_BASELINE_SLOPE_AND_UPWARD_CROSSING_INTERFACE_CONTRACT.md:781,781,### 14.4 ACTIVE逻辑配置输入,accepted_literal_or_current_section,781,### 14.4 ACTIVE逻辑配置输入,159,Current source line or its exact current API section contains the named member.
2340,C20,i_cross_ready,input,ppg_system_integration/PPG_DYNAMIC_BASELINE_SLOPE_AND_UPWARD_CROSSING_INTERFACE_CONTRACT.md:708,708,### 13.3 相交事件输出,accepted_literal_or_current_section,708,### 13.3 相交事件输出,162,Current source line or its exact current API section contains the named member.
2341,C20,o_cross_valid,output,ppg_system_integration/PPG_DYNAMIC_BASELINE_SLOPE_AND_UPWARD_CROSSING_INTERFACE_CONTRACT.md:708,708,### 13.3 相交事件输出,accepted_literal_or_current_section,708,### 13.3 相交事件输出,163,Current source line or its exact current API section contains the named member.
2342,C20,o_cross_frame_id,output,ppg_system_integration/PPG_DYNAMIC_BASELINE_SLOPE_AND_UPWARD_CROSSING_INTERFACE_CONTRACT.md:708,708,### 13.3 相交事件输出,accepted_event_payload_with_named_output_table,806,### 14.5 相交和状态输出,164,"Current event contract lists bare logical payload names; current §14.5 declares each named o_cross endpoint. It is an event group Source, not a port declaration anchor."
2343,C20,o_cross_sample_index,output,ppg_system_integration/PPG_DYNAMIC_BASELINE_SLOPE_AND_UPWARD_CROSSING_INTERFACE_CONTRACT.md:708,708,### 13.3 相交事件输出,accepted_event_payload_with_named_output_table,806,### 14.5 相交和状态输出,165,"Current event contract lists bare logical payload names; current §14.5 declares each named o_cross endpoint. It is an event group Source, not a port declaration anchor."
2344,C20,o_cross_time_unknown,output,ppg_system_integration/PPG_DYNAMIC_BASELINE_SLOPE_AND_UPWARD_CROSSING_INTERFACE_CONTRACT.md:708,708,### 13.3 相交事件输出,accepted_event_payload_with_named_output_table,806,### 14.5 相交和状态输出,166,"Current event contract lists bare logical payload names; current §14.5 declares each named o_cross endpoint. It is an event group Source, not a port declaration anchor."
2345,C20,o_cross_config_epoch,output,ppg_system_integration/PPG_DYNAMIC_BASELINE_SLOPE_AND_UPWARD_CROSSING_INTERFACE_CONTRACT.md:708,708,### 13.3 相交事件输出,accepted_event_payload_with_named_output_table,806,### 14.5 相交和状态输出,167,"Current event contract lists bare logical payload names; current §14.5 declares each named o_cross endpoint. It is an event group Source, not a port declaration anchor."
2346,C20,o_cross_coef_epoch,output,ppg_system_integration/PPG_DYNAMIC_BASELINE_SLOPE_AND_UPWARD_CROSSING_INTERFACE_CONTRACT.md:708,708,### 13.3 相交事件输出,accepted_event_payload_with_named_output_table,806,### 14.5 相交和状态输出,168,"Current event contract lists bare logical payload names; current §14.5 declares each named o_cross endpoint. It is an event group Source, not a port declaration anchor."
2347,C20,o_cross_dc_recovery_coef_epoch,output,ppg_system_integration/PPG_DYNAMIC_BASELINE_SLOPE_AND_UPWARD_CROSSING_INTERFACE_CONTRACT.md:708,708,### 13.3 相交事件输出,accepted_event_payload_with_named_output_table,806,### 14.5 相交和状态输出,169,"Current event contract lists bare logical payload names; current §14.5 declares each named o_cross endpoint. It is an event group Source, not a port declaration anchor."
2348,C20,o_cross_slope_q16,output,ppg_system_integration/PPG_DYNAMIC_BASELINE_SLOPE_AND_UPWARD_CROSSING_INTERFACE_CONTRACT.md:708,708,### 13.3 相交事件输出,accepted_event_payload_with_named_output_table,806,### 14.5 相交和状态输出,170,"Current event contract lists bare logical payload names; current §14.5 declares each named o_cross endpoint. It is an event group Source, not a port declaration anchor."
2349,C20,o_cross_baseline_q16,output,ppg_system_integration/PPG_DYNAMIC_BASELINE_SLOPE_AND_UPWARD_CROSSING_INTERFACE_CONTRACT.md:708,708,### 13.3 相交事件输出,accepted_event_payload_with_named_output_table,806,### 14.5 相交和状态输出,171,"Current event contract lists bare logical payload names; current §14.5 declares each named o_cross endpoint. It is an event group Source, not a port declaration anchor."
2350,C20,o_baseline_valid,output,ppg_system_integration/PPG_DYNAMIC_BASELINE_SLOPE_AND_UPWARD_CROSSING_INTERFACE_CONTRACT.md:806,806,### 14.5 相交和状态输出,accepted_literal_or_current_section,806,### 14.5 相交和状态输出,174,Current source line or its exact current API section contains the named member.
2351,C20,o_adaptive_slope_valid,output,ppg_system_integration/PPG_DYNAMIC_BASELINE_SLOPE_AND_UPWARD_CROSSING_INTERFACE_CONTRACT.md:806,806,### 14.5 相交和状态输出,accepted_literal_or_current_section,806,### 14.5 相交和状态输出,175,Current source line or its exact current API section contains the named member.
2352,C20,o_slope_current_q16,output,ppg_system_integration/PPG_DYNAMIC_BASELINE_SLOPE_AND_UPWARD_CROSSING_INTERFACE_CONTRACT.md:806,806,### 14.5 相交和状态输出,accepted_literal_or_current_section,806,### 14.5 相交和状态输出,176,Current source line or its exact current API section contains the named member.
2353,C20,o_slope_base_q16,output,ppg_system_integration/PPG_DYNAMIC_BASELINE_SLOPE_AND_UPWARD_CROSSING_INTERFACE_CONTRACT.md:806,806,### 14.5 相交和状态输出,accepted_literal_or_current_section,806,### 14.5 相交和状态输出,177,Current source line or its exact current API section contains the named member.
2354,C20,o_last_lead_frames,output,ppg_system_integration/PPG_DYNAMIC_BASELINE_SLOPE_AND_UPWARD_CROSSING_INTERFACE_CONTRACT.md:806,806,### 14.5 相交和状态输出,accepted_literal_or_current_section,806,### 14.5 相交和状态输出,178,Current source line or its exact current API section contains the named member.
2355,C20,o_no_cross_count,output,ppg_system_integration/PPG_DYNAMIC_BASELINE_SLOPE_AND_UPWARD_CROSSING_INTERFACE_CONTRACT.md:806,806,### 14.5 相交和状态输出,accepted_literal_or_current_section,806,### 14.5 相交和状态输出,179,Current source line or its exact current API section contains the named member.
2356,C20,o_reacquire_active,output,ppg_system_integration/PPG_DYNAMIC_BASELINE_SLOPE_AND_UPWARD_CROSSING_INTERFACE_CONTRACT.md:806,806,### 14.5 相交和状态输出,accepted_literal_or_current_section,806,### 14.5 相交和状态输出,180,Current source line or its exact current API section contains the named member.
2357,C20,o_slope_saturation_min,output,ppg_system_integration/PPG_DYNAMIC_BASELINE_SLOPE_AND_UPWARD_CROSSING_INTERFACE_CONTRACT.md:806,806,### 14.5 相交和状态输出,accepted_literal_or_current_section,806,### 14.5 相交和状态输出,181,Current source line or its exact current API section contains the named member.
2358,C20,o_slope_saturation_max,output,ppg_system_integration/PPG_DYNAMIC_BASELINE_SLOPE_AND_UPWARD_CROSSING_INTERFACE_CONTRACT.md:806,806,### 14.5 相交和状态输出,accepted_expanded_endpoint_pair,806,### 14.5 相交和状态输出,182,"Current table explicitly defines low/high or min/max pair, so lack of a second full name is not an invalid anchor."
2359,C20,o_baseline_saturation_low,output,ppg_system_integration/PPG_DYNAMIC_BASELINE_SLOPE_AND_UPWARD_CROSSING_INTERFACE_CONTRACT.md:806,806,### 14.5 相交和状态输出,accepted_literal_or_current_section,806,### 14.5 相交和状态输出,183,Current source line or its exact current API section contains the named member.
2360,C20,o_baseline_saturation_high,output,ppg_system_integration/PPG_DYNAMIC_BASELINE_SLOPE_AND_UPWARD_CROSSING_INTERFACE_CONTRACT.md:806,806,### 14.5 相交和状态输出,accepted_expanded_endpoint_pair,806,### 14.5 相交和状态输出,184,"Current table explicitly defines low/high or min/max pair, so lack of a second full name is not an invalid anchor."
2361,C20,o_protocol_error_sticky,output,ppg_system_integration/PPG_DYNAMIC_BASELINE_SLOPE_AND_UPWARD_CROSSING_INTERFACE_CONTRACT.md:806,806,### 14.5 相交和状态输出,accepted_literal_or_current_section,806,### 14.5 相交和状态输出,185,Current source line or its exact current API section contains the named member.
2362,C22,i_clk,input,ppg_system_integration/PPG_PEAK_VALLEY_WINDOW_DETECTOR_INTERFACE_CONTRACT.md:664,664,### 14.1 全局和生命周期,accepted_literal_or_current_section,664,### 14.1 全局和生命周期,70,Current source line or its exact current API section contains the named member.
2363,C22,i_rstn,input,ppg_system_integration/PPG_PEAK_VALLEY_WINDOW_DETECTOR_INTERFACE_CONTRACT.md:664,664,### 14.1 全局和生命周期,accepted_literal_or_current_section,664,### 14.1 全局和生命周期,71,Current source line or its exact current API section contains the named member.
2364,C22,i_run_enable,input,ppg_system_integration/PPG_PEAK_VALLEY_WINDOW_DETECTOR_INTERFACE_CONTRACT.md:664,664,### 14.1 全局和生命周期,accepted_literal_or_current_section,664,### 14.1 全局和生命周期,74,Current source line or its exact current API section contains the named member.
2365,C22,i_start_ack_event,input,ppg_system_integration/PPG_PEAK_VALLEY_WINDOW_DETECTOR_INTERFACE_CONTRACT.md:664,664,### 14.1 全局和生命周期,accepted_literal_or_current_section,664,### 14.1 全局和生命周期,75,Current source line or its exact current API section contains the named member.
2366,C22,i_diag_clear_event,input,ppg_system_integration/PPG_PEAK_VALLEY_WINDOW_DETECTOR_INTERFACE_CONTRACT.md:664,664,### 14.1 全局和生命周期,accepted_literal_or_current_section,664,### 14.1 全局和生命周期,76,Current source line or its exact current API section contains the named member.
2367,C22,i_recheck_accept_event,input,ppg_system_integration/PPG_PEAK_VALLEY_WINDOW_DETECTOR_INTERFACE_CONTRACT.md:664,664,### 14.1 全局和生命周期,accepted_literal_or_current_section,664,### 14.1 全局和生命周期,77,Current source line or its exact current API section contains the named member.
2368,C22,i_recheck_busy,input,ppg_system_integration/PPG_PEAK_VALLEY_WINDOW_DETECTOR_INTERFACE_CONTRACT.md:664,664,### 14.1 全局和生命周期,accepted_literal_or_current_section,664,### 14.1 全局和生命周期,78,Current source line or its exact current API section contains the named member.
2369,C22,i_recheck_done_event,input,ppg_system_integration/PPG_PEAK_VALLEY_WINDOW_DETECTOR_INTERFACE_CONTRACT.md:664,664,### 14.1 全局和生命周期,accepted_literal_or_current_section,664,### 14.1 全局和生命周期,79,Current source line or its exact current API section contains the named member.
2370,C22,i_recheck_success,input,ppg_system_integration/PPG_PEAK_VALLEY_WINDOW_DETECTOR_INTERFACE_CONTRACT.md:664,664,### 14.1 全局和生命周期,accepted_literal_or_current_section,664,### 14.1 全局和生命周期,80,Current source line or its exact current API section contains the named member.
2371,C22,i_reacquire_active,input,ppg_system_integration/PPG_PEAK_VALLEY_WINDOW_DETECTOR_INTERFACE_CONTRACT.md:664,664,### 14.1 全局和生命周期,accepted_literal_or_current_section,664,### 14.1 全局和生命周期,81,Current source line or its exact current API section contains the named member.
2372,C22,i_detection_discard_event,input,ppg_system_integration/PPG_PEAK_VALLEY_WINDOW_DETECTOR_INTERFACE_CONTRACT.md:765,765,### 14.1 V2.3 detection lifecycle ports,accepted_literal_or_current_section,765,### 14.1 V2.3 detection lifecycle ports,84,Current source line or its exact current API section contains the named member.
2373,C22,i_detection_discard_reason,input,ppg_system_integration/PPG_PEAK_VALLEY_WINDOW_DETECTOR_INTERFACE_CONTRACT.md:765,765,### 14.1 V2.3 detection lifecycle ports,accepted_complete_transaction_group,765,### 14.1 V2.3 detection lifecycle ports,85,"Explicit registered discard group includes complete TXN_ID, not merely an unspecified future interface."
2374,C22,i_detection_discard_identity_valid,input,ppg_system_integration/PPG_PEAK_VALLEY_WINDOW_DETECTOR_INTERFACE_CONTRACT.md:765,765,### 14.1 V2.3 detection lifecycle ports,accepted_complete_transaction_group,765,### 14.1 V2.3 detection lifecycle ports,86,"Explicit registered discard group includes complete TXN_ID, not merely an unspecified future interface."
2375,C22,i_detection_discard_sample_valid,input,ppg_system_integration/PPG_PEAK_VALLEY_WINDOW_DETECTOR_INTERFACE_CONTRACT.md:765,765,### 14.1 V2.3 detection lifecycle ports,accepted_complete_transaction_group,765,### 14.1 V2.3 detection lifecycle ports,87,"Explicit registered discard group includes complete TXN_ID, not merely an unspecified future interface."
2376,C22,i_detection_discard_frame_id,input,ppg_system_integration/PPG_PEAK_VALLEY_WINDOW_DETECTOR_INTERFACE_CONTRACT.md:765,765,### 14.1 V2.3 detection lifecycle ports,accepted_complete_transaction_group,765,### 14.1 V2.3 detection lifecycle ports,88,"Explicit registered discard group includes complete TXN_ID, not merely an unspecified future interface."
2377,C22,i_detection_discard_sample_index,input,ppg_system_integration/PPG_PEAK_VALLEY_WINDOW_DETECTOR_INTERFACE_CONTRACT.md:765,765,### 14.1 V2.3 detection lifecycle ports,accepted_complete_transaction_group,765,### 14.1 V2.3 detection lifecycle ports,89,"Explicit registered discard group includes complete TXN_ID, not merely an unspecified future interface."
2378,C22,i_detection_discard_color_ir,input,ppg_system_integration/PPG_PEAK_VALLEY_WINDOW_DETECTOR_INTERFACE_CONTRACT.md:765,765,### 14.1 V2.3 detection lifecycle ports,accepted_complete_transaction_group,765,### 14.1 V2.3 detection lifecycle ports,90,"Explicit registered discard group includes complete TXN_ID, not merely an unspecified future interface."
2379,C22,i_detection_discard_frame_type,input,ppg_system_integration/PPG_PEAK_VALLEY_WINDOW_DETECTOR_INTERFACE_CONTRACT.md:765,765,### 14.1 V2.3 detection lifecycle ports,accepted_complete_transaction_group,765,### 14.1 V2.3 detection lifecycle ports,91,"Explicit registered discard group includes complete TXN_ID, not merely an unspecified future interface."
2380,C22,i_detection_discard_precision,input,ppg_system_integration/PPG_PEAK_VALLEY_WINDOW_DETECTOR_INTERFACE_CONTRACT.md:765,765,### 14.1 V2.3 detection lifecycle ports,accepted_complete_transaction_group,765,### 14.1 V2.3 detection lifecycle ports,92,"Explicit registered discard group includes complete TXN_ID, not merely an unspecified future interface."
2381,C22,i_detection_discard_config_epoch,input,ppg_system_integration/PPG_PEAK_VALLEY_WINDOW_DETECTOR_INTERFACE_CONTRACT.md:765,765,### 14.1 V2.3 detection lifecycle ports,accepted_complete_transaction_group,765,### 14.1 V2.3 detection lifecycle ports,93,"Explicit registered discard group includes complete TXN_ID, not merely an unspecified future interface."
2382,C22,i_detection_discard_coef_epoch,input,ppg_system_integration/PPG_PEAK_VALLEY_WINDOW_DETECTOR_INTERFACE_CONTRACT.md:765,765,### 14.1 V2.3 detection lifecycle ports,accepted_complete_transaction_group,765,### 14.1 V2.3 detection lifecycle ports,94,"Explicit registered discard group includes complete TXN_ID, not merely an unspecified future interface."
2383,C22,i_detection_discard_dc_recovery_epoch,input,ppg_system_integration/PPG_PEAK_VALLEY_WINDOW_DETECTOR_INTERFACE_CONTRACT.md:765,765,### 14.1 V2.3 detection lifecycle ports,accepted_complete_transaction_group,765,### 14.1 V2.3 detection lifecycle ports,95,"Explicit registered discard group includes complete TXN_ID, not merely an unspecified future interface."
2384,C22,i_detection_discard_amb_code_epoch,input,ppg_system_integration/PPG_PEAK_VALLEY_WINDOW_DETECTOR_INTERFACE_CONTRACT.md:765,765,### 14.1 V2.3 detection lifecycle ports,accepted_complete_transaction_group,765,### 14.1 V2.3 detection lifecycle ports,96,"Explicit registered discard group includes complete TXN_ID, not merely an unspecified future interface."
2385,C22,i_detection_discard_dc_code_epoch,input,ppg_system_integration/PPG_PEAK_VALLEY_WINDOW_DETECTOR_INTERFACE_CONTRACT.md:765,765,### 14.1 V2.3 detection lifecycle ports,accepted_complete_transaction_group,765,### 14.1 V2.3 detection lifecycle ports,97,"Explicit registered discard group includes complete TXN_ID, not merely an unspecified future interface."
2386,C22,i_detection_discard_run_generation,input,ppg_system_integration/PPG_PEAK_VALLEY_WINDOW_DETECTOR_INTERFACE_CONTRACT.md:765,765,### 14.1 V2.3 detection lifecycle ports,accepted_complete_transaction_group,765,### 14.1 V2.3 detection lifecycle ports,98,"Explicit registered discard group includes complete TXN_ID, not merely an unspecified future interface."
2387,C22,i_run_generation,input,ppg_system_integration/PPG_PEAK_VALLEY_WINDOW_DETECTOR_INTERFACE_CONTRACT.md:664,664,### 14.1 全局和生命周期,accepted_lifecycle_category_with_explicit_addendum,765,### 14.1 V2.3 detection lifecycle ports,99,Lifecycle Source heading is still the correct category; a current normative lifecycle addendum explicitly specifies generation/local-empty. Do not infer missing semantics from the old shorter table.
2388,C22,o_local_empty,output,ppg_system_integration/PPG_PEAK_VALLEY_WINDOW_DETECTOR_INTERFACE_CONTRACT.md:664,664,### 14.1 全局和生命周期,accepted_lifecycle_category_with_explicit_addendum,765,### 14.1 V2.3 detection lifecycle ports,100,Lifecycle Source heading is still the correct category; a current normative lifecycle addendum explicitly specifies generation/local-empty. Do not infer missing semantics from the old shorter table.
2389,C22,i_peak_confirm_count,input,ppg_system_integration/PPG_PEAK_VALLEY_WINDOW_DETECTOR_INTERFACE_CONTRACT.md:679,679,### 14.2 ACTIVE配置输入,accepted_literal_or_current_section,679,### 14.2 ACTIVE配置输入,103,Current source line or its exact current API section contains the named member.
2390,C22,i_valley_confirm_count,input,ppg_system_integration/PPG_PEAK_VALLEY_WINDOW_DETECTOR_INTERFACE_CONTRACT.md:679,679,### 14.2 ACTIVE配置输入,accepted_literal_or_current_section,679,### 14.2 ACTIVE配置输入,104,Current source line or its exact current API section contains the named member.
2391,C22,i_direction_deadband,input,ppg_system_integration/PPG_PEAK_VALLEY_WINDOW_DETECTOR_INTERFACE_CONTRACT.md:679,679,### 14.2 ACTIVE配置输入,accepted_literal_or_current_section,679,### 14.2 ACTIVE配置输入,105,Current source line or its exact current API section contains the named member.
2392,C22,i_min_peak_valley_amplitude,input,ppg_system_integration/PPG_PEAK_VALLEY_WINDOW_DETECTOR_INTERFACE_CONTRACT.md:679,679,### 14.2 ACTIVE配置输入,accepted_literal_or_current_section,679,### 14.2 ACTIVE配置输入,106,Current source line or its exact current API section contains the named member.
2393,C22,i_min_peak_to_valley_frames,input,ppg_system_integration/PPG_PEAK_VALLEY_WINDOW_DETECTOR_INTERFACE_CONTRACT.md:679,679,### 14.2 ACTIVE配置输入,accepted_literal_or_current_section,679,### 14.2 ACTIVE配置输入,107,Current source line or its exact current API section contains the named member.
2394,C22,i_min_peak_to_peak_frames,input,ppg_system_integration/PPG_PEAK_VALLEY_WINDOW_DETECTOR_INTERFACE_CONTRACT.md:679,679,### 14.2 ACTIVE配置输入,accepted_literal_or_current_section,679,### 14.2 ACTIVE配置输入,108,Current source line or its exact current API section contains the named member.
2395,C22,i_max_fine_window_frames,input,ppg_system_integration/PPG_PEAK_VALLEY_WINDOW_DETECTOR_INTERFACE_CONTRACT.md:679,679,### 14.2 ACTIVE配置输入,accepted_literal_or_current_section,679,### 14.2 ACTIVE配置输入,109,Current source line or its exact current API section contains the named member.
2396,C22,i_max_reacquire_frames,input,ppg_system_integration/PPG_PEAK_VALLEY_WINDOW_DETECTOR_INTERFACE_CONTRACT.md:679,679,### 14.2 ACTIVE配置输入,accepted_literal_or_current_section,679,### 14.2 ACTIVE配置输入,110,Current source line or its exact current API section contains the named member.
2397,C22,i_peak_valley_config_valid,input,ppg_system_integration/PPG_PEAK_VALLEY_WINDOW_DETECTOR_INTERFACE_CONTRACT.md:679,679,### 14.2 ACTIVE配置输入,accepted_literal_or_current_section,679,### 14.2 ACTIVE配置输入,111,Current source line or its exact current API section contains the named member.
2398,C22,i_characterization_mode,input,ppg_system_integration/PPG_PEAK_VALLEY_WINDOW_DETECTOR_INTERFACE_CONTRACT.md:679,679,### 14.2 ACTIVE配置输入,accepted_literal_or_current_section,679,### 14.2 ACTIVE配置输入,112,Current source line or its exact current API section contains the named member.
2399,C22,i_result_valid,input,ppg_system_integration/PPG_PEAK_VALLEY_WINDOW_DETECTOR_INTERFACE_CONTRACT.md:694,694,### 14.3 FIR输入事务,accepted_literal_or_current_section,694,### 14.3 FIR输入事务,115,Current source line or its exact current API section contains the named member.
2400,C22,o_result_ready,output,ppg_system_integration/PPG_PEAK_VALLEY_WINDOW_DETECTOR_INTERFACE_CONTRACT.md:694,694,### 14.3 FIR输入事务,accepted_literal_or_current_section,694,### 14.3 FIR输入事务,116,Current source line or its exact current API section contains the named member.
2401,C22,i_filtered_ppg_value,input,ppg_system_integration/PPG_PEAK_VALLEY_WINDOW_DETECTOR_INTERFACE_CONTRACT.md:694,694,### 14.3 FIR输入事务,accepted_literal_or_current_section,694,### 14.3 FIR输入事务,117,Current source line or its exact current API section contains the named member.
2402,C22,i_detection_qualified,input,ppg_system_integration/PPG_PEAK_VALLEY_WINDOW_DETECTOR_INTERFACE_CONTRACT.md:694,694,### 14.3 FIR输入事务,accepted_literal_or_current_section,694,### 14.3 FIR输入事务,118,Current source line or its exact current API section contains the named member.
2403,C22,i_window_saturation_low,input,ppg_system_integration/PPG_PEAK_VALLEY_WINDOW_DETECTOR_INTERFACE_CONTRACT.md:694,694,### 14.3 FIR输入事务,accepted_literal_or_current_section,694,### 14.3 FIR输入事务,119,Current source line or its exact current API section contains the named member.
2404,C22,i_window_saturation_high,input,ppg_system_integration/PPG_PEAK_VALLEY_WINDOW_DETECTOR_INTERFACE_CONTRACT.md:694,694,### 14.3 FIR输入事务,accepted_expanded_endpoint_pair,694,### 14.3 FIR输入事务,120,"Current table explicitly defines low/high or min/max pair, so lack of a second full name is not an invalid anchor."
2405,C22,i_fir_saturation_low,input,ppg_system_integration/PPG_PEAK_VALLEY_WINDOW_DETECTOR_INTERFACE_CONTRACT.md:694,694,### 14.3 FIR输入事务,accepted_literal_or_current_section,694,### 14.3 FIR输入事务,121,Current source line or its exact current API section contains the named member.
2406,C22,i_fir_saturation_high,input,ppg_system_integration/PPG_PEAK_VALLEY_WINDOW_DETECTOR_INTERFACE_CONTRACT.md:694,694,### 14.3 FIR输入事务,accepted_expanded_endpoint_pair,694,### 14.3 FIR输入事务,122,"Current table explicitly defines low/high or min/max pair, so lack of a second full name is not an invalid anchor."
2407,C22,i_config_epoch,input,ppg_system_integration/PPG_PEAK_VALLEY_WINDOW_DETECTOR_INTERFACE_CONTRACT.md:694,694,### 14.3 FIR输入事务,accepted_literal_or_current_section,694,### 14.3 FIR输入事务,123,Current source line or its exact current API section contains the named member.
2408,C22,i_coef_epoch,input,ppg_system_integration/PPG_PEAK_VALLEY_WINDOW_DETECTOR_INTERFACE_CONTRACT.md:694,694,### 14.3 FIR输入事务,accepted_literal_or_current_section,694,### 14.3 FIR输入事务,124,Current source line or its exact current API section contains the named member.
2409,C22,i_dc_recovery_coef_epoch,input,ppg_system_integration/PPG_PEAK_VALLEY_WINDOW_DETECTOR_INTERFACE_CONTRACT.md:694,694,### 14.3 FIR输入事务,accepted_literal_or_current_section,694,### 14.3 FIR输入事务,125,Current source line or its exact current API section contains the named member.
2410,C22,i_precision_mode,input,ppg_system_integration/PPG_PEAK_VALLEY_WINDOW_DETECTOR_INTERFACE_CONTRACT.md:694,694,### 14.3 FIR输入事务,accepted_literal_or_current_section,694,### 14.3 FIR输入事务,126,Current source line or its exact current API section contains the named member.
2411,C22,i_frame_id,input,ppg_system_integration/PPG_PEAK_VALLEY_WINDOW_DETECTOR_INTERFACE_CONTRACT.md:694,694,### 14.3 FIR输入事务,accepted_literal_or_current_section,694,### 14.3 FIR输入事务,127,Current source line or its exact current API section contains the named member.
2412,C22,i_sample_index,input,ppg_system_integration/PPG_PEAK_VALLEY_WINDOW_DETECTOR_INTERFACE_CONTRACT.md:694,694,### 14.3 FIR输入事务,accepted_literal_or_current_section,694,### 14.3 FIR输入事务,128,Current source line or its exact current API section contains the named member.
2413,C22,i_color_ir,input,ppg_system_integration/PPG_PEAK_VALLEY_WINDOW_DETECTOR_INTERFACE_CONTRACT.md:694,694,### 14.3 FIR输入事务,accepted_literal_or_current_section,694,### 14.3 FIR输入事务,129,Current source line or its exact current API section contains the named member.
2414,C22,i_frame_type,input,ppg_system_integration/PPG_PEAK_VALLEY_WINDOW_DETECTOR_INTERFACE_CONTRACT.md:694,694,### 14.3 FIR输入事务,accepted_literal_or_current_section,694,### 14.3 FIR输入事务,130,Current source line or its exact current API section contains the named member.
2415,C22,i_fine_window_start_event,input,ppg_system_integration/PPG_PEAK_VALLEY_WINDOW_DETECTOR_INTERFACE_CONTRACT.md:713,713,### 14.4 正式窗口控制,accepted_literal_or_current_section,713,### 14.4 正式窗口控制,133,Current source line or its exact current API section contains the named member.
2416,C22,i_fine_window_start_frame_id,input,ppg_system_integration/PPG_PEAK_VALLEY_WINDOW_DETECTOR_INTERFACE_CONTRACT.md:713,713,### 14.4 正式窗口控制,accepted_literal_or_current_section,713,### 14.4 正式窗口控制,134,Current source line or its exact current API section contains the named member.
2417,C22,i_active_precision_mode,input,ppg_system_integration/PPG_PEAK_VALLEY_WINDOW_DETECTOR_INTERFACE_CONTRACT.md:713,713,### 14.4 正式窗口控制,accepted_literal_or_current_section,713,### 14.4 正式窗口控制,135,Current source line or its exact current API section contains the named member.
2418,C22,o_return_9bit_valid,output,ppg_system_integration/PPG_PEAK_VALLEY_WINDOW_DETECTOR_INTERFACE_CONTRACT.md:713,713,### 14.4 正式窗口控制,accepted_literal_or_current_section,713,### 14.4 正式窗口控制,136,Current source line or its exact current API section contains the named member.
2419,C22,i_return_9bit_ready,input,ppg_system_integration/PPG_PEAK_VALLEY_WINDOW_DETECTOR_INTERFACE_CONTRACT.md:713,713,### 14.4 正式窗口控制,accepted_literal_or_current_section,713,### 14.4 正式窗口控制,137,Current source line or its exact current API section contains the named member.
2420,C22,o_return_reason,output,ppg_system_integration/PPG_PEAK_VALLEY_WINDOW_DETECTOR_INTERFACE_CONTRACT.md:713,713,### 14.4 正式窗口控制,accepted_literal_or_current_section,713,### 14.4 正式窗口控制,138,Current source line or its exact current API section contains the named member.
2421,C22,o_return_frame_id,output,ppg_system_integration/PPG_PEAK_VALLEY_WINDOW_DETECTOR_INTERFACE_CONTRACT.md:713,713,### 14.4 正式窗口控制,accepted_literal_or_current_section,713,### 14.4 正式窗口控制,139,Current source line or its exact current API section contains the named member.
2422,C22,o_peak_valid,output,ppg_system_integration/PPG_PEAK_VALLEY_WINDOW_DETECTOR_INTERFACE_CONTRACT.md:725,725,### 14.5 波峰事件输出,accepted_literal_or_current_section,725,### 14.5 波峰事件输出,144,Current source line or its exact current API section contains the named member.
2423,C22,i_peak_ready,input,ppg_system_integration/PPG_PEAK_VALLEY_WINDOW_DETECTOR_INTERFACE_CONTRACT.md:725,725,### 14.5 波峰事件输出,accepted_literal_or_current_section,725,### 14.5 波峰事件输出,145,Current source line or its exact current API section contains the named member.
2424,C22,o_peak_value,output,ppg_system_integration/PPG_PEAK_VALLEY_WINDOW_DETECTOR_INTERFACE_CONTRACT.md:725,725,### 14.5 波峰事件输出,accepted_literal_or_current_section,725,### 14.5 波峰事件输出,146,Current source line or its exact current API section contains the named member.
2425,C22,o_peak_frame_id,output,ppg_system_integration/PPG_PEAK_VALLEY_WINDOW_DETECTOR_INTERFACE_CONTRACT.md:725,725,### 14.5 波峰事件输出,accepted_literal_or_current_section,725,### 14.5 波峰事件输出,147,Current source line or its exact current API section contains the named member.
2426,C22,o_peak_sample_index,output,ppg_system_integration/PPG_PEAK_VALLEY_WINDOW_DETECTOR_INTERFACE_CONTRACT.md:725,725,### 14.5 波峰事件输出,accepted_literal_or_current_section,725,### 14.5 波峰事件输出,148,Current source line or its exact current API section contains the named member.
2427,C22,o_peak_config_epoch,output,ppg_system_integration/PPG_PEAK_VALLEY_WINDOW_DETECTOR_INTERFACE_CONTRACT.md:725,725,### 14.5 波峰事件输出,accepted_literal_or_current_section,725,### 14.5 波峰事件输出,149,Current source line or its exact current API section contains the named member.
2428,C22,o_peak_coef_epoch,output,ppg_system_integration/PPG_PEAK_VALLEY_WINDOW_DETECTOR_INTERFACE_CONTRACT.md:725,725,### 14.5 波峰事件输出,accepted_literal_or_current_section,725,### 14.5 波峰事件输出,150,Current source line or its exact current API section contains the named member.
2429,C22,o_peak_dc_recovery_coef_epoch,output,ppg_system_integration/PPG_PEAK_VALLEY_WINDOW_DETECTOR_INTERFACE_CONTRACT.md:725,725,### 14.5 波峰事件输出,accepted_literal_or_current_section,725,### 14.5 波峰事件输出,151,Current source line or its exact current API section contains the named member.
2430,C22,o_valley_valid,output,ppg_system_integration/PPG_PEAK_VALLEY_WINDOW_DETECTOR_INTERFACE_CONTRACT.md:738,738,### 14.6 波谷事件输出,accepted_literal_or_current_section,738,### 14.6 波谷事件输出,156,Current source line or its exact current API section contains the named member.
2431,C22,i_valley_ready,input,ppg_system_integration/PPG_PEAK_VALLEY_WINDOW_DETECTOR_INTERFACE_CONTRACT.md:738,738,### 14.6 波谷事件输出,accepted_literal_or_current_section,738,### 14.6 波谷事件输出,157,Current source line or its exact current API section contains the named member.
2432,C22,o_valley_value,output,ppg_system_integration/PPG_PEAK_VALLEY_WINDOW_DETECTOR_INTERFACE_CONTRACT.md:738,738,### 14.6 波谷事件输出,accepted_literal_or_current_section,738,### 14.6 波谷事件输出,158,Current source line or its exact current API section contains the named member.
2433,C22,o_valley_frame_id,output,ppg_system_integration/PPG_PEAK_VALLEY_WINDOW_DETECTOR_INTERFACE_CONTRACT.md:738,738,### 14.6 波谷事件输出,accepted_literal_or_current_section,738,### 14.6 波谷事件输出,159,Current source line or its exact current API section contains the named member.
2434,C22,o_valley_sample_index,output,ppg_system_integration/PPG_PEAK_VALLEY_WINDOW_DETECTOR_INTERFACE_CONTRACT.md:738,738,### 14.6 波谷事件输出,accepted_literal_or_current_section,738,### 14.6 波谷事件输出,160,Current source line or its exact current API section contains the named member.
2435,C22,o_valley_config_epoch,output,ppg_system_integration/PPG_PEAK_VALLEY_WINDOW_DETECTOR_INTERFACE_CONTRACT.md:738,738,### 14.6 波谷事件输出,accepted_literal_or_current_section,738,### 14.6 波谷事件输出,161,Current source line or its exact current API section contains the named member.
2436,C22,o_valley_coef_epoch,output,ppg_system_integration/PPG_PEAK_VALLEY_WINDOW_DETECTOR_INTERFACE_CONTRACT.md:738,738,### 14.6 波谷事件输出,accepted_literal_or_current_section,738,### 14.6 波谷事件输出,162,Current source line or its exact current API section contains the named member.
2437,C22,o_valley_dc_recovery_coef_epoch,output,ppg_system_integration/PPG_PEAK_VALLEY_WINDOW_DETECTOR_INTERFACE_CONTRACT.md:738,738,### 14.6 波谷事件输出,accepted_literal_or_current_section,738,### 14.6 波谷事件输出,163,Current source line or its exact current API section contains the named member.
2438,C22,o_detector_idle,output,ppg_system_integration/PPG_PEAK_VALLEY_WINDOW_DETECTOR_INTERFACE_CONTRACT.md:751,751,### 14.7 状态和诊断输出,accepted_literal_or_current_section,751,### 14.7 状态和诊断输出,166,Current source line or its exact current API section contains the named member.
2439,C22,o_fine_window_active,output,ppg_system_integration/PPG_PEAK_VALLEY_WINDOW_DETECTOR_INTERFACE_CONTRACT.md:751,751,### 14.7 状态和诊断输出,accepted_literal_or_current_section,751,### 14.7 状态和诊断输出,167,Current source line or its exact current API section contains the named member.
2440,C22,o_reacquire_search_active,output,ppg_system_integration/PPG_PEAK_VALLEY_WINDOW_DETECTOR_INTERFACE_CONTRACT.md:751,751,### 14.7 状态和诊断输出,accepted_literal_or_current_section,751,### 14.7 状态和诊断输出,168,Current source line or its exact current API section contains the named member.
2441,C22,o_fine_window_timeout_sticky,output,ppg_system_integration/PPG_PEAK_VALLEY_WINDOW_DETECTOR_INTERFACE_CONTRACT.md:751,751,### 14.7 状态和诊断输出,accepted_literal_or_current_section,751,### 14.7 状态和诊断输出,169,Current source line or its exact current API section contains the named member.
2442,C22,o_reacquire_timeout_sticky,output,ppg_system_integration/PPG_PEAK_VALLEY_WINDOW_DETECTOR_INTERFACE_CONTRACT.md:751,751,### 14.7 状态和诊断输出,accepted_literal_or_current_section,751,### 14.7 状态和诊断输出,170,Current source line or its exact current API section contains the named member.
2443,C22,o_protocol_error_sticky,output,ppg_system_integration/PPG_PEAK_VALLEY_WINDOW_DETECTOR_INTERFACE_CONTRACT.md:751,751,### 14.7 状态和诊断输出,accepted_literal_or_current_section,751,### 14.7 状态和诊断输出,171,Current source line or its exact current API section contains the named member.
2480,C23,i_clk,input,ppg_system_integration/PPG_PRECISION_WINDOW_CONTROLLER_INTERFACE_CONTRACT.md:752,752,### 18.1 全局和生命周期,accepted_literal_or_current_section,752,### 18.1 全局和生命周期,72,Current source line or its exact current API section contains the named member.
2481,C23,i_rstn,input,ppg_system_integration/PPG_PRECISION_WINDOW_CONTROLLER_INTERFACE_CONTRACT.md:752,752,### 18.1 全局和生命周期,accepted_literal_or_current_section,752,### 18.1 全局和生命周期,73,Current source line or its exact current API section contains the named member.
2482,C23,i_run_enable,input,ppg_system_integration/PPG_PRECISION_WINDOW_CONTROLLER_INTERFACE_CONTRACT.md:752,752,### 18.1 全局和生命周期,accepted_literal_or_current_section,752,### 18.1 全局和生命周期,76,Current source line or its exact current API section contains the named member.
2483,C23,i_start_ack_event,input,ppg_system_integration/PPG_PRECISION_WINDOW_CONTROLLER_INTERFACE_CONTRACT.md:752,752,### 18.1 全局和生命周期,accepted_literal_or_current_section,752,### 18.1 全局和生命周期,77,Current source line or its exact current API section contains the named member.
2484,C23,i_diag_clear_event,input,ppg_system_integration/PPG_PRECISION_WINDOW_CONTROLLER_INTERFACE_CONTRACT.md:752,752,### 18.1 全局和生命周期,accepted_literal_or_current_section,752,### 18.1 全局和生命周期,78,Current source line or its exact current API section contains the named member.
2485,C23,i_detection_discard_event,input,ppg_system_integration/PPG_PRECISION_WINDOW_CONTROLLER_INTERFACE_CONTRACT.md:762,762,### 18.1a 检测discard、代际与本地排空,accepted_literal_or_current_section,762,### 18.1a 检测discard、代际与本地排空,81,Current source line or its exact current API section contains the named member.
2486,C23,i_detection_discard_reason,input,ppg_system_integration/PPG_PRECISION_WINDOW_CONTROLLER_INTERFACE_CONTRACT.md:762,762,### 18.1a 检测discard、代际与本地排空,accepted_literal_or_current_section,762,### 18.1a 检测discard、代际与本地排空,82,Current source line or its exact current API section contains the named member.
2487,C23,i_detection_discard_identity_valid,input,ppg_system_integration/PPG_PRECISION_WINDOW_CONTROLLER_INTERFACE_CONTRACT.md:762,762,### 18.1a 检测discard、代际与本地排空,accepted_literal_or_current_section,762,### 18.1a 检测discard、代际与本地排空,83,Current source line or its exact current API section contains the named member.
2488,C23,i_detection_discard_sample_valid,input,ppg_system_integration/PPG_PRECISION_WINDOW_CONTROLLER_INTERFACE_CONTRACT.md:762,762,### 18.1a 检测discard、代际与本地排空,accepted_literal_or_current_section,762,### 18.1a 检测discard、代际与本地排空,84,Current source line or its exact current API section contains the named member.
2489,C23,i_detection_discard_frame_id,input,ppg_system_integration/PPG_PRECISION_WINDOW_CONTROLLER_INTERFACE_CONTRACT.md:762,762,### 18.1a 检测discard、代际与本地排空,accepted_literal_or_current_section,762,### 18.1a 检测discard、代际与本地排空,85,Current source line or its exact current API section contains the named member.
2490,C23,i_detection_discard_sample_index,input,ppg_system_integration/PPG_PRECISION_WINDOW_CONTROLLER_INTERFACE_CONTRACT.md:762,762,### 18.1a 检测discard、代际与本地排空,accepted_expanded_slash_identity,762,### 18.1a 检测discard、代际与本地排空,86,Current per-port table expands full epoch/identity slash list; actual named child port exists with matching direction.
2491,C23,i_detection_discard_color_ir,input,ppg_system_integration/PPG_PRECISION_WINDOW_CONTROLLER_INTERFACE_CONTRACT.md:762,762,### 18.1a 检测discard、代际与本地排空,accepted_expanded_slash_identity,762,### 18.1a 检测discard、代际与本地排空,87,Current per-port table expands full epoch/identity slash list; actual named child port exists with matching direction.
2492,C23,i_detection_discard_frame_type,input,ppg_system_integration/PPG_PRECISION_WINDOW_CONTROLLER_INTERFACE_CONTRACT.md:762,762,### 18.1a 检测discard、代际与本地排空,accepted_expanded_slash_identity,762,### 18.1a 检测discard、代际与本地排空,88,Current per-port table expands full epoch/identity slash list; actual named child port exists with matching direction.
2493,C23,i_detection_discard_precision,input,ppg_system_integration/PPG_PRECISION_WINDOW_CONTROLLER_INTERFACE_CONTRACT.md:762,762,### 18.1a 检测discard、代际与本地排空,accepted_expanded_slash_identity,762,### 18.1a 检测discard、代际与本地排空,89,Current per-port table expands full epoch/identity slash list; actual named child port exists with matching direction.
2494,C23,i_detection_discard_config_epoch,input,ppg_system_integration/PPG_PRECISION_WINDOW_CONTROLLER_INTERFACE_CONTRACT.md:762,762,### 18.1a 检测discard、代际与本地排空,accepted_literal_or_current_section,762,### 18.1a 检测discard、代际与本地排空,90,Current source line or its exact current API section contains the named member.
2495,C23,i_detection_discard_coef_epoch,input,ppg_system_integration/PPG_PRECISION_WINDOW_CONTROLLER_INTERFACE_CONTRACT.md:762,762,### 18.1a 检测discard、代际与本地排空,accepted_expanded_slash_identity,762,### 18.1a 检测discard、代际与本地排空,91,Current per-port table expands full epoch/identity slash list; actual named child port exists with matching direction.
2496,C23,i_detection_discard_dc_recovery_epoch,input,ppg_system_integration/PPG_PRECISION_WINDOW_CONTROLLER_INTERFACE_CONTRACT.md:762,762,### 18.1a 检测discard、代际与本地排空,accepted_expanded_slash_identity,762,### 18.1a 检测discard、代际与本地排空,92,Current per-port table expands full epoch/identity slash list; actual named child port exists with matching direction.
2497,C23,i_detection_discard_amb_code_epoch,input,ppg_system_integration/PPG_PRECISION_WINDOW_CONTROLLER_INTERFACE_CONTRACT.md:762,762,### 18.1a 检测discard、代际与本地排空,accepted_expanded_slash_identity,762,### 18.1a 检测discard、代际与本地排空,93,Current per-port table expands full epoch/identity slash list; actual named child port exists with matching direction.
2498,C23,i_detection_discard_dc_code_epoch,input,ppg_system_integration/PPG_PRECISION_WINDOW_CONTROLLER_INTERFACE_CONTRACT.md:762,762,### 18.1a 检测discard、代际与本地排空,accepted_expanded_slash_identity,762,### 18.1a 检测discard、代际与本地排空,94,Current per-port table expands full epoch/identity slash list; actual named child port exists with matching direction.
2499,C23,i_detection_discard_run_generation,input,ppg_system_integration/PPG_PRECISION_WINDOW_CONTROLLER_INTERFACE_CONTRACT.md:762,762,### 18.1a 检测discard、代际与本地排空,accepted_expanded_slash_identity,762,### 18.1a 检测discard、代际与本地排空,95,Current per-port table expands full epoch/identity slash list; actual named child port exists with matching direction.
2500,C23,i_run_generation,input,ppg_system_integration/PPG_PRECISION_WINDOW_CONTROLLER_INTERFACE_CONTRACT.md:752,752,### 18.1 全局和生命周期,accepted_lifecycle_category_with_explicit_addendum,762,### 18.1a 检测discard、代际与本地排空,96,Lifecycle Source heading is still the correct category; a current normative lifecycle addendum explicitly specifies generation/local-empty. Do not infer missing semantics from the old shorter table.
2501,C23,o_local_empty,output,ppg_system_integration/PPG_PRECISION_WINDOW_CONTROLLER_INTERFACE_CONTRACT.md:762,762,### 18.1a 检测discard、代际与本地排空,accepted_literal_or_current_section,762,### 18.1a 检测discard、代际与本地排空,97,Current source line or its exact current API section contains the named member.
2502,C23,i_active_config_valid,input,ppg_system_integration/PPG_PRECISION_WINDOW_CONTROLLER_INTERFACE_CONTRACT.md:786,786,### 18.2 ACTIVE和运行资格,accepted_literal_or_current_section,786,### 18.2 ACTIVE和运行资格,100,Current source line or its exact current API section contains the named member.
2503,C23,i_run_profile,input,ppg_system_integration/PPG_PRECISION_WINDOW_CONTROLLER_INTERFACE_CONTRACT.md:786,786,### 18.2 ACTIVE和运行资格,accepted_literal_or_current_section,786,### 18.2 ACTIVE和运行资格,101,Current source line or its exact current API section contains the named member.
2504,C23,i_initial_precision,input,ppg_system_integration/PPG_PRECISION_WINDOW_CONTROLLER_INTERFACE_CONTRACT.md:786,786,### 18.2 ACTIVE和运行资格,accepted_literal_or_current_section,786,### 18.2 ACTIVE和运行资格,102,Current source line or its exact current API section contains the named member.
2505,C23,i_normal_measurement_active,input,ppg_system_integration/PPG_PRECISION_WINDOW_CONTROLLER_INTERFACE_CONTRACT.md:786,786,### 18.2 ACTIVE和运行资格,accepted_literal_or_current_section,786,### 18.2 ACTIVE和运行资格,103,Current source line or its exact current API section contains the named member.
2506,C23,i_peak_valley_config_valid,input,ppg_system_integration/PPG_PRECISION_WINDOW_CONTROLLER_INTERFACE_CONTRACT.md:786,786,### 18.2 ACTIVE和运行资格,accepted_literal_or_current_section,786,### 18.2 ACTIVE和运行资格,104,Current source line or its exact current API section contains the named member.
2507,C23,i_cross_valid,input,ppg_system_integration/PPG_PRECISION_WINDOW_CONTROLLER_INTERFACE_CONTRACT.md:796,796,### 18.3 相交请求,accepted_literal_or_current_section,796,### 18.3 相交请求,107,Current source line or its exact current API section contains the named member.
2508,C23,o_cross_ready,output,ppg_system_integration/PPG_PRECISION_WINDOW_CONTROLLER_INTERFACE_CONTRACT.md:796,796,### 18.3 相交请求,accepted_literal_or_current_section,796,### 18.3 相交请求,108,Current source line or its exact current API section contains the named member.
2509,C23,i_cross_frame_id,input,ppg_system_integration/PPG_PRECISION_WINDOW_CONTROLLER_INTERFACE_CONTRACT.md:796,796,### 18.3 相交请求,accepted_literal_or_current_section,796,### 18.3 相交请求,109,Current source line or its exact current API section contains the named member.
2510,C23,i_cross_sample_index,input,ppg_system_integration/PPG_PRECISION_WINDOW_CONTROLLER_INTERFACE_CONTRACT.md:796,796,### 18.3 相交请求,accepted_literal_or_current_section,796,### 18.3 相交请求,110,Current source line or its exact current API section contains the named member.
2511,C23,i_cross_time_unknown,input,ppg_system_integration/PPG_PRECISION_WINDOW_CONTROLLER_INTERFACE_CONTRACT.md:796,796,### 18.3 相交请求,accepted_literal_or_current_section,796,### 18.3 相交请求,111,Current source line or its exact current API section contains the named member.
2512,C23,i_cross_config_epoch,input,ppg_system_integration/PPG_PRECISION_WINDOW_CONTROLLER_INTERFACE_CONTRACT.md:796,796,### 18.3 相交请求,accepted_literal_or_current_section,796,### 18.3 相交请求,112,Current source line or its exact current API section contains the named member.
2513,C23,i_cross_coef_epoch,input,ppg_system_integration/PPG_PRECISION_WINDOW_CONTROLLER_INTERFACE_CONTRACT.md:796,796,### 18.3 相交请求,accepted_literal_or_current_section,796,### 18.3 相交请求,113,Current source line or its exact current API section contains the named member.
2514,C23,i_cross_dc_recovery_coef_epoch,input,ppg_system_integration/PPG_PRECISION_WINDOW_CONTROLLER_INTERFACE_CONTRACT.md:796,796,### 18.3 相交请求,accepted_literal_or_current_section,796,### 18.3 相交请求,114,Current source line or its exact current API section contains the named member.
2515,C23,i_return_9bit_valid,input,ppg_system_integration/PPG_PRECISION_WINDOW_CONTROLLER_INTERFACE_CONTRACT.md:809,809,### 18.4 返回请求,accepted_literal_or_current_section,809,### 18.4 返回请求,117,Current source line or its exact current API section contains the named member.
2516,C23,o_return_9bit_ready,output,ppg_system_integration/PPG_PRECISION_WINDOW_CONTROLLER_INTERFACE_CONTRACT.md:809,809,### 18.4 返回请求,accepted_literal_or_current_section,809,### 18.4 返回请求,118,Current source line or its exact current API section contains the named member.
2517,C23,i_return_reason,input,ppg_system_integration/PPG_PRECISION_WINDOW_CONTROLLER_INTERFACE_CONTRACT.md:809,809,### 18.4 返回请求,accepted_literal_or_current_section,809,### 18.4 返回请求,119,Current source line or its exact current API section contains the named member.
2518,C23,i_return_frame_id,input,ppg_system_integration/PPG_PRECISION_WINDOW_CONTROLLER_INTERFACE_CONTRACT.md:809,809,### 18.4 返回请求,accepted_literal_or_current_section,809,### 18.4 返回请求,120,Current source line or its exact current API section contains the named member.
2519,C23,i_frame_safe_boundary,input,ppg_system_integration/PPG_PRECISION_WINDOW_CONTROLLER_INTERFACE_CONTRACT.md:818,818,### 18.5 帧和模拟安全输入,accepted_literal_or_current_section,818,### 18.5 帧和模拟安全输入,123,Current source line or its exact current API section contains the named member.
2520,C23,i_safe_frame_id,input,ppg_system_integration/PPG_PRECISION_WINDOW_CONTROLLER_INTERFACE_CONTRACT.md:818,818,### 18.5 帧和模拟安全输入,accepted_literal_or_current_section,818,### 18.5 帧和模拟安全输入,124,Current source line or its exact current API section contains the named member.
2521,C23,i_precision_takeover_safe,input,ppg_system_integration/PPG_PRECISION_WINDOW_CONTROLLER_INTERFACE_CONTRACT.md:818,818,### 18.5 帧和模拟安全输入,accepted_literal_or_current_section,818,### 18.5 帧和模拟安全输入,125,Current source line or its exact current API section contains the named member.
2522,C23,i_analog_safe,input,ppg_system_integration/PPG_PRECISION_WINDOW_CONTROLLER_INTERFACE_CONTRACT.md:818,818,### 18.5 帧和模拟安全输入,accepted_literal_or_current_section,818,### 18.5 帧和模拟安全输入,126,Current source line or its exact current API section contains the named member.
2523,C23,i_recheck_busy,input,ppg_system_integration/PPG_PRECISION_WINDOW_CONTROLLER_INTERFACE_CONTRACT.md:818,818,### 18.5 帧和模拟安全输入,accepted_literal_or_current_section,818,### 18.5 帧和模拟安全输入,127,Current source line or its exact current API section contains the named member.
2524,C23,o_active_precision_mode,output,ppg_system_integration/PPG_PRECISION_WINDOW_CONTROLLER_INTERFACE_CONTRACT.md:828,828,### 18.6 committed精度和事件输出,accepted_literal_or_current_section,828,### 18.6 committed精度和事件输出,130,Current source line or its exact current API section contains the named member.
2525,C23,o_fine_window_active,output,ppg_system_integration/PPG_PRECISION_WINDOW_CONTROLLER_INTERFACE_CONTRACT.md:828,828,### 18.6 committed精度和事件输出,accepted_literal_or_current_section,828,### 18.6 committed精度和事件输出,131,Current source line or its exact current API section contains the named member.
2526,C23,o_fine_window_start_event,output,ppg_system_integration/PPG_PRECISION_WINDOW_CONTROLLER_INTERFACE_CONTRACT.md:828,828,### 18.6 committed精度和事件输出,accepted_literal_or_current_section,828,### 18.6 committed精度和事件输出,132,Current source line or its exact current API section contains the named member.
2527,C23,o_fine_window_start_frame_id,output,ppg_system_integration/PPG_PRECISION_WINDOW_CONTROLLER_INTERFACE_CONTRACT.md:828,828,### 18.6 committed精度和事件输出,accepted_literal_or_current_section,828,### 18.6 committed精度和事件输出,133,Current source line or its exact current API section contains the named member.
2528,C23,o_precision_15_to_9_event,output,ppg_system_integration/PPG_PRECISION_WINDOW_CONTROLLER_INTERFACE_CONTRACT.md:828,828,### 18.6 committed精度和事件输出,accepted_literal_or_current_section,828,### 18.6 committed精度和事件输出,134,Current source line or its exact current API section contains the named member.
2529,C23,o_precision_15_to_9_frame_id,output,ppg_system_integration/PPG_PRECISION_WINDOW_CONTROLLER_INTERFACE_CONTRACT.md:828,828,### 18.6 committed精度和事件输出,accepted_literal_or_current_section,828,### 18.6 committed精度和事件输出,135,Current source line or its exact current API section contains the named member.
2530,C23,o_reacquire_request_event,output,ppg_system_integration/PPG_PRECISION_WINDOW_CONTROLLER_INTERFACE_CONTRACT.md:828,828,### 18.6 committed精度和事件输出,accepted_literal_or_current_section,828,### 18.6 committed精度和事件输出,136,Current source line or its exact current API section contains the named member.
2531,C23,o_mode_fault_event,output,ppg_system_integration/PPG_PRECISION_WINDOW_CONTROLLER_INTERFACE_CONTRACT.md:828,828,### 18.6 committed精度和事件输出,accepted_literal_or_current_section,828,### 18.6 committed精度和事件输出,137,Current source line or its exact current API section contains the named member.
2532,C23,o_mode_fault_active,output,ppg_system_integration/PPG_PRECISION_WINDOW_CONTROLLER_INTERFACE_CONTRACT.md:828,828,### 18.6 committed精度和事件输出,accepted_literal_or_current_section,828,### 18.6 committed精度和事件输出,138,Current source line or its exact current API section contains the named member.
2533,C23,o_mode_fault_identity_valid,output,ppg_system_integration/PPG_PRECISION_WINDOW_CONTROLLER_INTERFACE_CONTRACT.md:828,828,### 18.6 committed精度和事件输出,accepted_literal_or_current_section,828,### 18.6 committed精度和事件输出,139,Current source line or its exact current API section contains the named member.
2534,C23,o_mode_fault_frame_id,output,ppg_system_integration/PPG_PRECISION_WINDOW_CONTROLLER_INTERFACE_CONTRACT.md:828,828,### 18.6 committed精度和事件输出,accepted_complete_fault_group,828,### 18.6 committed精度和事件输出,140,Current output table explicitly includes frame/sample/color/type/precision/generation fault identity.
2535,C23,o_mode_fault_sample_index,output,ppg_system_integration/PPG_PRECISION_WINDOW_CONTROLLER_INTERFACE_CONTRACT.md:828,828,### 18.6 committed精度和事件输出,accepted_complete_fault_group,828,### 18.6 committed精度和事件输出,141,Current output table explicitly includes frame/sample/color/type/precision/generation fault identity.
2536,C23,o_mode_fault_color_ir,output,ppg_system_integration/PPG_PRECISION_WINDOW_CONTROLLER_INTERFACE_CONTRACT.md:828,828,### 18.6 committed精度和事件输出,accepted_complete_fault_group,828,### 18.6 committed精度和事件输出,142,Current output table explicitly includes frame/sample/color/type/precision/generation fault identity.
2537,C23,o_mode_fault_frame_type,output,ppg_system_integration/PPG_PRECISION_WINDOW_CONTROLLER_INTERFACE_CONTRACT.md:828,828,### 18.6 committed精度和事件输出,accepted_complete_fault_group,828,### 18.6 committed精度和事件输出,143,Current output table explicitly includes frame/sample/color/type/precision/generation fault identity.
2538,C23,o_mode_fault_precision,output,ppg_system_integration/PPG_PRECISION_WINDOW_CONTROLLER_INTERFACE_CONTRACT.md:828,828,### 18.6 committed精度和事件输出,accepted_complete_fault_group,828,### 18.6 committed精度和事件输出,144,Current output table explicitly includes frame/sample/color/type/precision/generation fault identity.
2539,C23,o_mode_fault_run_generation,output,ppg_system_integration/PPG_PRECISION_WINDOW_CONTROLLER_INTERFACE_CONTRACT.md:828,828,### 18.6 committed精度和事件输出,accepted_complete_fault_group,828,### 18.6 committed精度和事件输出,145,Current output table explicitly includes frame/sample/color/type/precision/generation fault identity.
2540,C23,o_switch_pending,output,ppg_system_integration/PPG_PRECISION_WINDOW_CONTROLLER_INTERFACE_CONTRACT.md:844,844,### 18.7 状态和诊断输出,accepted_literal_or_current_section,844,### 18.7 状态和诊断输出,148,Current source line or its exact current API section contains the named member.
2541,C23,o_switch_target_precision,output,ppg_system_integration/PPG_PRECISION_WINDOW_CONTROLLER_INTERFACE_CONTRACT.md:844,844,### 18.7 状态和诊断输出,accepted_literal_or_current_section,844,### 18.7 状态和诊断输出,149,Current source line or its exact current API section contains the named member.
2542,C23,o_switch_hold_new_transaction,output,ppg_system_integration/PPG_PRECISION_WINDOW_CONTROLLER_INTERFACE_CONTRACT.md:844,844,### 18.7 状态和诊断输出,accepted_literal_or_current_section,844,### 18.7 状态和诊断输出,150,Current source line or its exact current API section contains the named member.
2543,C23,o_controller_idle,output,ppg_system_integration/PPG_PRECISION_WINDOW_CONTROLLER_INTERFACE_CONTRACT.md:844,844,### 18.7 状态和诊断输出,accepted_literal_or_current_section,844,### 18.7 状态和诊断输出,151,Current source line or its exact current API section contains the named member.
2544,C23,o_last_cross_time_unknown,output,ppg_system_integration/PPG_PRECISION_WINDOW_CONTROLLER_INTERFACE_CONTRACT.md:844,844,### 18.7 状态和诊断输出,accepted_literal_or_current_section,844,### 18.7 状态和诊断输出,152,Current source line or its exact current API section contains the named member.
2545,C23,o_last_return_reason,output,ppg_system_integration/PPG_PRECISION_WINDOW_CONTROLLER_INTERFACE_CONTRACT.md:844,844,### 18.7 状态和诊断输出,accepted_literal_or_current_section,844,### 18.7 状态和诊断输出,153,Current source line or its exact current API section contains the named member.
2546,C23,o_switch_timeout_sticky,output,ppg_system_integration/PPG_PRECISION_WINDOW_CONTROLLER_INTERFACE_CONTRACT.md:844,844,### 18.7 状态和诊断输出,accepted_literal_or_current_section,844,### 18.7 状态和诊断输出,154,Current source line or its exact current API section contains the named member.
2547,C23,o_protocol_error_sticky,output,ppg_system_integration/PPG_PRECISION_WINDOW_CONTROLLER_INTERFACE_CONTRACT.md:844,844,### 18.7 状态和诊断输出,accepted_literal_or_current_section,844,### 18.7 状态和诊断输出,155,Current source line or its exact current API section contains the named member.
2548,C19,i_clk,input,ppg_system_integration/PPG_COARSE_DETECTION_FIR_INTERFACE_CONTRACT.md:474,474,### 11.2 全局和生命周期输入,accepted_literal_or_current_section,474,### 11.2 全局和生命周期输入,67,Current source line or its exact current API section contains the named member.
2549,C19,i_rstn,input,ppg_system_integration/PPG_COARSE_DETECTION_FIR_INTERFACE_CONTRACT.md:474,474,### 11.2 全局和生命周期输入,accepted_literal_or_current_section,474,### 11.2 全局和生命周期输入,68,Current source line or its exact current API section contains the named member.
2550,C19,i_run_enable,input,ppg_system_integration/PPG_COARSE_DETECTION_FIR_INTERFACE_CONTRACT.md:474,474,### 11.2 全局和生命周期输入,accepted_literal_or_current_section,474,### 11.2 全局和生命周期输入,71,Current source line or its exact current API section contains the named member.
2551,C19,i_start_ack_event,input,ppg_system_integration/PPG_COARSE_DETECTION_FIR_INTERFACE_CONTRACT.md:474,474,### 11.2 全局和生命周期输入,accepted_literal_or_current_section,474,### 11.2 全局和生命周期输入,72,Current source line or its exact current API section contains the named member.
2552,C19,i_recheck_accept_event,input,ppg_system_integration/PPG_COARSE_DETECTION_FIR_INTERFACE_CONTRACT.md:474,474,### 11.2 全局和生命周期输入,accepted_literal_or_current_section,474,### 11.2 全局和生命周期输入,73,Current source line or its exact current API section contains the named member.
2553,C19,i_recheck_busy,input,ppg_system_integration/PPG_COARSE_DETECTION_FIR_INTERFACE_CONTRACT.md:474,474,### 11.2 全局和生命周期输入,accepted_literal_or_current_section,474,### 11.2 全局和生命周期输入,74,Current source line or its exact current API section contains the named member.
2554,C19,i_detection_discard_event,input,ppg_system_integration/PPG_COARSE_DETECTION_FIR_INTERFACE_CONTRACT.md:528,528,### 11.1 V2.2 lifecycle and generation ports,accepted_literal_or_current_section,528,### 11.1 V2.2 lifecycle and generation ports,77,Current source line or its exact current API section contains the named member.
2555,C19,i_detection_discard_reason,input,ppg_system_integration/PPG_COARSE_DETECTION_FIR_INTERFACE_CONTRACT.md:528,528,### 11.1 V2.2 lifecycle and generation ports,accepted_literal_or_current_section,528,### 11.1 V2.2 lifecycle and generation ports,78,Current source line or its exact current API section contains the named member.
2556,C19,i_detection_discard_identity_valid,input,ppg_system_integration/PPG_COARSE_DETECTION_FIR_INTERFACE_CONTRACT.md:528,528,### 11.1 V2.2 lifecycle and generation ports,accepted_literal_or_current_section,528,### 11.1 V2.2 lifecycle and generation ports,79,Current source line or its exact current API section contains the named member.
2557,C19,i_detection_discard_sample_valid,input,ppg_system_integration/PPG_COARSE_DETECTION_FIR_INTERFACE_CONTRACT.md:528,528,### 11.1 V2.2 lifecycle and generation ports,accepted_literal_or_current_section,528,### 11.1 V2.2 lifecycle and generation ports,80,Current source line or its exact current API section contains the named member.
2558,C19,i_detection_discard_frame_id,input,ppg_system_integration/PPG_COARSE_DETECTION_FIR_INTERFACE_CONTRACT.md:528,528,### 11.1 V2.2 lifecycle and generation ports,accepted_complete_transaction_group,528,### 11.1 V2.2 lifecycle and generation ports,81,"Explicit registered discard group includes complete TXN_ID, not merely an unspecified future interface."
2559,C19,i_detection_discard_sample_index,input,ppg_system_integration/PPG_COARSE_DETECTION_FIR_INTERFACE_CONTRACT.md:528,528,### 11.1 V2.2 lifecycle and generation ports,accepted_complete_transaction_group,528,### 11.1 V2.2 lifecycle and generation ports,82,"Explicit registered discard group includes complete TXN_ID, not merely an unspecified future interface."
2560,C19,i_detection_discard_color_ir,input,ppg_system_integration/PPG_COARSE_DETECTION_FIR_INTERFACE_CONTRACT.md:528,528,### 11.1 V2.2 lifecycle and generation ports,accepted_complete_transaction_group,528,### 11.1 V2.2 lifecycle and generation ports,83,"Explicit registered discard group includes complete TXN_ID, not merely an unspecified future interface."
2561,C19,i_detection_discard_frame_type,input,ppg_system_integration/PPG_COARSE_DETECTION_FIR_INTERFACE_CONTRACT.md:528,528,### 11.1 V2.2 lifecycle and generation ports,accepted_complete_transaction_group,528,### 11.1 V2.2 lifecycle and generation ports,84,"Explicit registered discard group includes complete TXN_ID, not merely an unspecified future interface."
2562,C19,i_detection_discard_precision,input,ppg_system_integration/PPG_COARSE_DETECTION_FIR_INTERFACE_CONTRACT.md:528,528,### 11.1 V2.2 lifecycle and generation ports,accepted_complete_transaction_group,528,### 11.1 V2.2 lifecycle and generation ports,85,"Explicit registered discard group includes complete TXN_ID, not merely an unspecified future interface."
2563,C19,i_detection_discard_config_epoch,input,ppg_system_integration/PPG_COARSE_DETECTION_FIR_INTERFACE_CONTRACT.md:528,528,### 11.1 V2.2 lifecycle and generation ports,accepted_complete_transaction_group,528,### 11.1 V2.2 lifecycle and generation ports,86,"Explicit registered discard group includes complete TXN_ID, not merely an unspecified future interface."
2564,C19,i_detection_discard_coef_epoch,input,ppg_system_integration/PPG_COARSE_DETECTION_FIR_INTERFACE_CONTRACT.md:528,528,### 11.1 V2.2 lifecycle and generation ports,accepted_complete_transaction_group,528,### 11.1 V2.2 lifecycle and generation ports,87,"Explicit registered discard group includes complete TXN_ID, not merely an unspecified future interface."
2565,C19,i_detection_discard_dc_recovery_epoch,input,ppg_system_integration/PPG_COARSE_DETECTION_FIR_INTERFACE_CONTRACT.md:528,528,### 11.1 V2.2 lifecycle and generation ports,accepted_complete_transaction_group,528,### 11.1 V2.2 lifecycle and generation ports,88,"Explicit registered discard group includes complete TXN_ID, not merely an unspecified future interface."
2566,C19,i_detection_discard_amb_code_epoch,input,ppg_system_integration/PPG_COARSE_DETECTION_FIR_INTERFACE_CONTRACT.md:528,528,### 11.1 V2.2 lifecycle and generation ports,accepted_complete_transaction_group,528,### 11.1 V2.2 lifecycle and generation ports,89,"Explicit registered discard group includes complete TXN_ID, not merely an unspecified future interface."
2567,C19,i_detection_discard_dc_code_epoch,input,ppg_system_integration/PPG_COARSE_DETECTION_FIR_INTERFACE_CONTRACT.md:528,528,### 11.1 V2.2 lifecycle and generation ports,accepted_complete_transaction_group,528,### 11.1 V2.2 lifecycle and generation ports,90,"Explicit registered discard group includes complete TXN_ID, not merely an unspecified future interface."
2568,C19,i_detection_discard_run_generation,input,ppg_system_integration/PPG_COARSE_DETECTION_FIR_INTERFACE_CONTRACT.md:528,528,### 11.1 V2.2 lifecycle and generation ports,accepted_complete_transaction_group,528,### 11.1 V2.2 lifecycle and generation ports,91,"Explicit registered discard group includes complete TXN_ID, not merely an unspecified future interface."
2569,C19,i_run_generation,input,ppg_system_integration/PPG_COARSE_DETECTION_FIR_INTERFACE_CONTRACT.md:474,474,### 11.2 全局和生命周期输入,accepted_lifecycle_category_with_explicit_addendum,528,### 11.1 V2.2 lifecycle and generation ports,92,Lifecycle Source heading is still the correct category; a current normative lifecycle addendum explicitly specifies generation/local-empty. Do not infer missing semantics from the old shorter table.
2570,C19,o_local_empty,output,ppg_system_integration/PPG_COARSE_DETECTION_FIR_INTERFACE_CONTRACT.md:474,474,### 11.2 全局和生命周期输入,accepted_lifecycle_category_with_explicit_addendum,528,### 11.1 V2.2 lifecycle and generation ports,93,Lifecycle Source heading is still the correct category; a current normative lifecycle addendum explicitly specifies generation/local-empty. Do not infer missing semantics from the old shorter table.
2571,C19,i_result_valid,input,ppg_system_integration/PPG_COARSE_DETECTION_FIR_INTERFACE_CONTRACT.md:487,487,### 11.3 上游输入事务,accepted_literal_or_current_section,487,### 11.3 上游输入事务,96,Current source line or its exact current API section contains the named member.
2572,C19,o_result_ready,output,ppg_system_integration/PPG_COARSE_DETECTION_FIR_INTERFACE_CONTRACT.md:487,487,### 11.3 上游输入事务,accepted_literal_or_current_section,487,### 11.3 上游输入事务,97,Current source line or its exact current API section contains the named member.
2573,C19,i_sample_valid,input,ppg_system_integration/PPG_COARSE_DETECTION_FIR_INTERFACE_CONTRACT.md:487,487,### 11.3 上游输入事务,accepted_literal_or_current_section,487,### 11.3 上游输入事务,98,Current source line or its exact current API section contains the named member.
2574,C19,i_coarse_ppg_value,input,ppg_system_integration/PPG_COARSE_DETECTION_FIR_INTERFACE_CONTRACT.md:487,487,### 11.3 上游输入事务,accepted_literal_or_current_section,487,### 11.3 上游输入事务,99,Current source line or its exact current API section contains the named member.
2575,C19,i_coarse_valid,input,ppg_system_integration/PPG_COARSE_DETECTION_FIR_INTERFACE_CONTRACT.md:487,487,### 11.3 上游输入事务,accepted_literal_or_current_section,487,### 11.3 上游输入事务,100,Current source line or its exact current API section contains the named member.
2576,C19,i_coarse_recovery_calibrated,input,ppg_system_integration/PPG_COARSE_DETECTION_FIR_INTERFACE_CONTRACT.md:487,487,### 11.3 上游输入事务,accepted_literal_or_current_section,487,### 11.3 上游输入事务,101,Current source line or its exact current API section contains the named member.
2577,C19,i_stage1_saturation_low,input,ppg_system_integration/PPG_COARSE_DETECTION_FIR_INTERFACE_CONTRACT.md:487,487,### 11.3 上游输入事务,accepted_literal_or_current_section,487,### 11.3 上游输入事务,102,Current source line or its exact current API section contains the named member.
2578,C19,i_stage1_saturation_high,input,ppg_system_integration/PPG_COARSE_DETECTION_FIR_INTERFACE_CONTRACT.md:487,487,### 11.3 上游输入事务,accepted_expanded_endpoint_pair,487,### 11.3 上游输入事务,103,"Current table explicitly defines low/high or min/max pair, so lack of a second full name is not an invalid anchor."
2579,C19,i_coarse_saturation_low,input,ppg_system_integration/PPG_COARSE_DETECTION_FIR_INTERFACE_CONTRACT.md:487,487,### 11.3 上游输入事务,accepted_literal_or_current_section,487,### 11.3 上游输入事务,104,Current source line or its exact current API section contains the named member.
2580,C19,i_coarse_saturation_high,input,ppg_system_integration/PPG_COARSE_DETECTION_FIR_INTERFACE_CONTRACT.md:487,487,### 11.3 上游输入事务,accepted_expanded_endpoint_pair,487,### 11.3 上游输入事务,105,"Current table explicitly defines low/high or min/max pair, so lack of a second full name is not an invalid anchor."
2581,C19,i_config_epoch,input,ppg_system_integration/PPG_COARSE_DETECTION_FIR_INTERFACE_CONTRACT.md:487,487,### 11.3 上游输入事务,accepted_literal_or_current_section,487,### 11.3 上游输入事务,106,Current source line or its exact current API section contains the named member.
2582,C19,i_coef_epoch,input,ppg_system_integration/PPG_COARSE_DETECTION_FIR_INTERFACE_CONTRACT.md:487,487,### 11.3 上游输入事务,accepted_literal_or_current_section,487,### 11.3 上游输入事务,107,Current source line or its exact current API section contains the named member.
2583,C19,i_dc_recovery_coef_epoch,input,ppg_system_integration/PPG_COARSE_DETECTION_FIR_INTERFACE_CONTRACT.md:487,487,### 11.3 上游输入事务,accepted_literal_or_current_section,487,### 11.3 上游输入事务,108,Current source line or its exact current API section contains the named member.
2584,C19,i_precision_mode,input,ppg_system_integration/PPG_COARSE_DETECTION_FIR_INTERFACE_CONTRACT.md:487,487,### 11.3 上游输入事务,accepted_literal_or_current_section,487,### 11.3 上游输入事务,109,Current source line or its exact current API section contains the named member.
2585,C19,i_frame_id,input,ppg_system_integration/PPG_COARSE_DETECTION_FIR_INTERFACE_CONTRACT.md:487,487,### 11.3 上游输入事务,accepted_literal_or_current_section,487,### 11.3 上游输入事务,110,Current source line or its exact current API section contains the named member.
2586,C19,i_sample_index,input,ppg_system_integration/PPG_COARSE_DETECTION_FIR_INTERFACE_CONTRACT.md:487,487,### 11.3 上游输入事务,accepted_literal_or_current_section,487,### 11.3 上游输入事务,111,Current source line or its exact current API section contains the named member.
2587,C19,i_color_ir,input,ppg_system_integration/PPG_COARSE_DETECTION_FIR_INTERFACE_CONTRACT.md:487,487,### 11.3 上游输入事务,accepted_literal_or_current_section,487,### 11.3 上游输入事务,112,Current source line or its exact current API section contains the named member.
2588,C19,i_frame_type,input,ppg_system_integration/PPG_COARSE_DETECTION_FIR_INTERFACE_CONTRACT.md:487,487,### 11.3 上游输入事务,accepted_literal_or_current_section,487,### 11.3 上游输入事务,113,Current source line or its exact current API section contains the named member.
2589,C19,i_amb_code_snapshot,input,ppg_system_integration/PPG_COARSE_DETECTION_FIR_INTERFACE_CONTRACT.md:487,487,### 11.3 上游输入事务,accepted_literal_or_current_section,487,### 11.3 上游输入事务,114,Current source line or its exact current API section contains the named member.
2590,C19,i_dc_code_snapshot,input,ppg_system_integration/PPG_COARSE_DETECTION_FIR_INTERFACE_CONTRACT.md:487,487,### 11.3 上游输入事务,accepted_literal_or_current_section,487,### 11.3 上游输入事务,115,Current source line or its exact current API section contains the named member.
2591,C19,i_amb_code_epoch,input,ppg_system_integration/PPG_COARSE_DETECTION_FIR_INTERFACE_CONTRACT.md:487,487,### 11.3 上游输入事务,accepted_literal_or_current_section,487,### 11.3 上游输入事务,116,Current source line or its exact current API section contains the named member.
2592,C19,i_dc_code_epoch,input,ppg_system_integration/PPG_COARSE_DETECTION_FIR_INTERFACE_CONTRACT.md:487,487,### 11.3 上游输入事务,accepted_literal_or_current_section,487,### 11.3 上游输入事务,117,Current source line or its exact current API section contains the named member.
2593,C19,i_test_inject_enable,input,ppg_system_integration/PPG_COARSE_DETECTION_FIR_INTERFACE_CONTRACT.md:3,3,"> V2.5 verification-only injection addendum, 2026-08-31: adds an additive, default-off `C_ENABLE_TEST_INJECTION` capability (mirrors the AMI/SSW/IDAC-controller injection family already frozen in the Stage 5 bucket-1 RTL session). One-shot `i_test_calibration_loss_inject_valid`/`o_test_calibration_loss_inject_ready` (gated by `i_test_inject_enable`) binds to the very next real `flag_input_transfer` and forces that single sample's own calibration term of `flag_sample_qualified` to 0, without touching the shared `i_coarse_recovery_calibrated` port or any static config bit. This exercises FIR-17's already-documented ""an uncalibrated sample still enters history but its covering windows lose formal qualification, then recovers"" behavior under real top-level construction, closing the Stage 5 PRC-09/PRC-10 gap. No FIR-01~36 acceptance text is changed; production behavior is bit-identical when `C_ENABLE_TEST_INJECTION=0`. Port threading through `ppg_precision_window_integration.v`/`ppg_adc_measurement_idac_integration.v`/`ppg_control_top.v` and real dual-tool construction evidence are tracked as separate, not-yet-closed follow-up steps -- this addendum records the RTL-level contract only.",accepted_literal_or_current_section,3,"> V2.5 verification-only injection addendum, 2026-08-31: adds an additive, default-off `C_ENABLE_TEST_INJECTION` capability (mirrors the AMI/SSW/IDAC-controller injection family already frozen in the Stage 5 bucket-1 RTL session). One-shot `i_test_calibration_loss_inject_valid`/`o_test_calibration_loss_inject_ready` (gated by `i_test_inject_enable`) binds to the very next real `flag_input_transfer` and forces that single sample's own calibration term of `flag_sample_qualified` to 0, without touching the shared `i_coarse_recovery_calibrated` port or any static config bit. This exercises FIR-17's already-documented ""an uncalibrated sample still enters history but its covering windows lose formal qualification, then recovers"" behavior under real top-level construction, closing the Stage 5 PRC-09/PRC-10 gap. No FIR-01~36 acceptance text is changed; production behavior is bit-identical when `C_ENABLE_TEST_INJECTION=0`. Port threading through `ppg_precision_window_integration.v`/`ppg_adc_measurement_idac_integration.v`/`ppg_control_top.v` and real dual-tool construction evidence are tracked as separate, not-yet-closed follow-up steps -- this addendum records the RTL-level contract only.",120,Current source line or its exact current API section contains the named member.
2594,C19,i_test_calibration_loss_inject_valid,input,ppg_system_integration/PPG_COARSE_DETECTION_FIR_INTERFACE_CONTRACT.md:3,3,"> V2.5 verification-only injection addendum, 2026-08-31: adds an additive, default-off `C_ENABLE_TEST_INJECTION` capability (mirrors the AMI/SSW/IDAC-controller injection family already frozen in the Stage 5 bucket-1 RTL session). One-shot `i_test_calibration_loss_inject_valid`/`o_test_calibration_loss_inject_ready` (gated by `i_test_inject_enable`) binds to the very next real `flag_input_transfer` and forces that single sample's own calibration term of `flag_sample_qualified` to 0, without touching the shared `i_coarse_recovery_calibrated` port or any static config bit. This exercises FIR-17's already-documented ""an uncalibrated sample still enters history but its covering windows lose formal qualification, then recovers"" behavior under real top-level construction, closing the Stage 5 PRC-09/PRC-10 gap. No FIR-01~36 acceptance text is changed; production behavior is bit-identical when `C_ENABLE_TEST_INJECTION=0`. Port threading through `ppg_precision_window_integration.v`/`ppg_adc_measurement_idac_integration.v`/`ppg_control_top.v` and real dual-tool construction evidence are tracked as separate, not-yet-closed follow-up steps -- this addendum records the RTL-level contract only.",accepted_literal_or_current_section,3,"> V2.5 verification-only injection addendum, 2026-08-31: adds an additive, default-off `C_ENABLE_TEST_INJECTION` capability (mirrors the AMI/SSW/IDAC-controller injection family already frozen in the Stage 5 bucket-1 RTL session). One-shot `i_test_calibration_loss_inject_valid`/`o_test_calibration_loss_inject_ready` (gated by `i_test_inject_enable`) binds to the very next real `flag_input_transfer` and forces that single sample's own calibration term of `flag_sample_qualified` to 0, without touching the shared `i_coarse_recovery_calibrated` port or any static config bit. This exercises FIR-17's already-documented ""an uncalibrated sample still enters history but its covering windows lose formal qualification, then recovers"" behavior under real top-level construction, closing the Stage 5 PRC-09/PRC-10 gap. No FIR-01~36 acceptance text is changed; production behavior is bit-identical when `C_ENABLE_TEST_INJECTION=0`. Port threading through `ppg_precision_window_integration.v`/`ppg_adc_measurement_idac_integration.v`/`ppg_control_top.v` and real dual-tool construction evidence are tracked as separate, not-yet-closed follow-up steps -- this addendum records the RTL-level contract only.",121,Current source line or its exact current API section contains the named member.
2595,C19,o_test_calibration_loss_inject_ready,output,ppg_system_integration/PPG_COARSE_DETECTION_FIR_INTERFACE_CONTRACT.md:3,3,"> V2.5 verification-only injection addendum, 2026-08-31: adds an additive, default-off `C_ENABLE_TEST_INJECTION` capability (mirrors the AMI/SSW/IDAC-controller injection family already frozen in the Stage 5 bucket-1 RTL session). One-shot `i_test_calibration_loss_inject_valid`/`o_test_calibration_loss_inject_ready` (gated by `i_test_inject_enable`) binds to the very next real `flag_input_transfer` and forces that single sample's own calibration term of `flag_sample_qualified` to 0, without touching the shared `i_coarse_recovery_calibrated` port or any static config bit. This exercises FIR-17's already-documented ""an uncalibrated sample still enters history but its covering windows lose formal qualification, then recovers"" behavior under real top-level construction, closing the Stage 5 PRC-09/PRC-10 gap. No FIR-01~36 acceptance text is changed; production behavior is bit-identical when `C_ENABLE_TEST_INJECTION=0`. Port threading through `ppg_precision_window_integration.v`/`ppg_adc_measurement_idac_integration.v`/`ppg_control_top.v` and real dual-tool construction evidence are tracked as separate, not-yet-closed follow-up steps -- this addendum records the RTL-level contract only.",accepted_literal_or_current_section,3,"> V2.5 verification-only injection addendum, 2026-08-31: adds an additive, default-off `C_ENABLE_TEST_INJECTION` capability (mirrors the AMI/SSW/IDAC-controller injection family already frozen in the Stage 5 bucket-1 RTL session). One-shot `i_test_calibration_loss_inject_valid`/`o_test_calibration_loss_inject_ready` (gated by `i_test_inject_enable`) binds to the very next real `flag_input_transfer` and forces that single sample's own calibration term of `flag_sample_qualified` to 0, without touching the shared `i_coarse_recovery_calibrated` port or any static config bit. This exercises FIR-17's already-documented ""an uncalibrated sample still enters history but its covering windows lose formal qualification, then recovers"" behavior under real top-level construction, closing the Stage 5 PRC-09/PRC-10 gap. No FIR-01~36 acceptance text is changed; production behavior is bit-identical when `C_ENABLE_TEST_INJECTION=0`. Port threading through `ppg_precision_window_integration.v`/`ppg_adc_measurement_idac_integration.v`/`ppg_control_top.v` and real dual-tool construction evidence are tracked as separate, not-yet-closed follow-up steps -- this addendum records the RTL-level contract only.",122,Current source line or its exact current API section contains the named member.
2596,C19,i_result_ready,input,ppg_system_integration/PPG_COARSE_DETECTION_FIR_INTERFACE_CONTRACT.md:512,512,### 11.4 下游输出事务,accepted_literal_or_current_section,512,### 11.4 下游输出事务,125,Current source line or its exact current API section contains the named member.
2597,C19,o_result_valid,output,ppg_system_integration/PPG_COARSE_DETECTION_FIR_INTERFACE_CONTRACT.md:512,512,### 11.4 下游输出事务,accepted_literal_or_current_section,512,### 11.4 下游输出事务,126,Current source line or its exact current API section contains the named member.
2598,C19,o_filtered_ppg_value,output,ppg_system_integration/PPG_COARSE_DETECTION_FIR_INTERFACE_CONTRACT.md:512,512,### 11.4 下游输出事务,accepted_literal_or_current_section,512,### 11.4 下游输出事务,127,Current source line or its exact current API section contains the named member.
2599,C19,o_detection_qualified,output,ppg_system_integration/PPG_COARSE_DETECTION_FIR_INTERFACE_CONTRACT.md:512,512,### 11.4 下游输出事务,accepted_literal_or_current_section,512,### 11.4 下游输出事务,128,Current source line or its exact current API section contains the named member.
2600,C19,o_window_saturation_low,output,ppg_system_integration/PPG_COARSE_DETECTION_FIR_INTERFACE_CONTRACT.md:512,512,### 11.4 下游输出事务,accepted_literal_or_current_section,512,### 11.4 下游输出事务,129,Current source line or its exact current API section contains the named member.
2601,C19,o_window_saturation_high,output,ppg_system_integration/PPG_COARSE_DETECTION_FIR_INTERFACE_CONTRACT.md:512,512,### 11.4 下游输出事务,accepted_expanded_endpoint_pair,512,### 11.4 下游输出事务,130,"Current table explicitly defines low/high or min/max pair, so lack of a second full name is not an invalid anchor."
2602,C19,o_fir_saturation_low,output,ppg_system_integration/PPG_COARSE_DETECTION_FIR_INTERFACE_CONTRACT.md:512,512,### 11.4 下游输出事务,accepted_literal_or_current_section,512,### 11.4 下游输出事务,131,Current source line or its exact current API section contains the named member.
2603,C19,o_fir_saturation_high,output,ppg_system_integration/PPG_COARSE_DETECTION_FIR_INTERFACE_CONTRACT.md:512,512,### 11.4 下游输出事务,accepted_expanded_endpoint_pair,512,### 11.4 下游输出事务,132,"Current table explicitly defines low/high or min/max pair, so lack of a second full name is not an invalid anchor."
2604,C19,o_history_full_r,output,ppg_system_integration/PPG_COARSE_DETECTION_FIR_INTERFACE_CONTRACT.md:512,512,### 11.4 下游输出事务,accepted_literal_or_current_section,512,### 11.4 下游输出事务,133,Current source line or its exact current API section contains the named member.
2605,C19,o_history_full_ir,output,ppg_system_integration/PPG_COARSE_DETECTION_FIR_INTERFACE_CONTRACT.md:512,512,### 11.4 下游输出事务,accepted_literal_or_current_section,512,### 11.4 下游输出事务,134,Current source line or its exact current API section contains the named member.
2606,C19,o_fir_idle,output,ppg_system_integration/PPG_COARSE_DETECTION_FIR_INTERFACE_CONTRACT.md:512,512,### 11.4 下游输出事务,accepted_literal_or_current_section,512,### 11.4 下游输出事务,135,Current source line or its exact current API section contains the named member.
2607,C19,o_config_epoch,output,ppg_system_integration/PPG_COARSE_DETECTION_FIR_INTERFACE_CONTRACT.md:300,300,| 字段 | 默认位宽 | 输出语义 |,accepted_center_metadata_prefix_rule,300,| 字段 | 默认位宽 | 输出语义 |,138,Current center metadata table plus §11.4 explicitly requires matching o_ prefix for each field.
2608,C19,o_coef_epoch,output,ppg_system_integration/PPG_COARSE_DETECTION_FIR_INTERFACE_CONTRACT.md:300,300,| 字段 | 默认位宽 | 输出语义 |,accepted_center_metadata_prefix_rule,300,| 字段 | 默认位宽 | 输出语义 |,139,Current center metadata table plus §11.4 explicitly requires matching o_ prefix for each field.
2609,C19,o_dc_recovery_coef_epoch,output,ppg_system_integration/PPG_COARSE_DETECTION_FIR_INTERFACE_CONTRACT.md:300,300,| 字段 | 默认位宽 | 输出语义 |,accepted_center_metadata_prefix_rule,300,| 字段 | 默认位宽 | 输出语义 |,140,Current center metadata table plus §11.4 explicitly requires matching o_ prefix for each field.
2610,C19,o_precision_mode,output,ppg_system_integration/PPG_COARSE_DETECTION_FIR_INTERFACE_CONTRACT.md:300,300,| 字段 | 默认位宽 | 输出语义 |,accepted_center_metadata_prefix_rule,300,| 字段 | 默认位宽 | 输出语义 |,141,Current center metadata table plus §11.4 explicitly requires matching o_ prefix for each field.
2611,C19,o_frame_id,output,ppg_system_integration/PPG_COARSE_DETECTION_FIR_INTERFACE_CONTRACT.md:300,300,| 字段 | 默认位宽 | 输出语义 |,accepted_center_metadata_prefix_rule,300,| 字段 | 默认位宽 | 输出语义 |,142,Current center metadata table plus §11.4 explicitly requires matching o_ prefix for each field.
2612,C19,o_sample_index,output,ppg_system_integration/PPG_COARSE_DETECTION_FIR_INTERFACE_CONTRACT.md:300,300,| 字段 | 默认位宽 | 输出语义 |,accepted_center_metadata_prefix_rule,300,| 字段 | 默认位宽 | 输出语义 |,143,Current center metadata table plus §11.4 explicitly requires matching o_ prefix for each field.
2613,C19,o_color_ir,output,ppg_system_integration/PPG_COARSE_DETECTION_FIR_INTERFACE_CONTRACT.md:300,300,| 字段 | 默认位宽 | 输出语义 |,accepted_center_metadata_prefix_rule,300,| 字段 | 默认位宽 | 输出语义 |,144,Current center metadata table plus §11.4 explicitly requires matching o_ prefix for each field.
2614,C19,o_frame_type,output,ppg_system_integration/PPG_COARSE_DETECTION_FIR_INTERFACE_CONTRACT.md:300,300,| 字段 | 默认位宽 | 输出语义 |,accepted_center_metadata_prefix_rule,300,| 字段 | 默认位宽 | 输出语义 |,145,Current center metadata table plus §11.4 explicitly requires matching o_ prefix for each field.
2615,C19,o_amb_code_snapshot,output,ppg_system_integration/PPG_COARSE_DETECTION_FIR_INTERFACE_CONTRACT.md:300,300,| 字段 | 默认位宽 | 输出语义 |,accepted_center_metadata_prefix_rule,300,| 字段 | 默认位宽 | 输出语义 |,146,Current center metadata table plus §11.4 explicitly requires matching o_ prefix for each field.
2616,C19,o_dc_code_snapshot,output,ppg_system_integration/PPG_COARSE_DETECTION_FIR_INTERFACE_CONTRACT.md:300,300,| 字段 | 默认位宽 | 输出语义 |,accepted_center_metadata_prefix_rule,300,| 字段 | 默认位宽 | 输出语义 |,147,Current center metadata table plus §11.4 explicitly requires matching o_ prefix for each field.
2617,C19,o_amb_code_epoch,output,ppg_system_integration/PPG_COARSE_DETECTION_FIR_INTERFACE_CONTRACT.md:300,300,| 字段 | 默认位宽 | 输出语义 |,accepted_center_metadata_prefix_rule,300,| 字段 | 默认位宽 | 输出语义 |,148,Current center metadata table plus §11.4 explicitly requires matching o_ prefix for each field.
2618,C19,o_dc_code_epoch,output,ppg_system_integration/PPG_COARSE_DETECTION_FIR_INTERFACE_CONTRACT.md:300,300,| 字段 | 默认位宽 | 输出语义 |,accepted_center_metadata_prefix_rule,300,| 字段 | 默认位宽 | 输出语义 |,149,Current center metadata table plus §11.4 explicitly requires matching o_ prefix for each field.
3067,C24,i_clk,input,ppg_system_integration/PPG_SYSTEM_FAULT_ABORT_SUPERVISOR_INTERFACE_CONTRACT.md:43,43,## 2. Complete Supervisor Port Contract,module_boundary_index_with_reset_name_conflict,43,## 2. Complete Supervisor Port Contract,59,Module-level API Source is real; reset name in §2 conflicts with actual interface (F051). Clock is specified by the one-system-domain rule; no literal clock-table declaration is claimed.
3068,C24,i_rstn,input,ppg_system_integration/PPG_SYSTEM_FAULT_ABORT_SUPERVISOR_INTERFACE_CONTRACT.md:43,43,## 2. Complete Supervisor Port Contract,module_boundary_index_with_reset_name_conflict,43,## 2. Complete Supervisor Port Contract,60,Module-level API Source is real; reset name in §2 conflicts with actual interface (F051). Clock is specified by the one-system-domain rule; no literal clock-table declaration is claimed.
3069,C24,i_ami_fault_valid,input,ppg_system_integration/PPG_SYSTEM_FAULT_ABORT_SUPERVISOR_INTERFACE_CONTRACT.md:49,49,| `i_ami_fault_valid` / `active` / `cause` / `identity_valid` / `<FAULT_ID>` | `1/1/8/1/each field` | AMI `o_ami_fault_*` | AMI blocking record and unresolved state. |,accepted_literal_or_current_section,49,| `i_ami_fault_valid` / `active` / `cause` / `identity_valid` / `<FAULT_ID>` | `1/1/8/1/each field` | AMI `o_ami_fault_*` | AMI blocking record and unresolved state. |,63,Current source line or its exact current API section contains the named member.
3070,C24,i_ami_fault_active,input,ppg_system_integration/PPG_SYSTEM_FAULT_ABORT_SUPERVISOR_INTERFACE_CONTRACT.md:49,49,| `i_ami_fault_valid` / `active` / `cause` / `identity_valid` / `<FAULT_ID>` | `1/1/8/1/each field` | AMI `o_ami_fault_*` | AMI blocking record and unresolved state. |,accepted_complete_fault_group,49,| `i_ami_fault_valid` / `active` / `cause` / `identity_valid` / `<FAULT_ID>` | `1/1/8/1/each field` | AMI `o_ami_fault_*` | AMI blocking record and unresolved state. |,64,Exact source-lane/output fault group and explicit six-field FAULT_ID definition; no unsupported TXN epoch members inferred.
3071,C24,i_ami_fault_cause,input,ppg_system_integration/PPG_SYSTEM_FAULT_ABORT_SUPERVISOR_INTERFACE_CONTRACT.md:49,49,| `i_ami_fault_valid` / `active` / `cause` / `identity_valid` / `<FAULT_ID>` | `1/1/8/1/each field` | AMI `o_ami_fault_*` | AMI blocking record and unresolved state. |,accepted_complete_fault_group,49,| `i_ami_fault_valid` / `active` / `cause` / `identity_valid` / `<FAULT_ID>` | `1/1/8/1/each field` | AMI `o_ami_fault_*` | AMI blocking record and unresolved state. |,65,Exact source-lane/output fault group and explicit six-field FAULT_ID definition; no unsupported TXN epoch members inferred.
3072,C24,i_ami_fault_identity_valid,input,ppg_system_integration/PPG_SYSTEM_FAULT_ABORT_SUPERVISOR_INTERFACE_CONTRACT.md:49,49,| `i_ami_fault_valid` / `active` / `cause` / `identity_valid` / `<FAULT_ID>` | `1/1/8/1/each field` | AMI `o_ami_fault_*` | AMI blocking record and unresolved state. |,accepted_complete_fault_group,49,| `i_ami_fault_valid` / `active` / `cause` / `identity_valid` / `<FAULT_ID>` | `1/1/8/1/each field` | AMI `o_ami_fault_*` | AMI blocking record and unresolved state. |,66,Exact source-lane/output fault group and explicit six-field FAULT_ID definition; no unsupported TXN epoch members inferred.
3073,C24,i_ami_fault_frame_id,input,ppg_system_integration/PPG_SYSTEM_FAULT_ABORT_SUPERVISOR_INTERFACE_CONTRACT.md:49,49,| `i_ami_fault_valid` / `active` / `cause` / `identity_valid` / `<FAULT_ID>` | `1/1/8/1/each field` | AMI `o_ami_fault_*` | AMI blocking record and unresolved state. |,accepted_complete_fault_group,49,| `i_ami_fault_valid` / `active` / `cause` / `identity_valid` / `<FAULT_ID>` | `1/1/8/1/each field` | AMI `o_ami_fault_*` | AMI blocking record and unresolved state. |,67,Exact source-lane/output fault group and explicit six-field FAULT_ID definition; no unsupported TXN epoch members inferred.
3074,C24,i_ami_fault_sample_index,input,ppg_system_integration/PPG_SYSTEM_FAULT_ABORT_SUPERVISOR_INTERFACE_CONTRACT.md:49,49,| `i_ami_fault_valid` / `active` / `cause` / `identity_valid` / `<FAULT_ID>` | `1/1/8/1/each field` | AMI `o_ami_fault_*` | AMI blocking record and unresolved state. |,accepted_complete_fault_group,49,| `i_ami_fault_valid` / `active` / `cause` / `identity_valid` / `<FAULT_ID>` | `1/1/8/1/each field` | AMI `o_ami_fault_*` | AMI blocking record and unresolved state. |,68,Exact source-lane/output fault group and explicit six-field FAULT_ID definition; no unsupported TXN epoch members inferred.
3075,C24,i_ami_fault_color_ir,input,ppg_system_integration/PPG_SYSTEM_FAULT_ABORT_SUPERVISOR_INTERFACE_CONTRACT.md:49,49,| `i_ami_fault_valid` / `active` / `cause` / `identity_valid` / `<FAULT_ID>` | `1/1/8/1/each field` | AMI `o_ami_fault_*` | AMI blocking record and unresolved state. |,accepted_complete_fault_group,49,| `i_ami_fault_valid` / `active` / `cause` / `identity_valid` / `<FAULT_ID>` | `1/1/8/1/each field` | AMI `o_ami_fault_*` | AMI blocking record and unresolved state. |,69,Exact source-lane/output fault group and explicit six-field FAULT_ID definition; no unsupported TXN epoch members inferred.
3076,C24,i_ami_fault_frame_type,input,ppg_system_integration/PPG_SYSTEM_FAULT_ABORT_SUPERVISOR_INTERFACE_CONTRACT.md:49,49,| `i_ami_fault_valid` / `active` / `cause` / `identity_valid` / `<FAULT_ID>` | `1/1/8/1/each field` | AMI `o_ami_fault_*` | AMI blocking record and unresolved state. |,accepted_complete_fault_group,49,| `i_ami_fault_valid` / `active` / `cause` / `identity_valid` / `<FAULT_ID>` | `1/1/8/1/each field` | AMI `o_ami_fault_*` | AMI blocking record and unresolved state. |,70,Exact source-lane/output fault group and explicit six-field FAULT_ID definition; no unsupported TXN epoch members inferred.
3077,C24,i_ami_fault_precision,input,ppg_system_integration/PPG_SYSTEM_FAULT_ABORT_SUPERVISOR_INTERFACE_CONTRACT.md:49,49,| `i_ami_fault_valid` / `active` / `cause` / `identity_valid` / `<FAULT_ID>` | `1/1/8/1/each field` | AMI `o_ami_fault_*` | AMI blocking record and unresolved state. |,accepted_complete_fault_group,49,| `i_ami_fault_valid` / `active` / `cause` / `identity_valid` / `<FAULT_ID>` | `1/1/8/1/each field` | AMI `o_ami_fault_*` | AMI blocking record and unresolved state. |,71,Exact source-lane/output fault group and explicit six-field FAULT_ID definition; no unsupported TXN epoch members inferred.
3078,C24,i_ami_fault_run_generation,input,ppg_system_integration/PPG_SYSTEM_FAULT_ABORT_SUPERVISOR_INTERFACE_CONTRACT.md:49,49,| `i_ami_fault_valid` / `active` / `cause` / `identity_valid` / `<FAULT_ID>` | `1/1/8/1/each field` | AMI `o_ami_fault_*` | AMI blocking record and unresolved state. |,accepted_complete_fault_group,49,| `i_ami_fault_valid` / `active` / `cause` / `identity_valid` / `<FAULT_ID>` | `1/1/8/1/each field` | AMI `o_ami_fault_*` | AMI blocking record and unresolved state. |,72,Exact source-lane/output fault group and explicit six-field FAULT_ID definition; no unsupported TXN epoch members inferred.
3079,C24,i_scheduler_fault_valid,input,ppg_system_integration/PPG_SYSTEM_FAULT_ABORT_SUPERVISOR_INTERFACE_CONTRACT.md:50,50,| `i_scheduler_fault_valid` / `active` / `cause` / `identity_valid` / `<FAULT_ID>` | `1/1/8/1/each field` | Scheduler `o_scheduler_fault_*` | Scheduler blocking record and unresolved state. |,accepted_literal_or_current_section,50,| `i_scheduler_fault_valid` / `active` / `cause` / `identity_valid` / `<FAULT_ID>` | `1/1/8/1/each field` | Scheduler `o_scheduler_fault_*` | Scheduler blocking record and unresolved state. |,75,Current source line or its exact current API section contains the named member.
3080,C24,i_scheduler_fault_active,input,ppg_system_integration/PPG_SYSTEM_FAULT_ABORT_SUPERVISOR_INTERFACE_CONTRACT.md:50,50,| `i_scheduler_fault_valid` / `active` / `cause` / `identity_valid` / `<FAULT_ID>` | `1/1/8/1/each field` | Scheduler `o_scheduler_fault_*` | Scheduler blocking record and unresolved state. |,accepted_complete_fault_group,50,| `i_scheduler_fault_valid` / `active` / `cause` / `identity_valid` / `<FAULT_ID>` | `1/1/8/1/each field` | Scheduler `o_scheduler_fault_*` | Scheduler blocking record and unresolved state. |,76,Exact source-lane/output fault group and explicit six-field FAULT_ID definition; no unsupported TXN epoch members inferred.
3081,C24,i_scheduler_fault_cause,input,ppg_system_integration/PPG_SYSTEM_FAULT_ABORT_SUPERVISOR_INTERFACE_CONTRACT.md:50,50,| `i_scheduler_fault_valid` / `active` / `cause` / `identity_valid` / `<FAULT_ID>` | `1/1/8/1/each field` | Scheduler `o_scheduler_fault_*` | Scheduler blocking record and unresolved state. |,accepted_complete_fault_group,50,| `i_scheduler_fault_valid` / `active` / `cause` / `identity_valid` / `<FAULT_ID>` | `1/1/8/1/each field` | Scheduler `o_scheduler_fault_*` | Scheduler blocking record and unresolved state. |,77,Exact source-lane/output fault group and explicit six-field FAULT_ID definition; no unsupported TXN epoch members inferred.
3082,C24,i_scheduler_fault_identity_valid,input,ppg_system_integration/PPG_SYSTEM_FAULT_ABORT_SUPERVISOR_INTERFACE_CONTRACT.md:50,50,| `i_scheduler_fault_valid` / `active` / `cause` / `identity_valid` / `<FAULT_ID>` | `1/1/8/1/each field` | Scheduler `o_scheduler_fault_*` | Scheduler blocking record and unresolved state. |,accepted_complete_fault_group,50,| `i_scheduler_fault_valid` / `active` / `cause` / `identity_valid` / `<FAULT_ID>` | `1/1/8/1/each field` | Scheduler `o_scheduler_fault_*` | Scheduler blocking record and unresolved state. |,78,Exact source-lane/output fault group and explicit six-field FAULT_ID definition; no unsupported TXN epoch members inferred.
3083,C24,i_scheduler_fault_frame_id,input,ppg_system_integration/PPG_SYSTEM_FAULT_ABORT_SUPERVISOR_INTERFACE_CONTRACT.md:50,50,| `i_scheduler_fault_valid` / `active` / `cause` / `identity_valid` / `<FAULT_ID>` | `1/1/8/1/each field` | Scheduler `o_scheduler_fault_*` | Scheduler blocking record and unresolved state. |,accepted_complete_fault_group,50,| `i_scheduler_fault_valid` / `active` / `cause` / `identity_valid` / `<FAULT_ID>` | `1/1/8/1/each field` | Scheduler `o_scheduler_fault_*` | Scheduler blocking record and unresolved state. |,79,Exact source-lane/output fault group and explicit six-field FAULT_ID definition; no unsupported TXN epoch members inferred.
3084,C24,i_scheduler_fault_sample_index,input,ppg_system_integration/PPG_SYSTEM_FAULT_ABORT_SUPERVISOR_INTERFACE_CONTRACT.md:50,50,| `i_scheduler_fault_valid` / `active` / `cause` / `identity_valid` / `<FAULT_ID>` | `1/1/8/1/each field` | Scheduler `o_scheduler_fault_*` | Scheduler blocking record and unresolved state. |,accepted_complete_fault_group,50,| `i_scheduler_fault_valid` / `active` / `cause` / `identity_valid` / `<FAULT_ID>` | `1/1/8/1/each field` | Scheduler `o_scheduler_fault_*` | Scheduler blocking record and unresolved state. |,80,Exact source-lane/output fault group and explicit six-field FAULT_ID definition; no unsupported TXN epoch members inferred.
3085,C24,i_scheduler_fault_color_ir,input,ppg_system_integration/PPG_SYSTEM_FAULT_ABORT_SUPERVISOR_INTERFACE_CONTRACT.md:50,50,| `i_scheduler_fault_valid` / `active` / `cause` / `identity_valid` / `<FAULT_ID>` | `1/1/8/1/each field` | Scheduler `o_scheduler_fault_*` | Scheduler blocking record and unresolved state. |,accepted_complete_fault_group,50,| `i_scheduler_fault_valid` / `active` / `cause` / `identity_valid` / `<FAULT_ID>` | `1/1/8/1/each field` | Scheduler `o_scheduler_fault_*` | Scheduler blocking record and unresolved state. |,81,Exact source-lane/output fault group and explicit six-field FAULT_ID definition; no unsupported TXN epoch members inferred.
3086,C24,i_scheduler_fault_frame_type,input,ppg_system_integration/PPG_SYSTEM_FAULT_ABORT_SUPERVISOR_INTERFACE_CONTRACT.md:50,50,| `i_scheduler_fault_valid` / `active` / `cause` / `identity_valid` / `<FAULT_ID>` | `1/1/8/1/each field` | Scheduler `o_scheduler_fault_*` | Scheduler blocking record and unresolved state. |,accepted_complete_fault_group,50,| `i_scheduler_fault_valid` / `active` / `cause` / `identity_valid` / `<FAULT_ID>` | `1/1/8/1/each field` | Scheduler `o_scheduler_fault_*` | Scheduler blocking record and unresolved state. |,82,Exact source-lane/output fault group and explicit six-field FAULT_ID definition; no unsupported TXN epoch members inferred.
3087,C24,i_scheduler_fault_precision,input,ppg_system_integration/PPG_SYSTEM_FAULT_ABORT_SUPERVISOR_INTERFACE_CONTRACT.md:50,50,| `i_scheduler_fault_valid` / `active` / `cause` / `identity_valid` / `<FAULT_ID>` | `1/1/8/1/each field` | Scheduler `o_scheduler_fault_*` | Scheduler blocking record and unresolved state. |,accepted_complete_fault_group,50,| `i_scheduler_fault_valid` / `active` / `cause` / `identity_valid` / `<FAULT_ID>` | `1/1/8/1/each field` | Scheduler `o_scheduler_fault_*` | Scheduler blocking record and unresolved state. |,83,Exact source-lane/output fault group and explicit six-field FAULT_ID definition; no unsupported TXN epoch members inferred.
3088,C24,i_scheduler_fault_run_generation,input,ppg_system_integration/PPG_SYSTEM_FAULT_ABORT_SUPERVISOR_INTERFACE_CONTRACT.md:50,50,| `i_scheduler_fault_valid` / `active` / `cause` / `identity_valid` / `<FAULT_ID>` | `1/1/8/1/each field` | Scheduler `o_scheduler_fault_*` | Scheduler blocking record and unresolved state. |,accepted_complete_fault_group,50,| `i_scheduler_fault_valid` / `active` / `cause` / `identity_valid` / `<FAULT_ID>` | `1/1/8/1/each field` | Scheduler `o_scheduler_fault_*` | Scheduler blocking record and unresolved state. |,84,Exact source-lane/output fault group and explicit six-field FAULT_ID definition; no unsupported TXN epoch members inferred.
3089,C24,i_ssw_fault_valid,input,ppg_system_integration/PPG_SYSTEM_FAULT_ABORT_SUPERVISOR_INTERFACE_CONTRACT.md:51,51,| `i_ssw_fault_valid` / `active` / `cause` / `identity_valid` / `<FAULT_ID>` | `1/1/8/1/each field` | SSW `o_ssw_fault_*` | SSW blocking record and unresolved state. |,accepted_literal_or_current_section,51,| `i_ssw_fault_valid` / `active` / `cause` / `identity_valid` / `<FAULT_ID>` | `1/1/8/1/each field` | SSW `o_ssw_fault_*` | SSW blocking record and unresolved state. |,87,Current source line or its exact current API section contains the named member.
3090,C24,i_ssw_fault_active,input,ppg_system_integration/PPG_SYSTEM_FAULT_ABORT_SUPERVISOR_INTERFACE_CONTRACT.md:51,51,| `i_ssw_fault_valid` / `active` / `cause` / `identity_valid` / `<FAULT_ID>` | `1/1/8/1/each field` | SSW `o_ssw_fault_*` | SSW blocking record and unresolved state. |,accepted_complete_fault_group,51,| `i_ssw_fault_valid` / `active` / `cause` / `identity_valid` / `<FAULT_ID>` | `1/1/8/1/each field` | SSW `o_ssw_fault_*` | SSW blocking record and unresolved state. |,88,Exact source-lane/output fault group and explicit six-field FAULT_ID definition; no unsupported TXN epoch members inferred.
3091,C24,i_ssw_fault_cause,input,ppg_system_integration/PPG_SYSTEM_FAULT_ABORT_SUPERVISOR_INTERFACE_CONTRACT.md:51,51,| `i_ssw_fault_valid` / `active` / `cause` / `identity_valid` / `<FAULT_ID>` | `1/1/8/1/each field` | SSW `o_ssw_fault_*` | SSW blocking record and unresolved state. |,accepted_complete_fault_group,51,| `i_ssw_fault_valid` / `active` / `cause` / `identity_valid` / `<FAULT_ID>` | `1/1/8/1/each field` | SSW `o_ssw_fault_*` | SSW blocking record and unresolved state. |,89,Exact source-lane/output fault group and explicit six-field FAULT_ID definition; no unsupported TXN epoch members inferred.
3092,C24,i_ssw_fault_identity_valid,input,ppg_system_integration/PPG_SYSTEM_FAULT_ABORT_SUPERVISOR_INTERFACE_CONTRACT.md:51,51,| `i_ssw_fault_valid` / `active` / `cause` / `identity_valid` / `<FAULT_ID>` | `1/1/8/1/each field` | SSW `o_ssw_fault_*` | SSW blocking record and unresolved state. |,accepted_complete_fault_group,51,| `i_ssw_fault_valid` / `active` / `cause` / `identity_valid` / `<FAULT_ID>` | `1/1/8/1/each field` | SSW `o_ssw_fault_*` | SSW blocking record and unresolved state. |,90,Exact source-lane/output fault group and explicit six-field FAULT_ID definition; no unsupported TXN epoch members inferred.
3093,C24,i_ssw_fault_frame_id,input,ppg_system_integration/PPG_SYSTEM_FAULT_ABORT_SUPERVISOR_INTERFACE_CONTRACT.md:51,51,| `i_ssw_fault_valid` / `active` / `cause` / `identity_valid` / `<FAULT_ID>` | `1/1/8/1/each field` | SSW `o_ssw_fault_*` | SSW blocking record and unresolved state. |,accepted_complete_fault_group,51,| `i_ssw_fault_valid` / `active` / `cause` / `identity_valid` / `<FAULT_ID>` | `1/1/8/1/each field` | SSW `o_ssw_fault_*` | SSW blocking record and unresolved state. |,91,Exact source-lane/output fault group and explicit six-field FAULT_ID definition; no unsupported TXN epoch members inferred.
3094,C24,i_ssw_fault_sample_index,input,ppg_system_integration/PPG_SYSTEM_FAULT_ABORT_SUPERVISOR_INTERFACE_CONTRACT.md:51,51,| `i_ssw_fault_valid` / `active` / `cause` / `identity_valid` / `<FAULT_ID>` | `1/1/8/1/each field` | SSW `o_ssw_fault_*` | SSW blocking record and unresolved state. |,accepted_complete_fault_group,51,| `i_ssw_fault_valid` / `active` / `cause` / `identity_valid` / `<FAULT_ID>` | `1/1/8/1/each field` | SSW `o_ssw_fault_*` | SSW blocking record and unresolved state. |,92,Exact source-lane/output fault group and explicit six-field FAULT_ID definition; no unsupported TXN epoch members inferred.
3095,C24,i_ssw_fault_color_ir,input,ppg_system_integration/PPG_SYSTEM_FAULT_ABORT_SUPERVISOR_INTERFACE_CONTRACT.md:51,51,| `i_ssw_fault_valid` / `active` / `cause` / `identity_valid` / `<FAULT_ID>` | `1/1/8/1/each field` | SSW `o_ssw_fault_*` | SSW blocking record and unresolved state. |,accepted_complete_fault_group,51,| `i_ssw_fault_valid` / `active` / `cause` / `identity_valid` / `<FAULT_ID>` | `1/1/8/1/each field` | SSW `o_ssw_fault_*` | SSW blocking record and unresolved state. |,93,Exact source-lane/output fault group and explicit six-field FAULT_ID definition; no unsupported TXN epoch members inferred.
3096,C24,i_ssw_fault_frame_type,input,ppg_system_integration/PPG_SYSTEM_FAULT_ABORT_SUPERVISOR_INTERFACE_CONTRACT.md:51,51,| `i_ssw_fault_valid` / `active` / `cause` / `identity_valid` / `<FAULT_ID>` | `1/1/8/1/each field` | SSW `o_ssw_fault_*` | SSW blocking record and unresolved state. |,accepted_complete_fault_group,51,| `i_ssw_fault_valid` / `active` / `cause` / `identity_valid` / `<FAULT_ID>` | `1/1/8/1/each field` | SSW `o_ssw_fault_*` | SSW blocking record and unresolved state. |,94,Exact source-lane/output fault group and explicit six-field FAULT_ID definition; no unsupported TXN epoch members inferred.
3097,C24,i_ssw_fault_precision,input,ppg_system_integration/PPG_SYSTEM_FAULT_ABORT_SUPERVISOR_INTERFACE_CONTRACT.md:51,51,| `i_ssw_fault_valid` / `active` / `cause` / `identity_valid` / `<FAULT_ID>` | `1/1/8/1/each field` | SSW `o_ssw_fault_*` | SSW blocking record and unresolved state. |,accepted_complete_fault_group,51,| `i_ssw_fault_valid` / `active` / `cause` / `identity_valid` / `<FAULT_ID>` | `1/1/8/1/each field` | SSW `o_ssw_fault_*` | SSW blocking record and unresolved state. |,95,Exact source-lane/output fault group and explicit six-field FAULT_ID definition; no unsupported TXN epoch members inferred.
3098,C24,i_ssw_fault_run_generation,input,ppg_system_integration/PPG_SYSTEM_FAULT_ABORT_SUPERVISOR_INTERFACE_CONTRACT.md:51,51,| `i_ssw_fault_valid` / `active` / `cause` / `identity_valid` / `<FAULT_ID>` | `1/1/8/1/each field` | SSW `o_ssw_fault_*` | SSW blocking record and unresolved state. |,accepted_complete_fault_group,51,| `i_ssw_fault_valid` / `active` / `cause` / `identity_valid` / `<FAULT_ID>` | `1/1/8/1/each field` | SSW `o_ssw_fault_*` | SSW blocking record and unresolved state. |,96,Exact source-lane/output fault group and explicit six-field FAULT_ID definition; no unsupported TXN epoch members inferred.
3099,C24,i_stop_episode_active,input,ppg_system_integration/PPG_SYSTEM_FAULT_ABORT_SUPERVISOR_INTERFACE_CONTRACT.md:52,52,"| `i_stop_episode_active` | 1 | manager `o_stop_episode_active` through ACTIVE wrapper and Top `flag_stop_episode_active` | Accepted STOP, system-STOP or abort drain episode. |",accepted_literal_or_current_section,52,"| `i_stop_episode_active` | 1 | manager `o_stop_episode_active` through ACTIVE wrapper and Top `flag_stop_episode_active` | Accepted STOP, system-STOP or abort drain episode. |",99,Current source line or its exact current API section contains the named member.
3100,C24,i_adc_physical_idle,input,ppg_system_integration/PPG_SYSTEM_FAULT_ABORT_SUPERVISOR_INTERFACE_CONTRACT.md:53,53,| `i_adc_physical_idle` | 1 | Top `flag_adc_physical_idle` | Synchronized physical fact only; never completion. |,accepted_literal_or_current_section,53,| `i_adc_physical_idle` | 1 | Top `flag_adc_physical_idle` | Synchronized physical fact only; never completion. |,100,Current source line or its exact current API section contains the named member.
3101,C24,i_diag_clear_event,input,ppg_system_integration/PPG_SYSTEM_FAULT_ABORT_SUPERVISOR_INTERFACE_CONTRACT.md:54,54,| `i_diag_clear_event` | 1 | Top `flag_diag_clear_event` | Sole registered system diagnostic-clear event. |,accepted_literal_or_current_section,54,| `i_diag_clear_event` | 1 | Top `flag_diag_clear_event` | Sole registered system diagnostic-clear event. |,101,Current source line or its exact current API section contains the named member.
3102,C24,i_measurement_result_discard_event,input,ppg_system_integration/PPG_SYSTEM_FAULT_ABORT_SUPERVISOR_INTERFACE_CONTRACT.md:55,55,| `i_measurement_result_discard_event` | 1 | AMI `o_measurement_result_discard_event` | Registered one-cycle lifecycle observation. It is the sole input that sets the non-blocking result-discard summary. |,accepted_literal_or_current_section,55,| `i_measurement_result_discard_event` | 1 | AMI `o_measurement_result_discard_event` | Registered one-cycle lifecycle observation. It is the sole input that sets the non-blocking result-discard summary. |,102,Current source line or its exact current API section contains the named member.
3103,C24,o_system_fault_blocking,output,ppg_system_integration/PPG_SYSTEM_FAULT_ABORT_SUPERVISOR_INTERFACE_CONTRACT.md:62,62,| `o_system_fault_blocking` | 1 | Top -> ACTIVE wrapper -> manager | Registered active blocking state. The path is mandatory and prevents manager START acceptance while high. |,accepted_literal_or_current_section,62,| `o_system_fault_blocking` | 1 | Top -> ACTIVE wrapper -> manager | Registered active blocking state. The path is mandatory and prevents manager START acceptance while high. |,105,Current source line or its exact current API section contains the named member.
3104,C24,o_system_abort_event,output,ppg_system_integration/PPG_SYSTEM_FAULT_ABORT_SUPERVISOR_INTERFACE_CONTRACT.md:63,63,"| `o_system_abort_event` | 1 | Top registered owner-abort merge -> AMI, Scheduler, SSW | Exactly-once registered one-cycle event per fault episode. Never manager STOP. |",accepted_literal_or_current_section,63,"| `o_system_abort_event` | 1 | Top registered owner-abort merge -> AMI, Scheduler, SSW | Exactly-once registered one-cycle event per fault episode. Never manager STOP. |",106,Current source line or its exact current API section contains the named member.
3105,C24,o_system_stop_request_event,output,ppg_system_integration/PPG_SYSTEM_FAULT_ABORT_SUPERVISOR_INTERFACE_CONTRACT.md:64,64,| `o_system_stop_request_event` | 1 | Top stop merge | Exactly-once registered one-cycle event per fault episode. |,accepted_literal_or_current_section,64,| `o_system_stop_request_event` | 1 | Top stop merge | Exactly-once registered one-cycle event per fault episode. |,107,Current source line or its exact current API section contains the named member.
3106,C24,o_system_fault_discard_event,output,ppg_system_integration/PPG_SYSTEM_FAULT_ABORT_SUPERVISOR_INTERFACE_CONTRACT.md:65,65,| `o_system_fault_discard_event` | 1 | AMI | Exactly-once registered one-cycle event per blocking-fault episode. It makes AMI select `DISCARD_SYSTEM_FAULT`; it is neither completion nor an owner-release acknowledgement. |,accepted_literal_or_current_section,65,| `o_system_fault_discard_event` | 1 | AMI | Exactly-once registered one-cycle event per blocking-fault episode. It makes AMI select `DISCARD_SYSTEM_FAULT`; it is neither completion nor an owner-release acknowledgement. |,108,Current source line or its exact current API section contains the named member.
3107,C24,o_system_fault_cause_valid,output,ppg_system_integration/PPG_SYSTEM_FAULT_ABORT_SUPERVISOR_INTERFACE_CONTRACT.md:66,66,| `o_system_fault_cause_valid` / `cause` / `source` / `identity_valid` / `<FAULT_ID>` | `1/8/4/1/each field` | Top observation / CSR | Atomic first blocking-fault snapshot. |,accepted_literal_or_current_section,66,| `o_system_fault_cause_valid` / `cause` / `source` / `identity_valid` / `<FAULT_ID>` | `1/8/4/1/each field` | Top observation / CSR | Atomic first blocking-fault snapshot. |,111,Current source line or its exact current API section contains the named member.
3108,C24,o_system_fault_cause,output,ppg_system_integration/PPG_SYSTEM_FAULT_ABORT_SUPERVISOR_INTERFACE_CONTRACT.md:66,66,| `o_system_fault_cause_valid` / `cause` / `source` / `identity_valid` / `<FAULT_ID>` | `1/8/4/1/each field` | Top observation / CSR | Atomic first blocking-fault snapshot. |,accepted_complete_fault_group,66,| `o_system_fault_cause_valid` / `cause` / `source` / `identity_valid` / `<FAULT_ID>` | `1/8/4/1/each field` | Top observation / CSR | Atomic first blocking-fault snapshot. |,112,Exact source-lane/output fault group and explicit six-field FAULT_ID definition; no unsupported TXN epoch members inferred.
3109,C24,o_system_fault_source,output,ppg_system_integration/PPG_SYSTEM_FAULT_ABORT_SUPERVISOR_INTERFACE_CONTRACT.md:66,66,| `o_system_fault_cause_valid` / `cause` / `source` / `identity_valid` / `<FAULT_ID>` | `1/8/4/1/each field` | Top observation / CSR | Atomic first blocking-fault snapshot. |,accepted_complete_fault_group,66,| `o_system_fault_cause_valid` / `cause` / `source` / `identity_valid` / `<FAULT_ID>` | `1/8/4/1/each field` | Top observation / CSR | Atomic first blocking-fault snapshot. |,113,Exact source-lane/output fault group and explicit six-field FAULT_ID definition; no unsupported TXN epoch members inferred.
3110,C24,o_system_fault_identity_valid,output,ppg_system_integration/PPG_SYSTEM_FAULT_ABORT_SUPERVISOR_INTERFACE_CONTRACT.md:66,66,| `o_system_fault_cause_valid` / `cause` / `source` / `identity_valid` / `<FAULT_ID>` | `1/8/4/1/each field` | Top observation / CSR | Atomic first blocking-fault snapshot. |,accepted_complete_fault_group,66,| `o_system_fault_cause_valid` / `cause` / `source` / `identity_valid` / `<FAULT_ID>` | `1/8/4/1/each field` | Top observation / CSR | Atomic first blocking-fault snapshot. |,114,Exact source-lane/output fault group and explicit six-field FAULT_ID definition; no unsupported TXN epoch members inferred.
3111,C24,o_system_fault_frame_id,output,ppg_system_integration/PPG_SYSTEM_FAULT_ABORT_SUPERVISOR_INTERFACE_CONTRACT.md:66,66,| `o_system_fault_cause_valid` / `cause` / `source` / `identity_valid` / `<FAULT_ID>` | `1/8/4/1/each field` | Top observation / CSR | Atomic first blocking-fault snapshot. |,accepted_complete_fault_group,66,| `o_system_fault_cause_valid` / `cause` / `source` / `identity_valid` / `<FAULT_ID>` | `1/8/4/1/each field` | Top observation / CSR | Atomic first blocking-fault snapshot. |,115,Exact source-lane/output fault group and explicit six-field FAULT_ID definition; no unsupported TXN epoch members inferred.
3112,C24,o_system_fault_sample_index,output,ppg_system_integration/PPG_SYSTEM_FAULT_ABORT_SUPERVISOR_INTERFACE_CONTRACT.md:66,66,| `o_system_fault_cause_valid` / `cause` / `source` / `identity_valid` / `<FAULT_ID>` | `1/8/4/1/each field` | Top observation / CSR | Atomic first blocking-fault snapshot. |,accepted_complete_fault_group,66,| `o_system_fault_cause_valid` / `cause` / `source` / `identity_valid` / `<FAULT_ID>` | `1/8/4/1/each field` | Top observation / CSR | Atomic first blocking-fault snapshot. |,116,Exact source-lane/output fault group and explicit six-field FAULT_ID definition; no unsupported TXN epoch members inferred.
3113,C24,o_system_fault_color_ir,output,ppg_system_integration/PPG_SYSTEM_FAULT_ABORT_SUPERVISOR_INTERFACE_CONTRACT.md:66,66,| `o_system_fault_cause_valid` / `cause` / `source` / `identity_valid` / `<FAULT_ID>` | `1/8/4/1/each field` | Top observation / CSR | Atomic first blocking-fault snapshot. |,accepted_complete_fault_group,66,| `o_system_fault_cause_valid` / `cause` / `source` / `identity_valid` / `<FAULT_ID>` | `1/8/4/1/each field` | Top observation / CSR | Atomic first blocking-fault snapshot. |,117,Exact source-lane/output fault group and explicit six-field FAULT_ID definition; no unsupported TXN epoch members inferred.
3114,C24,o_system_fault_frame_type,output,ppg_system_integration/PPG_SYSTEM_FAULT_ABORT_SUPERVISOR_INTERFACE_CONTRACT.md:66,66,| `o_system_fault_cause_valid` / `cause` / `source` / `identity_valid` / `<FAULT_ID>` | `1/8/4/1/each field` | Top observation / CSR | Atomic first blocking-fault snapshot. |,accepted_complete_fault_group,66,| `o_system_fault_cause_valid` / `cause` / `source` / `identity_valid` / `<FAULT_ID>` | `1/8/4/1/each field` | Top observation / CSR | Atomic first blocking-fault snapshot. |,118,Exact source-lane/output fault group and explicit six-field FAULT_ID definition; no unsupported TXN epoch members inferred.
3115,C24,o_system_fault_precision,output,ppg_system_integration/PPG_SYSTEM_FAULT_ABORT_SUPERVISOR_INTERFACE_CONTRACT.md:66,66,| `o_system_fault_cause_valid` / `cause` / `source` / `identity_valid` / `<FAULT_ID>` | `1/8/4/1/each field` | Top observation / CSR | Atomic first blocking-fault snapshot. |,accepted_complete_fault_group,66,| `o_system_fault_cause_valid` / `cause` / `source` / `identity_valid` / `<FAULT_ID>` | `1/8/4/1/each field` | Top observation / CSR | Atomic first blocking-fault snapshot. |,119,Exact source-lane/output fault group and explicit six-field FAULT_ID definition; no unsupported TXN epoch members inferred.
3116,C24,o_system_fault_run_generation,output,ppg_system_integration/PPG_SYSTEM_FAULT_ABORT_SUPERVISOR_INTERFACE_CONTRACT.md:66,66,| `o_system_fault_cause_valid` / `cause` / `source` / `identity_valid` / `<FAULT_ID>` | `1/8/4/1/each field` | Top observation / CSR | Atomic first blocking-fault snapshot. |,accepted_complete_fault_group,66,| `o_system_fault_cause_valid` / `cause` / `source` / `identity_valid` / `<FAULT_ID>` | `1/8/4/1/each field` | Top observation / CSR | Atomic first blocking-fault snapshot. |,120,Exact source-lane/output fault group and explicit six-field FAULT_ID definition; no unsupported TXN epoch members inferred.
3117,C24,o_system_fault_summary,output,ppg_system_integration/PPG_SYSTEM_FAULT_ABORT_SUPERVISOR_INTERFACE_CONTRACT.md:67,67,| `o_system_fault_summary` | 16 | Top observation / CSR | Historical bitwise blocking-cause summary. |,accepted_literal_or_current_section,67,| `o_system_fault_summary` | 16 | Top observation / CSR | Historical bitwise blocking-cause summary. |,123,Current source line or its exact current API section contains the named member.
3118,C24,o_result_discard_summary_sticky,output,ppg_system_integration/PPG_SYSTEM_FAULT_ABORT_SUPERVISOR_INTERFACE_CONTRACT.md:68,68,| `o_result_discard_summary_sticky` | 1 | Top observation / CSR | Historical non-blocking lifecycle-discard summary. |,accepted_literal_or_current_section,68,| `o_result_discard_summary_sticky` | 1 | Top observation / CSR | Historical non-blocking lifecycle-discard summary. |,124,Current source line or its exact current API section contains the named member.
