"contract_id","contract_path","line","requirement","status","verdict","testbench_or_owner","evidence","remaining_or_limit"
"RAW-01","C:/Users/DAWN/.codex/visualizations/2026/10/02/01a0fd16-9489-7e50-a7b6-a1178fd92bf1/ppg_audit/snapshot/contracts/PPG_REAL_PPG_RAW_GENERATOR_TESTBENCH_CONTRACT.md","398","| RAW-01 | RED and IR each produce one `PHOTODIODE`-input NORMAL RAW sample per accepted physical frame. |","完成","已审真实激励/比较及RTL对应分支；不作穷尽覆盖结论","C:/Users/DAWN/.codex/visualizations/2026/10/02/01a0fd16-9489-7e50-a7b6-a1178fd92bf1/ppg_audit/snapshot/rtl/ppg_control_top/tb_ppg_real_raw_generator_selfcheck.v","C:/Users/DAWN/.codex/visualizations/2026/10/02/01a0fd78-b9b8-78f2-8e39-c02cd0049c19/ppg_review_C/evidence/system_review_20261004.md","RAW函数/自检不代替真实owner/AMI及10秒运行；对应系统序列在已审TB与JNT，10秒由A"
"RAW-02","C:/Users/DAWN/.codex/visualizations/2026/10/02/01a0fd16-9489-7e50-a7b6-a1178fd92bf1/ppg_audit/snapshot/contracts/PPG_REAL_PPG_RAW_GENERATOR_TESTBENCH_CONTRACT.md","399","| RAW-02 | A trace demonstrates a fast rise, slow decay, dicrotic notch/rebound, and baseline drift. |","完成","已审真实激励/比较及RTL对应分支；不作穷尽覆盖结论","C:/Users/DAWN/.codex/visualizations/2026/10/02/01a0fd16-9489-7e50-a7b6-a1178fd92bf1/ppg_audit/snapshot/rtl/ppg_control_top/tb_ppg_real_raw_generator_selfcheck.v","C:/Users/DAWN/.codex/visualizations/2026/10/02/01a0fd78-b9b8-78f2-8e39-c02cd0049c19/ppg_review_C/evidence/system_review_20261004.md","RAW函数/自检不代替真实owner/AMI及10秒运行；对应系统序列在已审TB与JNT，10秒由A"
"RAW-03","C:/Users/DAWN/.codex/visualizations/2026/10/02/01a0fd16-9489-7e50-a7b6-a1178fd92bf1/ppg_audit/snapshot/contracts/PPG_REAL_PPG_RAW_GENERATOR_TESTBENCH_CONTRACT.md","400","| RAW-03 | The deterministic noise sequence has the configured fixed bound and is bit-identical on repeat simulation. |","完成","已审真实激励/比较及RTL对应分支；不作穷尽覆盖结论","C:/Users/DAWN/.codex/visualizations/2026/10/02/01a0fd16-9489-7e50-a7b6-a1178fd92bf1/ppg_audit/snapshot/rtl/ppg_control_top/tb_ppg_real_raw_generator_selfcheck.v","C:/Users/DAWN/.codex/visualizations/2026/10/02/01a0fd78-b9b8-78f2-8e39-c02cd0049c19/ppg_review_C/evidence/system_review_20261004.md","RAW函数/自检不代替真实owner/AMI及10秒运行；对应系统序列在已审TB与JNT，10秒由A"
"RAW-04","C:/Users/DAWN/.codex/visualizations/2026/10/02/01a0fd16-9489-7e50-a7b6-a1178fd92bf1/ppg_audit/snapshot/contracts/PPG_REAL_PPG_RAW_GENERATOR_TESTBENCH_CONTRACT.md","401","| RAW-04 | The code is explicitly clamped at the selected SAR numeric bounds. |","完成","已审真实激励/比较及RTL对应分支；不作穷尽覆盖结论","C:/Users/DAWN/.codex/visualizations/2026/10/02/01a0fd16-9489-7e50-a7b6-a1178fd92bf1/ppg_audit/snapshot/rtl/ppg_control_top/tb_ppg_real_raw_generator_selfcheck.v","C:/Users/DAWN/.codex/visualizations/2026/10/02/01a0fd78-b9b8-78f2-8e39-c02cd0049c19/ppg_review_C/evidence/system_review_20261004.md","RAW函数/自检不代替真实owner/AMI及10秒运行；对应系统序列在已审TB与JNT，10秒由A"
"RAW-05","C:/Users/DAWN/.codex/visualizations/2026/10/02/01a0fd16-9489-7e50-a7b6-a1178fd92bf1/ppg_audit/snapshot/contracts/PPG_REAL_PPG_RAW_GENERATOR_TESTBENCH_CONTRACT.md","402","| RAW-05 | No `CLK_DOUT` occurs before the selected Q3 window has ended. |","完成","已审真实激励/比较及RTL对应分支；不作穷尽覆盖结论","C:/Users/DAWN/.codex/visualizations/2026/10/02/01a0fd16-9489-7e50-a7b6-a1178fd92bf1/ppg_audit/snapshot/rtl/ppg_control_top/tb_ppg_real_raw_generator_selfcheck.v","C:/Users/DAWN/.codex/visualizations/2026/10/02/01a0fd78-b9b8-78f2-8e39-c02cd0049c19/ppg_review_C/evidence/system_review_20261004.md","RAW函数/自检不代替真实owner/AMI及10秒运行；对应系统序列在已审TB与JNT，10秒由A"
"RAW-06","C:/Users/DAWN/.codex/visualizations/2026/10/02/01a0fd16-9489-7e50-a7b6-a1178fd92bf1/ppg_audit/snapshot/contracts/PPG_REAL_PPG_RAW_GENERATOR_TESTBENCH_CONTRACT.md","403","| RAW-06 | `CLK_DOUT` enters the real AMI async capture path; the testbench does not directly drive AMI completion outputs or internal result state. |","完成","已审真实激励/比较及RTL对应分支；不作穷尽覆盖结论","C:/Users/DAWN/.codex/visualizations/2026/10/02/01a0fd16-9489-7e50-a7b6-a1178fd92bf1/ppg_audit/snapshot/rtl/ppg_control_top/tb_ppg_real_raw_generator_selfcheck.v","C:/Users/DAWN/.codex/visualizations/2026/10/02/01a0fd78-b9b8-78f2-8e39-c02cd0049c19/ppg_review_C/evidence/system_review_20261004.md","RAW函数/自检不代替真实owner/AMI及10秒运行；对应系统序列在已审TB与JNT，10秒由A"
"RAW-07","C:/Users/DAWN/.codex/visualizations/2026/10/02/01a0fd16-9489-7e50-a7b6-a1178fd92bf1/ppg_audit/snapshot/contracts/PPG_REAL_PPG_RAW_GENERATOR_TESTBENCH_CONTRACT.md","404","| RAW-07 | Completion occurs only after AMI capture and owner-identity matching, not after a fixed fire-relative clock count. |","完成","已审真实激励/比较及RTL对应分支；不作穷尽覆盖结论","C:/Users/DAWN/.codex/visualizations/2026/10/02/01a0fd16-9489-7e50-a7b6-a1178fd92bf1/ppg_audit/snapshot/rtl/ppg_control_top/tb_ppg_real_raw_generator_selfcheck.v","C:/Users/DAWN/.codex/visualizations/2026/10/02/01a0fd78-b9b8-78f2-8e39-c02cd0049c19/ppg_review_C/evidence/system_review_20261004.md","RAW函数/自检不代替真实owner/AMI及10秒运行；对应系统序列在已审TB与JNT，10秒由A"
"RAW-08","C:/Users/DAWN/.codex/visualizations/2026/10/02/01a0fd16-9489-7e50-a7b6-a1178fd92bf1/ppg_audit/snapshot/contracts/PPG_REAL_PPG_RAW_GENERATOR_TESTBENCH_CONTRACT.md","405","| RAW-08 | IR waveform preparation can precede RED completion, while IR RAW transfer still waits for IR owner commit. |","完成","已审真实激励/比较及RTL对应分支；不作穷尽覆盖结论","C:/Users/DAWN/.codex/visualizations/2026/10/02/01a0fd16-9489-7e50-a7b6-a1178fd92bf1/ppg_audit/snapshot/rtl/ppg_control_top/tb_ppg_real_raw_generator_selfcheck.v","C:/Users/DAWN/.codex/visualizations/2026/10/02/01a0fd78-b9b8-78f2-8e39-c02cd0049c19/ppg_review_C/evidence/system_review_20261004.md","RAW函数/自检不代替真实owner/AMI及10秒运行；对应系统序列在已审TB与JNT，10秒由A"
"RAW-09","C:/Users/DAWN/.codex/visualizations/2026/10/02/01a0fd16-9489-7e50-a7b6-a1178fd92bf1/ppg_audit/snapshot/contracts/PPG_REAL_PPG_RAW_GENERATOR_TESTBENCH_CONTRACT.md","406","| RAW-09 | SAR9/SAR15 conversion retains the same color/frame physiological sample identity. |","完成","已审真实激励/比较及RTL对应分支；不作穷尽覆盖结论","C:/Users/DAWN/.codex/visualizations/2026/10/02/01a0fd16-9489-7e50-a7b6-a1178fd92bf1/ppg_audit/snapshot/rtl/ppg_control_top/tb_ppg_real_raw_generator_selfcheck.v","C:/Users/DAWN/.codex/visualizations/2026/10/02/01a0fd78-b9b8-78f2-8e39-c02cd0049c19/ppg_review_C/evidence/system_review_20261004.md","RAW函数/自检不代替真实owner/AMI及10秒运行；对应系统序列在已审TB与JNT，10秒由A"
"RAW-10","C:/Users/DAWN/.codex/visualizations/2026/10/02/01a0fd16-9489-7e50-a7b6-a1178fd92bf1/ppg_audit/snapshot/contracts/PPG_REAL_PPG_RAW_GENERATOR_TESTBENCH_CONTRACT.md","407","| RAW-10 | Abort permits only the matching old-owner `success=0` release path; reset prevents old RAW reuse. |","完成","已审真实激励/比较及RTL对应分支；不作穷尽覆盖结论","C:/Users/DAWN/.codex/visualizations/2026/10/02/01a0fd16-9489-7e50-a7b6-a1178fd92bf1/ppg_audit/snapshot/rtl/ppg_control_top/tb_ppg_real_raw_generator_selfcheck.v","C:/Users/DAWN/.codex/visualizations/2026/10/02/01a0fd78-b9b8-78f2-8e39-c02cd0049c19/ppg_review_C/evidence/system_review_20261004.md","RAW函数/自检不代替真实owner/AMI及10秒运行；对应系统序列在已审TB与JNT，10秒由A"
"RAW-11","C:/Users/DAWN/.codex/visualizations/2026/10/02/01a0fd16-9489-7e50-a7b6-a1178fd92bf1/ppg_audit/snapshot/contracts/PPG_REAL_PPG_RAW_GENERATOR_TESTBENCH_CONTRACT.md","408","| RAW-11 | Missing owner commitment, owner timeout, or mismatch cannot be hidden by a generated DONE. |","完成","已审真实激励/比较及RTL对应分支；不作穷尽覆盖结论","C:/Users/DAWN/.codex/visualizations/2026/10/02/01a0fd16-9489-7e50-a7b6-a1178fd92bf1/ppg_audit/snapshot/rtl/ppg_control_top/tb_ppg_real_raw_generator_selfcheck.v","C:/Users/DAWN/.codex/visualizations/2026/10/02/01a0fd78-b9b8-78f2-8e39-c02cd0049c19/ppg_review_C/evidence/system_review_20261004.md","RAW函数/自检不代替真实owner/AMI及10秒运行；对应系统序列在已审TB与JNT，10秒由A"
"RAW-12","C:/Users/DAWN/.codex/visualizations/2026/10/02/01a0fd16-9489-7e50-a7b6-a1178fd92bf1/ppg_audit/snapshot/contracts/PPG_REAL_PPG_RAW_GENERATOR_TESTBENCH_CONTRACT.md","409","| RAW-12 | A post-START run covers at least 10 seconds, 4,000 physical frames, and 20,000,000 2 MHz cycles without a 32-bit timeout overflow. |","部分","10秒/12000ms time guard源码已核对；完整长回归未闭环","C:/Users/DAWN/.codex/visualizations/2026/10/02/01a0fd16-9489-7e50-a7b6-a1178fd92bf1/ppg_audit/snapshot/rtl/ppg_control_top/tb_ppg_real_raw_generator_selfcheck.v","C:/Users/DAWN/.codex/visualizations/2026/10/02/01a0fd78-b9b8-78f2-8e39-c02cd0049c19/ppg_review_C/evidence/system_review_20261004.md","RAW函数/自检不代替真实owner/AMI及10秒运行；对应系统序列在已审TB与JNT，10秒由A"
"RAW-13","C:/Users/DAWN/.codex/visualizations/2026/10/02/01a0fd16-9489-7e50-a7b6-a1178fd92bf1/ppg_audit/snapshot/contracts/PPG_REAL_PPG_RAW_GENERATOR_TESTBENCH_CONTRACT.md","410","| RAW-13 | The guard is a `time`-typed 12-second watchdog; it neither shortens the 10-second observation window nor substitutes for frame/sample coverage checks. |","部分","10秒/12000ms time guard源码已核对；完整长回归未闭环","C:/Users/DAWN/.codex/visualizations/2026/10/02/01a0fd16-9489-7e50-a7b6-a1178fd92bf1/ppg_audit/snapshot/rtl/ppg_control_top/tb_ppg_real_raw_generator_selfcheck.v","C:/Users/DAWN/.codex/visualizations/2026/10/02/01a0fd78-b9b8-78f2-8e39-c02cd0049c19/ppg_review_C/evidence/system_review_20261004.md","RAW函数/自检不代替真实owner/AMI及10秒运行；对应系统序列在已审TB与JNT，10秒由A"
"SID-01","C:/Users/DAWN/.codex/visualizations/2026/10/02/01a0fd16-9489-7e50-a7b6-a1178fd92bf1/ppg_audit/snapshot/contracts/PPG_REAL_PPG_RAW_GENERATOR_TESTBENCH_CONTRACT.md","549","| SID-01 | START creates exactly one startup IDAC safe boundary after the required physical-idle qualifications; it creates no waveform, ADC owner, macro frame, result, or sample-index advance. |","部分","本合同条款已读；非C主责动态家族未独立签核","A/B主责对应系统TB（详见OWNERSHIP_4CHAT.csv）","C:/Users/DAWN/.codex/visualizations/2026/10/02/01a0fd16-9489-7e50-a7b6-a1178fd92bf1/ppg_audit/snapshot/contracts/PPG_ALIAS_MAPPING_TABLE.md","相应主责组补全真实动态验收；C只核对涉及本数值链的依赖条款"
"SID-02","C:/Users/DAWN/.codex/visualizations/2026/10/02/01a0fd16-9489-7e50-a7b6-a1178fd92bf1/ppg_audit/snapshot/contracts/PPG_REAL_PPG_RAW_GENERATOR_TESTBENCH_CONTRACT.md","550","| SID-02 | Automatic startup requests and accepted stages occur strictly in AMB, DC_R, DC_IR order; an enabled stage cannot be skipped or duplicated. |","部分","本合同条款已读；非C主责动态家族未独立签核","A/B主责对应系统TB（详见OWNERSHIP_4CHAT.csv）","C:/Users/DAWN/.codex/visualizations/2026/10/02/01a0fd16-9489-7e50-a7b6-a1178fd92bf1/ppg_audit/snapshot/contracts/PPG_ALIAS_MAPPING_TABLE.md","相应主责组补全真实动态验收；C只核对涉及本数值链的依赖条款"
"SID-03","C:/Users/DAWN/.codex/visualizations/2026/10/02/01a0fd16-9489-7e50-a7b6-a1178fd92bf1/ppg_audit/snapshot/contracts/PPG_REAL_PPG_RAW_GENERATOR_TESTBENCH_CONTRACT.md","551","| SID-03 | AMB_CAL, DCS_CAL RED, and DCS_CAL IR each use local Q3=266 without red/IR NORMAL-Q3 substitution. |","部分","本合同条款已读；非C主责动态家族未独立签核","A/B主责对应系统TB（详见OWNERSHIP_4CHAT.csv）","C:/Users/DAWN/.codex/visualizations/2026/10/02/01a0fd16-9489-7e50-a7b6-a1178fd92bf1/ppg_audit/snapshot/contracts/PPG_ALIAS_MAPPING_TABLE.md","相应主责组补全真实动态验收；C只核对涉及本数值链的依赖条款"
"SID-04","C:/Users/DAWN/.codex/visualizations/2026/10/02/01a0fd16-9489-7e50-a7b6-a1178fd92bf1/ppg_audit/snapshot/contracts/PPG_REAL_PPG_RAW_GENERATOR_TESTBENCH_CONTRACT.md","552","| SID-04 | Every evaluated candidate uses eight physical SAR9 subframes whose adjacent Q3 centers are exactly 625 ticks apart; every subframe completes only through its dedicated Q3 end, asynchronous `CLK_DOUT`/RAW transfer, AMI capture/latch, calibration-identity match, and AMI completion sideband, with no direct result or search-evidence injection. |","部分","本合同条款已读；非C主责动态家族未独立签核","A/B主责对应系统TB（详见OWNERSHIP_4CHAT.csv）","C:/Users/DAWN/.codex/visualizations/2026/10/02/01a0fd16-9489-7e50-a7b6-a1178fd92bf1/ppg_audit/snapshot/contracts/PPG_ALIAS_MAPPING_TABLE.md","相应主责组补全真实动态验收；C只核对涉及本数值链的依赖条款"
"SID-05","C:/Users/DAWN/.codex/visualizations/2026/10/02/01a0fd16-9489-7e50-a7b6-a1178fd92bf1/ppg_audit/snapshot/contracts/PPG_REAL_PPG_RAW_GENERATOR_TESTBENCH_CONTRACT.md","553","| SID-05 | Each calibration ADC owner commits no later than local tick 248; a missed deadline suppresses the affected conversion and cannot consume a sample index. |","部分","本合同条款已读；非C主责动态家族未独立签核","A/B主责对应系统TB（详见OWNERSHIP_4CHAT.csv）","C:/Users/DAWN/.codex/visualizations/2026/10/02/01a0fd16-9489-7e50-a7b6-a1178fd92bf1/ppg_audit/snapshot/contracts/PPG_ALIAS_MAPPING_TABLE.md","相应主责组补全真实动态验收；C只核对涉及本数值链的依赖条款"
"SID-06","C:/Users/DAWN/.codex/visualizations/2026/10/02/01a0fd16-9489-7e50-a7b6-a1178fd92bf1/ppg_audit/snapshot/contracts/PPG_REAL_PPG_RAW_GENERATOR_TESTBENCH_CONTRACT.md","554","| SID-06 | Candidate, confirmed AMB code, color, type, and epochs are captured before preparation; an update after tick 385 affects only the next subframe. |","部分","本合同条款已读；非C主责动态家族未独立签核","A/B主责对应系统TB（详见OWNERSHIP_4CHAT.csv）","C:/Users/DAWN/.codex/visualizations/2026/10/02/01a0fd16-9489-7e50-a7b6-a1178fd92bf1/ppg_audit/snapshot/contracts/PPG_ALIAS_MAPPING_TABLE.md","相应主责组补全真实动态验收；C只核对涉及本数值链的依赖条款"
"SID-07","C:/Users/DAWN/.codex/visualizations/2026/10/02/01a0fd16-9489-7e50-a7b6-a1178fd92bf1/ppg_audit/snapshot/contracts/PPG_REAL_PPG_RAW_GENERATOR_TESTBENCH_CONTRACT.md","555","| SID-07 | AMB_CAL follows its dedicated netlist waveform, keeps both LEDs and all DC buses inactive, and drives only the qualified SAR9 AMB candidate-code window. |","部分","本合同条款已读；非C主责动态家族未独立签核","A/B主责对应系统TB（详见OWNERSHIP_4CHAT.csv）","C:/Users/DAWN/.codex/visualizations/2026/10/02/01a0fd16-9489-7e50-a7b6-a1178fd92bf1/ppg_audit/snapshot/contracts/PPG_ALIAS_MAPPING_TABLE.md","相应主责组补全真实动态验收；C只核对涉及本数值链的依赖条款"
"SID-08","C:/Users/DAWN/.codex/visualizations/2026/10/02/01a0fd16-9489-7e50-a7b6-a1178fd92bf1/ppg_audit/snapshot/contracts/PPG_REAL_PPG_RAW_GENERATOR_TESTBENCH_CONTRACT.md","556","| SID-08 | DCS_CAL RED follows its dedicated netlist waveform and uses the confirmed AMB code plus the DC_R candidate without enabling an IR LED window. |","部分","本合同条款已读；非C主责动态家族未独立签核","A/B主责对应系统TB（详见OWNERSHIP_4CHAT.csv）","C:/Users/DAWN/.codex/visualizations/2026/10/02/01a0fd16-9489-7e50-a7b6-a1178fd92bf1/ppg_audit/snapshot/contracts/PPG_ALIAS_MAPPING_TABLE.md","相应主责组补全真实动态验收；C只核对涉及本数值链的依赖条款"
"SID-09","C:/Users/DAWN/.codex/visualizations/2026/10/02/01a0fd16-9489-7e50-a7b6-a1178fd92bf1/ppg_audit/snapshot/contracts/PPG_REAL_PPG_RAW_GENERATOR_TESTBENCH_CONTRACT.md","557","| SID-09 | DCS_CAL IR follows its dedicated netlist waveform and uses the confirmed AMB code plus the DC_IR candidate without enabling a RED LED window. |","部分","本合同条款已读；非C主责动态家族未独立签核","A/B主责对应系统TB（详见OWNERSHIP_4CHAT.csv）","C:/Users/DAWN/.codex/visualizations/2026/10/02/01a0fd16-9489-7e50-a7b6-a1178fd92bf1/ppg_audit/snapshot/contracts/PPG_ALIAS_MAPPING_TABLE.md","相应主责组补全真实动态验收；C只核对涉及本数值链的依赖条款"
"SID-10","C:/Users/DAWN/.codex/visualizations/2026/10/02/01a0fd16-9489-7e50-a7b6-a1178fd92bf1/ppg_audit/snapshot/contracts/PPG_REAL_PPG_RAW_GENERATOR_TESTBENCH_CONTRACT.md","558","| SID-10 | Exactly eight matching successful results contribute to each candidate evaluation; wrong type, color, sample index, code snapshot, or epoch is consumed only by its contractual reject path and cannot advance the search. |","部分","本合同条款已读；非C主责动态家族未独立签核","A/B主责对应系统TB（详见OWNERSHIP_4CHAT.csv）","C:/Users/DAWN/.codex/visualizations/2026/10/02/01a0fd16-9489-7e50-a7b6-a1178fd92bf1/ppg_audit/snapshot/contracts/PPG_ALIAS_MAPPING_TABLE.md","相应主责组补全真实动态验收；C只核对涉及本数值链的依赖条款"
"SID-11","C:/Users/DAWN/.codex/visualizations/2026/10/02/01a0fd16-9489-7e50-a7b6-a1178fd92bf1/ppg_audit/snapshot/contracts/PPG_REAL_PPG_RAW_GENERATOR_TESTBENCH_CONTRACT.md","559","| SID-11 | A double-saturated or otherwise ineligible sample cannot advance search evidence and must produce the specified protocol diagnostic; no replacement result may be fabricated. |","部分","本合同条款已读；非C主责动态家族未独立签核","A/B主责对应系统TB（详见OWNERSHIP_4CHAT.csv）","C:/Users/DAWN/.codex/visualizations/2026/10/02/01a0fd16-9489-7e50-a7b6-a1178fd92bf1/ppg_audit/snapshot/contracts/PPG_ALIAS_MAPPING_TABLE.md","相应主责组补全真实动态验收；C只核对涉及本数值链的依赖条款"
"SID-12","C:/Users/DAWN/.codex/visualizations/2026/10/02/01a0fd16-9489-7e50-a7b6-a1178fd92bf1/ppg_audit/snapshot/contracts/PPG_REAL_PPG_RAW_GENERATOR_TESTBENCH_CONTRACT.md","560","| SID-12 | Successful AMB/DC_R/DC_IR closure asserts startup complete before the first NORMAL owner; search exhaustion keeps the boundary code, asserts exhausted/fault, leaves startup complete low, and blocks NORMAL. |","部分","本合同条款已读；非C主责动态家族未独立签核","A/B主责对应系统TB（详见OWNERSHIP_4CHAT.csv）","C:/Users/DAWN/.codex/visualizations/2026/10/02/01a0fd16-9489-7e50-a7b6-a1178fd92bf1/ppg_audit/snapshot/contracts/PPG_ALIAS_MAPPING_TABLE.md","相应主责组补全真实动态验收；C只核对涉及本数值链的依赖条款"
"TRK-01","C:/Users/DAWN/.codex/visualizations/2026/10/02/01a0fd16-9489-7e50-a7b6-a1178fd92bf1/ppg_audit/snapshot/contracts/PPG_REAL_PPG_RAW_GENERATOR_TESTBENCH_CONTRACT.md","566","| TRK-01 | Invalid tracking input or a changing payload while valid is low cannot change evidence, pending code, committed code, or epoch. |","部分","已接受结构AND资格证明及被动检查；不重报active注入不可构造","C:/Users/DAWN/.codex/visualizations/2026/10/02/01a0fd16-9489-7e50-a7b6-a1178fd92bf1/ppg_audit/snapshot/rtl/ppg_control_top/tb_ppg_control_top_normal_slow_tracking.v","C:/Users/DAWN/.codex/visualizations/2026/10/02/01a0fd78-b9b8-78f2-8e39-c02cd0049c19/ppg_review_C/evidence/system_review_20261004.md","完整系统运行由A继续；叶子IDT和结构证明只补相应子义务"
"TRK-02","C:/Users/DAWN/.codex/visualizations/2026/10/02/01a0fd16-9489-7e50-a7b6-a1178fd92bf1/ppg_audit/snapshot/contracts/PPG_REAL_PPG_RAW_GENERATOR_TESTBENCH_CONTRACT.md","567","| TRK-02 | In-window evidence clears the matching direction count; consecutive out-of-window evidence reaches pending only at the configured confirmation count. |","部分","语义及跨Unit/结构对应已审；同版本完整系统运行待A","C:/Users/DAWN/.codex/visualizations/2026/10/02/01a0fd16-9489-7e50-a7b6-a1178fd92bf1/ppg_audit/snapshot/rtl/ppg_control_top/tb_ppg_control_top_normal_slow_tracking.v","C:/Users/DAWN/.codex/visualizations/2026/10/02/01a0fd78-b9b8-78f2-8e39-c02cd0049c19/ppg_review_C/evidence/system_review_20261004.md","完整系统运行由A继续；叶子IDT和结构证明只补相应子义务"
"TRK-03","C:/Users/DAWN/.codex/visualizations/2026/10/02/01a0fd16-9489-7e50-a7b6-a1178fd92bf1/ppg_audit/snapshot/contracts/PPG_REAL_PPG_RAW_GENERATOR_TESTBENCH_CONTRACT.md","568","| TRK-03 | A high/low direction reversal clears the old count and starts the opposite count at one without producing two pending updates. |","部分","语义及跨Unit/结构对应已审；同版本完整系统运行待A","C:/Users/DAWN/.codex/visualizations/2026/10/02/01a0fd16-9489-7e50-a7b6-a1178fd92bf1/ppg_audit/snapshot/rtl/ppg_control_top/tb_ppg_control_top_normal_slow_tracking.v","C:/Users/DAWN/.codex/visualizations/2026/10/02/01a0fd78-b9b8-78f2-8e39-c02cd0049c19/ppg_review_C/evidence/system_review_20261004.md","完整系统运行由A继续；叶子IDT和结构证明只补相应子义务"
"TRK-04","C:/Users/DAWN/.codex/visualizations/2026/10/02/01a0fd16-9489-7e50-a7b6-a1178fd92bf1/ppg_audit/snapshot/contracts/PPG_REAL_PPG_RAW_GENERATOR_TESTBENCH_CONTRACT.md","569","| TRK-04 | RED and IR evidence, pending code, committed code, saturation state, and epoch remain independent under interleaved results. |","部分","语义及跨Unit/结构对应已审；同版本完整系统运行待A","C:/Users/DAWN/.codex/visualizations/2026/10/02/01a0fd16-9489-7e50-a7b6-a1178fd92bf1/ppg_audit/snapshot/rtl/ppg_control_top/tb_ppg_control_top_normal_slow_tracking.v","C:/Users/DAWN/.codex/visualizations/2026/10/02/01a0fd78-b9b8-78f2-8e39-c02cd0049c19/ppg_review_C/evidence/system_review_20261004.md","完整系统运行由A继续；叶子IDT和结构证明只补相应子义务"
"TRK-05","C:/Users/DAWN/.codex/visualizations/2026/10/02/01a0fd16-9489-7e50-a7b6-a1178fd92bf1/ppg_audit/snapshot/contracts/PPG_REAL_PPG_RAW_GENERATOR_TESTBENCH_CONTRACT.md","570","| TRK-05 | SAR9/SAR15 transitions preserve same-color evidence, pending code, committed code, and epoch; no precision transition itself produces an update. |","部分","系统部分动态+precision从不参与状态更新的结构证明","C:/Users/DAWN/.codex/visualizations/2026/10/02/01a0fd16-9489-7e50-a7b6-a1178fd92bf1/ppg_audit/snapshot/rtl/ppg_control_top/tb_ppg_control_top_normal_slow_tracking.v","C:/Users/DAWN/.codex/visualizations/2026/10/02/01a0fd78-b9b8-78f2-8e39-c02cd0049c19/ppg_review_C/evidence/system_review_20261004.md","完整系统运行由A继续；叶子IDT和结构证明只补相应子义务"
"TRK-06","C:/Users/DAWN/.codex/visualizations/2026/10/02/01a0fd16-9489-7e50-a7b6-a1178fd92bf1/ppg_audit/snapshot/contracts/PPG_REAL_PPG_RAW_GENERATOR_TESTBENCH_CONTRACT.md","571","| TRK-06 | While pending waits for a safe boundary, formal PPG consumption continues, the pending payload remains stable, and later evidence cannot overwrite it. |","部分","系统测committed/消费；IDT11继续同向样本+pending抑制门补结构稳定证明","C:/Users/DAWN/.codex/visualizations/2026/10/02/01a0fd16-9489-7e50-a7b6-a1178fd92bf1/ppg_audit/snapshot/rtl/ppg_control_top/tb_ppg_control_top_normal_slow_tracking.v","C:/Users/DAWN/.codex/visualizations/2026/10/02/01a0fd78-b9b8-78f2-8e39-c02cd0049c19/ppg_review_C/evidence/system_review_20261004.md","完整系统运行由A继续；叶子IDT和结构证明只补相应子义务"
"TRK-07","C:/Users/DAWN/.codex/visualizations/2026/10/02/01a0fd16-9489-7e50-a7b6-a1178fd92bf1/ppg_audit/snapshot/contracts/PPG_REAL_PPG_RAW_GENERATOR_TESTBENCH_CONTRACT.md","572","| TRK-07 | A safe boundary commits at most one signed one-LSB change, emits one update and one track-adjust event, clears the matching count, and increments only that color epoch. |","部分","系统code/epoch比较；Unit IDT12实际检查update/track_adjust及单拍撤销补证","C:/Users/DAWN/.codex/visualizations/2026/10/02/01a0fd16-9489-7e50-a7b6-a1178fd92bf1/ppg_audit/snapshot/rtl/ppg_control_top/tb_ppg_control_top_normal_slow_tracking.v","C:/Users/DAWN/.codex/visualizations/2026/10/02/01a0fd78-b9b8-78f2-8e39-c02cd0049c19/ppg_review_C/evidence/system_review_20261004.md","完整系统运行由A继续；叶子IDT和结构证明只补相应子义务"
"TRK-08","C:/Users/DAWN/.codex/visualizations/2026/10/02/01a0fd16-9489-7e50-a7b6-a1178fd92bf1/ppg_audit/snapshot/contracts/PPG_REAL_PPG_RAW_GENERATOR_TESTBENCH_CONTRACT.md","573","| TRK-08 | Continued evidence at min/max cannot wrap, emit a false update, or increment epoch; an actual update from epoch 4'hF wraps to zero with correct transaction identity. |","部分","系统上限/16更新回绕+Unit IDT13上下限+adjust_allowed结构补证","C:/Users/DAWN/.codex/visualizations/2026/10/02/01a0fd16-9489-7e50-a7b6-a1178fd92bf1/ppg_audit/snapshot/rtl/ppg_control_top/tb_ppg_control_top_normal_slow_tracking.v","C:/Users/DAWN/.codex/visualizations/2026/10/02/01a0fd78-b9b8-78f2-8e39-c02cd0049c19/ppg_review_C/evidence/system_review_20261004.md","完整系统运行由A继续；叶子IDT和结构证明只补相应子义务"
"TRK-09","C:/Users/DAWN/.codex/visualizations/2026/10/02/01a0fd16-9489-7e50-a7b6-a1178fd92bf1/ppg_audit/snapshot/contracts/PPG_REAL_PPG_RAW_GENERATOR_TESTBENCH_CONTRACT.md","574","| TRK-09 | A missing calibration-applied qualification or mismatched code snapshot/epoch is consumed but cannot alter tracking evidence or pending state. |","部分","系统cal0/DC错码+Unit联合epoch错配+全部资格AND结构补证；不声称逐epoch动态隔离","C:/Users/DAWN/.codex/visualizations/2026/10/02/01a0fd16-9489-7e50-a7b6-a1178fd92bf1/ppg_audit/snapshot/rtl/ppg_control_top/tb_ppg_control_top_normal_slow_tracking.v","C:/Users/DAWN/.codex/visualizations/2026/10/02/01a0fd78-b9b8-78f2-8e39-c02cd0049c19/ppg_review_C/evidence/system_review_20261004.md","完整系统运行由A继续；叶子IDT和结构证明只补相应子义务"
"TRK-10","C:/Users/DAWN/.codex/visualizations/2026/10/02/01a0fd16-9489-7e50-a7b6-a1178fd92bf1/ppg_audit/snapshot/contracts/PPG_REAL_PPG_RAW_GENERATOR_TESTBENCH_CONTRACT.md","575","| TRK-10 | Tracking comparisons use only signed 12-bit calibrated Stage1 evidence. Stage2, reconstructed 15-bit, coarse/fine DC-recovered, and formal-output values cannot drive or substitute for that evidence. |","部分","语义及跨Unit/结构对应已审；同版本完整系统运行待A","C:/Users/DAWN/.codex/visualizations/2026/10/02/01a0fd16-9489-7e50-a7b6-a1178fd92bf1/ppg_audit/snapshot/rtl/ppg_control_top/tb_ppg_control_top_normal_slow_tracking.v","C:/Users/DAWN/.codex/visualizations/2026/10/02/01a0fd78-b9b8-78f2-8e39-c02cd0049c19/ppg_review_C/evidence/system_review_20261004.md","完整系统运行由A继续；叶子IDT和结构证明只补相应子义务"
"RRC-01","C:/Users/DAWN/.codex/visualizations/2026/10/02/01a0fd16-9489-7e50-a7b6-a1178fd92bf1/ppg_audit/snapshot/contracts/PPG_REAL_PPG_RAW_GENERATOR_TESTBENCH_CONTRACT.md","601","| RRC-01 | The interval counter advances once per completed NORMAL macro frame, not once per color or ADC result, and asserts pending at the configured frame count. |","部分","本合同条款已读；非C主责动态家族未独立签核","A/B主责对应系统TB（详见OWNERSHIP_4CHAT.csv）","C:/Users/DAWN/.codex/visualizations/2026/10/02/01a0fd16-9489-7e50-a7b6-a1178fd92bf1/ppg_audit/snapshot/contracts/PPG_ALIAS_MAPPING_TABLE.md","相应主责组补全真实动态验收；C只核对涉及本数值链的依赖条款"
"RRC-02","C:/Users/DAWN/.codex/visualizations/2026/10/02/01a0fd16-9489-7e50-a7b6-a1178fd92bf1/ppg_audit/snapshot/contracts/PPG_REAL_PPG_RAW_GENERATOR_TESTBENCH_CONTRACT.md","602","| RRC-02 | Recheck pending during SAR15 cannot start calibration or alter a code; it waits for a real SAR15-to-SAR9 return event. |","部分","本合同条款已读；非C主责动态家族未独立签核","A/B主责对应系统TB（详见OWNERSHIP_4CHAT.csv）","C:/Users/DAWN/.codex/visualizations/2026/10/02/01a0fd16-9489-7e50-a7b6-a1178fd92bf1/ppg_audit/snapshot/contracts/PPG_ALIAS_MAPPING_TABLE.md","相应主责组补全真实动态验收；C只核对涉及本数值链的依赖条款"
"RRC-03","C:/Users/DAWN/.codex/visualizations/2026/10/02/01a0fd16-9489-7e50-a7b6-a1178fd92bf1/ppg_audit/snapshot/contracts/PPG_REAL_PPG_RAW_GENERATOR_TESTBENCH_CONTRACT.md","603","| RRC-03 | Accept remains low until ADC, NORMAL fork, IDAC, FIR, detection fork, peak/valley, and held result ownership are all drained. |","部分","本合同条款已读；非C主责动态家族未独立签核","A/B主责对应系统TB（详见OWNERSHIP_4CHAT.csv）","C:/Users/DAWN/.codex/visualizations/2026/10/02/01a0fd16-9489-7e50-a7b6-a1178fd92bf1/ppg_audit/snapshot/contracts/PPG_ALIAS_MAPPING_TABLE.md","相应主责组补全真实动态验收；C只核对涉及本数值链的依赖条款"
"RRC-04","C:/Users/DAWN/.codex/visualizations/2026/10/02/01a0fd16-9489-7e50-a7b6-a1178fd92bf1/ppg_audit/snapshot/contracts/PPG_REAL_PPG_RAW_GENERATOR_TESTBENCH_CONTRACT.md","604","| RRC-04 | Accept atomically invalidates both FIR histories, old cross candidates and cycle qualification, old extrema/direction state, and passive precision-tail context, but it must not clear or alter the latest reliable peak anchor or `o_slope_current_q16`; both values are snapshotted for the later success/failure comparison. |","部分","本合同条款已读；非C主责动态家族未独立签核","A/B主责对应系统TB（详见OWNERSHIP_4CHAT.csv）","C:/Users/DAWN/.codex/visualizations/2026/10/02/01a0fd16-9489-7e50-a7b6-a1178fd92bf1/ppg_audit/snapshot/contracts/PPG_ALIAS_MAPPING_TABLE.md","相应主责组补全真实动态验收；C只核对涉及本数值链的依赖条款"
"RRC-05","C:/Users/DAWN/.codex/visualizations/2026/10/02/01a0fd16-9489-7e50-a7b6-a1178fd92bf1/ppg_audit/snapshot/contracts/PPG_REAL_PPG_RAW_GENERATOR_TESTBENCH_CONTRACT.md","605","| RRC-05 | The active sequence is exactly AMB, DC_R, DC_IR. Every accepted periodic-recheck calibration conversion completes only through its dedicated Q3 end, asynchronous `CLK_DOUT`/RAW transfer, AMI capture/latch, calibration-identity match, and AMI completion sideband; direct result/search-evidence injection and fixed fire-relative completion are prohibited. Calibration transactions cannot enter the formal PPG output or NORMAL tracking paths. |","部分","本合同条款已读；非C主责动态家族未独立签核","A/B主责对应系统TB（详见OWNERSHIP_4CHAT.csv）","C:/Users/DAWN/.codex/visualizations/2026/10/02/01a0fd16-9489-7e50-a7b6-a1178fd92bf1/ppg_audit/snapshot/contracts/PPG_ALIAS_MAPPING_TABLE.md","相应主责组补全真实动态验收；C只核对涉及本数值链的依赖条款"
"RRC-06","C:/Users/DAWN/.codex/visualizations/2026/10/02/01a0fd16-9489-7e50-a7b6-a1178fd92bf1/ppg_audit/snapshot/contracts/PPG_REAL_PPG_RAW_GENERATOR_TESTBENCH_CONTRACT.md","606","| RRC-06 | An in-window unchanged AMB code preserves its code and epoch but still requires DC_R and DC_IR revalidation. |","部分","本合同条款已读；非C主责动态家族未独立签核","A/B主责对应系统TB（详见OWNERSHIP_4CHAT.csv）","C:/Users/DAWN/.codex/visualizations/2026/10/02/01a0fd16-9489-7e50-a7b6-a1178fd92bf1/ppg_audit/snapshot/contracts/PPG_ALIAS_MAPPING_TABLE.md","相应主责组补全真实动态验收；C只核对涉及本数值链的依赖条款"
"RRC-07","C:/Users/DAWN/.codex/visualizations/2026/10/02/01a0fd16-9489-7e50-a7b6-a1178fd92bf1/ppg_audit/snapshot/contracts/PPG_REAL_PPG_RAW_GENERATOR_TESTBENCH_CONTRACT.md","607","| RRC-07 | An actual AMB, DC_R, or DC_IR change occurs only at its safe boundary, increments only its epoch, and is used by later waveform/result snapshots. |","部分","本合同条款已读；非C主责动态家族未独立签核","A/B主责对应系统TB（详见OWNERSHIP_4CHAT.csv）","C:/Users/DAWN/.codex/visualizations/2026/10/02/01a0fd16-9489-7e50-a7b6-a1178fd92bf1/ppg_audit/snapshot/contracts/PPG_ALIAS_MAPPING_TABLE.md","相应主责组补全真实动态验收；C只核对涉及本数值链的依赖条款"
"RRC-08","C:/Users/DAWN/.codex/visualizations/2026/10/02/01a0fd16-9489-7e50-a7b6-a1178fd92bf1/ppg_audit/snapshot/contracts/PPG_REAL_PPG_RAW_GENERATOR_TESTBENCH_CONTRACT.md","608","| RRC-08 | From accept through successful or failed sequence termination, formal NORMAL output remains inhibited and no baseline, cross, peak, or valley event is accepted. |","部分","本合同条款已读；非C主责动态家族未独立签核","A/B主责对应系统TB（详见OWNERSHIP_4CHAT.csv）","C:/Users/DAWN/.codex/visualizations/2026/10/02/01a0fd16-9489-7e50-a7b6-a1178fd92bf1/ppg_audit/snapshot/contracts/PPG_ALIAS_MAPPING_TABLE.md","相应主责组补全真实动态验收；C只核对涉及本数值链的依赖条款"
"RRC-09","C:/Users/DAWN/.codex/visualizations/2026/10/02/01a0fd16-9489-7e50-a7b6-a1178fd92bf1/ppg_audit/snapshot/contracts/PPG_REAL_PPG_RAW_GENERATOR_TESTBENCH_CONTRACT.md","609","| RRC-09 | After success, the latest reliable peak anchor and `o_slope_current_q16` equal their pre-accept snapshots and are reused for the resumed baseline; RED and IR independently require 21 new qualified NORMAL samples before FIR output qualification returns, and old samples or inserted zeros cannot count. |","部分","本合同条款已读；非C主责动态家族未独立签核","A/B主责对应系统TB（详见OWNERSHIP_4CHAT.csv）","C:/Users/DAWN/.codex/visualizations/2026/10/02/01a0fd16-9489-7e50-a7b6-a1178fd92bf1/ppg_audit/snapshot/contracts/PPG_ALIAS_MAPPING_TABLE.md","相应主责组补全真实动态验收；C只核对涉及本数值链的依赖条款"
"RRC-10","C:/Users/DAWN/.codex/visualizations/2026/10/02/01a0fd16-9489-7e50-a7b6-a1178fd92bf1/ppg_audit/snapshot/contracts/PPG_REAL_PPG_RAW_GENERATOR_TESTBENCH_CONTRACT.md","610","| RRC-10 | After successful re-warmup, a new upward cross must be formed solely from new eligible history and may enter SAR15 through the normal safe-boundary path. |","部分","本合同条款已读；非C主责动态家族未独立签核","A/B主责对应系统TB（详见OWNERSHIP_4CHAT.csv）","C:/Users/DAWN/.codex/visualizations/2026/10/02/01a0fd16-9489-7e50-a7b6-a1178fd92bf1/ppg_audit/snapshot/contracts/PPG_ALIAS_MAPPING_TABLE.md","相应主责组补全真实动态验收；C只核对涉及本数值链的依赖条款"
"RRC-11","C:/Users/DAWN/.codex/visualizations/2026/10/02/01a0fd16-9489-7e50-a7b6-a1178fd92bf1/ppg_audit/snapshot/contracts/PPG_REAL_PPG_RAW_GENERATOR_TESTBENCH_CONTRACT.md","611","| RRC-11 | A failed AMB/DC stage preserves the contractual boundary code, asserts failed/fault, invalidates the old baseline anchor, reloads the configured fixed slope, enters reacquire, and cannot reopen formal NORMAL through stale state; the same anchor invalidation and fixed-slope reload apply to a covering protocol fault or explicit reacquire request. |","部分","本合同条款已读；非C主责动态家族未独立签核","A/B主责对应系统TB（详见OWNERSHIP_4CHAT.csv）","C:/Users/DAWN/.codex/visualizations/2026/10/02/01a0fd16-9489-7e50-a7b6-a1178fd92bf1/ppg_audit/snapshot/contracts/PPG_ALIAS_MAPPING_TABLE.md","相应主责组补全真实动态验收；C只核对涉及本数值链的依赖条款"
"RRC-12","C:/Users/DAWN/.codex/visualizations/2026/10/02/01a0fd16-9489-7e50-a7b6-a1178fd92bf1/ppg_audit/snapshot/contracts/PPG_REAL_PPG_RAW_GENERATOR_TESTBENCH_CONTRACT.md","612","| RRC-12 | STOP or abort clears pending/active recheck requests without a code update; an already committed physical owner follows the normal controlled-release rule. |","部分","本合同条款已读；非C主责动态家族未独立签核","A/B主责对应系统TB（详见OWNERSHIP_4CHAT.csv）","C:/Users/DAWN/.codex/visualizations/2026/10/02/01a0fd16-9489-7e50-a7b6-a1178fd92bf1/ppg_audit/snapshot/contracts/PPG_ALIAS_MAPPING_TABLE.md","相应主责组补全真实动态验收；C只核对涉及本数值链的依赖条款"
"NRE-01","C:/Users/DAWN/.codex/visualizations/2026/10/02/01a0fd16-9489-7e50-a7b6-a1178fd92bf1/ppg_audit/snapshot/contracts/PPG_REAL_PPG_RAW_GENERATOR_TESTBENCH_CONTRACT.md","618","| NRE-01 | With interval zero, pending, accept, busy, done, and failed remain inactive for the entire RUN. |","部分","本合同条款已读；非C主责动态家族未独立签核","A/B主责对应系统TB（详见OWNERSHIP_4CHAT.csv）","C:/Users/DAWN/.codex/visualizations/2026/10/02/01a0fd16-9489-7e50-a7b6-a1178fd92bf1/ppg_audit/snapshot/contracts/PPG_ALIAS_MAPPING_TABLE.md","相应主责组补全真实动态验收；C只核对涉及本数值链的依赖条款"
"NRE-02","C:/Users/DAWN/.codex/visualizations/2026/10/02/01a0fd16-9489-7e50-a7b6-a1178fd92bf1/ppg_audit/snapshot/contracts/PPG_REAL_PPG_RAW_GENERATOR_TESTBENCH_CONTRACT.md","619","| NRE-02 | No recheck-driven FIR-history clear, detector clear, output inhibition, or calibration request occurs. |","部分","本合同条款已读；非C主责动态家族未独立签核","A/B主责对应系统TB（详见OWNERSHIP_4CHAT.csv）","C:/Users/DAWN/.codex/visualizations/2026/10/02/01a0fd16-9489-7e50-a7b6-a1178fd92bf1/ppg_audit/snapshot/contracts/PPG_ALIAS_MAPPING_TABLE.md","相应主责组补全真实动态验收；C只核对涉及本数值链的依赖条款"
"NRE-03","C:/Users/DAWN/.codex/visualizations/2026/10/02/01a0fd16-9489-7e50-a7b6-a1178fd92bf1/ppg_audit/snapshot/contracts/PPG_REAL_PPG_RAW_GENERATOR_TESTBENCH_CONTRACT.md","620","| NRE-03 | Both colors complete normal FIR warmup and retain uninterrupted qualified history. |","部分","本合同条款已读；非C主责动态家族未独立签核","A/B主责对应系统TB（详见OWNERSHIP_4CHAT.csv）","C:/Users/DAWN/.codex/visualizations/2026/10/02/01a0fd16-9489-7e50-a7b6-a1178fd92bf1/ppg_audit/snapshot/contracts/PPG_ALIAS_MAPPING_TABLE.md","相应主责组补全真实动态验收；C只核对涉及本数值链的依赖条款"
"NRE-04","C:/Users/DAWN/.codex/visualizations/2026/10/02/01a0fd16-9489-7e50-a7b6-a1178fd92bf1/ppg_audit/snapshot/contracts/PPG_REAL_PPG_RAW_GENERATOR_TESTBENCH_CONTRACT.md","621","| NRE-04 | A real baseline crossing enters SAR15, and a qualified peak/valley sequence returns to SAR9 without any recheck event. |","部分","本合同条款已读；非C主责动态家族未独立签核","A/B主责对应系统TB（详见OWNERSHIP_4CHAT.csv）","C:/Users/DAWN/.codex/visualizations/2026/10/02/01a0fd16-9489-7e50-a7b6-a1178fd92bf1/ppg_audit/snapshot/contracts/PPG_ALIAS_MAPPING_TABLE.md","相应主责组补全真实动态验收；C只核对涉及本数值链的依赖条款"
"NRE-05","C:/Users/DAWN/.codex/visualizations/2026/10/02/01a0fd16-9489-7e50-a7b6-a1178fd92bf1/ppg_audit/snapshot/contracts/PPG_REAL_PPG_RAW_GENERATOR_TESTBENCH_CONTRACT.md","622","| NRE-05 | The cross identity is bound to normal FIR/baseline evidence and cannot be temporally attributed to START, reset, or a hidden recheck clear. |","部分","本合同条款已读；非C主责动态家族未独立签核","A/B主责对应系统TB（详见OWNERSHIP_4CHAT.csv）","C:/Users/DAWN/.codex/visualizations/2026/10/02/01a0fd16-9489-7e50-a7b6-a1178fd92bf1/ppg_audit/snapshot/contracts/PPG_ALIAS_MAPPING_TABLE.md","相应主责组补全真实动态验收；C只核对涉及本数值链的依赖条款"
"NRE-06","C:/Users/DAWN/.codex/visualizations/2026/10/02/01a0fd16-9489-7e50-a7b6-a1178fd92bf1/ppg_audit/snapshot/contracts/PPG_REAL_PPG_RAW_GENERATOR_TESTBENCH_CONTRACT.md","623","| NRE-06 | Long operation preserves owner/result order, code epochs, and result continuity while all recheck counters and events remain disabled. |","部分","本合同条款已读；非C主责动态家族未独立签核","A/B主责对应系统TB（详见OWNERSHIP_4CHAT.csv）","C:/Users/DAWN/.codex/visualizations/2026/10/02/01a0fd16-9489-7e50-a7b6-a1178fd92bf1/ppg_audit/snapshot/contracts/PPG_ALIAS_MAPPING_TABLE.md","相应主责组补全真实动态验收；C只核对涉及本数值链的依赖条款"
"ILM-01","C:/Users/DAWN/.codex/visualizations/2026/10/02/01a0fd16-9489-7e50-a7b6-a1178fd92bf1/ppg_audit/snapshot/contracts/PPG_REAL_PPG_RAW_GENERATOR_TESTBENCH_CONTRACT.md","629","| ILM-01 | PHOTODIODE NORMAL dual-color operation keeps EN_TEST low and executes the contracted RED/IR LED, waveform, owner, and result sequence. |","部分","本合同条款已读；非C主责动态家族未独立签核","A/B主责对应系统TB（详见OWNERSHIP_4CHAT.csv）","C:/Users/DAWN/.codex/visualizations/2026/10/02/01a0fd16-9489-7e50-a7b6-a1178fd92bf1/ppg_audit/snapshot/contracts/PPG_ALIAS_MAPPING_TABLE.md","相应主责组补全真实动态验收；C只核对涉及本数值链的依赖条款"
"ILM-02","C:/Users/DAWN/.codex/visualizations/2026/10/02/01a0fd16-9489-7e50-a7b6-a1178fd92bf1/ppg_audit/snapshot/contracts/PPG_REAL_PPG_RAW_GENERATOR_TESTBENCH_CONTRACT.md","630","| ILM-02 | PHOTODIODE RED_ONLY SAR9 characterization uses one RED transaction per 400-Hz frame, fixed SAR9, committed MANUAL AMB/DC_R codes, and no IR waveform or owner. |","部分","本合同条款已读；非C主责动态家族未独立签核","A/B主责对应系统TB（详见OWNERSHIP_4CHAT.csv）","C:/Users/DAWN/.codex/visualizations/2026/10/02/01a0fd16-9489-7e50-a7b6-a1178fd92bf1/ppg_audit/snapshot/contracts/PPG_ALIAS_MAPPING_TABLE.md","相应主责组补全真实动态验收；C只核对涉及本数值链的依赖条款"
"ILM-03","C:/Users/DAWN/.codex/visualizations/2026/10/02/01a0fd16-9489-7e50-a7b6-a1178fd92bf1/ppg_audit/snapshot/contracts/PPG_REAL_PPG_RAW_GENERATOR_TESTBENCH_CONTRACT.md","631","| ILM-03 | PHOTODIODE RED_ONLY SAR15 characterization uses one RED transaction per 400-Hz frame, fixed SAR15, committed MANUAL AMB/DC_R codes, and no precision-window transition. |","部分","本合同条款已读；非C主责动态家族未独立签核","A/B主责对应系统TB（详见OWNERSHIP_4CHAT.csv）","C:/Users/DAWN/.codex/visualizations/2026/10/02/01a0fd16-9489-7e50-a7b6-a1178fd92bf1/ppg_audit/snapshot/contracts/PPG_ALIAS_MAPPING_TABLE.md","相应主责组补全真实动态验收；C只核对涉及本数值链的依赖条款"
"ILM-04","C:/Users/DAWN/.codex/visualizations/2026/10/02/01a0fd16-9489-7e50-a7b6-a1178fd92bf1/ppg_audit/snapshot/contracts/PPG_REAL_PPG_RAW_GENERATOR_TESTBENCH_CONTRACT.md","632","| ILM-04 | EXTERNAL_TEST_CURRENT BOTH SAR9 uses 400-Hz intermittent RED/IR transactions with EN_TEST high, fixed SAR9, both LEDEN low, and no LEDDAC drive window. |","部分","本合同条款已读；非C主责动态家族未独立签核","A/B主责对应系统TB（详见OWNERSHIP_4CHAT.csv）","C:/Users/DAWN/.codex/visualizations/2026/10/02/01a0fd16-9489-7e50-a7b6-a1178fd92bf1/ppg_audit/snapshot/contracts/PPG_ALIAS_MAPPING_TABLE.md","相应主责组补全真实动态验收；C只核对涉及本数值链的依赖条款"
"ILM-05","C:/Users/DAWN/.codex/visualizations/2026/10/02/01a0fd16-9489-7e50-a7b6-a1178fd92bf1/ppg_audit/snapshot/contracts/PPG_REAL_PPG_RAW_GENERATOR_TESTBENCH_CONTRACT.md","633","| ILM-05 | EXTERNAL_TEST_CURRENT BOTH SAR15 preserves the same 400-Hz intermittent sequence and LED-off rules with fixed SAR15. |","部分","本合同条款已读；非C主责动态家族未独立签核","A/B主责对应系统TB（详见OWNERSHIP_4CHAT.csv）","C:/Users/DAWN/.codex/visualizations/2026/10/02/01a0fd16-9489-7e50-a7b6-a1178fd92bf1/ppg_audit/snapshot/contracts/PPG_ALIAS_MAPPING_TABLE.md","相应主责组补全真实动态验收；C只核对涉及本数值链的依赖条款"
"ILM-06","C:/Users/DAWN/.codex/visualizations/2026/10/02/01a0fd16-9489-7e50-a7b6-a1178fd92bf1/ppg_audit/snapshot/contracts/PPG_REAL_PPG_RAW_GENERATOR_TESTBENCH_CONTRACT.md","634","| ILM-06 | EXTERNAL_TEST_CURRENT RED_ONLY in fixed SAR9 and fixed SAR15 uses one RED transaction per 400-Hz intermittent frame with EN_TEST high, both LEDEN low, and no LEDDAC drive window; only RED waveform, owner, and result identities may occur, while IR remains inactive. |","部分","本合同条款已读；非C主责动态家族未独立签核","A/B主责对应系统TB（详见OWNERSHIP_4CHAT.csv）","C:/Users/DAWN/.codex/visualizations/2026/10/02/01a0fd16-9489-7e50-a7b6-a1178fd92bf1/ppg_audit/snapshot/contracts/PPG_ALIAS_MAPPING_TABLE.md","相应主责组补全真实动态验收；C只核对涉及本数值链的依赖条款"
"ILM-07","C:/Users/DAWN/.codex/visualizations/2026/10/02/01a0fd16-9489-7e50-a7b6-a1178fd92bf1/ppg_audit/snapshot/contracts/PPG_REAL_PPG_RAW_GENERATOR_TESTBENCH_CONTRACT.md","635","| ILM-07 | EXTERNAL_TEST_CURRENT IR_ONLY in fixed SAR9 and fixed SAR15 uses one IR transaction per 400-Hz intermittent frame with EN_TEST high, both LEDEN low, and no LEDDAC drive window; only IR waveform, owner, and result identities may occur, while RED remains inactive. |","部分","本合同条款已读；非C主责动态家族未独立签核","A/B主责对应系统TB（详见OWNERSHIP_4CHAT.csv）","C:/Users/DAWN/.codex/visualizations/2026/10/02/01a0fd16-9489-7e50-a7b6-a1178fd92bf1/ppg_audit/snapshot/contracts/PPG_ALIAS_MAPPING_TABLE.md","相应主责组补全真实动态验收；C只核对涉及本数值链的依赖条款"
"ILM-08","C:/Users/DAWN/.codex/visualizations/2026/10/02/01a0fd16-9489-7e50-a7b6-a1178fd92bf1/ppg_audit/snapshot/contracts/PPG_REAL_PPG_RAW_GENERATOR_TESTBENCH_CONTRACT.md","636","| ILM-08 | EXTERNAL_TEST_CURRENT OFF is rejected before waveform/owner launch and causes no code update, epoch change, frame/sample advance, or LED activity. |","部分","本合同条款已读；非C主责动态家族未独立签核","A/B主责对应系统TB（详见OWNERSHIP_4CHAT.csv）","C:/Users/DAWN/.codex/visualizations/2026/10/02/01a0fd16-9489-7e50-a7b6-a1178fd92bf1/ppg_audit/snapshot/contracts/PPG_ALIAS_MAPPING_TABLE.md","相应主责组补全真实动态验收；C只核对涉及本数值链的依赖条款"
"ILM-09","C:/Users/DAWN/.codex/visualizations/2026/10/02/01a0fd16-9489-7e50-a7b6-a1178fd92bf1/ppg_audit/snapshot/contracts/PPG_REAL_PPG_RAW_GENERATOR_TESTBENCH_CONTRACT.md","637","| ILM-09 | Every non-STATIC_BIAS characterization measurement requires MANUAL IDAC; automatic startup search, NORMAL tracking, periodic recheck, and automatic precision switching remain inactive. |","部分","本合同条款已读；非C主责动态家族未独立签核","A/B主责对应系统TB（详见OWNERSHIP_4CHAT.csv）","C:/Users/DAWN/.codex/visualizations/2026/10/02/01a0fd16-9489-7e50-a7b6-a1178fd92bf1/ppg_audit/snapshot/contracts/PPG_ALIAS_MAPPING_TABLE.md","相应主责组补全真实动态验收；C只核对涉及本数值链的依赖条款"
"ILM-10","C:/Users/DAWN/.codex/visualizations/2026/10/02/01a0fd16-9489-7e50-a7b6-a1178fd92bf1/ppg_audit/snapshot/contracts/PPG_REAL_PPG_RAW_GENERATOR_TESTBENCH_CONTRACT.md","638","| ILM-10 | After a transaction snapshot, changes to input source, optical mode, initial precision, or MANUAL code cannot alter its waveform or result identity; only a later legal RUN/snapshot may use them. |","部分","本合同条款已读；非C主责动态家族未独立签核","A/B主责对应系统TB（详见OWNERSHIP_4CHAT.csv）","C:/Users/DAWN/.codex/visualizations/2026/10/02/01a0fd16-9489-7e50-a7b6-a1178fd92bf1/ppg_audit/snapshot/contracts/PPG_ALIAS_MAPPING_TABLE.md","相应主责组补全真实动态验收；C只核对涉及本数值链的依赖条款"
"ILM-11","C:/Users/DAWN/.codex/visualizations/2026/10/02/01a0fd16-9489-7e50-a7b6-a1178fd92bf1/ppg_audit/snapshot/contracts/PPG_REAL_PPG_RAW_GENERATOR_TESTBENCH_CONTRACT.md","639","| ILM-11 | AMB_CAL uses PHOTODIODE input semantics, EN_TEST low, the dedicated SAR9 waveform, both LEDs off, and no DC code window. |","部分","本合同条款已读；非C主责动态家族未独立签核","A/B主责对应系统TB（详见OWNERSHIP_4CHAT.csv）","C:/Users/DAWN/.codex/visualizations/2026/10/02/01a0fd16-9489-7e50-a7b6-a1178fd92bf1/ppg_audit/snapshot/contracts/PPG_ALIAS_MAPPING_TABLE.md","相应主责组补全真实动态验收；C只核对涉及本数值链的依赖条款"
"ILM-12","C:/Users/DAWN/.codex/visualizations/2026/10/02/01a0fd16-9489-7e50-a7b6-a1178fd92bf1/ppg_audit/snapshot/contracts/PPG_REAL_PPG_RAW_GENERATOR_TESTBENCH_CONTRACT.md","640","| ILM-12 | DCS_CAL RED/IR each use the dedicated SAR9 waveform, confirmed AMB code and selected-color DC candidate, with no opposite-color LED window. |","部分","本合同条款已读；非C主责动态家族未独立签核","A/B主责对应系统TB（详见OWNERSHIP_4CHAT.csv）","C:/Users/DAWN/.codex/visualizations/2026/10/02/01a0fd16-9489-7e50-a7b6-a1178fd92bf1/ppg_audit/snapshot/contracts/PPG_ALIAS_MAPPING_TABLE.md","相应主责组补全真实动态验收；C只核对涉及本数值链的依赖条款"
"ILM-13","C:/Users/DAWN/.codex/visualizations/2026/10/02/01a0fd16-9489-7e50-a7b6-a1178fd92bf1/ppg_audit/snapshot/contracts/PPG_REAL_PPG_RAW_GENERATOR_TESTBENCH_CONTRACT.md","641","| ILM-13 | Legal STATIC_BIAS establishes every frozen static-vector bit, advances no frame/sample index, and creates no Q1, Q2, Q3, `CLK_DOUT`, ADC owner, AMI completion sideband, ADC transaction, IDAC search/tracking/recheck, FIR transaction, or formal algorithm output. |","部分","本合同条款已读；非C主责动态家族未独立签核","A/B主责对应系统TB（详见OWNERSHIP_4CHAT.csv）","C:/Users/DAWN/.codex/visualizations/2026/10/02/01a0fd16-9489-7e50-a7b6-a1178fd92bf1/ppg_audit/snapshot/contracts/PPG_ALIAS_MAPPING_TABLE.md","相应主责组补全真实动态验收；C只核对涉及本数值链的依赖条款"
"ILM-14","C:/Users/DAWN/.codex/visualizations/2026/10/02/01a0fd16-9489-7e50-a7b6-a1178fd92bf1/ppg_audit/snapshot/contracts/PPG_REAL_PPG_RAW_GENERATOR_TESTBENCH_CONTRACT.md","642","| ILM-14 | During legal STATIC_BIAS, all five `S[4:0]` bits update atomically on one 2-MHz edge; other static outputs remain unchanged and other modes drive S low as contracted. |","部分","本合同条款已读；非C主责动态家族未独立签核","A/B主责对应系统TB（详见OWNERSHIP_4CHAT.csv）","C:/Users/DAWN/.codex/visualizations/2026/10/02/01a0fd16-9489-7e50-a7b6-a1178fd92bf1/ppg_audit/snapshot/contracts/PPG_ALIAS_MAPPING_TABLE.md","相应主责组补全真实动态验收；C只核对涉及本数值链的依赖条款"
"ILM-15","C:/Users/DAWN/.codex/visualizations/2026/10/02/01a0fd16-9489-7e50-a7b6-a1178fd92bf1/ppg_audit/snapshot/contracts/PPG_REAL_PPG_RAW_GENERATOR_TESTBENCH_CONTRACT.md","643","| ILM-15 | STATIC_BIAS with an invalid input source is rejected without static-vector entry, waveform, owner, result, code update, or counter side effect. |","部分","本合同条款已读；非C主责动态家族未独立签核","A/B主责对应系统TB（详见OWNERSHIP_4CHAT.csv）","C:/Users/DAWN/.codex/visualizations/2026/10/02/01a0fd16-9489-7e50-a7b6-a1178fd92bf1/ppg_audit/snapshot/contracts/PPG_ALIAS_MAPPING_TABLE.md","相应主责组补全真实动态验收；C只核对涉及本数值链的依赖条款"
"ADCN-01","C:/Users/DAWN/.codex/visualizations/2026/10/02/01a0fd16-9489-7e50-a7b6-a1178fd92bf1/ppg_audit/snapshot/contracts/PPG_REAL_PPG_RAW_GENERATOR_TESTBENCH_CONTRACT.md","649","| ADCN-01 | Representative Stage1 RAW encodings match the frozen per-physical-bit signed-Q16 calibration model and the public signed 12-bit calibrated output. |","完成","已审真实激励/比较及RTL对应分支；不作穷尽覆盖结论","C:/Users/DAWN/.codex/visualizations/2026/10/02/01a0fd16-9489-7e50-a7b6-a1178fd92bf1/ppg_audit/snapshot/rtl/ppg_control_top/tb_ppg_control_top_adc_numeric_scoreboard.v","C:/Users/DAWN/.codex/visualizations/2026/10/02/01a0fd78-b9b8-78f2-8e39-c02cd0049c19/ppg_review_C/evidence/system_review_20261004.md","ADC记分板16笔实际结果已复核；DC端点及资格另由叶子补证"
"ADCN-02","C:/Users/DAWN/.codex/visualizations/2026/10/02/01a0fd16-9489-7e50-a7b6-a1178fd92bf1/ppg_audit/snapshot/contracts/PPG_REAL_PPG_RAW_GENERATOR_TESTBENCH_CONTRACT.md","650","| ADCN-02 | Negative results, positive results, and positive/negative half-LSB cases use the frozen symmetric rounding rule without early unsigned conversion. |","完成","已审真实激励/比较及RTL对应分支；不作穷尽覆盖结论","C:/Users/DAWN/.codex/visualizations/2026/10/02/01a0fd16-9489-7e50-a7b6-a1178fd92bf1/ppg_audit/snapshot/rtl/ppg_control_top/tb_ppg_control_top_adc_numeric_scoreboard.v","C:/Users/DAWN/.codex/visualizations/2026/10/02/01a0fd78-b9b8-78f2-8e39-c02cd0049c19/ppg_review_C/evidence/system_review_20261004.md","ADC记分板16笔实际结果已复核；DC端点及资格另由叶子补证"
"ADCN-03","C:/Users/DAWN/.codex/visualizations/2026/10/02/01a0fd16-9489-7e50-a7b6-a1178fd92bf1/ppg_audit/snapshot/contracts/PPG_REAL_PPG_RAW_GENERATOR_TESTBENCH_CONTRACT.md","651","| ADCN-03 | Stage1 arithmetic outside the signed 12-bit range saturates to -2048 or +2047 with the matching exclusive saturation diagnostic. |","完成","已审真实激励/比较及RTL对应分支；不作穷尽覆盖结论","C:/Users/DAWN/.codex/visualizations/2026/10/02/01a0fd16-9489-7e50-a7b6-a1178fd92bf1/ppg_audit/snapshot/rtl/ppg_control_top/tb_ppg_control_top_adc_numeric_scoreboard.v","C:/Users/DAWN/.codex/visualizations/2026/10/02/01a0fd78-b9b8-78f2-8e39-c02cd0049c19/ppg_review_C/evidence/system_review_20261004.md","ADC记分板16笔实际结果已复核；DC端点及资格另由叶子补证"
"ADCN-04","C:/Users/DAWN/.codex/visualizations/2026/10/02/01a0fd16-9489-7e50-a7b6-a1178fd92bf1/ppg_audit/snapshot/contracts/PPG_REAL_PPG_RAW_GENERATOR_TESTBENCH_CONTRACT.md","652","| ADCN-04 | A valid SAR9 transaction produces the frozen coarse DC-recovered signed value and no valid fine result. |","完成","已审真实激励/比较及RTL对应分支；不作穷尽覆盖结论","C:/Users/DAWN/.codex/visualizations/2026/10/02/01a0fd16-9489-7e50-a7b6-a1178fd92bf1/ppg_audit/snapshot/rtl/ppg_control_top/tb_ppg_control_top_adc_numeric_scoreboard.v","C:/Users/DAWN/.codex/visualizations/2026/10/02/01a0fd78-b9b8-78f2-8e39-c02cd0049c19/ppg_review_C/evidence/system_review_20261004.md","ADC记分板16笔实际结果已复核；DC端点及资格另由叶子补证"
"ADCN-05","C:/Users/DAWN/.codex/visualizations/2026/10/02/01a0fd16-9489-7e50-a7b6-a1178fd92bf1/ppg_audit/snapshot/contracts/PPG_REAL_PPG_RAW_GENERATOR_TESTBENCH_CONTRACT.md","653","| ADCN-05 | A valid SAR15 transaction uses the bound Stage1 and Stage2 values in the frozen programmable reconstruction model; a nominal or raw Stage2 substitute is rejected. |","完成","已审真实激励/比较及RTL对应分支；不作穷尽覆盖结论","C:/Users/DAWN/.codex/visualizations/2026/10/02/01a0fd16-9489-7e50-a7b6-a1178fd92bf1/ppg_audit/snapshot/rtl/ppg_control_top/tb_ppg_control_top_adc_numeric_scoreboard.v","C:/Users/DAWN/.codex/visualizations/2026/10/02/01a0fd78-b9b8-78f2-8e39-c02cd0049c19/ppg_review_C/evidence/system_review_20261004.md","ADC记分板16笔实际结果已复核；DC端点及资格另由叶子补证"
"ADCN-06","C:/Users/DAWN/.codex/visualizations/2026/10/02/01a0fd16-9489-7e50-a7b6-a1178fd92bf1/ppg_audit/snapshot/contracts/PPG_REAL_PPG_RAW_GENERATOR_TESTBENCH_CONTRACT.md","654","| ADCN-06 | SAR15 coarse and fine DC-recovered results match the frozen DC-recovery model, rounding, saturation, and calibration-valid rules. |","完成","模型实比+DC叶子资格/舍入+可达端点补证","C:/Users/DAWN/.codex/visualizations/2026/10/02/01a0fd16-9489-7e50-a7b6-a1178fd92bf1/ppg_audit/snapshot/rtl/ppg_control_top/tb_ppg_control_top_adc_numeric_scoreboard.v","C:/Users/DAWN/.codex/visualizations/2026/10/02/01a0fd78-b9b8-78f2-8e39-c02cd0049c19/ppg_review_C/evidence/adc_tail_review.md；C:/Users/DAWN/.codex/visualizations/2026/10/02/01a0fd78-b9b8-78f2-8e39-c02cd0049c19/ppg_review_C/evidence/targeted_runtime_20261004/results_dc.json","ADC记分板16笔实际结果已复核；DC端点及资格另由叶子补证"
"ADCN-07","C:/Users/DAWN/.codex/visualizations/2026/10/02/01a0fd16-9489-7e50-a7b6-a1178fd92bf1/ppg_audit/snapshot/contracts/PPG_REAL_PPG_RAW_GENERATOR_TESTBENCH_CONTRACT.md","655","| ADCN-07 | Every numerical comparison binds frame, sample, color, type, precision, AMB/DC code, code epochs, config epoch, Stage1/Stage2 coefficient epochs, and DC-recovery epoch. |","完成","已核实09-28修复存在；owner真实commit八字段独立检查，不重报历史缺口","C:/Users/DAWN/.codex/visualizations/2026/10/02/01a0fd16-9489-7e50-a7b6-a1178fd92bf1/ppg_audit/snapshot/rtl/ppg_control_top/tb_ppg_control_top_adc_numeric_scoreboard.v","C:/Users/DAWN/.codex/visualizations/2026/10/02/01a0fd78-b9b8-78f2-8e39-c02cd0049c19/ppg_review_C/evidence/system_review_20261004.md","ADC记分板16笔实际结果已复核；DC端点及资格另由叶子补证"
"ADCN-08","C:/Users/DAWN/.codex/visualizations/2026/10/02/01a0fd16-9489-7e50-a7b6-a1178fd92bf1/ppg_audit/snapshot/contracts/PPG_REAL_PPG_RAW_GENERATOR_TESTBENCH_CONTRACT.md","656","| ADCN-08 | Output backpressure holds every numerical value, qualification, diagnostic, and identity bit stable until the public result transfer. |","完成","代表性动态保持+单原子载荷及OIB03结构支持","C:/Users/DAWN/.codex/visualizations/2026/10/02/01a0fd16-9489-7e50-a7b6-a1178fd92bf1/ppg_audit/snapshot/rtl/ppg_control_top/tb_ppg_control_top_adc_numeric_scoreboard.v","C:/Users/DAWN/.codex/visualizations/2026/10/02/01a0fd78-b9b8-78f2-8e39-c02cd0049c19/ppg_review_C/evidence/system_review_20261004.md","仅正式measurement结果保持；独立detection sample-valid错误关联A F-021，不能据此签核另一分支"
"ADCN-09","C:/Users/DAWN/.codex/visualizations/2026/10/02/01a0fd16-9489-7e50-a7b6-a1178fd92bf1/ppg_audit/snapshot/contracts/PPG_REAL_PPG_RAW_GENERATOR_TESTBENCH_CONTRACT.md","657","| ADCN-09 | The signed 12-bit Stage1 value is never truncated to nine bits; the formal 9-bit-role result is checked at the public coarse DC-recovered interface. |","完成","已审真实激励/比较及RTL对应分支；不作穷尽覆盖结论","C:/Users/DAWN/.codex/visualizations/2026/10/02/01a0fd16-9489-7e50-a7b6-a1178fd92bf1/ppg_audit/snapshot/rtl/ppg_control_top/tb_ppg_control_top_adc_numeric_scoreboard.v","C:/Users/DAWN/.codex/visualizations/2026/10/02/01a0fd78-b9b8-78f2-8e39-c02cd0049c19/ppg_review_C/evidence/system_review_20261004.md","ADC记分板16笔实际结果已复核；DC端点及资格另由叶子补证"
"ADCN-10","C:/Users/DAWN/.codex/visualizations/2026/10/02/01a0fd16-9489-7e50-a7b6-a1178fd92bf1/ppg_audit/snapshot/contracts/PPG_REAL_PPG_RAW_GENERATOR_TESTBENCH_CONTRACT.md","658","| ADCN-10 | Stage2, reconstructed, coarse/fine recovered, or formal-output values cannot enter the IDAC tracking comparator; only the same transaction's calibrated Stage1 evidence may do so. |","完成","已审真实激励/比较及RTL对应分支；不作穷尽覆盖结论","C:/Users/DAWN/.codex/visualizations/2026/10/02/01a0fd16-9489-7e50-a7b6-a1178fd92bf1/ppg_audit/snapshot/rtl/ppg_control_top/tb_ppg_control_top_adc_numeric_scoreboard.v","C:/Users/DAWN/.codex/visualizations/2026/10/02/01a0fd78-b9b8-78f2-8e39-c02cd0049c19/ppg_review_C/evidence/system_review_20261004.md","ADC记分板16笔实际结果已复核；DC端点及资格另由叶子补证"
"ISE-01","C:/Users/DAWN/.codex/visualizations/2026/10/02/01a0fd16-9489-7e50-a7b6-a1178fd92bf1/ppg_audit/snapshot/contracts/PPG_REAL_PPG_RAW_GENERATOR_TESTBENCH_CONTRACT.md","664","| ISE-01 | AMB/DC code, color, type, precision, and epochs are captured before the first preparation window of each waveform. |","部分","本合同条款已读；非C主责动态家族未独立签核","A/B主责对应系统TB（详见OWNERSHIP_4CHAT.csv）","C:/Users/DAWN/.codex/visualizations/2026/10/02/01a0fd16-9489-7e50-a7b6-a1178fd92bf1/ppg_audit/snapshot/contracts/PPG_ALIAS_MAPPING_TABLE.md","相应主责组补全真实动态验收；C只核对涉及本数值链的依赖条款"
"ISE-02","C:/Users/DAWN/.codex/visualizations/2026/10/02/01a0fd16-9489-7e50-a7b6-a1178fd92bf1/ppg_audit/snapshot/contracts/PPG_REAL_PPG_RAW_GENERATOR_TESTBENCH_CONTRACT.md","665","| ISE-02 | Changing any live code after capture cannot change a current IDAC bus bit, enable, LED window, or result snapshot. |","部分","本合同条款已读；非C主责动态家族未独立签核","A/B主责对应系统TB（详见OWNERSHIP_4CHAT.csv）","C:/Users/DAWN/.codex/visualizations/2026/10/02/01a0fd16-9489-7e50-a7b6-a1178fd92bf1/ppg_audit/snapshot/contracts/PPG_ALIAS_MAPPING_TABLE.md","相应主责组补全真实动态验收；C只核对涉及本数值链的依赖条款"
"ISE-03","C:/Users/DAWN/.codex/visualizations/2026/10/02/01a0fd16-9489-7e50-a7b6-a1178fd92bf1/ppg_audit/snapshot/contracts/PPG_REAL_PPG_RAW_GENERATOR_TESTBENCH_CONTRACT.md","666","| ISE-03 | The next legal waveform adopts a changed committed code only after its contractual safe-boundary update. |","部分","本合同条款已读；非C主责动态家族未独立签核","A/B主责对应系统TB（详见OWNERSHIP_4CHAT.csv）","C:/Users/DAWN/.codex/visualizations/2026/10/02/01a0fd16-9489-7e50-a7b6-a1178fd92bf1/ppg_audit/snapshot/contracts/PPG_ALIAS_MAPPING_TABLE.md","相应主责组补全真实动态验收；C只核对涉及本数值链的依赖条款"
"ISE-04","C:/Users/DAWN/.codex/visualizations/2026/10/02/01a0fd16-9489-7e50-a7b6-a1178fd92bf1/ppg_audit/snapshot/contracts/PPG_REAL_PPG_RAW_GENERATOR_TESTBENCH_CONTRACT.md","667","| ISE-04 | SAR9 NORMAL/DCS drives only SAR9 AMB/DC buses bit by bit in their netlist windows; both SAR15 buses remain zero every tick. |","部分","本合同条款已读；非C主责动态家族未独立签核","A/B主责对应系统TB（详见OWNERSHIP_4CHAT.csv）","C:/Users/DAWN/.codex/visualizations/2026/10/02/01a0fd16-9489-7e50-a7b6-a1178fd92bf1/ppg_audit/snapshot/contracts/PPG_ALIAS_MAPPING_TABLE.md","相应主责组补全真实动态验收；C只核对涉及本数值链的依赖条款"
"ISE-05","C:/Users/DAWN/.codex/visualizations/2026/10/02/01a0fd16-9489-7e50-a7b6-a1178fd92bf1/ppg_audit/snapshot/contracts/PPG_REAL_PPG_RAW_GENERATOR_TESTBENCH_CONTRACT.md","668","| ISE-05 | SAR15 NORMAL drives only SAR15 AMB/DC buses bit by bit in their netlist windows; both SAR9 buses remain zero every tick. |","部分","本合同条款已读；非C主责动态家族未独立签核","A/B主责对应系统TB（详见OWNERSHIP_4CHAT.csv）","C:/Users/DAWN/.codex/visualizations/2026/10/02/01a0fd16-9489-7e50-a7b6-a1178fd92bf1/ppg_audit/snapshot/contracts/PPG_ALIAS_MAPPING_TABLE.md","相应主责组补全真实动态验收；C只核对涉及本数值链的依赖条款"
"ISE-06","C:/Users/DAWN/.codex/visualizations/2026/10/02/01a0fd16-9489-7e50-a7b6-a1178fd92bf1/ppg_audit/snapshot/contracts/PPG_REAL_PPG_RAW_GENERATOR_TESTBENCH_CONTRACT.md","669","| ISE-06 | AMB_CAL drives only the SAR9 AMB candidate bus; DCS_CAL drives qualified SAR9 AMB and selected DC buses; STATIC_BIAS drives all four buses to zero. |","部分","本合同条款已读；非C主责动态家族未独立签核","A/B主责对应系统TB（详见OWNERSHIP_4CHAT.csv）","C:/Users/DAWN/.codex/visualizations/2026/10/02/01a0fd16-9489-7e50-a7b6-a1178fd92bf1/ppg_audit/snapshot/contracts/PPG_ALIAS_MAPPING_TABLE.md","相应主责组补全真实动态验收；C只核对涉及本数值链的依赖条款"
"ISE-07","C:/Users/DAWN/.codex/visualizations/2026/10/02/01a0fd16-9489-7e50-a7b6-a1178fd92bf1/ppg_audit/snapshot/contracts/PPG_REAL_PPG_RAW_GENERATOR_TESTBENCH_CONTRACT.md","670","| ISE-07 | At least two non-symmetric 8-bit patterns prove per-bit code gating rather than an all-high window or bus-level enable shortcut. |","部分","本合同条款已读；非C主责动态家族未独立签核","A/B主责对应系统TB（详见OWNERSHIP_4CHAT.csv）","C:/Users/DAWN/.codex/visualizations/2026/10/02/01a0fd16-9489-7e50-a7b6-a1178fd92bf1/ppg_audit/snapshot/contracts/PPG_ALIAS_MAPPING_TABLE.md","相应主责组补全真实动态验收；C只核对涉及本数值链的依赖条款"
"ISE-08","C:/Users/DAWN/.codex/visualizations/2026/10/02/01a0fd16-9489-7e50-a7b6-a1178fd92bf1/ppg_audit/snapshot/contracts/PPG_REAL_PPG_RAW_GENERATOR_TESTBENCH_CONTRACT.md","671","| ISE-08 | RED and IR committed codes, pending values, updates, and epochs remain independent under interleaved transactions. |","部分","本合同条款已读；非C主责动态家族未独立签核","A/B主责对应系统TB（详见OWNERSHIP_4CHAT.csv）","C:/Users/DAWN/.codex/visualizations/2026/10/02/01a0fd16-9489-7e50-a7b6-a1178fd92bf1/ppg_audit/snapshot/contracts/PPG_ALIAS_MAPPING_TABLE.md","相应主责组补全真实动态验收；C只核对涉及本数值链的依赖条款"
"ISE-09","C:/Users/DAWN/.codex/visualizations/2026/10/02/01a0fd16-9489-7e50-a7b6-a1178fd92bf1/ppg_audit/snapshot/contracts/PPG_REAL_PPG_RAW_GENERATOR_TESTBENCH_CONTRACT.md","672","| ISE-09 | A safe boundary with no numerical code change emits no update, track-adjust, or epoch increment. |","部分","本合同条款已读；非C主责动态家族未独立签核","A/B主责对应系统TB（详见OWNERSHIP_4CHAT.csv）","C:/Users/DAWN/.codex/visualizations/2026/10/02/01a0fd16-9489-7e50-a7b6-a1178fd92bf1/ppg_audit/snapshot/contracts/PPG_ALIAS_MAPPING_TABLE.md","相应主责组补全真实动态验收；C只核对涉及本数值链的依赖条款"
"ISE-10","C:/Users/DAWN/.codex/visualizations/2026/10/02/01a0fd16-9489-7e50-a7b6-a1178fd92bf1/ppg_audit/snapshot/contracts/PPG_REAL_PPG_RAW_GENERATOR_TESTBENCH_CONTRACT.md","673","| ISE-10 | An actual update from epoch 4'hF wraps to zero exactly once and remains correctly bound to all later waveform and result snapshots. |","部分","本合同条款已读；非C主责动态家族未独立签核","A/B主责对应系统TB（详见OWNERSHIP_4CHAT.csv）","C:/Users/DAWN/.codex/visualizations/2026/10/02/01a0fd16-9489-7e50-a7b6-a1178fd92bf1/ppg_audit/snapshot/contracts/PPG_ALIAS_MAPPING_TABLE.md","相应主责组补全真实动态验收；C只核对涉及本数值链的依赖条款"
"OIB-01","C:/Users/DAWN/.codex/visualizations/2026/10/02/01a0fd16-9489-7e50-a7b6-a1178fd92bf1/ppg_audit/snapshot/contracts/PPG_REAL_PPG_RAW_GENERATOR_TESTBENCH_CONTRACT.md","679","| OIB-01 | Public waveform-context backpressure covers both legal branches. If `ready` recovers by the fixed handover point, the complete stable payload fires exactly once at that point. If `ready` remains low across the point, the opportunity asserts launch timeout and is discarded with no late waveform fire, Q3 transaction, RAW/DONE, owner, result, or `sample_index` side effect; the next legal opportunity contains no stale context. |","部分","本合同条款已读；非C主责动态家族未独立签核","A/B主责对应系统TB（详见OWNERSHIP_4CHAT.csv）","C:/Users/DAWN/.codex/visualizations/2026/10/02/01a0fd16-9489-7e50-a7b6-a1178fd92bf1/ppg_audit/snapshot/contracts/PPG_ALIAS_MAPPING_TABLE.md","相应主责组补全真实动态验收；C只核对涉及本数值链的依赖条款"
"OIB-02","C:/Users/DAWN/.codex/visualizations/2026/10/02/01a0fd16-9489-7e50-a7b6-a1178fd92bf1/ppg_audit/snapshot/contracts/PPG_REAL_PPG_RAW_GENERATOR_TESTBENCH_CONTRACT.md","680","| OIB-02 | Public ADC-owner/AMI-start backpressure covers both legal branches. Before the owner deadline, the complete stable transaction may wait and then establish SSW/AMI ownership atomically on one `valid && ready` fire that consumes one `sample_index`. Crossing the deadline asserts owner timeout with no half-commit, late fire, consumed/skipped `sample_index`, or fabricated DONE/result, and a later legal opportunity recovers cleanly. |","部分","本合同条款已读；非C主责动态家族未独立签核","A/B主责对应系统TB（详见OWNERSHIP_4CHAT.csv）","C:/Users/DAWN/.codex/visualizations/2026/10/02/01a0fd16-9489-7e50-a7b6-a1178fd92bf1/ppg_audit/snapshot/contracts/PPG_ALIAS_MAPPING_TABLE.md","相应主责组补全真实动态验收；C只核对涉及本数值链的依赖条款"
"OIB-03","C:/Users/DAWN/.codex/visualizations/2026/10/02/01a0fd16-9489-7e50-a7b6-a1178fd92bf1/ppg_audit/snapshot/contracts/PPG_REAL_PPG_RAW_GENERATOR_TESTBENCH_CONTRACT.md","681","| OIB-03 | Public AMI formal-result backpressure holds every result value, qualification, diagnostic, code snapshot, epoch, and identity bit stable until exactly one `valid && ready` transfer. A same-edge normal transfer wins; otherwise accepted STOP, abort, or system fault causes exactly one public lifecycle discard with stable branch ID and never a successful transfer. Reset clears without a discard event. |","部分","本合同条款已读；非C主责动态家族未独立签核","A/B主责对应系统TB（详见OWNERSHIP_4CHAT.csv）","C:/Users/DAWN/.codex/visualizations/2026/10/02/01a0fd16-9489-7e50-a7b6-a1178fd92bf1/ppg_audit/snapshot/contracts/PPG_ALIAS_MAPPING_TABLE.md","相应主责组补全真实动态验收；C只核对涉及本数值链的依赖条款"
"OIB-04","C:/Users/DAWN/.codex/visualizations/2026/10/02/01a0fd16-9489-7e50-a7b6-a1178fd92bf1/ppg_audit/snapshot/contracts/PPG_REAL_PPG_RAW_GENERATOR_TESTBENCH_CONTRACT.md","682","| OIB-04 | Legal public lifecycle and downstream conditions induce the waveform pre-handover/recovery and timeout branches, owner pre-deadline/recovery and timeout branches, and held-result branch without direct force, hierarchical write, source-`valid` suppression, or replacement of any internal ready signal. Every expected timeout is explicitly classified and checked; any other protocol, SSW, or AMI fault remains a failure. |","部分","本合同条款已读；非C主责动态家族未独立签核","A/B主责对应系统TB（详见OWNERSHIP_4CHAT.csv）","C:/Users/DAWN/.codex/visualizations/2026/10/02/01a0fd16-9489-7e50-a7b6-a1178fd92bf1/ppg_audit/snapshot/contracts/PPG_ALIAS_MAPPING_TABLE.md","相应主责组补全真实动态验收；C只核对涉及本数值链的依赖条款"
"OIB-05","C:/Users/DAWN/.codex/visualizations/2026/10/02/01a0fd16-9489-7e50-a7b6-a1178fd92bf1/ppg_audit/snapshot/contracts/PPG_REAL_PPG_RAW_GENERATOR_TESTBENCH_CONTRACT.md","683","| OIB-05 | Across all induced stalls, each committed owner produces at most one completion and each successful NORMAL completion produces at most one formal result. |","部分","本合同条款已读；非C主责动态家族未独立签核","A/B主责对应系统TB（详见OWNERSHIP_4CHAT.csv）","C:/Users/DAWN/.codex/visualizations/2026/10/02/01a0fd16-9489-7e50-a7b6-a1178fd92bf1/ppg_audit/snapshot/contracts/PPG_ALIAS_MAPPING_TABLE.md","相应主责组补全真实动态验收；C只核对涉及本数值链的依赖条款"
"OIB-06","C:/Users/DAWN/.codex/visualizations/2026/10/02/01a0fd16-9489-7e50-a7b6-a1178fd92bf1/ppg_audit/snapshot/contracts/PPG_REAL_PPG_RAW_GENERATOR_TESTBENCH_CONTRACT.md","684","| OIB-06 | Accepted transactions and results preserve order with no loss, duplication, recoloring, retyping, or precision relabeling. |","部分","本合同条款已读；非C主责动态家族未独立签核","A/B主责对应系统TB（详见OWNERSHIP_4CHAT.csv）","C:/Users/DAWN/.codex/visualizations/2026/10/02/01a0fd16-9489-7e50-a7b6-a1178fd92bf1/ppg_audit/snapshot/contracts/PPG_ALIAS_MAPPING_TABLE.md","相应主责组补全真实动态验收；C只核对涉及本数值链的依赖条款"
"OIB-07","C:/Users/DAWN/.codex/visualizations/2026/10/02/01a0fd16-9489-7e50-a7b6-a1178fd92bf1/ppg_audit/snapshot/contracts/PPG_REAL_PPG_RAW_GENERATOR_TESTBENCH_CONTRACT.md","685","| OIB-07 | Completion/result identity matches frame, sample, color, type, precision, AMB/DC snapshots, code epochs, and all configuration/coefficient epochs. |","部分","本合同条款已读；非C主责动态家族未独立签核","A/B主责对应系统TB（详见OWNERSHIP_4CHAT.csv）","C:/Users/DAWN/.codex/visualizations/2026/10/02/01a0fd16-9489-7e50-a7b6-a1178fd92bf1/ppg_audit/snapshot/contracts/PPG_ALIAS_MAPPING_TABLE.md","相应主责组补全真实动态验收；C只核对涉及本数值链的依赖条款"
"OIB-08","C:/Users/DAWN/.codex/visualizations/2026/10/02/01a0fd16-9489-7e50-a7b6-a1178fd92bf1/ppg_audit/snapshot/contracts/PPG_REAL_PPG_RAW_GENERATOR_TESTBENCH_CONTRACT.md","686","| OIB-08 | A matching `success=0` completion releases only the old physical owner and cannot produce a calibration, tracking, FIR, detector, or formal-output transfer. |","部分","本合同条款已读；非C主责动态家族未独立签核","A/B主责对应系统TB（详见OWNERSHIP_4CHAT.csv）","C:/Users/DAWN/.codex/visualizations/2026/10/02/01a0fd16-9489-7e50-a7b6-a1178fd92bf1/ppg_audit/snapshot/contracts/PPG_ALIAS_MAPPING_TABLE.md","相应主责组补全真实动态验收；C只核对涉及本数值链的依赖条款"
"OIB-09","C:/Users/DAWN/.codex/visualizations/2026/10/02/01a0fd16-9489-7e50-a7b6-a1178fd92bf1/ppg_audit/snapshot/contracts/PPG_REAL_PPG_RAW_GENERATOR_TESTBENCH_CONTRACT.md","687","| OIB-09 | A transaction accepted before a legal direct-configuration change retains its old snapshot; only the next accepted transaction may use the new complete snapshot, with no mixed epoch set. |","部分","本合同条款已读；非C主责动态家族未独立签核","A/B主责对应系统TB（详见OWNERSHIP_4CHAT.csv）","C:/Users/DAWN/.codex/visualizations/2026/10/02/01a0fd16-9489-7e50-a7b6-a1178fd92bf1/ppg_audit/snapshot/contracts/PPG_ALIAS_MAPPING_TABLE.md","相应主责组补全真实动态验收；C只核对涉及本数值链的依赖条款"
"OIB-10","C:/Users/DAWN/.codex/visualizations/2026/10/02/01a0fd16-9489-7e50-a7b6-a1178fd92bf1/ppg_audit/snapshot/contracts/PPG_REAL_PPG_RAW_GENERATOR_TESTBENCH_CONTRACT.md","688","| OIB-10 | Static ready/valid analysis and dynamic traces show no combinational ready loop; exact independent internal-fork branch stalls remain covered by FFK/AMI unit regression evidence. |","部分","本合同条款已读；非C主责动态家族未独立签核","A/B主责对应系统TB（详见OWNERSHIP_4CHAT.csv）","C:/Users/DAWN/.codex/visualizations/2026/10/02/01a0fd16-9489-7e50-a7b6-a1178fd92bf1/ppg_audit/snapshot/contracts/PPG_ALIAS_MAPPING_TABLE.md","相应主责组补全真实动态验收；C只核对涉及本数值链的依赖条款"
"LFA-01","C:/Users/DAWN/.codex/visualizations/2026/10/02/01a0fd16-9489-7e50-a7b6-a1178fd92bf1/ppg_audit/snapshot/contracts/PPG_REAL_PPG_RAW_GENERATOR_TESTBENCH_CONTRACT.md","694","| LFA-01 | STOP during startup search prevents new calibration owners, cancels uncommitted pending state, preserves committed codes/epochs, and reaches real idle without a fabricated completion. |","部分","本合同条款已读；非C主责动态家族未独立签核","A/B主责对应系统TB（详见OWNERSHIP_4CHAT.csv）","C:/Users/DAWN/.codex/visualizations/2026/10/02/01a0fd16-9489-7e50-a7b6-a1178fd92bf1/ppg_audit/snapshot/contracts/PPG_ALIAS_MAPPING_TABLE.md","相应主责组补全真实动态验收；C只核对涉及本数值链的依赖条款"
"LFA-02","C:/Users/DAWN/.codex/visualizations/2026/10/02/01a0fd16-9489-7e50-a7b6-a1178fd92bf1/ppg_audit/snapshot/contracts/PPG_REAL_PPG_RAW_GENERATOR_TESTBENCH_CONTRACT.md","695","| LFA-02 | STOP during NORMAL or SAR15 prevents new owners. A committed physical owner waits for true completion/idle but is discard-pending from STOP acceptance: its matching real DONE emits exactly one original-identity `success=0` release and no formal data, IDAC, calibration or detector side effect. An untransferred held formal result produces one public `DISCARD_STOP` record within the documented digital lifecycle path; it does not wait indefinitely for ready. The same STOP must emit one generation-scoped detection discard whenever AMI fork or downstream PWI/FIR/detector state for the active generation remains; the test shall cover the case where AMI detection fork is already empty but downstream detection state is not. `identity_valid=0` in that scope-only flush requires every trigger identity field except mandatory target `run_generation`, and sample-valid, to be zero; all current-generation detection state must report empty no earlier than the following 2 MHz cycle. The complementary system-fault case injects the one-cycle supervisor fault-discard event before a retained branch becomes discardable and proves the later exactly-once record is still `DISCARD_SYSTEM_FAULT`, not STOP or abort. |","部分","本合同条款已读；非C主责动态家族未独立签核","A/B主责对应系统TB（详见OWNERSHIP_4CHAT.csv）","C:/Users/DAWN/.codex/visualizations/2026/10/02/01a0fd16-9489-7e50-a7b6-a1178fd92bf1/ppg_audit/snapshot/contracts/PPG_ALIAS_MAPPING_TABLE.md","相应主责组补全真实动态验收；C只核对涉及本数值链的依赖条款"
"LFA-03","C:/Users/DAWN/.codex/visualizations/2026/10/02/01a0fd16-9489-7e50-a7b6-a1178fd92bf1/ppg_audit/snapshot/contracts/PPG_REAL_PPG_RAW_GENERATOR_TESTBENCH_CONTRACT.md","696","| LFA-03 | STOP during tracking pending or recheck cancels uncommitted updates/requests without changing committed codes or epochs. |","部分","本合同条款已读；非C主责动态家族未独立签核","A/B主责对应系统TB（详见OWNERSHIP_4CHAT.csv）","C:/Users/DAWN/.codex/visualizations/2026/10/02/01a0fd16-9489-7e50-a7b6-a1178fd92bf1/ppg_audit/snapshot/contracts/PPG_ALIAS_MAPPING_TABLE.md","相应主责组补全真实动态验收；C只核对涉及本数值链的依赖条款"
"LFA-04","C:/Users/DAWN/.codex/visualizations/2026/10/02/01a0fd16-9489-7e50-a7b6-a1178fd92bf1/ppg_audit/snapshot/contracts/PPG_REAL_PPG_RAW_GENERATOR_TESTBENCH_CONTRACT.md","697","| LFA-04 | Abort after owner commit retains the minimum old identity; its matching real DONE emits one original-sample-index `success=0` completion and no formal data. |","部分","本合同条款已读；非C主责动态家族未独立签核","A/B主责对应系统TB（详见OWNERSHIP_4CHAT.csv）","C:/Users/DAWN/.codex/visualizations/2026/10/02/01a0fd16-9489-7e50-a7b6-a1178fd92bf1/ppg_audit/snapshot/contracts/PPG_ALIAS_MAPPING_TABLE.md","相应主责组补全真实动态验收；C只核对涉及本数值链的依赖条款"
"LFA-05","C:/Users/DAWN/.codex/visualizations/2026/10/02/01a0fd16-9489-7e50-a7b6-a1178fd92bf1/ppg_audit/snapshot/contracts/PPG_REAL_PPG_RAW_GENERATOR_TESTBENCH_CONTRACT.md","698","| LFA-05 | Reset immediately invalidates all model and DUT owner identities; a pre-reset or post-reset old DONE cannot release or complete a new owner. |","部分","本合同条款已读；非C主责动态家族未独立签核","A/B主责对应系统TB（详见OWNERSHIP_4CHAT.csv）","C:/Users/DAWN/.codex/visualizations/2026/10/02/01a0fd16-9489-7e50-a7b6-a1178fd92bf1/ppg_audit/snapshot/contracts/PPG_ALIAS_MAPPING_TABLE.md","相应主责组补全真实动态验收；C只核对涉及本数值链的依赖条款"
"LFA-06","C:/Users/DAWN/.codex/visualizations/2026/10/02/01a0fd16-9489-7e50-a7b6-a1178fd92bf1/ppg_audit/snapshot/contracts/PPG_REAL_PPG_RAW_GENERATOR_TESTBENCH_CONTRACT.md","699","| LFA-06 | An early `CLK_DOUT` before the selected Q3 end cannot produce a successful completion or advance formal data state. |","部分","本合同条款已读；非C主责动态家族未独立签核","A/B主责对应系统TB（详见OWNERSHIP_4CHAT.csv）","C:/Users/DAWN/.codex/visualizations/2026/10/02/01a0fd16-9489-7e50-a7b6-a1178fd92bf1/ppg_audit/snapshot/contracts/PPG_ALIAS_MAPPING_TABLE.md","相应主责组补全真实动态验收；C只核对涉及本数值链的依赖条款"
"LFA-07","C:/Users/DAWN/.codex/visualizations/2026/10/02/01a0fd16-9489-7e50-a7b6-a1178fd92bf1/ppg_audit/snapshot/contracts/PPG_REAL_PPG_RAW_GENERATOR_TESTBENCH_CONTRACT.md","700","| LFA-07 | A duplicate DONE for an already released owner produces no second completion, result, update, or sample-index change. |","部分","本合同条款已读；非C主责动态家族未独立签核","A/B主责对应系统TB（详见OWNERSHIP_4CHAT.csv）","C:/Users/DAWN/.codex/visualizations/2026/10/02/01a0fd16-9489-7e50-a7b6-a1178fd92bf1/ppg_audit/snapshot/contracts/PPG_ALIAS_MAPPING_TABLE.md","相应主责组补全真实动态验收；C只核对涉及本数值链的依赖条款"
"LFA-08","C:/Users/DAWN/.codex/visualizations/2026/10/02/01a0fd16-9489-7e50-a7b6-a1178fd92bf1/ppg_audit/snapshot/contracts/PPG_REAL_PPG_RAW_GENERATOR_TESTBENCH_CONTRACT.md","701","| LFA-08 | With protected test mode enabled, only a wrong completion `sample_index` may be injected at the public verification boundary. It traverses the production identity matcher, cannot release or replace the current owner, produces no formal result or algorithm/control side effect, and asserts the contracted mismatch/protocol diagnostic. The diagnostic propagates through the joint integration fault export and the final top-level fault/abort supervisor. When STOP or the registered system abort is applied after the original real DONE has been buffered, AMI re-presents the buffered original identity and emits exactly one original-`sample_index` `success=0` completion; the two recovery events are idempotent and cannot directly clear or double-release the owner. Reset may instead invalidate the digital owner. After legal diagnostic clear/restart, the next legal START/transaction completes without stale identity. Frame/color/type/precision injection is outside LFA-08. |","部分","本合同条款已读；非C主责动态家族未独立签核","A/B主责对应系统TB（详见OWNERSHIP_4CHAT.csv）","C:/Users/DAWN/.codex/visualizations/2026/10/02/01a0fd16-9489-7e50-a7b6-a1178fd92bf1/ppg_audit/snapshot/contracts/PPG_ALIAS_MAPPING_TABLE.md","相应主责组补全真实动态验收；C只核对涉及本数值链的依赖条款"
"LFA-09","C:/Users/DAWN/.codex/visualizations/2026/10/02/01a0fd16-9489-7e50-a7b6-a1178fd92bf1/ppg_audit/snapshot/contracts/PPG_REAL_PPG_RAW_GENERATOR_TESTBENCH_CONTRACT.md","702","| LFA-09 | RED, IR, and calibration owner-deadline failures suppress the affected active sampling windows, do not consume sample index, and expose the correct non-blocking historical timeout diagnostic. They do not create a supervisor blocking record, abort, system STOP request, or first-fault snapshot. |","部分","本合同条款已读；非C主责动态家族未独立签核","A/B主责对应系统TB（详见OWNERSHIP_4CHAT.csv）","C:/Users/DAWN/.codex/visualizations/2026/10/02/01a0fd16-9489-7e50-a7b6-a1178fd92bf1/ppg_audit/snapshot/contracts/PPG_ALIAS_MAPPING_TABLE.md","相应主责组补全真实动态验收；C只核对涉及本数值链的依赖条款"
"LFA-10","C:/Users/DAWN/.codex/visualizations/2026/10/02/01a0fd16-9489-7e50-a7b6-a1178fd92bf1/ppg_audit/snapshot/contracts/PPG_REAL_PPG_RAW_GENERATOR_TESTBENCH_CONTRACT.md","703","| LFA-10 | AMI and SSW faults independently block new Scheduler launches without a feedback combinational loop or false local clear. |","部分","本合同条款已读；非C主责动态家族未独立签核","A/B主责对应系统TB（详见OWNERSHIP_4CHAT.csv）","C:/Users/DAWN/.codex/visualizations/2026/10/02/01a0fd16-9489-7e50-a7b6-a1178fd92bf1/ppg_audit/snapshot/contracts/PPG_ALIAS_MAPPING_TABLE.md","相应主责组补全真实动态验收；C只核对涉及本数值链的依赖条款"
"LFA-11","C:/Users/DAWN/.codex/visualizations/2026/10/02/01a0fd16-9489-7e50-a7b6-a1178fd92bf1/ppg_audit/snapshot/contracts/PPG_REAL_PPG_RAW_GENERATOR_TESTBENCH_CONTRACT.md","704","| LFA-11 | Diagnostic clear removes only historical sticky state; an active fault cause continues to block until its contractual recovery condition. |","部分","本合同条款已读；非C主责动态家族未独立签核","A/B主责对应系统TB（详见OWNERSHIP_4CHAT.csv）","C:/Users/DAWN/.codex/visualizations/2026/10/02/01a0fd16-9489-7e50-a7b6-a1178fd92bf1/ppg_audit/snapshot/contracts/PPG_ALIAS_MAPPING_TABLE.md","相应主责组补全真实动态验收；C只核对涉及本数值链的依赖条款"
"LFA-12","C:/Users/DAWN/.codex/visualizations/2026/10/02/01a0fd16-9489-7e50-a7b6-a1178fd92bf1/ppg_audit/snapshot/contracts/PPG_REAL_PPG_RAW_GENERATOR_TESTBENCH_CONTRACT.md","705","| LFA-12 | A new START after legal recovery begins from sample index/frame start, search, detector, pending, and RAW-model state required by the owner contracts, with no stale event revival. |","部分","本合同条款已读；非C主责动态家族未独立签核","A/B主责对应系统TB（详见OWNERSHIP_4CHAT.csv）","C:/Users/DAWN/.codex/visualizations/2026/10/02/01a0fd16-9489-7e50-a7b6-a1178fd92bf1/ppg_audit/snapshot/contracts/PPG_ALIAS_MAPPING_TABLE.md","相应主责组补全真实动态验收；C只核对涉及本数值链的依赖条款"
"PRC-01","C:/Users/DAWN/.codex/visualizations/2026/10/02/01a0fd16-9489-7e50-a7b6-a1178fd92bf1/ppg_audit/snapshot/contracts/PPG_REAL_PPG_RAW_GENERATOR_TESTBENCH_CONTRACT.md","711","| PRC-01 | A flat or no-pulse deterministic input produces no false upward cross, peak/valley pair, or precision transition. |","部分","本合同条款已读；非C主责动态家族未独立签核","A/B主责对应系统TB（详见OWNERSHIP_4CHAT.csv）","C:/Users/DAWN/.codex/visualizations/2026/10/02/01a0fd16-9489-7e50-a7b6-a1178fd92bf1/ppg_audit/snapshot/contracts/PPG_ALIAS_MAPPING_TABLE.md","相应主责组补全真实动态验收；C只核对涉及本数值链的依赖条款"
"PRC-02","C:/Users/DAWN/.codex/visualizations/2026/10/02/01a0fd16-9489-7e50-a7b6-a1178fd92bf1/ppg_audit/snapshot/contracts/PPG_REAL_PPG_RAW_GENERATOR_TESTBENCH_CONTRACT.md","712","| PRC-02 | A below-threshold low-amplitude pulse remains in SAR9 or follows the contracted no-cross/reacquire policy without a fabricated fine window. |","部分","本合同条款已读；非C主责动态家族未独立签核","A/B主责对应系统TB（详见OWNERSHIP_4CHAT.csv）","C:/Users/DAWN/.codex/visualizations/2026/10/02/01a0fd16-9489-7e50-a7b6-a1178fd92bf1/ppg_audit/snapshot/contracts/PPG_ALIAS_MAPPING_TABLE.md","相应主责组补全真实动态验收；C只核对涉及本数值链的依赖条款"
"PRC-03","C:/Users/DAWN/.codex/visualizations/2026/10/02/01a0fd16-9489-7e50-a7b6-a1178fd92bf1/ppg_audit/snapshot/contracts/PPG_REAL_PPG_RAW_GENERATOR_TESTBENCH_CONTRACT.md","713","| PRC-03 | A high-amplitude or clamped input asserts the correct saturation qualification and cannot use a saturated sample as baseline, cross, peak, or valley evidence. |","部分","本合同条款已读；非C主责动态家族未独立签核","A/B主责对应系统TB（详见OWNERSHIP_4CHAT.csv）","C:/Users/DAWN/.codex/visualizations/2026/10/02/01a0fd16-9489-7e50-a7b6-a1178fd92bf1/ppg_audit/snapshot/contracts/PPG_ALIAS_MAPPING_TABLE.md","相应主责组补全真实动态验收；C只核对涉及本数值链的依赖条款"
"PRC-04","C:/Users/DAWN/.codex/visualizations/2026/10/02/01a0fd16-9489-7e50-a7b6-a1178fd92bf1/ppg_audit/snapshot/contracts/PPG_REAL_PPG_RAW_GENERATOR_TESTBENCH_CONTRACT.md","714","| PRC-04 | Strong bounded baseline drift follows the dynamic-baseline contract without arithmetic wrap, false direction reversal, or identity loss. |","部分","本合同条款已读；非C主责动态家族未独立签核","A/B主责对应系统TB（详见OWNERSHIP_4CHAT.csv）","C:/Users/DAWN/.codex/visualizations/2026/10/02/01a0fd16-9489-7e50-a7b6-a1178fd92bf1/ppg_audit/snapshot/contracts/PPG_ALIAS_MAPPING_TABLE.md","相应主责组补全真实动态验收；C只核对涉及本数值链的依赖条款"
"PRC-05","C:/Users/DAWN/.codex/visualizations/2026/10/02/01a0fd16-9489-7e50-a7b6-a1178fd92bf1/ppg_audit/snapshot/contracts/PPG_REAL_PPG_RAW_GENERATOR_TESTBENCH_CONTRACT.md","715","| PRC-05 | Every deterministic noise schedule remains within its recorded bound and produces bit-identical results on repeat simulation. |","部分","本合同条款已读；非C主责动态家族未独立签核","A/B主责对应系统TB（详见OWNERSHIP_4CHAT.csv）","C:/Users/DAWN/.codex/visualizations/2026/10/02/01a0fd16-9489-7e50-a7b6-a1178fd92bf1/ppg_audit/snapshot/contracts/PPG_ALIAS_MAPPING_TABLE.md","相应主责组补全真实动态验收；C只核对涉及本数值链的依赖条款"
"PRC-06","C:/Users/DAWN/.codex/visualizations/2026/10/02/01a0fd16-9489-7e50-a7b6-a1178fd92bf1/ppg_audit/snapshot/contracts/PPG_REAL_PPG_RAW_GENERATOR_TESTBENCH_CONTRACT.md","716","| PRC-06 | Fast and slow legal pulse periods satisfy configured peak/valley interval checks; out-of-range periods follow timeout/reacquire behavior without false acceptance. |","部分","本合同条款已读；非C主责动态家族未独立签核","A/B主责对应系统TB（详见OWNERSHIP_4CHAT.csv）","C:/Users/DAWN/.codex/visualizations/2026/10/02/01a0fd16-9489-7e50-a7b6-a1178fd92bf1/ppg_audit/snapshot/contracts/PPG_ALIAS_MAPPING_TABLE.md","相应主责组补全真实动态验收；C只核对涉及本数值链的依赖条款"
"PRC-07","C:/Users/DAWN/.codex/visualizations/2026/10/02/01a0fd16-9489-7e50-a7b6-a1178fd92bf1/ppg_audit/snapshot/contracts/PPG_REAL_PPG_RAW_GENERATOR_TESTBENCH_CONTRACT.md","717","| PRC-07 | Weak or missing dicrotic-notch profiles either produce a fully qualified valley or the contracted timeout/reacquire path, never an unqualified SAR9 return. |","部分","本合同条款已读；非C主责动态家族未独立签核","A/B主责对应系统TB（详见OWNERSHIP_4CHAT.csv）","C:/Users/DAWN/.codex/visualizations/2026/10/02/01a0fd16-9489-7e50-a7b6-a1178fd92bf1/ppg_audit/snapshot/contracts/PPG_ALIAS_MAPPING_TABLE.md","相应主责组补全真实动态验收；C只核对涉及本数值链的依赖条款"
"PRC-08","C:/Users/DAWN/.codex/visualizations/2026/10/02/01a0fd16-9489-7e50-a7b6-a1178fd92bf1/ppg_audit/snapshot/contracts/PPG_REAL_PPG_RAW_GENERATOR_TESTBENCH_CONTRACT.md","718","| PRC-08 | With protected test mode enabled, an explicit invalid-sample qualification injected at the public verification boundary remains bound to one real, identity-matched sample and cannot advance FIR history/count/full qualification, dynamic-baseline cycle evidence, peak/valley confirmation, or precision control. It is not represented by a low, zero, high, or saturated RAW code and does not reuse Stage1/Stage2/DC calibration-valid controls. Later legal samples preserve frame/sample/color order and rebuild only the history permitted by the FIR and detector contracts before any new qualified event. |","部分","本合同条款已读；非C主责动态家族未独立签核","A/B主责对应系统TB（详见OWNERSHIP_4CHAT.csv）","C:/Users/DAWN/.codex/visualizations/2026/10/02/01a0fd16-9489-7e50-a7b6-a1178fd92bf1/ppg_audit/snapshot/contracts/PPG_ALIAS_MAPPING_TABLE.md","相应主责组补全真实动态验收；C只核对涉及本数值链的依赖条款"
"PRC-09","C:/Users/DAWN/.codex/visualizations/2026/10/02/01a0fd16-9489-7e50-a7b6-a1178fd92bf1/ppg_audit/snapshot/contracts/PPG_REAL_PPG_RAW_GENERATOR_TESTBENCH_CONTRACT.md","719","| PRC-09 | A calibration-qualification-loss sample is consumed according to the FIR/DC contracts but makes every covering detection window unqualified. |","部分","本合同条款已读；非C主责动态家族未独立签核","A/B主责对应系统TB（详见OWNERSHIP_4CHAT.csv）","C:/Users/DAWN/.codex/visualizations/2026/10/02/01a0fd16-9489-7e50-a7b6-a1178fd92bf1/ppg_audit/snapshot/contracts/PPG_ALIAS_MAPPING_TABLE.md","相应主责组补全真实动态验收；C只核对涉及本数值链的依赖条款"
"PRC-10","C:/Users/DAWN/.codex/visualizations/2026/10/02/01a0fd16-9489-7e50-a7b6-a1178fd92bf1/ppg_audit/snapshot/contracts/PPG_REAL_PPG_RAW_GENERATOR_TESTBENCH_CONTRACT.md","720","| PRC-10 | After invalid or unqualified samples, later legal results preserve frame/sample/color order and rebuild only the permitted history before any new event. |","部分","本合同条款已读；非C主责动态家族未独立签核","A/B主责对应系统TB（详见OWNERSHIP_4CHAT.csv）","C:/Users/DAWN/.codex/visualizations/2026/10/02/01a0fd16-9489-7e50-a7b6-a1178fd92bf1/ppg_audit/snapshot/contracts/PPG_ALIAS_MAPPING_TABLE.md","相应主责组补全真实动态验收；C只核对涉及本数值链的依赖条款"
"PVW-01","C:/Users/DAWN/.codex/visualizations/2026/10/02/01a0fd16-9489-7e50-a7b6-a1178fd92bf1/ppg_audit/snapshot/contracts/PPG_PEAK_VALLEY_WINDOW_DETECTOR_INTERFACE_CONTRACT.md","801","| PVW-01 | 异步复位 | valid、极值、计数、窗口和sticky确定性清零 |","完成","已审真实激励/比较及RTL对应分支；不作穷尽覆盖结论","C:/Users/DAWN/.codex/visualizations/2026/10/02/01a0fd16-9489-7e50-a7b6-a1178fd92bf1/ppg_audit/snapshot/rtl/ppg_peak_valley_window_detector/tb_ppg_peak_valley_window_detector.v","C:/Users/DAWN/.codex/visualizations/2026/10/02/01a0fd78-b9b8-78f2-8e39-c02cd0049c19/ppg_review_C/evidence/peak_review.md","原TB真实运行见A_regression_C_scope_snapshot.json；PASS仅限已执行判据"
"PVW-02","C:/Users/DAWN/.codex/visualizations/2026/10/02/01a0fd16-9489-7e50-a7b6-a1178fd92bf1/ppg_audit/snapshot/contracts/PPG_PEAK_VALLEY_WINDOW_DETECTOR_INTERFACE_CONTRACT.md","802","| PVW-02 | 新START | 保持9-bit并进入首峰重新获取 |","完成","已审真实激励/比较及RTL对应分支；不作穷尽覆盖结论","C:/Users/DAWN/.codex/visualizations/2026/10/02/01a0fd16-9489-7e50-a7b6-a1178fd92bf1/ppg_audit/snapshot/rtl/ppg_peak_valley_window_detector/tb_ppg_peak_valley_window_detector.v","C:/Users/DAWN/.codex/visualizations/2026/10/02/01a0fd78-b9b8-78f2-8e39-c02cd0049c19/ppg_review_C/evidence/peak_review.md","原TB真实运行见A_regression_C_scope_snapshot.json；PASS仅限已执行判据"
"PVW-03","C:/Users/DAWN/.codex/visualizations/2026/10/02/01a0fd16-9489-7e50-a7b6-a1178fd92bf1/ppg_audit/snapshot/contracts/PPG_PEAK_VALLEY_WINDOW_DETECTOR_INTERFACE_CONTRACT.md","803","| PVW-03 | 首个可靠波峰 | 免除峰峰时间检查并输出锚点 |","完成","已审真实激励/比较及RTL对应分支；不作穷尽覆盖结论","C:/Users/DAWN/.codex/visualizations/2026/10/02/01a0fd16-9489-7e50-a7b6-a1178fd92bf1/ppg_audit/snapshot/rtl/ppg_peak_valley_window_detector/tb_ppg_peak_valley_window_detector.v","C:/Users/DAWN/.codex/visualizations/2026/10/02/01a0fd78-b9b8-78f2-8e39-c02cd0049c19/ppg_review_C/evidence/peak_review.md","原TB真实运行见A_regression_C_scope_snapshot.json；PASS仅限已执行判据"
"PVW-04","C:/Users/DAWN/.codex/visualizations/2026/10/02/01a0fd16-9489-7e50-a7b6-a1178fd92bf1/ppg_audit/snapshot/contracts/PPG_PEAK_VALLEY_WINDOW_DETECTOR_INTERFACE_CONTRACT.md","804","| PVW-04 | 波峰连续3点下降 | 第3个下降样本确认，事件时间仍绑定运行最大值 |","完成","已审真实激励/比较及RTL对应分支；不作穷尽覆盖结论","C:/Users/DAWN/.codex/visualizations/2026/10/02/01a0fd16-9489-7e50-a7b6-a1178fd92bf1/ppg_audit/snapshot/rtl/ppg_peak_valley_window_detector/tb_ppg_peak_valley_window_detector.v","C:/Users/DAWN/.codex/visualizations/2026/10/02/01a0fd78-b9b8-78f2-8e39-c02cd0049c19/ppg_review_C/evidence/peak_review.md","原TB真实运行见A_regression_C_scope_snapshot.json；PASS仅限已执行判据"
"PVW-05","C:/Users/DAWN/.codex/visualizations/2026/10/02/01a0fd16-9489-7e50-a7b6-a1178fd92bf1/ppg_audit/snapshot/contracts/PPG_PEAK_VALLEY_WINDOW_DETECTOR_INTERFACE_CONTRACT.md","805","| PVW-05 | 相同最大值平台 | 保存最后一个相同最大值的中心元数据 |","完成","已审真实激励/比较及RTL对应分支；不作穷尽覆盖结论","C:/Users/DAWN/.codex/visualizations/2026/10/02/01a0fd16-9489-7e50-a7b6-a1178fd92bf1/ppg_audit/snapshot/rtl/ppg_peak_valley_window_detector/tb_ppg_peak_valley_window_detector.v","C:/Users/DAWN/.codex/visualizations/2026/10/02/01a0fd78-b9b8-78f2-8e39-c02cd0049c19/ppg_review_C/evidence/peak_review.md","原TB真实运行见A_regression_C_scope_snapshot.json；PASS仅限已执行判据"
"PVW-06","C:/Users/DAWN/.codex/visualizations/2026/10/02/01a0fd16-9489-7e50-a7b6-a1178fd92bf1/ppg_audit/snapshot/contracts/PPG_PEAK_VALLEY_WINDOW_DETECTOR_INTERFACE_CONTRACT.md","806","| PVW-06 | 波峰死区平坦 | 计数保持但不增加 |","完成","已审真实激励/比较及RTL对应分支；不作穷尽覆盖结论","C:/Users/DAWN/.codex/visualizations/2026/10/02/01a0fd16-9489-7e50-a7b6-a1178fd92bf1/ppg_audit/snapshot/rtl/ppg_peak_valley_window_detector/tb_ppg_peak_valley_window_detector.v","C:/Users/DAWN/.codex/visualizations/2026/10/02/01a0fd78-b9b8-78f2-8e39-c02cd0049c19/ppg_review_C/evidence/peak_review.md","原TB真实运行见A_regression_C_scope_snapshot.json；PASS仅限已执行判据"
"PVW-07","C:/Users/DAWN/.codex/visualizations/2026/10/02/01a0fd16-9489-7e50-a7b6-a1178fd92bf1/ppg_audit/snapshot/contracts/PPG_PEAK_VALLEY_WINDOW_DETECTOR_INTERFACE_CONTRACT.md","807","| PVW-07 | 波峰反方向 | 下降计数清零且无伪事件 |","完成","已审真实激励/比较及RTL对应分支；不作穷尽覆盖结论","C:/Users/DAWN/.codex/visualizations/2026/10/02/01a0fd16-9489-7e50-a7b6-a1178fd92bf1/ppg_audit/snapshot/rtl/ppg_peak_valley_window_detector/tb_ppg_peak_valley_window_detector.v","C:/Users/DAWN/.codex/visualizations/2026/10/02/01a0fd78-b9b8-78f2-8e39-c02cd0049c19/ppg_review_C/evidence/peak_review.md","原TB真实运行见A_regression_C_scope_snapshot.json；PASS仅限已执行判据"
"PVW-08","C:/Users/DAWN/.codex/visualizations/2026/10/02/01a0fd16-9489-7e50-a7b6-a1178fd92bf1/ppg_audit/snapshot/contracts/PPG_PEAK_VALLEY_WINDOW_DETECTOR_INTERFACE_CONTRACT.md","808","| PVW-08 | 峰峰时间不足 | 拒绝局部波峰并继续搜索 |","完成","已审真实激励/比较及RTL对应分支；不作穷尽覆盖结论","C:/Users/DAWN/.codex/visualizations/2026/10/02/01a0fd16-9489-7e50-a7b6-a1178fd92bf1/ppg_audit/snapshot/rtl/ppg_peak_valley_window_detector/tb_ppg_peak_valley_window_detector.v","C:/Users/DAWN/.codex/visualizations/2026/10/02/01a0fd78-b9b8-78f2-8e39-c02cd0049c19/ppg_review_C/evidence/peak_review.md","原TB真实运行见A_regression_C_scope_snapshot.json；PASS仅限已执行判据"
"PVW-09","C:/Users/DAWN/.codex/visualizations/2026/10/02/01a0fd16-9489-7e50-a7b6-a1178fd92bf1/ppg_audit/snapshot/contracts/PPG_PEAK_VALLEY_WINDOW_DETECTOR_INTERFACE_CONTRACT.md","809","| PVW-09 | 合格峰峰时间 | 模回绕帧差正确接受 |","完成","已审真实激励/比较及RTL对应分支；不作穷尽覆盖结论","C:/Users/DAWN/.codex/visualizations/2026/10/02/01a0fd16-9489-7e50-a7b6-a1178fd92bf1/ppg_audit/snapshot/rtl/ppg_peak_valley_window_detector/tb_ppg_peak_valley_window_detector.v","C:/Users/DAWN/.codex/visualizations/2026/10/02/01a0fd78-b9b8-78f2-8e39-c02cd0049c19/ppg_review_C/evidence/peak_review.md","原TB真实运行见A_regression_C_scope_snapshot.json；PASS仅限已执行判据"
"PVW-10","C:/Users/DAWN/.codex/visualizations/2026/10/02/01a0fd16-9489-7e50-a7b6-a1178fd92bf1/ppg_audit/snapshot/contracts/PPG_PEAK_VALLEY_WINDOW_DETECTOR_INTERFACE_CONTRACT.md","810","| PVW-10 | 波谷连续3点上升 | 第3个上升样本确认，事件时间仍绑定运行最小值 |","完成","已审真实激励/比较及RTL对应分支；不作穷尽覆盖结论","C:/Users/DAWN/.codex/visualizations/2026/10/02/01a0fd16-9489-7e50-a7b6-a1178fd92bf1/ppg_audit/snapshot/rtl/ppg_peak_valley_window_detector/tb_ppg_peak_valley_window_detector.v","C:/Users/DAWN/.codex/visualizations/2026/10/02/01a0fd78-b9b8-78f2-8e39-c02cd0049c19/ppg_review_C/evidence/peak_review.md","原TB真实运行见A_regression_C_scope_snapshot.json；PASS仅限已执行判据"
"PVW-11","C:/Users/DAWN/.codex/visualizations/2026/10/02/01a0fd16-9489-7e50-a7b6-a1178fd92bf1/ppg_audit/snapshot/contracts/PPG_PEAK_VALLEY_WINDOW_DETECTOR_INTERFACE_CONTRACT.md","811","| PVW-11 | 相同最小值平台 | 保存最后一个相同最小值的中心元数据 |","完成","已审真实激励/比较及RTL对应分支；不作穷尽覆盖结论","C:/Users/DAWN/.codex/visualizations/2026/10/02/01a0fd16-9489-7e50-a7b6-a1178fd92bf1/ppg_audit/snapshot/rtl/ppg_peak_valley_window_detector/tb_ppg_peak_valley_window_detector.v","C:/Users/DAWN/.codex/visualizations/2026/10/02/01a0fd78-b9b8-78f2-8e39-c02cd0049c19/ppg_review_C/evidence/peak_review.md","原TB真实运行见A_regression_C_scope_snapshot.json；PASS仅限已执行判据"
"PVW-12","C:/Users/DAWN/.codex/visualizations/2026/10/02/01a0fd16-9489-7e50-a7b6-a1178fd92bf1/ppg_audit/snapshot/contracts/PPG_PEAK_VALLEY_WINDOW_DETECTOR_INTERFACE_CONTRACT.md","812","| PVW-12 | 波谷死区平坦 | 上升计数保持但不增加 |","完成","已审真实激励/比较及RTL对应分支；不作穷尽覆盖结论","C:/Users/DAWN/.codex/visualizations/2026/10/02/01a0fd16-9489-7e50-a7b6-a1178fd92bf1/ppg_audit/snapshot/rtl/ppg_peak_valley_window_detector/tb_ppg_peak_valley_window_detector.v","C:/Users/DAWN/.codex/visualizations/2026/10/02/01a0fd78-b9b8-78f2-8e39-c02cd0049c19/ppg_review_C/evidence/peak_review.md","原TB真实运行见A_regression_C_scope_snapshot.json；PASS仅限已执行判据"
"PVW-13","C:/Users/DAWN/.codex/visualizations/2026/10/02/01a0fd16-9489-7e50-a7b6-a1178fd92bf1/ppg_audit/snapshot/contracts/PPG_PEAK_VALLEY_WINDOW_DETECTOR_INTERFACE_CONTRACT.md","813","| PVW-13 | 波谷反方向 | 上升计数清零并允许更新更低最小值 |","完成","已审真实激励/比较及RTL对应分支；不作穷尽覆盖结论","C:/Users/DAWN/.codex/visualizations/2026/10/02/01a0fd16-9489-7e50-a7b6-a1178fd92bf1/ppg_audit/snapshot/rtl/ppg_peak_valley_window_detector/tb_ppg_peak_valley_window_detector.v","C:/Users/DAWN/.codex/visualizations/2026/10/02/01a0fd78-b9b8-78f2-8e39-c02cd0049c19/ppg_review_C/evidence/peak_review.md","原TB真实运行见A_regression_C_scope_snapshot.json；PASS仅限已执行判据"
"PVW-14","C:/Users/DAWN/.codex/visualizations/2026/10/02/01a0fd16-9489-7e50-a7b6-a1178fd92bf1/ppg_audit/snapshot/contracts/PPG_PEAK_VALLEY_WINDOW_DETECTOR_INTERFACE_CONTRACT.md","814","| PVW-14 | 峰谷幅度不足 | 不输出谷值、不返回9-bit并继续跟踪 |","完成","已审真实激励/比较及RTL对应分支；不作穷尽覆盖结论","C:/Users/DAWN/.codex/visualizations/2026/10/02/01a0fd16-9489-7e50-a7b6-a1178fd92bf1/ppg_audit/snapshot/rtl/ppg_peak_valley_window_detector/tb_ppg_peak_valley_window_detector.v","C:/Users/DAWN/.codex/visualizations/2026/10/02/01a0fd78-b9b8-78f2-8e39-c02cd0049c19/ppg_review_C/evidence/peak_review.md","原TB真实运行见A_regression_C_scope_snapshot.json；PASS仅限已执行判据"
"PVW-15","C:/Users/DAWN/.codex/visualizations/2026/10/02/01a0fd16-9489-7e50-a7b6-a1178fd92bf1/ppg_audit/snapshot/contracts/PPG_PEAK_VALLEY_WINDOW_DETECTOR_INTERFACE_CONTRACT.md","815","| PVW-15 | 峰谷时间不足 | 不输出谷值、不返回9-bit并继续跟踪 |","完成","已审真实激励/比较及RTL对应分支；不作穷尽覆盖结论","C:/Users/DAWN/.codex/visualizations/2026/10/02/01a0fd16-9489-7e50-a7b6-a1178fd92bf1/ppg_audit/snapshot/rtl/ppg_peak_valley_window_detector/tb_ppg_peak_valley_window_detector.v","C:/Users/DAWN/.codex/visualizations/2026/10/02/01a0fd78-b9b8-78f2-8e39-c02cd0049c19/ppg_review_C/evidence/peak_review.md","原TB真实运行见A_regression_C_scope_snapshot.json；PASS仅限已执行判据"
"PVW-16","C:/Users/DAWN/.codex/visualizations/2026/10/02/01a0fd16-9489-7e50-a7b6-a1178fd92bf1/ppg_audit/snapshot/contracts/PPG_PEAK_VALLEY_WINDOW_DETECTOR_INTERFACE_CONTRACT.md","816","| PVW-16 | 合格峰谷 | 原子输出谷值和完整实际元数据 |","完成","已审真实激励/比较及RTL对应分支；不作穷尽覆盖结论","C:/Users/DAWN/.codex/visualizations/2026/10/02/01a0fd16-9489-7e50-a7b6-a1178fd92bf1/ppg_audit/snapshot/rtl/ppg_peak_valley_window_detector/tb_ppg_peak_valley_window_detector.v","C:/Users/DAWN/.codex/visualizations/2026/10/02/01a0fd78-b9b8-78f2-8e39-c02cd0049c19/ppg_review_C/evidence/peak_review.md","原TB真实运行见A_regression_C_scope_snapshot.json；PASS仅限已执行判据"
"PVW-17","C:/Users/DAWN/.codex/visualizations/2026/10/02/01a0fd16-9489-7e50-a7b6-a1178fd92bf1/ppg_audit/snapshot/contracts/PPG_PEAK_VALLEY_WINDOW_DETECTOR_INTERFACE_CONTRACT.md","817","| PVW-17 | FIR群延时 | 中心绑定`x[n-10]`，不重复减去10帧，不使用确认帧替代极值帧 |","完成","已审真实激励/比较及RTL对应分支；不作穷尽覆盖结论","C:/Users/DAWN/.codex/visualizations/2026/10/02/01a0fd16-9489-7e50-a7b6-a1178fd92bf1/ppg_audit/snapshot/rtl/ppg_peak_valley_window_detector/tb_ppg_peak_valley_window_detector.v","C:/Users/DAWN/.codex/visualizations/2026/10/02/01a0fd78-b9b8-78f2-8e39-c02cd0049c19/ppg_review_C/evidence/peak_review.md","原TB真实运行见A_regression_C_scope_snapshot.json；PASS仅限已执行判据"
"PVW-18","C:/Users/DAWN/.codex/visualizations/2026/10/02/01a0fd16-9489-7e50-a7b6-a1178fd92bf1/ppg_audit/snapshot/contracts/PPG_PEAK_VALLEY_WINDOW_DETECTOR_INTERFACE_CONTRACT.md","818","| PVW-18 | IR交错 | 消费IR但RED状态逐位不变 |","完成","已审真实激励/比较及RTL对应分支；不作穷尽覆盖结论","C:/Users/DAWN/.codex/visualizations/2026/10/02/01a0fd16-9489-7e50-a7b6-a1178fd92bf1/ppg_audit/snapshot/rtl/ppg_peak_valley_window_detector/tb_ppg_peak_valley_window_detector.v","C:/Users/DAWN/.codex/visualizations/2026/10/02/01a0fd78-b9b8-78f2-8e39-c02cd0049c19/ppg_review_C/evidence/peak_review.md","原TB真实运行见A_regression_C_scope_snapshot.json；PASS仅限已执行判据"
"PVW-19","C:/Users/DAWN/.codex/visualizations/2026/10/02/01a0fd16-9489-7e50-a7b6-a1178fd92bf1/ppg_audit/snapshot/contracts/PPG_PEAK_VALLEY_WINDOW_DETECTOR_INTERFACE_CONTRACT.md","819","| PVW-19 | 无效或饱和RED | 不形成方向证据或正式事件 |","完成","已审真实激励/比较及RTL对应分支；不作穷尽覆盖结论","C:/Users/DAWN/.codex/visualizations/2026/10/02/01a0fd16-9489-7e50-a7b6-a1178fd92bf1/ppg_audit/snapshot/rtl/ppg_peak_valley_window_detector/tb_ppg_peak_valley_window_detector.v","C:/Users/DAWN/.codex/visualizations/2026/10/02/01a0fd78-b9b8-78f2-8e39-c02cd0049c19/ppg_review_C/evidence/peak_review.md","原TB真实运行见A_regression_C_scope_snapshot.json；PASS仅限已执行判据；原用例只攻击window_saturation_high，其它饱和位由OR资格结构核对"
"PVW-20","C:/Users/DAWN/.codex/visualizations/2026/10/02/01a0fd16-9489-7e50-a7b6-a1178fd92bf1/ppg_audit/snapshot/contracts/PPG_PEAK_VALLEY_WINDOW_DETECTOR_INTERFACE_CONTRACT.md","820","| PVW-20 | 非预期跳帧 | 清方向计数、保留正式周期并置协议诊断 |","完成","已审真实激励/比较及RTL对应分支；不作穷尽覆盖结论","C:/Users/DAWN/.codex/visualizations/2026/10/02/01a0fd16-9489-7e50-a7b6-a1178fd92bf1/ppg_audit/snapshot/rtl/ppg_peak_valley_window_detector/tb_ppg_peak_valley_window_detector.v","C:/Users/DAWN/.codex/visualizations/2026/10/02/01a0fd78-b9b8-78f2-8e39-c02cd0049c19/ppg_review_C/evidence/peak_review.md","原TB真实运行见A_regression_C_scope_snapshot.json；PASS仅限已执行判据"
"PVW-21","C:/Users/DAWN/.codex/visualizations/2026/10/02/01a0fd16-9489-7e50-a7b6-a1178fd92bf1/ppg_audit/snapshot/contracts/PPG_PEAK_VALLEY_WINDOW_DETECTOR_INTERFACE_CONTRACT.md","821","| PVW-21 | 9/15-bit普通切换 | FIR趋势、运行极值和计数连续，合法历史精度尾部不报错 |","完成","已审真实激励/比较及RTL对应分支；不作穷尽覆盖结论","C:/Users/DAWN/.codex/visualizations/2026/10/02/01a0fd16-9489-7e50-a7b6-a1178fd92bf1/ppg_audit/snapshot/rtl/ppg_peak_valley_window_detector/tb_ppg_peak_valley_window_detector.v","C:/Users/DAWN/.codex/visualizations/2026/10/02/01a0fd78-b9b8-78f2-8e39-c02cd0049c19/ppg_review_C/evidence/peak_review.md","原TB真实运行见A_regression_C_scope_snapshot.json；PASS仅限已执行判据"
"PVW-22","C:/Users/DAWN/.codex/visualizations/2026/10/02/01a0fd16-9489-7e50-a7b6-a1178fd92bf1/ppg_audit/snapshot/contracts/PPG_PEAK_VALLEY_WINDOW_DETECTOR_INTERFACE_CONTRACT.md","822","| PVW-22 | 正式fine start | 只建立窗口资格和起始帧，不清粗链状态 |","完成","已审真实激励/比较及RTL对应分支；不作穷尽覆盖结论","C:/Users/DAWN/.codex/visualizations/2026/10/02/01a0fd16-9489-7e50-a7b6-a1178fd92bf1/ppg_audit/snapshot/rtl/ppg_peak_valley_window_detector/tb_ppg_peak_valley_window_detector.v","C:/Users/DAWN/.codex/visualizations/2026/10/02/01a0fd78-b9b8-78f2-8e39-c02cd0049c19/ppg_review_C/evidence/peak_review.md","原TB真实运行见A_regression_C_scope_snapshot.json；PASS仅限已执行判据"
"PVW-23","C:/Users/DAWN/.codex/visualizations/2026/10/02/01a0fd16-9489-7e50-a7b6-a1178fd92bf1/ppg_audit/snapshot/contracts/PPG_PEAK_VALLEY_WINDOW_DETECTOR_INTERFACE_CONTRACT.md","823","| PVW-23 | 手动15-bit无start | 不建立正式PPG窗口 |","完成","已审真实激励/比较及RTL对应分支；不作穷尽覆盖结论","C:/Users/DAWN/.codex/visualizations/2026/10/02/01a0fd16-9489-7e50-a7b6-a1178fd92bf1/ppg_audit/snapshot/rtl/ppg_peak_valley_window_detector/tb_ppg_peak_valley_window_detector.v","C:/Users/DAWN/.codex/visualizations/2026/10/02/01a0fd78-b9b8-78f2-8e39-c02cd0049c19/ppg_review_C/evidence/peak_review.md","原TB真实运行见A_regression_C_scope_snapshot.json；PASS仅限已执行判据"
"PVW-24","C:/Users/DAWN/.codex/visualizations/2026/10/02/01a0fd16-9489-7e50-a7b6-a1178fd92bf1/ppg_audit/snapshot/contracts/PPG_PEAK_VALLEY_WINDOW_DETECTOR_INTERFACE_CONTRACT.md","824","| PVW-24 | 谷值返回请求 | 保持valid和原因，握手后等待实际9-bit |","完成","已审真实激励/比较及RTL对应分支；不作穷尽覆盖结论","C:/Users/DAWN/.codex/visualizations/2026/10/02/01a0fd16-9489-7e50-a7b6-a1178fd92bf1/ppg_audit/snapshot/rtl/ppg_peak_valley_window_detector/tb_ppg_peak_valley_window_detector.v","C:/Users/DAWN/.codex/visualizations/2026/10/02/01a0fd78-b9b8-78f2-8e39-c02cd0049c19/ppg_review_C/evidence/peak_review.md","原TB真实运行见A_regression_C_scope_snapshot.json；PASS仅限已执行判据"
"PVW-25","C:/Users/DAWN/.codex/visualizations/2026/10/02/01a0fd16-9489-7e50-a7b6-a1178fd92bf1/ppg_audit/snapshot/contracts/PPG_PEAK_VALLEY_WINDOW_DETECTOR_INTERFACE_CONTRACT.md","825","| PVW-25 | fine窗口超时 | 无伪谷值、请求返回9-bit、置sticky并重新获取 |","完成","已审真实激励/比较及RTL对应分支；不作穷尽覆盖结论","C:/Users/DAWN/.codex/visualizations/2026/10/02/01a0fd16-9489-7e50-a7b6-a1178fd92bf1/ppg_audit/snapshot/rtl/ppg_peak_valley_window_detector/tb_ppg_peak_valley_window_detector.v","C:/Users/DAWN/.codex/visualizations/2026/10/02/01a0fd78-b9b8-78f2-8e39-c02cd0049c19/ppg_review_C/evidence/peak_review.md","原TB真实运行见A_regression_C_scope_snapshot.json；PASS仅限已执行判据"
"PVW-26","C:/Users/DAWN/.codex/visualizations/2026/10/02/01a0fd16-9489-7e50-a7b6-a1178fd92bf1/ppg_audit/snapshot/contracts/PPG_PEAK_VALLEY_WINDOW_DETECTOR_INTERFACE_CONTRACT.md","826","| PVW-26 | 重新获取超时 | 保持9-bit、置sticky、清候选并自动开始下一轮 |","完成","已审真实激励/比较及RTL对应分支；不作穷尽覆盖结论","C:/Users/DAWN/.codex/visualizations/2026/10/02/01a0fd16-9489-7e50-a7b6-a1178fd92bf1/ppg_audit/snapshot/rtl/ppg_peak_valley_window_detector/tb_ppg_peak_valley_window_detector.v","C:/Users/DAWN/.codex/visualizations/2026/10/02/01a0fd78-b9b8-78f2-8e39-c02cd0049c19/ppg_review_C/evidence/peak_review.md","原TB真实运行见A_regression_C_scope_snapshot.json；PASS仅限已执行判据"
"PVW-27","C:/Users/DAWN/.codex/visualizations/2026/10/02/01a0fd16-9489-7e50-a7b6-a1178fd92bf1/ppg_audit/snapshot/contracts/PPG_PEAK_VALLEY_WINDOW_DETECTOR_INTERFACE_CONTRACT.md","827","| PVW-27 | 超时后重新获取成功 | 输出新峰值并恢复固定斜率基线建立资格 |","完成","已审真实激励/比较及RTL对应分支；不作穷尽覆盖结论","C:/Users/DAWN/.codex/visualizations/2026/10/02/01a0fd16-9489-7e50-a7b6-a1178fd92bf1/ppg_audit/snapshot/rtl/ppg_peak_valley_window_detector/tb_ppg_peak_valley_window_detector.v","C:/Users/DAWN/.codex/visualizations/2026/10/02/01a0fd78-b9b8-78f2-8e39-c02cd0049c19/ppg_review_C/evidence/peak_review.md","原TB真实运行见A_regression_C_scope_snapshot.json；PASS仅限已执行判据"
"PVW-28","C:/Users/DAWN/.codex/visualizations/2026/10/02/01a0fd16-9489-7e50-a7b6-a1178fd92bf1/ppg_audit/snapshot/contracts/PPG_PEAK_VALLEY_WINDOW_DETECTOR_INTERFACE_CONTRACT.md","828","| PVW-28 | 峰值反压 | valid和全部载荷逐拍稳定，不接受覆盖事件 |","完成","已审真实激励/比较及RTL对应分支；不作穷尽覆盖结论","C:/Users/DAWN/.codex/visualizations/2026/10/02/01a0fd16-9489-7e50-a7b6-a1178fd92bf1/ppg_audit/snapshot/rtl/ppg_peak_valley_window_detector/tb_ppg_peak_valley_window_detector.v","C:/Users/DAWN/.codex/visualizations/2026/10/02/01a0fd78-b9b8-78f2-8e39-c02cd0049c19/ppg_review_C/evidence/peak_review.md","原TB真实运行见A_regression_C_scope_snapshot.json；PASS仅限已执行判据"
"PVW-29","C:/Users/DAWN/.codex/visualizations/2026/10/02/01a0fd16-9489-7e50-a7b6-a1178fd92bf1/ppg_audit/snapshot/contracts/PPG_PEAK_VALLEY_WINDOW_DETECTOR_INTERFACE_CONTRACT.md","829","| PVW-29 | 谷值反压 | valid和全部载荷逐拍稳定，不重复消费 |","完成","已审真实激励/比较及RTL对应分支；不作穷尽覆盖结论","C:/Users/DAWN/.codex/visualizations/2026/10/02/01a0fd16-9489-7e50-a7b6-a1178fd92bf1/ppg_audit/snapshot/rtl/ppg_peak_valley_window_detector/tb_ppg_peak_valley_window_detector.v","C:/Users/DAWN/.codex/visualizations/2026/10/02/01a0fd78-b9b8-78f2-8e39-c02cd0049c19/ppg_review_C/evidence/peak_review.md","原TB真实运行见A_regression_C_scope_snapshot.json；PASS仅限已执行判据"
"PVW-30","C:/Users/DAWN/.codex/visualizations/2026/10/02/01a0fd16-9489-7e50-a7b6-a1178fd92bf1/ppg_audit/snapshot/contracts/PPG_PEAK_VALLEY_WINDOW_DETECTOR_INTERFACE_CONTRACT.md","830","| PVW-30 | 返回请求反压 | 请求原因和frame_id保持，模式不提前切换 |","完成","实际RTL失败 C-004；原用例持有valley掩蔽输入继续","C:/Users/DAWN/.codex/visualizations/2026/10/02/01a0fd16-9489-7e50-a7b6-a1178fd92bf1/ppg_audit/snapshot/rtl/ppg_peak_valley_window_detector/tb_ppg_peak_valley_window_detector.v","C:/Users/DAWN/.codex/visualizations/2026/10/02/01a0fd78-b9b8-78f2-8e39-c02cd0049c19/ppg_review_C/evidence/targeted_runtime_20261004/results_peak_control.json","A已独立复核合并F-018；限定合法叶子反压，TopPWC立即ready约束"
"PVW-31","C:/Users/DAWN/.codex/visualizations/2026/10/02/01a0fd16-9489-7e50-a7b6-a1178fd92bf1/ppg_audit/snapshot/contracts/PPG_PEAK_VALLEY_WINDOW_DETECTOR_INTERFACE_CONTRACT.md","831","| PVW-31 | epoch不一致 | 不提交正式完整周期并置协议诊断 |","完成","已审真实激励/比较及RTL对应分支；不作穷尽覆盖结论","C:/Users/DAWN/.codex/visualizations/2026/10/02/01a0fd16-9489-7e50-a7b6-a1178fd92bf1/ppg_audit/snapshot/rtl/ppg_peak_valley_window_detector/tb_ppg_peak_valley_window_detector.v","C:/Users/DAWN/.codex/visualizations/2026/10/02/01a0fd78-b9b8-78f2-8e39-c02cd0049c19/ppg_review_C/evidence/peak_review.md","原TB真实运行见A_regression_C_scope_snapshot.json；PASS仅限已执行判据"
"PVW-32","C:/Users/DAWN/.codex/visualizations/2026/10/02/01a0fd16-9489-7e50-a7b6-a1178fd92bf1/ppg_audit/snapshot/contracts/PPG_PEAK_VALLEY_WINDOW_DETECTOR_INTERFACE_CONTRACT.md","832","| PVW-32 | recheck pending | 不清极值、不清计数、不改变窗口状态 |","完成","已审真实激励/比较及RTL对应分支；不作穷尽覆盖结论","C:/Users/DAWN/.codex/visualizations/2026/10/02/01a0fd16-9489-7e50-a7b6-a1178fd92bf1/ppg_audit/snapshot/rtl/ppg_peak_valley_window_detector/tb_ppg_peak_valley_window_detector.v","C:/Users/DAWN/.codex/visualizations/2026/10/02/01a0fd78-b9b8-78f2-8e39-c02cd0049c19/ppg_review_C/evidence/peak_review.md","原TB真实运行见A_regression_C_scope_snapshot.json；PASS仅限已执行判据"
"PVW-33","C:/Users/DAWN/.codex/visualizations/2026/10/02/01a0fd16-9489-7e50-a7b6-a1178fd92bf1/ppg_audit/snapshot/contracts/PPG_PEAK_VALLEY_WINDOW_DETECTOR_INTERFACE_CONTRACT.md","833","| PVW-33 | recheck安全接管 | 仅FIR和检测器均idle时允许accept |","完成","已审真实激励/比较及RTL对应分支；不作穷尽覆盖结论","C:/Users/DAWN/.codex/visualizations/2026/10/02/01a0fd16-9489-7e50-a7b6-a1178fd92bf1/ppg_audit/snapshot/rtl/ppg_peak_valley_window_detector/tb_ppg_peak_valley_window_detector.v","C:/Users/DAWN/.codex/visualizations/2026/10/02/01a0fd78-b9b8-78f2-8e39-c02cd0049c19/ppg_review_C/evidence/peak_review.md","原TB真实运行见A_regression_C_scope_snapshot.json；PASS仅限已执行判据"
"PVW-34","C:/Users/DAWN/.codex/visualizations/2026/10/02/01a0fd16-9489-7e50-a7b6-a1178fd92bf1/ppg_audit/snapshot/contracts/PPG_PEAK_VALLEY_WINDOW_DETECTOR_INTERFACE_CONTRACT.md","834","| PVW-34 | recheck accept | 清峰谷上下文，三帧期间无正式事件 |","完成","已审真实激励/比较及RTL对应分支；不作穷尽覆盖结论","C:/Users/DAWN/.codex/visualizations/2026/10/02/01a0fd16-9489-7e50-a7b6-a1178fd92bf1/ppg_audit/snapshot/rtl/ppg_peak_valley_window_detector/tb_ppg_peak_valley_window_detector.v","C:/Users/DAWN/.codex/visualizations/2026/10/02/01a0fd78-b9b8-78f2-8e39-c02cd0049c19/ppg_review_C/evidence/peak_review.md","原TB真实运行见A_regression_C_scope_snapshot.json；PASS仅限已执行判据"
"PVW-35","C:/Users/DAWN/.codex/visualizations/2026/10/02/01a0fd16-9489-7e50-a7b6-a1178fd92bf1/ppg_audit/snapshot/contracts/PPG_PEAK_VALLEY_WINDOW_DETECTOR_INTERFACE_CONTRACT.md","835","| PVW-35 | STOP | 清运行事务但保留sticky供软件读取 |","完成","已审真实激励/比较及RTL对应分支；不作穷尽覆盖结论","C:/Users/DAWN/.codex/visualizations/2026/10/02/01a0fd16-9489-7e50-a7b6-a1178fd92bf1/ppg_audit/snapshot/rtl/ppg_peak_valley_window_detector/tb_ppg_peak_valley_window_detector.v","C:/Users/DAWN/.codex/visualizations/2026/10/02/01a0fd78-b9b8-78f2-8e39-c02cd0049c19/ppg_review_C/evidence/peak_review.md","原TB真实运行见A_regression_C_scope_snapshot.json；PASS仅限已执行判据"
"PVW-36","C:/Users/DAWN/.codex/visualizations/2026/10/02/01a0fd16-9489-7e50-a7b6-a1178fd92bf1/ppg_audit/snapshot/contracts/PPG_PEAK_VALLEY_WINDOW_DETECTOR_INTERFACE_CONTRACT.md","836","| PVW-36 | abort | 撤销窗口和在途事件，禁止迟到提交 |","完成","已审真实激励/比较及RTL对应分支；不作穷尽覆盖结论","C:/Users/DAWN/.codex/visualizations/2026/10/02/01a0fd16-9489-7e50-a7b6-a1178fd92bf1/ppg_audit/snapshot/rtl/ppg_peak_valley_window_detector/tb_ppg_peak_valley_window_detector.v","C:/Users/DAWN/.codex/visualizations/2026/10/02/01a0fd78-b9b8-78f2-8e39-c02cd0049c19/ppg_review_C/evidence/peak_review.md","原TB真实运行见A_regression_C_scope_snapshot.json；PASS仅限已执行判据"
"PVW-37","C:/Users/DAWN/.codex/visualizations/2026/10/02/01a0fd16-9489-7e50-a7b6-a1178fd92bf1/ppg_audit/snapshot/contracts/PPG_PEAK_VALLEY_WINDOW_DETECTOR_INTERFACE_CONTRACT.md","837","| PVW-37 | sticky清除 | 新异常优先于同拍全局`diag_clear`，STOP和新START均不清历史sticky |","完成","已审真实激励/比较及RTL对应分支；不作穷尽覆盖结论","C:/Users/DAWN/.codex/visualizations/2026/10/02/01a0fd16-9489-7e50-a7b6-a1178fd92bf1/ppg_audit/snapshot/rtl/ppg_peak_valley_window_detector/tb_ppg_peak_valley_window_detector.v","C:/Users/DAWN/.codex/visualizations/2026/10/02/01a0fd78-b9b8-78f2-8e39-c02cd0049c19/ppg_review_C/evidence/peak_review.md","原TB真实运行见A_regression_C_scope_snapshot.json；PASS仅限已执行判据"
"PVW-38","C:/Users/DAWN/.codex/visualizations/2026/10/02/01a0fd16-9489-7e50-a7b6-a1178fd92bf1/ppg_audit/snapshot/contracts/PPG_PEAK_VALLEY_WINDOW_DETECTOR_INTERFACE_CONTRACT.md","838","| PVW-38 | 非法ACTIVE | 禁止正式事件并置协议诊断 |","完成","已审真实激励/比较及RTL对应分支；不作穷尽覆盖结论","C:/Users/DAWN/.codex/visualizations/2026/10/02/01a0fd16-9489-7e50-a7b6-a1178fd92bf1/ppg_audit/snapshot/rtl/ppg_peak_valley_window_detector/tb_ppg_peak_valley_window_detector.v","C:/Users/DAWN/.codex/visualizations/2026/10/02/01a0fd78-b9b8-78f2-8e39-c02cd0049c19/ppg_review_C/evidence/peak_review.md","原TB真实运行见A_regression_C_scope_snapshot.json；PASS仅限已执行判据"
"PVW-39","C:/Users/DAWN/.codex/visualizations/2026/10/02/01a0fd16-9489-7e50-a7b6-a1178fd92bf1/ppg_audit/snapshot/contracts/PPG_PEAK_VALLEY_WINDOW_DETECTOR_INTERFACE_CONTRACT.md","839","| PVW-39 | frame_id半回绕 | 拒绝非法跨度，无自然回绕误判 |","完成","已审真实激励/比较及RTL对应分支；不作穷尽覆盖结论","C:/Users/DAWN/.codex/visualizations/2026/10/02/01a0fd16-9489-7e50-a7b6-a1178fd92bf1/ppg_audit/snapshot/rtl/ppg_peak_valley_window_detector/tb_ppg_peak_valley_window_detector.v","C:/Users/DAWN/.codex/visualizations/2026/10/02/01a0fd78-b9b8-78f2-8e39-c02cd0049c19/ppg_review_C/evidence/peak_review.md","原TB真实运行见A_regression_C_scope_snapshot.json；PASS仅限已执行判据"
"PVW-40","C:/Users/DAWN/.codex/visualizations/2026/10/02/01a0fd16-9489-7e50-a7b6-a1178fd92bf1/ppg_audit/snapshot/contracts/PPG_PEAK_VALLEY_WINDOW_DETECTOR_INTERFACE_CONTRACT.md","840","| PVW-40 | 随机宽位回归 | 与独立软件黄金模型逐事务一致 |","完成","独立生成极值oracle支持随机单调段；非任意噪声全状态golden","C:/Users/DAWN/.codex/visualizations/2026/10/02/01a0fd16-9489-7e50-a7b6-a1178fd92bf1/ppg_audit/snapshot/rtl/ppg_peak_valley_window_detector/tb_ppg_peak_valley_window_detector.v","C:/Users/DAWN/.codex/visualizations/2026/10/02/01a0fd78-b9b8-78f2-8e39-c02cd0049c19/ppg_review_C/evidence/peak_review.md","原TB真实运行见A_regression_C_scope_snapshot.json；PASS仅限已执行判据"
"PVW-41","C:/Users/DAWN/.codex/visualizations/2026/10/02/01a0fd16-9489-7e50-a7b6-a1178fd92bf1/ppg_audit/snapshot/contracts/PPG_PEAK_VALLEY_WINDOW_DETECTOR_INTERFACE_CONTRACT.md","841","| PVW-41 | 9-bit峰后长期无谷 | 保持9-bit、无返回请求、置重新获取timeout并重启峰值搜索 |","完成","已审真实激励/比较及RTL对应分支；不作穷尽覆盖结论","C:/Users/DAWN/.codex/visualizations/2026/10/02/01a0fd16-9489-7e50-a7b6-a1178fd92bf1/ppg_audit/snapshot/rtl/ppg_peak_valley_window_detector/tb_ppg_peak_valley_window_detector.v","C:/Users/DAWN/.codex/visualizations/2026/10/02/01a0fd78-b9b8-78f2-8e39-c02cd0049c19/ppg_review_C/evidence/peak_review.md","原TB真实运行见A_regression_C_scope_snapshot.json；PASS仅限已执行判据"
"PVW-42","C:/Users/DAWN/.codex/visualizations/2026/10/02/01a0fd16-9489-7e50-a7b6-a1178fd92bf1/ppg_audit/snapshot/contracts/PPG_PEAK_VALLEY_WINDOW_DETECTOR_INTERFACE_CONTRACT.md","842","| PVW-42 | 进入15-bit流水尾部 | 最多10笔旧9-bit RED中心样本继续更新粗趋势，第11笔仍未排空则报协议错误 |","完成","已审真实激励/比较及RTL对应分支；不作穷尽覆盖结论","C:/Users/DAWN/.codex/visualizations/2026/10/02/01a0fd16-9489-7e50-a7b6-a1178fd92bf1/ppg_audit/snapshot/rtl/ppg_peak_valley_window_detector/tb_ppg_peak_valley_window_detector.v","C:/Users/DAWN/.codex/visualizations/2026/10/02/01a0fd78-b9b8-78f2-8e39-c02cd0049c19/ppg_review_C/evidence/peak_review.md","原TB真实运行见A_regression_C_scope_snapshot.json；PASS仅限已执行判据"
"PVW-43","C:/Users/DAWN/.codex/visualizations/2026/10/02/01a0fd16-9489-7e50-a7b6-a1178fd92bf1/ppg_audit/snapshot/contracts/PPG_PEAK_VALLEY_WINDOW_DETECTOR_INTERFACE_CONTRACT.md","843","| PVW-43 | fine起点前中心样本 | 负帧龄不超时、不报回绕、不形成正式fine峰谷对 |","完成","已审真实激励/比较及RTL对应分支；不作穷尽覆盖结论","C:/Users/DAWN/.codex/visualizations/2026/10/02/01a0fd16-9489-7e50-a7b6-a1178fd92bf1/ppg_audit/snapshot/rtl/ppg_peak_valley_window_detector/tb_ppg_peak_valley_window_detector.v","C:/Users/DAWN/.codex/visualizations/2026/10/02/01a0fd78-b9b8-78f2-8e39-c02cd0049c19/ppg_review_C/evidence/peak_review.md","原TB真实运行见A_regression_C_scope_snapshot.json；PASS仅限已执行判据"
"PVW-44","C:/Users/DAWN/.codex/visualizations/2026/10/02/01a0fd16-9489-7e50-a7b6-a1178fd92bf1/ppg_audit/snapshot/contracts/PPG_PEAK_VALLEY_WINDOW_DETECTOR_INTERFACE_CONTRACT.md","844","| PVW-44 | fine波峰资格 | 只有起始帧或之后的15-bit中心波峰可与波谷组成正式返回结论 |","完成","已审真实激励/比较及RTL对应分支；不作穷尽覆盖结论","C:/Users/DAWN/.codex/visualizations/2026/10/02/01a0fd16-9489-7e50-a7b6-a1178fd92bf1/ppg_audit/snapshot/rtl/ppg_peak_valley_window_detector/tb_ppg_peak_valley_window_detector.v","C:/Users/DAWN/.codex/visualizations/2026/10/02/01a0fd78-b9b8-78f2-8e39-c02cd0049c19/ppg_review_C/evidence/peak_review.md","原TB真实运行见A_regression_C_scope_snapshot.json；PASS仅限已执行判据"
"PVW-45","C:/Users/DAWN/.codex/visualizations/2026/10/02/01a0fd16-9489-7e50-a7b6-a1178fd92bf1/ppg_audit/snapshot/contracts/PPG_PEAK_VALLEY_WINDOW_DETECTOR_INTERFACE_CONTRACT.md","845","| PVW-45 | 返回9-bit流水尾部 | 返回提交后最多10笔旧15-bit RED中心样本合法，第11笔仍未排空则报协议错误 |","完成","已审真实激励/比较及RTL对应分支；不作穷尽覆盖结论","C:/Users/DAWN/.codex/visualizations/2026/10/02/01a0fd16-9489-7e50-a7b6-a1178fd92bf1/ppg_audit/snapshot/rtl/ppg_peak_valley_window_detector/tb_ppg_peak_valley_window_detector.v","C:/Users/DAWN/.codex/visualizations/2026/10/02/01a0fd78-b9b8-78f2-8e39-c02cd0049c19/ppg_review_C/evidence/peak_review.md","原TB真实运行见A_regression_C_scope_snapshot.json；PASS仅限已执行判据"
"PVW-46","C:/Users/DAWN/.codex/visualizations/2026/10/02/01a0fd16-9489-7e50-a7b6-a1178fd92bf1/ppg_audit/snapshot/contracts/PPG_PEAK_VALLEY_WINDOW_DETECTOR_INTERFACE_CONTRACT.md","846","| PVW-46 | 被动退出尾部允许重检接管 | 仅`flag_exit_precision_tail_active=1`且真实输出、返回等待、恢复事务、入口尾部和生命周期清理均已排空时，`o_detector_idle=1`；`i_recheck_accept_event`随后原子清除退出尾部及旧峰谷上下文 |","完成","已审真实激励/比较及RTL对应分支；不作穷尽覆盖结论","C:/Users/DAWN/.codex/visualizations/2026/10/02/01a0fd16-9489-7e50-a7b6-a1178fd92bf1/ppg_audit/snapshot/rtl/ppg_peak_valley_window_detector/tb_ppg_peak_valley_window_detector.v","C:/Users/DAWN/.codex/visualizations/2026/10/02/01a0fd78-b9b8-78f2-8e39-c02cd0049c19/ppg_review_C/evidence/peak_review.md","原TB真实运行见A_regression_C_scope_snapshot.json；PASS仅限已执行判据"
"PVW-47","C:/Users/DAWN/.codex/visualizations/2026/10/02/01a0fd16-9489-7e50-a7b6-a1178fd92bf1/ppg_audit/snapshot/contracts/PPG_PEAK_VALLEY_WINDOW_DETECTOR_INTERFACE_CONTRACT.md","847","| PVW-47（2026-09-17新增） | 精度提前下降（§10.5第2条） | 正式窗口尚未完成返回握手却观察到`i_active_precision_mode=0`：撤销当前窗口资格、置位协议诊断并进入重新获取 |","完成","已审真实激励/比较及RTL对应分支；不作穷尽覆盖结论","C:/Users/DAWN/.codex/visualizations/2026/10/02/01a0fd16-9489-7e50-a7b6-a1178fd92bf1/ppg_audit/snapshot/rtl/ppg_peak_valley_window_detector/tb_ppg_peak_valley_window_detector.v","C:/Users/DAWN/.codex/visualizations/2026/10/02/01a0fd78-b9b8-78f2-8e39-c02cd0049c19/ppg_review_C/evidence/peak_review.md","原TB真实运行见A_regression_C_scope_snapshot.json；PASS仅限已执行判据"
"PVW-48","C:/Users/DAWN/.codex/visualizations/2026/10/02/01a0fd16-9489-7e50-a7b6-a1178fd92bf1/ppg_audit/snapshot/contracts/PPG_PEAK_VALLEY_WINDOW_DETECTOR_INTERFACE_CONTRACT.md","848","| PVW-48（2026-09-17新增） | RETURN_REASON_PROTOCOL回退（§11.4） | 正式fine窗口活跃期间配置失效（`flag_active_config_legal=0`）：产生`RETURN_REASON_PROTOCOL`(2'b10)返回请求 |","完成","已审真实激励/比较及RTL对应分支；不作穷尽覆盖结论","C:/Users/DAWN/.codex/visualizations/2026/10/02/01a0fd16-9489-7e50-a7b6-a1178fd92bf1/ppg_audit/snapshot/rtl/ppg_peak_valley_window_detector/tb_ppg_peak_valley_window_detector.v","C:/Users/DAWN/.codex/visualizations/2026/10/02/01a0fd78-b9b8-78f2-8e39-c02cd0049c19/ppg_review_C/evidence/peak_review.md","原TB真实运行见A_regression_C_scope_snapshot.json；PASS仅限已执行判据"
"IDC2-01","C:/Users/DAWN/.codex/visualizations/2026/10/02/01a0fd16-9489-7e50-a7b6-a1178fd92bf1/ppg_audit/snapshot/contracts/PPG_IDAC_CODE_CONTROLLER_V2_INTERFACE_CONTRACT.md","654","| IDC2-01 | 异步复位 | 三码为reset code，epoch/valid/request/fault为0，idle为1 |","完成","已审真实激励/比较及RTL对应分支；不作穷尽覆盖结论","C:/Users/DAWN/.codex/visualizations/2026/10/02/01a0fd16-9489-7e50-a7b6-a1178fd92bf1/ppg_audit/snapshot/rtl/ppg_idac_code_controller/tb_ppg_idac_code_controller.v","C:/Users/DAWN/.codex/visualizations/2026/10/02/01a0fd78-b9b8-78f2-8e39-c02cd0049c19/ppg_review_C/evidence/idac_reference/review.md","原TB真实运行见A_regression_C_scope_snapshot.json；PASS仅限已执行判据"
"IDC2-02","C:/Users/DAWN/.codex/visualizations/2026/10/02/01a0fd16-9489-7e50-a7b6-a1178fd92bf1/ppg_audit/snapshot/contracts/PPG_IDAC_CODE_CONTROLLER_V2_INTERFACE_CONTRACT.md","655","| IDC2-02 | MANUAL启动 | 首个安全边界原子装入启用路径手动码，禁用路径为reset code |","完成","已审真实激励/比较及RTL对应分支；不作穷尽覆盖结论","C:/Users/DAWN/.codex/visualizations/2026/10/02/01a0fd16-9489-7e50-a7b6-a1178fd92bf1/ppg_audit/snapshot/rtl/ppg_idac_code_controller/tb_ppg_idac_code_controller.v","C:/Users/DAWN/.codex/visualizations/2026/10/02/01a0fd78-b9b8-78f2-8e39-c02cd0049c19/ppg_review_C/evidence/idac_reference/review.md","原TB真实运行见A_regression_C_scope_snapshot.json；PASS仅限已执行判据"
"IDC2-03","C:/Users/DAWN/.codex/visualizations/2026/10/02/01a0fd16-9489-7e50-a7b6-a1178fd92bf1/ppg_audit/snapshot/contracts/PPG_IDAC_CODE_CONTROLLER_V2_INTERFACE_CONTRACT.md","656","| IDC2-03 | 自动启动顺序 | 请求严格为AMB、R、IR，禁用路径被跳过 |","完成","已审真实激励/比较及RTL对应分支；不作穷尽覆盖结论","C:/Users/DAWN/.codex/visualizations/2026/10/02/01a0fd16-9489-7e50-a7b6-a1178fd92bf1/ppg_audit/snapshot/rtl/ppg_idac_code_controller/tb_ppg_idac_code_controller.v","C:/Users/DAWN/.codex/visualizations/2026/10/02/01a0fd78-b9b8-78f2-8e39-c02cd0049c19/ppg_review_C/evidence/idac_reference/review.md","原TB真实运行见A_regression_C_scope_snapshot.json；PASS仅限已执行判据"
"IDC2-04","C:/Users/DAWN/.codex/visualizations/2026/10/02/01a0fd16-9489-7e50-a7b6-a1178fd92bf1/ppg_audit/snapshot/contracts/PPG_IDAC_CODE_CONTROLLER_V2_INTERFACE_CONTRACT.md","657","| IDC2-04 | 二分搜索成功 | 仅提交后样本可评价，窗口内置对应search done |","完成","已审真实激励/比较及RTL对应分支；不作穷尽覆盖结论","C:/Users/DAWN/.codex/visualizations/2026/10/02/01a0fd16-9489-7e50-a7b6-a1178fd92bf1/ppg_audit/snapshot/rtl/ppg_idac_code_controller/tb_ppg_idac_code_controller.v","C:/Users/DAWN/.codex/visualizations/2026/10/02/01a0fd78-b9b8-78f2-8e39-c02cd0049c19/ppg_review_C/evidence/targeted_runtime_20261004/results_idac.json；C:/Users/DAWN/.codex/visualizations/2026/10/02/01a0fd78-b9b8-78f2-8e39-c02cd0049c19/ppg_review_C/evidence/idac_reference/review.md","C8字面中点原RTL通过；sum8变异单元148 PASS但专项失败；SID耗尽阶段可补系统高码行为，未称全系统漏检"
"IDC2-05","C:/Users/DAWN/.codex/visualizations/2026/10/02/01a0fd16-9489-7e50-a7b6-a1178fd92bf1/ppg_audit/snapshot/contracts/PPG_IDAC_CODE_CONTROLLER_V2_INTERFACE_CONTRACT.md","658","| IDC2-05 | 二分搜索耗尽 | 保持边界码，置exhausted/fault，不置startup complete |","完成","已审真实激励/比较及RTL对应分支；不作穷尽覆盖结论","C:/Users/DAWN/.codex/visualizations/2026/10/02/01a0fd16-9489-7e50-a7b6-a1178fd92bf1/ppg_audit/snapshot/rtl/ppg_idac_code_controller/tb_ppg_idac_code_controller.v","C:/Users/DAWN/.codex/visualizations/2026/10/02/01a0fd78-b9b8-78f2-8e39-c02cd0049c19/ppg_review_C/evidence/idac_reference/review.md","原TB真实运行见A_regression_C_scope_snapshot.json；PASS仅限已执行判据"
"IDC2-06","C:/Users/DAWN/.codex/visualizations/2026/10/02/01a0fd16-9489-7e50-a7b6-a1178fd92bf1/ppg_audit/snapshot/contracts/PPG_IDAC_CODE_CONTROLLER_V2_INTERFACE_CONTRACT.md","659","| IDC2-06 | 反压保持 | valid保持多拍只消费一次，载荷不重复计数 |","完成","已审真实激励/比较及RTL对应分支；不作穷尽覆盖结论","C:/Users/DAWN/.codex/visualizations/2026/10/02/01a0fd16-9489-7e50-a7b6-a1178fd92bf1/ppg_audit/snapshot/rtl/ppg_idac_code_controller/tb_ppg_idac_code_controller.v","C:/Users/DAWN/.codex/visualizations/2026/10/02/01a0fd78-b9b8-78f2-8e39-c02cd0049c19/ppg_review_C/evidence/idac_reference/review.md","原TB真实运行见A_regression_C_scope_snapshot.json；PASS仅限已执行判据"
"IDC2-07","C:/Users/DAWN/.codex/visualizations/2026/10/02/01a0fd16-9489-7e50-a7b6-a1178fd92bf1/ppg_audit/snapshot/contracts/PPG_IDAC_CODE_CONTROLLER_V2_INTERFACE_CONTRACT.md","660","| IDC2-07 | 错epoch/快照 | 样本被消费但搜索和计数状态不变 |","完成","已审真实激励/比较及RTL对应分支；不作穷尽覆盖结论","C:/Users/DAWN/.codex/visualizations/2026/10/02/01a0fd16-9489-7e50-a7b6-a1178fd92bf1/ppg_audit/snapshot/rtl/ppg_idac_code_controller/tb_ppg_idac_code_controller.v","C:/Users/DAWN/.codex/visualizations/2026/10/02/01a0fd78-b9b8-78f2-8e39-c02cd0049c19/ppg_review_C/evidence/idac_reference/review.md","原TB真实运行见A_regression_C_scope_snapshot.json；PASS仅限已执行判据"
"IDC2-08","C:/Users/DAWN/.codex/visualizations/2026/10/02/01a0fd16-9489-7e50-a7b6-a1178fd92bf1/ppg_audit/snapshot/contracts/PPG_IDAC_CODE_CONTROLLER_V2_INTERFACE_CONTRACT.md","661","| IDC2-08 | 双饱和 | 样本忽略并置protocol error |","完成","已审真实激励/比较及RTL对应分支；不作穷尽覆盖结论","C:/Users/DAWN/.codex/visualizations/2026/10/02/01a0fd16-9489-7e50-a7b6-a1178fd92bf1/ppg_audit/snapshot/rtl/ppg_idac_code_controller/tb_ppg_idac_code_controller.v","C:/Users/DAWN/.codex/visualizations/2026/10/02/01a0fd78-b9b8-78f2-8e39-c02cd0049c19/ppg_review_C/evidence/idac_reference/review.md","原TB真实运行见A_regression_C_scope_snapshot.json；PASS仅限已执行判据"
"IDC2-09","C:/Users/DAWN/.codex/visualizations/2026/10/02/01a0fd16-9489-7e50-a7b6-a1178fd92bf1/ppg_audit/snapshot/contracts/PPG_IDAC_CODE_CONTROLLER_V2_INTERFACE_CONTRACT.md","662","| IDC2-09 | NORMAL窗口内 | 对应颜色高低计数清零，无pending |","完成","已审真实激励/比较及RTL对应分支；不作穷尽覆盖结论","C:/Users/DAWN/.codex/visualizations/2026/10/02/01a0fd16-9489-7e50-a7b6-a1178fd92bf1/ppg_audit/snapshot/rtl/ppg_idac_code_controller/tb_ppg_idac_code_controller.v","C:/Users/DAWN/.codex/visualizations/2026/10/02/01a0fd78-b9b8-78f2-8e39-c02cd0049c19/ppg_review_C/evidence/idac_reference/review.md","原TB真实运行见A_regression_C_scope_snapshot.json；PASS仅限已执行判据"
"IDC2-10","C:/Users/DAWN/.codex/visualizations/2026/10/02/01a0fd16-9489-7e50-a7b6-a1178fd92bf1/ppg_audit/snapshot/contracts/PPG_IDAC_CODE_CONTROLLER_V2_INTERFACE_CONTRACT.md","663","| IDC2-10 | N_CONFIRM=1 | 第一笔合格越界形成1 LSB pending |","完成","已审真实激励/比较及RTL对应分支；不作穷尽覆盖结论","C:/Users/DAWN/.codex/visualizations/2026/10/02/01a0fd16-9489-7e50-a7b6-a1178fd92bf1/ppg_audit/snapshot/rtl/ppg_idac_code_controller/tb_ppg_idac_code_controller.v","C:/Users/DAWN/.codex/visualizations/2026/10/02/01a0fd78-b9b8-78f2-8e39-c02cd0049c19/ppg_review_C/evidence/idac_reference/review.md","原TB真实运行见A_regression_C_scope_snapshot.json；PASS仅限已执行判据"
"IDC2-11","C:/Users/DAWN/.codex/visualizations/2026/10/02/01a0fd16-9489-7e50-a7b6-a1178fd92bf1/ppg_audit/snapshot/contracts/PPG_IDAC_CODE_CONTROLLER_V2_INTERFACE_CONTRACT.md","664","| IDC2-11 | N_CONFIRM=3 | 第三笔同向越界才形成pending |","完成","已审真实激励/比较及RTL对应分支；不作穷尽覆盖结论","C:/Users/DAWN/.codex/visualizations/2026/10/02/01a0fd16-9489-7e50-a7b6-a1178fd92bf1/ppg_audit/snapshot/rtl/ppg_idac_code_controller/tb_ppg_idac_code_controller.v","C:/Users/DAWN/.codex/visualizations/2026/10/02/01a0fd78-b9b8-78f2-8e39-c02cd0049c19/ppg_review_C/evidence/idac_reference/review.md","原TB真实运行见A_regression_C_scope_snapshot.json；PASS仅限已执行判据"
"IDC2-12","C:/Users/DAWN/.codex/visualizations/2026/10/02/01a0fd16-9489-7e50-a7b6-a1178fd92bf1/ppg_audit/snapshot/contracts/PPG_IDAC_CODE_CONTROLLER_V2_INTERFACE_CONTRACT.md","665","| IDC2-12 | R/IR交错 | 两色计数、pending和epoch互不污染 |","完成","已审真实激励/比较及RTL对应分支；不作穷尽覆盖结论","C:/Users/DAWN/.codex/visualizations/2026/10/02/01a0fd16-9489-7e50-a7b6-a1178fd92bf1/ppg_audit/snapshot/rtl/ppg_idac_code_controller/tb_ppg_idac_code_controller.v","C:/Users/DAWN/.codex/visualizations/2026/10/02/01a0fd78-b9b8-78f2-8e39-c02cd0049c19/ppg_review_C/evidence/idac_reference/review.md","原TB真实运行见A_regression_C_scope_snapshot.json；PASS仅限已执行判据"
"IDC2-13","C:/Users/DAWN/.codex/visualizations/2026/10/02/01a0fd16-9489-7e50-a7b6-a1178fd92bf1/ppg_audit/snapshot/contracts/PPG_IDAC_CODE_CONTROLLER_V2_INTERFACE_CONTRACT.md","666","| IDC2-13 | 9/15-bit交错 | 同色同epoch证据连续累计，精度切换不清状态 |","完成","已审真实激励/比较及RTL对应分支；不作穷尽覆盖结论","C:/Users/DAWN/.codex/visualizations/2026/10/02/01a0fd16-9489-7e50-a7b6-a1178fd92bf1/ppg_audit/snapshot/rtl/ppg_idac_code_controller/tb_ppg_idac_code_controller.v","C:/Users/DAWN/.codex/visualizations/2026/10/02/01a0fd78-b9b8-78f2-8e39-c02cd0049c19/ppg_review_C/evidence/idac_reference/review.md","原TB真实运行见A_regression_C_scope_snapshot.json；PASS仅限已执行判据"
"IDC2-14","C:/Users/DAWN/.codex/visualizations/2026/10/02/01a0fd16-9489-7e50-a7b6-a1178fd92bf1/ppg_audit/snapshot/contracts/PPG_IDAC_CODE_CONTROLLER_V2_INTERFACE_CONTRACT.md","667","| IDC2-14 | pending等待 | tracking继续被消费但不覆盖pending |","完成","已审真实激励/比较及RTL对应分支；不作穷尽覆盖结论","C:/Users/DAWN/.codex/visualizations/2026/10/02/01a0fd16-9489-7e50-a7b6-a1178fd92bf1/ppg_audit/snapshot/rtl/ppg_idac_code_controller/tb_ppg_idac_code_controller.v","C:/Users/DAWN/.codex/visualizations/2026/10/02/01a0fd78-b9b8-78f2-8e39-c02cd0049c19/ppg_review_C/evidence/idac_reference/review.md","原TB真实运行见A_regression_C_scope_snapshot.json；PASS仅限已执行判据"
"IDC2-15","C:/Users/DAWN/.codex/visualizations/2026/10/02/01a0fd16-9489-7e50-a7b6-a1178fd92bf1/ppg_audit/snapshot/contracts/PPG_IDAC_CODE_CONTROLLER_V2_INTERFACE_CONTRACT.md","668","| IDC2-15 | 安全提交 | 实际改码、epoch加1、update单拍；track来源另有track_adjust |","完成","已审真实激励/比较及RTL对应分支；不作穷尽覆盖结论","C:/Users/DAWN/.codex/visualizations/2026/10/02/01a0fd16-9489-7e50-a7b6-a1178fd92bf1/ppg_audit/snapshot/rtl/ppg_idac_code_controller/tb_ppg_idac_code_controller.v","C:/Users/DAWN/.codex/visualizations/2026/10/02/01a0fd78-b9b8-78f2-8e39-c02cd0049c19/ppg_review_C/evidence/idac_reference/review.md","原TB真实运行见A_regression_C_scope_snapshot.json；PASS仅限已执行判据"
"IDC2-16","C:/Users/DAWN/.codex/visualizations/2026/10/02/01a0fd16-9489-7e50-a7b6-a1178fd92bf1/ppg_audit/snapshot/contracts/PPG_IDAC_CODE_CONTROLLER_V2_INTERFACE_CONTRACT.md","669","| IDC2-16 | min/max继续越界 | 不回绕、不虚假update、不递增epoch |","完成","已审真实激励/比较及RTL对应分支；不作穷尽覆盖结论","C:/Users/DAWN/.codex/visualizations/2026/10/02/01a0fd16-9489-7e50-a7b6-a1178fd92bf1/ppg_audit/snapshot/rtl/ppg_idac_code_controller/tb_ppg_idac_code_controller.v","C:/Users/DAWN/.codex/visualizations/2026/10/02/01a0fd78-b9b8-78f2-8e39-c02cd0049c19/ppg_review_C/evidence/idac_reference/review.md","原TB真实运行见A_regression_C_scope_snapshot.json；PASS仅限已执行判据"
"IDC2-17","C:/Users/DAWN/.codex/visualizations/2026/10/02/01a0fd16-9489-7e50-a7b6-a1178fd92bf1/ppg_audit/snapshot/contracts/PPG_IDAC_CODE_CONTROLLER_V2_INTERFACE_CONTRACT.md","670","| IDC2-17 | 周期AMB在窗口 | done单拍，AMB码/epoch不变，不请求DCS重验 |","完成","规范冲突 C-007；C16/RTL/TB执行固定三阶段","C:/Users/DAWN/.codex/visualizations/2026/10/02/01a0fd16-9489-7e50-a7b6-a1178fd92bf1/ppg_audit/snapshot/rtl/ppg_idac_code_controller/tb_ppg_idac_code_controller.v","C:/Users/DAWN/.codex/visualizations/2026/10/02/01a0fd78-b9b8-78f2-8e39-c02cd0049c19/ppg_review_C/evidence/idac_reference/review.md","C17正文/此ID需同步，不能同时满足相反规范"
"IDC2-18","C:/Users/DAWN/.codex/visualizations/2026/10/02/01a0fd16-9489-7e50-a7b6-a1178fd92bf1/ppg_audit/snapshot/contracts/PPG_IDAC_CODE_CONTROLLER_V2_INTERFACE_CONTRACT.md","671","| IDC2-18 | 周期AMB重搜改码 | AMB epoch更新，成功后保持DCS revalidate request至accept |","完成","已审真实激励/比较及RTL对应分支；不作穷尽覆盖结论","C:/Users/DAWN/.codex/visualizations/2026/10/02/01a0fd16-9489-7e50-a7b6-a1178fd92bf1/ppg_audit/snapshot/rtl/ppg_idac_code_controller/tb_ppg_idac_code_controller.v","C:/Users/DAWN/.codex/visualizations/2026/10/02/01a0fd78-b9b8-78f2-8e39-c02cd0049c19/ppg_review_C/evidence/idac_reference/review.md","原TB真实运行见A_regression_C_scope_snapshot.json；PASS仅限已执行判据"
"IDC2-19","C:/Users/DAWN/.codex/visualizations/2026/10/02/01a0fd16-9489-7e50-a7b6-a1178fd92bf1/ppg_audit/snapshot/contracts/PPG_IDAC_CODE_CONTROLLER_V2_INTERFACE_CONTRACT.md","672","| IDC2-19 | DCS重验证 | 依次检查R/IR，全部成功才产生done |","完成","已审真实激励/比较及RTL对应分支；不作穷尽覆盖结论","C:/Users/DAWN/.codex/visualizations/2026/10/02/01a0fd16-9489-7e50-a7b6-a1178fd92bf1/ppg_audit/snapshot/rtl/ppg_idac_code_controller/tb_ppg_idac_code_controller.v","C:/Users/DAWN/.codex/visualizations/2026/10/02/01a0fd78-b9b8-78f2-8e39-c02cd0049c19/ppg_review_C/evidence/idac_reference/review.md","原TB真实运行见A_regression_C_scope_snapshot.json；PASS仅限已执行判据"
"IDC2-20","C:/Users/DAWN/.codex/visualizations/2026/10/02/01a0fd16-9489-7e50-a7b6-a1178fd92bf1/ppg_audit/snapshot/contracts/PPG_IDAC_CODE_CONTROLLER_V2_INTERFACE_CONTRACT.md","673","| IDC2-20 | 双入口冲突 | 最多接纳一笔并置protocol error，不混合载荷 |","完成","已审真实激励/比较及RTL对应分支；不作穷尽覆盖结论","C:/Users/DAWN/.codex/visualizations/2026/10/02/01a0fd16-9489-7e50-a7b6-a1178fd92bf1/ppg_audit/snapshot/rtl/ppg_idac_code_controller/tb_ppg_idac_code_controller.v","C:/Users/DAWN/.codex/visualizations/2026/10/02/01a0fd78-b9b8-78f2-8e39-c02cd0049c19/ppg_review_C/evidence/idac_reference/review.md","原TB真实运行见A_regression_C_scope_snapshot.json；PASS仅限已执行判据"
"IDC2-21","C:/Users/DAWN/.codex/visualizations/2026/10/02/01a0fd16-9489-7e50-a7b6-a1178fd92bf1/ppg_audit/snapshot/contracts/PPG_IDAC_CODE_CONTROLLER_V2_INTERFACE_CONTRACT.md","674","| IDC2-21 | STOP取消pending | committed码/epoch保持，序列/request/pending清空后idle为1 |","完成","已审真实激励/比较及RTL对应分支；不作穷尽覆盖结论","C:/Users/DAWN/.codex/visualizations/2026/10/02/01a0fd16-9489-7e50-a7b6-a1178fd92bf1/ppg_audit/snapshot/rtl/ppg_idac_code_controller/tb_ppg_idac_code_controller.v","C:/Users/DAWN/.codex/visualizations/2026/10/02/01a0fd78-b9b8-78f2-8e39-c02cd0049c19/ppg_review_C/evidence/idac_reference/review.md","原TB真实运行见A_regression_C_scope_snapshot.json；PASS仅限已执行判据"
"IDC2-22","C:/Users/DAWN/.codex/visualizations/2026/10/02/01a0fd16-9489-7e50-a7b6-a1178fd92bf1/ppg_audit/snapshot/contracts/PPG_IDAC_CODE_CONTROLLER_V2_INTERFACE_CONTRACT.md","675","| IDC2-22 | status clear | 清protocol error但不清阻断search fault |","完成","已审真实激励/比较及RTL对应分支；不作穷尽覆盖结论","C:/Users/DAWN/.codex/visualizations/2026/10/02/01a0fd16-9489-7e50-a7b6-a1178fd92bf1/ppg_audit/snapshot/rtl/ppg_idac_code_controller/tb_ppg_idac_code_controller.v","C:/Users/DAWN/.codex/visualizations/2026/10/02/01a0fd78-b9b8-78f2-8e39-c02cd0049c19/ppg_review_C/evidence/idac_reference/review.md","原TB真实运行见A_regression_C_scope_snapshot.json；PASS仅限已执行判据"
"IDC2-23","C:/Users/DAWN/.codex/visualizations/2026/10/02/01a0fd16-9489-7e50-a7b6-a1178fd92bf1/ppg_audit/snapshot/contracts/PPG_IDAC_CODE_CONTROLLER_V2_INTERFACE_CONTRACT.md","676","| IDC2-23 | 安全恢复后的新START | STOP/abort后真实IDAC idle、活动故障解除且系统诊断按合同清除后，从ACTIVE配置重新执行启动流程；START本身不清故障 |","完成","已审真实激励/比较及RTL对应分支；不作穷尽覆盖结论","C:/Users/DAWN/.codex/visualizations/2026/10/02/01a0fd16-9489-7e50-a7b6-a1178fd92bf1/ppg_audit/snapshot/rtl/ppg_idac_code_controller/tb_ppg_idac_code_controller.v","C:/Users/DAWN/.codex/visualizations/2026/10/02/01a0fd78-b9b8-78f2-8e39-c02cd0049c19/ppg_review_C/evidence/idac_reference/review.md","原TB真实运行见A_regression_C_scope_snapshot.json；PASS仅限已执行判据"
"IDC2-24","C:/Users/DAWN/.codex/visualizations/2026/10/02/01a0fd16-9489-7e50-a7b6-a1178fd92bf1/ppg_audit/snapshot/contracts/PPG_IDAC_CODE_CONTROLLER_V2_INTERFACE_CONTRACT.md","677","| IDC2-24 | epoch回绕 | 4'hF实际改码后回到0，快照相等比较仍正确 |","完成","已审真实激励/比较及RTL对应分支；不作穷尽覆盖结论","C:/Users/DAWN/.codex/visualizations/2026/10/02/01a0fd16-9489-7e50-a7b6-a1178fd92bf1/ppg_audit/snapshot/rtl/ppg_idac_code_controller/tb_ppg_idac_code_controller.v","C:/Users/DAWN/.codex/visualizations/2026/10/02/01a0fd78-b9b8-78f2-8e39-c02cd0049c19/ppg_review_C/evidence/idac_reference/review.md","原TB真实运行见A_regression_C_scope_snapshot.json；PASS仅限已执行判据"
"BSL-01","C:/Users/DAWN/.codex/visualizations/2026/10/02/01a0fd16-9489-7e50-a7b6-a1178fd92bf1/ppg_audit/snapshot/contracts/PPG_DYNAMIC_BASELINE_SLOPE_AND_UPWARD_CROSSING_INTERFACE_CONTRACT.md","896","| BSL-01 | 复位和新START | 固定斜率装载，基线无效，状态清零 |","完成","已审真实激励/比较及RTL对应分支；不作穷尽覆盖结论","C:/Users/DAWN/.codex/visualizations/2026/10/02/01a0fd16-9489-7e50-a7b6-a1178fd92bf1/ppg_audit/snapshot/rtl/ppg_dynamic_baseline_cross_detector/tb_ppg_dynamic_baseline_cross_detector.v","C:/Users/DAWN/.codex/visualizations/2026/10/02/01a0fd78-b9b8-78f2-8e39-c02cd0049c19/ppg_review_C/evidence/numeric_checkpoint_20261004.md","原TB真实运行见A_regression_C_scope_snapshot.json；PASS仅限已执行判据"
"BSL-02","C:/Users/DAWN/.codex/visualizations/2026/10/02/01a0fd16-9489-7e50-a7b6-a1178fd92bf1/ppg_audit/snapshot/contracts/PPG_DYNAMIC_BASELINE_SLOPE_AND_UPWARD_CROSSING_INTERFACE_CONTRACT.md","897","| BSL-02 | 第一个可靠波峰 | 建立锚点和固定斜率基线，不提前宣称自适应有效 |","完成","已审真实激励/比较及RTL对应分支；不作穷尽覆盖结论","C:/Users/DAWN/.codex/visualizations/2026/10/02/01a0fd16-9489-7e50-a7b6-a1178fd92bf1/ppg_audit/snapshot/rtl/ppg_dynamic_baseline_cross_detector/tb_ppg_dynamic_baseline_cross_detector.v","C:/Users/DAWN/.codex/visualizations/2026/10/02/01a0fd78-b9b8-78f2-8e39-c02cd0049c19/ppg_review_C/evidence/numeric_checkpoint_20261004.md","原TB真实运行见A_regression_C_scope_snapshot.json；PASS仅限已执行判据"
"BSL-03","C:/Users/DAWN/.codex/visualizations/2026/10/02/01a0fd16-9489-7e50-a7b6-a1178fd92bf1/ppg_audit/snapshot/contracts/PPG_DYNAMIC_BASELINE_SLOPE_AND_UPWARD_CROSSING_INTERFACE_CONTRACT.md","898","| BSL-03 | signed负斜率 | frame增加时基线单调不升，不出现双重负号 |","完成","已审真实激励/比较及RTL对应分支；不作穷尽覆盖结论","C:/Users/DAWN/.codex/visualizations/2026/10/02/01a0fd16-9489-7e50-a7b6-a1178fd92bf1/ppg_audit/snapshot/rtl/ppg_dynamic_baseline_cross_detector/tb_ppg_dynamic_baseline_cross_detector.v","C:/Users/DAWN/.codex/visualizations/2026/10/02/01a0fd78-b9b8-78f2-8e39-c02cd0049c19/ppg_review_C/evidence/numeric_checkpoint_20261004.md","原TB真实运行见A_regression_C_scope_snapshot.json；PASS仅限已执行判据"
"BSL-04","C:/Users/DAWN/.codex/visualizations/2026/10/02/01a0fd16-9489-7e50-a7b6-a1178fd92bf1/ppg_audit/snapshot/contracts/PPG_DYNAMIC_BASELINE_SLOPE_AND_UPWARD_CROSSING_INTERFACE_CONTRACT.md","899","| BSL-04 | FIR中心帧对齐 | 使用中心frame_id而非结果到达帧计算基线 |","完成","已审真实激励/比较及RTL对应分支；不作穷尽覆盖结论","C:/Users/DAWN/.codex/visualizations/2026/10/02/01a0fd16-9489-7e50-a7b6-a1178fd92bf1/ppg_audit/snapshot/rtl/ppg_dynamic_baseline_cross_detector/tb_ppg_dynamic_baseline_cross_detector.v","C:/Users/DAWN/.codex/visualizations/2026/10/02/01a0fd78-b9b8-78f2-8e39-c02cd0049c19/ppg_review_C/evidence/numeric_checkpoint_20261004.md","原TB真实运行见A_regression_C_scope_snapshot.json；PASS仅限已执行判据"
"BSL-05","C:/Users/DAWN/.codex/visualizations/2026/10/02/01a0fd16-9489-7e50-a7b6-a1178fd92bf1/ppg_audit/snapshot/contracts/PPG_DYNAMIC_BASELINE_SLOPE_AND_UPWARD_CROSSING_INTERFACE_CONTRACT.md","900","| BSL-05 | 三点确认 | 首次越过计第1点，第3点确认，输出首次越过frame_id |","完成","已审真实激励/比较及RTL对应分支；不作穷尽覆盖结论","C:/Users/DAWN/.codex/visualizations/2026/10/02/01a0fd16-9489-7e50-a7b6-a1178fd92bf1/ppg_audit/snapshot/rtl/ppg_dynamic_baseline_cross_detector/tb_ppg_dynamic_baseline_cross_detector.v","C:/Users/DAWN/.codex/visualizations/2026/10/02/01a0fd78-b9b8-78f2-8e39-c02cd0049c19/ppg_review_C/evidence/numeric_checkpoint_20261004.md","原TB真实运行见A_regression_C_scope_snapshot.json；PASS仅限已执行判据"
"BSL-06","C:/Users/DAWN/.codex/visualizations/2026/10/02/01a0fd16-9489-7e50-a7b6-a1178fd92bf1/ppg_audit/snapshot/contracts/PPG_DYNAMIC_BASELINE_SLOPE_AND_UPWARD_CROSSING_INTERFACE_CONTRACT.md","901","| BSL-06 | 候选中资格丢失 | 取消候选，重新等待基线下方 |","完成","已审真实激励/比较及RTL对应分支；不作穷尽覆盖结论","C:/Users/DAWN/.codex/visualizations/2026/10/02/01a0fd16-9489-7e50-a7b6-a1178fd92bf1/ppg_audit/snapshot/rtl/ppg_dynamic_baseline_cross_detector/tb_ppg_dynamic_baseline_cross_detector.v","C:/Users/DAWN/.codex/visualizations/2026/10/02/01a0fd78-b9b8-78f2-8e39-c02cd0049c19/ppg_review_C/evidence/numeric_checkpoint_20261004.md","原TB真实运行见A_regression_C_scope_snapshot.json；PASS仅限已执行判据"
"BSL-07","C:/Users/DAWN/.codex/visualizations/2026/10/02/01a0fd16-9489-7e50-a7b6-a1178fd92bf1/ppg_audit/snapshot/contracts/PPG_DYNAMIC_BASELINE_SLOPE_AND_UPWARD_CROSSING_INTERFACE_CONTRACT.md","902","| BSL-07 | 相交事件反压 | valid和全部载荷保持，事件不重复消费 |","完成","已审真实激励/比较及RTL对应分支；不作穷尽覆盖结论","C:/Users/DAWN/.codex/visualizations/2026/10/02/01a0fd16-9489-7e50-a7b6-a1178fd92bf1/ppg_audit/snapshot/rtl/ppg_dynamic_baseline_cross_detector/tb_ppg_dynamic_baseline_cross_detector.v","C:/Users/DAWN/.codex/visualizations/2026/10/02/01a0fd78-b9b8-78f2-8e39-c02cd0049c19/ppg_review_C/evidence/numeric_checkpoint_20261004.md","原TB真实运行见A_regression_C_scope_snapshot.json；PASS仅限已执行判据"
"BSL-08","C:/Users/DAWN/.codex/visualizations/2026/10/02/01a0fd16-9489-7e50-a7b6-a1178fd92bf1/ppg_audit/snapshot/contracts/PPG_DYNAMIC_BASELINE_SLOPE_AND_UPWARD_CROSSING_INTERFACE_CONTRACT.md","903","| BSL-08 | `lead<17` | timing term为负，下一周期斜率更负 |","完成","已审真实激励/比较及RTL对应分支；不作穷尽覆盖结论","C:/Users/DAWN/.codex/visualizations/2026/10/02/01a0fd16-9489-7e50-a7b6-a1178fd92bf1/ppg_audit/snapshot/rtl/ppg_dynamic_baseline_cross_detector/tb_ppg_dynamic_baseline_cross_detector.v","C:/Users/DAWN/.codex/visualizations/2026/10/02/01a0fd78-b9b8-78f2-8e39-c02cd0049c19/ppg_review_C/evidence/numeric_checkpoint_20261004.md","原TB真实运行见A_regression_C_scope_snapshot.json；PASS仅限已执行判据"
"BSL-09","C:/Users/DAWN/.codex/visualizations/2026/10/02/01a0fd16-9489-7e50-a7b6-a1178fd92bf1/ppg_audit/snapshot/contracts/PPG_DYNAMIC_BASELINE_SLOPE_AND_UPWARD_CROSSING_INTERFACE_CONTRACT.md","904","| BSL-09 | `17<=lead<=19` | timing term为0 |","完成","已审真实激励/比较及RTL对应分支；不作穷尽覆盖结论","C:/Users/DAWN/.codex/visualizations/2026/10/02/01a0fd16-9489-7e50-a7b6-a1178fd92bf1/ppg_audit/snapshot/rtl/ppg_dynamic_baseline_cross_detector/tb_ppg_dynamic_baseline_cross_detector.v","C:/Users/DAWN/.codex/visualizations/2026/10/02/01a0fd78-b9b8-78f2-8e39-c02cd0049c19/ppg_review_C/evidence/numeric_checkpoint_20261004.md","原TB真实运行见A_regression_C_scope_snapshot.json；PASS仅限已执行判据"
"BSL-10","C:/Users/DAWN/.codex/visualizations/2026/10/02/01a0fd16-9489-7e50-a7b6-a1178fd92bf1/ppg_audit/snapshot/contracts/PPG_DYNAMIC_BASELINE_SLOPE_AND_UPWARD_CROSSING_INTERFACE_CONTRACT.md","905","| BSL-10 | `lead>19` | timing term为正，下一周期斜率不那么负 |","完成","已审真实激励/比较及RTL对应分支；不作穷尽覆盖结论","C:/Users/DAWN/.codex/visualizations/2026/10/02/01a0fd16-9489-7e50-a7b6-a1178fd92bf1/ppg_audit/snapshot/rtl/ppg_dynamic_baseline_cross_detector/tb_ppg_dynamic_baseline_cross_detector.v","C:/Users/DAWN/.codex/visualizations/2026/10/02/01a0fd78-b9b8-78f2-8e39-c02cd0049c19/ppg_review_C/evidence/numeric_checkpoint_20261004.md","原TB真实运行见A_regression_C_scope_snapshot.json；PASS仅限已执行判据"
"BSL-11","C:/Users/DAWN/.codex/visualizations/2026/10/02/01a0fd16-9489-7e50-a7b6-a1178fd92bf1/ppg_audit/snapshot/contracts/PPG_DYNAMIC_BASELINE_SLOPE_AND_UPWARD_CROSSING_INTERFACE_CONTRACT.md","906","| BSL-11 | `alpha=0.20` | 基础斜率计算和对称舍入正确 |","完成","已审真实激励/比较及RTL对应分支；不作穷尽覆盖结论","C:/Users/DAWN/.codex/visualizations/2026/10/02/01a0fd16-9489-7e50-a7b6-a1178fd92bf1/ppg_audit/snapshot/rtl/ppg_dynamic_baseline_cross_detector/tb_ppg_dynamic_baseline_cross_detector.v","C:/Users/DAWN/.codex/visualizations/2026/10/02/01a0fd78-b9b8-78f2-8e39-c02cd0049c19/ppg_review_C/evidence/numeric_checkpoint_20261004.md","原TB真实运行见A_regression_C_scope_snapshot.json；PASS仅限已执行判据"
"BSL-12","C:/Users/DAWN/.codex/visualizations/2026/10/02/01a0fd16-9489-7e50-a7b6-a1178fd92bf1/ppg_audit/snapshot/contracts/PPG_DYNAMIC_BASELINE_SLOPE_AND_UPWARD_CROSSING_INTERFACE_CONTRACT.md","907","| BSL-12 | `beta=0.25` | 当前斜率向基础斜率移动25% |","完成","已审真实激励/比较及RTL对应分支；不作穷尽覆盖结论","C:/Users/DAWN/.codex/visualizations/2026/10/02/01a0fd16-9489-7e50-a7b6-a1178fd92bf1/ppg_audit/snapshot/rtl/ppg_dynamic_baseline_cross_detector/tb_ppg_dynamic_baseline_cross_detector.v","C:/Users/DAWN/.codex/visualizations/2026/10/02/01a0fd78-b9b8-78f2-8e39-c02cd0049c19/ppg_review_C/evidence/numeric_checkpoint_20261004.md","原TB真实运行见A_regression_C_scope_snapshot.json；PASS仅限已执行判据"
"BSL-13","C:/Users/DAWN/.codex/visualizations/2026/10/02/01a0fd16-9489-7e50-a7b6-a1178fd92bf1/ppg_audit/snapshot/contracts/PPG_DYNAMIC_BASELINE_SLOPE_AND_UPWARD_CROSSING_INTERFACE_CONTRACT.md","908","| BSL-13 | 调整比例1/16 | adjust step等于基础斜率绝对值的6.25% |","完成","已审真实激励/比较及RTL对应分支；不作穷尽覆盖结论","C:/Users/DAWN/.codex/visualizations/2026/10/02/01a0fd16-9489-7e50-a7b6-a1178fd92bf1/ppg_audit/snapshot/rtl/ppg_dynamic_baseline_cross_detector/tb_ppg_dynamic_baseline_cross_detector.v","C:/Users/DAWN/.codex/visualizations/2026/10/02/01a0fd78-b9b8-78f2-8e39-c02cd0049c19/ppg_review_C/evidence/numeric_checkpoint_20261004.md","原TB真实运行见A_regression_C_scope_snapshot.json；PASS仅限已执行判据"
"BSL-14","C:/Users/DAWN/.codex/visualizations/2026/10/02/01a0fd16-9489-7e50-a7b6-a1178fd92bf1/ppg_audit/snapshot/contracts/PPG_DYNAMIC_BASELINE_SLOPE_AND_UPWARD_CROSSING_INTERFACE_CONTRACT.md","909","| BSL-14 | 斜率限幅 | 候选被显式夹紧并输出边界诊断 |","完成","已审真实激励/比较及RTL对应分支；不作穷尽覆盖结论","C:/Users/DAWN/.codex/visualizations/2026/10/02/01a0fd16-9489-7e50-a7b6-a1178fd92bf1/ppg_audit/snapshot/rtl/ppg_dynamic_baseline_cross_detector/tb_ppg_dynamic_baseline_cross_detector.v","C:/Users/DAWN/.codex/visualizations/2026/10/02/01a0fd78-b9b8-78f2-8e39-c02cd0049c19/ppg_review_C/evidence/numeric_checkpoint_20261004.md","原TB真实运行见A_regression_C_scope_snapshot.json；PASS仅限已执行判据"
"BSL-15","C:/Users/DAWN/.codex/visualizations/2026/10/02/01a0fd16-9489-7e50-a7b6-a1178fd92bf1/ppg_audit/snapshot/contracts/PPG_DYNAMIC_BASELINE_SLOPE_AND_UPWARD_CROSSING_INTERFACE_CONTRACT.md","910","| BSL-15 | 单周期无相交 | 下一周期增加一个负向修正步长 |","完成","已审真实激励/比较及RTL对应分支；不作穷尽覆盖结论","C:/Users/DAWN/.codex/visualizations/2026/10/02/01a0fd16-9489-7e50-a7b6-a1178fd92bf1/ppg_audit/snapshot/rtl/ppg_dynamic_baseline_cross_detector/tb_ppg_dynamic_baseline_cross_detector.v","C:/Users/DAWN/.codex/visualizations/2026/10/02/01a0fd78-b9b8-78f2-8e39-c02cd0049c19/ppg_review_C/evidence/numeric_checkpoint_20261004.md","原TB真实运行见A_regression_C_scope_snapshot.json；PASS仅限已执行判据"
"BSL-16","C:/Users/DAWN/.codex/visualizations/2026/10/02/01a0fd16-9489-7e50-a7b6-a1178fd92bf1/ppg_audit/snapshot/contracts/PPG_DYNAMIC_BASELINE_SLOPE_AND_UPWARD_CROSSING_INTERFACE_CONTRACT.md","911","| BSL-16 | 连续两周期无相交 | 基线失效并进入重新获取 |","完成","已审真实激励/比较及RTL对应分支；不作穷尽覆盖结论","C:/Users/DAWN/.codex/visualizations/2026/10/02/01a0fd16-9489-7e50-a7b6-a1178fd92bf1/ppg_audit/snapshot/rtl/ppg_dynamic_baseline_cross_detector/tb_ppg_dynamic_baseline_cross_detector.v","C:/Users/DAWN/.codex/visualizations/2026/10/02/01a0fd78-b9b8-78f2-8e39-c02cd0049c19/ppg_review_C/evidence/numeric_checkpoint_20261004.md","原TB真实运行见A_regression_C_scope_snapshot.json；PASS仅限已执行判据"
"BSL-17","C:/Users/DAWN/.codex/visualizations/2026/10/02/01a0fd16-9489-7e50-a7b6-a1178fd92bf1/ppg_audit/snapshot/contracts/PPG_DYNAMIC_BASELINE_SLOPE_AND_UPWARD_CROSSING_INTERFACE_CONTRACT.md","912","| BSL-17 | 普通9/15-bit切换 | 不清除锚点、斜率或周期状态 |","完成","已审真实激励/比较及RTL对应分支；不作穷尽覆盖结论","C:/Users/DAWN/.codex/visualizations/2026/10/02/01a0fd16-9489-7e50-a7b6-a1178fd92bf1/ppg_audit/snapshot/rtl/ppg_dynamic_baseline_cross_detector/tb_ppg_dynamic_baseline_cross_detector.v","C:/Users/DAWN/.codex/visualizations/2026/10/02/01a0fd78-b9b8-78f2-8e39-c02cd0049c19/ppg_review_C/evidence/numeric_checkpoint_20261004.md","原TB真实运行见A_regression_C_scope_snapshot.json；PASS仅限已执行判据"
"BSL-18","C:/Users/DAWN/.codex/visualizations/2026/10/02/01a0fd16-9489-7e50-a7b6-a1178fd92bf1/ppg_audit/snapshot/contracts/PPG_DYNAMIC_BASELINE_SLOPE_AND_UPWARD_CROSSING_INTERFACE_CONTRACT.md","913","| BSL-18 | IR事务 | 被消费且完全不改变RED状态 |","完成","已审真实激励/比较及RTL对应分支；不作穷尽覆盖结论","C:/Users/DAWN/.codex/visualizations/2026/10/02/01a0fd16-9489-7e50-a7b6-a1178fd92bf1/ppg_audit/snapshot/rtl/ppg_dynamic_baseline_cross_detector/tb_ppg_dynamic_baseline_cross_detector.v","C:/Users/DAWN/.codex/visualizations/2026/10/02/01a0fd78-b9b8-78f2-8e39-c02cd0049c19/ppg_review_C/evidence/numeric_checkpoint_20261004.md","原TB真实运行见A_regression_C_scope_snapshot.json；PASS仅限已执行判据"
"BSL-19","C:/Users/DAWN/.codex/visualizations/2026/10/02/01a0fd16-9489-7e50-a7b6-a1178fd92bf1/ppg_audit/snapshot/contracts/PPG_DYNAMIC_BASELINE_SLOPE_AND_UPWARD_CROSSING_INTERFACE_CONTRACT.md","914","| BSL-19 | 重检成功 | 保留锚点/斜率，清除临时候选，暂停自适应周期资格 |","完成","已审真实激励/比较及RTL对应分支；不作穷尽覆盖结论","C:/Users/DAWN/.codex/visualizations/2026/10/02/01a0fd16-9489-7e50-a7b6-a1178fd92bf1/ppg_audit/snapshot/rtl/ppg_dynamic_baseline_cross_detector/tb_ppg_dynamic_baseline_cross_detector.v","C:/Users/DAWN/.codex/visualizations/2026/10/02/01a0fd78-b9b8-78f2-8e39-c02cd0049c19/ppg_review_C/evidence/numeric_checkpoint_20261004.md","原TB真实运行见A_regression_C_scope_snapshot.json；PASS仅限已执行判据"
"BSL-20","C:/Users/DAWN/.codex/visualizations/2026/10/02/01a0fd16-9489-7e50-a7b6-a1178fd92bf1/ppg_audit/snapshot/contracts/PPG_DYNAMIC_BASELINE_SLOPE_AND_UPWARD_CROSSING_INTERFACE_CONTRACT.md","915","| BSL-20 | 重检和预热时间 | 恢复基线frame_delta包含全部真实帧 |","完成","已审真实激励/比较及RTL对应分支；不作穷尽覆盖结论","C:/Users/DAWN/.codex/visualizations/2026/10/02/01a0fd16-9489-7e50-a7b6-a1178fd92bf1/ppg_audit/snapshot/rtl/ppg_dynamic_baseline_cross_detector/tb_ppg_dynamic_baseline_cross_detector.v","C:/Users/DAWN/.codex/visualizations/2026/10/02/01a0fd78-b9b8-78f2-8e39-c02cd0049c19/ppg_review_C/evidence/numeric_checkpoint_20261004.md","原TB真实运行见A_regression_C_scope_snapshot.json；PASS仅限已执行判据"
"BSL-21","C:/Users/DAWN/.codex/visualizations/2026/10/02/01a0fd16-9489-7e50-a7b6-a1178fd92bf1/ppg_audit/snapshot/contracts/PPG_DYNAMIC_BASELINE_SLOPE_AND_UPWARD_CROSSING_INTERFACE_CONTRACT.md","916","| BSL-21 | 恢复后位于基线下方 | 重新武装并正常等待相交 |","完成","已审真实激励/比较及RTL对应分支；不作穷尽覆盖结论","C:/Users/DAWN/.codex/visualizations/2026/10/02/01a0fd16-9489-7e50-a7b6-a1178fd92bf1/ppg_audit/snapshot/rtl/ppg_dynamic_baseline_cross_detector/tb_ppg_dynamic_baseline_cross_detector.v","C:/Users/DAWN/.codex/visualizations/2026/10/02/01a0fd78-b9b8-78f2-8e39-c02cd0049c19/ppg_review_C/evidence/numeric_checkpoint_20261004.md","原TB真实运行见A_regression_C_scope_snapshot.json；PASS仅限已执行判据"
"BSL-22","C:/Users/DAWN/.codex/visualizations/2026/10/02/01a0fd16-9489-7e50-a7b6-a1178fd92bf1/ppg_audit/snapshot/contracts/PPG_DYNAMIC_BASELINE_SLOPE_AND_UPWARD_CROSSING_INTERFACE_CONTRACT.md","917","| BSL-22 | 恢复首样本已在基线上方 | fine请求、time_unknown置位、不伪造精确相交 |","完成","已审真实激励/比较及RTL对应分支；不作穷尽覆盖结论","C:/Users/DAWN/.codex/visualizations/2026/10/02/01a0fd16-9489-7e50-a7b6-a1178fd92bf1/ppg_audit/snapshot/rtl/ppg_dynamic_baseline_cross_detector/tb_ppg_dynamic_baseline_cross_detector.v","C:/Users/DAWN/.codex/visualizations/2026/10/02/01a0fd78-b9b8-78f2-8e39-c02cd0049c19/ppg_review_C/evidence/numeric_checkpoint_20261004.md","原TB真实运行见A_regression_C_scope_snapshot.json；PASS仅限已执行判据"
"BSL-23","C:/Users/DAWN/.codex/visualizations/2026/10/02/01a0fd16-9489-7e50-a7b6-a1178fd92bf1/ppg_audit/snapshot/contracts/PPG_DYNAMIC_BASELINE_SLOPE_AND_UPWARD_CROSSING_INTERFACE_CONTRACT.md","918","| BSL-23 | 重检失败 | 锚点失效、退回固定斜率和重新获取 |","完成","已审真实激励/比较及RTL对应分支；不作穷尽覆盖结论","C:/Users/DAWN/.codex/visualizations/2026/10/02/01a0fd16-9489-7e50-a7b6-a1178fd92bf1/ppg_audit/snapshot/rtl/ppg_dynamic_baseline_cross_detector/tb_ppg_dynamic_baseline_cross_detector.v","C:/Users/DAWN/.codex/visualizations/2026/10/02/01a0fd78-b9b8-78f2-8e39-c02cd0049c19/ppg_review_C/evidence/numeric_checkpoint_20261004.md","原TB真实运行见A_regression_C_scope_snapshot.json；PASS仅限已执行判据"
"BSL-24","C:/Users/DAWN/.codex/visualizations/2026/10/02/01a0fd16-9489-7e50-a7b6-a1178fd92bf1/ppg_audit/snapshot/contracts/PPG_DYNAMIC_BASELINE_SLOPE_AND_UPWARD_CROSSING_INTERFACE_CONTRACT.md","919","| BSL-24 | FIR/DC恢复无资格或饱和 | 不形成正式事件，不更新自适应斜率 |","完成","已审真实激励/比较及RTL对应分支；不作穷尽覆盖结论","C:/Users/DAWN/.codex/visualizations/2026/10/02/01a0fd16-9489-7e50-a7b6-a1178fd92bf1/ppg_audit/snapshot/rtl/ppg_dynamic_baseline_cross_detector/tb_ppg_dynamic_baseline_cross_detector.v","C:/Users/DAWN/.codex/visualizations/2026/10/02/01a0fd78-b9b8-78f2-8e39-c02cd0049c19/ppg_review_C/evidence/numeric_checkpoint_20261004.md","原TB真实运行见A_regression_C_scope_snapshot.json；PASS仅限已执行判据"
"BSL-25","C:/Users/DAWN/.codex/visualizations/2026/10/02/01a0fd16-9489-7e50-a7b6-a1178fd92bf1/ppg_audit/snapshot/contracts/PPG_DYNAMIC_BASELINE_SLOPE_AND_UPWARD_CROSSING_INTERFACE_CONTRACT.md","920","| BSL-25 | frame_id回绕 | 合法短跨度模减正确，半回绕异常被拒绝 |","完成","已审真实激励/比较及RTL对应分支；不作穷尽覆盖结论","C:/Users/DAWN/.codex/visualizations/2026/10/02/01a0fd16-9489-7e50-a7b6-a1178fd92bf1/ppg_audit/snapshot/rtl/ppg_dynamic_baseline_cross_detector/tb_ppg_dynamic_baseline_cross_detector.v","C:/Users/DAWN/.codex/visualizations/2026/10/02/01a0fd78-b9b8-78f2-8e39-c02cd0049c19/ppg_review_C/evidence/numeric_checkpoint_20261004.md","原TB真实运行见A_regression_C_scope_snapshot.json；PASS仅限已执行判据"
"BSL-26","C:/Users/DAWN/.codex/visualizations/2026/10/02/01a0fd16-9489-7e50-a7b6-a1178fd92bf1/ppg_audit/snapshot/contracts/PPG_DYNAMIC_BASELINE_SLOPE_AND_UPWARD_CROSSING_INTERFACE_CONTRACT.md","921","| BSL-26 | epoch不一致 | 周期更新无资格，旧活动斜率保持 |","完成","已审真实激励/比较及RTL对应分支；不作穷尽覆盖结论","C:/Users/DAWN/.codex/visualizations/2026/10/02/01a0fd16-9489-7e50-a7b6-a1178fd92bf1/ppg_audit/snapshot/rtl/ppg_dynamic_baseline_cross_detector/tb_ppg_dynamic_baseline_cross_detector.v","C:/Users/DAWN/.codex/visualizations/2026/10/02/01a0fd78-b9b8-78f2-8e39-c02cd0049c19/ppg_review_C/evidence/numeric_checkpoint_20261004.md","原TB真实运行见A_regression_C_scope_snapshot.json；PASS仅限已执行判据"
"BSL-27","C:/Users/DAWN/.codex/visualizations/2026/10/02/01a0fd16-9489-7e50-a7b6-a1178fd92bf1/ppg_audit/snapshot/contracts/PPG_DYNAMIC_BASELINE_SLOPE_AND_UPWARD_CROSSING_INTERFACE_CONTRACT.md","922","| BSL-27 | ACTIVE配置非法 | NORMAL启动被配置管理器拒绝 |","完成","已审真实激励/比较及RTL对应分支；不作穷尽覆盖结论","C:/Users/DAWN/.codex/visualizations/2026/10/02/01a0fd16-9489-7e50-a7b6-a1178fd92bf1/ppg_audit/snapshot/rtl/ppg_dynamic_baseline_cross_detector/tb_ppg_dynamic_baseline_cross_detector.v","C:/Users/DAWN/.codex/visualizations/2026/10/02/01a0fd78-b9b8-78f2-8e39-c02cd0049c19/ppg_review_C/evidence/numeric_checkpoint_20261004.md","原TB真实运行见A_regression_C_scope_snapshot.json；PASS仅限已执行判据"
"BSL-28","C:/Users/DAWN/.codex/visualizations/2026/10/02/01a0fd16-9489-7e50-a7b6-a1178fd92bf1/ppg_audit/snapshot/contracts/PPG_DYNAMIC_BASELINE_SLOPE_AND_UPWARD_CROSSING_INTERFACE_CONTRACT.md","923","| BSL-28 | detection discard | STOP/abort/system-fault通过当前generation的带身份或scope-only discard清理在途事件和运行状态 |","完成","已审真实激励/比较及RTL对应分支；不作穷尽覆盖结论","C:/Users/DAWN/.codex/visualizations/2026/10/02/01a0fd16-9489-7e50-a7b6-a1178fd92bf1/ppg_audit/snapshot/rtl/ppg_dynamic_baseline_cross_detector/tb_ppg_dynamic_baseline_cross_detector.v","C:/Users/DAWN/.codex/visualizations/2026/10/02/01a0fd78-b9b8-78f2-8e39-c02cd0049c19/ppg_review_C/evidence/numeric_checkpoint_20261004.md","原TB真实运行见A_regression_C_scope_snapshot.json；PASS仅限已执行判据"
"BSL-29","C:/Users/DAWN/.codex/visualizations/2026/10/02/01a0fd16-9489-7e50-a7b6-a1178fd92bf1/ppg_audit/snapshot/contracts/PPG_DYNAMIC_BASELINE_SLOPE_AND_UPWARD_CROSSING_INTERFACE_CONTRACT.md","924","| BSL-29 | 退出15-bit历史尾部 | `i_fine_window_active=0`但`i_precision_mode=1`时正常消费样本，不武装、不建立或输出新cross |","完成","已审真实激励/比较及RTL对应分支；不作穷尽覆盖结论","C:/Users/DAWN/.codex/visualizations/2026/10/02/01a0fd16-9489-7e50-a7b6-a1178fd92bf1/ppg_audit/snapshot/rtl/ppg_dynamic_baseline_cross_detector/tb_ppg_dynamic_baseline_cross_detector.v","C:/Users/DAWN/.codex/visualizations/2026/10/02/01a0fd78-b9b8-78f2-8e39-c02cd0049c19/ppg_review_C/evidence/numeric_checkpoint_20261004.md","原TB真实运行见A_regression_C_scope_snapshot.json；PASS仅限已执行判据"
"BSL-30","C:/Users/DAWN/.codex/visualizations/2026/10/02/01a0fd16-9489-7e50-a7b6-a1178fd92bf1/ppg_audit/snapshot/contracts/PPG_DYNAMIC_BASELINE_SLOPE_AND_UPWARD_CROSSING_INTERFACE_CONTRACT.md","925","| BSL-30 | 跨精度候选切断 | 9-bit候选期间到达15-bit中心样本时取消候选、清零确认并使9-bit相邻上下文失效 |","完成","已审真实激励/比较及RTL对应分支；不作穷尽覆盖结论","C:/Users/DAWN/.codex/visualizations/2026/10/02/01a0fd16-9489-7e50-a7b6-a1178fd92bf1/ppg_audit/snapshot/rtl/ppg_dynamic_baseline_cross_detector/tb_ppg_dynamic_baseline_cross_detector.v","C:/Users/DAWN/.codex/visualizations/2026/10/02/01a0fd78-b9b8-78f2-8e39-c02cd0049c19/ppg_review_C/evidence/numeric_checkpoint_20261004.md","原TB真实运行见A_regression_C_scope_snapshot.json；PASS仅限已执行判据"
"BSL-31","C:/Users/DAWN/.codex/visualizations/2026/10/02/01a0fd16-9489-7e50-a7b6-a1178fd92bf1/ppg_audit/snapshot/contracts/PPG_DYNAMIC_BASELINE_SLOPE_AND_UPWARD_CROSSING_INTERFACE_CONTRACT.md","926","| BSL-31 | 返回9-bit重新建链 | 尾部结束后的第一笔9-bit样本只重新建立相邻上下文，后续全9-bit序列才能正常形成cross |","完成","已审真实激励/比较及RTL对应分支；不作穷尽覆盖结论","C:/Users/DAWN/.codex/visualizations/2026/10/02/01a0fd16-9489-7e50-a7b6-a1178fd92bf1/ppg_audit/snapshot/rtl/ppg_dynamic_baseline_cross_detector/tb_ppg_dynamic_baseline_cross_detector.v","C:/Users/DAWN/.codex/visualizations/2026/10/02/01a0fd78-b9b8-78f2-8e39-c02cd0049c19/ppg_review_C/evidence/numeric_checkpoint_20261004.md","原TB真实运行见A_regression_C_scope_snapshot.json；PASS仅限已执行判据"
"BSL-32","C:/Users/DAWN/.codex/visualizations/2026/10/02/01a0fd16-9489-7e50-a7b6-a1178fd92bf1/ppg_audit/snapshot/contracts/PPG_DYNAMIC_BASELINE_SLOPE_AND_UPWARD_CROSSING_INTERFACE_CONTRACT.md","927","| BSL-32 | 恢复未知相交精度资格 | 15-bit恢复尾部不得产生time_unknown请求，第一笔合格9-bit恢复样本才允许产生 |","完成","已审真实激励/比较及RTL对应分支；不作穷尽覆盖结论","C:/Users/DAWN/.codex/visualizations/2026/10/02/01a0fd16-9489-7e50-a7b6-a1178fd92bf1/ppg_audit/snapshot/rtl/ppg_dynamic_baseline_cross_detector/tb_ppg_dynamic_baseline_cross_detector.v","C:/Users/DAWN/.codex/visualizations/2026/10/02/01a0fd78-b9b8-78f2-8e39-c02cd0049c19/ppg_review_C/evidence/numeric_checkpoint_20261004.md","原TB真实运行见A_regression_C_scope_snapshot.json；PASS仅限已执行判据"
"BSL-33","C:/Users/DAWN/.codex/visualizations/2026/10/02/01a0fd16-9489-7e50-a7b6-a1178fd92bf1/ppg_audit/snapshot/contracts/PPG_DYNAMIC_BASELINE_SLOPE_AND_UPWARD_CROSSING_INTERFACE_CONTRACT.md","928","| BSL-33 | 异常返回重新获取 | 事件废止旧锚点和基线，置reacquire，保留当前斜率数值但清除自适应资格 |","完成","已审真实激励/比较及RTL对应分支；不作穷尽覆盖结论","C:/Users/DAWN/.codex/visualizations/2026/10/02/01a0fd16-9489-7e50-a7b6-a1178fd92bf1/ppg_audit/snapshot/rtl/ppg_dynamic_baseline_cross_detector/tb_ppg_dynamic_baseline_cross_detector.v","C:/Users/DAWN/.codex/visualizations/2026/10/02/01a0fd78-b9b8-78f2-8e39-c02cd0049c19/ppg_review_C/evidence/numeric_checkpoint_20261004.md","原TB真实运行见A_regression_C_scope_snapshot.json；PASS仅限已执行判据"
"BSL-34","C:/Users/DAWN/.codex/visualizations/2026/10/02/01a0fd16-9489-7e50-a7b6-a1178fd92bf1/ppg_audit/snapshot/contracts/PPG_DYNAMIC_BASELINE_SLOPE_AND_UPWARD_CROSSING_INTERFACE_CONTRACT.md","929","| BSL-34 | 正常波谷返回 | 不产生reacquire事件时保持旧锚点、斜率和正常周期连续性 |","完成","已审真实激励/比较及RTL对应分支；不作穷尽覆盖结论","C:/Users/DAWN/.codex/visualizations/2026/10/02/01a0fd16-9489-7e50-a7b6-a1178fd92bf1/ppg_audit/snapshot/rtl/ppg_dynamic_baseline_cross_detector/tb_ppg_dynamic_baseline_cross_detector.v","C:/Users/DAWN/.codex/visualizations/2026/10/02/01a0fd78-b9b8-78f2-8e39-c02cd0049c19/ppg_review_C/evidence/numeric_checkpoint_20261004.md","原TB真实运行见A_regression_C_scope_snapshot.json；PASS仅限已执行判据"
"BSL-35","C:/Users/DAWN/.codex/visualizations/2026/10/02/01a0fd16-9489-7e50-a7b6-a1178fd92bf1/ppg_audit/snapshot/contracts/PPG_DYNAMIC_BASELINE_SLOPE_AND_UPWARD_CROSSING_INTERFACE_CONTRACT.md","930","| BSL-35 | 重新获取时旧cross反压 | 事件原子撤销尚未消费的旧cross，之后不得迟到握手或复活 |","完成","已审真实激励/比较及RTL对应分支；不作穷尽覆盖结论","C:/Users/DAWN/.codex/visualizations/2026/10/02/01a0fd16-9489-7e50-a7b6-a1178fd92bf1/ppg_audit/snapshot/rtl/ppg_dynamic_baseline_cross_detector/tb_ppg_dynamic_baseline_cross_detector.v","C:/Users/DAWN/.codex/visualizations/2026/10/02/01a0fd78-b9b8-78f2-8e39-c02cd0049c19/ppg_review_C/evidence/numeric_checkpoint_20261004.md","原TB真实运行见A_regression_C_scope_snapshot.json；PASS仅限已执行判据"
"BSL-36","C:/Users/DAWN/.codex/visualizations/2026/10/02/01a0fd16-9489-7e50-a7b6-a1178fd92bf1/ppg_audit/snapshot/contracts/PPG_DYNAMIC_BASELINE_SLOPE_AND_UPWARD_CROSSING_INTERFACE_CONTRACT.md","931","| BSL-36 | 重新获取时算术busy | 任一乘法、除法、平滑或等待波峰提交阶段均立即撤销，不提交旧锚点或部分斜率 |","完成","已审真实激励/比较及RTL对应分支；不作穷尽覆盖结论","C:/Users/DAWN/.codex/visualizations/2026/10/02/01a0fd16-9489-7e50-a7b6-a1178fd92bf1/ppg_audit/snapshot/rtl/ppg_dynamic_baseline_cross_detector/tb_ppg_dynamic_baseline_cross_detector.v","C:/Users/DAWN/.codex/visualizations/2026/10/02/01a0fd78-b9b8-78f2-8e39-c02cd0049c19/ppg_review_C/evidence/numeric_checkpoint_20261004.md","原TB真实运行见A_regression_C_scope_snapshot.json；PASS仅限已执行判据"
"BSL-37","C:/Users/DAWN/.codex/visualizations/2026/10/02/01a0fd16-9489-7e50-a7b6-a1178fd92bf1/ppg_audit/snapshot/contracts/PPG_DYNAMIC_BASELINE_SLOPE_AND_UPWARD_CROSSING_INTERFACE_CONTRACT.md","932","| BSL-37 | 重新获取后新波峰 | 新波峰使用真实中心元数据重建基线，并以保留活动斜率作为启动参考 |","完成","已审真实激励/比较及RTL对应分支；不作穷尽覆盖结论","C:/Users/DAWN/.codex/visualizations/2026/10/02/01a0fd16-9489-7e50-a7b6-a1178fd92bf1/ppg_audit/snapshot/rtl/ppg_dynamic_baseline_cross_detector/tb_ppg_dynamic_baseline_cross_detector.v","C:/Users/DAWN/.codex/visualizations/2026/10/02/01a0fd78-b9b8-78f2-8e39-c02cd0049c19/ppg_review_C/evidence/numeric_checkpoint_20261004.md","原TB真实运行见A_regression_C_scope_snapshot.json；PASS仅限已执行判据"
"BSL-38","C:/Users/DAWN/.codex/visualizations/2026/10/02/01a0fd16-9489-7e50-a7b6-a1178fd92bf1/ppg_audit/snapshot/contracts/PPG_DYNAMIC_BASELINE_SLOPE_AND_UPWARD_CROSSING_INTERFACE_CONTRACT.md","933","| BSL-38 | 重新获取与重检相邻 | 先执行异常重获清理；后续recheck accept不得恢复已废止旧锚点，成功结束后仍等待新波峰 |","完成","已审真实激励/比较及RTL对应分支；不作穷尽覆盖结论","C:/Users/DAWN/.codex/visualizations/2026/10/02/01a0fd16-9489-7e50-a7b6-a1178fd92bf1/ppg_audit/snapshot/rtl/ppg_dynamic_baseline_cross_detector/tb_ppg_dynamic_baseline_cross_detector.v","C:/Users/DAWN/.codex/visualizations/2026/10/02/01a0fd78-b9b8-78f2-8e39-c02cd0049c19/ppg_review_C/evidence/numeric_checkpoint_20261004.md","原TB真实运行见A_regression_C_scope_snapshot.json；PASS仅限已执行判据"
"BSL-39","C:/Users/DAWN/.codex/visualizations/2026/10/02/01a0fd16-9489-7e50-a7b6-a1178fd92bf1/ppg_audit/snapshot/contracts/PPG_DYNAMIC_BASELINE_SLOPE_AND_UPWARD_CROSSING_INTERFACE_CONTRACT.md","934","| BSL-39 | 非法fine期间重获事件 | 安全废止旧基线并置协议sticky，不允许旧fine上下文继续产生cross |","完成","已审真实激励/比较及RTL对应分支；不作穷尽覆盖结论","C:/Users/DAWN/.codex/visualizations/2026/10/02/01a0fd16-9489-7e50-a7b6-a1178fd92bf1/ppg_audit/snapshot/rtl/ppg_dynamic_baseline_cross_detector/tb_ppg_dynamic_baseline_cross_detector.v","C:/Users/DAWN/.codex/visualizations/2026/10/02/01a0fd78-b9b8-78f2-8e39-c02cd0049c19/ppg_review_C/evidence/numeric_checkpoint_20261004.md","原TB真实运行见A_regression_C_scope_snapshot.json；PASS仅限已执行判据"
"BSL-40","C:/Users/DAWN/.codex/visualizations/2026/10/02/01a0fd16-9489-7e50-a7b6-a1178fd92bf1/ppg_audit/snapshot/contracts/PPG_DYNAMIC_BASELINE_SLOPE_AND_UPWARD_CROSSING_INTERFACE_CONTRACT.md","935","| BSL-40 | V5正式检测门控 | `i_peak_valley_config_valid=0`时仍握手并排空输入，但不武装、确认或发布正式cross；合法COMMIT后的高电平才允许新的9-bit正式cross证据。 |","部分","叶子主TB无本项定向；系统D01+PWI/RTL门控补静态证据","C:/Users/DAWN/.codex/visualizations/2026/10/02/01a0fd16-9489-7e50-a7b6-a1178fd92bf1/ppg_audit/snapshot/rtl/ppg_dynamic_baseline_cross_detector/tb_ppg_dynamic_baseline_cross_detector.v","C:/Users/DAWN/.codex/visualizations/2026/10/02/01a0fd78-b9b8-78f2-8e39-c02cd0049c19/ppg_review_C/evidence/system_review_20261004.md","系统valid0配置与恢复源码已审；同版本系统完整运行仍由A负责"
"OPT-01","C:/Users/DAWN/.codex/visualizations/2026/10/02/01a0fd16-9489-7e50-a7b6-a1178fd92bf1/ppg_audit/snapshot/contracts/PPG_DYNAMIC_BASELINE_ARITHMETIC_OPTIMIZATION_CONTRACT.md","567","| OPT-01 | signed 24-bit最大合法峰谷幅度 | 42-bit分子不溢出，饱和前不截断 |","完成","已审真实激励/比较及RTL对应分支；不作穷尽覆盖结论","C:/Users/DAWN/.codex/visualizations/2026/10/02/01a0fd16-9489-7e50-a7b6-a1178fd92bf1/ppg_audit/snapshot/rtl/ppg_dynamic_baseline_cross_detector/tb_ppg_dynamic_baseline_cross_detector.v","C:/Users/DAWN/.codex/visualizations/2026/10/02/01a0fd78-b9b8-78f2-8e39-c02cd0049c19/ppg_review_C/evidence/numeric_checkpoint_20261004.md","原TB真实运行见A_regression_C_scope_snapshot.json；PASS仅限已执行判据"
"OPT-02","C:/Users/DAWN/.codex/visualizations/2026/10/02/01a0fd16-9489-7e50-a7b6-a1178fd92bf1/ppg_audit/snapshot/contracts/PPG_DYNAMIC_BASELINE_ARITHMETIC_OPTIMIZATION_CONTRACT.md","568","| OPT-02 | `T=1` | 完整42-bit商保留并正确执行32-bit斜率饱和 |","完成","已审真实激励/比较及RTL对应分支；不作穷尽覆盖结论","C:/Users/DAWN/.codex/visualizations/2026/10/02/01a0fd16-9489-7e50-a7b6-a1178fd92bf1/ppg_audit/snapshot/rtl/ppg_dynamic_baseline_cross_detector/tb_ppg_dynamic_baseline_cross_detector.v","C:/Users/DAWN/.codex/visualizations/2026/10/02/01a0fd78-b9b8-78f2-8e39-c02cd0049c19/ppg_review_C/evidence/numeric_checkpoint_20261004.md","原TB真实运行见A_regression_C_scope_snapshot.json；PASS仅限已执行判据"
"OPT-03","C:/Users/DAWN/.codex/visualizations/2026/10/02/01a0fd16-9489-7e50-a7b6-a1178fd92bf1/ppg_audit/snapshot/contracts/PPG_DYNAMIC_BASELINE_ARITHMETIC_OPTIMIZATION_CONTRACT.md","569","| OPT-03 | 最大合法短周期`T=16'h7fff` | 除法迭代和最近舍入正确 |","完成","已审真实激励/比较及RTL对应分支；不作穷尽覆盖结论","C:/Users/DAWN/.codex/visualizations/2026/10/02/01a0fd16-9489-7e50-a7b6-a1178fd92bf1/ppg_audit/snapshot/rtl/ppg_dynamic_baseline_cross_detector/tb_ppg_dynamic_baseline_cross_detector.v","C:/Users/DAWN/.codex/visualizations/2026/10/02/01a0fd78-b9b8-78f2-8e39-c02cd0049c19/ppg_review_C/evidence/numeric_checkpoint_20261004.md","原TB真实运行见A_regression_C_scope_snapshot.json；PASS仅限已执行判据"
"OPT-04","C:/Users/DAWN/.codex/visualizations/2026/10/02/01a0fd16-9489-7e50-a7b6-a1178fd92bf1/ppg_audit/snapshot/contracts/PPG_DYNAMIC_BASELINE_ARITHMETIC_OPTIMIZATION_CONTRACT.md","570","| OPT-04 | 除法半LSB边界 | 与组合黄金公式逐位一致 |","完成","已审真实激励/比较及RTL对应分支；不作穷尽覆盖结论","C:/Users/DAWN/.codex/visualizations/2026/10/02/01a0fd16-9489-7e50-a7b6-a1178fd92bf1/ppg_audit/snapshot/rtl/ppg_dynamic_baseline_cross_detector/tb_ppg_dynamic_baseline_cross_detector.v","C:/Users/DAWN/.codex/visualizations/2026/10/02/01a0fd78-b9b8-78f2-8e39-c02cd0049c19/ppg_review_C/evidence/numeric_checkpoint_20261004.md","原TB真实运行见A_regression_C_scope_snapshot.json；PASS仅限已执行判据"
"OPT-05","C:/Users/DAWN/.codex/visualizations/2026/10/02/01a0fd16-9489-7e50-a7b6-a1178fd92bf1/ppg_audit/snapshot/contracts/PPG_DYNAMIC_BASELINE_ARITHMETIC_OPTIMIZATION_CONTRACT.md","571","| OPT-05 | 最大正平滑差值 | 33/50/34-bit路径不溢出 |","完成","已审真实激励/比较及RTL对应分支；不作穷尽覆盖结论","C:/Users/DAWN/.codex/visualizations/2026/10/02/01a0fd16-9489-7e50-a7b6-a1178fd92bf1/ppg_audit/snapshot/rtl/ppg_dynamic_baseline_cross_detector/tb_ppg_dynamic_baseline_cross_detector.v","C:/Users/DAWN/.codex/visualizations/2026/10/02/01a0fd78-b9b8-78f2-8e39-c02cd0049c19/ppg_review_C/evidence/numeric_checkpoint_20261004.md","原TB真实运行见A_regression_C_scope_snapshot.json；PASS仅限已执行判据"
"OPT-06","C:/Users/DAWN/.codex/visualizations/2026/10/02/01a0fd16-9489-7e50-a7b6-a1178fd92bf1/ppg_audit/snapshot/contracts/PPG_DYNAMIC_BASELINE_ARITHMETIC_OPTIMIZATION_CONTRACT.md","572","| OPT-06 | 最大负平滑差值 | 对称舍入恢复负号正确 |","完成","已审真实激励/比较及RTL对应分支；不作穷尽覆盖结论","C:/Users/DAWN/.codex/visualizations/2026/10/02/01a0fd16-9489-7e50-a7b6-a1178fd92bf1/ppg_audit/snapshot/rtl/ppg_dynamic_baseline_cross_detector/tb_ppg_dynamic_baseline_cross_detector.v","C:/Users/DAWN/.codex/visualizations/2026/10/02/01a0fd78-b9b8-78f2-8e39-c02cd0049c19/ppg_review_C/evidence/numeric_checkpoint_20261004.md","原TB真实运行见A_regression_C_scope_snapshot.json；PASS仅限已执行判据"
"OPT-07","C:/Users/DAWN/.codex/visualizations/2026/10/02/01a0fd16-9489-7e50-a7b6-a1178fd92bf1/ppg_audit/snapshot/contracts/PPG_DYNAMIC_BASELINE_ARITHMETIC_OPTIMIZATION_CONTRACT.md","573","| OPT-07 | 最大合法调整比例 | 48-bit乘积和33-bit步长正确 |","完成","已审真实激励/比较及RTL对应分支；不作穷尽覆盖结论","C:/Users/DAWN/.codex/visualizations/2026/10/02/01a0fd16-9489-7e50-a7b6-a1178fd92bf1/ppg_audit/snapshot/rtl/ppg_dynamic_baseline_cross_detector/tb_ppg_dynamic_baseline_cross_detector.v","C:/Users/DAWN/.codex/visualizations/2026/10/02/01a0fd78-b9b8-78f2-8e39-c02cd0049c19/ppg_review_C/evidence/numeric_checkpoint_20261004.md","原TB真实运行见A_regression_C_scope_snapshot.json；PASS仅限已执行判据"
"OPT-08","C:/Users/DAWN/.codex/visualizations/2026/10/02/01a0fd16-9489-7e50-a7b6-a1178fd92bf1/ppg_audit/snapshot/contracts/PPG_DYNAMIC_BASELINE_ARITHMETIC_OPTIMIZATION_CONTRACT.md","574","| OPT-08 | 候选低于最负边界 | 提交`slope_min`并置低限幅诊断 |","完成","已审真实激励/比较及RTL对应分支；不作穷尽覆盖结论","C:/Users/DAWN/.codex/visualizations/2026/10/02/01a0fd16-9489-7e50-a7b6-a1178fd92bf1/ppg_audit/snapshot/rtl/ppg_dynamic_baseline_cross_detector/tb_ppg_dynamic_baseline_cross_detector.v","C:/Users/DAWN/.codex/visualizations/2026/10/02/01a0fd78-b9b8-78f2-8e39-c02cd0049c19/ppg_review_C/evidence/numeric_checkpoint_20261004.md","原TB真实运行见A_regression_C_scope_snapshot.json；PASS仅限已执行判据"
"OPT-09","C:/Users/DAWN/.codex/visualizations/2026/10/02/01a0fd16-9489-7e50-a7b6-a1178fd92bf1/ppg_audit/snapshot/contracts/PPG_DYNAMIC_BASELINE_ARITHMETIC_OPTIMIZATION_CONTRACT.md","575","| OPT-09 | 候选高于近零边界 | 提交`slope_max`并置高限幅诊断 |","完成","已审真实激励/比较及RTL对应分支；不作穷尽覆盖结论","C:/Users/DAWN/.codex/visualizations/2026/10/02/01a0fd16-9489-7e50-a7b6-a1178fd92bf1/ppg_audit/snapshot/rtl/ppg_dynamic_baseline_cross_detector/tb_ppg_dynamic_baseline_cross_detector.v","C:/Users/DAWN/.codex/visualizations/2026/10/02/01a0fd78-b9b8-78f2-8e39-c02cd0049c19/ppg_review_C/evidence/numeric_checkpoint_20261004.md","原TB真实运行见A_regression_C_scope_snapshot.json；PASS仅限已执行判据"
"OPT-10","C:/Users/DAWN/.codex/visualizations/2026/10/02/01a0fd16-9489-7e50-a7b6-a1178fd92bf1/ppg_audit/snapshot/contracts/PPG_DYNAMIC_BASELINE_ARITHMETIC_OPTIMIZATION_CONTRACT.md","576","| OPT-10 | 波峰valid在busy期间保持 | ready为0，载荷不被提前提交 |","完成","已审真实激励/比较及RTL对应分支；不作穷尽覆盖结论","C:/Users/DAWN/.codex/visualizations/2026/10/02/01a0fd16-9489-7e50-a7b6-a1178fd92bf1/ppg_audit/snapshot/rtl/ppg_dynamic_baseline_cross_detector/tb_ppg_dynamic_baseline_cross_detector.v","C:/Users/DAWN/.codex/visualizations/2026/10/02/01a0fd78-b9b8-78f2-8e39-c02cd0049c19/ppg_review_C/evidence/numeric_checkpoint_20261004.md","原TB真实运行见A_regression_C_scope_snapshot.json；PASS仅限已执行判据"
"OPT-11","C:/Users/DAWN/.codex/visualizations/2026/10/02/01a0fd16-9489-7e50-a7b6-a1178fd92bf1/ppg_audit/snapshot/contracts/PPG_DYNAMIC_BASELINE_ARITHMETIC_OPTIMIZATION_CONTRACT.md","577","| OPT-11 | 算术完成后的波峰握手 | 锚点、斜率和诊断同拍原子提交 |","完成","已审真实激励/比较及RTL对应分支；不作穷尽覆盖结论","C:/Users/DAWN/.codex/visualizations/2026/10/02/01a0fd16-9489-7e50-a7b6-a1178fd92bf1/ppg_audit/snapshot/rtl/ppg_dynamic_baseline_cross_detector/tb_ppg_dynamic_baseline_cross_detector.v","C:/Users/DAWN/.codex/visualizations/2026/10/02/01a0fd78-b9b8-78f2-8e39-c02cd0049c19/ppg_review_C/evidence/numeric_checkpoint_20261004.md","原TB真实运行见A_regression_C_scope_snapshot.json；PASS仅限已执行判据"
"OPT-12","C:/Users/DAWN/.codex/visualizations/2026/10/02/01a0fd16-9489-7e50-a7b6-a1178fd92bf1/ppg_audit/snapshot/contracts/PPG_DYNAMIC_BASELINE_ARITHMETIC_OPTIMIZATION_CONTRACT.md","578","| OPT-12 | busy期间FIR事务到达 | result ready为0，上游保持后无丢失消费 |","完成","已审真实激励/比较及RTL对应分支；不作穷尽覆盖结论","C:/Users/DAWN/.codex/visualizations/2026/10/02/01a0fd16-9489-7e50-a7b6-a1178fd92bf1/ppg_audit/snapshot/rtl/ppg_dynamic_baseline_cross_detector/tb_ppg_dynamic_baseline_cross_detector.v","C:/Users/DAWN/.codex/visualizations/2026/10/02/01a0fd78-b9b8-78f2-8e39-c02cd0049c19/ppg_review_C/evidence/numeric_checkpoint_20261004.md","原TB真实运行见A_regression_C_scope_snapshot.json；PASS仅限已执行判据"
"OPT-13","C:/Users/DAWN/.codex/visualizations/2026/10/02/01a0fd16-9489-7e50-a7b6-a1178fd92bf1/ppg_audit/snapshot/contracts/PPG_DYNAMIC_BASELINE_ARITHMETIC_OPTIMIZATION_CONTRACT.md","579","| OPT-13 | busy期间波谷事件到达 | valley ready为0，恢复后只消费一次 |","完成","已审真实激励/比较及RTL对应分支；不作穷尽覆盖结论","C:/Users/DAWN/.codex/visualizations/2026/10/02/01a0fd16-9489-7e50-a7b6-a1178fd92bf1/ppg_audit/snapshot/rtl/ppg_dynamic_baseline_cross_detector/tb_ppg_dynamic_baseline_cross_detector.v","C:/Users/DAWN/.codex/visualizations/2026/10/02/01a0fd78-b9b8-78f2-8e39-c02cd0049c19/ppg_review_C/evidence/numeric_checkpoint_20261004.md","原TB真实运行见A_regression_C_scope_snapshot.json；PASS仅限已执行判据"
"OPT-14","C:/Users/DAWN/.codex/visualizations/2026/10/02/01a0fd16-9489-7e50-a7b6-a1178fd92bf1/ppg_audit/snapshot/contracts/PPG_DYNAMIC_BASELINE_ARITHMETIC_OPTIMIZATION_CONTRACT.md","580","| OPT-14 | 每个FSM阶段触发STOP | 在途结果全部撤销，无迟到写回 |","完成","已审真实激励/比较及RTL对应分支；不作穷尽覆盖结论","C:/Users/DAWN/.codex/visualizations/2026/10/02/01a0fd16-9489-7e50-a7b6-a1178fd92bf1/ppg_audit/snapshot/rtl/ppg_dynamic_baseline_cross_detector/tb_ppg_dynamic_baseline_cross_detector.v","C:/Users/DAWN/.codex/visualizations/2026/10/02/01a0fd78-b9b8-78f2-8e39-c02cd0049c19/ppg_review_C/evidence/numeric_checkpoint_20261004.md","原TB真实运行见A_regression_C_scope_snapshot.json；PASS仅限已执行判据"
"OPT-15","C:/Users/DAWN/.codex/visualizations/2026/10/02/01a0fd16-9489-7e50-a7b6-a1178fd92bf1/ppg_audit/snapshot/contracts/PPG_DYNAMIC_BASELINE_ARITHMETIC_OPTIMIZATION_CONTRACT.md","581","| OPT-15 | 每个FSM阶段触发abort | 立即返回清理状态并禁止提交 |","完成","已审真实激励/比较及RTL对应分支；不作穷尽覆盖结论","C:/Users/DAWN/.codex/visualizations/2026/10/02/01a0fd16-9489-7e50-a7b6-a1178fd92bf1/ppg_audit/snapshot/rtl/ppg_dynamic_baseline_cross_detector/tb_ppg_dynamic_baseline_cross_detector.v","C:/Users/DAWN/.codex/visualizations/2026/10/02/01a0fd78-b9b8-78f2-8e39-c02cd0049c19/ppg_review_C/evidence/numeric_checkpoint_20261004.md","原TB真实运行见A_regression_C_scope_snapshot.json；PASS仅限已执行判据"
"OPT-16","C:/Users/DAWN/.codex/visualizations/2026/10/02/01a0fd16-9489-7e50-a7b6-a1178fd92bf1/ppg_audit/snapshot/contracts/PPG_DYNAMIC_BASELINE_ARITHMETIC_OPTIMIZATION_CONTRACT.md","582","| OPT-16 | 每个FSM阶段触发重检接管 | 旧斜率保留，跨重检自适应结果无效 |","完成","已审真实激励/比较及RTL对应分支；不作穷尽覆盖结论","C:/Users/DAWN/.codex/visualizations/2026/10/02/01a0fd16-9489-7e50-a7b6-a1178fd92bf1/ppg_audit/snapshot/rtl/ppg_dynamic_baseline_cross_detector/tb_ppg_dynamic_baseline_cross_detector.v","C:/Users/DAWN/.codex/visualizations/2026/10/02/01a0fd78-b9b8-78f2-8e39-c02cd0049c19/ppg_review_C/evidence/numeric_checkpoint_20261004.md","原TB真实运行见A_regression_C_scope_snapshot.json；PASS仅限已执行判据"
"OPT-17","C:/Users/DAWN/.codex/visualizations/2026/10/02/01a0fd16-9489-7e50-a7b6-a1178fd92bf1/ppg_audit/snapshot/contracts/PPG_DYNAMIC_BASELINE_ARITHMETIC_OPTIMIZATION_CONTRACT.md","583","| OPT-17 | busy期间异步复位 | 所有算术状态和pending上下文清零 |","完成","已审真实激励/比较及RTL对应分支；不作穷尽覆盖结论","C:/Users/DAWN/.codex/visualizations/2026/10/02/01a0fd16-9489-7e50-a7b6-a1178fd92bf1/ppg_audit/snapshot/rtl/ppg_dynamic_baseline_cross_detector/tb_ppg_dynamic_baseline_cross_detector.v","C:/Users/DAWN/.codex/visualizations/2026/10/02/01a0fd78-b9b8-78f2-8e39-c02cd0049c19/ppg_review_C/evidence/numeric_checkpoint_20261004.md","原TB真实运行见A_regression_C_scope_snapshot.json；PASS仅限已执行判据"
"OPT-18","C:/Users/DAWN/.codex/visualizations/2026/10/02/01a0fd16-9489-7e50-a7b6-a1178fd92bf1/ppg_audit/snapshot/contracts/PPG_DYNAMIC_BASELINE_ARITHMETIC_OPTIMIZATION_CONTRACT.md","584","| OPT-18 | 分母异常为0 | 不迭代、不死锁，固定斜率回退并置错误 |","完成","已审真实激励/比较及RTL对应分支；不作穷尽覆盖结论","C:/Users/DAWN/.codex/visualizations/2026/10/02/01a0fd16-9489-7e50-a7b6-a1178fd92bf1/ppg_audit/snapshot/rtl/ppg_dynamic_baseline_cross_detector/tb_ppg_dynamic_baseline_cross_detector.v","C:/Users/DAWN/.codex/visualizations/2026/10/02/01a0fd78-b9b8-78f2-8e39-c02cd0049c19/ppg_review_C/evidence/numeric_checkpoint_20261004.md","原TB真实运行见A_regression_C_scope_snapshot.json；PASS仅限已执行判据"
"OPT-19","C:/Users/DAWN/.codex/visualizations/2026/10/02/01a0fd16-9489-7e50-a7b6-a1178fd92bf1/ppg_audit/snapshot/contracts/PPG_DYNAMIC_BASELINE_ARITHMETIC_OPTIMIZATION_CONTRACT.md","585","| OPT-19 | 人工制造超过128周期 | timeout回退，不永久反压 |","完成","已审真实激励/比较及RTL对应分支；不作穷尽覆盖结论","C:/Users/DAWN/.codex/visualizations/2026/10/02/01a0fd16-9489-7e50-a7b6-a1178fd92bf1/ppg_audit/snapshot/rtl/ppg_dynamic_baseline_cross_detector/tb_ppg_dynamic_baseline_cross_detector.v","C:/Users/DAWN/.codex/visualizations/2026/10/02/01a0fd78-b9b8-78f2-8e39-c02cd0049c19/ppg_review_C/evidence/numeric_checkpoint_20261004.md","原TB真实运行见A_regression_C_scope_snapshot.json；PASS仅限已执行判据"
"OPT-20","C:/Users/DAWN/.codex/visualizations/2026/10/02/01a0fd16-9489-7e50-a7b6-a1178fd92bf1/ppg_audit/snapshot/contracts/PPG_DYNAMIC_BASELINE_ARITHMETIC_OPTIMIZATION_CONTRACT.md","586","| OPT-20 | pending epoch变化 | 取消自适应提交，不混合版本 |","完成","已审真实激励/比较及RTL对应分支；不作穷尽覆盖结论","C:/Users/DAWN/.codex/visualizations/2026/10/02/01a0fd16-9489-7e50-a7b6-a1178fd92bf1/ppg_audit/snapshot/rtl/ppg_dynamic_baseline_cross_detector/tb_ppg_dynamic_baseline_cross_detector.v","C:/Users/DAWN/.codex/visualizations/2026/10/02/01a0fd78-b9b8-78f2-8e39-c02cd0049c19/ppg_review_C/evidence/numeric_checkpoint_20261004.md","原TB真实运行见A_regression_C_scope_snapshot.json；PASS仅限已执行判据"
"OPT-21","C:/Users/DAWN/.codex/visualizations/2026/10/02/01a0fd16-9489-7e50-a7b6-a1178fd92bf1/ppg_audit/snapshot/contracts/PPG_DYNAMIC_BASELINE_ARITHMETIC_OPTIMIZATION_CONTRACT.md","587","| OPT-21 | 第一个波峰即时路径 | 不启动算术，固定斜率建立首锚点 |","完成","已审真实激励/比较及RTL对应分支；不作穷尽覆盖结论","C:/Users/DAWN/.codex/visualizations/2026/10/02/01a0fd16-9489-7e50-a7b6-a1178fd92bf1/ppg_audit/snapshot/rtl/ppg_dynamic_baseline_cross_detector/tb_ppg_dynamic_baseline_cross_detector.v","C:/Users/DAWN/.codex/visualizations/2026/10/02/01a0fd78-b9b8-78f2-8e39-c02cd0049c19/ppg_review_C/evidence/numeric_checkpoint_20261004.md","原TB真实运行见A_regression_C_scope_snapshot.json；PASS仅限已执行判据"
"OPT-22","C:/Users/DAWN/.codex/visualizations/2026/10/02/01a0fd16-9489-7e50-a7b6-a1178fd92bf1/ppg_audit/snapshot/contracts/PPG_DYNAMIC_BASELINE_ARITHMETIC_OPTIMIZATION_CONTRACT.md","588","| OPT-22 | FIXED_SPI即时路径 | 不启动除法和共享乘法器 |","完成","已审真实激励/比较及RTL对应分支；不作穷尽覆盖结论","C:/Users/DAWN/.codex/visualizations/2026/10/02/01a0fd16-9489-7e50-a7b6-a1178fd92bf1/ppg_audit/snapshot/rtl/ppg_dynamic_baseline_cross_detector/tb_ppg_dynamic_baseline_cross_detector.v","C:/Users/DAWN/.codex/visualizations/2026/10/02/01a0fd78-b9b8-78f2-8e39-c02cd0049c19/ppg_review_C/evidence/numeric_checkpoint_20261004.md","原TB真实运行见A_regression_C_scope_snapshot.json；PASS仅限已执行判据"
"OPT-23","C:/Users/DAWN/.codex/visualizations/2026/10/02/01a0fd16-9489-7e50-a7b6-a1178fd92bf1/ppg_audit/snapshot/contracts/PPG_DYNAMIC_BASELINE_ARITHMETIC_OPTIMIZATION_CONTRACT.md","589","| OPT-23 | 连续两个完整周期 | 每个周期结果独立，不复用旧pending数据 |","完成","覆盖缺口 C-009；reset两向量或仅随机商比较","C:/Users/DAWN/.codex/visualizations/2026/10/02/01a0fd16-9489-7e50-a7b6-a1178fd92bf1/ppg_audit/snapshot/rtl/ppg_dynamic_baseline_cross_detector/tb_ppg_dynamic_baseline_cross_detector.v","C:/Users/DAWN/.codex/visualizations/2026/10/02/01a0fd78-b9b8-78f2-8e39-c02cd0049c19/ppg_review_C/evidence/baseline_coverage_limits.md","不把20005公式等价或系统同源斜率当正式结果golden"
"OPT-24","C:/Users/DAWN/.codex/visualizations/2026/10/02/01a0fd16-9489-7e50-a7b6-a1178fd92bf1/ppg_audit/snapshot/contracts/PPG_DYNAMIC_BASELINE_ARITHMETIC_OPTIMIZATION_CONTRACT.md","590","| OPT-24 | 优化前后随机差分 | 所有合法事务的正式结果逐位一致 |","完成","覆盖缺口 C-009；reset两向量或仅随机商比较","C:/Users/DAWN/.codex/visualizations/2026/10/02/01a0fd16-9489-7e50-a7b6-a1178fd92bf1/ppg_audit/snapshot/rtl/ppg_dynamic_baseline_cross_detector/tb_ppg_dynamic_baseline_cross_detector.v","C:/Users/DAWN/.codex/visualizations/2026/10/02/01a0fd78-b9b8-78f2-8e39-c02cd0049c19/ppg_review_C/evidence/baseline_coverage_limits.md","不把20005公式等价或系统同源斜率当正式结果golden"
"FIR-01","C:/Users/DAWN/.codex/visualizations/2026/10/02/01a0fd16-9489-7e50-a7b6-a1178fd92bf1/ppg_audit/snapshot/contracts/PPG_COARSE_DETECTION_FIR_INTERFACE_CONTRACT.md","607","| FIR-01 | 异步复位 | 撤销MAC，valid、计数、历史资格、诊断和载荷为冻结复位值 |","完成","已审真实激励/比较及RTL对应分支；不作穷尽覆盖结论","C:/Users/DAWN/.codex/visualizations/2026/10/02/01a0fd16-9489-7e50-a7b6-a1178fd92bf1/ppg_audit/snapshot/rtl/ppg_coarse_detection_fir/tb_ppg_coarse_detection_fir.v","C:/Users/DAWN/.codex/visualizations/2026/10/02/01a0fd78-b9b8-78f2-8e39-c02cd0049c19/ppg_review_C/evidence/fir_review.md","原TB真实运行见A_regression_C_scope_snapshot.json；PASS仅限已执行判据"
"FIR-02","C:/Users/DAWN/.codex/visualizations/2026/10/02/01a0fd16-9489-7e50-a7b6-a1178fd92bf1/ppg_audit/snapshot/contracts/PPG_COARSE_DETECTION_FIR_INTERFACE_CONTRACT.md","608","| FIR-02 | 单色前20笔 | 计数递增但不启动正式MAC、不产生输出 |","完成","已审真实激励/比较及RTL对应分支；不作穷尽覆盖结论","C:/Users/DAWN/.codex/visualizations/2026/10/02/01a0fd16-9489-7e50-a7b6-a1178fd92bf1/ppg_audit/snapshot/rtl/ppg_coarse_detection_fir/tb_ppg_coarse_detection_fir.v","C:/Users/DAWN/.codex/visualizations/2026/10/02/01a0fd78-b9b8-78f2-8e39-c02cd0049c19/ppg_review_C/evidence/fir_review.md","原TB真实运行见A_regression_C_scope_snapshot.json；PASS仅限已执行判据"
"FIR-03","C:/Users/DAWN/.codex/visualizations/2026/10/02/01a0fd16-9489-7e50-a7b6-a1178fd92bf1/ppg_audit/snapshot/contracts/PPG_COARSE_DETECTION_FIR_INTERFACE_CONTRACT.md","609","| FIR-03 | 单色第21笔 | 启动首次MAC并在16周期内产生输出，窗口只含21笔真实样本 |","完成","已审真实激励/比较及RTL对应分支；不作穷尽覆盖结论","C:/Users/DAWN/.codex/visualizations/2026/10/02/01a0fd16-9489-7e50-a7b6-a1178fd92bf1/ppg_audit/snapshot/rtl/ppg_coarse_detection_fir/tb_ppg_coarse_detection_fir.v","C:/Users/DAWN/.codex/visualizations/2026/10/02/01a0fd78-b9b8-78f2-8e39-c02cd0049c19/ppg_review_C/evidence/fir_review.md","原TB真实运行见A_regression_C_scope_snapshot.json；PASS仅限已执行判据"
"FIR-04","C:/Users/DAWN/.codex/visualizations/2026/10/02/01a0fd16-9489-7e50-a7b6-a1178fd92bf1/ppg_audit/snapshot/contracts/PPG_COARSE_DETECTION_FIR_INTERFACE_CONTRACT.md","610","| FIR-04 | 常量输入 | 预热后输出严格等于输入，证明直流增益为1 |","完成","已审真实激励/比较及RTL对应分支；不作穷尽覆盖结论","C:/Users/DAWN/.codex/visualizations/2026/10/02/01a0fd16-9489-7e50-a7b6-a1178fd92bf1/ppg_audit/snapshot/rtl/ppg_coarse_detection_fir/tb_ppg_coarse_detection_fir.v","C:/Users/DAWN/.codex/visualizations/2026/10/02/01a0fd78-b9b8-78f2-8e39-c02cd0049c19/ppg_review_C/evidence/fir_review.md","原TB真实运行见A_regression_C_scope_snapshot.json；PASS仅限已执行判据"
"FIR-05","C:/Users/DAWN/.codex/visualizations/2026/10/02/01a0fd16-9489-7e50-a7b6-a1178fd92bf1/ppg_audit/snapshot/contracts/PPG_COARSE_DETECTION_FIR_INTERFACE_CONTRACT.md","611","| FIR-05 | 单位冲激 | 依次得到冻结的21个Q15系数响应并正确舍入 |","完成","已审真实激励/比较及RTL对应分支；不作穷尽覆盖结论","C:/Users/DAWN/.codex/visualizations/2026/10/02/01a0fd16-9489-7e50-a7b6-a1178fd92bf1/ppg_audit/snapshot/rtl/ppg_coarse_detection_fir/tb_ppg_coarse_detection_fir.v","C:/Users/DAWN/.codex/visualizations/2026/10/02/01a0fd78-b9b8-78f2-8e39-c02cd0049c19/ppg_review_C/evidence/fir_review.md","原TB真实运行见A_regression_C_scope_snapshot.json；PASS仅限已执行判据"
"FIR-06","C:/Users/DAWN/.codex/visualizations/2026/10/02/01a0fd16-9489-7e50-a7b6-a1178fd92bf1/ppg_audit/snapshot/contracts/PPG_COARSE_DETECTION_FIR_INTERFACE_CONTRACT.md","612","| FIR-06 | 正负半LSB | 对称舍入且tie远离零 |","完成","已审真实激励/比较及RTL对应分支；不作穷尽覆盖结论","C:/Users/DAWN/.codex/visualizations/2026/10/02/01a0fd16-9489-7e50-a7b6-a1178fd92bf1/ppg_audit/snapshot/rtl/ppg_coarse_detection_fir/tb_ppg_coarse_detection_fir.v","C:/Users/DAWN/.codex/visualizations/2026/10/02/01a0fd78-b9b8-78f2-8e39-c02cd0049c19/ppg_review_C/evidence/fir_review.md","原TB真实运行见A_regression_C_scope_snapshot.json；PASS仅限已执行判据"
"FIR-07","C:/Users/DAWN/.codex/visualizations/2026/10/02/01a0fd16-9489-7e50-a7b6-a1178fd92bf1/ppg_audit/snapshot/contracts/PPG_COARSE_DETECTION_FIR_INTERFACE_CONTRACT.md","613","| FIR-07 | signed 24-bit端点 | 41-bit乘积和42-bit累加无回绕，输出符合显式饱和合同 |","完成","已审真实激励/比较及RTL对应分支；不作穷尽覆盖结论","C:/Users/DAWN/.codex/visualizations/2026/10/02/01a0fd16-9489-7e50-a7b6-a1178fd92bf1/ppg_audit/snapshot/rtl/ppg_coarse_detection_fir/tb_ppg_coarse_detection_fir.v","C:/Users/DAWN/.codex/visualizations/2026/10/02/01a0fd78-b9b8-78f2-8e39-c02cd0049c19/ppg_review_C/evidence/fir_review.md","原TB真实运行见A_regression_C_scope_snapshot.json；PASS仅限已执行判据"
"FIR-08","C:/Users/DAWN/.codex/visualizations/2026/10/02/01a0fd16-9489-7e50-a7b6-a1178fd92bf1/ppg_audit/snapshot/contracts/PPG_COARSE_DETECTION_FIR_INTERFACE_CONTRACT.md","614","| FIR-08 | R/IR交错 | 两套历史、计数、值和中心元数据互不污染 |","完成","已审真实激励/比较及RTL对应分支；不作穷尽覆盖结论","C:/Users/DAWN/.codex/visualizations/2026/10/02/01a0fd16-9489-7e50-a7b6-a1178fd92bf1/ppg_audit/snapshot/rtl/ppg_coarse_detection_fir/tb_ppg_coarse_detection_fir.v","C:/Users/DAWN/.codex/visualizations/2026/10/02/01a0fd78-b9b8-78f2-8e39-c02cd0049c19/ppg_review_C/evidence/fir_review.md","原TB真实运行见A_regression_C_scope_snapshot.json；PASS仅限已执行判据"
"FIR-09","C:/Users/DAWN/.codex/visualizations/2026/10/02/01a0fd16-9489-7e50-a7b6-a1178fd92bf1/ppg_audit/snapshot/contracts/PPG_COARSE_DETECTION_FIR_INTERFACE_CONTRACT.md","615","| FIR-09 | 中心元数据 | 输出身份严格来自`x[n-10]`，不是最新输入或MAC提交时刻 |","完成","已审真实激励/比较及RTL对应分支；不作穷尽覆盖结论","C:/Users/DAWN/.codex/visualizations/2026/10/02/01a0fd16-9489-7e50-a7b6-a1178fd92bf1/ppg_audit/snapshot/rtl/ppg_coarse_detection_fir/tb_ppg_coarse_detection_fir.v","C:/Users/DAWN/.codex/visualizations/2026/10/02/01a0fd78-b9b8-78f2-8e39-c02cd0049c19/ppg_review_C/evidence/fir_review.md","原TB真实运行见A_regression_C_scope_snapshot.json；PASS仅限已执行判据"
"FIR-10","C:/Users/DAWN/.codex/visualizations/2026/10/02/01a0fd16-9489-7e50-a7b6-a1178fd92bf1/ppg_audit/snapshot/contracts/PPG_COARSE_DETECTION_FIR_INTERFACE_CONTRACT.md","616","| FIR-10 | 9/15-bit交错 | 历史连续，系数和输出数学不随精度变化 |","完成","已审真实激励/比较及RTL对应分支；不作穷尽覆盖结论","C:/Users/DAWN/.codex/visualizations/2026/10/02/01a0fd16-9489-7e50-a7b6-a1178fd92bf1/ppg_audit/snapshot/rtl/ppg_coarse_detection_fir/tb_ppg_coarse_detection_fir.v","C:/Users/DAWN/.codex/visualizations/2026/10/02/01a0fd78-b9b8-78f2-8e39-c02cd0049c19/ppg_review_C/evidence/fir_review.md","原TB真实运行见A_regression_C_scope_snapshot.json；PASS仅限已执行判据"
"FIR-11","C:/Users/DAWN/.codex/visualizations/2026/10/02/01a0fd16-9489-7e50-a7b6-a1178fd92bf1/ppg_audit/snapshot/contracts/PPG_COARSE_DETECTION_FIR_INTERFACE_CONTRACT.md","617","| FIR-11 | 15到9无重检 | 不清空历史，不重新预热 |","完成","已审真实激励/比较及RTL对应分支；不作穷尽覆盖结论","C:/Users/DAWN/.codex/visualizations/2026/10/02/01a0fd16-9489-7e50-a7b6-a1178fd92bf1/ppg_audit/snapshot/rtl/ppg_coarse_detection_fir/tb_ppg_coarse_detection_fir.v","C:/Users/DAWN/.codex/visualizations/2026/10/02/01a0fd78-b9b8-78f2-8e39-c02cd0049c19/ppg_review_C/evidence/fir_review.md","原TB真实运行见A_regression_C_scope_snapshot.json；PASS仅限已执行判据"
"FIR-12","C:/Users/DAWN/.codex/visualizations/2026/10/02/01a0fd16-9489-7e50-a7b6-a1178fd92bf1/ppg_audit/snapshot/contracts/PPG_COARSE_DETECTION_FIR_INTERFACE_CONTRACT.md","618","| FIR-12 | recheck pending等待 | 仅pending不改变任一历史状态 |","完成","已审真实激励/比较及RTL对应分支；不作穷尽覆盖结论","C:/Users/DAWN/.codex/visualizations/2026/10/02/01a0fd16-9489-7e50-a7b6-a1178fd92bf1/ppg_audit/snapshot/rtl/ppg_coarse_detection_fir/tb_ppg_coarse_detection_fir.v","C:/Users/DAWN/.codex/visualizations/2026/10/02/01a0fd78-b9b8-78f2-8e39-c02cd0049c19/ppg_review_C/evidence/fir_review.md","原TB真实运行见A_regression_C_scope_snapshot.json；PASS仅限已执行判据"
"FIR-13","C:/Users/DAWN/.codex/visualizations/2026/10/02/01a0fd16-9489-7e50-a7b6-a1178fd92bf1/ppg_audit/snapshot/contracts/PPG_COARSE_DETECTION_FIR_INTERFACE_CONTRACT.md","619","| FIR-13 | recheck accept | 两色历史同时失效，停止正式输出 |","完成","已审真实激励/比较及RTL对应分支；不作穷尽覆盖结论","C:/Users/DAWN/.codex/visualizations/2026/10/02/01a0fd16-9489-7e50-a7b6-a1178fd92bf1/ppg_audit/snapshot/rtl/ppg_coarse_detection_fir/tb_ppg_coarse_detection_fir.v","C:/Users/DAWN/.codex/visualizations/2026/10/02/01a0fd78-b9b8-78f2-8e39-c02cd0049c19/ppg_review_C/evidence/fir_review.md","原TB真实运行见A_regression_C_scope_snapshot.json；PASS仅限已执行判据"
"FIR-14","C:/Users/DAWN/.codex/visualizations/2026/10/02/01a0fd16-9489-7e50-a7b6-a1178fd92bf1/ppg_audit/snapshot/contracts/PPG_COARSE_DETECTION_FIR_INTERFACE_CONTRACT.md","620","| FIR-14 | 三帧重检活动 | 不移位、不插0、不产生正式FIR事务 |","完成","已审真实激励/比较及RTL对应分支；不作穷尽覆盖结论","C:/Users/DAWN/.codex/visualizations/2026/10/02/01a0fd16-9489-7e50-a7b6-a1178fd92bf1/ppg_audit/snapshot/rtl/ppg_coarse_detection_fir/tb_ppg_coarse_detection_fir.v","C:/Users/DAWN/.codex/visualizations/2026/10/02/01a0fd78-b9b8-78f2-8e39-c02cd0049c19/ppg_review_C/evidence/fir_review.md","原TB真实运行见A_regression_C_scope_snapshot.json；PASS仅限已执行判据"
"FIR-15","C:/Users/DAWN/.codex/visualizations/2026/10/02/01a0fd16-9489-7e50-a7b6-a1178fd92bf1/ppg_audit/snapshot/contracts/PPG_COARSE_DETECTION_FIR_INTERFACE_CONTRACT.md","621","| FIR-15 | 重检后恢复 | 两色分别重新累计21笔真实NORMAL样本 |","完成","已审真实激励/比较及RTL对应分支；不作穷尽覆盖结论","C:/Users/DAWN/.codex/visualizations/2026/10/02/01a0fd16-9489-7e50-a7b6-a1178fd92bf1/ppg_audit/snapshot/rtl/ppg_coarse_detection_fir/tb_ppg_coarse_detection_fir.v","C:/Users/DAWN/.codex/visualizations/2026/10/02/01a0fd78-b9b8-78f2-8e39-c02cd0049c19/ppg_review_C/evidence/fir_review.md","原TB真实运行见A_regression_C_scope_snapshot.json；PASS仅限已执行判据"
"FIR-16","C:/Users/DAWN/.codex/visualizations/2026/10/02/01a0fd16-9489-7e50-a7b6-a1178fd92bf1/ppg_audit/snapshot/contracts/PPG_COARSE_DETECTION_FIR_INTERFACE_CONTRACT.md","622","| FIR-16 | NORMAL慢速DC调码 | dc_code_epoch可变化，但历史和计数保持连续 |","完成","已审真实激励/比较及RTL对应分支；不作穷尽覆盖结论","C:/Users/DAWN/.codex/visualizations/2026/10/02/01a0fd16-9489-7e50-a7b6-a1178fd92bf1/ppg_audit/snapshot/rtl/ppg_coarse_detection_fir/tb_ppg_coarse_detection_fir.v","C:/Users/DAWN/.codex/visualizations/2026/10/02/01a0fd78-b9b8-78f2-8e39-c02cd0049c19/ppg_review_C/evidence/fir_review.md","原TB真实运行见A_regression_C_scope_snapshot.json；PASS仅限已执行判据"
"FIR-17","C:/Users/DAWN/.codex/visualizations/2026/10/02/01a0fd16-9489-7e50-a7b6-a1178fd92bf1/ppg_audit/snapshot/contracts/PPG_COARSE_DETECTION_FIR_INTERFACE_CONTRACT.md","623","| FIR-17 | 未校准样本 | 数值移位，覆盖该样本的窗口资格为0 |","完成","已审真实激励/比较及RTL对应分支；不作穷尽覆盖结论","C:/Users/DAWN/.codex/visualizations/2026/10/02/01a0fd16-9489-7e50-a7b6-a1178fd92bf1/ppg_audit/snapshot/rtl/ppg_coarse_detection_fir/tb_ppg_coarse_detection_fir.v","C:/Users/DAWN/.codex/visualizations/2026/10/02/01a0fd78-b9b8-78f2-8e39-c02cd0049c19/ppg_review_C/evidence/fir_review.md","原TB真实运行见A_regression_C_scope_snapshot.json；PASS仅限已执行判据"
"FIR-18","C:/Users/DAWN/.codex/visualizations/2026/10/02/01a0fd16-9489-7e50-a7b6-a1178fd92bf1/ppg_audit/snapshot/contracts/PPG_COARSE_DETECTION_FIR_INTERFACE_CONTRACT.md","624","| FIR-18 | 上游饱和样本 | 数值不丢弃，窗口饱和OR和检测资格正确 |","完成","已审真实激励/比较及RTL对应分支；不作穷尽覆盖结论","C:/Users/DAWN/.codex/visualizations/2026/10/02/01a0fd16-9489-7e50-a7b6-a1178fd92bf1/ppg_audit/snapshot/rtl/ppg_coarse_detection_fir/tb_ppg_coarse_detection_fir.v","C:/Users/DAWN/.codex/visualizations/2026/10/02/01a0fd78-b9b8-78f2-8e39-c02cd0049c19/ppg_review_C/evidence/fir_review.md","原TB真实运行见A_regression_C_scope_snapshot.json；PASS仅限已执行判据"
"FIR-19","C:/Users/DAWN/.codex/visualizations/2026/10/02/01a0fd16-9489-7e50-a7b6-a1178fd92bf1/ppg_audit/snapshot/contracts/PPG_COARSE_DETECTION_FIR_INTERFACE_CONTRACT.md","625","| FIR-19 | 非NORMAL输入 | 不移动历史，TB报告集成协议错误 |","完成","已审真实激励/比较及RTL对应分支；不作穷尽覆盖结论","C:/Users/DAWN/.codex/visualizations/2026/10/02/01a0fd16-9489-7e50-a7b6-a1178fd92bf1/ppg_audit/snapshot/rtl/ppg_coarse_detection_fir/tb_ppg_coarse_detection_fir.v","C:/Users/DAWN/.codex/visualizations/2026/10/02/01a0fd78-b9b8-78f2-8e39-c02cd0049c19/ppg_review_C/evidence/fir_review.md","原TB真实运行见A_regression_C_scope_snapshot.json；PASS仅限已执行判据"
"FIR-20","C:/Users/DAWN/.codex/visualizations/2026/10/02/01a0fd16-9489-7e50-a7b6-a1178fd92bf1/ppg_audit/snapshot/contracts/PPG_COARSE_DETECTION_FIR_INTERFACE_CONTRACT.md","626","| FIR-20 | 下游反压 | 输出值、资格、诊断和全部元数据逐拍稳定 |","完成","已审真实激励/比较及RTL对应分支；不作穷尽覆盖结论","C:/Users/DAWN/.codex/visualizations/2026/10/02/01a0fd16-9489-7e50-a7b6-a1178fd92bf1/ppg_audit/snapshot/rtl/ppg_coarse_detection_fir/tb_ppg_coarse_detection_fir.v","C:/Users/DAWN/.codex/visualizations/2026/10/02/01a0fd78-b9b8-78f2-8e39-c02cd0049c19/ppg_review_C/evidence/fir_review.md","原TB真实运行见A_regression_C_scope_snapshot.json；PASS仅限已执行判据"
"FIR-21","C:/Users/DAWN/.codex/visualizations/2026/10/02/01a0fd16-9489-7e50-a7b6-a1178fd92bf1/ppg_audit/snapshot/contracts/PPG_COARSE_DETECTION_FIR_INTERFACE_CONTRACT.md","627","| FIR-21 | MAC有界反压 | busy期间ready为0，输入载荷保持，恢复后只消费一次 |","完成","已审真实激励/比较及RTL对应分支；不作穷尽覆盖结论","C:/Users/DAWN/.codex/visualizations/2026/10/02/01a0fd16-9489-7e50-a7b6-a1178fd92bf1/ppg_audit/snapshot/rtl/ppg_coarse_detection_fir/tb_ppg_coarse_detection_fir.v","C:/Users/DAWN/.codex/visualizations/2026/10/02/01a0fd78-b9b8-78f2-8e39-c02cd0049c19/ppg_review_C/evidence/fir_review.md","原TB真实运行见A_regression_C_scope_snapshot.json；PASS仅限已执行判据"
"FIR-22","C:/Users/DAWN/.codex/visualizations/2026/10/02/01a0fd16-9489-7e50-a7b6-a1178fd92bf1/ppg_audit/snapshot/contracts/PPG_COARSE_DETECTION_FIR_INTERFACE_CONTRACT.md","628","| FIR-22 | 11次周期MAC | 10个对称项和中心项按冻结系数逐项累加且只使用一个乘法器 |","完成","已审真实激励/比较及RTL对应分支；不作穷尽覆盖结论","C:/Users/DAWN/.codex/visualizations/2026/10/02/01a0fd16-9489-7e50-a7b6-a1178fd92bf1/ppg_audit/snapshot/rtl/ppg_coarse_detection_fir/tb_ppg_coarse_detection_fir.v","C:/Users/DAWN/.codex/visualizations/2026/10/02/01a0fd78-b9b8-78f2-8e39-c02cd0049c19/ppg_review_C/evidence/fir_review.md","原TB真实运行见A_regression_C_scope_snapshot.json；PASS仅限已执行判据"
"FIR-23","C:/Users/DAWN/.codex/visualizations/2026/10/02/01a0fd16-9489-7e50-a7b6-a1178fd92bf1/ppg_audit/snapshot/contracts/PPG_COARSE_DETECTION_FIR_INTERFACE_CONTRACT.md","629","| FIR-23 | 16周期上限 | 每笔正式计算在输入握手后最多16周期产生valid |","完成","已审真实激励/比较及RTL对应分支；不作穷尽覆盖结论","C:/Users/DAWN/.codex/visualizations/2026/10/02/01a0fd16-9489-7e50-a7b6-a1178fd92bf1/ppg_audit/snapshot/rtl/ppg_coarse_detection_fir/tb_ppg_coarse_detection_fir.v","C:/Users/DAWN/.codex/visualizations/2026/10/02/01a0fd78-b9b8-78f2-8e39-c02cd0049c19/ppg_review_C/evidence/fir_review.md","原TB真实运行见A_regression_C_scope_snapshot.json；PASS仅限已执行判据"
"FIR-24","C:/Users/DAWN/.codex/visualizations/2026/10/02/01a0fd16-9489-7e50-a7b6-a1178fd92bf1/ppg_audit/snapshot/contracts/PPG_COARSE_DETECTION_FIR_INTERFACE_CONTRACT.md","630","| FIR-24 | `o_fir_idle`定义 | MAC、在途计算、输出和当前输入沿任一未排空时idle必须为0 |","完成","已审真实激励/比较及RTL对应分支；不作穷尽覆盖结论","C:/Users/DAWN/.codex/visualizations/2026/10/02/01a0fd16-9489-7e50-a7b6-a1178fd92bf1/ppg_audit/snapshot/rtl/ppg_coarse_detection_fir/tb_ppg_coarse_detection_fir.v","C:/Users/DAWN/.codex/visualizations/2026/10/02/01a0fd78-b9b8-78f2-8e39-c02cd0049c19/ppg_review_C/evidence/fir_review.md","原TB真实运行见A_regression_C_scope_snapshot.json；PASS仅限已执行判据"
"FIR-25","C:/Users/DAWN/.codex/visualizations/2026/10/02/01a0fd16-9489-7e50-a7b6-a1178fd92bf1/ppg_audit/snapshot/contracts/PPG_COARSE_DETECTION_FIR_INTERFACE_CONTRACT.md","631","| FIR-25 | START/STOP/abort | 任一MAC阶段被撤销后均不产生迟到输出 |","完成","已审真实激励/比较及RTL对应分支；不作穷尽覆盖结论","C:/Users/DAWN/.codex/visualizations/2026/10/02/01a0fd16-9489-7e50-a7b6-a1178fd92bf1/ppg_audit/snapshot/rtl/ppg_coarse_detection_fir/tb_ppg_coarse_detection_fir.v","C:/Users/DAWN/.codex/visualizations/2026/10/02/01a0fd78-b9b8-78f2-8e39-c02cd0049c19/ppg_review_C/evidence/fir_review.md","原TB真实运行见A_regression_C_scope_snapshot.json；PASS仅限已执行判据"
"FIR-26","C:/Users/DAWN/.codex/visualizations/2026/10/02/01a0fd16-9489-7e50-a7b6-a1178fd92bf1/ppg_audit/snapshot/contracts/PPG_COARSE_DETECTION_FIR_INTERFACE_CONTRACT.md","632","| FIR-26 | recheck接管排空 | 只有`o_fir_idle=1`时允许accept，不撤销受阻输出valid |","完成","已审真实激励/比较及RTL对应分支；不作穷尽覆盖结论","C:/Users/DAWN/.codex/visualizations/2026/10/02/01a0fd16-9489-7e50-a7b6-a1178fd92bf1/ppg_audit/snapshot/rtl/ppg_coarse_detection_fir/tb_ppg_coarse_detection_fir.v","C:/Users/DAWN/.codex/visualizations/2026/10/02/01a0fd78-b9b8-78f2-8e39-c02cd0049c19/ppg_review_C/evidence/fir_review.md","原TB真实运行见A_regression_C_scope_snapshot.json；PASS仅限已执行判据"
"FIR-27","C:/Users/DAWN/.codex/visualizations/2026/10/02/01a0fd16-9489-7e50-a7b6-a1178fd92bf1/ppg_audit/snapshot/contracts/PPG_COARSE_DETECTION_FIR_INTERFACE_CONTRACT.md","633","| FIR-27 | 两色极值随机回归 | 宽位黄金模型逐笔一致，无隐式符号截断 |","完成","已审真实激励/比较及RTL对应分支；不作穷尽覆盖结论","C:/Users/DAWN/.codex/visualizations/2026/10/02/01a0fd16-9489-7e50-a7b6-a1178fd92bf1/ppg_audit/snapshot/rtl/ppg_coarse_detection_fir/tb_ppg_coarse_detection_fir.v","C:/Users/DAWN/.codex/visualizations/2026/10/02/01a0fd78-b9b8-78f2-8e39-c02cd0049c19/ppg_review_C/evidence/fir_review.md","原TB真实运行见A_regression_C_scope_snapshot.json；PASS仅限已执行判据"
"FIR-28","C:/Users/DAWN/.codex/visualizations/2026/10/02/01a0fd16-9489-7e50-a7b6-a1178fd92bf1/ppg_audit/snapshot/contracts/PPG_COARSE_DETECTION_FIR_INTERFACE_CONTRACT.md","634","| FIR-28 | 频率响应 | Q15定点模型满足5、10、20和50 Hz冻结幅频门限 |","完成","已审真实激励/比较及RTL对应分支；不作穷尽覆盖结论","C:/Users/DAWN/.codex/visualizations/2026/10/02/01a0fd16-9489-7e50-a7b6-a1178fd92bf1/ppg_audit/snapshot/rtl/ppg_coarse_detection_fir/tb_ppg_coarse_detection_fir.v","C:/Users/DAWN/.codex/visualizations/2026/10/02/01a0fd78-b9b8-78f2-8e39-c02cd0049c19/ppg_review_C/evidence/fir_review.md","原TB真实运行见A_regression_C_scope_snapshot.json；PASS仅限已执行判据"
"FIR-29","C:/Users/DAWN/.codex/visualizations/2026/10/02/01a0fd16-9489-7e50-a7b6-a1178fd92bf1/ppg_audit/snapshot/contracts/PPG_COARSE_DETECTION_FIR_INTERFACE_CONTRACT.md","635","| FIR-29 | 中心精度历史 | 精度切换后的10样本固定群延时只改变中心元数据可见时刻，不清历史 |","完成","已审真实激励/比较及RTL对应分支；不作穷尽覆盖结论","C:/Users/DAWN/.codex/visualizations/2026/10/02/01a0fd16-9489-7e50-a7b6-a1178fd92bf1/ppg_audit/snapshot/rtl/ppg_coarse_detection_fir/tb_ppg_coarse_detection_fir.v","C:/Users/DAWN/.codex/visualizations/2026/10/02/01a0fd78-b9b8-78f2-8e39-c02cd0049c19/ppg_review_C/evidence/fir_review.md","原TB真实运行见A_regression_C_scope_snapshot.json；PASS仅限已执行判据"
"FIR-30","C:/Users/DAWN/.codex/visualizations/2026/10/02/01a0fd16-9489-7e50-a7b6-a1178fd92bf1/ppg_audit/snapshot/contracts/PPG_COARSE_DETECTION_FIR_INTERFACE_CONTRACT.md","636","| FIR-30 | 计算保护注入 | 超限故障注入撤销部分结果并返回空闲，不新增sticky端口 |","完成","已审真实激励/比较及RTL对应分支；不作穷尽覆盖结论","C:/Users/DAWN/.codex/visualizations/2026/10/02/01a0fd16-9489-7e50-a7b6-a1178fd92bf1/ppg_audit/snapshot/rtl/ppg_coarse_detection_fir/tb_ppg_coarse_detection_fir.v","C:/Users/DAWN/.codex/visualizations/2026/10/02/01a0fd78-b9b8-78f2-8e39-c02cd0049c19/ppg_review_C/evidence/fir_review.md","原TB真实运行见A_regression_C_scope_snapshot.json；PASS仅限已执行判据"
"FIR-31","C:/Users/DAWN/.codex/visualizations/2026/10/02/01a0fd16-9489-7e50-a7b6-a1178fd92bf1/ppg_audit/snapshot/contracts/PPG_COARSE_DETECTION_FIR_INTERFACE_CONTRACT.md","637","| FIR-31 | 独立invalid事务 | `i_result_valid=1`且`i_sample_valid=0`的合法NORMAL事务只消费一次；两色历史、计数、history_full、MAC、输出valid和全部检测状态保持 |","完成","已审真实激励/比较及RTL对应分支；不作穷尽覆盖结论","C:/Users/DAWN/.codex/visualizations/2026/10/02/01a0fd16-9489-7e50-a7b6-a1178fd92bf1/ppg_audit/snapshot/rtl/ppg_coarse_detection_fir/tb_ppg_coarse_detection_fir.v","C:/Users/DAWN/.codex/visualizations/2026/10/02/01a0fd78-b9b8-78f2-8e39-c02cd0049c19/ppg_review_C/evidence/fir_review.md","原TB真实运行见A_regression_C_scope_snapshot.json；PASS仅限已执行判据"
"FIR-32","C:/Users/DAWN/.codex/visualizations/2026/10/02/01a0fd16-9489-7e50-a7b6-a1178fd92bf1/ppg_audit/snapshot/contracts/PPG_COARSE_DETECTION_FIR_INTERFACE_CONTRACT.md","638","| FIR-32 | 资格正交性 | RAW零/低/高值、未校准和饱和样本在`i_sample_valid=1`时仍按V2规则移入历史；任何calibration-valid或饱和组合不得冒充invalid |","完成","已审真实激励/比较及RTL对应分支；不作穷尽覆盖结论","C:/Users/DAWN/.codex/visualizations/2026/10/02/01a0fd16-9489-7e50-a7b6-a1178fd92bf1/ppg_audit/snapshot/rtl/ppg_coarse_detection_fir/tb_ppg_coarse_detection_fir.v","C:/Users/DAWN/.codex/visualizations/2026/10/02/01a0fd78-b9b8-78f2-8e39-c02cd0049c19/ppg_review_C/evidence/fir_review.md","原TB真实运行见A_regression_C_scope_snapshot.json；PASS仅限已执行判据"
"FIR-33","C:/Users/DAWN/.codex/visualizations/2026/10/02/01a0fd16-9489-7e50-a7b6-a1178fd92bf1/ppg_audit/snapshot/contracts/PPG_COARSE_DETECTION_FIR_INTERFACE_CONTRACT.md","639","| FIR-33 | invalid后恢复 | invalid事务不插0、不复制、不占历史位置；后续合法同色样本按真实握手继续累计，达到21笔合法历史前不产生新的合格检测事件，身份序号保持原始间隙 |","完成","已审真实激励/比较及RTL对应分支；不作穷尽覆盖结论","C:/Users/DAWN/.codex/visualizations/2026/10/02/01a0fd16-9489-7e50-a7b6-a1178fd92bf1/ppg_audit/snapshot/rtl/ppg_coarse_detection_fir/tb_ppg_coarse_detection_fir.v","C:/Users/DAWN/.codex/visualizations/2026/10/02/01a0fd78-b9b8-78f2-8e39-c02cd0049c19/ppg_review_C/evidence/fir_review.md","原TB真实运行见A_regression_C_scope_snapshot.json；PASS仅限已执行判据"
"CAL-01","C:/Users/DAWN/.codex/visualizations/2026/10/02/01a0fd16-9489-7e50-a7b6-a1178fd92bf1/ppg_audit/snapshot/contracts/PPG_ADC_S1_PROGRAMMABLE_CALIBRATOR_CONTRACT.md","370","| CAL-01 | 复位 | valid、结果、资格、饱和标志、epoch和透传载荷全部为规定复位值 |","完成","已审真实激励/比较及RTL对应分支；不作穷尽覆盖结论","C:/Users/DAWN/.codex/visualizations/2026/10/02/01a0fd16-9489-7e50-a7b6-a1178fd92bf1/ppg_audit/snapshot/rtl/ppg_adc_s1_programmable_calibrator/tb_ppg_adc_s1_programmable_calibrator.v","C:/Users/DAWN/.codex/visualizations/2026/10/02/01a0fd78-b9b8-78f2-8e39-c02cd0049c19/ppg_review_C/evidence/numeric_checkpoint_20261004.md","原TB真实运行见A_regression_C_scope_snapshot.json；PASS仅限已执行判据"
"CAL-02","C:/Users/DAWN/.codex/visualizations/2026/10/02/01a0fd16-9489-7e50-a7b6-a1178fd92bf1/ppg_audit/snapshot/contracts/PPG_ADC_S1_PROGRAMMABLE_CALIBRATOR_CONTRACT.md","371","| CAL-02 | 标称权重遍历全部1024个RAW码 | 每码结果逐笔等于当前固定`D1_EXT`，范围为-4至515 |","完成","已审真实激励/比较及RTL对应分支；不作穷尽覆盖结论","C:/Users/DAWN/.codex/visualizations/2026/10/02/01a0fd16-9489-7e50-a7b6-a1178fd92bf1/ppg_audit/snapshot/rtl/ppg_adc_s1_programmable_calibrator/tb_ppg_adc_s1_programmable_calibrator.v","C:/Users/DAWN/.codex/visualizations/2026/10/02/01a0fd78-b9b8-78f2-8e39-c02cd0049c19/ppg_review_C/evidence/numeric_checkpoint_20261004.md","原TB真实运行见A_regression_C_scope_snapshot.json；PASS仅限已执行判据"
"CAL-03","C:/Users/DAWN/.codex/visualizations/2026/10/02/01a0fd16-9489-7e50-a7b6-a1178fd92bf1/ppg_audit/snapshot/contracts/PPG_ADC_S1_PROGRAMMABLE_CALIBRATOR_CONTRACT.md","372","| CAL-03 | 十个one-hot RAW码 | 每个物理位只选择同索引权重，冗余8.0和主8.0不混位 |","完成","已审真实激励/比较及RTL对应分支；不作穷尽覆盖结论","C:/Users/DAWN/.codex/visualizations/2026/10/02/01a0fd16-9489-7e50-a7b6-a1178fd92bf1/ppg_audit/snapshot/rtl/ppg_adc_s1_programmable_calibrator/tb_ppg_adc_s1_programmable_calibrator.v","C:/Users/DAWN/.codex/visualizations/2026/10/02/01a0fd78-b9b8-78f2-8e39-c02cd0049c19/ppg_review_C/evidence/numeric_checkpoint_20261004.md","原TB真实运行见A_regression_C_scope_snapshot.json；PASS仅限已执行判据"
"CAL-04","C:/Users/DAWN/.codex/visualizations/2026/10/02/01a0fd16-9489-7e50-a7b6-a1178fd92bf1/ppg_audit/snapshot/contracts/PPG_ADC_S1_PROGRAMMABLE_CALIBRATOR_CONTRACT.md","373","| CAL-04 | 仅offset和signed负权重 | 符号扩展、负累加和正负混合求和正确 |","完成","已审真实激励/比较及RTL对应分支；不作穷尽覆盖结论","C:/Users/DAWN/.codex/visualizations/2026/10/02/01a0fd16-9489-7e50-a7b6-a1178fd92bf1/ppg_audit/snapshot/rtl/ppg_adc_s1_programmable_calibrator/tb_ppg_adc_s1_programmable_calibrator.v","C:/Users/DAWN/.codex/visualizations/2026/10/02/01a0fd78-b9b8-78f2-8e39-c02cd0049c19/ppg_review_C/evidence/numeric_checkpoint_20261004.md","原TB真实运行见A_regression_C_scope_snapshot.json；PASS仅限已执行判据"
"CAL-05","C:/Users/DAWN/.codex/visualizations/2026/10/02/01a0fd16-9489-7e50-a7b6-a1178fd92bf1/ppg_audit/snapshot/contracts/PPG_ADC_S1_PROGRAMMABLE_CALIBRATOR_CONTRACT.md","374","| CAL-05 | 正负半LSB边界 | 对称舍入且tie远离零，不产生负数偏置 |","完成","已审真实激励/比较及RTL对应分支；不作穷尽覆盖结论","C:/Users/DAWN/.codex/visualizations/2026/10/02/01a0fd16-9489-7e50-a7b6-a1178fd92bf1/ppg_audit/snapshot/rtl/ppg_adc_s1_programmable_calibrator/tb_ppg_adc_s1_programmable_calibrator.v","C:/Users/DAWN/.codex/visualizations/2026/10/02/01a0fd78-b9b8-78f2-8e39-c02cd0049c19/ppg_review_C/evidence/numeric_checkpoint_20261004.md","原TB真实运行见A_regression_C_scope_snapshot.json；PASS仅限已执行判据"
"CAL-06","C:/Users/DAWN/.codex/visualizations/2026/10/02/01a0fd16-9489-7e50-a7b6-a1178fd92bf1/ppg_audit/snapshot/contracts/PPG_ADC_S1_PROGRAMMABLE_CALIBRATOR_CONTRACT.md","375","| CAL-06 | signed 12-bit范围内边界 | -2048和+2047不误报饱和 |","完成","已审真实激励/比较及RTL对应分支；不作穷尽覆盖结论","C:/Users/DAWN/.codex/visualizations/2026/10/02/01a0fd16-9489-7e50-a7b6-a1178fd92bf1/ppg_audit/snapshot/rtl/ppg_adc_s1_programmable_calibrator/tb_ppg_adc_s1_programmable_calibrator.v","C:/Users/DAWN/.codex/visualizations/2026/10/02/01a0fd78-b9b8-78f2-8e39-c02cd0049c19/ppg_review_C/evidence/numeric_checkpoint_20261004.md","原TB真实运行见A_regression_C_scope_snapshot.json；PASS仅限已执行判据"
"CAL-07","C:/Users/DAWN/.codex/visualizations/2026/10/02/01a0fd16-9489-7e50-a7b6-a1178fd92bf1/ppg_audit/snapshot/contracts/PPG_ADC_S1_PROGRAMMABLE_CALIBRATOR_CONTRACT.md","376","| CAL-07 | 上下越界 | 分别饱和到-2048和+2047，对应标志唯一置位 |","完成","已审真实激励/比较及RTL对应分支；不作穷尽覆盖结论","C:/Users/DAWN/.codex/visualizations/2026/10/02/01a0fd16-9489-7e50-a7b6-a1178fd92bf1/ppg_audit/snapshot/rtl/ppg_adc_s1_programmable_calibrator/tb_ppg_adc_s1_programmable_calibrator.v","C:/Users/DAWN/.codex/visualizations/2026/10/02/01a0fd78-b9b8-78f2-8e39-c02cd0049c19/ppg_review_C/evidence/numeric_checkpoint_20261004.md","原TB真实运行见A_regression_C_scope_snapshot.json；PASS仅限已执行判据"
"CAL-08","C:/Users/DAWN/.codex/visualizations/2026/10/02/01a0fd16-9489-7e50-a7b6-a1178fd92bf1/ppg_audit/snapshot/contracts/PPG_ADC_S1_PROGRAMMABLE_CALIBRATOR_CONTRACT.md","377","| CAL-08 | `active_valid=0` | ready为0，不接受新事务，不伪造输出 |","完成","已审真实激励/比较及RTL对应分支；不作穷尽覆盖结论","C:/Users/DAWN/.codex/visualizations/2026/10/02/01a0fd16-9489-7e50-a7b6-a1178fd92bf1/ppg_audit/snapshot/rtl/ppg_adc_s1_programmable_calibrator/tb_ppg_adc_s1_programmable_calibrator.v","C:/Users/DAWN/.codex/visualizations/2026/10/02/01a0fd78-b9b8-78f2-8e39-c02cd0049c19/ppg_review_C/evidence/numeric_checkpoint_20261004.md","原TB真实运行见A_regression_C_scope_snapshot.json；PASS仅限已执行判据"
"CAL-09","C:/Users/DAWN/.codex/visualizations/2026/10/02/01a0fd16-9489-7e50-a7b6-a1178fd92bf1/ppg_audit/snapshot/contracts/PPG_ADC_S1_PROGRAMMABLE_CALIBRATOR_CONTRACT.md","378","| CAL-09 | CHARACTERIZATION标称系数 | 输出有效且`calibration_applied=0` |","完成","已审真实激励/比较及RTL对应分支；不作穷尽覆盖结论","C:/Users/DAWN/.codex/visualizations/2026/10/02/01a0fd16-9489-7e50-a7b6-a1178fd92bf1/ppg_audit/snapshot/rtl/ppg_adc_s1_programmable_calibrator/tb_ppg_adc_s1_programmable_calibrator.v","C:/Users/DAWN/.codex/visualizations/2026/10/02/01a0fd78-b9b8-78f2-8e39-c02cd0049c19/ppg_review_C/evidence/numeric_checkpoint_20261004.md","原TB真实运行见A_regression_C_scope_snapshot.json；PASS仅限已执行判据"
"CAL-10","C:/Users/DAWN/.codex/visualizations/2026/10/02/01a0fd16-9489-7e50-a7b6-a1178fd92bf1/ppg_audit/snapshot/contracts/PPG_ADC_S1_PROGRAMMABLE_CALIBRATOR_CONTRACT.md","379","| CAL-10 | 合法校准系数 | 输出有效且`calibration_applied=1`，coef/config epoch与该笔计算绑定 |","完成","已审真实激励/比较及RTL对应分支；不作穷尽覆盖结论","C:/Users/DAWN/.codex/visualizations/2026/10/02/01a0fd16-9489-7e50-a7b6-a1178fd92bf1/ppg_audit/snapshot/rtl/ppg_adc_s1_programmable_calibrator/tb_ppg_adc_s1_programmable_calibrator.v","C:/Users/DAWN/.codex/visualizations/2026/10/02/01a0fd78-b9b8-78f2-8e39-c02cd0049c19/ppg_review_C/evidence/numeric_checkpoint_20261004.md","原TB真实运行见A_regression_C_scope_snapshot.json；PASS仅限已执行判据"
"CAL-11","C:/Users/DAWN/.codex/visualizations/2026/10/02/01a0fd16-9489-7e50-a7b6-a1178fd92bf1/ppg_audit/snapshot/contracts/PPG_ADC_S1_PROGRAMMABLE_CALIBRATOR_CONTRACT.md","380","| CAL-11 | 输出反压 | valid和每一位payload逐拍保持不变 |","完成","已审真实激励/比较及RTL对应分支；不作穷尽覆盖结论","C:/Users/DAWN/.codex/visualizations/2026/10/02/01a0fd16-9489-7e50-a7b6-a1178fd92bf1/ppg_audit/snapshot/rtl/ppg_adc_s1_programmable_calibrator/tb_ppg_adc_s1_programmable_calibrator.v","C:/Users/DAWN/.codex/visualizations/2026/10/02/01a0fd78-b9b8-78f2-8e39-c02cd0049c19/ppg_review_C/evidence/numeric_checkpoint_20261004.md","原TB真实运行见A_regression_C_scope_snapshot.json；PASS仅限已执行判据"
"CAL-12","C:/Users/DAWN/.codex/visualizations/2026/10/02/01a0fd16-9489-7e50-a7b6-a1178fd92bf1/ppg_audit/snapshot/contracts/PPG_ADC_S1_PROGRAMMABLE_CALIBRATOR_CONTRACT.md","381","| CAL-12 | 同拍消费和新输入 | 无空拍，全部载荷原子替换 |","完成","已审真实激励/比较及RTL对应分支；不作穷尽覆盖结论","C:/Users/DAWN/.codex/visualizations/2026/10/02/01a0fd16-9489-7e50-a7b6-a1178fd92bf1/ppg_audit/snapshot/rtl/ppg_adc_s1_programmable_calibrator/tb_ppg_adc_s1_programmable_calibrator.v","C:/Users/DAWN/.codex/visualizations/2026/10/02/01a0fd78-b9b8-78f2-8e39-c02cd0049c19/ppg_review_C/evidence/numeric_checkpoint_20261004.md","原TB真实运行见A_regression_C_scope_snapshot.json；PASS仅限已执行判据"
"CAL-13","C:/Users/DAWN/.codex/visualizations/2026/10/02/01a0fd16-9489-7e50-a7b6-a1178fd92bf1/ppg_audit/snapshot/contracts/PPG_ADC_S1_PROGRAMMABLE_CALIBRATOR_CONTRACT.md","382","| CAL-13 | valid为0时改变输入 | 内部状态和输出事务不改变 |","完成","已审真实激励/比较及RTL对应分支；不作穷尽覆盖结论","C:/Users/DAWN/.codex/visualizations/2026/10/02/01a0fd16-9489-7e50-a7b6-a1178fd92bf1/ppg_audit/snapshot/rtl/ppg_adc_s1_programmable_calibrator/tb_ppg_adc_s1_programmable_calibrator.v","C:/Users/DAWN/.codex/visualizations/2026/10/02/01a0fd78-b9b8-78f2-8e39-c02cd0049c19/ppg_review_C/evidence/numeric_checkpoint_20261004.md","原TB真实运行见A_regression_C_scope_snapshot.json；PASS仅限已执行判据"
"CAL-14","C:/Users/DAWN/.codex/visualizations/2026/10/02/01a0fd16-9489-7e50-a7b6-a1178fd92bf1/ppg_audit/snapshot/contracts/PPG_ADC_S1_PROGRAMMABLE_CALIBRATOR_CONTRACT.md","383","| CAL-14 | 接收后改变ACTIVE输入并保持反压 | 已缓存结果、资格和epoch完全不变 |","完成","已审真实激励/比较及RTL对应分支；不作穷尽覆盖结论","C:/Users/DAWN/.codex/visualizations/2026/10/02/01a0fd16-9489-7e50-a7b6-a1178fd92bf1/ppg_audit/snapshot/rtl/ppg_adc_s1_programmable_calibrator/tb_ppg_adc_s1_programmable_calibrator.v","C:/Users/DAWN/.codex/visualizations/2026/10/02/01a0fd78-b9b8-78f2-8e39-c02cd0049c19/ppg_review_C/evidence/numeric_checkpoint_20261004.md","原TB真实运行见A_regression_C_scope_snapshot.json；PASS仅限已执行判据"
"CAL-15","C:/Users/DAWN/.codex/visualizations/2026/10/02/01a0fd16-9489-7e50-a7b6-a1178fd92bf1/ppg_audit/snapshot/contracts/PPG_ADC_S1_PROGRAMMABLE_CALIBRATOR_CONTRACT.md","384","| CAL-15 | 复位打断待消费输出 | valid立即清零，旧事务不复活 |","完成","已审真实激励/比较及RTL对应分支；不作穷尽覆盖结论","C:/Users/DAWN/.codex/visualizations/2026/10/02/01a0fd16-9489-7e50-a7b6-a1178fd92bf1/ppg_audit/snapshot/rtl/ppg_adc_s1_programmable_calibrator/tb_ppg_adc_s1_programmable_calibrator.v","C:/Users/DAWN/.codex/visualizations/2026/10/02/01a0fd78-b9b8-78f2-8e39-c02cd0049c19/ppg_review_C/evidence/numeric_checkpoint_20261004.md","原TB真实运行见A_regression_C_scope_snapshot.json；PASS仅限已执行判据"
"CAL-16","C:/Users/DAWN/.codex/visualizations/2026/10/02/01a0fd16-9489-7e50-a7b6-a1178fd92bf1/ppg_audit/snapshot/contracts/PPG_ADC_S1_PROGRAMMABLE_CALIBRATOR_CONTRACT.md","385","| CAL-16 | 全部元数据组合变化 | frame、sample、color、type、精度、IDAC码和各epoch均不错拍 |","完成","已审真实激励/比较及RTL对应分支；不作穷尽覆盖结论","C:/Users/DAWN/.codex/visualizations/2026/10/02/01a0fd16-9489-7e50-a7b6-a1178fd92bf1/ppg_audit/snapshot/rtl/ppg_adc_s1_programmable_calibrator/tb_ppg_adc_s1_programmable_calibrator.v","C:/Users/DAWN/.codex/visualizations/2026/10/02/01a0fd78-b9b8-78f2-8e39-c02cd0049c19/ppg_review_C/evidence/numeric_checkpoint_20261004.md","原TB真实运行见A_regression_C_scope_snapshot.json；PASS仅限已执行判据"
"CAL-17","C:/Users/DAWN/.codex/visualizations/2026/10/02/01a0fd16-9489-7e50-a7b6-a1178fd92bf1/ppg_audit/snapshot/contracts/PPG_ADC_S1_PROGRAMMABLE_CALIBRATOR_CONTRACT.md","386","| CAL-17 | epoch从255回绕到0 | `calibration_applied`不由epoch数值推导，事务标签仍正确 |","完成","已审真实激励/比较及RTL对应分支；不作穷尽覆盖结论","C:/Users/DAWN/.codex/visualizations/2026/10/02/01a0fd16-9489-7e50-a7b6-a1178fd92bf1/ppg_audit/snapshot/rtl/ppg_adc_s1_programmable_calibrator/tb_ppg_adc_s1_programmable_calibrator.v","C:/Users/DAWN/.codex/visualizations/2026/10/02/01a0fd78-b9b8-78f2-8e39-c02cd0049c19/ppg_review_C/evidence/numeric_checkpoint_20261004.md","原TB真实运行见A_regression_C_scope_snapshot.json；PASS仅限已执行判据"
"RTR-01","C:/Users/DAWN/.codex/visualizations/2026/10/02/01a0fd16-9489-7e50-a7b6-a1178fd92bf1/ppg_audit/snapshot/contracts/PPG_ADC_S1_CALIBRATOR_TO_ROUTER_INTERFACE_CONTRACT.md","185","| RTR-01 | 复位 | ready、三个分支valid和错误输出均关闭 |","完成","已审真实激励/比较及RTL对应分支；不作穷尽覆盖结论","C:/Users/DAWN/.codex/visualizations/2026/10/02/01a0fd16-9489-7e50-a7b6-a1178fd92bf1/ppg_audit/snapshot/rtl/ppg_adc_result_router/tb_ppg_adc_result_router.v","C:/Users/DAWN/.codex/visualizations/2026/10/02/01a0fd78-b9b8-78f2-8e39-c02cd0049c19/ppg_review_C/evidence/numeric_checkpoint_20261004.md","原TB真实运行见A_regression_C_scope_snapshot.json；PASS仅限已执行判据"
"RTR-02","C:/Users/DAWN/.codex/visualizations/2026/10/02/01a0fd16-9489-7e50-a7b6-a1178fd92bf1/ppg_audit/snapshot/contracts/PPG_ADC_S1_CALIBRATOR_TO_ROUTER_INTERFACE_CONTRACT.md","186","| RTR-02 | 无输入事务 | `o_result_ready=1`且无分支valid |","完成","已审真实激励/比较及RTL对应分支；不作穷尽覆盖结论","C:/Users/DAWN/.codex/visualizations/2026/10/02/01a0fd16-9489-7e50-a7b6-a1178fd92bf1/ppg_audit/snapshot/rtl/ppg_adc_result_router/tb_ppg_adc_result_router.v","C:/Users/DAWN/.codex/visualizations/2026/10/02/01a0fd78-b9b8-78f2-8e39-c02cd0049c19/ppg_review_C/evidence/numeric_checkpoint_20261004.md","原TB真实运行见A_regression_C_scope_snapshot.json；PASS仅限已执行判据"
"RTR-03","C:/Users/DAWN/.codex/visualizations/2026/10/02/01a0fd16-9489-7e50-a7b6-a1178fd92bf1/ppg_audit/snapshot/contracts/PPG_ADC_S1_CALIBRATOR_TO_ROUTER_INTERFACE_CONTRACT.md","187","| RTR-03 | AMB_CAL | 只激活AMB分支，完整校准载荷逐位一致 |","完成","已审真实激励/比较及RTL对应分支；不作穷尽覆盖结论","C:/Users/DAWN/.codex/visualizations/2026/10/02/01a0fd16-9489-7e50-a7b6-a1178fd92bf1/ppg_audit/snapshot/rtl/ppg_adc_result_router/tb_ppg_adc_result_router.v","C:/Users/DAWN/.codex/visualizations/2026/10/02/01a0fd78-b9b8-78f2-8e39-c02cd0049c19/ppg_review_C/evidence/numeric_checkpoint_20261004.md","原TB真实运行见A_regression_C_scope_snapshot.json；PASS仅限已执行判据"
"RTR-04","C:/Users/DAWN/.codex/visualizations/2026/10/02/01a0fd16-9489-7e50-a7b6-a1178fd92bf1/ppg_audit/snapshot/contracts/PPG_ADC_S1_CALIBRATOR_TO_ROUTER_INTERFACE_CONTRACT.md","188","| RTR-04 | DCS_CAL反压 | 只读取DC ready，未选分支不形成反压，载荷保持对齐 |","完成","已审真实激励/比较及RTL对应分支；不作穷尽覆盖结论","C:/Users/DAWN/.codex/visualizations/2026/10/02/01a0fd16-9489-7e50-a7b6-a1178fd92bf1/ppg_audit/snapshot/rtl/ppg_adc_result_router/tb_ppg_adc_result_router.v","C:/Users/DAWN/.codex/visualizations/2026/10/02/01a0fd78-b9b8-78f2-8e39-c02cd0049c19/ppg_review_C/evidence/numeric_checkpoint_20261004.md","原TB真实运行见A_regression_C_scope_snapshot.json；PASS仅限已执行判据"
"RTR-05","C:/Users/DAWN/.codex/visualizations/2026/10/02/01a0fd16-9489-7e50-a7b6-a1178fd92bf1/ppg_audit/snapshot/contracts/PPG_ADC_S1_CALIBRATOR_TO_ROUTER_INTERFACE_CONTRACT.md","189","| RTR-05 | 红光/红外DCS交错 | `color_ir`、DC码和DC epoch不交叉 |","完成","已审真实激励/比较及RTL对应分支；不作穷尽覆盖结论","C:/Users/DAWN/.codex/visualizations/2026/10/02/01a0fd16-9489-7e50-a7b6-a1178fd92bf1/ppg_audit/snapshot/rtl/ppg_adc_result_router/tb_ppg_adc_result_router.v","C:/Users/DAWN/.codex/visualizations/2026/10/02/01a0fd78-b9b8-78f2-8e39-c02cd0049c19/ppg_review_C/evidence/numeric_checkpoint_20261004.md","原TB真实运行见A_regression_C_scope_snapshot.json；PASS仅限已执行判据"
"RTR-06","C:/Users/DAWN/.codex/visualizations/2026/10/02/01a0fd16-9489-7e50-a7b6-a1178fd92bf1/ppg_audit/snapshot/contracts/PPG_ADC_S1_CALIBRATOR_TO_ROUTER_INTERFACE_CONTRACT.md","190","| RTR-06 | NORMAL 9-bit | 校准Stage1值有效，S2字段按上游事务原样透传 |","完成","已审真实激励/比较及RTL对应分支；不作穷尽覆盖结论","C:/Users/DAWN/.codex/visualizations/2026/10/02/01a0fd16-9489-7e50-a7b6-a1178fd92bf1/ppg_audit/snapshot/rtl/ppg_adc_result_router/tb_ppg_adc_result_router.v","C:/Users/DAWN/.codex/visualizations/2026/10/02/01a0fd78-b9b8-78f2-8e39-c02cd0049c19/ppg_review_C/evidence/numeric_checkpoint_20261004.md","原TB真实运行见A_regression_C_scope_snapshot.json；PASS仅限已执行判据"
"RTR-07","C:/Users/DAWN/.codex/visualizations/2026/10/02/01a0fd16-9489-7e50-a7b6-a1178fd92bf1/ppg_audit/snapshot/contracts/PPG_ADC_S1_CALIBRATOR_TO_ROUTER_INTERFACE_CONTRACT.md","191","| RTR-07 | NORMAL 15-bit | S1校准值、S2_RAW、精度和身份元数据保持同一事务 |","完成","已审真实激励/比较及RTL对应分支；不作穷尽覆盖结论","C:/Users/DAWN/.codex/visualizations/2026/10/02/01a0fd16-9489-7e50-a7b6-a1178fd92bf1/ppg_audit/snapshot/rtl/ppg_adc_result_router/tb_ppg_adc_result_router.v","C:/Users/DAWN/.codex/visualizations/2026/10/02/01a0fd78-b9b8-78f2-8e39-c02cd0049c19/ppg_review_C/evidence/numeric_checkpoint_20261004.md","原TB真实运行见A_regression_C_scope_snapshot.json；PASS仅限已执行判据"
"RTR-08","C:/Users/DAWN/.codex/visualizations/2026/10/02/01a0fd16-9489-7e50-a7b6-a1178fd92bf1/ppg_audit/snapshot/contracts/PPG_ADC_S1_CALIBRATOR_TO_ROUTER_INTERFACE_CONTRACT.md","192","| RTR-08 | signed边界 | -2048与+2047逐位透传，不发生符号或位宽改变 |","完成","已审真实激励/比较及RTL对应分支；不作穷尽覆盖结论","C:/Users/DAWN/.codex/visualizations/2026/10/02/01a0fd16-9489-7e50-a7b6-a1178fd92bf1/ppg_audit/snapshot/rtl/ppg_adc_result_router/tb_ppg_adc_result_router.v","C:/Users/DAWN/.codex/visualizations/2026/10/02/01a0fd78-b9b8-78f2-8e39-c02cd0049c19/ppg_review_C/evidence/numeric_checkpoint_20261004.md","原TB真实运行见A_regression_C_scope_snapshot.json；PASS仅限已执行判据"
"RTR-09","C:/Users/DAWN/.codex/visualizations/2026/10/02/01a0fd16-9489-7e50-a7b6-a1178fd92bf1/ppg_audit/snapshot/contracts/PPG_ADC_S1_CALIBRATOR_TO_ROUTER_INTERFACE_CONTRACT.md","193","| RTR-09 | 校准资格与epoch独立 | `calibration_applied`不由0或非0 epoch重新推导 |","完成","已审真实激励/比较及RTL对应分支；不作穷尽覆盖结论","C:/Users/DAWN/.codex/visualizations/2026/10/02/01a0fd16-9489-7e50-a7b6-a1178fd92bf1/ppg_audit/snapshot/rtl/ppg_adc_result_router/tb_ppg_adc_result_router.v","C:/Users/DAWN/.codex/visualizations/2026/10/02/01a0fd78-b9b8-78f2-8e39-c02cd0049c19/ppg_review_C/evidence/numeric_checkpoint_20261004.md","原TB真实运行见A_regression_C_scope_snapshot.json；PASS仅限已执行判据"
"RTR-10","C:/Users/DAWN/.codex/visualizations/2026/10/02/01a0fd16-9489-7e50-a7b6-a1178fd92bf1/ppg_audit/snapshot/contracts/PPG_ADC_S1_CALIBRATOR_TO_ROUTER_INTERFACE_CONTRACT.md","194","| RTR-10 | 饱和标志 | 正负饱和标志按上游值透传且不被router重算 |","完成","已审真实激励/比较及RTL对应分支；不作穷尽覆盖结论","C:/Users/DAWN/.codex/visualizations/2026/10/02/01a0fd16-9489-7e50-a7b6-a1178fd92bf1/ppg_audit/snapshot/rtl/ppg_adc_result_router/tb_ppg_adc_result_router.v","C:/Users/DAWN/.codex/visualizations/2026/10/02/01a0fd78-b9b8-78f2-8e39-c02cd0049c19/ppg_review_C/evidence/numeric_checkpoint_20261004.md","原TB真实运行见A_regression_C_scope_snapshot.json；PASS仅限已执行判据"
"RTR-11","C:/Users/DAWN/.codex/visualizations/2026/10/02/01a0fd16-9489-7e50-a7b6-a1178fd92bf1/ppg_audit/snapshot/contracts/PPG_ADC_S1_CALIBRATOR_TO_ROUTER_INTERFACE_CONTRACT.md","195","| RTR-11 | 连续类别切换 | AMB、DCS、NORMAL逐拍传输，无空拍、复制或双valid |","完成","已审真实激励/比较及RTL对应分支；不作穷尽覆盖结论","C:/Users/DAWN/.codex/visualizations/2026/10/02/01a0fd16-9489-7e50-a7b6-a1178fd92bf1/ppg_audit/snapshot/rtl/ppg_adc_result_router/tb_ppg_adc_result_router.v","C:/Users/DAWN/.codex/visualizations/2026/10/02/01a0fd78-b9b8-78f2-8e39-c02cd0049c19/ppg_review_C/evidence/numeric_checkpoint_20261004.md","原TB真实运行见A_regression_C_scope_snapshot.json；PASS仅限已执行判据"
"RTR-12","C:/Users/DAWN/.codex/visualizations/2026/10/02/01a0fd16-9489-7e50-a7b6-a1178fd92bf1/ppg_audit/snapshot/contracts/PPG_ADC_S1_CALIBRATOR_TO_ROUTER_INTERFACE_CONTRACT.md","196","| RTR-12 | 非法类别11 | 无功能分支valid，错误置位并直接消费防死锁 |","完成","已审真实激励/比较及RTL对应分支；不作穷尽覆盖结论","C:/Users/DAWN/.codex/visualizations/2026/10/02/01a0fd16-9489-7e50-a7b6-a1178fd92bf1/ppg_audit/snapshot/rtl/ppg_adc_result_router/tb_ppg_adc_result_router.v","C:/Users/DAWN/.codex/visualizations/2026/10/02/01a0fd78-b9b8-78f2-8e39-c02cd0049c19/ppg_review_C/evidence/numeric_checkpoint_20261004.md","原TB真实运行见A_regression_C_scope_snapshot.json；PASS仅限已执行判据"
"RTR-13","C:/Users/DAWN/.codex/visualizations/2026/10/02/01a0fd16-9489-7e50-a7b6-a1178fd92bf1/ppg_audit/snapshot/contracts/PPG_ADC_S1_CALIBRATOR_TO_ROUTER_INTERFACE_CONTRACT.md","197","| RTR-13 | 反压期间复位 | 所有控制输出立即关闭，复位后空闲ready恢复 |","完成","已审真实激励/比较及RTL对应分支；不作穷尽覆盖结论","C:/Users/DAWN/.codex/visualizations/2026/10/02/01a0fd16-9489-7e50-a7b6-a1178fd92bf1/ppg_audit/snapshot/rtl/ppg_adc_result_router/tb_ppg_adc_result_router.v","C:/Users/DAWN/.codex/visualizations/2026/10/02/01a0fd78-b9b8-78f2-8e39-c02cd0049c19/ppg_review_C/evidence/numeric_checkpoint_20261004.md","原TB真实运行见A_regression_C_scope_snapshot.json；PASS仅限已执行判据"
"PR-01","C:/Users/DAWN/.codex/visualizations/2026/10/02/01a0fd16-9489-7e50-a7b6-a1178fd92bf1/ppg_audit/snapshot/contracts/PPG_ADC_PROGRAMMABLE_RECONSTRUCTOR_INTERFACE_CONTRACT.md","329","| PR-01 | 复位 | valid、ready、结果、资格、epoch和载荷为规定复位值 |","完成","已审真实激励/比较及RTL对应分支；不作穷尽覆盖结论","C:/Users/DAWN/.codex/visualizations/2026/10/02/01a0fd16-9489-7e50-a7b6-a1178fd92bf1/ppg_audit/snapshot/rtl/ppg_adc_programmable_reconstructor/tb_ppg_adc_programmable_reconstructor.v","C:/Users/DAWN/.codex/visualizations/2026/10/02/01a0fd78-b9b8-78f2-8e39-c02cd0049c19/ppg_review_C/evidence/adc_tail_review.md","原TB真实运行见A_regression_C_scope_snapshot.json；PASS仅限已执行判据"
"PR-02","C:/Users/DAWN/.codex/visualizations/2026/10/02/01a0fd16-9489-7e50-a7b6-a1178fd92bf1/ppg_audit/snapshot/contracts/PPG_ADC_PROGRAMMABLE_RECONSTRUCTOR_INTERFACE_CONTRACT.md","330","| PR-02 | NORMAL 9-bit | 统一事务透传，15-bit valid和结果为0 |","完成","已审真实激励/比较及RTL对应分支；不作穷尽覆盖结论","C:/Users/DAWN/.codex/visualizations/2026/10/02/01a0fd16-9489-7e50-a7b6-a1178fd92bf1/ppg_audit/snapshot/rtl/ppg_adc_programmable_reconstructor/tb_ppg_adc_programmable_reconstructor.v","C:/Users/DAWN/.codex/visualizations/2026/10/02/01a0fd78-b9b8-78f2-8e39-c02cd0049c19/ppg_review_C/evidence/adc_tail_review.md","原TB真实运行见A_regression_C_scope_snapshot.json；PASS仅限已执行判据"
"PR-03","C:/Users/DAWN/.codex/visualizations/2026/10/02/01a0fd16-9489-7e50-a7b6-a1178fd92bf1/ppg_audit/snapshot/contracts/PPG_ADC_PROGRAMMABLE_RECONSTRUCTOR_INTERFACE_CONTRACT.md","331","| PR-03 | 标称15-bit | 标称Stage2系数时逐笔等于固定overlap黄金公式 |","完成","已审真实激励/比较及RTL对应分支；不作穷尽覆盖结论","C:/Users/DAWN/.codex/visualizations/2026/10/02/01a0fd16-9489-7e50-a7b6-a1178fd92bf1/ppg_audit/snapshot/rtl/ppg_adc_programmable_reconstructor/tb_ppg_adc_programmable_reconstructor.v","C:/Users/DAWN/.codex/visualizations/2026/10/02/01a0fd78-b9b8-78f2-8e39-c02cd0049c19/ppg_review_C/evidence/adc_tail_review.md","原TB真实运行见A_regression_C_scope_snapshot.json；PASS仅限已执行判据"
"PR-04","C:/Users/DAWN/.codex/visualizations/2026/10/02/01a0fd16-9489-7e50-a7b6-a1178fd92bf1/ppg_audit/snapshot/contracts/PPG_ADC_PROGRAMMABLE_RECONSTRUCTOR_INTERFACE_CONTRACT.md","332","| PR-04 | Stage2增益变化 | 只改变Stage2项，不改变Stage1和元数据 |","完成","已审真实激励/比较及RTL对应分支；不作穷尽覆盖结论","C:/Users/DAWN/.codex/visualizations/2026/10/02/01a0fd16-9489-7e50-a7b6-a1178fd92bf1/ppg_audit/snapshot/rtl/ppg_adc_programmable_reconstructor/tb_ppg_adc_programmable_reconstructor.v","C:/Users/DAWN/.codex/visualizations/2026/10/02/01a0fd78-b9b8-78f2-8e39-c02cd0049c19/ppg_review_C/evidence/adc_tail_review.md","原TB真实运行见A_regression_C_scope_snapshot.json；PASS仅限已执行判据"
"PR-05","C:/Users/DAWN/.codex/visualizations/2026/10/02/01a0fd16-9489-7e50-a7b6-a1178fd92bf1/ppg_audit/snapshot/contracts/PPG_ADC_PROGRAMMABLE_RECONSTRUCTOR_INTERFACE_CONTRACT.md","333","| PR-05 | 加性offset正负变化 | 正offset提高结果、负offset降低结果，signed Q16符号扩展正确 |","完成","已审真实激励/比较及RTL对应分支；不作穷尽覆盖结论","C:/Users/DAWN/.codex/visualizations/2026/10/02/01a0fd16-9489-7e50-a7b6-a1178fd92bf1/ppg_audit/snapshot/rtl/ppg_adc_programmable_reconstructor/tb_ppg_adc_programmable_reconstructor.v","C:/Users/DAWN/.codex/visualizations/2026/10/02/01a0fd78-b9b8-78f2-8e39-c02cd0049c19/ppg_review_C/evidence/adc_tail_review.md","原TB真实运行见A_regression_C_scope_snapshot.json；PASS仅限已执行判据"
"PR-06","C:/Users/DAWN/.codex/visualizations/2026/10/02/01a0fd16-9489-7e50-a7b6-a1178fd92bf1/ppg_audit/snapshot/contracts/PPG_ADC_PROGRAMMABLE_RECONSTRUCTOR_INTERFACE_CONTRACT.md","334","| PR-06 | 正负半LSB边界 | 对称舍入且tie远离零 |","完成","覆盖缺口 C-003；原向量不是门限，变异漏检","C:/Users/DAWN/.codex/visualizations/2026/10/02/01a0fd16-9489-7e50-a7b6-a1178fd92bf1/ppg_audit/snapshot/rtl/ppg_adc_programmable_reconstructor/tb_ppg_adc_programmable_reconstructor.v","C:/Users/DAWN/.codex/visualizations/2026/10/02/01a0fd78-b9b8-78f2-8e39-c02cd0049c19/ppg_review_C/evidence/adc_reference/rounding_coverage.json；C:/Users/DAWN/.codex/visualizations/2026/10/02/01a0fd78-b9b8-78f2-8e39-c02cd0049c19/ppg_review_C/evidence/targeted_runtime_20261004/results.json","C新增4邻点及负对照实际完成；原TB待补"
"PR-07","C:/Users/DAWN/.codex/visualizations/2026/10/02/01a0fd16-9489-7e50-a7b6-a1178fd92bf1/ppg_audit/snapshot/contracts/PPG_ADC_PROGRAMMABLE_RECONSTRUCTOR_INTERFACE_CONTRACT.md","335","| PR-07 | 15-bit上下饱和 | 分别得到-16384/+16383和唯一programmable饱和标志 |","完成","已审真实激励/比较及RTL对应分支；不作穷尽覆盖结论","C:/Users/DAWN/.codex/visualizations/2026/10/02/01a0fd16-9489-7e50-a7b6-a1178fd92bf1/ppg_audit/snapshot/rtl/ppg_adc_programmable_reconstructor/tb_ppg_adc_programmable_reconstructor.v","C:/Users/DAWN/.codex/visualizations/2026/10/02/01a0fd78-b9b8-78f2-8e39-c02cd0049c19/ppg_review_C/evidence/adc_tail_review.md","原TB真实运行见A_regression_C_scope_snapshot.json；PASS仅限已执行判据"
"PR-08","C:/Users/DAWN/.codex/visualizations/2026/10/02/01a0fd16-9489-7e50-a7b6-a1178fd92bf1/ppg_audit/snapshot/contracts/PPG_ADC_PROGRAMMABLE_RECONSTRUCTOR_INTERFACE_CONTRACT.md","336","| PR-08 | 全部1024个S2码 | D2_EXT和可编程结果逐码正确 |","完成","已审真实激励/比较及RTL对应分支；不作穷尽覆盖结论","C:/Users/DAWN/.codex/visualizations/2026/10/02/01a0fd16-9489-7e50-a7b6-a1178fd92bf1/ppg_audit/snapshot/rtl/ppg_adc_programmable_reconstructor/tb_ppg_adc_programmable_reconstructor.v","C:/Users/DAWN/.codex/visualizations/2026/10/02/01a0fd78-b9b8-78f2-8e39-c02cd0049c19/ppg_review_C/evidence/adc_tail_review.md","原TB真实运行见A_regression_C_scope_snapshot.json；PASS仅限已执行判据"
"PR-09","C:/Users/DAWN/.codex/visualizations/2026/10/02/01a0fd16-9489-7e50-a7b6-a1178fd92bf1/ppg_audit/snapshot/contracts/PPG_ADC_PROGRAMMABLE_RECONSTRUCTOR_INTERFACE_CONTRACT.md","337","| PR-09 | 输出反压 | valid、数值、资格、epoch和元数据完全保持 |","完成","已审真实激励/比较及RTL对应分支；不作穷尽覆盖结论","C:/Users/DAWN/.codex/visualizations/2026/10/02/01a0fd16-9489-7e50-a7b6-a1178fd92bf1/ppg_audit/snapshot/rtl/ppg_adc_programmable_reconstructor/tb_ppg_adc_programmable_reconstructor.v","C:/Users/DAWN/.codex/visualizations/2026/10/02/01a0fd78-b9b8-78f2-8e39-c02cd0049c19/ppg_review_C/evidence/adc_tail_review.md","原TB真实运行见A_regression_C_scope_snapshot.json；PASS仅限已执行判据"
"PR-10","C:/Users/DAWN/.codex/visualizations/2026/10/02/01a0fd16-9489-7e50-a7b6-a1178fd92bf1/ppg_audit/snapshot/contracts/PPG_ADC_PROGRAMMABLE_RECONSTRUCTOR_INTERFACE_CONTRACT.md","338","| PR-10 | 同拍消费替换 | 无空拍、无覆盖、事务顺序正确 |","完成","已审真实激励/比较及RTL对应分支；不作穷尽覆盖结论","C:/Users/DAWN/.codex/visualizations/2026/10/02/01a0fd16-9489-7e50-a7b6-a1178fd92bf1/ppg_audit/snapshot/rtl/ppg_adc_programmable_reconstructor/tb_ppg_adc_programmable_reconstructor.v","C:/Users/DAWN/.codex/visualizations/2026/10/02/01a0fd78-b9b8-78f2-8e39-c02cd0049c19/ppg_review_C/evidence/adc_tail_review.md","原TB真实运行见A_regression_C_scope_snapshot.json；PASS仅限已执行判据"
"PR-11","C:/Users/DAWN/.codex/visualizations/2026/10/02/01a0fd16-9489-7e50-a7b6-a1178fd92bf1/ppg_audit/snapshot/contracts/PPG_ADC_PROGRAMMABLE_RECONSTRUCTOR_INTERFACE_CONTRACT.md","339","| PR-11 | 系数资格组合 | Stage1/Stage2资格和最终校准标志正确绑定 |","完成","已审真实激励/比较及RTL对应分支；不作穷尽覆盖结论","C:/Users/DAWN/.codex/visualizations/2026/10/02/01a0fd16-9489-7e50-a7b6-a1178fd92bf1/ppg_audit/snapshot/rtl/ppg_adc_programmable_reconstructor/tb_ppg_adc_programmable_reconstructor.v","C:/Users/DAWN/.codex/visualizations/2026/10/02/01a0fd78-b9b8-78f2-8e39-c02cd0049c19/ppg_review_C/evidence/adc_tail_review.md","原TB真实运行见A_regression_C_scope_snapshot.json；PASS仅限已执行判据"
"PR-12","C:/Users/DAWN/.codex/visualizations/2026/10/02/01a0fd16-9489-7e50-a7b6-a1178fd92bf1/ppg_audit/snapshot/contracts/PPG_ADC_PROGRAMMABLE_RECONSTRUCTOR_INTERFACE_CONTRACT.md","340","| PR-12 | epoch回绕 | 版本按模256传递，不由epoch数值推导资格 |","完成","已审真实激励/比较及RTL对应分支；不作穷尽覆盖结论","C:/Users/DAWN/.codex/visualizations/2026/10/02/01a0fd16-9489-7e50-a7b6-a1178fd92bf1/ppg_audit/snapshot/rtl/ppg_adc_programmable_reconstructor/tb_ppg_adc_programmable_reconstructor.v","C:/Users/DAWN/.codex/visualizations/2026/10/02/01a0fd78-b9b8-78f2-8e39-c02cd0049c19/ppg_review_C/evidence/adc_tail_review.md","原TB真实运行见A_regression_C_scope_snapshot.json；PASS仅限已执行判据"
"PR-13","C:/Users/DAWN/.codex/visualizations/2026/10/02/01a0fd16-9489-7e50-a7b6-a1178fd92bf1/ppg_audit/snapshot/contracts/PPG_ADC_PROGRAMMABLE_RECONSTRUCTOR_INTERFACE_CONTRACT.md","341","| PR-13 | 有效期间改变配置输入 | 已锁存事务不受新配置总线变化影响 |","完成","已审真实激励/比较及RTL对应分支；不作穷尽覆盖结论","C:/Users/DAWN/.codex/visualizations/2026/10/02/01a0fd16-9489-7e50-a7b6-a1178fd92bf1/ppg_audit/snapshot/rtl/ppg_adc_programmable_reconstructor/tb_ppg_adc_programmable_reconstructor.v","C:/Users/DAWN/.codex/visualizations/2026/10/02/01a0fd78-b9b8-78f2-8e39-c02cd0049c19/ppg_review_C/evidence/adc_tail_review.md","原TB真实运行见A_regression_C_scope_snapshot.json；PASS仅限已执行判据"
"PR-14","C:/Users/DAWN/.codex/visualizations/2026/10/02/01a0fd16-9489-7e50-a7b6-a1178fd92bf1/ppg_audit/snapshot/contracts/PPG_ADC_PROGRAMMABLE_RECONSTRUCTOR_INTERFACE_CONTRACT.md","342","| PR-14 | 9/15/9/15连续切换 | 每笔精度资格与载荷不错拍 |","完成","已审真实激励/比较及RTL对应分支；不作穷尽覆盖结论","C:/Users/DAWN/.codex/visualizations/2026/10/02/01a0fd16-9489-7e50-a7b6-a1178fd92bf1/ppg_audit/snapshot/rtl/ppg_adc_programmable_reconstructor/tb_ppg_adc_programmable_reconstructor.v","C:/Users/DAWN/.codex/visualizations/2026/10/02/01a0fd78-b9b8-78f2-8e39-c02cd0049c19/ppg_review_C/evidence/adc_tail_review.md","原TB真实运行见A_regression_C_scope_snapshot.json；PASS仅限已执行判据"
"DCR-01","C:/Users/DAWN/.codex/visualizations/2026/10/02/01a0fd16-9489-7e50-a7b6-a1178fd92bf1/ppg_audit/snapshot/contracts/PPG_ADC_DC_RECOVERY_INTERFACE_CONTRACT.md","568","| DCR-01 | 复位 | valid、结果、资格、饱和标志、epoch和载荷为规定复位值 |","完成","已审真实激励/比较及RTL对应分支；不作穷尽覆盖结论","C:/Users/DAWN/.codex/visualizations/2026/10/02/01a0fd16-9489-7e50-a7b6-a1178fd92bf1/ppg_audit/snapshot/rtl/ppg_adc_dc_recovery/tb_ppg_adc_dc_recovery.v","C:/Users/DAWN/.codex/visualizations/2026/10/02/01a0fd78-b9b8-78f2-8e39-c02cd0049c19/ppg_review_C/evidence/adc_tail_review.md","原TB真实运行见A_regression_C_scope_snapshot.json；PASS仅限已执行判据"
"DCR-02","C:/Users/DAWN/.codex/visualizations/2026/10/02/01a0fd16-9489-7e50-a7b6-a1178fd92bf1/ppg_audit/snapshot/contracts/PPG_ADC_DC_RECOVERY_INTERFACE_CONTRACT.md","569","| DCR-02 | 9-bit中心值 | calibrated_s1_value为256时按+0.5区间中心规则计算 |","完成","已审真实激励/比较及RTL对应分支；不作穷尽覆盖结论","C:/Users/DAWN/.codex/visualizations/2026/10/02/01a0fd16-9489-7e50-a7b6-a1178fd92bf1/ppg_audit/snapshot/rtl/ppg_adc_dc_recovery/tb_ppg_adc_dc_recovery.v","C:/Users/DAWN/.codex/visualizations/2026/10/02/01a0fd78-b9b8-78f2-8e39-c02cd0049c19/ppg_review_C/evidence/adc_tail_review.md","原TB真实运行见A_regression_C_scope_snapshot.json；PASS仅限已执行判据"
"DCR-03","C:/Users/DAWN/.codex/visualizations/2026/10/02/01a0fd16-9489-7e50-a7b6-a1178fd92bf1/ppg_audit/snapshot/contracts/PPG_ADC_DC_RECOVERY_INTERFACE_CONTRACT.md","570","| DCR-03 | 9-bit正负边界 | Stage1中心化、A1固定比例和对称舍入正确 |","完成","已审真实激励/比较及RTL对应分支；不作穷尽覆盖结论","C:/Users/DAWN/.codex/visualizations/2026/10/02/01a0fd16-9489-7e50-a7b6-a1178fd92bf1/ppg_audit/snapshot/rtl/ppg_adc_dc_recovery/tb_ppg_adc_dc_recovery.v","C:/Users/DAWN/.codex/visualizations/2026/10/02/01a0fd78-b9b8-78f2-8e39-c02cd0049c19/ppg_review_C/evidence/adc_tail_review.md","原TB真实运行见A_regression_C_scope_snapshot.json；PASS仅限已执行判据"
"DCR-04","C:/Users/DAWN/.codex/visualizations/2026/10/02/01a0fd16-9489-7e50-a7b6-a1178fd92bf1/ppg_audit/snapshot/contracts/PPG_ADC_DC_RECOVERY_INTERFACE_CONTRACT.md","571","| DCR-04 | 9-bit DC码为0 | DC恢复项严格为0 |","完成","已审真实激励/比较及RTL对应分支；不作穷尽覆盖结论","C:/Users/DAWN/.codex/visualizations/2026/10/02/01a0fd16-9489-7e50-a7b6-a1178fd92bf1/ppg_audit/snapshot/rtl/ppg_adc_dc_recovery/tb_ppg_adc_dc_recovery.v","C:/Users/DAWN/.codex/visualizations/2026/10/02/01a0fd78-b9b8-78f2-8e39-c02cd0049c19/ppg_review_C/evidence/adc_tail_review.md","原TB真实运行见A_regression_C_scope_snapshot.json；PASS仅限已执行判据"
"DCR-05","C:/Users/DAWN/.codex/visualizations/2026/10/02/01a0fd16-9489-7e50-a7b6-a1178fd92bf1/ppg_audit/snapshot/contracts/PPG_ADC_DC_RECOVERY_INTERFACE_CONTRACT.md","572","| DCR-05 | K_DC9正值 | DC码每增加1，恢复结果按K_DC9增加 |","完成","已审真实激励/比较及RTL对应分支；不作穷尽覆盖结论","C:/Users/DAWN/.codex/visualizations/2026/10/02/01a0fd16-9489-7e50-a7b6-a1178fd92bf1/ppg_audit/snapshot/rtl/ppg_adc_dc_recovery/tb_ppg_adc_dc_recovery.v","C:/Users/DAWN/.codex/visualizations/2026/10/02/01a0fd78-b9b8-78f2-8e39-c02cd0049c19/ppg_review_C/evidence/adc_tail_review.md","原TB真实运行见A_regression_C_scope_snapshot.json；PASS仅限已执行判据"
"DCR-06","C:/Users/DAWN/.codex/visualizations/2026/10/02/01a0fd16-9489-7e50-a7b6-a1178fd92bf1/ppg_audit/snapshot/contracts/PPG_ADC_DC_RECOVERY_INTERFACE_CONTRACT.md","573","| DCR-06 | 15-bit DC码为0 | 输出等于programmable_15_code的统一标度值 |","完成","已审真实激励/比较及RTL对应分支；不作穷尽覆盖结论","C:/Users/DAWN/.codex/visualizations/2026/10/02/01a0fd16-9489-7e50-a7b6-a1178fd92bf1/ppg_audit/snapshot/rtl/ppg_adc_dc_recovery/tb_ppg_adc_dc_recovery.v","C:/Users/DAWN/.codex/visualizations/2026/10/02/01a0fd78-b9b8-78f2-8e39-c02cd0049c19/ppg_review_C/evidence/adc_tail_review.md","原TB真实运行见A_regression_C_scope_snapshot.json；PASS仅限已执行判据"
"DCR-07","C:/Users/DAWN/.codex/visualizations/2026/10/02/01a0fd16-9489-7e50-a7b6-a1178fd92bf1/ppg_audit/snapshot/contracts/PPG_ADC_DC_RECOVERY_INTERFACE_CONTRACT.md","574","| DCR-07 | K_DC15正值 | DC码每增加1，恢复结果按K_DC15增加 |","完成","已审真实激励/比较及RTL对应分支；不作穷尽覆盖结论","C:/Users/DAWN/.codex/visualizations/2026/10/02/01a0fd16-9489-7e50-a7b6-a1178fd92bf1/ppg_audit/snapshot/rtl/ppg_adc_dc_recovery/tb_ppg_adc_dc_recovery.v","C:/Users/DAWN/.codex/visualizations/2026/10/02/01a0fd78-b9b8-78f2-8e39-c02cd0049c19/ppg_review_C/evidence/adc_tail_review.md","原TB真实运行见A_regression_C_scope_snapshot.json；PASS仅限已执行判据"
"DCR-08","C:/Users/DAWN/.codex/visualizations/2026/10/02/01a0fd16-9489-7e50-a7b6-a1178fd92bf1/ppg_audit/snapshot/contracts/PPG_ADC_DC_RECOVERY_INTERFACE_CONTRACT.md","575","| DCR-08 | Q16半LSB边界 | 正负对称舍入且tie远离零 |","完成","已审真实激励/比较及RTL对应分支；不作穷尽覆盖结论","C:/Users/DAWN/.codex/visualizations/2026/10/02/01a0fd16-9489-7e50-a7b6-a1178fd92bf1/ppg_audit/snapshot/rtl/ppg_adc_dc_recovery/tb_ppg_adc_dc_recovery.v","C:/Users/DAWN/.codex/visualizations/2026/10/02/01a0fd78-b9b8-78f2-8e39-c02cd0049c19/ppg_review_C/evidence/adc_tail_review.md","原TB真实运行见A_regression_C_scope_snapshot.json；PASS仅限已执行判据"
"DCR-09","C:/Users/DAWN/.codex/visualizations/2026/10/02/01a0fd16-9489-7e50-a7b6-a1178fd92bf1/ppg_audit/snapshot/contracts/PPG_ADC_DC_RECOVERY_INTERFACE_CONTRACT.md","576","| DCR-09 | signed 24-bit上下溢出 | 分别饱和到-8388608和+8388607，标志互斥 |","完成","原force仅coarse正/fine负；C公开向量核验coarse双端饱和","C:/Users/DAWN/.codex/visualizations/2026/10/02/01a0fd16-9489-7e50-a7b6-a1178fd92bf1/ppg_audit/snapshot/rtl/ppg_adc_dc_recovery/tb_ppg_adc_dc_recovery.v","C:/Users/DAWN/.codex/visualizations/2026/10/02/01a0fd78-b9b8-78f2-8e39-c02cd0049c19/ppg_review_C/evidence/targeted_runtime_20261004/results_dc.json；C:/Users/DAWN/.codex/visualizations/2026/10/02/01a0fd78-b9b8-78f2-8e39-c02cd0049c19/ppg_review_C/evidence/adc_reference/dc_public_saturation_vectors.json","冻结8位DC+signed32 gain下fine合法极值不溢出；不以force代表物理fine越界"
"DCR-10","C:/Users/DAWN/.codex/visualizations/2026/10/02/01a0fd16-9489-7e50-a7b6-a1178fd92bf1/ppg_audit/snapshot/contracts/PPG_ADC_DC_RECOVERY_INTERFACE_CONTRACT.md","577","| DCR-10 | 9/15连续切换 | coarse/fine资格与事务模式不错拍 |","完成","已审真实激励/比较及RTL对应分支；不作穷尽覆盖结论","C:/Users/DAWN/.codex/visualizations/2026/10/02/01a0fd16-9489-7e50-a7b6-a1178fd92bf1/ppg_audit/snapshot/rtl/ppg_adc_dc_recovery/tb_ppg_adc_dc_recovery.v","C:/Users/DAWN/.codex/visualizations/2026/10/02/01a0fd78-b9b8-78f2-8e39-c02cd0049c19/ppg_review_C/evidence/adc_tail_review.md","原TB真实运行见A_regression_C_scope_snapshot.json；PASS仅限已执行判据"
"DCR-11","C:/Users/DAWN/.codex/visualizations/2026/10/02/01a0fd16-9489-7e50-a7b6-a1178fd92bf1/ppg_audit/snapshot/contracts/PPG_ADC_DC_RECOVERY_INTERFACE_CONTRACT.md","578","| DCR-11 | 15-bit事务双结果 | coarse和fine同一事务、同一metadata、同一ready/valid |","完成","已审真实激励/比较及RTL对应分支；不作穷尽覆盖结论","C:/Users/DAWN/.codex/visualizations/2026/10/02/01a0fd16-9489-7e50-a7b6-a1178fd92bf1/ppg_audit/snapshot/rtl/ppg_adc_dc_recovery/tb_ppg_adc_dc_recovery.v","C:/Users/DAWN/.codex/visualizations/2026/10/02/01a0fd78-b9b8-78f2-8e39-c02cd0049c19/ppg_review_C/evidence/adc_tail_review.md","原TB真实运行见A_regression_C_scope_snapshot.json；PASS仅限已执行判据"
"DCR-12","C:/Users/DAWN/.codex/visualizations/2026/10/02/01a0fd16-9489-7e50-a7b6-a1178fd92bf1/ppg_audit/snapshot/contracts/PPG_ADC_DC_RECOVERY_INTERFACE_CONTRACT.md","579","| DCR-12 | 系数无效CHARACTERIZATION | 允许计算，正式校准资格为0 |","完成","已审真实激励/比较及RTL对应分支；不作穷尽覆盖结论","C:/Users/DAWN/.codex/visualizations/2026/10/02/01a0fd16-9489-7e50-a7b6-a1178fd92bf1/ppg_audit/snapshot/rtl/ppg_adc_dc_recovery/tb_ppg_adc_dc_recovery.v","C:/Users/DAWN/.codex/visualizations/2026/10/02/01a0fd78-b9b8-78f2-8e39-c02cd0049c19/ppg_review_C/evidence/adc_tail_review.md","原TB真实运行见A_regression_C_scope_snapshot.json；PASS仅限已执行判据"
"DCR-13","C:/Users/DAWN/.codex/visualizations/2026/10/02/01a0fd16-9489-7e50-a7b6-a1178fd92bf1/ppg_audit/snapshot/contracts/PPG_ADC_DC_RECOVERY_INTERFACE_CONTRACT.md","580","| DCR-13 | NORMAL无效系数 | 系统不允许正式启动；模块不伪造校准资格 |","完成","已审真实激励/比较及RTL对应分支；不作穷尽覆盖结论","C:/Users/DAWN/.codex/visualizations/2026/10/02/01a0fd16-9489-7e50-a7b6-a1178fd92bf1/ppg_audit/snapshot/rtl/ppg_adc_dc_recovery/tb_ppg_adc_dc_recovery.v","C:/Users/DAWN/.codex/visualizations/2026/10/02/01a0fd78-b9b8-78f2-8e39-c02cd0049c19/ppg_review_C/evidence/adc_tail_review.md","原TB真实运行见A_regression_C_scope_snapshot.json；PASS仅限已执行判据"
"DCR-14","C:/Users/DAWN/.codex/visualizations/2026/10/02/01a0fd16-9489-7e50-a7b6-a1178fd92bf1/ppg_audit/snapshot/contracts/PPG_ADC_DC_RECOVERY_INTERFACE_CONTRACT.md","581","| DCR-14 | 上游Stage1/Stage2饱和 | 事务不丢弃，各级饱和状态分别保持 |","完成","已审真实激励/比较及RTL对应分支；不作穷尽覆盖结论","C:/Users/DAWN/.codex/visualizations/2026/10/02/01a0fd16-9489-7e50-a7b6-a1178fd92bf1/ppg_audit/snapshot/rtl/ppg_adc_dc_recovery/tb_ppg_adc_dc_recovery.v","C:/Users/DAWN/.codex/visualizations/2026/10/02/01a0fd78-b9b8-78f2-8e39-c02cd0049c19/ppg_review_C/evidence/adc_tail_review.md","原TB真实运行见A_regression_C_scope_snapshot.json；PASS仅限已执行判据"
"DCR-15","C:/Users/DAWN/.codex/visualizations/2026/10/02/01a0fd16-9489-7e50-a7b6-a1178fd92bf1/ppg_audit/snapshot/contracts/PPG_ADC_DC_RECOVERY_INTERFACE_CONTRACT.md","582","| DCR-15 | 输出反压 | 两个结果、资格、标志和全部metadata完全保持 |","完成","原TB部分payload保持比较；8诊断输入漏接 C-002","C:/Users/DAWN/.codex/visualizations/2026/10/02/01a0fd16-9489-7e50-a7b6-a1178fd92bf1/ppg_audit/snapshot/rtl/ppg_adc_dc_recovery/tb_ppg_adc_dc_recovery.v","C:/Users/DAWN/.codex/visualizations/2026/10/02/01a0fd78-b9b8-78f2-8e39-c02cd0049c19/ppg_review_C/evidence/adc_tail_review.md","原子payload结构支撑其余字段保持；非零诊断内容未由本单元TB检查"
"DCR-16","C:/Users/DAWN/.codex/visualizations/2026/10/02/01a0fd16-9489-7e50-a7b6-a1178fd92bf1/ppg_audit/snapshot/contracts/PPG_ADC_DC_RECOVERY_INTERFACE_CONTRACT.md","583","| DCR-16 | 同拍消费替换 | 无空拍、无覆盖、事务顺序正确 |","完成","已审真实激励/比较及RTL对应分支；不作穷尽覆盖结论","C:/Users/DAWN/.codex/visualizations/2026/10/02/01a0fd16-9489-7e50-a7b6-a1178fd92bf1/ppg_audit/snapshot/rtl/ppg_adc_dc_recovery/tb_ppg_adc_dc_recovery.v","C:/Users/DAWN/.codex/visualizations/2026/10/02/01a0fd78-b9b8-78f2-8e39-c02cd0049c19/ppg_review_C/evidence/adc_tail_review.md","原TB真实运行见A_regression_C_scope_snapshot.json；PASS仅限已执行判据"
"DCR-17","C:/Users/DAWN/.codex/visualizations/2026/10/02/01a0fd16-9489-7e50-a7b6-a1178fd92bf1/ppg_audit/snapshot/contracts/PPG_ADC_DC_RECOVERY_INTERFACE_CONTRACT.md","584","| DCR-17 | 配置输入变化 | 已接受事务仍使用锁存的系数和epoch |","完成","已审真实激励/比较及RTL对应分支；不作穷尽覆盖结论","C:/Users/DAWN/.codex/visualizations/2026/10/02/01a0fd16-9489-7e50-a7b6-a1178fd92bf1/ppg_audit/snapshot/rtl/ppg_adc_dc_recovery/tb_ppg_adc_dc_recovery.v","C:/Users/DAWN/.codex/visualizations/2026/10/02/01a0fd78-b9b8-78f2-8e39-c02cd0049c19/ppg_review_C/evidence/adc_tail_review.md","原TB真实运行见A_regression_C_scope_snapshot.json；PASS仅限已执行判据"
"DCR-18","C:/Users/DAWN/.codex/visualizations/2026/10/02/01a0fd16-9489-7e50-a7b6-a1178fd92bf1/ppg_audit/snapshot/contracts/PPG_ADC_DC_RECOVERY_INTERFACE_CONTRACT.md","585","| DCR-18 | epoch回绕 | 版本按模256传递，资格不由epoch数值推导 |","完成","已审真实激励/比较及RTL对应分支；不作穷尽覆盖结论","C:/Users/DAWN/.codex/visualizations/2026/10/02/01a0fd16-9489-7e50-a7b6-a1178fd92bf1/ppg_audit/snapshot/rtl/ppg_adc_dc_recovery/tb_ppg_adc_dc_recovery.v","C:/Users/DAWN/.codex/visualizations/2026/10/02/01a0fd78-b9b8-78f2-8e39-c02cd0049c19/ppg_review_C/evidence/adc_tail_review.md","原TB真实运行见A_regression_C_scope_snapshot.json；PASS仅限已执行判据"
"DCR-19","C:/Users/DAWN/.codex/visualizations/2026/10/02/01a0fd16-9489-7e50-a7b6-a1178fd92bf1/ppg_audit/snapshot/contracts/PPG_ADC_DC_RECOVERY_INTERFACE_CONTRACT.md","586","| DCR-19 | AMB字段变化 | AMB码和epoch只透传，不进入恢复算术 |","完成","已审真实激励/比较及RTL对应分支；不作穷尽覆盖结论","C:/Users/DAWN/.codex/visualizations/2026/10/02/01a0fd16-9489-7e50-a7b6-a1178fd92bf1/ppg_audit/snapshot/rtl/ppg_adc_dc_recovery/tb_ppg_adc_dc_recovery.v","C:/Users/DAWN/.codex/visualizations/2026/10/02/01a0fd78-b9b8-78f2-8e39-c02cd0049c19/ppg_review_C/evidence/adc_tail_review.md","原TB真实运行见A_regression_C_scope_snapshot.json；PASS仅限已执行判据"
"DCR-20","C:/Users/DAWN/.codex/visualizations/2026/10/02/01a0fd16-9489-7e50-a7b6-a1178fd92bf1/ppg_audit/snapshot/contracts/PPG_ADC_DC_RECOVERY_INTERFACE_CONTRACT.md","587","| DCR-20 | 多颜色事务 | R/IR选择各自DC码快照，但同精度使用同一DC系数 |","完成","已审真实激励/比较及RTL对应分支；不作穷尽覆盖结论","C:/Users/DAWN/.codex/visualizations/2026/10/02/01a0fd16-9489-7e50-a7b6-a1178fd92bf1/ppg_audit/snapshot/rtl/ppg_adc_dc_recovery/tb_ppg_adc_dc_recovery.v","C:/Users/DAWN/.codex/visualizations/2026/10/02/01a0fd78-b9b8-78f2-8e39-c02cd0049c19/ppg_review_C/evidence/adc_tail_review.md","原TB真实运行见A_regression_C_scope_snapshot.json；PASS仅限已执行判据"
"DCR-21","C:/Users/DAWN/.codex/visualizations/2026/10/02/01a0fd16-9489-7e50-a7b6-a1178fd92bf1/ppg_audit/snapshot/contracts/PPG_ADC_DC_RECOVERY_INTERFACE_CONTRACT.md","588","| DCR-21 | 粗精度与精细精度联合拟合 | 两种模式无与输入无关的固定台阶，只保留真实低位量化修正 |","完成","已审真实激励/比较及RTL对应分支；不作穷尽覆盖结论","C:/Users/DAWN/.codex/visualizations/2026/10/02/01a0fd16-9489-7e50-a7b6-a1178fd92bf1/ppg_audit/snapshot/rtl/ppg_adc_dc_recovery/tb_ppg_adc_dc_recovery.v","C:/Users/DAWN/.codex/visualizations/2026/10/02/01a0fd78-b9b8-78f2-8e39-c02cd0049c19/ppg_review_C/evidence/adc_tail_review.md","原TB真实运行见A_regression_C_scope_snapshot.json；PASS仅限已执行判据"
"DCR-22","C:/Users/DAWN/.codex/visualizations/2026/10/02/01a0fd16-9489-7e50-a7b6-a1178fd92bf1/ppg_audit/snapshot/contracts/PPG_ADC_DC_RECOVERY_INTERFACE_CONTRACT.md","589","| DCR-22 | 非NORMAL输入协议检查 | testbench识别并报告上游集成协议错误，不生成正常PPG期望值 |","完成","TB观察非NORMAL字段，未以该结果生成正常期望；不代表DUT自行拒绝","C:/Users/DAWN/.codex/visualizations/2026/10/02/01a0fd16-9489-7e50-a7b6-a1178fd92bf1/ppg_audit/snapshot/rtl/ppg_adc_dc_recovery/tb_ppg_adc_dc_recovery.v","C:/Users/DAWN/.codex/visualizations/2026/10/02/01a0fd78-b9b8-78f2-8e39-c02cd0049c19/ppg_review_C/evidence/adc_tail_review.md","原TB真实运行见A_regression_C_scope_snapshot.json；PASS仅限已执行判据"
