source,line,contract,direction,expected,reference,state,current_declaration,actual,target,original_cell
contracts/PPG_CONTRACT_CLOSURE_MATRIX.md,1322,C01,input,i_active_config_valid,ppg_400hz_frame_calibration_scheduler.v:80,confirmed_literal_mismatch,82,,rtl/ppg_400hz_frame_calibration_scheduler/ppg_400hz_frame_calibration_scheduler.v,`ppg_400hz_frame_calibration_scheduler.v:80`；`ppg_adc_measurement_idac_integration.v:99`（子模块声明）
contracts/PPG_CONTRACT_CLOSURE_MATRIX.md,1322,C01,input,i_active_config_valid,ppg_adc_measurement_idac_integration.v:99,confirmed_literal_mismatch,101,,rtl/ppg_adc_measurement_idac_integration/ppg_adc_measurement_idac_integration.v,`ppg_400hz_frame_calibration_scheduler.v:80`；`ppg_adc_measurement_idac_integration.v:99`（子模块声明）
contracts/PPG_CONTRACT_CLOSURE_MATRIX.md,1323,C01,input,i_active_precision_mode,ppg_400hz_frame_calibration_scheduler.v:93,confirmed_literal_mismatch,95,"	input i_input_source,                       // 光电二极管或固定电流来源",rtl/ppg_400hz_frame_calibration_scheduler/ppg_400hz_frame_calibration_scheduler.v,`ppg_400hz_frame_calibration_scheduler.v:93`（子模块声明）
contracts/PPG_CONTRACT_CLOSURE_MATRIX.md,1324,C01,input,i_adc_physical_idle,ppg_control_top.v:121,confirmed_literal_mismatch,123,"		input [9:0] i_dout_stage2_low,                       // Stage2物理判决码，进入AMI（STAGE2）（二级）",rtl/ppg_control_top/ppg_control_top.v,`ppg_control_top.v:121` `input i_adc_physical_idle`
contracts/PPG_CONTRACT_CLOSURE_MATRIX.md,1325,C01,input,i_allow_new_transaction,ppg_400hz_frame_calibration_scheduler.v:82,confirmed_literal_mismatch,84,"	input i_active_config_valid,                // ACTIVE配置整体合法",rtl/ppg_400hz_frame_calibration_scheduler/ppg_400hz_frame_calibration_scheduler.v,`ppg_400hz_frame_calibration_scheduler.v:82`；`ppg_adc_measurement_idac_integration.v:101`（子模块声明）
contracts/PPG_CONTRACT_CLOSURE_MATRIX.md,1325,C01,input,i_allow_new_transaction,ppg_adc_measurement_idac_integration.v:101,confirmed_literal_mismatch,103,"	input i_active_config_valid,                // 当前ACTIVE配置整体合法资格",rtl/ppg_adc_measurement_idac_integration/ppg_adc_measurement_idac_integration.v,`ppg_400hz_frame_calibration_scheduler.v:82`；`ppg_adc_measurement_idac_integration.v:101`（子模块声明）
contracts/PPG_CONTRACT_CLOSURE_MATRIX.md,1326,C01,input,i_ami_fault_blocking,ppg_400hz_frame_calibration_scheduler.v:96,confirmed_literal_mismatch,98,"	input i_normal_measurement_eligible,        // AMI允许NORMAL测量",rtl/ppg_400hz_frame_calibration_scheduler/ppg_400hz_frame_calibration_scheduler.v,`ppg_400hz_frame_calibration_scheduler.v:96`（子模块声明）
contracts/PPG_CONTRACT_CLOSURE_MATRIX.md,1327,C01,input,i_analog_safe,ppg_active_v4_control_plane_integration.v:69,literal_match,69,"	input i_analog_safe,                              //模拟控制已经回到安全保持状态",rtl/ppg_active_v4_control_plane_integration/ppg_active_v4_control_plane_integration.v,`ppg_active_v4_control_plane_integration.v:69`；`ppg_400hz_frame_calibration_scheduler.v:163`；`ppg_adc_measurement_idac_integration.v:142`（子模块声明）
contracts/PPG_CONTRACT_CLOSURE_MATRIX.md,1327,C01,input,i_analog_safe,ppg_400hz_frame_calibration_scheduler.v:163,confirmed_literal_mismatch,165,"	input i_owner_q3_window_closed,             // 在途owner自身选定Q3窗口已关闭，早于此的DONE不得构成成功完成",rtl/ppg_400hz_frame_calibration_scheduler/ppg_400hz_frame_calibration_scheduler.v,`ppg_active_v4_control_plane_integration.v:69`；`ppg_400hz_frame_calibration_scheduler.v:163`；`ppg_adc_measurement_idac_integration.v:142`（子模块声明）
contracts/PPG_CONTRACT_CLOSURE_MATRIX.md,1327,C01,input,i_analog_safe,ppg_adc_measurement_idac_integration.v:142,confirmed_literal_mismatch,144,"	input i_clk_stage2_dout_low_async,          // 接收 i_clk_stage2_dout_low_async",rtl/ppg_adc_measurement_idac_integration/ppg_adc_measurement_idac_integration.v,`ppg_active_v4_control_plane_integration.v:69`；`ppg_400hz_frame_calibration_scheduler.v:163`；`ppg_adc_measurement_idac_integration.v:142`（子模块声明）
contracts/PPG_CONTRACT_CLOSURE_MATRIX.md,1328,C01,input,i_calibration_frame_active,ppg_sar9_sar15_safe_selection_wrapper.v:81,literal_match,81,"	input i_calibration_frame_active,           // 输入端输入校准帧活动低位编码端",rtl/ppg_sar9_sar15_safe_selection_wrapper/ppg_sar9_sar15_safe_selection_wrapper.v,`ppg_sar9_sar15_safe_selection_wrapper.v:81`（子模块声明）
contracts/PPG_CONTRACT_CLOSURE_MATRIX.md,1329,C01,input,i_calibration_local_tick,ppg_sar9_sar15_safe_selection_wrapper.v:79,literal_match,79,"	input [C_CAL_TICK_WIDTH - 1:0]i_calibration_local_tick, // 输入端输入校准专用字段节拍低位编码端",rtl/ppg_sar9_sar15_safe_selection_wrapper/ppg_sar9_sar15_safe_selection_wrapper.v,`ppg_sar9_sar15_safe_selection_wrapper.v:79`（子模块声明）
contracts/PPG_CONTRACT_CLOSURE_MATRIX.md,1330,C01,input,i_calibration_subframe_index,ppg_sar9_sar15_safe_selection_wrapper.v:78,literal_match,78,"	input [2:0]i_calibration_subframe_index,    // 输入端输入校准专用字段序号低位编码端",rtl/ppg_sar9_sar15_safe_selection_wrapper/ppg_sar9_sar15_safe_selection_wrapper.v,`ppg_sar9_sar15_safe_selection_wrapper.v:78`（子模块声明）
contracts/PPG_CONTRACT_CLOSURE_MATRIX.md,1331,C01,input,i_clk,ppg_control_top.v:96,confirmed_literal_mismatch,98,	(,rtl/ppg_control_top/ppg_control_top.v,`ppg_control_top.v:96` `input i_clk`
contracts/PPG_CONTRACT_CLOSURE_MATRIX.md,1332,C01,input,i_control_abort_event,ppg_control_top.v:114,confirmed_literal_mismatch,116,"		input i_stop_event,                                     // 已同步STOP事件，参与唯一flag_stop_request_event合并",rtl/ppg_control_top/ppg_control_top.v,`ppg_control_top.v:114` `input i_control_abort_event`
contracts/PPG_CONTRACT_CLOSURE_MATRIX.md,1333,C01,input,i_datapath_empty,ppg_active_v4_control_plane_integration.v:67,literal_match,67,"	input i_datapath_empty,                           //AMI保持型数据链已经排空",rtl/ppg_active_v4_control_plane_integration/ppg_active_v4_control_plane_integration.v,`ppg_active_v4_control_plane_integration.v:67`（子模块声明）
contracts/PPG_CONTRACT_CLOSURE_MATRIX.md,1334,C01,input,i_diag_clear_event,ppg_control_top.v:113,confirmed_literal_mismatch,115,"		input i_start_event,                                    // 已同步START事件，只进入V4控制平面",rtl/ppg_control_top/ppg_control_top.v,`ppg_control_top.v:113` `input i_diag_clear_event`
contracts/PPG_CONTRACT_CLOSURE_MATRIX.md,1335,C01,input,i_idac_code_safe_boundary,ppg_sar9_sar15_safe_selection_wrapper.v:83,literal_match,83,"	input i_idac_code_safe_boundary,            // 输入端输入电流数模数字码安全专用字段",rtl/ppg_sar9_sar15_safe_selection_wrapper/ppg_sar9_sar15_safe_selection_wrapper.v,`ppg_sar9_sar15_safe_selection_wrapper.v:83`；`ppg_adc_measurement_idac_integration.v:144`（子模块声明）
contracts/PPG_CONTRACT_CLOSURE_MATRIX.md,1335,C01,input,i_idac_code_safe_boundary,ppg_adc_measurement_idac_integration.v:144,confirmed_literal_mismatch,146,"	input i_analog_safe,                        // 模拟相位允许安全提交",rtl/ppg_adc_measurement_idac_integration/ppg_adc_measurement_idac_integration.v,`ppg_sar9_sar15_safe_selection_wrapper.v:83`；`ppg_adc_measurement_idac_integration.v:144`（子模块声明）
contracts/PPG_CONTRACT_CLOSURE_MATRIX.md,1336,C01,input,i_idac_idle,ppg_active_v4_control_plane_integration.v:68,literal_match,68,"	input i_idac_idle,                                //AMI IDAC搜索和提交已经排空",rtl/ppg_active_v4_control_plane_integration/ppg_active_v4_control_plane_integration.v,`ppg_active_v4_control_plane_integration.v:68`（子模块声明）
contracts/PPG_CONTRACT_CLOSURE_MATRIX.md,1337,C01,input,i_initial_precision,ppg_adc_measurement_idac_integration.v:245,confirmed_literal_mismatch,248,,rtl/ppg_adc_measurement_idac_integration/ppg_adc_measurement_idac_integration.v,`ppg_adc_measurement_idac_integration.v:245`（子模块声明）
contracts/PPG_CONTRACT_CLOSURE_MATRIX.md,1338,C01,input,i_input_source,ppg_400hz_frame_calibration_scheduler.v:91,confirmed_literal_mismatch,93,	//--------------配置与AMI状态---------------//,rtl/ppg_400hz_frame_calibration_scheduler/ppg_400hz_frame_calibration_scheduler.v,`ppg_400hz_frame_calibration_scheduler.v:91`；`ppg_sar9_sar15_safe_selection_wrapper.v:87`（子模块声明）
contracts/PPG_CONTRACT_CLOSURE_MATRIX.md,1338,C01,input,i_input_source,ppg_sar9_sar15_safe_selection_wrapper.v:87,literal_match,87,"	input i_input_source,                       // 输入端输入输入来源",rtl/ppg_sar9_sar15_safe_selection_wrapper/ppg_sar9_sar15_safe_selection_wrapper.v,`ppg_400hz_frame_calibration_scheduler.v:91`；`ppg_sar9_sar15_safe_selection_wrapper.v:87`（子模块声明）
contracts/PPG_CONTRACT_CLOSURE_MATRIX.md,1339,C01,input,i_macro_frame_safe_boundary,ppg_sar9_sar15_safe_selection_wrapper.v:82,literal_match,82,"	input i_macro_frame_safe_boundary,          // 输入端输入宏帧帧安全专用字段",rtl/ppg_sar9_sar15_safe_selection_wrapper/ppg_sar9_sar15_safe_selection_wrapper.v,`ppg_sar9_sar15_safe_selection_wrapper.v:82`；`ppg_adc_measurement_idac_integration.v:143`（子模块声明）
contracts/PPG_CONTRACT_CLOSURE_MATRIX.md,1339,C01,input,i_macro_frame_safe_boundary,ppg_adc_measurement_idac_integration.v:143,confirmed_literal_mismatch,145,"	input i_adc_idle,                           // 模拟ADC当前已经排空",rtl/ppg_adc_measurement_idac_integration/ppg_adc_measurement_idac_integration.v,`ppg_sar9_sar15_safe_selection_wrapper.v:82`；`ppg_adc_measurement_idac_integration.v:143`（子模块声明）
contracts/PPG_CONTRACT_CLOSURE_MATRIX.md,1340,C01,input,i_macro_tick,ppg_sar9_sar15_safe_selection_wrapper.v:77,literal_match,77,"	input [C_MACRO_TICK_WIDTH - 1:0]i_macro_tick, // 输入端输入宏帧节拍",rtl/ppg_sar9_sar15_safe_selection_wrapper/ppg_sar9_sar15_safe_selection_wrapper.v,`ppg_sar9_sar15_safe_selection_wrapper.v:77`（子模块声明）
contracts/PPG_CONTRACT_CLOSURE_MATRIX.md,1341,C01,input,i_measurement_result_discard_event,ppg_system_fault_abort_supervisor.v:102,literal_match,102,"	input i_measurement_result_discard_event,           // AMI正式结果生命周期丢弃单周期观测，唯一驱动结果丢弃历史的输入",rtl/ppg_system_fault_abort_supervisor/ppg_system_fault_abort_supervisor.v,`ppg_system_fault_abort_supervisor.v:102`（子模块声明）
contracts/PPG_CONTRACT_CLOSURE_MATRIX.md,1342,C01,input,i_normal_frame_active,ppg_sar9_sar15_safe_selection_wrapper.v:80,literal_match,80,"	input i_normal_frame_active,                // 输入端输入正常帧活动低位编码端",rtl/ppg_sar9_sar15_safe_selection_wrapper/ppg_sar9_sar15_safe_selection_wrapper.v,`ppg_sar9_sar15_safe_selection_wrapper.v:80`（子模块声明）
contracts/PPG_CONTRACT_CLOSURE_MATRIX.md,1343,C01,input,i_normal_measurement_eligible,ppg_400hz_frame_calibration_scheduler.v:94,confirmed_literal_mismatch,96,"	input [1:0]i_optical_mode,                  // 双光、单光或安全关闭",rtl/ppg_400hz_frame_calibration_scheduler/ppg_400hz_frame_calibration_scheduler.v,`ppg_400hz_frame_calibration_scheduler.v:94`（子模块声明）
contracts/PPG_CONTRACT_CLOSURE_MATRIX.md,1344,C01,input,i_optical_mode,ppg_400hz_frame_calibration_scheduler.v:92,confirmed_literal_mismatch,94,"	input i_run_profile,                        // NORMAL或CHARACTERIZATION",rtl/ppg_400hz_frame_calibration_scheduler/ppg_400hz_frame_calibration_scheduler.v,`ppg_400hz_frame_calibration_scheduler.v:92`；`ppg_sar9_sar15_safe_selection_wrapper.v:88`（子模块声明）
contracts/PPG_CONTRACT_CLOSURE_MATRIX.md,1344,C01,input,i_optical_mode,ppg_sar9_sar15_safe_selection_wrapper.v:88,literal_match,88,"	input [1:0]i_optical_mode,                  // 输入端输入光学模式低位编码端",rtl/ppg_sar9_sar15_safe_selection_wrapper/ppg_sar9_sar15_safe_selection_wrapper.v,`ppg_400hz_frame_calibration_scheduler.v:92`；`ppg_sar9_sar15_safe_selection_wrapper.v:88`（子模块声明）
contracts/PPG_CONTRACT_CLOSURE_MATRIX.md,1345,C01,input,i_precision_mode_committed,ppg_sar9_sar15_safe_selection_wrapper.v:89,literal_match,89,"	input i_precision_mode_committed,           // 输入端输入精度模式已提交",rtl/ppg_sar9_sar15_safe_selection_wrapper/ppg_sar9_sar15_safe_selection_wrapper.v,`ppg_sar9_sar15_safe_selection_wrapper.v:89`（子模块声明）
contracts/PPG_CONTRACT_CLOSURE_MATRIX.md,1346,C01,input,i_rstn,ppg_control_top.v:97,confirmed_literal_mismatch,99,		//-----------------全局时钟与复位-----------------//,rtl/ppg_control_top/ppg_control_top.v,`ppg_control_top.v:97` `input i_rstn`
contracts/PPG_CONTRACT_CLOSURE_MATRIX.md,1347,C01,input,i_run_enable,ppg_characterization_control_cdc.v:57,literal_match,57,"	input i_run_enable,                         // V4控制平面RUN资格，用于冻结模式使能",rtl/ppg_characterization_control_cdc/ppg_characterization_control_cdc.v,`ppg_characterization_control_cdc.v:57`；`ppg_400hz_frame_calibration_scheduler.v:81`；`ppg_sar9_sar15_safe_selection_wrapper.v:69`；`ppg_adc_measurement_idac_integration.v:100`（子模块声明）
contracts/PPG_CONTRACT_CLOSURE_MATRIX.md,1347,C01,input,i_run_enable,ppg_400hz_frame_calibration_scheduler.v:81,confirmed_literal_mismatch,83,	//---------------生命周期控制---------------//,rtl/ppg_400hz_frame_calibration_scheduler/ppg_400hz_frame_calibration_scheduler.v,`ppg_characterization_control_cdc.v:57`；`ppg_400hz_frame_calibration_scheduler.v:81`；`ppg_sar9_sar15_safe_selection_wrapper.v:69`；`ppg_adc_measurement_idac_integration.v:100`（子模块声明）
contracts/PPG_CONTRACT_CLOSURE_MATRIX.md,1347,C01,input,i_run_enable,ppg_sar9_sar15_safe_selection_wrapper.v:69,literal_match,69,"	input i_run_enable,                         // 输入端输入运行使能低位编码端",rtl/ppg_sar9_sar15_safe_selection_wrapper/ppg_sar9_sar15_safe_selection_wrapper.v,`ppg_characterization_control_cdc.v:57`；`ppg_400hz_frame_calibration_scheduler.v:81`；`ppg_sar9_sar15_safe_selection_wrapper.v:69`；`ppg_adc_measurement_idac_integration.v:100`（子模块声明）
contracts/PPG_CONTRACT_CLOSURE_MATRIX.md,1347,C01,input,i_run_enable,ppg_adc_measurement_idac_integration.v:100,confirmed_literal_mismatch,102,	//---------------生命周期接口---------------//,rtl/ppg_adc_measurement_idac_integration/ppg_adc_measurement_idac_integration.v,`ppg_characterization_control_cdc.v:57`；`ppg_400hz_frame_calibration_scheduler.v:81`；`ppg_sar9_sar15_safe_selection_wrapper.v:69`；`ppg_adc_measurement_idac_integration.v:100`（子模块声明）
contracts/PPG_CONTRACT_CLOSURE_MATRIX.md,1348,C01,input,i_run_generation,ppg_400hz_frame_calibration_scheduler.v:87,confirmed_literal_mismatch,89,"	input i_control_abort_event,                // abort撤销控制单拍",rtl/ppg_400hz_frame_calibration_scheduler/ppg_400hz_frame_calibration_scheduler.v,`ppg_400hz_frame_calibration_scheduler.v:87`；`ppg_sar9_sar15_safe_selection_wrapper.v:74`；`ppg_adc_measurement_idac_integration.v:106`（子模块声明）
contracts/PPG_CONTRACT_CLOSURE_MATRIX.md,1348,C01,input,i_run_generation,ppg_sar9_sar15_safe_selection_wrapper.v:74,literal_match,74,"	input [C_RUN_GENERATION_WIDTH - 1:0]i_run_generation, // 输入端输入manager经ACTIVE wrapper与Top扇出的当前RUN代际，陈旧代际不得释放owner或复活波形",rtl/ppg_sar9_sar15_safe_selection_wrapper/ppg_sar9_sar15_safe_selection_wrapper.v,`ppg_400hz_frame_calibration_scheduler.v:87`；`ppg_sar9_sar15_safe_selection_wrapper.v:74`；`ppg_adc_measurement_idac_integration.v:106`（子模块声明）
contracts/PPG_CONTRACT_CLOSURE_MATRIX.md,1348,C01,input,i_run_generation,ppg_adc_measurement_idac_integration.v:106,confirmed_literal_mismatch,108,"	input i_control_abort_event,                // 阻断异常撤销在途控制的单周期事件",rtl/ppg_adc_measurement_idac_integration/ppg_adc_measurement_idac_integration.v,`ppg_400hz_frame_calibration_scheduler.v:87`；`ppg_sar9_sar15_safe_selection_wrapper.v:74`；`ppg_adc_measurement_idac_integration.v:106`（子模块声明）
contracts/PPG_CONTRACT_CLOSURE_MATRIX.md,1349,C01,input,i_run_profile,ppg_400hz_frame_calibration_scheduler.v:90,confirmed_literal_mismatch,92,,rtl/ppg_400hz_frame_calibration_scheduler/ppg_400hz_frame_calibration_scheduler.v,`ppg_400hz_frame_calibration_scheduler.v:90`；`ppg_sar9_sar15_safe_selection_wrapper.v:86`；`ppg_adc_measurement_idac_integration.v:244`（子模块声明）
contracts/PPG_CONTRACT_CLOSURE_MATRIX.md,1349,C01,input,i_run_profile,ppg_sar9_sar15_safe_selection_wrapper.v:86,literal_match,86,"	input i_run_profile,                        // 输入端输入运行配置档案低位编码端",rtl/ppg_sar9_sar15_safe_selection_wrapper/ppg_sar9_sar15_safe_selection_wrapper.v,`ppg_400hz_frame_calibration_scheduler.v:90`；`ppg_sar9_sar15_safe_selection_wrapper.v:86`；`ppg_adc_measurement_idac_integration.v:244`（子模块声明）
contracts/PPG_CONTRACT_CLOSURE_MATRIX.md,1349,C01,input,i_run_profile,ppg_adc_measurement_idac_integration.v:244,confirmed_literal_mismatch,247,"	input signed [31:0]i_dc15_recovery_gain_q16, // 接收 i_dc15_recovery_gain_q16",rtl/ppg_adc_measurement_idac_integration/ppg_adc_measurement_idac_integration.v,`ppg_400hz_frame_calibration_scheduler.v:90`；`ppg_sar9_sar15_safe_selection_wrapper.v:86`；`ppg_adc_measurement_idac_integration.v:244`（子模块声明）
contracts/PPG_CONTRACT_CLOSURE_MATRIX.md,1350,C01,input,i_safe_frame_id,ppg_adc_measurement_idac_integration.v:145,confirmed_literal_mismatch,147,"	input i_macro_frame_safe_boundary,          // 精度切换与重检使用的宏帧边界",rtl/ppg_adc_measurement_idac_integration/ppg_adc_measurement_idac_integration.v,`ppg_adc_measurement_idac_integration.v:145`（子模块声明）
contracts/PPG_CONTRACT_CLOSURE_MATRIX.md,1351,C01,input,i_sar_timing_idle,ppg_400hz_frame_calibration_scheduler.v:164,confirmed_literal_mismatch,166,"	input i_adc_idle,                           // 物理ADC和DONE已排空",rtl/ppg_400hz_frame_calibration_scheduler/ppg_400hz_frame_calibration_scheduler.v,`ppg_400hz_frame_calibration_scheduler.v:164`（子模块声明）
contracts/PPG_CONTRACT_CLOSURE_MATRIX.md,1352,C01,input,i_source_characterization_update_valid,ppg_control_top.v:106,confirmed_literal_mismatch,108,,rtl/ppg_control_top/ppg_control_top.v,`ppg_control_top.v:106` `input i_source_characterization_update_valid`
contracts/PPG_CONTRACT_CLOSURE_MATRIX.md,1353,C01,input,i_source_clk,ppg_control_top.v:98,confirmed_literal_mismatch,100,"		input i_clk,                                      // 唯一2 MHz数字系统域工作时钟",rtl/ppg_control_top/ppg_control_top.v,`ppg_control_top.v:98` `input i_source_clk`
contracts/PPG_CONTRACT_CLOSURE_MATRIX.md,1354,C01,input,i_source_rstn,ppg_control_top.v:99,confirmed_literal_mismatch,101,"		input i_rstn,                                     // 2 MHz域低有效复位",rtl/ppg_control_top/ppg_control_top.v,`ppg_control_top.v:99` `input i_source_rstn`
contracts/PPG_CONTRACT_CLOSURE_MATRIX.md,1355,C01,input,i_source_static_characterization_enable,ppg_control_top.v:107,confirmed_literal_mismatch,109,		//---------------表征SPI source保持型接口---------------//,rtl/ppg_control_top/ppg_control_top.v,`ppg_control_top.v:107` `input i_source_static_characterization_enable`
contracts/PPG_CONTRACT_CLOSURE_MATRIX.md,1356,C01,input,i_source_update_valid,ppg_characterization_control_cdc.v:52,literal_match,52,"	input i_source_update_valid,                // 保持型source更新请求，直到握手接受",rtl/ppg_characterization_control_cdc/ppg_characterization_control_cdc.v,`ppg_characterization_control_cdc.v:52`（子模块声明）
contracts/PPG_CONTRACT_CLOSURE_MATRIX.md,1357,C01,input,i_ssw_fault_blocking,ppg_400hz_frame_calibration_scheduler.v:97,confirmed_literal_mismatch,99,"	input i_switch_hold_new_transaction,        // 精度切换期间暂停新事务",rtl/ppg_400hz_frame_calibration_scheduler/ppg_400hz_frame_calibration_scheduler.v,`ppg_400hz_frame_calibration_scheduler.v:97`（子模块声明）
contracts/PPG_CONTRACT_CLOSURE_MATRIX.md,1358,C01,input,i_start_ack_event,ppg_400hz_frame_calibration_scheduler.v:83,confirmed_literal_mismatch,85,"	input i_run_enable,                         // 当前处于RUN生命周期",rtl/ppg_400hz_frame_calibration_scheduler/ppg_400hz_frame_calibration_scheduler.v,`ppg_400hz_frame_calibration_scheduler.v:83`；`ppg_sar9_sar15_safe_selection_wrapper.v:70`；`ppg_adc_measurement_idac_integration.v:102`（子模块声明）
contracts/PPG_CONTRACT_CLOSURE_MATRIX.md,1358,C01,input,i_start_ack_event,ppg_sar9_sar15_safe_selection_wrapper.v:70,literal_match,70,"	input i_start_ack_event,                    // 输入端输入启动确认事件",rtl/ppg_sar9_sar15_safe_selection_wrapper/ppg_sar9_sar15_safe_selection_wrapper.v,`ppg_400hz_frame_calibration_scheduler.v:83`；`ppg_sar9_sar15_safe_selection_wrapper.v:70`；`ppg_adc_measurement_idac_integration.v:102`（子模块声明）
contracts/PPG_CONTRACT_CLOSURE_MATRIX.md,1358,C01,input,i_start_ack_event,ppg_adc_measurement_idac_integration.v:102,confirmed_literal_mismatch,104,"	input i_run_enable,                         // 当前生命周期处于RUN状态",rtl/ppg_adc_measurement_idac_integration/ppg_adc_measurement_idac_integration.v,`ppg_400hz_frame_calibration_scheduler.v:83`；`ppg_sar9_sar15_safe_selection_wrapper.v:70`；`ppg_adc_measurement_idac_integration.v:102`（子模块声明）
contracts/PPG_CONTRACT_CLOSURE_MATRIX.md,1359,C01,input,i_static_characterization_enable,ppg_active_v4_control_plane_integration.v:71,literal_match,71,"	input i_static_characterization_enable,           //顶层唯一2 MHz已提交STATIC_BIAS资格电平，直连manager",rtl/ppg_active_v4_control_plane_integration/ppg_active_v4_control_plane_integration.v,`ppg_active_v4_control_plane_integration.v:71`；`ppg_sar9_sar15_safe_selection_wrapper.v:90`（子模块声明）
contracts/PPG_CONTRACT_CLOSURE_MATRIX.md,1359,C01,input,i_static_characterization_enable,ppg_sar9_sar15_safe_selection_wrapper.v:90,literal_match,90,"	input i_static_characterization_enable,     // 输入端输入静态偏置表征使能高位编码端低位编码端",rtl/ppg_sar9_sar15_safe_selection_wrapper/ppg_sar9_sar15_safe_selection_wrapper.v,`ppg_active_v4_control_plane_integration.v:71`；`ppg_sar9_sar15_safe_selection_wrapper.v:90`（子模块声明）
contracts/PPG_CONTRACT_CLOSURE_MATRIX.md,1360,C01,input,i_stop_ack_event,ppg_400hz_frame_calibration_scheduler.v:84,confirmed_literal_mismatch,86,"	input i_allow_new_transaction,              // 配置管理器允许新ADC事务",rtl/ppg_400hz_frame_calibration_scheduler/ppg_400hz_frame_calibration_scheduler.v,`ppg_400hz_frame_calibration_scheduler.v:84`；`ppg_sar9_sar15_safe_selection_wrapper.v:71`；`ppg_adc_measurement_idac_integration.v:103`（子模块声明）
contracts/PPG_CONTRACT_CLOSURE_MATRIX.md,1360,C01,input,i_stop_ack_event,ppg_sar9_sar15_safe_selection_wrapper.v:71,literal_match,71,"	input i_stop_ack_event,                     // 输入端输入停止确认事件",rtl/ppg_sar9_sar15_safe_selection_wrapper/ppg_sar9_sar15_safe_selection_wrapper.v,`ppg_400hz_frame_calibration_scheduler.v:84`；`ppg_sar9_sar15_safe_selection_wrapper.v:71`；`ppg_adc_measurement_idac_integration.v:103`（子模块声明）
contracts/PPG_CONTRACT_CLOSURE_MATRIX.md,1360,C01,input,i_stop_ack_event,ppg_adc_measurement_idac_integration.v:103,confirmed_literal_mismatch,105,"	input i_allow_new_transaction,              // 配置管理器允许启动新ADC事务",rtl/ppg_adc_measurement_idac_integration/ppg_adc_measurement_idac_integration.v,`ppg_400hz_frame_calibration_scheduler.v:84`；`ppg_sar9_sar15_safe_selection_wrapper.v:71`；`ppg_adc_measurement_idac_integration.v:103`（子模块声明）
contracts/PPG_CONTRACT_CLOSURE_MATRIX.md,1361,C01,input,i_stop_episode_active,ppg_system_fault_abort_supervisor.v:99,literal_match,99,"	input i_stop_episode_active,                        // manager经ACTIVE wrapper与Top转发的接受STOP/系统STOP/abort排空episode电平",rtl/ppg_system_fault_abort_supervisor/ppg_system_fault_abort_supervisor.v,`ppg_system_fault_abort_supervisor.v:99`（子模块声明）
contracts/PPG_CONTRACT_CLOSURE_MATRIX.md,1362,C01,input,i_stop_event,ppg_control_top.v:112,confirmed_literal_mismatch,114,		//---------------已同步生命周期与诊断输入---------------//,rtl/ppg_control_top/ppg_control_top.v,`ppg_control_top.v:112` `input i_stop_event`
contracts/PPG_CONTRACT_CLOSURE_MATRIX.md,1363,C01,input,i_switch_hold_new_transaction,ppg_400hz_frame_calibration_scheduler.v:95,confirmed_literal_mismatch,97,"	input i_active_precision_mode,              // 当前committed精度",rtl/ppg_400hz_frame_calibration_scheduler/ppg_400hz_frame_calibration_scheduler.v,`ppg_400hz_frame_calibration_scheduler.v:95`（子模块声明）
contracts/PPG_CONTRACT_CLOSURE_MATRIX.md,1364,C01,input,i_system_fault_blocking,ppg_active_v4_control_plane_integration.v:70,literal_match,70,"	input i_system_fault_blocking,                    //supervisor经Top送达的注册系统阻断故障电平，只透明送manager并阻断START",rtl/ppg_active_v4_control_plane_integration/ppg_active_v4_control_plane_integration.v,`ppg_active_v4_control_plane_integration.v:70`（子模块声明）
contracts/PPG_CONTRACT_CLOSURE_MATRIX.md,1365,C01,input,i_test_identity_inject_sample_index,ppg_control_top.v:130,confirmed_literal_mismatch,132,"		input i_test_inject_enable,                         // 验证构建CONFIG/READY期间的注入模式请求，与C_ENABLE_TEST_INJECTION共同限定",rtl/ppg_control_top/ppg_control_top.v,`ppg_control_top.v:130` `input [C_SAMPLE_INDEX_WIDTH - 1:0] i_test_identity_inject_sample_index`
contracts/PPG_CONTRACT_CLOSURE_MATRIX.md,1366,C01,input,i_test_identity_inject_valid,ppg_control_top.v:129,confirmed_literal_mismatch,131,		//---------------验证专用异常注入输入---------------//,rtl/ppg_control_top/ppg_control_top.v,`ppg_control_top.v:129` `input i_test_identity_inject_valid`
contracts/PPG_CONTRACT_CLOSURE_MATRIX.md,1367,C01,input,i_test_inject_enable,ppg_control_top.v:128,confirmed_literal_mismatch,130,,rtl/ppg_control_top/ppg_control_top.v,`ppg_control_top.v:128` `input i_test_inject_enable`
contracts/PPG_CONTRACT_CLOSURE_MATRIX.md,1368,C01,input,i_test_invalid_sample_valid,ppg_control_top.v:131,confirmed_literal_mismatch,133,"		input i_test_identity_inject_valid,                 // 保持型one-shot错误完成身份请求",rtl/ppg_control_top/ppg_control_top.v,`ppg_control_top.v:131` `input i_test_invalid_sample_valid`
contracts/PPG_CONTRACT_CLOSURE_MATRIX.md,1369,C01,input,i_transaction_amb_code_epoch,ppg_adc_measurement_idac_integration.v:133,confirmed_literal_mismatch,135,"	input [C_IDAC_CODE_WIDTH - 1:0]i_transaction_amb_code_snapshot, // 实际积分AMB码快照",rtl/ppg_adc_measurement_idac_integration/ppg_adc_measurement_idac_integration.v,`ppg_adc_measurement_idac_integration.v:133`（子模块声明）
contracts/PPG_CONTRACT_CLOSURE_MATRIX.md,1370,C01,input,i_transaction_amb_code_snapshot,ppg_adc_measurement_idac_integration.v:131,confirmed_literal_mismatch,133,"	input i_transaction_color_ir,               // 低为红光且高为红外",rtl/ppg_adc_measurement_idac_integration/ppg_adc_measurement_idac_integration.v,`ppg_adc_measurement_idac_integration.v:131`（子模块声明）
contracts/PPG_CONTRACT_CLOSURE_MATRIX.md,1371,C01,input,i_transaction_color_ir,ppg_adc_measurement_idac_integration.v:129,confirmed_literal_mismatch,131,"	input [C_FRAME_ID_WIDTH - 1:0]i_transaction_frame_id, // 当前事务真实物理帧号",rtl/ppg_adc_measurement_idac_integration/ppg_adc_measurement_idac_integration.v,`ppg_adc_measurement_idac_integration.v:129`（子模块声明）
contracts/PPG_CONTRACT_CLOSURE_MATRIX.md,1372,C01,input,i_transaction_dc_code_epoch,ppg_adc_measurement_idac_integration.v:134,confirmed_literal_mismatch,136,"	input [C_IDAC_CODE_WIDTH - 1:0]i_transaction_dc_code_snapshot, // 实际积分颜色DC码快照",rtl/ppg_adc_measurement_idac_integration/ppg_adc_measurement_idac_integration.v,`ppg_adc_measurement_idac_integration.v:134`（子模块声明）
contracts/PPG_CONTRACT_CLOSURE_MATRIX.md,1373,C01,input,i_transaction_dc_code_snapshot,ppg_adc_measurement_idac_integration.v:132,confirmed_literal_mismatch,134,"	input [1:0]i_transaction_frame_type,        // AMB_CAL、DCS_CAL或NORMAL编码",rtl/ppg_adc_measurement_idac_integration/ppg_adc_measurement_idac_integration.v,`ppg_adc_measurement_idac_integration.v:132`（子模块声明）
contracts/PPG_CONTRACT_CLOSURE_MATRIX.md,1374,C01,input,i_transaction_frame_id,ppg_adc_measurement_idac_integration.v:127,confirmed_literal_mismatch,129,"	output [C_SAMPLE_INDEX_WIDTH - 1:0]o_adc_complete_sample_index, // 与完成脉冲绑定的启动事务序号",rtl/ppg_adc_measurement_idac_integration/ppg_adc_measurement_idac_integration.v,`ppg_adc_measurement_idac_integration.v:127`（子模块声明）
contracts/PPG_CONTRACT_CLOSURE_MATRIX.md,1375,C01,input,i_transaction_frame_type,ppg_adc_measurement_idac_integration.v:130,confirmed_literal_mismatch,132,"	input [C_SAMPLE_INDEX_WIDTH - 1:0]i_transaction_sample_index, // 当前事务全局序号",rtl/ppg_adc_measurement_idac_integration/ppg_adc_measurement_idac_integration.v,`ppg_adc_measurement_idac_integration.v:130`（子模块声明）
contracts/PPG_CONTRACT_CLOSURE_MATRIX.md,1376,C01,input,i_transaction_precision_mode,ppg_adc_measurement_idac_integration.v:126,confirmed_literal_mismatch,128,"	output o_adc_transaction_success,           // 与完成脉冲绑定的ADC结果有效资格",rtl/ppg_adc_measurement_idac_integration/ppg_adc_measurement_idac_integration.v,`ppg_adc_measurement_idac_integration.v:126`（子模块声明）
contracts/PPG_CONTRACT_CLOSURE_MATRIX.md,1377,C01,input,i_transaction_sample_index,ppg_adc_measurement_idac_integration.v:128,confirmed_literal_mismatch,130,"	input i_transaction_precision_mode,         // 当前事务采用的9-bit或15-bit精度",rtl/ppg_adc_measurement_idac_integration/ppg_adc_measurement_idac_integration.v,`ppg_adc_measurement_idac_integration.v:128`（子模块声明）
contracts/PPG_CONTRACT_CLOSURE_MATRIX.md,1378,C01,input,i_transaction_start_valid,ppg_adc_measurement_idac_integration.v:118,confirmed_literal_mismatch,120,,rtl/ppg_adc_measurement_idac_integration/ppg_adc_measurement_idac_integration.v,`ppg_adc_measurement_idac_integration.v:118`（子模块声明）
contracts/PPG_CONTRACT_CLOSURE_MATRIX.md,1379,C01,output,o_active_precision_mode,ppg_control_top.v:220,confirmed_literal_mismatch,222,"		output o_ami_datapath_empty,                              // AMI保持型数据链已经排空",rtl/ppg_control_top/ppg_control_top.v,`ppg_control_top.v:220` `output o_active_precision_mode`
contracts/PPG_CONTRACT_CLOSURE_MATRIX.md,1380,C01,output,o_active_valid,ppg_active_v4_control_plane_integration.v:79,literal_match,79,"	output o_active_valid,                              //ACTIVE具备本轮启动资格",rtl/ppg_active_v4_control_plane_integration/ppg_active_v4_control_plane_integration.v,`ppg_active_v4_control_plane_integration.v:79`（子模块声明）
contracts/PPG_CONTRACT_CLOSURE_MATRIX.md,1381,C01,output,o_allow_new_transaction,ppg_active_v4_control_plane_integration.v:89,literal_match,89,"	output o_allow_new_transaction,                 //新ADC事务发起许可",rtl/ppg_active_v4_control_plane_integration/ppg_active_v4_control_plane_integration.v,`ppg_active_v4_control_plane_integration.v:89`（子模块声明）
contracts/PPG_CONTRACT_CLOSURE_MATRIX.md,1382,C01,output,o_analog_safe,ppg_sar9_sar15_safe_selection_wrapper.v:162,literal_match,162,"	output o_analog_safe,                       // 输出端输出模拟安全低位编码端",rtl/ppg_sar9_sar15_safe_selection_wrapper/ppg_sar9_sar15_safe_selection_wrapper.v,`ppg_sar9_sar15_safe_selection_wrapper.v:162`（子模块声明）
contracts/PPG_CONTRACT_CLOSURE_MATRIX.md,1383,C01,output,o_calibration_frame_active,ppg_400hz_frame_calibration_scheduler.v:181,confirmed_literal_mismatch,183,"	output o_scheduler_idle,                    // 数字事务和物理时序均排空",rtl/ppg_400hz_frame_calibration_scheduler/ppg_400hz_frame_calibration_scheduler.v,`ppg_400hz_frame_calibration_scheduler.v:181`（子模块声明）
contracts/PPG_CONTRACT_CLOSURE_MATRIX.md,1384,C01,output,o_calibration_local_tick,ppg_400hz_frame_calibration_scheduler.v:174,confirmed_literal_mismatch,176,"	output [C_MACRO_TICK_WIDTH - 1:0]o_macro_tick, // 当前宏帧相位",rtl/ppg_400hz_frame_calibration_scheduler/ppg_400hz_frame_calibration_scheduler.v,`ppg_400hz_frame_calibration_scheduler.v:174`（子模块声明）
contracts/PPG_CONTRACT_CLOSURE_MATRIX.md,1385,C01,output,o_calibration_sample_ready,ppg_400hz_frame_calibration_scheduler.v:109,confirmed_literal_mismatch,111,	//---------------AMI校准请求----------------//,rtl/ppg_400hz_frame_calibration_scheduler/ppg_400hz_frame_calibration_scheduler.v,`ppg_400hz_frame_calibration_scheduler.v:109`（子模块声明）
contracts/PPG_CONTRACT_CLOSURE_MATRIX.md,1386,C01,output,o_calibration_sample_valid,ppg_adc_measurement_idac_integration.v:151,confirmed_literal_mismatch,154,	//---------------校准请求接口---------------//,rtl/ppg_adc_measurement_idac_integration/ppg_adc_measurement_idac_integration.v,`ppg_adc_measurement_idac_integration.v:151`（子模块声明）
contracts/PPG_CONTRACT_CLOSURE_MATRIX.md,1387,C01,output,o_calibration_subframe_index,ppg_400hz_frame_calibration_scheduler.v:173,confirmed_literal_mismatch,175,"	output [C_FRAME_ID_WIDTH - 1:0]o_safe_frame_id, // 下一400 Hz帧编号",rtl/ppg_400hz_frame_calibration_scheduler/ppg_400hz_frame_calibration_scheduler.v,`ppg_400hz_frame_calibration_scheduler.v:173`（子模块声明）
contracts/PPG_CONTRACT_CLOSURE_MATRIX.md,1388,C01,output,o_characterization_control_reject_event,ppg_control_top.v:233,confirmed_literal_mismatch,235,"		output o_characterization_control_valid,                    // 复位后已存在一笔合法提交控制",rtl/ppg_control_top/ppg_control_top.v,`ppg_control_top.v:233` `output o_characterization_control_reject_event`
contracts/PPG_CONTRACT_CLOSURE_MATRIX.md,1389,C01,output,o_characterization_control_update_event,ppg_control_top.v:232,confirmed_literal_mismatch,234,"		output o_source_characterization_update_ready,              // 独立CDC邮箱可接受一笔完整6-bit事务",rtl/ppg_control_top/ppg_control_top.v,`ppg_control_top.v:232` `output o_characterization_control_update_event`
contracts/PPG_CONTRACT_CLOSURE_MATRIX.md,1390,C01,output,o_characterization_control_valid,ppg_control_top.v:231,confirmed_literal_mismatch,233,"		output o_source_config_update_ready,                        // V4+V5联合ACTIVE的source侧CDC邮箱可接受下一笔快照，与config_transport_busy互为反相",rtl/ppg_control_top/ppg_control_top.v,`ppg_control_top.v:231` `output o_characterization_control_valid`
contracts/PPG_CONTRACT_CLOSURE_MATRIX.md,1391,C01,output,o_characterization_protocol_error_sticky,ppg_control_top.v:234,confirmed_literal_mismatch,236,"		output o_characterization_control_update_event,             // 完整控制快照被目标域接受的单拍事件",rtl/ppg_control_top/ppg_control_top.v,`ppg_control_top.v:234` `output o_characterization_protocol_error_sticky`
contracts/PPG_CONTRACT_CLOSURE_MATRIX.md,1392,C01,output,o_control_reject_event,ppg_characterization_control_cdc.v:68,literal_match,68,"	output o_control_reject_event,              // 运行期非法快照被整体拒绝的单拍事件",rtl/ppg_characterization_control_cdc/ppg_characterization_control_cdc.v,`ppg_characterization_control_cdc.v:68`（子模块声明）
contracts/PPG_CONTRACT_CLOSURE_MATRIX.md,1393,C01,output,o_control_update_event,ppg_characterization_control_cdc.v:67,literal_match,67,"	output o_control_update_event,              // 完整控制快照被目标域接受的单拍事件",rtl/ppg_characterization_control_cdc/ppg_characterization_control_cdc.v,`ppg_characterization_control_cdc.v:67`（子模块声明）
contracts/PPG_CONTRACT_CLOSURE_MATRIX.md,1394,C01,output,o_control_valid,ppg_characterization_control_cdc.v:66,literal_match,66,"	output o_control_valid,                     // 复位后已经存在一笔合法提交控制",rtl/ppg_characterization_control_cdc/ppg_characterization_control_cdc.v,`ppg_characterization_control_cdc.v:66`（子模块声明）
contracts/PPG_CONTRACT_CLOSURE_MATRIX.md,1395,C01,output,o_datapath_empty,ppg_adc_measurement_idac_integration.v:355,confirmed_literal_mismatch,358,"	output o_adc_chain_idle,                    // ADC捕获及Stage1流水空闲",rtl/ppg_adc_measurement_idac_integration/ppg_adc_measurement_idac_integration.v,`ppg_adc_measurement_idac_integration.v:355`（子模块声明）
contracts/PPG_CONTRACT_CLOSURE_MATRIX.md,1396,C01,output,o_detection_discard_event,ppg_control_top.v:273,confirmed_literal_mismatch,275,,rtl/ppg_control_top/ppg_control_top.v,`ppg_control_top.v:273` `output o_detection_discard_event`
contracts/PPG_CONTRACT_CLOSURE_MATRIX.md,1397,C01,output,o_idac_code_safe_boundary,ppg_400hz_frame_calibration_scheduler.v:169,confirmed_literal_mismatch,171,"	output o_macro_frame_start_event,           // 400 Hz宏帧起点单拍",rtl/ppg_400hz_frame_calibration_scheduler/ppg_400hz_frame_calibration_scheduler.v,`ppg_400hz_frame_calibration_scheduler.v:169`（子模块声明）
contracts/PPG_CONTRACT_CLOSURE_MATRIX.md,1398,C01,output,o_idac_idle,ppg_adc_measurement_idac_integration.v:303,confirmed_literal_mismatch,306,"	output o_idac_fault_blocking,               // IDAC阻断故障汇总",rtl/ppg_adc_measurement_idac_integration/ppg_adc_measurement_idac_integration.v,`ppg_adc_measurement_idac_integration.v:303`（子模块声明）
contracts/PPG_CONTRACT_CLOSURE_MATRIX.md,1399,C01,output,o_initial_precision,ppg_active_v4_control_plane_integration.v:108,literal_match,108,"	output o_initial_precision,                     //RUN初始SAR精度",rtl/ppg_active_v4_control_plane_integration/ppg_active_v4_control_plane_integration.v,`ppg_active_v4_control_plane_integration.v:108`（子模块声明）
contracts/PPG_CONTRACT_CLOSURE_MATRIX.md,1400,C01,output,o_input_source,ppg_active_v4_control_plane_integration.v:105,literal_match,105,"	output o_input_source,                          //光电二极管或外部测试输入",rtl/ppg_active_v4_control_plane_integration/ppg_active_v4_control_plane_integration.v,`ppg_active_v4_control_plane_integration.v:105`（子模块声明）
contracts/PPG_CONTRACT_CLOSURE_MATRIX.md,1401,C01,output,o_macro_frame_safe_boundary,ppg_400hz_frame_calibration_scheduler.v:168,confirmed_literal_mismatch,170,	//--------------时间与完成事件--------------//,rtl/ppg_400hz_frame_calibration_scheduler/ppg_400hz_frame_calibration_scheduler.v,`ppg_400hz_frame_calibration_scheduler.v:168`（子模块声明）
contracts/PPG_CONTRACT_CLOSURE_MATRIX.md,1402,C01,output,o_macro_tick,ppg_400hz_frame_calibration_scheduler.v:172,confirmed_literal_mismatch,174,"	output o_startup_idac_safe_boundary,        // START后一次性IDAC边界",rtl/ppg_400hz_frame_calibration_scheduler/ppg_400hz_frame_calibration_scheduler.v,`ppg_400hz_frame_calibration_scheduler.v:172`（子模块声明）
contracts/PPG_CONTRACT_CLOSURE_MATRIX.md,1403,C01,output,o_measurement_result_discard_event,ppg_control_top.v:261,confirmed_literal_mismatch,263,,rtl/ppg_control_top/ppg_control_top.v,`ppg_control_top.v:261` `output o_measurement_result_discard_event`
contracts/PPG_CONTRACT_CLOSURE_MATRIX.md,1404,C01,output,o_normal_frame_active,ppg_400hz_frame_calibration_scheduler.v:180,confirmed_literal_mismatch,182,	//----------------状态与诊断----------------//,rtl/ppg_400hz_frame_calibration_scheduler/ppg_400hz_frame_calibration_scheduler.v,`ppg_400hz_frame_calibration_scheduler.v:180`（子模块声明）
contracts/PPG_CONTRACT_CLOSURE_MATRIX.md,1405,C01,output,o_normal_measurement_eligible,ppg_adc_measurement_idac_integration.v:351,confirmed_literal_mismatch,354,	//-------------Wrapper状态输出--------------//,rtl/ppg_adc_measurement_idac_integration/ppg_adc_measurement_idac_integration.v,`ppg_adc_measurement_idac_integration.v:351`（子模块声明）
contracts/PPG_CONTRACT_CLOSURE_MATRIX.md,1406,C01,output,o_optical_mode,ppg_active_v4_control_plane_integration.v:107,literal_match,107,"	output [1:0]o_optical_mode,                     //双光、RED、IR或安全关闭",rtl/ppg_active_v4_control_plane_integration/ppg_active_v4_control_plane_integration.v,`ppg_active_v4_control_plane_integration.v:107`（子模块声明）
contracts/PPG_CONTRACT_CLOSURE_MATRIX.md,1407,C01,output,o_protocol_error_sticky,ppg_characterization_control_cdc.v:69,literal_match,69,	output o_protocol_error_sticky              // 记录运行期模式变更违反合同的sticky诊断,rtl/ppg_characterization_control_cdc/ppg_characterization_control_cdc.v,`ppg_characterization_control_cdc.v:69`；`ppg_400hz_frame_calibration_scheduler.v:188`（子模块声明）
contracts/PPG_CONTRACT_CLOSURE_MATRIX.md,1407,C01,output,o_protocol_error_sticky,ppg_400hz_frame_calibration_scheduler.v:188,confirmed_literal_mismatch,191,"	output o_owner_deadline_timeout_sticky,     // ADC owner截止错过诊断",rtl/ppg_400hz_frame_calibration_scheduler/ppg_400hz_frame_calibration_scheduler.v,`ppg_characterization_control_cdc.v:69`；`ppg_400hz_frame_calibration_scheduler.v:188`（子模块声明）
contracts/PPG_CONTRACT_CLOSURE_MATRIX.md,1408,C01,output,o_result_discard_summary_sticky,ppg_control_top.v:258,confirmed_literal_mismatch,260,"		output [C_RUN_GENERATION_WIDTH - 1:0] o_system_fault_run_generation, // first-fault所属RUN代际",rtl/ppg_control_top/ppg_control_top.v,`ppg_control_top.v:258` `output o_result_discard_summary_sticky`
contracts/PPG_CONTRACT_CLOSURE_MATRIX.md,1409,C01,output,o_result_sample_valid,ppg_control_top.v:194,confirmed_literal_mismatch,196,"		output [C_CODE_EPOCH_WIDTH - 1:0] o_result_amb_code_epoch, // 本笔结果AMB码版本",rtl/ppg_control_top/ppg_control_top.v,`ppg_control_top.v:194` `output o_result_sample_valid`
contracts/PPG_CONTRACT_CLOSURE_MATRIX.md,1410,C01,output,o_run_enable,ppg_active_v4_control_plane_integration.v:88,literal_match,88,"	output o_run_enable,                            //RUN功能链许可",rtl/ppg_active_v4_control_plane_integration/ppg_active_v4_control_plane_integration.v,`ppg_active_v4_control_plane_integration.v:88`（子模块声明）
contracts/PPG_CONTRACT_CLOSURE_MATRIX.md,1411,C01,output,o_run_generation,ppg_active_v4_control_plane_integration.v:90,literal_match,90,"	output [7:0]o_run_generation,                   //manager唯一产生的代际，Wrapper仅逐位转发",rtl/ppg_active_v4_control_plane_integration/ppg_active_v4_control_plane_integration.v,`ppg_active_v4_control_plane_integration.v:90`（子模块声明）
contracts/PPG_CONTRACT_CLOSURE_MATRIX.md,1412,C01,output,o_run_profile,ppg_active_v4_control_plane_integration.v:104,literal_match,104,"	output o_run_profile,                           //NORMAL或CHARACTERIZATION档位",rtl/ppg_active_v4_control_plane_integration/ppg_active_v4_control_plane_integration.v,`ppg_active_v4_control_plane_integration.v:104`（子模块声明）
contracts/PPG_CONTRACT_CLOSURE_MATRIX.md,1413,C01,output,o_safe_frame_id,ppg_400hz_frame_calibration_scheduler.v:171,confirmed_literal_mismatch,173,"	output o_idac_code_safe_boundary,           // IDAC唯一提交边界",rtl/ppg_400hz_frame_calibration_scheduler/ppg_400hz_frame_calibration_scheduler.v,`ppg_400hz_frame_calibration_scheduler.v:171`（子模块声明）
contracts/PPG_CONTRACT_CLOSURE_MATRIX.md,1414,C01,output,o_sar_timing_idle,ppg_sar9_sar15_safe_selection_wrapper.v:163,literal_match,163,"	output o_sar_timing_idle,                   // 输出端输出专用字段时序空闲低位编码端",rtl/ppg_sar9_sar15_safe_selection_wrapper/ppg_sar9_sar15_safe_selection_wrapper.v,`ppg_sar9_sar15_safe_selection_wrapper.v:163`（子模块声明）
contracts/PPG_CONTRACT_CLOSURE_MATRIX.md,1415,C01,output,o_source_characterization_update_ready,ppg_control_top.v:230,confirmed_literal_mismatch,232,		//---------------表征控制source握手与诊断输出---------------//,rtl/ppg_control_top/ppg_control_top.v,`ppg_control_top.v:230` `output o_source_characterization_update_ready`
contracts/PPG_CONTRACT_CLOSURE_MATRIX.md,1416,C01,output,o_source_update_ready,ppg_characterization_control_cdc.v:61,literal_match,61,"	output o_source_update_ready,               // CDC邮箱可接收下一笔source快照的资格",rtl/ppg_characterization_control_cdc/ppg_characterization_control_cdc.v,`ppg_characterization_control_cdc.v:61`（子模块声明）
contracts/PPG_CONTRACT_CLOSURE_MATRIX.md,1417,C01,output,o_start_ack_event,ppg_control_top.v:200,confirmed_literal_mismatch,202,"		output o_start_ready,                                     // READY且所有启动资格满足",rtl/ppg_control_top/ppg_control_top.v,`ppg_control_top.v:200` `output o_start_ack_event`
contracts/PPG_CONTRACT_CLOSURE_MATRIX.md,1418,C01,output,o_static_characterization_enable,ppg_characterization_control_cdc.v:64,literal_match,64,"	output o_static_characterization_enable,    // 已提交的STATIC_BIAS模式控制值",rtl/ppg_characterization_control_cdc/ppg_characterization_control_cdc.v,`ppg_characterization_control_cdc.v:64`（子模块声明）
contracts/PPG_CONTRACT_CLOSURE_MATRIX.md,1419,C01,output,o_stop_ack_event,ppg_control_top.v:201,confirmed_literal_mismatch,203,"		output o_commit_ack_event,                                // 合法配置成为ACTIVE的单周期应答",rtl/ppg_control_top/ppg_control_top.v,`ppg_control_top.v:201` `output o_stop_ack_event`
contracts/PPG_CONTRACT_CLOSURE_MATRIX.md,1420,C01,output,o_stop_episode_active,ppg_active_v4_control_plane_integration.v:91,literal_match,91,"	output o_stop_episode_active,                   //manager唯一产生的排空episode电平，Wrapper仅逐位转发",rtl/ppg_active_v4_control_plane_integration/ppg_active_v4_control_plane_integration.v,`ppg_active_v4_control_plane_integration.v:91`（子模块声明）
contracts/PPG_CONTRACT_CLOSURE_MATRIX.md,1421,C01,output,o_switch_hold_new_transaction,ppg_adc_measurement_idac_integration.v:313,confirmed_literal_mismatch,316,"	output o_precision_15_to_9_event,           // 真实返回9-bit事件",rtl/ppg_adc_measurement_idac_integration/ppg_adc_measurement_idac_integration.v,`ppg_adc_measurement_idac_integration.v:313`（子模块声明）
contracts/PPG_CONTRACT_CLOSURE_MATRIX.md,1422,C01,output,o_system_abort_event,ppg_control_top.v:244,confirmed_literal_mismatch,246,		//---------------注册式系统故障/abort监督输出---------------//,rtl/ppg_control_top/ppg_control_top.v,`ppg_control_top.v:244` `output o_system_abort_event`
contracts/PPG_CONTRACT_CLOSURE_MATRIX.md,1423,C01,output,o_system_fault_blocking,ppg_control_top.v:243,confirmed_literal_mismatch,245,,rtl/ppg_control_top/ppg_control_top.v,`ppg_control_top.v:243` `output o_system_fault_blocking`
contracts/PPG_CONTRACT_CLOSURE_MATRIX.md,1424,C01,output,o_system_fault_cause,ppg_control_top.v:248,confirmed_literal_mismatch,250,"		output o_system_fault_discard_event,                        // supervisor产生的注册式单周期fault-discard选择事件",rtl/ppg_control_top/ppg_control_top.v,`ppg_control_top.v:248` `output [7:0] o_system_fault_cause`
contracts/PPG_CONTRACT_CLOSURE_MATRIX.md,1425,C01,output,o_system_fault_cause_valid,ppg_control_top.v:247,confirmed_literal_mismatch,249,"		output o_system_stop_request_event,                         // supervisor产生的注册式单周期STOP请求观测",rtl/ppg_control_top/ppg_control_top.v,`ppg_control_top.v:247` `output o_system_fault_cause_valid`
contracts/PPG_CONTRACT_CLOSURE_MATRIX.md,1426,C01,output,o_system_fault_color_ir,ppg_control_top.v:253,confirmed_literal_mismatch,255,"		output [C_FRAME_ID_WIDTH - 1:0] o_system_fault_frame_id,    // first-fault物理帧身份",rtl/ppg_control_top/ppg_control_top.v,`ppg_control_top.v:253` `output o_system_fault_color_ir`
contracts/PPG_CONTRACT_CLOSURE_MATRIX.md,1427,C01,output,o_system_fault_discard_event,ppg_control_top.v:246,confirmed_literal_mismatch,248,"		output o_system_abort_event,                                // 注册式单周期系统abort诊断/扇出事件",rtl/ppg_control_top/ppg_control_top.v,`ppg_control_top.v:246` `output o_system_fault_discard_event`
contracts/PPG_CONTRACT_CLOSURE_MATRIX.md,1428,C01,output,o_system_fault_frame_id,ppg_control_top.v:251,confirmed_literal_mismatch,253,"		output [3:0] o_system_fault_source,                         // 固定blocking source编码（SOURCE）（来源类）",rtl/ppg_control_top/ppg_control_top.v,`ppg_control_top.v:251` `output [C_FRAME_ID_WIDTH - 1:0] o_system_fault_frame_id`
contracts/PPG_CONTRACT_CLOSURE_MATRIX.md,1429,C01,output,o_system_fault_frame_type,ppg_control_top.v:254,confirmed_literal_mismatch,256,"		output [C_SAMPLE_INDEX_WIDTH - 1:0] o_system_fault_sample_index, // first-fault事务序号",rtl/ppg_control_top/ppg_control_top.v,`ppg_control_top.v:254` `output [1:0] o_system_fault_frame_type`
contracts/PPG_CONTRACT_CLOSURE_MATRIX.md,1430,C01,output,o_system_fault_identity_valid,ppg_control_top.v:250,confirmed_literal_mismatch,252,"		output [7:0] o_system_fault_cause,                          // 固定blocking cause编码",rtl/ppg_control_top/ppg_control_top.v,`ppg_control_top.v:250` `output o_system_fault_identity_valid`
contracts/PPG_CONTRACT_CLOSURE_MATRIX.md,1431,C01,output,o_system_fault_precision,ppg_control_top.v:255,confirmed_literal_mismatch,257,"		output o_system_fault_color_ir,                             // first-fault颜色身份",rtl/ppg_control_top/ppg_control_top.v,`ppg_control_top.v:255` `output o_system_fault_precision`
contracts/PPG_CONTRACT_CLOSURE_MATRIX.md,1432,C01,output,o_system_fault_run_generation,ppg_control_top.v:256,confirmed_literal_mismatch,258,"		output [1:0] o_system_fault_frame_type,                     // first-fault事务类型",rtl/ppg_control_top/ppg_control_top.v,`ppg_control_top.v:256` `output [C_RUN_GENERATION_WIDTH - 1:0] o_system_fault_run_generation`
contracts/PPG_CONTRACT_CLOSURE_MATRIX.md,1433,C01,output,o_system_fault_sample_index,ppg_control_top.v:252,confirmed_literal_mismatch,254,"		output o_system_fault_identity_valid,                       // first-fault身份字段有效位",rtl/ppg_control_top/ppg_control_top.v,`ppg_control_top.v:252` `output [C_SAMPLE_INDEX_WIDTH - 1:0] o_system_fault_sample_index`
contracts/PPG_CONTRACT_CLOSURE_MATRIX.md,1434,C01,output,o_system_fault_source,ppg_control_top.v:249,confirmed_literal_mismatch,251,"		output o_system_fault_cause_valid,                          // first-fault快照有效位",rtl/ppg_control_top/ppg_control_top.v,`ppg_control_top.v:249` `output [3:0] o_system_fault_source`
contracts/PPG_CONTRACT_CLOSURE_MATRIX.md,1435,C01,output,o_system_fault_summary,ppg_control_top.v:257,confirmed_literal_mismatch,259,"		output o_system_fault_precision,                            // first-fault精度身份",rtl/ppg_control_top/ppg_control_top.v,`ppg_control_top.v:257` `output [15:0] o_system_fault_summary`
contracts/PPG_CONTRACT_CLOSURE_MATRIX.md,1436,C01,output,o_system_stop_request_event,ppg_control_top.v:245,confirmed_literal_mismatch,247,"		output o_system_fault_blocking,                             // 注册式系统阻断故障汇总状态",rtl/ppg_control_top/ppg_control_top.v,`ppg_control_top.v:245` `output o_system_stop_request_event`
contracts/PPG_CONTRACT_CLOSURE_MATRIX.md,1437,C01,output,o_test_identity_inject_ready,ppg_control_top.v:237,confirmed_literal_mismatch,239,,rtl/ppg_control_top/ppg_control_top.v,`ppg_control_top.v:237` `output o_test_identity_inject_ready`
contracts/PPG_CONTRACT_CLOSURE_MATRIX.md,1438,C01,output,o_test_invalid_sample_ready,ppg_control_top.v:238,confirmed_literal_mismatch,240,		//---------------验证专用异常注入应答输出---------------//,rtl/ppg_control_top/ppg_control_top.v,`ppg_control_top.v:238` `output o_test_invalid_sample_ready`
contracts/PPG_CONTRACT_CLOSURE_MATRIX.md,1439,C01,output,o_transaction_amb_code_epoch,ppg_400hz_frame_calibration_scheduler.v:143,confirmed_literal_mismatch,145,"	output [C_IDAC_CODE_WIDTH - 1:0]o_transaction_amb_code_snapshot, // ADC事务AMB码",rtl/ppg_400hz_frame_calibration_scheduler/ppg_400hz_frame_calibration_scheduler.v,`ppg_400hz_frame_calibration_scheduler.v:143`（子模块声明）
contracts/PPG_CONTRACT_CLOSURE_MATRIX.md,1440,C01,output,o_transaction_amb_code_snapshot,ppg_400hz_frame_calibration_scheduler.v:141,confirmed_literal_mismatch,143,"	output o_transaction_color_ir,              // ADC事务颜色",rtl/ppg_400hz_frame_calibration_scheduler/ppg_400hz_frame_calibration_scheduler.v,`ppg_400hz_frame_calibration_scheduler.v:141`（子模块声明）
contracts/PPG_CONTRACT_CLOSURE_MATRIX.md,1441,C01,output,o_transaction_color_ir,ppg_400hz_frame_calibration_scheduler.v:139,confirmed_literal_mismatch,141,"	output [C_FRAME_ID_WIDTH - 1:0]o_transaction_frame_id, // ADC事务帧号",rtl/ppg_400hz_frame_calibration_scheduler/ppg_400hz_frame_calibration_scheduler.v,`ppg_400hz_frame_calibration_scheduler.v:139`（子模块声明）
contracts/PPG_CONTRACT_CLOSURE_MATRIX.md,1442,C01,output,o_transaction_dc_code_epoch,ppg_400hz_frame_calibration_scheduler.v:144,confirmed_literal_mismatch,146,"	output [C_IDAC_CODE_WIDTH - 1:0]o_transaction_dc_code_snapshot, // ADC事务DC码",rtl/ppg_400hz_frame_calibration_scheduler/ppg_400hz_frame_calibration_scheduler.v,`ppg_400hz_frame_calibration_scheduler.v:144`（子模块声明）
contracts/PPG_CONTRACT_CLOSURE_MATRIX.md,1443,C01,output,o_transaction_dc_code_snapshot,ppg_400hz_frame_calibration_scheduler.v:142,confirmed_literal_mismatch,144,"	output [1:0]o_transaction_frame_type,       // ADC事务类型",rtl/ppg_400hz_frame_calibration_scheduler/ppg_400hz_frame_calibration_scheduler.v,`ppg_400hz_frame_calibration_scheduler.v:142`（子模块声明）
contracts/PPG_CONTRACT_CLOSURE_MATRIX.md,1444,C01,output,o_transaction_frame_id,ppg_400hz_frame_calibration_scheduler.v:137,confirmed_literal_mismatch,139,"	input i_transaction_start_fire,             // AMI返回的fire一致性旁带",rtl/ppg_400hz_frame_calibration_scheduler/ppg_400hz_frame_calibration_scheduler.v,`ppg_400hz_frame_calibration_scheduler.v:137`（子模块声明）
contracts/PPG_CONTRACT_CLOSURE_MATRIX.md,1445,C01,output,o_transaction_frame_type,ppg_400hz_frame_calibration_scheduler.v:140,confirmed_literal_mismatch,142,"	output [C_SAMPLE_INDEX_WIDTH - 1:0]o_transaction_sample_index, // ADC事务序号",rtl/ppg_400hz_frame_calibration_scheduler/ppg_400hz_frame_calibration_scheduler.v,`ppg_400hz_frame_calibration_scheduler.v:140`（子模块声明）
contracts/PPG_CONTRACT_CLOSURE_MATRIX.md,1446,C01,output,o_transaction_precision_mode,ppg_400hz_frame_calibration_scheduler.v:136,confirmed_literal_mismatch,138,"	input i_transaction_start_ready,            // AMI可接收事务",rtl/ppg_400hz_frame_calibration_scheduler/ppg_400hz_frame_calibration_scheduler.v,`ppg_400hz_frame_calibration_scheduler.v:136`（子模块声明）
contracts/PPG_CONTRACT_CLOSURE_MATRIX.md,1447,C01,output,o_transaction_sample_index,ppg_400hz_frame_calibration_scheduler.v:138,confirmed_literal_mismatch,140,"	output o_transaction_precision_mode,        // ADC事务精度快照",rtl/ppg_400hz_frame_calibration_scheduler/ppg_400hz_frame_calibration_scheduler.v,`ppg_400hz_frame_calibration_scheduler.v:138`（子模块声明）
contracts/PPG_CONTRACT_CLOSURE_MATRIX.md,1448,C01,output,o_transaction_start_valid,ppg_400hz_frame_calibration_scheduler.v:133,confirmed_literal_mismatch,135,,rtl/ppg_400hz_frame_calibration_scheduler/ppg_400hz_frame_calibration_scheduler.v,`ppg_400hz_frame_calibration_scheduler.v:133`（子模块声明）
contracts/PPG_CONTRACT_CLOSURE_MATRIX.md,1449,C01,output,o_wrapper_fault_blocking,ppg_sar9_sar15_safe_selection_wrapper.v:173,literal_match,173,"	output o_wrapper_fault_blocking,            // 输出端输出封装专用字段阻断低位编码端",rtl/ppg_sar9_sar15_safe_selection_wrapper/ppg_sar9_sar15_safe_selection_wrapper.v,`ppg_sar9_sar15_safe_selection_wrapper.v:173`；`ppg_adc_measurement_idac_integration.v:350`（子模块声明）
contracts/PPG_CONTRACT_CLOSURE_MATRIX.md,1449,C01,output,o_wrapper_fault_blocking,ppg_adc_measurement_idac_integration.v:350,confirmed_literal_mismatch,353,,rtl/ppg_adc_measurement_idac_integration/ppg_adc_measurement_idac_integration.v,`ppg_sar9_sar15_safe_selection_wrapper.v:173`；`ppg_adc_measurement_idac_integration.v:350`（子模块声明）
contracts/PPG_CONTRACT_CLOSURE_MATRIX.md,1450,C01,input,i_source_config_snapshot,ppg_control_top.v:102,confirmed_literal_mismatch,104,,rtl/ppg_control_top/ppg_control_top.v,`ppg_control_top.v:102` `input [C_CONFIG_WIDTH - 1:0] i_source_config_snapshot`
contracts/PPG_CONTRACT_CLOSURE_MATRIX.md,1451,C01,input,i_source_config_update_event,ppg_control_top.v:103,confirmed_literal_mismatch,105,		//---------------V4+V5联合ACTIVE源域接口---------------//,rtl/ppg_control_top/ppg_control_top.v,`ppg_control_top.v:103` `input i_source_config_update_event`
contracts/PPG_CONTRACT_CLOSURE_MATRIX.md,1452,C01,input,i_start_event,ppg_control_top.v:111,confirmed_literal_mismatch,113,,rtl/ppg_control_top/ppg_control_top.v,`ppg_control_top.v:111` `input i_start_event`
contracts/PPG_CONTRACT_CLOSURE_MATRIX.md,1453,C01,input,i_analog_ready,ppg_control_top.v:122,confirmed_literal_mismatch,124,"		input i_clk_stage2_dout_low_async,                   // Stage2异步完成保持电平，进入AMI（STAGE2）（二级）",rtl/ppg_control_top/ppg_control_top.v,`ppg_control_top.v:122` `input i_analog_ready`
contracts/PPG_CONTRACT_CLOSURE_MATRIX.md,1454,C01,output,o_lifecycle_state,ppg_control_top.v:197,confirmed_literal_mismatch,199,,rtl/ppg_control_top/ppg_control_top.v,`ppg_control_top.v:197` `output [1:0] o_lifecycle_state`
contracts/PPG_CONTRACT_CLOSURE_MATRIX.md,1455,C01,output,o_start_ready,ppg_control_top.v:198,confirmed_literal_mismatch,200,		//---------------V4/V5生命周期ACK与错误输出---------------//,rtl/ppg_control_top/ppg_control_top.v,`ppg_control_top.v:198` `output o_start_ready`
contracts/PPG_CONTRACT_CLOSURE_MATRIX.md,1456,C01,output,o_commit_ack_event,ppg_control_top.v:199,confirmed_literal_mismatch,201,"		output [1:0] o_lifecycle_state,                           // CONFIG、READY、RUN或STOPPING",rtl/ppg_control_top/ppg_control_top.v,`ppg_control_top.v:199` `output o_commit_ack_event`
contracts/PPG_CONTRACT_CLOSURE_MATRIX.md,1457,C01,output,o_error_event,ppg_control_top.v:202,confirmed_literal_mismatch,204,"		output o_start_ack_event,                                 // START合法接受的单周期应答",rtl/ppg_control_top/ppg_control_top.v,`ppg_control_top.v:202` `output o_error_event`
contracts/PPG_CONTRACT_CLOSURE_MATRIX.md,1458,C01,output,o_commit_ack_sticky,ppg_control_top.v:203,confirmed_literal_mismatch,205,"		output o_stop_ack_event,                                  // STOP接受或幂等处理的单周期应答",rtl/ppg_control_top/ppg_control_top.v,`ppg_control_top.v:203` `output o_commit_ack_sticky`
contracts/PPG_CONTRACT_CLOSURE_MATRIX.md,1459,C01,output,o_error_sticky,ppg_control_top.v:204,confirmed_literal_mismatch,206,"		output o_error_event,                                     // 当前配置或命令被拒绝的单周期事件",rtl/ppg_control_top/ppg_control_top.v,`ppg_control_top.v:204` `output o_error_sticky`
contracts/PPG_CONTRACT_CLOSURE_MATRIX.md,1460,C01,output,o_last_error_code,ppg_control_top.v:205,confirmed_literal_mismatch,207,"		output o_commit_ack_sticky,                               // 配置成功sticky状态",rtl/ppg_control_top/ppg_control_top.v,`ppg_control_top.v:205` `output [7:0] o_last_error_code`
contracts/PPG_CONTRACT_CLOSURE_MATRIX.md,1461,C01,output,o_schema_version,ppg_control_top.v:206,confirmed_literal_mismatch,208,"		output o_error_sticky,                                    // 错误汇总sticky状态",rtl/ppg_control_top/ppg_control_top.v,`ppg_control_top.v:206` `output [7:0] o_schema_version`
contracts/PPG_CONTRACT_CLOSURE_MATRIX.md,1462,C01,output,o_config_epoch,ppg_control_top.v:207,confirmed_literal_mismatch,209,"		output [7:0] o_last_error_code,                           // 最近一次错误分类码",rtl/ppg_control_top/ppg_control_top.v,`ppg_control_top.v:207` `output [7:0] o_config_epoch`
contracts/PPG_CONTRACT_CLOSURE_MATRIX.md,1463,C01,output,o_coef_epoch,ppg_control_top.v:208,confirmed_literal_mismatch,210,"		output [7:0] o_schema_version,                            // V4快照格式版本",rtl/ppg_control_top/ppg_control_top.v,`ppg_control_top.v:208` `output [7:0] o_coef_epoch`
contracts/PPG_CONTRACT_CLOSURE_MATRIX.md,1464,C01,output,o_stage2_coef_epoch,ppg_control_top.v:209,confirmed_literal_mismatch,211,"		output [7:0] o_config_epoch,                              // 完整配置版本",rtl/ppg_control_top/ppg_control_top.v,`ppg_control_top.v:209` `output [7:0] o_stage2_coef_epoch`
contracts/PPG_CONTRACT_CLOSURE_MATRIX.md,1465,C01,output,o_dc_recovery_coef_epoch,ppg_control_top.v:210,confirmed_literal_mismatch,212,"		output [7:0] o_coef_epoch,                                // Stage1系数版本",rtl/ppg_control_top/ppg_control_top.v,`ppg_control_top.v:210` `output [7:0] o_dc_recovery_coef_epoch`
contracts/PPG_CONTRACT_CLOSURE_MATRIX.md,1466,C01,output,o_source_config_update_ready,ppg_control_top.v:229,confirmed_literal_mismatch,231,,rtl/ppg_control_top/ppg_control_top.v,`ppg_control_top.v:229` `output o_source_config_update_ready`
contracts/PPG_CONTRACT_CLOSURE_MATRIX.md,1467,C01,input,i_source_test_mux_ctrl,ppg_control_top.v:108,confirmed_literal_mismatch,110,"		input i_source_characterization_update_valid,           // 保持型source表征控制更新请求，直到CDC握手接受",rtl/ppg_control_top/ppg_control_top.v,`ppg_control_top.v:108` `input [4:0] i_source_test_mux_ctrl`
contracts/PPG_CONTRACT_CLOSURE_MATRIX.md,1468,C01,input,i_context_handover_stall_request,ppg_control_top.v:134,confirmed_literal_mismatch,136,"		input i_test_saturation_inject_valid,               // 保持型one-shot饱和注入请求，透传给内部IDAC控制器",rtl/ppg_control_top/ppg_control_top.v,`ppg_control_top.v:134` `input i_context_handover_stall_request`
contracts/PPG_CONTRACT_CLOSURE_MATRIX.md,1469,C01,output,o_en_tia_low,ppg_control_top.v:137,confirmed_literal_mismatch,139,,rtl/ppg_control_top/ppg_control_top.v,`ppg_control_top.v:137` `output o_en_tia_low`
contracts/PPG_CONTRACT_CLOSURE_MATRIX.md,1470,C01,output,o_leddac,ppg_control_top.v:138,confirmed_literal_mismatch,140,		//---------------SSW模拟控制原样输出---------------//,rtl/ppg_control_top/ppg_control_top.v,`ppg_control_top.v:138` `output [7:0] o_leddac`
contracts/PPG_CONTRACT_CLOSURE_MATRIX.md,1471,C01,output,o_leden1_low,ppg_control_top.v:139,confirmed_literal_mismatch,141,"		output o_en_tia_low,                               // 跨阻放大使能，低有效",rtl/ppg_control_top/ppg_control_top.v,`ppg_control_top.v:139` `output o_leden1_low`
contracts/PPG_CONTRACT_CLOSURE_MATRIX.md,1472,C01,output,o_leden2_low,ppg_control_top.v:140,confirmed_literal_mismatch,142,"		output [7:0] o_leddac,                             // LED驱动数模码",rtl/ppg_control_top/ppg_control_top.v,`ppg_control_top.v:140` `output o_leden2_low`
contracts/PPG_CONTRACT_CLOSURE_MATRIX.md,1473,C01,output,o_en_test,ppg_control_top.v:141,confirmed_literal_mismatch,143,"		output o_leden1_low,                               // 红光LED选择，低有效",rtl/ppg_control_top/ppg_control_top.v,`ppg_control_top.v:141` `output o_en_test`
contracts/PPG_CONTRACT_CLOSURE_MATRIX.md,1474,C01,output,o_clk_buf_low,ppg_control_top.v:142,confirmed_literal_mismatch,144,"		output o_leden2_low,                               // 红外LED选择，低有效",rtl/ppg_control_top/ppg_control_top.v,`ppg_control_top.v:142` `output o_clk_buf_low`
contracts/PPG_CONTRACT_CLOSURE_MATRIX.md,1475,C01,output,o_clk_iref_idac_low,ppg_control_top.v:143,confirmed_literal_mismatch,145,"		output o_en_test,                                  // 模拟测试模式使能",rtl/ppg_control_top/ppg_control_top.v,`ppg_control_top.v:143` `output o_clk_iref_idac_low`
contracts/PPG_CONTRACT_CLOSURE_MATRIX.md,1476,C01,output,o_clk_9q1_low,ppg_control_top.v:144,confirmed_literal_mismatch,146,"		output o_clk_buf_low,                              // 时钟缓冲，低有效",rtl/ppg_control_top/ppg_control_top.v,`ppg_control_top.v:144` `output o_clk_9q1_low`
contracts/PPG_CONTRACT_CLOSURE_MATRIX.md,1477,C01,output,o_clk_15q1_low,ppg_control_top.v:145,confirmed_literal_mismatch,147,"		output o_clk_iref_idac_low,                        // 参考电流IDAC时钟，低有效",rtl/ppg_control_top/ppg_control_top.v,`ppg_control_top.v:145` `output o_clk_15q1_low`
contracts/PPG_CONTRACT_CLOSURE_MATRIX.md,1478,C01,output,o_clk_aferst_low,ppg_control_top.v:146,confirmed_literal_mismatch,148,"		output o_clk_9q1_low,                              // 九位第一相位时钟，低有效",rtl/ppg_control_top/ppg_control_top.v,`ppg_control_top.v:146` `output o_clk_aferst_low`
contracts/PPG_CONTRACT_CLOSURE_MATRIX.md,1479,C01,output,o_clk_iref_idac_sar9_low,ppg_control_top.v:147,confirmed_literal_mismatch,149,"		output o_clk_15q1_low,                             // 十五位第一相位时钟，低有效",rtl/ppg_control_top/ppg_control_top.v,`ppg_control_top.v:147` `output o_clk_iref_idac_sar9_low`
contracts/PPG_CONTRACT_CLOSURE_MATRIX.md,1480,C01,output,o_clk_iref_idac_sar15_low,ppg_control_top.v:148,confirmed_literal_mismatch,150,"		output o_clk_aferst_low,                           // 前端复位时钟，低有效",rtl/ppg_control_top/ppg_control_top.v,`ppg_control_top.v:148` `output o_clk_iref_idac_sar15_low`
contracts/PPG_CONTRACT_CLOSURE_MATRIX.md,1481,C01,output,o_clk_q2_low,ppg_control_top.v:149,confirmed_literal_mismatch,151,"		output o_clk_iref_idac_sar9_low,                   // 九位转换参考电流IDAC时钟，低有效",rtl/ppg_control_top/ppg_control_top.v,`ppg_control_top.v:149` `output o_clk_q2_low`
contracts/PPG_CONTRACT_CLOSURE_MATRIX.md,1482,C01,output,o_clk_q3_low,ppg_control_top.v:150,confirmed_literal_mismatch,152,"		output o_clk_iref_idac_sar15_low,                  // 十五位转换参考电流IDAC时钟，低有效",rtl/ppg_control_top/ppg_control_top.v,`ppg_control_top.v:150` `output o_clk_q3_low`
contracts/PPG_CONTRACT_CLOSURE_MATRIX.md,1483,C01,output,o_clk_tiaen_low,ppg_control_top.v:151,confirmed_literal_mismatch,153,"		output o_clk_q2_low,                               // 第二相位时钟，低有效",rtl/ppg_control_top/ppg_control_top.v,`ppg_control_top.v:151` `output o_clk_tiaen_low`
contracts/PPG_CONTRACT_CLOSURE_MATRIX.md,1484,C01,output,o_en_15sar_low,ppg_control_top.v:152,confirmed_literal_mismatch,154,"		output o_clk_q3_low,                               // 第三相位采样中心时钟，低有效",rtl/ppg_control_top/ppg_control_top.v,`ppg_control_top.v:152` `output o_en_15sar_low`
contracts/PPG_CONTRACT_CLOSURE_MATRIX.md,1485,C01,output,o_en_sar9_amb_low,ppg_control_top.v:153,confirmed_literal_mismatch,155,"		output o_clk_tiaen_low,                            // 跨阻放大使能时钟，低有效",rtl/ppg_control_top/ppg_control_top.v,`ppg_control_top.v:153` `output o_en_sar9_amb_low`
contracts/PPG_CONTRACT_CLOSURE_MATRIX.md,1486,C01,output,o_en_sar9_dc_low,ppg_control_top.v:154,confirmed_literal_mismatch,156,"		output o_en_15sar_low,                             // 十五位SAR使能，低有效",rtl/ppg_control_top/ppg_control_top.v,`ppg_control_top.v:154` `output o_en_sar9_dc_low`
contracts/PPG_CONTRACT_CLOSURE_MATRIX.md,1487,C01,output,o_en_sar9_iref,ppg_control_top.v:155,confirmed_literal_mismatch,157,"		output o_en_sar9_amb_low,                          // 九位AMB通路使能，低有效",rtl/ppg_control_top/ppg_control_top.v,`ppg_control_top.v:155` `output o_en_sar9_iref`
contracts/PPG_CONTRACT_CLOSURE_MATRIX.md,1488,C01,output,o_en_sar15_amb_low,ppg_control_top.v:156,confirmed_literal_mismatch,158,"		output o_en_sar9_dc_low,                           // 九位DC通路使能，低有效（DC）（直流）",rtl/ppg_control_top/ppg_control_top.v,`ppg_control_top.v:156` `output o_en_sar15_amb_low`
contracts/PPG_CONTRACT_CLOSURE_MATRIX.md,1489,C01,output,o_en_sar15_dc_low,ppg_control_top.v:157,confirmed_literal_mismatch,159,"		output o_en_sar9_iref,                             // 九位参考电流使能",rtl/ppg_control_top/ppg_control_top.v,`ppg_control_top.v:157` `output o_en_sar15_dc_low`
contracts/PPG_CONTRACT_CLOSURE_MATRIX.md,1490,C01,output,o_en_sar15_iref,ppg_control_top.v:158,confirmed_literal_mismatch,160,"		output o_en_sar15_amb_low,                         // 十五位AMB通路使能，低有效",rtl/ppg_control_top/ppg_control_top.v,`ppg_control_top.v:158` `output o_en_sar15_iref`
contracts/PPG_CONTRACT_CLOSURE_MATRIX.md,1491,C01,output,o_idac_sar9ambn_low,ppg_control_top.v:159,confirmed_literal_mismatch,161,"		output o_en_sar15_dc_low,                          // 十五位DC通路使能，低有效（DC）（直流）",rtl/ppg_control_top/ppg_control_top.v,`ppg_control_top.v:159` `output [7:0] o_idac_sar9ambn_low`
contracts/PPG_CONTRACT_CLOSURE_MATRIX.md,1492,C01,output,o_idac_sar9dcn_low,ppg_control_top.v:160,confirmed_literal_mismatch,162,"		output o_en_sar15_iref,                            // 十五位参考电流使能",rtl/ppg_control_top/ppg_control_top.v,`ppg_control_top.v:160` `output [7:0] o_idac_sar9dcn_low`
contracts/PPG_CONTRACT_CLOSURE_MATRIX.md,1493,C01,output,o_idac_sar15ambn_low,ppg_control_top.v:161,confirmed_literal_mismatch,163,"		output [7:0] o_idac_sar9ambn_low,                  // 九位AMB电流数模总线，低有效",rtl/ppg_control_top/ppg_control_top.v,`ppg_control_top.v:161` `output [7:0] o_idac_sar15ambn_low`
contracts/PPG_CONTRACT_CLOSURE_MATRIX.md,1494,C01,output,o_idac_sar15dcn_low,ppg_control_top.v:162,confirmed_literal_mismatch,164,"		output [7:0] o_idac_sar9dcn_low,                   // 九位DC电流数模总线，低有效（SAR9DCN）（九位直流总线）",rtl/ppg_control_top/ppg_control_top.v,`ppg_control_top.v:162` `output [7:0] o_idac_sar15dcn_low`
contracts/PPG_CONTRACT_CLOSURE_MATRIX.md,1495,C01,output,o_s_in,ppg_control_top.v:163,confirmed_literal_mismatch,165,"		output [7:0] o_idac_sar15ambn_low,                 // 十五位AMB电流数模总线，低有效",rtl/ppg_control_top/ppg_control_top.v,`ppg_control_top.v:163` `output [4:0] o_s_in`
contracts/PPG_CONTRACT_CLOSURE_MATRIX.md,1496,C01,output,o_clk_2m,ppg_control_top.v:164,confirmed_literal_mismatch,166,"		output [7:0] o_idac_sar15dcn_low,                  // 十五位DC电流数模总线，低有效（SAR15DCN）（十五位直流总线）",rtl/ppg_control_top/ppg_control_top.v,`ppg_control_top.v:164` `output o_clk_2m`
contracts/PPG_CONTRACT_CLOSURE_MATRIX.md,1497,C01,output,o_scheduler_idle,ppg_control_top.v:213,confirmed_literal_mismatch,215,,rtl/ppg_control_top/ppg_control_top.v,`ppg_control_top.v:213` `output o_scheduler_idle`
contracts/PPG_CONTRACT_CLOSURE_MATRIX.md,1498,C01,output,o_scheduler_launch_timeout_sticky,ppg_control_top.v:214,confirmed_literal_mismatch,216,		//---------------调度器/AMI/SSW只读诊断输出---------------//,rtl/ppg_control_top/ppg_control_top.v,`ppg_control_top.v:214` `output o_scheduler_launch_timeout_sticky`
contracts/PPG_CONTRACT_CLOSURE_MATRIX.md,1499,C01,output,o_scheduler_owner_deadline_timeout_sticky,ppg_control_top.v:215,confirmed_literal_mismatch,217,"		output o_scheduler_idle,                                  // 调度器数字与物理时序均排空",rtl/ppg_control_top/ppg_control_top.v,`ppg_control_top.v:215` `output o_scheduler_owner_deadline_timeout_sticky`
contracts/PPG_CONTRACT_CLOSURE_MATRIX.md,1500,C01,output,o_scheduler_completion_mismatch_sticky,ppg_control_top.v:216,confirmed_literal_mismatch,218,"		output o_scheduler_launch_timeout_sticky,                 // 调度器波形接管错过诊断",rtl/ppg_control_top/ppg_control_top.v,`ppg_control_top.v:216` `output o_scheduler_completion_mismatch_sticky`
contracts/PPG_CONTRACT_CLOSURE_MATRIX.md,1501,C01,output,o_scheduler_protocol_error_sticky,ppg_control_top.v:217,confirmed_literal_mismatch,219,"		output o_scheduler_owner_deadline_timeout_sticky,         // 调度器ADC owner截止错过诊断",rtl/ppg_control_top/ppg_control_top.v,`ppg_control_top.v:217` `output o_scheduler_protocol_error_sticky`
contracts/PPG_CONTRACT_CLOSURE_MATRIX.md,1502,C01,output,o_ssw_wrapper_idle,ppg_control_top.v:222,confirmed_literal_mismatch,224,"		output o_active_precision_mode,                           // 系统唯一committed采集精度实时电平，供片外glue顶层选择物理ADC Stage1/Stage2 DONE并随P2S固定字段外发",rtl/ppg_control_top/ppg_control_top.v,`ppg_control_top.v:222` `output o_ssw_wrapper_idle`
contracts/PPG_CONTRACT_CLOSURE_MATRIX.md,1503,C01,output,o_ssw_switch_protocol_error_sticky,ppg_control_top.v:223,confirmed_literal_mismatch,225,"		output o_ami_integration_protocol_error_sticky,           // AMI集成协议异常历史诊断",rtl/ppg_control_top/ppg_control_top.v,`ppg_control_top.v:223` `output o_ssw_switch_protocol_error_sticky`
contracts/PPG_CONTRACT_CLOSURE_MATRIX.md,1504,C01,output,o_ssw_transaction_mismatch_sticky,ppg_control_top.v:224,confirmed_literal_mismatch,226,"		output o_ssw_wrapper_idle,                                // SSW封装完整空闲状态",rtl/ppg_control_top/ppg_control_top.v,`ppg_control_top.v:224` `output o_ssw_transaction_mismatch_sticky`
contracts/PPG_CONTRACT_CLOSURE_MATRIX.md,1505,C01,output,o_ssw_owner_deadline_timeout_sticky,ppg_control_top.v:225,confirmed_literal_mismatch,227,"		output o_ssw_switch_protocol_error_sticky,                // SSW切换协议错误保持",rtl/ppg_control_top/ppg_control_top.v,`ppg_control_top.v:225` `output o_ssw_owner_deadline_timeout_sticky`
contracts/PPG_CONTRACT_CLOSURE_MATRIX.md,1506,C01,output,o_ssw_calibration_timeout_sticky,ppg_control_top.v:226,confirmed_literal_mismatch,228,"		output o_ssw_transaction_mismatch_sticky,                 // SSW事务失配保持",rtl/ppg_control_top/ppg_control_top.v,`ppg_control_top.v:226` `output o_ssw_calibration_timeout_sticky`
contracts/PPG_CONTRACT_CLOSURE_MATRIX.md,1507,C01,input,i_dout_stage1_low,ppg_control_top.v:117,confirmed_literal_mismatch,119,,rtl/ppg_control_top/ppg_control_top.v,`ppg_control_top.v:117` `input [9:0] i_dout_stage1_low`
contracts/PPG_CONTRACT_CLOSURE_MATRIX.md,1508,C01,input,i_clk_stage1_dout_low_async,ppg_control_top.v:118,confirmed_literal_mismatch,120,		//---------------物理ADC与模拟边界输入---------------//,rtl/ppg_control_top/ppg_control_top.v,`ppg_control_top.v:118` `input i_clk_stage1_dout_low_async`
contracts/PPG_CONTRACT_CLOSURE_MATRIX.md,1509,C01,input,i_dout_stage2_low,ppg_control_top.v:119,confirmed_literal_mismatch,121,"		input [9:0] i_dout_stage1_low,                       // Stage1物理判决码，进入AMI",rtl/ppg_control_top/ppg_control_top.v,`ppg_control_top.v:119` `input [9:0] i_dout_stage2_low`
contracts/PPG_CONTRACT_CLOSURE_MATRIX.md,1510,C01,input,i_clk_stage2_dout_low_async,ppg_control_top.v:120,confirmed_literal_mismatch,122,"		input i_clk_stage1_dout_low_async,                   // Stage1异步完成保持电平，进入AMI",rtl/ppg_control_top/ppg_control_top.v,`ppg_control_top.v:120` `input i_clk_stage2_dout_low_async`
contracts/PPG_CONTRACT_CLOSURE_MATRIX.md,1511,C01,input,i_measurement_result_ready,ppg_control_top.v:125,confirmed_literal_mismatch,127,,rtl/ppg_control_top/ppg_control_top.v,`ppg_control_top.v:125` `input i_measurement_result_ready`
contracts/PPG_CONTRACT_CLOSURE_MATRIX.md,1512,C01,input,i_test_saturation_inject_valid,ppg_control_top.v:132,confirmed_literal_mismatch,134,"		input [C_SAMPLE_INDEX_WIDTH - 1:0] i_test_identity_inject_sample_index, // 显式错误完成sample index payload",rtl/ppg_control_top/ppg_control_top.v,`ppg_control_top.v:132` `input i_test_saturation_inject_valid`
contracts/PPG_CONTRACT_CLOSURE_MATRIX.md,1513,C01,input,i_test_calibration_loss_inject_valid,ppg_control_top.v:133,confirmed_literal_mismatch,135,"		input i_test_invalid_sample_valid,                  // 保持型one-shot invalid-sample请求",rtl/ppg_control_top/ppg_control_top.v,`ppg_control_top.v:133` `input i_test_calibration_loss_inject_valid`
contracts/PPG_CONTRACT_CLOSURE_MATRIX.md,1514,C01,output,o_measurement_result_valid,ppg_control_top.v:167,confirmed_literal_mismatch,169,,rtl/ppg_control_top/ppg_control_top.v,`ppg_control_top.v:167` `output o_measurement_result_valid`
contracts/PPG_CONTRACT_CLOSURE_MATRIX.md,1515,C01,output,o_coarse_ppg_value,ppg_control_top.v:168,confirmed_literal_mismatch,170,		//---------------AMI正式测量结果输出---------------//,rtl/ppg_control_top/ppg_control_top.v,`ppg_control_top.v:168` `output signed [23:0] o_coarse_ppg_value`
contracts/PPG_CONTRACT_CLOSURE_MATRIX.md,1516,C01,output,o_coarse_valid,ppg_control_top.v:169,confirmed_literal_mismatch,171,"		output o_measurement_result_valid,                 // 正式结果保持有效至消费",rtl/ppg_control_top/ppg_control_top.v,`ppg_control_top.v:169` `output o_coarse_valid`
contracts/PPG_CONTRACT_CLOSURE_MATRIX.md,1517,C01,output,o_coarse_recovery_calibrated,ppg_control_top.v:170,confirmed_literal_mismatch,172,"		output signed [23:0] o_coarse_ppg_value,           // DC恢复后粗PPG值",rtl/ppg_control_top/ppg_control_top.v,`ppg_control_top.v:170` `output o_coarse_recovery_calibrated`
contracts/PPG_CONTRACT_CLOSURE_MATRIX.md,1518,C01,output,o_coarse_saturation_low,ppg_control_top.v:171,confirmed_literal_mismatch,173,"		output o_coarse_valid,                             // 粗结果有效资格",rtl/ppg_control_top/ppg_control_top.v,`ppg_control_top.v:171` `output o_coarse_saturation_low`
contracts/PPG_CONTRACT_CLOSURE_MATRIX.md,1519,C01,output,o_coarse_saturation_high,ppg_control_top.v:172,confirmed_literal_mismatch,174,"		output o_coarse_recovery_calibrated,               // 粗结果正式恢复资格",rtl/ppg_control_top/ppg_control_top.v,`ppg_control_top.v:172` `output o_coarse_saturation_high`
contracts/PPG_CONTRACT_CLOSURE_MATRIX.md,1520,C01,output,o_fine_ppg_value,ppg_control_top.v:173,confirmed_literal_mismatch,175,"		output o_coarse_saturation_low,                    // 粗结果负向饱和诊断",rtl/ppg_control_top/ppg_control_top.v,`ppg_control_top.v:173` `output signed [23:0] o_fine_ppg_value`
contracts/PPG_CONTRACT_CLOSURE_MATRIX.md,1521,C01,output,o_fine_valid,ppg_control_top.v:174,confirmed_literal_mismatch,176,"		output o_coarse_saturation_high,                   // 粗结果正向饱和诊断",rtl/ppg_control_top/ppg_control_top.v,`ppg_control_top.v:174` `output o_fine_valid`
contracts/PPG_CONTRACT_CLOSURE_MATRIX.md,1522,C01,output,o_fine_recovery_calibrated,ppg_control_top.v:175,confirmed_literal_mismatch,177,"		output signed [23:0] o_fine_ppg_value,             // DC恢复后精细PPG值",rtl/ppg_control_top/ppg_control_top.v,`ppg_control_top.v:175` `output o_fine_recovery_calibrated`
contracts/PPG_CONTRACT_CLOSURE_MATRIX.md,1523,C01,output,o_fine_saturation_low,ppg_control_top.v:176,confirmed_literal_mismatch,178,"		output o_fine_valid,                               // 精细结果有效资格",rtl/ppg_control_top/ppg_control_top.v,`ppg_control_top.v:176` `output o_fine_saturation_low`
contracts/PPG_CONTRACT_CLOSURE_MATRIX.md,1524,C01,output,o_fine_saturation_high,ppg_control_top.v:177,confirmed_literal_mismatch,179,"		output o_fine_recovery_calibrated,                 // 精细结果正式恢复资格",rtl/ppg_control_top/ppg_control_top.v,`ppg_control_top.v:177` `output o_fine_saturation_high`
contracts/PPG_CONTRACT_CLOSURE_MATRIX.md,1525,C01,output,o_calibrated_s1_value,ppg_control_top.v:178,confirmed_literal_mismatch,180,"		output o_fine_saturation_low,                      // 精细结果负向饱和诊断",rtl/ppg_control_top/ppg_control_top.v,`ppg_control_top.v:178` `output signed [11:0] o_calibrated_s1_value`
contracts/PPG_CONTRACT_CLOSURE_MATRIX.md,1526,C01,output,o_programmable_15_code,ppg_control_top.v:179,confirmed_literal_mismatch,181,"		output o_fine_saturation_high,                     // 精细结果正向饱和诊断",rtl/ppg_control_top/ppg_control_top.v,`ppg_control_top.v:179` `output signed [14:0] o_programmable_15_code`
contracts/PPG_CONTRACT_CLOSURE_MATRIX.md,1527,C01,output,o_programmable_15_valid,ppg_control_top.v:180,confirmed_literal_mismatch,182,"		output signed [11:0] o_calibrated_s1_value,        // 正式Stage1校准残差",rtl/ppg_control_top/ppg_control_top.v,`ppg_control_top.v:180` `output o_programmable_15_valid`
contracts/PPG_CONTRACT_CLOSURE_MATRIX.md,1528,C01,output,o_result_config_epoch,ppg_control_top.v:181,confirmed_literal_mismatch,183,"		output signed [14:0] o_programmable_15_code,       // 正式可编程15-bit残差",rtl/ppg_control_top/ppg_control_top.v,`ppg_control_top.v:181` `output [C_CONFIG_EPOCH_WIDTH - 1:0] o_result_config_epoch`
contracts/PPG_CONTRACT_CLOSURE_MATRIX.md,1529,C01,output,o_result_coef_epoch,ppg_control_top.v:182,confirmed_literal_mismatch,184,"		output o_programmable_15_valid,                    // 可编程精细结果资格",rtl/ppg_control_top/ppg_control_top.v,`ppg_control_top.v:182` `output [C_COEF_EPOCH_WIDTH - 1:0] o_result_coef_epoch`
contracts/PPG_CONTRACT_CLOSURE_MATRIX.md,1530,C01,output,o_result_stage2_coef_epoch,ppg_control_top.v:183,confirmed_literal_mismatch,185,"		output [C_CONFIG_EPOCH_WIDTH - 1:0] o_result_config_epoch, // 本笔结果ACTIVE版本",rtl/ppg_control_top/ppg_control_top.v,`ppg_control_top.v:183` `output [C_COEF_EPOCH_WIDTH - 1:0] o_result_stage2_coef_epoch`
contracts/PPG_CONTRACT_CLOSURE_MATRIX.md,1531,C01,output,o_result_dc_coef_epoch,ppg_control_top.v:184,confirmed_literal_mismatch,186,"		output [C_COEF_EPOCH_WIDTH - 1:0] o_result_coef_epoch, // 本笔结果Stage1系数版本",rtl/ppg_control_top/ppg_control_top.v,`ppg_control_top.v:184` `output [C_DC_RECOVERY_EPOCH_WIDTH - 1:0] o_result_dc_coef_epoch`
contracts/PPG_CONTRACT_CLOSURE_MATRIX.md,1532,C01,output,o_result_precision_mode,ppg_control_top.v:185,confirmed_literal_mismatch,187,"		output [C_COEF_EPOCH_WIDTH - 1:0] o_result_stage2_coef_epoch, // 本笔结果Stage2系数版本（STAGE2）（二级）",rtl/ppg_control_top/ppg_control_top.v,`ppg_control_top.v:185` `output o_result_precision_mode`
contracts/PPG_CONTRACT_CLOSURE_MATRIX.md,1533,C01,output,o_result_frame_id,ppg_control_top.v:186,confirmed_literal_mismatch,188,"		output [C_DC_RECOVERY_EPOCH_WIDTH - 1:0] o_result_dc_coef_epoch, // 本笔结果DC恢复版本",rtl/ppg_control_top/ppg_control_top.v,`ppg_control_top.v:186` `output [C_FRAME_ID_WIDTH - 1:0] o_result_frame_id`
contracts/PPG_CONTRACT_CLOSURE_MATRIX.md,1534,C01,output,o_result_sample_index,ppg_control_top.v:187,confirmed_literal_mismatch,189,"		output o_result_precision_mode,                    // 本笔结果精度快照",rtl/ppg_control_top/ppg_control_top.v,`ppg_control_top.v:187` `output [C_SAMPLE_INDEX_WIDTH - 1:0] o_result_sample_index`
contracts/PPG_CONTRACT_CLOSURE_MATRIX.md,1535,C01,output,o_result_color_ir,ppg_control_top.v:188,confirmed_literal_mismatch,190,"		output [C_FRAME_ID_WIDTH - 1:0] o_result_frame_id, // 本笔结果物理帧号",rtl/ppg_control_top/ppg_control_top.v,`ppg_control_top.v:188` `output o_result_color_ir`
contracts/PPG_CONTRACT_CLOSURE_MATRIX.md,1536,C01,output,o_result_frame_type,ppg_control_top.v:189,confirmed_literal_mismatch,191,"		output [C_SAMPLE_INDEX_WIDTH - 1:0] o_result_sample_index, // 本笔结果全局序号",rtl/ppg_control_top/ppg_control_top.v,`ppg_control_top.v:189` `output [1:0] o_result_frame_type`
contracts/PPG_CONTRACT_CLOSURE_MATRIX.md,1537,C01,output,o_result_amb_code_snapshot,ppg_control_top.v:190,confirmed_literal_mismatch,192,"		output o_result_color_ir,                          // 本笔结果颜色身份",rtl/ppg_control_top/ppg_control_top.v,`ppg_control_top.v:190` `output [7:0] o_result_amb_code_snapshot`
contracts/PPG_CONTRACT_CLOSURE_MATRIX.md,1538,C01,output,o_result_dc_code_snapshot,ppg_control_top.v:191,confirmed_literal_mismatch,193,"		output [1:0] o_result_frame_type,                  // 本笔结果帧类型编码",rtl/ppg_control_top/ppg_control_top.v,`ppg_control_top.v:191` `output [7:0] o_result_dc_code_snapshot`
contracts/PPG_CONTRACT_CLOSURE_MATRIX.md,1539,C01,output,o_result_amb_code_epoch,ppg_control_top.v:192,confirmed_literal_mismatch,194,"		output [7:0] o_result_amb_code_snapshot,           // 本笔结果AMB码快照",rtl/ppg_control_top/ppg_control_top.v,`ppg_control_top.v:192` `output [C_CODE_EPOCH_WIDTH - 1:0] o_result_amb_code_epoch`
contracts/PPG_CONTRACT_CLOSURE_MATRIX.md,1540,C01,output,o_result_dc_code_epoch,ppg_control_top.v:193,confirmed_literal_mismatch,195,"		output [7:0] o_result_dc_code_snapshot,            // 本笔结果颜色DC码快照",rtl/ppg_control_top/ppg_control_top.v,`ppg_control_top.v:193` `output [C_CODE_EPOCH_WIDTH - 1:0] o_result_dc_code_epoch`
contracts/PPG_CONTRACT_CLOSURE_MATRIX.md,1541,C01,output,o_ami_datapath_empty,ppg_control_top.v:218,confirmed_literal_mismatch,220,"		output o_scheduler_completion_mismatch_sticky,            // 调度器DONE身份错配诊断",rtl/ppg_control_top/ppg_control_top.v,`ppg_control_top.v:218` `output o_ami_datapath_empty`
contracts/PPG_CONTRACT_CLOSURE_MATRIX.md,1542,C01,output,o_ami_idac_idle,ppg_control_top.v:219,confirmed_literal_mismatch,221,"		output o_scheduler_protocol_error_sticky,                 // 调度器握手或编码协议诊断",rtl/ppg_control_top/ppg_control_top.v,`ppg_control_top.v:219` `output o_ami_idac_idle`
contracts/PPG_CONTRACT_CLOSURE_MATRIX.md,1543,C01,output,o_ami_integration_protocol_error_sticky,ppg_control_top.v:221,confirmed_literal_mismatch,223,"		output o_ami_idac_idle,                                   // AMI IDAC控制器真实空闲状态",rtl/ppg_control_top/ppg_control_top.v,`ppg_control_top.v:221` `output o_ami_integration_protocol_error_sticky`
contracts/PPG_CONTRACT_CLOSURE_MATRIX.md,1544,C01,output,o_test_saturation_inject_ready,ppg_control_top.v:239,confirmed_literal_mismatch,241,"		output o_test_identity_inject_ready,                    // AMI当前可原子绑定identity请求",rtl/ppg_control_top/ppg_control_top.v,`ppg_control_top.v:239` `output o_test_saturation_inject_ready`
contracts/PPG_CONTRACT_CLOSURE_MATRIX.md,1545,C01,output,o_test_calibration_loss_inject_ready,ppg_control_top.v:240,confirmed_literal_mismatch,242,"		output o_test_invalid_sample_ready,                     // AMI当前可原子绑定invalid请求（INVALID_SAMPLE）（无效类采样类）",rtl/ppg_control_top/ppg_control_top.v,`ppg_control_top.v:240` `output o_test_calibration_loss_inject_ready`
contracts/PPG_CONTRACT_CLOSURE_MATRIX.md,1546,C01,output,o_measurement_result_discard_reason,ppg_control_top.v:262,confirmed_literal_mismatch,264,		//---------------AMI正式结果discard公开观测输出---------------//,rtl/ppg_control_top/ppg_control_top.v,`ppg_control_top.v:262` `output [1:0] o_measurement_result_discard_reason`
contracts/PPG_CONTRACT_CLOSURE_MATRIX.md,1547,C01,output,o_measurement_result_discard_identity_valid,ppg_control_top.v:263,confirmed_literal_mismatch,265,"		output o_measurement_result_discard_event,                    // 正式结果生命周期丢弃单拍观测",rtl/ppg_control_top/ppg_control_top.v,`ppg_control_top.v:263` `output o_measurement_result_discard_identity_valid`
contracts/PPG_CONTRACT_CLOSURE_MATRIX.md,1548,C01,output,o_measurement_result_discard_sample_valid,ppg_control_top.v:264,confirmed_literal_mismatch,266,"		output [1:0] o_measurement_result_discard_reason,             // STOP、abort或系统故障三态丢弃原因",rtl/ppg_control_top/ppg_control_top.v,`ppg_control_top.v:264` `output o_measurement_result_discard_sample_valid`
contracts/PPG_CONTRACT_CLOSURE_MATRIX.md,1549,C01,output,o_measurement_result_discard_frame_id,ppg_control_top.v:265,confirmed_literal_mismatch,267,"		output o_measurement_result_discard_identity_valid,           // 事件为高时恒为1",rtl/ppg_control_top/ppg_control_top.v,`ppg_control_top.v:265` `output [C_FRAME_ID_WIDTH - 1:0] o_measurement_result_discard_frame_id`
contracts/PPG_CONTRACT_CLOSURE_MATRIX.md,1550,C01,output,o_measurement_result_discard_sample_index,ppg_control_top.v:266,confirmed_literal_mismatch,268,"		output o_measurement_result_discard_sample_valid,             // 被丢弃正式结果的独立样本资格快照",rtl/ppg_control_top/ppg_control_top.v,`ppg_control_top.v:266` `output [C_SAMPLE_INDEX_WIDTH - 1:0] o_measurement_result_discard_sample_index`
contracts/PPG_CONTRACT_CLOSURE_MATRIX.md,1551,C01,output,o_measurement_result_discard_color_ir,ppg_control_top.v:267,confirmed_literal_mismatch,269,"		output [C_FRAME_ID_WIDTH - 1:0] o_measurement_result_discard_frame_id, // 被丢弃事务的真实物理帧号",rtl/ppg_control_top/ppg_control_top.v,`ppg_control_top.v:267` `output o_measurement_result_discard_color_ir`
contracts/PPG_CONTRACT_CLOSURE_MATRIX.md,1552,C01,output,o_measurement_result_discard_frame_type,ppg_control_top.v:268,confirmed_literal_mismatch,270,"		output [C_SAMPLE_INDEX_WIDTH - 1:0] o_measurement_result_discard_sample_index, // 被丢弃事务的全局顺序编号",rtl/ppg_control_top/ppg_control_top.v,`ppg_control_top.v:268` `output [1:0] o_measurement_result_discard_frame_type`
contracts/PPG_CONTRACT_CLOSURE_MATRIX.md,1553,C01,output,o_measurement_result_discard_precision,ppg_control_top.v:269,confirmed_literal_mismatch,271,"		output o_measurement_result_discard_color_ir,                 // 被丢弃事务的颜色身份",rtl/ppg_control_top/ppg_control_top.v,`ppg_control_top.v:269` `output o_measurement_result_discard_precision`
contracts/PPG_CONTRACT_CLOSURE_MATRIX.md,1554,C01,output,o_measurement_result_discard_run_generation,ppg_control_top.v:270,confirmed_literal_mismatch,272,"		output [1:0] o_measurement_result_discard_frame_type,         // 被丢弃事务的帧类型编码",rtl/ppg_control_top/ppg_control_top.v,`ppg_control_top.v:270` `output [C_RUN_GENERATION_WIDTH - 1:0] o_measurement_result_discard_run_generation`
contracts/PPG_CONTRACT_CLOSURE_MATRIX.md,1555,C01,output,o_detection_discard_reason,ppg_control_top.v:274,confirmed_literal_mismatch,276,		//---------------AMI检测代际清空公开观测输出---------------//,rtl/ppg_control_top/ppg_control_top.v,`ppg_control_top.v:274` `output [1:0] o_detection_discard_reason`
contracts/PPG_CONTRACT_CLOSURE_MATRIX.md,1556,C01,output,o_detection_discard_identity_valid,ppg_control_top.v:275,confirmed_literal_mismatch,277,"		output o_detection_discard_event,                          // 检测代际清空广播的公开单拍观测",rtl/ppg_control_top/ppg_control_top.v,`ppg_control_top.v:275` `output o_detection_discard_identity_valid`
contracts/PPG_CONTRACT_CLOSURE_MATRIX.md,1557,C01,output,o_detection_discard_sample_valid,ppg_control_top.v:276,confirmed_literal_mismatch,278,"		output [1:0] o_detection_discard_reason,                   // STOP、abort或系统故障三态原因编码",rtl/ppg_control_top/ppg_control_top.v,`ppg_control_top.v:276` `output o_detection_discard_sample_valid`
contracts/PPG_CONTRACT_CLOSURE_MATRIX.md,1558,C01,output,o_detection_discard_frame_id,ppg_control_top.v:277,confirmed_literal_mismatch,279,"		output o_detection_discard_identity_valid,                 // 触发广播时是否命中真实保留检测分支事务",rtl/ppg_control_top/ppg_control_top.v,`ppg_control_top.v:277` `output [C_FRAME_ID_WIDTH - 1:0] o_detection_discard_frame_id`
contracts/PPG_CONTRACT_CLOSURE_MATRIX.md,1559,C01,output,o_detection_discard_sample_index,ppg_control_top.v:278,confirmed_literal_mismatch,280,"		output o_detection_discard_sample_valid,                   // 触发事务的独立样本资格快照",rtl/ppg_control_top/ppg_control_top.v,`ppg_control_top.v:278` `output [C_SAMPLE_INDEX_WIDTH - 1:0] o_detection_discard_sample_index`
contracts/PPG_CONTRACT_CLOSURE_MATRIX.md,1560,C01,output,o_detection_discard_color_ir,ppg_control_top.v:279,confirmed_literal_mismatch,281,"		output [C_FRAME_ID_WIDTH - 1:0] o_detection_discard_frame_id, // 触发事务的真实物理帧号",rtl/ppg_control_top/ppg_control_top.v,`ppg_control_top.v:279` `output o_detection_discard_color_ir`
contracts/PPG_CONTRACT_CLOSURE_MATRIX.md,1561,C01,output,o_detection_discard_frame_type,ppg_control_top.v:280,confirmed_literal_mismatch,282,"		output [C_SAMPLE_INDEX_WIDTH - 1:0] o_detection_discard_sample_index, // 触发事务的全局顺序编号",rtl/ppg_control_top/ppg_control_top.v,`ppg_control_top.v:280` `output [1:0] o_detection_discard_frame_type`
contracts/PPG_CONTRACT_CLOSURE_MATRIX.md,1562,C01,output,o_detection_discard_precision,ppg_control_top.v:281,confirmed_literal_mismatch,283,"		output o_detection_discard_color_ir,                       // 触发事务的颜色身份",rtl/ppg_control_top/ppg_control_top.v,`ppg_control_top.v:281` `output o_detection_discard_precision`
contracts/PPG_CONTRACT_CLOSURE_MATRIX.md,1563,C01,output,o_detection_discard_config_epoch,ppg_control_top.v:282,confirmed_literal_mismatch,284,"		output [1:0] o_detection_discard_frame_type,               // 触发事务的帧类型编码",rtl/ppg_control_top/ppg_control_top.v,`ppg_control_top.v:282` `output [C_CONFIG_EPOCH_WIDTH - 1:0] o_detection_discard_config_epoch`
contracts/PPG_CONTRACT_CLOSURE_MATRIX.md,1564,C01,output,o_detection_discard_coef_epoch,ppg_control_top.v:283,confirmed_literal_mismatch,285,"		output o_detection_discard_precision,                      // 触发事务建立时所属的精度模式",rtl/ppg_control_top/ppg_control_top.v,`ppg_control_top.v:283` `output [C_COEF_EPOCH_WIDTH - 1:0] o_detection_discard_coef_epoch`
contracts/PPG_CONTRACT_CLOSURE_MATRIX.md,1565,C01,output,o_detection_discard_dc_recovery_epoch,ppg_control_top.v:284,confirmed_literal_mismatch,286,"		output [C_CONFIG_EPOCH_WIDTH - 1:0] o_detection_discard_config_epoch, // 触发事务ACTIVE配置版本",rtl/ppg_control_top/ppg_control_top.v,`ppg_control_top.v:284` `output [C_DC_RECOVERY_EPOCH_WIDTH - 1:0] o_detection_discard_dc_recovery_epoch`
contracts/PPG_CONTRACT_CLOSURE_MATRIX.md,1566,C01,output,o_detection_discard_amb_code_epoch,ppg_control_top.v:285,confirmed_literal_mismatch,287,"		output [C_COEF_EPOCH_WIDTH - 1:0] o_detection_discard_coef_epoch, // 触发事务Stage1系数版本",rtl/ppg_control_top/ppg_control_top.v,`ppg_control_top.v:285` `output [C_CODE_EPOCH_WIDTH - 1:0] o_detection_discard_amb_code_epoch`
contracts/PPG_CONTRACT_CLOSURE_MATRIX.md,1567,C01,output,o_detection_discard_dc_code_epoch,ppg_control_top.v:286,confirmed_literal_mismatch,288,"		output [C_DC_RECOVERY_EPOCH_WIDTH - 1:0] o_detection_discard_dc_recovery_epoch, // 触发事务DC恢复版本",rtl/ppg_control_top/ppg_control_top.v,`ppg_control_top.v:286` `output [C_CODE_EPOCH_WIDTH - 1:0] o_detection_discard_dc_code_epoch`
contracts/PPG_CONTRACT_CLOSURE_MATRIX.md,1568,C01,output,o_detection_discard_run_generation,ppg_control_top.v:287,confirmed_literal_mismatch,289,"		output [C_CODE_EPOCH_WIDTH - 1:0] o_detection_discard_amb_code_epoch, // 触发事务环境光抵消码提交版本",rtl/ppg_control_top/ppg_control_top.v,`ppg_control_top.v:287` `output [C_RUN_GENERATION_WIDTH - 1:0] o_detection_discard_run_generation`
contracts/PPG_CONTRACT_CLOSURE_MATRIX.md,1569,C01,output,o_s1_calibration_applied,ppg_control_top.v:290,confirmed_literal_mismatch,292,,rtl/ppg_control_top/ppg_control_top.v,`ppg_control_top.v:290` `output o_s1_calibration_applied`
contracts/PPG_CONTRACT_CLOSURE_MATRIX.md,1570,C01,output,o_s1_raw,ppg_control_top.v:291,confirmed_literal_mismatch,293,		//---------------P2S遥测边界透传---------------//,rtl/ppg_control_top/ppg_control_top.v,`ppg_control_top.v:291` `output [9:0] o_s1_raw`
contracts/PPG_CONTRACT_CLOSURE_MATRIX.md,1571,C01,output,o_s2_raw,ppg_control_top.v:292,confirmed_literal_mismatch,294,"		output o_s1_calibration_applied,               // Stage1校准资格，DC恢复自己原子事务载荷重新导出版本，供片外glue顶层P2S固定字段外发",rtl/ppg_control_top/ppg_control_top.v,`ppg_control_top.v:292` `output [9:0] o_s2_raw`
contracts/PPG_CONTRACT_CLOSURE_MATRIX.md,2026,C17,input,i_clk,ppg_idac_code_controller.v:67,literal_match,67,"	input i_clk,                            // 2 MHz数字控制与事务处理时钟",rtl/ppg_idac_code_controller/ppg_idac_code_controller.v,`ppg_idac_code_controller.v:67` `input i_clk`
contracts/PPG_CONTRACT_CLOSURE_MATRIX.md,2027,C17,input,i_rstn,ppg_idac_code_controller.v:68,literal_match,68,"	input i_rstn,                           // 低有效异步复位且释放由系统上层同步",rtl/ppg_idac_code_controller/ppg_idac_code_controller.v,`ppg_idac_code_controller.v:68` `input i_rstn`
contracts/PPG_CONTRACT_CLOSURE_MATRIX.md,2028,C17,input,i_run_generation,ppg_idac_code_controller.v:69,literal_match,69,"	input [C_RUN_GENERATION_WIDTH - 1:0]i_run_generation, // manager经AMI逐层传入的当前RUN代际，陈旧代际不得建立pending或改变committed码",rtl/ppg_idac_code_controller/ppg_idac_code_controller.v,`ppg_idac_code_controller.v:69` `input [C_RUN_GENERATION_WIDTH - 1:0]i_run_generation`
contracts/PPG_CONTRACT_CLOSURE_MATRIX.md,2029,C17,input,i_run_enable,ppg_idac_code_controller.v:72,literal_match,72,"	input i_run_enable,                     // 配置管理器仅在RUN状态给出的功能许可",rtl/ppg_idac_code_controller/ppg_idac_code_controller.v,`ppg_idac_code_controller.v:72` `input i_run_enable`
contracts/PPG_CONTRACT_CLOSURE_MATRIX.md,2030,C17,input,i_start_ack_event,ppg_idac_code_controller.v:73,literal_match,73,"	input i_start_ack_event,                // 合法START被接受后产生的单周期初始化事件",rtl/ppg_idac_code_controller/ppg_idac_code_controller.v,`ppg_idac_code_controller.v:73` `input i_start_ack_event`
contracts/PPG_CONTRACT_CLOSURE_MATRIX.md,2031,C17,input,i_stop_ack_event,ppg_idac_code_controller.v:74,literal_match,74,"	input i_stop_ack_event,                 // STOP进入排空流程时产生的单周期取消事件",rtl/ppg_idac_code_controller/ppg_idac_code_controller.v,`ppg_idac_code_controller.v:74` `input i_stop_ack_event`
contracts/PPG_CONTRACT_CLOSURE_MATRIX.md,2032,C17,input,i_status_clear_event,ppg_idac_code_controller.v:75,literal_match,75,"	input i_status_clear_event,             // 清除非阻断协议诊断的独立状态命令",rtl/ppg_idac_code_controller/ppg_idac_code_controller.v,`ppg_idac_code_controller.v:75` `input i_status_clear_event`
contracts/PPG_CONTRACT_CLOSURE_MATRIX.md,2033,C17,input,i_control_abort_event,ppg_idac_code_controller.v:76,literal_match,76,"	input i_control_abort_event,            // 配置或调度阻断错误要求取消临时动作",rtl/ppg_idac_code_controller/ppg_idac_code_controller.v,`ppg_idac_code_controller.v:76` `input i_control_abort_event`
contracts/PPG_CONTRACT_CLOSURE_MATRIX.md,2034,C17,input,i_frame_safe_boundary,ppg_idac_code_controller.v:77,literal_match,77,"	input i_frame_safe_boundary,            // 当前时钟沿允许提交一个或多个pending码",rtl/ppg_idac_code_controller/ppg_idac_code_controller.v,`ppg_idac_code_controller.v:77` `input i_frame_safe_boundary`
contracts/PPG_CONTRACT_CLOSURE_MATRIX.md,2035,C17,input,i_active_config_epoch,ppg_idac_code_controller.v:78,literal_match,78,"	input [C_CONFIG_EPOCH_WIDTH - 1:0]i_active_config_epoch, // 当前稳定ACTIVE V4快照版本",rtl/ppg_idac_code_controller/ppg_idac_code_controller.v,`ppg_idac_code_controller.v:78` `input [C_CONFIG_EPOCH_WIDTH - 1:0]i_active_config_epoch`
contracts/PPG_CONTRACT_CLOSURE_MATRIX.md,2036,C17,input,i_idac_mode,ppg_idac_code_controller.v:81,literal_match,81,"	input [1:0]i_idac_mode,                 // 选择MANUAL、搜索保持或搜索跟踪模式",rtl/ppg_idac_code_controller/ppg_idac_code_controller.v,`ppg_idac_code_controller.v:81` `input [1:0]i_idac_mode`
contracts/PPG_CONTRACT_CLOSURE_MATRIX.md,2037,C17,input,i_amb_enable,ppg_idac_code_controller.v:82,literal_match,82,"	input i_amb_enable,                     // 授权AMB逻辑码参与当前运行上下文",rtl/ppg_idac_code_controller/ppg_idac_code_controller.v,`ppg_idac_code_controller.v:82` `input i_amb_enable`
contracts/PPG_CONTRACT_CLOSURE_MATRIX.md,2038,C17,input,i_dcs_enable,ppg_idac_code_controller.v:83,literal_match,83,"	input i_dcs_enable,                     // 授权红光与红外DCS共同参与运行",rtl/ppg_idac_code_controller/ppg_idac_code_controller.v,`ppg_idac_code_controller.v:83` `input i_dcs_enable`
contracts/PPG_CONTRACT_CLOSURE_MATRIX.md,2039,C17,input,i_amb_polarity,ppg_idac_code_controller.v:84,literal_match,84,"	input i_amb_polarity,                   // 映射AMB残差方向到码值增减方向",rtl/ppg_idac_code_controller/ppg_idac_code_controller.v,`ppg_idac_code_controller.v:84` `input i_amb_polarity`
contracts/PPG_CONTRACT_CLOSURE_MATRIX.md,2040,C17,input,i_dcs_polarity,ppg_idac_code_controller.v:85,literal_match,85,"	input i_dcs_polarity,                   // 映射颜色DC残差方向到1 LSB调码方向",rtl/ppg_idac_code_controller/ppg_idac_code_controller.v,`ppg_idac_code_controller.v:85` `input i_dcs_polarity`
contracts/PPG_CONTRACT_CLOSURE_MATRIX.md,2041,C17,input,i_amb_manual_code,ppg_idac_code_controller.v:86,literal_match,86,"	input [C_IDAC_CODE_WIDTH - 1:0]i_amb_manual_code, // MANUAL模式环境光抵消目标码",rtl/ppg_idac_code_controller/ppg_idac_code_controller.v,`ppg_idac_code_controller.v:86` `input [C_IDAC_CODE_WIDTH - 1:0]i_amb_manual_code`
contracts/PPG_CONTRACT_CLOSURE_MATRIX.md,2042,C17,input,i_amb_code_min,ppg_idac_code_controller.v:87,literal_match,87,"	input [C_IDAC_CODE_WIDTH - 1:0]i_amb_code_min, // AMB自动控制允许使用的闭区间下界",rtl/ppg_idac_code_controller/ppg_idac_code_controller.v,`ppg_idac_code_controller.v:87` `input [C_IDAC_CODE_WIDTH - 1:0]i_amb_code_min`
contracts/PPG_CONTRACT_CLOSURE_MATRIX.md,2043,C17,input,i_amb_code_max,ppg_idac_code_controller.v:88,literal_match,88,"	input [C_IDAC_CODE_WIDTH - 1:0]i_amb_code_max, // AMB自动控制允许使用的闭区间上界",rtl/ppg_idac_code_controller/ppg_idac_code_controller.v,`ppg_idac_code_controller.v:88` `input [C_IDAC_CODE_WIDTH - 1:0]i_amb_code_max`
contracts/PPG_CONTRACT_CLOSURE_MATRIX.md,2044,C17,input,i_dcs_r_manual_code,ppg_idac_code_controller.v:89,literal_match,89,"	input [C_IDAC_CODE_WIDTH - 1:0]i_dcs_r_manual_code, // 红光DCS手动模式装载码",rtl/ppg_idac_code_controller/ppg_idac_code_controller.v,`ppg_idac_code_controller.v:89` `input [C_IDAC_CODE_WIDTH - 1:0]i_dcs_r_manual_code`
contracts/PPG_CONTRACT_CLOSURE_MATRIX.md,2045,C17,input,i_dcs_r_code_min,ppg_idac_code_controller.v:90,literal_match,90,"	input [C_IDAC_CODE_WIDTH - 1:0]i_dcs_r_code_min, // 红光DCS搜索及跟踪最小码",rtl/ppg_idac_code_controller/ppg_idac_code_controller.v,`ppg_idac_code_controller.v:90` `input [C_IDAC_CODE_WIDTH - 1:0]i_dcs_r_code_min`
contracts/PPG_CONTRACT_CLOSURE_MATRIX.md,2046,C17,input,i_dcs_r_code_max,ppg_idac_code_controller.v:91,literal_match,91,"	input [C_IDAC_CODE_WIDTH - 1:0]i_dcs_r_code_max, // 红光DCS搜索及跟踪最大码",rtl/ppg_idac_code_controller/ppg_idac_code_controller.v,`ppg_idac_code_controller.v:91` `input [C_IDAC_CODE_WIDTH - 1:0]i_dcs_r_code_max`
contracts/PPG_CONTRACT_CLOSURE_MATRIX.md,2047,C17,input,i_dcs_ir_manual_code,ppg_idac_code_controller.v:92,literal_match,92,"	input [C_IDAC_CODE_WIDTH - 1:0]i_dcs_ir_manual_code, // 红外DCS手动模式装载码",rtl/ppg_idac_code_controller/ppg_idac_code_controller.v,`ppg_idac_code_controller.v:92` `input [C_IDAC_CODE_WIDTH - 1:0]i_dcs_ir_manual_code`
contracts/PPG_CONTRACT_CLOSURE_MATRIX.md,2048,C17,input,i_dcs_ir_code_min,ppg_idac_code_controller.v:93,literal_match,93,"	input [C_IDAC_CODE_WIDTH - 1:0]i_dcs_ir_code_min, // 红外DCS控制范围的低端点",rtl/ppg_idac_code_controller/ppg_idac_code_controller.v,`ppg_idac_code_controller.v:93` `input [C_IDAC_CODE_WIDTH - 1:0]i_dcs_ir_code_min`
contracts/PPG_CONTRACT_CLOSURE_MATRIX.md,2049,C17,input,i_dcs_ir_code_max,ppg_idac_code_controller.v:94,literal_match,94,"	input [C_IDAC_CODE_WIDTH - 1:0]i_dcs_ir_code_max, // 红外DCS控制范围的高端点",rtl/ppg_idac_code_controller/ppg_idac_code_controller.v,`ppg_idac_code_controller.v:94` `input [C_IDAC_CODE_WIDTH - 1:0]i_dcs_ir_code_max`
contracts/PPG_CONTRACT_CLOSURE_MATRIX.md,2050,C17,input,i_amb_threshold_low,ppg_idac_code_controller.v:95,literal_match,95,"	input signed [11:0]i_amb_threshold_low, // AMB校准残差窗口的signed低边界",rtl/ppg_idac_code_controller/ppg_idac_code_controller.v,`ppg_idac_code_controller.v:95` `input signed [11:0]i_amb_threshold_low`
contracts/PPG_CONTRACT_CLOSURE_MATRIX.md,2051,C17,input,i_amb_threshold_high,ppg_idac_code_controller.v:96,literal_match,96,"	input signed [11:0]i_amb_threshold_high, // AMB校准残差窗口的signed高边界",rtl/ppg_idac_code_controller/ppg_idac_code_controller.v,`ppg_idac_code_controller.v:96` `input signed [11:0]i_amb_threshold_high`
contracts/PPG_CONTRACT_CLOSURE_MATRIX.md,2052,C17,input,i_dcs_threshold_low,ppg_idac_code_controller.v:97,literal_match,97,"	input signed [11:0]i_dcs_threshold_low, // R/IR共用DCS残差窗口的signed下限",rtl/ppg_idac_code_controller/ppg_idac_code_controller.v,`ppg_idac_code_controller.v:97` `input signed [11:0]i_dcs_threshold_low`
contracts/PPG_CONTRACT_CLOSURE_MATRIX.md,2053,C17,input,i_dcs_threshold_high,ppg_idac_code_controller.v:98,literal_match,98,"	input signed [11:0]i_dcs_threshold_high, // R/IR共用DCS残差窗口的signed上限",rtl/ppg_idac_code_controller/ppg_idac_code_controller.v,`ppg_idac_code_controller.v:98` `input signed [11:0]i_dcs_threshold_high`
contracts/PPG_CONTRACT_CLOSURE_MATRIX.md,2054,C17,input,i_amb_confirm_count,ppg_idac_code_controller.v:99,literal_match,99,"	input [7:0]i_amb_confirm_count,         // 周期AMB重检同向越界确认次数",rtl/ppg_idac_code_controller/ppg_idac_code_controller.v,`ppg_idac_code_controller.v:99` `input [7:0]i_amb_confirm_count`
contracts/PPG_CONTRACT_CLOSURE_MATRIX.md,2055,C17,input,i_dcs_confirm_count,ppg_idac_code_controller.v:100,literal_match,100,"	input [7:0]i_dcs_confirm_count,         // DCS重验证及NORMAL跟踪确认次数",rtl/ppg_idac_code_controller/ppg_idac_code_controller.v,`ppg_idac_code_controller.v:100` `input [7:0]i_dcs_confirm_count`
contracts/PPG_CONTRACT_CLOSURE_MATRIX.md,2056,C17,input,i_search_amb_valid,ppg_idac_code_controller.v:103,literal_match,103,"	input i_search_amb_valid,                 // router保持AMB_CAL事务直到控制器接纳",rtl/ppg_idac_code_controller/ppg_idac_code_controller.v,`ppg_idac_code_controller.v:103` `input i_search_amb_valid`
contracts/PPG_CONTRACT_CLOSURE_MATRIX.md,2057,C17,output,o_search_amb_ready,ppg_idac_code_controller.v:104,literal_match,104,"	output o_search_amb_ready,                // 当前拍允许消费一笔AMB_CAL事务",rtl/ppg_idac_code_controller/ppg_idac_code_controller.v,`ppg_idac_code_controller.v:104` `output o_search_amb_ready`
contracts/PPG_CONTRACT_CLOSURE_MATRIX.md,2058,C17,input,i_search_dcs_valid,ppg_idac_code_controller.v:105,literal_match,105,"	input i_search_dcs_valid,                 // router保持颜色DCS_CAL事务直至控制器接纳",rtl/ppg_idac_code_controller/ppg_idac_code_controller.v,`ppg_idac_code_controller.v:105` `input i_search_dcs_valid`
contracts/PPG_CONTRACT_CLOSURE_MATRIX.md,2059,C17,output,o_search_dcs_ready,ppg_idac_code_controller.v:106,literal_match,106,"	output o_search_dcs_ready,                // 当前拍允许消费红光或红外DCS_CAL事务",rtl/ppg_idac_code_controller/ppg_idac_code_controller.v,`ppg_idac_code_controller.v:106` `output o_search_dcs_ready`
contracts/PPG_CONTRACT_CLOSURE_MATRIX.md,2060,C17,input,i_search_calibrated_s1_value,ppg_idac_code_controller.v:107,literal_match,107,"	input signed [11:0]i_search_calibrated_s1_value, // 搜索与检查唯一使用的Stage1校准残差",rtl/ppg_idac_code_controller/ppg_idac_code_controller.v,`ppg_idac_code_controller.v:107` `input signed [11:0]i_search_calibrated_s1_value`
contracts/PPG_CONTRACT_CLOSURE_MATRIX.md,2061,C17,input,i_search_calibration_applied,ppg_idac_code_controller.v:108,literal_match,108,"	input i_search_calibration_applied,       // 当前搜索样本采用有效Stage1校准系数",rtl/ppg_idac_code_controller/ppg_idac_code_controller.v,`ppg_idac_code_controller.v:108` `input i_search_calibration_applied`
contracts/PPG_CONTRACT_CLOSURE_MATRIX.md,2062,C17,input,i_search_saturation_low,ppg_idac_code_controller.v:109,literal_match,109,"	input i_search_saturation_low,            // 校准器给出的明确负向端点保护标志",rtl/ppg_idac_code_controller/ppg_idac_code_controller.v,`ppg_idac_code_controller.v:109` `input i_search_saturation_low`
contracts/PPG_CONTRACT_CLOSURE_MATRIX.md,2063,C17,input,i_search_saturation_high,ppg_idac_code_controller.v:110,literal_match,110,"	input i_search_saturation_high,           // 校准器给出的明确正向端点保护标志",rtl/ppg_idac_code_controller/ppg_idac_code_controller.v,`ppg_idac_code_controller.v:110` `input i_search_saturation_high`
contracts/PPG_CONTRACT_CLOSURE_MATRIX.md,2064,C17,input,i_search_config_epoch,ppg_idac_code_controller.v:111,literal_match,111,"	input [C_CONFIG_EPOCH_WIDTH - 1:0]i_search_config_epoch, // 搜索样本绑定的ACTIVE配置版本",rtl/ppg_idac_code_controller/ppg_idac_code_controller.v,`ppg_idac_code_controller.v:111` `input [C_CONFIG_EPOCH_WIDTH - 1:0]i_search_config_epoch`
contracts/PPG_CONTRACT_CLOSURE_MATRIX.md,2065,C17,input,i_search_coef_epoch,ppg_idac_code_controller.v:112,literal_match,112,"	input [C_COEF_EPOCH_WIDTH - 1:0]i_search_coef_epoch, // 搜索样本携带的Stage1系数版本",rtl/ppg_idac_code_controller/ppg_idac_code_controller.v,`ppg_idac_code_controller.v:112` `input [C_COEF_EPOCH_WIDTH - 1:0]i_search_coef_epoch`
contracts/PPG_CONTRACT_CLOSURE_MATRIX.md,2066,C17,input,i_search_precision_mode,ppg_idac_code_controller.v:113,literal_match,113,"	input i_search_precision_mode,            // 保留搜索样本的9-bit或15-bit身份",rtl/ppg_idac_code_controller/ppg_idac_code_controller.v,`ppg_idac_code_controller.v:113` `input i_search_precision_mode`
contracts/PPG_CONTRACT_CLOSURE_MATRIX.md,2067,C17,input,i_search_frame_id,ppg_idac_code_controller.v:114,literal_match,114,"	input [C_FRAME_ID_WIDTH - 1:0]i_search_frame_id, // 搜索诊断使用的R/IR共享帧号",rtl/ppg_idac_code_controller/ppg_idac_code_controller.v,`ppg_idac_code_controller.v:114` `input [C_FRAME_ID_WIDTH - 1:0]i_search_frame_id`
contracts/PPG_CONTRACT_CLOSURE_MATRIX.md,2068,C17,input,i_search_sample_index,ppg_idac_code_controller.v:115,literal_match,115,"	input [C_SAMPLE_INDEX_WIDTH - 1:0]i_search_sample_index, // 搜索事务的全局顺序编号",rtl/ppg_idac_code_controller/ppg_idac_code_controller.v,`ppg_idac_code_controller.v:115` `input [C_SAMPLE_INDEX_WIDTH - 1:0]i_search_sample_index`
contracts/PPG_CONTRACT_CLOSURE_MATRIX.md,2069,C17,input,i_search_color_ir,ppg_idac_code_controller.v:116,literal_match,116,"	input i_search_color_ir,                  // DCS_CAL低为红光且高为红外",rtl/ppg_idac_code_controller/ppg_idac_code_controller.v,`ppg_idac_code_controller.v:116` `input i_search_color_ir`
contracts/PPG_CONTRACT_CLOSURE_MATRIX.md,2070,C17,input,i_search_frame_type,ppg_idac_code_controller.v:117,literal_match,117,"	input [1:0]i_search_frame_type,           // 00为AMB_CAL且01为DCS_CAL",rtl/ppg_idac_code_controller/ppg_idac_code_controller.v,`ppg_idac_code_controller.v:117` `input [1:0]i_search_frame_type`
contracts/PPG_CONTRACT_CLOSURE_MATRIX.md,2071,C17,input,i_search_amb_code_snapshot,ppg_idac_code_controller.v:118,literal_match,118,"	input [C_IDAC_CODE_WIDTH - 1:0]i_search_amb_code_snapshot, // 当前积分实际使用的AMB码快照",rtl/ppg_idac_code_controller/ppg_idac_code_controller.v,`ppg_idac_code_controller.v:118` `input [C_IDAC_CODE_WIDTH - 1:0]i_search_amb_code_snapshot`
contracts/PPG_CONTRACT_CLOSURE_MATRIX.md,2072,C17,input,i_search_dc_code_snapshot,ppg_idac_code_controller.v:119,literal_match,119,"	input [C_IDAC_CODE_WIDTH - 1:0]i_search_dc_code_snapshot, // 当前颜色积分使用的DC码快照",rtl/ppg_idac_code_controller/ppg_idac_code_controller.v,`ppg_idac_code_controller.v:119` `input [C_IDAC_CODE_WIDTH - 1:0]i_search_dc_code_snapshot`
contracts/PPG_CONTRACT_CLOSURE_MATRIX.md,2073,C17,input,i_search_amb_code_epoch,ppg_idac_code_controller.v:120,literal_match,120,"	input [C_CODE_EPOCH_WIDTH - 1:0]i_search_amb_code_epoch, // 搜索样本观察到的AMB提交版本",rtl/ppg_idac_code_controller/ppg_idac_code_controller.v,`ppg_idac_code_controller.v:120` `input [C_CODE_EPOCH_WIDTH - 1:0]i_search_amb_code_epoch`
contracts/PPG_CONTRACT_CLOSURE_MATRIX.md,2074,C17,input,i_search_dc_code_epoch,ppg_idac_code_controller.v:121,literal_match,121,"	input [C_CODE_EPOCH_WIDTH - 1:0]i_search_dc_code_epoch, // 搜索样本观察到的颜色DC版本",rtl/ppg_idac_code_controller/ppg_idac_code_controller.v,`ppg_idac_code_controller.v:121` `input [C_CODE_EPOCH_WIDTH - 1:0]i_search_dc_code_epoch`
contracts/PPG_CONTRACT_CLOSURE_MATRIX.md,2075,C17,input,i_test_inject_enable,ppg_idac_code_controller.v:124,literal_match,124,"	input i_test_inject_enable,               // 验证构建请求注入模式，与C_ENABLE_TEST_INJECTION共同限定",rtl/ppg_idac_code_controller/ppg_idac_code_controller.v,`ppg_idac_code_controller.v:124` `input i_test_inject_enable`
contracts/PPG_CONTRACT_CLOSURE_MATRIX.md,2076,C17,input,i_test_saturation_inject_valid,ppg_idac_code_controller.v:125,literal_match,125,"	input i_test_saturation_inject_valid,     // 请求把下一笔真实AMB/DCS搜索样本强制判定为双向饱和",rtl/ppg_idac_code_controller/ppg_idac_code_controller.v,`ppg_idac_code_controller.v:125` `input i_test_saturation_inject_valid`
contracts/PPG_CONTRACT_CLOSURE_MATRIX.md,2077,C17,output,o_test_saturation_inject_ready,ppg_idac_code_controller.v:126,literal_match,126,"	output o_test_saturation_inject_ready,    // 仅在真实AMB/DCS搜索样本本拍参与qualified判定时可以接纳",rtl/ppg_idac_code_controller/ppg_idac_code_controller.v,`ppg_idac_code_controller.v:126` `output o_test_saturation_inject_ready`
contracts/PPG_CONTRACT_CLOSURE_MATRIX.md,2078,C17,input,i_track_valid,ppg_idac_code_controller.v:129,literal_match,129,"	input i_track_valid,                    // NORMAL fork保持跟踪副本直到本模块消费",rtl/ppg_idac_code_controller/ppg_idac_code_controller.v,`ppg_idac_code_controller.v:129` `input i_track_valid`
contracts/PPG_CONTRACT_CLOSURE_MATRIX.md,2079,C17,output,o_track_ready,ppg_idac_code_controller.v:130,literal_match,130,"	output o_track_ready,                   // 有界接纳跟踪事务且不因pending长期反压",rtl/ppg_idac_code_controller/ppg_idac_code_controller.v,`ppg_idac_code_controller.v:130` `output o_track_ready`
contracts/PPG_CONTRACT_CLOSURE_MATRIX.md,2080,C17,input,i_track_calibrated_s1_value,ppg_idac_code_controller.v:131,literal_match,131,"	input signed [11:0]i_track_calibrated_s1_value, // 慢速跟踪比较使用的Stage1校准残差",rtl/ppg_idac_code_controller/ppg_idac_code_controller.v,`ppg_idac_code_controller.v:131` `input signed [11:0]i_track_calibrated_s1_value`
contracts/PPG_CONTRACT_CLOSURE_MATRIX.md,2081,C17,input,i_track_calibration_applied,ppg_idac_code_controller.v:132,literal_match,132,"	input i_track_calibration_applied,      // 指示NORMAL残差具备正式校准资格",rtl/ppg_idac_code_controller/ppg_idac_code_controller.v,`ppg_idac_code_controller.v:132` `input i_track_calibration_applied`
contracts/PPG_CONTRACT_CLOSURE_MATRIX.md,2082,C17,input,i_track_saturation_low,ppg_idac_code_controller.v:133,literal_match,133,"	input i_track_saturation_low,           // 为跟踪器提供确定的低侧越界证据",rtl/ppg_idac_code_controller/ppg_idac_code_controller.v,`ppg_idac_code_controller.v:133` `input i_track_saturation_low`
contracts/PPG_CONTRACT_CLOSURE_MATRIX.md,2083,C17,input,i_track_saturation_high,ppg_idac_code_controller.v:134,literal_match,134,"	input i_track_saturation_high,          // 为跟踪器提供确定的高侧越界证据",rtl/ppg_idac_code_controller/ppg_idac_code_controller.v,`ppg_idac_code_controller.v:134` `input i_track_saturation_high`
contracts/PPG_CONTRACT_CLOSURE_MATRIX.md,2084,C17,input,i_track_config_epoch,ppg_idac_code_controller.v:135,literal_match,135,"	input [C_CONFIG_EPOCH_WIDTH - 1:0]i_track_config_epoch, // NORMAL事务对应的ACTIVE版本",rtl/ppg_idac_code_controller/ppg_idac_code_controller.v,`ppg_idac_code_controller.v:135` `input [C_CONFIG_EPOCH_WIDTH - 1:0]i_track_config_epoch`
contracts/PPG_CONTRACT_CLOSURE_MATRIX.md,2085,C17,input,i_track_coef_epoch,ppg_idac_code_controller.v:136,literal_match,136,"	input [C_COEF_EPOCH_WIDTH - 1:0]i_track_coef_epoch, // 跟踪样本采用的Stage1系数组版本",rtl/ppg_idac_code_controller/ppg_idac_code_controller.v,`ppg_idac_code_controller.v:136` `input [C_COEF_EPOCH_WIDTH - 1:0]i_track_coef_epoch`
contracts/PPG_CONTRACT_CLOSURE_MATRIX.md,2086,C17,input,i_track_precision_mode,ppg_idac_code_controller.v:137,literal_match,137,"	input i_track_precision_mode,           // 透传精度身份但不分裂IDAC状态；TRK-05 本模块全程不消费该端口,SAR9/SAR15精度切换本身对跟踪evidence/pending/committed码/epoch零耦合 @satisfies: TRK-05",rtl/ppg_idac_code_controller/ppg_idac_code_controller.v,`ppg_idac_code_controller.v:137` `input i_track_precision_mode`
contracts/PPG_CONTRACT_CLOSURE_MATRIX.md,2087,C17,input,i_track_frame_id,ppg_idac_code_controller.v:138,literal_match,138,"	input [C_FRAME_ID_WIDTH - 1:0]i_track_frame_id, // 跟踪诊断使用的共享采样帧号",rtl/ppg_idac_code_controller/ppg_idac_code_controller.v,`ppg_idac_code_controller.v:138` `input [C_FRAME_ID_WIDTH - 1:0]i_track_frame_id`
contracts/PPG_CONTRACT_CLOSURE_MATRIX.md,2088,C17,input,i_track_sample_index,ppg_idac_code_controller.v:139,literal_match,139,"	input [C_SAMPLE_INDEX_WIDTH - 1:0]i_track_sample_index, // 验证单次消费顺序的事务编号",rtl/ppg_idac_code_controller/ppg_idac_code_controller.v,`ppg_idac_code_controller.v:139` `input [C_SAMPLE_INDEX_WIDTH - 1:0]i_track_sample_index`
contracts/PPG_CONTRACT_CLOSURE_MATRIX.md,2089,C17,input,i_track_color_ir,ppg_idac_code_controller.v:140,literal_match,140,"	input i_track_color_ir,                 // 低选择DC_R且高选择DC_IR状态库",rtl/ppg_idac_code_controller/ppg_idac_code_controller.v,`ppg_idac_code_controller.v:140` `input i_track_color_ir`
contracts/PPG_CONTRACT_CLOSURE_MATRIX.md,2090,C17,input,i_track_frame_type,ppg_idac_code_controller.v:141,literal_match,141,"	input [1:0]i_track_frame_type,          // 合格跟踪事务必须使用NORMAL编码10",rtl/ppg_idac_code_controller/ppg_idac_code_controller.v,`ppg_idac_code_controller.v:141` `input [1:0]i_track_frame_type`
contracts/PPG_CONTRACT_CLOSURE_MATRIX.md,2091,C17,input,i_track_amb_code_snapshot,ppg_idac_code_controller.v:142,literal_match,142,"	input [C_IDAC_CODE_WIDTH - 1:0]i_track_amb_code_snapshot, // NORMAL事务观察到的AMB committed码",rtl/ppg_idac_code_controller/ppg_idac_code_controller.v,`ppg_idac_code_controller.v:142` `input [C_IDAC_CODE_WIDTH - 1:0]i_track_amb_code_snapshot`
contracts/PPG_CONTRACT_CLOSURE_MATRIX.md,2092,C17,input,i_track_dc_code_snapshot,ppg_idac_code_controller.v:143,literal_match,143,"	input [C_IDAC_CODE_WIDTH - 1:0]i_track_dc_code_snapshot, // NORMAL事务观察到的当前颜色DC码",rtl/ppg_idac_code_controller/ppg_idac_code_controller.v,`ppg_idac_code_controller.v:143` `input [C_IDAC_CODE_WIDTH - 1:0]i_track_dc_code_snapshot`
contracts/PPG_CONTRACT_CLOSURE_MATRIX.md,2093,C17,input,i_track_amb_code_epoch,ppg_idac_code_controller.v:144,literal_match,144,"	input [C_CODE_EPOCH_WIDTH - 1:0]i_track_amb_code_epoch, // 拒绝AMB调码前旧事务的版本标签",rtl/ppg_idac_code_controller/ppg_idac_code_controller.v,`ppg_idac_code_controller.v:144` `input [C_CODE_EPOCH_WIDTH - 1:0]i_track_amb_code_epoch`
contracts/PPG_CONTRACT_CLOSURE_MATRIX.md,2094,C17,input,i_track_dc_code_epoch,ppg_idac_code_controller.v:145,literal_match,145,"	input [C_CODE_EPOCH_WIDTH - 1:0]i_track_dc_code_epoch, // 拒绝颜色DC调码前旧证据的版本",rtl/ppg_idac_code_controller/ppg_idac_code_controller.v,`ppg_idac_code_controller.v:145` `input [C_CODE_EPOCH_WIDTH - 1:0]i_track_dc_code_epoch`
contracts/PPG_CONTRACT_CLOSURE_MATRIX.md,2095,C17,input,i_amb_sequence_start,ppg_idac_code_controller.v:148,literal_match,148,"	input i_amb_sequence_start,             // 调度器安全接管后启动周期AMB检查",rtl/ppg_idac_code_controller/ppg_idac_code_controller.v,`ppg_idac_code_controller.v:148` `input i_amb_sequence_start`
contracts/PPG_CONTRACT_CLOSURE_MATRIX.md,2096,C17,output,o_amb_sample_request,ppg_idac_code_controller.v:149,literal_match,149,"	output o_amb_sample_request,            // 保持请求下一笔LED关闭AMB_CAL样本",rtl/ppg_idac_code_controller/ppg_idac_code_controller.v,`ppg_idac_code_controller.v:149` `output o_amb_sample_request`
contracts/PPG_CONTRACT_CLOSURE_MATRIX.md,2097,C17,output,o_amb_sequence_busy,ppg_idac_code_controller.v:150,literal_match,150,"	output o_amb_sequence_busy,             // 周期AMB检查或重搜索仍在执行",rtl/ppg_idac_code_controller/ppg_idac_code_controller.v,`ppg_idac_code_controller.v:150` `output o_amb_sequence_busy`
contracts/PPG_CONTRACT_CLOSURE_MATRIX.md,2098,C17,output,o_amb_sequence_done,ppg_idac_code_controller.v:151,literal_match,151,"	output o_amb_sequence_done,             // 周期AMB检查成功结束的单周期事件",rtl/ppg_idac_code_controller/ppg_idac_code_controller.v,`ppg_idac_code_controller.v:151` `output o_amb_sequence_done`
contracts/PPG_CONTRACT_CLOSURE_MATRIX.md,2099,C17,output,o_amb_sequence_failed,ppg_idac_code_controller.v:152,literal_match,152,"	output o_amb_sequence_failed,           // 周期AMB重搜索耗尽的单周期事件",rtl/ppg_idac_code_controller/ppg_idac_code_controller.v,`ppg_idac_code_controller.v:152` `output o_amb_sequence_failed`
contracts/PPG_CONTRACT_CLOSURE_MATRIX.md,2100,C17,output,o_dcs_sample_request,ppg_idac_code_controller.v:153,literal_match,153,"	output o_dcs_sample_request,            // 保持请求当前颜色的DCS_CAL样本",rtl/ppg_idac_code_controller/ppg_idac_code_controller.v,`ppg_idac_code_controller.v:153` `output o_dcs_sample_request`
contracts/PPG_CONTRACT_CLOSURE_MATRIX.md,2101,C17,output,o_dcs_sample_color_ir,ppg_idac_code_controller.v:154,literal_match,154,"	output o_dcs_sample_color_ir,           // 指示DCS请求属于红光或红外",rtl/ppg_idac_code_controller/ppg_idac_code_controller.v,`ppg_idac_code_controller.v:154` `output o_dcs_sample_color_ir`
contracts/PPG_CONTRACT_CLOSURE_MATRIX.md,2102,C17,output,o_dcs_revalidate_request,ppg_idac_code_controller.v:155,literal_match,155,"	output o_dcs_revalidate_request,        // 周期AMB阶段完成后保持到调度器accept",rtl/ppg_idac_code_controller/ppg_idac_code_controller.v,`ppg_idac_code_controller.v:155` `output o_dcs_revalidate_request`
contracts/PPG_CONTRACT_CLOSURE_MATRIX.md,2103,C17,input,i_dcs_revalidate_accept,ppg_idac_code_controller.v:156,literal_match,156,"	input i_dcs_revalidate_accept,          // 调度器已排空NORMAL并接管DCS重验证",rtl/ppg_idac_code_controller/ppg_idac_code_controller.v,`ppg_idac_code_controller.v:156` `input i_dcs_revalidate_accept`
contracts/PPG_CONTRACT_CLOSURE_MATRIX.md,2104,C17,output,o_dcs_revalidate_busy,ppg_idac_code_controller.v:157,literal_match,157,"	output o_dcs_revalidate_busy,           // DC_R/DC_IR重新检查仍未完成",rtl/ppg_idac_code_controller/ppg_idac_code_controller.v,`ppg_idac_code_controller.v:157` `output o_dcs_revalidate_busy`
contracts/PPG_CONTRACT_CLOSURE_MATRIX.md,2105,C17,output,o_dcs_revalidate_done,ppg_idac_code_controller.v:158,literal_match,158,"	output o_dcs_revalidate_done,           // 两个颜色均恢复窗口的单周期事件",rtl/ppg_idac_code_controller/ppg_idac_code_controller.v,`ppg_idac_code_controller.v:158` `output o_dcs_revalidate_done`
contracts/PPG_CONTRACT_CLOSURE_MATRIX.md,2106,C17,output,o_dcs_revalidate_failed,ppg_idac_code_controller.v:159,literal_match,159,"	output o_dcs_revalidate_failed,         // 任一颜色重搜索耗尽的单周期事件",rtl/ppg_idac_code_controller/ppg_idac_code_controller.v,`ppg_idac_code_controller.v:159` `output o_dcs_revalidate_failed`
contracts/PPG_CONTRACT_CLOSURE_MATRIX.md,2107,C17,output,o_amb_code,ppg_idac_code_controller.v:162,literal_match,162,"	output [C_IDAC_CODE_WIDTH - 1:0]o_amb_code, // 当前唯一可用于模拟积分的AMB committed码",rtl/ppg_idac_code_controller/ppg_idac_code_controller.v,`ppg_idac_code_controller.v:162` `output [C_IDAC_CODE_WIDTH - 1:0]o_amb_code`
contracts/PPG_CONTRACT_CLOSURE_MATRIX.md,2108,C17,output,o_dcs_r_code,ppg_idac_code_controller.v:163,literal_match,163,"	output [C_IDAC_CODE_WIDTH - 1:0]o_dcs_r_code, // 当前红光DC抵消committed码",rtl/ppg_idac_code_controller/ppg_idac_code_controller.v,`ppg_idac_code_controller.v:163` `output [C_IDAC_CODE_WIDTH - 1:0]o_dcs_r_code`
contracts/PPG_CONTRACT_CLOSURE_MATRIX.md,2109,C17,output,o_dcs_ir_code,ppg_idac_code_controller.v:164,literal_match,164,"	output [C_IDAC_CODE_WIDTH - 1:0]o_dcs_ir_code, // 当前红外DC抵消committed码",rtl/ppg_idac_code_controller/ppg_idac_code_controller.v,`ppg_idac_code_controller.v:164` `output [C_IDAC_CODE_WIDTH - 1:0]o_dcs_ir_code`
contracts/PPG_CONTRACT_CLOSURE_MATRIX.md,2110,C17,output,o_amb_code_epoch,ppg_idac_code_controller.v:165,literal_match,165,"	output [C_CODE_EPOCH_WIDTH - 1:0]o_amb_code_epoch, // AMB实际改码次数的模16版本",rtl/ppg_idac_code_controller/ppg_idac_code_controller.v,`ppg_idac_code_controller.v:165` `output [C_CODE_EPOCH_WIDTH - 1:0]o_amb_code_epoch`
contracts/PPG_CONTRACT_CLOSURE_MATRIX.md,2111,C17,output,o_dcs_r_code_epoch,ppg_idac_code_controller.v:166,literal_match,166,"	output [C_CODE_EPOCH_WIDTH - 1:0]o_dcs_r_code_epoch, // 红光DC安全提交版本标签",rtl/ppg_idac_code_controller/ppg_idac_code_controller.v,`ppg_idac_code_controller.v:166` `output [C_CODE_EPOCH_WIDTH - 1:0]o_dcs_r_code_epoch`
contracts/PPG_CONTRACT_CLOSURE_MATRIX.md,2112,C17,output,o_dcs_ir_code_epoch,ppg_idac_code_controller.v:167,literal_match,167,"	output [C_CODE_EPOCH_WIDTH - 1:0]o_dcs_ir_code_epoch, // 红外DC安全提交版本标签",rtl/ppg_idac_code_controller/ppg_idac_code_controller.v,`ppg_idac_code_controller.v:167` `output [C_CODE_EPOCH_WIDTH - 1:0]o_dcs_ir_code_epoch`
contracts/PPG_CONTRACT_CLOSURE_MATRIX.md,2113,C17,output,o_amb_code_update,ppg_idac_code_controller.v:168,literal_match,168,"	output o_amb_code_update,               // AMB码在安全边界实际变化的单拍事件",rtl/ppg_idac_code_controller/ppg_idac_code_controller.v,`ppg_idac_code_controller.v:168` `output o_amb_code_update`
contracts/PPG_CONTRACT_CLOSURE_MATRIX.md,2114,C17,output,o_dcs_r_code_update,ppg_idac_code_controller.v:169,literal_match,169,"	output o_dcs_r_code_update,             // 红光DC码实际提交新值的单拍事件",rtl/ppg_idac_code_controller/ppg_idac_code_controller.v,`ppg_idac_code_controller.v:169` `output o_dcs_r_code_update`
contracts/PPG_CONTRACT_CLOSURE_MATRIX.md,2115,C17,output,o_dcs_ir_code_update,ppg_idac_code_controller.v:170,literal_match,170,"	output o_dcs_ir_code_update,            // 红外DC码实际提交新值的单拍事件",rtl/ppg_idac_code_controller/ppg_idac_code_controller.v,`ppg_idac_code_controller.v:170` `output o_dcs_ir_code_update`
contracts/PPG_CONTRACT_CLOSURE_MATRIX.md,2116,C17,output,o_dcs_r_track_adjust,ppg_idac_code_controller.v:171,literal_match,171,"	output o_dcs_r_track_adjust,            // 红光NORMAL慢速跟踪移动1 LSB事件",rtl/ppg_idac_code_controller/ppg_idac_code_controller.v,`ppg_idac_code_controller.v:171` `output o_dcs_r_track_adjust`
contracts/PPG_CONTRACT_CLOSURE_MATRIX.md,2117,C17,output,o_dcs_ir_track_adjust,ppg_idac_code_controller.v:172,literal_match,172,"	output o_dcs_ir_track_adjust,           // 红外NORMAL慢速跟踪移动1 LSB事件",rtl/ppg_idac_code_controller/ppg_idac_code_controller.v,`ppg_idac_code_controller.v:172` `output o_dcs_ir_track_adjust`
contracts/PPG_CONTRACT_CLOSURE_MATRIX.md,2118,C17,output,o_amb_search_done,ppg_idac_code_controller.v:175,literal_match,175,"	output o_amb_search_done,               // 当前RUN的AMB自动搜索已由窗口样本确认",rtl/ppg_idac_code_controller/ppg_idac_code_controller.v,`ppg_idac_code_controller.v:175` `output o_amb_search_done`
contracts/PPG_CONTRACT_CLOSURE_MATRIX.md,2119,C17,output,o_dcs_r_search_done,ppg_idac_code_controller.v:176,literal_match,176,"	output o_dcs_r_search_done,             // 当前RUN的红光DCS搜索已完成",rtl/ppg_idac_code_controller/ppg_idac_code_controller.v,`ppg_idac_code_controller.v:176` `output o_dcs_r_search_done`
contracts/PPG_CONTRACT_CLOSURE_MATRIX.md,2120,C17,output,o_dcs_ir_search_done,ppg_idac_code_controller.v:177,literal_match,177,"	output o_dcs_ir_search_done,            // 当前RUN的红外DCS搜索已完成",rtl/ppg_idac_code_controller/ppg_idac_code_controller.v,`ppg_idac_code_controller.v:177` `output o_dcs_ir_search_done`
contracts/PPG_CONTRACT_CLOSURE_MATRIX.md,2121,C17,output,o_amb_search_exhausted,ppg_idac_code_controller.v:178,literal_match,178,"	output o_amb_search_exhausted,          // AMB允许码区间内未找到窗口码",rtl/ppg_idac_code_controller/ppg_idac_code_controller.v,`ppg_idac_code_controller.v:178` `output o_amb_search_exhausted`
contracts/PPG_CONTRACT_CLOSURE_MATRIX.md,2122,C17,output,o_dcs_r_search_exhausted,ppg_idac_code_controller.v:179,literal_match,179,"	output o_dcs_r_search_exhausted,        // 红光DCS搜索区间已经耗尽",rtl/ppg_idac_code_controller/ppg_idac_code_controller.v,`ppg_idac_code_controller.v:179` `output o_dcs_r_search_exhausted`
contracts/PPG_CONTRACT_CLOSURE_MATRIX.md,2123,C17,output,o_dcs_ir_search_exhausted,ppg_idac_code_controller.v:180,literal_match,180,"	output o_dcs_ir_search_exhausted,       // 红外DCS搜索无法恢复残差窗口",rtl/ppg_idac_code_controller/ppg_idac_code_controller.v,`ppg_idac_code_controller.v:180` `output o_dcs_ir_search_exhausted`
contracts/PPG_CONTRACT_CLOSURE_MATRIX.md,2124,C17,output,o_amb_pending_valid,ppg_idac_code_controller.v:181,literal_match,181,"	output o_amb_pending_valid,             // AMB候选正在等待帧安全边界",rtl/ppg_idac_code_controller/ppg_idac_code_controller.v,`ppg_idac_code_controller.v:181` `output o_amb_pending_valid`
contracts/PPG_CONTRACT_CLOSURE_MATRIX.md,2125,C17,output,o_dcs_r_pending_valid,ppg_idac_code_controller.v:182,literal_match,182,"	output o_dcs_r_pending_valid,           // 红光DC候选尚未成为committed码",rtl/ppg_idac_code_controller/ppg_idac_code_controller.v,`ppg_idac_code_controller.v:182` `output o_dcs_r_pending_valid`
contracts/PPG_CONTRACT_CLOSURE_MATRIX.md,2126,C17,output,o_dcs_ir_pending_valid,ppg_idac_code_controller.v:183,literal_match,183,"	output o_dcs_ir_pending_valid,          // 红外DC候选等待安全提交",rtl/ppg_idac_code_controller/ppg_idac_code_controller.v,`ppg_idac_code_controller.v:183` `output o_dcs_ir_pending_valid`
contracts/PPG_CONTRACT_CLOSURE_MATRIX.md,2127,C17,output,o_amb_code_at_min,ppg_idac_code_controller.v:184,literal_match,184,"	output o_amb_code_at_min,               // AMB committed码等于ACTIVE下界",rtl/ppg_idac_code_controller/ppg_idac_code_controller.v,`ppg_idac_code_controller.v:184` `output o_amb_code_at_min`
contracts/PPG_CONTRACT_CLOSURE_MATRIX.md,2128,C17,output,o_amb_code_at_max,ppg_idac_code_controller.v:185,literal_match,185,"	output o_amb_code_at_max,               // AMB committed码等于ACTIVE上界",rtl/ppg_idac_code_controller/ppg_idac_code_controller.v,`ppg_idac_code_controller.v:185` `output o_amb_code_at_max`
contracts/PPG_CONTRACT_CLOSURE_MATRIX.md,2129,C17,output,o_dcs_r_code_at_min,ppg_idac_code_controller.v:186,literal_match,186,"	output o_dcs_r_code_at_min,             // 红光DC码位于允许区间最低端",rtl/ppg_idac_code_controller/ppg_idac_code_controller.v,`ppg_idac_code_controller.v:186` `output o_dcs_r_code_at_min`
contracts/PPG_CONTRACT_CLOSURE_MATRIX.md,2130,C17,output,o_dcs_r_code_at_max,ppg_idac_code_controller.v:187,literal_match,187,"	output o_dcs_r_code_at_max,             // 红光DC码位于允许区间最高端",rtl/ppg_idac_code_controller/ppg_idac_code_controller.v,`ppg_idac_code_controller.v:187` `output o_dcs_r_code_at_max`
contracts/PPG_CONTRACT_CLOSURE_MATRIX.md,2131,C17,output,o_dcs_ir_code_at_min,ppg_idac_code_controller.v:188,literal_match,188,"	output o_dcs_ir_code_at_min,            // 红外DC码已经达到配置下界",rtl/ppg_idac_code_controller/ppg_idac_code_controller.v,`ppg_idac_code_controller.v:188` `output o_dcs_ir_code_at_min`
contracts/PPG_CONTRACT_CLOSURE_MATRIX.md,2132,C17,output,o_dcs_ir_code_at_max,ppg_idac_code_controller.v:189,literal_match,189,"	output o_dcs_ir_code_at_max,            // 红外DC码已经达到配置上界",rtl/ppg_idac_code_controller/ppg_idac_code_controller.v,`ppg_idac_code_controller.v:189` `output o_dcs_ir_code_at_max`
contracts/PPG_CONTRACT_CLOSURE_MATRIX.md,2133,C17,output,o_amb_fault,ppg_idac_code_controller.v:190,literal_match,190,"	output o_amb_fault,                     // AMB搜索耗尽或内部异常的阻断状态",rtl/ppg_idac_code_controller/ppg_idac_code_controller.v,`ppg_idac_code_controller.v:190` `output o_amb_fault`
contracts/PPG_CONTRACT_CLOSURE_MATRIX.md,2134,C17,output,o_dcs_r_fault,ppg_idac_code_controller.v:191,literal_match,191,"	output o_dcs_r_fault,                   // 红光DC路径阻断级故障状态",rtl/ppg_idac_code_controller/ppg_idac_code_controller.v,`ppg_idac_code_controller.v:191` `output o_dcs_r_fault`
contracts/PPG_CONTRACT_CLOSURE_MATRIX.md,2135,C17,output,o_dcs_ir_fault,ppg_idac_code_controller.v:192,literal_match,192,"	output o_dcs_ir_fault,                  // 红外DC路径阻断级故障状态",rtl/ppg_idac_code_controller/ppg_idac_code_controller.v,`ppg_idac_code_controller.v:192` `output o_dcs_ir_fault`
contracts/PPG_CONTRACT_CLOSURE_MATRIX.md,2136,C17,output,o_controller_fault_blocking,ppg_idac_code_controller.v:193,literal_match,193,"	output o_controller_fault_blocking,     // 汇总三路故障以撤销正式NORMAL资格",rtl/ppg_idac_code_controller/ppg_idac_code_controller.v,`ppg_idac_code_controller.v:193` `output o_controller_fault_blocking`
contracts/PPG_CONTRACT_CLOSURE_MATRIX.md,2137,C17,output,o_controller_fault_event,ppg_idac_code_controller.v:196,literal_match,196,"	output o_controller_fault_event,            // 三路故障任一从0到1的注册单周期事件",rtl/ppg_idac_code_controller/ppg_idac_code_controller.v,`ppg_idac_code_controller.v:196` `output o_controller_fault_event`
contracts/PPG_CONTRACT_CLOSURE_MATRIX.md,2138,C17,output,o_controller_fault_identity_valid,ppg_idac_code_controller.v:197,literal_match,197,"	output o_controller_fault_identity_valid,   // 本次故障是否绑定了真实搜索样本身份",rtl/ppg_idac_code_controller/ppg_idac_code_controller.v,`ppg_idac_code_controller.v:197` `output o_controller_fault_identity_valid`
contracts/PPG_CONTRACT_CLOSURE_MATRIX.md,2139,C17,output,o_controller_fault_frame_id,ppg_idac_code_controller.v:198,literal_match,198,"	output [C_FRAME_ID_WIDTH - 1:0]o_controller_fault_frame_id, // 故障样本所属帧号",rtl/ppg_idac_code_controller/ppg_idac_code_controller.v,`ppg_idac_code_controller.v:198` `output [C_FRAME_ID_WIDTH - 1:0]o_controller_fault_frame_id`
contracts/PPG_CONTRACT_CLOSURE_MATRIX.md,2140,C17,output,o_controller_fault_sample_index,ppg_idac_code_controller.v:199,literal_match,199,"	output [C_SAMPLE_INDEX_WIDTH - 1:0]o_controller_fault_sample_index, // 故障样本全局序号",rtl/ppg_idac_code_controller/ppg_idac_code_controller.v,`ppg_idac_code_controller.v:199` `output [C_SAMPLE_INDEX_WIDTH - 1:0]o_controller_fault_sample_index`
contracts/PPG_CONTRACT_CLOSURE_MATRIX.md,2141,C17,output,o_controller_fault_color_ir,ppg_idac_code_controller.v:200,literal_match,200,"	output o_controller_fault_color_ir,         // 故障样本颜色",rtl/ppg_idac_code_controller/ppg_idac_code_controller.v,`ppg_idac_code_controller.v:200` `output o_controller_fault_color_ir`
contracts/PPG_CONTRACT_CLOSURE_MATRIX.md,2142,C17,output,o_controller_fault_frame_type,ppg_idac_code_controller.v:201,literal_match,201,"	output [1:0]o_controller_fault_frame_type,  // 故障样本类型",rtl/ppg_idac_code_controller/ppg_idac_code_controller.v,`ppg_idac_code_controller.v:201` `output [1:0]o_controller_fault_frame_type`
contracts/PPG_CONTRACT_CLOSURE_MATRIX.md,2143,C17,output,o_controller_fault_precision,ppg_idac_code_controller.v:202,literal_match,202,"	output o_controller_fault_precision,        // 故障样本精度",rtl/ppg_idac_code_controller/ppg_idac_code_controller.v,`ppg_idac_code_controller.v:202` `output o_controller_fault_precision`
contracts/PPG_CONTRACT_CLOSURE_MATRIX.md,2144,C17,output,o_controller_fault_run_generation,ppg_idac_code_controller.v:203,literal_match,203,"	output [C_RUN_GENERATION_WIDTH - 1:0]o_controller_fault_run_generation, // 故障样本所属RUN代际",rtl/ppg_idac_code_controller/ppg_idac_code_controller.v,`ppg_idac_code_controller.v:203` `output [C_RUN_GENERATION_WIDTH - 1:0]o_controller_fault_run_generation`
contracts/PPG_CONTRACT_CLOSURE_MATRIX.md,2145,C17,output,o_protocol_error_sticky,ppg_idac_code_controller.v:205,literal_match,205,"	output o_protocol_error_sticky,             // 记录入口冲突和事务协议错误",rtl/ppg_idac_code_controller/ppg_idac_code_controller.v,`ppg_idac_code_controller.v:205` `output o_protocol_error_sticky`
contracts/PPG_CONTRACT_CLOSURE_MATRIX.md,2146,C17,output,o_startup_search_complete,ppg_idac_code_controller.v:206,literal_match,206,"	output o_startup_search_complete,           // 启动装码或自动搜索全部完成的保持电平",rtl/ppg_idac_code_controller/ppg_idac_code_controller.v,`ppg_idac_code_controller.v:206` `output o_startup_search_complete`
contracts/PPG_CONTRACT_CLOSURE_MATRIX.md,2147,C17,output,o_idac_idle,ppg_idac_code_controller.v:207,literal_match,207,	output o_idac_idle                          // 无样本、序列、pending或提交动作时为高,rtl/ppg_idac_code_controller/ppg_idac_code_controller.v,`ppg_idac_code_controller.v:207` `output o_idac_idle`
contracts/PPG_CONTRACT_CLOSURE_MATRIX.md,2148,C16,input,i_clk,ppg_amb_recheck_scheduler.v:55,literal_match,55,"	input i_clk,                                // 2 MHz系统控制时钟",rtl/ppg_amb_recheck_scheduler/ppg_amb_recheck_scheduler.v,`ppg_amb_recheck_scheduler.v:55` `input i_clk`
contracts/PPG_CONTRACT_CLOSURE_MATRIX.md,2149,C16,input,i_rstn,ppg_amb_recheck_scheduler.v:56,literal_match,56,"	input i_rstn,                               // 低有效异步复位输入",rtl/ppg_amb_recheck_scheduler/ppg_amb_recheck_scheduler.v,`ppg_amb_recheck_scheduler.v:56` `input i_rstn`
contracts/PPG_CONTRACT_CLOSURE_MATRIX.md,2150,C16,input,i_run_enable,ppg_amb_recheck_scheduler.v:59,literal_match,59,"	input i_run_enable,                         // 配置管理器确认当前处于RUN",rtl/ppg_amb_recheck_scheduler/ppg_amb_recheck_scheduler.v,`ppg_amb_recheck_scheduler.v:59` `input i_run_enable`
contracts/PPG_CONTRACT_CLOSURE_MATRIX.md,2151,C16,input,i_start_ack_event,ppg_amb_recheck_scheduler.v:60,literal_match,60,"	input i_start_ack_event,                    // 合法START接受后的单周期初始化事件",rtl/ppg_amb_recheck_scheduler/ppg_amb_recheck_scheduler.v,`ppg_amb_recheck_scheduler.v:60` `input i_start_ack_event`
contracts/PPG_CONTRACT_CLOSURE_MATRIX.md,2152,C16,input,i_stop_ack_event,ppg_amb_recheck_scheduler.v:61,literal_match,61,"	input i_stop_ack_event,                     // STOP进入排空流程的单周期取消事件",rtl/ppg_amb_recheck_scheduler/ppg_amb_recheck_scheduler.v,`ppg_amb_recheck_scheduler.v:61` `input i_stop_ack_event`
contracts/PPG_CONTRACT_CLOSURE_MATRIX.md,2153,C16,input,i_control_abort_event,ppg_amb_recheck_scheduler.v:62,literal_match,62,"	input i_control_abort_event,                // 系统故障要求终止临时调度动作",rtl/ppg_amb_recheck_scheduler/ppg_amb_recheck_scheduler.v,`ppg_amb_recheck_scheduler.v:62` `input i_control_abort_event`
contracts/PPG_CONTRACT_CLOSURE_MATRIX.md,2154,C16,input,i_idac_mode,ppg_amb_recheck_scheduler.v:65,literal_match,65,"	input [1:0]i_idac_mode,                     // 仅AUTO_SEARCH_TRACK编码10允许周期重检",rtl/ppg_amb_recheck_scheduler/ppg_amb_recheck_scheduler.v,`ppg_amb_recheck_scheduler.v:65` `input [1:0]i_idac_mode`
contracts/PPG_CONTRACT_CLOSURE_MATRIX.md,2155,C16,input,i_amb_enable,ppg_amb_recheck_scheduler.v:66,literal_match,66,"	input i_amb_enable,                         // 允许环境光码参与当前RUN",rtl/ppg_amb_recheck_scheduler/ppg_amb_recheck_scheduler.v,`ppg_amb_recheck_scheduler.v:66` `input i_amb_enable`
contracts/PPG_CONTRACT_CLOSURE_MATRIX.md,2156,C16,input,i_dcs_enable,ppg_amb_recheck_scheduler.v:67,literal_match,67,"	input i_dcs_enable,                         // 允许红光和红外DC固定重新确认",rtl/ppg_amb_recheck_scheduler/ppg_amb_recheck_scheduler.v,`ppg_amb_recheck_scheduler.v:67` `input i_dcs_enable`
contracts/PPG_CONTRACT_CLOSURE_MATRIX.md,2157,C16,input,i_amb_recheck_interval_frames,ppg_amb_recheck_scheduler.v:68,literal_match,68,"	input [15:0]i_amb_recheck_interval_frames,  // ACTIVE V4给出的完整NORMAL帧间隔",rtl/ppg_amb_recheck_scheduler/ppg_amb_recheck_scheduler.v,`ppg_amb_recheck_scheduler.v:68` `input [15:0]i_amb_recheck_interval_frames`
contracts/PPG_CONTRACT_CLOSURE_MATRIX.md,2158,C16,input,i_startup_search_complete,ppg_amb_recheck_scheduler.v:71,literal_match,71,"	input i_startup_search_complete,            // IDAC启动三路搜索已经建立正式资格",rtl/ppg_amb_recheck_scheduler/ppg_amb_recheck_scheduler.v,`ppg_amb_recheck_scheduler.v:71` `input i_startup_search_complete`
contracts/PPG_CONTRACT_CLOSURE_MATRIX.md,2159,C16,input,i_normal_measurement_active,ppg_amb_recheck_scheduler.v:72,literal_match,72,"	input i_normal_measurement_active,          // 当前允许统计完整NORMAL测量帧",rtl/ppg_amb_recheck_scheduler/ppg_amb_recheck_scheduler.v,`ppg_amb_recheck_scheduler.v:72` `input i_normal_measurement_active`
contracts/PPG_CONTRACT_CLOSURE_MATRIX.md,2160,C16,input,i_normal_frame_complete_event,ppg_amb_recheck_scheduler.v:73,literal_match,73,"	input i_normal_frame_complete_event,        // 每完成一帧400 Hz NORMAL测量产生单拍",rtl/ppg_amb_recheck_scheduler/ppg_amb_recheck_scheduler.v,`ppg_amb_recheck_scheduler.v:73` `input i_normal_frame_complete_event`
contracts/PPG_CONTRACT_CLOSURE_MATRIX.md,2161,C16,input,i_precision_15_to_9_event,ppg_amb_recheck_scheduler.v:74,literal_match,74,"	input i_precision_15_to_9_event,            // 下一次15-bit到9-bit安全切换事件",rtl/ppg_amb_recheck_scheduler/ppg_amb_recheck_scheduler.v,`ppg_amb_recheck_scheduler.v:74` `input i_precision_15_to_9_event`
contracts/PPG_CONTRACT_CLOSURE_MATRIX.md,2162,C16,input,i_precision_takeover_safe,ppg_amb_recheck_scheduler.v:75,literal_match,75,"	input i_precision_takeover_safe,            // PWI原样转发AMI复合资格：ADC事务与内部流水已经排空；不是物理idle事实",rtl/ppg_amb_recheck_scheduler/ppg_amb_recheck_scheduler.v,`ppg_amb_recheck_scheduler.v:75` `input i_precision_takeover_safe`
contracts/PPG_CONTRACT_CLOSURE_MATRIX.md,2163,C16,input,i_normal_fork_idle,ppg_amb_recheck_scheduler.v:76,literal_match,76,"	input i_normal_fork_idle,                   // NORMAL双消费者fork当前无占用",rtl/ppg_amb_recheck_scheduler/ppg_amb_recheck_scheduler.v,`ppg_amb_recheck_scheduler.v:76` `input i_normal_fork_idle`
contracts/PPG_CONTRACT_CLOSURE_MATRIX.md,2164,C16,input,i_idac_idle,ppg_amb_recheck_scheduler.v:77,literal_match,77,"	input i_idac_idle,                          // IDAC无pending、请求或提交动作",rtl/ppg_amb_recheck_scheduler/ppg_amb_recheck_scheduler.v,`ppg_amb_recheck_scheduler.v:77` `input i_idac_idle`
contracts/PPG_CONTRACT_CLOSURE_MATRIX.md,2165,C16,input,i_fir_idle,ppg_amb_recheck_scheduler.v:78,literal_match,78,"	input i_fir_idle,                           // FIR无待消费输出且当前不接收输入",rtl/ppg_amb_recheck_scheduler/ppg_amb_recheck_scheduler.v,`ppg_amb_recheck_scheduler.v:78` `input i_fir_idle`
contracts/PPG_CONTRACT_CLOSURE_MATRIX.md,2166,C16,input,i_peak_valley_idle,ppg_amb_recheck_scheduler.v:79,literal_match,79,"	input i_peak_valley_idle,                   // 峰谷检测器无待提交事件且允许重检接管",rtl/ppg_amb_recheck_scheduler/ppg_amb_recheck_scheduler.v,`ppg_amb_recheck_scheduler.v:79` `input i_peak_valley_idle`
contracts/PPG_CONTRACT_CLOSURE_MATRIX.md,2167,C16,input,i_frame_safe_boundary,ppg_amb_recheck_scheduler.v:80,literal_match,80,"	input i_frame_safe_boundary,                // 当前沿允许接管校准序列",rtl/ppg_amb_recheck_scheduler/ppg_amb_recheck_scheduler.v,`ppg_amb_recheck_scheduler.v:80` `input i_frame_safe_boundary`
contracts/PPG_CONTRACT_CLOSURE_MATRIX.md,2168,C16,input,i_calibration_frame_complete_event,ppg_amb_recheck_scheduler.v:81,literal_match,81,"	input i_calibration_frame_complete_event,   // 当前AMB或DC校准帧已经完整结束",rtl/ppg_amb_recheck_scheduler/ppg_amb_recheck_scheduler.v,`ppg_amb_recheck_scheduler.v:81` `input i_calibration_frame_complete_event`
contracts/PPG_CONTRACT_CLOSURE_MATRIX.md,2169,C16,input,i_amb_sample_request,ppg_amb_recheck_scheduler.v:84,literal_match,84,"	input i_amb_sample_request,                 // IDAC保持请求下一笔AMB_CAL样本",rtl/ppg_amb_recheck_scheduler/ppg_amb_recheck_scheduler.v,`ppg_amb_recheck_scheduler.v:84` `input i_amb_sample_request`
contracts/PPG_CONTRACT_CLOSURE_MATRIX.md,2170,C16,input,i_amb_sequence_done,ppg_amb_recheck_scheduler.v:85,literal_match,85,"	input i_amb_sequence_done,                  // AMB检查或重搜索成功单拍",rtl/ppg_amb_recheck_scheduler/ppg_amb_recheck_scheduler.v,`ppg_amb_recheck_scheduler.v:85` `input i_amb_sequence_done`
contracts/PPG_CONTRACT_CLOSURE_MATRIX.md,2171,C16,input,i_amb_sequence_failed,ppg_amb_recheck_scheduler.v:86,literal_match,86,"	input i_amb_sequence_failed,                // AMB搜索耗尽失败单拍",rtl/ppg_amb_recheck_scheduler/ppg_amb_recheck_scheduler.v,`ppg_amb_recheck_scheduler.v:86` `input i_amb_sequence_failed`
contracts/PPG_CONTRACT_CLOSURE_MATRIX.md,2172,C16,input,i_dcs_revalidate_request,ppg_amb_recheck_scheduler.v:87,literal_match,87,"	input i_dcs_revalidate_request,             // IDAC保持请求进入固定两色重验证",rtl/ppg_amb_recheck_scheduler/ppg_amb_recheck_scheduler.v,`ppg_amb_recheck_scheduler.v:87` `input i_dcs_revalidate_request`
contracts/PPG_CONTRACT_CLOSURE_MATRIX.md,2173,C16,input,i_dcs_sample_request,ppg_amb_recheck_scheduler.v:88,literal_match,88,"	input i_dcs_sample_request,                 // IDAC保持请求当前颜色DCS_CAL样本",rtl/ppg_amb_recheck_scheduler/ppg_amb_recheck_scheduler.v,`ppg_amb_recheck_scheduler.v:88` `input i_dcs_sample_request`
contracts/PPG_CONTRACT_CLOSURE_MATRIX.md,2174,C16,input,i_dcs_sample_color_ir,ppg_amb_recheck_scheduler.v:89,literal_match,89,"	input i_dcs_sample_color_ir,                // 低为DC_R请求且高为DC_IR请求",rtl/ppg_amb_recheck_scheduler/ppg_amb_recheck_scheduler.v,`ppg_amb_recheck_scheduler.v:89` `input i_dcs_sample_color_ir`
contracts/PPG_CONTRACT_CLOSURE_MATRIX.md,2175,C16,input,i_dcs_revalidate_done,ppg_amb_recheck_scheduler.v:90,literal_match,90,"	input i_dcs_revalidate_done,                // DC_R和DC_IR均完成的成功单拍",rtl/ppg_amb_recheck_scheduler/ppg_amb_recheck_scheduler.v,`ppg_amb_recheck_scheduler.v:90` `input i_dcs_revalidate_done`
contracts/PPG_CONTRACT_CLOSURE_MATRIX.md,2176,C16,input,i_dcs_revalidate_failed,ppg_amb_recheck_scheduler.v:91,literal_match,91,"	input i_dcs_revalidate_failed,              // 任一DC搜索耗尽的失败单拍",rtl/ppg_amb_recheck_scheduler/ppg_amb_recheck_scheduler.v,`ppg_amb_recheck_scheduler.v:91` `input i_dcs_revalidate_failed`
contracts/PPG_CONTRACT_CLOSURE_MATRIX.md,2177,C16,input,i_amb_sample_accepted_event,ppg_amb_recheck_scheduler.v:92,literal_match,92,"	input i_amb_sample_accepted_event,          // 匹配AMB_CAL结果完成控制器消费",rtl/ppg_amb_recheck_scheduler/ppg_amb_recheck_scheduler.v,`ppg_amb_recheck_scheduler.v:92` `input i_amb_sample_accepted_event`
contracts/PPG_CONTRACT_CLOSURE_MATRIX.md,2178,C16,input,i_dcs_sample_accepted_event,ppg_amb_recheck_scheduler.v:93,literal_match,93,"	input i_dcs_sample_accepted_event,          // 当前颜色DCS_CAL结果完成控制器消费",rtl/ppg_amb_recheck_scheduler/ppg_amb_recheck_scheduler.v,`ppg_amb_recheck_scheduler.v:93` `input i_dcs_sample_accepted_event`
contracts/PPG_CONTRACT_CLOSURE_MATRIX.md,2179,C16,output,o_amb_sequence_start,ppg_amb_recheck_scheduler.v:94,literal_match,94,"	output o_amb_sequence_start,                // 安全接管后启动AMB周期检查的单拍",rtl/ppg_amb_recheck_scheduler/ppg_amb_recheck_scheduler.v,`ppg_amb_recheck_scheduler.v:94` `output o_amb_sequence_start`
contracts/PPG_CONTRACT_CLOSURE_MATRIX.md,2180,C16,output,o_dcs_revalidate_accept,ppg_amb_recheck_scheduler.v:95,literal_match,95,"	output o_dcs_revalidate_accept,             // 第一帧完成后接受两色DC重验证的单拍",rtl/ppg_amb_recheck_scheduler/ppg_amb_recheck_scheduler.v,`ppg_amb_recheck_scheduler.v:95` `output o_dcs_revalidate_accept`
contracts/PPG_CONTRACT_CLOSURE_MATRIX.md,2181,C16,input,i_calibration_sample_ready,ppg_amb_recheck_scheduler.v:98,literal_match,98,"	input i_calibration_sample_ready,           // 模拟时序调度器可接受一笔SAR9校准请求",rtl/ppg_amb_recheck_scheduler/ppg_amb_recheck_scheduler.v,`ppg_amb_recheck_scheduler.v:98` `input i_calibration_sample_ready`
contracts/PPG_CONTRACT_CLOSURE_MATRIX.md,2182,C16,output,o_calibration_sample_valid,ppg_amb_recheck_scheduler.v:99,literal_match,99,"	output o_calibration_sample_valid,          // 保持一笔AMB_CAL或DCS_CAL采样请求",rtl/ppg_amb_recheck_scheduler/ppg_amb_recheck_scheduler.v,`ppg_amb_recheck_scheduler.v:99` `output o_calibration_sample_valid`
contracts/PPG_CONTRACT_CLOSURE_MATRIX.md,2183,C16,output,o_calibration_frame_type,ppg_amb_recheck_scheduler.v:100,literal_match,100,"	output [1:0]o_calibration_frame_type,       // 00为AMB_CAL且01为DCS_CAL",rtl/ppg_amb_recheck_scheduler/ppg_amb_recheck_scheduler.v,`ppg_amb_recheck_scheduler.v:100` `output [1:0]o_calibration_frame_type`
contracts/PPG_CONTRACT_CLOSURE_MATRIX.md,2184,C16,output,o_calibration_color_ir,ppg_amb_recheck_scheduler.v:101,literal_match,101,"	output o_calibration_color_ir,              // DCS_CAL低为红光且高为红外",rtl/ppg_amb_recheck_scheduler/ppg_amb_recheck_scheduler.v,`ppg_amb_recheck_scheduler.v:101` `output o_calibration_color_ir`
contracts/PPG_CONTRACT_CLOSURE_MATRIX.md,2185,C16,output,o_calibration_precision_mode,ppg_amb_recheck_scheduler.v:102,literal_match,102,"	output o_calibration_precision_mode,        // 周期重检固定输出低电平选择SAR9",rtl/ppg_amb_recheck_scheduler/ppg_amb_recheck_scheduler.v,`ppg_amb_recheck_scheduler.v:102` `output o_calibration_precision_mode`
contracts/PPG_CONTRACT_CLOSURE_MATRIX.md,2186,C16,output,o_calibration_frame_start,ppg_amb_recheck_scheduler.v:103,literal_match,103,"	output o_calibration_frame_start,           // AMB、DC_R或DC_IR校准帧开始单拍",rtl/ppg_amb_recheck_scheduler/ppg_amb_recheck_scheduler.v,`ppg_amb_recheck_scheduler.v:103` `output o_calibration_frame_start`
contracts/PPG_CONTRACT_CLOSURE_MATRIX.md,2187,C16,output,o_calibration_stage,ppg_amb_recheck_scheduler.v:104,literal_match,104,"	output [1:0]o_calibration_stage,            // 00空闲、01 AMB、10 DC_R、11 DC_IR",rtl/ppg_amb_recheck_scheduler/ppg_amb_recheck_scheduler.v,`ppg_amb_recheck_scheduler.v:104` `output [1:0]o_calibration_stage`
contracts/PPG_CONTRACT_CLOSURE_MATRIX.md,2188,C16,output,o_normal_frame_count,ppg_amb_recheck_scheduler.v:107,literal_match,107,"	output [15:0]o_normal_frame_count,          // 当前周期已经累计的完整NORMAL帧数",rtl/ppg_amb_recheck_scheduler/ppg_amb_recheck_scheduler.v,`ppg_amb_recheck_scheduler.v:107` `output [15:0]o_normal_frame_count`
contracts/PPG_CONTRACT_CLOSURE_MATRIX.md,2189,C16,output,o_amb_recheck_pending,ppg_amb_recheck_scheduler.v:110,literal_match,110,"	output o_amb_recheck_pending,               // 间隔到期后保持至成功、失败或取消",rtl/ppg_amb_recheck_scheduler/ppg_amb_recheck_scheduler.v,`ppg_amb_recheck_scheduler.v:110` `output o_amb_recheck_pending`
contracts/PPG_CONTRACT_CLOSURE_MATRIX.md,2190,C16,output,o_amb_recheck_accept,ppg_amb_recheck_scheduler.v:111,literal_match,111,"	output o_amb_recheck_accept,                // 15到9切换后安全接管成功单拍",rtl/ppg_amb_recheck_scheduler/ppg_amb_recheck_scheduler.v,`ppg_amb_recheck_scheduler.v:111` `output o_amb_recheck_accept`
contracts/PPG_CONTRACT_CLOSURE_MATRIX.md,2191,C16,output,o_amb_recheck_busy,ppg_amb_recheck_scheduler.v:112,literal_match,112,"	output o_amb_recheck_busy,                  // 从停止新NORMAL到最终帧结束保持有效",rtl/ppg_amb_recheck_scheduler/ppg_amb_recheck_scheduler.v,`ppg_amb_recheck_scheduler.v:112` `output o_amb_recheck_busy`
contracts/PPG_CONTRACT_CLOSURE_MATRIX.md,2192,C16,output,o_normal_output_inhibit,ppg_amb_recheck_scheduler.v:113,literal_match,113,"	output o_normal_output_inhibit,             // 三个校准帧期间禁止输出正式PPG事务",rtl/ppg_amb_recheck_scheduler/ppg_amb_recheck_scheduler.v,`ppg_amb_recheck_scheduler.v:113` `output o_normal_output_inhibit`
contracts/PPG_CONTRACT_CLOSURE_MATRIX.md,2193,C16,output,o_sequence_done,ppg_amb_recheck_scheduler.v:114,literal_match,114,"	output o_sequence_done,                     // 固定重检序列成功完成单拍",rtl/ppg_amb_recheck_scheduler/ppg_amb_recheck_scheduler.v,`ppg_amb_recheck_scheduler.v:114` `output o_sequence_done`
contracts/PPG_CONTRACT_CLOSURE_MATRIX.md,2194,C16,output,o_sequence_failed,ppg_amb_recheck_scheduler.v:115,literal_match,115,"	output o_sequence_failed,                   // 任一搜索耗尽导致的失败单拍",rtl/ppg_amb_recheck_scheduler/ppg_amb_recheck_scheduler.v,`ppg_amb_recheck_scheduler.v:115` `output o_sequence_failed`
contracts/PPG_CONTRACT_CLOSURE_MATRIX.md,2195,C16,output,o_scheduler_idle,ppg_amb_recheck_scheduler.v:116,literal_match,116,	output o_scheduler_idle                     // 无pending、序列或在途样本时为高,rtl/ppg_amb_recheck_scheduler/ppg_amb_recheck_scheduler.v,`ppg_amb_recheck_scheduler.v:116` `output o_scheduler_idle`
contracts/PPG_CONTRACT_CLOSURE_MATRIX.md,2787,C16,input,i_clk,ppg_normal_transaction_fork.v:61,literal_match,61,"	input i_clk,                            // 2 MHz数字处理域工作时钟",rtl/ppg_normal_transaction_fork/ppg_normal_transaction_fork.v,`ppg_normal_transaction_fork.v:61` `input i_clk`
contracts/PPG_CONTRACT_CLOSURE_MATRIX.md,2788,C16,input,i_rstn,ppg_normal_transaction_fork.v:62,literal_match,62,"	input i_rstn,                           // 低有效异步复位，清除缓存和两个分支所有权",rtl/ppg_normal_transaction_fork/ppg_normal_transaction_fork.v,`ppg_normal_transaction_fork.v:62` `input i_rstn`
contracts/PPG_CONTRACT_CLOSURE_MATRIX.md,2789,C16,input,i_run_generation,ppg_normal_transaction_fork.v:63,literal_match,63,"	input [C_RUN_GENERATION_WIDTH - 1:0]i_run_generation, // manager经AMI逐层传入的当前RUN代际",rtl/ppg_normal_transaction_fork/ppg_normal_transaction_fork.v,`ppg_normal_transaction_fork.v:63` `input [C_RUN_GENERATION_WIDTH - 1:0]i_run_generation`
contracts/PPG_CONTRACT_CLOSURE_MATRIX.md,2790,C16,input,i_datapath_discard_event,ppg_normal_transaction_fork.v:66,literal_match,66,"	input i_datapath_discard_event,        // AMI注册式代际清空事件，无ready/ack",rtl/ppg_normal_transaction_fork/ppg_normal_transaction_fork.v,`ppg_normal_transaction_fork.v:66` `input i_datapath_discard_event`
contracts/PPG_CONTRACT_CLOSURE_MATRIX.md,2791,C16,input,i_datapath_discard_reason,ppg_normal_transaction_fork.v:67,literal_match,67,"	input [1:0]i_datapath_discard_reason,  // 清空原因分类，取值含STOP排空、abort撤销、系统故障三类",rtl/ppg_normal_transaction_fork/ppg_normal_transaction_fork.v,`ppg_normal_transaction_fork.v:67` `input [1:0]i_datapath_discard_reason`
contracts/PPG_CONTRACT_CLOSURE_MATRIX.md,2792,C16,input,i_datapath_discard_identity_valid,ppg_normal_transaction_fork.v:68,literal_match,68,"	input i_datapath_discard_identity_valid, // 触发事务身份是否可信",rtl/ppg_normal_transaction_fork/ppg_normal_transaction_fork.v,`ppg_normal_transaction_fork.v:68` `input i_datapath_discard_identity_valid`
contracts/PPG_CONTRACT_CLOSURE_MATRIX.md,2793,C16,input,i_datapath_discard_frame_id,ppg_normal_transaction_fork.v:69,literal_match,69,"	input [C_FRAME_ID_WIDTH - 1:0]i_datapath_discard_frame_id, // 触发事务帧号，仅诊断用途",rtl/ppg_normal_transaction_fork/ppg_normal_transaction_fork.v,`ppg_normal_transaction_fork.v:69` `input [C_FRAME_ID_WIDTH - 1:0]i_datapath_discard_frame_id`
contracts/PPG_CONTRACT_CLOSURE_MATRIX.md,2794,C16,input,i_datapath_discard_sample_index,ppg_normal_transaction_fork.v:70,literal_match,70,"	input [C_SAMPLE_INDEX_WIDTH - 1:0]i_datapath_discard_sample_index, // 触发事务序号，仅诊断用途",rtl/ppg_normal_transaction_fork/ppg_normal_transaction_fork.v,`ppg_normal_transaction_fork.v:70` `input [C_SAMPLE_INDEX_WIDTH - 1:0]i_datapath_discard_sample_index`
contracts/PPG_CONTRACT_CLOSURE_MATRIX.md,2795,C16,input,i_datapath_discard_color_ir,ppg_normal_transaction_fork.v:71,literal_match,71,"	input i_datapath_discard_color_ir,     // 触发事务颜色，仅诊断用途",rtl/ppg_normal_transaction_fork/ppg_normal_transaction_fork.v,`ppg_normal_transaction_fork.v:71` `input i_datapath_discard_color_ir`
contracts/PPG_CONTRACT_CLOSURE_MATRIX.md,2796,C16,input,i_datapath_discard_frame_type,ppg_normal_transaction_fork.v:72,literal_match,72,"	input [1:0]i_datapath_discard_frame_type, // 触发事务类型，仅诊断用途",rtl/ppg_normal_transaction_fork/ppg_normal_transaction_fork.v,`ppg_normal_transaction_fork.v:72` `input [1:0]i_datapath_discard_frame_type`
contracts/PPG_CONTRACT_CLOSURE_MATRIX.md,2797,C16,input,i_datapath_discard_precision,ppg_normal_transaction_fork.v:73,literal_match,73,"	input i_datapath_discard_precision,    // 触发事务精度，仅诊断用途",rtl/ppg_normal_transaction_fork/ppg_normal_transaction_fork.v,`ppg_normal_transaction_fork.v:73` `input i_datapath_discard_precision`
contracts/PPG_CONTRACT_CLOSURE_MATRIX.md,2798,C16,input,i_datapath_discard_run_generation,ppg_normal_transaction_fork.v:74,literal_match,74,"	input [C_RUN_GENERATION_WIDTH - 1:0]i_datapath_discard_run_generation, // 本次清空目标RUN代际",rtl/ppg_normal_transaction_fork/ppg_normal_transaction_fork.v,`ppg_normal_transaction_fork.v:74` `input [C_RUN_GENERATION_WIDTH - 1:0]i_datapath_discard_run_generation`
contracts/PPG_CONTRACT_CLOSURE_MATRIX.md,2799,C16,input,i_normal_valid,ppg_normal_transaction_fork.v:77,literal_match,77,"	input i_normal_valid,                   // router保持当前NORMAL事务直到本模块接纳",rtl/ppg_normal_transaction_fork/ppg_normal_transaction_fork.v,`ppg_normal_transaction_fork.v:77` `input i_normal_valid`
contracts/PPG_CONTRACT_CLOSURE_MATRIX.md,2800,C16,input,i_calibrated_s1_value,ppg_normal_transaction_fork.v:78,literal_match,78,"	input signed [11:0]i_calibrated_s1_value, // Stage1逐物理位可编程校准后的有符号残差",rtl/ppg_normal_transaction_fork/ppg_normal_transaction_fork.v,`ppg_normal_transaction_fork.v:78` `input signed [11:0]i_calibrated_s1_value`
contracts/PPG_CONTRACT_CLOSURE_MATRIX.md,2801,C16,input,i_calibration_applied,ppg_normal_transaction_fork.v:79,literal_match,79,"	input i_calibration_applied,            // 当前残差使用正式有效Stage1系数的资格",rtl/ppg_normal_transaction_fork/ppg_normal_transaction_fork.v,`ppg_normal_transaction_fork.v:79` `input i_calibration_applied`
contracts/PPG_CONTRACT_CLOSURE_MATRIX.md,2802,C16,input,i_saturation_low,ppg_normal_transaction_fork.v:80,literal_match,80,"	input i_saturation_low,                 // Stage1校准结果触发负向端点保护的诊断",rtl/ppg_normal_transaction_fork/ppg_normal_transaction_fork.v,`ppg_normal_transaction_fork.v:80` `input i_saturation_low`
contracts/PPG_CONTRACT_CLOSURE_MATRIX.md,2803,C16,input,i_saturation_high,ppg_normal_transaction_fork.v:81,literal_match,81,"	input i_saturation_high,                // Stage1校准结果触发正向端点保护的诊断",rtl/ppg_normal_transaction_fork/ppg_normal_transaction_fork.v,`ppg_normal_transaction_fork.v:81` `input i_saturation_high`
contracts/PPG_CONTRACT_CLOSURE_MATRIX.md,2804,C16,input,i_config_epoch,ppg_normal_transaction_fork.v:82,literal_match,82,"	input [C_CONFIG_EPOCH_WIDTH - 1:0]i_config_epoch, // 本笔事务绑定的完整ACTIVE配置版本",rtl/ppg_normal_transaction_fork/ppg_normal_transaction_fork.v,`ppg_normal_transaction_fork.v:82` `input [C_CONFIG_EPOCH_WIDTH - 1:0]i_config_epoch`
contracts/PPG_CONTRACT_CLOSURE_MATRIX.md,2805,C16,input,i_coef_epoch,ppg_normal_transaction_fork.v:83,literal_match,83,"	input [C_COEF_EPOCH_WIDTH - 1:0]i_coef_epoch, // 本笔计算绑定的Stage1系数组版本",rtl/ppg_normal_transaction_fork/ppg_normal_transaction_fork.v,`ppg_normal_transaction_fork.v:83` `input [C_COEF_EPOCH_WIDTH - 1:0]i_coef_epoch`
contracts/PPG_CONTRACT_CLOSURE_MATRIX.md,2806,C16,input,i_detect_code,ppg_normal_transaction_fork.v:84,literal_match,84,"	input [8:0]i_detect_code,               // 固定冗余重构器产生的9-bit黄金检测码",rtl/ppg_normal_transaction_fork/ppg_normal_transaction_fork.v,`ppg_normal_transaction_fork.v:84` `input [8:0]i_detect_code`
contracts/PPG_CONTRACT_CLOSURE_MATRIX.md,2807,C16,input,i_stage1_raw,ppg_normal_transaction_fork.v:85,literal_match,85,"	input [9:0]i_stage1_raw,                // 与校准结果对应的十个Stage1物理判决位",rtl/ppg_normal_transaction_fork/ppg_normal_transaction_fork.v,`ppg_normal_transaction_fork.v:85` `input [9:0]i_stage1_raw`
contracts/PPG_CONTRACT_CLOSURE_MATRIX.md,2808,C16,input,i_stage1_code_ext,ppg_normal_transaction_fork.v:86,literal_match,86,"	input signed [10:0]i_stage1_code_ext,   // 固定Stage1公式产生的未钳位D1_EXT",rtl/ppg_normal_transaction_fork/ppg_normal_transaction_fork.v,`ppg_normal_transaction_fork.v:86` `input signed [10:0]i_stage1_code_ext`
contracts/PPG_CONTRACT_CLOSURE_MATRIX.md,2809,C16,input,i_stage2_raw,ppg_normal_transaction_fork.v:87,literal_match,87,"	input [9:0]i_stage2_raw,                // 15-bit事务携带的十个Stage2物理判决位",rtl/ppg_normal_transaction_fork/ppg_normal_transaction_fork.v,`ppg_normal_transaction_fork.v:87` `input [9:0]i_stage2_raw`
contracts/PPG_CONTRACT_CLOSURE_MATRIX.md,2810,C16,input,i_precision_mode,ppg_normal_transaction_fork.v:88,literal_match,88,"	input i_precision_mode,                 // 低表示9-bit事务，高表示15-bit事务",rtl/ppg_normal_transaction_fork/ppg_normal_transaction_fork.v,`ppg_normal_transaction_fork.v:88` `input i_precision_mode`
contracts/PPG_CONTRACT_CLOSURE_MATRIX.md,2811,C16,input,i_frame_id,ppg_normal_transaction_fork.v:89,literal_match,89,"	input [C_FRAME_ID_WIDTH - 1:0]i_frame_id, // 同一PPG采样帧中R/IR事务的共享编号",rtl/ppg_normal_transaction_fork/ppg_normal_transaction_fork.v,`ppg_normal_transaction_fork.v:89` `input [C_FRAME_ID_WIDTH - 1:0]i_frame_id`
contracts/PPG_CONTRACT_CLOSURE_MATRIX.md,2812,C16,input,i_sample_index,ppg_normal_transaction_fork.v:90,literal_match,90,"	input [C_SAMPLE_INDEX_WIDTH - 1:0]i_sample_index, // 当前ADC事务的全局顺序编号",rtl/ppg_normal_transaction_fork/ppg_normal_transaction_fork.v,`ppg_normal_transaction_fork.v:90` `input [C_SAMPLE_INDEX_WIDTH - 1:0]i_sample_index`
contracts/PPG_CONTRACT_CLOSURE_MATRIX.md,2813,C16,input,i_color_ir,ppg_normal_transaction_fork.v:91,literal_match,91,"	input i_color_ir,                       // 低表示红光事务，高表示红外事务",rtl/ppg_normal_transaction_fork/ppg_normal_transaction_fork.v,`ppg_normal_transaction_fork.v:91` `input i_color_ir`
contracts/PPG_CONTRACT_CLOSURE_MATRIX.md,2814,C16,input,i_frame_type,ppg_normal_transaction_fork.v:92,literal_match,92,"	input [1:0]i_frame_type,                // router已判定的NORMAL类别，合法值为2'b10",rtl/ppg_normal_transaction_fork/ppg_normal_transaction_fork.v,`ppg_normal_transaction_fork.v:92` `input [1:0]i_frame_type`
contracts/PPG_CONTRACT_CLOSURE_MATRIX.md,2815,C16,input,i_amb_code_snapshot,ppg_normal_transaction_fork.v:93,literal_match,93,"	input [C_IDAC_CODE_WIDTH - 1:0]i_amb_code_snapshot, // 本次积分实际使用的AMB抵消码",rtl/ppg_normal_transaction_fork/ppg_normal_transaction_fork.v,`ppg_normal_transaction_fork.v:93` `input [C_IDAC_CODE_WIDTH - 1:0]i_amb_code_snapshot`
contracts/PPG_CONTRACT_CLOSURE_MATRIX.md,2816,C16,input,i_dc_code_snapshot,ppg_normal_transaction_fork.v:94,literal_match,94,"	input [C_IDAC_CODE_WIDTH - 1:0]i_dc_code_snapshot, // 本次颜色积分实际使用的DC抵消码",rtl/ppg_normal_transaction_fork/ppg_normal_transaction_fork.v,`ppg_normal_transaction_fork.v:94` `input [C_IDAC_CODE_WIDTH - 1:0]i_dc_code_snapshot`
contracts/PPG_CONTRACT_CLOSURE_MATRIX.md,2817,C16,input,i_amb_code_epoch,ppg_normal_transaction_fork.v:95,literal_match,95,"	input [C_CODE_EPOCH_WIDTH - 1:0]i_amb_code_epoch, // 当前AMB码快照对应的提交版本",rtl/ppg_normal_transaction_fork/ppg_normal_transaction_fork.v,`ppg_normal_transaction_fork.v:95` `input [C_CODE_EPOCH_WIDTH - 1:0]i_amb_code_epoch`
contracts/PPG_CONTRACT_CLOSURE_MATRIX.md,2818,C16,input,i_dc_code_epoch,ppg_normal_transaction_fork.v:96,literal_match,96,"	input [C_CODE_EPOCH_WIDTH - 1:0]i_dc_code_epoch, // 当前颜色DC码快照对应的提交版本",rtl/ppg_normal_transaction_fork/ppg_normal_transaction_fork.v,`ppg_normal_transaction_fork.v:96` `input [C_CODE_EPOCH_WIDTH - 1:0]i_dc_code_epoch`
contracts/PPG_CONTRACT_CLOSURE_MATRIX.md,2819,C16,output,o_normal_ready,ppg_normal_transaction_fork.v:97,literal_match,97,"	output o_normal_ready,                  // 缓存为空或旧事务本拍完全释放时允许接纳",rtl/ppg_normal_transaction_fork/ppg_normal_transaction_fork.v,`ppg_normal_transaction_fork.v:97` `output o_normal_ready`
contracts/PPG_CONTRACT_CLOSURE_MATRIX.md,2820,C16,input,i_measurement_ready,ppg_normal_transaction_fork.v:100,literal_match,100,"	input i_measurement_ready,            // overlap corrector允许消费完整NORMAL事务",rtl/ppg_normal_transaction_fork/ppg_normal_transaction_fork.v,`ppg_normal_transaction_fork.v:100` `input i_measurement_ready`
contracts/PPG_CONTRACT_CLOSURE_MATRIX.md,2821,C16,output,o_measurement_valid,ppg_normal_transaction_fork.v:101,literal_match,101,"	output o_measurement_valid,           // 测量分支尚未消费当前缓存事务的保持型valid",rtl/ppg_normal_transaction_fork/ppg_normal_transaction_fork.v,`ppg_normal_transaction_fork.v:101` `output o_measurement_valid`
contracts/PPG_CONTRACT_CLOSURE_MATRIX.md,2822,C16,output,o_measurement_calibrated_s1_value,ppg_normal_transaction_fork.v:104,literal_match,104,"	output signed [11:0]o_measurement_calibrated_s1_value, // 向测量链提供正式Stage1校准残差",rtl/ppg_normal_transaction_fork/ppg_normal_transaction_fork.v,`ppg_normal_transaction_fork.v:104` `output signed [11:0]o_measurement_calibrated_s1_value`
contracts/PPG_CONTRACT_CLOSURE_MATRIX.md,2823,C16,output,o_measurement_calibration_applied,ppg_normal_transaction_fork.v:105,literal_match,105,"	output o_measurement_calibration_applied, // 向后续重构链传递Stage1校准资格",rtl/ppg_normal_transaction_fork/ppg_normal_transaction_fork.v,`ppg_normal_transaction_fork.v:105` `output o_measurement_calibration_applied`
contracts/PPG_CONTRACT_CLOSURE_MATRIX.md,2824,C16,output,o_measurement_saturation_low,ppg_normal_transaction_fork.v:106,literal_match,106,"	output o_measurement_saturation_low,  // 保留当前校准值的负向饱和状态",rtl/ppg_normal_transaction_fork/ppg_normal_transaction_fork.v,`ppg_normal_transaction_fork.v:106` `output o_measurement_saturation_low`
contracts/PPG_CONTRACT_CLOSURE_MATRIX.md,2825,C16,output,o_measurement_saturation_high,ppg_normal_transaction_fork.v:107,literal_match,107,"	output o_measurement_saturation_high, // 保留当前校准值的正向饱和状态",rtl/ppg_normal_transaction_fork/ppg_normal_transaction_fork.v,`ppg_normal_transaction_fork.v:107` `output o_measurement_saturation_high`
contracts/PPG_CONTRACT_CLOSURE_MATRIX.md,2826,C16,output,o_measurement_config_epoch,ppg_normal_transaction_fork.v:108,literal_match,108,"	output [C_CONFIG_EPOCH_WIDTH - 1:0]o_measurement_config_epoch, // 测量结果对应的ACTIVE配置版本",rtl/ppg_normal_transaction_fork/ppg_normal_transaction_fork.v,`ppg_normal_transaction_fork.v:108` `output [C_CONFIG_EPOCH_WIDTH - 1:0]o_measurement_config_epoch`
contracts/PPG_CONTRACT_CLOSURE_MATRIX.md,2827,C16,output,o_measurement_coef_epoch,ppg_normal_transaction_fork.v:109,literal_match,109,"	output [C_COEF_EPOCH_WIDTH - 1:0]o_measurement_coef_epoch, // 测量结果对应的Stage1系数版本",rtl/ppg_normal_transaction_fork/ppg_normal_transaction_fork.v,`ppg_normal_transaction_fork.v:109` `output [C_COEF_EPOCH_WIDTH - 1:0]o_measurement_coef_epoch`
contracts/PPG_CONTRACT_CLOSURE_MATRIX.md,2828,C16,output,o_measurement_detect_code,ppg_normal_transaction_fork.v:110,literal_match,110,"	output [8:0]o_measurement_detect_code, // 供黄金比较使用的固定9-bit检测结果",rtl/ppg_normal_transaction_fork/ppg_normal_transaction_fork.v,`ppg_normal_transaction_fork.v:110` `output [8:0]o_measurement_detect_code`
contracts/PPG_CONTRACT_CLOSURE_MATRIX.md,2829,C16,output,o_measurement_stage1_raw,ppg_normal_transaction_fork.v:111,literal_match,111,"	output [9:0]o_measurement_stage1_raw, // 供重构和测试导出的Stage1物理码",rtl/ppg_normal_transaction_fork/ppg_normal_transaction_fork.v,`ppg_normal_transaction_fork.v:111` `output [9:0]o_measurement_stage1_raw`
contracts/PPG_CONTRACT_CLOSURE_MATRIX.md,2830,C16,output,o_measurement_stage1_code_ext,ppg_normal_transaction_fork.v:112,literal_match,112,"	output signed [10:0]o_measurement_stage1_code_ext, // 供标称重构使用的未钳位D1_EXT",rtl/ppg_normal_transaction_fork/ppg_normal_transaction_fork.v,`ppg_normal_transaction_fork.v:112` `output signed [10:0]o_measurement_stage1_code_ext`
contracts/PPG_CONTRACT_CLOSURE_MATRIX.md,2831,C16,output,o_measurement_stage2_raw,ppg_normal_transaction_fork.v:113,literal_match,113,"	output [9:0]o_measurement_stage2_raw, // 高精度重构所需的Stage2物理码",rtl/ppg_normal_transaction_fork/ppg_normal_transaction_fork.v,`ppg_normal_transaction_fork.v:113` `output [9:0]o_measurement_stage2_raw`
contracts/PPG_CONTRACT_CLOSURE_MATRIX.md,2832,C16,output,o_measurement_precision_mode,ppg_normal_transaction_fork.v:114,literal_match,114,"	output o_measurement_precision_mode,  // 决定测量事务采用粗精度或精细精度",rtl/ppg_normal_transaction_fork/ppg_normal_transaction_fork.v,`ppg_normal_transaction_fork.v:114` `output o_measurement_precision_mode`
contracts/PPG_CONTRACT_CLOSURE_MATRIX.md,2833,C16,output,o_measurement_frame_id,ppg_normal_transaction_fork.v:115,literal_match,115,"	output [C_FRAME_ID_WIDTH - 1:0]o_measurement_frame_id, // 保持R/IR配对所需的帧编号",rtl/ppg_normal_transaction_fork/ppg_normal_transaction_fork.v,`ppg_normal_transaction_fork.v:115` `output [C_FRAME_ID_WIDTH - 1:0]o_measurement_frame_id`
contracts/PPG_CONTRACT_CLOSURE_MATRIX.md,2834,C16,output,o_measurement_sample_index,ppg_normal_transaction_fork.v:116,literal_match,116,"	output [C_SAMPLE_INDEX_WIDTH - 1:0]o_measurement_sample_index, // 保持测量结果的全局顺序",rtl/ppg_normal_transaction_fork/ppg_normal_transaction_fork.v,`ppg_normal_transaction_fork.v:116` `output [C_SAMPLE_INDEX_WIDTH - 1:0]o_measurement_sample_index`
contracts/PPG_CONTRACT_CLOSURE_MATRIX.md,2835,C16,output,o_measurement_color_ir,ppg_normal_transaction_fork.v:117,literal_match,117,"	output o_measurement_color_ir,        // 指示测量载荷属于红光或红外",rtl/ppg_normal_transaction_fork/ppg_normal_transaction_fork.v,`ppg_normal_transaction_fork.v:117` `output o_measurement_color_ir`
contracts/PPG_CONTRACT_CLOSURE_MATRIX.md,2836,C16,output,o_measurement_frame_type,ppg_normal_transaction_fork.v:118,literal_match,118,"	output [1:0]o_measurement_frame_type, // 保留NORMAL编码供下游协议诊断",rtl/ppg_normal_transaction_fork/ppg_normal_transaction_fork.v,`ppg_normal_transaction_fork.v:118` `output [1:0]o_measurement_frame_type`
contracts/PPG_CONTRACT_CLOSURE_MATRIX.md,2837,C16,output,o_measurement_amb_code_snapshot,ppg_normal_transaction_fork.v:119,literal_match,119,"	output [C_IDAC_CODE_WIDTH - 1:0]o_measurement_amb_code_snapshot, // 绑定结果产生时的AMB实际码",rtl/ppg_normal_transaction_fork/ppg_normal_transaction_fork.v,`ppg_normal_transaction_fork.v:119` `output [C_IDAC_CODE_WIDTH - 1:0]o_measurement_amb_code_snapshot`
contracts/PPG_CONTRACT_CLOSURE_MATRIX.md,2838,C16,output,o_measurement_dc_code_snapshot,ppg_normal_transaction_fork.v:120,literal_match,120,"	output [C_IDAC_CODE_WIDTH - 1:0]o_measurement_dc_code_snapshot, // 绑定结果产生时的当前颜色DC码",rtl/ppg_normal_transaction_fork/ppg_normal_transaction_fork.v,`ppg_normal_transaction_fork.v:120` `output [C_IDAC_CODE_WIDTH - 1:0]o_measurement_dc_code_snapshot`
contracts/PPG_CONTRACT_CLOSURE_MATRIX.md,2839,C16,output,o_measurement_amb_code_epoch,ppg_normal_transaction_fork.v:121,literal_match,121,"	output [C_CODE_EPOCH_WIDTH - 1:0]o_measurement_amb_code_epoch, // 传递AMB调码前后的版本标签",rtl/ppg_normal_transaction_fork/ppg_normal_transaction_fork.v,`ppg_normal_transaction_fork.v:121` `output [C_CODE_EPOCH_WIDTH - 1:0]o_measurement_amb_code_epoch`
contracts/PPG_CONTRACT_CLOSURE_MATRIX.md,2840,C16,output,o_measurement_dc_code_epoch,ppg_normal_transaction_fork.v:122,literal_match,122,"	output [C_CODE_EPOCH_WIDTH - 1:0]o_measurement_dc_code_epoch, // 传递当前颜色DC码的版本标签",rtl/ppg_normal_transaction_fork/ppg_normal_transaction_fork.v,`ppg_normal_transaction_fork.v:122` `output [C_CODE_EPOCH_WIDTH - 1:0]o_measurement_dc_code_epoch`
contracts/PPG_CONTRACT_CLOSURE_MATRIX.md,2841,C16,output,o_measurement_run_generation,ppg_normal_transaction_fork.v:123,literal_match,123,"	output [C_RUN_GENERATION_WIDTH - 1:0]o_measurement_run_generation, // 测量分支pending所属的保持型RUN代际",rtl/ppg_normal_transaction_fork/ppg_normal_transaction_fork.v,`ppg_normal_transaction_fork.v:123` `output [C_RUN_GENERATION_WIDTH - 1:0]o_measurement_run_generation`
contracts/PPG_CONTRACT_CLOSURE_MATRIX.md,2842,C16,input,i_track_ready,ppg_normal_transaction_fork.v:126,literal_match,126,"	input i_track_ready,                  // IDAC控制器允许接收当前慢速跟踪观察事务",rtl/ppg_normal_transaction_fork/ppg_normal_transaction_fork.v,`ppg_normal_transaction_fork.v:126` `input i_track_ready`
contracts/PPG_CONTRACT_CLOSURE_MATRIX.md,2843,C16,output,o_track_valid,ppg_normal_transaction_fork.v:127,literal_match,127,"	output o_track_valid,                 // 跟踪分支尚未消费当前缓存事务的保持型valid",rtl/ppg_normal_transaction_fork/ppg_normal_transaction_fork.v,`ppg_normal_transaction_fork.v:127` `output o_track_valid`
contracts/PPG_CONTRACT_CLOSURE_MATRIX.md,2844,C16,output,o_track_calibrated_s1_value,ppg_normal_transaction_fork.v:128,literal_match,128,"	output signed [11:0]o_track_calibrated_s1_value, // IDAC窗口比较使用的唯一主数值",rtl/ppg_normal_transaction_fork/ppg_normal_transaction_fork.v,`ppg_normal_transaction_fork.v:128` `output signed [11:0]o_track_calibrated_s1_value`
contracts/PPG_CONTRACT_CLOSURE_MATRIX.md,2845,C16,output,o_track_calibration_applied,ppg_normal_transaction_fork.v:129,literal_match,129,"	output o_track_calibration_applied,   // 指示跟踪残差是否具备正式校准资格",rtl/ppg_normal_transaction_fork/ppg_normal_transaction_fork.v,`ppg_normal_transaction_fork.v:129` `output o_track_calibration_applied`
contracts/PPG_CONTRACT_CLOSURE_MATRIX.md,2846,C16,output,o_track_saturation_low,ppg_normal_transaction_fork.v:130,literal_match,130,"	output o_track_saturation_low,        // 为IDAC比较器给出明确的低侧越界方向",rtl/ppg_normal_transaction_fork/ppg_normal_transaction_fork.v,`ppg_normal_transaction_fork.v:130` `output o_track_saturation_low`
contracts/PPG_CONTRACT_CLOSURE_MATRIX.md,2847,C16,output,o_track_saturation_high,ppg_normal_transaction_fork.v:131,literal_match,131,"	output o_track_saturation_high,       // 为IDAC比较器给出明确的高侧越界方向",rtl/ppg_normal_transaction_fork/ppg_normal_transaction_fork.v,`ppg_normal_transaction_fork.v:131` `output o_track_saturation_high`
contracts/PPG_CONTRACT_CLOSURE_MATRIX.md,2848,C16,output,o_track_config_epoch,ppg_normal_transaction_fork.v:132,literal_match,132,"	output [C_CONFIG_EPOCH_WIDTH - 1:0]o_track_config_epoch, // 校验事务是否属于当前ACTIVE配置",rtl/ppg_normal_transaction_fork/ppg_normal_transaction_fork.v,`ppg_normal_transaction_fork.v:132` `output [C_CONFIG_EPOCH_WIDTH - 1:0]o_track_config_epoch`
contracts/PPG_CONTRACT_CLOSURE_MATRIX.md,2849,C16,output,o_track_coef_epoch,ppg_normal_transaction_fork.v:133,literal_match,133,"	output [C_COEF_EPOCH_WIDTH - 1:0]o_track_coef_epoch, // 记录本笔跟踪样本使用的Stage1系数组",rtl/ppg_normal_transaction_fork/ppg_normal_transaction_fork.v,`ppg_normal_transaction_fork.v:133` `output [C_COEF_EPOCH_WIDTH - 1:0]o_track_coef_epoch`
contracts/PPG_CONTRACT_CLOSURE_MATRIX.md,2850,C16,output,o_track_precision_mode,ppg_normal_transaction_fork.v:134,literal_match,134,"	output o_track_precision_mode,        // 保留9/15-bit身份但不分裂IDAC控制状态",rtl/ppg_normal_transaction_fork/ppg_normal_transaction_fork.v,`ppg_normal_transaction_fork.v:134` `output o_track_precision_mode`
contracts/PPG_CONTRACT_CLOSURE_MATRIX.md,2851,C16,output,o_track_frame_id,ppg_normal_transaction_fork.v:135,literal_match,135,"	output [C_FRAME_ID_WIDTH - 1:0]o_track_frame_id, // 跟踪诊断使用的R/IR共享帧编号",rtl/ppg_normal_transaction_fork/ppg_normal_transaction_fork.v,`ppg_normal_transaction_fork.v:135` `output [C_FRAME_ID_WIDTH - 1:0]o_track_frame_id`
contracts/PPG_CONTRACT_CLOSURE_MATRIX.md,2852,C16,output,o_track_sample_index,ppg_normal_transaction_fork.v:136,literal_match,136,"	output [C_SAMPLE_INDEX_WIDTH - 1:0]o_track_sample_index, // 检查单次消费和样本顺序的编号",rtl/ppg_normal_transaction_fork/ppg_normal_transaction_fork.v,`ppg_normal_transaction_fork.v:136` `output [C_SAMPLE_INDEX_WIDTH - 1:0]o_track_sample_index`
contracts/PPG_CONTRACT_CLOSURE_MATRIX.md,2853,C16,output,o_track_color_ir,ppg_normal_transaction_fork.v:137,literal_match,137,"	output o_track_color_ir,              // 选择DC_R或DC_IR慢速跟踪状态",rtl/ppg_normal_transaction_fork/ppg_normal_transaction_fork.v,`ppg_normal_transaction_fork.v:137` `output o_track_color_ir`
contracts/PPG_CONTRACT_CLOSURE_MATRIX.md,2854,C16,output,o_track_frame_type,ppg_normal_transaction_fork.v:138,literal_match,138,"	output [1:0]o_track_frame_type,       // 保留NORMAL编码以执行入口资格检查",rtl/ppg_normal_transaction_fork/ppg_normal_transaction_fork.v,`ppg_normal_transaction_fork.v:138` `output [1:0]o_track_frame_type`
contracts/PPG_CONTRACT_CLOSURE_MATRIX.md,2855,C16,output,o_track_amb_code_snapshot,ppg_normal_transaction_fork.v:139,literal_match,139,"	output [C_IDAC_CODE_WIDTH - 1:0]o_track_amb_code_snapshot, // 追踪该样本观察到的AMB committed码",rtl/ppg_normal_transaction_fork/ppg_normal_transaction_fork.v,`ppg_normal_transaction_fork.v:139` `output [C_IDAC_CODE_WIDTH - 1:0]o_track_amb_code_snapshot`
contracts/PPG_CONTRACT_CLOSURE_MATRIX.md,2856,C16,output,o_track_dc_code_snapshot,ppg_normal_transaction_fork.v:140,literal_match,140,"	output [C_IDAC_CODE_WIDTH - 1:0]o_track_dc_code_snapshot, // 比较样本码快照与选中DC状态",rtl/ppg_normal_transaction_fork/ppg_normal_transaction_fork.v,`ppg_normal_transaction_fork.v:140` `output [C_IDAC_CODE_WIDTH - 1:0]o_track_dc_code_snapshot`
contracts/PPG_CONTRACT_CLOSURE_MATRIX.md,2857,C16,output,o_track_amb_code_epoch,ppg_normal_transaction_fork.v:141,literal_match,141,"	output [C_CODE_EPOCH_WIDTH - 1:0]o_track_amb_code_epoch, // 记录环境光抵消码的提交代号",rtl/ppg_normal_transaction_fork/ppg_normal_transaction_fork.v,`ppg_normal_transaction_fork.v:141` `output [C_CODE_EPOCH_WIDTH - 1:0]o_track_amb_code_epoch`
contracts/PPG_CONTRACT_CLOSURE_MATRIX.md,2858,C16,output,o_track_dc_code_epoch,ppg_normal_transaction_fork.v:142,literal_match,142,"	output [C_CODE_EPOCH_WIDTH - 1:0]o_track_dc_code_epoch, // 拒绝旧DC码样本所需的版本代号",rtl/ppg_normal_transaction_fork/ppg_normal_transaction_fork.v,`ppg_normal_transaction_fork.v:142` `output [C_CODE_EPOCH_WIDTH - 1:0]o_track_dc_code_epoch`
contracts/PPG_CONTRACT_CLOSURE_MATRIX.md,2859,C16,output,o_tracking_run_generation,ppg_normal_transaction_fork.v:143,literal_match,143,"	output [C_RUN_GENERATION_WIDTH - 1:0]o_tracking_run_generation, // 跟踪分支pending所属的保持型RUN代际",rtl/ppg_normal_transaction_fork/ppg_normal_transaction_fork.v,`ppg_normal_transaction_fork.v:143` `output [C_RUN_GENERATION_WIDTH - 1:0]o_tracking_run_generation`
contracts/PPG_CONTRACT_CLOSURE_MATRIX.md,2860,C16,output,o_local_empty,ppg_normal_transaction_fork.v:146,literal_match,146,	output o_local_empty                        // 测量与跟踪两个分支均无pending时为高，唯一消费者AMI,rtl/ppg_normal_transaction_fork/ppg_normal_transaction_fork.v,`ppg_normal_transaction_fork.v:146` `output o_local_empty`
